time,contralateral_sh_el_deg,sh_el_deg,stim_curr
0.00240,0.004,12.277,0.00
0.01606,0.022,12.291,0.00
0.02621,0.039,12.307,0.00
0.03671,0.039,12.329,0.00
0.04731,0.056,12.329,0.00
0.05754,0.068,12.350,0.00
0.06792,0.068,12.350,0.00
0.07810,0.074,12.377,0.00
0.08825,0.074,12.377,0.00
0.09854,0.085,12.407,0.00
0.10870,0.085,12.407,0.00
0.11909,0.096,12.427,0.00
0.13252,0.108,12.455,0.00
0.14324,0.108,12.455,0.00
0.15561,0.108,12.455,0.00
0.16577,0.117,12.480,0.00
0.17778,0.124,12.504,0.00
0.18794,0.124,12.504,0.00
0.19810,0.131,12.531,0.00
0.20835,0.131,12.531,0.00
0.21851,0.140,12.550,0.00
0.22868,0.140,12.550,0.00
0.23885,0.150,12.564,0.00
0.24901,0.150,12.564,0.00
0.25916,0.153,12.580,0.00
0.26933,0.153,12.580,0.00
0.27976,0.155,12.597,0.00
0.29001,0.155,12.597,0.00
0.30017,0.156,12.615,0.00
0.31055,0.156,12.615,0.00
0.32078,0.156,12.631,0.00
0.33111,0.156,12.631,0.00
0.34281,0.161,12.647,0.00
0.35457,0.171,12.664,0.00
0.36505,0.171,12.664,0.00
0.37541,0.180,12.681,0.00
0.38557,0.180,12.681,0.00
0.39572,0.180,12.681,0.00
0.40619,0.186,12.696,0.00
0.41637,0.186,12.696,0.00
0.42660,0.186,12.696,0.00
0.43678,0.194,12.719,0.00
0.44707,0.199,12.719,0.00
0.45725,0.206,12.719,0.00
0.46750,0.206,12.727,0.00
0.47774,0.206,12.727,0.00
0.48790,0.213,12.735,0.00
0.49807,0.220,12.744,0.00
0.50908,0.220,12.744,0.00
0.51923,0.221,12.744,0.00
0.52940,0.218,12.753,0.00
0.54222,0.218,12.760,0.00
0.55459,0.218,12.773,0.00
0.56484,0.217,12.773,0.00
0.57696,0.222,12.787,0.00
0.58729,0.222,12.787,0.00
0.59930,0.228,12.804,0.00
0.61053,0.228,12.804,0.00
0.62281,0.232,12.804,0.00
0.63303,0.232,12.819,0.00
0.64320,0.238,12.832,0.00
0.65335,0.238,12.832,0.00
0.66352,0.238,12.832,0.00
0.67368,0.238,12.838,0.00
0.68548,0.235,12.845,0.00
0.69837,0.237,12.855,0.00
0.70854,0.237,12.855,0.00
0.71870,0.239,12.859,0.00
0.72887,0.239,12.859,0.00
0.74068,0.242,12.862,0.00
0.75086,0.242,12.862,0.00
0.76102,0.242,12.862,0.00
0.77136,0.246,12.863,0.00
0.78154,0.248,12.859,0.00
0.79169,0.248,12.859,0.00
0.80186,0.250,12.859,0.00
0.81203,0.250,12.859,0.00
0.82220,0.250,12.860,0.00
0.83237,0.249,12.860,0.00
0.84253,0.249,12.860,0.00
0.85284,0.248,12.862,0.00
0.86322,0.248,12.862,0.00
0.87358,0.248,12.862,0.00
0.88356,0.248,12.866,0.00
0.89372,0.248,12.866,0.00
0.90391,0.247,12.868,0.00
0.91410,0.247,12.868,0.00
0.92428,0.244,12.868,0.00
0.93445,0.244,12.868,0.00
0.94461,0.241,12.869,0.00
0.95480,0.241,12.869,0.00
0.96498,0.234,12.868,0.00
0.97514,0.234,12.868,0.00
0.98553,0.225,12.865,0.00
0.99569,0.225,12.865,0.00
1.00584,0.221,12.864,0.00
1.01660,0.219,12.868,0.00
1.02676,0.219,12.868,0.00
1.03720,0.217,12.869,0.00
1.04736,0.217,12.869,0.00
1.05773,0.214,12.869,0.00
1.07019,0.214,12.869,0.00
1.08035,0.212,12.871,0.00
1.09168,0.212,12.871,0.00
1.10181,0.211,12.872,0.00
1.11196,0.211,12.872,0.00
1.12268,0.205,12.869,0.00
1.13364,0.205,12.869,0.00
1.14398,0.197,12.866,0.00
1.15475,0.193,12.861,0.00
1.16491,0.193,12.861,0.00
1.17519,0.199,12.857,0.00
1.18534,0.199,12.857,0.00
1.19549,0.200,12.850,0.00
1.20563,0.200,12.850,0.00
1.21583,0.196,12.845,0.00
1.22599,0.196,12.845,0.00
1.23630,0.196,12.845,0.00
1.24655,0.190,12.840,0.00
1.25680,0.186,12.830,0.00
1.26716,0.186,12.830,0.00
1.27736,0.178,12.820,0.00
1.28779,0.178,12.820,0.00
1.29811,0.170,12.816,0.00
1.30845,0.170,12.816,0.00
1.31862,0.162,12.810,0.00
1.32881,0.162,12.810,0.00
1.33907,0.162,12.807,0.00
1.34922,0.158,12.807,0.00
1.35938,0.158,12.810,0.00
1.36954,0.158,12.810,0.00
1.37970,0.154,12.804,0.00
1.38985,0.154,12.804,0.00
1.40005,0.148,12.798,0.00
1.41020,0.148,12.798,0.00
1.42053,0.143,12.794,0.00
1.43082,0.143,12.794,0.00
1.44112,0.143,12.791,0.00
1.45145,0.143,12.791,0.00
1.46185,0.144,12.789,0.00
1.47261,0.144,12.789,0.00
1.48281,0.143,12.786,0.00
1.49298,0.143,12.786,0.00
1.50313,0.137,12.776,0.00
1.51328,0.137,12.765,0.00
1.52344,0.133,12.765,0.00
1.53360,0.133,12.765,0.00
1.54375,0.132,12.760,0.00
1.55390,0.132,12.760,0.00
1.56444,0.132,12.753,0.00
1.57519,0.132,12.753,0.00
1.58487,0.134,12.744,0.00
1.59510,0.136,12.744,0.00
1.60526,0.136,12.739,0.00
1.61547,0.136,12.739,0.00
1.62579,0.136,12.736,0.00
1.63610,0.136,12.734,0.00
1.64632,0.136,12.734,0.00
1.65647,0.138,12.731,0.00
1.66681,0.138,12.731,0.00
1.67706,0.141,12.730,0.00
1.68730,0.141,12.730,0.00
1.69747,0.138,12.726,0.00
1.70787,0.138,12.726,0.00
1.71803,0.127,12.721,0.00
1.72818,0.127,12.721,0.00
1.73846,0.115,12.719,0.00
1.74889,0.115,12.719,0.00
1.75906,0.112,12.715,0.00
1.76951,0.112,12.715,0.00
1.77980,0.113,12.715,0.00
1.79010,0.113,12.715,0.00
1.80057,0.113,12.715,0.00
1.81119,0.111,12.715,0.00
1.82140,0.109,12.717,0.00
1.83166,0.109,12.717,0.00
1.84212,0.109,12.717,0.00
1.85290,0.109,12.717,0.00
1.86307,0.110,12.712,0.00
1.87322,0.109,12.712,0.00
1.88344,0.109,12.712,0.00
1.89383,0.109,12.712,0.00
1.90423,0.119,12.712,0.00
1.91532,0.119,12.712,0.00
1.92547,0.135,12.708,0.00
1.93581,0.143,12.707,0.00
1.94599,0.143,12.707,0.00
1.95616,0.112,12.700,0.00
1.96632,0.112,12.700,0.00
1.97658,0.112,12.691,0.00
1.98678,0.112,12.691,0.00
1.99696,0.150,12.686,0.00
2.00720,0.150,12.686,0.00
2.01735,0.196,12.682,0.00
2.02757,0.196,12.682,0.00
2.03773,0.213,12.680,0.00
2.04875,0.213,12.680,0.00
2.05922,0.213,12.680,0.00
2.06924,0.324,12.680,0.00
2.07940,0.479,12.683,0.00
2.08972,0.479,12.683,0.00
2.10040,0.726,12.685,0.00
2.11055,0.726,12.685,0.00
2.12084,1.045,12.686,0.00
2.13104,1.045,12.692,0.00
2.14119,1.594,12.692,0.00
2.15135,1.594,12.692,0.00
2.16160,2.345,12.697,0.00
2.17186,2.345,12.697,0.00
2.18217,3.220,12.706,0.00
2.19231,3.220,12.706,0.00
2.20258,4.180,12.717,0.00
2.21273,5.493,12.731,0.00
2.22287,5.493,12.731,0.00
2.23302,7.311,12.748,0.00
2.24315,7.311,12.748,0.00
2.25519,7.311,12.748,0.00
2.26546,9.459,12.766,0.00
2.27563,11.905,12.766,0.00
2.28579,11.905,12.785,0.00
2.29599,11.905,12.785,0.00
2.32027,14.777,12.785,0.00
2.33065,17.848,12.838,0.00
2.35215,21.060,12.872,9.00
2.36234,24.153,12.901,9.00
2.38427,24.153,12.931,9.00
2.39480,27.091,12.931,9.00
2.41906,29.842,12.966,9.00
2.42938,32.222,12.981,9.00
2.44897,34.128,12.976,9.00
2.45922,35.806,12.976,9.00
2.48386,37.342,12.941,9.00
2.49404,37.342,12.941,9.00
2.50442,37.342,12.941,9.00
2.51472,38.567,12.910,9.00
2.52487,39.134,12.857,9.00
2.53520,39.134,12.857,9.00
2.54535,38.994,12.773,9.50
2.55551,38.994,12.773,9.50
2.56569,38.320,12.690,9.50
2.57619,38.320,12.690,9.50
2.58635,37.377,12.580,9.50
2.59655,36.179,12.341,9.50
2.62668,36.179,12.341,9.50
2.63689,34.614,12.012,9.50
2.65632,32.762,11.725,10.00
2.66651,30.923,11.499,10.00
2.68880,28.805,11.312,10.50
2.69908,26.326,11.156,10.50
2.72113,23.669,11.073,11.00
2.73159,23.669,11.073,11.00
2.74185,20.739,11.045,11.00
2.75233,20.739,11.045,11.50
2.76271,17.639,11.072,11.50
2.77339,17.639,11.072,11.50
2.78426,17.639,11.127,12.50
2.79444,14.651,11.127,12.50
2.80461,11.853,11.161,12.50
2.81647,9.134,11.161,13.50
2.82664,9.134,11.198,13.50
2.83756,6.889,11.241,13.50
2.85017,6.889,11.241,14.50
2.86033,4.532,11.241,14.50
2.87068,4.532,11.267,14.50
2.89621,2.426,11.295,15.50
2.90654,0.809,11.325,15.50
2.93170,-0.329,11.348,17.00
2.94186,-0.632,11.300,17.00
2.96086,-0.508,11.198,18.00
2.97161,-0.508,11.198,18.00
2.99400,-0.711,10.947,18.50
3.00413,-0.711,10.947,18.50
3.01430,-0.711,10.947,18.50
3.02492,-1.016,10.708,19.50
3.03512,-1.111,10.428,19.50
3.04550,-1.111,10.428,19.50
3.05991,-1.111,10.428,20.00
3.07013,-1.008,10.089,20.00
3.08109,-1.008,10.089,20.00
3.09174,-0.871,9.757,20.00
3.10187,-0.687,9.370,20.00
3.11203,-0.513,8.957,20.00
3.13734,-0.513,8.957,20.50
3.14758,-0.433,8.452,20.50
3.16810,-0.433,8.452,20.50
3.17844,-0.365,7.292,20.50
3.20027,-0.365,6.726,20.50
3.21061,-0.370,6.726,20.50
3.23226,-0.370,6.726,21.00
3.24244,-0.457,5.643,21.00
3.25261,-0.567,5.643,21.00
3.26436,-0.567,5.195,21.00
3.27466,-0.567,5.195,21.00
3.28561,-0.704,4.859,21.00
3.29688,-0.824,4.661,21.00
3.30740,-0.824,4.661,21.00
3.31755,-0.824,4.661,21.00
3.33240,-0.929,4.675,21.00
3.34355,-1.013,4.861,21.00
3.35371,-1.013,4.861,21.00
3.36391,-1.071,5.209,21.00
3.37406,-1.071,5.209,21.00
3.38422,-1.109,5.785,21.00
3.39439,-1.109,5.785,21.00
3.40455,-1.129,6.537,21.00
3.41471,-1.124,7.368,21.00
3.42486,-1.124,7.368,21.00
3.43534,-1.089,8.287,21.00
3.44550,-1.089,8.287,21.00
3.47241,-1.089,9.435,21.00
3.48260,-1.049,10.303,21.00
3.50439,-1.070,11.780,21.00
3.51461,-1.087,12.970,21.00
3.53693,-1.094,14.064,21.00
3.54725,-1.094,14.064,21.00
3.55763,-1.098,15.112,21.00
3.56846,-1.098,15.112,21.00
3.57866,-1.102,16.115,21.00
3.58886,-1.102,16.115,21.00
3.60079,-1.105,17.060,21.00
3.61164,-1.105,17.927,21.00
3.62185,-1.104,17.927,21.00
3.63250,-1.100,17.927,21.00
3.64269,-1.100,18.736,21.00
3.65284,-1.100,19.511,21.00
3.66453,-1.094,19.511,21.00
3.67466,-1.094,19.511,21.00
3.68484,-1.088,20.111,21.00
3.69738,-1.085,20.632,21.00
3.70789,-1.085,20.632,21.00
3.71811,-1.086,21.033,21.00
3.74418,-1.086,21.033,21.00
3.75437,-1.089,21.399,21.00
3.77632,-1.095,21.895,21.00
3.78662,-1.101,21.895,21.00
3.79704,-1.109,22.128,0.00
3.80753,-1.109,22.128,0.00
3.81780,-1.115,22.320,0.00
3.82801,-1.115,22.320,0.00
3.83817,-1.122,22.511,0.00
3.84845,-1.122,22.511,0.00
3.85866,-1.127,22.630,0.00
3.86886,-1.127,22.630,0.00
3.87902,-1.129,22.735,0.00
3.88917,-1.129,22.735,0.00
3.89936,-1.129,22.735,0.00
3.90965,-1.129,22.735,0.00
3.91981,-1.130,22.796,0.00
3.92996,-1.130,22.796,0.00
3.94012,-1.127,22.855,0.00
3.95072,-1.121,22.865,0.00
3.96112,-1.121,22.865,0.00
3.97140,-1.121,22.824,0.00
3.98165,-1.071,22.793,0.00
3.99211,-1.071,22.793,0.00
4.00255,-1.023,22.706,0.00
4.01295,-0.978,22.627,0.00
4.02354,-0.978,22.627,0.00
4.03395,-0.950,22.534,0.00
4.04429,-0.950,22.534,0.00
4.05657,-0.950,22.422,0.00
4.06667,-0.929,22.422,0.00
4.07683,-0.920,22.214,0.00
4.08699,-0.920,22.214,0.00
4.09761,-0.920,22.214,0.00
4.10777,-0.910,21.876,0.00
4.11793,-0.880,21.366,0.00
4.12809,-0.880,21.366,0.00
4.13825,-0.880,21.366,0.00
4.14840,-0.851,20.834,0.00
4.15856,-0.854,20.266,0.00
4.16892,-0.854,20.266,0.00
4.17908,-0.875,19.741,0.00
4.19138,-0.875,19.741,0.00
4.20154,-0.893,19.157,0.00
4.21170,-0.893,19.157,0.00
4.22185,-0.907,18.488,0.00
4.23201,-0.907,17.712,0.00
4.24218,-0.904,17.712,0.00
4.25236,-0.904,17.712,0.00
4.26252,-0.874,16.804,0.00
4.27266,-0.827,15.829,0.00
4.28282,-0.827,15.829,0.00
4.29298,-0.768,14.846,0.00
4.30313,-0.768,14.846,0.00
4.31345,-0.692,13.736,0.00
4.32379,-0.692,13.736,0.00
4.33420,-0.641,12.904,0.00
4.34436,-0.641,12.904,0.00
4.35456,-0.633,12.904,0.00
4.36472,-0.633,12.299,0.00
4.37508,-0.633,12.299,0.00
4.38542,-0.626,11.838,0.00
4.39580,-0.637,11.838,0.00
4.40613,-0.637,11.574,0.00
4.41629,-0.674,11.582,0.00
4.42645,-0.674,11.582,0.00
4.43661,-0.736,11.950,0.00
4.44677,-0.736,11.950,0.00
4.45695,-0.789,12.770,0.00
4.46718,-0.789,12.770,0.00
4.47734,-0.824,14.222,0.00
4.48750,-0.824,14.222,0.00
4.49766,-0.840,15.613,0.00
4.50781,-0.840,15.613,0.00
4.51795,-0.835,15.613,0.00
4.52817,-0.835,16.452,0.00
4.53834,-0.814,16.332,0.00
4.54855,-0.814,16.332,0.00
4.55924,-0.794,15.845,0.00
4.56942,-0.794,15.845,0.00
4.57958,-0.760,15.563,0.00
4.58973,-0.760,15.563,0.00
4.59989,-0.707,15.564,0.00
4.61009,-0.707,15.564,0.00
4.62020,-0.641,15.380,0.00
4.63036,-0.641,15.380,0.00
4.64067,-0.570,15.067,0.00
4.65139,-0.570,15.067,0.00
4.66155,-0.495,14.820,0.00
4.67175,-0.495,14.711,0.00
4.68192,-0.437,14.711,0.00
4.69209,-0.437,14.711,0.00
4.70225,-0.404,14.738,0.00
4.71241,-0.404,14.738,0.00
4.72256,-0.393,14.832,0.00
4.73272,-0.393,14.832,0.00
4.74287,-0.396,14.836,0.00
4.75302,-0.396,14.836,0.00
4.76320,-0.422,14.778,0.00
4.77352,-0.471,14.778,0.00
4.78390,-0.471,14.759,0.00
4.79420,-0.523,14.821,0.00
4.80453,-0.523,14.821,0.00
4.81486,-0.564,14.821,0.00
4.82519,-0.564,14.921,0.00
4.83536,-0.589,15.037,0.00
4.84557,-0.589,15.037,0.00
4.85602,-0.589,15.037,0.00
4.86640,-0.589,15.037,0.00
4.87659,-0.617,15.153,0.00
4.88680,-0.617,15.153,0.00
4.89706,-0.618,15.277,0.00
4.90727,-0.618,15.277,0.00
4.91762,-0.618,15.277,0.00
4.92779,-0.616,15.398,0.00
4.93806,-0.593,15.517,0.00
4.94848,-0.593,15.517,0.00
4.95869,-0.573,15.667,0.00
4.96894,-0.573,15.667,0.00
4.97914,-0.543,15.838,0.00
4.99026,-0.543,15.838,0.00
5.00062,-0.517,15.824,0.00
5.01079,-0.517,15.646,0.00
5.02105,-0.486,15.646,0.00
5.03124,-0.486,15.646,0.00
5.04153,-0.448,15.485,0.00
5.05169,-0.448,15.485,0.00
5.06187,-0.448,15.351,0.00
5.07203,-0.412,15.351,0.00
5.08219,-0.386,15.198,0.00
5.09235,-0.386,15.198,0.00
5.10251,-0.365,15.072,0.00
5.11267,-0.365,15.072,0.00
5.12283,-0.344,15.006,0.00
5.13299,-0.344,15.006,0.00
5.14314,-0.322,15.009,0.00
5.15330,-0.299,15.009,0.00
5.16346,-0.299,15.073,0.00
5.17366,-0.299,15.073,0.00
5.18382,-0.271,15.165,0.00
5.19398,-0.271,15.165,0.00
5.20414,-0.250,15.268,0.00
5.21430,-0.232,15.376,0.00
5.22447,-0.232,15.376,0.00
5.23463,-0.213,15.492,0.00
5.24479,-0.213,15.492,0.00
5.25521,-0.194,15.618,0.00
5.26537,-0.194,15.618,0.00
5.27575,-0.194,15.618,0.00
5.28629,-0.172,15.747,0.00
5.29670,-0.165,15.856,0.00
5.30821,-0.165,15.856,0.00
5.32529,-0.170,15.877,0.00
5.33597,-0.170,15.854,0.00
5.34740,-0.176,15.854,0.00
5.35776,-0.176,15.833,0.00
5.37328,-0.180,15.833,0.00
5.38531,-0.187,15.814,0.00
5.39545,-0.199,15.814,0.00
5.40709,-0.199,15.802,0.00
5.42175,-0.199,15.802,0.00
5.43348,-0.235,15.859,0.00
5.44369,-0.235,15.859,0.00
5.45612,-0.235,15.859,0.00
5.47148,-0.264,15.923,0.00
5.48729,-0.291,15.976,0.00
5.50315,-0.314,16.018,0.00
5.51754,-0.329,16.018,0.00
5.53332,-0.329,16.076,0.00
5.54506,-0.338,16.076,0.00
5.55523,-0.338,16.076,0.00
5.56542,-0.338,16.093,0.00
5.58113,-0.347,16.093,0.00
5.59302,-0.356,16.093,0.00
5.60640,-0.362,16.093,0.00
5.62219,-0.362,16.045,0.00
5.63355,-0.362,16.045,0.00
5.64913,-0.364,16.000,0.00
5.65929,-0.364,16.000,0.00
5.67575,-0.369,15.951,0.00
5.68674,-0.369,15.896,0.00
5.70260,-0.371,15.841,0.00
5.71287,-0.371,15.841,0.00
5.72332,-0.371,15.801,0.00
5.73591,-0.371,15.801,0.00
5.75199,-0.379,15.775,0.00
5.76244,-0.388,15.775,0.00
5.77274,-0.388,15.775,0.00
5.78448,-0.388,15.779,0.00
5.79513,-0.400,15.779,0.00
5.81162,-0.409,15.781,0.00
5.82787,-0.417,15.784,0.00
5.84412,-0.417,15.790,0.00
5.85702,-0.421,15.790,0.00
5.87311,-0.422,15.786,0.00
5.88434,-0.433,15.786,0.00
5.89483,-0.433,15.794,0.00
5.90562,-0.444,15.794,0.00
5.92602,-0.461,15.805,0.00
5.93818,-0.461,15.817,0.00
5.95148,-0.461,15.817,0.00
5.96186,-0.503,15.830,0.00
5.97227,-0.503,15.830,0.00
5.98328,-0.519,15.848,0.00
5.99358,-0.540,15.848,0.00
6.01569,-0.540,15.864,0.00
6.02586,-0.540,15.864,0.00
6.03709,-0.565,15.876,0.00
6.04792,-0.565,15.876,0.00
6.05830,-0.565,15.876,0.00
6.07855,-0.565,15.872,0.00
6.09444,-0.584,15.858,0.00
6.10536,-0.584,15.858,0.00
6.11627,-0.597,15.858,0.00
6.13252,-0.597,15.858,0.00
6.15335,-0.628,15.799,0.00
6.16408,-0.628,15.799,0.00
6.17932,-0.628,15.799,0.00
6.19228,-0.639,15.799,0.00
6.20371,-0.668,15.644,0.00
6.21387,-0.668,15.607,0.00
6.22404,-0.684,15.607,0.00
6.24352,-0.684,15.570,0.00
6.25375,-0.684,15.570,0.00
6.27564,-0.714,15.495,0.00
6.28588,-0.714,15.495,0.00
6.36136,-0.714,15.401,0.00
6.37175,-0.714,15.401,0.00
6.44491,-0.711,15.401,0.00
6.45574,-0.711,15.342,0.00
6.46652,-0.302,-0.503,0.00
6.47756,-0.305,-0.503,0.00
6.48771,-0.309,-0.499,0.00
6.49816,-0.315,-0.487,0.00
6.50832,-0.315,-0.487,0.00
6.51907,-0.317,-0.470,0.00
6.52925,-0.317,-0.470,0.00
6.53942,-0.320,-0.452,0.00
6.54956,-0.320,-0.452,0.00
6.55973,-0.320,-0.452,0.00
6.57000,-0.319,-0.439,0.00
6.58016,-0.316,-0.429,0.00
6.59031,-0.316,-0.429,0.00
6.60046,-0.316,-0.422,0.00
6.61080,-0.311,-0.416,0.00
6.62116,-0.305,-0.416,0.00
6.63141,-0.305,-0.414,0.00
6.64181,-0.299,-0.414,0.00
6.65196,-0.299,-0.414,0.00
6.66264,-0.294,-0.409,0.00
6.67283,-0.294,-0.409,0.00
6.68301,-0.288,-0.400,0.00
6.69350,-0.288,-0.400,0.00
6.70372,-0.283,-0.400,0.00
6.71390,-0.277,-0.395,0.00
6.72405,-0.277,-0.391,0.00
6.73422,-0.277,-0.391,0.00
6.74447,-0.272,-0.387,0.00
6.75473,-0.271,-0.394,0.00
6.76481,-0.271,-0.394,0.00
6.77504,-0.271,-0.401,0.00
6.78520,-0.271,-0.401,0.00
6.79536,-0.271,-0.401,0.00
6.80553,-0.274,-0.402,0.00
6.81568,-0.275,-0.406,0.00
6.82585,-0.275,-0.406,0.00
6.83601,-0.273,-0.412,0.00
6.84627,-0.273,-0.412,0.00
6.85656,-0.270,-0.423,0.00
6.86698,-0.270,-0.423,0.00
6.87736,-0.268,-0.439,0.00
6.88758,-0.268,-0.439,0.00
6.89783,-0.264,-0.454,0.00
6.90799,-0.264,-0.454,0.00
6.91839,-0.260,-0.461,0.00
6.92876,-0.260,-0.461,0.00
6.93898,-0.260,-0.461,0.00
6.94967,-0.255,-0.465,0.00
6.95996,-0.251,-0.468,0.00
6.97029,-0.251,-0.468,0.00
6.98048,-0.251,-0.470,0.00
6.99079,-0.254,-0.470,0.00
7.00105,-0.254,-0.467,0.00
7.01151,-0.263,-0.467,0.00
7.02183,-0.263,-0.464,0.00
7.03245,-0.270,-0.464,0.00
7.04262,-0.270,-0.462,0.00
7.05293,-0.271,-0.454,0.00
7.06333,-0.271,-0.454,0.00
7.07358,-0.271,-0.454,0.00
7.08375,-0.279,-0.442,0.00
7.09391,-0.284,-0.428,0.00
7.10407,-0.284,-0.428,0.00
7.11467,-0.289,-0.411,0.00
7.12498,-0.289,-0.411,0.00
7.13531,-0.289,-0.411,0.00
7.14569,-0.289,-0.393,0.00
7.15599,-0.294,-0.393,0.00
7.16615,-0.296,-0.378,0.00
7.17630,-0.300,-0.365,0.00
7.18650,-0.300,-0.365,0.00
7.19667,-0.304,-0.356,0.00
7.20682,-0.304,-0.356,0.00
7.21703,-0.308,-0.349,0.00
7.22718,-0.308,-0.349,0.00
7.23800,-0.314,-0.346,0.00
7.24817,-0.314,-0.346,0.00
7.25833,-0.322,-0.346,0.00
7.26854,-0.322,-0.346,0.00
7.27871,-0.332,-0.351,0.00
7.28971,-0.332,-0.351,0.00
7.29995,-0.338,-0.357,0.00
7.31011,-0.338,-0.357,0.00
7.32027,-0.345,-0.369,0.00
7.33053,-0.345,-0.369,0.00
7.34062,-0.352,-0.385,0.00
7.35078,-0.352,-0.402,0.00
7.36104,-0.357,-0.402,0.00
7.37120,-0.357,-0.423,0.00
7.38136,-0.358,-0.423,0.00
7.39153,-0.363,-0.423,0.00
7.40169,-0.363,-0.455,0.00
7.41189,-0.363,-0.455,0.00
7.42204,-0.371,-0.481,0.00
7.43220,-0.371,-0.481,0.00
7.44238,-0.380,-0.510,0.00
7.45253,-0.380,-0.510,0.00
7.46269,-0.387,-0.541,0.00
7.47285,-0.387,-0.541,0.00
7.48306,-0.387,-0.565,0.00
7.49321,-0.387,-0.593,0.00
7.50337,-0.391,-0.593,0.00
7.51459,-0.391,-0.593,0.00
7.52482,-0.389,-0.624,0.00
7.53498,-0.393,-0.652,0.00
7.54513,-0.393,-0.652,0.00
7.55529,-0.446,-0.677,0.00
7.56570,-0.446,-0.677,0.00
7.57588,-0.446,-0.677,0.00
7.58612,-0.523,-0.697,0.00
7.59633,-0.657,-0.714,0.00
7.60653,-0.657,-0.714,0.00
7.61667,-0.510,-0.729,0.00
7.62682,-0.510,-0.729,0.00
7.63704,-0.131,-0.740,0.00
7.64734,-0.131,-0.740,0.00
7.65773,0.235,-0.745,0.00
7.66790,0.235,-0.745,0.00
7.67807,0.969,-0.743,0.00
7.68824,0.969,-0.743,0.00
7.69839,1.859,-0.736,0.00
7.70878,1.859,-0.736,0.00
7.71894,3.017,-0.722,0.00
7.72973,3.017,-0.722,0.00
7.73999,4.526,-0.704,0.00
7.75024,4.526,-0.704,0.00
7.76153,6.236,-0.678,0.00
7.77193,6.236,-0.678,0.00
7.78227,8.137,-0.650,0.00
7.79293,8.137,-0.623,0.00
7.80797,10.257,-0.623,0.00
7.81815,12.599,-0.585,0.00
7.82831,12.599,-0.585,0.00
7.84028,12.599,-0.541,9.00
7.85047,15.521,-0.541,9.00
7.86083,18.718,-0.492,9.00
7.87268,21.733,-0.437,9.00
7.88301,21.733,-0.437,9.00
7.89334,24.540,-0.427,9.00
7.90421,24.540,-0.427,9.00
7.91453,24.540,-0.427,9.00
7.92489,24.540,-0.427,9.00
7.95561,31.023,-0.507,9.00
7.96577,31.023,-0.507,9.00
7.98455,31.023,-0.516,9.00
7.99482,32.492,-0.516,9.00
8.01642,33.760,-0.556,9.00
8.02670,34.422,-0.556,9.00
8.04822,34.215,-0.556,9.00
8.05853,33.360,-0.606,9.00
8.08028,33.360,-0.696,9.00
8.09069,31.927,-0.696,9.00
8.10108,29.803,-0.939,9.00
8.11275,26.961,-1.241,9.50
8.12328,26.961,-1.241,9.50
8.13344,26.961,-1.505,9.50
8.14502,24.102,-1.505,9.50
8.15516,21.328,-1.505,9.50
8.16531,21.328,-1.731,9.50
8.17727,18.258,-1.731,10.00
8.18743,18.258,-1.901,10.00
8.19760,18.258,-2.043,10.00
8.21044,15.564,-2.112,10.50
8.22061,12.827,-2.112,10.50
8.23080,12.827,-2.112,10.50
8.24103,9.732,-2.085,11.50
8.25133,9.732,-2.085,11.50
8.26149,6.674,-2.019,11.50
8.28902,3.857,-1.927,12.50
8.29926,1.300,-1.824,12.50
8.32097,1.300,-1.824,14.00
8.33122,-0.576,-1.722,14.00
8.35215,-0.527,-1.610,16.00
8.36232,-0.012,-1.532,16.00
8.38455,0.493,-1.532,17.50
8.39473,0.493,-1.476,17.50
8.41668,0.557,-1.410,19.50
8.42699,-0.054,-1.372,19.50
8.43718,-0.054,-1.372,19.50
8.44799,-0.489,-1.354,21.00
8.45817,-0.489,-1.354,21.00
8.46833,-0.596,-1.395,21.00
8.48099,-0.567,-1.495,22.00
8.49114,-0.546,-1.710,22.00
8.50131,-0.546,-1.710,22.00
8.51266,-0.534,-2.055,23.00
8.52307,-0.534,-2.055,23.00
8.53346,-0.534,-2.055,23.00
8.54406,-0.522,-2.445,23.50
8.55422,-0.522,-2.445,23.50
8.56438,-0.503,-2.933,23.50
8.59181,-0.503,-2.933,24.00
8.60199,-0.470,-4.141,24.00
8.62436,-0.470,-4.769,24.00
8.63464,-0.436,-5.432,24.00
8.65621,-0.367,-5.432,24.50
8.66639,-0.367,-6.155,24.50
8.68803,-0.367,-6.155,24.50
8.69842,-0.327,-7.711,24.50
8.72070,-0.327,-8.441,24.50
8.73119,-0.321,-9.083,24.50
8.74135,-0.318,-9.083,24.50
8.75203,-0.318,-9.083,24.50
8.76221,-0.319,-9.646,24.50
8.77239,-0.319,-9.646,24.50
8.78408,-0.328,-10.020,24.50
8.79425,-0.352,-10.020,24.50
8.80491,-0.352,-10.259,24.50
8.81618,-0.378,-10.259,24.50
8.82647,-0.378,-10.268,24.50
8.83667,-0.396,-9.983,24.50
8.84961,-0.396,-9.462,24.50
8.85993,-0.406,-9.462,24.50
8.87020,-0.406,-9.462,24.50
8.90051,-0.410,-7.720,24.50
8.91097,-0.410,-7.720,24.50
8.92865,-0.398,-6.599,24.50
8.93957,-0.370,-5.350,24.50
8.95988,-0.370,-5.350,24.50
8.97006,-0.342,-3.979,24.50
8.99241,-0.306,-1.016,24.50
9.00285,-0.266,-1.016,24.50
9.02438,-0.266,0.694,24.50
9.03543,-0.195,2.157,24.50
9.04559,-0.195,2.157,24.50
9.05650,-0.183,3.569,24.50
9.06667,-0.183,3.569,24.50
9.07698,-0.178,4.893,24.50
9.09195,-0.178,4.893,24.50
9.10212,-0.175,6.144,24.50
9.11233,-0.182,7.295,24.50
9.12249,-0.182,7.295,24.50
9.13265,-0.193,8.357,24.50
9.14280,-0.193,8.357,24.50
9.15372,-0.193,8.357,24.50
9.16389,-0.206,9.331,24.50
9.17415,-0.206,10.311,24.50
9.18452,-0.222,10.311,24.50
9.19468,-0.240,11.101,24.50
9.20485,-0.240,11.101,24.50
9.21505,-0.240,11.101,24.50
9.23264,-0.240,11.101,24.50
9.24314,-0.274,12.376,24.50
9.26518,-0.293,12.868,24.50
9.27542,-0.317,13.244,24.50
9.28601,-0.317,13.244,0.00
9.29624,-0.317,13.244,0.00
9.30640,-0.350,13.584,0.00
9.31680,-0.350,13.808,0.00
9.32735,-0.382,13.808,0.00
9.33752,-0.423,13.969,0.00
9.34821,-0.423,13.969,0.00
9.35840,-0.423,13.969,0.00
9.36902,-0.463,14.020,0.00
9.37936,-0.505,14.010,0.00
9.38952,-0.505,14.010,0.00
9.40018,-0.527,13.965,0.00
9.41035,-0.527,13.965,0.00
9.42051,-0.534,13.843,0.00
9.43101,-0.534,13.713,0.00
9.44139,-0.534,13.713,0.00
9.45179,-0.534,13.569,0.00
9.46213,-0.527,13.569,0.00
9.47252,-0.527,13.569,0.00
9.48286,-0.512,13.345,0.00
9.49319,-0.493,13.091,0.00
9.50352,-0.493,13.091,0.00
9.51384,-0.493,13.091,0.00
9.52393,-0.463,12.759,0.00
9.53409,-0.444,12.759,0.00
9.54426,-0.444,12.431,0.00
9.55442,-0.436,12.431,0.00
9.56458,-0.436,11.985,0.00
9.57540,-0.436,11.985,0.00
9.58566,-0.384,11.418,0.00
9.59581,-0.287,11.418,0.00
9.60598,-0.287,10.626,0.00
9.61618,-0.210,9.746,0.00
9.62628,-0.210,9.746,0.00
9.63646,-0.210,8.931,0.00
9.64662,-0.161,8.931,0.00
9.65693,-0.111,8.013,0.00
9.66729,-0.111,8.013,0.00
9.67744,-0.111,8.013,0.00
9.68765,-0.079,7.093,0.00
9.69781,-0.093,6.008,0.00
9.70803,-0.093,6.008,0.00
9.71814,-0.110,4.781,0.00
9.72893,-0.110,4.781,0.00
9.73916,-0.116,3.457,0.00
9.74936,-0.116,3.457,0.00
9.75952,-0.119,2.285,0.00
9.76968,-0.119,2.285,0.00
9.77984,-0.119,1.056,0.00
9.79006,-0.131,-0.094,0.00
9.80021,-0.143,-0.094,0.00
9.81045,-0.143,-0.094,0.00
9.82070,-0.159,-1.157,0.00
9.83243,-0.159,-1.157,0.00
9.84259,-0.219,-2.078,0.00
9.85275,-0.263,-2.796,0.00
9.86305,-0.263,-2.796,0.00
9.87322,-0.292,-3.116,0.00
9.88342,-0.292,-3.116,0.00
9.89358,-0.309,-3.116,0.00
9.90373,-0.309,-3.069,0.00
9.91389,-0.309,-3.069,0.00
9.92408,-0.323,-2.653,0.00
9.93424,-0.323,-1.875,0.00
9.94443,-0.332,-1.875,0.00
9.95459,-0.326,-0.635,0.00
9.96475,-0.326,-0.635,0.00
9.97503,-0.326,-0.635,0.00
9.98519,-0.294,1.144,0.00
9.99670,-0.248,2.309,0.00
10.00705,-0.248,2.309,0.00
10.01729,-0.186,2.440,0.00
10.02744,-0.186,2.440,0.00
10.03773,-0.186,2.440,0.00
10.04793,-0.111,1.713,0.00
10.05846,-0.031,1.088,0.00
10.06880,-0.031,1.088,0.00
10.07886,0.063,1.131,0.00
10.08981,0.063,1.131,0.00
10.09988,0.184,1.098,0.00
10.11005,0.184,1.098,0.00
10.12123,0.184,0.888,0.00
10.13143,0.332,0.888,0.00
10.14159,0.332,0.888,0.00
10.15183,0.487,0.663,0.00
10.16209,0.636,0.573,0.00
10.17226,0.636,0.573,0.00
10.18245,0.766,0.675,0.00
10.19269,0.766,0.675,0.00
10.20285,0.897,0.899,0.00
10.21360,0.897,0.899,0.00
10.22376,1.008,1.067,0.00
10.23397,1.008,1.067,0.00
10.24414,1.093,1.125,0.00
10.25433,1.161,1.152,0.00
10.26451,1.161,1.152,0.00
10.27584,1.161,1.152,0.00
10.28601,1.219,1.213,0.00
10.29618,1.244,1.319,0.00
10.30639,1.244,1.319,0.00
10.31699,1.244,1.319,0.00
10.32777,1.243,1.413,0.00
10.33801,1.233,1.493,0.00
10.34912,1.233,1.493,0.00
10.35928,1.219,1.586,0.00
10.36945,1.219,1.586,0.00
10.37960,1.192,1.739,0.00
10.39058,1.192,1.739,0.00
10.40097,1.145,1.970,0.00
10.41142,1.145,1.970,0.00
10.42168,1.104,2.200,0.00
10.43255,1.104,2.200,0.00
10.44271,1.067,2.379,0.00
10.45287,1.067,2.532,0.00
10.46304,1.047,2.532,0.00
10.47324,1.047,2.532,0.00
10.48369,1.031,2.666,0.00
10.49385,1.007,2.666,0.00
10.50406,1.007,2.636,0.00
10.51420,1.007,2.636,0.00
10.52436,1.007,2.636,0.00
10.53454,1.007,2.636,0.00
10.54470,0.979,2.559,0.00
10.55496,0.947,2.502,0.00
10.56512,0.947,2.435,0.00
10.57533,0.943,2.372,0.00
10.58548,0.943,2.372,0.00
10.59563,0.939,2.343,0.00
10.60582,0.939,2.343,0.00
10.61605,0.934,2.318,0.00
10.62626,0.934,2.318,0.00
10.63642,0.929,2.304,0.00
10.64658,0.929,2.304,0.00
10.65675,0.929,2.298,0.00
10.66697,0.918,2.298,0.00
10.67711,0.904,2.269,0.00
10.68731,0.904,2.269,0.00
10.69744,0.884,2.234,0.00
10.70759,0.884,2.234,0.00
10.71775,0.865,2.228,0.00
10.72862,0.865,2.228,0.00
10.73902,0.848,2.231,0.00
10.74923,0.848,2.231,0.00
10.75939,0.832,2.225,0.00
10.76980,0.832,2.225,0.00
10.77998,0.817,2.208,0.00
10.79035,0.817,2.208,0.00
10.80616,0.804,2.192,0.00
10.82282,0.790,2.165,0.00
10.83486,0.775,2.165,0.00
10.84558,0.775,2.123,0.00
10.85877,0.756,2.123,0.00
10.87132,0.744,2.046,0.00
10.88191,0.744,2.046,0.00
10.89356,0.744,2.046,0.00
10.90444,0.737,2.046,0.00
10.92084,0.723,1.984,0.00
10.93685,0.713,1.950,0.00
10.94727,0.713,1.950,0.00
10.95747,0.713,1.909,0.00
10.96806,0.705,1.909,0.00
10.98059,0.705,1.909,0.00
10.99145,0.688,1.871,0.00
11.00748,0.688,1.825,0.00
11.01922,0.688,1.825,0.00
11.03012,0.673,1.777,0.00
11.04766,0.673,1.743,0.00
11.05848,0.657,1.722,0.00
11.06866,0.657,1.722,0.00
11.07945,0.644,1.706,0.00
11.08981,0.644,1.706,0.00
11.09999,0.644,1.688,0.00
11.11046,0.624,1.688,0.00
11.12089,0.624,1.670,0.00
11.13115,0.624,1.670,0.00
11.14385,0.624,1.670,0.00
11.15628,0.607,1.653,0.00
11.16735,0.589,1.642,0.00
11.18428,0.574,1.642,0.00
11.19471,0.574,1.628,0.00
11.20496,0.560,1.628,0.00
11.21648,0.560,1.628,0.00
11.22714,0.547,1.629,0.00
11.23755,0.536,1.635,0.00
11.24935,0.536,1.643,0.00
11.26075,0.528,1.643,0.00
11.27235,0.523,1.646,0.00
11.28295,0.523,1.646,0.00
11.29976,0.520,1.647,0.00
11.31865,0.517,1.646,0.00
11.32948,0.517,1.646,0.00
11.34495,0.517,1.646,0.00
11.36155,0.517,1.644,0.00
11.38561,0.516,1.647,0.00
11.40218,0.514,1.650,0.00
11.43647,0.510,1.649,0.00
11.45456,0.510,1.649,0.00
11.46580,0.512,1.642,0.00
11.47625,0.514,1.631,0.00
11.49791,0.514,1.631,0.00
11.51468,0.517,1.620,0.00
11.52489,0.517,1.620,0.00
11.55033,0.515,1.603,0.00
11.56963,0.516,1.594,0.00
11.58654,0.519,1.586,0.00
11.61197,0.511,1.580,0.00
11.62361,0.500,1.579,0.00
11.65352,0.486,1.578,0.00
11.67050,0.475,1.576,0.00
11.68264,0.475,1.576,0.00
11.69966,0.460,1.571,0.00
11.71628,0.460,1.571,0.00
11.73322,0.451,1.570,0.00
11.74880,0.440,1.571,0.00
11.77992,0.433,1.565,0.00
11.85117,0.433,1.565,0.00
11.86140,0.422,1.532,0.00
11.92505,0.412,1.492,0.00
11.93540,0.379,1.483,0.00
11.94557,-0.138,-0.159,0.00
11.95573,-0.138,-0.159,0.00
11.96594,-0.148,-0.165,0.00
11.97610,-0.148,-0.165,0.00
11.98634,-0.157,-0.170,0.00
11.99665,-0.157,-0.170,0.00
12.00682,-0.166,-0.175,0.00
12.01699,-0.173,-0.182,0.00
12.02763,-0.173,-0.182,0.00
12.03768,-0.178,-0.191,0.00
12.04784,-0.178,-0.191,0.00
12.05818,-0.180,-0.197,0.00
12.06953,-0.180,-0.197,0.00
12.07979,-0.182,-0.204,0.00
12.08994,-0.182,-0.204,0.00
12.10010,-0.182,-0.212,0.00
12.11109,-0.185,-0.212,0.00
12.12123,-0.188,-0.224,0.00
12.13217,-0.188,-0.224,0.00
12.14232,-0.188,-0.237,0.00
12.15248,-0.190,-0.237,0.00
12.16263,-0.190,-0.251,0.00
12.17279,-0.190,-0.251,0.00
12.18304,-0.191,-0.262,0.00
12.19315,-0.191,-0.273,0.00
12.20329,-0.195,-0.273,0.00
12.21344,-0.195,-0.280,0.00
12.22358,-0.200,-0.280,0.00
12.23373,-0.200,-0.290,0.00
12.24388,-0.204,-0.290,0.00
12.25404,-0.198,-0.290,0.00
12.26415,-0.198,-0.298,0.00
12.27433,-0.200,-0.298,0.00
12.28447,-0.200,-0.304,0.00
12.29463,-0.209,-0.309,0.00
12.30478,-0.209,-0.309,0.00
12.31535,-0.215,-0.312,0.00
12.32562,-0.215,-0.312,0.00
12.33578,-0.215,-0.312,0.00
12.34595,-0.213,-0.313,0.00
12.35630,-0.209,-0.312,0.00
12.36646,-0.209,-0.312,0.00
12.37661,-0.209,-0.312,0.00
12.38710,-0.207,-0.309,0.00
12.39708,-0.207,-0.305,0.00
12.40740,-0.207,-0.305,0.00
12.41748,-0.207,-0.298,0.00
12.42767,-0.207,-0.298,0.00
12.43801,-0.207,-0.298,0.00
12.44816,-0.207,-0.289,0.00
12.45840,-0.204,-0.279,0.00
12.46856,-0.204,-0.279,0.00
12.47872,-0.200,-0.271,0.00
12.48889,-0.197,-0.271,0.00
12.49905,-0.197,-0.265,0.00
12.50921,-0.197,-0.265,0.00
12.51936,-0.195,-0.260,0.00
12.52961,-0.195,-0.260,0.00
12.53977,-0.195,-0.252,0.00
12.54992,-0.196,-0.252,0.00
12.56008,-0.195,-0.240,0.00
12.57037,-0.195,-0.240,0.00
12.58053,-0.192,-0.240,0.00
12.59189,-0.192,-0.225,0.00
12.60239,-0.190,-0.212,0.00
12.61289,-0.191,-0.212,0.00
12.62335,-0.191,-0.204,0.00
12.63380,-0.191,-0.204,0.00
12.64423,-0.191,-0.198,0.00
12.65453,-0.193,-0.198,0.00
12.66487,-0.193,-0.190,0.00
12.67505,-0.193,-0.190,0.00
12.68523,-0.195,-0.177,0.00
12.69540,-0.195,-0.177,0.00
12.70555,-0.195,-0.168,0.00
12.71572,-0.196,-0.162,0.00
12.72590,-0.196,-0.162,0.00
12.73605,-0.198,-0.153,0.00
12.74621,-0.198,-0.153,0.00
12.75636,-0.198,-0.144,0.00
12.76659,-0.199,-0.144,0.00
12.77685,-0.200,-0.136,0.00
12.78710,-0.200,-0.136,0.00
12.79730,-0.202,-0.136,0.00
12.80764,-0.202,-0.131,0.00
12.81780,-0.204,-0.126,0.00
12.82905,-0.204,-0.126,0.00
12.83922,-0.203,-0.122,0.00
12.85171,-0.203,-0.119,0.00
12.86187,-0.198,-0.119,0.00
12.87221,-0.198,-0.113,0.00
12.88260,-0.198,-0.113,0.00
12.89302,-0.202,-0.108,0.00
12.90342,-0.202,-0.108,0.00
12.91358,-0.206,-0.104,0.00
12.92376,-0.206,-0.104,0.00
12.93391,-0.202,-0.100,0.00
12.94406,-0.202,-0.100,0.00
12.95421,-0.205,-0.100,0.00
12.96435,-0.205,-0.096,0.00
12.97450,-0.216,-0.094,0.00
12.98465,-0.216,-0.094,0.00
12.99483,-0.230,-0.094,0.00
13.00511,-0.230,-0.093,0.00
13.01526,-0.243,-0.091,0.00
13.02541,-0.243,-0.091,0.00
13.03569,-0.243,-0.088,0.00
13.04593,-0.256,-0.088,0.00
13.05608,-0.265,-0.088,0.00
13.06625,-0.265,-0.088,0.00
13.07640,-0.280,-0.090,0.00
13.08665,-0.280,-0.090,0.00
13.09706,-0.302,-0.091,0.00
13.10722,-0.302,-0.091,0.00
13.11737,-0.338,-0.090,0.00
13.12842,-0.338,-0.090,0.00
13.13857,-0.381,-0.087,0.00
13.14907,-0.381,-0.087,0.00
13.15922,-0.487,-0.082,0.00
13.16941,-0.487,-0.082,0.00
13.17973,-0.671,-0.082,0.00
13.19020,-0.671,-0.082,0.00
13.20084,-0.939,-0.081,0.00
13.21110,-0.939,-0.081,0.00
13.22126,-0.977,-0.074,0.00
13.23140,-0.683,-0.074,0.00
13.24155,-0.683,-0.062,0.00
13.25170,-0.683,-0.062,0.00
13.26186,-0.058,-0.062,0.00
13.27203,-0.058,-0.047,0.00
13.28233,0.851,-0.025,0.00
13.29265,0.851,-0.025,0.00
13.30281,2.020,-0.003,0.00
13.31337,2.020,-0.003,0.00
13.32352,3.810,0.023,0.00
13.33449,6.164,0.057,0.00
13.34465,6.164,0.057,0.00
13.35481,6.164,0.057,0.00
13.36497,8.797,0.101,0.00
13.39350,11.654,0.152,0.00
13.40367,14.496,0.202,0.00
13.42535,17.209,0.202,9.00
13.43576,19.542,0.269,9.00
13.45583,19.542,0.340,9.00
13.46625,21.481,0.411,9.00
13.48915,22.852,0.469,9.00
13.49936,22.852,0.469,9.00
13.50958,23.873,0.514,9.00
13.52137,23.873,0.537,9.00
13.53193,24.703,0.537,9.00
13.54223,25.291,0.548,9.00
13.55239,25.291,0.548,9.00
13.56257,25.291,0.546,9.00
13.57295,25.756,0.531,9.00
13.58419,26.008,0.531,9.00
13.59455,26.008,0.531,9.00
13.60519,25.385,0.504,9.00
13.63744,25.385,0.504,9.00
13.66369,21.462,0.377,9.00
13.67386,18.851,0.128,9.00
13.69637,13.019,-0.218,9.00
13.70907,13.019,-0.555,9.00
13.72899,13.019,-0.555,9.50
13.73924,7.735,-0.877,9.50
13.76035,5.256,-0.877,9.50
13.77242,5.256,-0.931,9.50
13.79274,2.921,-0.917,10.00
13.80352,0.688,-0.890,10.00
13.81388,-0.998,-0.855,10.00
13.82421,-0.998,-0.855,11.00
13.83625,-0.998,-0.834,11.00
13.84652,-0.857,-0.834,11.00
13.85668,0.034,-0.835,12.50
13.86810,0.034,-0.835,12.50
13.87825,1.084,-0.872,12.50
13.88840,1.084,-0.872,14.50
13.89876,1.058,-0.919,14.50
13.90997,1.058,-0.919,14.50
13.92022,-0.133,-0.943,17.00
13.93142,-0.133,-0.943,17.00
13.94157,-1.017,-0.956,17.00
13.96986,-1.171,-0.969,20.00
13.98003,-0.897,-0.969,20.00
13.99984,-0.897,-0.969,22.50
14.01005,-0.811,-0.967,22.50
14.02021,-0.936,-0.957,22.50
14.03457,-1.070,-0.957,25.00
14.04489,-1.070,-0.970,25.00
14.06373,-1.070,-1.035,26.00
14.07390,-1.156,-1.035,26.00
14.08406,-1.147,-1.196,26.00
14.09604,-1.063,-1.196,27.00
14.10637,-1.063,-1.446,27.00
14.11728,-0.959,-1.858,27.00
14.13231,-0.959,-1.858,27.50
14.14149,-0.857,-2.444,27.50
14.15164,-0.767,-3.066,27.50
14.16180,-0.767,-3.066,27.50
14.17196,-0.767,-3.066,27.50
14.18211,-0.683,-3.774,27.50
14.20822,-0.683,-4.610,28.00
14.21840,-0.588,-5.366,28.00
14.24068,-0.546,-6.123,28.00
14.25186,-0.575,-6.123,28.00
14.27257,-0.575,-6.773,28.00
14.28272,-0.624,-7.388,28.00
14.30443,-0.683,-7.878,28.00
14.31813,-0.683,-8.247,28.00
14.33646,-0.752,-8.468,28.00
14.34723,-0.752,-8.468,28.00
14.35715,-0.748,-8.420,28.00
14.37034,-0.741,-8.122,28.00
14.38061,-0.741,-8.122,28.00
14.39103,-0.741,-7.497,28.00
14.40119,-0.741,-7.497,28.00
14.41135,-0.741,-7.497,28.00
14.42151,-0.754,-6.559,28.00
14.43308,-0.754,-6.559,28.00
14.44325,-0.770,-5.350,28.00
14.45344,-0.774,-5.350,28.00
14.46459,-0.774,-3.973,28.00
14.47478,-0.774,-3.973,28.00
14.48544,-0.773,-2.449,28.00
14.51224,-0.773,-0.861,28.00
14.52279,-0.738,0.963,28.00
14.54512,-0.696,2.641,28.00
14.55528,-0.629,4.315,28.00
14.57665,-0.559,5.953,28.00
14.58780,-0.559,5.953,28.00
14.60862,-0.490,7.493,28.00
14.61877,-0.434,8.962,28.00
14.62905,-0.434,8.962,28.00
14.64010,-0.434,8.962,28.00
14.65175,-0.404,10.345,28.00
14.66191,-0.391,11.629,28.00
14.68936,-0.391,12.950,28.00
14.69966,-0.403,13.993,28.00
14.71970,-0.403,13.993,28.00
14.72991,-0.422,14.925,28.00
14.75374,-0.432,15.718,28.00
14.76381,-0.432,16.403,28.00
14.78480,-0.442,16.403,28.00
14.79506,-0.447,17.554,28.00
14.80522,-0.447,17.554,28.00
14.81639,-0.460,17.554,28.00
14.82660,-0.460,18.019,28.00
14.83742,-0.477,18.374,28.00
14.84871,-0.477,18.374,0.00
14.85898,-0.499,18.587,0.00
14.86909,-0.499,18.587,0.00
14.87925,-0.499,18.587,0.00
14.88948,-0.520,18.714,0.00
14.89989,-0.552,18.669,0.00
14.91013,-0.587,18.669,0.00
14.92052,-0.587,18.582,0.00
14.93086,-0.631,18.582,0.00
14.94102,-0.631,18.393,0.00
14.95118,-0.631,18.393,0.00
14.96142,-0.631,18.393,0.00
14.97158,-0.654,18.230,0.00
14.98174,-0.655,18.056,0.00
14.99189,-0.655,17.840,0.00
15.00205,-0.652,17.840,0.00
15.01220,-0.642,17.675,0.00
15.02235,-0.642,17.675,0.00
15.03250,-0.642,17.403,0.00
15.04275,-0.626,17.403,0.00
15.05313,-0.628,17.200,0.00
15.06346,-0.628,17.200,0.00
15.07382,-0.670,16.907,0.00
15.08416,-0.670,16.907,0.00
15.09431,-0.703,16.660,0.00
15.10446,-0.703,16.660,0.00
15.11461,-0.718,16.324,0.00
15.12477,-0.718,16.324,0.00
15.13503,-0.714,15.889,0.00
15.14526,-0.714,15.889,0.00
15.15559,-0.690,15.155,0.00
15.16589,-0.690,15.155,0.00
15.17607,-0.641,14.405,0.00
15.18623,-0.641,14.405,0.00
15.19646,-0.641,14.405,0.00
15.20675,-0.576,13.727,0.00
15.21701,-0.554,13.019,0.00
15.22773,-0.554,13.019,0.00
15.23798,-0.545,12.165,0.00
15.24814,-0.545,12.165,0.00
15.25868,-0.545,12.165,0.00
15.26907,-0.533,11.125,0.00
15.27923,-0.530,9.938,0.00
15.28937,-0.530,9.938,0.00
15.29963,-0.538,8.649,0.00
15.30980,-0.538,8.649,0.00
15.32004,-0.544,7.230,0.00
15.33033,-0.544,7.230,0.00
15.34048,-0.559,6.037,0.00
15.35064,-0.559,6.037,0.00
15.36080,-0.584,4.832,0.00
15.37164,-0.584,4.832,0.00
15.38180,-0.627,3.631,0.00
15.39195,-0.674,2.528,0.00
15.40212,-0.674,2.528,0.00
15.41228,-0.705,1.466,0.00
15.42273,-0.705,1.466,0.00
15.43326,-0.705,1.466,0.00
15.44363,-0.719,0.329,0.00
15.45411,-0.719,0.329,0.00
15.46427,-0.719,-0.630,0.00
15.47443,-0.736,-1.358,0.00
15.48459,-0.736,-1.358,0.00
15.49475,-0.736,-1.358,0.00
15.50493,-0.736,-1.942,0.00
15.51530,-0.770,-2.223,0.00
15.52563,-0.770,-2.223,0.00
15.53598,-0.770,-2.279,0.00
15.54630,-0.788,-2.279,0.00
15.55665,-0.788,-2.279,0.00
15.56680,-0.805,-2.012,0.00
15.57695,-0.818,-1.436,0.00
15.58717,-0.818,-1.436,0.00
15.59742,-0.822,-0.601,0.00
15.60899,-0.822,-0.601,0.00
15.61909,-0.814,0.206,0.00
15.62924,-0.814,0.206,0.00
15.63940,-0.800,0.909,0.00
15.64970,-0.800,0.909,0.00
15.65985,-0.784,1.521,0.00
15.67055,-0.784,1.521,0.00
15.68105,-0.760,1.810,0.00
15.69256,-0.760,1.810,0.00
15.70277,-0.725,1.854,0.00
15.71293,-0.725,1.970,0.00
15.72331,-0.680,1.970,0.00
15.73346,-0.680,1.970,0.00
15.74361,-0.630,2.116,0.00
15.75376,-0.579,2.116,0.00
15.76391,-0.579,2.189,0.00
15.77407,-0.527,2.189,0.00
15.78424,-0.527,2.201,0.00
15.79439,-0.477,2.183,0.00
15.80455,-0.477,2.183,0.00
15.81471,-0.433,2.176,0.00
15.82487,-0.433,2.176,0.00
15.83502,-0.399,2.186,0.00
15.84520,-0.399,2.186,0.00
15.85557,-0.375,2.191,0.00
15.86584,-0.375,2.191,0.00
15.87601,-0.375,2.162,0.00
15.88616,-0.357,2.162,0.00
15.89632,-0.357,2.162,0.00
15.90655,-0.357,2.162,0.00
15.91739,-0.341,2.126,0.00
15.92763,-0.334,2.110,0.00
15.93778,-0.324,2.119,0.00
15.94964,-0.324,2.119,0.00
15.95974,-0.321,2.128,0.00
15.97201,-0.321,2.128,0.00
15.98218,-0.322,2.132,0.00
15.99234,-0.331,2.130,0.00
16.00304,-0.331,2.130,0.00
16.01338,-0.331,2.130,0.00
16.02356,-0.331,2.130,0.00
16.03406,-0.344,2.146,0.00
16.04420,-0.362,2.186,0.00
16.05566,-0.362,2.186,0.00
16.06583,-0.384,2.242,0.00
16.07598,-0.411,2.301,0.00
16.08623,-0.411,2.301,0.00
16.09638,-0.439,2.364,0.00
16.10657,-0.439,2.364,0.00
16.11672,-0.439,2.364,0.00
16.12775,-0.457,2.423,0.00
16.13791,-0.478,2.451,0.00
16.14807,-0.478,2.451,0.00
16.15829,-0.478,2.451,0.00
16.16845,-0.478,2.451,0.00
16.17862,-0.496,2.454,0.00
16.18883,-0.506,2.454,0.00
16.19916,-0.507,2.448,0.00
16.20938,-0.507,2.448,0.00
16.21954,-0.507,2.448,0.00
16.22976,-0.499,2.433,0.00
16.23993,-0.486,2.402,0.00
16.25010,-0.486,2.402,0.00
16.26049,-0.473,2.376,0.00
16.27085,-0.473,2.376,0.00
16.28120,-0.466,2.354,0.00
16.29157,-0.463,2.354,0.00
16.30192,-0.463,2.336,0.00
16.31208,-0.463,2.328,0.00
16.32225,-0.455,2.328,0.00
16.33253,-0.455,2.328,0.00
16.34284,-0.455,2.332,0.00
16.35628,-0.451,2.332,0.00
16.39727,-0.451,2.351,0.00
16.40941,-0.451,2.366,0.00
16.41958,-0.453,2.389,0.00
16.43209,-0.453,2.412,0.00
16.45417,-0.454,2.412,0.00
16.46496,-0.454,2.440,0.00
16.47555,-0.453,2.440,0.00
16.48618,-0.453,2.467,0.00
16.49712,-0.453,2.493,0.00
16.50773,-0.454,2.493,0.00
16.52000,-0.456,2.493,0.00
16.53735,-0.458,2.523,0.00
16.55080,-0.458,2.557,0.00
16.56654,-0.462,2.594,0.00
16.58313,-0.467,2.628,0.00
16.59484,-0.467,2.628,0.00
16.60791,-0.467,2.655,0.00
16.62515,-0.476,2.684,0.00
16.63532,-0.480,2.684,0.00
16.64714,-0.480,2.712,0.00
16.65730,-0.482,2.737,0.00
16.67306,-0.483,2.737,0.00
16.68361,-0.483,2.752,0.00
16.69455,-0.485,2.759,0.00
16.70518,-0.485,2.759,0.00
16.71578,-0.483,2.758,0.00
16.72684,-0.483,2.758,0.00
16.73702,-0.483,2.758,0.00
16.74791,-0.478,2.751,0.00
16.75884,-0.476,2.751,0.00
16.77448,-0.476,2.736,0.00
16.78603,-0.474,2.717,0.00
16.79638,-0.474,2.717,0.00
16.80682,-0.474,2.697,0.00
16.81880,-0.474,2.676,0.00
16.83577,-0.474,2.676,0.00
16.85100,-0.473,2.658,0.00
16.86662,-0.472,2.634,0.00
16.88348,-0.472,2.613,0.00
16.89913,-0.472,2.613,0.00
16.91153,-0.475,2.598,0.00
16.92263,-0.477,2.583,0.00
16.93692,-0.477,2.583,0.00
16.95297,-0.475,2.565,0.00
16.96394,-0.472,2.549,0.00
16.98080,-0.472,2.549,0.00
16.99614,-0.468,2.549,0.00
17.01947,-0.462,2.527,0.00
17.03518,-0.462,2.498,0.00
17.05261,-0.462,2.479,0.00
17.06279,-0.462,2.479,0.00
17.07356,-0.462,2.479,0.00
17.08447,-0.462,2.479,0.00
17.09602,-0.462,2.479,0.00
17.11168,-0.444,2.454,0.00
17.12304,-0.442,2.454,0.00
17.13347,-0.442,2.414,0.00
17.15215,-0.439,2.399,0.00
17.16248,-0.439,2.399,0.00
17.17264,-0.439,2.399,0.00
17.18321,-0.439,2.386,0.00
17.19337,-0.439,2.386,0.00
17.20960,-0.437,2.374,0.00
17.22023,-0.437,2.374,0.00
17.23124,-0.440,2.363,0.00
17.24189,-0.440,2.352,0.00
17.25208,-0.447,2.343,0.00
17.26986,-0.447,2.343,0.00
17.28928,-0.451,2.333,0.00
17.30503,-0.451,2.324,0.00
17.31525,-0.458,2.324,0.00
17.32752,-0.464,2.317,0.00
17.34336,-0.474,2.311,0.00
17.39935,-0.488,2.311,0.00
17.45529,-0.517,2.283,0.00
17.46553,-0.055,-0.216,0.00
17.47567,-0.066,-0.228,0.00
17.48584,-0.079,-0.255,0.00
17.49600,-0.084,-0.268,0.00
17.50616,-0.084,-0.268,0.00
17.51719,-0.092,-0.281,0.00
17.52769,-0.092,-0.281,0.00
17.53798,-0.092,-0.281,0.00
17.54815,-0.092,-0.281,0.00
17.55832,-0.092,-0.281,0.00
17.56994,-0.102,-0.294,0.00
17.58010,-0.111,-0.313,0.00
17.59025,-0.111,-0.313,0.00
17.60066,-0.111,-0.313,0.00
17.61082,-0.111,-0.313,0.00
17.62098,-0.111,-0.313,0.00
17.63115,-0.111,-0.313,0.00
17.64131,-0.111,-0.313,0.00
17.65147,-0.111,-0.313,0.00
17.66177,-0.111,-0.313,0.00
17.67193,-0.122,-0.351,0.00
17.68210,-0.127,-0.373,0.00
17.69227,-0.134,-0.392,0.00
17.70252,-0.146,-0.413,0.00
17.71322,-0.151,-0.423,0.00
17.72338,-0.159,-0.436,0.00
17.73353,-0.166,-0.446,0.00
17.74369,-0.166,-0.446,0.00
17.75387,-0.173,-0.459,0.00
17.76402,-0.173,-0.459,0.00
17.77431,-0.180,-0.469,0.00
17.78469,-0.180,-0.469,0.00
17.79486,-0.180,-0.479,0.00
17.80501,-0.188,-0.479,0.00
17.81537,-0.198,-0.487,0.00
17.82571,-0.198,-0.487,0.00
17.83589,-0.210,-0.494,0.00
17.84605,-0.210,-0.494,0.00
17.85621,-0.222,-0.503,0.00
17.86639,-0.222,-0.503,0.00
17.87655,-0.233,-0.513,0.00
17.88668,-0.233,-0.513,0.00
17.89684,-0.233,-0.513,0.00
17.90708,-0.242,-0.526,0.00
17.91729,-0.249,-0.544,0.00
17.92749,-0.249,-0.544,0.00
17.93773,-0.253,-0.566,0.00
17.94795,-0.253,-0.566,0.00
17.95813,-0.259,-0.595,0.00
17.96914,-0.259,-0.595,0.00
17.97911,-0.265,-0.625,0.00
17.98927,-0.265,-0.625,0.00
17.99944,-0.272,-0.657,0.00
18.00985,-0.272,-0.657,0.00
18.02003,-0.273,-0.657,0.00
18.03127,-0.273,-0.684,0.00
18.04147,-0.272,-0.713,0.00
18.05175,-0.272,-0.713,0.00
18.06190,-0.280,-0.740,0.00
18.07206,-0.288,-0.740,0.00
18.08222,-0.288,-0.775,0.00
18.09282,-0.293,-0.775,0.00
18.10331,-0.293,-0.807,0.00
18.11351,-0.293,-0.807,0.00
18.12367,-0.294,-0.836,0.00
18.13383,-0.294,-0.857,0.00
18.14398,-0.294,-0.857,0.00
18.15415,-0.294,-0.874,0.00
18.16431,-0.293,-0.874,0.00
18.17455,-0.294,-0.883,0.00
18.18486,-0.294,-0.883,0.00
18.19501,-0.294,-0.890,0.00
18.20530,-0.294,-0.890,0.00
18.21552,-0.293,-0.896,0.00
18.22584,-0.293,-0.896,0.00
18.23625,-0.288,-0.902,0.00
18.24683,-0.288,-0.902,0.00
18.25703,-0.283,-0.910,0.00
18.26720,-0.283,-0.910,0.00
18.27765,-0.283,-0.919,0.00
18.28803,-0.277,-0.919,0.00
18.29838,-0.272,-0.927,0.00
18.30856,-0.272,-0.927,0.00
18.31872,-0.267,-0.932,0.00
18.32903,-0.267,-0.932,0.00
18.33933,-0.259,-0.935,0.00
18.34960,-0.259,-0.935,0.00
18.35979,-0.251,-0.939,0.00
18.36997,-0.251,-0.939,0.00
18.38014,-0.242,-0.938,0.00
18.39033,-0.242,-0.938,0.00
18.40049,-0.235,-0.939,0.00
18.41072,-0.227,-0.939,0.00
18.42139,-0.227,-0.944,0.00
18.43154,-0.227,-0.944,0.00
18.44171,-0.218,-0.944,0.00
18.45412,-0.218,-0.944,0.00
18.46428,-0.211,-0.940,0.00
18.47443,-0.207,-0.940,0.00
18.48459,-0.207,-0.935,0.00
18.49476,-0.207,-0.935,0.00
18.50503,-0.203,-0.924,0.00
18.51519,-0.201,-0.913,0.00
18.52533,-0.201,-0.913,0.00
18.53549,-0.202,-0.897,0.00
18.54566,-0.202,-0.897,0.00
18.55582,-0.202,-0.897,0.00
18.56599,-0.223,-0.879,0.00
18.57614,-0.223,-0.879,0.00
18.58630,-0.299,-0.860,0.00
18.59646,-0.395,-0.842,0.00
18.60666,-0.395,-0.842,0.00
18.61681,-0.572,-0.823,0.00
18.62706,-0.572,-0.823,0.00
18.63720,-0.669,-0.803,0.00
18.64750,-0.669,-0.803,0.00
18.65784,-0.308,-0.781,0.00
18.66830,-0.308,-0.781,0.00
18.67864,-0.308,-0.781,0.00
18.68916,0.259,-0.759,0.00
18.69933,1.478,-0.736,0.00
18.70979,2.706,-0.709,0.00
18.71996,2.706,-0.709,0.00
18.73013,2.706,-0.709,0.00
18.74030,4.329,-0.684,0.00
18.75045,4.329,-0.684,0.00
18.76064,6.373,-0.659,0.00
18.77084,6.373,-0.659,0.00
18.78118,8.845,-0.633,0.00
18.79143,8.845,-0.633,0.00
18.81932,11.770,-0.633,0.00
18.82949,15.110,-0.558,0.00
18.84791,15.110,-0.558,9.00
18.85809,22.418,-0.461,9.00
18.88015,22.418,-0.461,9.00
18.89034,26.095,-0.416,9.00
18.91337,29.391,-0.378,9.00
18.92355,32.155,-0.368,9.00
18.94372,32.155,-0.368,9.00
18.95390,34.214,-0.379,9.00
18.96406,35.554,-0.378,9.00
18.97774,36.512,-0.376,9.00
18.98802,36.512,-0.376,9.00
18.99817,37.229,-0.378,9.00
19.00834,37.229,-0.378,9.00
19.01850,37.393,-0.392,9.00
19.02910,37.393,-0.428,9.00
19.04055,36.769,-0.428,9.00
19.05088,35.442,-0.428,9.00
19.06108,35.442,-0.514,9.00
19.08762,35.442,-0.514,9.00
19.09781,31.000,-1.198,9.00
19.12062,27.981,-1.587,9.00
19.13079,25.035,-1.930,9.00
19.15169,25.035,-1.930,9.50
19.16189,21.861,-2.254,9.50
19.18449,18.729,-2.511,9.50
19.19468,15.591,-2.673,9.50
19.21648,12.311,-2.775,10.00
19.22681,12.311,-2.775,10.00
19.23780,9.044,-2.805,10.00
19.24805,9.044,-2.805,11.00
19.25832,9.044,-2.818,11.00
19.26862,5.786,-2.818,11.00
19.28087,2.771,-2.845,12.50
19.29137,2.771,-2.845,12.50
19.30171,0.479,-2.904,12.50
19.31259,-0.654,-2.973,15.00
19.32275,-0.654,-2.973,15.00
19.33322,-0.654,-3.029,15.00
19.36479,0.072,-3.096,18.00
19.37506,0.072,-3.142,18.00
19.39218,0.658,-3.142,21.50
19.40257,1.259,-3.169,21.50
19.42444,1.312,-3.192,24.50
19.43480,1.312,-3.199,24.50
19.45685,0.947,-3.232,26.50
19.46726,0.458,-3.232,26.50
19.47746,0.021,-3.298,26.50
19.49002,0.021,-3.298,28.00
19.50034,-0.222,-3.466,28.00
19.51057,-0.222,-3.466,28.00
19.52075,-0.316,-3.721,28.50
19.53098,-0.316,-3.721,28.50
19.54132,-0.357,-4.217,28.50
19.55218,-0.357,-4.217,29.00
19.56253,-0.370,-4.217,29.00
19.57291,-0.349,-4.828,29.00
19.58426,-0.349,-5.487,29.50
19.59446,-0.349,-5.487,29.50
19.60473,-0.321,-6.279,29.50
19.63284,-0.321,-7.078,29.50
19.64308,-0.277,-7.960,29.50
19.66437,-0.277,-8.855,29.50
19.67456,-0.297,-9.631,29.50
19.68472,-0.297,-9.631,29.50
19.69586,-0.297,-9.631,29.50
19.70603,-0.331,-10.397,29.50
19.71620,-0.371,-10.846,29.50
19.72809,-0.371,-10.846,29.50
19.73828,-0.371,-10.846,29.50
19.74941,-0.423,-11.050,29.50
19.76008,-0.423,-10.983,29.50
19.77193,-0.481,-10.983,29.50
19.78209,-0.543,-10.540,29.50
19.79260,-0.603,-10.540,29.50
19.80279,-0.603,-9.743,29.50
19.81305,-0.647,-9.743,29.50
19.82440,-0.647,-8.559,29.50
19.83462,-0.658,-7.062,29.50
19.84479,-0.658,-7.062,29.50
19.87202,-0.636,-7.062,29.50
19.88240,-0.575,-3.033,29.50
19.90447,-0.478,-0.858,29.50
19.91464,-0.478,1.340,29.50
19.93618,-0.207,1.340,29.50
19.94652,-0.207,3.576,29.50
19.97132,-0.053,5.736,29.50
19.98148,0.103,7.818,29.50
19.99975,0.103,7.818,29.50
20.00992,0.249,9.753,29.50
20.02007,0.370,11.766,29.50
20.03305,0.370,11.766,29.50
20.04332,0.433,13.499,29.50
20.05362,0.433,13.499,29.50
20.06405,0.433,15.081,29.50
20.07422,0.433,15.081,29.50
20.08439,0.358,16.552,29.50
20.09574,0.358,16.552,29.50
20.10593,0.243,17.918,29.50
20.11608,0.134,19.119,29.50
20.14416,0.134,20.208,29.50
20.15453,0.038,21.095,29.50
20.17587,-0.058,21.095,29.50
20.18610,-0.105,21.973,29.50
20.20914,-0.174,22.590,29.50
20.21930,-0.174,23.033,29.50
20.23956,-0.237,23.033,29.50
20.24973,-0.272,23.321,29.50
20.26115,-0.335,23.414,29.50
20.27272,-0.335,23.414,29.50
20.28301,-0.397,23.493,29.50
20.29317,-0.397,23.493,29.50
20.30339,-0.456,23.395,0.00
20.31353,-0.456,23.395,0.00
20.32370,-0.511,23.276,0.00
20.33384,-0.565,23.100,0.00
20.34400,-0.565,23.100,0.00
20.35417,-0.565,25.369,0.00
20.36433,-0.613,25.369,0.00
20.37447,-0.613,25.369,0.00
20.38464,-0.658,21.725,0.00
20.39480,-0.694,21.725,0.00
20.40497,-0.694,24.221,0.00
20.41511,-0.694,24.221,0.00
20.42536,-0.711,23.463,0.00
20.43552,-0.720,23.187,0.00
20.44568,-0.720,23.187,0.00
20.45587,-0.721,23.055,0.00
20.46602,-0.721,23.055,0.00
20.47617,-0.721,23.055,0.00
20.48644,-0.717,23.055,0.00
20.49661,-0.712,22.650,0.00
20.50676,-0.712,22.650,0.00
20.51692,-0.715,22.283,0.00
20.52715,-0.715,22.283,0.00
20.53721,-0.725,21.790,0.00
20.54752,-0.725,21.790,0.00
20.55787,-0.725,21.790,0.00
20.56816,-0.730,21.240,0.00
20.57832,-0.730,20.764,0.00
20.58846,-0.730,20.764,0.00
20.59872,-0.724,20.309,0.00
20.60897,-0.724,20.309,0.00
20.61921,-0.723,19.764,0.00
20.62962,-0.723,19.764,0.00
20.63976,-0.723,19.300,0.00
20.64992,-0.723,19.300,0.00
20.66009,-0.716,18.748,0.00
20.67025,-0.716,18.748,0.00
20.68048,-0.716,17.941,0.00
20.69075,-0.716,17.941,0.00
20.70083,-0.721,17.129,0.00
20.71190,-0.721,17.129,0.00
20.72197,-0.722,16.390,0.00
20.73212,-0.711,15.593,0.00
20.74226,-0.711,15.593,0.00
20.75471,-0.711,15.593,0.00
20.76487,-0.699,14.846,0.00
20.77505,-0.697,14.084,0.00
20.78521,-0.697,14.084,0.00
20.79537,-0.694,13.225,0.00
20.80553,-0.694,13.225,0.00
20.81569,-0.680,12.425,0.00
20.82585,-0.680,12.425,0.00
20.83602,-0.660,12.425,0.00
20.84630,-0.660,11.388,0.00
20.85659,-0.641,10.480,0.00
20.86697,-0.641,10.480,0.00
20.87824,-0.641,10.480,0.00
20.88859,-0.620,9.637,0.00
20.89883,-0.597,8.675,0.00
20.90951,-0.597,8.675,0.00
20.91996,-0.573,7.680,0.00
20.93011,-0.556,7.680,0.00
20.94027,-0.556,6.801,0.00
20.95047,-0.552,6.801,0.00
20.96081,-0.552,6.037,0.00
20.97143,-0.552,6.037,0.00
20.98181,-0.555,5.226,0.00
20.99230,-0.554,5.226,0.00
21.00268,-0.554,4.277,0.00
21.01302,-0.546,4.277,0.00
21.02337,-0.546,3.642,0.00
21.03370,-0.546,3.642,0.00
21.04387,-0.545,3.137,0.00
21.05403,-0.545,3.137,0.00
21.06420,-0.549,2.616,0.00
21.07436,-0.549,2.102,0.00
21.08452,-0.551,2.102,0.00
21.09473,-0.551,1.640,0.00
21.10496,-0.551,1.640,0.00
21.11512,-0.550,1.265,0.00
21.12528,-0.550,1.265,0.00
21.13554,-0.550,1.265,0.00
21.14587,-0.542,0.882,0.00
21.15604,-0.539,0.397,0.00
21.16624,-0.539,0.397,0.00
21.17639,-0.543,-0.014,0.00
21.18652,-0.543,-0.014,0.00
21.19668,-0.548,-0.270,0.00
21.20683,-0.548,-0.270,0.00
21.21699,-0.556,-0.339,0.00
21.22720,-0.556,-0.339,0.00
21.23759,-0.556,-0.339,0.00
21.24940,-0.566,-0.327,0.00
21.25956,-0.569,-0.319,0.00
21.26973,-0.569,-0.319,0.00
21.27989,-0.561,-0.309,0.00
21.29022,-0.561,-0.277,0.00
21.30038,-0.554,-0.277,0.00
21.31058,-0.554,-0.277,0.00
21.32075,-0.548,-0.248,0.00
21.33100,-0.548,-0.248,0.00
21.34118,-0.549,-0.281,0.00
21.35192,-0.549,-0.281,0.00
21.36209,-0.546,-0.357,0.00
21.37248,-0.546,-0.357,0.00
21.38282,-0.542,-0.466,0.00
21.39298,-0.542,-0.466,0.00
21.40314,-0.541,-0.587,0.00
21.41330,-0.541,-0.587,0.00
21.42347,-0.541,-0.717,0.00
21.43364,-0.541,-0.902,0.00
21.44400,-0.541,-0.902,0.00
21.45418,-0.541,-0.902,0.00
21.46448,-0.541,-0.902,0.00
21.47463,-0.540,-1.094,0.00
21.48484,-0.537,-1.302,0.00
21.49505,-0.531,-1.302,0.00
21.50521,-0.531,-1.497,0.00
21.51536,-0.524,-1.675,0.00
21.52552,-0.524,-1.675,0.00
21.53568,-0.517,-1.836,0.00
21.54598,-0.517,-1.836,0.00
21.55633,-0.505,-1.959,0.00
21.56662,-0.505,-1.959,0.00
21.57699,-0.488,-2.032,0.00
21.58733,-0.488,-2.032,0.00
21.59790,-0.488,-2.032,0.00
21.60819,-0.470,-2.048,0.00
21.61855,-0.457,-2.031,0.00
21.62880,-0.457,-2.031,0.00
21.63918,-0.451,-2.002,0.00
21.64984,-0.451,-2.002,0.00
21.66016,-0.446,-1.966,0.00
21.67048,-0.446,-1.966,0.00
21.68098,-0.444,-1.904,0.00
21.69237,-0.444,-1.904,0.00
21.70251,-0.445,-1.812,0.00
21.71268,-0.438,-1.687,0.00
21.72284,-0.438,-1.687,0.00
21.73305,-0.438,-1.687,0.00
21.74335,-0.434,-1.564,0.00
21.75359,-0.434,-1.447,0.00
21.76388,-0.436,-1.447,0.00
21.77434,-0.436,-1.350,0.00
21.78446,-0.440,-1.350,0.00
21.79461,-0.440,-1.350,0.00
21.82047,-0.447,-1.222,0.00
21.83133,-0.466,-1.221,0.00
21.84196,-0.466,-1.221,0.00
21.85254,-0.476,-1.221,0.00
21.87045,-0.476,-1.257,0.00
21.88256,-0.476,-1.321,0.00
21.89834,-0.483,-1.321,0.00
21.90889,-0.483,-1.321,0.00
21.91938,-0.487,-1.402,0.00
21.93064,-0.487,-1.487,0.00
21.94653,-0.488,-1.547,0.00
21.96257,-0.486,-1.547,0.00
21.97295,-0.486,-1.592,0.00
21.98359,-0.478,-1.592,0.00
21.99415,-0.478,-1.615,0.00
22.01111,-0.475,-1.615,0.00
22.02686,-0.471,-1.613,0.00
22.04284,-0.467,-1.568,0.00
22.05833,-0.467,-1.568,0.00
22.07712,-0.464,-1.434,0.00
22.08764,-0.464,-1.434,0.00
22.10119,-0.457,-1.434,0.00
22.12104,-0.446,-1.204,0.00
22.13559,-0.435,-1.042,0.00
22.14774,-0.435,-1.042,0.00
22.16021,-0.435,-1.042,0.00
22.18117,-0.424,-0.870,0.00
22.19237,-0.424,-0.674,0.00
22.20322,-0.424,-0.502,0.00
22.21387,-0.412,-0.340,0.00
22.22403,-0.412,-0.340,0.00
22.23465,-0.412,-0.340,0.00
22.24601,-0.404,-0.181,0.00
22.26185,-0.397,-0.057,0.00
22.28101,-0.392,-0.057,0.00
22.29135,-0.392,0.040,0.00
22.31506,-0.390,0.138,0.00
22.32736,-0.390,0.138,0.00
22.34280,-0.392,0.328,0.00
22.36572,-0.395,0.425,0.00
22.37762,-0.395,0.425,0.00
22.39412,-0.401,0.529,0.00
22.40526,-0.403,0.632,0.00
22.41614,-0.405,0.632,0.00
22.42635,-0.405,0.632,0.00
22.45077,-0.408,0.808,0.00
22.46554,-0.412,0.877,0.00
22.48312,-0.412,0.922,0.00
22.50217,-0.415,0.922,0.00
22.51374,-0.414,0.961,0.00
22.52482,-0.414,0.961,0.00
22.53561,-0.414,0.961,0.00
22.54679,-0.413,0.974,0.00
22.55721,-0.413,0.974,0.00
22.57442,-0.413,0.992,0.00
22.58558,-0.408,1.003,0.00
22.59586,-0.408,1.003,0.00
22.61981,-0.405,0.994,0.00
22.63984,-0.405,0.994,0.00
22.66977,-0.409,0.958,0.00
22.68111,-0.409,0.958,0.00
22.69723,-0.414,0.898,0.00
22.71292,-0.423,0.871,0.00
22.72913,-0.429,0.871,0.00
22.74490,-0.432,0.851,0.00
22.75783,-0.437,0.833,0.00
22.78052,-0.439,0.833,0.00
22.79630,-0.437,0.817,0.00
22.85385,-0.412,0.800,0.00
22.91266,-0.379,0.746,0.00
22.92285,0.041,0.287,0.00
22.93301,0.046,0.287,0.00
22.94356,0.046,0.276,0.00
22.95372,0.051,0.270,0.00
22.96391,0.051,0.270,0.00
22.97411,0.051,0.269,0.00
22.98427,0.053,0.269,0.00
22.99457,0.051,0.269,0.00
23.00499,0.051,0.271,0.00
23.01518,0.051,0.271,0.00
23.02535,0.046,0.274,0.00
23.03562,0.041,0.276,0.00
23.04608,0.041,0.276,0.00
23.05645,0.034,0.276,0.00
23.06673,0.034,0.280,0.00
23.07707,0.028,0.281,0.00
23.08742,0.028,0.281,0.00
23.09777,0.023,0.280,0.00
23.10810,0.023,0.280,0.00
23.11847,0.020,0.279,0.00
23.12879,0.020,0.279,0.00
23.13919,0.015,0.275,0.00
23.14976,0.015,0.275,0.00
23.16093,0.013,0.272,0.00
23.17150,0.013,0.272,0.00
23.18175,0.015,0.281,0.00
23.19191,0.015,0.281,0.00
23.20205,0.019,0.294,0.00
23.21286,0.019,0.294,0.00
23.22302,0.023,0.301,0.00
23.23420,0.023,0.300,0.00
23.24452,0.023,0.300,0.00
23.25486,0.023,0.288,0.00
23.26526,0.023,0.288,0.00
23.27543,0.023,0.288,0.00
23.28561,0.026,0.269,0.00
23.29577,0.029,0.269,0.00
23.30595,0.029,0.244,0.00
23.31612,0.025,0.220,0.00
23.32629,0.025,0.220,0.00
23.33694,0.017,0.220,0.00
23.34784,0.017,0.206,0.00
23.35801,0.014,0.201,0.00
23.36840,0.014,0.201,0.00
23.37882,0.007,0.201,0.00
23.38898,0.007,0.198,0.00
23.39937,-0.006,0.202,0.00
23.41020,-0.006,0.202,0.00
23.42043,-0.017,0.210,0.00
23.43053,-0.017,0.210,0.00
23.44082,-0.017,0.210,0.00
23.45259,-0.021,0.213,0.00
23.46277,-0.023,0.214,0.00
23.47499,-0.024,0.214,0.00
23.48524,-0.024,0.214,0.00
23.49588,-0.021,0.219,0.00
23.50745,-0.021,0.219,0.00
23.51779,-0.018,0.232,0.00
23.52817,-0.018,0.232,0.00
23.53844,-0.017,0.245,0.00
23.54873,-0.017,0.245,0.00
23.55909,-0.013,0.255,0.00
23.56908,-0.013,0.255,0.00
23.57923,-0.013,0.255,0.00
23.58964,-0.013,0.255,0.00
23.59980,-0.008,0.257,0.00
23.60999,-0.008,0.257,0.00
23.62031,-0.008,0.251,0.00
23.63085,-0.008,0.251,0.00
23.64102,-0.006,0.243,0.00
23.65162,-0.006,0.243,0.00
23.66190,-0.000,0.243,0.00
23.67226,0.003,0.250,0.00
23.68277,0.003,0.250,0.00
23.69505,0.003,0.250,0.00
23.70505,0.003,0.257,0.00
23.71520,0.009,0.267,0.00
23.72535,0.009,0.267,0.00
23.73551,0.021,0.274,0.00
23.74566,0.021,0.274,0.00
23.75580,0.021,0.274,0.00
23.76612,0.028,0.275,0.00
23.77626,0.040,0.275,0.00
23.78720,0.040,0.269,0.00
23.79824,0.056,0.261,0.00
23.80851,0.056,0.261,0.00
23.81914,0.067,0.249,0.00
23.82929,0.067,0.249,0.00
23.83945,0.067,0.249,0.00
23.84960,0.070,0.238,0.00
23.85977,0.066,0.241,0.00
23.87003,0.066,0.241,0.00
23.88019,0.060,0.261,0.00
23.89034,0.060,0.261,0.00
23.90050,0.048,0.307,0.00
23.91114,0.048,0.307,0.00
23.92129,0.032,0.393,0.00
23.93145,0.032,0.393,0.00
23.94159,0.015,0.521,0.00
23.95254,0.015,0.521,0.00
23.96275,-0.008,0.644,0.00
23.97304,-0.008,0.766,0.00
23.98320,-0.040,0.766,0.00
23.99335,-0.075,0.872,0.00
24.00352,-0.075,0.872,0.00
24.01369,-0.075,0.966,0.00
24.02385,-0.102,0.966,0.00
24.03402,-0.125,1.053,0.00
24.04422,-0.125,1.053,0.00
24.05437,-0.146,1.053,0.00
24.06453,-0.146,1.118,0.00
24.07470,-0.146,1.118,0.00
24.08487,-0.167,1.162,0.00
24.09503,-0.167,1.162,0.00
24.10518,-0.185,1.197,0.00
24.11534,-0.201,1.205,0.00
24.12551,-0.201,1.205,0.00
24.13566,-0.214,1.205,0.00
24.14580,-0.214,1.188,0.00
24.15594,-0.225,1.188,0.00
24.16628,-0.225,1.144,0.00
24.17742,-0.232,1.085,0.00
24.18773,-0.232,1.085,0.00
24.19794,-0.238,1.022,0.00
24.20809,-0.238,1.022,0.00
24.21824,-0.241,0.952,0.00
24.22846,-0.241,0.952,0.00
24.23863,-0.243,0.771,0.00
24.24911,-0.243,0.771,0.00
24.25927,-0.246,0.676,0.00
24.27035,-0.246,0.676,0.00
24.28055,-0.250,0.577,0.00
24.29071,-0.250,0.577,0.00
24.30088,-0.254,0.488,0.00
24.31114,-0.257,0.488,0.00
24.32184,-0.257,0.417,0.00
24.33200,-0.258,0.361,0.00
24.34222,-0.258,0.361,0.00
24.35246,-0.259,0.320,0.00
24.36262,-0.259,0.320,0.00
24.37277,-0.259,0.320,0.00
24.38301,-0.259,0.291,0.00
24.39354,-0.259,0.291,0.00
24.40371,-0.259,0.279,0.00
24.41387,-0.262,0.279,0.00
24.42416,-0.262,0.274,0.00
24.43457,-0.263,0.268,0.00
24.44487,-0.263,0.268,0.00
24.45525,-0.267,0.263,0.00
24.46574,-0.267,0.263,0.00
24.47606,-0.269,0.264,0.00
24.48677,-0.269,0.264,0.00
24.49693,-0.266,0.270,0.00
24.50750,-0.266,0.270,0.00
24.51790,-0.261,0.274,0.00
24.52817,-0.261,0.274,0.00
24.53825,-0.256,0.280,0.00
24.54841,-0.256,0.280,0.00
24.55858,-0.252,0.294,0.00
24.56902,-0.252,0.294,0.00
24.57951,-0.249,0.314,0.00
24.58973,-0.249,0.314,0.00
24.59988,-0.244,0.329,0.00
24.61003,-0.244,0.329,0.00
24.62020,-0.237,0.334,0.00
24.63034,-0.237,0.334,0.00
24.64048,-0.237,0.336,0.00
24.65072,-0.237,0.336,0.00
24.66081,-0.243,0.338,0.00
24.67232,-0.243,0.338,0.00
24.68250,-0.250,0.339,0.00
24.69266,-0.257,0.339,0.00
24.70316,-0.257,0.338,0.00
24.71344,-0.257,0.338,0.00
24.72383,-0.262,0.335,0.00
24.73409,-0.263,0.331,0.00
24.74450,-0.263,0.331,0.00
24.75507,-0.260,0.331,0.00
24.76504,-0.260,0.320,0.00
24.77518,-0.260,0.305,0.00
24.78533,-0.249,0.305,0.00
24.79627,-0.231,0.290,0.00
24.80643,-0.231,0.290,0.00
24.81660,-0.210,0.272,0.00
24.82680,-0.210,0.272,0.00
24.83705,-0.180,0.252,0.00
24.84894,-0.143,0.252,0.00
24.85910,-0.143,0.236,0.00
24.86930,-0.143,0.236,0.00
24.87947,-0.103,0.233,0.00
24.88963,-0.103,0.233,0.00
24.89987,-0.061,0.236,0.00
24.91087,-0.061,0.236,0.00
24.92115,-0.019,0.229,0.00
24.93144,-0.019,0.212,0.00
24.94182,0.020,0.212,0.00
24.95202,0.020,0.198,0.00
24.96217,0.057,0.198,0.00
24.97233,0.057,0.198,0.00
24.98251,0.092,0.191,0.00
24.99268,0.120,0.191,0.00
25.00306,0.120,0.182,0.00
25.01322,0.137,0.182,0.00
25.02357,0.137,0.179,0.00
25.03394,0.144,0.179,0.00
25.04430,0.144,0.188,0.00
25.05446,0.144,0.188,0.00
25.06462,0.147,0.191,0.00
25.07484,0.147,0.191,0.00
25.08500,0.155,0.192,0.00
25.09517,0.171,0.198,0.00
25.10533,0.171,0.198,0.00
25.11548,0.181,0.210,0.00
25.12563,0.181,0.210,0.00
25.13579,0.180,0.224,0.00
25.14595,0.180,0.224,0.00
25.15610,0.182,0.245,0.00
25.16627,0.182,0.245,0.00
25.17823,0.182,0.245,0.00
25.18891,0.187,0.273,0.00
25.19907,0.191,0.300,0.00
25.20923,0.191,0.300,0.00
25.21993,0.196,0.316,0.00
25.23395,0.196,0.324,0.00
25.24412,0.189,0.324,0.00
25.25449,0.173,0.318,0.00
25.26465,0.173,0.318,0.00
25.27481,0.158,0.299,0.00
25.28498,0.158,0.299,0.00
25.29512,0.158,0.299,0.00
25.30642,0.147,0.276,0.00
25.31716,0.133,0.251,0.00
25.32765,0.133,0.251,0.00
25.33781,0.122,0.251,0.00
25.34803,0.122,0.229,0.00
25.35819,0.115,0.215,0.00
25.36847,0.115,0.215,0.00
25.37872,0.108,0.207,0.00
25.38887,0.108,0.207,0.00
25.39906,0.105,0.198,0.00
25.40920,0.105,0.198,0.00
25.41945,0.106,0.180,0.00
25.42970,0.106,0.180,0.00
25.43993,0.113,0.166,0.00
25.45021,0.113,0.166,0.00
25.46048,0.122,0.166,0.00
25.47065,0.122,0.166,0.00
25.48082,0.131,0.177,0.00
25.49105,0.131,0.177,0.00
25.50137,0.137,0.204,0.00
25.51152,0.140,0.204,0.00
25.52181,0.140,0.229,0.00
25.53208,0.140,0.229,0.00
25.54223,0.140,0.244,0.00
25.55253,0.140,0.244,0.00
25.56269,0.135,0.254,0.00
25.57284,0.135,0.254,0.00
25.58305,0.131,0.264,0.00
25.59324,0.131,0.264,0.00
25.60340,0.126,0.273,0.00
25.61355,0.118,0.282,0.00
25.62371,0.118,0.282,0.00
25.63386,0.111,0.291,0.00
25.64409,0.111,0.291,0.00
25.65439,0.105,0.306,0.00
25.66471,0.105,0.306,0.00
25.67560,0.102,0.329,0.00
25.68585,0.102,0.329,0.00
25.69677,0.100,0.356,0.00
25.70700,0.100,0.356,0.00
25.71748,0.100,0.367,0.00
25.72816,0.100,0.367,0.00
25.73832,0.098,0.369,0.00
25.74912,0.098,0.369,0.00
25.75934,0.094,0.366,0.00
25.77204,0.094,0.366,0.00
25.78221,0.092,0.365,0.00
25.79236,0.092,0.365,0.00
25.80252,0.088,0.360,0.00
25.81267,0.088,0.360,0.00
25.82284,0.083,0.357,0.00
25.83397,0.083,0.357,0.00
25.84452,0.079,0.360,0.00
25.85467,0.079,0.360,0.00
25.86501,0.075,0.370,0.00
25.87531,0.073,0.380,0.00
25.88564,0.073,0.380,0.00
25.89594,0.073,0.380,0.00
25.90624,0.073,0.380,0.00
25.91657,0.073,0.384,0.00
25.92698,0.068,0.382,0.00
25.93728,0.068,0.382,0.00
25.94855,0.068,0.382,0.00
25.95879,0.065,0.366,0.00
25.96917,0.064,0.366,0.00
25.97950,0.064,0.350,0.00
25.98985,0.064,0.338,0.00
26.00019,0.061,0.338,0.00
26.01041,0.061,0.338,0.00
26.02058,0.059,0.334,0.00
26.03098,0.059,0.334,0.00
26.04107,0.063,0.340,0.00
26.05125,0.063,0.340,0.00
26.06139,0.062,0.345,0.00
26.07155,0.060,0.345,0.00
26.08172,0.060,0.348,0.00
26.09187,0.060,0.349,0.00
26.10216,0.060,0.349,0.00
26.11234,0.060,0.351,0.00
26.12249,0.065,0.351,0.00
26.13302,0.065,0.354,0.00
26.14318,0.072,0.354,0.00
26.15336,0.072,0.354,0.00
26.16351,0.080,0.354,0.00
26.17367,0.087,0.358,0.00
26.18382,0.087,0.358,0.00
26.19397,0.091,0.361,0.00
26.20413,0.091,0.361,0.00
26.21428,0.094,0.361,0.00
26.22443,0.094,0.361,0.00
26.23470,0.102,0.354,0.00
26.24508,0.102,0.354,0.00
26.25540,0.112,0.307,0.00
26.26578,0.112,0.307,0.00
26.27607,0.119,0.279,0.00
26.28650,0.119,0.279,0.00
26.29683,0.126,0.267,0.00
26.30723,0.126,0.267,0.00
26.31794,0.135,0.267,0.00
26.32816,0.135,0.267,0.00
26.33832,0.146,0.263,0.00
26.34863,0.146,0.263,0.00
26.35876,0.146,0.263,0.00
26.36892,0.157,0.261,0.00
26.37909,0.167,0.259,0.00
26.38936,0.167,0.259,0.00
26.39961,0.173,0.259,0.00
26.40982,0.173,0.259,0.00
26.42074,0.177,0.262,0.00
26.43099,0.177,0.262,0.00
26.44113,0.180,0.277,0.00
26.45149,0.180,0.277,0.00
26.46157,0.178,0.296,0.00
26.47171,0.174,0.347,0.00
26.48186,0.174,0.347,0.00
26.49212,0.174,0.347,0.00
26.50271,0.171,0.373,0.00
26.51308,0.171,0.373,0.00
26.52323,0.171,0.402,0.00
26.53339,0.164,0.434,0.00
26.54354,0.157,0.434,0.00
26.55384,0.157,0.461,0.00
26.56422,0.146,0.461,0.00
26.57456,0.135,0.482,0.00
26.58474,0.135,0.482,0.00
26.59546,0.127,0.498,0.00
26.60561,0.127,0.498,0.00
26.61602,0.114,0.506,0.00
26.62918,0.114,0.506,0.00
26.63935,0.094,0.506,0.00
26.64975,0.094,0.506,0.00
26.65990,0.077,0.503,0.00
26.67011,0.077,0.503,0.00
26.68027,0.067,0.490,0.00
26.69119,0.067,0.459,0.00
26.70145,0.052,0.459,0.00
26.71161,0.040,0.459,0.00
26.72177,0.040,0.410,0.00
26.73264,0.040,0.410,0.00
26.74281,0.031,0.336,0.00
26.75297,0.025,0.236,0.00
26.76313,0.025,0.236,0.00
26.77504,0.023,0.101,0.00
26.78520,0.023,0.101,0.00
26.79587,0.027,-0.016,0.00
26.80601,0.027,-0.016,0.00
26.81617,0.027,-0.016,0.00
26.82633,0.032,-0.104,0.00
26.83670,0.039,-0.164,0.00
26.84699,0.039,-0.164,0.00
26.85714,0.045,-0.218,0.00
26.86729,0.045,-0.218,0.00
26.87745,0.047,-0.258,0.00
26.88767,0.047,-0.258,0.00
26.89784,0.050,-0.285,0.00
26.90799,0.050,-0.285,0.00
26.91881,0.055,-0.300,0.00
26.92900,0.055,-0.300,0.00
26.93916,0.050,-0.308,0.00
26.94931,0.050,-0.308,0.00
26.96047,0.035,-0.298,0.00
26.97111,0.035,-0.298,0.00
26.98126,0.018,-0.277,0.00
26.99141,0.018,-0.277,0.00
27.00157,0.004,-0.252,0.00
27.01176,0.004,-0.252,0.00
27.02192,0.004,-0.252,0.00
27.03213,-0.019,-0.229,0.00
27.04264,-0.045,-0.212,0.00
27.05284,-0.045,-0.212,0.00
27.06302,-0.063,-0.208,0.00
27.07374,-0.063,-0.208,0.00
27.08390,-0.078,-0.225,0.00
27.09408,-0.087,-0.276,0.00
27.10423,-0.087,-0.276,0.00
27.11438,-0.087,-0.365,0.00
27.12454,-0.086,-0.365,0.00
27.13508,-0.076,-0.475,0.00
27.14530,-0.076,-0.475,0.00
27.15545,-0.065,-0.604,0.00
27.16565,-0.065,-0.604,0.00
27.17603,-0.065,-0.604,0.00
27.18646,-0.065,-0.604,0.00
27.19747,-0.065,-0.604,0.00
27.20764,-0.028,-0.726,0.00
27.21781,-0.006,-0.819,0.00
27.22837,-0.006,-0.873,0.00
27.23852,0.022,-0.898,0.00
27.24868,0.022,-0.898,0.00
27.25884,0.053,-0.918,0.00
27.26900,0.053,-0.918,0.00
27.27916,0.085,-0.925,0.00
27.28938,0.085,-0.925,0.00
27.29954,0.110,-0.923,0.00
27.30971,0.110,-0.923,0.00
27.31987,0.135,-0.906,0.00
27.33003,0.135,-0.906,0.00
27.34020,0.161,-0.850,0.00
27.35207,0.161,-0.763,0.00
27.36223,0.177,-0.763,0.00
27.37240,0.178,-0.763,0.00
27.38256,0.178,-0.656,0.00
27.39274,0.178,-0.656,0.00
27.40303,0.180,-0.540,0.00
27.41324,0.180,-0.424,0.00
27.42341,0.193,-0.424,0.00
27.43357,0.193,-0.424,0.00
27.44375,0.199,-0.310,0.00
27.45391,0.199,-0.310,0.00
27.46414,0.196,-0.244,0.00
27.47444,0.197,-0.193,0.00
27.48461,0.197,-0.193,0.00
27.49477,0.205,-0.154,0.00
27.50493,0.205,-0.154,0.00
27.51544,0.210,-0.121,0.00
27.52557,0.210,-0.121,0.00
27.53577,0.217,-0.102,0.00
27.54595,0.217,-0.102,0.00
27.55610,0.221,-0.096,0.00
27.56625,0.221,-0.096,0.00
27.57662,0.222,-0.096,0.00
27.58682,0.222,-0.089,0.00
27.59699,0.218,-0.099,0.00
27.60719,0.218,-0.099,0.00
27.61733,0.224,-0.127,0.00
27.62747,0.224,-0.127,0.00
27.63760,0.231,-0.153,0.00
27.64791,0.231,-0.153,0.00
27.65814,0.234,-0.176,0.00
27.66862,0.234,-0.176,0.00
27.67877,0.236,-0.196,0.00
27.68935,0.236,-0.196,0.00
27.69951,0.239,-0.212,0.00
27.70986,0.239,-0.212,0.00
27.72016,0.239,-0.237,0.00
27.73032,0.246,-0.237,0.00
27.74062,0.256,-0.237,0.00
27.75080,0.256,-0.265,0.00
27.76104,0.256,-0.265,0.00
27.77140,0.256,-0.265,0.00
27.78174,0.256,-0.265,0.00
27.79191,0.256,-0.265,0.00
27.80212,0.256,-0.265,0.00
27.81233,0.269,-0.285,0.00
27.82259,0.281,-0.321,0.00
27.83286,0.300,-0.344,0.00
27.84305,0.300,-0.344,0.00
27.85327,0.300,-0.344,0.00
27.86352,0.300,-0.344,0.00
27.87391,0.300,-0.344,0.00
27.88425,0.300,-0.344,0.00
27.89461,0.300,-0.344,0.00
27.90497,0.300,-0.344,0.00
27.91529,0.300,-0.344,0.00
27.92564,0.300,-0.344,0.00
27.93633,0.300,-0.344,0.00
27.94768,0.307,-0.338,0.00
27.95825,0.312,-0.336,0.00
27.96841,0.316,-0.335,0.00
27.97936,0.314,-0.331,0.00
27.98952,0.314,-0.331,0.00
27.99970,0.306,-0.312,0.00
28.01023,0.297,-0.303,0.00
28.02009,0.290,-0.291,0.00
28.03026,0.294,-0.291,0.00
28.04042,0.300,-0.295,0.00
28.05074,0.300,-0.295,0.00
28.06091,0.304,-0.294,0.00
28.07117,0.304,-0.294,0.00
28.08134,0.310,-0.287,0.00
28.09150,0.310,-0.287,0.00
28.10166,0.318,-0.280,0.00
28.11183,0.318,-0.278,0.00
28.12199,0.319,-0.278,0.00
28.13229,0.319,-0.278,0.00
28.14255,0.318,-0.278,0.00
28.15287,0.317,-0.282,0.00
28.16325,0.317,-0.282,0.00
28.17364,0.318,-0.278,0.00
28.18397,0.318,-0.278,0.00
28.19413,0.318,-0.274,0.00
28.20429,0.317,-0.274,0.00
28.21444,0.318,-0.272,0.00
28.22458,0.318,-0.272,0.00
28.23478,0.318,-0.272,0.00
28.24497,0.319,-0.268,0.00
28.25512,0.318,-0.269,0.00
28.26527,0.318,-0.269,0.00
28.27557,0.321,-0.277,0.00
28.28571,0.321,-0.277,0.00
28.29586,0.326,-0.277,0.00
28.30611,0.326,-0.279,0.00
28.31633,0.333,-0.283,0.00
28.32667,0.333,-0.283,0.00
28.33705,0.343,-0.284,0.00
28.34729,0.343,-0.284,0.00
28.35793,0.353,-0.286,0.00
28.36825,0.353,-0.286,0.00
28.37857,0.365,-0.289,0.00
28.38876,0.365,-0.289,0.00
28.39899,0.376,-0.295,0.00
28.40915,0.376,-0.295,0.00
28.41931,0.389,-0.304,0.00
28.42951,0.389,-0.304,0.00
28.43966,0.399,-0.320,0.00
28.44989,0.399,-0.320,0.00
28.46002,0.406,-0.320,0.00
28.47020,0.406,-0.337,0.00
28.48047,0.408,-0.344,0.00
28.49112,0.407,-0.344,0.00
28.50130,0.407,-0.345,0.00
28.51148,0.407,-0.345,0.00
28.52164,0.409,-0.342,0.00
28.53180,0.409,-0.342,0.00
28.54196,0.408,-0.337,0.00
28.55219,0.408,-0.337,0.00
28.56235,0.403,-0.330,0.00
28.57252,0.397,-0.319,0.00
28.58269,0.397,-0.319,0.00
28.59285,0.390,-0.314,0.00
28.60315,0.390,-0.314,0.00
28.61336,0.380,-0.314,0.00
28.62353,0.380,-0.316,0.00
28.63437,0.369,-0.333,0.00
28.64454,0.369,-0.333,0.00
28.65511,0.369,-0.333,0.00
28.66527,0.360,-0.354,0.00
28.67544,0.360,-0.354,0.00
28.68559,0.351,-0.372,0.00
28.69575,0.351,-0.372,0.00
28.70592,0.340,-0.388,0.00
28.71609,0.328,-0.405,0.00
28.72631,0.328,-0.405,0.00
28.73645,0.316,-0.419,0.00
28.74660,0.316,-0.419,0.00
28.75679,0.303,-0.427,0.00
28.76699,0.303,-0.427,0.00
28.77716,0.285,-0.431,0.00
28.78731,0.285,-0.431,0.00
28.79746,0.285,-0.431,0.00
28.80766,0.265,-0.437,0.00
28.81792,0.246,-0.448,0.00
28.82837,0.246,-0.448,0.00
28.83864,0.228,-0.465,0.00
28.84935,0.228,-0.465,0.00
28.85951,0.211,-0.491,0.00
28.86970,0.211,-0.491,0.00
28.87986,0.194,-0.528,0.00
28.89002,0.194,-0.528,0.00
28.90031,0.178,-0.554,0.00
28.91051,0.178,-0.554,0.00
28.92083,0.162,-0.584,0.00
28.93108,0.149,-0.584,0.00
28.94134,0.149,-0.618,0.00
28.95165,0.149,-0.618,0.00
28.96171,0.142,-0.648,0.00
28.97312,0.142,-0.648,0.00
28.98328,0.134,-0.675,0.00
28.99352,0.125,-0.699,0.00
29.00363,0.125,-0.699,0.00
29.01388,0.125,-0.699,0.00
29.02421,0.116,-0.724,0.00
29.03437,0.112,-0.755,0.00
29.04452,0.112,-0.755,0.00
29.05477,0.112,-0.755,0.00
29.06491,0.111,-0.780,0.00
29.07517,0.111,-0.780,0.00
29.08551,0.111,-0.807,0.00
29.09592,0.118,-0.832,0.00
29.10720,0.118,-0.832,0.00
29.11754,0.122,-0.855,0.00
29.12801,0.122,-0.855,0.00
29.13833,0.129,-0.879,0.00
29.14885,0.129,-0.879,0.00
29.15911,0.138,-0.892,0.00
29.17000,0.138,-0.892,0.00
29.18023,0.149,-0.894,0.00
29.19075,0.149,-0.894,0.00
29.20084,0.162,-0.898,0.00
29.21115,0.162,-0.898,0.00
29.22153,0.176,-0.898,0.00
29.23185,0.176,-0.898,0.00
29.24201,0.189,-0.903,0.00
29.25216,0.189,-0.903,0.00
29.26260,0.203,-0.903,0.00
29.27348,0.203,-0.903,0.00
29.28364,0.217,-0.892,0.00
29.29380,0.232,-0.871,0.00
29.30397,0.232,-0.871,0.00
29.31415,0.232,-0.871,0.00
29.32431,0.247,-0.852,0.00
29.33509,0.261,-0.831,0.00
29.34525,0.261,-0.831,0.00
29.35562,0.274,-0.804,0.00
29.36580,0.274,-0.804,0.00
29.37595,0.274,-0.804,0.00
29.38611,0.274,-0.804,0.00
29.39627,0.301,-0.741,0.00
29.40644,0.301,-0.741,0.00
29.41659,0.310,-0.701,0.00
29.42787,0.310,-0.701,0.00
29.43804,0.322,-0.662,0.00
29.44900,0.322,-0.662,0.00
29.45918,0.334,-0.629,0.00
29.47033,0.334,-0.629,0.00
29.48130,0.345,-0.596,0.00
29.49150,0.345,-0.596,0.00
29.50167,0.355,-0.570,0.00
29.51183,0.355,-0.570,0.00
29.52199,0.367,-0.539,0.00
29.53217,0.367,-0.539,0.00
29.54234,0.376,-0.513,0.00
29.55249,0.376,-0.513,0.00
29.56263,0.377,-0.498,0.00
29.57277,0.377,-0.498,0.00
29.58303,0.380,-0.477,0.00
29.59394,0.380,-0.477,0.00
29.60394,0.385,-0.451,0.00
29.61410,0.386,-0.451,0.00
29.62428,0.386,-0.435,0.00
29.63452,0.386,-0.435,0.00
29.64468,0.385,-0.421,0.00
29.65554,0.381,-0.404,0.00
29.66569,0.381,-0.404,0.00
29.67586,0.381,-0.404,0.00
29.68601,0.379,-0.384,0.00
29.69618,0.380,-0.385,0.00
29.70644,0.380,-0.385,0.00
29.71660,0.379,-0.384,0.00
29.72707,0.379,-0.384,0.00
29.73732,0.379,-0.384,0.00
29.74764,0.379,-0.391,0.00
29.75780,0.379,-0.385,0.00
29.76795,0.379,-0.385,0.00
29.77819,0.379,-0.385,0.00
29.78830,0.381,-0.374,0.00
29.79847,0.387,-0.359,0.00
29.80871,0.387,-0.359,0.00
29.81968,0.392,-0.342,0.00
29.82984,0.392,-0.342,0.00
29.84000,0.396,-0.313,0.00
29.85041,0.396,-0.313,0.00
29.86067,0.399,-0.296,0.00
29.87150,0.399,-0.296,0.00
29.88242,0.403,-0.279,0.00
29.89258,0.407,-0.264,0.00
29.90274,0.407,-0.264,0.00
29.91300,0.411,-0.266,0.00
29.92341,0.411,-0.266,0.00
29.93379,0.413,-0.269,0.00
29.94413,0.413,-0.269,0.00
29.95444,0.409,-0.261,0.00
29.96475,0.409,-0.261,0.00
29.97501,0.406,-0.261,0.00
29.98526,0.406,-0.253,0.00
29.99554,0.407,-0.235,0.00
30.00573,0.407,-0.235,0.00
30.01597,0.406,-0.220,0.00
30.02615,0.406,-0.220,0.00
30.03629,0.407,-0.217,0.00
30.04643,0.407,-0.217,0.00
30.05658,0.407,-0.221,0.00
30.06673,0.407,-0.221,0.00
30.07759,0.410,-0.218,0.00
30.08881,0.410,-0.218,0.00
30.09909,0.417,-0.222,0.00
30.11020,0.417,-0.222,0.00
30.12033,0.430,-0.234,0.00
30.13052,0.430,-0.234,0.00
30.14074,0.446,-0.240,0.00
30.15099,0.446,-0.259,0.00
30.16115,0.460,-0.259,0.00
30.17133,0.460,-0.259,0.00
30.18149,0.473,-0.274,0.00
30.19169,0.473,-0.274,0.00
30.20185,0.488,-0.294,0.00
30.21216,0.488,-0.294,0.00
30.22365,0.500,-0.297,0.00
30.23379,0.503,-0.297,0.00
30.24395,0.503,-0.290,0.00
30.25411,0.510,-0.275,0.00
30.26425,0.510,-0.275,0.00
30.27441,0.517,-0.251,0.00
30.28457,0.517,-0.251,0.00
30.29473,0.517,-0.251,0.00
30.30487,0.523,-0.226,0.00
30.31519,0.523,-0.226,0.00
30.32536,0.524,-0.202,0.00
30.33551,0.523,-0.173,0.00
30.34567,0.523,-0.173,0.00
30.35582,0.524,-0.167,0.00
30.36596,0.524,-0.167,0.00
30.37666,0.527,-0.151,0.00
30.38707,0.527,-0.151,0.00
30.39724,0.535,-0.136,0.00
30.40744,0.535,-0.136,0.00
30.41784,0.534,-0.109,0.00
30.42833,0.534,-0.109,0.00
30.43863,0.535,-0.074,0.00
30.44914,0.535,-0.074,0.00
30.45944,0.542,-0.035,0.00
30.47015,0.551,0.022,0.00
30.48034,0.551,0.022,0.00
30.49079,0.559,0.049,0.00
30.50096,0.559,0.049,0.00
30.51111,0.559,0.049,0.00
30.52129,0.559,0.049,0.00
30.53145,0.577,0.128,0.00
30.54159,0.577,0.128,0.00
30.55178,0.577,0.128,0.00
30.56194,0.577,0.166,0.00
30.57220,0.581,0.223,0.00
30.58250,0.581,0.223,0.00
30.59272,0.587,0.223,0.00
30.60300,0.587,0.280,0.00
30.61334,0.587,0.280,0.00
30.62346,0.587,0.314,0.00
30.63362,0.590,0.321,0.00
30.64382,0.590,0.321,0.00
30.65411,0.590,0.321,0.00
30.66426,0.596,0.343,0.00
30.67442,0.596,0.343,0.00
30.68458,0.602,0.353,0.00
30.69486,0.602,0.353,0.00
30.70503,0.600,0.340,0.00
30.71548,0.598,0.328,0.00
30.72564,0.598,0.328,0.00
30.73613,0.595,0.311,0.00
30.74634,0.595,0.311,0.00
30.75651,0.591,0.295,0.00
30.76674,0.591,0.295,0.00
30.77691,0.581,0.297,0.00
30.78707,0.581,0.297,0.00
30.79725,0.569,0.322,0.00
30.80762,0.569,0.322,0.00
30.81817,0.558,0.310,0.00
30.82844,0.558,0.310,0.00
30.83859,0.549,0.290,0.00
30.84914,0.549,0.290,0.00
30.85931,0.538,0.291,0.00
30.86946,0.538,0.291,0.00
30.87975,0.524,0.322,0.00
30.88995,0.524,0.322,0.00
30.90024,0.510,0.322,0.00
30.91041,0.510,0.335,0.00
30.92070,0.494,0.349,0.00
30.93085,0.494,0.349,0.00
30.94100,0.480,0.357,0.00
30.95116,0.480,0.358,0.00
30.96132,0.468,0.358,0.00
30.97154,0.468,0.354,0.00
30.98171,0.457,0.354,0.00
30.99215,0.448,0.356,0.00
31.00244,0.448,0.356,0.00
31.01360,0.440,0.356,0.00
31.02379,0.440,0.356,0.00
31.03458,0.433,0.359,0.00
31.04475,0.433,0.359,0.00
31.05537,0.427,0.359,0.00
31.06727,0.427,0.359,0.00
31.07744,0.420,0.360,0.00
31.08763,0.420,0.360,0.00
31.09827,0.414,0.369,0.00
31.10909,0.414,0.369,0.00
31.11933,0.413,0.376,0.00
31.12950,0.413,0.376,0.00
31.13984,0.412,0.375,0.00
31.14999,0.412,0.375,0.00
31.16029,0.411,0.391,0.00
31.17047,0.411,0.391,0.00
31.18063,0.411,0.391,0.00
31.19078,0.405,0.419,0.00
31.20095,0.405,0.442,0.00
31.21114,0.405,0.442,0.00
31.22129,0.403,0.455,0.00
31.23144,0.403,0.455,0.00
31.24160,0.398,0.477,0.00
31.25176,0.391,0.500,0.00
31.26192,0.391,0.500,0.00
31.27218,0.391,0.500,0.00
31.28249,0.386,0.510,0.00
31.29265,0.386,0.532,0.00
31.30280,0.380,0.532,0.00
31.31305,0.376,0.544,0.00
31.32326,0.376,0.544,0.00
31.33351,0.376,0.553,0.00
31.34368,0.373,0.553,0.00
31.35385,0.367,0.571,0.00
31.36400,0.367,0.571,0.00
31.37416,0.360,0.571,0.00
31.38432,0.360,0.596,0.00
31.39460,0.360,0.596,0.00
31.40477,0.350,0.624,0.00
31.41503,0.347,0.651,0.00
31.42519,0.347,0.651,0.00
31.43586,0.343,0.690,0.00
31.44606,0.343,0.690,0.00
31.45645,0.339,0.755,0.00
31.46661,0.339,0.755,0.00
31.47707,0.333,0.823,0.00
31.49024,0.333,0.823,0.00
31.50040,0.326,0.894,0.00
31.51065,0.326,0.894,0.00
31.52072,0.320,0.966,0.00
31.53114,0.313,1.014,0.00
31.54129,0.313,1.014,0.00
31.55145,0.304,1.020,0.00
31.56177,0.304,1.020,0.00
31.57234,0.294,1.048,0.00
31.58251,0.294,1.048,0.00
31.59267,0.281,1.087,0.00
31.60282,0.281,1.087,0.00
31.61299,0.266,1.155,0.00
31.62330,0.266,1.155,0.00
31.63348,0.249,1.236,0.00
31.64364,0.249,1.236,0.00
31.65383,0.235,1.335,0.00
31.66413,0.235,1.335,0.00
31.67431,0.235,1.415,0.00
31.68447,0.222,1.415,0.00
31.69465,0.213,1.480,0.00
31.70481,0.213,1.480,0.00
31.71504,0.213,1.480,0.00
31.72530,0.207,1.542,0.00
31.73537,0.204,1.610,0.00
31.74561,0.204,1.610,0.00
31.75577,0.203,1.649,0.00
31.76593,0.203,1.649,0.00
31.77609,0.200,1.674,0.00
31.78638,0.200,1.674,0.00
31.79664,0.195,1.708,0.00
31.80680,0.195,1.708,0.00
31.81704,0.195,1.708,0.00
31.82749,0.185,1.732,0.00
31.83766,0.180,1.723,0.00
31.84818,0.180,1.723,0.00
31.85834,0.177,1.733,0.00
31.86875,0.177,1.733,0.00
31.87904,0.172,1.731,0.00
31.88930,0.172,1.731,0.00
31.89944,0.172,1.731,0.00
31.90963,0.172,1.731,0.00
31.91990,0.172,1.731,0.00
31.93002,0.169,1.725,0.00
31.94019,0.175,1.681,0.00
31.95056,0.175,1.681,0.00
31.96094,0.177,1.626,0.00
31.97143,0.177,1.626,0.00
31.98178,0.177,1.626,0.00
31.99261,0.176,1.568,0.00
32.00275,0.173,1.509,0.00
32.01291,0.173,1.509,0.00
32.02309,0.173,1.509,0.00
32.03323,0.173,1.509,0.00
32.04355,0.173,1.509,0.00
32.05447,0.159,1.390,0.00
32.06456,0.159,1.325,0.00
32.07473,0.157,1.263,0.00
32.08504,0.157,1.263,0.00
32.09541,0.157,1.215,0.00
32.10568,0.158,1.215,0.00
32.11584,0.155,1.170,0.00
32.12604,0.155,1.170,0.00
32.13625,0.155,1.142,0.00
32.14645,0.155,1.142,0.00
32.15691,0.157,1.122,0.00
32.16706,0.157,1.122,0.00
32.17720,0.160,1.091,0.00
32.18753,0.160,1.091,0.00
32.19771,0.163,1.073,0.00
32.20812,0.163,1.073,0.00
32.21841,0.164,1.089,0.00
32.22861,0.164,1.089,0.00
32.23885,0.164,1.111,0.00
32.24955,0.164,1.111,0.00
32.25969,0.165,1.130,0.00
32.26984,0.165,1.152,0.00
32.28001,0.167,1.152,0.00
32.29117,0.167,1.152,0.00
32.30136,0.169,1.152,0.00
32.31151,0.169,1.161,0.00
32.32167,0.174,1.153,0.00
32.33194,0.174,1.153,0.00
32.34211,0.180,1.127,0.00
32.35263,0.180,1.127,0.00
32.36287,0.184,1.119,0.00
32.37303,0.192,1.122,0.00
32.38319,0.192,1.122,0.00
32.39334,0.200,1.126,0.00
32.40360,0.200,1.126,0.00
32.41376,0.210,1.122,0.00
32.42391,0.210,1.122,0.00
32.43422,0.210,1.122,0.00
32.44451,0.219,1.112,0.00
32.45483,0.226,1.105,0.00
32.46518,0.226,1.105,0.00
32.47549,0.232,1.106,0.00
32.48588,0.232,1.106,0.00
32.49624,0.232,1.106,0.00
32.50649,0.232,1.115,0.00
32.51664,0.244,1.134,0.00
32.52678,0.244,1.134,0.00
32.53693,0.244,1.134,0.00
32.54710,0.247,1.154,0.00
32.55726,0.248,1.166,0.00
32.56743,0.248,1.166,0.00
32.57778,0.248,1.174,0.00
32.58796,0.248,1.174,0.00
32.59812,0.249,1.183,0.00
32.60840,0.249,1.183,0.00
32.61857,0.245,1.186,0.00
32.62873,0.245,1.186,0.00
32.63896,0.245,1.186,0.00
32.64930,0.237,1.185,0.00
32.65967,0.230,1.184,0.00
32.67001,0.230,1.184,0.00
32.68017,0.222,1.186,0.00
32.69032,0.222,1.186,0.00
32.70048,0.215,1.175,0.00
32.71068,0.215,1.175,0.00
32.72171,0.214,1.157,0.00
32.73202,0.214,1.157,0.00
32.74218,0.215,1.134,0.00
32.75233,0.215,1.134,0.00
32.76249,0.215,1.134,0.00
32.77264,0.220,1.092,0.00
32.78280,0.220,1.022,0.00
32.79300,0.220,1.022,0.00
32.80316,0.230,0.922,0.00
32.81332,0.230,0.922,0.00
32.82347,0.242,0.825,0.00
32.83363,0.242,0.825,0.00
32.84389,0.251,0.713,0.00
32.85405,0.251,0.713,0.00
32.86422,0.258,0.618,0.00
32.87437,0.262,0.532,0.00
32.88452,0.262,0.532,0.00
32.89478,0.265,0.431,0.00
32.90513,0.265,0.431,0.00
32.91530,0.266,0.241,0.00
32.92545,0.266,0.241,0.00
32.93561,0.264,0.162,0.00
32.94578,0.264,0.162,0.00
32.95647,0.262,0.048,0.00
32.96663,0.262,0.048,0.00
32.97707,0.262,-0.040,0.00
32.98742,0.262,-0.040,0.00
32.99759,0.266,-0.109,0.00
33.00775,0.266,-0.109,0.00
33.01791,0.266,-0.109,0.00
33.02813,0.273,-0.179,0.00
33.03829,0.280,-0.240,0.00
33.04845,0.280,-0.240,0.00
33.05861,0.286,-0.303,0.00
33.06882,0.286,-0.303,0.00
33.07915,0.293,-0.345,0.00
33.08934,0.293,-0.345,0.00
33.09950,0.293,-0.385,0.00
33.11051,0.301,-0.385,0.00
33.12068,0.312,-0.404,0.00
33.13096,0.325,-0.404,0.00
33.14112,0.325,-0.415,0.00
33.15129,0.325,-0.415,0.00
33.16145,0.337,-0.400,0.00
33.17263,0.337,-0.400,0.00
33.18300,0.356,-0.389,0.00
33.19317,0.380,-0.390,0.00
33.20404,0.380,-0.390,0.00
33.21420,0.408,-0.374,0.00
33.22449,0.408,-0.374,0.00
33.23516,0.447,-0.353,0.00
33.24533,0.447,-0.353,0.00
33.25660,0.495,-0.328,0.00
33.26780,0.495,-0.328,0.00
33.27814,0.551,-0.288,0.00
33.28835,0.551,-0.288,0.00
33.29850,0.612,-0.239,0.00
33.30868,0.612,-0.239,0.00
33.31903,0.612,-0.239,0.00
33.32998,0.669,-0.186,0.00
33.34028,0.723,-0.088,0.00
33.35148,0.774,-0.030,0.00
33.36165,0.774,-0.030,0.00
33.37217,0.819,-0.030,0.00
33.38245,0.819,-0.039,0.00
33.39285,0.864,-0.039,0.00
33.40301,0.864,0.011,0.00
33.41342,0.907,0.067,0.00
33.42361,0.907,0.067,0.00
33.43378,0.945,0.114,0.00
33.44394,0.945,0.114,0.00
33.45410,0.977,0.155,0.00
33.46425,0.977,0.155,0.00
33.47441,0.977,0.155,0.00
33.48458,0.998,0.190,0.00
33.49512,1.012,0.205,0.00
33.50526,1.012,0.205,0.00
33.51561,1.018,0.214,0.00
33.52601,1.018,0.214,0.00
33.53642,1.021,0.214,0.00
33.54666,1.021,0.214,0.00
33.55710,1.024,0.201,0.00
33.56763,1.024,0.201,0.00
33.57778,1.024,0.172,0.00
33.58794,1.024,0.172,0.00
33.59810,1.029,0.136,0.00
33.60835,1.029,0.136,0.00
33.61851,1.030,0.098,0.00
33.62873,1.030,0.098,0.00
33.63901,1.036,0.085,0.00
33.64922,1.036,0.085,0.00
33.65937,1.041,0.058,0.00
33.66955,1.041,0.058,0.00
33.67970,1.043,0.002,0.00
33.68988,1.041,-0.083,0.00
33.70002,1.041,-0.083,0.00
33.71046,1.041,-0.083,0.00
33.72060,1.042,-0.195,0.00
33.73075,1.042,-0.195,0.00
33.74092,1.042,-0.332,0.00
33.75108,1.043,-0.512,0.00
33.76124,1.043,-0.512,0.00
33.77139,1.035,-0.725,0.00
33.78162,1.035,-0.725,0.00
33.79192,1.035,-0.939,0.00
33.80225,1.019,-0.939,0.00
33.81240,1.019,-0.939,0.00
33.82256,1.003,-1.169,0.00
33.83273,1.003,-1.169,0.00
33.84299,0.992,-1.410,0.00
33.85314,0.981,-1.410,0.00
33.86330,0.981,-1.639,0.00
33.87351,0.970,-1.867,0.00
33.88380,0.970,-1.867,0.00
33.89396,0.970,-1.867,0.00
33.90412,0.971,-2.120,0.00
33.91427,0.995,-2.120,0.00
33.92461,0.995,-2.367,0.00
33.93533,1.037,-2.613,0.00
33.94567,1.037,-2.613,0.00
33.95591,1.084,-2.823,0.00
33.96605,1.084,-2.823,0.00
33.97621,1.148,-2.998,0.00
33.98636,1.148,-2.998,0.00
33.99652,1.221,-3.155,0.00
34.00672,1.221,-3.155,0.00
34.01688,1.298,-3.302,0.00
34.02710,1.298,-3.302,0.00
34.03743,1.298,-3.302,0.00
34.04763,1.356,-3.456,0.00
34.05779,1.404,-3.679,0.00
34.06801,1.404,-3.679,0.00
34.07816,1.438,-3.897,0.00
34.08889,1.438,-3.897,0.00
34.09957,1.456,-4.154,0.00
34.11012,1.456,-4.154,0.00
34.12026,1.453,-4.396,0.00
34.13102,1.453,-4.396,0.00
34.14135,1.438,-4.648,0.00
34.15160,1.413,-4.946,0.00
34.16183,1.413,-4.946,0.00
34.17237,1.413,-4.946,0.00
34.18252,1.378,-4.946,0.00
34.19296,1.347,-5.219,0.00
34.20336,1.347,-5.510,0.00
34.21351,1.326,-5.510,0.00
34.22367,1.326,-5.871,0.00
34.23382,1.310,-5.871,0.00
34.24405,1.310,-6.112,0.00
34.25421,1.310,-6.348,0.00
34.26436,1.310,-6.348,0.00
34.27456,1.310,-6.348,0.00
34.28472,1.329,-6.360,0.00
34.29487,1.352,-6.335,0.00
34.30513,1.352,-6.335,0.00
34.31529,1.352,-6.260,0.00
34.32543,1.370,-6.260,0.00
34.33559,1.379,-6.165,0.00
34.34575,1.379,-6.165,0.00
34.35590,1.374,-6.050,0.00
34.36607,1.374,-6.050,0.00
34.37622,1.374,-6.050,0.00
34.38637,1.374,-6.050,0.00
34.39672,1.363,-6.050,0.00
34.40687,1.363,-5.926,0.00
34.41703,1.336,-5.763,0.00
34.42720,1.336,-5.763,0.00
34.43807,1.330,-5.686,0.00
34.44837,1.330,-5.686,0.00
34.45854,1.330,-5.623,0.00
34.46879,1.330,-5.623,0.00
34.47896,1.330,-5.623,0.00
34.48921,1.330,-5.623,0.00
34.49937,1.330,-5.623,0.00
34.51001,1.341,-5.549,0.00
34.52042,1.361,-5.479,0.00
34.53113,1.382,-5.422,0.00
34.54127,1.396,-5.371,0.00
34.55149,1.407,-5.371,0.00
34.56181,1.407,-5.328,0.00
34.57325,1.407,-5.328,0.00
34.58343,1.416,-5.284,0.00
34.59359,1.419,-5.284,0.00
34.60375,1.419,-5.247,0.00
34.61391,1.419,-5.247,0.00
34.62409,1.410,-5.221,0.00
34.63425,1.410,-5.221,0.00
34.64442,1.410,-5.221,0.00
34.65457,1.377,-5.188,0.00
34.66468,1.377,-5.188,0.00
34.67505,1.354,-5.191,0.00
34.68521,1.354,-5.191,0.00
34.69537,1.354,-5.191,0.00
34.70551,1.354,-5.191,0.00
34.71567,1.324,-5.200,0.00
34.72581,1.295,-5.204,0.00
34.73620,1.273,-5.209,0.00
34.74653,1.273,-5.209,0.00
34.75681,1.253,-5.220,0.00
34.76717,1.253,-5.220,0.00
34.77734,1.232,-5.221,0.00
34.78765,1.232,-5.221,0.00
34.79785,1.209,-5.214,0.00
34.80829,1.209,-5.214,0.00
34.81886,1.188,-5.223,0.00
34.83056,1.188,-5.223,0.00
34.84071,1.163,-5.248,0.00
34.85086,1.163,-5.248,0.00
34.86129,1.139,-5.278,0.00
34.87171,1.139,-5.299,0.00
34.88208,1.118,-5.299,0.00
34.89287,1.118,-5.299,0.00
34.90304,1.093,-5.299,0.00
34.91354,1.093,-5.328,0.00
34.92374,1.069,-5.362,0.00
34.93390,1.046,-5.391,0.00
34.94406,1.046,-5.391,0.00
34.95422,1.046,-5.391,0.00
34.96454,1.030,-5.412,0.00
34.97470,1.016,-5.436,0.00
34.98486,1.016,-5.436,0.00
34.99504,1.003,-5.436,0.00
35.00523,1.003,-5.463,0.00
35.01539,1.000,-5.501,0.00
35.02572,1.000,-5.501,0.00
35.03588,1.005,-5.541,0.00
35.04609,1.005,-5.541,0.00
35.05633,1.006,-5.582,0.00
35.06649,1.006,-5.582,0.00
35.07664,1.006,-5.621,0.00
35.08733,1.006,-5.621,0.00
35.09748,1.002,-5.677,0.00
35.10822,1.002,-5.677,0.00
35.11847,0.997,-5.755,0.00
35.12938,0.997,-5.755,0.00
35.13945,0.990,-5.848,0.00
35.15033,0.981,-5.848,0.00
35.16050,0.981,-5.966,0.00
35.17204,0.969,-5.966,0.00
35.18253,0.969,-6.126,0.00
35.19331,0.969,-6.126,0.00
35.20408,0.950,-6.289,0.00
35.21414,0.936,-6.493,0.00
35.22429,0.936,-6.493,0.00
35.23445,0.924,-6.717,0.00
35.24461,0.924,-6.717,0.00
35.25476,0.909,-6.940,0.00
35.26492,0.909,-6.940,0.00
35.27536,0.892,-7.165,0.00
35.28566,0.892,-7.165,0.00
35.29582,0.892,-7.373,0.00
35.30599,0.873,-7.373,0.00
35.31615,0.853,-7.534,0.00
35.32630,0.853,-7.534,0.00
35.33655,0.828,-7.671,0.00
35.34729,0.828,-7.671,0.00
35.35859,0.801,-7.765,0.00
35.36906,0.801,-7.765,0.00
35.37948,0.767,-7.837,0.00
35.38998,0.767,-7.837,0.00
35.40021,0.728,-7.837,0.00
35.41058,0.728,-7.927,0.00
35.42097,0.728,-7.927,0.00
35.43136,0.728,-7.927,0.00
35.44220,0.649,-8.033,0.00
35.45235,0.649,-8.144,0.00
35.46256,0.615,-8.279,0.00
35.47272,0.615,-8.438,0.00
35.48299,0.577,-8.438,0.00
35.49315,0.577,-8.438,0.00
35.50331,0.545,-8.615,0.00
35.51348,0.545,-8.615,0.00
35.52365,0.545,-8.615,0.00
35.53381,0.545,-8.615,0.00
35.54397,0.545,-8.615,0.00
35.55413,0.508,-8.615,0.00
35.56436,0.476,-9.016,0.00
35.57633,0.420,-9.373,0.00
35.58822,0.420,-9.373,0.00
35.59837,0.396,-9.486,0.00
35.60853,0.396,-9.486,0.00
35.61868,0.396,-9.486,0.00
35.62884,0.396,-9.486,0.00
35.63911,0.396,-9.486,0.00
35.64926,0.377,-9.486,0.00
35.65942,0.354,-9.484,0.00
35.66961,0.325,-9.382,0.00
35.67977,0.298,-9.382,0.00
35.69006,0.298,-9.230,0.00
35.70031,0.278,-9.104,0.00
35.71058,0.278,-9.104,0.00
35.72077,0.278,-9.104,0.00
35.73107,0.278,-9.104,0.00
35.74130,0.278,-9.104,0.00
35.75161,0.278,-9.104,0.00
35.76167,0.258,-8.971,0.00
35.77262,0.256,-8.966,0.00
35.78276,0.261,-9.011,0.00
35.79292,0.261,-9.011,0.00
35.80324,0.261,-9.011,0.00
35.81344,0.261,-9.011,0.00
35.82359,0.279,-9.090,0.00
35.83375,0.310,-9.167,0.00
35.84390,0.351,-9.219,0.00
35.85407,0.351,-9.230,0.00
35.86421,0.409,-9.230,0.00
35.87450,0.409,-9.196,0.00
35.88486,0.491,-9.196,0.00
35.89582,0.491,-9.107,0.00
35.90612,0.583,-9.107,0.00
35.91626,0.667,-8.960,0.00
35.92651,0.667,-8.960,0.00
35.93665,0.757,-8.736,0.00
35.94728,0.757,-8.736,0.00
35.95745,0.849,-8.440,0.00
35.96771,0.849,-8.440,0.00
35.97807,0.927,-8.101,0.00
35.98864,0.927,-8.101,0.00
35.99899,1.002,-7.674,0.00
36.00940,1.002,-7.267,0.00
36.01967,1.066,-7.267,0.00
36.03005,1.066,-7.267,0.00
36.04027,1.108,-6.867,0.00
36.05048,1.108,-6.867,0.00
36.06064,1.120,-6.495,0.00
36.07103,1.120,-6.495,0.00
36.08107,1.123,-6.130,0.00
36.09139,1.123,-6.130,0.00
36.10155,1.122,-5.790,0.00
36.11171,1.118,-5.481,0.00
36.12199,1.118,-5.481,0.00
36.13215,1.118,-5.179,0.00
36.14341,1.117,-5.179,0.00
36.15356,1.117,-4.857,0.00
36.16377,1.115,-4.857,0.00
36.17409,1.115,-4.857,0.00
36.18425,1.110,-4.623,0.00
36.19442,1.110,-4.455,0.00
36.20458,1.098,-4.455,0.00
36.21472,1.078,-4.320,0.00
36.22489,1.078,-4.320,0.00
36.23508,1.078,-4.320,0.00
36.24524,1.064,-4.194,0.00
36.25667,1.059,-4.097,0.00
36.26702,1.059,-4.097,0.00
36.27717,1.054,-4.097,0.00
36.28746,1.054,-4.035,0.00
36.29778,1.056,-4.012,0.00
36.30815,1.056,-4.012,0.00
36.31832,1.064,-4.032,0.00
36.32854,1.064,-4.032,0.00
36.33878,1.074,-4.067,0.00
36.34942,1.074,-4.067,0.00
36.35958,1.089,-4.104,0.00
36.36986,1.089,-4.104,0.00
36.38001,1.104,-4.141,0.00
36.39017,1.104,-4.141,0.00
36.40032,1.120,-4.172,0.00
36.41048,1.120,-4.172,0.00
36.42063,1.136,-4.172,0.00
36.43133,1.136,-4.199,0.00
36.44147,1.154,-4.228,0.00
36.45168,1.154,-4.228,0.00
36.46183,1.179,-4.247,0.00
36.47305,1.179,-4.247,0.00
36.48334,1.208,-4.258,0.00
36.49343,1.208,-4.266,0.00
36.50358,1.238,-4.266,0.00
36.51374,1.238,-4.277,0.00
36.52389,1.272,-4.277,0.00
36.53551,1.272,-4.277,0.00
36.54567,1.314,-4.287,0.00
36.55582,1.362,-4.290,0.00
36.56598,1.362,-4.290,0.00
36.57614,1.417,-4.288,0.00
36.58656,1.417,-4.288,0.00
36.59672,1.417,-4.288,0.00
36.60707,1.476,-4.277,0.00
36.61733,1.541,-4.259,0.00
36.62748,1.541,-4.259,0.00
36.63774,1.601,-4.227,0.00
36.64791,1.601,-4.227,0.00
36.65807,1.659,-4.192,0.00
36.66824,1.659,-4.192,0.00
36.67841,1.719,-4.153,0.00
36.68958,1.719,-4.153,0.00
36.69984,1.773,-4.107,0.00
36.71020,1.773,-4.107,0.00
36.72041,1.837,-4.060,0.00
36.73081,1.909,-4.060,0.00
36.74098,1.909,-4.000,0.00
36.75229,1.909,-4.000,0.00
36.76245,1.976,-3.936,0.00
36.77261,2.023,-3.885,0.00
36.78310,2.023,-3.885,0.00
36.79325,2.068,-3.844,0.00
36.80344,2.068,-3.844,0.00
36.81363,2.068,-3.819,0.00
36.82378,2.097,-3.819,0.00
36.83465,2.097,-3.819,0.00
36.84479,2.110,-3.813,0.00
36.85495,2.110,-3.814,0.00
36.86519,2.108,-3.814,0.00
36.87551,2.108,-3.818,0.00
36.88583,2.106,-3.818,0.00
36.89596,2.106,-3.818,0.00
36.90611,2.092,-3.838,0.00
36.91628,2.063,-3.860,0.00
36.92655,2.063,-3.860,0.00
36.93797,2.046,-3.881,0.00
36.94813,2.046,-3.881,0.00
36.95829,2.041,-3.898,0.00
36.96854,2.041,-3.898,0.00
36.97878,2.033,-3.922,0.00
36.98909,2.033,-3.922,0.00
36.99923,2.002,-3.958,0.00
37.00937,2.002,-3.958,0.00
37.01977,2.002,-3.996,0.00
37.02998,1.959,-3.996,0.00
37.04014,1.923,-4.018,0.00
37.05030,1.923,-4.018,0.00
37.06046,1.879,-4.026,0.00
37.07083,1.879,-4.026,0.00
37.08083,1.827,-4.017,0.00
37.09101,1.770,-4.017,0.00
37.10118,1.770,-4.011,0.00
37.11133,1.711,-4.014,0.00
37.12149,1.711,-4.014,0.00
37.13181,1.711,-4.014,0.00
37.14197,1.648,-4.025,0.00
37.15213,1.585,-4.031,0.00
37.16228,1.585,-4.031,0.00
37.17244,1.585,-4.031,0.00
37.18260,1.523,-4.043,0.00
37.19275,1.460,-4.063,0.00
37.20305,1.460,-4.063,0.00
37.21319,1.394,-4.087,0.00
37.22335,1.394,-4.087,0.00
37.23350,1.337,-4.114,0.00
37.24367,1.337,-4.114,0.00
37.25514,1.337,-4.114,0.00
37.26540,1.292,-4.139,0.00
37.27554,1.259,-4.159,0.00
37.28576,1.259,-4.159,0.00
37.29593,1.231,-4.179,0.00
37.30617,1.231,-4.179,0.00
37.31651,1.209,-4.192,0.00
37.32702,1.209,-4.192,0.00
37.33731,1.188,-4.204,0.00
37.34794,1.188,-4.204,0.00
37.35815,1.163,-4.215,0.00
37.36860,1.163,-4.215,0.00
37.37881,1.142,-4.219,0.00
37.38914,1.142,-4.219,0.00
37.39930,1.121,-4.217,0.00
37.40952,1.121,-4.217,0.00
37.41979,1.121,-4.217,0.00
37.42995,1.121,-4.211,0.00
37.44009,1.059,-4.200,0.00
37.45068,1.059,-4.200,0.00
37.46087,1.019,-4.173,0.00
37.47107,0.979,-4.173,0.00
37.48123,0.979,-4.149,0.00
37.49146,0.979,-4.149,0.00
37.50162,0.935,-4.133,0.00
37.51178,0.895,-4.133,0.00
37.52193,0.895,-4.120,0.00
37.53222,0.895,-4.120,0.00
37.54239,0.859,-4.110,0.00
37.55255,0.859,-4.110,0.00
37.56271,0.828,-4.111,0.00
37.57287,0.800,-4.125,0.00
37.58306,0.800,-4.125,0.00
37.59321,0.774,-4.150,0.00
37.60335,0.774,-4.150,0.00
37.61359,0.755,-4.183,0.00
37.62395,0.755,-4.183,0.00
37.63416,0.737,-4.209,0.00
37.64433,0.737,-4.209,0.00
37.65449,0.720,-4.234,0.00
37.66463,0.720,-4.234,0.00
37.67507,0.707,-4.261,0.00
37.68581,0.707,-4.261,0.00
37.69742,0.700,-4.286,0.00
37.70789,0.700,-4.286,0.00
37.71823,0.697,-4.313,0.00
37.72855,0.697,-4.313,0.00
37.73882,0.696,-4.337,0.00
37.74900,0.697,-4.337,0.00
37.75922,0.697,-4.356,0.00
37.76939,0.702,-4.356,0.00
37.77952,0.702,-4.377,0.00
37.78986,0.702,-4.377,0.00
37.80001,0.715,-4.392,0.00
37.81020,0.730,-4.392,0.00
37.82045,0.730,-4.395,0.00
37.83147,0.730,-4.395,0.00
37.84163,0.748,-4.390,0.00
37.85180,0.772,-4.390,0.00
37.86223,0.772,-4.382,0.00
37.87248,0.800,-4.369,0.00
37.88275,0.800,-4.369,0.00
37.89291,0.800,-4.350,0.00
37.90311,0.832,-4.350,0.00
37.91333,0.832,-4.327,0.00
37.92357,0.867,-4.327,0.00
37.93389,0.899,-4.302,0.00
37.94403,0.899,-4.302,0.00
37.95442,0.928,-4.277,0.00
37.96477,0.928,-4.277,0.00
37.97518,0.956,-4.250,0.00
37.98537,0.956,-4.250,0.00
37.99553,0.982,-4.222,0.00
38.00569,0.982,-4.222,0.00
38.01593,1.005,-4.188,0.00
38.02618,1.005,-4.188,0.00
38.03642,1.025,-4.147,0.00
38.04668,1.025,-4.147,0.00
38.05684,1.038,-4.103,0.00
38.06766,1.038,-4.103,0.00
38.07801,1.047,-4.058,0.00
38.08831,1.047,-4.058,0.00
38.09838,1.046,-4.002,0.00
38.10855,1.046,-4.002,0.00
38.11880,1.046,-3.950,0.00
38.12912,1.046,-3.950,0.00
38.13928,1.066,-3.900,0.00
38.14943,1.066,-3.900,0.00
38.15973,1.088,-3.857,0.00
38.16995,1.088,-3.857,0.00
38.18016,1.118,-3.821,0.00
38.19037,1.118,-3.821,0.00
38.20065,1.162,-3.786,0.00
38.21103,1.162,-3.786,0.00
38.22117,1.203,-3.746,0.00
38.23143,1.203,-3.746,0.00
38.24167,1.244,-3.693,0.00
38.25184,1.288,-3.615,0.00
38.26200,1.288,-3.615,0.00
38.27226,1.288,-3.615,0.00
38.28271,1.335,-3.526,0.00
38.29291,1.335,-3.526,0.00
38.30319,1.384,-3.422,0.00
38.31367,1.384,-3.422,0.00
38.32383,1.430,-3.303,0.00
38.33399,1.430,-3.303,0.00
38.34416,1.485,-3.178,0.00
38.35452,1.543,-3.051,0.00
38.36464,1.543,-3.051,0.00
38.37483,1.543,-3.051,0.00
38.38499,1.592,-2.923,0.00
38.39524,1.638,-2.804,0.00
38.40541,1.638,-2.804,0.00
38.41557,1.672,-2.690,0.00
38.42573,1.672,-2.690,0.00
38.43589,1.676,-2.690,0.00
38.44678,1.676,-2.599,0.00
38.45721,1.670,-2.513,0.00
38.46753,1.670,-2.513,0.00
38.47769,1.657,-2.513,0.00
38.48859,1.657,-2.431,0.00
38.49883,1.641,-2.355,0.00
38.50902,1.641,-2.355,0.00
38.51918,1.634,-2.302,0.00
38.52935,1.634,-2.302,0.00
38.53950,1.637,-2.276,0.00
38.54981,1.637,-2.276,0.00
38.55985,1.640,-2.257,0.00
38.57021,1.640,-2.257,0.00
38.58036,1.645,-2.247,0.00
38.59053,1.645,-2.247,0.00
38.60069,1.652,-2.255,0.00
38.61087,1.652,-2.255,0.00
38.62117,1.652,-2.272,0.00
38.63153,1.642,-2.272,0.00
38.64177,1.642,-2.291,0.00
38.65193,1.642,-2.291,0.00
38.66209,1.627,-2.318,0.00
38.67231,1.627,-2.318,0.00
38.68248,1.606,-2.343,0.00
38.69377,1.589,-2.373,0.00
38.70400,1.589,-2.373,0.00
38.71431,1.569,-2.404,0.00
38.72460,1.569,-2.404,0.00
38.73528,1.548,-2.437,0.00
38.74543,1.548,-2.437,0.00
38.75578,1.526,-2.479,0.00
38.76589,1.526,-2.479,0.00
38.77606,1.526,-2.519,0.00
38.78626,1.508,-2.519,0.00
38.79642,1.493,-2.557,0.00
38.80741,1.493,-2.557,0.00
38.81761,1.477,-2.593,0.00
38.82811,1.477,-2.623,0.00
38.83828,1.459,-2.623,0.00
38.84901,1.459,-2.623,0.00
38.85918,1.443,-2.645,0.00
38.86979,1.443,-2.645,0.00
38.88004,1.421,-2.665,0.00
38.89042,1.394,-2.691,0.00
38.90056,1.394,-2.691,0.00
38.91139,1.394,-2.691,0.00
38.92251,1.363,-2.724,0.00
38.93267,1.363,-2.724,0.00
38.94283,1.330,-2.748,0.00
38.95299,1.330,-2.748,0.00
38.96315,1.294,-2.758,0.00
38.97336,1.257,-2.765,0.00
38.98352,1.257,-2.765,0.00
38.99368,1.257,-2.765,0.00
39.00384,1.219,-2.775,0.00
39.01399,1.187,-2.782,0.00
39.02419,1.187,-2.782,0.00
39.03435,1.159,-2.793,0.00
39.04452,1.159,-2.793,0.00
39.05468,1.159,-2.793,0.00
39.06483,1.136,-2.812,0.00
39.07503,1.112,-2.835,0.00
39.08519,1.112,-2.835,0.00
39.09535,1.086,-2.855,0.00
39.10569,1.086,-2.855,0.00
39.11584,1.086,-2.878,0.00
39.12604,1.066,-2.878,0.00
39.13620,1.046,-2.905,0.00
39.14635,1.046,-2.905,0.00
39.15673,1.046,-2.905,0.00
39.16755,1.023,-2.933,0.00
39.17859,1.001,-2.965,0.00
39.18891,1.001,-2.965,0.00
39.19947,0.975,-2.994,0.00
39.20977,0.975,-3.019,0.00
39.22009,0.942,-3.019,0.00
39.23071,0.942,-3.052,0.00
39.24107,0.918,-3.052,0.00
39.25129,0.918,-3.085,0.00
39.26151,0.899,-3.085,0.00
39.27189,0.899,-3.119,0.00
39.28228,0.876,-3.119,0.00
39.29274,0.876,-3.119,0.00
39.30381,0.853,-3.163,0.00
39.31400,0.834,-3.213,0.00
39.32453,0.834,-3.213,0.00
39.33483,0.819,-3.270,0.00
39.34516,0.819,-3.270,0.00
39.35533,0.807,-3.334,0.00
39.36554,0.807,-3.334,0.00
39.37570,0.798,-3.399,0.00
39.38589,0.798,-3.399,0.00
39.39854,0.788,-3.459,0.00
39.40870,0.788,-3.459,0.00
39.41887,0.785,-3.518,0.00
39.42909,0.785,-3.518,0.00
39.43949,0.788,-3.578,0.00
39.44978,0.788,-3.578,0.00
39.45994,0.796,-3.630,0.00
39.47011,0.796,-3.630,0.00
39.48027,0.798,-3.675,0.00
39.49044,0.798,-3.675,0.00
39.50059,0.799,-3.709,0.00
39.51076,0.799,-3.709,0.00
39.52102,0.800,-3.733,0.00
39.53208,0.797,-3.733,0.00
39.54244,0.797,-3.743,0.00
39.55289,0.797,-3.743,0.00
39.56335,0.797,-3.743,0.00
39.57368,0.795,-3.739,0.00
39.58413,0.795,-3.727,0.00
39.59451,0.794,-3.727,0.00
39.60464,0.794,-3.706,0.00
39.61507,0.794,-3.706,0.00
39.62534,0.792,-3.681,0.00
39.63569,0.792,-3.681,0.00
39.64587,0.791,-3.658,0.00
39.65603,0.792,-3.632,0.00
39.66628,0.792,-3.632,0.00
39.67658,0.792,-3.632,0.00
39.68748,0.792,-3.632,0.00
39.69763,0.790,-3.562,0.00
39.70783,0.786,-3.562,0.00
39.71835,0.786,-3.523,0.00
39.72889,0.778,-3.523,0.00
39.73930,0.769,-3.488,0.00
39.74964,0.769,-3.488,0.00
39.75996,0.769,-3.488,0.00
39.77015,0.742,-3.457,0.00
39.78027,0.742,-3.433,0.00
39.79043,0.742,-3.433,0.00
39.80086,0.742,-3.433,0.00
39.81103,0.729,-3.398,0.00
39.82119,0.719,-3.398,0.00
39.83135,0.707,-3.398,0.00
39.84151,0.707,-3.385,0.00
39.85209,0.707,-3.385,0.00
39.86226,0.699,-3.374,0.00
39.87242,0.699,-3.370,0.00
39.88261,0.691,-3.370,0.00
39.89364,0.685,-3.375,0.00
39.90379,0.685,-3.375,0.00
39.91395,0.685,-3.375,0.00
39.92789,0.685,-3.375,0.00
39.93884,0.686,-3.393,0.00
39.94900,0.686,-3.393,0.00
39.95915,0.695,-3.404,0.00
39.96931,0.695,-3.404,0.00
39.97951,0.695,-3.404,0.00
39.98967,0.708,-3.414,0.00
39.99983,0.727,-3.426,0.00
40.00998,0.727,-3.426,0.00
40.02015,0.756,-3.435,0.00
40.03029,0.756,-3.435,0.00
40.04082,0.798,-3.435,0.00
40.05114,0.798,-3.435,0.00
40.06130,0.863,-3.428,0.00
40.07145,0.863,-3.428,0.00
40.08161,0.948,-3.414,0.00
40.09381,1.035,-3.394,0.00
40.10395,1.035,-3.394,0.00
40.11412,1.035,-3.394,0.00
40.12428,1.125,-3.377,0.00
40.13443,1.221,-3.364,0.00
40.14458,1.221,-3.364,0.00
40.15524,1.317,-3.348,0.00
40.16559,1.317,-3.348,0.00
40.17596,1.398,-3.336,0.00
40.18633,1.398,-3.336,0.00
40.19672,1.465,-3.327,0.00
40.20840,1.518,-3.327,0.00
40.21856,1.518,-3.321,0.00
40.22873,1.518,-3.321,0.00
40.23906,1.560,-3.316,0.00
40.24922,1.560,-3.316,0.00
40.25942,1.588,-3.303,0.00
40.26978,1.588,-3.303,0.00
40.27995,1.601,-3.277,0.00
40.29011,1.601,-3.277,0.00
40.30028,1.600,-3.239,0.00
40.31044,1.600,-3.239,0.00
40.32112,1.586,-3.204,0.00
40.33128,1.574,-3.168,0.00
40.34144,1.574,-3.168,0.00
40.35173,1.548,-3.118,0.00
40.36216,1.548,-3.118,0.00
40.37233,1.548,-3.065,0.00
40.38250,1.511,-3.065,0.00
40.39266,1.475,-3.065,0.00
40.40287,1.475,-3.035,0.00
40.41320,1.475,-3.035,0.00
40.42343,1.442,-3.013,0.00
40.43372,1.442,-3.013,0.00
40.44406,1.409,-2.998,0.00
40.45440,1.378,-2.997,0.00
40.46473,1.378,-2.997,0.00
40.47503,1.349,-3.012,0.00
40.48520,1.349,-3.012,0.00
40.49541,1.323,-3.033,0.00
40.50568,1.323,-3.033,0.00
40.51584,1.298,-3.052,0.00
40.52600,1.298,-3.052,0.00
40.53615,1.298,-3.068,0.00
40.54638,1.274,-3.068,0.00
40.55653,1.249,-3.087,0.00
40.56669,1.249,-3.087,0.00
40.57698,1.228,-3.120,0.00
40.58738,1.228,-3.120,0.00
40.59776,1.213,-3.152,0.00
40.60820,1.213,-3.152,0.00
40.61897,1.207,-3.183,0.00
40.62936,1.207,-3.183,0.00
40.63921,1.198,-3.211,0.00
40.64951,1.198,-3.211,0.00
40.65984,1.198,-3.211,0.00
40.67166,1.194,-3.240,0.00
40.68179,1.196,-3.271,0.00
40.69286,1.196,-3.271,0.00
40.70307,1.200,-3.296,0.00
40.71327,1.200,-3.314,0.00
40.72341,1.211,-3.314,0.00
40.73357,1.211,-3.314,0.00
40.74374,1.225,-3.327,0.00
40.75389,1.225,-3.327,0.00
40.76405,1.235,-3.339,0.00
40.77422,1.239,-3.350,0.00
40.78437,1.239,-3.350,0.00
40.79464,1.239,-3.350,0.00
40.80485,1.239,-3.357,0.00
40.81531,1.239,-3.358,0.00
40.82559,1.239,-3.358,0.00
40.83591,1.233,-3.364,0.00
40.84637,1.233,-3.364,0.00
40.85653,1.223,-3.383,0.00
40.86672,1.223,-3.383,0.00
40.87715,1.209,-3.405,0.00
40.88730,1.209,-3.405,0.00
40.89746,1.198,-3.413,0.00
40.90796,1.198,-3.413,0.00
40.91813,1.189,-3.425,0.00
40.92835,1.189,-3.425,0.00
40.93851,1.181,-3.452,0.00
40.95032,1.181,-3.481,0.00
40.96066,1.175,-3.481,0.00
40.97106,1.175,-3.481,0.00
40.98132,1.175,-3.513,0.00
40.99166,1.174,-3.548,0.00
41.00186,1.174,-3.548,0.00
41.01198,1.174,-3.548,0.00
41.02214,1.174,-3.582,0.00
41.03231,1.174,-3.582,0.00
41.04256,1.174,-3.612,0.00
41.05271,1.174,-3.612,0.00
41.06308,1.174,-3.612,0.00
41.07325,1.177,-3.645,0.00
41.08342,1.179,-3.673,0.00
41.09362,1.180,-3.699,0.00
41.10378,1.180,-3.699,0.00
41.11395,1.178,-3.727,0.00
41.12411,1.178,-3.727,0.00
41.13428,1.175,-3.761,0.00
41.14448,1.175,-3.761,0.00
41.15464,1.172,-3.800,0.00
41.16481,1.172,-3.800,0.00
41.17523,1.170,-3.843,0.00
41.18538,1.170,-3.843,0.00
41.19554,1.162,-3.879,0.00
41.20570,1.162,-3.879,0.00
41.21596,1.155,-3.914,0.00
41.22619,1.155,-3.914,0.00
41.23635,1.155,-3.950,0.00
41.24666,1.155,-3.950,0.00
41.25754,1.156,-3.984,0.00
41.26771,1.156,-3.984,0.00
41.27821,1.160,-4.017,0.00
41.28837,1.169,-4.017,0.00
41.29856,1.169,-4.048,0.00
41.30876,1.169,-4.048,0.00
41.31910,1.185,-4.071,0.00
41.32925,1.185,-4.071,0.00
41.33942,1.207,-4.089,0.00
41.34955,1.233,-4.107,0.00
41.35970,1.233,-4.107,0.00
41.37044,1.233,-4.122,0.00
41.38060,1.260,-4.122,0.00
41.39075,1.283,-4.129,0.00
41.40092,1.283,-4.129,0.00
41.41109,1.283,-4.129,0.00
41.42124,1.303,-4.126,0.00
41.43140,1.322,-4.126,0.00
41.44155,1.322,-4.112,0.00
41.45172,1.341,-4.082,0.00
41.46207,1.341,-4.082,0.00
41.47227,1.341,-4.046,0.00
41.48244,1.356,-4.046,0.00
41.49277,1.364,-4.017,0.00
41.50307,1.364,-4.017,0.00
41.51389,1.367,-3.995,0.00
41.52404,1.367,-3.995,0.00
41.53440,1.371,-3.975,0.00
41.54483,1.371,-3.975,0.00
41.55536,1.372,-3.961,0.00
41.56621,1.372,-3.961,0.00
41.57647,1.370,-3.951,0.00
41.58707,1.370,-3.951,0.00
41.59751,1.366,-3.944,0.00
41.60849,1.366,-3.944,0.00
41.61874,1.360,-3.940,0.00
41.62894,1.360,-3.940,0.00
41.63909,1.348,-3.940,0.00
41.64939,1.348,-3.940,0.00
41.65972,1.337,-3.936,0.00
41.66993,1.337,-3.936,0.00
41.68061,1.325,-3.938,0.00
41.69077,1.325,-3.938,0.00
41.70092,1.311,-3.944,0.00
41.71117,1.311,-3.944,0.00
41.72134,1.296,-3.955,0.00
41.73168,1.296,-3.955,0.00
41.74173,1.277,-3.974,0.00
41.75196,1.277,-3.974,0.00
41.76212,1.256,-4.004,0.00
41.77230,1.256,-4.004,0.00
41.78244,1.228,-4.036,0.00
41.79263,1.228,-4.036,0.00
41.80278,1.200,-4.069,0.00
41.81295,1.166,-4.069,0.00
41.82311,1.166,-4.102,0.00
41.83329,1.129,-4.102,0.00
41.84344,1.129,-4.143,0.00
41.85360,1.093,-4.167,0.00
41.86375,1.093,-4.167,0.00
41.87390,1.054,-4.211,0.00
41.88409,1.054,-4.211,0.00
41.89446,1.054,-4.211,0.00
41.90482,1.015,-4.262,0.00
41.91515,0.971,-4.321,0.00
41.92706,0.971,-4.321,0.00
41.93731,0.925,-4.374,0.00
41.94795,0.925,-4.374,0.00
41.95824,0.879,-4.425,0.00
41.96840,0.879,-4.425,0.00
41.97857,0.828,-4.471,0.00
41.98970,0.828,-4.471,0.00
41.99994,0.784,-4.505,0.00
42.01056,0.784,-4.505,0.00
42.02083,0.725,-4.529,0.00
42.03102,0.664,-4.556,0.00
42.04117,0.664,-4.556,0.00
42.05146,0.604,-4.556,0.00
42.06173,0.604,-4.599,0.00
42.07185,0.604,-4.661,0.00
42.08199,0.542,-4.661,0.00
42.09215,0.481,-4.728,0.00
42.10230,0.481,-4.728,0.00
42.11280,0.481,-4.790,0.00
42.12298,0.422,-4.790,0.00
42.13368,0.362,-4.837,0.00
42.14384,0.362,-4.837,0.00
42.15400,0.310,-4.890,0.00
42.16416,0.310,-4.890,0.00
42.17460,0.310,-4.890,0.00
42.18484,0.267,-4.942,0.00
42.19508,0.231,-4.998,0.00
42.20524,0.231,-4.998,0.00
42.21543,0.200,-5.042,0.00
42.22566,0.200,-5.042,0.00
42.23670,0.176,-5.069,0.00
42.24685,0.176,-5.069,0.00
42.25700,0.176,-5.069,0.00
42.26715,0.176,-5.069,0.00
42.27734,0.176,-5.069,0.00
42.28755,0.176,-5.069,0.00
42.29777,0.141,-5.079,0.00
42.30798,0.128,-5.080,0.00
42.31820,0.120,-5.085,0.00
42.32840,0.120,-5.085,0.00
42.33859,0.116,-5.089,0.00
42.34884,0.116,-5.089,0.00
42.35927,0.116,-5.088,0.00
42.37072,0.116,-5.088,0.00
42.38110,0.117,-5.085,0.00
42.39410,0.124,-5.085,0.00
42.40426,0.124,-5.076,0.00
42.41445,0.132,-5.054,0.00
42.42461,0.132,-5.054,0.00
42.43480,0.132,-5.054,0.00
42.44509,0.138,-5.020,0.00
42.45524,0.140,-4.984,0.00
42.46540,0.140,-4.984,0.00
42.47555,0.142,-4.932,0.00
42.48569,0.142,-4.932,0.00
42.49585,0.146,-4.882,0.00
42.50601,0.146,-4.882,0.00
42.51620,0.145,-4.827,0.00
42.52635,0.145,-4.827,0.00
42.53658,0.145,-4.827,0.00
42.54706,0.143,-4.768,0.00
42.55723,0.149,-4.711,0.00
42.56738,0.149,-4.711,0.00
42.57754,0.156,-4.660,0.00
42.58782,0.156,-4.660,0.00
42.59797,0.163,-4.617,0.00
42.60924,0.163,-4.574,0.00
42.61938,0.169,-4.574,0.00
42.62958,0.169,-4.574,0.00
42.63974,0.174,-4.524,0.00
42.65004,0.174,-4.524,0.00
42.66016,0.180,-4.492,0.00
42.67049,0.180,-4.492,0.00
42.68081,0.187,-4.441,0.00
42.69103,0.187,-4.352,0.00
42.70120,0.198,-4.352,0.00
42.71136,0.198,-4.352,0.00
42.72152,0.212,-4.305,0.00
42.73167,0.225,-4.307,0.00
42.74182,0.225,-4.307,0.00
42.75197,0.237,-4.297,0.00
42.76212,0.237,-4.297,0.00
42.77227,0.246,-4.290,0.00
42.78243,0.246,-4.290,0.00
42.79258,0.246,-4.290,0.00
42.80285,0.254,-4.290,0.00
42.81301,0.254,-4.262,0.00
42.82316,0.262,-4.262,0.00
42.83331,0.262,-4.262,0.00
42.84345,0.262,-4.262,0.00
42.85360,0.262,-4.262,0.00
42.86375,0.268,-4.250,0.00
42.87391,0.268,-4.250,0.00
42.88461,0.268,-4.250,0.00
42.89511,0.269,-4.284,0.00
42.90538,0.269,-4.284,0.00
42.91570,0.267,-4.311,0.00
42.92601,0.267,-4.311,0.00
42.93617,0.263,-4.349,0.00
42.94631,0.263,-4.349,0.00
42.95657,0.256,-4.399,0.00
42.96826,0.256,-4.463,0.00
42.97842,0.248,-4.463,0.00
42.98870,0.236,-4.463,0.00
42.99886,0.236,-4.512,0.00
43.00902,0.222,-4.512,0.00
43.01936,0.222,-4.553,0.00
43.02952,0.222,-4.553,0.00
43.03967,0.222,-4.553,0.00
43.04988,0.207,-4.608,0.00
43.06006,0.191,-4.664,0.00
43.07022,0.191,-4.700,0.00
43.08041,0.172,-4.700,0.00
43.09066,0.172,-4.749,0.00
43.10081,0.150,-4.749,0.00
43.11105,0.150,-4.803,0.00
43.12131,0.132,-4.803,0.00
43.13148,0.115,-4.803,0.00
43.14167,0.115,-4.867,0.00
43.15183,0.115,-4.867,0.00
43.16197,0.100,-4.928,0.00
43.17212,0.088,-4.928,0.00
43.18228,0.088,-4.984,0.00
43.19244,0.079,-5.052,0.00
43.20259,0.079,-5.052,0.00
43.21285,0.079,-5.052,0.00
43.22302,0.077,-5.104,0.00
43.23323,0.077,-5.139,0.00
43.24340,0.081,-5.139,0.00
43.25356,0.081,-5.139,0.00
43.26372,0.084,-5.167,0.00
43.27388,0.084,-5.194,0.00
43.28404,0.086,-5.194,0.00
43.29421,0.088,-5.220,0.00
43.30447,0.088,-5.220,0.00
43.31463,0.093,-5.253,0.00
43.32509,0.093,-5.253,0.00
43.33541,0.101,-5.291,0.00
43.34606,0.101,-5.291,0.00
43.35621,0.109,-5.306,0.00
43.36702,0.109,-5.306,0.00
43.37719,0.116,-5.293,0.00
43.38735,0.116,-5.293,0.00
43.39751,0.124,-5.293,0.00
43.41013,0.124,-5.259,0.00
43.42029,0.135,-5.227,0.00
43.43045,0.135,-5.227,0.00
43.44088,0.148,-5.198,0.00
43.45118,0.148,-5.182,0.00
43.46133,0.161,-5.182,0.00
43.47149,0.171,-5.182,0.00
43.48168,0.171,-5.159,0.00
43.49195,0.171,-5.159,0.00
43.50212,0.179,-5.138,0.00
43.51290,0.184,-5.114,0.00
43.52311,0.184,-5.114,0.00
43.53328,0.186,-5.114,0.00
43.54344,0.186,-5.095,0.00
43.55359,0.186,-5.095,0.00
43.56377,0.181,-5.077,0.00
43.57394,0.173,-5.060,0.00
43.58409,0.173,-5.060,0.00
43.59428,0.167,-5.044,0.00
43.60444,0.167,-5.044,0.00
43.61514,0.161,-5.038,0.00
43.62560,0.161,-5.038,0.00
43.63642,0.151,-5.046,0.00
43.64721,0.151,-5.046,0.00
43.65738,0.144,-5.070,0.00
43.66893,0.144,-5.070,0.00
43.67910,0.142,-5.106,0.00
43.68936,0.142,-5.106,0.00
43.69979,0.142,-5.142,0.00
43.70995,0.137,-5.142,0.00
43.72029,0.137,-5.187,0.00
43.73063,0.137,-5.187,0.00
43.74079,0.137,-5.248,0.00
43.75113,0.137,-5.309,0.00
43.76131,0.138,-5.309,0.00
43.77168,0.138,-5.347,0.00
43.78200,0.150,-5.347,0.00
43.79217,0.150,-5.347,0.00
43.80235,0.178,-5.354,0.00
43.81314,0.178,-5.354,0.00
43.82332,0.211,-5.336,0.00
43.83348,0.244,-5.336,0.00
43.84364,0.244,-5.284,0.00
43.85383,0.244,-5.284,0.00
43.86417,0.291,-5.205,0.00
43.87433,0.291,-5.205,0.00
43.88449,0.291,-5.205,0.00
43.89465,0.386,-5.129,0.00
43.90481,0.386,-5.129,0.00
43.91505,0.432,-5.054,0.00
43.92519,0.432,-5.054,0.00
43.93548,0.483,-4.995,0.00
43.94632,0.483,-4.995,0.00
43.95657,0.483,-4.953,0.00
43.96707,0.515,-4.953,0.00
43.97725,0.526,-4.895,0.00
43.98911,0.526,-4.895,0.00
43.99930,0.526,-4.834,0.00
44.00945,0.526,-4.834,0.00
44.01961,0.511,-4.777,0.00
44.02991,0.511,-4.777,0.00
44.04005,0.485,-4.734,0.00
44.05028,0.485,-4.734,0.00
44.06063,0.458,-4.727,0.00
44.07079,0.458,-4.727,0.00
44.08141,0.438,-4.714,0.00
44.09177,0.414,-4.684,0.00
44.10222,0.414,-4.684,0.00
44.11238,0.414,-4.684,0.00
44.12256,0.409,-4.655,0.00
44.13276,0.419,-4.625,0.00
44.14310,0.419,-4.625,0.00
44.15327,0.419,-4.603,0.00
44.16345,0.434,-4.603,0.00
44.17461,0.434,-4.603,0.00
44.18480,0.450,-4.588,0.00
44.19496,0.457,-4.570,0.00
44.20523,0.457,-4.570,0.00
44.21541,0.458,-4.519,0.00
44.22558,0.458,-4.519,0.00
44.23574,0.451,-4.466,0.00
44.24598,0.451,-4.466,0.00
44.25614,0.436,-4.501,0.00
44.26630,0.436,-4.501,0.00
44.27656,0.416,-4.466,0.00
44.28680,0.416,-4.466,0.00
44.29698,0.399,-4.230,0.00
44.30758,0.399,-4.230,0.00
44.31789,0.384,-4.057,0.00
44.32873,0.384,-4.057,0.00
44.33902,0.375,-4.006,0.00
44.34921,0.375,-4.006,0.00
44.35948,0.371,-4.056,0.00
44.36988,0.371,-4.056,0.00
44.38003,0.366,-4.207,0.00
44.39021,0.366,-4.207,0.00
44.40037,0.356,-4.397,0.00
44.41052,0.356,-4.397,0.00
44.42067,0.349,-4.548,0.00
44.43082,0.349,-4.548,0.00
44.44098,0.345,-4.654,0.00
44.45114,0.345,-4.654,0.00
44.46160,0.347,-4.691,0.00
44.47194,0.351,-4.641,0.00
44.48226,0.351,-4.641,0.00
44.49241,0.356,-4.641,0.00
44.50255,0.356,-4.589,0.00
44.51269,0.363,-4.589,0.00
44.52283,0.363,-4.578,0.00
44.53298,0.372,-4.578,0.00
44.54332,0.372,-4.556,0.00
44.55349,0.372,-4.518,0.00
44.56364,0.381,-4.518,0.00
44.57380,0.381,-4.527,0.00
44.58396,0.395,-4.527,0.00
44.59412,0.416,-4.523,0.00
44.60427,0.416,-4.523,0.00
44.61445,0.439,-4.540,0.00
44.62475,0.439,-4.540,0.00
44.63517,0.465,-4.616,0.00
44.64538,0.465,-4.616,0.00
44.65570,0.484,-4.684,0.00
44.66618,0.484,-4.684,0.00
44.67634,0.512,-4.702,0.00
44.68663,0.512,-4.702,0.00
44.69687,0.540,-4.669,0.00
44.70707,0.540,-4.669,0.00
44.71726,0.562,-4.606,0.00
44.72754,0.562,-4.606,0.00
44.73771,0.579,-4.492,0.00
44.74793,0.579,-4.492,0.00
44.75810,0.596,-4.348,0.00
44.76890,0.596,-4.144,0.00
44.77906,0.616,-4.144,0.00
44.78931,0.616,-4.144,0.00
44.79946,0.640,-4.004,0.00
44.80964,0.640,-4.004,0.00
44.81980,0.680,-3.995,0.00
44.83000,0.680,-3.995,0.00
44.84017,0.718,-3.987,0.00
44.85056,0.718,-3.987,0.00
44.86083,0.718,-3.987,0.00
44.87117,0.718,-3.987,0.00
44.88142,0.741,-3.966,0.00
44.89157,0.736,-3.945,0.00
44.90172,0.736,-3.865,0.00
44.91186,0.736,-3.865,0.00
44.92203,0.720,-3.771,0.00
44.93219,0.720,-3.654,0.00
44.94232,0.698,-3.654,0.00
44.95249,0.677,-3.612,0.00
44.96264,0.677,-3.612,0.00
44.97279,0.660,-3.625,0.00
44.98307,0.660,-3.625,0.00
44.99323,0.660,-3.714,0.00
45.00338,0.648,-3.714,0.00
45.01354,0.639,-3.736,0.00
45.02370,0.639,-3.736,0.00
45.03386,0.634,-3.736,0.00
45.04400,0.634,-3.743,0.00
45.05417,0.625,-3.743,0.00
45.06432,0.625,-3.782,0.00
45.07448,0.610,-3.854,0.00
45.08465,0.610,-3.854,0.00
45.09526,0.592,-3.877,0.00
45.10556,0.592,-3.877,0.00
45.11628,0.577,-3.872,0.00
45.12644,0.577,-3.872,0.00
45.13659,0.561,-3.849,0.00
45.14675,0.561,-3.849,0.00
45.15691,0.558,-3.817,0.00
45.16763,0.558,-3.817,0.00
45.17771,0.562,-3.834,0.00
45.18834,0.562,-3.834,0.00
45.19862,0.570,-3.822,0.00
45.20876,0.570,-3.822,0.00
45.21912,0.570,-3.822,0.00
45.22928,0.584,-3.829,0.00
45.23944,0.584,-3.829,0.00
45.24960,0.584,-3.829,0.00
45.25986,0.584,-3.829,0.00
45.27015,0.593,-3.983,0.00
45.28035,0.587,-4.062,0.00
45.29051,0.585,-4.145,0.00
45.30087,0.585,-4.145,0.00
45.31125,0.585,-4.145,0.00
45.32144,0.580,-4.226,0.00
45.33160,0.585,-4.226,0.00
45.34211,0.585,-4.308,0.00
45.35227,0.592,-4.308,0.00
45.36241,0.592,-4.368,0.00
45.37448,0.592,-4.368,0.00
45.38474,0.592,-4.424,0.00
45.39501,0.595,-4.478,0.00
45.40527,0.595,-4.478,0.00
45.41544,0.592,-4.524,0.00
45.42569,0.592,-4.524,0.00
45.43585,0.579,-4.498,0.00
45.44612,0.579,-4.498,0.00
45.45618,0.562,-4.366,0.00
45.46703,0.562,-4.366,0.00
45.47739,0.543,-4.161,0.00
45.48766,0.543,-4.161,0.00
45.49782,0.523,-4.291,0.00
45.50806,0.523,-4.291,0.00
45.51830,0.505,-4.385,0.00
45.52849,0.505,-4.385,0.00
45.53875,0.492,-4.421,0.00
45.54968,0.492,-4.421,0.00
45.55984,0.481,-4.495,0.00
45.57014,0.481,-4.495,0.00
45.58020,0.464,-4.590,0.00
45.59035,0.464,-4.590,0.00
45.60070,0.440,-4.640,0.00
45.61085,0.440,-4.640,0.00
45.62124,0.412,-4.661,0.00
45.63141,0.412,-4.661,0.00
45.64160,0.391,-4.671,0.00
45.65175,0.391,-4.671,0.00
45.66195,0.383,-4.630,0.00
45.67207,0.383,-4.630,0.00
45.68224,0.394,-4.536,0.00
45.69240,0.394,-4.536,0.00
45.70256,0.420,-4.604,0.00
45.71272,0.454,-4.604,0.00
45.72307,0.454,-4.669,0.00
45.73325,0.488,-4.669,0.00
45.74359,0.488,-4.604,0.00
45.75377,0.488,-4.645,0.00
45.76395,0.508,-4.645,0.00
45.77412,0.517,-4.715,0.00
45.78427,0.517,-4.715,0.00
45.79449,0.519,-4.753,0.00
45.80467,0.519,-4.753,0.00
45.81483,0.518,-4.753,0.00
45.82499,0.518,-4.769,0.00
45.83520,0.510,-4.746,0.00
45.84537,0.510,-4.746,0.00
45.85553,0.498,-4.666,0.00
45.86569,0.498,-4.666,0.00
45.87587,0.484,-4.526,0.00
45.88606,0.484,-4.526,0.00
45.89632,0.466,-4.356,0.00
45.90675,0.466,-4.356,0.00
45.91710,0.449,-4.356,0.00
45.92759,0.449,-4.237,0.00
45.93786,0.431,-4.237,0.00
45.94812,0.431,-4.150,0.00
45.95828,0.431,-4.049,0.00
45.96844,0.414,-4.049,0.00
45.97860,0.399,-3.890,0.00
45.98921,0.399,-3.890,0.00
45.99939,0.386,-3.695,0.00
46.01066,0.386,-3.695,0.00
46.02184,0.386,-3.695,0.00
46.03200,0.374,-3.546,0.00
46.04215,0.360,-3.457,0.00
46.05233,0.360,-3.457,0.00
46.06249,0.360,-3.457,0.00
46.07387,0.326,-3.407,0.00
46.08403,0.326,-3.402,0.00
46.09419,0.326,-3.402,0.00
46.10435,0.326,-3.402,0.00
46.11450,0.326,-3.443,0.00
46.12521,0.299,-3.516,0.00
46.13537,0.299,-3.516,0.00
46.14558,0.284,-3.601,0.00
46.15575,0.271,-3.671,0.00
46.16611,0.271,-3.671,0.00
46.17802,0.271,-3.671,0.00
46.18823,0.254,-3.708,0.00
46.19843,0.234,-3.719,0.00
46.20916,0.234,-3.716,0.00
46.21931,0.214,-3.716,0.00
46.22979,0.214,-3.724,0.00
46.24006,0.198,-3.724,0.00
46.25032,0.198,-3.725,0.00
46.26063,0.179,-3.725,0.00
46.27106,0.179,-3.720,0.00
46.28134,0.159,-3.720,0.00
46.29215,0.159,-3.720,0.00
46.30222,0.138,-3.715,0.00
46.31254,0.138,-3.709,0.00
46.32285,0.119,-3.709,0.00
46.33321,0.119,-3.717,0.00
46.34354,0.101,-3.717,0.00
46.35372,0.101,-3.717,0.00
46.36394,0.083,-3.735,0.00
46.37411,0.064,-3.765,0.00
46.38427,0.064,-3.765,0.00
46.39444,0.048,-3.807,0.00
46.40460,0.048,-3.807,0.00
46.41476,0.032,-3.859,0.00
46.42492,0.032,-3.859,0.00
46.43517,0.032,-3.859,0.00
46.44547,0.014,-3.914,0.00
46.45575,0.004,-3.970,0.00
46.46599,0.004,-3.970,0.00
46.47615,0.000,-4.040,0.00
46.48637,0.000,-4.040,0.00
46.50251,0.000,-4.115,0.00
46.51267,0.007,-4.207,0.00
46.52282,0.007,-4.207,0.00
46.53300,0.015,-4.302,0.00
46.54342,0.015,-4.302,0.00
46.55355,0.015,-4.402,0.00
46.56385,0.029,-4.402,0.00
46.57401,0.043,-4.499,0.00
46.58417,0.043,-4.499,0.00
46.59434,0.057,-4.586,0.00
46.60450,0.057,-4.586,0.00
46.61527,0.071,-4.671,0.00
46.62544,0.071,-4.671,0.00
46.63580,0.085,-4.757,0.00
46.64610,0.085,-4.757,0.00
46.65645,0.103,-4.845,0.00
46.66705,0.103,-4.845,0.00
46.67725,0.122,-4.938,0.00
46.68764,0.122,-4.938,0.00
46.69787,0.139,-5.013,0.00
46.70816,0.139,-5.013,0.00
46.71848,0.155,-5.083,0.00
46.72879,0.155,-5.083,0.00
46.73923,0.169,-5.147,0.00
46.74964,0.169,-5.202,0.00
46.75983,0.180,-5.202,0.00
46.77000,0.180,-5.202,0.00
46.78017,0.192,-5.249,0.00
46.79039,0.192,-5.249,0.00
46.80111,0.204,-5.290,0.00
46.81134,0.204,-5.290,0.00
46.82169,0.214,-5.324,0.00
46.83185,0.214,-5.324,0.00
46.84200,0.222,-5.357,0.00
46.85216,0.228,-5.382,0.00
46.86236,0.228,-5.382,0.00
46.87357,0.228,-5.382,0.00
46.88373,0.237,-5.393,0.00
46.89389,0.243,-5.393,0.00
46.90406,0.243,-5.393,0.00
46.91425,0.249,-5.385,0.00
46.92451,0.249,-5.385,0.00
46.93467,0.253,-5.370,0.00
46.94534,0.253,-5.370,0.00
46.95541,0.257,-5.349,0.00
46.96563,0.257,-5.349,0.00
46.97591,0.261,-5.324,0.00
46.98625,0.261,-5.324,0.00
46.99665,0.265,-5.297,0.00
47.00735,0.265,-5.297,0.00
47.01752,0.268,-5.261,0.00
47.03001,0.268,-5.261,0.00
47.04017,0.268,-5.230,0.00
47.05040,0.266,-5.198,0.00
47.06054,0.266,-5.198,0.00
47.07215,0.266,-5.198,0.00
47.08229,0.261,-5.167,0.00
47.09244,0.253,-5.134,0.00
47.10259,0.253,-5.134,0.00
47.11275,0.253,-5.134,0.00
47.12308,0.243,-5.103,0.00
47.13404,0.237,-5.071,0.00
47.14441,0.237,-5.071,0.00
47.15533,0.224,-5.038,0.00
47.16549,0.224,-5.038,0.00
47.17570,0.212,-5.001,0.00
47.18586,0.212,-5.001,0.00
47.19604,0.212,-4.976,0.00
47.20620,0.203,-4.976,0.00
47.21638,0.200,-4.950,0.00
47.22657,0.200,-4.950,0.00
47.23673,0.202,-4.932,0.00
47.24708,0.202,-4.932,0.00
47.25734,0.204,-4.917,0.00
47.26793,0.204,-4.917,0.00
47.27819,0.204,-4.917,0.00
47.28852,0.206,-4.904,0.00
47.29870,0.209,-4.894,0.00
47.30904,0.209,-4.894,0.00
47.31910,0.210,-4.895,0.00
47.33143,0.210,-4.895,0.00
47.34159,0.215,-4.895,0.00
47.35176,0.215,-4.895,0.00
47.36196,0.217,-4.895,0.00
47.37215,0.217,-4.897,0.00
47.38232,0.219,-4.897,0.00
47.39270,0.219,-4.897,0.00
47.40313,0.220,-4.897,0.00
47.41329,0.220,-4.897,0.00
47.42345,0.220,-4.896,0.00
47.43361,0.220,-4.908,0.00
47.44376,0.220,-4.908,0.00
47.45451,0.220,-4.908,0.00
47.46468,0.216,-4.954,0.00
47.47483,0.211,-5.026,0.00
47.48507,0.211,-5.026,0.00
47.49535,0.203,-5.155,0.00
47.50562,0.203,-5.155,0.00
47.51588,0.193,-5.275,0.00
47.52604,0.193,-5.275,0.00
47.53628,0.188,-5.391,0.00
47.54643,0.188,-5.391,0.00
47.55660,0.188,-5.391,0.00
47.56684,0.187,-5.505,0.00
47.57746,0.193,-5.611,0.00
47.58763,0.193,-5.611,0.00
47.59790,0.206,-5.716,0.00
47.60821,0.206,-5.716,0.00
47.61839,0.221,-5.813,0.00
47.62891,0.221,-5.813,0.00
47.63926,0.238,-5.893,0.00
47.64977,0.238,-5.893,0.00
47.66019,0.255,-5.950,0.00
47.67051,0.255,-5.977,0.00
47.68083,0.273,-5.977,0.00
47.69154,0.273,-5.977,0.00
47.70170,0.284,-5.974,0.00
47.71184,0.293,-5.974,0.00
47.72202,0.293,-5.962,0.00
47.73222,0.302,-5.962,0.00
47.74236,0.302,-5.954,0.00
47.75268,0.309,-5.954,0.00
47.76307,0.309,-5.938,0.00
47.77330,0.317,-5.938,0.00
47.78382,0.317,-5.899,0.00
47.79406,0.317,-5.899,0.00
47.80422,0.318,-5.852,0.00
47.81513,0.318,-5.852,0.00
47.82529,0.325,-5.805,0.00
47.83544,0.332,-5.778,0.00
47.84560,0.332,-5.778,0.00
47.85577,0.334,-5.742,0.00
47.86593,0.334,-5.742,0.00
47.87609,0.340,-5.742,0.00
47.88640,0.340,-5.715,0.00
47.89662,0.340,-5.715,0.00
47.90679,0.347,-5.701,0.00
47.91705,0.354,-5.701,0.00
47.92720,0.354,-5.701,0.00
47.93735,0.366,-5.717,0.00
47.94799,0.366,-5.717,0.00
47.95815,0.381,-5.749,0.00
47.96898,0.381,-5.749,0.00
47.97931,0.392,-5.788,0.00
47.98967,0.392,-5.788,0.00
47.99998,0.392,-5.788,0.00
48.01029,0.392,-5.788,0.00
48.02062,0.392,-5.788,0.00
48.03079,0.392,-5.788,0.00
48.04122,0.421,-5.904,0.00
48.05141,0.445,-6.009,0.00
48.06215,0.464,-6.129,0.00
48.07231,0.464,-6.129,0.00
48.08247,0.487,-6.254,0.00
48.09303,0.487,-6.254,0.00
48.10319,0.514,-6.392,0.00
48.11335,0.514,-6.537,0.00
48.12351,0.537,-6.537,0.00
48.13391,0.537,-6.537,0.00
48.14425,0.537,-6.537,0.00
48.15464,0.566,-6.785,0.00
48.16496,0.593,-6.785,0.00
48.17536,0.626,-6.898,0.00
48.18599,0.626,-6.898,0.00
48.19615,0.661,-7.007,0.00
48.20676,0.661,-7.007,0.00
48.21694,0.698,-7.098,0.00
48.22711,0.698,-7.098,0.00
48.23796,0.723,-7.193,0.00
48.24813,0.723,-7.193,0.00
48.25830,0.741,-7.302,0.00
48.26850,0.741,-7.302,0.00
48.27929,0.747,-7.383,0.00
48.28955,0.747,-7.383,0.00
48.29973,0.755,-7.448,0.00
48.31006,0.755,-7.448,0.00
48.32020,0.770,-7.514,0.00
48.33036,0.778,-7.514,0.00
48.34049,0.778,-7.580,0.00
48.35100,0.787,-7.635,0.00
48.36117,0.787,-7.635,0.00
48.37133,0.789,-7.635,0.00
48.38193,0.789,-7.668,0.00
48.39247,0.789,-7.668,0.00
48.40264,0.785,-7.682,0.00
48.41279,0.784,-7.683,0.00
48.42302,0.784,-7.683,0.00
48.43318,0.784,-7.672,0.00
48.44334,0.780,-7.672,0.00
48.45349,0.772,-7.650,0.00
48.46364,0.772,-7.650,0.00
48.47382,0.772,-7.650,0.00
48.48421,0.761,-7.617,0.00
48.49436,0.758,-7.564,0.00
48.50451,0.758,-7.564,0.00
48.51467,0.763,-7.503,0.00
48.52483,0.763,-7.503,0.00
48.53503,0.771,-7.438,0.00
48.54521,0.771,-7.438,0.00
48.55625,0.792,-7.366,0.00
48.56645,0.792,-7.366,0.00
48.57672,0.824,-7.283,0.00
48.58699,0.824,-7.283,0.00
48.59715,0.866,-7.180,0.00
48.60750,0.866,-7.180,0.00
48.61769,0.921,-7.056,0.00
48.62794,0.921,-7.056,0.00
48.63809,0.982,-6.894,0.00
48.64840,0.982,-6.894,0.00
48.65865,1.044,-6.735,0.00
48.66888,1.044,-6.735,0.00
48.67905,1.095,-6.562,0.00
48.68928,1.095,-6.562,0.00
48.69944,1.133,-6.370,0.00
48.70960,1.133,-6.370,0.00
48.71976,1.162,-6.155,0.00
48.72991,1.162,-6.155,0.00
48.74005,1.179,-5.927,0.00
48.75020,1.189,-5.927,0.00
48.76037,1.189,-5.701,0.00
48.77054,1.189,-5.701,0.00
48.78118,1.192,-5.480,0.00
48.79133,1.193,-5.239,0.00
48.80149,1.193,-5.239,0.00
48.81180,1.193,-5.239,0.00
48.82383,1.193,-5.239,0.00
48.83397,1.165,-4.875,0.00
48.84413,1.165,-4.875,0.00
48.85433,1.132,-4.720,0.00
48.86448,1.132,-4.720,0.00
48.87463,1.084,-4.587,0.00
48.88478,1.084,-4.587,0.00
48.89662,1.084,-4.587,0.00
48.90715,1.021,-4.467,0.00
48.91730,0.952,-4.360,0.00
48.92761,0.952,-4.360,0.00
48.93861,0.878,-4.265,0.00
48.94881,0.878,-4.265,0.00
48.95898,0.800,-4.182,0.00
48.97149,0.800,-4.182,0.00
48.98166,0.733,-4.145,0.00
48.99182,0.733,-4.145,0.00
49.00197,0.664,-4.136,0.00
49.01232,0.664,-4.136,0.00
49.02249,0.602,-4.154,0.00
49.03263,0.548,-4.203,0.00
49.04277,0.548,-4.203,0.00
49.05292,0.499,-4.280,0.00
49.06309,0.499,-4.280,0.00
49.07349,0.451,-4.377,0.00
49.08383,0.451,-4.377,0.00
49.09430,0.419,-4.500,0.00
49.10459,0.419,-4.500,0.00
49.11517,0.419,-4.500,0.00
49.12557,0.385,-4.662,0.00
49.13614,0.354,-4.815,0.00
49.14636,0.354,-4.815,0.00
49.15667,0.328,-4.968,0.00
49.16687,0.328,-4.968,0.00
49.17712,0.296,-5.120,0.00
49.18810,0.296,-5.120,0.00
49.19826,0.262,-5.273,0.00
49.20933,0.262,-5.273,0.00
49.21953,0.227,-5.429,0.00
49.23016,0.227,-5.429,0.00
49.24032,0.189,-5.575,0.00
49.25065,0.189,-5.575,0.00
49.26081,0.154,-5.708,0.00
49.27105,0.118,-5.855,0.00
49.28121,0.118,-5.855,0.00
49.29199,0.118,-5.855,0.00
49.30222,0.079,-5.968,0.00
49.31373,0.079,-5.968,0.00
49.32388,0.040,-6.071,0.00
49.33404,0.015,-6.173,0.00
49.34420,0.015,-6.173,0.00
49.35441,0.015,-6.173,0.00
49.36462,-0.014,-6.264,0.00
49.37545,-0.014,-6.264,0.00
49.38570,-0.035,-6.334,0.00
49.39586,-0.052,-6.401,0.00
49.40607,-0.052,-6.401,0.00
49.41622,-0.063,-6.464,0.00
49.42643,-0.063,-6.464,0.00
49.43659,-0.071,-6.530,0.00
49.44701,-0.071,-6.530,0.00
49.45718,-0.074,-6.590,0.00
49.46757,-0.074,-6.590,0.00
49.47772,-0.076,-6.632,0.00
49.48863,-0.077,-6.632,0.00
49.49870,-0.077,-6.656,0.00
49.50909,-0.077,-6.656,0.00
49.51925,-0.074,-6.657,0.00
49.52940,-0.074,-6.657,0.00
49.53956,-0.072,-6.648,0.00
49.54985,-0.072,-6.648,0.00
49.55994,-0.071,-6.630,0.00
49.57009,-0.071,-6.630,0.00
49.58026,-0.069,-6.601,0.00
49.59041,-0.070,-6.559,0.00
49.60068,-0.070,-6.559,0.00
49.61161,-0.070,-6.559,0.00
49.62184,-0.075,-6.521,0.00
49.63204,-0.075,-6.521,0.00
49.64245,-0.086,-6.488,0.00
49.65260,-0.094,-6.458,0.00
49.66275,-0.094,-6.458,0.00
49.67442,-0.094,-6.458,0.00
49.68456,-0.108,-6.441,0.00
49.69472,-0.121,-6.433,0.00
49.70498,-0.121,-6.433,0.00
49.71533,-0.135,-6.434,0.00
49.72550,-0.135,-6.434,0.00
49.73576,-0.135,-6.434,0.00
49.74603,-0.149,-6.452,0.00
49.75621,-0.154,-6.495,0.00
49.76638,-0.154,-6.495,0.00
49.77653,-0.152,-6.544,0.00
49.78709,-0.152,-6.544,0.00
49.79724,-0.147,-6.617,0.00
49.80793,-0.147,-6.617,0.00
49.81817,-0.130,-6.709,0.00
49.82844,-0.130,-6.709,0.00
49.83852,-0.102,-6.811,0.00
49.84934,-0.102,-6.811,0.00
49.85941,-0.061,-6.899,0.00
49.86955,-0.061,-6.899,0.00
49.87969,-0.009,-6.955,0.00
49.88989,-0.009,-6.979,0.00
49.90007,0.050,-6.979,0.00
49.91023,0.050,-6.970,0.00
49.92072,0.112,-6.970,0.00
49.93109,0.112,-6.945,0.00
49.94142,0.174,-6.945,0.00
49.95157,0.174,-6.945,0.00
49.96173,0.221,-6.903,0.00
49.97189,0.221,-6.903,0.00
49.98205,0.258,-6.838,0.00
49.99290,0.258,-6.838,0.00
50.00306,0.280,-6.748,0.00
50.01321,0.280,-6.748,0.00
50.02338,0.285,-6.620,0.00
50.03354,0.269,-6.462,0.00
50.04400,0.269,-6.462,0.00
50.05415,0.269,-6.284,0.00
50.06431,0.235,-6.284,0.00
50.07448,0.235,-6.284,0.00
50.08464,0.201,-6.079,0.00
50.09479,0.201,-5.908,0.00
50.10504,0.176,-5.908,0.00
50.11520,0.176,-5.908,0.00
50.12535,0.151,-5.759,0.00
50.13550,0.151,-5.759,0.00
50.14564,0.127,-5.642,0.00
50.15580,0.095,-5.554,0.00
50.16594,0.095,-5.554,0.00
50.17626,0.061,-5.498,0.00
50.18681,0.061,-5.498,0.00
50.19698,0.028,-5.460,0.00
50.20726,0.028,-5.460,0.00
50.21762,0.028,-5.443,0.00
50.22813,-0.004,-5.443,0.00
50.23829,-0.037,-5.449,0.00
50.24950,-0.071,-5.449,0.00
50.25982,-0.071,-5.482,0.00
50.26998,-0.103,-5.482,0.00
50.28015,-0.103,-5.529,0.00
50.29032,-0.126,-5.529,0.00
50.30046,-0.126,-5.588,0.00
50.31061,-0.142,-5.588,0.00
50.32102,-0.142,-5.658,0.00
50.33134,-0.142,-5.658,0.00
50.34149,-0.158,-5.730,0.00
50.35180,-0.158,-5.730,0.00
50.36208,-0.174,-5.803,0.00
50.37224,-0.174,-5.803,0.00
50.38240,-0.190,-5.876,0.00
50.39262,-0.201,-5.955,0.00
50.40310,-0.201,-5.955,0.00
50.41326,-0.211,-6.040,0.00
50.42341,-0.211,-6.040,0.00
50.43356,-0.218,-6.084,0.00
50.44372,-0.218,-6.084,0.00
50.45387,-0.218,-6.126,0.00
50.46426,-0.226,-6.126,0.00
50.47441,-0.233,-6.177,0.00
50.48457,-0.233,-6.177,0.00
50.49481,-0.237,-6.238,0.00
50.50496,-0.237,-6.238,0.00
50.51513,-0.238,-6.300,0.00
50.52541,-0.238,-6.300,0.00
50.53607,-0.238,-6.352,0.00
50.54623,-0.238,-6.352,0.00
50.55640,-0.235,-6.411,0.00
50.56666,-0.235,-6.411,0.00
50.57705,-0.232,-6.483,0.00
50.58721,-0.232,-6.483,0.00
50.59756,-0.225,-6.551,0.00
50.60791,-0.225,-6.551,0.00
50.61866,-0.217,-6.609,0.00
50.62901,-0.217,-6.609,0.00
50.63947,-0.206,-6.656,0.00
50.64963,-0.192,-6.656,0.00
50.66005,-0.192,-6.693,0.00
50.67021,-0.192,-6.723,0.00
50.68037,-0.175,-6.723,0.00
50.69052,-0.175,-6.748,0.00
50.70069,-0.150,-6.748,0.00
50.71121,-0.150,-6.760,0.00
50.72137,-0.118,-6.760,0.00
50.73174,-0.078,-6.757,0.00
50.74206,-0.078,-6.757,0.00
50.75242,-0.078,-6.747,0.00
50.76309,-0.029,-6.747,0.00
50.77326,-0.029,-6.733,0.00
50.78341,0.029,-6.733,0.00
50.79378,0.029,-6.717,0.00
50.80394,0.094,-6.717,0.00
50.81411,0.153,-6.698,0.00
50.82426,0.153,-6.698,0.00
50.83441,0.206,-6.674,0.00
50.84457,0.206,-6.674,0.00
50.85472,0.260,-6.655,0.00
50.86488,0.260,-6.655,0.00
50.87504,0.308,-6.637,0.00
50.88520,0.308,-6.637,0.00
50.89561,0.345,-6.604,0.00
50.90602,0.345,-6.604,0.00
50.91619,0.383,-6.572,0.00
50.92635,0.383,-6.572,0.00
50.93651,0.414,-6.572,0.00
50.94673,0.414,-6.539,0.00
50.95721,0.422,-6.506,0.00
50.96736,0.422,-6.506,0.00
50.97752,0.418,-6.470,0.00
50.98790,0.418,-6.470,0.00
50.99814,0.420,-6.436,0.00
51.00853,0.420,-6.436,0.00
51.01913,0.420,-6.414,0.00
51.02933,0.420,-6.414,0.00
51.03959,0.405,-6.392,0.00
51.04991,0.405,-6.392,0.00
51.06015,0.405,-6.392,0.00
51.07051,0.385,-6.364,0.00
51.08073,0.366,-6.343,0.00
51.09099,0.366,-6.343,0.00
51.10115,0.353,-6.326,0.00
51.11131,0.353,-6.326,0.00
51.12147,0.345,-6.308,0.00
51.13162,0.345,-6.308,0.00
51.14178,0.341,-6.286,0.00
51.15272,0.341,-6.286,0.00
51.16299,0.341,-6.281,0.00
51.17331,0.341,-6.281,0.00
51.18347,0.341,-6.281,0.00
51.19375,0.343,-6.284,0.00
51.20412,0.343,-6.284,0.00
51.21521,0.353,-6.293,0.00
51.22537,0.353,-6.293,0.00
51.23553,0.368,-6.303,0.00
51.24568,0.368,-6.303,0.00
51.25590,0.388,-6.316,0.00
51.26638,0.388,-6.316,0.00
51.27654,0.388,-6.316,0.00
51.28671,0.409,-6.330,0.00
51.29687,0.428,-6.344,0.00
51.31024,0.449,-6.344,0.00
51.32075,0.449,-6.355,0.00
51.33120,0.478,-6.355,0.00
51.34138,0.478,-6.361,0.00
51.35155,0.478,-6.361,0.00
51.36173,0.502,-6.361,0.00
51.37210,0.502,-6.361,0.00
51.38302,0.522,-6.363,0.00
51.39360,0.522,-6.363,0.00
51.40377,0.537,-6.356,0.00
51.41393,0.547,-6.356,0.00
51.42409,0.547,-6.359,0.00
51.43425,0.544,-6.359,0.00
51.44439,0.544,-6.357,0.00
51.45454,0.538,-6.357,0.00
51.46469,0.538,-6.349,0.00
51.47486,0.526,-6.349,0.00
51.48523,0.526,-6.341,0.00
51.49561,0.501,-6.354,0.00
51.50807,0.501,-6.354,0.00
51.51827,0.472,-6.377,0.00
51.52846,0.472,-6.377,0.00
51.53959,0.436,-6.400,0.00
51.54992,0.436,-6.400,0.00
51.56036,0.390,-6.426,0.00
51.57056,0.390,-6.426,0.00
51.58074,0.329,-6.450,0.00
51.59116,0.329,-6.450,0.00
51.60132,0.265,-6.479,0.00
51.61148,0.265,-6.479,0.00
51.62177,0.205,-6.515,0.00
51.63192,0.146,-6.558,0.00
51.64227,0.146,-6.558,0.00
51.65248,0.088,-6.615,0.00
51.66266,0.088,-6.615,0.00
51.67283,0.037,-6.684,0.00
51.68318,0.037,-6.684,0.00
51.69334,0.037,-6.762,0.00
51.70349,-0.004,-6.762,0.00
51.71447,-0.039,-6.793,0.00
51.72463,-0.039,-6.793,0.00
51.73479,-0.039,-6.805,0.00
51.74503,-0.064,-6.805,0.00
51.75518,-0.064,-6.815,0.00
51.76539,-0.084,-6.815,0.00
51.77557,-0.104,-6.816,0.00
51.78576,-0.104,-6.816,0.00
51.79591,-0.114,-6.816,0.00
51.80629,-0.114,-6.840,0.00
51.81671,-0.122,-6.840,0.00
51.82687,-0.122,-6.859,0.00
51.83710,-0.122,-6.859,0.00
51.84759,-0.125,-6.877,0.00
51.85776,-0.128,-6.883,0.00
51.86797,-0.128,-6.883,0.00
51.87843,-0.129,-6.898,0.00
51.89111,-0.129,-6.898,0.00
51.90130,-0.131,-6.921,0.00
51.91168,-0.131,-6.921,0.00
51.92204,-0.133,-6.943,0.00
51.93219,-0.132,-6.943,0.00
51.94235,-0.132,-6.973,0.00
51.95253,-0.132,-6.973,0.00
51.96271,-0.131,-7.011,0.00
51.97287,-0.129,-7.011,0.00
51.98307,-0.129,-7.051,0.00
51.99323,-0.125,-7.051,0.00
52.00443,-0.125,-7.091,0.00
52.01458,-0.124,-7.146,0.00
52.02475,-0.124,-7.146,0.00
52.03504,-0.127,-7.199,0.00
52.04520,-0.127,-7.199,0.00
52.05536,-0.133,-7.248,0.00
52.06552,-0.133,-7.248,0.00
52.07567,-0.140,-7.293,0.00
52.08583,-0.140,-7.293,0.00
52.09605,-0.140,-7.293,0.00
52.10620,-0.146,-7.340,0.00
52.11636,-0.151,-7.383,0.00
52.12702,-0.151,-7.383,0.00
52.13717,-0.156,-7.419,0.00
52.14732,-0.156,-7.419,0.00
52.15760,-0.162,-7.441,0.00
52.16791,-0.162,-7.441,0.00
52.17823,-0.169,-7.443,0.00
52.18871,-0.169,-7.443,0.00
52.19898,-0.175,-7.434,0.00
52.20914,-0.175,-7.434,0.00
52.21930,-0.182,-7.418,0.00
52.22945,-0.189,-7.418,0.00
52.23961,-0.189,-7.397,0.00
52.24977,-0.193,-7.397,0.00
52.25994,-0.193,-7.364,0.00
52.27032,-0.193,-7.364,0.00
52.28080,-0.200,-7.325,0.00
52.29120,-0.208,-7.197,0.00
52.30138,-0.208,-7.197,0.00
52.31156,-0.208,-7.103,0.00
52.32172,-0.216,-7.103,0.00
52.33188,-0.216,-7.103,0.00
52.34274,-0.227,-7.026,0.00
52.35303,-0.239,-6.955,0.00
52.36315,-0.239,-6.955,0.00
52.37329,-0.248,-6.885,0.00
52.38368,-0.248,-6.885,0.00
52.39438,-0.256,-6.830,0.00
52.40455,-0.256,-6.830,0.00
52.41500,-0.269,-6.776,0.00
52.42519,-0.269,-6.776,0.00
52.43573,-0.282,-6.714,0.00
52.44602,-0.282,-6.714,0.00
52.45691,-0.294,-6.659,0.00
52.46946,-0.294,-6.600,0.00
52.47963,-0.305,-6.600,0.00
52.49039,-0.305,-6.600,0.00
52.50054,-0.317,-6.557,0.00
52.51145,-0.317,-6.557,0.00
52.52177,-0.327,-6.523,0.00
52.53192,-0.334,-6.497,0.00
52.54207,-0.334,-6.497,0.00
52.55222,-0.334,-6.497,0.00
52.56243,-0.334,-6.497,0.00
52.57260,-0.334,-6.497,0.00
52.58278,-0.343,-6.481,0.00
52.59380,-0.348,-6.486,0.00
52.60396,-0.348,-6.486,0.00
52.61413,-0.351,-6.495,0.00
52.62429,-0.351,-6.495,0.00
52.63551,-0.354,-6.512,0.00
52.64571,-0.354,-6.512,0.00
52.65587,-0.355,-6.546,0.00
52.66620,-0.355,-6.546,0.00
52.67655,-0.355,-6.546,0.00
52.68699,-0.355,-6.593,0.00
52.69714,-0.356,-6.625,0.00
52.70730,-0.356,-6.625,0.00
52.71747,-0.356,-6.657,0.00
52.72766,-0.356,-6.657,0.00
52.73781,-0.357,-6.696,0.00
52.74815,-0.357,-6.696,0.00
52.75870,-0.358,-6.760,0.00
52.76902,-0.358,-6.760,0.00
52.77918,-0.358,-6.840,0.00
52.78934,-0.359,-6.840,0.00
52.79951,-0.358,-6.920,0.00
52.80967,-0.358,-6.920,0.00
52.81984,-0.358,-6.972,0.00
52.83026,-0.358,-7.005,0.00
52.84041,-0.358,-7.005,0.00
52.85056,-0.359,-7.060,0.00
52.86069,-0.359,-7.060,0.00
52.87224,-0.359,-7.060,0.00
52.88257,-0.359,-7.060,0.00
52.89255,-0.360,-7.101,0.00
52.90272,-0.360,-7.115,0.00
52.91319,-0.360,-7.115,0.00
52.92353,-0.360,-7.128,0.00
52.93416,-0.360,-7.139,0.00
52.94446,-0.360,-7.139,0.00
52.95484,-0.359,-7.135,0.00
52.96520,-0.359,-7.135,0.00
52.97557,-0.357,-7.112,0.00
52.98589,-0.357,-7.112,0.00
52.99623,-0.358,-7.087,0.00
53.00655,-0.358,-7.087,0.00
53.01688,-0.358,-7.087,0.00
53.02747,-0.358,-7.086,0.00
53.03854,-0.355,-7.096,0.00
53.04910,-0.355,-7.096,0.00
53.05951,-0.354,-7.102,0.00
53.06993,-0.354,-7.102,0.00
53.08028,-0.351,-7.113,0.00
53.09066,-0.348,-7.113,0.00
53.10093,-0.348,-7.149,0.00
53.11133,-0.348,-7.149,0.00
53.12169,-0.346,-7.202,0.00
53.13229,-0.347,-7.287,0.00
53.14246,-0.347,-7.287,0.00
53.15276,-0.342,-7.287,0.00
53.16368,-0.342,-7.358,0.00
53.17404,-0.339,-7.422,0.00
53.18421,-0.339,-7.422,0.00
53.19445,-0.337,-7.422,0.00
53.20477,-0.337,-7.490,0.00
53.21518,-0.336,-7.490,0.00
53.22545,-0.336,-7.565,0.00
53.23578,-0.331,-7.667,0.00
53.24598,-0.331,-7.667,0.00
53.25614,-0.331,-7.667,0.00
53.26631,-0.318,-7.843,0.00
53.27647,-0.293,-8.113,0.00
53.28663,-0.293,-8.113,0.00
53.29679,-0.259,-8.515,0.00
53.30695,-0.259,-8.515,0.00
53.31729,-0.220,-9.013,0.00
53.32899,-0.220,-9.013,0.00
53.33917,-0.186,-9.573,0.00
53.34974,-0.186,-9.573,0.00
53.35990,-0.186,-10.103,0.00
53.37004,-0.156,-10.538,0.00
53.38020,-0.122,-10.538,0.00
53.39057,-0.122,-10.538,0.00
53.40074,-0.082,-10.945,0.00
53.41097,-0.082,-10.945,0.00
53.42114,-0.041,-11.264,0.00
53.43128,-0.041,-11.264,0.00
53.44144,0.007,-11.407,0.00
53.45168,0.007,-11.407,0.00
53.46186,0.058,-11.563,0.00
53.47202,0.058,-11.563,0.00
53.48218,0.112,-11.665,0.00
53.49234,0.112,-11.665,0.00
53.50251,0.166,-11.752,0.00
53.51267,0.166,-11.752,0.00
53.52283,0.222,-11.787,0.00
53.53299,0.270,-11.787,0.00
53.54315,0.270,-11.792,0.00
53.55338,0.270,-11.792,0.00
53.56354,0.313,-11.770,0.00
53.57370,0.313,-11.742,0.00
53.58386,0.354,-11.742,0.00
53.59402,0.354,-11.742,0.00
53.60417,0.354,-11.742,0.00
53.61464,0.354,-11.742,0.00
53.62479,0.354,-11.742,0.00
53.63504,0.354,-11.742,0.00
53.64520,0.388,-11.710,0.00
53.65658,0.388,-11.710,0.00
53.66715,0.412,-11.682,0.00
53.67736,0.412,-11.682,0.00
53.68829,0.412,-11.682,0.00
53.69962,0.426,-11.652,0.00
53.70980,0.432,-11.610,0.00
53.72015,0.423,-11.615,0.00
53.73032,0.415,-11.630,0.00
53.74050,0.415,-11.630,0.00
53.75065,0.408,-11.653,0.00
53.76078,0.399,-11.690,0.00
53.77126,0.399,-11.690,0.00
53.78140,0.389,-11.719,0.00
53.79217,0.389,-11.719,0.00
53.80251,0.378,-11.748,0.00
53.81282,0.369,-11.786,0.00
53.82302,0.369,-11.786,0.00
53.83318,0.364,-11.818,0.00
53.84331,0.364,-11.818,0.00
53.85347,0.361,-11.837,0.00
53.86363,0.361,-11.837,0.00
53.87379,0.360,-11.837,0.00
53.88395,0.360,-11.855,0.00
53.89411,0.361,-11.860,0.00
53.90439,0.361,-11.860,0.00
53.91455,0.361,-11.854,0.00
53.92474,0.361,-11.854,0.00
53.93523,0.361,-11.854,0.00
53.94539,0.364,-11.801,0.00
53.95556,0.362,-11.645,0.00
53.96589,0.362,-11.645,0.00
53.97610,0.362,-11.645,0.00
53.98626,0.360,-11.514,0.00
53.99643,0.357,-11.381,0.00
54.00659,0.357,-11.381,0.00
54.01677,0.353,-11.021,0.00
54.02702,0.353,-11.021,0.00
54.03718,0.351,-10.597,0.00
54.04735,0.351,-10.597,0.00
54.05750,0.352,-10.597,0.00
54.06767,0.352,-10.293,0.00
54.07782,0.348,-10.293,0.00
54.08805,0.348,-10.090,0.00
54.09825,0.341,-10.015,0.00
54.10841,0.341,-10.015,0.00
54.11857,0.333,-9.980,0.00
54.12890,0.333,-9.980,0.00
54.13907,0.325,-9.972,0.00
54.14931,0.325,-9.972,0.00
54.15973,0.318,-9.974,0.00
54.16994,0.318,-9.974,0.00
54.18014,0.312,-9.973,0.00
54.19028,0.312,-9.973,0.00
54.20044,0.312,-9.954,0.00
54.21167,0.312,-9.954,0.00
54.22184,0.315,-9.936,0.00
54.23200,0.319,-9.947,0.00
54.24214,0.319,-9.947,0.00
54.25297,0.324,-9.969,0.00
54.26313,0.324,-9.969,0.00
54.27329,0.324,-9.969,0.00
54.28360,0.330,-10.000,0.00
54.29376,0.337,-10.000,0.00
54.30405,0.337,-10.035,0.00
54.31443,0.336,-10.035,0.00
54.32475,0.336,-10.066,0.00
54.33524,0.336,-10.072,0.00
54.34828,0.336,-10.072,0.00
54.35845,0.335,-10.055,0.00
54.36940,0.335,-10.012,0.00
54.37956,0.326,-10.012,0.00
54.39000,0.326,-10.012,0.00
54.40025,0.312,-9.951,0.00
54.41043,0.312,-9.951,0.00
54.42059,0.293,-9.897,0.00
54.43081,0.293,-9.897,0.00
54.44103,0.293,-9.897,0.00
54.45119,0.270,-9.823,0.00
54.46146,0.246,-9.783,0.00
54.47163,0.246,-9.783,0.00
54.48180,0.246,-9.783,0.00
54.49202,0.246,-9.783,0.00
54.50231,0.225,-9.783,0.00
54.51246,0.207,-9.802,0.00
54.52267,0.195,-9.826,0.00
54.53285,0.195,-9.826,0.00
54.54306,0.188,-9.849,0.00
54.55322,0.186,-9.901,0.00
54.56514,0.186,-9.901,0.00
54.57530,0.186,-9.966,0.00
54.58545,0.186,-9.966,0.00
54.59561,0.186,-9.966,0.00
54.60577,0.188,-10.039,0.00
54.61593,0.193,-10.111,0.00
54.62617,0.193,-10.111,0.00
54.63633,0.199,-10.187,0.00
54.64648,0.199,-10.187,0.00
54.65671,0.205,-10.266,0.00
54.66760,0.205,-10.266,0.00
54.67785,0.212,-10.347,0.00
54.68866,0.212,-10.347,0.00
54.69881,0.217,-10.423,0.00
54.71036,0.217,-10.423,0.00
54.72056,0.221,-10.496,0.00
54.73072,0.224,-10.563,0.00
54.74087,0.224,-10.563,0.00
54.75156,0.228,-10.563,0.00
54.76189,0.228,-10.682,0.00
54.77205,0.232,-10.752,0.00
54.78222,0.232,-10.752,0.00
54.79239,0.236,-10.797,0.00
54.80255,0.236,-10.797,0.00
54.81272,0.245,-10.806,0.00
54.82333,0.245,-10.806,0.00
54.83352,0.251,-10.783,0.00
54.84456,0.251,-10.783,0.00
54.85484,0.251,-10.783,0.00
54.86512,0.256,-10.760,0.00
54.87528,0.258,-10.731,0.00
54.88544,0.258,-10.731,0.00
54.89559,0.255,-10.731,0.00
54.90580,0.255,-10.702,0.00
54.91595,0.249,-10.680,0.00
54.92629,0.249,-10.680,0.00
54.93719,0.242,-10.670,0.00
54.94893,0.242,-10.670,0.00
54.95912,0.231,-10.667,0.00
54.96928,0.231,-10.667,0.00
54.97944,0.214,-10.666,0.00
54.98960,0.214,-10.666,0.00
54.99976,0.196,-10.667,0.00
55.00991,0.196,-10.667,0.00
55.02017,0.178,-10.678,0.00
55.03063,0.178,-10.678,0.00
55.04088,0.161,-10.697,0.00
55.05128,0.161,-10.697,0.00
55.06171,0.142,-10.729,0.00
55.07206,0.125,-10.729,0.00
55.08222,0.125,-10.766,0.00
55.09273,0.125,-10.766,0.00
55.10311,0.108,-10.809,0.00
55.11327,0.108,-10.856,0.00
55.12343,0.094,-10.856,0.00
55.13359,0.080,-10.902,0.00
55.14379,0.080,-10.902,0.00
55.15395,0.080,-10.902,0.00
55.16412,0.067,-10.953,0.00
55.17427,0.054,-11.006,0.00
55.18443,0.054,-11.006,0.00
55.19457,0.039,-11.057,0.00
55.20471,0.039,-11.057,0.00
55.21499,0.025,-11.114,0.00
55.22522,0.025,-11.114,0.00
55.23554,0.011,-11.163,0.00
55.24589,0.011,-11.163,0.00
55.25619,-0.005,-11.210,0.00
55.26639,-0.005,-11.210,0.00
55.27655,-0.019,-11.255,0.00
55.28670,-0.019,-11.255,0.00
55.29754,-0.030,-11.299,0.00
55.30783,-0.030,-11.299,0.00
55.31813,-0.037,-11.340,0.00
55.32849,-0.037,-11.340,0.00
55.33865,-0.037,-11.374,0.00
55.34905,-0.043,-11.374,0.00
55.35981,-0.043,-11.402,0.00
55.36998,-0.043,-11.402,0.00
55.38015,-0.038,-11.422,0.00
55.39030,-0.038,-11.422,0.00
55.40046,-0.032,-11.434,0.00
55.41063,-0.032,-11.434,0.00
55.42078,-0.020,-11.437,0.00
55.43099,-0.020,-11.437,0.00
55.44114,-0.003,-11.423,0.00
55.45130,-0.003,-11.423,0.00
55.46145,-0.003,-11.423,0.00
55.47165,-0.003,-11.423,0.00
55.48190,0.033,-11.398,0.00
55.49205,0.033,-11.362,0.00
55.50225,0.033,-11.362,0.00
55.51241,0.086,-11.287,0.00
55.52257,0.086,-11.287,0.00
55.53273,0.116,-11.231,0.00
55.54299,0.116,-11.231,0.00
55.55303,0.116,-11.231,0.00
55.56332,0.116,-11.231,0.00
55.57351,0.152,-11.173,0.00
55.58529,0.190,-11.104,0.00
55.59544,0.216,-11.021,0.00
55.60559,0.216,-11.021,0.00
55.61584,0.235,-10.937,0.00
55.62611,0.235,-10.937,0.00
55.63645,0.248,-10.937,0.00
55.64672,0.248,-10.853,0.00
55.65688,0.243,-10.778,0.00
55.66713,0.243,-10.778,0.00
55.67789,0.217,-10.723,0.00
55.68805,0.217,-10.723,0.00
55.69821,0.183,-10.697,0.00
55.70836,0.183,-10.697,0.00
55.71861,0.156,-10.685,0.00
55.72882,0.156,-10.685,0.00
55.73921,0.120,-10.671,0.00
55.74937,0.120,-10.671,0.00
55.75953,0.093,-10.660,0.00
55.76967,0.093,-10.660,0.00
55.77986,0.078,-10.653,0.00
55.79006,0.078,-10.653,0.00
55.80022,0.060,-10.633,0.00
55.81038,0.060,-10.633,0.00
55.82054,0.040,-10.609,0.00
55.83070,0.024,-10.589,0.00
55.84086,0.024,-10.589,0.00
55.85117,0.024,-10.589,0.00
55.86133,0.008,-10.566,0.00
55.87149,0.008,-10.566,0.00
55.88166,-0.012,-10.546,0.00
55.89192,-0.012,-10.546,0.00
55.90207,-0.031,-10.538,0.00
55.91223,-0.031,-10.538,0.00
55.92237,-0.057,-10.533,0.00
55.93253,-0.081,-10.524,0.00
55.94269,-0.081,-10.524,0.00
55.95286,-0.095,-10.523,0.00
55.96306,-0.095,-10.523,0.00
55.97321,-0.107,-10.522,0.00
55.98337,-0.107,-10.522,0.00
55.99430,-0.116,-10.495,0.00
56.00446,-0.116,-10.495,0.00
56.01470,-0.116,-10.495,0.00
56.02488,-0.126,-10.443,0.00
56.03506,-0.135,-10.404,0.00
56.04522,-0.135,-10.404,0.00
56.05538,-0.144,-10.380,0.00
56.06554,-0.144,-10.380,0.00
56.07630,-0.151,-10.358,0.00
56.08671,-0.151,-10.358,0.00
56.09687,-0.148,-10.334,0.00
56.10745,-0.148,-10.334,0.00
56.11761,-0.139,-10.334,0.00
56.12782,-0.139,-10.312,0.00
56.13797,-0.128,-10.312,0.00
56.14864,-0.128,-10.296,0.00
56.15880,-0.115,-10.271,0.00
56.16925,-0.091,-10.271,0.00
56.17942,-0.091,-10.234,0.00
56.18960,-0.091,-10.234,0.00
56.19974,-0.071,-10.185,0.00
56.20989,-0.071,-10.185,0.00
56.22003,-0.031,-10.128,0.00
56.23024,0.008,-10.128,0.00
56.24055,0.008,-10.058,0.00
56.25085,0.049,-10.058,0.00
56.26117,0.049,-9.974,0.00
56.27148,0.049,-9.974,0.00
56.28210,0.103,-9.871,0.00
56.29257,0.103,-9.871,0.00
56.30295,0.147,-9.755,0.00
56.31315,0.174,-9.755,0.00
56.32330,0.174,-9.625,0.00
56.33343,0.205,-9.488,0.00
56.34358,0.205,-9.488,0.00
56.35439,0.225,-9.380,0.00
56.36455,0.225,-9.380,0.00
56.37471,0.231,-9.286,0.00
56.38486,0.231,-9.286,0.00
56.39521,0.240,-9.220,0.00
56.40543,0.240,-9.220,0.00
56.41577,0.251,-9.186,0.00
56.42615,0.251,-9.186,0.00
56.43646,0.262,-9.178,0.00
56.44706,0.262,-9.178,0.00
56.45721,0.262,-9.178,0.00
56.46862,0.264,-9.182,0.00
56.47879,0.265,-9.182,0.00
56.49041,0.265,-9.178,0.00
56.50058,0.260,-9.161,0.00
56.51079,0.245,-9.161,0.00
56.52098,0.245,-9.139,0.00
56.53165,0.245,-9.139,0.00
56.54181,0.225,-9.111,0.00
56.55209,0.209,-9.111,0.00
56.56238,0.209,-9.093,0.00
56.57264,0.193,-9.088,0.00
56.58311,0.193,-9.088,0.00
56.59327,0.180,-9.088,0.00
56.60342,0.180,-9.091,0.00
56.61359,0.180,-9.105,0.00
56.62374,0.168,-9.105,0.00
56.63390,0.168,-9.121,0.00
56.64406,0.152,-9.121,0.00
56.65422,0.123,-9.126,0.00
56.66440,0.123,-9.126,0.00
56.67456,0.123,-9.110,0.00
56.68468,0.090,-9.110,0.00
56.69485,0.061,-9.092,0.00
56.70501,0.061,-9.092,0.00
56.71516,0.061,-9.092,0.00
56.72532,0.032,-9.084,0.00
56.73548,0.011,-9.084,0.00
56.74607,0.011,-9.073,0.00
56.75625,-0.006,-9.067,0.00
56.76682,-0.006,-9.067,0.00
56.77738,-0.016,-9.074,0.00
56.78763,-0.016,-9.074,0.00
56.79808,-0.022,-9.081,0.00
56.80957,-0.022,-9.081,0.00
56.81972,-0.027,-9.102,0.00
56.82987,-0.027,-9.102,0.00
56.84014,-0.028,-9.118,0.00
56.85048,-0.023,-9.122,0.00
56.86092,-0.023,-9.122,0.00
56.87137,-0.023,-9.122,0.00
56.88209,-0.024,-9.130,0.00
56.89227,-0.024,-9.154,0.00
56.90242,-0.028,-9.154,0.00
56.91270,-0.028,-9.197,0.00
56.92311,-0.031,-9.197,0.00
56.93328,-0.036,-9.253,0.00
56.94363,-0.036,-9.253,0.00
56.95452,-0.036,-9.308,0.00
56.96488,-0.040,-9.308,0.00
56.97535,-0.040,-9.355,0.00
56.98584,-0.049,-9.355,0.00
56.99615,-0.060,-9.398,0.00
57.00670,-0.060,-9.398,0.00
57.01666,-0.070,-9.398,0.00
57.02681,-0.070,-9.426,0.00
57.03697,-0.076,-9.445,0.00
57.04720,-0.076,-9.445,0.00
57.05755,-0.072,-9.455,0.00
57.06792,-0.072,-9.455,0.00
57.07836,-0.062,-9.449,0.00
57.08936,-0.044,-9.424,0.00
57.09972,-0.044,-9.424,0.00
57.11008,-0.044,-9.424,0.00
57.12055,-0.013,-9.389,0.00
57.13082,-0.013,-9.389,0.00
57.14121,0.037,-9.351,0.00
57.15147,0.104,-9.351,0.00
57.16162,0.104,-9.297,0.00
57.17183,0.104,-9.297,0.00
57.18200,0.178,-9.227,0.00
57.19317,0.178,-9.227,0.00
57.20333,0.256,-9.139,0.00
57.21353,0.256,-9.139,0.00
57.22367,0.328,-9.040,0.00
57.23382,0.386,-8.925,0.00
57.24431,0.386,-8.925,0.00
57.25512,0.386,-8.925,0.00
57.26536,0.433,-8.795,0.00
57.27566,0.472,-8.661,0.00
57.28582,0.472,-8.661,0.00
57.29597,0.472,-8.661,0.00
57.30613,0.499,-8.526,0.00
57.31631,0.502,-8.380,0.00
57.32647,0.502,-8.380,0.00
57.33663,0.489,-8.259,0.00
57.34706,0.489,-8.259,0.00
57.35721,0.467,-8.165,0.00
57.36745,0.467,-8.165,0.00
57.37762,0.441,-8.097,0.00
57.38785,0.441,-8.097,0.00
57.39842,0.387,-8.047,0.00
57.40858,0.387,-8.047,0.00
57.41874,0.326,-8.014,0.00
57.42925,0.146,-8.008,0.00
57.43942,0.146,-8.008,0.00
57.44961,0.146,-8.008,0.00
57.45979,0.693,-8.029,0.00
57.47020,0.693,-8.029,0.00
57.48057,1.108,-8.078,0.00
57.49073,1.940,-8.078,0.00
57.50089,1.940,-8.148,0.00
57.51107,1.940,-8.148,0.00
57.52123,2.954,-8.225,0.00
57.53140,2.954,-8.304,0.00
57.54157,4.338,-8.304,0.00
57.55176,4.338,-8.304,0.00
57.56188,6.716,-8.386,0.00
57.57216,6.716,-8.468,0.00
57.58245,9.734,-8.468,0.00
57.59985,13.051,-8.542,0.00
57.61018,13.051,-8.542,0.00
57.62053,16.336,-8.618,0.00
57.63128,16.336,-8.618,9.00
57.64200,19.428,-8.681,9.00
57.65215,19.428,-8.681,9.00
57.66429,22.069,-8.762,9.00
57.67468,24.341,-8.878,9.00
57.68512,24.341,-8.878,9.00
57.69528,24.341,-8.878,9.00
57.70552,26.301,-9.005,9.00
57.71566,27.931,-9.133,9.00
57.74339,27.931,-9.265,9.00
57.75358,29.343,-9.265,9.00
57.77536,30.432,-9.809,9.00
57.78568,30.920,-9.809,9.00
57.80780,30.920,-9.809,9.00
57.81807,29.183,-10.363,9.00
57.83992,29.183,-10.363,9.00
57.85016,27.128,-10.502,9.00
57.86056,24.591,-10.557,9.00
57.87298,24.591,-10.557,9.00
57.88320,21.773,-10.541,9.00
57.89336,21.773,-10.486,9.00
57.90398,18.876,-10.486,9.00
57.91502,18.876,-10.486,9.00
57.92532,15.932,-10.426,9.00
57.93793,13.050,-10.371,9.50
57.94853,13.050,-10.371,9.50
57.95897,10.384,-10.314,9.50
57.97104,7.893,-10.269,9.50
57.98134,7.893,-10.269,9.50
57.99167,5.356,-10.241,9.50
58.00182,5.356,-10.241,10.00
58.01199,2.941,-10.213,10.00
58.02239,2.941,-10.213,10.00
58.04688,2.941,-10.213,11.00
58.05706,0.862,-10.166,11.00
58.07912,0.862,-10.166,12.50
58.08933,1.548,-10.170,12.50
58.11182,2.540,-10.216,14.50
58.12216,3.524,-10.216,14.50
58.14377,3.674,-10.305,17.50
58.15393,3.674,-10.305,17.50
58.17487,2.580,-10.448,21.00
58.18511,1.351,-10.622,21.00
58.19526,0.666,-10.886,21.00
58.20994,0.666,-10.886,24.00
58.22035,0.329,-11.195,24.00
58.23051,0.329,-11.195,24.00
58.24067,0.196,-11.594,26.00
58.25083,0.231,-12.031,26.00
58.26121,0.231,-12.031,26.00
58.27257,0.219,-12.506,27.50
58.28276,0.219,-12.506,27.50
58.29321,0.154,-13.008,27.50
58.30384,0.154,-13.008,28.50
58.31403,0.154,-13.518,28.50
58.32421,0.073,-13.518,28.50
58.35137,-0.126,-13.518,29.00
58.36165,-0.126,-14.605,29.00
58.38357,-0.139,-14.605,29.00
58.39372,-0.139,-15.354,29.00
58.41552,-0.098,-15.406,29.50
58.42600,-0.040,-15.406,29.50
58.45212,0.026,-15.175,29.50
58.46230,0.082,-14.491,29.50
58.47983,0.109,-13.455,29.50
58.49081,0.109,-13.455,29.50
58.51176,0.121,-12.063,29.50
58.52195,0.136,-10.318,29.50
58.53211,0.159,-10.318,29.50
58.54331,0.159,-8.275,29.50
58.55362,0.159,-6.051,29.50
58.56394,0.191,-6.051,29.50
58.57532,0.191,-6.051,29.50
58.58646,0.227,-3.718,29.50
58.59699,0.276,-1.358,29.50
58.60924,0.276,-1.358,29.50
58.61959,0.330,1.321,29.50
58.63011,0.330,1.321,29.50
58.64033,0.400,3.682,29.50
58.65066,0.400,3.682,29.50
58.66112,0.494,5.982,29.50
58.68731,0.593,5.982,29.50
58.69755,0.684,10.407,29.50
58.71944,0.684,12.446,29.50
58.73041,0.769,12.446,29.50
58.75447,0.854,14.432,29.50
58.76466,0.935,16.307,29.50
58.78353,1.003,16.307,29.50
58.79369,1.003,19.911,29.50
58.80385,1.055,19.911,29.50
58.81527,1.055,21.365,29.50
58.82552,1.078,21.365,29.50
58.83584,1.078,22.776,29.50
58.84874,1.104,22.776,29.50
58.85901,1.122,24.006,29.50
58.86927,1.122,24.006,29.50
58.88015,1.129,25.149,29.50
58.89033,1.129,25.149,29.50
58.90052,1.143,26.139,29.50
58.91206,1.149,26.954,29.50
58.92249,1.149,26.954,29.50
58.93267,1.149,27.782,29.50
58.94428,1.152,27.782,29.50
58.95461,1.149,28.256,29.50
58.96493,1.149,28.256,29.50
58.99105,1.149,28.256,29.50
59.00124,1.139,28.887,29.50
59.02450,1.139,28.958,29.50
59.03487,1.122,29.037,29.50
59.05699,1.106,28.971,29.50
59.06722,1.106,28.971,29.50
59.07771,1.092,28.857,0.00
59.08832,1.092,28.857,0.00
59.09817,1.079,28.668,0.00
59.10848,1.079,28.668,0.00
59.11871,1.050,28.377,0.00
59.12921,1.050,28.377,0.00
59.13938,1.016,28.114,0.00
59.14966,1.016,28.114,0.00
59.16002,0.967,27.793,0.00
59.17035,0.923,27.466,0.00
59.18052,0.923,27.466,0.00
59.19073,0.923,27.466,0.00
59.20151,0.866,27.137,0.00
59.21332,0.831,27.137,0.00
59.22359,0.831,26.759,0.00
59.23411,0.828,26.759,0.00
59.24448,0.828,26.318,0.00
59.25459,0.828,26.318,0.00
59.26475,0.847,25.691,0.00
59.27540,0.874,25.041,0.00
59.28556,0.874,25.041,0.00
59.29571,0.874,25.041,0.00
59.30590,0.880,24.406,0.00
59.31679,0.823,23.714,0.00
59.32704,0.823,23.714,0.00
59.33720,0.823,23.714,0.00
59.34735,0.792,22.930,0.00
59.35752,0.823,21.969,0.00
59.36767,0.823,21.969,0.00
59.37784,0.871,20.814,0.00
59.38809,0.871,20.814,0.00
59.39828,0.876,19.568,0.00
59.40844,0.876,19.568,0.00
59.41865,0.839,18.168,0.00
59.42909,0.839,18.168,0.00
59.43993,0.800,16.742,0.00
59.45013,0.800,16.742,0.00
59.46038,0.777,15.157,0.00
59.47068,0.777,15.157,0.00
59.48101,0.758,13.630,0.00
59.49137,0.758,12.131,0.00
59.50170,0.715,12.131,0.00
59.51205,0.715,12.131,0.00
59.52240,0.710,10.455,0.00
59.53272,0.710,10.455,0.00
59.54298,0.706,8.600,0.00
59.55304,0.706,8.600,0.00
59.56321,0.649,6.568,0.00
59.57341,0.649,6.568,0.00
59.58357,0.563,4.134,0.00
59.59372,0.563,4.134,0.00
59.60392,0.466,2.055,0.00
59.61410,0.386,0.176,0.00
59.62441,0.386,0.176,0.00
59.63471,0.350,-1.494,0.00
59.64505,0.350,-1.494,0.00
59.65548,0.360,-2.753,0.00
59.66584,0.360,-2.753,0.00
59.67623,0.382,-2.753,0.00
59.68659,0.382,-3.392,0.00
59.69675,0.382,-3.392,0.00
59.70708,0.390,-3.644,0.00
59.71725,0.356,-3.642,0.00
59.72740,0.356,-3.642,0.00
59.73755,0.356,-3.642,0.00
59.74779,0.316,-3.304,0.00
59.75795,0.287,-2.719,0.00
59.76845,0.287,-2.719,0.00
59.77871,0.271,-2.601,0.00
59.78889,0.271,-2.601,0.00
59.79916,0.269,-2.749,0.00
59.80933,0.269,-2.749,0.00
59.81968,0.269,-2.749,0.00
59.83015,0.280,-2.749,0.00
59.84047,0.285,-3.284,0.00
59.85085,0.285,-3.284,0.00
59.86097,0.279,-3.458,0.00
59.87115,0.279,-3.458,0.00
59.88130,0.252,-3.546,0.00
59.89146,0.252,-3.546,0.00
59.90162,0.218,-3.443,0.00
59.91178,0.189,-3.098,0.00
59.92193,0.189,-3.098,0.00
59.93208,0.189,-2.845,0.00
59.94230,0.150,-2.845,0.00
59.95245,0.150,-2.780,0.00
59.96260,0.117,-2.780,0.00
59.97275,0.117,-2.633,0.00
59.98305,0.104,-2.633,0.00
59.99336,0.104,-2.633,0.00
60.00382,0.092,-2.552,0.00
60.01398,0.092,-2.607,0.00
60.02414,0.079,-2.607,0.00
60.03430,0.071,-2.757,0.00
60.04447,0.071,-2.757,0.00
60.05463,0.070,-2.943,0.00
60.06479,0.070,-2.943,0.00
60.07500,0.069,-2.943,0.00
60.08515,0.069,-3.130,0.00
60.09555,0.063,-3.258,0.00
60.10591,0.063,-3.258,0.00
60.11632,0.062,-3.344,0.00
60.12668,0.062,-3.344,0.00
60.13693,0.071,-3.408,0.00
60.14712,0.071,-3.408,0.00
60.15759,0.076,-3.465,0.00
60.16776,0.076,-3.465,0.00
60.17796,0.076,-3.504,0.00
60.18814,0.090,-3.504,0.00
60.19830,0.114,-3.526,0.00
60.20851,0.114,-3.526,0.00
60.21898,0.137,-3.552,0.00
60.22913,0.152,-3.611,0.00
60.23929,0.152,-3.611,0.00
60.24947,0.152,-3.611,0.00
60.25964,0.159,-3.686,0.00
60.27248,0.176,-3.686,0.00
60.28266,0.176,-3.761,0.00
60.29291,0.192,-3.789,0.00
60.30310,0.192,-3.789,0.00
60.31341,0.211,-3.778,0.00
60.32357,0.211,-3.778,0.00
60.33373,0.223,-3.750,0.00
60.34388,0.223,-3.750,0.00
60.35435,0.223,-3.750,0.00
60.36450,0.227,-3.693,0.00
60.37466,0.240,-3.597,0.00
60.38483,0.240,-3.597,0.00
60.39509,0.240,-3.597,0.00
60.40524,0.260,-3.472,0.00
60.41579,0.260,-3.472,0.00
60.42624,0.282,-3.345,0.00
60.43640,0.304,-3.203,0.00
60.44662,0.304,-3.203,0.00
60.45678,0.321,-3.062,0.00
60.46708,0.321,-3.062,0.00
60.47725,0.334,-2.936,0.00
60.48745,0.334,-2.936,0.00
60.49761,0.341,-2.806,0.00
60.50777,0.341,-2.806,0.00
60.51794,0.345,-2.698,0.00
60.52813,0.345,-2.698,0.00
60.53829,0.351,-2.619,0.00
60.54848,0.351,-2.619,0.00
60.55863,0.364,-2.550,0.00
60.57164,0.364,-2.496,0.00
60.58769,0.374,-2.496,0.00
60.59791,0.383,-2.496,0.00
60.60828,0.383,-2.446,0.00
60.61869,0.390,-2.446,0.00
60.62910,0.390,-2.398,0.00
60.63944,0.393,-2.344,0.00
60.64973,0.393,-2.344,0.00
60.66010,0.393,-2.344,0.00
60.67052,0.393,-2.286,0.00
60.68091,0.386,-2.286,0.00
60.69117,0.386,-2.225,0.00
60.70220,0.379,-2.225,0.00
60.71263,0.379,-2.168,0.00
60.72376,0.373,-2.116,0.00
60.73407,0.368,-2.116,0.00
60.75481,0.362,-2.091,0.00
60.76546,0.362,-2.091,0.00
60.77625,0.360,-2.114,0.00
60.80344,0.363,-2.114,0.00
60.81414,0.363,-2.176,0.00
60.83209,0.367,-2.176,0.00
60.85209,0.368,-2.207,0.00
60.86411,0.368,-2.225,0.00
60.87450,0.358,-2.225,0.00
60.88652,0.358,-2.228,0.00
60.89674,0.358,-2.223,0.00
60.91311,0.327,-2.223,0.00
60.92365,0.327,-2.223,0.00
60.94023,0.313,-2.216,0.00
60.95374,0.307,-2.205,0.00
60.96447,0.307,-2.185,0.00
60.99275,0.305,-2.161,0.00
61.00701,0.302,-2.138,0.00
61.02319,0.304,-2.117,0.00
61.05330,0.306,-2.055,0.00
61.06387,0.306,-2.055,0.00
61.08882,0.308,-2.055,0.00
61.09908,0.308,-1.968,0.00
61.10933,0.306,-1.968,0.00
61.12480,0.292,-1.921,0.00
61.14664,0.265,-1.872,0.00
61.15685,0.265,-1.872,0.00
61.17246,0.265,-1.824,0.00
61.19158,0.247,-1.781,0.00
61.20748,0.244,-1.741,0.00
61.22137,0.244,-1.703,0.00
61.23245,0.240,-1.703,0.00
61.24969,0.244,-1.660,0.00
61.26406,0.244,-1.660,0.00
61.27545,0.244,-1.616,0.00
61.29034,0.232,-1.583,0.00
61.31268,0.214,-1.563,0.00
61.33248,0.192,-1.546,0.00
61.34642,0.175,-1.546,0.00
61.36396,0.159,-1.493,0.00
61.38659,0.142,-1.467,0.00
61.39809,0.129,-1.445,0.00
61.41597,0.129,-1.445,0.00
61.42893,0.122,-1.426,0.00
61.45166,0.122,-1.426,0.00
61.46890,0.120,-1.387,0.00
61.48436,0.116,-1.365,0.00
61.49586,0.107,-1.338,0.00
61.51164,0.107,-1.338,0.00
61.52319,0.097,-1.292,0.00
61.53714,0.085,-1.292,0.00
61.55176,0.085,-1.292,0.00
61.56871,0.070,-1.235,0.00
61.57911,0.070,-1.235,0.00
61.64230,0.070,-1.235,0.00
61.71825,0.059,-1.173,0.00
61.72876,0.070,-1.173,0.00
61.73947,-0.225,0.906,0.00
61.75028,-0.225,0.906,0.00
61.76113,-0.214,0.882,0.00
61.77129,-0.214,0.882,0.00
61.78145,-0.207,0.845,0.00
61.79178,-0.207,0.845,0.00
61.80195,-0.200,0.787,0.00
61.81214,-0.200,0.704,0.00
61.82229,-0.199,0.704,0.00
61.83255,-0.206,0.576,0.00
61.84284,-0.206,0.576,0.00
61.85319,-0.206,0.389,0.00
61.86353,-0.214,0.389,0.00
61.87391,-0.220,0.203,0.00
61.88426,-0.220,0.203,0.00
61.89441,-0.226,0.015,0.00
61.90456,-0.226,0.015,0.00
61.91472,-0.233,-0.154,0.00
61.92506,-0.233,-0.154,0.00
61.93524,-0.238,-0.295,0.00
61.94548,-0.238,-0.295,0.00
61.95563,-0.238,-0.295,0.00
61.96579,-0.241,-0.412,0.00
61.97595,-0.241,-0.504,0.00
61.98622,-0.241,-0.504,0.00
61.99714,-0.242,-0.560,0.00
62.00728,-0.242,-0.560,0.00
62.01744,-0.250,-0.584,0.00
62.02878,-0.250,-0.584,0.00
62.03896,-0.263,-0.585,0.00
62.05008,-0.263,-0.585,0.00
62.06024,-0.274,-0.584,0.00
62.07052,-0.274,-0.567,0.00
62.08066,-0.279,-0.567,0.00
62.09149,-0.279,-0.567,0.00
62.10185,-0.281,-0.524,0.00
62.11201,-0.281,-0.453,0.00
62.12214,-0.288,-0.453,0.00
62.13229,-0.288,-0.382,0.00
62.14242,-0.289,-0.382,0.00
62.15258,-0.284,-0.320,0.00
62.16274,-0.284,-0.320,0.00
62.17290,-0.273,-0.320,0.00
62.18322,-0.273,-0.266,0.00
62.19338,-0.273,-0.228,0.00
62.20353,-0.267,-0.228,0.00
62.21370,-0.267,-0.207,0.00
62.22386,-0.259,-0.207,0.00
62.23402,-0.248,-0.191,0.00
62.24581,-0.248,-0.191,0.00
62.25652,-0.235,-0.169,0.00
62.26680,-0.235,-0.169,0.00
62.27715,-0.225,-0.144,0.00
62.28778,-0.225,-0.144,0.00
62.29817,-0.217,-0.107,0.00
62.30847,-0.217,-0.107,0.00
62.31879,-0.209,-0.060,0.00
62.32912,-0.209,-0.060,0.00
62.33945,-0.200,-0.010,0.00
62.34977,-0.200,-0.010,0.00
62.36009,-0.200,0.034,0.00
62.37099,-0.198,0.034,0.00
62.38115,-0.198,0.074,0.00
62.39130,-0.198,0.074,0.00
62.40146,-0.193,0.101,0.00
62.41173,-0.183,0.101,0.00
62.42204,-0.183,0.110,0.00
62.43268,-0.174,0.106,0.00
62.44335,-0.174,0.106,0.00
62.45351,-0.170,0.097,0.00
62.46385,-0.170,0.097,0.00
62.47468,-0.164,0.084,0.00
62.48485,-0.164,0.084,0.00
62.49519,-0.155,0.066,0.00
62.50535,-0.155,0.066,0.00
62.51551,-0.155,0.047,0.00
62.52566,-0.152,0.047,0.00
62.53582,-0.153,0.029,0.00
62.54597,-0.153,0.029,0.00
62.55613,-0.154,0.010,0.00
62.56632,-0.154,0.010,0.00
62.57649,-0.151,-0.012,0.00
62.58799,-0.151,-0.012,0.00
62.59826,-0.144,-0.042,0.00
62.60842,-0.144,-0.042,0.00
62.61887,-0.140,-0.074,0.00
62.62903,-0.140,-0.074,0.00
62.63918,-0.142,-0.104,0.00
62.64945,-0.142,-0.104,0.00
62.65978,-0.147,-0.130,0.00
62.67013,-0.147,-0.130,0.00
62.68049,-0.148,-0.154,0.00
62.69083,-0.151,-0.154,0.00
62.70115,-0.151,-0.178,0.00
62.71165,-0.158,-0.178,0.00
62.72182,-0.158,-0.190,0.00
62.73198,-0.158,-0.190,0.00
62.74213,-0.160,-0.182,0.00
62.75229,-0.160,-0.176,0.00
62.76244,-0.154,-0.176,0.00
62.77260,-0.154,-0.181,0.00
62.78275,-0.147,-0.181,0.00
62.79290,-0.140,-0.181,0.00
62.80304,-0.140,-0.194,0.00
62.81372,-0.140,-0.194,0.00
62.82388,-0.133,-0.219,0.00
62.83410,-0.133,-0.219,0.00
62.84427,-0.127,-0.243,0.00
62.85443,-0.127,-0.243,0.00
62.86476,-0.124,-0.268,0.00
62.87515,-0.118,-0.268,0.00
62.88532,-0.118,-0.290,0.00
62.89579,-0.113,-0.306,0.00
62.90605,-0.113,-0.306,0.00
62.91621,-0.113,-0.306,0.00
62.92649,-0.112,-0.318,0.00
62.93676,-0.112,-0.330,0.00
62.94705,-0.112,-0.330,0.00
62.95743,-0.114,-0.337,0.00
62.96770,-0.114,-0.337,0.00
62.97797,-0.119,-0.337,0.00
62.98831,-0.119,-0.343,0.00
62.99841,-0.128,-0.349,0.00
63.00857,-0.128,-0.349,0.00
63.01873,-0.128,-0.353,0.00
63.02894,-0.139,-0.353,0.00
63.03935,-0.149,-0.351,0.00
63.04964,-0.149,-0.351,0.00
63.05993,-0.158,-0.351,0.00
63.07028,-0.158,-0.349,0.00
63.08062,-0.173,-0.349,0.00
63.09109,-0.173,-0.342,0.00
63.10124,-0.191,-0.342,0.00
63.11141,-0.191,-0.342,0.00
63.12157,-0.213,-0.334,0.00
63.13173,-0.234,-0.319,0.00
63.14189,-0.234,-0.319,0.00
63.15225,-0.234,-0.319,0.00
63.16230,-0.256,-0.295,0.00
63.17247,-0.256,-0.261,0.00
63.18263,-0.279,-0.261,0.00
63.19280,-0.279,-0.216,0.00
63.20296,-0.305,-0.216,0.00
63.21325,-0.305,-0.150,0.00
63.22365,-0.326,-0.150,0.00
63.23381,-0.326,-0.150,0.00
63.24399,-0.347,-0.064,0.00
63.25428,-0.347,-0.064,0.00
63.26443,-0.374,0.035,0.00
63.27500,-0.393,0.035,0.00
63.28516,-0.393,0.140,0.00
63.29532,-0.411,0.140,0.00
63.30553,-0.411,0.251,0.00
63.31585,-0.429,0.379,0.00
63.32600,-0.429,0.379,0.00
63.33616,-0.452,0.493,0.00
63.34635,-0.452,0.493,0.00
63.35655,-0.481,0.601,0.00
63.36714,-0.481,0.601,0.00
63.37731,-0.509,0.704,0.00
63.38817,-0.509,0.704,0.00
63.39833,-0.538,0.808,0.00
63.40900,-0.538,0.808,0.00
63.41908,-0.567,0.919,0.00
63.42986,-0.567,0.919,0.00
63.44000,-0.587,1.021,0.00
63.45021,-0.602,1.021,0.00
63.46035,-0.602,1.114,0.00
63.47142,-0.602,1.114,0.00
63.48157,-0.616,1.213,0.00
63.49229,-0.616,1.213,0.00
63.50252,-0.630,1.307,0.00
63.51268,-0.630,1.417,0.00
63.52281,-0.644,1.417,0.00
63.53297,-0.654,1.540,0.00
63.54312,-0.654,1.540,0.00
63.55325,-0.654,1.540,0.00
63.56342,-0.661,1.661,0.00
63.57357,-0.666,1.783,0.00
63.58372,-0.666,1.783,0.00
63.59415,-0.666,1.916,0.00
63.60451,-0.668,1.916,0.00
63.61474,-0.667,1.916,0.00
63.62489,-0.667,2.044,0.00
63.63507,-0.667,2.160,0.00
63.64531,-0.667,2.160,0.00
63.65555,-0.668,2.257,0.00
63.66570,-0.668,2.257,0.00
63.67598,-0.670,2.342,0.00
63.68631,-0.670,2.342,0.00
63.69652,-0.671,2.400,0.00
63.70675,-0.671,2.400,0.00
63.71702,-0.674,2.429,0.00
63.72725,-0.674,2.429,0.00
63.73741,-0.675,2.432,0.00
63.74799,-0.675,2.432,0.00
63.75814,-0.675,2.410,0.00
63.76841,-0.675,2.410,0.00
63.77857,-0.675,2.362,0.00
63.78882,-0.675,2.362,0.00
63.79916,-0.675,2.282,0.00
63.80940,-0.675,2.282,0.00
63.81981,-0.674,2.208,0.00
63.82997,-0.674,2.208,0.00
63.84013,-0.674,2.141,0.00
63.85029,-0.674,2.141,0.00
63.86081,-0.673,2.079,0.00
63.87111,-0.673,2.079,0.00
63.88136,-0.673,2.015,0.00
63.89155,-0.673,1.955,0.00
63.90170,-0.673,1.955,0.00
63.91186,-0.673,1.955,0.00
63.92202,-0.673,1.893,0.00
63.93218,-0.673,1.893,0.00
63.94233,-0.673,1.832,0.00
63.95332,-0.673,1.832,0.00
63.96335,-0.673,1.754,0.00
63.97538,-0.673,1.754,0.00
63.98458,-0.671,1.690,0.00
63.99474,-0.670,1.640,0.00
64.00489,-0.670,1.640,0.00
64.01508,-0.670,1.596,0.00
64.02522,-0.669,1.596,0.00
64.03537,-0.667,1.552,0.00
64.04551,-0.667,1.552,0.00
64.05567,-0.664,1.507,0.00
64.06583,-0.664,1.507,0.00
64.07621,-0.664,1.507,0.00
64.08650,-0.660,1.461,0.00
64.09687,-0.656,1.414,0.00
64.10912,-0.656,1.414,0.00
64.11930,-0.652,1.361,0.00
64.12945,-0.647,1.361,0.00
64.13964,-0.647,1.316,0.00
64.15027,-0.647,1.316,0.00
64.16054,-0.643,1.270,0.00
64.17170,-0.643,1.270,0.00
64.18186,-0.641,1.229,0.00
64.19202,-0.642,1.198,0.00
64.20301,-0.642,1.198,0.00
64.21319,-0.642,1.198,0.00
64.22332,-0.646,1.180,0.00
64.23346,-0.653,1.172,0.00
64.24361,-0.653,1.172,0.00
64.25377,-0.661,1.169,0.00
64.26549,-0.661,1.169,0.00
64.27587,-0.668,1.178,0.00
64.28613,-0.668,1.178,0.00
64.29629,-0.672,1.196,0.00
64.30654,-0.672,1.196,0.00
64.31671,-0.675,1.207,0.00
64.32705,-0.675,1.207,0.00
64.33746,-0.675,1.214,0.00
64.34776,-0.675,1.214,0.00
64.35781,-0.673,1.223,0.00
64.36798,-0.673,1.223,0.00
64.37815,-0.671,1.235,0.00
64.38835,-0.671,1.235,0.00
64.39872,-0.666,1.248,0.00
64.40888,-0.666,1.248,0.00
64.41908,-0.662,1.261,0.00
64.42924,-0.662,1.261,0.00
64.43947,-0.656,1.276,0.00
64.44964,-0.656,1.276,0.00
64.45989,-0.648,1.295,0.00
64.47217,-0.648,1.295,0.00
64.48256,-0.639,1.315,0.00
64.49272,-0.632,1.336,0.00
64.50310,-0.632,1.336,0.00
64.51326,-0.626,1.363,0.00
64.52343,-0.626,1.363,0.00
64.53359,-0.626,1.363,0.00
64.54376,-0.618,1.391,0.00
64.55392,-0.609,1.420,0.00
64.56407,-0.609,1.420,0.00
64.57441,-0.609,1.420,0.00
64.58457,-0.600,1.447,0.00
64.59473,-0.593,1.469,0.00
64.60488,-0.593,1.469,0.00
64.61507,-0.588,1.493,0.00
64.62523,-0.588,1.493,0.00
64.63538,-0.585,1.521,0.00
64.64553,-0.585,1.521,0.00
64.65574,-0.585,1.521,0.00
64.66605,-0.584,1.552,0.00
64.67620,-0.585,1.580,0.00
64.68634,-0.585,1.580,0.00
64.69653,-0.587,1.595,0.00
64.70668,-0.587,1.595,0.00
64.71688,-0.587,1.595,0.00
64.72722,-0.591,1.599,0.00
64.73773,-0.596,1.597,0.00
64.74799,-0.596,1.597,0.00
64.75816,-0.596,1.597,0.00
64.76838,-0.600,1.583,0.00
64.77854,-0.604,1.575,0.00
64.78892,-0.604,1.575,0.00
64.79908,-0.607,1.591,0.00
64.80924,-0.607,1.591,0.00
64.81941,-0.610,1.631,0.00
64.82961,-0.610,1.631,0.00
64.83977,-0.614,1.676,0.00
64.85003,-0.614,1.676,0.00
64.86020,-0.617,1.715,0.00
64.87040,-0.617,1.715,0.00
64.88058,-0.617,1.740,0.00
64.89071,-0.617,1.740,0.00
64.90098,-0.617,1.764,0.00
64.91113,-0.617,1.764,0.00
64.92129,-0.615,1.794,0.00
64.93145,-0.610,1.834,0.00
64.94160,-0.610,1.834,0.00
64.95199,-0.605,1.867,0.00
64.96234,-0.605,1.867,0.00
64.97276,-0.604,1.892,0.00
64.98332,-0.604,1.892,0.00
64.99351,-0.605,1.918,0.00
65.00386,-0.605,1.918,0.00
65.01422,-0.603,1.951,0.00
65.02453,-0.603,1.951,0.00
65.03470,-0.606,1.951,0.00
65.04488,-0.606,1.985,0.00
65.05503,-0.606,1.985,0.00
65.06519,-0.612,2.009,0.00
65.07535,-0.619,2.009,0.00
65.08550,-0.619,2.019,0.00
65.09569,-0.627,2.018,0.00
65.10601,-0.627,2.018,0.00
65.11617,-0.636,2.016,0.00
65.12632,-0.636,2.016,0.00
65.13648,-0.653,2.020,0.00
65.14670,-0.653,2.020,0.00
65.15685,-0.665,2.031,0.00
65.16717,-0.665,2.031,0.00
65.17784,-0.638,2.043,0.00
65.18807,-0.638,2.043,0.00
65.19823,-0.581,2.055,0.00
65.20848,-0.581,2.055,0.00
65.21864,-0.455,2.063,0.00
65.22958,-0.161,2.072,0.00
65.23976,-0.161,2.072,0.00
65.25060,0.311,2.079,0.00
65.26076,0.311,2.079,0.00
65.27234,0.311,2.079,0.00
65.28265,1.075,2.084,0.00
65.29279,1.075,2.084,0.00
65.30304,2.159,2.091,0.00
65.31319,3.531,2.099,0.00
65.32334,3.531,2.099,0.00
65.33376,5.087,2.100,0.00
65.34396,5.087,2.100,0.00
65.35413,6.868,2.094,0.00
65.36429,6.868,2.094,0.00
65.37452,8.934,2.094,0.00
65.38481,8.934,2.087,0.00
65.39497,8.934,2.064,0.00
65.40743,11.243,2.064,0.00
65.41776,13.785,2.025,0.00
65.42826,13.785,2.025,0.00
65.43987,16.628,1.988,9.00
65.45003,16.628,1.988,9.00
65.46020,19.622,1.949,9.00
65.47081,19.622,1.949,9.00
65.48099,19.622,1.949,9.00
65.49116,22.464,1.904,9.00
65.50133,25.060,1.856,9.00
65.52046,25.060,1.801,9.00
65.53075,27.236,1.801,9.00
65.55080,28.909,1.722,9.00
65.56104,30.078,1.535,9.00
65.58367,30.596,1.074,9.00
65.59383,30.554,1.074,9.00
65.60399,30.554,0.632,9.00
65.61515,30.281,0.632,9.00
65.62542,30.281,0.251,9.00
65.63736,29.711,-0.106,9.00
65.64762,29.711,-0.106,9.00
65.65781,28.533,-0.386,9.00
65.66799,28.533,-0.386,9.00
65.68056,26.698,-0.540,9.00
65.69071,24.377,-0.550,9.00
65.70121,24.377,-0.550,9.00
65.71348,24.377,-0.550,9.00
65.72368,21.931,-0.467,9.00
65.73383,19.311,-0.334,9.00
65.74399,19.311,-0.334,9.50
65.75444,16.654,-0.201,9.50
65.76472,16.654,-0.201,9.50
65.79334,16.654,-0.133,9.50
65.80368,10.655,-0.133,9.50
65.82336,10.655,-0.157,10.00
65.83354,7.844,-0.157,10.00
65.85513,2.623,-0.192,11.00
65.86535,2.623,-0.217,11.00
65.88773,0.735,-0.256,12.50
65.89801,-0.311,-0.283,12.50
65.90853,-0.311,-0.283,12.50
65.92118,-0.187,-0.309,14.50
65.93164,-0.187,-0.309,14.50
65.94185,0.500,-0.429,14.50
65.95266,1.195,-0.639,18.00
65.96283,1.195,-0.639,18.00
65.97300,1.195,-0.639,18.00
65.98326,1.680,-0.639,21.00
65.99371,1.257,-1.012,21.00
66.00411,1.257,-1.536,21.00
66.03180,0.046,-3.007,24.50
66.04196,0.046,-3.007,24.50
66.06328,-0.148,-3.007,26.50
66.07362,-0.148,-3.922,26.50
66.09573,-0.055,-5.801,28.00
66.10593,-0.055,-5.801,28.00
66.12724,0.042,-6.770,28.50
66.13764,0.133,-6.770,28.50
66.16046,0.156,-8.367,29.00
66.17065,0.116,-8.367,29.00
66.18082,0.116,-8.902,29.00
66.19481,0.116,-8.902,29.50
66.20498,0.047,-9.137,29.50
66.21515,-0.022,-9.072,29.50
66.22530,-0.022,-9.072,29.50
66.23546,-0.077,-8.629,29.50
66.24579,-0.077,-8.629,29.50
66.25600,-0.077,-8.629,29.50
66.26615,-0.114,-7.752,29.50
66.27632,-0.126,-6.436,29.50
66.28675,-0.126,-6.436,29.50
66.29711,-0.126,-6.436,29.50
66.30725,-0.126,-6.436,29.50
66.33506,-0.132,-2.922,29.50
66.34524,-0.115,-0.848,29.50
66.36870,-0.096,1.358,29.50
66.37913,-0.082,3.942,29.50
66.39887,-0.082,3.942,29.50
66.40915,-0.074,6.270,29.50
66.43430,-0.074,8.671,29.50
66.44448,-0.085,11.029,29.50
66.46376,-0.094,13.268,29.50
66.47394,-0.094,13.268,29.50
66.48410,-0.084,15.383,29.50
66.49567,-0.063,17.324,29.50
66.50617,-0.063,17.324,29.50
66.51633,-0.025,19.190,29.50
66.52711,-0.025,19.190,29.50
66.53760,0.033,19.190,29.50
66.54777,0.033,20.875,29.50
66.56235,0.033,20.875,29.50
66.57252,0.099,22.681,29.50
66.58266,0.176,24.234,29.50
66.59292,0.250,25.614,29.50
66.60308,0.250,25.614,29.50
66.61323,0.326,25.614,29.50
66.62348,0.326,26.936,29.50
66.63380,0.395,28.086,29.50
66.64411,0.395,28.086,29.50
66.65427,0.395,29.086,29.50
66.67227,0.488,29.086,29.50
66.68248,0.488,29.918,29.50
66.70275,0.488,29.918,29.50
66.71305,0.526,31.317,29.50
66.72320,0.554,31.317,29.50
66.73571,0.576,31.757,29.50
66.74661,0.576,31.757,29.50
66.75684,0.593,32.152,29.50
66.77009,0.593,32.152,29.50
66.78028,0.609,32.348,29.50
66.79102,0.609,32.415,29.50
66.80136,0.623,32.415,29.50
66.81155,0.623,32.415,29.50
66.82171,0.643,32.442,29.50
66.84738,0.643,32.442,29.50
66.85758,0.665,32.160,29.50
66.88021,0.665,32.160,29.50
66.89046,0.666,31.926,29.50
66.90080,0.657,31.627,0.00
66.91115,0.646,31.627,0.00
66.92134,0.646,31.351,0.00
66.93150,0.646,31.351,0.00
66.94166,0.613,30.950,0.00
66.95183,0.613,30.950,0.00
66.96199,0.584,30.599,0.00
66.97228,0.584,30.599,0.00
66.98251,0.547,30.131,0.00
66.99267,0.547,29.688,0.00
67.00305,0.516,29.688,0.00
67.01333,0.516,29.222,0.00
67.02354,0.491,29.222,0.00
67.03407,0.491,29.222,0.00
67.04445,0.425,28.623,0.00
67.05464,0.393,28.623,0.00
67.06488,0.393,28.009,0.00
67.07507,0.410,27.319,0.00
67.08522,0.410,27.319,0.00
67.09538,0.453,26.381,0.00
67.10553,0.453,26.381,0.00
67.11586,0.483,25.534,0.00
67.12618,0.483,25.534,0.00
67.13649,0.455,25.534,0.00
67.14682,0.455,24.623,0.00
67.15699,0.421,23.556,0.00
67.16714,0.421,23.556,0.00
67.17736,0.451,22.255,0.00
67.18804,0.451,22.255,0.00
67.19827,0.518,20.533,0.00
67.20849,0.518,20.533,0.00
67.21871,0.546,18.894,0.00
67.22892,0.546,18.894,0.00
67.23908,0.561,17.379,0.00
67.24984,0.561,17.379,0.00
67.25999,0.531,15.706,0.00
67.27016,0.531,15.706,0.00
67.28038,0.465,13.954,0.00
67.29053,0.398,13.954,0.00
67.30069,0.398,12.171,0.00
67.31129,0.347,10.270,0.00
67.32166,0.347,10.270,0.00
67.33182,0.347,8.214,0.00
67.34198,0.305,8.214,0.00
67.35214,0.305,8.214,0.00
67.36232,0.228,6.077,0.00
67.37264,0.155,4.128,0.00
67.38315,0.155,4.128,0.00
67.39351,0.155,2.161,0.00
67.40373,0.102,2.161,0.00
67.41389,0.063,2.161,0.00
67.42405,0.063,0.588,0.00
67.43426,0.049,0.588,0.00
67.44446,0.049,-0.530,0.00
67.45485,0.083,-0.530,0.00
67.46517,0.083,-1.111,0.00
67.47549,0.128,-1.111,0.00
67.48582,0.128,-1.037,0.00
67.49619,0.135,-1.037,0.00
67.50756,0.135,-0.498,0.00
67.51779,0.106,0.263,0.00
67.52828,0.106,0.263,0.00
67.53872,0.071,-0.010,0.00
67.54892,0.071,-0.010,0.00
67.55919,0.069,-0.611,0.00
67.56949,0.069,-0.611,0.00
67.57983,0.074,-1.336,0.00
67.59034,0.075,-1.336,0.00
67.60082,0.075,-2.059,0.00
67.61117,0.054,-2.059,0.00
67.62137,0.054,-2.531,0.00
67.63154,0.054,-2.531,0.00
67.64170,0.031,-2.767,0.00
67.65187,0.031,-2.600,0.00
67.66202,0.020,-2.600,0.00
67.67217,0.020,-2.109,0.00
67.68233,0.013,-2.109,0.00
67.69248,0.010,-1.618,0.00
67.70264,0.010,-1.618,0.00
67.71280,0.004,-1.348,0.00
67.72306,0.004,-1.348,0.00
67.73324,0.004,-1.348,0.00
67.74338,-0.015,-1.078,0.00
67.75354,-0.044,-0.856,0.00
67.76370,-0.044,-0.856,0.00
67.77387,-0.067,-0.809,0.00
67.78403,-0.067,-0.809,0.00
67.79419,-0.071,-0.869,0.00
67.80449,-0.071,-0.869,0.00
67.81465,-0.074,-1.005,0.00
67.82497,-0.074,-1.005,0.00
67.83513,-0.084,-1.244,0.00
67.84541,-0.084,-1.244,0.00
67.85558,-0.104,-1.443,0.00
67.86574,-0.104,-1.443,0.00
67.87663,-0.124,-1.597,0.00
67.88708,-0.124,-1.597,0.00
67.89723,-0.145,-1.597,0.00
67.90740,-0.145,-1.676,0.00
67.91770,-0.164,-1.666,0.00
67.92788,-0.164,-1.666,0.00
67.93809,-0.171,-1.617,0.00
67.94825,-0.171,-1.617,0.00
67.95841,-0.169,-1.566,0.00
67.96857,-0.169,-1.566,0.00
67.97873,-0.156,-1.520,0.00
67.98889,-0.156,-1.520,0.00
67.99907,-0.135,-1.457,0.00
68.01019,-0.135,-1.457,0.00
68.02035,-0.120,-1.412,0.00
68.03136,-0.120,-1.412,0.00
68.04152,-0.110,-1.374,0.00
68.05169,-0.099,-1.328,0.00
68.06206,-0.099,-1.328,0.00
68.07223,-0.099,-1.355,0.00
68.08238,-0.085,-1.355,0.00
68.09253,-0.085,-1.355,0.00
68.10269,-0.072,-1.419,0.00
68.11295,-0.072,-1.486,0.00
68.12315,-0.053,-1.486,0.00
68.13330,-0.053,-1.486,0.00
68.14346,-0.025,-1.539,0.00
68.15362,0.009,-1.539,0.00
68.16377,0.009,-1.572,0.00
68.17595,0.049,-1.572,0.00
68.18617,0.049,-1.582,0.00
68.19632,0.081,-1.576,0.00
68.20660,0.081,-1.576,0.00
68.21677,0.103,-1.576,0.00
68.22707,0.103,-1.576,0.00
68.23724,0.113,-1.594,0.00
68.24739,0.113,-1.594,0.00
68.25755,0.117,-1.620,0.00
68.26771,0.117,-1.620,0.00
68.27787,0.119,-1.649,0.00
68.28803,0.119,-1.649,0.00
68.29819,0.116,-1.682,0.00
68.30835,0.116,-1.682,0.00
68.31853,0.116,-1.682,0.00
68.32871,0.111,-1.713,0.00
68.33909,0.101,-1.716,0.00
68.34931,0.101,-1.716,0.00
68.35949,0.089,-1.704,0.00
68.37161,0.089,-1.704,0.00
68.38188,0.074,-1.694,0.00
68.39200,0.062,-1.694,0.00
68.40808,0.062,-1.683,0.00
68.41852,0.053,-1.665,0.00
68.42871,0.053,-1.665,0.00
68.43931,0.053,-1.643,0.00
68.45120,0.047,-1.623,0.00
68.46159,0.047,-1.623,0.00
68.47190,0.047,-1.623,0.00
68.48217,0.047,-1.623,0.00
68.49402,0.053,-1.597,0.00
68.50489,0.054,-1.566,0.00
68.52034,0.047,-1.529,0.00
68.53118,0.047,-1.529,0.00
68.54719,0.037,-1.487,0.00
68.56312,0.037,-1.443,0.00
68.57859,0.023,-1.443,0.00
68.59575,0.002,-1.358,0.00
68.61431,-0.003,-1.319,0.00
68.62506,-0.003,-1.319,0.00
68.64271,-0.008,-1.274,0.00
68.65413,-0.014,-1.236,0.00
68.66441,-0.014,-1.236,0.00
68.67574,-0.014,-1.236,0.00
68.68968,-0.025,-1.196,0.00
68.70539,-0.039,-1.155,0.00
68.71696,-0.052,-1.113,0.00
68.75393,-0.065,-1.069,0.00
68.77274,-0.079,-1.026,0.00
68.78945,-0.079,-0.987,0.00
68.81164,-0.102,-0.945,0.00
68.82824,-0.109,-0.907,0.00
68.84471,-0.117,-0.868,0.00
68.85569,-0.127,-0.868,0.00
68.86618,-0.127,-0.868,0.00
68.88199,-0.142,-0.868,0.00
68.90997,-0.158,-0.744,0.00
68.92629,-0.174,-0.705,0.00
68.95156,-0.194,-0.668,0.00
68.96248,-0.194,-0.621,0.00
68.97408,-0.194,-0.621,0.00
69.00157,-0.201,-0.546,0.00
69.01254,-0.205,-0.546,0.00
69.02394,-0.203,-0.546,0.00
69.04413,-0.203,-0.484,0.00
69.05524,-0.202,-0.484,0.00
69.06840,-0.204,-0.452,0.00
69.08171,-0.204,-0.429,0.00
69.09234,-0.209,-0.429,0.00
69.10396,-0.212,-0.407,0.00
69.11942,-0.216,-0.384,0.00
69.13120,-0.216,-0.384,0.00
69.15178,-0.219,-0.366,0.00
69.16389,-0.226,-0.348,0.00
69.18073,-0.229,-0.329,0.00
69.20262,-0.235,-0.309,0.00
69.21315,-0.235,-0.291,0.00
69.22408,-0.241,-0.291,0.00
69.25459,-0.257,-0.270,0.00
69.28666,-0.268,-0.218,0.00
69.33430,-0.295,-0.144,0.00
69.34546,-0.295,-0.144,0.00
69.37708,-0.322,-0.096,0.00
69.39818,-0.345,-0.073,0.00
69.44907,-0.345,-0.073,0.00
69.50382,-0.360,0.014,0.00
69.51406,-0.217,0.014,0.00
69.52422,-0.217,0.770,0.00
69.53445,-0.217,0.770,0.00
69.54462,-0.222,0.776,0.00
69.55522,-0.227,0.779,0.00
69.56543,-0.227,0.779,0.00
69.57558,-0.230,0.781,0.00
69.58574,-0.230,0.781,0.00
69.59587,-0.235,0.775,0.00
69.60603,-0.235,0.775,0.00
69.61621,-0.238,0.766,0.00
69.62766,-0.238,0.766,0.00
69.63783,-0.238,0.764,0.00
69.64860,-0.238,0.765,0.00
69.65886,-0.242,0.765,0.00
69.66902,-0.242,0.765,0.00
69.68014,-0.242,0.767,0.00
69.69037,-0.244,0.767,0.00
69.70054,-0.246,0.772,0.00
69.71075,-0.246,0.772,0.00
69.72087,-0.249,0.777,0.00
69.73106,-0.249,0.777,0.00
69.74122,-0.253,0.778,0.00
69.75137,-0.253,0.778,0.00
69.76152,-0.257,0.780,0.00
69.77168,-0.257,0.780,0.00
69.78183,-0.262,0.787,0.00
69.79231,-0.269,0.800,0.00
69.80276,-0.269,0.800,0.00
69.81292,-0.275,0.812,0.00
69.82334,-0.275,0.812,0.00
69.83349,-0.275,0.830,0.00
69.84363,-0.279,0.830,0.00
69.85379,-0.282,0.850,0.00
69.86408,-0.282,0.850,0.00
69.87437,-0.285,0.869,0.00
69.88451,-0.285,0.869,0.00
69.89479,-0.285,0.869,0.00
69.90545,-0.288,0.887,0.00
69.91689,-0.290,0.905,0.00
69.92840,-0.290,0.905,0.00
69.93867,-0.291,0.920,0.00
69.94894,-0.291,0.920,0.00
69.95910,-0.292,0.935,0.00
69.96937,-0.292,0.935,0.00
69.97953,-0.294,0.947,0.00
69.98976,-0.294,0.947,0.00
69.99995,-0.297,0.963,0.00
70.01023,-0.299,0.963,0.00
70.02038,-0.299,0.977,0.00
70.03063,-0.299,0.977,0.00
70.04079,-0.300,0.990,0.00
70.05120,-0.301,1.003,0.00
70.06166,-0.301,1.003,0.00
70.07182,-0.304,1.013,0.00
70.08216,-0.304,1.013,0.00
70.09231,-0.304,1.022,0.00
70.10245,-0.304,1.022,0.00
70.11262,-0.304,1.022,0.00
70.12277,-0.304,1.029,0.00
70.13292,-0.304,1.029,0.00
70.14307,-0.304,1.035,0.00
70.15324,-0.304,1.035,0.00
70.16534,-0.307,1.040,0.00
70.17564,-0.308,1.043,0.00
70.18580,-0.308,1.043,0.00
70.19597,-0.303,1.047,0.00
70.20618,-0.303,1.047,0.00
70.21634,-0.303,1.052,0.00
70.22712,-0.303,1.052,0.00
70.23879,-0.303,1.055,0.00
70.24919,-0.303,1.055,0.00
70.25933,-0.307,1.058,0.00
70.26950,-0.307,1.058,0.00
70.27965,-0.309,1.064,0.00
70.28996,-0.309,1.064,0.00
70.30012,-0.311,1.062,0.00
70.31028,-0.311,1.055,0.00
70.32045,-0.311,1.055,0.00
70.33069,-0.311,1.055,0.00
70.34100,-0.311,1.054,0.00
70.35117,-0.309,1.053,0.00
70.36132,-0.309,1.053,0.00
70.37181,-0.309,1.053,0.00
70.38214,-0.311,1.048,0.00
70.39234,-0.312,1.044,0.00
70.40253,-0.312,1.044,0.00
70.41305,-0.313,1.042,0.00
70.42322,-0.313,1.042,0.00
70.43343,-0.312,1.042,0.00
70.44359,-0.312,1.041,0.00
70.45375,-0.313,1.041,0.00
70.46421,-0.313,1.041,0.00
70.47436,-0.315,1.044,0.00
70.48453,-0.315,1.044,0.00
70.49468,-0.315,1.044,0.00
70.50482,-0.318,1.049,0.00
70.51500,-0.322,1.053,0.00
70.52527,-0.322,1.053,0.00
70.53544,-0.325,1.060,0.00
70.54578,-0.325,1.060,0.00
70.55607,-0.326,1.069,0.00
70.56677,-0.326,1.069,0.00
70.57693,-0.327,1.081,0.00
70.58726,-0.327,1.081,0.00
70.59778,-0.329,1.087,0.00
70.60799,-0.329,1.087,0.00
70.61814,-0.331,1.096,0.00
70.62841,-0.331,1.096,0.00
70.63865,-0.332,1.104,0.00
70.64884,-0.332,1.104,0.00
70.65927,-0.334,1.113,0.00
70.66987,-0.334,1.123,0.00
70.68010,-0.336,1.123,0.00
70.69029,-0.336,1.134,0.00
70.70068,-0.338,1.134,0.00
70.71199,-0.338,1.134,0.00
70.72214,-0.340,1.147,0.00
70.73230,-0.340,1.162,0.00
70.74258,-0.341,1.162,0.00
70.75290,-0.341,1.174,0.00
70.76311,-0.343,1.174,0.00
70.77327,-0.342,1.174,0.00
70.78343,-0.342,1.187,0.00
70.79358,-0.342,1.197,0.00
70.80374,-0.342,1.197,0.00
70.81390,-0.340,1.205,0.00
70.82406,-0.340,1.205,0.00
70.83422,-0.340,1.205,0.00
70.84459,-0.340,1.210,0.00
70.85529,-0.338,1.211,0.00
70.86547,-0.338,1.211,0.00
70.87564,-0.338,1.207,0.00
70.88580,-0.334,1.207,0.00
70.89656,-0.333,1.200,0.00
70.90666,-0.333,1.200,0.00
70.91694,-0.328,1.194,0.00
70.92771,-0.328,1.194,0.00
70.93811,-0.324,1.190,0.00
70.94947,-0.324,1.190,0.00
70.96045,-0.321,1.183,0.00
70.97110,-0.321,1.183,0.00
70.98126,-0.320,1.171,0.00
70.99142,-0.320,1.165,0.00
71.00170,-0.320,1.165,0.00
71.01210,-0.322,1.158,0.00
71.02249,-0.322,1.158,0.00
71.03264,-0.326,1.158,0.00
71.04280,-0.326,1.144,0.00
71.05297,-0.330,1.129,0.00
71.06313,-0.330,1.129,0.00
71.07330,-0.334,1.123,0.00
71.08345,-0.334,1.123,0.00
71.09364,-0.338,1.124,0.00
71.10380,-0.338,1.124,0.00
71.11400,-0.348,1.124,0.00
71.12424,-0.348,1.124,0.00
71.13477,-0.348,1.124,0.00
71.14510,-0.369,1.129,0.00
71.15537,-0.391,1.142,0.00
71.16553,-0.391,1.142,0.00
71.17623,-0.391,1.175,0.00
71.18653,-0.411,1.175,0.00
71.19673,-0.426,1.231,0.00
71.20708,-0.426,1.231,0.00
71.21723,-0.441,1.325,0.00
71.22739,-0.441,1.325,0.00
71.23755,-0.458,1.430,0.00
71.24827,-0.473,1.430,0.00
71.25883,-0.473,1.550,0.00
71.26899,-0.473,1.550,0.00
71.27949,-0.496,1.672,0.00
71.28962,-0.496,1.672,0.00
71.29979,-0.510,1.789,0.00
71.31021,-0.510,1.789,0.00
71.32039,-0.502,1.895,0.00
71.33055,-0.340,1.995,0.00
71.34071,-0.340,1.995,0.00
71.35097,0.062,2.076,0.00
71.36112,0.062,2.076,0.00
71.37128,0.727,2.149,0.00
71.38145,0.727,2.149,0.00
71.39160,1.623,2.179,0.00
71.40175,1.623,2.179,0.00
71.41223,1.623,2.179,0.00
71.42285,2.824,2.175,0.00
71.43301,4.527,2.126,0.00
71.44335,4.527,2.126,0.00
71.45350,6.664,2.026,0.00
71.46366,6.664,2.026,0.00
71.47382,9.162,2.026,0.00
71.48406,9.162,1.909,0.00
71.49443,11.916,1.799,0.00
71.50462,11.916,1.799,0.00
71.51477,14.857,1.690,0.00
71.52501,14.857,1.690,0.00
71.53535,17.687,1.690,9.00
71.54571,17.687,1.549,9.00
71.55600,17.687,1.549,9.00
71.56710,20.249,1.421,9.00
71.57729,22.480,1.288,9.00
71.58764,22.480,1.288,9.00
71.61769,25.434,0.962,9.00
71.62830,26.482,0.656,9.00
71.64763,26.482,0.656,9.00
71.65813,27.538,0.214,9.00
71.67961,28.601,-0.221,9.00
71.68992,29.102,-0.553,9.00
71.71128,28.627,-0.553,9.00
71.72158,28.627,-0.861,9.00
71.74368,27.297,-1.032,9.00
71.75388,25.167,-1.075,9.00
71.76406,25.167,-1.075,9.00
71.77587,25.167,-1.075,9.00
71.78603,22.442,-1.029,9.00
71.79619,19.536,-0.906,9.00
71.80751,19.536,-0.906,9.00
71.81790,16.503,-0.751,9.00
71.82832,13.525,-0.614,9.00
71.83953,13.525,-0.614,9.50
71.85252,13.525,-0.614,9.50
71.86269,10.987,-0.516,9.50
71.89146,8.429,-0.449,9.50
71.92026,3.390,-0.406,10.00
71.93044,3.390,-0.372,10.00
71.95109,1.529,-0.347,11.00
71.96131,0.369,-0.327,11.00
71.98258,0.369,-0.312,12.50
71.99286,0.125,-0.308,12.50
72.00310,0.399,-0.308,12.50
72.01526,0.399,-0.368,14.50
72.02550,0.562,-0.368,14.50
72.03571,0.562,-0.368,14.50
72.04740,0.680,-0.572,18.00
72.05762,0.408,-0.901,18.00
72.06784,0.408,-0.901,18.00
72.07912,0.408,-1.357,21.00
72.08951,0.040,-1.357,21.00
72.09970,-0.213,-1.913,21.00
72.12748,-0.213,-2.585,24.00
72.13770,-0.283,-3.252,24.00
72.15897,-0.283,-4.029,26.50
72.16915,-0.274,-4.029,26.50
72.19311,-0.315,-5.690,28.00
72.20484,-0.315,-5.690,28.00
72.22328,-0.328,-5.690,28.50
72.23400,-0.335,-6.467,28.50
72.25478,-0.335,-7.074,29.00
72.26507,-0.342,-7.604,29.00
72.27523,-0.344,-7.854,29.00
72.28977,-0.344,-7.841,29.00
72.30005,-0.326,-7.841,29.00
72.31912,-0.293,-7.510,29.50
72.33066,-0.293,-7.510,29.50
72.34086,-0.293,-6.795,29.50
72.35211,-0.245,-6.795,29.50
72.36243,-0.192,-5.584,29.50
72.37276,-0.155,-4.173,29.50
72.38324,-0.155,-4.173,29.50
72.39347,-0.129,-2.502,29.50
72.40378,-0.129,-2.502,29.50
72.41556,-0.126,-0.618,29.50
72.42574,-0.126,-0.618,29.50
72.43591,-0.134,1.388,29.50
72.44614,-0.134,1.388,29.50
72.46268,-0.134,1.388,29.50
72.47285,-0.143,3.481,29.50
72.49520,-0.153,5.602,29.50
72.50540,-0.154,7.747,29.50
72.52705,-0.151,7.747,29.50
72.53748,-0.146,12.043,29.50
72.55995,-0.136,13.828,29.50
72.57021,-0.136,13.828,29.50
72.58038,-0.113,15.450,29.50
72.59242,-0.113,16.948,29.50
72.60260,-0.085,16.948,29.50
72.61276,-0.052,16.948,29.50
72.62306,-0.052,16.948,29.50
72.63395,-0.014,19.652,29.50
72.64482,-0.014,19.652,29.50
72.65557,-0.014,20.833,29.50
72.66721,0.017,20.833,29.50
72.67738,0.044,21.982,29.50
72.69000,0.044,22.895,29.50
72.70019,0.062,22.895,29.50
72.71043,0.062,22.895,29.50
72.73515,0.075,23.695,29.50
72.74531,0.085,24.384,29.50
72.76738,0.091,24.966,29.50
72.77779,0.086,25.335,29.50
72.79942,0.070,25.680,29.50
72.80976,0.048,25.782,29.50
72.83146,0.048,25.782,29.50
72.84168,0.030,25.815,29.50
72.86370,0.006,25.768,29.50
72.87403,-0.008,25.548,29.50
72.88448,-0.008,25.548,29.50
72.89477,-0.008,25.548,29.50
72.90503,-0.029,25.295,29.50
72.91519,-0.051,24.937,29.50
72.92961,-0.074,24.937,29.50
72.94045,-0.074,24.501,29.50
72.95122,-0.074,24.501,29.50
72.96138,-0.106,24.042,29.50
72.97154,-0.146,24.042,29.50
72.98171,-0.146,23.487,29.50
72.99192,-0.189,22.862,0.00
73.00210,-0.189,22.862,0.00
73.01295,-0.231,22.251,0.00
73.02312,-0.231,22.251,0.00
73.03330,-0.264,21.610,0.00
73.04347,-0.264,21.610,0.00
73.05400,-0.290,21.610,0.00
73.06416,-0.290,20.952,0.00
73.07460,-0.299,20.259,0.00
73.08493,-0.299,20.259,0.00
73.09651,-0.287,19.632,0.00
73.10720,-0.287,19.632,0.00
73.11730,-0.292,18.972,0.00
73.12784,-0.304,18.972,0.00
73.13800,-0.304,18.328,0.00
73.14814,-0.304,18.328,0.00
73.15830,-0.317,17.568,0.00
73.16846,-0.317,17.568,0.00
73.17862,-0.325,16.663,0.00
73.18878,-0.325,16.663,0.00
73.19898,-0.315,16.013,0.00
73.20914,-0.315,16.013,0.00
73.21930,-0.296,15.285,0.00
73.22945,-0.296,15.285,0.00
73.23962,-0.289,14.377,0.00
73.25010,-0.289,14.377,0.00
73.26045,-0.310,13.279,0.00
73.27063,-0.310,13.279,0.00
73.28092,-0.328,12.105,0.00
73.29107,-0.326,12.105,0.00
73.30123,-0.326,11.034,0.00
73.31139,-0.326,11.034,0.00
73.32156,-0.321,10.025,0.00
73.33174,-0.313,8.983,0.00
73.34190,-0.313,8.983,0.00
73.35233,-0.326,7.858,0.00
73.36265,-0.326,7.858,0.00
73.37385,-0.326,7.858,0.00
73.38418,-0.349,6.565,0.00
73.39444,-0.372,6.565,0.00
73.40477,-0.372,5.225,0.00
73.41535,-0.383,5.225,0.00
73.42562,-0.383,3.735,0.00
73.43599,-0.375,2.274,0.00
73.44626,-0.375,2.274,0.00
73.45661,-0.357,0.835,0.00
73.46826,-0.357,-0.505,0.00
73.47842,-0.346,-0.505,0.00
73.48951,-0.346,-0.505,0.00
73.49968,-0.339,-1.575,0.00
73.50997,-0.339,-1.575,0.00
73.52028,-0.334,-1.890,0.00
73.53060,-0.334,-1.746,0.00
73.54092,-0.324,-1.746,0.00
73.55127,-0.324,-1.453,0.00
73.56153,-0.309,-1.453,0.00
73.57181,-0.309,-1.453,0.00
73.58194,-0.295,-1.108,0.00
73.59210,-0.285,-1.108,0.00
73.60226,-0.285,-0.780,0.00
73.61315,-0.279,-0.482,0.00
73.62331,-0.279,-0.482,0.00
73.63352,-0.278,-0.366,0.00
73.64368,-0.278,-0.366,0.00
73.65384,-0.282,-0.487,0.00
73.66400,-0.282,-0.487,0.00
73.67417,-0.293,-0.796,0.00
73.68434,-0.293,-0.796,0.00
73.69472,-0.316,-0.974,0.00
73.70487,-0.316,-0.974,0.00
73.71505,-0.355,-1.029,0.00
73.72521,-0.355,-1.029,0.00
73.73538,-0.355,-1.029,0.00
73.74557,-0.355,-1.029,0.00
73.75573,-0.400,-1.076,0.00
73.76632,-0.435,-1.076,0.00
73.77649,-0.453,-1.024,0.00
73.78772,-0.453,-1.024,0.00
73.79797,-0.454,-0.941,0.00
73.80813,-0.454,-0.941,0.00
73.81830,-0.435,-0.824,0.00
73.83072,-0.435,-0.824,0.00
73.84088,-0.409,-0.692,0.00
73.85107,-0.409,-0.692,0.00
73.86151,-0.383,-0.540,0.00
73.87167,-0.383,-0.540,0.00
73.88183,-0.357,-0.396,0.00
73.89199,-0.333,-0.271,0.00
73.90214,-0.333,-0.271,0.00
73.91229,-0.307,-0.271,0.00
73.92244,-0.307,-0.162,0.00
73.93259,-0.286,-0.162,0.00
73.94274,-0.286,-0.053,0.00
73.95289,-0.258,-0.053,0.00
73.96305,-0.258,0.072,0.00
73.97334,-0.235,0.072,0.00
73.98365,-0.235,0.218,0.00
73.99400,-0.216,0.343,0.00
74.00434,-0.216,0.343,0.00
74.01465,-0.203,0.454,0.00
74.02504,-0.203,0.454,0.00
74.03537,-0.193,0.545,0.00
74.04569,-0.193,0.545,0.00
74.05602,-0.188,0.619,0.00
74.06634,-0.188,0.619,0.00
74.07680,-0.188,0.619,0.00
74.08720,-0.188,0.668,0.00
74.09736,-0.193,0.705,0.00
74.10784,-0.193,0.705,0.00
74.11809,-0.203,0.746,0.00
74.12845,-0.203,0.746,0.00
74.13882,-0.213,0.793,0.00
74.14897,-0.213,0.793,0.00
74.15915,-0.228,0.825,0.00
74.16933,-0.228,0.825,0.00
74.17948,-0.249,0.854,0.00
74.19212,-0.249,0.854,0.00
74.20229,-0.271,0.884,0.00
74.21245,-0.271,0.927,0.00
74.22260,-0.279,0.927,0.00
74.23275,-0.279,0.970,0.00
74.24300,-0.279,0.970,0.00
74.25315,-0.275,0.983,0.00
74.26331,-0.275,0.983,0.00
74.27346,-0.264,0.957,0.00
74.28362,-0.264,0.957,0.00
74.29388,-0.258,0.874,0.00
74.30419,-0.258,0.874,0.00
74.31451,-0.256,0.756,0.00
74.32482,-0.256,0.756,0.00
74.33519,-0.253,0.756,0.00
74.34537,-0.253,0.598,0.00
74.35565,-0.242,0.401,0.00
74.36580,-0.242,0.401,0.00
74.37596,-0.224,0.188,0.00
74.38612,-0.224,0.188,0.00
74.39628,-0.199,-0.031,0.00
74.40643,-0.199,-0.031,0.00
74.41658,-0.152,-0.263,0.00
74.42674,-0.152,-0.263,0.00
74.43689,-0.108,-0.479,0.00
74.44994,-0.108,-0.479,0.00
74.46028,-0.058,-0.773,0.00
74.47061,-0.058,-0.773,0.00
74.48093,-0.002,-1.114,0.00
74.49133,0.055,-1.114,0.00
74.50787,0.055,-1.445,0.00
74.52404,0.092,-1.445,0.00
74.53517,0.108,-1.891,0.00
74.54535,0.108,-1.891,0.00
74.55648,0.108,-1.891,0.00
74.57530,0.048,-1.932,0.00
74.60378,0.048,-1.795,0.00
74.61962,-0.027,-1.601,0.00
74.63031,-0.035,-1.453,0.00
74.64891,-0.035,-1.453,0.00
74.66475,-0.044,-1.314,0.00
74.67512,-0.062,-1.199,0.00
74.69140,-0.062,-1.199,0.00
74.70842,-0.076,-1.080,0.00
74.72476,-0.076,-0.931,0.00
74.73506,-0.076,-0.769,0.00
74.74574,-0.050,-0.769,0.00
74.76229,-0.023,-0.594,0.00
74.77859,0.004,-0.451,0.00
74.78894,0.004,-0.451,0.00
74.79992,0.004,-0.451,0.00
74.81101,0.049,-0.401,0.00
74.82120,0.049,-0.424,0.00
74.83172,0.050,-0.424,0.00
74.84214,0.050,-0.456,0.00
74.85285,0.052,-0.490,0.00
74.86881,0.052,-0.533,0.00
74.87906,0.052,-0.533,0.00
74.88938,0.052,-0.533,0.00
74.89977,0.052,-0.584,0.00
74.91074,0.066,-0.648,0.00
74.92668,0.066,-0.648,0.00
74.93688,0.066,-0.706,0.00
74.94761,0.062,-0.706,0.00
74.95810,0.053,-0.751,0.00
74.97466,0.042,-0.776,0.00
74.98504,0.042,-0.776,0.00
74.99548,0.042,-0.792,0.00
75.00587,0.026,-0.792,0.00
75.01835,0.013,-0.792,0.00
75.02867,0.013,-0.792,0.00
75.03978,0.005,-0.792,0.00
75.06783,0.005,-0.780,0.00
75.07931,-0.005,-0.780,0.00
75.09127,-0.019,-0.780,0.00
75.10777,-0.029,-0.780,0.00
75.11857,-0.029,-0.780,0.00
75.13070,-0.039,-0.771,0.00
75.14615,-0.053,-0.771,0.00
75.15761,-0.070,-0.708,0.00
75.16845,-0.070,-0.708,0.00
75.17869,-0.088,-0.638,0.00
75.19456,-0.103,-0.579,0.00
75.20544,-0.103,-0.579,0.00
75.22135,-0.117,-0.534,0.00
75.23207,-0.127,-0.490,0.00
75.24251,-0.127,-0.490,0.00
75.25395,-0.125,-0.490,0.00
75.27675,-0.125,-0.391,0.00
75.28819,-0.114,-0.391,0.00
75.29922,-0.096,-0.350,0.00
75.31102,-0.074,-0.322,0.00
75.32674,-0.074,-0.322,0.00
75.34250,-0.051,-0.316,0.00
75.35821,-0.051,-0.345,0.00
75.36980,-0.051,-0.345,0.00
75.38551,-0.017,-0.428,0.00
75.40119,-0.013,-0.548,0.00
75.41695,-0.030,-0.548,0.00
75.43309,-0.030,-0.819,0.00
75.44884,-0.063,-0.819,0.00
75.45945,-0.063,-0.819,0.00
75.47270,-0.063,-0.819,0.00
75.48861,-0.091,-0.935,0.00
75.54484,-0.091,-0.940,0.00
75.60355,-0.036,-0.945,0.00
75.61535,-0.036,-0.237,0.00
75.62598,-0.023,-0.253,0.00
75.63610,-0.036,-0.274,0.00
75.64637,-0.036,-0.274,0.00
75.65689,-0.047,-0.287,0.00
75.66881,-0.047,-0.287,0.00
75.67906,-0.055,-0.291,0.00
75.68967,-0.055,-0.291,0.00
75.70000,-0.062,-0.294,0.00
75.71014,-0.062,-0.294,0.00
75.72037,-0.062,-0.294,0.00
75.73054,-0.062,-0.296,0.00
75.74069,-0.061,-0.294,0.00
75.75120,-0.061,-0.294,0.00
75.76135,-0.059,-0.279,0.00
75.77162,-0.059,-0.279,0.00
75.78182,-0.061,-0.253,0.00
75.79198,-0.061,-0.253,0.00
75.80215,-0.061,-0.232,0.00
75.81231,-0.064,-0.232,0.00
75.82247,-0.064,-0.211,0.00
75.83314,-0.064,-0.211,0.00
75.84332,-0.076,-0.193,0.00
75.85347,-0.093,-0.168,0.00
75.86364,-0.093,-0.168,0.00
75.87379,-0.111,-0.168,0.00
75.88480,-0.111,-0.129,0.00
75.89505,-0.125,-0.081,0.00
75.90521,-0.125,-0.081,0.00
75.91552,-0.136,-0.034,0.00
75.92722,-0.136,-0.034,0.00
75.93742,-0.139,-0.003,0.00
75.94758,-0.139,-0.003,0.00
75.95773,-0.139,0.026,0.00
75.96911,-0.139,0.026,0.00
75.97928,-0.137,0.057,0.00
75.98951,-0.137,0.057,0.00
76.00008,-0.136,0.086,0.00
76.01043,-0.136,0.102,0.00
76.02063,-0.136,0.102,0.00
76.03079,-0.136,0.099,0.00
76.04103,-0.136,0.099,0.00
76.05140,-0.138,0.084,0.00
76.06171,-0.138,0.084,0.00
76.07223,-0.138,0.084,0.00
76.08208,-0.144,0.067,0.00
76.09224,-0.147,0.051,0.00
76.10302,-0.147,0.051,0.00
76.11317,-0.145,0.035,0.00
76.12333,-0.145,0.035,0.00
76.13349,-0.145,0.035,0.00
76.14387,-0.140,0.016,0.00
76.15402,-0.135,-0.005,0.00
76.16417,-0.135,-0.005,0.00
76.17433,-0.132,-0.028,0.00
76.18457,-0.132,-0.028,0.00
76.19530,-0.133,-0.048,0.00
76.20546,-0.133,-0.048,0.00
76.21571,-0.137,-0.064,0.00
76.22649,-0.137,-0.064,0.00
76.23709,-0.141,-0.080,0.00
76.24737,-0.141,-0.080,0.00
76.25749,-0.141,-0.080,0.00
76.26812,-0.141,-0.080,0.00
76.27827,-0.152,-0.095,0.00
76.28841,-0.152,-0.095,0.00
76.29858,-0.159,-0.107,0.00
76.30900,-0.159,-0.107,0.00
76.31926,-0.163,-0.111,0.00
76.32956,-0.169,-0.111,0.00
76.33990,-0.169,-0.110,0.00
76.35061,-0.172,-0.110,0.00
76.36078,-0.172,-0.108,0.00
76.37125,-0.174,-0.108,0.00
76.38141,-0.174,-0.105,0.00
76.39179,-0.174,-0.105,0.00
76.40198,-0.176,-0.101,0.00
76.41213,-0.176,-0.101,0.00
76.42234,-0.179,-0.096,0.00
76.43277,-0.179,-0.096,0.00
76.44299,-0.181,-0.093,0.00
76.45314,-0.179,-0.093,0.00
76.46329,-0.179,-0.101,0.00
76.47366,-0.179,-0.101,0.00
76.48385,-0.182,-0.105,0.00
76.49414,-0.182,-0.105,0.00
76.50439,-0.189,-0.107,0.00
76.51455,-0.199,-0.113,0.00
76.52496,-0.199,-0.113,0.00
76.53513,-0.206,-0.116,0.00
76.54529,-0.206,-0.116,0.00
76.55727,-0.210,-0.114,0.00
76.56742,-0.210,-0.114,0.00
76.57758,-0.214,-0.117,0.00
76.58783,-0.214,-0.117,0.00
76.59789,-0.214,-0.117,0.00
76.60805,-0.216,-0.120,0.00
76.61824,-0.215,-0.120,0.00
76.62839,-0.215,-0.120,0.00
76.63870,-0.216,-0.120,0.00
76.64890,-0.216,-0.118,0.00
76.65915,-0.219,-0.113,0.00
76.66979,-0.219,-0.113,0.00
76.67995,-0.224,-0.104,0.00
76.69010,-0.229,-0.092,0.00
76.70030,-0.229,-0.092,0.00
76.71049,-0.233,-0.092,0.00
76.72067,-0.233,-0.074,0.00
76.73083,-0.235,-0.074,0.00
76.74131,-0.235,-0.052,0.00
76.75156,-0.235,-0.052,0.00
76.76209,-0.238,-0.022,0.00
76.77228,-0.241,0.008,0.00
76.78243,-0.241,0.008,0.00
76.79259,-0.243,0.037,0.00
76.80273,-0.243,0.037,0.00
76.81322,-0.246,0.066,0.00
76.82339,-0.246,0.066,0.00
76.83378,-0.249,0.094,0.00
76.84412,-0.249,0.094,0.00
76.85452,-0.252,0.124,0.00
76.86505,-0.252,0.124,0.00
76.87540,-0.254,0.152,0.00
76.88780,-0.254,0.152,0.00
76.89797,-0.256,0.180,0.00
76.90817,-0.256,0.180,0.00
76.91832,-0.258,0.207,0.00
76.92881,-0.258,0.207,0.00
76.93897,-0.258,0.229,0.00
76.94936,-0.259,0.247,0.00
76.95965,-0.259,0.247,0.00
76.96980,-0.259,0.247,0.00
76.97999,-0.259,0.264,0.00
76.99015,-0.257,0.264,0.00
77.00031,-0.257,0.280,0.00
77.01062,-0.253,0.280,0.00
77.02099,-0.253,0.291,0.00
77.03118,-0.253,0.300,0.00
77.04132,-0.251,0.300,0.00
77.05149,-0.251,0.307,0.00
77.06165,-0.250,0.307,0.00
77.07181,-0.247,0.311,0.00
77.08195,-0.247,0.311,0.00
77.09228,-0.241,0.306,0.00
77.10263,-0.241,0.306,0.00
77.11303,-0.241,0.301,0.00
77.12339,-0.237,0.301,0.00
77.13387,-0.238,0.297,0.00
77.14458,-0.238,0.297,0.00
77.15479,-0.239,0.289,0.00
77.16550,-0.239,0.289,0.00
77.17567,-0.238,0.281,0.00
77.18622,-0.238,0.281,0.00
77.19669,-0.238,0.271,0.00
77.20707,-0.238,0.271,0.00
77.21722,-0.236,0.259,0.00
77.22738,-0.236,0.259,0.00
77.23754,-0.235,0.251,0.00
77.24770,-0.235,0.251,0.00
77.25786,-0.235,0.253,0.00
77.26802,-0.235,0.253,0.00
77.27821,-0.234,0.256,0.00
77.28908,-0.232,0.256,0.00
77.29923,-0.232,0.266,0.00
77.30937,-0.232,0.266,0.00
77.31960,-0.232,0.277,0.00
77.32974,-0.232,0.277,0.00
77.33991,-0.231,0.289,0.00
77.35015,-0.231,0.289,0.00
77.36031,-0.230,0.302,0.00
77.37048,-0.230,0.318,0.00
77.38070,-0.230,0.318,0.00
77.39118,-0.230,0.341,0.00
77.40144,-0.231,0.341,0.00
77.41184,-0.231,0.363,0.00
77.42209,-0.231,0.363,0.00
77.43307,-0.230,0.363,0.00
77.44322,-0.230,0.385,0.00
77.45349,-0.230,0.385,0.00
77.46366,-0.228,0.408,0.00
77.47384,-0.226,0.430,0.00
77.48399,-0.226,0.430,0.00
77.49421,-0.226,0.430,0.00
77.50451,-0.225,0.453,0.00
77.51476,-0.221,0.478,0.00
77.52507,-0.221,0.478,0.00
77.53522,-0.218,0.502,0.00
77.54549,-0.218,0.502,0.00
77.55573,-0.216,0.527,0.00
77.56589,-0.216,0.527,0.00
77.57649,-0.212,0.548,0.00
77.58676,-0.212,0.548,0.00
77.59711,-0.205,0.569,0.00
77.60742,-0.205,0.569,0.00
77.61758,-0.199,0.589,0.00
77.62778,-0.199,0.589,0.00
77.63793,-0.195,0.606,0.00
77.64808,-0.195,0.606,0.00
77.65902,-0.189,0.623,0.00
77.66930,-0.189,0.623,0.00
77.67944,-0.185,0.640,0.00
77.68968,-0.185,0.656,0.00
77.70021,-0.181,0.656,0.00
77.71038,-0.181,0.656,0.00
77.72054,-0.174,0.674,0.00
77.73069,-0.167,0.674,0.00
77.74082,-0.167,0.683,0.00
77.75099,-0.167,0.683,0.00
77.76114,-0.166,0.696,0.00
77.77129,-0.165,0.704,0.00
77.78144,-0.165,0.704,0.00
77.79187,-0.164,0.706,0.00
77.80222,-0.164,0.706,0.00
77.81297,-0.164,0.706,0.00
77.82336,-0.163,0.710,0.00
77.83351,-0.163,0.708,0.00
77.84367,-0.163,0.708,0.00
77.85383,-0.159,0.699,0.00
77.86398,-0.159,0.699,0.00
77.87413,-0.159,0.699,0.00
77.88431,-0.155,0.692,0.00
77.89447,-0.157,0.684,0.00
77.90473,-0.157,0.684,0.00
77.91532,-0.155,0.674,0.00
77.92549,-0.155,0.674,0.00
77.93566,-0.153,0.661,0.00
77.94589,-0.153,0.661,0.00
77.95606,-0.154,0.649,0.00
77.96635,-0.154,0.649,0.00
77.97659,-0.156,0.637,0.00
77.98680,-0.156,0.637,0.00
77.99701,-0.159,0.625,0.00
78.00722,-0.159,0.625,0.00
78.01805,-0.161,0.617,0.00
78.02821,-0.161,0.617,0.00
78.03837,-0.163,0.610,0.00
78.04853,-0.163,0.603,0.00
78.05909,-0.164,0.603,0.00
78.06932,-0.164,0.603,0.00
78.07956,-0.166,0.599,0.00
78.08971,-0.166,0.599,0.00
78.09987,-0.169,0.594,0.00
78.11027,-0.169,0.594,0.00
78.12042,-0.169,0.594,0.00
78.13058,-0.169,0.594,0.00
78.14074,-0.169,0.594,0.00
78.15105,-0.185,0.589,0.00
78.16122,-0.204,0.584,0.00
78.17138,-0.204,0.584,0.00
78.18154,-0.209,0.582,0.00
78.19170,-0.209,0.577,0.00
78.20188,-0.211,0.577,0.00
78.21213,-0.211,0.573,0.00
78.22252,-0.219,0.573,0.00
78.23311,-0.219,0.571,0.00
78.24334,-0.222,0.571,0.00
78.25370,-0.227,0.570,0.00
78.26407,-0.227,0.570,0.00
78.27444,-0.227,0.569,0.00
78.28458,-0.248,0.569,0.00
78.29478,-0.258,0.564,0.00
78.30503,-0.258,0.564,0.00
78.31518,-0.269,0.557,0.00
78.32536,-0.269,0.557,0.00
78.33676,-0.276,0.552,0.00
78.34711,-0.276,0.552,0.00
78.35727,-0.277,0.544,0.00
78.36758,-0.277,0.544,0.00
78.37801,-0.282,0.542,0.00
78.38828,-0.282,0.542,0.00
78.39879,-0.289,0.539,0.00
78.40908,-0.297,0.539,0.00
78.41933,-0.297,0.528,0.00
78.42949,-0.302,0.521,0.00
78.43965,-0.302,0.521,0.00
78.44982,-0.302,0.521,0.00
78.46000,-0.304,0.518,0.00
78.47017,-0.304,0.514,0.00
78.48033,-0.302,0.514,0.00
78.49051,-0.302,0.514,0.00
78.50068,-0.299,0.513,0.00
78.51101,-0.299,0.513,0.00
78.52117,-0.296,0.510,0.00
78.53190,-0.296,0.510,0.00
78.54206,-0.295,0.502,0.00
78.55223,-0.297,0.498,0.00
78.56237,-0.297,0.498,0.00
78.57253,-0.301,0.492,0.00
78.58269,-0.301,0.492,0.00
78.59285,-0.302,0.477,0.00
78.60309,-0.302,0.477,0.00
78.61324,-0.302,0.459,0.00
78.62353,-0.303,0.459,0.00
78.63374,-0.303,0.459,0.00
78.64388,-0.306,0.435,0.00
78.65405,-0.316,0.407,0.00
78.66431,-0.316,0.407,0.00
78.67464,-0.333,0.379,0.00
78.68479,-0.333,0.379,0.00
78.69501,-0.360,0.351,0.00
78.70517,-0.360,0.351,0.00
78.71532,-0.390,0.328,0.00
78.72559,-0.390,0.328,0.00
78.73581,-0.404,0.304,0.00
78.74650,-0.404,0.304,0.00
78.75667,-0.382,0.284,0.00
78.76703,-0.382,0.284,0.00
78.77720,-0.240,0.267,0.00
78.78857,-0.240,0.267,0.00
78.79906,0.106,0.252,0.00
78.80931,0.106,0.252,0.00
78.81959,0.816,0.251,0.00
78.82976,0.816,0.251,0.00
78.83992,0.816,0.251,0.00
78.85019,0.816,0.251,0.00
78.86034,2.205,0.269,0.00
78.87050,6.467,0.297,0.00
78.88079,6.467,0.297,0.00
78.89134,6.467,0.297,0.00
78.90151,9.118,0.337,0.00
78.91177,9.118,0.337,0.00
78.92264,11.942,0.373,0.00
78.93283,11.942,0.373,0.00
78.94312,14.734,0.401,0.00
78.95328,17.307,0.409,0.00
78.97534,17.307,0.401,9.00
78.98571,19.650,0.401,9.00
79.00827,21.695,0.372,9.00
79.01851,23.344,0.296,9.00
79.03881,23.344,0.195,9.00
79.05005,24.656,0.195,9.00
79.07155,25.730,0.074,9.00
79.08174,26.705,-0.114,9.00
79.09198,26.705,-0.114,9.00
79.10309,27.540,-0.114,9.00
79.11346,27.888,-0.540,9.00
79.12389,27.888,-0.976,9.00
79.13628,27.450,-1.293,9.00
79.14648,27.450,-1.293,9.00
79.15666,26.209,-1.540,9.00
79.18355,24.276,-1.726,9.00
79.19372,24.276,-1.726,9.00
79.21526,19.357,-1.744,9.00
79.22551,19.357,-1.744,9.00
79.24863,19.357,-1.744,9.00
79.25904,19.357,-1.744,9.00
79.28069,16.626,-1.649,9.50
79.29235,14.083,-1.530,9.50
79.31103,11.600,-1.311,9.50
79.32130,6.595,-1.236,9.50
79.33146,6.595,-1.236,9.50
79.34283,4.149,-1.169,10.00
79.35339,4.149,-1.169,10.00
79.36355,1.970,-1.116,10.00
79.37643,0.353,-1.064,11.00
79.38920,0.353,-1.064,11.00
79.39938,-0.410,-1.026,11.00
79.40954,-0.410,-1.026,12.50
79.41970,-0.158,-0.992,12.50
79.42986,-0.158,-0.992,12.50
79.45481,0.328,-0.992,15.00
79.46514,0.604,-0.993,15.00
79.48723,0.500,-1.072,18.00
79.49749,0.076,-1.289,18.00
79.52060,-0.319,-1.549,21.50
79.53079,-0.319,-1.549,21.50
79.55127,-0.475,-1.967,24.50
79.56146,-0.378,-2.471,24.50
79.58286,-0.243,-2.471,26.50
79.59322,-0.149,-3.122,26.50
79.60355,-0.149,-3.843,26.50
79.61533,-0.123,-4.575,28.00
79.62561,-0.123,-4.575,28.00
79.63579,-0.147,-5.417,28.00
79.64687,-0.147,-5.417,28.50
79.65723,-0.209,-6.295,28.50
79.66756,-0.209,-6.295,28.50
79.67981,-0.270,-7.034,29.00
79.69054,-0.314,-7.034,29.00
79.70089,-0.314,-7.616,29.00
79.71505,-0.314,-7.945,29.50
79.72521,-0.344,-7.945,29.50
79.73537,-0.365,-8.025,29.50
79.74553,-0.365,-8.025,29.50
79.75569,-0.390,-7.750,29.50
79.76585,-0.390,-7.750,29.50
79.79051,-0.390,-7.750,29.50
79.80068,-0.449,-6.181,29.50
79.82375,-0.449,-4.727,29.50
79.83392,-0.485,-3.108,29.50
79.85657,-0.485,-3.108,29.50
79.86687,-0.475,-1.253,29.50
79.88660,-0.447,-1.253,29.50
79.89678,-0.404,3.026,29.50
79.90706,-0.404,3.026,29.50
79.91883,-0.404,5.301,29.50
79.92917,-0.352,7.587,29.50
79.93949,-0.301,7.587,29.50
79.95138,-0.241,9.767,29.50
79.96157,-0.241,9.767,29.50
79.97191,-0.241,11.816,29.50
79.98316,-0.154,11.816,29.50
79.99333,-0.035,11.816,29.50
80.00356,-0.035,13.948,29.50
80.01485,-0.035,15.655,29.50
80.02521,0.108,15.655,29.50
80.03536,0.247,17.216,29.50
80.04667,0.247,17.216,29.50
80.05698,0.327,18.631,29.50
80.06713,0.327,18.631,29.50
80.07978,0.334,19.945,29.50
80.09007,0.308,19.945,29.50
80.10052,0.308,21.131,29.50
80.12722,0.277,22.223,29.50
80.13752,0.261,23.241,29.50
80.15949,0.267,24.187,29.50
80.16971,0.295,24.918,29.50
80.19235,0.295,25.534,29.50
80.20265,0.346,25.534,29.50
80.22264,0.400,26.085,29.50
80.23289,0.400,26.085,29.50
80.24331,0.440,26.535,29.50
80.25551,0.469,26.841,29.50
80.26605,0.469,26.841,29.50
80.27621,0.493,27.032,29.50
80.28762,0.493,27.032,29.50
80.29803,0.513,27.146,29.50
80.30832,0.521,27.144,29.50
80.32262,0.521,27.144,29.50
80.33278,0.521,27.144,29.50
80.34313,0.524,27.094,29.50
80.35330,0.512,26.959,29.50
80.36347,0.512,26.959,29.50
80.37363,0.487,26.847,29.50
80.40016,0.457,26.667,29.50
80.41037,0.417,26.416,29.50
80.42053,0.417,26.416,0.00
80.43070,0.417,26.416,0.00
80.44086,0.371,26.191,0.00
80.45101,0.318,25.900,0.00
80.46117,0.318,25.900,0.00
80.47133,0.274,25.632,0.00
80.48149,0.274,25.632,0.00
80.49210,0.274,25.632,0.00
80.50225,0.238,25.392,0.00
80.51242,0.219,25.139,0.00
80.52282,0.219,25.139,0.00
80.53320,0.214,24.940,0.00
80.54350,0.214,24.940,0.00
80.55367,0.194,24.940,0.00
80.56383,0.194,24.726,0.00
80.57399,0.186,24.497,0.00
80.58415,0.186,24.497,0.00
80.59437,0.217,24.208,0.00
80.60460,0.217,24.208,0.00
80.61476,0.258,23.783,0.00
80.62492,0.258,23.783,0.00
80.63507,0.279,23.343,0.00
80.64684,0.279,23.343,0.00
80.65717,0.273,22.979,0.00
80.66757,0.273,22.979,0.00
80.67772,0.198,22.572,0.00
80.68911,0.198,22.572,0.00
80.69926,0.109,22.048,0.00
80.71049,0.109,22.048,0.00
80.72065,0.052,21.421,0.00
80.73140,0.052,21.421,0.00
80.74124,0.028,20.639,0.00
80.75140,-0.027,19.787,0.00
80.76208,-0.027,19.787,0.00
80.77223,-0.096,18.862,0.00
80.78248,-0.096,18.862,0.00
80.79263,-0.159,17.685,0.00
80.80285,-0.159,17.685,0.00
80.81306,-0.200,16.456,0.00
80.82337,-0.200,16.456,0.00
80.83354,-0.200,16.456,0.00
80.84370,-0.225,15.038,0.00
80.85385,-0.225,15.038,0.00
80.86402,-0.238,13.469,0.00
80.87418,-0.261,11.797,0.00
80.88433,-0.261,11.797,0.00
80.89453,-0.291,10.113,0.00
80.90492,-0.291,10.113,0.00
80.91530,-0.308,8.416,0.00
80.92565,-0.308,8.416,0.00
80.93581,-0.323,6.748,0.00
80.94597,-0.323,6.748,0.00
80.95614,-0.336,6.748,0.00
80.96652,-0.336,5.003,0.00
80.97756,-0.348,3.557,0.00
80.98787,-0.348,3.557,0.00
80.99807,-0.352,2.186,0.00
81.00894,-0.352,2.186,0.00
81.01909,-0.353,0.987,0.00
81.02925,-0.349,0.987,0.00
81.03939,-0.349,-0.120,0.00
81.04961,-0.349,-0.120,0.00
81.05978,-0.335,-1.196,0.00
81.07021,-0.335,-1.196,0.00
81.08081,-0.315,-2.154,0.00
81.09207,-0.295,-2.154,0.00
81.10244,-0.295,-3.038,0.00
81.11277,-0.276,-3.929,0.00
81.12328,-0.276,-3.929,0.00
81.13344,-0.270,-4.577,0.00
81.14377,-0.270,-4.577,0.00
81.15417,-0.281,-4.577,0.00
81.16436,-0.281,-5.095,0.00
81.17475,-0.293,-5.477,0.00
81.18506,-0.293,-5.477,0.00
81.19539,-0.300,-5.679,0.00
81.20566,-0.300,-5.679,0.00
81.21583,-0.302,-5.693,0.00
81.22625,-0.302,-5.693,0.00
81.23707,-0.310,-5.660,0.00
81.24749,-0.310,-5.660,0.00
81.25766,-0.310,-5.660,0.00
81.26811,-0.329,-5.608,0.00
81.27828,-0.354,-5.585,0.00
81.28869,-0.354,-5.585,0.00
81.29887,-0.380,-5.582,0.00
81.30903,-0.380,-5.582,0.00
81.31920,-0.409,-5.614,0.00
81.32947,-0.409,-5.614,0.00
81.33967,-0.437,-5.683,0.00
81.34983,-0.437,-5.683,0.00
81.35999,-0.462,-5.707,0.00
81.37013,-0.462,-5.707,0.00
81.38066,-0.477,-5.702,0.00
81.39082,-0.477,-5.702,0.00
81.40098,-0.479,-5.674,0.00
81.41115,-0.479,-5.674,0.00
81.42130,-0.466,-5.635,0.00
81.43146,-0.466,-5.635,0.00
81.44196,-0.435,-5.589,0.00
81.45228,-0.393,-5.475,0.00
81.46244,-0.393,-5.475,0.00
81.47260,-0.393,-5.475,0.00
81.48277,-0.348,-5.313,0.00
81.49306,-0.303,-5.119,0.00
81.50326,-0.303,-5.119,0.00
81.51365,-0.303,-4.891,0.00
81.52403,-0.259,-4.891,0.00
81.53453,-0.215,-4.634,0.00
81.54484,-0.215,-4.634,0.00
81.55521,-0.215,-4.634,0.00
81.56547,-0.169,-4.378,0.00
81.57576,-0.127,-4.165,0.00
81.58596,-0.127,-4.165,0.00
81.59622,-0.087,-3.992,0.00
81.60674,-0.087,-3.992,0.00
81.61690,-0.054,-3.831,0.00
81.62710,-0.054,-3.831,0.00
81.63726,-0.032,-3.713,0.00
81.64741,-0.032,-3.713,0.00
81.65756,-0.018,-3.622,0.00
81.66771,-0.018,-3.622,0.00
81.67796,-0.016,-3.554,0.00
81.68812,-0.016,-3.554,0.00
81.69828,-0.029,-3.508,0.00
81.70886,-0.029,-3.508,0.00
81.71925,-0.050,-3.478,0.00
81.72948,-0.073,-3.478,0.00
81.73965,-0.073,-3.457,0.00
81.74982,-0.073,-3.457,0.00
81.75998,-0.091,-3.444,0.00
81.77015,-0.091,-3.440,0.00
81.78032,-0.101,-3.440,0.00
81.79048,-0.101,-3.440,0.00
81.80124,-0.105,-3.433,0.00
81.81146,-0.105,-3.433,0.00
81.82162,-0.108,-3.428,0.00
81.83228,-0.115,-3.425,0.00
81.84244,-0.115,-3.425,0.00
81.85259,-0.126,-3.421,0.00
81.86275,-0.126,-3.421,0.00
81.87295,-0.141,-3.421,0.00
81.88311,-0.141,-3.420,0.00
81.89326,-0.141,-3.422,0.00
81.90342,-0.164,-3.422,0.00
81.91357,-0.190,-3.423,0.00
81.92882,-0.190,-3.423,0.00
81.93944,-0.219,-3.427,0.00
81.94995,-0.248,-3.427,0.00
81.96033,-0.248,-3.427,0.00
81.97250,-0.272,-3.425,0.00
81.98321,-0.272,-3.425,0.00
81.99456,-0.272,-3.425,0.00
82.00656,-0.296,-3.427,0.00
82.01763,-0.316,-3.427,0.00
82.03335,-0.316,-3.427,0.00
82.05035,-0.352,-3.427,0.00
82.06155,-0.352,-3.414,0.00
82.07365,-0.372,-3.414,0.00
82.08441,-0.372,-3.396,0.00
82.09519,-0.372,-3.370,0.00
82.11094,-0.385,-3.370,0.00
82.12159,-0.395,-3.370,0.00
82.13180,-0.395,-3.333,0.00
82.15406,-0.407,-3.289,0.00
82.17209,-0.416,-3.240,0.00
82.18382,-0.423,-3.240,0.00
82.19439,-0.423,-3.123,0.00
82.20742,-0.429,-3.123,0.00
82.21816,-0.434,-3.057,0.00
82.23015,-0.434,-3.057,0.00
82.24676,-0.438,-3.057,0.00
82.26708,-0.442,-2.987,0.00
82.27836,-0.442,-2.813,0.00
82.28944,-0.444,-2.813,0.00
82.31154,-0.444,-2.638,0.00
82.32758,-0.444,-2.638,0.00
82.33920,-0.443,-2.638,0.00
82.34986,-0.442,-2.434,0.00
82.36068,-0.442,-2.434,0.00
82.37105,-0.442,-2.434,0.00
82.38145,-0.442,-2.338,0.00
82.39168,-0.442,-2.241,0.00
82.40764,-0.437,-2.241,0.00
82.41850,-0.435,-2.136,0.00
82.42879,-0.435,-2.136,0.00
82.43979,-0.433,-2.049,0.00
82.45018,-0.433,-2.049,0.00
82.46077,-0.433,-1.962,0.00
82.47387,-0.433,-1.873,0.00
82.48429,-0.433,-1.873,0.00
82.49786,-0.433,-1.873,0.00
82.51357,-0.434,-1.782,0.00
82.52399,-0.435,-1.782,0.00
82.53446,-0.436,-1.693,0.00
82.54486,-0.436,-1.693,0.00
82.56085,-0.438,-1.513,0.00
82.57445,-0.439,-1.513,0.00
82.58574,-0.439,-1.513,0.00
82.60155,-0.442,-1.513,0.00
82.61178,-0.442,-1.513,0.00
82.62672,-0.444,-1.281,0.00
82.64283,-0.448,-1.206,0.00
82.66719,-0.451,-1.134,0.00
82.67837,-0.451,-1.134,0.00
82.69508,-0.455,-1.066,0.00
82.71158,-0.455,-0.998,0.00
82.72971,-0.456,-0.887,0.00
82.74022,-0.456,-0.887,0.00
82.75076,-0.456,-0.849,0.00
82.76151,-0.451,-0.849,0.00
82.77512,-0.451,-0.815,0.00
82.79974,-0.435,-0.784,0.00
82.81171,-0.435,-0.755,0.00
82.82870,-0.421,-0.755,0.00
82.84304,-0.400,-0.724,0.00
82.85927,-0.367,-0.683,0.00
82.87109,-0.367,-0.683,0.00
82.88956,-0.319,-0.631,0.00
82.90868,-0.319,-0.561,0.00
82.91939,-0.193,-0.561,0.00
82.98026,-0.193,-0.491,0.00
83.03813,0.213,-0.254,0.00
83.04934,0.647,2.131,0.00
83.05953,0.676,2.162,0.00
83.06987,0.698,2.154,0.00
83.08018,0.698,2.154,0.00
83.09067,0.730,2.110,0.00
83.10080,0.730,2.110,0.00
83.11106,0.730,2.050,0.00
83.12122,0.750,2.050,0.00
83.13137,0.750,1.982,0.00
83.14153,0.748,1.982,0.00
83.15222,0.748,1.982,0.00
83.16247,0.745,1.899,0.00
83.17265,0.753,1.810,0.00
83.18278,0.753,1.810,0.00
83.19313,0.764,1.810,0.00
83.20328,0.764,1.718,0.00
83.21343,0.779,1.718,0.00
83.22360,0.779,1.620,0.00
83.23407,0.795,1.620,0.00
83.24425,0.795,1.500,0.00
83.25440,0.795,1.500,0.00
83.26455,0.802,1.385,0.00
83.27505,0.808,1.270,0.00
83.28519,0.808,1.270,0.00
83.29536,0.808,1.270,0.00
83.30555,0.818,1.154,0.00
83.31589,0.827,1.039,0.00
83.32611,0.827,1.039,0.00
83.33627,0.833,0.932,0.00
83.34657,0.833,0.932,0.00
83.35672,0.834,0.839,0.00
83.36719,0.834,0.839,0.00
83.37728,0.840,0.759,0.00
83.38788,0.840,0.759,0.00
83.39817,0.852,0.674,0.00
83.40871,0.852,0.674,0.00
83.41896,0.863,0.613,0.00
83.42931,0.863,0.613,0.00
83.43966,0.872,0.558,0.00
83.45077,0.872,0.558,0.00
83.46176,0.877,0.507,0.00
83.47192,0.877,0.507,0.00
83.48208,0.878,0.468,0.00
83.49224,0.878,0.468,0.00
83.50239,0.883,0.438,0.00
83.51254,0.889,0.411,0.00
83.52269,0.889,0.411,0.00
83.53299,0.887,0.411,0.00
83.54323,0.887,0.391,0.00
83.55348,0.887,0.378,0.00
83.56381,0.880,0.378,0.00
83.57397,0.871,0.373,0.00
83.58416,0.871,0.373,0.00
83.59468,0.863,0.368,0.00
83.60489,0.863,0.368,0.00
83.61512,0.863,0.368,0.00
83.62528,0.854,0.364,0.00
83.63546,0.854,0.364,0.00
83.64567,0.847,0.361,0.00
83.65584,0.839,0.360,0.00
83.66606,0.839,0.360,0.00
83.67622,0.828,0.360,0.00
83.68758,0.828,0.360,0.00
83.69776,0.822,0.360,0.00
83.70792,0.822,0.360,0.00
83.71807,0.823,0.357,0.00
83.72845,0.823,0.357,0.00
83.73863,0.823,0.352,0.00
83.75078,0.824,0.352,0.00
83.76094,0.825,0.347,0.00
83.77110,0.827,0.342,0.00
83.78124,0.827,0.342,0.00
83.79165,0.829,0.339,0.00
83.80207,0.829,0.339,0.00
83.81242,0.829,0.339,0.00
83.82260,0.829,0.334,0.00
83.83313,0.829,0.328,0.00
83.84329,0.829,0.328,0.00
83.85416,0.832,0.328,0.00
83.86424,0.832,0.328,0.00
83.87445,0.835,0.333,0.00
83.88460,0.835,0.333,0.00
83.89476,0.834,0.340,0.00
83.90491,0.834,0.340,0.00
83.91507,0.835,0.343,0.00
83.92523,0.835,0.343,0.00
83.93539,0.836,0.351,0.00
83.94560,0.836,0.351,0.00
83.95575,0.838,0.361,0.00
83.96595,0.838,0.361,0.00
83.97623,0.834,0.373,0.00
83.98639,0.834,0.373,0.00
83.99665,0.831,0.396,0.00
84.00680,0.831,0.396,0.00
84.01720,0.832,0.424,0.00
84.03061,0.832,0.424,0.00
84.04110,0.833,0.460,0.00
84.05144,0.833,0.485,0.00
84.06177,0.834,0.485,0.00
84.07196,0.834,0.485,0.00
84.08212,0.833,0.497,0.00
84.09227,0.831,0.504,0.00
84.10243,0.831,0.504,0.00
84.11265,0.831,0.504,0.00
84.12281,0.828,0.505,0.00
84.13299,0.819,0.505,0.00
84.14314,0.819,0.494,0.00
84.15329,0.807,0.494,0.00
84.16344,0.807,0.480,0.00
84.17366,0.807,0.480,0.00
84.18387,0.797,0.471,0.00
84.19415,0.789,0.464,0.00
84.20428,0.789,0.464,0.00
84.21558,0.789,0.464,0.00
84.22579,0.791,0.467,0.00
84.23632,0.799,0.475,0.00
84.24680,0.799,0.475,0.00
84.25715,0.808,0.486,0.00
84.26755,0.808,0.486,0.00
84.27770,0.814,0.500,0.00
84.28856,0.814,0.500,0.00
84.29876,0.820,0.515,0.00
84.30893,0.820,0.515,0.00
84.31910,0.828,0.534,0.00
84.32925,0.828,0.556,0.00
84.33940,0.836,0.556,0.00
84.35027,0.836,0.556,0.00
84.36072,0.838,0.584,0.00
84.37138,0.838,0.584,0.00
84.38154,0.838,0.610,0.00
84.39171,0.838,0.610,0.00
84.40185,0.839,0.631,0.00
84.41201,0.844,0.643,0.00
84.42218,0.844,0.643,0.00
84.43234,0.849,0.653,0.00
84.44250,0.849,0.653,0.00
84.45276,0.855,0.653,0.00
84.46299,0.855,0.660,0.00
84.47314,0.855,0.662,0.00
84.48328,0.866,0.662,0.00
84.49343,0.866,0.662,0.00
84.50387,0.877,0.662,0.00
84.51446,0.890,0.661,0.00
84.52464,0.890,0.661,0.00
84.53480,0.901,0.660,0.00
84.54515,0.901,0.660,0.00
84.55538,0.910,0.660,0.00
84.56554,0.910,0.660,0.00
84.57571,0.915,0.661,0.00
84.58789,0.915,0.661,0.00
84.59808,0.919,0.663,0.00
84.60829,0.919,0.663,0.00
84.61843,0.920,0.668,0.00
84.62865,0.920,0.668,0.00
84.63880,0.923,0.675,0.00
84.64907,0.918,0.681,0.00
84.65923,0.918,0.681,0.00
84.66940,0.918,0.681,0.00
84.67958,0.903,0.692,0.00
84.69025,0.877,0.692,0.00
84.70034,0.877,0.700,0.00
84.71049,0.844,0.703,0.00
84.72065,0.844,0.703,0.00
84.73115,0.844,0.703,0.00
84.74130,0.808,0.700,0.00
84.75144,0.808,0.685,0.00
84.76160,0.770,0.685,0.00
84.77311,0.770,0.656,0.00
84.78346,0.733,0.656,0.00
84.79362,0.694,0.622,0.00
84.80380,0.694,0.622,0.00
84.81396,0.651,0.593,0.00
84.82412,0.651,0.593,0.00
84.83429,0.613,0.567,0.00
84.84444,0.613,0.567,0.00
84.85460,0.613,0.567,0.00
84.86476,0.584,0.541,0.00
84.87500,0.557,0.514,0.00
84.88514,0.557,0.514,0.00
84.89530,0.535,0.484,0.00
84.90545,0.535,0.484,0.00
84.91567,0.520,0.452,0.00
84.92722,0.520,0.452,0.00
84.93751,0.513,0.418,0.00
84.94829,0.507,0.377,0.00
84.95845,0.507,0.377,0.00
84.96934,0.508,0.329,0.00
84.97955,0.508,0.329,0.00
84.98970,0.508,0.329,0.00
85.00019,0.512,0.271,0.00
85.01035,0.512,0.199,0.00
85.02051,0.517,0.199,0.00
85.03073,0.517,0.199,0.00
85.04088,0.519,0.135,0.00
85.05104,0.519,0.073,0.00
85.06120,0.521,0.073,0.00
85.07137,0.525,0.012,0.00
85.08153,0.525,0.012,0.00
85.09168,0.530,-0.054,0.00
85.10182,0.530,-0.054,0.00
85.11274,0.532,-0.116,0.00
85.12300,0.532,-0.116,0.00
85.13316,0.532,-0.116,0.00
85.14331,0.528,-0.173,0.00
85.15362,0.528,-0.173,0.00
85.16378,0.521,-0.221,0.00
85.17401,0.521,-0.262,0.00
85.18413,0.513,-0.262,0.00
85.19430,0.506,-0.287,0.00
85.20450,0.506,-0.287,0.00
85.21465,0.503,-0.300,0.00
85.22480,0.503,-0.300,0.00
85.23497,0.498,-0.303,0.00
85.24523,0.498,-0.303,0.00
85.25551,0.494,-0.294,0.00
85.26770,0.494,-0.294,0.00
85.27786,0.489,-0.275,0.00
85.28815,0.489,-0.275,0.00
85.29832,0.489,-0.252,0.00
85.30866,0.489,-0.252,0.00
85.31882,0.485,-0.221,0.00
85.32900,0.485,-0.221,0.00
85.33916,0.480,-0.176,0.00
85.34946,0.480,-0.176,0.00
85.35953,0.474,-0.137,0.00
85.36979,0.474,-0.137,0.00
85.37995,0.468,-0.103,0.00
85.39010,0.468,-0.103,0.00
85.40024,0.462,-0.069,0.00
85.41042,0.459,-0.036,0.00
85.42078,0.459,-0.036,0.00
85.43140,0.462,-0.003,0.00
85.44184,0.462,-0.003,0.00
85.45226,0.462,-0.003,0.00
85.46259,0.469,0.033,0.00
85.47292,0.477,0.073,0.00
85.48335,0.477,0.073,0.00
85.49352,0.486,0.122,0.00
85.50368,0.486,0.122,0.00
85.51383,0.486,0.172,0.00
85.52399,0.495,0.172,0.00
85.53497,0.504,0.223,0.00
85.54512,0.504,0.223,0.00
85.55528,0.512,0.271,0.00
85.56544,0.512,0.271,0.00
85.57560,0.519,0.312,0.00
85.58575,0.519,0.312,0.00
85.59590,0.525,0.349,0.00
85.60744,0.525,0.349,0.00
85.61782,0.529,0.384,0.00
85.62822,0.529,0.416,0.00
85.63846,0.531,0.416,0.00
85.64865,0.531,0.416,0.00
85.65882,0.534,0.447,0.00
85.66898,0.534,0.447,0.00
85.67916,0.534,0.447,0.00
85.68933,0.534,0.447,0.00
85.69953,0.534,0.447,0.00
85.70978,0.533,0.503,0.00
85.72001,0.532,0.539,0.00
85.73016,0.530,0.576,0.00
85.74029,0.530,0.576,0.00
85.75044,0.530,0.609,0.00
85.76057,0.526,0.609,0.00
85.77072,0.521,0.609,0.00
85.78086,0.521,0.640,0.00
85.79126,0.516,0.674,0.00
85.80143,0.516,0.674,0.00
85.81163,0.516,0.710,0.00
85.82179,0.515,0.710,0.00
85.83194,0.512,0.737,0.00
85.84211,0.512,0.737,0.00
85.85227,0.512,0.756,0.00
85.86248,0.507,0.756,0.00
85.87264,0.501,0.768,0.00
85.88280,0.501,0.768,0.00
85.89313,0.499,0.775,0.00
85.90330,0.499,0.775,0.00
85.91346,0.496,0.779,0.00
85.92409,0.496,0.779,0.00
85.93426,0.496,0.779,0.00
85.94442,0.496,0.781,0.00
85.95459,0.496,0.781,0.00
85.96479,0.498,0.781,0.00
85.97504,0.496,0.753,0.00
85.98520,0.496,0.753,0.00
85.99536,0.491,0.731,0.00
86.00550,0.491,0.731,0.00
86.01566,0.480,0.706,0.00
86.02589,0.480,0.706,0.00
86.03606,0.469,0.677,0.00
86.04678,0.469,0.677,0.00
86.05719,0.461,0.640,0.00
86.06844,0.461,0.640,0.00
86.07880,0.452,0.598,0.00
86.08927,0.452,0.598,0.00
86.09967,0.444,0.561,0.00
86.11003,0.444,0.561,0.00
86.12019,0.444,0.529,0.00
86.13035,0.430,0.494,0.00
86.14050,0.415,0.494,0.00
86.15065,0.415,0.494,0.00
86.16084,0.401,0.467,0.00
86.17101,0.401,0.446,0.00
86.18125,0.382,0.446,0.00
86.19143,0.382,0.446,0.00
86.20178,0.349,0.430,0.00
86.21221,0.311,0.417,0.00
86.22237,0.311,0.417,0.00
86.23252,0.311,0.407,0.00
86.24355,-0.011,0.407,0.00
86.25371,-0.015,0.401,0.00
86.26439,-0.015,0.401,0.00
86.27455,0.225,0.395,0.00
86.28523,0.225,0.395,0.00
86.29570,1.190,0.392,0.00
86.30641,1.190,0.392,0.00
86.31657,2.823,0.401,0.00
86.32680,2.823,0.401,0.00
86.33695,4.755,0.420,0.00
86.34716,4.755,0.420,0.00
86.35731,7.326,0.460,0.00
86.36746,7.326,0.460,0.00
86.38238,10.421,0.460,0.00
86.39255,10.421,0.518,0.00
86.40271,13.879,0.559,0.00
86.41556,13.879,0.559,9.00
86.42581,17.412,0.561,9.00
86.43597,20.775,0.536,9.00
86.44716,20.775,0.536,9.00
86.45750,23.819,0.499,9.00
86.46775,23.819,0.499,9.00
86.47970,26.453,0.431,9.00
86.48989,28.635,0.329,9.00
86.50023,28.635,0.329,9.00
86.52948,30.383,0.329,9.00
86.53967,31.975,-0.145,9.00
86.55961,31.975,-0.145,9.00
86.56978,33.479,-0.605,9.00
86.59099,34.620,-1.008,9.00
86.60114,34.620,-1.008,9.00
86.62263,35.042,-1.488,9.00
86.63296,33.066,-1.642,9.00
86.65457,33.066,-1.642,9.00
86.66474,30.775,-1.705,9.00
86.67508,30.775,-1.705,9.00
86.68705,27.961,-1.668,9.00
86.69752,25.094,-1.555,9.00
86.70922,25.094,-1.555,9.00
86.71994,22.027,-1.421,9.50
86.73012,22.027,-1.421,9.50
86.74035,18.951,-1.300,9.50
86.75086,16.201,-1.300,9.50
86.76126,16.201,-1.181,9.50
86.77146,16.201,-1.181,9.50
86.78298,13.057,-1.066,10.00
86.79315,9.961,-0.930,10.00
86.80331,9.961,-0.930,10.00
86.83477,9.961,-0.930,11.00
86.86633,4.488,-0.751,12.50
86.87791,1.265,-0.720,12.50
86.89691,0.729,-0.746,14.50
86.90713,0.729,-0.746,14.50
86.93032,0.711,-1.017,17.50
86.94051,0.889,-1.017,17.50
86.95924,1.105,-1.316,21.00
86.96954,1.350,-1.703,21.00
86.97970,1.350,-1.703,21.00
86.99085,1.350,-2.217,24.00
87.00105,1.245,-2.217,24.00
87.01122,1.245,-2.217,24.00
87.02266,0.867,-2.880,26.00
87.03300,0.867,-2.880,26.00
87.04339,0.470,-2.880,26.00
87.05530,0.238,-4.317,27.50
87.06590,0.238,-4.317,27.50
87.07638,0.123,-5.135,27.50
87.08730,0.123,-5.135,28.50
87.09779,0.123,-5.135,28.50
87.10793,0.088,-5.135,28.50
87.11915,0.086,-6.836,29.00
87.12941,0.107,-6.836,29.00
87.13958,0.107,-7.560,29.00
87.14978,0.107,-7.560,29.00
87.16871,0.107,-7.560,29.00
87.17908,0.168,-8.638,29.00
87.19841,0.168,-8.638,29.50
87.20859,0.212,-8.740,29.50
87.23075,0.264,-7.762,29.50
87.24107,0.314,-7.762,29.50
87.26366,0.367,-6.696,29.50
87.27386,0.430,-5.116,29.50
87.28407,0.430,-5.116,29.50
87.29694,0.430,-3.506,29.50
87.30751,0.500,-3.506,29.50
87.31765,0.563,-1.706,29.50
87.32791,0.563,-1.706,29.50
87.33811,0.563,0.158,29.50
87.34825,0.624,0.158,29.50
87.35868,0.682,2.134,29.50
87.36902,0.725,2.134,29.50
87.37974,0.725,4.196,29.50
87.39073,0.725,4.196,29.50
87.40092,0.754,6.163,29.50
87.41109,0.754,6.163,29.50
87.42276,0.755,8.137,29.50
87.43304,0.755,8.137,29.50
87.44321,0.736,10.186,29.50
87.47099,0.736,10.186,29.50
87.48116,0.659,13.444,29.50
87.50356,0.615,14.920,29.50
87.51372,0.577,14.920,29.50
87.53650,0.547,17.513,29.50
87.54769,0.547,17.513,29.50
87.56712,0.523,18.710,29.50
87.57732,0.517,19.751,29.50
87.58888,0.517,19.751,29.50
87.59995,0.517,19.751,29.50
87.61012,0.508,21.829,29.50
87.62028,0.503,21.829,29.50
87.63127,0.507,22.591,29.50
87.64143,0.507,22.591,29.50
87.65159,0.507,22.591,29.50
87.66321,0.513,23.248,29.50
87.67392,0.521,23.770,29.50
87.68408,0.521,23.770,29.50
87.69436,0.521,23.770,29.50
87.70455,0.518,24.149,29.50
87.71471,0.512,24.498,29.50
87.72485,0.512,24.498,29.50
87.74276,0.512,24.598,29.50
87.75310,0.484,24.721,29.50
87.77755,0.459,24.740,29.50
87.78770,0.459,24.740,29.50
87.80853,0.428,24.535,29.50
87.81871,0.400,24.535,29.50
87.83935,0.400,24.535,29.50
87.84954,0.384,24.054,29.50
87.85970,0.374,24.054,29.50
87.86986,0.374,23.737,0.00
87.88002,0.369,23.737,0.00
87.89018,0.372,23.428,0.00
87.90033,0.372,23.428,0.00
87.91062,0.372,23.428,0.00
87.92082,0.396,23.079,0.00
87.93178,0.396,23.079,0.00
87.94194,0.430,22.709,0.00
87.95225,0.484,22.422,0.00
87.96242,0.484,22.422,0.00
87.97258,0.533,22.422,0.00
87.98274,0.533,22.110,0.00
87.99289,0.552,21.836,0.00
88.00319,0.552,21.836,0.00
88.01335,0.544,21.513,0.00
88.02368,0.544,21.513,0.00
88.03470,0.502,21.147,0.00
88.04531,0.502,21.147,0.00
88.05548,0.442,20.545,0.00
88.06712,0.442,20.545,0.00
88.07728,0.393,19.936,0.00
88.08749,0.393,19.936,0.00
88.09765,0.366,19.422,0.00
88.10968,0.366,19.422,0.00
88.11984,0.352,18.974,0.00
88.13105,0.352,18.974,0.00
88.14121,0.360,18.395,0.00
88.15140,0.360,18.395,0.00
88.16155,0.370,17.673,0.00
88.17190,0.369,16.799,0.00
88.18206,0.369,16.799,0.00
88.19221,0.350,15.826,0.00
88.20235,0.350,15.826,0.00
88.21250,0.342,15.041,0.00
88.22265,0.342,15.041,0.00
88.23281,0.358,15.041,0.00
88.24305,0.358,14.126,0.00
88.25321,0.358,14.126,0.00
88.26341,0.358,14.126,0.00
88.27357,0.375,12.922,0.00
88.28373,0.375,11.800,0.00
88.29389,0.386,10.712,0.00
88.30418,0.386,10.712,0.00
88.31454,0.402,9.454,0.00
88.32481,0.402,9.454,0.00
88.33530,0.391,8.077,0.00
88.34546,0.391,8.077,0.00
88.35625,0.375,6.649,0.00
88.36642,0.375,6.649,0.00
88.37658,0.369,5.140,0.00
88.38784,0.369,5.140,0.00
88.39800,0.351,3.650,0.00
88.40815,0.351,3.650,0.00
88.41831,0.319,2.192,0.00
88.42848,0.319,1.109,0.00
88.43864,0.293,1.109,0.00
88.44879,0.280,0.390,0.00
88.45909,0.280,0.390,0.00
88.46933,0.280,0.390,0.00
88.47974,0.245,-0.053,0.00
88.49010,0.206,-0.374,0.00
88.50024,0.206,-0.374,0.00
88.51055,0.206,-0.374,0.00
88.52108,0.190,-0.400,0.00
88.53125,0.190,0.379,0.00
88.54141,0.198,0.379,0.00
88.55169,0.198,0.379,0.00
88.56185,0.233,0.703,0.00
88.57201,0.233,0.703,0.00
88.58217,0.288,0.951,0.00
88.59252,0.356,1.009,0.00
88.60284,0.356,1.009,0.00
88.61305,0.411,1.010,0.00
88.62321,0.411,1.010,0.00
88.63339,0.448,0.860,0.00
88.64354,0.448,0.860,0.00
88.65370,0.477,0.768,0.00
88.66386,0.477,0.768,0.00
88.67401,0.502,0.768,0.00
88.68427,0.502,0.796,0.00
88.69442,0.505,0.820,0.00
88.70458,0.505,0.820,0.00
88.71474,0.505,0.881,0.00
88.72490,0.479,0.881,0.00
88.73506,0.445,0.929,0.00
88.74521,0.445,0.929,0.00
88.75541,0.411,0.950,0.00
88.76603,0.411,0.950,0.00
88.77627,0.380,0.913,0.00
88.78665,0.380,0.913,0.00
88.79673,0.335,0.800,0.00
88.80714,0.335,0.800,0.00
88.81731,0.282,0.510,0.00
88.82752,0.282,0.510,0.00
88.83821,0.226,0.074,0.00
88.84865,0.226,0.074,0.00
88.85880,0.169,-0.404,0.00
88.86917,0.169,-0.404,0.00
88.87935,0.119,-1.008,0.00
88.88956,0.119,-1.008,0.00
88.89972,0.082,-1.537,0.00
88.91004,0.082,-1.537,0.00
88.92019,0.057,-2.002,0.00
88.93034,0.042,-2.441,0.00
88.94049,0.042,-2.441,0.00
88.95079,0.042,-2.871,0.00
88.96111,0.032,-2.871,0.00
88.97272,0.026,-3.198,0.00
88.98368,0.026,-3.198,0.00
88.99380,0.024,-3.198,0.00
89.00396,0.024,-3.475,0.00
89.01414,0.024,-3.699,0.00
89.02430,0.024,-3.699,0.00
89.03450,0.025,-3.699,0.00
89.04465,0.025,-3.935,0.00
89.05480,0.025,-4.074,0.00
89.06506,0.025,-4.074,0.00
89.07544,0.027,-4.074,0.00
89.08679,0.027,-4.181,0.00
89.09694,0.031,-4.181,0.00
89.10904,0.031,-4.242,0.00
89.11923,0.036,-4.274,0.00
89.12939,0.036,-4.274,0.00
89.13986,0.047,-4.287,0.00
89.15030,0.047,-4.287,0.00
89.16034,0.059,-4.280,0.00
89.17050,0.059,-4.280,0.00
89.18099,0.069,-4.255,0.00
89.19114,0.069,-4.255,0.00
89.20130,0.075,-4.190,0.00
89.21152,0.075,-4.190,0.00
89.22168,0.078,-4.102,0.00
89.23182,0.082,-4.102,0.00
89.24196,0.082,-3.977,0.00
89.25211,0.082,-3.977,0.00
89.26224,0.082,-3.977,0.00
89.27373,0.082,-3.977,0.00
89.28428,0.084,-3.709,0.00
89.29443,0.085,-3.583,0.00
89.30469,0.085,-3.583,0.00
89.31512,0.087,-3.456,0.00
89.32532,0.087,-3.456,0.00
89.33547,0.087,-3.353,0.00
89.34572,0.088,-3.353,0.00
89.35577,0.090,-3.275,0.00
89.37560,0.090,-3.275,0.00
89.38612,0.090,-3.275,0.00
89.40137,0.105,-3.199,0.00
89.41153,0.105,-3.110,0.00
89.42253,0.105,-3.110,0.00
89.43323,0.105,-3.015,0.00
89.44391,0.105,-2.911,0.00
89.45575,0.141,-2.797,0.00
89.47281,0.141,-2.797,0.00
89.48345,0.141,-2.686,0.00
89.49716,0.141,-2.686,0.00
89.50846,0.158,-2.580,0.00
89.52517,0.165,-2.455,0.00
89.53691,0.165,-2.455,0.00
89.54819,0.165,-2.330,0.00
89.56386,0.165,-2.199,0.00
89.57646,0.186,-2.199,0.00
89.59510,0.209,-1.960,0.00
89.60555,0.209,-1.960,0.00
89.61615,0.209,-1.848,0.00
89.62641,0.221,-1.848,0.00
89.64307,0.221,-1.736,0.00
89.66028,0.234,-1.624,0.00
89.67160,0.238,-1.504,0.00
89.69928,0.239,-1.504,0.00
89.72053,0.235,-1.285,0.00
89.73734,0.228,-1.184,0.00
89.74834,0.228,-1.184,0.00
89.76052,0.219,-1.116,0.00
89.77220,0.219,-1.116,0.00
89.78241,0.219,-1.116,0.00
89.79817,0.209,-1.065,0.00
89.81019,0.200,-1.040,0.00
89.82070,0.189,-1.040,0.00
89.83097,0.189,-1.040,0.00
89.84707,0.189,-1.040,0.00
89.85727,0.189,-1.040,0.00
89.87315,0.171,-0.989,0.00
89.88357,0.171,-0.981,0.00
89.89431,0.161,-0.981,0.00
89.91599,0.152,-0.950,0.00
89.92717,0.152,-0.950,0.00
89.94306,0.145,-0.931,0.00
89.95343,0.145,-0.913,0.00
89.96515,0.140,-0.913,0.00
89.97657,0.135,-0.896,0.00
89.98860,0.135,-0.896,0.00
90.00434,0.130,-0.875,0.00
90.02937,0.124,-0.856,0.00
90.04511,0.118,-0.856,0.00
90.06676,0.118,-0.856,0.00
90.08710,0.106,-0.886,0.00
90.10257,0.101,-0.909,0.00
90.11273,0.101,-0.909,0.00
90.12988,0.096,-0.938,0.00
90.14320,0.091,-0.970,0.00
90.15394,0.091,-0.970,0.00
90.16498,0.091,-0.998,0.00
90.17660,0.084,-1.024,0.00
90.20902,0.081,-1.047,0.00
90.22472,0.081,-1.070,0.00
90.23498,0.081,-1.093,0.00
90.24620,0.081,-1.093,0.00
90.25731,0.081,-1.112,0.00
90.27375,0.077,-1.132,0.00
90.28508,0.077,-1.132,0.00
90.30029,0.077,-1.132,0.00
90.32188,0.075,-1.181,0.00
90.33378,0.072,-1.181,0.00
90.34960,0.069,-1.203,0.00
90.36045,0.068,-1.203,0.00
90.42523,0.059,-1.243,0.00
90.49129,0.059,-1.257,0.00
90.50227,0.044,-1.262,0.00
90.51511,-0.097,-0.150,0.00
90.52526,-0.102,-0.155,0.00
90.53541,-0.107,-0.159,0.00
90.54568,-0.107,-0.159,0.00
90.55585,-0.112,-0.158,0.00
90.56614,-0.112,-0.158,0.00
90.57630,-0.117,-0.156,0.00
90.58646,-0.117,-0.156,0.00
90.59661,-0.119,-0.156,0.00
90.60684,-0.119,-0.156,0.00
90.61701,-0.120,-0.155,0.00
90.62747,-0.120,-0.155,0.00
90.63789,-0.121,-0.145,0.00
90.64897,-0.123,-0.124,0.00
90.65927,-0.123,-0.124,0.00
90.66960,-0.123,-0.124,0.00
90.67975,-0.124,-0.101,0.00
90.68999,-0.124,-0.077,0.00
90.70015,-0.124,-0.077,0.00
90.71032,-0.124,-0.050,0.00
90.72048,-0.124,-0.050,0.00
90.73298,-0.126,-0.019,0.00
90.74318,-0.126,-0.019,0.00
90.75334,-0.127,0.011,0.00
90.76349,-0.127,0.011,0.00
90.77365,-0.127,0.041,0.00
90.78382,-0.128,0.041,0.00
90.79464,-0.131,0.061,0.00
90.80479,-0.131,0.061,0.00
90.81507,-0.132,0.076,0.00
90.82527,-0.132,0.076,0.00
90.83551,-0.134,0.085,0.00
90.84571,-0.134,0.085,0.00
90.85587,-0.137,0.093,0.00
90.86609,-0.137,0.093,0.00
90.87644,-0.139,0.093,0.00
90.88762,-0.139,0.095,0.00
90.89781,-0.139,0.093,0.00
90.90798,-0.139,0.093,0.00
90.91850,-0.140,0.090,0.00
90.92997,-0.140,0.090,0.00
90.94012,-0.141,0.089,0.00
90.95032,-0.141,0.089,0.00
90.96047,-0.141,0.094,0.00
90.97063,-0.141,0.094,0.00
90.98138,-0.141,0.094,0.00
90.99223,-0.140,0.101,0.00
91.00244,-0.139,0.108,0.00
91.01328,-0.139,0.108,0.00
91.02342,-0.137,0.121,0.00
91.03358,-0.137,0.136,0.00
91.04374,-0.137,0.136,0.00
91.05389,-0.136,0.147,0.00
91.06403,-0.136,0.147,0.00
91.07431,-0.136,0.147,0.00
91.08463,-0.135,0.154,0.00
91.09514,-0.135,0.161,0.00
91.10550,-0.135,0.161,0.00
91.11628,-0.135,0.161,0.00
91.12636,-0.137,0.170,0.00
91.13649,-0.137,0.178,0.00
91.14676,-0.137,0.178,0.00
91.15693,-0.135,0.186,0.00
91.16881,-0.135,0.186,0.00
91.17902,-0.135,0.198,0.00
91.18967,-0.135,0.198,0.00
91.19988,-0.136,0.211,0.00
91.21006,-0.136,0.211,0.00
91.22042,-0.136,0.226,0.00
91.23146,-0.136,0.226,0.00
91.24172,-0.136,0.240,0.00
91.25187,-0.136,0.248,0.00
91.26203,-0.137,0.248,0.00
91.27218,-0.137,0.253,0.00
91.28250,-0.137,0.253,0.00
91.29266,-0.137,0.253,0.00
91.30282,-0.137,0.260,0.00
91.31313,-0.138,0.260,0.00
91.32345,-0.138,0.265,0.00
91.33361,-0.139,0.268,0.00
91.34376,-0.139,0.268,0.00
91.35391,-0.139,0.272,0.00
91.36408,-0.139,0.272,0.00
91.37424,-0.139,0.274,0.00
91.38439,-0.138,0.274,0.00
91.39456,-0.138,0.272,0.00
91.40472,-0.138,0.272,0.00
91.41487,-0.137,0.265,0.00
91.42508,-0.137,0.265,0.00
91.43525,-0.136,0.252,0.00
91.44558,-0.136,0.252,0.00
91.45574,-0.136,0.236,0.00
91.46594,-0.136,0.236,0.00
91.47611,-0.137,0.214,0.00
91.48653,-0.137,0.214,0.00
91.49777,-0.137,0.199,0.00
91.50827,-0.137,0.199,0.00
91.51865,-0.137,0.183,0.00
91.52880,-0.137,0.168,0.00
91.53897,-0.137,0.168,0.00
91.54913,-0.137,0.168,0.00
91.56025,-0.137,0.168,0.00
91.57041,-0.137,0.158,0.00
91.58057,-0.136,0.151,0.00
91.59083,-0.136,0.151,0.00
91.60100,-0.137,0.141,0.00
91.61116,-0.137,0.141,0.00
91.62132,-0.136,0.133,0.00
91.63148,-0.136,0.126,0.00
91.64164,-0.136,0.126,0.00
91.65183,-0.136,0.126,0.00
91.66205,-0.135,0.121,0.00
91.67235,-0.135,0.115,0.00
91.68283,-0.135,0.115,0.00
91.69298,-0.135,0.115,0.00
91.70314,-0.135,0.114,0.00
91.71329,-0.135,0.122,0.00
91.72344,-0.135,0.122,0.00
91.73453,-0.134,0.132,0.00
91.74531,-0.134,0.132,0.00
91.75550,-0.131,0.144,0.00
91.76568,-0.131,0.144,0.00
91.77586,-0.131,0.144,0.00
91.78653,-0.129,0.160,0.00
91.79704,-0.129,0.160,0.00
91.80727,-0.126,0.173,0.00
91.81744,-0.125,0.182,0.00
91.82759,-0.125,0.182,0.00
91.83788,-0.125,0.182,0.00
91.84803,-0.122,0.197,0.00
91.85819,-0.117,0.214,0.00
91.86855,-0.117,0.214,0.00
91.87901,-0.117,0.214,0.00
91.88928,-0.117,0.214,0.00
91.89943,-0.117,0.214,0.00
91.91050,-0.117,0.214,0.00
91.92078,-0.114,0.230,0.00
91.93211,-0.112,0.262,0.00
91.94226,-0.112,0.262,0.00
91.95259,-0.112,0.262,0.00
91.96308,-0.112,0.262,0.00
91.97358,-0.112,0.262,0.00
91.98382,-0.108,0.270,0.00
91.99408,-0.108,0.270,0.00
92.00435,-0.105,0.277,0.00
92.01443,-0.101,0.288,0.00
92.02492,-0.097,0.303,0.00
92.03557,-0.093,0.303,0.00
92.04570,-0.089,0.305,0.00
92.05586,-0.089,0.305,0.00
92.06611,-0.086,0.307,0.00
92.07626,-0.084,0.310,0.00
92.08648,-0.084,0.310,0.00
92.09664,-0.084,0.310,0.00
92.10680,-0.084,0.310,0.00
92.11697,-0.076,0.313,0.00
92.12717,-0.076,0.318,0.00
92.13733,-0.074,0.322,0.00
92.14754,-0.074,0.322,0.00
92.15803,-0.070,0.325,0.00
92.16841,-0.070,0.325,0.00
92.17857,-0.070,0.331,0.00
92.18877,-0.070,0.334,0.00
92.19903,-0.072,0.334,0.00
92.20936,-0.074,0.334,0.00
92.21952,-0.074,0.337,0.00
92.22969,-0.079,0.337,0.00
92.23987,-0.079,0.339,0.00
92.25006,-0.079,0.339,0.00
92.26022,-0.088,0.341,0.00
92.27038,-0.088,0.341,0.00
92.28054,-0.101,0.336,0.00
92.29070,-0.101,0.336,0.00
92.30086,-0.117,0.328,0.00
92.31102,-0.130,0.334,0.00
92.32121,-0.130,0.334,0.00
92.33136,-0.142,0.360,0.00
92.34151,-0.142,0.360,0.00
92.35188,-0.142,0.405,0.00
92.36222,-0.151,0.405,0.00
92.37265,-0.151,0.470,0.00
92.38282,-0.164,0.470,0.00
92.39304,-0.164,0.470,0.00
92.40325,-0.179,0.538,0.00
92.41341,-0.174,0.616,0.00
92.42359,-0.174,0.616,0.00
92.43375,-0.174,0.616,0.00
92.44399,-0.146,0.672,0.00
92.45415,-0.035,0.691,0.00
92.46431,-0.035,0.691,0.00
92.47467,0.201,0.678,0.00
92.48492,0.201,0.678,0.00
92.49539,0.658,0.652,0.00
92.50555,0.658,0.652,0.00
92.51604,1.336,0.596,0.00
92.52736,1.336,0.596,0.00
92.53752,2.319,0.541,0.00
92.54772,2.319,0.541,0.00
92.55793,3.518,0.489,0.00
92.56830,3.518,0.489,0.00
92.57873,5.025,0.410,0.00
92.58918,5.025,0.410,0.00
92.59948,7.013,0.314,0.00
92.60982,7.013,0.314,0.00
92.61997,9.566,0.206,0.00
92.63029,9.566,0.206,0.00
92.64045,12.574,0.102,0.00
92.65061,12.574,0.102,0.00
92.66076,15.875,0.008,0.00
92.68889,21.734,-0.134,9.00
92.69932,21.734,-0.134,9.00
92.72043,24.364,-0.228,9.00
92.73057,24.364,-0.348,9.00
92.75032,26.588,-0.348,9.00
92.76050,28.343,-0.622,9.00
92.78337,29.509,-1.004,9.00
92.79354,29.509,-1.356,9.00
92.80373,30.334,-1.356,9.00
92.81463,30.334,-1.356,9.00
92.82484,31.026,-1.604,9.00
92.83525,31.663,-1.803,9.00
92.84826,31.663,-1.803,9.00
92.85842,32.165,-1.926,9.00
92.86923,32.165,-1.926,9.00
92.88098,32.124,-1.948,9.00
92.89115,32.124,-1.948,9.00
92.90131,31.239,-1.871,9.00
92.91147,29.538,-1.702,9.00
92.92179,29.538,-1.702,9.00
92.93195,27.249,-1.702,9.00
92.94324,27.249,-1.544,9.00
92.95343,27.249,-1.408,9.00
92.96354,24.687,-1.408,9.00
92.99065,19.317,-1.408,9.50
93.00094,19.317,-1.198,9.50
93.02245,19.317,-1.198,9.50
93.03263,16.446,-1.106,9.50
93.05533,13.345,-1.022,10.00
93.06561,10.437,-0.942,10.00
93.08756,7.921,-0.839,11.00
93.09787,5.646,-0.741,11.00
93.12211,3.724,-0.652,12.50
93.13227,2.421,-0.652,12.50
93.15083,1.532,-0.630,14.50
93.16102,1.532,-0.675,14.50
93.17137,1.532,-0.675,14.50
93.18445,1.294,-0.815,17.50
93.19461,1.274,-0.815,17.50
93.20478,1.274,-1.113,17.50
93.21503,1.274,-1.113,21.00
93.22606,1.288,-1.484,21.00
93.23621,1.366,-2.131,21.00
93.24814,1.366,-2.131,24.00
93.25947,1.349,-2.810,24.00
93.26983,1.349,-2.810,24.00
93.27999,1.142,-3.592,26.00
93.29015,0.868,-3.592,26.00
93.30032,0.868,-4.575,26.00
93.32637,0.868,-4.575,27.50
93.33709,0.439,-6.574,27.50
93.35985,0.331,-7.426,28.50
93.37042,0.331,-7.426,28.50
93.39231,0.236,-8.467,29.00
93.40264,0.236,-8.467,29.00
93.42390,0.236,-8.350,29.00
93.43439,0.244,-7.797,29.00
93.45540,0.255,-7.797,29.50
93.46558,0.255,-6.807,29.50
93.47583,0.266,-5.410,29.50
93.48711,0.266,-5.410,29.50
93.49752,0.281,-3.688,29.50
93.50767,0.281,-3.688,29.50
93.51871,0.307,-3.688,29.50
93.52889,0.307,-1.750,29.50
93.53943,0.349,0.359,29.50
93.55122,0.400,2.788,29.50
93.56138,0.400,2.788,29.50
93.57156,0.400,2.788,29.50
93.58238,0.449,5.015,29.50
93.59257,0.507,5.015,29.50
93.60272,0.507,7.267,29.50
93.61343,0.572,9.456,29.50
93.63265,0.572,9.456,29.50
93.64304,0.645,11.512,29.50
93.66380,0.714,13.404,29.50
93.67403,0.714,15.125,29.50
93.69434,0.780,15.125,29.50
93.70453,0.837,16.658,29.50
93.71468,0.882,18.287,29.50
93.72672,0.882,18.287,29.50
93.73698,0.937,19.661,29.50
93.74721,0.937,19.661,29.50
93.75876,0.996,20.867,29.50
93.76970,0.996,20.867,29.50
93.77999,1.054,21.947,29.50
93.79027,1.054,21.947,29.50
93.80046,1.110,22.870,29.50
93.81062,1.165,23.693,29.50
93.82309,1.165,23.693,29.50
93.83325,1.165,23.693,29.50
93.84342,1.210,24.372,29.50
93.85420,1.239,24.937,29.50
93.86438,1.239,24.937,29.50
93.87454,1.264,25.472,29.50
93.88770,1.283,25.861,29.50
93.89786,1.283,25.861,29.50
93.90807,1.283,25.861,29.50
93.93501,1.280,26.154,29.50
93.94517,1.280,26.154,29.50
93.97029,1.248,26.132,29.50
93.98044,1.201,26.078,29.50
93.99853,1.135,26.078,29.50
94.00976,1.135,25.965,29.50
94.03361,0.962,25.806,29.50
94.04391,0.962,25.627,29.50
94.06238,0.861,25.390,29.50
94.07255,0.861,25.390,29.50
94.08271,0.754,25.181,29.50
94.09454,0.754,24.916,29.50
94.10685,0.650,24.916,29.50
94.11701,0.553,24.679,29.50
94.12757,0.553,24.679,0.00
94.13773,0.463,24.492,0.00
94.14791,0.463,24.492,0.00
94.15825,0.377,24.258,0.00
94.16841,0.377,24.258,0.00
94.17856,0.310,24.098,0.00
94.18884,0.310,24.098,0.00
94.19905,0.250,23.943,0.00
94.20923,0.250,23.943,0.00
94.21939,0.201,23.808,0.00
94.22956,0.166,23.808,0.00
94.23988,0.166,23.654,0.00
94.25042,0.166,23.654,0.00
94.26060,0.123,23.482,0.00
94.27127,0.080,23.212,0.00
94.28204,0.080,23.212,0.00
94.29240,0.080,23.212,0.00
94.30273,0.063,22.905,0.00
94.31290,0.071,22.648,0.00
94.32308,0.071,22.648,0.00
94.33328,0.071,22.281,0.00
94.34347,0.093,22.281,0.00
94.35366,0.093,22.281,0.00
94.36382,0.120,21.712,0.00
94.37398,0.151,21.090,0.00
94.38414,0.151,21.090,0.00
94.39467,0.151,21.090,0.00
94.40493,0.206,20.367,0.00
94.41519,0.272,19.576,0.00
94.42541,0.272,19.576,0.00
94.43556,0.305,18.685,0.00
94.44583,0.305,18.685,0.00
94.45598,0.337,17.618,0.00
94.46613,0.337,17.618,0.00
94.47644,0.364,16.490,0.00
94.48778,0.364,16.490,0.00
94.49802,0.364,15.252,0.00
94.50884,0.364,15.252,0.00
94.51914,0.360,15.252,0.00
94.53083,0.360,13.614,0.00
94.54101,0.360,12.047,0.00
94.55116,0.360,12.047,0.00
94.56132,0.344,12.047,0.00
94.57147,0.321,10.421,0.00
94.58171,0.321,8.695,0.00
94.59201,0.321,8.695,0.00
94.60240,0.283,6.966,0.00
94.61257,0.213,5.380,0.00
94.62280,0.213,5.380,0.00
94.63312,0.135,3.973,0.00
94.64327,0.135,3.973,0.00
94.65361,0.058,2.842,0.00
94.66377,0.058,2.842,0.00
94.67398,-0.018,1.910,0.00
94.68415,-0.018,1.910,0.00
94.69431,-0.097,1.028,0.00
94.70456,-0.097,1.028,0.00
94.71473,-0.157,0.463,0.00
94.72507,-0.157,0.463,0.00
94.73573,-0.186,0.040,0.00
94.74595,-0.186,0.040,0.00
94.75641,-0.188,-0.289,0.00
94.76669,-0.188,-0.289,0.00
94.77685,-0.167,-0.468,0.00
94.78721,-0.167,-0.468,0.00
94.79751,-0.135,-0.385,0.00
94.80772,-0.135,-0.385,0.00
94.81789,-0.109,-0.209,0.00
94.82827,-0.109,-0.209,0.00
94.83833,-0.087,-0.011,0.00
94.84859,-0.087,-0.011,0.00
94.85876,-0.066,0.275,0.00
94.86899,-0.066,0.275,0.00
94.87924,-0.050,0.553,0.00
94.88968,-0.050,0.553,0.00
94.89980,-0.039,0.778,0.00
94.90996,-0.031,0.778,0.00
94.92012,-0.031,0.915,0.00
94.93028,-0.021,0.915,0.00
94.94044,-0.021,0.975,0.00
94.95063,-0.006,1.043,0.00
94.96082,-0.006,1.043,0.00
94.97100,-0.006,1.103,0.00
94.98116,0.016,1.103,0.00
94.99132,0.042,1.134,0.00
95.00155,0.042,1.134,0.00
95.01359,0.042,1.134,0.00
95.02374,0.065,1.093,0.00
95.03390,0.066,1.045,0.00
95.04406,0.066,1.045,0.00
95.05422,0.058,0.991,0.00
95.06438,0.058,0.991,0.00
95.07454,0.051,0.944,0.00
95.08468,0.051,0.944,0.00
95.09484,0.046,0.893,0.00
95.10499,0.046,0.893,0.00
95.11525,0.042,0.797,0.00
95.12602,0.042,0.797,0.00
95.13626,0.042,0.797,0.00
95.14711,0.040,0.658,0.00
95.15727,0.043,0.497,0.00
95.16776,0.043,0.497,0.00
95.17810,0.043,0.497,0.00
95.18839,0.050,0.296,0.00
95.19855,0.050,0.296,0.00
95.20881,0.053,0.095,0.00
95.21923,0.057,-0.152,0.00
95.22939,0.057,-0.152,0.00
95.23955,0.059,-0.427,0.00
95.24970,0.059,-0.427,0.00
95.25986,0.070,-0.698,0.00
95.27001,0.070,-0.698,0.00
95.28017,0.070,-0.698,0.00
95.29056,0.120,-0.964,0.00
95.30078,0.120,-1.232,0.00
95.31100,0.120,-1.232,0.00
95.32116,0.151,-1.506,0.00
95.33131,0.151,-1.506,0.00
95.34147,0.180,-1.796,0.00
95.35163,0.210,-2.018,0.00
95.36176,0.210,-2.018,0.00
95.37191,0.210,-2.018,0.00
95.38205,0.210,-2.018,0.00
95.39221,0.233,-2.201,0.00
95.40235,0.240,-2.364,0.00
95.41401,0.240,-2.364,0.00
95.42425,0.240,-2.525,0.00
95.43441,0.236,-2.653,0.00
95.44473,0.236,-2.653,0.00
95.45487,0.232,-2.731,0.00
95.46519,0.232,-2.731,0.00
95.47535,0.229,-2.774,0.00
95.48558,0.229,-2.774,0.00
95.49575,0.241,-2.763,0.00
95.50591,0.241,-2.763,0.00
95.51621,0.241,-2.763,0.00
95.52638,0.266,-2.680,0.00
95.53655,0.305,-2.554,0.00
95.54713,0.305,-2.554,0.00
95.55735,0.357,-2.419,0.00
95.56782,0.357,-2.419,0.00
95.57790,0.417,-2.273,0.00
95.58843,0.417,-2.273,0.00
95.59860,0.480,-2.104,0.00
95.60879,0.480,-2.104,0.00
95.61935,0.551,-1.946,0.00
95.63280,0.551,-1.946,0.00
95.64428,0.633,-1.776,0.00
95.65877,0.725,-1.590,0.00
95.66976,0.725,-1.426,0.00
95.68615,0.833,-1.426,0.00
95.70276,0.833,-1.246,0.00
95.71959,0.948,-1.053,0.00
95.73595,1.229,-0.885,0.00
95.74765,1.229,-0.885,0.00
95.76360,1.387,-0.752,0.00
95.77722,1.538,-0.629,0.00
95.78839,1.538,-0.629,0.00
95.80431,1.682,-0.492,0.00
95.81473,1.682,-0.314,0.00
95.82505,1.822,-0.314,0.00
95.83681,1.822,-0.314,0.00
95.84914,1.965,-0.185,0.00
95.86504,2.082,-0.091,0.00
95.87656,2.172,-0.025,0.00
95.89433,2.172,-0.025,0.00
95.91270,2.274,0.083,0.00
95.92358,2.274,0.083,0.00
95.94130,2.246,0.035,0.00
95.96377,2.169,-0.051,0.00
95.97392,2.169,-0.051,0.00
95.98492,2.064,-0.147,0.00
96.00170,1.943,-0.234,0.00
96.01317,1.943,-0.234,0.00
96.02500,1.839,-0.361,0.00
96.03596,1.739,-0.361,0.00
96.04717,1.739,-0.496,0.00
96.06404,1.637,-0.598,0.00
96.07503,1.637,-0.682,0.00
96.08594,1.541,-0.682,0.00
96.09630,1.460,-0.748,0.00
96.10795,1.460,-0.748,0.00
96.12364,1.394,-0.814,0.00
96.13516,1.342,-0.814,0.00
96.15173,1.293,-0.877,0.00
96.16525,1.293,-0.947,0.00
96.17587,1.242,-0.947,0.00
96.19415,1.242,-1.047,0.00
96.20436,1.242,-1.047,0.00
96.21801,1.149,-1.101,0.00
96.22860,1.149,-1.101,0.00
96.24432,1.105,-1.101,0.00
96.25508,1.041,-1.147,0.00
96.27405,0.980,-1.147,0.00
96.28785,0.980,-1.142,0.00
96.30231,0.938,-1.133,0.00
96.31250,0.938,-1.133,0.00
96.32409,0.914,-1.124,0.00
96.33450,0.914,-1.114,0.00
96.34659,0.892,-1.114,0.00
96.35711,0.892,-1.096,0.00
96.36822,0.875,-1.096,0.00
96.38009,0.875,-1.096,0.00
96.39045,0.856,-1.085,0.00
96.40480,0.835,-1.079,0.00
96.41501,0.835,-1.079,0.00
96.42567,0.815,-1.077,0.00
96.43729,0.815,-1.077,0.00
96.44985,0.792,-1.083,0.00
96.47651,0.735,-1.102,0.00
96.48836,0.735,-1.102,0.00
96.51172,0.739,-1.072,0.00
96.52755,0.739,-1.072,0.00
96.53807,0.739,-1.072,0.00
96.57496,0.739,-1.072,0.00
96.59278,0.971,-0.787,0.00
96.60815,0.971,-0.787,0.00
96.62817,1.080,-0.668,0.00
96.68404,1.080,-0.668,0.00
96.75813,1.650,0.013,0.00
96.76840,1.650,1.006,0.00
96.77860,0.539,1.019,0.00
96.78875,0.539,1.019,0.00
96.79908,0.571,1.015,0.00
96.80924,0.571,1.015,0.00
96.81969,0.566,1.005,0.00
96.82985,0.566,1.005,0.00
96.84003,0.541,0.992,0.00
96.85175,0.541,0.992,0.00
96.86204,0.526,0.965,0.00
96.87220,0.526,0.965,0.00
96.88236,0.530,0.938,0.00
96.89252,0.530,0.938,0.00
96.90267,0.525,0.913,0.00
96.91283,0.525,0.913,0.00
96.92300,0.487,0.873,0.00
96.93368,0.462,0.829,0.00
96.94384,0.462,0.829,0.00
96.95399,0.442,0.774,0.00
96.96414,0.442,0.774,0.00
96.97442,0.425,0.727,0.00
96.98460,0.425,0.727,0.00
96.99474,0.413,0.682,0.00
97.00490,0.413,0.682,0.00
97.01527,0.413,0.682,0.00
97.02551,0.398,0.635,0.00
97.03567,0.370,0.635,0.00
97.04584,0.370,0.594,0.00
97.05603,0.370,0.594,0.00
97.06625,0.350,0.556,0.00
97.07642,0.340,0.524,0.00
97.08664,0.340,0.524,0.00
97.09680,0.335,0.494,0.00
97.10809,0.335,0.494,0.00
97.11821,0.333,0.467,0.00
97.12834,0.333,0.467,0.00
97.13851,0.332,0.457,0.00
97.15236,0.332,0.457,0.00
97.16253,0.339,0.462,0.00
97.17269,0.339,0.478,0.00
97.18313,0.344,0.478,0.00
97.19351,0.343,0.500,0.00
97.20447,0.343,0.500,0.00
97.21461,0.337,0.528,0.00
97.22483,0.337,0.528,0.00
97.23500,0.330,0.547,0.00
97.24517,0.330,0.547,0.00
97.25532,0.330,0.547,0.00
97.26551,0.318,0.554,0.00
97.27567,0.310,0.554,0.00
97.28583,0.310,0.554,0.00
97.29599,0.305,0.547,0.00
97.30687,0.305,0.547,0.00
97.31706,0.287,0.536,0.00
97.32747,0.287,0.536,0.00
97.33765,0.263,0.527,0.00
97.34788,0.263,0.527,0.00
97.35808,0.241,0.518,0.00
97.36826,0.241,0.518,0.00
97.37842,0.223,0.515,0.00
97.38863,0.223,0.515,0.00
97.39900,0.207,0.516,0.00
97.40990,0.207,0.516,0.00
97.42005,0.193,0.523,0.00
97.43021,0.179,0.523,0.00
97.44038,0.179,0.536,0.00
97.45079,0.164,0.552,0.00
97.46116,0.164,0.552,0.00
97.47131,0.164,0.573,0.00
97.48148,0.151,0.573,0.00
97.49164,0.136,0.594,0.00
97.50181,0.136,0.594,0.00
97.51197,0.122,0.623,0.00
97.52261,0.122,0.623,0.00
97.53342,0.107,0.652,0.00
97.54358,0.107,0.652,0.00
97.55373,0.082,0.676,0.00
97.56392,0.082,0.676,0.00
97.57422,0.055,0.706,0.00
97.58467,0.055,0.706,0.00
97.59509,0.032,0.745,0.00
97.60558,0.032,0.745,0.00
97.61563,0.013,0.771,0.00
97.62639,0.013,0.771,0.00
97.63655,0.001,0.794,0.00
97.64682,0.001,0.794,0.00
97.65698,-0.008,0.822,0.00
97.66713,-0.008,0.822,0.00
97.67729,-0.014,0.849,0.00
97.68757,-0.014,0.849,0.00
97.69784,-0.014,0.877,0.00
97.70820,-0.014,0.877,0.00
97.71835,-0.013,0.913,0.00
97.72852,-0.013,0.913,0.00
97.73868,-0.013,0.913,0.00
97.74887,-0.014,0.963,0.00
97.75904,-0.016,1.032,0.00
97.76926,-0.016,1.032,0.00
97.77951,-0.013,1.077,0.00
97.78989,-0.013,1.077,0.00
97.79997,-0.008,1.095,0.00
97.81011,-0.013,1.104,0.00
97.82025,-0.013,1.104,0.00
97.83047,-0.013,1.104,0.00
97.84064,-0.028,1.108,0.00
97.85116,-0.043,1.108,0.00
97.86145,-0.043,1.106,0.00
97.87161,-0.043,1.106,0.00
97.88188,-0.058,1.094,0.00
97.89203,-0.058,1.094,0.00
97.90218,-0.076,1.080,0.00
97.91233,-0.090,1.072,0.00
97.92272,-0.090,1.072,0.00
97.93296,-0.090,1.072,0.00
97.94313,-0.104,1.062,0.00
97.95330,-0.124,1.053,0.00
97.96346,-0.124,1.053,0.00
97.97362,-0.124,1.053,0.00
97.98380,-0.143,1.045,0.00
97.99462,-0.156,1.043,0.00
98.00478,-0.156,1.043,0.00
98.01495,-0.173,1.048,0.00
98.02521,-0.173,1.048,0.00
98.03536,-0.196,1.050,0.00
98.04630,-0.196,1.050,0.00
98.05657,-0.207,1.055,0.00
98.06678,-0.207,1.055,0.00
98.07702,-0.224,1.061,0.00
98.08718,-0.224,1.061,0.00
98.09752,-0.232,1.069,0.00
98.10767,-0.232,1.069,0.00
98.11784,-0.237,1.079,0.00
98.13028,-0.237,1.079,0.00
98.14042,-0.250,1.087,0.00
98.15065,-0.250,1.087,0.00
98.16096,-0.256,1.097,0.00
98.17139,-0.258,1.097,0.00
98.18156,-0.258,1.102,0.00
98.19188,-0.258,1.102,0.00
98.20241,-0.264,1.099,0.00
98.21257,-0.260,1.098,0.00
98.22277,-0.260,1.098,0.00
98.23293,-0.245,1.099,0.00
98.24322,-0.245,1.099,0.00
98.25338,-0.252,1.103,0.00
98.26353,-0.252,1.103,0.00
98.27371,-0.342,1.107,0.00
98.28385,-0.342,1.107,0.00
98.29422,-0.590,1.113,0.00
98.30476,-0.590,1.113,0.00
98.31515,-1.038,1.127,0.00
98.32555,-1.038,1.127,0.00
98.33584,-0.969,1.140,0.00
98.34636,-0.969,1.140,0.00
98.35653,-0.763,1.153,0.00
98.36671,-0.763,1.153,0.00
98.37687,-0.047,1.181,0.00
98.38708,-0.047,1.181,0.00
98.39732,1.266,1.220,0.00
98.40755,1.266,1.220,0.00
98.41775,3.177,1.259,0.00
98.42805,3.177,1.259,0.00
98.43822,5.621,1.273,0.00
98.44857,5.621,1.273,0.00
98.45879,8.425,1.261,0.00
98.46938,8.425,1.261,0.00
98.49738,11.280,1.240,0.00
98.50757,14.060,1.182,0.00
98.52753,16.567,1.083,9.00
98.53810,16.567,1.083,9.00
98.55840,20.350,0.956,9.00
98.56873,21.902,0.811,9.00
98.57916,21.902,0.630,9.00
98.59127,21.902,0.630,9.00
98.60145,23.484,0.349,9.00
98.61174,23.484,0.349,9.00
98.62247,23.484,-0.088,9.00
98.63295,24.796,-0.088,9.00
98.64314,25.686,-0.682,9.00
98.65664,25.686,-0.682,9.00
98.66709,26.266,-0.857,9.00
98.67759,26.295,-0.952,9.00
98.68774,26.295,-0.952,9.00
98.69794,25.236,-0.968,9.00
98.70902,25.236,-0.968,9.00
98.71955,23.213,-0.917,9.00
98.73039,23.213,-0.917,9.00
98.74074,20.622,-0.845,9.00
98.76930,17.700,-0.792,9.00
98.77945,14.780,-0.770,9.00
98.79947,12.084,-0.764,9.00
98.80970,12.084,-0.764,9.00
98.83007,9.403,-0.752,9.50
98.84025,6.764,-0.717,9.50
98.86204,6.764,-0.717,9.50
98.87223,4.399,-0.679,9.50
98.88250,2.454,-0.609,9.50
98.89781,2.454,-0.609,10.00
98.90801,0.288,-0.528,10.00
98.92664,-1.015,-0.448,11.00
98.93683,-0.848,-0.370,11.00
98.94825,-0.848,-0.370,11.00
98.95954,0.249,-0.356,12.50
98.96985,0.249,-0.396,12.50
98.98008,0.980,-0.396,12.50
98.99230,1.421,-0.396,14.50
99.00251,1.421,-0.540,14.50
99.01272,1.421,-0.805,14.50
99.02316,0.907,-0.805,17.50
99.03331,0.907,-0.805,17.50
99.04347,0.001,-1.240,17.50
99.07062,-0.856,-2.354,21.00
99.08101,-1.295,-2.354,21.00
99.10248,-1.275,-2.354,24.00
99.11269,-1.183,-3.021,24.00
99.13450,-1.183,-4.525,26.50
99.14471,-1.148,-4.525,26.50
99.15514,-1.154,-5.302,26.50
99.16698,-1.154,-5.302,27.50
99.17713,-1.159,-5.901,27.50
99.18764,-1.159,-5.901,27.50
99.19848,-1.156,-5.901,28.50
99.20928,-1.156,-6.395,28.50
99.21948,-1.125,-6.470,28.50
99.23116,-1.060,-6.251,29.00
99.24132,-1.060,-6.251,29.00
99.25173,-1.060,-5.714,29.00
99.26267,-0.977,-5.714,29.00
99.27284,-0.977,-5.714,29.00
99.28305,-0.907,-4.805,29.00
99.29413,-0.907,-4.805,29.50
99.30429,-0.870,-3.486,29.50
99.31451,-0.870,-1.843,29.50
99.32465,-0.881,-1.843,29.50
99.34310,-0.934,0.099,29.50
99.35329,-1.012,2.504,29.50
99.37597,-1.012,2.504,29.50
99.38671,-1.095,4.750,29.50
99.40783,-1.166,7.043,29.50
99.41802,-1.222,9.228,29.50
99.43926,-1.263,9.228,29.50
99.44962,-1.295,11.294,29.50
99.45979,-1.295,13.260,29.50
99.47123,-1.295,13.260,29.50
99.48143,-1.316,15.152,29.50
99.49159,-1.328,15.152,29.50
99.50328,-1.328,16.946,29.50
99.51343,-1.328,18.617,29.50
99.52358,-1.328,18.617,29.50
99.53541,-1.313,20.385,29.50
99.54573,-1.313,20.385,29.50
99.55607,-1.282,21.777,29.50
99.56676,-1.282,21.777,29.50
99.57713,-1.241,23.081,29.50
99.58757,-1.195,23.081,29.50
99.59920,-1.195,24.378,29.50
99.61140,-1.195,24.378,29.50
99.62184,-1.134,25.474,29.50
99.64670,-1.081,25.474,29.50
99.65675,-1.033,27.314,29.50
99.67981,-0.981,27.314,29.50
99.69000,-0.940,28.046,29.50
99.71086,-0.912,29.217,29.50
99.72121,-0.912,29.217,29.50
99.74312,-0.903,29.558,29.50
99.75338,-0.893,29.811,29.50
99.76354,-0.893,29.811,29.50
99.77507,-0.900,29.920,29.50
99.78540,-0.900,29.920,29.50
99.79570,-0.926,30.041,29.50
99.80679,-0.926,30.041,29.50
99.81716,-0.954,30.009,29.50
99.82757,-0.954,30.009,29.50
99.83879,-0.992,30.035,29.50
99.85009,-0.992,30.035,29.50
99.86045,-1.029,29.898,29.50
99.87145,-1.029,29.898,29.50
99.88160,-1.072,29.711,29.50
99.89175,-1.114,29.580,29.50
99.91813,-1.114,29.580,29.50
99.92848,-1.153,29.391,29.50
99.95052,-1.190,29.261,29.50
99.96188,-1.221,29.115,29.50
99.97223,-1.250,29.115,0.00
99.98276,-1.250,28.998,0.00
99.99300,-1.272,28.895,0.00
100.00335,-1.272,28.895,0.00
100.01375,-1.290,28.895,0.00
100.02407,-1.290,28.777,0.00
100.03423,-1.290,28.752,0.00
100.04451,-1.303,28.752,0.00
100.05467,-1.311,28.682,0.00
100.06482,-1.311,28.682,0.00
100.07499,-1.314,28.581,0.00
100.08515,-1.314,28.581,0.00
100.09530,-1.313,28.452,0.00
100.10543,-1.313,28.452,0.00
100.11573,-1.312,28.264,0.00
100.12617,-1.312,28.264,0.00
100.13643,-1.311,28.264,0.00
100.14716,-1.311,28.026,0.00
100.15733,-1.312,27.751,0.00
100.16750,-1.312,27.751,0.00
100.17776,-1.307,27.396,0.00
100.18822,-1.307,27.396,0.00
100.19837,-1.297,27.068,0.00
100.20852,-1.288,26.734,0.00
100.21908,-1.288,26.734,0.00
100.22992,-1.290,26.297,0.00
100.24011,-1.290,26.297,0.00
100.25028,-1.290,26.297,0.00
100.26044,-1.290,25.816,0.00
100.27059,-1.280,25.816,0.00
100.28076,-1.280,25.316,0.00
100.29100,-1.280,25.316,0.00
100.30124,-1.265,24.594,0.00
100.31141,-1.265,24.594,0.00
100.32158,-1.255,23.539,0.00
100.33174,-1.254,22.184,0.00
100.34191,-1.254,22.184,0.00
100.35207,-1.254,22.184,0.00
100.36224,-1.245,20.950,0.00
100.37240,-1.230,19.739,0.00
100.38256,-1.230,19.739,0.00
100.39338,-1.230,19.739,0.00
100.40354,-1.215,18.342,0.00
100.41408,-1.214,16.919,0.00
100.42424,-1.214,16.919,0.00
100.43456,-1.214,15.467,0.00
100.44519,-1.220,15.467,0.00
100.45536,-1.226,13.895,0.00
100.46556,-1.226,13.895,0.00
100.47572,-1.238,12.240,0.00
100.48603,-1.238,12.240,0.00
100.49610,-1.259,12.240,0.00
100.50631,-1.259,10.496,0.00
100.51657,-1.281,9.040,0.00
100.52760,-1.281,9.040,0.00
100.53785,-1.298,7.565,0.00
100.54813,-1.298,7.565,0.00
100.55855,-1.310,7.565,0.00
100.56877,-1.310,6.001,0.00
100.57900,-1.315,4.658,0.00
100.58916,-1.315,4.658,0.00
100.59931,-1.310,3.520,0.00
100.61006,-1.310,2.579,0.00
100.62022,-1.298,2.579,0.00
100.63038,-1.298,2.579,0.00
100.64053,-1.276,1.909,0.00
100.65070,-1.233,1.909,0.00
100.66087,-1.233,1.617,0.00
100.67107,-1.233,1.617,0.00
100.68123,-1.183,1.612,0.00
100.69138,-1.130,1.660,0.00
100.70154,-1.130,1.660,0.00
100.71176,-1.071,1.889,0.00
100.72192,-1.071,1.889,0.00
100.73209,-1.071,2.258,0.00
100.74226,-1.013,2.258,0.00
100.75242,-1.013,2.258,0.00
100.76257,-0.924,2.747,0.00
100.77273,-0.842,3.197,0.00
100.78304,-0.842,3.197,0.00
100.79321,-0.842,3.197,0.00
100.80335,-0.792,3.618,0.00
100.81351,-0.772,3.971,0.00
100.82367,-0.772,3.971,0.00
100.83382,-0.755,4.190,0.00
100.84436,-0.755,4.190,0.00
100.85473,-0.734,4.324,0.00
100.86508,-0.734,4.324,0.00
100.87546,-0.726,4.358,0.00
100.88585,-0.726,4.358,0.00
100.89602,-0.736,4.294,0.00
100.90723,-0.736,4.294,0.00
100.91738,-0.776,4.196,0.00
100.92754,-0.776,4.196,0.00
100.93771,-0.841,4.138,0.00
100.94799,-0.841,4.138,0.00
100.95814,-0.917,4.123,0.00
100.96829,-0.917,4.123,0.00
100.97844,-1.003,4.141,0.00
100.98861,-1.003,4.141,0.00
100.99886,-1.083,4.144,0.00
101.00900,-1.153,4.134,0.00
101.01916,-1.153,4.134,0.00
101.02932,-1.206,4.114,0.00
101.03946,-1.206,4.114,0.00
101.04997,-1.206,4.114,0.00
101.06037,-1.241,4.048,0.00
101.07054,-1.241,4.048,0.00
101.08082,-1.263,3.907,0.00
101.09105,-1.282,3.907,0.00
101.10122,-1.282,3.714,0.00
101.11149,-1.302,3.714,0.00
101.12165,-1.302,3.514,0.00
101.13180,-1.317,3.345,0.00
101.14196,-1.317,3.345,0.00
101.15212,-1.326,3.204,0.00
101.16227,-1.326,3.204,0.00
101.17242,-1.331,3.128,0.00
101.18257,-1.331,3.128,0.00
101.19304,-1.332,3.098,0.00
101.20339,-1.332,3.098,0.00
101.21412,-1.332,3.098,0.00
101.22435,-1.328,3.115,0.00
101.23461,-1.322,3.156,0.00
101.24480,-1.322,3.156,0.00
101.25505,-1.316,3.217,0.00
101.26530,-1.316,3.217,0.00
101.27569,-1.316,3.291,0.00
101.28584,-1.308,3.291,0.00
101.29600,-1.297,3.370,0.00
101.30619,-1.297,3.370,0.00
101.31637,-1.297,3.370,0.00
101.32653,-1.284,3.411,0.00
101.33674,-1.284,3.389,0.00
101.34699,-1.269,3.389,0.00
101.35715,-1.256,3.362,0.00
101.36730,-1.256,3.362,0.00
101.37747,-1.244,3.344,0.00
101.38762,-1.244,3.344,0.00
101.39778,-1.236,3.345,0.00
101.40799,-1.236,3.345,0.00
101.41817,-1.231,3.373,0.00
101.42833,-1.231,3.373,0.00
101.43849,-1.229,3.431,0.00
101.44865,-1.229,3.431,0.00
101.45881,-1.229,3.517,0.00
101.46898,-1.229,3.517,0.00
101.48271,-1.232,3.623,0.00
101.49880,-1.236,3.702,0.00
101.50896,-1.238,3.702,0.00
101.51959,-1.238,3.768,0.00
101.53052,-1.238,3.768,0.00
101.54606,-1.240,3.816,0.00
101.56050,-1.240,3.816,0.00
101.57127,-1.235,3.816,0.00
101.58165,-1.235,3.874,0.00
101.59218,-1.235,3.889,0.00
101.60261,-1.231,3.889,0.00
101.61346,-1.227,3.905,0.00
101.63008,-1.228,3.924,0.00
101.64030,-1.228,3.924,0.00
101.65143,-1.229,3.943,0.00
101.66222,-1.229,3.943,0.00
101.67236,-1.231,3.943,0.00
101.68282,-1.231,3.960,0.00
101.69365,-1.234,3.960,0.00
101.70410,-1.234,3.972,0.00
101.71620,-1.237,3.978,0.00
101.72645,-1.237,3.978,0.00
101.73775,-1.241,3.978,0.00
101.74815,-1.241,3.978,0.00
101.75885,-1.241,3.981,0.00
101.77463,-1.247,3.978,0.00
101.79034,-1.256,3.978,0.00
101.80576,-1.256,3.964,0.00
101.82127,-1.259,3.943,0.00
101.83269,-1.262,3.916,0.00
101.84910,-1.262,3.887,0.00
101.85977,-1.263,3.887,0.00
101.87098,-1.263,3.887,0.00
101.88190,-1.262,3.857,0.00
101.89282,-1.262,3.857,0.00
101.91160,-1.261,3.823,0.00
101.92778,-1.261,3.788,0.00
101.93797,-1.262,3.788,0.00
101.94894,-1.260,3.729,0.00
101.95912,-1.260,3.729,0.00
101.97734,-1.260,3.729,0.00
101.99649,-1.260,3.706,0.00
102.00669,-1.260,3.706,0.00
102.04961,-1.264,3.640,0.00
102.06018,-1.267,3.640,0.00
102.07643,-1.267,3.623,0.00
102.08854,-1.267,3.616,0.00
102.09998,-1.267,3.613,0.00
102.11726,-1.268,3.615,0.00
102.13444,-1.268,3.615,0.00
102.14479,-1.268,3.615,0.00
102.15685,-1.269,3.618,0.00
102.16885,-1.270,3.627,0.00
102.18247,-1.270,3.627,0.00
102.19394,-1.272,3.656,0.00
102.21152,-1.272,3.656,0.00
102.22248,-1.273,3.673,0.00
102.23334,-1.273,3.691,0.00
102.25902,-1.274,3.691,0.00
102.27662,-1.275,3.708,0.00
102.28804,-1.274,3.728,0.00
102.30659,-1.274,3.743,0.00
102.31999,-1.275,3.759,0.00
102.34610,-1.275,3.770,0.00
102.35629,-1.273,3.779,0.00
102.36657,-1.273,3.779,0.00
102.37692,-1.273,3.779,0.00
102.39349,-1.272,3.779,0.00
102.40406,-1.272,3.793,0.00
102.42081,-1.271,3.793,0.00
102.43730,-1.270,3.798,0.00
102.44856,-1.268,3.803,0.00
102.47009,-1.266,3.806,0.00
102.52960,-1.259,3.815,0.00
102.58889,-1.257,3.812,0.00
102.59912,-1.252,3.810,0.00
102.61022,0.014,0.030,0.00
102.62043,0.014,0.030,0.00
102.63060,0.014,0.030,0.00
102.64077,0.015,0.030,0.00
102.65137,0.015,0.030,0.00
102.66159,0.014,0.026,0.00
102.67195,0.014,0.026,0.00
102.68237,0.012,0.026,0.00
102.69312,0.012,0.030,0.00
102.70331,0.012,0.030,0.00
102.71353,0.012,0.037,0.00
102.72369,0.011,0.037,0.00
102.73387,0.011,0.037,0.00
102.74404,0.011,0.043,0.00
102.75419,0.011,0.043,0.00
102.76434,0.011,0.043,0.00
102.77450,0.011,0.043,0.00
102.78479,0.006,0.060,0.00
102.79515,0.004,0.070,0.00
102.80531,0.004,0.070,0.00
102.81550,0.000,0.080,0.00
102.82623,0.000,0.080,0.00
102.83643,-0.002,0.089,0.00
102.84659,-0.002,0.089,0.00
102.85675,-0.004,0.099,0.00
102.86724,-0.004,0.099,0.00
102.87743,-0.005,0.113,0.00
102.88797,-0.005,0.129,0.00
102.89814,-0.006,0.129,0.00
102.90840,-0.006,0.145,0.00
102.91855,-0.007,0.145,0.00
102.92905,-0.007,0.164,0.00
102.93920,-0.007,0.164,0.00
102.94935,-0.007,0.164,0.00
102.95955,-0.006,0.184,0.00
102.96970,-0.006,0.184,0.00
102.98012,-0.006,0.203,0.00
102.99027,-0.005,0.203,0.00
103.00059,-0.005,0.217,0.00
103.01077,-0.005,0.217,0.00
103.02092,-0.003,0.229,0.00
103.03106,-0.003,0.229,0.00
103.04123,-0.002,0.241,0.00
103.05138,-0.002,0.241,0.00
103.06155,-0.001,0.251,0.00
103.07172,-0.001,0.261,0.00
103.08187,0.002,0.261,0.00
103.09202,0.002,0.266,0.00
103.10217,0.003,0.266,0.00
103.11233,0.005,0.271,0.00
103.12246,0.005,0.271,0.00
103.13276,0.009,0.276,0.00
103.14306,0.009,0.276,0.00
103.15321,0.011,0.276,0.00
103.16336,0.011,0.279,0.00
103.17366,0.016,0.284,0.00
103.18403,0.016,0.284,0.00
103.19417,0.016,0.284,0.00
103.20500,0.019,0.291,0.00
103.21515,0.022,0.295,0.00
103.22531,0.022,0.295,0.00
103.23547,0.026,0.298,0.00
103.24563,0.026,0.298,0.00
103.25581,0.028,0.308,0.00
103.26600,0.028,0.308,0.00
103.27627,0.031,0.311,0.00
103.28666,0.031,0.311,0.00
103.29717,0.032,0.313,0.00
103.30885,0.032,0.313,0.00
103.31900,0.032,0.316,0.00
103.32916,0.032,0.316,0.00
103.33932,0.033,0.323,0.00
103.34948,0.038,0.323,0.00
103.35964,0.038,0.332,0.00
103.37043,0.038,0.332,0.00
103.38059,0.040,0.342,0.00
103.39075,0.043,0.342,0.00
103.40112,0.043,0.351,0.00
103.41127,0.043,0.351,0.00
103.42142,0.047,0.363,0.00
103.43159,0.047,0.378,0.00
103.44191,0.051,0.378,0.00
103.45207,0.055,0.378,0.00
103.46223,0.055,0.395,0.00
103.47239,0.055,0.395,0.00
103.48256,0.055,0.395,0.00
103.49271,0.055,0.395,0.00
103.50287,0.059,0.432,0.00
103.51303,0.067,0.454,0.00
103.52337,0.067,0.454,0.00
103.53356,0.067,0.454,0.00
103.54373,0.071,0.481,0.00
103.55388,0.071,0.504,0.00
103.56404,0.073,0.504,0.00
103.57420,0.073,0.526,0.00
103.58436,0.076,0.526,0.00
103.59452,0.078,0.543,0.00
103.60467,0.078,0.543,0.00
103.61516,0.077,0.563,0.00
103.62540,0.077,0.563,0.00
103.63562,0.076,0.584,0.00
103.64789,0.076,0.605,0.00
103.65804,0.074,0.605,0.00
103.66908,0.074,0.605,0.00
103.67943,0.074,0.626,0.00
103.68959,0.072,0.646,0.00
103.69975,0.067,0.646,0.00
103.70996,0.067,0.646,0.00
103.72012,0.058,0.668,0.00
103.73028,0.058,0.668,0.00
103.74045,0.043,0.690,0.00
103.75060,0.016,0.711,0.00
103.76077,0.016,0.711,0.00
103.77129,0.016,0.711,0.00
103.78143,0.016,0.728,0.00
103.79157,-0.025,0.749,0.00
103.80345,-0.025,0.749,0.00
103.81362,-0.035,0.769,0.00
103.82378,-0.035,0.769,0.00
103.83393,-0.040,0.781,0.00
103.84409,-0.040,0.781,0.00
103.85442,-0.044,0.793,0.00
103.86476,-0.044,0.793,0.00
103.87499,-0.044,0.793,0.00
103.88600,-0.044,0.798,0.00
103.89653,-0.041,0.797,0.00
103.90667,-0.041,0.797,0.00
103.91695,-0.039,0.798,0.00
103.92714,-0.039,0.798,0.00
103.93729,-0.037,0.800,0.00
103.94754,-0.037,0.800,0.00
103.95802,-0.036,0.802,0.00
103.96833,-0.036,0.802,0.00
103.97849,-0.036,0.802,0.00
103.98928,-0.044,0.805,0.00
103.99942,-0.044,0.814,0.00
104.01081,-0.044,0.814,0.00
104.02105,-0.056,0.828,0.00
104.03124,-0.056,0.828,0.00
104.04140,-0.070,0.844,0.00
104.05155,-0.039,0.869,0.00
104.06182,-0.039,0.869,0.00
104.07197,-0.039,0.869,0.00
104.08212,0.121,0.893,0.00
104.09229,0.445,0.921,0.00
104.10243,0.445,0.921,0.00
104.11295,0.445,0.946,0.00
104.12312,1.013,0.946,0.00
104.13327,1.013,0.946,0.00
104.14342,1.885,0.974,0.00
104.15358,2.873,0.998,0.00
104.16376,2.873,0.998,0.00
104.17392,4.280,1.009,0.00
104.18408,4.280,1.009,0.00
104.19422,6.016,1.009,0.00
104.20438,6.016,0.995,0.00
104.21453,8.025,0.959,0.00
104.22469,8.025,0.959,0.00
104.23517,10.242,0.915,0.00
104.25486,12.619,0.864,0.00
104.26579,12.619,0.864,0.00
104.28628,15.026,0.813,9.00
104.29661,17.474,0.755,9.00
104.31913,19.809,0.684,9.00
104.33018,19.809,0.684,9.00
104.34997,21.886,0.475,9.00
104.36021,23.647,0.089,9.00
104.37037,23.647,0.089,9.00
104.38235,25.153,-0.244,9.00
104.39276,26.489,-0.519,9.00
104.40335,26.489,-0.519,9.00
104.41436,26.489,-0.519,9.00
104.42501,27.654,-0.519,9.00
104.43605,28.305,-0.936,9.00
104.44673,28.305,-0.936,9.00
104.45691,28.269,-1.000,9.00
104.46778,28.269,-1.000,9.00
104.47878,27.832,-0.981,9.00
104.48909,27.832,-0.981,9.00
104.49943,27.211,-0.892,9.00
104.52934,24.359,-0.600,9.00
104.53955,24.359,-0.600,9.00
104.55887,22.202,-0.439,9.00
104.56907,22.202,-0.439,9.00
104.59179,17.133,-0.223,9.50
104.60214,17.133,-0.223,9.50
104.62253,17.133,-0.223,9.50
104.63271,12.067,-0.069,9.50
104.64287,12.067,-0.069,9.50
104.65651,12.067,-0.069,10.00
104.66703,9.745,-0.041,10.00
104.67727,7.496,-0.019,10.00
104.68742,7.496,-0.019,11.00
104.69759,4.852,0.007,11.00
104.70868,4.852,0.007,11.00
104.71910,2.497,-0.001,12.50
104.72971,2.497,-0.001,12.50
104.74133,0.820,-0.068,12.50
104.75155,0.820,-0.068,14.50
104.76172,-0.045,-0.230,14.50
104.77187,-0.045,-0.515,14.50
104.78263,0.154,-0.515,17.50
104.79364,0.154,-0.515,17.50
104.80480,0.727,-0.924,17.50
104.82996,1.080,-1.551,21.00
104.84022,1.345,-2.308,21.00
104.86351,1.345,-2.308,24.00
104.87370,1.123,-4.136,24.00
104.89394,0.643,-4.136,26.00
104.90422,0.203,-5.031,26.00
104.92634,0.047,-5.926,27.50
104.93652,0.139,-5.926,27.50
104.95869,0.321,-6.669,28.50
104.96919,0.524,-7.318,28.50
104.97953,0.524,-7.715,28.50
104.99061,0.680,-7.923,29.00
105.00101,0.680,-7.923,29.00
105.01120,0.680,-7.873,29.00
105.02205,0.835,-7.873,29.00
105.03223,0.835,-7.873,29.00
105.04239,0.835,-7.345,29.00
105.05471,1.214,-6.516,29.50
105.06496,1.214,-6.516,29.50
105.07534,1.456,-5.322,29.50
105.09056,1.456,-5.322,29.50
105.10074,1.710,-3.851,29.50
105.11097,1.710,-3.851,29.50
105.12111,1.947,-2.120,29.50
105.13126,2.153,-0.230,29.50
105.14143,2.153,-0.230,29.50
105.16652,2.153,-0.230,29.50
105.17723,2.381,3.938,29.50
105.19802,2.381,3.938,29.50
105.20840,2.386,6.371,29.50
105.21899,2.342,8.528,29.50
105.23030,2.251,8.528,29.50
105.24058,2.251,10.573,29.50
105.26229,2.163,12.539,29.50
105.27246,2.163,12.539,29.50
105.28265,2.058,14.358,29.50
105.29468,1.951,15.966,29.50
105.30752,1.951,15.966,29.50
105.31775,1.805,17.419,29.50
105.32791,1.660,18.822,29.50
105.33827,1.660,18.822,29.50
105.34917,1.516,18.822,29.50
105.35933,1.516,20.352,29.50
105.36952,1.516,20.352,29.50
105.37989,1.347,21.551,29.50
105.40677,1.188,21.551,29.50
105.41711,1.042,22.643,29.50
105.43798,1.042,23.565,29.50
105.44820,0.896,24.364,29.50
105.47063,0.768,25.606,29.50
105.48097,0.673,25.606,29.50
105.50294,0.600,26.007,29.50
105.51308,0.545,26.348,29.50
105.52337,0.545,26.348,29.50
105.53414,0.545,26.348,29.50
105.54431,0.510,26.518,29.50
105.55446,0.510,26.518,29.50
105.56641,0.498,26.669,29.50
105.57666,0.496,26.669,29.50
105.58698,0.496,26.676,29.50
105.59881,0.505,26.670,29.50
105.61111,0.505,26.670,29.50
105.62125,0.527,26.586,29.50
105.63141,0.553,26.411,29.50
105.64155,0.553,26.411,29.50
105.65171,0.588,26.265,29.50
105.68014,0.588,26.061,29.50
105.69034,0.672,26.061,29.50
105.71169,0.672,25.907,29.50
105.72188,0.723,25.718,29.50
105.73206,0.776,25.529,0.00
105.74226,0.776,25.529,0.00
105.75242,0.776,25.529,0.00
105.76257,0.830,25.391,0.00
105.77272,0.890,25.214,0.00
105.78287,0.890,25.214,0.00
105.79347,0.946,25.111,0.00
105.80364,0.946,25.111,0.00
105.81430,1.007,24.991,0.00
105.82447,1.007,24.991,0.00
105.83463,1.065,24.852,0.00
105.84479,1.065,24.852,0.00
105.85501,1.065,24.668,0.00
105.86516,1.125,24.668,0.00
105.87535,1.182,24.401,0.00
105.88551,1.182,24.401,0.00
105.89567,1.220,24.135,0.00
105.90826,1.220,24.135,0.00
105.91842,1.230,23.845,0.00
105.92874,1.230,23.845,0.00
105.93898,1.210,23.493,0.00
105.94923,1.210,23.493,0.00
105.95939,1.171,23.084,0.00
105.96955,1.171,23.084,0.00
105.97972,1.141,22.585,0.00
105.98992,1.114,21.937,0.00
106.00008,1.114,21.937,0.00
106.01023,1.070,21.316,0.00
106.02040,1.070,21.316,0.00
106.03073,1.008,20.528,0.00
106.04106,1.008,20.528,0.00
106.05139,1.008,19.602,0.00
106.06173,0.957,19.602,0.00
106.07189,0.957,19.602,0.00
106.08207,0.904,18.541,0.00
106.09223,0.904,18.541,0.00
106.10240,0.824,17.330,0.00
106.11259,0.744,16.011,0.00
106.12276,0.744,16.011,0.00
106.13323,0.698,14.471,0.00
106.14339,0.698,14.471,0.00
106.15358,0.660,12.823,0.00
106.16374,0.660,12.823,0.00
106.17390,0.616,10.863,0.00
106.18405,0.616,10.863,0.00
106.19437,0.582,8.996,0.00
106.20472,0.582,8.996,0.00
106.21518,0.571,7.137,0.00
106.22543,0.571,7.137,0.00
106.23597,0.562,5.414,0.00
106.24620,0.562,5.414,0.00
106.25658,0.553,3.834,0.00
106.26682,0.553,3.834,0.00
106.27719,0.547,2.399,0.00
106.28809,0.547,2.399,0.00
106.29829,0.561,1.264,0.00
106.30844,0.561,0.381,0.00
106.31859,0.582,0.381,0.00
106.32885,0.582,0.381,0.00
106.33919,0.601,-0.380,0.00
106.34935,0.601,-0.768,0.00
106.35951,0.644,-0.768,0.00
106.36995,0.644,-0.768,0.00
106.38031,0.708,-0.803,0.00
106.39064,0.708,-0.803,0.00
106.40080,0.757,-0.718,0.00
106.41097,0.796,-0.718,0.00
106.42113,0.796,-0.508,0.00
106.43139,0.796,-0.508,0.00
106.44156,0.829,-0.169,0.00
106.45172,0.857,0.269,0.00
106.46188,0.857,0.269,0.00
106.47206,0.872,0.269,0.00
106.48222,0.872,0.621,0.00
106.49238,0.861,0.660,0.00
106.50252,0.861,0.660,0.00
106.51268,0.826,0.490,0.00
106.52283,0.826,0.490,0.00
106.53307,0.826,0.490,0.00
106.54323,0.771,0.308,0.00
106.55338,0.771,0.308,0.00
106.56382,0.699,0.231,0.00
106.57398,0.631,0.123,0.00
106.58422,0.631,0.123,0.00
106.59444,0.566,0.123,0.00
106.60462,0.566,0.006,0.00
106.61544,0.566,0.006,0.00
106.62602,0.506,0.017,0.00
106.63626,0.467,0.149,0.00
106.64660,0.467,0.149,0.00
106.65679,0.406,0.296,0.00
106.66716,0.406,0.296,0.00
106.67741,0.406,0.296,0.00
106.68756,0.335,0.364,0.00
106.69773,0.259,0.380,0.00
106.70801,0.259,0.380,0.00
106.71829,0.176,0.301,0.00
106.72908,0.176,0.301,0.00
106.73924,0.095,0.140,0.00
106.74939,0.095,0.140,0.00
106.75957,0.027,-0.024,0.00
106.76974,0.027,-0.024,0.00
106.77995,-0.023,-0.154,0.00
106.79019,-0.023,-0.154,0.00
106.80054,-0.054,-0.262,0.00
106.81099,-0.068,-0.321,0.00
106.82129,-0.068,-0.321,0.00
106.83172,-0.068,-0.323,0.00
106.84205,-0.071,-0.323,0.00
106.85245,-0.062,-0.284,0.00
106.86280,-0.062,-0.284,0.00
106.87307,-0.043,-0.223,0.00
106.88323,-0.043,-0.223,0.00
106.89339,-0.020,-0.223,0.00
106.90354,-0.020,-0.170,0.00
106.91369,0.002,-0.129,0.00
106.92394,0.002,-0.129,0.00
106.93418,0.020,-0.096,0.00
106.94446,0.020,-0.096,0.00
106.95454,0.033,-0.069,0.00
106.96511,0.033,-0.069,0.00
106.97547,0.044,-0.046,0.00
106.98568,0.044,-0.046,0.00
106.99584,0.060,-0.060,0.00
107.00600,0.060,-0.060,0.00
107.01631,0.080,-0.129,0.00
107.02646,0.080,-0.129,0.00
107.03661,0.105,-0.213,0.00
107.04860,0.105,-0.213,0.00
107.05876,0.137,-0.287,0.00
107.06897,0.137,-0.287,0.00
107.07914,0.163,-0.345,0.00
107.08929,0.180,-0.387,0.00
107.09952,0.180,-0.387,0.00
107.10967,0.192,-0.413,0.00
107.11982,0.192,-0.413,0.00
107.12999,0.192,-0.413,0.00
107.14014,0.202,-0.419,0.00
107.15029,0.202,-0.415,0.00
107.16052,0.209,-0.415,0.00
107.17068,0.209,-0.415,0.00
107.18094,0.214,-0.414,0.00
107.19118,0.220,-0.418,0.00
107.20132,0.220,-0.418,0.00
107.21147,0.228,-0.418,0.00
107.22161,0.228,-0.428,0.00
107.23177,0.236,-0.427,0.00
107.24768,0.236,-0.427,0.00
107.26368,0.246,-0.416,0.00
107.27401,0.256,-0.416,0.00
107.28441,0.256,-0.402,0.00
107.29499,0.262,-0.402,0.00
107.30536,0.262,-0.387,0.00
107.31732,0.265,-0.374,0.00
107.32875,0.265,-0.374,0.00
107.34054,0.262,-0.357,0.00
107.35377,0.262,-0.357,0.00
107.36512,0.253,-0.342,0.00
107.38184,0.242,-0.320,0.00
107.39232,0.232,-0.320,0.00
107.40279,0.232,-0.289,0.00
107.41337,0.232,-0.252,0.00
107.42993,0.227,-0.252,0.00
107.45585,0.222,-0.214,0.00
107.46915,0.222,-0.175,0.00
107.48054,0.209,-0.153,0.00
107.49709,0.209,-0.153,0.00
107.50879,0.209,-0.153,0.00
107.52487,0.190,-0.130,0.00
107.55997,0.183,-0.120,0.00
107.57144,0.179,-0.115,0.00
107.58261,0.179,-0.111,0.00
107.59587,0.176,-0.111,0.00
107.61131,0.171,-0.106,0.00
107.62215,0.167,-0.106,0.00
107.63786,0.161,-0.098,0.00
107.65374,0.161,-0.076,0.00
107.66944,0.157,-0.076,0.00
107.68580,0.157,-0.076,0.00
107.70386,0.143,-0.044,0.00
107.71967,0.134,-0.044,0.00
107.73589,0.127,0.004,0.00
107.75165,0.127,0.030,0.00
107.76211,0.121,0.030,0.00
107.77512,0.121,0.030,0.00
107.79058,0.114,0.056,0.00
107.80184,0.109,0.089,0.00
107.81420,0.107,0.120,0.00
107.82463,0.107,0.120,0.00
107.83513,0.105,0.120,0.00
107.84792,0.105,0.151,0.00
107.85833,0.105,0.186,0.00
107.86849,0.105,0.186,0.00
107.87915,0.106,0.186,0.00
107.88975,0.106,0.224,0.00
107.90005,0.106,0.262,0.00
107.91182,0.110,0.262,0.00
107.92250,0.110,0.262,0.00
107.93404,0.113,0.339,0.00
107.94596,0.113,0.339,0.00
107.96165,0.117,0.339,0.00
107.97292,0.121,0.415,0.00
107.98311,0.121,0.415,0.00
107.99961,0.125,0.450,0.00
108.00981,0.125,0.450,0.00
108.02151,0.132,0.482,0.00
108.03197,0.137,0.482,0.00
108.04331,0.137,0.512,0.00
108.05907,0.137,0.536,0.00
108.07561,0.140,0.536,0.00
108.08581,0.143,0.559,0.00
108.10146,0.150,0.559,0.00
108.11278,0.150,0.559,0.00
108.12921,0.157,0.559,0.00
108.13945,0.157,0.603,0.00
108.15162,0.157,0.623,0.00
108.16282,0.157,0.634,0.00
108.17300,0.157,0.634,0.00
108.19002,0.153,0.634,0.00
108.20513,0.153,0.630,0.00
108.22085,0.147,0.630,0.00
108.23195,0.147,0.629,0.00
108.28676,0.147,0.604,0.00
108.34176,0.127,0.594,0.00
108.35194,-0.023,0.469,0.00
108.36210,-0.026,0.473,0.00
108.37235,-0.026,0.473,0.00
108.38253,-0.026,0.476,0.00
108.39268,-0.026,0.479,0.00
108.40282,-0.026,0.479,0.00
108.41325,-0.026,0.479,0.00
108.42366,-0.025,0.486,0.00
108.43387,-0.023,0.496,0.00
108.44398,-0.023,0.496,0.00
108.45416,-0.020,0.505,0.00
108.46443,-0.020,0.505,0.00
108.47460,-0.015,0.516,0.00
108.48475,-0.015,0.516,0.00
108.49499,-0.010,0.527,0.00
108.50519,-0.010,0.527,0.00
108.51546,-0.004,0.542,0.00
108.52605,-0.004,0.542,0.00
108.53654,0.002,0.557,0.00
108.54712,0.002,0.557,0.00
108.55736,0.007,0.573,0.00
108.56765,0.007,0.573,0.00
108.57797,0.013,0.590,0.00
108.58872,0.013,0.610,0.00
108.59887,0.021,0.610,0.00
108.60924,0.021,0.630,0.00
108.61973,0.027,0.630,0.00
108.63004,0.027,0.630,0.00
108.64019,0.034,0.648,0.00
108.65038,0.034,0.648,0.00
108.66055,0.040,0.668,0.00
108.67072,0.040,0.668,0.00
108.68087,0.047,0.689,0.00
108.69108,0.055,0.689,0.00
108.70124,0.055,0.710,0.00
108.71142,0.060,0.731,0.00
108.72157,0.060,0.731,0.00
108.73175,0.069,0.731,0.00
108.74189,0.069,0.753,0.00
108.75208,0.069,0.753,0.00
108.76260,0.077,0.777,0.00
108.77283,0.077,0.799,0.00
108.78305,0.084,0.799,0.00
108.79343,0.086,0.822,0.00
108.80464,0.086,0.822,0.00
108.81501,0.095,0.840,0.00
108.82525,0.095,0.840,0.00
108.83613,0.102,0.856,0.00
108.84687,0.102,0.856,0.00
108.85777,0.102,0.856,0.00
108.86793,0.105,0.875,0.00
108.87809,0.107,0.875,0.00
108.88835,0.107,0.886,0.00
108.89852,0.107,0.891,0.00
108.90901,0.107,0.891,0.00
108.91904,0.108,0.900,0.00
108.92920,0.109,0.900,0.00
108.93965,0.109,0.909,0.00
108.94982,0.109,0.909,0.00
108.95997,0.109,0.911,0.00
108.97014,0.109,0.911,0.00
108.98029,0.109,0.910,0.00
108.99047,0.109,0.910,0.00
109.00061,0.105,0.910,0.00
109.01078,0.105,0.910,0.00
109.02094,0.105,0.910,0.00
109.03109,0.101,0.910,0.00
109.04132,0.101,0.911,0.00
109.05149,0.097,0.909,0.00
109.06181,0.097,0.909,0.00
109.07196,0.093,0.905,0.00
109.08211,0.093,0.905,0.00
109.09231,0.093,0.905,0.00
109.10250,0.087,0.901,0.00
109.11266,0.087,0.901,0.00
109.12282,0.087,0.901,0.00
109.13309,0.080,0.896,0.00
109.14326,0.074,0.889,0.00
109.15340,0.066,0.879,0.00
109.16356,0.066,0.879,0.00
109.17380,0.059,0.867,0.00
109.18389,0.059,0.867,0.00
109.19404,0.051,0.867,0.00
109.20511,0.051,0.855,0.00
109.21531,0.044,0.842,0.00
109.22547,0.044,0.842,0.00
109.23563,0.044,0.842,0.00
109.24579,0.044,0.842,0.00
109.25596,0.044,0.842,0.00
109.26611,0.044,0.842,0.00
109.27649,0.044,0.842,0.00
109.28670,0.038,0.827,0.00
109.29696,0.038,0.814,0.00
109.30714,0.024,0.802,0.00
109.31733,0.018,0.783,0.00
109.32749,0.012,0.783,0.00
109.33765,0.012,0.783,0.00
109.34785,0.012,0.783,0.00
109.35799,0.008,0.783,0.00
109.36813,0.004,0.769,0.00
109.37828,0.004,0.769,0.00
109.39010,0.004,0.769,0.00
109.40028,0.004,0.769,0.00
109.41057,0.001,0.762,0.00
109.42073,-0.003,0.743,0.00
109.43100,-0.003,0.743,0.00
109.44120,-0.004,0.734,0.00
109.45152,-0.004,0.734,0.00
109.46202,-0.006,0.726,0.00
109.47225,-0.008,0.716,0.00
109.48256,-0.008,0.716,0.00
109.49278,-0.008,0.716,0.00
109.50305,-0.008,0.709,0.00
109.51325,-0.010,0.708,0.00
109.52341,-0.010,0.708,0.00
109.53357,-0.005,0.704,0.00
109.54371,-0.005,0.704,0.00
109.55387,-0.005,0.700,0.00
109.56402,-0.004,0.700,0.00
109.57418,-0.003,0.699,0.00
109.58452,-0.003,0.699,0.00
109.59468,-0.003,0.689,0.00
109.60483,-0.003,0.689,0.00
109.61500,-0.005,0.678,0.00
109.62530,-0.005,0.678,0.00
109.63573,-0.010,0.676,0.00
109.64596,-0.010,0.676,0.00
109.65626,-0.021,0.680,0.00
109.66686,-0.021,0.680,0.00
109.67719,-0.060,0.684,0.00
109.68746,-0.060,0.684,0.00
109.69778,-0.102,0.693,0.00
109.70799,-0.102,0.693,0.00
109.71826,-0.157,0.700,0.00
109.72872,-0.197,0.700,0.00
109.73903,-0.197,0.708,0.00
109.74929,-0.199,0.708,0.00
109.75963,-0.199,0.718,0.00
109.77008,-0.199,0.718,0.00
109.78048,-0.123,0.740,0.00
109.79066,-0.123,0.740,0.00
109.80082,0.030,0.762,0.00
109.81106,0.030,0.762,0.00
109.82127,0.292,0.785,0.00
109.83142,0.738,0.813,0.00
109.84158,0.738,0.813,0.00
109.85174,1.379,0.841,0.00
109.86190,1.379,0.841,0.00
109.87235,1.379,0.841,0.00
109.88250,2.204,0.863,0.00
109.89277,3.426,0.887,0.00
109.90311,3.426,0.887,0.00
109.91327,4.955,0.887,0.00
109.92343,4.955,0.910,0.00
109.93367,6.763,0.927,0.00
109.94383,6.763,0.927,0.00
109.95400,8.827,0.931,0.00
109.96421,8.827,0.931,0.00
109.97455,11.116,0.937,0.00
109.98471,11.116,0.937,0.00
109.99487,13.478,0.942,0.00
110.00502,13.478,0.942,0.00
110.01518,15.799,0.934,9.00
110.02539,15.799,0.934,9.00
110.03554,18.071,0.913,9.00
110.06195,18.071,0.913,9.00
110.07238,20.233,0.705,9.00
110.09473,24.005,0.402,9.00
110.10550,24.005,0.402,9.00
110.12990,25.506,0.402,9.00
110.14024,26.583,-0.031,9.00
110.16235,27.422,-0.169,9.00
110.17258,27.976,-0.169,9.00
110.19348,27.976,-0.200,9.00
110.20381,28.325,-0.200,9.00
110.22270,28.174,-0.091,9.00
110.23288,27.437,-0.091,9.00
110.24313,27.437,0.021,9.00
110.25440,27.437,0.115,9.00
110.26475,26.209,0.115,9.00
110.27524,24.544,0.172,9.00
110.28717,24.544,0.172,9.00
110.29755,22.535,0.197,9.00
110.30818,22.535,0.197,9.00
110.31919,20.302,0.208,9.50
110.32936,20.302,0.208,9.50
110.33951,17.864,0.219,9.50
110.35055,17.864,0.242,9.50
110.36071,15.280,0.242,9.50
110.37087,15.280,0.257,9.50
110.39876,10.481,0.246,10.00
110.40894,10.481,0.246,10.00
110.43063,8.139,0.210,11.00
110.44183,5.784,0.160,11.00
110.46249,3.483,0.069,12.00
110.47293,1.479,-0.078,12.00
110.49591,0.210,-0.315,14.50
110.50612,0.210,-0.315,14.50
110.52987,0.027,-0.619,17.50
110.54001,0.691,-1.053,17.50
110.55017,0.691,-1.053,17.50
110.56032,1.239,-1.664,20.50
110.57051,1.239,-2.361,20.50
110.58065,1.773,-2.361,20.50
110.59099,1.931,-3.142,24.00
110.60126,1.931,-3.142,24.00
110.61141,1.488,-3.142,24.00
110.63840,1.488,-3.995,26.50
110.64873,1.488,-3.995,26.50
110.67074,-0.168,-5.766,27.50
110.68089,-0.168,-5.766,27.50
110.70218,-0.168,-5.766,28.50
110.71236,-0.231,-7.309,28.50
110.73412,-0.231,-7.309,29.00
110.74436,-0.217,-7.823,29.00
110.75483,-0.192,-8.055,29.00
110.76678,-0.192,-8.055,29.00
110.77694,-0.157,-8.063,29.00
110.78871,-0.157,-8.063,29.00
110.79886,-0.103,-7.754,29.50
110.81002,-0.026,-7.090,29.50
110.82044,-0.026,-7.090,29.50
110.83193,-0.026,-7.090,29.50
110.84248,0.077,-6.028,29.50
110.85263,0.187,-4.627,29.50
110.86282,0.187,-4.627,29.50
110.87299,0.275,-2.762,29.50
110.88324,0.275,-2.762,29.50
110.89438,0.329,-2.762,29.50
110.90464,0.329,-0.984,29.50
110.91509,0.348,0.909,29.50
110.94247,0.334,0.909,29.50
110.95291,0.293,4.822,29.50
110.97440,0.293,6.790,29.50
110.98510,0.238,6.790,29.50
111.01055,0.172,8.657,29.50
111.02070,0.090,10.427,29.50
111.03846,-0.001,12.248,29.50
111.04904,-0.088,13.775,29.50
111.07116,-0.088,13.775,29.50
111.08133,-0.161,15.189,29.50
111.09149,-0.208,16.549,29.50
111.10275,-0.208,16.549,29.50
111.11344,-0.224,17.873,29.50
111.12360,-0.224,17.873,29.50
111.13430,-0.224,17.873,29.50
111.14452,-0.207,19.088,29.50
111.15468,-0.161,20.249,29.50
111.16835,-0.161,20.249,29.50
111.17850,-0.090,21.247,29.50
111.18875,-0.090,21.247,29.50
111.19900,-0.003,22.125,29.50
111.20915,0.099,23.053,29.50
111.21929,0.099,23.053,29.50
111.22984,0.099,23.053,29.50
111.24002,0.196,23.755,29.50
111.25018,0.196,23.755,29.50
111.26037,0.298,24.375,29.50
111.27864,0.393,24.863,29.50
111.28921,0.393,24.863,29.50
111.31233,0.528,25.269,29.50
111.32265,0.528,25.617,29.50
111.34262,0.540,25.892,29.50
111.35277,0.493,25.892,29.50
111.38255,0.412,26.295,29.50
111.39273,0.323,26.332,29.50
111.40596,0.323,26.332,29.50
111.41614,0.246,26.385,29.50
111.42635,0.246,26.385,29.50
111.43798,0.181,26.358,29.50
111.44818,0.181,26.358,29.50
111.45834,0.137,26.348,29.50
111.46855,0.137,26.348,29.50
111.47872,0.098,26.327,0.00
111.48889,0.098,26.327,0.00
111.49906,0.062,26.241,0.00
111.50980,0.062,26.241,0.00
111.51996,0.024,26.189,0.00
111.53050,0.024,26.189,0.00
111.54117,-0.007,26.056,0.00
111.55133,-0.038,26.056,0.00
111.56149,-0.038,26.007,0.00
111.57165,-0.059,25.902,0.00
111.58180,-0.059,25.902,0.00
111.59195,-0.073,25.755,0.00
111.60222,-0.073,25.755,0.00
111.61238,-0.081,25.755,0.00
111.62257,-0.081,25.551,0.00
111.63274,-0.082,25.276,0.00
111.64305,-0.082,25.276,0.00
111.65321,-0.074,24.957,0.00
111.66336,-0.074,24.957,0.00
111.67350,-0.054,24.615,0.00
111.68365,-0.054,24.615,0.00
111.69384,-0.025,24.145,0.00
111.70398,-0.025,24.145,0.00
111.71413,-0.012,23.626,0.00
111.72579,-0.012,23.626,0.00
111.73597,0.004,22.911,0.00
111.74630,0.004,22.911,0.00
111.75647,0.045,22.058,0.00
111.76668,0.045,22.058,0.00
111.77722,0.099,21.284,0.00
111.78738,0.099,21.284,0.00
111.79754,0.099,21.284,0.00
111.80789,0.099,21.284,0.00
111.81793,0.109,20.313,0.00
111.82837,0.114,19.045,0.00
111.83856,0.117,17.569,0.00
111.84873,0.117,17.569,0.00
111.85899,0.117,15.828,0.00
111.87061,0.108,15.828,0.00
111.88081,0.078,14.027,0.00
111.89106,0.078,14.027,0.00
111.90123,0.040,12.053,0.00
111.91160,0.040,10.025,0.00
111.92193,-0.012,10.025,0.00
111.93227,-0.012,7.944,0.00
111.94264,-0.070,7.944,0.00
111.95280,-0.104,7.944,0.00
111.96306,-0.104,5.884,0.00
111.97322,-0.123,3.977,0.00
111.98339,-0.123,3.977,0.00
111.99355,-0.142,3.977,0.00
112.00373,-0.142,2.121,0.00
112.01389,-0.160,0.189,0.00
112.02405,-0.160,0.189,0.00
112.03541,-0.173,-1.301,0.00
112.04561,-0.173,-1.301,0.00
112.05583,-0.176,-1.301,0.00
112.06598,-0.176,-2.633,0.00
112.07614,-0.167,-3.776,0.00
112.08630,-0.167,-3.776,0.00
112.09646,-0.145,-4.620,0.00
112.10666,-0.145,-4.620,0.00
112.11682,-0.113,-5.148,0.00
112.12832,-0.113,-5.148,0.00
112.13848,-0.081,-5.451,0.00
112.14863,-0.081,-5.508,0.00
112.15879,-0.059,-5.508,0.00
112.16949,-0.059,-5.238,0.00
112.17965,-0.048,-5.238,0.00
112.18981,-0.048,-5.238,0.00
112.19998,-0.048,-4.834,0.00
112.21013,-0.065,-4.834,0.00
112.22031,-0.065,-4.385,0.00
112.23060,-0.092,-3.984,0.00
112.24077,-0.092,-3.984,0.00
112.25095,-0.114,-3.984,0.00
112.26111,-0.114,-3.819,0.00
112.27130,-0.114,-3.819,0.00
112.28146,-0.124,-3.895,0.00
112.29238,-0.124,-4.111,0.00
112.30254,-0.124,-4.111,0.00
112.31270,-0.125,-4.213,0.00
112.32286,-0.125,-4.213,0.00
112.33304,-0.130,-4.425,0.00
112.34321,-0.130,-4.425,0.00
112.35337,-0.136,-4.719,0.00
112.36353,-0.136,-4.719,0.00
112.37393,-0.136,-4.719,0.00
112.38408,-0.136,-5.047,0.00
112.39424,-0.127,-5.284,0.00
112.40463,-0.127,-5.284,0.00
112.41474,-0.114,-5.284,0.00
112.42777,-0.114,-5.431,0.00
112.43806,-0.099,-5.475,0.00
112.44834,-0.099,-5.475,0.00
112.45851,-0.077,-5.477,0.00
112.46934,-0.077,-5.477,0.00
112.47953,-0.044,-5.447,0.00
112.48970,-0.044,-5.447,0.00
112.49985,0.003,-5.362,0.00
112.51005,0.003,-5.362,0.00
112.52021,0.056,-5.247,0.00
112.53037,0.056,-5.247,0.00
112.54052,0.107,-5.093,0.00
112.55118,0.107,-5.093,0.00
112.56133,0.153,-4.905,0.00
112.57149,0.187,-4.905,0.00
112.58163,0.187,-4.699,0.00
112.59180,0.187,-4.475,0.00
112.60196,0.205,-4.475,0.00
112.61215,0.205,-4.475,0.00
112.62235,0.213,-4.247,0.00
112.63250,0.212,-4.047,0.00
112.64264,0.212,-4.047,0.00
112.65281,0.201,-3.897,0.00
112.66306,0.201,-3.897,0.00
112.67324,0.182,-3.897,0.00
112.68370,0.182,-3.839,0.00
112.69394,0.160,-3.855,0.00
112.70426,0.160,-3.855,0.00
112.71479,0.136,-3.936,0.00
112.72496,0.136,-3.936,0.00
112.73513,0.110,-4.055,0.00
112.74529,0.110,-4.055,0.00
112.75581,0.079,-4.180,0.00
112.76596,0.079,-4.180,0.00
112.77612,0.044,-4.291,0.00
112.78699,0.044,-4.291,0.00
112.79715,0.004,-4.375,0.00
112.80828,0.004,-4.375,0.00
112.81853,-0.033,-4.428,0.00
112.82869,-0.033,-4.456,0.00
112.83886,-0.063,-4.456,0.00
112.84901,-0.063,-4.458,0.00
112.85917,-0.085,-4.458,0.00
112.86966,-0.085,-4.458,0.00
112.87982,-0.105,-4.448,0.00
112.89024,-0.123,-4.435,0.00
112.90059,-0.123,-4.435,0.00
112.91177,-0.141,-4.426,0.00
112.92193,-0.141,-4.426,0.00
112.93335,-0.141,-4.426,0.00
112.94352,-0.157,-4.427,0.00
112.95368,-0.168,-4.435,0.00
112.96384,-0.168,-4.435,0.00
112.97993,-0.177,-4.453,0.00
112.99590,-0.177,-4.487,0.00
113.00777,-0.192,-4.523,0.00
113.01808,-0.192,-4.523,0.00
113.03010,-0.197,-4.550,0.00
113.04117,-0.197,-4.550,0.00
113.05716,-0.201,-4.559,0.00
113.06836,-0.201,-4.559,0.00
113.07977,-0.205,-4.552,0.00
113.10202,-0.208,-4.518,0.00
113.11383,-0.208,-4.518,0.00
113.12437,-0.209,-4.457,0.00
113.14842,-0.208,-4.373,0.00
113.16502,-0.206,-4.262,0.00
113.19442,-0.200,-4.156,0.00
113.20593,-0.190,-4.156,0.00
113.22921,-0.176,-3.935,0.00
113.24366,-0.159,-3.834,0.00
113.25395,-0.159,-3.834,0.00
113.27241,-0.140,-3.738,0.00
113.28261,-0.140,-3.738,0.00
113.29823,-0.121,-3.639,0.00
113.30940,-0.076,-3.639,0.00
113.33400,-0.076,-3.442,0.00
113.35364,-0.047,-3.354,0.00
113.36460,-0.018,-3.268,0.00
113.37679,0.012,-3.268,0.00
113.38954,0.012,-3.104,0.00
113.42305,0.068,-3.104,0.00
113.43512,0.068,-3.104,0.00
113.45151,0.095,-2.903,0.00
113.46206,0.113,-2.903,0.00
113.47320,0.119,-2.850,0.00
113.48370,0.119,-2.850,0.00
113.49982,0.119,-2.850,0.00
113.51071,0.111,-2.797,0.00
113.52223,0.111,-2.797,0.00
113.54905,0.094,-2.794,0.00
113.56513,0.069,-2.808,0.00
113.57726,0.040,-2.808,0.00
113.59370,0.040,-2.839,0.00
113.61552,-0.017,-2.937,0.00
113.63217,-0.017,-2.937,0.00
113.64887,-0.041,-3.001,0.00
113.65985,-0.063,-3.062,0.00
113.67002,-0.085,-3.062,0.00
113.68050,-0.085,-3.128,0.00
113.69123,-0.085,-3.128,0.00
113.70755,-0.085,-3.128,0.00
113.74471,-0.085,-3.193,0.00
113.76059,-0.085,-3.388,0.00
113.77170,-0.085,-3.388,0.00
113.78632,-0.114,-3.388,0.00
113.79795,-0.114,-3.463,0.00
113.80963,-0.118,-3.625,0.00
113.82070,-0.118,-3.625,0.00
113.83108,-0.118,-3.625,0.00
113.84414,-0.119,-3.689,0.00
113.88202,-0.120,-3.783,0.00
113.92901,-0.120,-3.815,0.00
113.94106,-0.120,-3.811,0.00
113.95916,-0.117,-3.787,0.00
114.02399,-0.120,-3.676,0.00
114.07574,-0.121,-3.676,0.00
114.08594,-0.005,0.084,0.00
114.09611,-0.010,0.126,0.00
114.10626,-0.010,0.126,0.00
114.11642,-0.010,0.165,0.00
114.12668,-0.015,0.165,0.00
114.13689,-0.021,0.195,0.00
114.14725,-0.021,0.195,0.00
114.15794,-0.026,0.211,0.00
114.16824,-0.026,0.216,0.00
114.17859,-0.031,0.216,0.00
114.18898,-0.031,0.216,0.00
114.19934,-0.032,0.200,0.00
114.20982,-0.032,0.167,0.00
114.22017,-0.028,0.167,0.00
114.23037,-0.028,0.167,0.00
114.24059,-0.020,0.119,0.00
114.25077,-0.020,0.119,0.00
114.26091,-0.013,0.060,0.00
114.27107,-0.013,0.060,0.00
114.28123,-0.005,-0.007,0.00
114.29212,-0.005,-0.007,0.00
114.30220,0.008,-0.087,0.00
114.31235,0.019,-0.161,0.00
114.32249,0.019,-0.161,0.00
114.33264,0.032,-0.240,0.00
114.34280,0.032,-0.240,0.00
114.35309,0.032,-0.240,0.00
114.36401,0.046,-0.323,0.00
114.37466,0.062,-0.397,0.00
114.38481,0.062,-0.397,0.00
114.39498,0.062,-0.397,0.00
114.40518,0.062,-0.397,0.00
114.41533,0.073,-0.464,0.00
114.42565,0.083,-0.522,0.00
114.43603,0.083,-0.522,0.00
114.44639,0.083,-0.522,0.00
114.45673,0.091,-0.572,0.00
114.46702,0.095,-0.618,0.00
114.47719,0.094,-0.654,0.00
114.48735,0.094,-0.654,0.00
114.49752,0.094,-0.654,0.00
114.50769,0.091,-0.681,0.00
114.51785,0.091,-0.681,0.00
114.52822,0.085,-0.698,0.00
114.53828,0.074,-0.701,0.00
114.54845,0.074,-0.701,0.00
114.55912,0.074,-0.701,0.00
114.56927,0.074,-0.701,0.00
114.58066,0.074,-0.701,0.00
114.59105,0.061,-0.692,0.00
114.60121,0.045,-0.642,0.00
114.61161,0.028,-0.599,0.00
114.62210,0.012,-0.599,0.00
114.63260,0.012,-0.552,0.00
114.64306,-0.003,-0.552,0.00
114.65323,-0.019,-0.498,0.00
114.66369,-0.019,-0.498,0.00
114.67397,-0.033,-0.437,0.00
114.68457,-0.033,-0.437,0.00
114.69473,-0.045,-0.371,0.00
114.70546,-0.045,-0.371,0.00
114.71561,-0.055,-0.300,0.00
114.72654,-0.055,-0.300,0.00
114.73670,-0.062,-0.226,0.00
114.74685,-0.062,-0.152,0.00
114.75716,-0.066,-0.152,0.00
114.76778,-0.066,-0.152,0.00
114.77793,-0.068,-0.063,0.00
114.78810,-0.068,-0.063,0.00
114.79836,-0.069,0.017,0.00
114.80852,-0.069,0.017,0.00
114.81868,-0.068,0.091,0.00
114.82882,-0.068,0.091,0.00
114.83899,-0.066,0.152,0.00
114.84963,-0.064,0.152,0.00
114.85979,-0.064,0.204,0.00
114.87007,-0.061,0.204,0.00
114.88030,-0.061,0.250,0.00
114.89046,-0.061,0.250,0.00
114.90100,-0.057,0.285,0.00
114.91116,-0.057,0.285,0.00
114.92132,-0.052,0.306,0.00
114.93148,-0.052,0.306,0.00
114.94165,-0.048,0.326,0.00
114.95181,-0.048,0.336,0.00
114.96197,-0.045,0.336,0.00
114.97213,-0.045,0.336,0.00
114.98418,-0.039,0.341,0.00
114.99436,-0.035,0.341,0.00
115.00793,-0.035,0.340,0.00
115.01811,-0.034,0.338,0.00
115.02826,-0.035,0.338,0.00
115.03841,-0.035,0.334,0.00
115.04860,-0.035,0.334,0.00
115.05876,-0.036,0.326,0.00
115.06913,-0.036,0.326,0.00
115.07929,-0.036,0.311,0.00
115.08945,-0.036,0.311,0.00
115.09961,-0.036,0.294,0.00
115.10994,-0.036,0.294,0.00
115.12028,-0.034,0.286,0.00
115.13291,-0.034,0.286,0.00
115.14309,-0.033,0.282,0.00
115.15332,-0.034,0.285,0.00
115.16349,-0.034,0.285,0.00
115.17482,-0.034,0.285,0.00
115.18506,-0.035,0.293,0.00
115.19558,-0.035,0.301,0.00
115.20573,-0.035,0.301,0.00
115.21596,-0.035,0.310,0.00
115.22631,-0.035,0.310,0.00
115.23647,-0.036,0.320,0.00
115.24670,-0.036,0.320,0.00
115.25686,-0.037,0.320,0.00
115.26710,-0.037,0.336,0.00
115.27725,-0.039,0.351,0.00
115.28808,-0.039,0.351,0.00
115.29823,-0.040,0.369,0.00
115.30906,-0.040,0.369,0.00
115.31939,-0.040,0.387,0.00
115.33191,-0.040,0.387,0.00
115.34211,-0.041,0.403,0.00
115.35248,-0.041,0.403,0.00
115.36268,-0.043,0.420,0.00
115.37307,-0.043,0.420,0.00
115.38329,-0.043,0.420,0.00
115.39372,-0.043,0.434,0.00
115.40408,-0.042,0.445,0.00
115.41423,-0.041,0.449,0.00
115.42439,-0.041,0.449,0.00
115.43467,-0.041,0.449,0.00
115.44487,-0.040,0.446,0.00
115.45503,-0.038,0.445,0.00
115.46540,-0.038,0.445,0.00
115.47555,-0.038,0.437,0.00
115.48570,-0.038,0.437,0.00
115.49586,-0.038,0.437,0.00
115.50607,-0.038,0.437,0.00
115.51622,-0.035,0.408,0.00
115.52776,-0.035,0.408,0.00
115.53793,-0.036,0.394,0.00
115.54809,-0.036,0.394,0.00
115.55826,-0.036,0.394,0.00
115.56841,-0.055,0.372,0.00
115.57858,-0.069,0.345,0.00
115.58964,-0.069,0.345,0.00
115.60008,-0.081,0.320,0.00
115.61024,-0.081,0.320,0.00
115.62040,-0.070,0.293,0.00
115.63057,-0.070,0.293,0.00
115.64072,0.063,0.265,0.00
115.65097,0.397,0.265,0.00
115.66112,0.397,0.245,0.00
115.67128,0.984,0.228,0.00
115.68142,0.984,0.228,0.00
115.69157,0.984,0.226,0.00
115.70174,1.904,0.226,0.00
115.71199,3.196,0.237,0.00
115.72231,3.196,0.237,0.00
115.73246,4.855,0.247,0.00
115.74267,4.855,0.247,0.00
115.75389,4.855,0.247,0.00
115.76406,6.866,0.239,0.00
115.77422,8.854,0.204,0.00
115.78437,8.854,0.204,0.00
115.79453,11.198,0.158,0.00
115.80661,11.198,0.158,0.00
115.81683,13.501,0.097,0.00
115.82706,13.501,0.097,0.00
115.83872,15.635,0.017,9.00
115.84890,15.635,0.017,9.00
115.85956,17.535,-0.075,9.00
115.87061,19.130,-0.175,9.00
115.88090,19.130,-0.175,9.00
115.89145,19.130,-0.175,9.00
115.91853,21.473,-0.522,9.00
115.92886,22.052,-0.905,9.00
115.95049,22.052,-0.905,9.00
115.96081,22.414,-1.249,9.00
115.98440,22.666,-1.480,9.00
115.99473,22.666,-1.480,9.00
116.01585,22.666,-1.651,9.00
116.02646,22.200,-1.735,9.00
116.04576,21.209,-1.714,9.00
116.05593,19.699,-1.603,9.00
116.06622,19.699,-1.603,9.00
116.07776,19.699,-1.603,9.00
116.08800,17.751,-1.392,9.00
116.09816,15.578,-1.170,9.00
116.10973,15.578,-1.170,9.00
116.11993,13.475,-0.946,9.00
116.13010,13.475,-0.946,9.00
116.14188,11.404,-0.750,9.50
116.15220,11.404,-0.750,9.50
116.16236,9.060,-0.571,9.50
116.17377,9.060,-0.571,9.50
116.18410,6.854,-0.404,9.50
116.19427,4.654,-0.230,9.50
116.22287,2.579,-0.073,10.00
116.23369,1.022,0.026,10.00
116.25374,1.022,0.026,11.00
116.26391,0.245,0.075,11.00
116.28590,0.356,0.096,12.50
116.29608,0.688,0.034,12.50
116.31860,1.071,-0.092,14.50
116.32968,1.071,-0.092,14.50
116.35338,1.353,-0.621,17.50
116.36353,1.353,-0.621,17.50
116.38196,1.062,-0.970,21.00
116.39214,1.062,-0.970,21.00
116.40230,0.645,-1.477,21.00
116.41486,0.645,-1.477,24.00
116.42504,0.370,-1.962,24.00
116.43574,0.226,-2.583,24.00
116.44677,0.226,-2.583,26.50
116.45694,0.143,-3.243,26.50
116.46724,0.143,-3.243,26.50
116.49417,0.143,-4.706,27.50
116.50437,0.141,-4.706,27.50
116.52666,0.160,-5.436,28.50
116.53682,0.156,-6.160,28.50
116.55802,0.156,-6.160,29.00
116.56820,0.109,-6.849,29.00
116.59137,0.109,-6.849,29.00
116.60154,0.011,-7.680,29.00
116.62175,0.011,-7.680,29.50
116.63194,-0.001,-7.772,29.50
116.64209,-0.002,-7.629,29.50
116.65396,-0.002,-7.629,29.50
116.66415,0.009,-7.143,29.50
116.67434,0.009,-7.143,29.50
116.68663,0.017,-6.288,29.50
116.69678,0.030,-5.073,29.50
116.70794,0.030,-5.073,29.50
116.71833,0.030,-3.336,29.50
116.72921,0.048,-3.336,29.50
116.73952,0.066,-1.526,29.50
116.76828,0.109,2.478,29.50
116.77870,0.109,2.478,29.50
116.79862,0.142,2.478,29.50
116.80882,0.142,4.542,29.50
116.83248,0.142,4.542,29.50
116.84266,0.213,8.588,29.50
116.86182,0.248,8.588,29.50
116.87201,0.248,10.465,29.50
116.88217,0.277,12.426,29.50
116.89426,0.308,12.426,29.50
116.90453,0.308,14.002,29.50
116.91486,0.335,14.002,29.50
116.92647,0.335,15.465,29.50
116.93678,0.354,16.843,29.50
116.94727,0.354,16.843,29.50
116.95848,0.356,18.105,29.50
116.96862,0.356,18.105,29.50
116.97879,0.356,19.261,29.50
117.00617,0.356,19.261,29.50
117.01645,0.336,21.243,29.50
117.03837,0.320,22.177,29.50
117.04886,0.320,22.177,29.50
117.07169,0.320,22.903,29.50
117.08220,0.267,23.510,29.50
117.10346,0.267,23.965,29.50
117.11381,0.223,24.339,29.50
117.13391,0.223,24.339,29.50
117.14411,0.206,24.568,29.50
117.15428,0.192,24.677,29.50
117.16595,0.192,24.677,29.50
117.17614,0.185,24.677,29.50
117.18628,0.185,24.796,29.50
117.19885,0.181,24.796,29.50
117.20921,0.181,24.798,29.50
117.21991,0.176,24.770,29.50
117.24637,0.176,24.648,29.50
117.25732,0.174,24.452,29.50
117.27872,0.174,24.452,29.50
117.28904,0.173,24.281,29.50
117.29937,0.163,24.059,0.00
117.31078,0.163,24.059,0.00
117.32097,0.152,23.880,0.00
117.33120,0.152,23.880,0.00
117.34138,0.141,23.647,0.00
117.35245,0.141,23.647,0.00
117.36286,0.139,23.394,0.00
117.37301,0.139,23.394,0.00
117.38331,0.144,23.183,0.00
117.39361,0.153,22.922,0.00
117.40393,0.153,22.922,0.00
117.41424,0.163,22.646,0.00
117.42457,0.163,22.646,0.00
117.43509,0.162,22.646,0.00
117.44526,0.162,22.327,0.00
117.45541,0.156,21.917,0.00
117.46560,0.156,21.917,0.00
117.47576,0.170,21.917,0.00
117.48599,0.170,21.482,0.00
117.49624,0.170,21.482,0.00
117.50649,0.207,21.056,0.00
117.51666,0.243,20.463,0.00
117.52687,0.243,20.463,0.00
117.53704,0.245,19.728,0.00
117.54725,0.245,19.728,0.00
117.55741,0.248,18.724,0.00
117.56757,0.248,18.724,0.00
117.57785,0.278,17.591,0.00
117.58803,0.278,17.591,0.00
117.59818,0.304,17.591,0.00
117.60838,0.304,16.362,0.00
117.61858,0.324,14.972,0.00
117.62875,0.324,14.972,0.00
117.63901,0.366,13.466,0.00
117.64917,0.366,13.466,0.00
117.65966,0.401,11.934,0.00
117.66986,0.401,11.934,0.00
117.68002,0.395,10.207,0.00
117.69018,0.395,10.207,0.00
117.70066,0.384,8.161,0.00
117.71097,0.397,8.161,0.00
117.72104,0.397,6.344,0.00
117.73127,0.397,6.344,0.00
117.74208,0.396,4.588,0.00
117.75225,0.385,4.588,0.00
117.76241,0.385,3.100,0.00
117.77254,0.362,3.100,0.00
117.78282,0.362,2.099,0.00
117.79303,0.346,1.573,0.00
117.80337,0.346,1.573,0.00
117.81372,0.346,1.573,0.00
117.82408,0.346,1.488,0.00
117.83441,0.346,1.488,0.00
117.84493,0.337,1.998,0.00
117.85521,0.340,3.244,0.00
117.86562,0.340,3.244,0.00
117.87609,0.371,4.707,0.00
117.88641,0.371,4.707,0.00
117.89657,0.371,4.707,0.00
117.90704,0.366,5.755,0.00
117.91723,0.328,5.048,0.00
117.92739,0.328,5.048,0.00
117.93755,0.328,5.048,0.00
117.94777,0.287,3.762,0.00
117.95794,0.257,2.831,0.00
117.96826,0.257,2.831,0.00
117.97841,0.228,2.501,0.00
117.98867,0.228,2.501,0.00
117.99883,0.189,2.407,0.00
118.00899,0.189,2.284,0.00
118.01914,0.152,2.284,0.00
118.03001,0.152,2.284,0.00
118.04016,0.126,2.340,0.00
118.05037,0.126,2.398,0.00
118.06079,0.128,2.398,0.00
118.07127,0.160,2.663,0.00
118.08162,0.160,2.663,0.00
118.09236,0.201,3.028,0.00
118.10269,0.201,3.028,0.00
118.11311,0.229,3.345,0.00
118.12346,0.229,3.345,0.00
118.13378,0.229,3.466,0.00
118.14410,0.248,3.466,0.00
118.15543,0.263,3.420,0.00
118.16573,0.263,3.420,0.00
118.17606,0.271,3.319,0.00
118.18666,0.271,3.319,0.00
118.19699,0.273,3.218,0.00
118.20728,0.273,3.218,0.00
118.21745,0.280,3.117,0.00
118.22766,0.280,3.117,0.00
118.23792,0.300,3.027,0.00
118.24821,0.300,3.027,0.00
118.25837,0.322,2.952,0.00
118.26861,0.330,2.952,0.00
118.27907,0.330,2.898,0.00
118.28921,0.330,2.898,0.00
118.29940,0.324,2.878,0.00
118.30956,0.324,2.878,0.00
118.31972,0.310,2.904,0.00
118.33070,0.310,2.904,0.00
118.34086,0.302,3.004,0.00
118.35276,0.302,3.004,0.00
118.36300,0.305,3.183,0.00
118.37516,0.305,3.183,0.00
118.38545,0.317,3.409,0.00
118.39609,0.327,3.616,0.00
118.40625,0.327,3.616,0.00
118.41641,0.325,3.770,0.00
118.42727,0.325,3.770,0.00
118.43788,0.312,3.840,0.00
118.44814,0.312,3.840,0.00
118.45873,0.291,3.761,0.00
118.46889,0.291,3.761,0.00
118.47906,0.264,3.688,0.00
118.48928,0.264,3.688,0.00
118.49944,0.237,3.638,0.00
118.50971,0.237,3.573,0.00
118.51985,0.217,3.573,0.00
118.53000,0.210,3.541,0.00
118.54015,0.210,3.541,0.00
118.55031,0.210,3.541,0.00
118.56049,0.224,3.541,0.00
118.57065,0.253,3.573,0.00
118.58097,0.253,3.637,0.00
118.59135,0.282,3.637,0.00
118.60181,0.282,3.710,0.00
118.61199,0.282,3.710,0.00
118.62214,0.304,3.784,0.00
118.63230,0.319,3.840,0.00
118.64245,0.319,3.840,0.00
118.65261,0.312,3.875,0.00
118.66277,0.312,3.875,0.00
118.67293,0.298,3.907,0.00
118.68309,0.298,3.907,0.00
118.69325,0.293,3.960,0.00
118.70340,0.293,3.960,0.00
118.71356,0.294,4.027,0.00
118.72371,0.294,4.027,0.00
118.73385,0.295,4.109,0.00
118.74400,0.295,4.109,0.00
118.75415,0.295,4.198,0.00
118.76440,0.295,4.198,0.00
118.77457,0.296,4.282,0.00
118.78473,0.296,4.282,0.00
118.79499,0.291,4.359,0.00
118.81043,0.291,4.359,0.00
118.82161,0.284,4.435,0.00
118.83213,0.277,4.435,0.00
118.84226,0.277,4.494,0.00
118.85437,0.277,4.494,0.00
118.86843,0.278,4.533,0.00
118.87885,0.285,4.533,0.00
118.88957,0.295,4.565,0.00
118.89976,0.295,4.565,0.00
118.91016,0.295,4.565,0.00
118.92701,0.308,4.565,0.00
118.93729,0.319,4.565,0.00
118.94812,0.319,4.562,0.00
118.95975,0.319,4.562,0.00
118.97064,0.341,4.557,0.00
118.98123,0.341,4.554,0.00
118.99231,0.341,4.554,0.00
119.00972,0.368,4.573,0.00
119.02530,0.368,4.573,0.00
119.04242,0.368,4.573,0.00
119.06602,0.388,4.614,0.00
119.07694,0.388,4.614,0.00
119.09498,0.394,4.642,0.00
119.11063,0.394,4.642,0.00
119.13460,0.392,4.656,0.00
119.15008,0.387,4.666,0.00
119.16874,0.378,4.669,0.00
119.18595,0.366,4.664,0.00
119.20324,0.353,4.658,0.00
119.22928,0.337,4.654,0.00
119.27895,0.316,4.659,0.00
119.30107,0.300,4.698,0.00
119.31865,0.300,4.698,0.00
119.33948,0.294,4.727,0.00
119.35831,0.279,4.781,0.00
119.37636,0.279,4.781,0.00
119.39667,0.268,4.836,0.00
119.40777,0.268,4.836,0.00
119.42361,0.264,4.858,0.00
119.43651,0.264,4.858,0.00
119.45081,0.258,4.874,0.00
119.46181,0.255,4.883,0.00
119.48192,0.255,4.883,0.00
119.49739,0.254,4.884,0.00
119.51042,0.255,4.880,0.00
119.52160,0.259,4.873,0.00
119.53295,0.259,4.873,0.00
119.54442,0.264,4.861,0.00
119.56016,0.265,4.846,0.00
119.57360,0.265,4.846,0.00
119.59848,0.268,4.816,0.00
119.60989,0.268,4.816,0.00
119.62142,0.272,4.798,0.00
119.65218,0.275,4.778,0.00
119.66340,0.278,4.757,0.00
119.67477,0.279,4.733,0.00
119.69646,0.279,4.704,0.00
119.78003,0.283,4.565,0.00
119.79061,0.283,4.565,0.00
119.86201,0.281,4.523,0.00
119.87220,0.280,4.414,0.00
119.93240,0.275,4.320,0.00
119.94269,0.275,4.320,0.00
119.95295,-0.016,-0.344,0.00
119.96326,-0.022,-0.360,0.00
119.97342,-0.029,-0.372,0.00
119.98363,-0.029,-0.372,0.00
119.99379,-0.036,-0.382,0.00
120.00395,-0.036,-0.382,0.00
120.01411,-0.041,-0.388,0.00
120.02427,-0.041,-0.388,0.00
120.03443,-0.043,-0.388,0.00
120.04458,-0.043,-0.388,0.00
120.05485,-0.043,-0.388,0.00
120.06502,-0.044,-0.384,0.00
120.07549,-0.047,-0.377,0.00
120.08569,-0.047,-0.377,0.00
120.09576,-0.048,-0.369,0.00
120.10599,-0.048,-0.369,0.00
120.11606,-0.046,-0.359,0.00
120.12702,-0.046,-0.359,0.00
120.13704,-0.044,-0.355,0.00
120.14745,-0.044,-0.355,0.00
120.15760,-0.045,-0.349,0.00
120.16838,-0.045,-0.349,0.00
120.17838,-0.046,-0.344,0.00
120.18947,-0.045,-0.342,0.00
120.19972,-0.045,-0.342,0.00
120.20987,-0.045,-0.342,0.00
120.22003,-0.041,-0.341,0.00
120.23018,-0.038,-0.343,0.00
120.24050,-0.038,-0.343,0.00
120.25066,-0.038,-0.343,0.00
120.26082,-0.034,-0.350,0.00
120.27098,-0.034,-0.350,0.00
120.28112,-0.030,-0.359,0.00
120.29127,-0.030,-0.359,0.00
120.30141,-0.030,-0.359,0.00
120.31157,-0.024,-0.388,0.00
120.32169,-0.024,-0.388,0.00
120.33190,-0.024,-0.388,0.00
120.34215,-0.020,-0.405,0.00
120.35265,-0.017,-0.420,0.00
120.36283,-0.017,-0.420,0.00
120.37402,-0.015,-0.434,0.00
120.38431,-0.015,-0.434,0.00
120.39469,-0.013,-0.447,0.00
120.40532,-0.013,-0.447,0.00
120.41548,-0.012,-0.456,0.00
120.42638,-0.012,-0.456,0.00
120.43672,-0.011,-0.465,0.00
120.44736,-0.011,-0.465,0.00
120.45747,-0.010,-0.475,0.00
120.46820,-0.010,-0.475,0.00
120.47909,-0.009,-0.484,0.00
120.48934,-0.011,-0.484,0.00
120.49962,-0.011,-0.492,0.00
120.50995,-0.011,-0.492,0.00
120.52027,-0.011,-0.492,0.00
120.53064,-0.011,-0.492,0.00
120.54174,-0.020,-0.503,0.00
120.55189,-0.020,-0.514,0.00
120.56204,-0.020,-0.521,0.00
120.57261,-0.020,-0.524,0.00
120.58277,-0.027,-0.524,0.00
120.59307,-0.027,-0.524,0.00
120.60324,-0.037,-0.525,0.00
120.61340,-0.047,-0.521,0.00
120.62355,-0.047,-0.521,0.00
120.63382,-0.047,-0.521,0.00
120.64399,-0.055,-0.519,0.00
120.65433,-0.055,-0.519,0.00
120.66453,-0.060,-0.516,0.00
120.67469,-0.060,-0.516,0.00
120.68486,-0.064,-0.509,0.00
120.69502,-0.064,-0.499,0.00
120.70521,-0.067,-0.499,0.00
120.71538,-0.071,-0.483,0.00
120.72554,-0.071,-0.483,0.00
120.73577,-0.071,-0.483,0.00
120.74593,-0.078,-0.463,0.00
120.75611,-0.084,-0.440,0.00
120.76740,-0.084,-0.440,0.00
120.77820,-0.089,-0.421,0.00
120.78852,-0.089,-0.421,0.00
120.79876,-0.092,-0.402,0.00
120.80908,-0.092,-0.402,0.00
120.81923,-0.095,-0.380,0.00
120.82952,-0.095,-0.380,0.00
120.83969,-0.097,-0.357,0.00
120.85007,-0.102,-0.357,0.00
120.86023,-0.102,-0.336,0.00
120.87042,-0.102,-0.336,0.00
120.88058,-0.106,-0.310,0.00
120.89075,-0.106,-0.310,0.00
120.90096,-0.111,-0.284,0.00
120.91107,-0.111,-0.284,0.00
120.92125,-0.115,-0.257,0.00
120.93169,-0.115,-0.232,0.00
120.94185,-0.116,-0.232,0.00
120.95201,-0.115,-0.215,0.00
120.96216,-0.115,-0.215,0.00
120.97232,-0.115,-0.215,0.00
120.98247,-0.110,-0.198,0.00
120.99270,-0.105,-0.198,0.00
121.00285,-0.105,-0.183,0.00
121.01301,-0.099,-0.183,0.00
121.02319,-0.099,-0.170,0.00
121.03335,-0.097,-0.160,0.00
121.04351,-0.097,-0.160,0.00
121.05387,-0.095,-0.151,0.00
121.06473,-0.095,-0.151,0.00
121.07499,-0.095,-0.151,0.00
121.08524,-0.093,-0.142,0.00
121.09540,-0.089,-0.133,0.00
121.10556,-0.089,-0.133,0.00
121.11571,-0.089,-0.133,0.00
121.12596,-0.086,-0.126,0.00
121.13610,-0.080,-0.120,0.00
121.14635,-0.080,-0.120,0.00
121.15666,-0.070,-0.118,0.00
121.16700,-0.070,-0.118,0.00
121.17729,-0.061,-0.115,0.00
121.18761,-0.061,-0.115,0.00
121.19776,-0.053,-0.122,0.00
121.20791,-0.053,-0.122,0.00
121.21806,-0.040,-0.128,0.00
121.22844,-0.040,-0.128,0.00
121.23940,-0.024,-0.134,0.00
121.25036,-0.024,-0.148,0.00
121.26053,-0.008,-0.148,0.00
121.27068,-0.008,-0.157,0.00
121.28084,0.005,-0.157,0.00
121.29111,0.005,-0.168,0.00
121.30142,0.056,-0.168,0.00
121.31176,-0.188,-0.184,0.00
121.32191,-0.188,-0.184,0.00
121.33207,-0.188,-0.184,0.00
121.34223,-0.226,-0.193,0.00
121.35261,-0.118,-0.191,0.00
121.36276,-0.118,-0.191,0.00
121.37298,0.281,-0.178,0.00
121.38341,0.281,-0.178,0.00
121.39383,1.161,-0.151,0.00
121.40393,1.161,-0.151,0.00
121.41499,2.488,-0.100,0.00
121.42519,2.488,-0.100,0.00
121.43537,3.857,-0.062,0.00
121.44554,3.857,-0.062,0.00
121.45606,5.877,-0.063,0.00
121.46643,5.877,-0.063,0.00
121.47708,8.227,-0.110,0.00
121.48723,8.227,-0.110,0.00
121.50164,10.754,-0.166,0.00
121.51201,10.754,-0.166,0.00
121.52217,13.209,-0.216,0.00
121.55078,15.499,-0.279,9.00
121.56113,17.513,-0.366,9.00
121.58258,19.207,-0.481,9.00
121.59352,20.564,-0.596,9.00
121.61448,21.590,-0.865,9.00
121.62533,21.590,-0.865,9.00
121.64617,22.254,-1.272,9.00
121.65630,22.628,-1.610,9.00
121.66651,22.628,-1.610,9.00
121.68060,22.628,-1.829,9.00
121.69114,22.802,-1.829,9.00
121.71009,22.931,-2.002,9.00
121.72050,22.931,-2.111,9.00
121.73098,22.981,-2.119,9.00
121.74251,22.707,-2.119,9.00
121.75298,22.707,-2.119,9.00
121.76345,21.962,-2.051,9.00
121.77451,20.722,-1.772,9.00
121.78506,20.722,-1.772,9.00
121.79521,19.046,-1.603,9.00
121.80614,19.046,-1.603,9.00
121.81722,17.064,-1.457,9.00
121.82753,17.064,-1.457,9.00
121.85376,17.064,-1.457,9.50
121.86393,13.290,-1.206,9.50
121.88634,13.290,-1.064,9.50
121.89662,9.705,-1.064,9.50
121.91839,9.705,-0.984,10.00
121.92895,7.555,-0.984,10.00
121.95048,3.451,-1.059,11.00
121.96084,3.451,-1.059,11.00
121.97123,1.903,-1.059,11.00
121.98260,1.903,-1.178,12.50
121.99308,0.898,-1.178,12.50
122.00338,0.898,-1.344,12.50
122.01424,0.466,-1.344,14.50
122.02441,0.466,-1.633,14.50
122.03470,0.417,-2.029,14.50
122.04626,0.417,-2.029,18.00
122.05653,0.550,-2.402,18.00
122.06704,0.550,-2.402,18.00
122.07853,0.723,-2.919,21.00
122.08879,0.723,-2.919,21.00
122.09914,0.705,-3.511,21.00
122.12859,0.705,-3.511,24.00
122.13877,0.091,-5.034,24.00
122.15771,0.091,-5.034,26.50
122.16796,-0.077,-5.946,26.50
122.19201,-0.159,-6.888,27.50
122.20229,-0.159,-7.846,27.50
122.22199,-0.174,-7.846,28.50
122.23360,-0.187,-9.413,28.50
122.25539,-0.201,-9.977,29.00
122.26580,-0.201,-9.977,29.00
122.27606,-0.230,-10.366,29.00
122.28836,-0.230,-10.366,29.00
122.29852,-0.260,-10.453,29.00
122.30975,-0.260,-10.273,29.00
122.31994,-0.282,-10.273,29.50
122.33046,-0.299,-9.707,29.50
122.34064,-0.299,-9.707,29.50
122.35144,-0.299,-9.707,29.50
122.36159,-0.316,-8.723,29.50
122.37187,-0.332,-8.723,29.50
122.38203,-0.332,-7.559,29.50
122.39251,-0.332,-6.143,29.50
122.40284,-0.338,-6.143,29.50
122.41377,-0.338,-6.143,29.50
122.42394,-0.338,-4.489,29.50
122.43410,-0.338,-4.489,29.50
122.44429,-0.340,-2.685,29.50
122.46187,-0.340,-2.685,29.50
122.47206,-0.346,1.086,29.50
122.49444,-0.348,2.966,29.50
122.50513,-0.348,2.966,29.50
122.52567,-0.349,4.819,29.50
122.53634,-0.349,4.819,29.50
122.55794,-0.350,8.445,29.50
122.56831,-0.350,8.445,29.50
122.57862,-0.351,9.966,29.50
122.59013,-0.351,11.373,29.50
122.60029,-0.352,11.373,29.50
122.61045,-0.352,11.373,29.50
122.62185,-0.352,11.373,29.50
122.63287,-0.345,13.942,29.50
122.64306,-0.345,13.942,29.50
122.65449,-0.345,15.100,29.50
122.66480,-0.333,15.100,29.50
122.67495,-0.317,15.100,29.50
122.68600,-0.317,16.124,29.50
122.69633,-0.303,17.182,29.50
122.70685,-0.303,17.182,29.50
122.71879,-0.292,18.046,29.50
122.72935,-0.292,18.046,29.50
122.73969,-0.280,18.775,29.50
122.76703,-0.280,19.961,29.50
122.77736,-0.261,20.380,29.50
122.79802,-0.261,20.674,29.50
122.80827,-0.257,20.674,29.50
122.83275,-0.255,20.838,29.50
122.84299,-0.254,20.981,29.50
122.86905,-0.254,20.981,29.50
122.87918,-0.261,21.052,29.50
122.89361,-0.261,21.052,29.50
122.90378,-0.267,21.025,29.50
122.91403,-0.267,21.025,29.50
122.92590,-0.275,21.025,29.50
122.93622,-0.281,20.781,29.50
122.94852,-0.281,20.624,29.50
122.95875,-0.284,20.624,29.50
122.96889,-0.284,20.624,29.50
122.97908,-0.287,20.438,29.50
122.98987,-0.289,20.438,0.00
123.00004,-0.289,20.248,0.00
123.01037,-0.294,20.248,0.00
123.02065,-0.294,20.059,0.00
123.03082,-0.294,20.059,0.00
123.04098,-0.299,19.920,0.00
123.05114,-0.299,19.920,0.00
123.06129,-0.303,19.707,0.00
123.07145,-0.303,19.707,0.00
123.08162,-0.310,19.459,0.00
123.09178,-0.311,19.175,0.00
123.10193,-0.311,19.175,0.00
123.11233,-0.313,18.860,0.00
123.12267,-0.313,18.860,0.00
123.13313,-0.313,18.860,0.00
123.14401,-0.313,18.860,0.00
123.15419,-0.313,18.123,0.00
123.16435,-0.313,18.123,0.00
123.17681,-0.300,18.123,0.00
123.18743,-0.300,17.702,0.00
123.19762,-0.282,17.186,0.00
123.20795,-0.282,17.186,0.00
123.21828,-0.271,16.534,0.00
123.22843,-0.271,16.534,0.00
123.23880,-0.282,15.813,0.00
123.24922,-0.282,15.813,0.00
123.25938,-0.292,15.013,0.00
123.26963,-0.292,15.013,0.00
123.28006,-0.285,13.989,0.00
123.29022,-0.271,13.989,0.00
123.30038,-0.271,12.834,0.00
123.31069,-0.271,12.834,0.00
123.32108,-0.254,11.393,0.00
123.33129,-0.254,11.393,0.00
123.34146,-0.238,9.946,0.00
123.35162,-0.238,8.272,0.00
123.36176,-0.216,8.272,0.00
123.37214,-0.216,6.492,0.00
123.38229,-0.197,6.492,0.00
123.39249,-0.196,4.732,0.00
123.40305,-0.196,4.732,0.00
123.41339,-0.195,2.961,0.00
123.42374,-0.195,2.961,0.00
123.43390,-0.179,1.209,0.00
123.44406,-0.179,1.209,0.00
123.45423,-0.165,-0.423,0.00
123.46437,-0.165,-0.423,0.00
123.47453,-0.159,-2.047,0.00
123.48469,-0.159,-2.047,0.00
123.49485,-0.159,-3.157,0.00
123.50500,-0.151,-3.157,0.00
123.51523,-0.146,-3.157,0.00
123.52550,-0.146,-3.893,0.00
123.53564,-0.146,-3.893,0.00
123.54578,-0.146,-3.893,0.00
123.55594,-0.170,-4.520,0.00
123.56611,-0.199,-4.998,0.00
123.57625,-0.205,-5.119,0.00
123.58640,-0.205,-5.119,0.00
123.59656,-0.209,-4.784,0.00
123.60672,-0.209,-4.784,0.00
123.61689,-0.223,-4.161,0.00
123.62725,-0.223,-4.161,0.00
123.63742,-0.234,-3.364,0.00
123.64758,-0.234,-3.364,0.00
123.65774,-0.235,-2.556,0.00
123.66790,-0.235,-2.556,0.00
123.67805,-0.235,-1.924,0.00
123.68826,-0.225,-1.924,0.00
123.69858,-0.226,-2.009,0.00
123.70903,-0.226,-2.009,0.00
123.72067,-0.253,-2.410,0.00
123.73107,-0.253,-2.410,0.00
123.74123,-0.286,-2.555,0.00
123.75140,-0.286,-2.555,0.00
123.76158,-0.318,-2.575,0.00
123.77174,-0.318,-2.575,0.00
123.78191,-0.340,-2.658,0.00
123.79206,-0.348,-2.714,0.00
123.80232,-0.348,-2.714,0.00
123.81331,-0.345,-2.714,0.00
123.82364,-0.345,-2.682,0.00
123.83397,-0.341,-2.568,0.00
123.84432,-0.341,-2.568,0.00
123.85467,-0.339,-2.378,0.00
123.86495,-0.339,-2.378,0.00
123.87534,-0.334,-2.150,0.00
123.88559,-0.334,-2.150,0.00
123.89576,-0.327,-1.966,0.00
123.90606,-0.327,-1.966,0.00
123.91650,-0.322,-1.874,0.00
123.92674,-0.322,-1.874,0.00
123.93691,-0.322,-1.803,0.00
123.94719,-0.322,-1.803,0.00
123.95736,-0.321,-1.706,0.00
123.96767,-0.321,-1.706,0.00
123.97784,-0.319,-1.609,0.00
123.98814,-0.319,-1.510,0.00
123.99841,-0.313,-1.510,0.00
124.00956,-0.313,-1.510,0.00
124.01998,-0.302,-1.411,0.00
124.03032,-0.302,-1.411,0.00
124.04063,-0.289,-1.303,0.00
124.05109,-0.289,-1.303,0.00
124.06144,-0.289,-1.303,0.00
124.07161,-0.281,-1.303,0.00
124.08180,-0.275,-1.014,0.00
124.09195,-0.270,-1.014,0.00
124.10211,-0.270,-0.868,0.00
124.11226,-0.265,-0.868,0.00
124.12241,-0.265,-0.766,0.00
124.13257,-0.257,-0.689,0.00
124.14311,-0.257,-0.689,0.00
124.15328,-0.257,-0.689,0.00
124.16343,-0.256,-0.653,0.00
124.17358,-0.256,-0.698,0.00
124.18374,-0.256,-0.698,0.00
124.19390,-0.253,-0.745,0.00
124.20410,-0.253,-0.745,0.00
124.21431,-0.248,-0.788,0.00
124.22447,-0.248,-0.788,0.00
124.23464,-0.245,-0.835,0.00
124.24480,-0.245,-0.835,0.00
124.25510,-0.245,-0.835,0.00
124.26543,-0.247,-0.858,0.00
124.27574,-0.252,-0.847,0.00
124.28620,-0.252,-0.847,0.00
124.29655,-0.253,-0.806,0.00
124.30710,-0.253,-0.806,0.00
124.31729,-0.247,-0.760,0.00
124.32749,-0.247,-0.760,0.00
124.33769,-0.233,-0.713,0.00
124.34799,-0.233,-0.713,0.00
124.35825,-0.216,-0.666,0.00
124.36841,-0.216,-0.666,0.00
124.37857,-0.203,-0.666,0.00
124.38878,-0.203,-0.631,0.00
124.39895,-0.196,-0.598,0.00
124.40913,-0.194,-0.568,0.00
124.41927,-0.194,-0.568,0.00
124.42959,-0.194,-0.568,0.00
124.43975,-0.191,-0.548,0.00
124.44991,-0.189,-0.537,0.00
124.46007,-0.189,-0.537,0.00
124.47034,-0.189,-0.537,0.00
124.48079,-0.191,-0.529,0.00
124.49898,-0.196,-0.542,0.00
124.52829,-0.215,-0.589,0.00
124.54880,-0.215,-0.589,0.00
124.58713,-0.233,-0.648,0.00
124.59895,-0.238,-0.648,0.00
124.60920,-0.238,-0.648,0.00
124.62009,-0.238,-0.694,0.00
124.63164,-0.238,-0.694,0.00
124.66981,-0.216,-0.721,0.00
124.68574,-0.216,-0.721,0.00
124.69628,-0.216,-0.743,0.00
124.71183,-0.214,-0.743,0.00
124.72752,-0.216,-0.770,0.00
124.73847,-0.216,-0.796,0.00
124.75926,-0.222,-0.828,0.00
124.76984,-0.227,-0.828,0.00
124.78226,-0.231,-0.828,0.00
124.79866,-0.231,-0.902,0.00
124.80893,-0.230,-0.902,0.00
124.82535,-0.228,-0.926,0.00
124.83766,-0.225,-0.926,0.00
124.85430,-0.223,-0.945,0.00
124.87040,-0.223,-0.964,0.00
124.88154,-0.222,-0.964,0.00
124.89261,-0.222,-0.964,0.00
124.90943,-0.223,-0.947,0.00
124.91974,-0.225,-0.947,0.00
124.93208,-0.225,-0.947,0.00
124.95775,-0.229,-0.911,0.00
124.96923,-0.229,-0.901,0.00
124.98046,-0.233,-0.901,0.00
124.99163,-0.233,-0.901,0.00
125.00787,-0.233,-0.888,0.00
125.01808,-0.233,-0.888,0.00
125.03392,-0.252,-0.867,0.00
125.04429,-0.260,-0.867,0.00
125.05502,-0.260,-0.858,0.00
125.06543,-0.265,-0.858,0.00
125.08000,-0.265,-0.858,0.00
125.09578,-0.270,-0.837,0.00
125.10850,-0.273,-0.837,0.00
125.12848,-0.273,-0.830,0.00
125.14781,-0.273,-0.817,0.00
125.15953,-0.285,-0.801,0.00
125.18357,-0.285,-0.801,0.00
125.20358,-0.291,-0.769,0.00
125.22309,-0.295,-0.759,0.00
125.23991,-0.298,-0.754,0.00
125.25628,-0.298,-0.751,0.00
125.27224,-0.300,-0.751,0.00
125.28908,-0.302,-0.748,0.00
125.30032,-0.304,-0.748,0.00
125.31606,-0.304,-0.748,0.00
125.33276,-0.306,-0.744,0.00
125.35413,-0.308,-0.740,0.00
125.37044,-0.310,-0.738,0.00
125.38743,-0.311,-0.736,0.00
125.39802,-0.310,-0.736,0.00
125.40856,-0.310,-0.731,0.00
125.41909,-0.309,-0.731,0.00
125.43527,-0.307,-0.732,0.00
125.45194,-0.307,-0.732,0.00
125.46331,-0.307,-0.733,0.00
125.47378,-0.307,-0.732,0.00
125.48403,-0.307,-0.732,0.00
125.49438,-0.308,-0.731,0.00
125.54546,-0.310,-0.731,0.00
125.55607,-0.310,-0.730,0.00
125.61327,-0.315,-0.731,0.00
125.62345,-0.315,-0.730,0.00
125.63433,-0.076,0.040,0.00
125.64526,-0.076,0.040,0.00
125.65544,-0.075,0.043,0.00
125.66560,-0.075,0.043,0.00
125.67605,-0.075,0.043,0.00
125.68641,-0.075,0.043,0.00
125.69740,-0.079,0.016,0.00
125.70836,-0.079,0.016,0.00
125.71873,-0.082,-0.004,0.00
125.72890,-0.082,-0.004,0.00
125.73906,-0.082,-0.016,0.00
125.74922,-0.082,-0.016,0.00
125.75938,-0.082,-0.019,0.00
125.77011,-0.082,-0.019,0.00
125.78038,-0.080,-0.019,0.00
125.79053,-0.078,-0.019,0.00
125.80069,-0.078,-0.019,0.00
125.81086,-0.078,-0.019,0.00
125.82101,-0.078,-0.019,0.00
125.83193,-0.077,-0.018,0.00
125.84210,-0.075,-0.018,0.00
125.85231,-0.075,-0.018,0.00
125.86263,-0.075,-0.023,0.00
125.87300,-0.075,-0.023,0.00
125.88306,-0.075,-0.029,0.00
125.89327,-0.075,-0.029,0.00
125.90356,-0.075,-0.037,0.00
125.91385,-0.075,-0.037,0.00
125.92447,-0.075,-0.046,0.00
125.93464,-0.074,-0.046,0.00
125.94479,-0.074,-0.053,0.00
125.95504,-0.074,-0.053,0.00
125.96533,-0.074,-0.060,0.00
125.97554,-0.073,-0.066,0.00
125.98618,-0.073,-0.066,0.00
125.99634,-0.072,-0.066,0.00
126.00753,-0.072,-0.072,0.00
126.01775,-0.072,-0.078,0.00
126.02791,-0.071,-0.078,0.00
126.03806,-0.071,-0.083,0.00
126.04830,-0.071,-0.083,0.00
126.05846,-0.069,-0.088,0.00
126.06862,-0.069,-0.088,0.00
126.07878,-0.069,-0.090,0.00
126.08897,-0.069,-0.090,0.00
126.09918,-0.070,-0.091,0.00
126.10939,-0.070,-0.091,0.00
126.11954,-0.070,-0.091,0.00
126.12970,-0.070,-0.091,0.00
126.13997,-0.070,-0.091,0.00
126.15019,-0.071,-0.093,0.00
126.16035,-0.071,-0.093,0.00
126.17052,-0.073,-0.094,0.00
126.18068,-0.073,-0.094,0.00
126.19084,-0.073,-0.098,0.00
126.20099,-0.074,-0.097,0.00
126.21114,-0.076,-0.097,0.00
126.22141,-0.076,-0.093,0.00
126.23186,-0.076,-0.093,0.00
126.24218,-0.074,-0.092,0.00
126.25286,-0.074,-0.088,0.00
126.26311,-0.073,-0.088,0.00
126.27327,-0.075,-0.084,0.00
126.28343,-0.075,-0.084,0.00
126.29358,-0.076,-0.084,0.00
126.30378,-0.076,-0.084,0.00
126.31394,-0.077,-0.082,0.00
126.32411,-0.077,-0.082,0.00
126.33427,-0.076,-0.076,0.00
126.34448,-0.076,-0.076,0.00
126.35463,-0.074,-0.068,0.00
126.36484,-0.074,-0.068,0.00
126.37513,-0.073,-0.057,0.00
126.38532,-0.073,-0.057,0.00
126.39547,-0.073,-0.046,0.00
126.40567,-0.073,-0.046,0.00
126.41594,-0.073,-0.040,0.00
126.42616,-0.073,-0.040,0.00
126.43634,-0.073,-0.040,0.00
126.44650,-0.073,-0.033,0.00
126.45666,-0.071,-0.033,0.00
126.46681,-0.071,-0.033,0.00
126.47706,-0.071,-0.033,0.00
126.48737,-0.065,-0.012,0.00
126.49779,-0.063,-0.001,0.00
126.50795,-0.063,-0.001,0.00
126.51830,-0.061,0.009,0.00
126.52851,-0.061,0.009,0.00
126.53867,-0.060,0.018,0.00
126.54892,-0.060,0.018,0.00
126.55924,-0.058,0.027,0.00
126.56940,-0.058,0.027,0.00
126.58037,-0.057,0.031,0.00
126.59122,-0.057,0.031,0.00
126.60138,-0.056,0.031,0.00
126.61157,-0.054,0.038,0.00
126.62174,-0.054,0.043,0.00
126.63189,-0.052,0.043,0.00
126.64215,-0.052,0.047,0.00
126.65243,-0.052,0.047,0.00
126.66259,-0.048,0.055,0.00
126.67274,-0.045,0.061,0.00
126.68307,-0.045,0.061,0.00
126.69322,-0.043,0.070,0.00
126.70358,-0.043,0.070,0.00
126.71374,-0.042,0.080,0.00
126.72390,-0.042,0.080,0.00
126.73406,-0.042,0.089,0.00
126.74421,-0.042,0.089,0.00
126.75436,-0.041,0.101,0.00
126.76453,-0.041,0.101,0.00
126.77468,-0.041,0.101,0.00
126.78483,-0.046,0.111,0.00
126.79525,-0.059,0.125,0.00
126.80541,-0.059,0.125,0.00
126.81557,-0.075,0.145,0.00
126.82591,-0.075,0.145,0.00
126.83622,-0.097,0.145,0.00
126.84681,-0.097,0.168,0.00
126.85713,0.013,0.200,0.00
126.86850,0.013,0.200,0.00
126.87878,0.265,0.247,0.00
126.88973,0.265,0.247,0.00
126.89988,0.812,0.282,0.00
126.91003,0.812,0.282,0.00
126.92034,0.812,0.302,0.00
126.93068,3.027,0.302,0.00
126.94084,3.027,0.291,0.00
126.95292,3.027,0.291,0.00
126.96341,4.390,0.256,0.00
126.97356,6.081,0.256,0.00
126.98386,6.081,0.211,0.00
126.99439,6.081,0.167,0.00
127.00517,7.952,0.167,0.00
127.01536,7.952,0.122,0.00
127.02563,9.969,0.122,0.00
127.05396,12.055,0.062,0.00
127.06431,13.847,-0.010,0.00
127.08731,15.745,-0.098,9.00
127.09757,17.467,-0.193,9.00
127.11774,17.467,-0.193,9.00
127.12791,18.998,-0.423,9.00
127.15024,20.270,-0.771,9.00
127.16056,21.306,-1.052,9.00
127.17102,22.142,-1.232,9.00
127.18200,22.142,-1.232,9.00
127.19218,22.735,-1.232,9.00
127.20237,22.735,-1.382,9.00
127.21403,22.972,-1.382,9.00
127.22431,22.972,-1.448,9.00
127.23447,23.039,-1.440,9.00
127.24596,23.039,-1.440,9.00
127.25629,23.061,-1.401,9.00
127.26671,23.061,-1.401,9.00
127.27761,23.061,-1.401,9.00
127.28780,22.818,-1.341,9.00
127.29797,22.818,-1.341,9.00
127.32566,22.206,-1.263,9.00
127.33582,20.133,-1.081,9.00
127.35774,20.133,-1.081,9.00
127.36803,18.627,-1.010,9.00
127.38984,16.902,-0.903,9.50
127.40024,15.058,-0.903,9.50
127.42171,15.058,-0.903,9.50
127.43188,13.190,-0.961,9.50
127.44203,11.472,-0.961,9.50
127.45384,11.472,-0.961,10.00
127.46402,9.634,-1.017,10.00
127.47517,9.634,-1.017,10.00
127.48609,7.782,-1.069,11.00
127.49626,5.931,-1.155,11.00
127.50671,5.931,-1.155,11.00
127.51900,4.272,-1.278,12.50
127.53026,4.272,-1.278,12.50
127.54041,2.771,-1.509,12.50
127.55066,2.771,-1.509,14.50
127.56110,1.620,-1.795,14.50
127.57125,0.866,-1.795,14.50
127.58171,0.866,-2.158,18.00
127.59191,0.866,-2.158,18.00
127.60207,0.862,-2.704,18.00
127.62998,0.989,-2.704,21.00
127.64040,1.290,-4.251,21.00
127.66206,1.212,-4.251,24.00
127.67246,0.824,-5.170,24.00
127.69407,0.824,-6.112,26.50
127.70515,0.541,-7.191,26.50
127.72587,0.513,-8.090,27.50
127.73720,0.544,-8.969,27.50
127.75844,0.598,-9.716,28.50
127.76862,0.598,-9.716,28.50
127.77939,0.665,-10.326,28.50
127.78970,0.665,-10.326,29.00
127.79989,0.729,-10.815,29.00
127.81005,0.729,-10.815,29.00
127.82183,0.769,-10.976,29.00
127.83217,0.780,-10.976,29.00
127.84266,0.780,-10.844,29.00
127.85515,0.780,-10.844,29.50
127.86532,0.752,-10.203,29.50
127.87553,0.752,-9.270,29.50
127.90223,0.602,-8.012,29.50
127.91242,0.602,-8.012,29.50
127.93438,0.470,-4.806,29.50
127.94471,0.470,-4.806,29.50
127.96552,0.470,-4.806,29.50
127.97584,0.429,-2.990,29.50
127.99856,0.412,-1.063,29.50
128.00872,0.412,0.890,29.50
128.01887,0.449,3.053,29.50
128.03038,0.449,3.053,29.50
128.04064,0.449,3.053,29.50
128.05087,0.514,4.928,29.50
128.06287,0.514,6.674,29.50
128.07313,0.530,8.347,29.50
128.08332,0.530,8.347,29.50
128.09608,0.530,9.873,29.50
128.10643,0.530,9.873,29.50
128.11678,0.521,11.264,29.50
128.12937,0.521,11.264,29.50
128.13957,0.515,12.567,29.50
128.14973,0.515,12.567,29.50
128.16044,0.509,13.763,29.50
128.17076,0.502,13.763,29.50
128.18075,0.502,15.032,29.50
128.20582,0.502,15.032,29.50
128.21621,0.485,17.033,29.50
128.23795,0.485,17.033,29.50
128.24825,0.474,17.856,29.50
128.27061,0.446,18.528,29.50
128.28078,0.412,19.162,29.50
128.30168,0.412,19.162,29.50
128.31219,0.381,19.664,29.50
128.32235,0.353,20.105,29.50
128.33393,0.353,20.105,29.50
128.34417,0.330,20.416,29.50
128.35449,0.330,20.583,29.50
128.36638,0.305,20.583,29.50
128.37682,0.286,20.583,29.50
128.38757,0.286,20.711,29.50
128.39830,0.271,20.753,29.50
128.40943,0.271,20.753,29.50
128.41957,0.253,20.717,29.50
128.43020,0.253,20.717,29.50
128.44040,0.241,20.660,29.50
128.45056,0.241,20.660,29.50
128.47863,0.234,20.441,29.50
128.48890,0.242,20.261,29.50
128.50976,0.242,20.261,29.50
128.51993,0.254,20.064,29.50
128.53039,0.254,20.064,29.50
128.54062,0.269,19.870,0.00
128.55078,0.269,19.870,0.00
128.56096,0.284,19.631,0.00
128.57113,0.284,19.631,0.00
128.58146,0.298,19.449,0.00
128.59193,0.298,19.449,0.00
128.60210,0.317,19.214,0.00
128.61226,0.337,18.970,0.00
128.62240,0.337,18.970,0.00
128.63256,0.364,18.654,0.00
128.64271,0.364,18.654,0.00
128.65286,0.373,18.195,0.00
128.66302,0.373,18.195,0.00
128.67331,0.370,17.782,0.00
128.68383,0.370,17.782,0.00
128.69419,0.364,17.319,0.00
128.70443,0.364,17.319,0.00
128.71473,0.356,16.756,0.00
128.72500,0.356,16.756,0.00
128.73523,0.342,16.025,0.00
128.74546,0.342,16.025,0.00
128.75576,0.342,16.025,0.00
128.76632,0.321,15.152,0.00
128.77793,0.306,14.137,0.00
128.78818,0.306,14.137,0.00
128.79834,0.290,14.137,0.00
128.80885,0.273,12.972,0.00
128.81902,0.273,11.544,0.00
128.82937,0.260,11.544,0.00
128.83973,0.260,10.108,0.00
128.84994,0.245,10.108,0.00
128.86029,0.245,8.478,0.00
128.87061,0.245,8.478,0.00
128.88083,0.213,6.719,0.00
128.89120,0.213,6.719,0.00
128.90158,0.187,4.894,0.00
128.91174,0.187,4.894,0.00
128.92189,0.169,3.046,0.00
128.93206,0.160,1.322,0.00
128.94222,0.160,1.322,0.00
128.95247,0.160,1.322,0.00
128.96283,0.154,-0.256,0.00
128.97300,0.150,-1.574,0.00
128.98315,0.150,-1.574,0.00
128.99332,0.156,-1.574,0.00
129.00347,0.156,-2.767,0.00
129.01366,0.166,-2.767,0.00
129.02382,0.166,-3.519,0.00
129.03399,0.166,-3.519,0.00
129.04415,0.162,-3.961,0.00
129.05431,0.149,-4.170,0.00
129.06458,0.149,-4.170,0.00
129.07521,0.143,-4.105,0.00
129.08537,0.143,-4.105,0.00
129.09553,0.148,-3.746,0.00
129.10581,0.148,-3.746,0.00
129.11596,0.165,-3.002,0.00
129.12615,0.165,-3.002,0.00
129.13644,0.175,-2.066,0.00
129.14864,0.175,-2.066,0.00
129.15881,0.192,-1.074,0.00
129.16916,0.192,-1.074,0.00
129.17962,0.218,-0.851,0.00
129.18982,0.218,-0.851,0.00
129.20006,0.226,-1.054,0.00
129.21022,0.226,-1.250,0.00
129.22036,0.211,-1.250,0.00
129.23051,0.211,-1.168,0.00
129.24067,0.184,-1.168,0.00
129.25081,0.184,-1.184,0.00
129.26105,0.165,-1.184,0.00
129.27120,0.165,-1.218,0.00
129.28136,0.161,-1.218,0.00
129.29152,0.164,-1.215,0.00
129.30179,0.164,-1.215,0.00
129.31196,0.168,-1.215,0.00
129.32212,0.168,-1.117,0.00
129.33228,0.166,-0.960,0.00
129.34244,0.166,-0.960,0.00
129.35260,0.154,-0.960,0.00
129.36313,0.154,-0.754,0.00
129.37352,0.137,-0.754,0.00
129.38388,0.137,-0.595,0.00
129.39404,0.120,-0.578,0.00
129.40432,0.120,-0.578,0.00
129.41451,0.099,-0.656,0.00
129.42466,0.099,-0.656,0.00
129.43481,0.073,-0.730,0.00
129.44608,0.073,-0.730,0.00
129.45624,0.044,-0.775,0.00
129.46641,0.044,-0.775,0.00
129.47671,0.022,-0.795,0.00
129.48753,0.022,-0.795,0.00
129.49768,0.013,-0.797,0.00
129.50811,0.013,-0.797,0.00
129.51848,0.013,-0.797,0.00
129.52885,0.013,-0.797,0.00
129.53937,0.013,-0.797,0.00
129.54967,0.013,-0.797,0.00
129.56010,0.014,-0.775,0.00
129.57042,0.023,-0.617,0.00
129.58060,0.019,-0.451,0.00
129.59181,0.019,-0.236,0.00
129.60197,0.014,-0.236,0.00
129.61259,0.014,-0.236,0.00
129.62312,0.012,-0.039,0.00
129.63328,0.013,0.127,0.00
129.64344,0.013,0.127,0.00
129.65376,0.013,0.230,0.00
129.66413,0.015,0.230,0.00
129.67429,0.015,0.230,0.00
129.68458,0.015,0.230,0.00
129.69495,0.010,0.198,0.00
129.70512,0.010,0.198,0.00
129.71528,0.005,0.198,0.00
129.72562,0.005,0.183,0.00
129.73588,0.005,0.183,0.00
129.74606,0.005,0.183,0.00
129.75619,-0.003,0.183,0.00
129.76640,-0.012,0.170,0.00
129.77671,-0.012,0.176,0.00
129.78715,-0.023,0.176,0.00
129.79739,-0.030,0.304,0.00
129.80775,-0.030,0.304,0.00
129.81827,-0.030,0.304,0.00
129.82941,-0.030,0.400,0.00
129.83974,-0.023,0.493,0.00
129.84990,-0.015,0.493,0.00
129.86005,-0.015,0.575,0.00
129.87021,-0.009,0.575,0.00
129.88036,-0.009,0.646,0.00
129.89072,-0.005,0.646,0.00
129.90105,-0.005,0.704,0.00
129.91139,0.000,0.758,0.00
129.92154,0.000,0.758,0.00
129.93169,0.000,0.807,0.00
129.94184,0.003,0.807,0.00
129.95212,0.003,0.807,0.00
129.96229,0.004,0.852,0.00
129.97254,0.001,0.889,0.00
129.98286,0.001,0.889,0.00
129.99302,-0.005,0.929,0.00
130.00319,-0.005,0.929,0.00
130.01334,-0.017,0.968,0.00
130.02352,-0.017,0.968,0.00
130.04198,-0.030,0.991,0.00
130.05774,-0.030,1.011,0.00
130.06897,-0.030,1.011,0.00
130.08579,-0.049,1.032,0.00
130.09619,-0.053,1.032,0.00
130.10676,-0.053,1.051,0.00
130.11835,-0.054,1.063,0.00
130.13035,-0.053,1.071,0.00
130.14131,-0.053,1.071,0.00
130.15518,-0.050,1.074,0.00
130.16709,-0.050,1.074,0.00
130.18188,-0.050,1.074,0.00
130.20182,-0.048,1.077,0.00
130.21728,-0.047,1.079,0.00
130.22875,-0.047,1.077,0.00
130.24567,-0.047,1.077,0.00
130.26737,-0.056,1.063,0.00
130.27872,-0.059,1.063,0.00
130.29756,-0.059,1.051,0.00
130.31677,-0.060,1.036,0.00
130.32785,-0.058,1.018,0.00
130.34390,-0.059,0.991,0.00
130.35457,-0.059,0.991,0.00
130.37122,-0.059,0.960,0.00
130.38814,-0.059,0.929,0.00
130.41348,-0.060,0.897,0.00
130.43286,-0.061,0.862,0.00
130.46103,-0.061,0.822,0.00
130.47134,-0.060,0.787,0.00
130.48802,-0.058,0.765,0.00
130.50742,-0.056,0.749,0.00
130.54363,-0.052,0.730,0.00
130.55686,-0.050,0.719,0.00
130.56793,-0.052,0.714,0.00
130.58390,-0.056,0.712,0.00
130.60051,-0.059,0.711,0.00
130.61326,-0.059,0.711,0.00
130.64090,-0.062,0.717,0.00
130.67068,-0.064,0.743,0.00
130.68090,-0.064,0.759,0.00
130.69109,-0.064,0.759,0.00
130.70139,-0.064,0.779,0.00
130.72240,-0.064,0.800,0.00
130.73256,-0.066,0.800,0.00
130.76002,-0.073,0.825,0.00
130.77020,-0.073,0.853,0.00
130.79625,-0.081,0.885,0.00
130.81407,-0.085,0.916,0.00
130.83108,-0.091,0.981,0.00
130.84148,-0.091,0.981,0.00
130.85346,-0.091,0.981,0.00
130.86508,-0.096,1.012,0.00
130.87665,-0.096,1.012,0.00
130.88735,-0.100,1.042,0.00
130.90216,-0.101,1.072,0.00
130.91355,-0.101,1.072,0.00
130.92453,-0.102,1.100,0.00
130.93557,-0.102,1.100,0.00
130.94642,-0.104,1.124,0.00
130.95655,-0.104,1.124,0.00
130.96745,-0.104,1.143,0.00
130.98069,-0.104,1.143,0.00
130.99206,-0.108,1.161,0.00
131.00674,-0.108,1.176,0.00
131.01774,-0.108,1.190,0.00
131.02986,-0.109,1.204,0.00
131.09333,-0.110,1.204,0.00
131.10398,-0.115,1.229,0.00
131.16634,-0.115,1.229,0.00
131.17653,-0.117,1.230,0.00
131.19043,-0.058,0.249,0.00
131.20126,-0.059,0.251,0.00
131.21142,-0.059,0.255,0.00
131.22158,-0.061,0.255,0.00
131.23174,-0.061,0.257,0.00
131.24191,-0.061,0.257,0.00
131.25262,-0.061,0.257,0.00
131.26278,-0.062,0.261,0.00
131.27294,-0.062,0.261,0.00
131.28309,-0.062,0.264,0.00
131.29325,-0.062,0.265,0.00
131.30340,-0.062,0.265,0.00
131.31368,-0.062,0.266,0.00
131.32399,-0.062,0.266,0.00
131.33429,-0.062,0.267,0.00
131.34458,-0.062,0.267,0.00
131.35502,-0.061,0.268,0.00
131.36525,-0.061,0.268,0.00
131.37557,-0.060,0.262,0.00
131.38588,-0.060,0.262,0.00
131.39624,-0.061,0.256,0.00
131.40655,-0.061,0.256,0.00
131.41688,-0.061,0.251,0.00
131.42733,-0.061,0.251,0.00
131.43750,-0.061,0.246,0.00
131.44766,-0.061,0.246,0.00
131.45782,-0.061,0.246,0.00
131.46812,-0.061,0.240,0.00
131.47832,-0.062,0.235,0.00
131.48844,-0.062,0.235,0.00
131.49860,-0.062,0.226,0.00
131.50877,-0.062,0.226,0.00
131.51899,-0.062,0.214,0.00
131.52945,-0.062,0.203,0.00
131.53960,-0.062,0.203,0.00
131.54979,-0.062,0.203,0.00
131.55994,-0.062,0.193,0.00
131.57009,-0.063,0.181,0.00
131.58040,-0.063,0.181,0.00
131.59069,-0.064,0.166,0.00
131.60103,-0.064,0.166,0.00
131.61146,-0.064,0.148,0.00
131.62175,-0.064,0.148,0.00
131.63208,-0.063,0.127,0.00
131.64252,-0.063,0.127,0.00
131.65268,-0.064,0.111,0.00
131.66285,-0.064,0.111,0.00
131.67301,-0.064,0.100,0.00
131.68316,-0.064,0.100,0.00
131.69333,-0.064,0.100,0.00
131.70348,-0.064,0.087,0.00
131.71394,-0.063,0.077,0.00
131.72410,-0.063,0.077,0.00
131.73425,-0.063,0.072,0.00
131.74447,-0.063,0.072,0.00
131.75479,-0.065,0.068,0.00
131.76507,-0.065,0.068,0.00
131.77541,-0.067,0.063,0.00
131.78575,-0.067,0.063,0.00
131.79607,-0.069,0.061,0.00
131.80640,-0.069,0.061,0.00
131.81678,-0.070,0.062,0.00
131.82716,-0.070,0.062,0.00
131.83734,-0.071,0.066,0.00
131.84750,-0.071,0.066,0.00
131.85812,-0.071,0.073,0.00
131.86828,-0.071,0.073,0.00
131.87848,-0.072,0.078,0.00
131.88866,-0.074,0.078,0.00
131.89883,-0.074,0.082,0.00
131.90916,-0.074,0.082,0.00
131.92024,-0.075,0.079,0.00
131.93047,-0.075,0.079,0.00
131.94063,-0.075,0.075,0.00
131.95078,-0.075,0.071,0.00
131.96098,-0.075,0.071,0.00
131.97114,-0.075,0.071,0.00
131.98146,-0.075,0.065,0.00
131.99163,-0.075,0.065,0.00
132.00179,-0.076,0.061,0.00
132.01195,-0.076,0.061,0.00
132.02217,-0.076,0.057,0.00
132.03254,-0.076,0.051,0.00
132.04272,-0.076,0.051,0.00
132.05363,-0.076,0.051,0.00
132.06379,-0.075,0.044,0.00
132.07395,-0.075,0.044,0.00
132.08411,-0.075,0.038,0.00
132.09427,-0.075,0.038,0.00
132.10461,-0.074,0.031,0.00
132.11480,-0.073,0.024,0.00
132.12511,-0.073,0.024,0.00
132.13528,-0.073,0.017,0.00
132.14601,-0.073,0.017,0.00
132.15625,-0.072,0.011,0.00
132.16648,-0.072,0.011,0.00
132.17679,-0.072,0.005,0.00
132.18740,-0.072,0.005,0.00
132.19755,-0.071,-0.000,0.00
132.20771,-0.071,-0.000,0.00
132.21787,-0.070,-0.010,0.00
132.22803,-0.070,-0.010,0.00
132.23819,-0.071,-0.015,0.00
132.24835,-0.071,-0.015,0.00
132.25851,-0.070,-0.017,0.00
132.26868,-0.070,-0.017,0.00
132.27886,-0.069,-0.024,0.00
132.28902,-0.069,-0.024,0.00
132.29918,-0.067,-0.032,0.00
132.31062,-0.067,-0.032,0.00
132.32094,-0.065,-0.039,0.00
132.33112,-0.065,-0.039,0.00
132.34129,-0.065,-0.054,0.00
132.35145,-0.065,-0.054,0.00
132.36162,-0.064,-0.068,0.00
132.37178,-0.064,-0.078,0.00
132.38194,-0.064,-0.078,0.00
132.39209,-0.063,-0.078,0.00
132.40225,-0.063,-0.092,0.00
132.41246,-0.062,-0.100,0.00
132.42262,-0.062,-0.100,0.00
132.43290,-0.061,-0.105,0.00
132.44311,-0.061,-0.105,0.00
132.45326,-0.060,-0.111,0.00
132.46341,-0.060,-0.111,0.00
132.47363,-0.060,-0.111,0.00
132.48378,-0.060,-0.111,0.00
132.49394,-0.059,-0.117,0.00
132.50410,-0.059,-0.121,0.00
132.51428,-0.059,-0.121,0.00
132.52499,-0.059,-0.121,0.00
132.53515,-0.059,-0.121,0.00
132.54533,-0.059,-0.120,0.00
132.55566,-0.058,-0.120,0.00
132.56599,-0.058,-0.116,0.00
132.57626,-0.058,-0.116,0.00
132.58665,-0.058,-0.110,0.00
132.59681,-0.059,-0.103,0.00
132.60718,-0.059,-0.103,0.00
132.61733,-0.054,-0.097,0.00
132.62775,-0.054,-0.097,0.00
132.63791,-0.043,-0.093,0.00
132.64807,-0.043,-0.093,0.00
132.65923,-0.023,-0.090,0.00
132.66951,-0.023,-0.090,0.00
132.67966,0.005,-0.089,0.00
132.68982,0.005,-0.089,0.00
132.70002,0.005,-0.089,0.00
132.71018,0.005,-0.089,0.00
132.72166,0.031,-0.068,0.00
132.73182,0.073,-0.068,0.00
132.74198,0.186,-0.040,0.00
132.75227,0.186,-0.040,0.00
132.76243,0.508,-0.003,0.00
132.77259,1.081,0.038,0.00
132.78275,1.081,0.038,0.00
132.79327,1.896,0.081,0.00
132.80342,1.896,0.081,0.00
132.81359,1.896,0.081,0.00
132.82379,3.172,0.081,0.00
132.83398,4.639,0.132,0.00
132.84422,4.639,0.168,0.00
132.85452,4.639,0.168,0.00
132.86473,6.333,0.167,0.00
132.87500,8.325,0.167,0.00
132.88515,8.325,0.142,0.00
132.89532,8.325,0.142,0.00
132.90957,10.565,0.114,0.00
132.91983,12.935,0.078,0.00
132.92999,12.935,0.019,0.00
132.94219,15.250,0.019,9.00
132.95235,17.583,0.019,9.00
132.96280,17.583,-0.053,9.00
132.97461,17.583,-0.053,9.00
132.98478,19.844,-0.212,9.00
132.99504,21.989,-0.212,9.00
133.02191,23.934,-0.547,9.00
133.03231,25.691,-1.101,9.00
133.05357,25.691,-1.101,9.00
133.06376,27.287,-1.247,9.00
133.08578,28.684,-1.318,9.00
133.09603,29.568,-1.321,9.00
133.11823,29.692,-1.321,9.00
133.12845,29.645,-1.288,9.00
133.13878,29.645,-1.237,9.00
133.15039,29.645,-1.237,9.00
133.16073,29.479,-1.212,9.00
133.17098,29.479,-1.188,9.00
133.18755,28.981,-1.188,9.00
133.19823,28.140,-1.137,9.00
133.21775,26.972,-1.065,9.00
133.22794,26.972,-1.065,9.00
133.23820,25.480,-0.982,9.00
133.24857,25.480,-0.982,9.50
133.25871,23.728,-0.898,9.50
133.26914,23.728,-0.898,9.50
133.27961,21.912,-0.821,9.50
133.28987,21.912,-0.821,9.50
133.30028,20.007,-0.797,9.50
133.32580,17.959,-0.797,10.00
133.33599,17.959,-0.770,10.00
133.35791,15.814,-0.752,11.00
133.36895,11.171,-0.752,11.00
133.38995,11.171,-0.777,12.50
133.40096,9.173,-0.902,12.50
133.41121,9.173,-0.902,12.50
133.42205,7.436,-1.072,15.00
133.43221,7.436,-1.323,15.00
133.44238,5.735,-1.323,15.00
133.45390,4.211,-1.323,18.50
133.46408,4.211,-1.684,18.50
133.47441,3.020,-2.198,18.50
133.48736,3.020,-2.198,21.50
133.49755,2.348,-2.888,21.50
133.50777,2.348,-2.888,21.50
133.53350,1.975,-3.820,24.50
133.54392,1.954,-4.757,24.50
133.57129,1.954,-4.757,26.50
133.58145,1.896,-6.575,26.50
133.59810,1.743,-6.575,28.00
133.61065,1.743,-7.417,28.00
133.62972,1.584,-8.129,28.50
133.64009,1.340,-8.811,28.50
133.65044,1.340,-9.324,28.50
133.66211,1.109,-9.324,29.00
133.67228,0.989,-9.324,29.00
133.68244,0.989,-9.706,29.00
133.69422,0.935,-9.790,29.50
133.70438,0.935,-9.790,29.50
133.71459,0.935,-9.584,29.50
133.72581,0.905,-9.584,29.50
133.73627,0.896,-9.106,29.50
133.74665,0.896,-9.106,29.50
133.75862,0.884,-8.288,29.50
133.76900,0.855,-8.288,29.50
133.77918,0.855,-7.210,29.50
133.78969,0.855,-7.210,29.50
133.79985,0.800,-5.886,29.50
133.81011,0.800,-5.886,29.50
133.83823,0.621,-2.579,29.50
133.84851,0.542,-0.474,29.50
133.87055,0.542,-0.474,29.50
133.88068,0.483,1.444,29.50
133.90230,0.446,3.355,29.50
133.91260,0.446,3.355,29.50
133.93425,0.426,6.977,29.50
133.94453,0.426,6.977,29.50
133.95511,0.428,8.637,29.50
133.96667,0.428,8.637,29.50
133.97761,0.431,10.156,29.50
133.98777,0.431,10.156,29.50
133.99812,0.437,11.542,29.50
134.00850,0.455,13.008,29.50
134.01867,0.455,13.008,29.50
134.03286,0.488,14.237,29.50
134.04339,0.488,14.237,29.50
134.05422,0.523,15.334,29.50
134.06438,0.523,15.334,29.50
134.07460,0.523,15.334,29.50
134.08490,0.566,16.314,29.50
134.09535,0.606,17.159,29.50
134.10551,0.606,17.159,29.50
134.11590,0.624,17.881,29.50
134.14356,0.623,18.449,29.50
134.15373,0.623,18.449,29.50
134.17393,0.617,18.912,29.50
134.18412,0.615,19.349,29.50
134.20850,0.617,19.674,29.50
134.21868,0.618,19.891,29.50
134.23790,0.627,19.891,29.50
134.25081,0.627,20.023,29.50
134.27237,0.637,20.053,29.50
134.28264,0.632,20.072,29.50
134.29281,0.615,20.018,29.50
134.30308,0.615,20.018,29.50
134.31324,0.604,19.927,29.50
134.32340,0.604,19.927,29.50
134.33446,0.596,19.794,29.50
134.34476,0.596,19.794,29.50
134.35593,0.583,19.606,29.50
134.36733,0.583,19.606,29.50
134.37748,0.572,19.439,29.50
134.38761,0.572,19.439,29.50
134.39822,0.553,19.245,0.00
134.40875,0.553,19.245,0.00
134.41901,0.536,19.081,0.00
134.42930,0.536,19.081,0.00
134.43937,0.525,18.915,0.00
134.44953,0.525,18.915,0.00
134.45981,0.525,18.728,0.00
134.47052,0.525,18.529,0.00
134.48068,0.517,18.529,0.00
134.49197,0.517,18.529,0.00
134.50213,0.508,18.306,0.00
134.51240,0.508,18.074,0.00
134.52258,0.504,18.074,0.00
134.53272,0.497,17.834,0.00
134.54310,0.497,17.834,0.00
134.55326,0.486,17.579,0.00
134.56359,0.486,17.579,0.00
134.57380,0.489,17.309,0.00
134.58418,0.489,17.309,0.00
134.59463,0.489,17.309,0.00
134.60483,0.512,16.941,0.00
134.61525,0.548,16.419,0.00
134.62553,0.548,16.419,0.00
134.63583,0.577,15.743,0.00
134.64604,0.577,15.743,0.00
134.65624,0.584,14.882,0.00
134.66645,0.584,14.882,0.00
134.67688,0.578,14.052,0.00
134.68711,0.578,14.052,0.00
134.69736,0.611,13.066,0.00
134.70757,0.611,13.066,0.00
134.71774,0.689,13.066,0.00
134.72823,0.689,11.902,0.00
134.73839,0.748,10.627,0.00
134.74877,0.748,10.627,0.00
134.75918,0.753,9.192,0.00
134.76961,0.747,9.192,0.00
134.77988,0.747,7.536,0.00
134.79036,0.720,7.536,0.00
134.80053,0.720,5.782,0.00
134.81069,0.720,5.782,0.00
134.82085,0.689,3.849,0.00
134.83109,0.640,2.167,0.00
134.84126,0.640,2.167,0.00
134.85141,0.640,2.167,0.00
134.86157,0.613,0.549,0.00
134.87174,0.596,-0.852,0.00
134.88209,0.596,-0.852,0.00
134.89225,0.550,-2.072,0.00
134.90241,0.550,-2.072,0.00
134.91256,0.550,-3.150,0.00
134.92272,0.495,-3.150,0.00
134.93291,0.447,-3.958,0.00
134.94307,0.447,-3.958,0.00
134.95325,0.393,-3.958,0.00
134.96342,0.393,-4.367,0.00
134.97358,0.323,-4.559,0.00
134.98373,0.323,-4.559,0.00
134.99389,0.268,-4.598,0.00
135.00425,0.268,-4.598,0.00
135.01463,0.246,-4.285,0.00
135.02502,0.246,-4.285,0.00
135.03547,0.236,-4.285,0.00
135.04562,0.236,-3.629,0.00
135.05578,0.215,-2.751,0.00
135.06595,0.215,-2.751,0.00
135.07612,0.207,-2.043,0.00
135.08696,0.207,-2.043,0.00
135.09704,0.216,-2.029,0.00
135.10726,0.216,-2.029,0.00
135.11742,0.234,-2.409,0.00
135.12759,0.234,-2.409,0.00
135.13799,0.256,-2.661,0.00
135.14815,0.256,-2.661,0.00
135.15830,0.264,-2.608,0.00
135.16848,0.264,-2.608,0.00
135.17864,0.248,-2.602,0.00
135.18878,0.216,-2.608,0.00
135.19931,0.216,-2.608,0.00
135.20967,0.216,-2.608,0.00
135.21984,0.189,-2.594,0.00
135.23005,0.189,-2.522,0.00
135.24021,0.174,-2.522,0.00
135.25038,0.155,-2.522,0.00
135.26054,0.155,-2.338,0.00
135.27079,0.155,-2.338,0.00
135.28106,0.138,-2.086,0.00
135.29127,0.129,-1.835,0.00
135.30156,0.129,-1.835,0.00
135.31177,0.129,-1.835,0.00
135.32193,0.121,-1.732,0.00
135.33209,0.110,-1.686,0.00
135.34232,0.110,-1.686,0.00
135.35248,0.092,-1.618,0.00
135.36263,0.092,-1.618,0.00
135.37278,0.092,-1.618,0.00
135.38294,0.081,-1.520,0.00
135.39313,0.084,-1.426,0.00
135.40342,0.084,-1.426,0.00
135.41359,0.096,-1.368,0.00
135.42374,0.096,-1.368,0.00
135.43390,0.116,-1.348,0.00
135.44407,0.116,-1.348,0.00
135.45422,0.134,-1.333,0.00
135.46438,0.134,-1.333,0.00
135.47454,0.141,-1.293,0.00
135.48470,0.141,-1.293,0.00
135.49486,0.141,-1.204,0.00
135.50501,0.141,-1.204,0.00
135.51517,0.138,-1.052,0.00
135.52532,0.138,-1.052,0.00
135.53551,0.139,-0.872,0.00
135.54587,0.139,-0.872,0.00
135.55697,0.139,-0.872,0.00
135.56854,0.143,-0.728,0.00
135.57861,0.155,-0.621,0.00
135.58876,0.168,-0.621,0.00
135.59900,0.168,-0.549,0.00
135.60920,0.172,-0.549,0.00
135.61961,0.172,-0.565,0.00
135.63051,0.172,-0.565,0.00
135.64061,0.173,-0.595,0.00
135.65077,0.173,-0.627,0.00
135.66093,0.173,-0.627,0.00
135.67149,0.173,-0.627,0.00
135.68166,0.176,-0.664,0.00
135.69182,0.181,-0.690,0.00
135.70196,0.181,-0.690,0.00
135.71218,0.188,-0.699,0.00
135.72233,0.188,-0.699,0.00
135.73319,0.197,-0.699,0.00
135.74335,0.197,-0.683,0.00
135.75350,0.211,-0.653,0.00
135.76365,0.211,-0.653,0.00
135.77381,0.230,-0.626,0.00
135.78397,0.230,-0.626,0.00
135.79413,0.249,-0.602,0.00
135.80428,0.249,-0.602,0.00
135.81443,0.266,-0.579,0.00
135.82459,0.266,-0.579,0.00
135.83476,0.285,-0.555,0.00
135.84521,0.285,-0.555,0.00
135.85552,0.305,-0.523,0.00
135.86596,0.305,-0.523,0.00
135.87621,0.323,-0.484,0.00
135.88658,0.323,-0.484,0.00
135.89683,0.345,-0.440,0.00
135.91435,0.368,-0.440,0.00
135.92488,0.368,-0.395,0.00
135.93542,0.368,-0.395,0.00
135.94756,0.390,-0.361,0.00
135.96046,0.408,-0.352,0.00
135.97325,0.408,-0.352,0.00
135.98430,0.421,-0.379,0.00
135.99514,0.431,-0.426,0.00
136.00595,0.431,-0.426,0.00
136.01675,0.431,-0.476,0.00
136.02729,0.439,-0.476,0.00
136.03804,0.451,-0.523,0.00
136.04871,0.468,-0.566,0.00
136.05953,0.468,-0.566,0.00
136.06974,0.468,-0.566,0.00
136.08064,0.486,-0.601,0.00
136.09258,0.486,-0.620,0.00
136.10334,0.506,-0.620,0.00
136.11396,0.523,-0.620,0.00
136.12450,0.523,-0.620,0.00
136.13543,0.523,-0.608,0.00
136.14584,0.533,-0.608,0.00
136.15619,0.536,-0.593,0.00
136.16671,0.536,-0.593,0.00
136.17765,0.536,-0.575,0.00
136.18894,0.538,-0.553,0.00
136.19959,0.541,-0.553,0.00
136.21045,0.544,-0.553,0.00
136.22732,0.544,-0.527,0.00
136.24336,0.546,-0.504,0.00
136.25410,0.548,-0.484,0.00
136.26976,0.548,-0.484,0.00
136.28546,0.548,-0.469,0.00
136.29788,0.548,-0.469,0.00
136.31397,0.548,-0.479,0.00
136.32456,0.548,-0.479,0.00
136.34065,0.529,-0.497,0.00
136.35637,0.522,-0.519,0.00
136.37353,0.522,-0.519,0.00
136.39167,0.515,-0.544,0.00
136.40345,0.512,-0.563,0.00
136.42664,0.517,-0.583,0.00
136.45205,0.528,-0.601,0.00
136.46221,0.533,-0.609,0.00
136.47248,0.538,-0.609,0.00
136.49127,0.538,-0.616,0.00
136.50231,0.539,-0.621,0.00
136.51887,0.537,-0.629,0.00
136.53701,0.537,-0.629,0.00
136.55568,0.530,-0.636,0.00
136.56725,0.523,-0.635,0.00
136.57910,0.519,-0.626,0.00
136.58985,0.519,-0.626,0.00
136.60135,0.517,-0.619,0.00
136.62036,0.517,-0.619,0.00
136.63871,0.517,-0.619,0.00
136.65087,0.518,-0.620,0.00
136.66193,0.514,-0.630,0.00
136.70678,0.512,-0.644,0.00
136.72306,0.514,-0.649,0.00
136.73733,0.514,-0.649,0.00
136.75408,0.514,-0.658,0.00
136.77231,0.514,-0.658,0.00
136.78327,0.514,-0.659,0.00
136.79875,0.512,-0.658,0.00
136.81006,0.512,-0.658,0.00
136.82677,0.511,-0.657,0.00
136.84387,0.510,-0.655,0.00
136.86084,0.507,-0.651,0.00
136.87250,0.507,-0.651,0.00
136.88813,0.502,-0.645,0.00
136.90399,0.497,-0.642,0.00
136.96417,0.497,-0.642,0.00
136.97435,0.470,-0.627,0.00
137.04673,0.465,-0.588,0.00
137.05781,0.465,0.028,0.00
137.06816,-0.055,0.045,0.00
137.07815,-0.060,0.061,0.00
137.08845,-0.060,0.061,0.00
137.09861,-0.065,0.077,0.00
137.10890,-0.065,0.077,0.00
137.11956,-0.072,0.088,0.00
137.12983,-0.072,0.088,0.00
137.13998,-0.080,0.102,0.00
137.15023,-0.080,0.102,0.00
137.16050,-0.085,0.116,0.00
137.17069,-0.089,0.116,0.00
137.18141,-0.089,0.128,0.00
137.19157,-0.089,0.128,0.00
137.20172,-0.094,0.134,0.00
137.21189,-0.102,0.134,0.00
137.22206,-0.102,0.138,0.00
137.23221,-0.110,0.138,0.00
137.24237,-0.110,0.145,0.00
137.25328,-0.114,0.152,0.00
137.26346,-0.114,0.152,0.00
137.27361,-0.117,0.157,0.00
137.28376,-0.117,0.157,0.00
137.29398,-0.117,0.166,0.00
137.30413,-0.121,0.166,0.00
137.31445,-0.126,0.176,0.00
137.32470,-0.126,0.176,0.00
137.33494,-0.131,0.186,0.00
137.34507,-0.131,0.186,0.00
137.35522,-0.135,0.194,0.00
137.36548,-0.135,0.194,0.00
137.37572,-0.137,0.202,0.00
137.38592,-0.137,0.202,0.00
137.39608,-0.138,0.218,0.00
137.40776,-0.138,0.218,0.00
137.41785,-0.139,0.238,0.00
137.42814,-0.139,0.238,0.00
137.43829,-0.141,0.246,0.00
137.44912,-0.141,0.249,0.00
137.45926,-0.144,0.249,0.00
137.46944,-0.144,0.249,0.00
137.47971,-0.148,0.239,0.00
137.48986,-0.153,0.239,0.00
137.50035,-0.153,0.217,0.00
137.51059,-0.153,0.217,0.00
137.52074,-0.153,0.197,0.00
137.53100,-0.157,0.182,0.00
137.54142,-0.157,0.182,0.00
137.55172,-0.162,0.188,0.00
137.56205,-0.162,0.188,0.00
137.57247,-0.165,0.206,0.00
137.58262,-0.165,0.206,0.00
137.59281,-0.165,0.217,0.00
137.60330,-0.161,0.217,0.00
137.61354,-0.159,0.227,0.00
137.62386,-0.159,0.227,0.00
137.63404,-0.159,0.227,0.00
137.64418,-0.160,0.233,0.00
137.65434,-0.166,0.234,0.00
137.66451,-0.166,0.234,0.00
137.67555,-0.171,0.234,0.00
137.68582,-0.171,0.234,0.00
137.69607,-0.176,0.235,0.00
137.70632,-0.176,0.235,0.00
137.71657,-0.180,0.234,0.00
137.72672,-0.180,0.234,0.00
137.73688,-0.179,0.237,0.00
137.74717,-0.179,0.237,0.00
137.75733,-0.178,0.246,0.00
137.76748,-0.178,0.246,0.00
137.77783,-0.176,0.254,0.00
137.78850,-0.179,0.254,0.00
137.79886,-0.179,0.261,0.00
137.81015,-0.179,0.261,0.00
137.82030,-0.182,0.276,0.00
137.83046,-0.182,0.276,0.00
137.84067,-0.186,0.290,0.00
137.85084,-0.189,0.294,0.00
137.86113,-0.189,0.294,0.00
137.87147,-0.189,0.294,0.00
137.88163,-0.189,0.298,0.00
137.89179,-0.191,0.300,0.00
137.90195,-0.195,0.300,0.00
137.91219,-0.195,0.300,0.00
137.92235,-0.198,0.300,0.00
137.93327,-0.198,0.300,0.00
137.94352,-0.200,0.308,0.00
137.95379,-0.203,0.311,0.00
137.96395,-0.203,0.311,0.00
137.97411,-0.203,0.308,0.00
137.98427,-0.205,0.308,0.00
137.99443,-0.205,0.308,0.00
138.00461,-0.205,0.297,0.00
138.01476,-0.203,0.276,0.00
138.02496,-0.203,0.276,0.00
138.03512,-0.202,0.246,0.00
138.04526,-0.202,0.246,0.00
138.05577,-0.202,0.221,0.00
138.06633,-0.202,0.221,0.00
138.07660,-0.205,0.209,0.00
138.08732,-0.205,0.209,0.00
138.09759,-0.207,0.217,0.00
138.10776,-0.207,0.217,0.00
138.11791,-0.208,0.238,0.00
138.12820,-0.208,0.238,0.00
138.13825,-0.209,0.245,0.00
138.14853,-0.209,0.245,0.00
138.15876,-0.207,0.255,0.00
138.16903,-0.207,0.253,0.00
138.17969,-0.206,0.253,0.00
138.19087,-0.206,0.253,0.00
138.20116,-0.199,0.234,0.00
138.21218,-0.199,0.234,0.00
138.22234,-0.198,0.234,0.00
138.23249,-0.198,0.180,0.00
138.24266,-0.198,0.180,0.00
138.25385,-0.200,0.157,0.00
138.26422,-0.200,0.157,0.00
138.27486,-0.200,0.144,0.00
138.28510,-0.199,0.144,0.00
138.29526,-0.199,0.144,0.00
138.30633,-0.199,0.144,0.00
138.31650,-0.194,0.150,0.00
138.32666,-0.194,0.160,0.00
138.33684,-0.191,0.174,0.00
138.34792,-0.191,0.174,0.00
138.35813,-0.189,0.186,0.00
138.36831,-0.189,0.186,0.00
138.37846,-0.187,0.210,0.00
138.38862,-0.187,0.210,0.00
138.39881,-0.186,0.218,0.00
138.40892,-0.186,0.218,0.00
138.41907,-0.186,0.219,0.00
138.42923,-0.186,0.219,0.00
138.43940,-0.183,0.219,0.00
138.44953,-0.183,0.220,0.00
138.45972,-0.178,0.233,0.00
138.46989,-0.178,0.233,0.00
138.48005,-0.173,0.260,0.00
138.49027,-0.173,0.260,0.00
138.50084,-0.171,0.281,0.00
138.51108,-0.171,0.297,0.00
138.52125,-0.173,0.297,0.00
138.53315,-0.173,0.310,0.00
138.54334,-0.173,0.310,0.00
138.55350,-0.173,0.310,0.00
138.56367,-0.174,0.315,0.00
138.57383,-0.173,0.327,0.00
138.58402,-0.173,0.327,0.00
138.59418,-0.171,0.321,0.00
138.60494,-0.171,0.321,0.00
138.61523,-0.167,0.317,0.00
138.62545,-0.167,0.317,0.00
138.63565,-0.159,0.304,0.00
138.64581,-0.159,0.304,0.00
138.65597,-0.159,0.304,0.00
138.66612,-0.149,0.287,0.00
138.67627,-0.140,0.270,0.00
138.68645,-0.140,0.270,0.00
138.69666,-0.131,0.252,0.00
138.70682,-0.131,0.252,0.00
138.71698,-0.118,0.251,0.00
138.72763,-0.118,0.251,0.00
138.73779,-0.108,0.271,0.00
138.74794,-0.108,0.271,0.00
138.75810,-0.106,0.319,0.00
138.76859,-0.106,0.319,0.00
138.77880,-0.105,0.354,0.00
138.78919,-0.105,0.354,0.00
138.79949,-0.101,0.360,0.00
138.80991,-0.090,0.346,0.00
138.82054,-0.090,0.346,0.00
138.83105,-0.083,0.327,0.00
138.84130,-0.083,0.327,0.00
138.85161,-0.085,0.336,0.00
138.86179,-0.085,0.336,0.00
138.87197,-0.085,0.336,0.00
138.88213,-0.092,0.353,0.00
138.89225,-0.092,0.318,0.00
138.90248,-0.090,0.318,0.00
138.91264,-0.079,0.281,0.00
138.92279,-0.079,0.281,0.00
138.93304,-0.079,0.281,0.00
138.94321,-0.069,0.252,0.00
138.95337,-0.063,0.245,0.00
138.96352,-0.063,0.245,0.00
138.97518,-0.063,0.245,0.00
138.98543,-0.064,0.260,0.00
138.99612,-0.067,0.278,0.00
139.00655,-0.067,0.278,0.00
139.01701,-0.055,0.325,0.00
139.02797,-0.055,0.325,0.00
139.03812,-0.073,0.391,0.00
139.04859,-0.073,0.391,0.00
139.05887,-0.130,0.408,0.00
139.06968,-0.130,0.426,0.00
139.07992,-0.194,0.426,0.00
139.09015,-0.194,0.426,0.00
139.10050,-0.270,0.478,0.00
139.11347,-0.299,0.478,0.00
139.12386,-0.299,0.555,0.00
139.13419,-0.142,0.598,0.00
139.14464,-0.142,0.598,0.00
139.15511,0.332,0.614,0.00
139.16526,0.332,0.614,0.00
139.17561,0.332,0.614,0.00
139.18626,1.249,0.621,0.00
139.19666,2.798,0.623,0.00
139.20682,2.798,0.623,0.00
139.21698,4.307,0.600,0.00
139.22714,4.307,0.600,0.00
139.23730,6.193,0.557,0.00
139.24752,6.193,0.557,0.00
139.25767,8.139,0.486,0.00
139.26875,8.139,0.486,0.00
139.29400,10.117,0.318,0.00
139.30424,12.060,0.318,0.00
139.32706,13.827,0.240,9.00
139.33721,15.458,0.160,9.00
139.35752,15.458,0.160,9.00
139.36772,17.053,-0.087,9.00
139.37788,18.607,-0.431,9.00
139.39182,18.607,-0.431,9.00
139.40197,20.066,-0.718,9.00
139.41225,20.066,-0.718,9.00
139.42241,21.219,-0.899,9.00
139.43297,21.813,-1.079,9.00
139.44318,21.813,-1.079,9.00
139.45452,22.134,-1.204,9.00
139.46485,22.134,-1.204,9.00
139.47525,22.398,-1.236,9.00
139.48640,22.398,-1.236,9.00
139.49660,22.343,-1.204,9.00
139.50752,22.343,-1.204,9.00
139.53341,21.822,-1.097,9.00
139.54359,20.976,-0.939,9.00
139.56629,19.807,-0.759,9.00
139.57696,18.328,-0.611,9.00
139.59814,16.731,-0.498,9.00
139.60826,16.731,-0.498,9.00
139.63100,15.015,-0.418,9.50
139.64127,13.196,-0.363,9.50
139.66219,11.128,-0.330,9.50
139.67235,11.128,-0.330,9.50
139.68250,8.930,-0.349,9.50
139.69370,8.930,-0.367,10.00
139.70399,6.643,-0.367,10.00
139.71445,6.643,-0.378,10.00
139.72962,4.479,-0.378,11.00
139.73977,2.652,-0.409,11.00
139.75040,2.652,-0.409,11.00
139.76055,1.185,-0.469,12.50
139.77074,1.185,-0.469,12.50
139.78088,0.009,-0.469,12.50
139.80681,-0.468,-0.848,15.00
139.81712,-0.385,-1.185,15.00
139.83881,-0.017,-1.724,18.00
139.84897,-0.017,-1.724,18.00
139.86947,-0.017,-1.724,21.50
139.87971,0.864,-3.116,21.50
139.90355,0.864,-3.116,24.50
139.91374,0.063,-4.860,24.50
139.93342,0.063,-4.860,26.50
139.94361,-0.276,-5.835,26.50
139.95377,-0.462,-5.835,26.50
139.96620,-0.462,-6.770,28.00
139.97692,-0.553,-7.666,28.00
139.98723,-0.553,-7.666,28.00
139.99786,-0.553,-8.481,28.50
140.00851,-0.579,-9.053,28.50
140.01868,-0.583,-9.053,28.50
140.02969,-0.583,-9.053,29.00
140.03995,-0.578,-9.393,29.00
140.05086,-0.578,-9.393,29.00
140.07799,-0.575,-9.432,29.50
140.08817,-0.579,-9.155,29.50
140.10979,-0.587,-8.519,29.50
140.12016,-0.587,-7.589,29.50
140.14147,-0.587,-7.589,29.50
140.15164,-0.582,-4.724,29.50
140.17435,-0.578,-3.040,29.50
140.18470,-0.578,-3.040,29.50
140.20704,-0.572,-1.259,29.50
140.21680,-0.566,0.625,29.50
140.22785,-0.566,0.625,29.50
140.23817,-0.561,2.561,29.50
140.24895,-0.561,2.561,29.50
140.25917,-0.554,4.482,29.50
140.27283,-0.542,6.368,29.50
140.28328,-0.542,6.368,29.50
140.29345,-0.524,8.130,29.50
140.30361,-0.524,8.130,29.50
140.31435,-0.503,9.894,29.50
140.32450,-0.503,9.894,29.50
140.33506,-0.489,11.262,29.50
140.34505,-0.489,11.262,29.50
140.35522,-0.477,12.450,29.50
140.38234,-0.467,13.563,29.50
140.39250,-0.455,14.569,29.50
140.41386,-0.440,14.569,29.50
140.42426,-0.440,15.495,29.50
140.44786,-0.426,15.495,29.50
140.45825,-0.408,16.968,29.50
140.47880,-0.390,17.475,29.50
140.49078,-0.390,17.475,29.50
140.51022,-0.368,17.871,29.50
140.52042,-0.341,18.131,29.50
140.53058,-0.341,18.131,29.50
140.54178,-0.314,18.313,29.50
140.55197,-0.314,18.417,29.50
140.56213,-0.297,18.417,29.50
140.57414,-0.273,18.459,29.50
140.58429,-0.273,18.459,29.50
140.59465,-0.244,18.451,29.50
140.60820,-0.244,18.451,29.50
140.61850,-0.220,18.422,29.50
140.62884,-0.220,18.422,29.50
140.65400,-0.206,18.151,29.50
140.66470,-0.206,18.151,29.50
140.68919,-0.226,17.743,29.50
140.69934,-0.226,17.743,29.50
140.72146,-0.226,17.560,29.50
140.73181,-0.249,17.560,29.50
140.74977,-0.277,17.155,29.50
140.76008,-0.308,17.155,29.50
140.77027,-0.308,17.155,29.50
140.78280,-0.337,16.944,0.00
140.79297,-0.337,16.944,0.00
140.80313,-0.363,16.749,0.00
140.81329,-0.389,16.559,0.00
140.82345,-0.389,16.559,0.00
140.83360,-0.408,16.372,0.00
140.84375,-0.408,16.372,0.00
140.85393,-0.422,16.186,0.00
140.86408,-0.422,16.186,0.00
140.87448,-0.428,15.990,0.00
140.88464,-0.428,15.990,0.00
140.89481,-0.420,15.990,0.00
140.90508,-0.420,15.714,0.00
140.91525,-0.414,15.369,0.00
140.92552,-0.414,15.369,0.00
140.93568,-0.410,15.010,0.00
140.94595,-0.410,15.010,0.00
140.95634,-0.386,14.572,0.00
140.96682,-0.386,14.572,0.00
140.97699,-0.318,13.875,0.00
140.98758,-0.318,13.875,0.00
140.99784,-0.220,13.086,0.00
141.00799,-0.220,13.086,0.00
141.01826,-0.127,12.264,0.00
141.02843,-0.127,12.264,0.00
141.03860,-0.070,11.298,0.00
141.04876,-0.036,11.298,0.00
141.05900,-0.036,10.249,0.00
141.06918,-0.036,10.249,0.00
141.07936,-0.008,9.036,0.00
141.08951,0.010,9.036,0.00
141.09966,0.010,7.692,0.00
141.11064,0.010,7.692,0.00
141.12105,0.016,6.217,0.00
141.13141,0.028,4.453,0.00
141.14176,0.028,4.453,0.00
141.15209,0.044,2.945,0.00
141.16244,0.044,2.945,0.00
141.17257,0.026,1.570,0.00
141.18305,0.026,1.570,0.00
141.19331,0.019,0.347,0.00
141.20346,0.019,0.347,0.00
141.21362,0.011,-0.489,0.00
141.22381,0.011,-0.489,0.00
141.23395,-0.020,-0.489,0.00
141.24412,-0.020,-0.891,0.00
141.25428,-0.020,-0.891,0.00
141.26453,-0.083,-1.100,0.00
141.27480,-0.148,-0.973,0.00
141.28505,-0.148,-0.973,0.00
141.29522,-0.202,-0.973,0.00
141.30550,-0.202,-0.282,0.00
141.31567,-0.244,0.625,0.00
141.32611,-0.244,0.625,0.00
141.33775,-0.269,1.450,0.00
141.34790,-0.269,1.450,0.00
141.35815,-0.269,1.450,0.00
141.36838,-0.336,1.058,0.00
141.37854,-0.394,0.536,0.00
141.38884,-0.394,0.536,0.00
141.39910,-0.415,0.363,0.00
141.40947,-0.415,0.363,0.00
141.41985,-0.423,0.339,0.00
141.43023,-0.431,0.339,0.00
141.44043,-0.431,0.373,0.00
141.45059,-0.431,0.373,0.00
141.46075,-0.453,0.514,0.00
141.47102,-0.484,0.776,0.00
141.48119,-0.484,0.776,0.00
141.49135,-0.516,1.068,0.00
141.50150,-0.516,1.068,0.00
141.51166,-0.535,1.431,0.00
141.52182,-0.535,1.431,0.00
141.53236,-0.535,1.431,0.00
141.54326,-0.536,1.826,0.00
141.55341,-0.526,2.122,0.00
141.56357,-0.526,2.122,0.00
141.57372,-0.516,2.209,0.00
141.58388,-0.516,2.209,0.00
141.59433,-0.516,2.209,0.00
141.60449,-0.509,2.163,0.00
141.61472,-0.497,2.088,0.00
141.62479,-0.497,2.088,0.00
141.63538,-0.497,2.088,0.00
141.64555,-0.472,2.019,0.00
141.65577,-0.430,1.925,0.00
141.66595,-0.430,1.925,0.00
141.67611,-0.368,1.811,0.00
141.68628,-0.368,1.811,0.00
141.69646,-0.293,1.696,0.00
141.70663,-0.293,1.696,0.00
141.71680,-0.208,1.604,0.00
141.72701,-0.208,1.604,0.00
141.73716,-0.130,1.549,0.00
141.74732,-0.078,1.549,0.00
141.75767,-0.078,1.531,0.00
141.76790,-0.078,1.531,0.00
141.77808,-0.049,1.574,0.00
141.78856,-0.049,1.678,0.00
141.79939,-0.035,1.678,0.00
141.80959,-0.035,1.678,0.00
141.81993,-0.026,1.845,0.00
141.83009,-0.020,2.045,0.00
141.84025,-0.020,2.045,0.00
141.85041,-0.020,2.215,0.00
141.86057,-0.016,2.215,0.00
141.87084,-0.010,2.309,0.00
141.88113,-0.010,2.309,0.00
141.89131,-0.009,2.309,0.00
141.90147,-0.009,2.301,0.00
141.91211,-0.025,2.205,0.00
141.92228,-0.025,2.205,0.00
141.93244,-0.059,2.205,0.00
141.94261,-0.059,2.089,0.00
141.95304,-0.099,2.036,0.00
141.96321,-0.099,2.036,0.00
141.97355,-0.126,2.019,0.00
141.98371,-0.126,2.019,0.00
141.99386,-0.126,2.043,0.00
142.00413,-0.139,2.043,0.00
142.01429,-0.143,2.105,0.00
142.02445,-0.143,2.105,0.00
142.03461,-0.149,2.206,0.00
142.04477,-0.149,2.206,0.00
142.05504,-0.163,2.312,0.00
142.06520,-0.163,2.312,0.00
142.07536,-0.172,2.388,0.00
142.08558,-0.172,2.388,0.00
142.09577,-0.183,2.424,0.00
142.10602,-0.183,2.424,0.00
142.11618,-0.194,2.427,0.00
142.12635,-0.194,2.427,0.00
142.13686,-0.194,2.427,0.00
142.14704,-0.200,2.400,0.00
142.15724,-0.203,2.358,0.00
142.16756,-0.203,2.358,0.00
142.17792,-0.203,2.358,0.00
142.18809,-0.204,2.313,0.00
142.19826,-0.204,2.281,0.00
142.20861,-0.204,2.281,0.00
142.21878,-0.203,2.257,0.00
142.22912,-0.203,2.257,0.00
142.23928,-0.204,2.238,0.00
142.24944,-0.204,2.238,0.00
142.25959,-0.206,2.226,0.00
142.26977,-0.215,2.221,0.00
142.28569,-0.215,2.221,0.00
142.30673,-0.232,2.218,0.00
142.31808,-0.232,2.218,0.00
142.32829,-0.232,2.218,0.00
142.33965,-0.247,2.226,0.00
142.35134,-0.264,2.226,0.00
142.36276,-0.264,2.226,0.00
142.37351,-0.280,2.226,0.00
142.38644,-0.296,2.239,0.00
142.40155,-0.311,2.239,0.00
142.41586,-0.311,2.249,0.00
142.43710,-0.328,2.249,0.00
142.45546,-0.344,2.263,0.00
142.46589,-0.344,2.282,0.00
142.47843,-0.347,2.302,0.00
142.49013,-0.347,2.302,0.00
142.50477,-0.349,2.302,0.00
142.52176,-0.353,2.334,0.00
142.54343,-0.359,2.350,0.00
142.57704,-0.370,2.379,0.00
142.59613,-0.373,2.379,0.00
142.61449,-0.373,2.388,0.00
142.62597,-0.373,2.395,0.00
142.63625,-0.376,2.395,0.00
142.64655,-0.376,2.395,0.00
142.66226,-0.379,2.397,0.00
142.67290,-0.382,2.397,0.00
142.68588,-0.382,2.392,0.00
142.69633,-0.382,2.384,0.00
142.71216,-0.383,2.384,0.00
142.72321,-0.383,2.375,0.00
142.74055,-0.384,2.375,0.00
142.75167,-0.384,2.357,0.00
142.77874,-0.387,2.347,0.00
142.78949,-0.387,2.347,0.00
142.80628,-0.391,2.338,0.00
142.82259,-0.395,2.326,0.00
142.83810,-0.395,2.314,0.00
142.84965,-0.397,2.302,0.00
142.86510,-0.397,2.302,0.00
142.88235,-0.392,2.291,0.00
142.89397,-0.388,2.279,0.00
142.91572,-0.382,2.266,0.00
142.92732,-0.382,2.266,0.00
142.94154,-0.376,2.255,0.00
142.95350,-0.376,2.255,0.00
142.96367,-0.371,2.246,0.00
142.97392,-0.365,2.234,0.00
142.98408,-0.365,2.234,0.00
142.99593,-0.364,2.225,0.00
143.01115,-0.364,2.225,0.00
143.02854,-0.364,2.223,0.00
143.04571,-0.364,2.222,0.00
143.06037,-0.359,2.218,0.00
143.07619,-0.358,2.218,0.00
143.08810,-0.358,2.218,0.00
143.09948,-0.359,2.218,0.00
143.10998,-0.364,2.209,0.00
143.12101,-0.364,2.209,0.00
143.13874,-0.367,2.208,0.00
143.15546,-0.367,2.208,0.00
143.17534,-0.369,2.209,0.00
143.19617,-0.373,2.215,0.00
143.20735,-0.373,2.215,0.00
143.22197,-0.373,2.222,0.00
143.23597,-0.374,2.222,0.00
143.25270,-0.377,2.230,0.00
143.26376,-0.380,2.235,0.00
143.33771,-0.394,2.239,0.00
143.40175,-0.405,2.316,0.00
143.41196,-0.036,0.067,0.00
143.42242,-0.038,0.078,0.00
143.43260,-0.038,0.088,0.00
143.44287,-0.038,0.088,0.00
143.45338,-0.037,0.093,0.00
143.46355,-0.037,0.093,0.00
143.47393,-0.036,0.099,0.00
143.48421,-0.036,0.099,0.00
143.49457,-0.034,0.105,0.00
143.50488,-0.034,0.105,0.00
143.51577,-0.033,0.111,0.00
143.52619,-0.033,0.111,0.00
143.53675,-0.032,0.119,0.00
143.54703,-0.032,0.119,0.00
143.55740,-0.032,0.126,0.00
143.56773,-0.032,0.126,0.00
143.57808,-0.031,0.131,0.00
143.58823,-0.031,0.131,0.00
143.59839,-0.028,0.135,0.00
143.60858,-0.028,0.135,0.00
143.61874,-0.025,0.138,0.00
143.62909,-0.025,0.138,0.00
143.63923,-0.023,0.143,0.00
143.64977,-0.023,0.143,0.00
143.65996,-0.023,0.148,0.00
143.67012,-0.023,0.148,0.00
143.68028,-0.023,0.148,0.00
143.69047,-0.023,0.148,0.00
143.70065,-0.023,0.148,0.00
143.71084,-0.023,0.148,0.00
143.72106,-0.023,0.148,0.00
143.73145,-0.023,0.148,0.00
143.74183,-0.023,0.148,0.00
143.75223,-0.016,0.152,0.00
143.76259,-0.016,0.152,0.00
143.77308,-0.009,0.159,0.00
143.78340,-0.005,0.163,0.00
143.79356,-0.005,0.161,0.00
143.80372,0.001,0.171,0.00
143.81394,0.006,0.180,0.00
143.82436,0.012,0.192,0.00
143.83452,0.019,0.203,0.00
143.84477,0.019,0.203,0.00
143.85504,0.024,0.213,0.00
143.86518,0.024,0.213,0.00
143.87535,0.032,0.220,0.00
143.88568,0.032,0.220,0.00
143.89580,0.039,0.229,0.00
143.90600,0.039,0.229,0.00
143.91616,0.045,0.237,0.00
143.92637,0.045,0.237,0.00
143.93681,0.053,0.242,0.00
143.94939,0.053,0.242,0.00
143.95954,0.060,0.248,0.00
143.96999,0.060,0.248,0.00
143.98015,0.066,0.256,0.00
143.99032,0.073,0.256,0.00
144.00046,0.073,0.263,0.00
144.01061,0.073,0.272,0.00
144.02076,0.081,0.272,0.00
144.03100,0.087,0.282,0.00
144.04114,0.087,0.282,0.00
144.05144,0.087,0.282,0.00
144.06168,0.094,0.289,0.00
144.07184,0.100,0.292,0.00
144.08199,0.100,0.292,0.00
144.09213,0.100,0.295,0.00
144.10229,0.109,0.295,0.00
144.11246,0.116,0.297,0.00
144.12260,0.116,0.297,0.00
144.13277,0.124,0.297,0.00
144.14301,0.124,0.302,0.00
144.15406,0.124,0.302,0.00
144.16425,0.131,0.307,0.00
144.17459,0.138,0.310,0.00
144.18487,0.138,0.310,0.00
144.19502,0.144,0.310,0.00
144.20559,0.144,0.315,0.00
144.21575,0.149,0.320,0.00
144.22604,0.149,0.320,0.00
144.23614,0.155,0.325,0.00
144.24632,0.161,0.326,0.00
144.25648,0.161,0.326,0.00
144.26675,0.161,0.326,0.00
144.27692,0.166,0.326,0.00
144.28710,0.166,0.328,0.00
144.29771,0.173,0.328,0.00
144.30787,0.173,0.328,0.00
144.31803,0.184,0.325,0.00
144.32822,0.184,0.325,0.00
144.33837,0.196,0.323,0.00
144.34934,0.196,0.323,0.00
144.35953,0.201,0.320,0.00
144.36970,0.204,0.320,0.00
144.37997,0.204,0.314,0.00
144.39030,0.204,0.314,0.00
144.40076,0.206,0.314,0.00
144.41103,0.209,0.314,0.00
144.42119,0.209,0.314,0.00
144.43169,0.215,0.311,0.00
144.44185,0.215,0.311,0.00
144.45201,0.224,0.308,0.00
144.46218,0.224,0.308,0.00
144.47235,0.233,0.306,0.00
144.48251,0.233,0.306,0.00
144.49269,0.238,0.306,0.00
144.50294,0.238,0.306,0.00
144.51306,0.245,0.303,0.00
144.52321,0.245,0.303,0.00
144.53337,0.250,0.301,0.00
144.54355,0.250,0.301,0.00
144.55372,0.253,0.299,0.00
144.56388,0.253,0.299,0.00
144.57405,0.256,0.295,0.00
144.58421,0.256,0.295,0.00
144.59438,0.256,0.293,0.00
144.60458,0.261,0.293,0.00
144.61482,0.261,0.294,0.00
144.62498,0.261,0.294,0.00
144.63513,0.261,0.294,0.00
144.64529,0.249,0.291,0.00
144.65546,0.211,0.289,0.00
144.66567,0.211,0.289,0.00
144.67704,0.114,0.292,0.00
144.68733,0.114,0.292,0.00
144.69770,0.007,0.295,0.00
144.70779,0.007,0.295,0.00
144.71796,-0.098,0.304,0.00
144.72830,-0.098,0.304,0.00
144.73879,-0.098,0.304,0.00
144.74939,-0.091,0.318,0.00
144.75955,0.231,0.342,0.00
144.76971,0.231,0.342,0.00
144.77988,0.941,0.362,0.00
144.79012,0.941,0.362,0.00
144.80048,2.233,0.364,0.00
144.81124,2.233,0.364,0.00
144.82141,3.480,0.338,0.00
144.83156,4.808,0.291,0.00
144.84174,4.808,0.291,0.00
144.85190,6.274,0.228,0.00
144.86205,6.274,0.228,0.00
144.87227,6.274,0.228,0.00
144.88243,7.861,0.170,0.00
144.89259,9.473,0.119,0.00
144.90283,9.473,0.119,0.00
144.92610,11.035,0.119,0.00
144.93627,12.539,-0.009,0.00
144.95762,13.890,-0.009,9.00
144.96807,13.890,-0.096,9.00
144.97837,15.055,-0.212,9.00
144.98980,16.105,-0.212,9.00
145.00013,16.105,-0.508,9.00
145.01031,16.105,-0.508,9.00
145.02201,16.933,-0.882,9.00
145.03245,16.933,-0.882,9.00
145.04267,16.933,-1.132,9.00
145.05369,16.732,-1.132,9.00
145.06404,16.732,-1.321,9.00
145.07442,16.135,-1.481,9.00
145.08675,15.899,-1.481,9.00
145.09694,15.899,-1.609,9.00
145.10712,15.899,-1.609,9.00
145.11831,16.056,-1.669,9.00
145.12864,16.056,-1.638,9.00
145.13904,16.245,-1.638,9.00
145.15007,16.245,-1.638,9.00
145.16046,16.079,-1.540,9.00
145.17062,16.079,-1.540,9.00
145.19809,14.189,-1.296,9.00
145.21109,14.189,-1.296,9.00
145.23237,12.880,-1.223,9.00
145.24255,11.412,-1.190,9.00
145.26120,11.412,-1.190,9.50
145.27138,9.819,-1.173,9.50
145.29485,5.830,-1.149,9.50
145.30531,5.830,-1.149,9.50
145.32799,3.914,-1.148,10.00
145.33819,2.450,-1.162,10.00
145.34838,2.450,-1.162,10.00
145.35908,1.316,-1.213,11.00
145.36978,1.316,-1.213,11.00
145.37992,0.446,-1.293,11.00
145.39036,-0.029,-1.462,12.00
145.40073,-0.029,-1.462,12.00
145.41098,-0.029,-1.688,12.00
145.42208,-0.076,-1.688,14.50
145.43224,0.116,-2.010,14.50
145.44240,0.116,-2.010,14.50
145.45325,0.382,-2.420,17.50
145.46342,0.382,-2.420,17.50
145.47358,0.382,-3.026,17.50
145.50125,0.463,-3.026,21.00
145.51143,0.051,-3.778,21.00
145.53368,0.051,-5.639,24.00
145.54388,-0.105,-5.639,24.00
145.56868,-0.144,-6.567,26.00
145.57900,-0.122,-7.542,26.00
145.59759,-0.087,-7.542,27.50
145.60796,-0.087,-8.464,27.50
145.63000,-0.039,-9.265,28.50
145.64017,0.014,-9.993,28.50
145.65058,0.014,-10.528,28.50
145.66221,0.036,-10.528,29.00
145.67236,0.040,-10.528,29.00
145.68255,0.040,-10.915,29.00
145.69408,0.040,-10.936,29.00
145.70427,0.047,-10.936,29.00
145.71442,0.047,-10.595,29.00
145.72879,0.048,-10.595,29.50
145.73901,0.047,-9.932,29.50
145.74917,0.047,-8.966,29.50
145.75932,0.053,-8.966,29.50
145.76949,0.053,-8.966,29.50
145.77967,0.065,-7.728,29.50
145.80568,0.065,-6.232,29.50
145.81618,0.104,-4.601,29.50
145.83812,0.127,-2.635,29.50
145.84957,0.127,-2.635,29.50
145.87002,0.145,0.898,29.50
145.88034,0.145,0.898,29.50
145.90184,0.138,0.898,29.50
145.91219,0.138,2.636,29.50
145.92253,0.138,2.636,29.50
145.93361,0.138,2.636,29.50
145.94376,0.127,4.302,29.50
145.95390,0.112,5.919,29.50
145.96643,0.100,7.420,29.50
145.97705,0.098,8.809,29.50
145.98746,0.098,8.809,29.50
145.99764,0.106,8.809,29.50
146.00785,0.106,10.184,29.50
146.01801,0.123,11.321,29.50
146.02952,0.123,11.321,29.50
146.03971,0.143,12.361,29.50
146.04987,0.143,12.361,29.50
146.06141,0.156,13.262,29.50
146.07160,0.156,13.262,29.50
146.08175,0.170,14.047,29.50
146.11146,0.170,14.047,29.50
146.12162,0.181,15.210,29.50
146.14127,0.181,15.210,29.50
146.15145,0.189,15.626,29.50
146.17347,0.208,15.991,29.50
146.18367,0.230,16.197,29.50
146.20537,0.248,16.308,29.50
146.21555,0.267,16.379,29.50
146.23883,0.267,16.379,29.50
146.24902,0.283,16.400,29.50
146.26968,0.288,16.322,29.50
146.27962,0.291,16.154,29.50
146.28980,0.291,15.964,29.50
146.30176,0.289,15.964,29.50
146.31197,0.282,15.964,29.50
146.32232,0.282,15.767,29.50
146.33630,0.282,15.767,29.50
146.34663,0.273,15.592,29.50
146.35739,0.262,15.368,29.50
146.36755,0.262,15.368,29.50
146.37786,0.253,15.176,29.50
146.38853,0.253,15.176,29.50
146.39887,0.240,14.956,0.00
146.40903,0.240,14.956,0.00
146.41918,0.225,14.773,0.00
146.42933,0.225,14.773,0.00
146.43951,0.225,14.633,0.00
146.44979,0.208,14.633,0.00
146.45995,0.194,14.493,0.00
146.47011,0.194,14.493,0.00
146.48026,0.194,14.493,0.00
146.49048,0.180,14.332,0.00
146.50065,0.169,14.190,0.00
146.51100,0.169,14.190,0.00
146.52128,0.163,14.024,0.00
146.53144,0.163,14.024,0.00
146.54159,0.160,13.825,0.00
146.55199,0.152,13.581,0.00
146.56217,0.152,13.581,0.00
146.57232,0.153,13.317,0.00
146.58283,0.153,13.317,0.00
146.59299,0.184,12.945,0.00
146.60314,0.184,12.945,0.00
146.61329,0.222,12.437,0.00
146.62352,0.222,12.437,0.00
146.63387,0.262,11.712,0.00
146.64406,0.262,11.712,0.00
146.65436,0.262,11.712,0.00
146.66468,0.265,11.010,0.00
146.67512,0.276,10.172,0.00
146.68561,0.276,10.172,0.00
146.69578,0.311,9.091,0.00
146.70606,0.311,9.091,0.00
146.71655,0.339,7.850,0.00
146.72681,0.339,7.850,0.00
146.73715,0.335,6.509,0.00
146.74764,0.335,6.509,0.00
146.75806,0.342,5.066,0.00
146.76822,0.342,5.066,0.00
146.77841,0.342,5.066,0.00
146.78877,0.342,5.066,0.00
146.79936,0.314,1.738,0.00
146.80974,0.279,0.096,0.00
146.82009,0.279,0.096,0.00
146.83028,0.279,-1.510,0.00
146.84045,0.259,-1.510,0.00
146.85077,0.259,-1.510,0.00
146.86093,0.232,-2.918,0.00
146.87108,0.232,-4.132,0.00
146.88122,0.194,-4.132,0.00
146.89138,0.194,-5.222,0.00
146.90166,0.160,-5.222,0.00
146.91205,0.160,-6.032,0.00
146.92252,0.133,-6.032,0.00
146.93290,0.089,-6.640,0.00
146.94443,0.089,-6.640,0.00
146.95458,0.036,-7.088,0.00
146.96478,0.036,-7.088,0.00
146.97496,-0.000,-7.224,0.00
146.98561,-0.000,-7.224,0.00
146.99575,-0.034,-6.950,0.00
147.00626,-0.034,-6.950,0.00
147.01642,-0.067,-6.514,0.00
147.02842,-0.067,-6.514,0.00
147.03858,-0.085,-5.974,0.00
147.04876,-0.085,-5.974,0.00
147.05902,-0.089,-5.276,0.00
147.06918,-0.089,-5.276,0.00
147.07933,-0.088,-4.442,0.00
147.08949,-0.079,-3.768,0.00
147.09964,-0.079,-3.768,0.00
147.10981,-0.067,-3.665,0.00
147.11996,-0.067,-3.665,0.00
147.13024,-0.059,-3.875,0.00
147.14059,-0.059,-3.875,0.00
147.15293,-0.059,-3.875,0.00
147.16316,-0.061,-3.893,0.00
147.17331,-0.071,-3.894,0.00
147.18347,-0.071,-3.894,0.00
147.19363,-0.080,-3.955,0.00
147.20379,-0.080,-3.955,0.00
147.21396,-0.088,-4.026,0.00
147.22432,-0.088,-4.026,0.00
147.23473,-0.098,-4.057,0.00
147.24521,-0.098,-4.057,0.00
147.25558,-0.109,-4.018,0.00
147.26600,-0.109,-4.018,0.00
147.27621,-0.122,-3.900,0.00
147.28736,-0.122,-3.900,0.00
147.29746,-0.132,-3.739,0.00
147.30787,-0.132,-3.644,0.00
147.31812,-0.141,-3.644,0.00
147.32904,-0.141,-3.644,0.00
147.33924,-0.148,-3.602,0.00
147.34941,-0.148,-3.602,0.00
147.35959,-0.153,-3.551,0.00
147.36975,-0.153,-3.485,0.00
147.37996,-0.149,-3.485,0.00
147.39011,-0.129,-3.412,0.00
147.40026,-0.129,-3.412,0.00
147.41051,-0.095,-3.339,0.00
147.42066,-0.095,-3.339,0.00
147.43084,-0.095,-3.282,0.00
147.44115,-0.055,-3.282,0.00
147.45134,-0.055,-3.282,0.00
147.46151,-0.018,-3.236,0.00
147.47172,-0.018,-3.236,0.00
147.48188,0.002,-3.205,0.00
147.49204,0.002,-3.205,0.00
147.50221,0.005,-3.179,0.00
147.51237,-0.004,-3.154,0.00
147.52266,-0.004,-3.154,0.00
147.53280,-0.004,-3.154,0.00
147.54306,-0.019,-3.134,0.00
147.55326,-0.019,-3.134,0.00
147.56348,-0.035,-3.086,0.00
147.57363,-0.052,-3.061,0.00
147.58377,-0.052,-3.061,0.00
147.59393,-0.065,-3.057,0.00
147.60418,-0.065,-3.057,0.00
147.61443,-0.077,-3.050,0.00
147.62462,-0.077,-3.050,0.00
147.63486,-0.085,-3.047,0.00
147.64510,-0.085,-3.047,0.00
147.65525,-0.091,-3.041,0.00
147.66605,-0.091,-3.041,0.00
147.67620,-0.097,-3.032,0.00
147.68839,-0.097,-3.032,0.00
147.69848,-0.103,-3.010,0.00
147.70864,-0.103,-3.010,0.00
147.71902,-0.107,-2.970,0.00
147.72917,-0.112,-2.914,0.00
147.73934,-0.112,-2.914,0.00
147.75047,-0.112,-2.914,0.00
147.76075,-0.117,-2.859,0.00
147.77144,-0.117,-2.859,0.00
147.78161,-0.121,-2.807,0.00
147.79194,-0.121,-2.767,0.00
147.80209,-0.125,-2.767,0.00
147.81224,-0.128,-2.767,0.00
147.82240,-0.128,-2.730,0.00
147.83255,-0.131,-2.698,0.00
147.84281,-0.131,-2.698,0.00
147.85315,-0.135,-2.666,0.00
147.86348,-0.135,-2.666,0.00
147.87393,-0.141,-2.666,0.00
147.88427,-0.141,-2.638,0.00
147.89459,-0.151,-2.621,0.00
147.90576,-0.151,-2.621,0.00
147.91607,-0.160,-2.618,0.00
147.92633,-0.160,-2.626,0.00
147.93684,-0.160,-2.626,0.00
147.95368,-0.160,-2.637,0.00
147.96413,-0.170,-2.637,0.00
147.97573,-0.170,-2.646,0.00
147.98808,-0.173,-2.646,0.00
148.00474,-0.175,-2.656,0.00
148.01946,-0.172,-2.665,0.00
148.02976,-0.167,-2.668,0.00
148.04014,-0.167,-2.668,0.00
148.05087,-0.163,-2.673,0.00
148.06831,-0.161,-2.683,0.00
148.08427,-0.161,-2.683,0.00
148.09447,-0.161,-2.702,0.00
148.10524,-0.160,-2.702,0.00
148.11562,-0.160,-2.702,0.00
148.13154,-0.158,-2.715,0.00
148.14222,-0.158,-2.731,0.00
148.15262,-0.157,-2.731,0.00
148.16319,-0.157,-2.747,0.00
148.17339,-0.157,-2.747,0.00
148.18924,-0.157,-2.764,0.00
148.20583,-0.158,-2.780,0.00
148.22154,-0.158,-2.798,0.00
148.23583,-0.161,-2.798,0.00
148.24741,-0.161,-2.810,0.00
148.27309,-0.162,-2.828,0.00
148.28506,-0.163,-2.828,0.00
148.30143,-0.163,-2.827,0.00
148.31727,-0.162,-2.818,0.00
148.32898,-0.162,-2.818,0.00
148.34284,-0.161,-2.807,0.00
148.35478,-0.160,-2.798,0.00
148.36581,-0.160,-2.798,0.00
148.37622,-0.159,-2.798,0.00
148.38729,-0.158,-2.791,0.00
148.39777,-0.158,-2.789,0.00
148.40957,-0.158,-2.789,0.00
148.42484,-0.158,-2.789,0.00
148.43936,-0.158,-2.789,0.00
148.45063,-0.162,-2.786,0.00
148.46081,-0.162,-2.786,0.00
148.47658,-0.163,-2.780,0.00
148.49001,-0.163,-2.780,0.00
148.50724,-0.166,-2.780,0.00
148.52310,-0.166,-2.764,0.00
148.53759,-0.166,-2.753,0.00
148.54969,-0.166,-2.753,0.00
148.55989,-0.165,-2.740,0.00
148.57077,-0.163,-2.740,0.00
148.58836,-0.163,-2.723,0.00
148.60457,-0.162,-2.704,0.00
148.61648,-0.160,-2.704,0.00
148.62848,-0.156,-2.670,0.00
148.64622,-0.156,-2.670,0.00
148.66194,-0.153,-2.650,0.00
148.67622,-0.153,-2.632,0.00
148.68714,-0.152,-2.632,0.00
148.70395,-0.154,-2.619,0.00
148.71436,-0.157,-2.619,0.00
148.73252,-0.157,-2.605,0.00
148.75941,-0.158,-2.572,0.00
148.76984,-0.155,-2.572,0.00
148.78122,-0.155,-2.555,0.00
148.79155,-0.153,-2.555,0.00
148.80232,-0.153,-2.539,0.00
148.81752,-0.153,-2.539,0.00
148.83358,-0.148,-2.524,0.00
148.84559,-0.148,-2.509,0.00
148.86750,-0.144,-2.509,0.00
148.87851,-0.144,-2.480,0.00
148.88909,-0.144,-2.480,0.00
148.97867,-0.127,-2.436,0.00
149.04349,-0.127,-2.436,0.00
149.05463,-0.113,-2.436,0.00
149.06483,0.047,0.266,0.00
149.07538,0.052,0.264,0.00
149.08553,0.052,0.264,0.00
149.09570,0.058,0.262,0.00
149.10593,0.058,0.262,0.00
149.11608,0.064,0.261,0.00
149.12627,0.064,0.261,0.00
149.13643,0.068,0.260,0.00
149.14669,0.068,0.260,0.00
149.15685,0.072,0.258,0.00
149.16723,0.072,0.258,0.00
149.17744,0.077,0.256,0.00
149.18784,0.077,0.256,0.00
149.19810,0.082,0.252,0.00
149.20895,0.087,0.255,0.00
149.21921,0.087,0.255,0.00
149.22937,0.087,0.255,0.00
149.23953,0.091,0.258,0.00
149.24968,0.091,0.258,0.00
149.25993,0.098,0.258,0.00
149.27025,0.098,0.258,0.00
149.28038,0.102,0.263,0.00
149.29054,0.103,0.263,0.00
149.30071,0.103,0.268,0.00
149.31087,0.103,0.268,0.00
149.32102,0.103,0.271,0.00
149.33124,0.103,0.277,0.00
149.34141,0.100,0.277,0.00
149.35176,0.100,0.281,0.00
149.36207,0.099,0.281,0.00
149.37245,0.100,0.282,0.00
149.38303,0.100,0.282,0.00
149.39335,0.104,0.283,0.00
149.40352,0.104,0.283,0.00
149.41391,0.104,0.289,0.00
149.42454,0.106,0.289,0.00
149.43547,0.107,0.291,0.00
149.44565,0.107,0.291,0.00
149.45581,0.109,0.293,0.00
149.46663,0.109,0.293,0.00
149.47682,0.110,0.295,0.00
149.48767,0.110,0.295,0.00
149.49783,0.111,0.295,0.00
149.50897,0.111,0.295,0.00
149.51914,0.111,0.295,0.00
149.52930,0.111,0.297,0.00
149.53946,0.112,0.297,0.00
149.54964,0.112,0.297,0.00
149.55980,0.111,0.297,0.00
149.56996,0.111,0.297,0.00
149.58011,0.111,0.296,0.00
149.59081,0.111,0.296,0.00
149.60096,0.110,0.293,0.00
149.61111,0.108,0.293,0.00
149.62127,0.108,0.290,0.00
149.63189,0.107,0.290,0.00
149.64209,0.107,0.287,0.00
149.65249,0.107,0.287,0.00
149.66284,0.104,0.284,0.00
149.67300,0.104,0.284,0.00
149.68376,0.101,0.281,0.00
149.69392,0.098,0.278,0.00
149.70483,0.098,0.278,0.00
149.71506,0.096,0.279,0.00
149.72681,0.096,0.279,0.00
149.73784,0.094,0.279,0.00
149.74802,0.094,0.279,0.00
149.75817,0.092,0.279,0.00
149.76832,0.092,0.277,0.00
149.77846,0.089,0.277,0.00
149.78862,0.089,0.277,0.00
149.79877,0.086,0.273,0.00
149.80892,0.081,0.273,0.00
149.81911,0.081,0.273,0.00
149.82927,0.077,0.273,0.00
149.83951,0.077,0.279,0.00
149.84985,0.077,0.279,0.00
149.86018,0.077,0.279,0.00
149.87038,0.077,0.279,0.00
149.88058,0.075,0.281,0.00
149.89074,0.075,0.281,0.00
149.90097,0.072,0.279,0.00
149.91114,0.072,0.279,0.00
149.92195,0.068,0.281,0.00
149.93211,0.063,0.277,0.00
149.94227,0.063,0.277,0.00
149.95250,0.060,0.274,0.00
149.96266,0.060,0.274,0.00
149.97283,0.056,0.276,0.00
149.98299,0.056,0.276,0.00
149.99419,0.052,0.275,0.00
150.00437,0.052,0.275,0.00
150.01453,0.050,0.276,0.00
150.02569,0.050,0.276,0.00
150.03606,0.048,0.281,0.00
150.04624,0.048,0.281,0.00
150.05641,0.045,0.287,0.00
150.06661,0.045,0.287,0.00
150.07679,0.042,0.292,0.00
150.08707,0.042,0.292,0.00
150.09737,0.039,0.296,0.00
150.10752,0.039,0.296,0.00
150.11768,0.037,0.300,0.00
150.12814,0.037,0.300,0.00
150.13831,0.034,0.306,0.00
150.14878,0.034,0.312,0.00
150.15932,0.032,0.312,0.00
150.16943,0.032,0.312,0.00
150.17962,0.030,0.319,0.00
150.18990,0.028,0.319,0.00
150.20007,0.028,0.323,0.00
150.21026,0.028,0.323,0.00
150.22040,0.028,0.320,0.00
150.23065,0.029,0.314,0.00
150.24098,0.029,0.314,0.00
150.25116,0.029,0.307,0.00
150.26131,0.029,0.307,0.00
150.27166,0.030,0.299,0.00
150.28208,0.030,0.299,0.00
150.29225,0.030,0.299,0.00
150.30239,0.030,0.293,0.00
150.31254,0.029,0.289,0.00
150.32272,0.029,0.289,0.00
150.33288,0.029,0.289,0.00
150.34314,0.028,0.284,0.00
150.35330,0.026,0.281,0.00
150.36345,0.026,0.281,0.00
150.37360,0.026,0.275,0.00
150.38386,0.026,0.275,0.00
150.39409,0.026,0.270,0.00
150.40437,0.026,0.270,0.00
150.41466,0.025,0.264,0.00
150.42498,0.025,0.264,0.00
150.43530,0.024,0.264,0.00
150.44544,0.024,0.261,0.00
150.45558,0.022,0.261,0.00
150.46585,0.022,0.261,0.00
150.47605,0.022,0.257,0.00
150.48640,0.022,0.257,0.00
150.49656,0.023,0.254,0.00
150.50684,0.023,0.254,0.00
150.51710,0.022,0.253,0.00
150.52739,0.022,0.253,0.00
150.53767,0.019,0.248,0.00
150.54783,0.019,0.248,0.00
150.55802,0.016,0.242,0.00
150.56822,0.016,0.242,0.00
150.57838,0.013,0.240,0.00
150.58854,0.012,0.240,0.00
150.59868,0.012,0.238,0.00
150.60883,0.011,0.238,0.00
150.61906,0.011,0.240,0.00
150.62927,0.011,0.240,0.00
150.63941,0.011,0.243,0.00
150.64957,0.011,0.245,0.00
150.65974,0.009,0.245,0.00
150.66990,0.009,0.245,0.00
150.68006,0.008,0.250,0.00
150.69041,0.007,0.252,0.00
150.70056,0.007,0.252,0.00
150.71099,0.007,0.255,0.00
150.72125,0.007,0.255,0.00
150.73155,0.007,0.255,0.00
150.74170,0.006,0.255,0.00
150.75184,0.005,0.258,0.00
150.76200,0.005,0.264,0.00
150.77216,0.005,0.264,0.00
150.78231,0.005,0.273,0.00
150.79246,0.004,0.278,0.00
150.80264,0.004,0.278,0.00
150.81278,0.004,0.282,0.00
150.82295,0.003,0.282,0.00
150.83328,0.004,0.285,0.00
150.84345,0.004,0.285,0.00
150.85366,0.004,0.285,0.00
150.86382,0.004,0.286,0.00
150.87398,0.004,0.284,0.00
150.88435,0.004,0.284,0.00
150.89482,0.004,0.284,0.00
150.90503,0.004,0.284,0.00
150.91547,0.005,0.284,0.00
150.92572,0.005,0.284,0.00
150.93596,0.006,0.287,0.00
150.94610,0.006,0.287,0.00
150.95626,0.005,0.290,0.00
150.96660,0.005,0.290,0.00
150.97694,0.005,0.290,0.00
150.98751,0.005,0.290,0.00
150.99776,0.005,0.292,0.00
151.00798,0.004,0.297,0.00
151.01831,0.003,0.302,0.00
151.02846,0.003,0.302,0.00
151.03862,0.004,0.307,0.00
151.04889,0.005,0.307,0.00
151.05906,0.005,0.308,0.00
151.06945,0.005,0.311,0.00
151.07980,0.004,0.311,0.00
151.08995,0.004,0.311,0.00
151.10010,0.003,0.317,0.00
151.11026,0.003,0.317,0.00
151.12042,0.003,0.317,0.00
151.13057,0.003,0.317,0.00
151.14073,0.006,0.319,0.00
151.15100,0.006,0.319,0.00
151.16125,0.006,0.322,0.00
151.17139,0.003,0.322,0.00
151.18153,0.003,0.322,0.00
151.19168,0.001,0.320,0.00
151.20186,0.001,0.320,0.00
151.21203,0.001,0.318,0.00
151.22223,0.001,0.318,0.00
151.23238,0.001,0.317,0.00
151.24252,0.001,0.317,0.00
151.25268,0.001,0.316,0.00
151.26284,0.002,0.316,0.00
151.27300,0.002,0.314,0.00
151.28315,-0.001,0.314,0.00
151.29331,-0.001,0.313,0.00
151.30378,-0.022,0.313,0.00
151.31411,-0.065,0.316,0.00
151.32436,-0.065,0.316,0.00
151.33468,-0.015,0.328,0.00
151.34489,-0.015,0.328,0.00
151.35522,0.460,0.328,0.00
151.36547,0.460,0.344,0.00
151.37559,1.094,0.364,0.00
151.38574,1.094,0.364,0.00
151.39602,1.094,0.364,0.00
151.40668,1.862,0.391,0.00
151.41684,2.946,0.419,0.00
151.42718,2.946,0.419,0.00
151.43726,4.114,0.411,0.00
151.44850,4.114,0.411,0.00
151.45865,5.497,0.348,0.00
151.46880,6.757,0.268,0.00
151.47905,6.757,0.268,0.00
151.48942,6.757,0.192,0.00
151.49987,8.223,0.192,0.00
151.51004,9.722,0.126,0.00
151.52036,9.722,0.126,0.00
151.53065,11.004,0.126,0.00
151.55302,11.004,0.052,0.00
151.56321,12.122,-0.031,0.00
151.58192,12.982,-0.124,9.00
151.59208,12.982,-0.124,9.00
151.61330,12.982,-0.124,9.00
151.62381,13.459,-0.231,9.00
151.63423,13.459,-0.473,9.00
151.64530,13.567,-0.473,9.00
151.65561,13.803,-0.776,9.00
151.66589,13.803,-0.776,9.00
151.67753,14.136,-1.007,9.00
151.68783,14.136,-1.007,9.00
151.69811,14.557,-1.086,9.00
151.70984,14.634,-1.084,9.00
151.72002,14.634,-1.084,9.00
151.73045,14.634,-1.005,9.00
151.74151,14.146,-1.005,9.00
151.75182,13.129,-1.005,9.00
151.76213,13.129,-0.879,9.00
151.77352,11.839,-0.761,9.00
151.78375,11.839,-0.761,9.00
151.79390,10.430,-0.661,9.00
151.82150,8.780,-0.661,9.00
151.83185,7.043,-0.491,9.00
151.85411,5.515,-0.402,9.00
151.86427,5.515,-0.402,9.00
151.88503,4.081,-0.323,9.50
151.89521,2.730,-0.255,9.50
151.91801,1.563,-0.222,9.50
151.92818,1.563,-0.222,9.50
151.93836,0.528,-0.222,9.50
151.95019,0.528,-0.213,10.00
151.96035,0.528,-0.213,10.00
151.97054,0.528,-0.213,10.00
151.98182,0.528,-0.213,11.00
151.99235,0.528,-0.213,11.00
152.00270,0.043,-0.223,11.00
152.01385,0.617,-0.248,12.50
152.02543,1.027,-0.275,12.50
152.03560,1.074,-0.358,12.50
152.04669,1.074,-0.358,14.50
152.05714,0.651,-0.529,14.50
152.06741,0.651,-0.529,14.50
152.09394,0.177,-1.112,17.50
152.10428,-0.020,-1.112,17.50
152.12671,-0.063,-1.982,21.00
152.13711,-0.063,-1.982,21.00
152.15756,-0.063,-1.982,24.00
152.16788,-0.063,-2.510,24.00
152.19025,0.005,-3.776,26.50
152.20057,0.005,-3.776,26.50
152.22109,0.005,-3.776,27.50
152.23128,0.053,-4.406,27.50
152.24144,0.075,-5.042,27.50
152.25420,0.070,-5.738,28.50
152.26478,0.070,-5.738,28.50
152.27519,0.053,-6.446,28.50
152.28791,0.053,-6.446,29.00
152.29818,0.027,-7.104,29.00
152.30837,0.027,-7.104,29.00
152.31852,0.004,-7.724,29.00
152.32868,-0.012,-8.225,29.00
152.33885,-0.012,-8.225,29.00
152.34996,-0.012,-8.459,29.50
152.36029,-0.012,-8.459,29.50
152.37083,-0.004,-8.394,29.50
152.38160,-0.004,-8.394,29.50
152.39177,0.004,-7.259,29.50
152.40248,0.004,-7.259,29.50
152.42924,0.004,-7.259,29.50
152.43943,0.006,-4.933,29.50
152.46148,0.006,-3.456,29.50
152.47176,0.005,-1.626,29.50
152.49305,0.008,-1.626,29.50
152.50325,0.012,0.120,29.50
152.51373,0.011,1.889,29.50
152.52827,0.011,1.889,29.50
152.53846,0.012,3.658,29.50
152.55788,0.015,5.395,29.50
152.56908,0.015,5.395,29.50
152.57935,0.022,7.024,29.50
152.59127,0.029,8.556,29.50
152.60143,0.029,8.556,29.50
152.61158,0.029,8.556,29.50
152.62191,0.039,9.940,29.50
152.63209,0.039,9.940,29.50
152.64226,0.057,11.370,29.50
152.65362,0.089,11.370,29.50
152.66401,0.089,12.545,29.50
152.67417,0.132,13.614,29.50
152.68515,0.132,13.614,29.50
152.69537,0.177,14.633,29.50
152.70557,0.177,14.633,29.50
152.73380,0.265,16.376,29.50
152.74401,0.265,16.376,29.50
152.76590,0.299,17.078,29.50
152.77629,0.327,17.643,29.50
152.79719,0.327,17.643,29.50
152.80741,0.353,18.205,29.50
152.83166,0.374,18.606,29.50
152.84184,0.392,18.956,29.50
152.86115,0.392,19.135,29.50
152.87136,0.397,19.135,29.50
152.88151,0.390,19.285,29.50
152.89377,0.383,19.430,29.50
152.90407,0.383,19.430,29.50
152.91422,0.367,19.452,29.50
152.92684,0.367,19.452,29.50
152.93706,0.352,19.455,29.50
152.94858,0.352,19.455,29.50
152.96144,0.336,19.455,29.50
152.97178,0.326,19.353,29.50
152.98230,0.326,19.199,29.50
153.00787,0.326,18.874,29.50
153.01805,0.305,18.874,29.50
153.02822,0.305,18.874,0.00
153.03899,0.290,18.714,0.00
153.04951,0.290,18.714,0.00
153.05966,0.273,18.504,0.00
153.06982,0.273,18.504,0.00
153.07996,0.261,18.315,0.00
153.09011,0.261,18.315,0.00
153.10026,0.257,18.098,0.00
153.11040,0.249,18.098,0.00
153.12055,0.249,17.850,0.00
153.13257,0.249,17.850,0.00
153.14273,0.251,17.575,0.00
153.15287,0.254,17.259,0.00
153.16308,0.254,17.259,0.00
153.17323,0.254,17.259,0.00
153.18337,0.258,16.928,0.00
153.19520,0.258,16.928,0.00
153.20541,0.271,16.590,0.00
153.21587,0.301,16.187,0.00
153.22609,0.301,16.187,0.00
153.23646,0.337,15.674,0.00
153.24679,0.337,15.674,0.00
153.25695,0.352,15.036,0.00
153.26718,0.352,15.036,0.00
153.27735,0.338,14.222,0.00
153.28750,0.338,14.222,0.00
153.29884,0.338,14.222,0.00
153.30916,0.331,13.365,0.00
153.31973,0.331,12.307,0.00
153.32988,0.331,12.307,0.00
153.34003,0.329,11.119,0.00
153.35019,0.333,11.119,0.00
153.36034,0.333,9.893,0.00
153.37049,0.372,9.893,0.00
153.38138,0.372,8.542,0.00
153.39177,0.416,8.542,0.00
153.40213,0.416,7.068,0.00
153.41279,0.416,7.068,0.00
153.42296,0.431,5.533,0.00
153.43324,0.440,3.745,0.00
153.44355,0.440,3.745,0.00
153.45372,0.462,2.141,0.00
153.46388,0.462,2.141,0.00
153.47404,0.462,2.141,0.00
153.48419,0.468,0.648,0.00
153.49445,0.451,-0.732,0.00
153.50555,0.451,-0.732,0.00
153.51571,0.429,-1.940,0.00
153.52587,0.429,-1.940,0.00
153.53603,0.429,-1.940,0.00
153.54618,0.429,-2.926,0.00
153.55710,0.340,-3.692,0.00
153.56763,0.340,-3.692,0.00
153.57779,0.273,-4.206,0.00
153.58796,0.273,-4.206,0.00
153.59812,0.273,-4.206,0.00
153.60932,0.273,-4.206,0.00
153.61948,0.207,-4.452,0.00
153.62964,0.140,-4.405,0.00
153.63980,0.085,-4.405,0.00
153.64994,0.052,-4.219,0.00
153.66009,0.052,-4.219,0.00
153.67026,0.038,-3.867,0.00
153.68042,0.038,-3.867,0.00
153.69060,0.031,-3.299,0.00
153.70081,0.031,-3.299,0.00
153.71157,0.017,-2.543,0.00
153.72174,0.017,-2.543,0.00
153.73264,-0.002,-1.838,0.00
153.74285,-0.002,-1.838,0.00
153.75308,-0.019,-1.838,0.00
153.76324,-0.019,-1.628,0.00
153.77340,-0.035,-1.737,0.00
153.78356,-0.035,-1.737,0.00
153.79373,-0.048,-1.784,0.00
153.80388,-0.048,-1.784,0.00
153.81459,-0.048,-1.784,0.00
153.82589,-0.059,-1.762,0.00
153.83611,-0.070,-1.733,0.00
153.84627,-0.070,-1.733,0.00
153.85643,-0.079,-1.704,0.00
153.86712,-0.079,-1.704,0.00
153.87728,-0.085,-1.688,0.00
153.88744,-0.088,-1.630,0.00
153.89760,-0.088,-1.630,0.00
153.90775,-0.088,-1.630,0.00
153.91813,-0.088,-1.494,0.00
153.92831,-0.083,-1.494,0.00
153.93868,-0.083,-1.281,0.00
153.95050,-0.077,-1.281,0.00
153.96066,-0.077,-1.108,0.00
153.97081,-0.077,-0.986,0.00
153.98097,-0.071,-0.986,0.00
153.99112,-0.066,-0.879,0.00
154.00129,-0.066,-0.879,0.00
154.01223,-0.057,-0.763,0.00
154.02238,-0.057,-0.763,0.00
154.03254,-0.057,-0.763,0.00
154.04269,-0.041,-0.654,0.00
154.05292,-0.041,-0.654,0.00
154.06311,-0.016,-0.564,0.00
154.07327,0.013,-0.481,0.00
154.08370,0.013,-0.481,0.00
154.09365,0.046,-0.407,0.00
154.10391,0.046,-0.407,0.00
154.11408,0.081,-0.365,0.00
154.12424,0.081,-0.365,0.00
154.13440,0.112,-0.320,0.00
154.14459,0.112,-0.320,0.00
154.15501,0.112,-0.320,0.00
154.16527,0.141,-0.249,0.00
154.17559,0.167,-0.178,0.00
154.18590,0.167,-0.178,0.00
154.19606,0.184,-0.122,0.00
154.20620,0.184,-0.122,0.00
154.21636,0.195,-0.076,0.00
154.22664,0.195,-0.076,0.00
154.23849,0.201,-0.033,0.00
154.24864,0.201,-0.033,0.00
154.26107,0.203,-0.011,0.00
154.27137,0.204,-0.011,0.00
154.28169,0.204,-0.015,0.00
154.29185,0.204,-0.015,0.00
154.30201,0.206,-0.019,0.00
154.31216,0.206,-0.019,0.00
154.32235,0.207,-0.023,0.00
154.33258,0.207,-0.023,0.00
154.34273,0.208,-0.031,0.00
154.35290,0.211,-0.046,0.00
154.36309,0.211,-0.046,0.00
154.37326,0.211,-0.068,0.00
154.38342,0.211,-0.068,0.00
154.39359,0.211,-0.068,0.00
154.40519,0.213,-0.086,0.00
154.41543,0.216,-0.096,0.00
154.42618,0.216,-0.096,0.00
154.43636,0.217,-0.104,0.00
154.44652,0.217,-0.104,0.00
154.45676,0.237,-0.117,0.00
154.46705,0.237,-0.117,0.00
154.47721,0.267,-0.129,0.00
154.48741,0.267,-0.129,0.00
154.49756,0.294,-0.129,0.00
154.50776,0.294,-0.139,0.00
154.51879,0.329,-0.142,0.00
154.52920,0.329,-0.142,0.00
154.54564,0.371,-0.142,0.00
154.56176,0.414,-0.153,0.00
154.58277,0.451,-0.153,0.00
154.59988,0.487,-0.157,0.00
154.61163,0.487,-0.157,0.00
154.63352,0.526,-0.141,0.00
154.64829,0.567,-0.117,0.00
154.66458,0.614,-0.072,0.00
154.69365,0.711,0.070,0.00
154.70500,0.711,0.070,0.00
154.73199,0.759,0.158,0.00
154.74366,0.802,0.277,0.00
154.76073,0.837,0.277,0.00
154.77627,0.837,0.401,0.00
154.79333,0.837,0.401,0.00
154.81396,0.837,0.551,0.00
154.82567,0.886,0.724,0.00
154.83967,0.886,0.907,0.00
154.85136,0.890,1.095,0.00
154.86701,0.880,1.095,0.00
154.88272,0.850,1.289,0.00
154.89543,0.806,1.475,0.00
154.90620,0.806,1.475,0.00
154.91772,0.806,1.475,0.00
154.93052,0.754,1.862,0.00
154.94758,0.710,1.862,0.00
154.96309,0.710,1.862,0.00
154.97944,0.668,2.037,0.00
154.99515,0.603,2.202,0.00
155.01323,0.401,2.343,0.00
155.02494,0.401,2.450,0.00
155.03884,0.401,2.519,0.00
155.04948,0.308,2.519,0.00
155.06636,0.224,2.550,0.00
155.07817,0.224,2.550,0.00
155.08858,0.145,2.583,0.00
155.10445,0.086,2.650,0.00
