time,contralateral_sh_el_deg,sh_el_deg,stim_curr
0.00277,-2.253,2.215,0.00
0.01296,-2.253,2.215,0.00
0.02389,-2.251,2.210,0.00
0.03434,-2.251,2.210,0.00
0.04455,-2.251,2.210,0.00
0.05519,-2.246,2.206,0.00
0.06535,-2.243,2.200,0.00
0.07627,-2.243,2.200,0.00
0.08664,-2.247,2.197,0.00
0.09699,-2.250,2.196,0.00
0.10715,-2.250,2.196,0.00
0.11748,-2.246,2.195,0.00
0.12809,-2.246,2.195,0.00
0.13905,-2.240,2.197,0.00
0.14921,-2.240,2.197,0.00
0.15937,-2.240,2.197,0.00
0.17000,-2.230,2.196,0.00
0.18034,-2.219,2.205,0.00
0.19050,-2.219,2.205,0.00
0.20141,-2.210,2.221,0.00
0.21185,-2.210,2.221,0.00
0.22209,-2.200,2.229,0.00
0.23242,-2.200,2.229,0.00
0.24266,-2.189,2.244,0.00
0.25317,-2.189,2.244,0.00
0.26333,-2.175,2.257,0.00
0.27350,-2.175,2.257,0.00
0.28366,-2.175,2.272,0.00
0.29535,-2.162,2.292,0.00
0.30927,-2.153,2.292,0.00
0.31943,-2.153,2.314,0.00
0.32960,-2.144,2.314,0.00
0.34043,-2.137,2.327,0.00
0.35060,-2.137,2.327,0.00
0.36079,-2.130,2.332,0.00
0.37123,-2.130,2.332,0.00
0.38189,-2.127,2.343,0.00
0.39226,-2.127,2.343,0.00
0.40246,-2.127,2.343,0.00
0.41269,-2.127,2.360,0.00
0.42311,-2.131,2.375,0.00
0.43328,-2.131,2.375,0.00
0.44347,-2.134,2.395,0.00
0.45364,-2.134,2.395,0.00
0.46379,-2.143,2.417,0.00
0.47521,-2.143,2.436,0.00
0.48538,-2.153,2.436,0.00
0.49554,-2.153,2.436,0.00
0.50573,-2.170,2.448,0.00
0.51589,-2.201,2.448,0.00
0.52606,-2.201,2.468,0.00
0.53625,-2.201,2.468,0.00
0.54643,-2.248,2.483,0.00
0.55659,-2.248,2.483,0.00
0.56676,-2.305,2.490,0.00
0.57691,-2.305,2.490,0.00
0.58708,-2.373,2.492,0.00
0.59724,-2.373,2.503,0.00
0.60741,-2.442,2.503,0.00
0.61758,-2.524,2.513,0.00
0.62774,-2.524,2.513,0.00
0.63901,-2.524,2.513,0.00
0.64920,-2.610,2.524,0.00
0.66043,-2.610,2.524,0.00
0.67059,-2.691,2.529,0.00
0.68075,-2.767,2.535,0.00
0.69093,-2.767,2.535,0.00
0.70127,-2.767,2.535,0.00
0.71196,-2.834,2.546,0.00
0.72287,-2.888,2.554,0.00
0.73309,-2.888,2.554,0.00
0.74347,-2.936,2.561,0.00
0.75365,-2.936,2.561,0.00
0.76381,-2.976,2.563,0.00
0.77405,-2.976,2.563,0.00
0.78473,-3.007,2.566,0.00
0.79489,-3.007,2.566,0.00
0.80506,-3.007,2.566,0.00
0.81563,-3.034,2.552,0.00
0.82580,-3.055,2.516,0.00
0.83599,-3.055,2.476,0.00
0.84615,-3.073,2.476,0.00
0.85632,-3.073,2.476,0.00
0.86647,-3.085,2.446,0.00
0.87663,-3.093,2.409,0.00
0.88679,-3.093,2.409,0.00
0.89718,-3.097,2.373,0.00
0.90755,-3.097,2.373,0.00
0.91871,-3.096,2.329,0.00
0.92905,-3.096,2.329,0.00
0.93941,-3.094,2.280,0.00
0.94967,-3.094,2.280,0.00
0.96015,-3.091,2.231,0.00
0.97052,-3.091,2.231,0.00
0.98120,-3.088,2.191,0.00
0.99151,-3.088,2.191,0.00
1.00212,-3.088,2.191,0.00
1.01244,-3.081,2.152,0.00
1.02272,-3.070,2.106,0.00
1.03329,-3.070,2.053,0.00
1.04363,-3.055,2.053,0.00
1.05404,-3.037,2.009,0.00
1.06438,-3.037,2.009,0.00
1.07482,-3.037,1.964,0.00
1.08531,-3.018,1.964,0.00
1.09546,-3.018,1.964,0.00
1.10563,-2.998,1.917,0.00
1.11583,-2.998,1.917,0.00
1.12599,-2.978,1.872,0.00
1.13625,-2.978,1.872,0.00
1.14657,-2.958,1.826,0.00
1.15706,-2.958,1.826,0.00
1.16737,-2.938,1.785,0.00
1.17771,-2.938,1.785,0.00
1.18802,-2.914,1.753,0.00
1.19843,-2.887,1.753,0.00
1.20866,-2.887,1.722,0.00
1.21883,-2.857,1.722,0.00
1.22901,-2.857,1.699,0.00
1.23917,-2.827,1.699,0.00
1.24934,-2.827,1.677,0.00
1.25950,-2.795,1.657,0.00
1.26995,-2.795,1.657,0.00
1.28032,-2.761,1.639,0.00
1.29075,-2.761,1.639,0.00
1.30117,-2.729,1.639,0.00
1.31143,-2.729,1.629,0.00
1.32168,-2.704,1.616,0.00
1.33217,-2.704,1.616,0.00
1.34249,-2.675,1.609,0.00
1.35290,-2.675,1.609,0.00
1.36318,-2.649,1.609,0.00
1.37492,-2.649,1.609,0.00
1.38519,-2.628,1.611,0.00
1.39534,-2.613,1.611,0.00
1.40549,-2.613,1.619,0.00
1.41564,-2.607,1.619,0.00
1.42580,-2.607,1.634,0.00
1.43597,-2.608,1.654,0.00
1.44612,-2.608,1.654,0.00
1.45636,-2.611,1.669,0.00
1.46689,-2.611,1.669,0.00
1.47723,-2.611,1.669,0.00
1.48786,-2.620,1.680,0.00
1.49833,-2.631,1.695,0.00
1.50858,-2.631,1.695,0.00
1.51889,-2.646,1.710,0.00
1.52907,-2.646,1.710,0.00
1.53941,-2.646,1.721,0.00
1.54974,-2.659,1.721,0.00
1.56006,-2.668,1.728,0.00
1.57057,-2.668,1.728,0.00
1.58084,-2.668,1.732,0.00
1.59109,-2.674,1.732,0.00
1.60135,-2.681,1.731,0.00
1.61150,-2.681,1.731,0.00
1.62164,-2.681,1.729,0.00
1.63258,-2.687,1.729,0.00
1.64348,-2.695,1.725,0.00
1.65364,-2.695,1.706,0.00
1.66380,-2.703,1.706,0.00
1.67398,-2.712,1.706,0.00
1.68416,-2.712,1.685,0.00
1.69436,-2.727,1.685,0.00
1.70451,-2.727,1.669,0.00
1.71468,-2.727,1.669,0.00
1.72483,-2.727,1.650,0.00
1.73525,-2.745,1.650,0.00
1.74547,-2.768,1.626,0.00
1.75567,-2.768,1.626,0.00
1.76584,-2.793,1.590,0.00
1.77605,-2.793,1.590,0.00
1.78636,-2.822,1.552,0.00
1.79652,-2.855,1.515,0.00
1.80667,-2.855,1.515,0.00
1.81698,-2.855,1.515,0.00
1.82714,-2.891,1.515,0.00
1.83730,-2.891,1.443,0.00
1.84748,-2.932,1.443,0.00
1.85764,-2.974,1.420,0.00
1.86779,-2.974,1.420,0.00
1.87798,-3.013,1.408,0.00
1.88813,-3.013,1.408,0.00
1.89836,-3.050,1.406,0.00
1.90851,-3.050,1.406,0.00
1.91867,-3.087,1.407,0.00
1.92883,-3.087,1.407,0.00
1.93899,-3.123,1.415,0.00
1.94915,-3.123,1.415,0.00
1.95936,-3.157,1.428,0.00
1.96968,-3.157,1.428,0.00
1.97984,-3.184,1.447,0.00
1.99000,-3.184,1.447,0.00
2.00029,-3.213,1.480,0.00
2.01040,-3.213,1.480,0.00
2.02073,-3.213,1.480,0.00
2.03091,-3.237,1.512,0.00
2.04115,-3.258,1.540,0.00
2.05131,-3.258,1.540,0.00
2.06146,-3.274,1.561,0.00
2.07203,-3.274,1.561,0.00
2.08181,-3.282,1.592,0.00
2.09201,-3.282,1.592,0.00
2.10228,-3.285,1.625,0.00
2.11241,-3.285,1.625,0.00
2.12261,-3.279,1.653,0.00
2.13280,-3.279,1.653,0.00
2.14298,-3.266,1.674,0.00
2.15314,-3.266,1.674,0.00
2.16330,-3.246,1.674,0.00
2.17348,-3.246,1.705,0.00
2.18365,-3.203,1.735,0.00
2.19391,-3.203,1.735,0.00
2.20426,-3.141,1.765,0.00
2.21442,-3.141,1.765,0.00
2.22486,-3.066,1.797,0.00
2.23531,-3.066,1.797,0.00
2.24549,-2.990,1.817,0.00
2.25566,-2.916,1.817,0.00
2.26583,-2.916,1.837,0.00
2.27599,-2.839,1.837,0.00
2.28663,-2.839,1.852,0.00
2.29679,-2.770,1.852,0.00
2.30694,-2.770,1.861,0.00
2.31743,-2.715,1.861,0.00
2.32772,-2.715,1.866,0.00
2.33787,-2.686,1.866,0.00
2.34803,-2.686,1.860,0.00
2.35824,-2.674,1.846,0.00
2.36855,-2.674,1.846,0.00
2.37941,-2.683,1.835,0.00
2.38981,-2.683,1.835,0.00
2.39993,-2.683,1.835,0.00
2.41015,-2.713,1.829,0.00
2.42026,-2.754,1.844,0.00
2.43041,-2.754,1.844,0.00
2.44057,-2.799,1.855,0.00
2.45085,-2.799,1.855,0.00
2.46101,-2.845,1.863,0.00
2.47223,-2.845,1.863,0.00
2.48239,-2.903,1.864,0.00
2.49255,-2.903,1.864,0.00
2.50270,-2.957,1.862,0.00
2.51298,-2.957,1.862,0.00
2.52313,-3.003,1.857,0.00
2.53362,-3.003,1.857,0.00
2.54380,-3.003,1.853,0.00
2.55437,-3.043,1.853,0.00
2.56455,-3.080,1.844,0.00
2.57499,-3.080,1.826,0.00
2.58521,-3.120,1.826,0.00
2.59552,-3.120,1.826,0.00
2.60605,-3.120,1.811,0.00
2.61621,-3.168,1.797,0.00
2.62678,-3.223,1.797,0.00
2.63726,-3.223,1.773,0.00
2.64743,-3.273,1.773,0.00
2.65764,-3.273,1.750,0.00
2.66780,-3.302,1.750,0.00
2.67801,-3.311,1.723,0.00
2.68816,-3.311,1.723,0.00
2.69843,-3.311,1.691,0.00
2.70871,-3.311,1.691,0.00
2.72019,-3.311,1.691,0.00
2.73035,-3.323,1.653,0.00
2.74058,-3.345,1.613,0.00
2.75108,-3.345,1.613,0.00
2.76125,-3.354,1.561,0.00
2.77141,-3.354,1.561,0.00
2.78181,-3.347,1.520,0.00
2.79210,-3.347,1.520,0.00
2.80245,-3.333,1.476,0.00
2.81261,-3.333,1.476,0.00
2.82340,-3.313,1.422,0.00
2.83378,-3.313,1.422,0.00
2.84405,-3.290,1.367,0.00
2.85511,-3.290,1.305,0.00
2.86528,-3.272,1.305,0.00
2.87547,-3.272,1.305,0.00
2.88562,-3.265,1.248,0.00
2.89587,-3.265,1.248,0.00
2.90603,-3.261,1.190,0.00
2.91623,-3.241,1.114,0.00
2.92651,-3.241,1.114,0.00
2.93667,-3.182,1.010,0.00
2.94683,-3.182,1.010,0.00
2.95698,-3.085,0.899,0.00
2.96717,-3.085,0.899,0.00
2.97737,-3.085,0.802,0.00
2.98753,-2.924,0.802,0.00
2.99768,-2.924,0.744,0.00
3.00801,-2.657,0.744,0.00
3.01921,-2.354,0.715,0.00
3.02937,-2.354,0.715,0.00
3.03971,-2.062,0.678,0.00
3.04987,-2.062,0.678,0.00
3.06003,-1.814,0.638,0.00
3.07044,-1.814,0.638,0.00
3.08060,-1.647,0.611,0.00
3.09091,-1.647,0.611,0.00
3.10117,-1.537,0.547,0.00
3.11159,-1.537,0.547,0.00
3.12176,-1.469,0.407,0.00
3.13192,-1.469,0.407,0.00
3.14208,-1.422,0.407,0.00
3.15265,-1.422,0.178,0.00
3.16292,-1.370,-0.073,0.00
3.17658,-1.370,-0.073,0.00
3.18673,-1.284,-0.339,0.00
3.19711,-1.284,-0.586,0.00
3.20733,-1.191,-0.586,0.00
3.21749,-1.191,-0.586,0.00
3.22772,-1.096,-0.790,0.00
3.23878,-0.999,-0.956,0.00
3.24893,-0.999,-0.956,0.00
3.25909,-0.999,-1.068,0.00
3.26943,-0.931,-1.068,0.00
3.27959,-0.832,-1.108,0.00
3.28975,-0.832,-1.108,0.00
3.29993,-0.842,-1.211,0.00
3.31011,-0.842,-1.211,0.00
3.32049,-0.854,-1.323,0.00
3.33130,-0.854,-1.323,0.00
3.34149,-0.877,-1.437,0.00
3.35163,-0.877,-1.437,0.00
3.36188,-0.901,-1.562,0.00
3.37213,-0.901,-1.562,0.00
3.38261,-0.924,-1.685,0.00
3.39288,-0.924,-1.685,0.00
3.40361,-0.931,-1.807,0.00
3.41376,-0.933,-1.807,0.00
3.42395,-0.933,-1.907,0.00
3.43415,-0.942,-1.907,0.00
3.44441,-0.942,-1.983,0.00
3.45493,-0.942,-1.983,0.00
3.46523,-0.961,-2.060,0.00
3.47558,-0.993,-2.060,0.00
3.48575,-0.993,-2.146,0.00
3.49591,-0.993,-2.146,0.00
3.50607,-1.034,-2.271,0.00
3.51623,-1.034,-2.436,0.00
3.52639,-1.065,-2.436,0.00
3.53666,-1.053,-2.617,0.00
3.54683,-1.053,-2.617,0.00
3.55706,-1.053,-2.617,0.00
3.56785,-0.955,-2.789,0.00
3.57886,-0.741,-2.954,0.00
3.58916,-0.741,-2.954,0.00
3.59935,-0.397,-3.098,0.00
3.60950,-0.397,-3.098,0.00
3.61973,-0.105,-3.219,0.00
3.62988,-0.105,-3.219,0.00
3.64022,0.236,-3.281,0.00
3.65062,0.236,-3.281,0.00
3.66099,0.598,-3.318,0.00
3.67126,0.598,-3.318,0.00
3.68248,0.903,-3.338,0.00
3.69324,0.903,-3.338,0.00
3.70353,1.172,-3.307,0.00
3.71484,1.172,-3.307,0.00
3.72500,1.424,-3.204,0.00
3.73515,1.424,-3.204,0.00
3.74531,1.666,-3.051,0.00
3.75561,1.666,-3.051,0.00
3.76577,1.817,-2.908,0.00
3.77594,1.866,-2.837,0.00
3.78610,1.866,-2.837,0.00
3.79691,1.866,-2.837,0.00
3.80719,1.803,-2.856,0.00
3.81762,1.670,-2.900,0.00
3.82778,1.670,-2.900,0.00
3.83847,1.506,-2.979,0.00
3.84863,1.506,-2.979,0.00
3.85901,1.305,-3.091,0.00
3.86943,1.305,-3.091,0.00
3.87960,1.086,-3.174,0.00
3.89013,1.086,-3.174,0.00
3.90038,0.861,-3.225,0.00
3.91159,0.861,-3.225,0.00
3.92183,0.654,-3.247,0.00
3.93219,0.654,-3.247,0.00
3.94238,0.492,-3.191,0.00
3.95268,0.492,-3.191,0.00
3.96283,0.368,-3.166,0.00
3.97297,0.368,-3.166,0.00
3.98313,0.290,-3.186,0.00
3.99334,0.290,-3.186,0.00
4.00350,0.268,-3.252,0.00
4.01369,0.268,-3.252,0.00
4.02386,0.288,-3.351,0.00
4.03403,0.288,-3.351,0.00
4.04426,0.342,-3.448,0.00
4.05474,0.390,-3.556,0.00
4.06523,0.390,-3.556,0.00
4.07549,0.390,-3.556,0.00
4.08581,0.393,-3.649,0.00
4.09631,0.393,-3.649,0.00
4.10656,0.358,-3.742,0.00
4.11671,0.358,-3.882,0.00
4.12692,0.266,-3.882,0.00
4.13716,0.266,-3.882,0.00
4.14742,0.147,-4.019,0.00
4.15766,0.039,-4.121,0.00
4.16796,0.039,-4.121,0.00
4.17847,-0.058,-4.196,0.00
4.18834,-0.058,-4.196,0.00
4.19851,-0.171,-4.248,0.00
4.20866,-0.171,-4.248,0.00
4.21896,-0.171,-4.248,0.00
4.22911,-0.291,-4.281,0.00
4.23928,-0.410,-4.317,0.00
4.24944,-0.410,-4.317,0.00
4.25961,-0.532,-4.371,0.00
4.27012,-0.532,-4.371,0.00
4.28043,-0.667,-4.455,0.00
4.29083,-0.667,-4.455,0.00
4.30121,-0.814,-4.558,0.00
4.31232,-0.814,-4.558,0.00
4.32248,-0.986,-4.702,0.00
4.33274,-0.986,-4.702,0.00
4.34323,-1.181,-4.852,0.00
4.35357,-1.181,-4.852,0.00
4.36373,-1.379,-4.969,0.00
4.37389,-1.379,-4.969,0.00
4.38418,-1.575,-5.063,0.00
4.39431,-1.575,-5.063,0.00
4.40456,-1.750,-5.113,0.00
4.41763,-1.884,-5.124,0.00
4.42777,-1.884,-5.124,0.00
4.43809,-1.961,-5.167,0.00
4.44837,-1.961,-5.167,0.00
4.45867,-1.992,-5.167,0.00
4.46885,-1.992,-5.254,0.00
4.47913,-1.992,-5.254,0.00
4.48928,-1.982,-5.386,0.00
4.49944,-1.982,-5.386,0.00
4.50959,-1.963,-5.521,0.00
4.51975,-1.944,-5.634,0.00
4.52990,-1.944,-5.634,0.00
4.54005,-1.957,-5.752,0.00
4.55045,-1.957,-5.752,0.00
4.56066,-2.020,-5.874,0.00
4.57090,-2.020,-5.874,0.00
4.58115,-2.128,-5.977,0.00
4.59129,-2.128,-5.977,0.00
4.60162,-2.243,-6.012,0.00
4.61181,-2.243,-6.012,0.00
4.62206,-2.345,-5.985,0.00
4.63220,-2.345,-5.985,0.00
4.64235,-2.422,-5.985,0.00
4.65264,-2.422,-5.904,0.00
4.66286,-2.475,-5.805,0.00
4.67320,-2.475,-5.805,0.00
4.68339,-2.502,-5.694,0.00
4.69378,-2.536,-5.694,0.00
4.70394,-2.536,-5.597,0.00
4.71411,-2.536,-5.597,0.00
4.72427,-2.587,-5.513,0.00
4.73455,-2.587,-5.513,0.00
4.74480,-2.657,-5.494,0.00
4.75495,-2.657,-5.494,0.00
4.76520,-2.741,-5.461,0.00
4.77662,-2.834,-5.367,0.00
4.78677,-2.834,-5.367,0.00
4.79735,-2.924,-5.210,0.00
4.80750,-2.924,-5.210,0.00
4.81911,-2.983,-5.001,0.00
4.82962,-2.983,-5.001,0.00
4.84041,-2.996,-4.767,0.00
4.85079,-2.996,-4.767,0.00
4.86111,-2.996,-4.512,0.00
4.87140,-2.961,-4.512,0.00
4.88181,-2.890,-4.281,0.00
4.89216,-2.890,-4.281,0.00
4.90244,-2.792,-4.281,0.00
4.91261,-2.792,-4.098,0.00
4.92275,-2.682,-3.961,0.00
4.93290,-2.682,-3.961,0.00
4.94305,-2.548,-3.871,0.00
4.95320,-2.548,-3.871,0.00
4.96335,-2.396,-3.784,0.00
4.97350,-2.396,-3.784,0.00
4.98365,-2.228,-3.685,0.00
4.99380,-2.228,-3.685,0.00
5.00394,-2.065,-3.566,0.00
5.01409,-2.065,-3.566,0.00
5.02435,-1.865,-3.426,0.00
5.03450,-1.865,-3.426,0.00
5.04466,-1.656,-3.306,0.00
5.05483,-1.656,-3.221,0.00
5.06499,-1.458,-3.221,0.00
5.07514,-1.458,-3.196,0.00
5.08539,-1.313,-3.196,0.00
5.09569,-1.313,-3.196,0.00
5.10585,-1.220,-3.200,0.00
5.11612,-1.181,-3.200,0.00
5.12637,-1.181,-3.188,0.00
5.13651,-1.206,-3.148,0.00
5.14669,-1.206,-3.148,0.00
5.15686,-1.293,-3.091,0.00
5.16702,-1.293,-3.091,0.00
5.17718,-1.426,-3.048,0.00
5.18732,-1.426,-3.048,0.00
5.19781,-1.596,-3.039,0.00
5.20796,-1.596,-3.039,0.00
5.21828,-1.596,-3.044,0.00
5.22845,-1.789,-3.044,0.00
5.23894,-1.973,-3.088,0.00
5.24911,-1.973,-3.088,0.00
5.25928,-2.115,-3.150,0.00
5.26947,-2.115,-3.150,0.00
5.27969,-2.191,-3.253,0.00
5.28985,-2.191,-3.253,0.00
5.30002,-2.191,-3.253,0.00
5.31074,-2.217,-3.399,0.00
5.32090,-2.234,-3.568,0.00
5.33110,-2.234,-3.568,0.00
5.34126,-2.262,-3.711,0.00
5.35243,-2.262,-3.711,0.00
5.36261,-2.280,-3.830,0.00
5.37302,-2.280,-3.830,0.00
5.38317,-2.287,-3.901,0.00
5.39333,-2.287,-3.923,0.00
5.40352,-2.294,-3.923,0.00
5.41395,-2.294,-3.923,0.00
5.42417,-2.300,-3.863,0.00
5.43477,-2.300,-3.754,0.00
5.44499,-2.318,-3.754,0.00
5.45537,-2.318,-3.754,0.00
5.46583,-2.346,-3.587,0.00
5.47599,-2.361,-3.587,0.00
5.48614,-2.361,-3.391,0.00
5.49629,-2.370,-3.391,0.00
5.50644,-2.370,-3.156,0.00
5.51679,-2.381,-3.156,0.00
5.52703,-2.381,-2.870,0.00
5.53739,-2.396,-2.569,0.00
5.54772,-2.396,-2.569,0.00
5.55834,-2.418,-2.251,0.00
5.56849,-2.418,-2.251,0.00
5.57865,-2.418,-1.992,0.00
5.58881,-2.449,-1.992,0.00
5.59895,-2.486,-1.748,0.00
5.60910,-2.486,-1.748,0.00
5.61925,-2.525,-1.549,0.00
5.62948,-2.525,-1.549,0.00
5.63993,-2.544,-1.388,0.00
5.64996,-2.544,-1.388,0.00
5.66022,-2.547,-1.268,0.00
5.67043,-2.547,-1.268,0.00
5.68059,-2.545,-1.187,0.00
5.69076,-2.545,-1.187,0.00
5.70097,-2.543,-1.123,0.00
5.71114,-2.543,-1.123,0.00
5.72130,-2.535,-1.069,0.00
5.73167,-2.535,-1.069,0.00
5.74195,-2.522,-1.005,0.00
5.75381,-2.522,-1.005,0.00
5.76417,-2.501,-0.964,0.00
5.77469,-2.501,-0.964,0.00
5.78488,-2.501,-0.945,0.00
5.79505,-2.467,-0.945,0.00
5.80520,-2.417,-0.946,0.00
5.81621,-2.417,-0.946,0.00
5.82670,-2.351,-0.963,0.00
5.83686,-2.351,-0.963,0.00
5.84702,-2.351,-0.963,0.00
5.85717,-2.160,-1.012,0.00
5.86730,-2.160,-1.012,0.00
5.87748,-2.160,-1.012,0.00
5.88764,-2.160,-1.012,0.00
5.89932,-2.044,-1.028,0.00
5.90950,-1.924,-1.044,0.00
5.91971,-1.813,-1.047,0.00
5.92986,-1.813,-1.047,0.00
5.94003,-1.718,-1.046,0.00
5.95030,-1.718,-1.046,0.00
5.96090,-1.641,-1.036,0.00
5.97109,-1.641,-1.036,0.00
5.98124,-1.582,-1.037,0.00
5.99227,-1.582,-1.037,0.00
6.00251,-1.531,-1.043,0.00
6.01267,-1.531,-1.043,0.00
6.02289,-1.531,-1.043,0.00
6.03344,-1.482,-1.040,0.00
6.04360,-1.430,-1.033,0.00
6.05375,-1.430,-1.002,0.00
6.06391,-1.385,-1.002,0.00
6.07489,-1.385,-0.937,0.00
6.08504,-1.353,-0.937,0.00
6.09520,-1.353,-0.937,0.00
6.10535,-1.328,-0.837,0.00
6.11551,-1.308,-0.837,0.00
6.12566,-1.308,-0.714,0.00
6.13584,-1.308,-0.714,0.00
6.14658,-1.293,-0.574,0.00
6.15674,-1.282,-0.425,0.00
6.16690,-1.282,-0.425,0.00
6.17707,-1.271,-0.270,0.00
6.18723,-1.271,-0.270,0.00
6.19742,-1.271,-0.270,0.00
6.20758,-1.253,-0.120,0.00
6.21773,-1.253,-0.120,0.00
6.22891,-1.253,-0.120,0.00
6.23908,-1.232,0.151,0.00
6.24923,-1.199,0.151,0.00
6.25977,-1.169,0.260,0.00
6.27049,-1.169,0.260,0.00
6.28073,-1.146,0.359,0.00
6.29116,-1.146,0.359,0.00
6.30154,-1.134,0.448,0.00
6.31383,-1.134,0.448,0.00
6.32408,-1.145,0.523,0.00
6.33651,-1.166,0.581,0.00
6.34665,-1.166,0.581,0.00
6.35705,-1.187,0.581,0.00
6.36719,-1.187,0.625,0.00
6.37775,-1.187,0.625,0.00
6.38813,-1.209,0.658,0.00
6.39831,-1.227,0.671,0.00
6.40847,-1.227,0.671,0.00
6.41863,-1.240,0.675,0.00
6.42885,-1.240,0.675,0.00
6.43901,-1.240,0.670,0.00
6.44921,-1.246,0.670,0.00
6.45981,-1.242,0.666,0.00
6.46997,-1.242,0.666,0.00
6.48016,-1.232,0.661,0.00
6.49031,-1.232,0.661,0.00
6.50065,-1.212,0.648,0.00
6.51089,-1.212,0.648,0.00
6.52104,-1.192,0.643,0.00
6.53120,-1.192,0.643,0.00
6.54153,-1.172,0.636,0.00
6.55174,-1.172,0.636,0.00
6.56190,-1.149,0.626,0.00
6.57205,-1.149,0.626,0.00
6.58241,-1.129,0.594,0.00
6.59261,-1.129,0.594,0.00
6.60274,-1.116,0.543,0.00
6.61295,-1.116,0.543,0.00
6.62311,-1.113,0.489,0.00
6.63327,-1.113,0.489,0.00
6.64363,-1.122,0.453,0.00
6.65492,-1.122,0.453,0.00
6.66563,-1.136,0.443,0.00
6.67587,-1.147,0.443,0.00
6.68631,-1.147,0.454,0.00
6.69650,-1.147,0.454,0.00
6.70666,-1.151,0.472,0.00
6.71699,-1.151,0.472,0.00
6.72708,-1.151,0.496,0.00
6.73724,-1.151,0.496,0.00
6.74740,-1.147,0.522,0.00
6.75756,-1.147,0.553,0.00
6.76772,-1.142,0.553,0.00
6.77787,-1.142,0.553,0.00
6.78817,-1.142,0.599,0.00
6.79836,-1.143,0.662,0.00
6.80853,-1.143,0.662,0.00
6.81900,-1.155,0.728,0.00
6.82916,-1.155,0.728,0.00
6.83957,-1.166,0.788,0.00
6.84973,-1.166,0.788,0.00
6.85990,-1.176,0.839,0.00
6.87027,-1.176,0.839,0.00
6.88034,-1.185,0.866,0.00
6.89062,-1.185,0.866,0.00
6.90085,-1.187,0.877,0.00
6.91101,-1.187,0.877,0.00
6.92119,-1.187,0.883,0.00
6.93141,-1.187,0.883,0.00
6.94204,-1.187,0.883,0.00
6.95298,-1.187,0.888,0.00
6.96314,-1.186,0.889,0.00
6.97330,-1.186,0.889,0.00
6.98346,-1.186,0.893,0.00
6.99495,-1.186,0.893,0.00
7.00513,-1.188,0.902,0.00
7.01574,-1.188,0.902,0.00
7.02639,-1.190,0.921,0.00
7.03781,-1.190,0.932,0.00
7.04798,-1.191,0.932,0.00
7.05879,-1.191,0.937,0.00
7.06896,-1.191,0.937,0.00
7.07913,-1.188,0.936,0.00
7.08933,-1.188,0.936,0.00
7.09950,-1.179,0.928,0.00
7.11013,-1.179,0.928,0.00
7.12106,-1.173,0.920,0.00
7.13251,-1.173,0.920,0.00
7.14280,-1.169,0.913,0.00
7.15295,-1.169,0.913,0.00
7.16311,-1.165,0.900,0.00
7.17342,-1.165,0.900,0.00
7.18368,-1.163,0.886,0.00
7.19392,-1.163,0.886,0.00
7.20407,-1.166,0.884,0.00
7.21432,-1.166,0.884,0.00
7.22447,-1.168,0.887,0.00
7.23462,-1.168,0.889,0.00
7.24485,-1.168,0.889,0.00
7.25522,-1.167,0.891,0.00
7.26565,-1.167,0.891,0.00
7.27606,-1.174,0.891,0.00
7.28630,-1.174,0.891,0.00
7.29649,-1.174,0.891,0.00
7.30665,-1.205,0.890,0.00
7.31685,-1.205,0.890,0.00
7.32701,-1.243,0.889,0.00
7.33726,-1.268,0.887,0.00
7.34742,-1.268,0.887,0.00
7.35764,-1.285,0.884,0.00
7.36779,-1.285,0.884,0.00
7.37803,-1.290,0.884,0.00
7.38816,-1.290,0.884,0.00
7.39832,-1.305,0.884,0.00
7.40847,-1.305,0.884,0.00
7.41885,-1.305,0.884,0.00
7.42901,-1.371,0.886,0.00
7.43936,-1.371,0.884,0.00
7.44968,-1.479,0.884,0.00
7.45996,-1.822,0.884,0.00
7.47185,-1.822,0.877,0.00
7.48201,-1.758,0.872,0.00
7.49252,-1.758,0.872,0.00
7.50271,-1.425,0.870,0.00
7.51286,-1.425,0.870,0.00
7.52302,-1.425,0.870,0.00
7.53366,-1.425,0.870,0.00
7.54382,-0.971,0.864,0.00
7.55403,-0.971,0.864,0.00
7.56420,-0.428,0.864,0.00
7.57442,-0.428,0.859,0.00
7.58474,0.476,0.853,0.00
7.59489,0.476,0.853,0.00
7.60507,2.188,0.848,0.00
7.61522,4.140,0.848,0.00
7.62537,4.140,0.844,0.00
7.63554,6.253,0.844,0.00
7.64569,6.253,0.840,0.00
7.65583,8.625,0.840,0.00
7.66598,8.625,0.838,0.00
7.67653,8.625,0.838,0.00
7.69678,13.845,0.835,0.00
7.70710,13.845,0.833,0.00
7.72303,13.845,0.833,9.00
7.73340,16.559,0.838,9.00
7.74468,19.029,0.834,9.00
7.75489,19.029,0.834,9.00
7.76517,21.245,0.833,9.00
7.77543,23.233,0.833,9.00
7.80589,24.843,0.833,9.00
7.81629,26.026,0.827,9.00
7.83532,26.026,0.827,9.00
7.84558,26.816,0.845,9.00
7.86701,26.816,0.845,9.00
7.87721,27.370,0.868,9.00
7.89944,27.594,0.890,9.00
7.90966,27.461,0.916,9.00
7.91986,26.821,0.930,9.00
7.93165,26.821,0.930,9.00
7.94191,25.652,0.939,9.00
7.95216,25.652,0.939,9.00
7.96324,25.652,0.930,9.00
7.97351,24.117,0.930,9.00
7.98395,22.134,0.902,9.00
7.99483,22.134,0.902,9.00
8.00502,19.608,0.866,9.00
8.01518,19.608,0.866,9.00
8.02710,16.885,0.830,9.00
8.03746,16.885,0.797,9.00
8.04779,14.325,0.797,9.00
8.06045,11.768,0.722,9.00
8.07073,11.768,0.722,9.00
8.08091,9.205,0.522,9.00
8.10735,6.671,0.522,9.00
8.11772,4.158,0.248,9.00
8.13931,1.949,0.070,9.00
8.14987,1.949,-0.104,9.00
8.17142,-0.023,-0.218,9.00
8.18173,-0.023,-0.295,9.00
8.20285,-1.664,-0.295,9.50
8.21438,-2.780,-0.295,9.50
8.23994,-2.846,-0.264,9.50
8.25013,-2.418,-0.227,9.50
8.26748,-1.924,-0.152,9.50
8.27964,-1.607,-0.087,9.50
8.28980,-1.607,-0.087,9.50
8.30175,-1.594,-0.087,9.50
8.31209,-1.594,-0.053,9.50
8.32250,-1.834,-0.047,9.50
8.33266,-1.834,-0.047,9.50
8.34281,-2.109,-0.047,9.50
8.35353,-2.109,-0.050,9.50
8.36369,-2.307,-0.039,9.50
8.37388,-2.307,-0.039,9.50
8.38407,-2.441,-0.024,9.50
8.41249,-2.520,-0.024,9.50
8.42267,-2.523,0.012,9.50
8.44276,-2.523,0.012,10.00
8.45313,-2.401,0.039,10.00
8.47740,-2.149,0.065,10.00
8.48760,-1.811,0.043,10.00
8.50691,-1.811,0.009,10.00
8.51724,-1.460,0.009,10.00
8.52741,-1.158,-0.031,10.00
8.53937,-1.158,-0.031,10.50
8.54956,-0.958,-0.132,10.50
8.55972,-0.862,-0.208,10.50
8.57237,-0.862,-0.208,10.50
8.58254,-0.907,-0.290,10.50
8.59270,-0.907,-0.290,10.50
8.60292,-0.907,-0.290,10.50
8.61314,-1.013,-0.387,10.50
8.62330,-1.148,-0.480,10.50
8.63528,-1.148,-0.480,11.00
8.64571,-1.311,-0.576,11.00
8.65590,-1.311,-0.576,11.00
8.66681,-1.453,-0.621,11.50
8.67729,-1.453,-0.621,11.50
8.68747,-1.573,-0.653,11.50
8.69764,-1.633,-0.662,11.50
8.71536,-1.637,-0.662,11.50
8.72579,-1.637,-0.644,11.50
8.74803,-1.637,-0.644,12.00
8.75845,-1.524,-0.621,12.00
8.77884,-1.524,-0.621,12.50
8.78902,-1.445,-0.639,12.50
8.81142,-1.380,-0.655,12.50
8.82247,-1.317,-0.675,12.50
8.83274,-1.317,-0.675,12.50
8.84353,-1.265,-0.693,13.00
8.85385,-1.243,-0.685,13.00
8.86464,-1.243,-0.685,13.00
8.87507,-1.243,-0.685,13.50
8.88544,-1.247,-0.725,13.50
8.89583,-1.262,-0.725,13.50
8.90716,-1.262,-0.722,14.00
8.91758,-1.262,-0.694,14.00
8.92793,-1.282,-0.694,14.00
8.93958,-1.282,-0.694,14.50
8.95149,-1.282,-0.694,14.50
8.96130,-1.316,-0.672,14.50
8.97270,-1.316,-0.672,15.00
8.98285,-1.321,-0.645,15.00
8.99300,-1.321,-0.645,15.00
9.01919,-1.308,-0.605,15.50
9.02952,-1.290,-0.605,15.50
9.05064,-1.290,-0.605,16.00
9.06080,-1.260,-0.560,16.00
9.08326,-1.233,-0.560,16.50
9.09362,-1.233,-0.519,16.50
9.11558,-1.177,-0.532,17.00
9.12595,-1.177,-0.532,17.00
9.14702,-1.177,-0.575,17.50
9.15736,-1.167,-0.575,17.50
9.16751,-1.167,-0.603,17.50
9.17887,-1.167,-0.603,17.50
9.18904,-1.172,-0.624,17.50
9.19920,-1.172,-0.624,17.50
9.21163,-1.178,-0.651,18.00
9.22180,-1.192,-0.663,18.00
9.23209,-1.192,-0.663,18.00
9.24318,-1.192,-0.692,18.50
9.25337,-1.200,-0.692,18.50
9.26353,-1.200,-0.700,18.50
9.27555,-1.195,-0.710,18.50
9.28578,-1.195,-0.710,18.50
9.29594,-1.195,-0.710,18.50
9.30690,-1.178,-0.715,19.00
9.31710,-1.147,-0.725,19.00
9.32726,-1.147,-0.725,19.00
9.35574,-1.110,-0.762,19.00
9.36591,-1.110,-0.801,19.00
9.38789,-1.088,-0.845,19.50
9.39870,-1.059,-0.872,19.50
9.42040,-1.059,-0.872,19.50
9.43057,-1.049,-0.891,19.50
9.45073,-1.042,-0.906,20.00
9.46091,-1.048,-0.909,20.00
9.47113,-1.048,-0.909,20.00
9.48310,-1.047,-0.887,20.00
9.49343,-1.047,-0.887,20.00
9.50362,-1.029,-0.855,20.00
9.51520,-1.029,-0.855,20.00
9.52566,-0.996,-0.810,20.00
9.53629,-0.996,-0.810,20.00
9.54763,-0.970,-0.766,20.50
9.55779,-0.961,-0.766,20.50
9.56794,-0.961,-0.740,20.50
9.57972,-0.953,-0.694,20.50
9.59006,-0.953,-0.694,20.50
9.60044,-0.953,-0.694,20.50
9.62715,-0.945,-0.640,20.50
9.63732,-0.966,-0.493,20.50
9.65960,-0.966,-0.493,20.50
9.66979,-0.991,-0.389,20.50
9.69282,-1.017,-0.367,20.50
9.70299,-1.043,-0.336,20.50
9.72339,-1.043,-0.336,20.50
9.73356,-1.072,-0.119,20.50
9.75575,-1.128,0.281,20.50
9.76597,-1.128,0.281,20.50
9.77619,-1.128,0.445,20.50
9.78835,-1.157,0.445,21.00
9.79868,-1.179,0.240,21.00
9.80916,-1.179,0.240,21.00
9.81957,-1.179,0.413,21.00
9.82977,-1.201,0.413,21.00
9.84011,-1.192,0.432,21.00
9.85156,-1.192,0.432,21.00
9.86195,-1.223,0.582,21.00
9.87330,-1.222,0.582,21.00
9.88348,-1.222,0.722,21.00
9.89376,-1.222,0.891,21.00
9.90394,-1.224,0.891,21.00
9.93106,-1.224,0.891,21.00
9.94140,-1.131,1.334,21.00
9.96345,-1.086,1.602,21.00
9.97361,-1.086,1.602,21.00
9.99696,-0.950,2.148,21.00
10.00730,-0.950,2.148,21.00
10.02805,-0.860,2.427,21.00
10.03904,-0.754,2.689,21.00
10.04940,-0.754,2.689,21.00
10.06073,-0.754,3.002,21.00
10.07089,-0.638,3.002,21.00
10.08138,-0.638,3.002,21.00
10.09304,-0.506,3.327,21.00
10.10335,-0.387,3.652,21.00
10.11353,-0.387,3.652,21.00
10.12394,-0.387,3.652,21.00
10.13592,-0.284,4.025,21.00
10.14610,-0.199,4.418,21.00
10.15633,-0.199,4.418,21.00
10.16648,-0.133,4.802,21.00
10.17666,-0.075,5.158,21.00
10.20357,-0.032,5.486,21.00
10.21384,-0.032,5.486,21.00
10.23826,-0.009,6.193,21.00
10.24841,-0.007,6.193,21.00
10.26712,-0.010,6.193,21.00
10.27732,-0.010,7.046,21.00
10.29997,-0.007,7.486,21.00
10.31015,-0.013,7.486,21.00
10.33730,-0.024,7.972,21.00
10.34744,-0.031,8.423,21.00
10.36348,-0.038,8.423,21.00
10.37382,-0.038,8.755,21.00
10.38416,-0.041,9.302,21.00
10.39507,-0.041,9.302,21.00
10.40525,-0.051,9.695,21.00
10.41553,-0.051,9.695,21.00
10.42721,-0.051,10.151,21.00
10.43760,-0.062,10.545,21.00
10.44835,-0.069,10.545,21.00
10.45910,-0.069,10.545,21.00
10.46928,-0.058,11.049,21.00
10.47943,-0.077,11.426,21.00
10.48957,-0.077,11.426,21.00
10.50698,-0.077,11.426,21.00
10.51717,-0.095,11.825,21.00
10.53975,-0.095,12.142,21.00
10.54994,-0.076,12.474,21.00
10.57173,-0.049,12.837,21.00
10.58190,-0.014,13.129,21.00
10.60331,-0.014,13.469,21.00
10.61361,0.017,13.469,21.00
10.62382,0.045,13.885,21.00
10.63560,0.066,14.259,21.00
10.64575,0.066,14.259,21.00
10.65596,0.091,14.259,21.00
10.66760,0.091,14.566,21.00
10.67786,0.126,14.846,21.00
10.68822,0.126,14.846,21.00
10.69902,0.126,15.179,21.00
10.70920,0.156,15.179,21.00
10.71936,0.191,15.464,21.00
10.72961,0.191,15.464,0.00
10.73996,0.231,15.761,0.00
10.75012,0.231,15.761,0.00
10.76029,0.273,15.800,0.00
10.77046,0.273,15.800,0.00
10.78102,0.298,16.109,0.00
10.79133,0.298,16.109,0.00
10.80149,0.340,16.254,0.00
10.81182,0.340,16.254,0.00
10.82198,0.364,16.435,0.00
10.83224,0.364,16.435,0.00
10.84240,0.375,16.594,0.00
10.85255,0.445,16.594,0.00
10.86271,0.445,16.768,0.00
10.87290,0.445,16.768,0.00
10.88329,0.445,16.768,0.00
10.89380,0.445,16.894,0.00
10.90445,0.701,17.098,0.00
10.91462,0.701,17.243,0.00
10.92478,0.902,17.243,0.00
10.93501,0.902,17.243,0.00
10.94522,1.072,17.417,0.00
10.95539,1.072,17.417,0.00
10.96556,1.157,17.588,0.00
10.97572,1.158,17.696,0.00
10.98587,1.158,17.696,0.00
10.99603,1.158,17.696,0.00
11.00650,1.126,17.975,0.00
11.01666,1.090,18.215,0.00
11.02681,1.090,18.215,0.00
11.03697,1.090,18.215,0.00
11.04713,1.058,18.503,0.00
11.05727,1.100,18.598,0.00
11.06743,1.100,18.598,0.00
11.07779,1.196,18.858,0.00
11.08793,1.196,18.858,0.00
11.09809,1.196,19.183,0.00
11.10834,1.303,19.183,0.00
11.11861,1.401,19.321,0.00
11.12894,1.401,19.321,0.00
11.13934,1.401,19.321,0.00
11.14950,1.501,19.435,0.00
11.15990,1.580,19.575,0.00
11.17092,1.580,19.575,0.00
11.18110,1.619,18.994,0.00
11.19160,1.619,18.994,0.00
11.20176,1.602,18.918,0.00
11.21273,1.602,18.918,0.00
11.22289,1.590,19.100,0.00
11.23305,1.590,19.100,0.00
11.24321,1.600,18.881,0.00
11.25337,1.600,18.881,0.00
11.26353,1.589,18.639,0.00
11.27369,1.589,18.639,0.00
11.28385,1.540,18.328,0.00
11.29401,1.540,18.328,0.00
11.30417,1.473,17.893,0.00
11.31469,1.473,17.893,0.00
11.32485,1.399,17.357,0.00
11.33500,1.399,17.357,0.00
11.34515,1.297,16.794,0.00
11.35530,1.297,16.280,0.00
11.36554,1.185,16.280,0.00
11.37585,1.062,16.280,0.00
11.38629,1.062,15.898,0.00
11.39668,0.937,15.898,0.00
11.40702,0.937,15.526,0.00
11.41719,0.937,15.526,0.00
11.42737,0.799,15.146,0.00
11.43754,0.799,15.146,0.00
11.44770,0.663,14.819,0.00
11.45785,0.663,14.453,0.00
11.46815,0.515,14.453,0.00
11.47828,0.386,13.955,0.00
11.48843,0.386,13.955,0.00
11.49864,0.386,13.955,0.00
11.50896,0.386,13.955,0.00
11.51911,0.261,13.373,0.00
11.52936,0.137,13.373,0.00
11.53952,0.036,11.894,0.00
11.54969,0.036,11.894,0.00
11.56003,-0.070,10.919,0.00
11.57050,-0.070,10.919,0.00
11.58088,-0.174,9.869,0.00
11.59122,-0.174,9.869,0.00
11.60172,-0.258,8.679,0.00
11.61249,-0.258,8.679,0.00
11.62265,-0.354,7.582,0.00
11.63324,-0.354,7.582,0.00
11.64339,-0.442,6.425,0.00
11.65445,-0.442,6.425,0.00
11.66462,-0.515,5.299,0.00
11.67478,-0.515,5.299,0.00
11.68518,-0.580,4.284,0.00
11.69534,-0.580,4.284,0.00
11.70550,-0.624,3.389,0.00
11.71566,-0.624,3.389,0.00
11.72582,-0.661,2.643,0.00
11.73602,-0.661,2.643,0.00
11.74628,-0.698,2.077,0.00
11.75655,-0.698,2.077,0.00
11.76671,-0.716,1.565,0.00
11.77686,-0.705,1.231,0.00
11.78716,-0.705,1.231,0.00
11.79869,-0.705,1.231,0.00
11.80884,-0.669,1.008,0.00
11.81912,-0.669,0.878,0.00
11.82928,-0.615,0.878,0.00
11.83944,-0.553,0.893,0.00
11.84960,-0.553,0.893,0.00
11.85976,-0.487,0.939,0.00
11.86991,-0.487,0.939,0.00
11.88058,-0.487,1.004,0.00
11.89080,-0.420,1.004,0.00
11.90099,-0.420,1.146,0.00
11.91116,-0.361,1.146,0.00
11.92134,-0.310,1.369,0.00
11.93149,-0.310,1.369,0.00
11.94165,-0.266,1.540,0.00
11.95273,-0.266,1.540,0.00
11.96289,-0.231,1.583,0.00
11.97305,-0.231,1.583,0.00
11.98320,-0.205,1.586,0.00
11.99360,-0.205,1.586,0.00
12.00370,-0.205,1.586,0.00
12.01405,-0.159,1.586,0.00
12.02435,-0.159,1.603,0.00
12.03450,-0.159,1.603,0.00
12.04466,-0.128,1.611,0.00
12.05483,-0.128,1.611,0.00
12.06500,-0.102,1.584,0.00
12.07517,-0.102,1.584,0.00
12.08548,-0.055,1.552,0.00
12.09620,-0.023,1.552,0.00
12.10646,-0.023,1.558,0.00
12.11656,-0.023,1.558,0.00
12.12672,0.020,1.609,0.00
12.13687,0.045,1.676,0.00
12.14703,0.045,1.676,0.00
12.15720,0.045,1.676,0.00
12.16736,0.045,1.676,0.00
12.17913,0.086,1.739,0.00
12.18929,0.096,1.781,0.00
12.19946,0.099,1.818,0.00
12.20966,0.099,1.818,0.00
12.21978,0.100,1.855,0.00
12.22995,0.100,1.855,0.00
12.24770,0.100,1.855,0.00
12.25889,0.098,1.855,0.00
12.27014,0.081,1.917,0.00
12.28039,0.081,1.917,0.00
12.29631,0.050,1.935,0.00
12.31348,-0.015,1.935,0.00
12.32399,-0.015,1.948,0.00
12.33479,-0.015,1.948,0.00
12.34804,-0.044,1.948,0.00
12.35909,-0.095,1.989,0.00
12.36932,-0.095,1.989,0.00
12.37965,-0.095,2.008,0.00
12.39575,-0.187,2.002,0.00
12.41191,-0.187,2.002,0.00
12.43043,-0.239,1.958,0.00
12.44728,-0.306,1.883,0.00
12.46274,-0.306,1.883,0.00
12.47446,-0.361,1.752,0.00
12.49003,-0.414,1.572,0.00
12.51480,-0.468,1.388,0.00
12.52659,-0.519,1.200,0.00
12.54761,-0.519,0.991,0.00
12.56427,-0.598,0.797,0.00
12.58210,-0.622,0.596,0.00
12.62673,-0.674,0.265,0.00
12.64423,-0.674,0.265,0.00
12.65686,-0.674,0.008,0.00
12.67228,-0.683,0.008,0.00
12.69228,-0.678,-0.123,0.00
12.70345,-0.678,-0.270,0.00
12.71411,-0.662,-0.438,0.00
12.73030,-0.662,-0.438,0.00
12.74160,-0.652,-0.438,0.00
12.75866,-0.652,-0.438,0.00
12.77003,-0.619,-0.777,0.00
12.78589,-0.598,-0.777,0.00
12.82106,-0.560,-1.054,0.00
12.84536,-0.560,-1.156,0.00
12.86942,-0.537,-1.371,0.00
12.88107,-0.537,-1.371,0.00
12.90098,-0.552,-1.525,0.00
12.91657,-0.552,-1.525,0.00
12.92748,-0.569,-1.617,0.00
12.93786,-0.569,-1.617,0.00
12.94828,-0.569,-1.617,0.00
12.95911,-0.569,-1.617,0.00
12.97123,-0.615,-1.698,0.00
12.98367,-0.615,-1.698,0.00
12.99477,-0.621,-1.765,0.00
13.00519,-0.619,-1.765,0.00
13.01560,-0.619,-1.765,0.00
13.03162,-0.619,-1.765,0.00
13.04181,-0.619,-1.765,0.00
13.05217,-0.619,-1.765,0.00
13.06337,-0.653,-1.765,0.00
13.07539,-0.653,-1.705,0.00
13.08647,-0.664,-1.695,0.00
13.09689,-0.664,-1.695,0.00
13.10761,-0.664,-1.695,0.00
13.11781,-0.668,-1.695,0.00
13.12884,-0.668,-1.658,0.00
13.14261,-0.642,-1.652,0.00
13.15312,-0.623,-1.652,0.00
13.16381,-0.623,-1.652,0.00
13.17471,-0.611,-1.666,0.00
13.18497,-0.596,-1.659,0.00
13.20091,-0.567,-1.671,0.00
13.21145,-0.567,-1.671,0.00
13.22163,-0.567,-1.699,0.00
13.23216,-0.515,-1.699,0.00
13.29224,-0.356,-1.699,0.00
13.30322,-0.321,-1.733,0.00
13.37086,-0.281,-1.655,0.00
13.38185,-0.278,-1.608,0.00
13.39220,0.292,-1.170,0.00
13.40323,0.298,-1.121,0.00
13.41392,0.298,-1.121,0.00
13.42408,0.294,-1.127,0.00
13.43467,0.294,-1.127,0.00
13.44483,0.278,-1.119,0.00
13.45499,0.278,-1.119,0.00
13.46515,0.255,-1.070,0.00
13.47578,0.255,-1.034,0.00
13.48608,0.214,-1.034,0.00
13.49623,0.145,-1.034,0.00
13.50643,0.145,-0.994,0.00
13.51657,0.045,-0.926,0.00
13.52693,0.045,-0.926,0.00
13.53719,0.045,-0.926,0.00
13.54743,-0.095,-0.814,0.00
13.55836,-0.095,-0.814,0.00
13.56887,-0.257,-0.705,0.00
13.57904,-0.423,-0.617,0.00
13.58919,-0.423,-0.617,0.00
13.59985,-0.597,-0.546,0.00
13.61008,-0.597,-0.546,0.00
13.62035,-0.785,-0.456,0.00
13.63136,-0.785,-0.456,0.00
13.64173,-0.952,-0.389,0.00
13.65188,-0.952,-0.389,0.00
13.66211,-0.952,-0.389,0.00
13.67226,-1.089,-0.318,0.00
13.68241,-1.215,-0.246,0.00
13.69261,-1.215,-0.246,0.00
13.70276,-1.331,-0.140,0.00
13.71292,-1.331,-0.140,0.00
13.72316,-1.433,0.014,0.00
13.73351,-1.433,0.168,0.00
13.74412,-1.509,0.168,0.00
13.75463,-1.509,0.339,0.00
13.76522,-1.561,0.339,0.00
13.77611,-1.561,0.339,0.00
13.78660,-1.597,0.535,0.00
13.79679,-1.597,0.535,0.00
13.80704,-1.620,0.714,0.00
13.81735,-1.630,0.888,0.00
13.82751,-1.630,0.888,0.00
13.83767,-1.630,1.031,0.00
13.84783,-1.630,1.031,0.00
13.85830,-1.630,1.132,0.00
13.86851,-1.630,1.132,0.00
13.87893,-1.597,1.175,0.00
13.88922,-1.597,1.175,0.00
13.90015,-1.597,1.175,0.00
13.91035,-1.563,1.151,0.00
13.92049,-1.525,1.088,0.00
13.93067,-1.525,1.088,0.00
13.94097,-1.486,1.018,0.00
13.95234,-1.486,1.018,0.00
13.96268,-1.440,0.914,0.00
13.97283,-1.440,0.914,0.00
13.98298,-1.389,0.797,0.00
13.99461,-1.389,0.797,0.00
14.00479,-1.340,0.672,0.00
14.01495,-1.340,0.545,0.00
14.02510,-1.291,0.545,0.00
14.03541,-1.291,0.545,0.00
14.04557,-1.237,0.396,0.00
14.05579,-1.186,0.276,0.00
14.06596,-1.186,0.276,0.00
14.07618,-1.186,0.276,0.00
14.08642,-1.135,0.173,0.00
14.09658,-1.083,0.173,0.00
14.10673,-1.083,0.101,0.00
14.11699,-1.025,0.054,0.00
14.12722,-1.025,0.054,0.00
14.13738,-0.967,0.036,0.00
14.14752,-0.967,0.036,0.00
14.15809,-0.922,0.052,0.00
14.16825,-0.922,0.052,0.00
14.17841,-0.891,0.088,0.00
14.18857,-0.891,0.088,0.00
14.19877,-0.891,0.088,0.00
14.20893,-0.866,0.146,0.00
14.21910,-0.848,0.216,0.00
14.22926,-0.848,0.216,0.00
14.23944,-0.848,0.216,0.00
14.24960,-0.838,0.272,0.00
14.25975,-0.836,0.332,0.00
14.26997,-0.836,0.332,0.00
14.28032,-0.836,0.385,0.00
14.29138,-0.836,0.385,0.00
14.30162,-0.842,0.441,0.00
14.31178,-0.842,0.441,0.00
14.32234,-0.842,0.506,0.00
14.33250,-0.839,0.506,0.00
14.34267,-0.834,0.568,0.00
14.35283,-0.834,0.568,0.00
14.36299,-0.827,0.633,0.00
14.37315,-0.827,0.633,0.00
14.38331,-0.826,0.633,0.00
14.39359,-0.826,0.680,0.00
14.40375,-0.830,0.733,0.00
14.41434,-0.834,0.733,0.00
14.42451,-0.834,0.784,0.00
14.43466,-0.834,0.784,0.00
14.44482,-0.840,0.841,0.00
14.45497,-0.840,0.841,0.00
14.46512,-0.852,0.898,0.00
14.47528,-0.873,0.954,0.00
14.48544,-0.873,0.954,0.00
14.49575,-0.895,1.006,0.00
14.50590,-0.895,1.006,0.00
14.51607,-0.922,1.066,0.00
14.52647,-0.922,1.066,0.00
14.53754,-0.922,1.119,0.00
14.54788,-0.947,1.119,0.00
14.55804,-0.947,1.168,0.00
14.56820,-0.969,1.168,0.00
14.57836,-0.990,1.202,0.00
14.58876,-0.990,1.202,0.00
14.59891,-1.008,1.202,0.00
14.60905,-1.008,1.238,0.00
14.61922,-1.022,1.238,0.00
14.62937,-1.022,1.263,0.00
14.63961,-1.031,1.287,0.00
14.65003,-1.031,1.287,0.00
14.66017,-1.037,1.308,0.00
14.67042,-1.037,1.308,0.00
14.68066,-1.044,1.320,0.00
14.69081,-1.044,1.320,0.00
14.70097,-1.044,1.323,0.00
14.71113,-1.052,1.323,0.00
14.72129,-1.052,1.323,0.00
14.73155,-1.057,1.320,0.00
14.74189,-1.055,1.304,0.00
14.75223,-1.055,1.283,0.00
14.76273,-1.050,1.283,0.00
14.77291,-1.050,1.283,0.00
14.78308,-1.047,1.260,0.00
14.79324,-1.047,1.260,0.00
14.80339,-1.041,1.238,0.00
14.81357,-1.041,1.238,0.00
14.82373,-1.030,1.223,0.00
14.83396,-1.030,1.223,0.00
14.84441,-1.018,1.204,0.00
14.85461,-1.018,1.204,0.00
14.86490,-1.005,1.185,0.00
14.87540,-0.990,1.166,0.00
14.88554,-0.990,1.166,0.00
14.89638,-0.972,1.146,0.00
14.90652,-0.972,1.146,0.00
14.91668,-0.972,1.146,0.00
14.92685,-0.956,1.123,0.00
14.93703,-0.941,1.123,0.00
14.94719,-0.941,1.105,0.00
14.95734,-0.931,1.105,0.00
14.96749,-0.931,1.090,0.00
14.97791,-0.916,1.090,0.00
14.98809,-0.916,1.079,0.00
14.99833,-0.916,1.079,0.00
15.00851,-0.910,1.067,0.00
15.01901,-0.910,1.067,0.00
15.02917,-0.910,1.052,0.00
15.03935,-0.910,1.042,0.00
15.04951,-0.910,1.042,0.00
15.05968,-0.912,1.032,0.00
15.06999,-0.912,1.032,0.00
15.08030,-0.913,1.030,0.00
15.09067,-0.913,1.030,0.00
15.10123,-0.910,1.023,0.00
15.11202,-0.910,1.023,0.00
15.12247,-0.907,1.021,0.00
15.13262,-0.907,1.021,0.00
15.14277,-0.905,1.016,0.00
15.15381,-0.905,1.016,0.00
15.16397,-0.908,1.011,0.00
15.17511,-0.908,1.010,0.00
15.18527,-0.924,1.010,0.00
15.19550,-0.924,1.010,0.00
15.20558,-0.980,1.013,0.00
15.21606,-0.980,1.017,0.00
15.22652,-1.056,1.017,0.00
15.23676,-1.056,1.017,0.00
15.24710,-1.229,1.017,0.00
15.25844,-1.229,1.017,0.00
15.26877,-1.616,1.018,0.00
15.27898,-1.969,1.025,0.00
15.28913,-1.969,1.025,0.00
15.29954,-2.019,1.023,0.00
15.30972,-2.019,1.023,0.00
15.31987,-1.772,1.021,0.00
15.33012,-1.772,1.021,0.00
15.34043,-1.772,1.021,0.00
15.35196,-0.958,1.012,0.00
15.36240,0.516,1.000,0.00
15.37256,0.516,1.000,0.00
15.38279,2.119,0.996,0.00
15.39374,2.119,0.996,0.00
15.40390,4.319,0.990,0.00
15.41410,4.319,0.986,0.00
15.42435,6.760,0.986,0.00
15.43450,6.760,0.986,0.00
15.44485,9.349,0.983,0.00
15.45500,12.007,0.983,0.00
15.46689,12.007,0.982,0.00
15.47710,12.007,0.982,0.00
15.48725,14.676,0.983,0.00
15.49931,14.676,0.983,9.00
15.50947,17.126,0.982,9.00
15.51962,19.166,0.980,9.00
15.53074,19.166,0.980,9.00
15.54091,20.771,0.980,9.00
15.55107,20.771,0.986,9.00
15.58077,23.098,0.997,9.00
15.59190,23.098,0.997,9.00
15.61097,24.102,0.997,9.00
15.62115,24.821,1.046,9.00
15.64354,25.079,1.084,9.00
15.65377,25.079,1.136,9.00
15.67574,25.196,1.136,9.00
15.68589,24.963,1.187,9.00
15.69606,23.988,1.227,9.00
15.70754,23.988,1.227,9.00
15.71769,22.648,1.252,9.00
15.72787,22.648,1.252,9.00
15.73949,22.648,1.252,9.00
15.74996,21.223,1.258,9.00
15.76013,18.833,1.223,9.00
15.77197,18.833,1.223,9.00
15.78214,15.723,1.159,9.00
15.79242,15.723,1.159,9.00
15.80351,12.817,1.096,9.00
15.81400,12.817,1.096,9.00
15.82417,10.144,1.096,9.00
15.85145,7.587,0.914,9.00
15.86162,5.383,0.914,9.00
15.88450,3.507,0.686,9.00
15.89467,1.817,0.401,9.00
15.91784,0.290,0.094,9.00
15.92810,0.290,0.094,9.00
15.94689,-1.038,-0.052,9.00
15.95739,-2.125,-0.052,9.00
15.96775,-2.125,-0.218,9.00
15.97892,-2.125,-0.218,9.00
15.98912,-2.352,-0.302,9.00
15.99927,-2.352,-0.302,9.00
16.01094,-1.942,-0.272,9.00
16.02113,-1.942,-0.272,9.00
16.03134,-1.404,-0.238,9.00
16.04276,-1.404,-0.238,9.00
16.05295,-0.865,-0.121,9.00
16.06310,-0.865,-0.121,9.00
16.07587,-0.720,0.031,9.00
16.08609,-0.720,0.203,9.00
16.09655,-0.720,0.203,9.00
16.10685,-0.843,0.315,9.00
16.11715,-0.843,0.315,9.00
16.12731,-0.843,0.420,9.00
16.15527,-0.954,0.553,9.00
16.16547,-0.962,0.630,9.00
16.18886,-0.962,0.741,9.50
16.19909,-0.743,0.843,9.50
16.21989,-0.743,0.843,9.50
16.23016,-0.552,0.913,9.50
16.25068,-0.381,0.985,9.50
16.26087,-0.264,1.017,9.50
16.27151,-0.264,1.017,9.50
16.28316,-0.264,1.016,9.50
16.29345,-0.193,1.016,9.50
16.30361,-0.167,0.964,9.50
16.31529,-0.194,0.887,10.00
16.32570,-0.194,0.887,10.00
16.33723,-0.260,0.887,10.00
16.34741,-0.260,0.818,10.00
16.35778,-0.260,0.747,10.00
16.36792,-0.336,0.747,10.00
16.37964,-0.414,0.699,10.00
16.38994,-0.414,0.699,10.00
16.40011,-0.494,0.650,10.00
16.42749,-0.559,0.650,10.50
16.43796,-0.591,0.588,10.50
16.46168,-0.591,0.588,11.00
16.47318,-0.589,0.580,11.00
16.49126,-0.565,0.618,11.50
16.50150,-0.529,0.646,11.50
16.52290,-0.529,0.646,12.00
16.53317,-0.499,0.670,12.00
16.54347,-0.470,0.671,12.00
16.55558,-0.443,0.631,12.50
16.56641,-0.443,0.631,12.50
16.57657,-0.424,0.608,12.50
16.58674,-0.424,0.608,13.00
16.59705,-0.424,0.608,13.00
16.60721,-0.421,0.579,13.00
16.61936,-0.423,0.558,14.00
16.62952,-0.423,0.558,14.00
16.63971,-0.423,0.552,14.00
16.65073,-0.423,0.552,15.00
16.66101,-0.426,0.560,15.00
16.67117,-0.426,0.560,15.00
16.69945,-0.426,0.588,16.00
16.70977,-0.444,0.590,16.00
16.73137,-0.464,0.619,17.00
16.74155,-0.477,0.619,17.00
16.76368,-0.477,0.634,18.00
16.77397,-0.483,0.651,18.00
16.80083,-0.471,0.631,19.00
16.81109,-0.471,0.631,19.00
16.82743,-0.458,0.610,20.00
16.83778,-0.458,0.610,20.00
16.84825,-0.432,0.538,20.00
16.85913,-0.432,0.538,21.00
16.86947,-0.432,0.538,21.00
16.87993,-0.410,0.538,21.00
16.89214,-0.387,0.444,21.50
16.90259,-0.370,0.105,21.50
16.91340,-0.353,-0.097,21.50
16.92814,-0.353,-0.097,22.50
16.93859,-0.353,-0.097,22.50
16.94981,-0.340,-0.328,22.50
16.96020,-0.338,-0.580,23.00
16.97062,-0.338,-0.580,23.00
16.98096,-0.336,-0.580,23.00
17.00317,-0.336,-1.101,23.50
17.01335,-0.336,-1.101,23.50
17.03689,-0.336,-1.748,24.00
17.04725,-0.328,-1.748,24.00
17.06755,-0.327,-2.089,24.50
17.07776,-0.327,-2.391,24.50
17.10386,-0.328,-2.690,25.00
17.11403,-0.328,-2.690,25.00
17.13140,-0.320,-3.023,25.50
17.14149,-0.321,-3.296,25.50
17.15308,-0.321,-3.296,25.50
17.16326,-0.321,-3.493,25.50
17.17366,-0.326,-3.493,25.50
17.18588,-0.326,-3.493,25.50
17.19738,-0.335,-3.532,25.50
17.20753,-0.335,-3.532,25.50
17.21845,-0.345,-3.339,25.50
17.22872,-0.345,-3.339,26.00
17.23887,-0.353,-3.028,26.00
17.24903,-0.353,-3.028,26.00
17.26074,-0.363,-2.567,26.00
17.27107,-0.363,-2.567,26.00
17.28142,-0.363,-1.876,26.00
17.30707,-0.363,-1.158,26.00
17.31762,-0.330,-1.158,26.00
17.33931,-0.317,-0.321,26.00
17.34947,-0.317,0.525,26.00
17.37258,-0.317,1.442,26.50
17.38275,-0.274,2.411,26.50
17.39301,-0.274,2.411,26.50
17.40641,-0.251,3.399,26.50
17.41660,-0.251,3.399,26.50
17.42676,-0.223,4.426,26.50
17.45245,-0.207,5.571,26.50
17.46264,-0.188,6.589,26.50
17.48317,-0.188,6.589,26.50
17.49347,-0.181,7.586,26.50
17.51613,-0.173,8.503,26.50
17.52645,-0.165,9.413,26.50
17.54789,-0.147,10.231,26.50
17.55805,-0.147,11.002,26.50
17.58003,-0.155,11.704,26.50
17.59040,-0.155,11.704,26.50
17.61097,-0.165,12.433,26.50
17.62117,-0.174,13.071,26.50
17.63133,-0.174,13.071,26.50
17.64264,-0.174,13.071,26.50
17.65280,-0.184,13.600,26.50
17.66296,-0.183,14.107,26.50
17.67549,-0.183,14.107,26.50
17.68558,-0.177,14.509,26.50
17.69583,-0.177,14.509,26.50
17.70720,-0.164,14.880,26.50
17.71761,-0.164,14.880,26.50
17.72791,-0.151,15.253,26.50
17.75550,-0.140,15.510,26.50
17.76583,-0.125,15.837,26.50
17.78734,-0.112,16.069,26.50
17.79754,-0.112,16.069,26.50
17.81992,-0.084,16.538,26.50
17.83008,-0.084,16.538,26.50
17.85072,-0.084,16.538,26.50
17.86091,-0.079,16.707,26.50
17.88381,-0.064,16.885,26.50
17.89407,-0.049,17.008,26.50
17.90424,-0.049,17.178,26.50
17.91558,-0.038,17.317,26.50
17.92574,-0.038,17.317,26.50
17.93632,-0.038,17.412,26.50
17.94726,-0.026,17.412,26.50
17.95763,-0.015,17.578,26.50
17.96795,-0.015,17.578,26.50
17.97962,-0.015,17.624,26.50
17.98980,-0.006,17.624,26.50
17.99999,-0.006,17.624,26.50
18.01060,0.012,17.808,26.50
18.02076,0.024,17.877,26.50
18.03180,0.024,17.877,26.50
18.05919,0.038,18.108,26.50
18.06948,0.051,18.108,26.50
18.09145,0.062,18.150,26.50
18.10241,0.073,18.291,26.50
18.12501,0.080,18.291,26.50
18.13537,0.097,18.354,26.50
18.15513,0.097,18.488,26.50
18.16560,0.111,18.599,26.50
18.18735,0.114,18.663,26.50
18.20013,0.119,18.801,26.50
18.21911,0.125,18.801,26.50
18.22939,0.125,18.814,26.50
18.23954,0.135,18.938,26.50
18.25207,0.135,18.938,26.50
18.26244,0.140,19.020,26.50
18.27264,0.140,19.020,26.50
18.28350,0.148,19.066,26.50
18.29373,0.148,19.066,26.50
18.30520,0.156,19.215,26.50
18.31564,0.157,19.247,26.50
18.32598,0.157,19.247,26.50
18.33614,0.157,19.383,26.50
18.36266,0.156,19.383,26.50
18.37285,0.155,19.434,26.50
18.39484,0.155,19.434,26.50
18.40502,0.152,19.579,26.50
18.42762,0.153,19.602,26.50
18.43781,0.157,19.702,26.50
18.46037,0.157,19.722,26.50
18.47069,0.155,19.722,26.50
18.49096,0.166,19.756,26.50
18.50111,0.170,19.827,26.50
18.51145,0.170,19.827,26.50
18.52244,0.162,19.826,0.00
18.53285,0.162,19.826,0.00
18.54300,0.155,19.928,0.00
18.55317,0.155,19.928,0.00
18.56350,0.148,19.910,0.00
18.57366,0.148,19.910,0.00
18.58387,0.142,19.954,0.00
18.59553,0.126,20.004,0.00
18.60583,0.126,20.004,0.00
18.61630,0.126,20.004,0.00
18.62661,0.122,19.983,0.00
18.63677,0.122,19.983,0.00
18.64695,0.171,20.060,0.00
18.65711,0.171,20.060,0.00
18.66727,0.247,20.031,0.00
18.67777,0.345,20.066,0.00
18.68792,0.345,20.066,0.00
18.69808,0.345,20.103,0.00
18.70838,0.482,20.103,0.00
18.71854,0.482,20.076,0.00
18.72870,0.624,20.076,0.00
18.73903,0.624,20.076,0.00
18.74920,0.747,20.154,0.00
18.75936,0.747,20.154,0.00
18.76952,0.855,20.109,0.00
18.77985,0.971,20.144,0.00
18.79087,0.971,20.144,0.00
18.80103,1.137,20.147,0.00
18.81120,1.137,20.147,0.00
18.82142,1.325,20.106,0.00
18.83235,1.325,20.106,0.00
18.84253,1.517,20.187,0.00
18.85270,1.517,20.187,0.00
18.86285,1.649,20.128,0.00
18.87301,1.701,20.128,0.00
18.88316,1.701,20.209,0.00
18.89406,1.701,20.209,0.00
18.90422,1.709,20.181,0.00
18.91650,1.709,20.181,0.00
18.92666,1.689,20.160,0.00
18.93681,1.636,20.160,0.00
18.94695,1.636,20.035,0.00
18.95725,1.557,19.868,0.00
18.96758,1.557,19.868,0.00
18.97806,1.479,19.180,0.00
18.98842,1.479,19.180,0.00
18.99857,1.414,18.323,0.00
19.00873,1.414,18.323,0.00
19.01889,1.355,18.054,0.00
19.02904,1.355,18.054,0.00
19.03919,1.355,17.666,0.00
19.04935,1.226,17.666,0.00
19.05951,1.006,16.841,0.00
19.06965,1.006,16.841,0.00
19.07983,0.814,15.886,0.00
19.09010,0.814,15.886,0.00
19.10045,0.679,14.581,0.00
19.11061,0.679,14.581,0.00
19.12103,0.564,13.172,0.00
19.13122,0.564,13.172,0.00
19.14138,0.448,11.806,0.00
19.15154,0.448,11.806,0.00
19.16169,0.374,10.550,0.00
19.17210,0.374,10.550,0.00
19.18232,0.354,9.034,0.00
19.19250,0.354,9.034,0.00
19.20268,0.399,7.361,0.00
19.21306,0.399,7.361,0.00
19.22343,0.518,5.611,0.00
19.23376,0.518,4.198,0.00
19.24409,0.702,4.198,0.00
19.25450,0.702,2.930,0.00
19.26468,0.923,2.930,0.00
19.27493,0.923,2.930,0.00
19.28529,1.147,2.082,0.00
19.29544,1.147,2.082,0.00
19.30560,1.362,1.567,0.00
19.31655,1.566,1.567,0.00
19.32670,1.566,1.936,0.00
19.33728,1.756,1.936,0.00
19.34743,1.756,2.791,0.00
19.35771,1.904,3.463,0.00
19.36803,1.904,3.463,0.00
19.37833,1.984,3.381,0.00
19.38848,1.984,3.381,0.00
19.39881,1.984,3.381,0.00
19.40914,1.991,2.621,0.00
19.41930,1.942,2.191,0.00
19.42946,1.942,2.191,0.00
19.43976,1.942,2.191,0.00
19.44992,1.865,2.126,0.00
19.46009,1.747,2.045,0.00
19.47043,1.747,2.045,0.00
19.48058,1.605,2.058,0.00
19.49081,1.605,2.058,0.00
19.50112,1.486,2.070,0.00
19.51143,1.486,2.070,0.00
19.52167,1.402,2.070,0.00
19.53225,1.402,2.155,0.00
19.54240,1.346,2.515,0.00
19.55266,1.346,2.515,0.00
19.56281,1.308,2.885,0.00
19.57308,1.308,2.885,0.00
19.58323,1.284,3.175,0.00
19.59339,1.284,3.175,0.00
19.60403,1.279,3.175,0.00
19.61506,1.296,3.306,0.00
19.62522,1.296,3.415,0.00
19.63643,1.296,3.415,0.00
19.64699,1.327,3.556,0.00
19.65739,1.367,3.715,0.00
19.66753,1.367,3.715,0.00
19.67787,1.422,3.903,0.00
19.68821,1.422,3.903,0.00
19.69837,1.422,4.100,0.00
19.70857,1.481,4.100,0.00
19.71873,1.535,4.226,0.00
19.72887,1.535,4.226,0.00
19.73902,1.535,4.226,0.00
19.74922,1.535,4.226,0.00
19.75941,1.568,4.395,0.00
19.76956,1.592,4.519,0.00
19.77971,1.592,4.519,0.00
19.79068,1.601,4.600,0.00
19.80084,1.601,4.600,0.00
19.81099,1.601,4.600,0.00
19.82115,1.593,4.540,0.00
19.83156,1.576,4.395,0.00
19.84171,1.563,4.234,0.00
19.85187,1.563,4.234,0.00
19.86203,1.555,4.106,0.00
19.87234,1.555,4.106,0.00
19.88268,1.550,3.960,0.00
19.89301,1.550,3.960,0.00
19.90332,1.550,3.846,0.00
19.91366,1.560,3.846,0.00
19.92416,1.560,3.785,0.00
19.93444,1.560,3.785,0.00
19.94458,1.583,3.769,0.00
19.95474,1.583,3.769,0.00
19.96490,1.583,3.781,0.00
19.97506,1.613,3.781,0.00
19.98522,1.637,3.792,0.00
19.99538,1.637,3.821,0.00
20.00553,1.658,3.821,0.00
20.01569,1.671,3.856,0.00
20.02792,1.671,3.856,0.00
20.04059,1.666,3.907,0.00
20.05246,1.666,3.907,0.00
20.06799,1.655,3.946,0.00
20.07953,1.641,4.004,0.00
20.09525,1.641,4.004,0.00
20.11220,1.626,4.047,0.00
20.12915,1.616,4.039,0.00
20.14130,1.616,4.039,0.00
20.15308,1.611,3.998,0.00
20.16973,1.609,3.952,0.00
20.18153,1.609,3.952,0.00
20.20067,1.614,3.893,0.00
20.21806,1.614,3.829,0.00
20.23623,1.616,3.789,0.00
20.25594,1.613,3.785,0.00
20.27603,1.585,3.839,0.00
20.28653,1.585,3.839,0.00
20.29671,1.547,3.871,0.00
20.30693,1.547,3.871,0.00
20.31774,1.490,3.871,0.00
20.32845,1.490,3.900,0.00
20.33888,1.413,3.900,0.00
20.34953,1.413,3.909,0.00
20.36049,1.413,3.907,0.00
20.37160,1.321,3.907,0.00
20.38762,1.216,3.895,0.00
20.39797,1.216,3.895,0.00
20.40863,1.216,3.880,0.00
20.41894,0.981,3.871,0.00
20.42922,0.981,3.871,0.00
20.44004,0.981,3.865,0.00
20.45040,0.865,3.865,0.00
20.46128,0.743,3.865,0.00
20.47204,0.743,3.863,0.00
20.48256,0.620,3.869,0.00
20.49282,0.620,3.869,0.00
20.50320,0.500,3.890,0.00
20.51342,0.500,3.890,0.00
20.52377,0.381,3.890,0.00
20.53946,0.381,3.960,0.00
20.55080,0.268,3.960,0.00
20.56142,0.268,3.993,0.00
20.57205,0.162,3.993,0.00
20.58603,0.068,4.008,0.00
20.59938,0.068,4.021,0.00
20.61017,-0.024,4.021,0.00
20.62590,-0.101,4.026,0.00
20.63761,-0.101,4.024,0.00
20.65352,-0.162,4.024,0.00
20.66479,-0.213,4.024,0.00
20.67621,-0.213,4.014,0.00
20.69222,-0.250,4.002,0.00
20.71036,-0.274,3.996,0.00
20.72945,-0.289,3.990,0.00
20.74528,-0.292,3.991,0.00
20.75564,-0.292,3.991,0.00
20.77186,-0.292,3.991,0.00
20.79156,-0.289,4.005,0.00
20.80970,-0.272,4.005,0.00
20.81993,-0.272,4.000,0.00
20.84494,-0.270,4.000,0.00
20.85638,-0.260,3.964,0.00
20.86692,-0.253,3.964,0.00
20.87717,-0.253,3.964,0.00
20.89303,-0.251,3.930,0.00
20.90392,-0.255,3.903,0.00
20.91966,-0.255,3.882,0.00
20.93014,-0.255,3.882,0.00
20.94189,-0.269,3.860,0.00
20.95864,-0.269,3.847,0.00
20.96945,-0.275,3.847,0.00
20.98518,-0.284,3.847,0.00
21.00374,-0.284,3.837,0.00
21.01667,-0.305,3.826,0.00
21.08239,-0.336,3.826,0.00
21.09274,-0.336,3.815,0.00
21.14438,-0.340,3.815,0.00
21.15501,-0.962,3.815,0.00
21.16549,-0.969,-0.096,0.00
21.17557,-0.969,-0.106,0.00
21.18582,-0.969,-0.106,0.00
21.19687,-0.973,-0.107,0.00
21.20703,-0.979,-0.118,0.00
21.21759,-0.987,-0.118,0.00
21.22767,-0.987,-0.125,0.00
21.23923,-0.987,-0.125,0.00
21.25075,-1.004,-0.129,0.00
21.26090,-1.012,-0.137,0.00
21.27108,-1.012,-0.137,0.00
21.28161,-1.012,-0.137,0.00
21.29241,-1.024,-0.149,0.00
21.30257,-1.035,-0.157,0.00
21.31315,-1.035,-0.157,0.00
21.32331,-1.043,-0.158,0.00
21.33347,-1.043,-0.158,0.00
21.34364,-1.051,-0.159,0.00
21.35380,-1.051,-0.159,0.00
21.36395,-1.051,-0.163,0.00
21.37411,-1.043,-0.163,0.00
21.38428,-1.043,-0.166,0.00
21.39445,-1.043,-0.166,0.00
21.40461,-1.036,-0.168,0.00
21.41476,-1.036,-0.163,0.00
21.42492,-1.031,-0.163,0.00
21.43508,-1.031,-0.154,0.00
21.44523,-1.030,-0.154,0.00
21.45539,-1.030,-0.146,0.00
21.46568,-1.025,-0.146,0.00
21.47583,-1.025,-0.146,0.00
21.48599,-1.025,-0.143,0.00
21.49615,-1.007,-0.140,0.00
21.50631,-1.007,-0.140,0.00
21.51647,-0.998,-0.137,0.00
21.52714,-0.998,-0.137,0.00
21.53742,-0.991,-0.134,0.00
21.54759,-0.991,-0.134,0.00
21.55807,-0.986,-0.132,0.00
21.56823,-0.986,-0.132,0.00
21.57849,-0.979,-0.135,0.00
21.58864,-0.979,-0.135,0.00
21.59880,-0.975,-0.135,0.00
21.60897,-0.975,-0.133,0.00
21.61913,-0.973,-0.135,0.00
21.62929,-0.973,-0.135,0.00
21.63944,-0.974,-0.138,0.00
21.64964,-0.974,-0.138,0.00
21.65982,-0.979,-0.144,0.00
21.67017,-0.979,-0.144,0.00
21.68055,-0.986,-0.148,0.00
21.69072,-0.986,-0.148,0.00
21.70088,-0.986,-0.148,0.00
21.71108,-0.993,-0.150,0.00
21.72125,-0.993,-0.150,0.00
21.73143,-0.993,-0.150,0.00
21.74160,-0.998,-0.152,0.00
21.75176,-1.001,-0.155,0.00
21.76192,-1.003,-0.156,0.00
21.77231,-1.003,-0.156,0.00
21.78247,-1.003,-0.156,0.00
21.79684,-1.004,-0.156,0.00
21.80706,-1.007,-0.169,0.00
21.81781,-1.010,-0.171,0.00
21.82798,-1.010,-0.171,0.00
21.83814,-1.010,-0.177,0.00
21.84830,-1.010,-0.177,0.00
21.85846,-1.012,-0.174,0.00
21.86879,-1.012,-0.174,0.00
21.87896,-1.016,-0.174,0.00
21.88930,-1.016,-0.172,0.00
21.89940,-1.016,-0.172,0.00
21.90956,-1.022,-0.167,0.00
21.91972,-1.022,-0.167,0.00
21.92987,-1.022,-0.167,0.00
21.94023,-1.022,-0.167,0.00
21.95053,-1.027,-0.162,0.00
21.96148,-1.027,-0.162,0.00
21.97164,-1.035,-0.161,0.00
21.98276,-1.041,-0.163,0.00
21.99313,-1.041,-0.163,0.00
22.00328,-1.040,-0.165,0.00
22.01347,-1.040,-0.165,0.00
22.02366,-1.032,-0.168,0.00
22.03382,-1.032,-0.168,0.00
22.04399,-1.032,-0.168,0.00
22.05416,-1.022,-0.169,0.00
22.06441,-1.014,-0.168,0.00
22.07457,-1.014,-0.168,0.00
22.08473,-1.005,-0.164,0.00
22.09503,-1.005,-0.164,0.00
22.10518,-1.005,-0.164,0.00
22.11553,-1.005,-0.164,0.00
22.12583,-1.001,-0.162,0.00
22.13611,-1.021,-0.164,0.00
22.14637,-1.021,-0.164,0.00
22.15668,-1.021,-0.165,0.00
22.16701,-1.058,-0.165,0.00
22.17719,-1.058,-0.165,0.00
22.18735,-1.058,-0.165,0.00
22.19755,-1.058,-0.165,0.00
22.20771,-1.058,-0.165,0.00
22.21787,-1.130,-0.170,0.00
22.22804,-1.130,-0.170,0.00
22.23980,-1.297,-0.177,0.00
22.25040,-1.491,-0.184,0.00
22.26057,-1.652,-0.184,0.00
22.27107,-1.843,-0.187,0.00
22.28150,-2.046,-0.192,0.00
22.29190,-2.046,-0.192,0.00
22.30244,-2.211,-0.201,0.00
22.31358,-2.211,-0.201,0.00
22.32372,-2.193,-0.205,0.00
22.33388,-2.193,-0.207,0.00
22.34451,-1.871,-0.207,0.00
22.35474,-1.871,-0.207,0.00
22.36500,-1.871,-0.207,0.00
22.37529,-1.871,-0.207,0.00
22.38562,-1.871,-0.207,0.00
22.39621,-1.871,-0.207,0.00
22.40652,-0.960,-0.212,0.00
22.41681,1.103,-0.221,0.00
22.42730,2.255,-0.226,0.00
22.43745,3.393,-0.230,0.00
22.44762,3.393,-0.230,0.00
22.45778,4.571,-0.234,0.00
22.46791,4.571,-0.234,0.00
22.47807,4.571,-0.234,0.00
22.48859,5.801,-0.235,0.00
22.49876,5.801,-0.231,0.00
22.50892,7.103,-0.231,0.00
22.51907,7.103,-0.221,0.00
22.52923,8.431,-0.221,0.00
22.53939,9.697,-0.209,0.00
22.54955,9.697,-0.209,0.00
22.56009,10.908,-0.199,0.00
22.57102,10.908,-0.199,0.00
22.58131,11.996,-0.184,0.00
22.59235,11.996,-0.184,0.00
22.60346,12.916,-0.184,9.00
22.61384,13.679,-0.168,9.00
22.62398,13.679,-0.155,9.00
22.63518,13.679,-0.155,9.00
22.64538,13.679,-0.155,9.00
22.65565,14.207,-0.139,9.00
22.66874,14.528,-0.124,9.00
22.67890,14.610,-0.111,9.00
22.68905,14.610,-0.111,9.00
22.69948,14.396,-0.115,9.00
22.70984,14.396,-0.115,9.00
22.72033,14.018,-0.115,9.00
22.74728,13.615,-0.123,9.00
22.75746,12.967,-0.161,9.00
22.77895,12.967,-0.161,9.00
22.78934,12.014,-0.198,9.00
22.81071,12.014,-0.198,9.00
22.82092,9.542,-0.223,9.00
22.83107,9.542,-0.255,9.00
22.84301,8.118,-0.255,9.00
22.85359,6.643,-0.293,9.00
22.86399,6.643,-0.336,9.00
22.87533,6.643,-0.336,9.00
22.88549,5.169,-0.385,9.00
22.89582,5.169,-0.385,9.00
22.90691,5.169,-0.385,9.00
22.91784,3.747,-0.442,9.00
22.92801,2.332,-0.499,9.00
22.93904,0.967,-0.499,9.00
22.94943,0.967,-0.565,9.00
22.95988,-0.288,-0.626,9.00
22.97235,-0.288,-0.626,9.00
22.98251,-1.426,-0.763,9.00
22.99276,-1.426,-0.763,9.00
23.01908,-2.113,-1.001,9.00
23.02948,-2.249,-1.291,9.00
23.05450,-2.249,-1.291,9.00
23.06467,-1.715,-1.579,9.00
23.08348,-1.715,-1.579,9.00
23.09372,-1.326,-1.694,9.00
23.11462,-1.116,-1.694,9.00
23.12479,-1.135,-1.807,9.00
23.14657,-1.135,-1.807,9.00
23.15676,-1.135,-1.807,9.00
23.16698,-1.223,-1.807,9.00
23.17877,-1.223,-1.807,9.00
23.18894,-1.331,-1.753,9.00
23.19910,-1.331,-1.753,9.00
23.21152,-1.374,-1.716,9.00
23.22168,-1.374,-1.673,9.00
23.23228,-1.380,-1.673,9.00
23.24465,-1.338,-1.633,9.00
23.25505,-1.338,-1.633,9.00
23.26550,-1.238,-1.611,9.00
23.27572,-1.238,-1.611,9.00
23.28606,-1.063,-1.581,9.00
23.29655,-1.063,-1.546,9.00
23.30690,-0.851,-1.546,9.00
23.31717,-0.851,-1.546,9.00
23.32733,-0.635,-1.514,9.00
23.35642,-0.275,-1.463,9.50
23.36668,-0.275,-1.463,9.50
23.38647,-0.275,-1.463,9.50
23.39667,-0.186,-1.458,9.50
23.41972,-0.160,-1.495,9.50
23.43113,-0.170,-1.495,9.50
23.45081,-0.201,-1.539,9.50
23.46098,-0.201,-1.617,9.50
23.47120,-0.247,-1.617,9.50
23.48283,-0.247,-1.686,10.00
23.49339,-0.293,-1.686,10.00
23.50379,-0.324,-1.729,10.00
23.51768,-0.324,-1.720,10.00
23.52788,-0.321,-1.720,10.00
23.53812,-0.321,-1.720,10.00
23.54833,-0.294,-1.682,10.50
23.55848,-0.254,-1.634,10.50
23.56870,-0.254,-1.634,10.50
23.59521,-0.213,-1.589,11.00
23.60534,-0.213,-1.589,11.00
23.62724,-0.126,-1.510,11.50
23.63761,-0.097,-1.470,11.50
23.65927,-0.078,-1.436,12.50
23.66944,-0.078,-1.436,12.50
23.69096,-0.068,-1.393,13.00
23.70133,-0.077,-1.393,13.00
23.71159,-0.077,-1.349,13.00
23.72308,-0.077,-1.321,14.00
23.73341,-0.091,-1.321,14.00
23.74357,-0.108,-1.314,14.00
23.75498,-0.108,-1.314,15.50
23.76528,-0.127,-1.327,15.50
23.77555,-0.127,-1.342,15.50
23.78679,-0.132,-1.342,16.50
23.79707,-0.148,-1.361,16.50
23.80731,-0.148,-1.361,16.50
23.83521,-0.156,-1.356,18.00
23.84539,-0.157,-1.356,18.00
23.85558,-0.157,-1.356,19.50
23.86573,-0.172,-1.384,19.50
23.87589,-0.172,-1.384,19.50
23.89985,-0.188,-1.445,20.50
23.91001,-0.188,-1.445,20.50
23.93075,-0.188,-1.445,22.00
23.94093,-0.206,-1.513,22.00
23.95108,-0.206,-1.513,22.00
23.96354,-0.254,-1.811,23.50
23.97370,-0.254,-1.969,23.50
23.98386,-0.285,-1.969,23.50
23.99527,-0.285,-1.969,24.50
24.00544,-0.319,-1.969,24.50
24.01668,-0.319,-2.165,24.50
24.02734,-0.349,-2.375,25.50
24.03766,-0.349,-2.375,25.50
24.04848,-0.384,-2.653,25.50
24.06004,-0.384,-2.954,26.50
24.07054,-0.423,-2.954,26.50
24.08073,-0.454,-3.321,26.50
24.09120,-0.454,-3.321,27.00
24.10144,-0.484,-3.604,27.00
24.11160,-0.484,-3.604,27.00
24.13943,-0.484,-3.890,27.50
24.14961,-0.506,-3.890,27.50
24.17344,-0.562,-4.517,28.00
24.18360,-0.583,-4.773,28.00
24.20318,-0.583,-4.773,28.50
24.21347,-0.608,-5.005,28.50
24.23601,-0.630,-5.202,28.50
24.24640,-0.630,-5.343,28.50
24.25680,-0.637,-5.343,28.50
24.26713,-0.637,-5.475,29.00
24.27793,-0.641,-5.399,29.00
24.28808,-0.641,-5.399,29.00
24.29912,-0.637,-5.208,29.00
24.30943,-0.637,-5.208,29.00
24.31962,-0.637,-4.779,29.00
24.33070,-0.622,-4.779,29.00
24.34086,-0.622,-4.779,29.00
24.35101,-0.589,-4.251,29.00
24.36117,-0.552,-3.508,29.00
24.37991,-0.512,-3.508,29.00
24.39085,-0.512,-2.611,29.00
24.41137,-0.467,-1.422,29.50
24.42152,-0.426,-0.199,29.50
24.44347,-0.386,1.088,29.50
24.45383,-0.386,1.088,29.50
24.47472,-0.342,2.480,29.50
24.48491,-0.309,3.892,29.50
24.49514,-0.309,3.892,29.50
24.50676,-0.309,3.892,29.50
24.51699,-0.285,5.331,29.50
24.52716,-0.262,6.813,29.50
24.53863,-0.262,6.813,29.50
24.54880,-0.243,8.219,29.50
24.55895,-0.224,9.813,29.50
24.57064,-0.224,9.813,29.50
24.58080,-0.224,9.813,29.50
24.59096,-0.229,11.071,29.50
24.61935,-0.239,12.253,29.50
24.62963,-0.244,13.455,29.50
24.65114,-0.250,14.536,29.50
24.66277,-0.244,15.617,29.50
24.68329,-0.243,16.549,29.50
24.69366,-0.243,16.549,29.50
24.71735,-0.272,18.205,29.50
24.72753,-0.272,18.205,29.50
24.74871,-0.272,18.876,29.50
24.75890,-0.289,19.523,29.50
24.76933,-0.319,19.523,29.50
24.77961,-0.350,19.523,29.50
24.78977,-0.350,20.017,29.50
24.79993,-0.375,20.017,29.50
24.81142,-0.375,20.437,29.50
24.82171,-0.375,20.437,29.50
24.83193,-0.397,20.760,29.50
24.84314,-0.425,21.053,29.50
24.85348,-0.425,21.053,29.50
24.86369,-0.425,21.053,29.50
24.87510,-0.492,21.422,29.50
24.88587,-0.492,21.703,29.50
24.89654,-0.507,21.901,29.50
24.92287,-0.512,21.901,29.50
24.93342,-0.536,22.011,29.50
24.95487,-0.536,22.027,29.50
24.96527,-0.552,21.990,29.50
24.98692,-0.552,21.990,29.50
24.99767,-0.558,22.004,29.50
25.01853,-0.558,22.004,29.50
25.02888,-0.550,21.920,29.50
25.03987,-0.545,21.925,29.50
25.05144,-0.545,21.925,29.50
25.06164,-0.537,21.959,29.50
25.07187,-0.537,21.959,29.50
25.08296,-0.537,21.959,29.50
25.09315,-0.519,21.898,29.50
25.10331,-0.519,21.848,29.50
25.11617,-0.519,21.848,29.50
25.12637,-0.506,21.884,29.50
25.13653,-0.506,21.884,29.50
25.14690,-0.490,21.741,29.50
25.15704,-0.490,21.741,29.50
25.16724,-0.472,21.716,29.50
25.17740,-0.459,21.716,29.50
25.19512,-0.459,21.716,29.50
25.20554,-0.452,21.807,29.50
25.22790,-0.450,21.805,29.50
25.23832,-0.442,21.832,29.50
25.25982,-0.442,21.849,29.50
25.27014,-0.445,21.849,29.50
25.29249,-0.449,21.852,29.50
25.30264,-0.450,21.912,29.50
25.31367,-0.450,21.912,29.50
25.32384,-0.451,21.857,29.50
25.33411,-0.451,21.857,29.50
25.34434,-0.463,21.933,29.50
25.35490,-0.475,21.933,29.50
25.36526,-0.475,21.882,29.50
25.37635,-0.475,21.882,29.50
25.38741,-0.478,21.886,29.50
25.39765,-0.478,21.955,29.50
25.40782,-0.488,21.955,29.50
25.41924,-0.499,21.901,29.50
25.42945,-0.499,21.901,29.50
25.43960,-0.499,21.901,29.50
25.44976,-0.505,21.946,29.50
25.46733,-0.515,21.889,29.50
25.47754,-0.515,21.856,29.50
25.49929,-0.522,21.867,29.50
25.50946,-0.522,21.867,29.50
25.53104,-0.527,21.817,29.50
25.54168,-0.529,21.894,29.50
25.55212,-0.529,21.894,29.50
25.56296,-0.529,21.827,29.50
25.57332,-0.528,21.828,29.50
25.58348,-0.523,21.828,29.50
25.59528,-0.523,21.828,29.50
25.60555,-0.529,21.799,29.50
25.61570,-0.533,21.799,29.50
25.62597,-0.533,21.735,0.00
25.63614,-0.534,21.735,0.00
25.64631,-0.534,21.782,0.00
25.65655,-0.534,21.782,0.00
25.66673,-0.534,21.681,0.00
25.67694,-0.534,21.681,0.00
25.68719,-0.536,21.738,0.00
25.69738,-0.536,21.692,0.00
25.70785,-0.540,21.692,0.00
25.71809,-0.546,21.685,0.00
25.72825,-0.546,21.685,0.00
25.73840,-0.524,21.730,0.00
25.74856,-0.524,21.730,0.00
25.75872,-0.456,21.684,0.00
25.76890,-0.456,21.684,0.00
25.78020,-0.456,21.684,0.00
25.79038,-0.377,21.772,0.00
25.80054,-0.273,21.727,0.00
25.81128,-0.273,21.727,0.00
25.82143,-0.161,21.794,0.00
25.83322,-0.068,21.794,0.00
25.84354,-0.068,21.823,0.00
25.85367,-0.068,21.791,0.00
25.86382,0.036,21.791,0.00
25.87396,0.036,21.791,0.00
25.88410,0.146,21.865,0.00
25.89440,0.146,21.801,0.00
25.90485,0.275,21.801,0.00
25.91583,0.275,21.801,0.00
25.92598,0.421,21.853,0.00
25.93613,0.553,21.862,0.00
25.94654,0.553,21.862,0.00
25.95672,0.600,21.842,0.00
25.96688,0.600,21.842,0.00
25.97705,0.632,21.896,0.00
25.98721,0.632,21.896,0.00
25.99735,0.652,21.835,0.00
26.00753,0.652,21.835,0.00
26.01794,0.652,21.835,0.00
26.02814,0.628,21.896,0.00
26.03909,0.561,21.704,0.00
26.04945,0.561,21.704,0.00
26.05988,0.465,21.601,0.00
26.07140,0.465,21.601,0.00
26.08158,0.340,21.102,0.00
26.09173,0.340,21.102,0.00
26.10188,0.188,21.102,0.00
26.11323,0.188,20.243,0.00
26.12337,0.015,19.781,0.00
26.13444,-0.149,19.482,0.00
26.14460,-0.149,19.482,0.00
26.15588,-0.149,19.482,0.00
26.16612,-0.285,18.634,0.00
26.17633,-0.408,17.389,0.00
26.18649,-0.408,17.389,0.00
26.19749,-0.525,15.930,0.00
26.20765,-0.525,15.930,0.00
26.21781,-0.615,14.495,0.00
26.22798,-0.615,14.495,0.00
26.23842,-0.679,13.191,0.00
26.24871,-0.679,13.191,0.00
26.26032,-0.679,13.191,0.00
26.27049,-0.737,11.665,0.00
26.28065,-0.806,9.729,0.00
26.29087,-0.806,9.729,0.00
26.30103,-0.889,7.611,0.00
26.31119,-0.889,7.611,0.00
26.32190,-0.970,5.917,0.00
26.33271,-0.970,5.917,0.00
26.34318,-1.046,3.741,0.00
26.35334,-1.046,3.741,0.00
26.36351,-1.114,1.772,0.00
26.37367,-1.114,0.055,0.00
26.38384,-1.159,0.055,0.00
26.39400,-1.159,0.055,0.00
26.40414,-1.186,-1.251,0.00
26.41434,-1.196,-2.196,0.00
26.42451,-1.196,-2.196,0.00
26.43617,-1.196,-2.196,0.00
26.44639,-1.187,-2.709,0.00
26.45656,-1.162,-3.004,0.00
26.46688,-1.162,-3.004,0.00
26.47793,-1.131,-3.256,0.00
26.48809,-1.131,-3.256,0.00
26.49909,-1.131,-3.256,0.00
26.50925,-1.093,-3.270,0.00
26.52073,-1.056,-3.069,0.00
26.53091,-1.056,-3.069,0.00
26.54106,-1.006,-2.921,0.00
26.55122,-1.006,-2.921,0.00
26.56138,-0.946,-2.873,0.00
26.57161,-0.946,-2.873,0.00
26.58177,-0.883,-2.650,0.00
26.59198,-0.883,-2.650,0.00
26.60241,-0.815,-2.307,0.00
26.61260,-0.815,-2.307,0.00
26.62282,-0.815,-1.991,0.00
26.63296,-0.736,-1.991,0.00
26.64313,-0.736,-1.991,0.00
26.65329,-0.652,-1.882,0.00
26.66346,-0.575,-1.832,0.00
26.67374,-0.575,-1.832,0.00
26.68394,-0.506,-1.795,0.00
26.69410,-0.506,-1.795,0.00
26.70427,-0.444,-1.793,0.00
26.71445,-0.444,-1.793,0.00
26.72461,-0.391,-1.812,0.00
26.73475,-0.391,-1.812,0.00
26.74490,-0.352,-1.806,0.00
26.75510,-0.319,-1.797,0.00
26.76539,-0.319,-1.797,0.00
26.77578,-0.319,-1.797,0.00
26.78719,-0.319,-1.815,0.00
26.79734,-0.295,-1.815,0.00
26.80751,-0.295,-1.814,0.00
26.81779,-0.296,-1.814,0.00
26.82795,-0.296,-1.772,0.00
26.83811,-0.303,-1.772,0.00
26.84827,-0.303,-1.747,0.00
26.85847,-0.312,-1.728,0.00
26.86863,-0.312,-1.728,0.00
26.87879,-0.329,-1.710,0.00
26.88895,-0.329,-1.710,0.00
26.89911,-0.356,-1.685,0.00
26.90926,-0.356,-1.685,0.00
26.91942,-0.383,-1.642,0.00
26.92958,-0.383,-1.642,0.00
26.93988,-0.408,-1.611,0.00
26.95028,-0.408,-1.611,0.00
26.96061,-0.433,-1.564,0.00
26.97098,-0.433,-1.564,0.00
26.98125,-0.458,-1.501,0.00
26.99155,-0.458,-1.501,0.00
27.00193,-0.483,-1.438,0.00
27.01209,-0.483,-1.438,0.00
27.02271,-0.483,-1.438,0.00
27.03300,-0.483,-1.438,0.00
27.04316,-0.483,-1.438,0.00
27.05340,-0.524,-1.350,0.00
27.06361,-0.540,-1.314,0.00
27.07378,-0.540,-1.314,0.00
27.08393,-0.551,-1.314,0.00
27.09412,-0.561,-1.304,0.00
27.10447,-0.561,-1.288,0.00
27.11469,-0.561,-1.288,0.00
27.12491,-0.570,-1.266,0.00
27.14209,-0.570,-1.266,0.00
27.15609,-0.594,-1.266,0.00
27.17715,-0.622,-1.261,0.00
27.19456,-0.622,-1.262,0.00
27.20960,-0.702,-1.256,0.00
27.22057,-0.702,-1.256,0.00
27.23158,-0.702,-1.256,0.00
27.25314,-0.835,-1.256,0.00
27.27806,-0.917,-1.269,0.00
27.28881,-0.917,-1.269,0.00
27.30323,-0.917,-1.269,0.00
27.31569,-1.086,-1.306,0.00
27.32588,-1.165,-1.337,0.00
27.34103,-1.243,-1.372,0.00
27.35251,-1.314,-1.396,0.00
27.36354,-1.314,-1.396,0.00
27.38428,-1.314,-1.428,0.00
27.39516,-1.421,-1.428,0.00
27.40593,-1.421,-1.474,0.00
27.41663,-1.421,-1.474,0.00
27.42700,-1.471,-1.541,0.00
27.44074,-1.471,-1.541,0.00
27.45441,-1.507,-1.608,0.00
27.47175,-1.540,-1.677,0.00
27.48723,-1.564,-1.747,0.00
27.50034,-1.568,-1.846,0.00
27.51627,-1.568,-1.846,0.00
27.53195,-1.568,-1.846,0.00
27.54325,-1.572,-2.172,0.00
27.55921,-1.535,-2.380,0.00
27.56940,-1.535,-2.380,0.00
27.57954,-1.535,-2.380,0.00
27.59290,-1.499,-2.565,0.00
27.60890,-1.472,-2.765,0.00
27.61908,-1.472,-2.765,0.00
27.62928,-1.472,-2.765,0.00
27.63947,-1.441,-2.765,0.00
27.64987,-1.441,-3.255,0.00
27.66024,-1.382,-3.255,0.00
27.67084,-1.382,-3.442,0.00
27.68735,-1.336,-3.582,0.00
27.69758,-1.336,-3.685,0.00
27.70791,-1.290,-3.685,0.00
27.71886,-1.249,-3.753,0.00
27.73014,-1.249,-3.753,0.00
27.74305,-1.201,-3.770,0.00
27.75579,-1.165,-3.803,0.00
27.77145,-1.165,-3.803,0.00
27.79762,-1.133,-3.890,0.00
27.82373,-1.072,-3.900,0.00
27.83401,-1.072,-3.900,0.00
27.84671,-1.045,-3.905,0.00
27.85782,-1.045,-3.960,0.00
27.88607,-0.926,-3.989,0.00
27.89750,-0.845,-4.060,0.00
27.91372,-0.845,-4.060,0.00
27.94851,-0.616,-4.192,0.00
27.95956,-0.616,-4.194,0.00
27.97015,-0.616,-4.194,0.00
27.98121,-0.616,-4.194,0.00
27.99742,-0.410,-4.268,0.00
28.00788,-0.410,-4.268,0.00
28.02393,-0.239,-4.272,0.00
28.03506,-0.239,-4.272,0.00
28.06076,-0.145,-4.253,0.00
28.07258,-0.145,-4.183,0.00
28.09473,-0.097,-4.043,0.00
28.11052,-0.072,-4.043,0.00
28.12207,-0.072,-3.947,0.00
28.17933,-0.147,-3.576,0.00
28.18961,-0.147,-3.576,0.00
28.24750,-0.286,-3.576,0.00
28.25786,-0.286,-3.199,0.00
28.26845,0.786,0.243,0.00
28.27862,0.702,0.849,0.00
28.28879,0.702,0.849,0.00
28.29910,0.672,1.130,0.00
28.30962,0.672,1.130,0.00
28.31998,0.652,1.356,0.00
28.33051,0.652,1.356,0.00
28.34066,0.641,1.610,0.00
28.35105,0.641,1.610,0.00
28.36139,0.640,1.931,0.00
28.37284,0.637,2.242,0.00
28.38333,0.637,2.242,0.00
28.39368,0.650,2.411,0.00
28.40407,0.650,2.411,0.00
28.41457,0.665,2.541,0.00
28.42473,0.665,2.541,0.00
28.43506,0.665,2.541,0.00
28.44521,0.675,2.628,0.00
28.45543,0.675,2.628,0.00
28.46662,0.684,2.691,0.00
28.47683,0.684,2.691,0.00
28.48698,0.684,2.712,0.00
28.49713,0.684,2.691,0.00
28.50728,0.683,2.691,0.00
28.51744,0.676,2.669,0.00
28.52760,0.676,2.669,0.00
28.53775,0.663,2.650,0.00
28.54789,0.663,2.650,0.00
28.55805,0.647,2.634,0.00
28.56820,0.647,2.634,0.00
28.57917,0.633,2.594,0.00
28.58937,0.633,2.594,0.00
28.59953,0.609,2.542,0.00
28.60969,0.609,2.542,0.00
28.61986,0.545,2.542,0.00
28.63002,0.545,2.518,0.00
28.64018,0.545,2.518,0.00
28.65046,0.475,2.504,0.00
28.66062,0.356,2.489,0.00
28.67078,0.356,2.489,0.00
28.68094,0.145,2.492,0.00
28.69121,0.145,2.492,0.00
28.70136,-0.060,2.495,0.00
28.71152,-0.060,2.495,0.00
28.72249,-0.189,2.509,0.00
28.73294,-0.189,2.509,0.00
28.74321,-0.381,2.528,0.00
28.75347,-0.381,2.528,0.00
28.76364,-0.585,2.558,0.00
28.77384,-0.585,2.558,0.00
28.78400,-0.670,2.609,0.00
28.79438,-0.670,2.609,0.00
28.80456,-0.595,2.670,0.00
28.81471,-0.595,2.670,0.00
28.82486,-0.336,2.737,0.00
28.83524,-0.336,2.737,0.00
28.84568,0.224,2.778,0.00
28.85584,0.960,2.801,0.00
28.86600,0.960,2.801,0.00
28.87619,0.960,2.801,0.00
28.88636,1.952,2.814,0.00
28.89652,3.247,2.821,0.00
28.90665,3.247,2.821,0.00
28.91694,3.247,2.821,0.00
28.92715,4.685,2.812,0.00
28.93734,6.063,2.800,0.00
28.94756,6.063,2.800,0.00
28.95782,6.063,2.791,0.00
28.96977,7.950,2.791,0.00
28.97997,9.488,2.785,0.00
28.99027,9.488,2.785,0.00
29.00290,11.313,2.793,0.00
29.01362,11.313,2.793,0.00
29.02390,13.150,2.800,0.00
29.05128,14.935,2.800,9.00
29.06145,16.582,2.833,9.00
29.08253,16.582,2.833,9.00
29.09283,18.127,2.857,9.00
29.11564,20.873,2.901,9.00
29.12591,20.873,2.901,9.00
29.14652,20.873,2.901,9.00
29.15674,21.909,2.919,9.00
29.16689,22.424,2.924,9.00
29.17865,22.424,2.924,9.00
29.18884,22.253,2.926,9.00
29.19910,21.722,2.921,9.00
29.21124,21.722,2.921,9.00
29.22153,20.953,2.913,9.00
29.23395,20.953,2.913,9.00
29.24412,20.006,2.906,9.00
29.25436,20.006,2.906,9.00
29.26451,18.865,2.890,9.00
29.27585,17.552,2.890,9.00
29.28603,17.552,2.869,9.00
29.29662,15.958,2.869,9.00
29.30733,15.958,2.842,9.00
29.31748,14.127,2.812,9.00
29.32765,14.127,2.812,9.00
29.35509,10.090,2.778,9.00
29.36550,10.090,2.725,9.00
29.38684,10.090,2.725,9.00
29.39702,5.882,2.588,9.00
29.41864,5.882,2.588,9.00
29.42883,4.173,2.401,9.00
29.45068,4.173,2.401,9.00
29.46095,1.285,2.096,9.00
29.48336,1.285,2.096,9.00
29.49358,0.248,1.803,9.00
29.50374,-0.578,1.651,9.00
29.51530,-0.578,1.481,9.00
29.52569,-1.058,1.481,9.00
29.53582,-1.058,1.481,9.00
29.54745,-1.249,1.344,9.00
29.55765,-1.262,1.279,9.00
29.56802,-1.262,1.279,9.00
29.57941,-1.156,1.322,9.00
29.58994,-1.156,1.322,9.00
29.60035,-1.039,1.406,9.00
29.61135,-1.039,1.406,9.00
29.62144,-0.969,1.527,9.00
29.63160,-0.969,1.527,9.00
29.64176,-0.954,1.697,9.00
29.65842,-0.954,1.697,9.00
29.66866,-0.950,1.868,9.00
29.69060,-0.950,1.868,9.00
29.70141,-0.946,2.147,9.00
29.72246,-0.946,2.147,9.00
29.73350,-0.935,2.237,9.00
29.74366,-0.906,2.306,9.00
29.75577,-0.906,2.306,9.00
29.76597,-0.874,2.373,9.00
29.77621,-0.874,2.373,9.00
29.78646,-0.874,2.373,9.50
29.79665,-0.858,2.420,9.50
29.80680,-0.848,2.464,9.50
29.82124,-0.822,2.489,9.50
29.83143,-0.822,2.489,9.50
29.84158,-0.822,2.489,9.50
29.85174,-0.784,2.500,9.50
29.86201,-0.742,2.516,9.50
29.87295,-0.742,2.516,9.50
29.88322,-0.707,2.539,9.50
29.89356,-0.690,2.549,9.50
29.90397,-0.690,2.549,9.50
29.93235,-0.687,2.549,10.00
29.94261,-0.690,2.502,10.00
29.96471,-0.697,2.502,10.00
29.97492,-0.697,2.482,10.00
29.99627,-0.710,2.478,10.50
30.00656,-0.710,2.478,10.50
30.02662,-0.710,2.478,11.00
30.03680,-0.711,2.457,11.00
30.04696,-0.705,2.442,11.00
30.05998,-0.692,2.409,11.50
30.07038,-0.692,2.409,11.50
30.08092,-0.692,2.409,11.50
30.09134,-0.673,2.404,12.50
30.10181,-0.655,2.405,12.50
30.11196,-0.655,2.405,12.50
30.12336,-0.639,2.392,13.00
30.13364,-0.639,2.392,13.00
30.14450,-0.625,2.375,13.00
30.15577,-0.625,2.375,14.00
30.16614,-0.625,2.375,14.00
30.17630,-0.625,2.375,14.00
30.20335,-0.611,2.310,15.50
30.21351,-0.611,2.267,15.50
30.23571,-0.594,2.217,16.50
30.24611,-0.594,2.217,16.50
30.26667,-0.594,2.217,18.00
30.27684,-0.568,2.199,18.00
30.30017,-0.568,2.199,19.50
30.31047,-0.545,2.198,19.50
30.33051,-0.510,2.195,21.00
30.34097,-0.479,2.188,21.00
30.35112,-0.479,2.188,21.00
30.36362,-0.448,2.164,22.00
30.37385,-0.448,2.164,22.00
30.38417,-0.420,2.133,22.00
30.39470,-0.420,2.133,23.50
30.40553,-0.403,1.990,23.50
30.41576,-0.391,1.850,23.50
30.42719,-0.391,1.850,24.50
30.43755,-0.383,1.668,24.50
30.44771,-0.383,1.668,24.50
30.47529,-0.393,1.367,25.50
30.48559,-0.411,1.062,25.50
30.50778,-0.435,0.679,26.50
30.51795,-0.458,0.332,26.50
30.53929,-0.487,-0.091,27.00
30.54962,-0.487,-0.091,27.00
30.57135,-0.519,-0.461,27.50
30.58155,-0.550,-0.897,27.50
30.60381,-0.582,-1.305,28.00
30.61413,-0.582,-1.677,28.00
30.62435,-0.611,-1.677,28.00
30.63487,-0.611,-1.677,28.50
30.64629,-0.640,-2.060,28.50
30.65634,-0.665,-2.378,28.50
30.67069,-0.665,-2.378,28.50
30.68102,-0.689,-2.609,28.50
30.69121,-0.689,-2.609,28.50
30.70244,-0.709,-2.609,29.00
30.71261,-0.709,-2.769,29.00
30.72334,-0.722,-2.769,29.00
30.73344,-0.722,-2.826,29.00
30.74360,-0.737,-2.740,29.00
30.75377,-0.737,-2.740,29.00
30.78177,-0.749,-2.511,29.00
30.79211,-0.749,-2.053,29.00
30.81114,-0.751,-2.053,29.00
30.82131,-0.747,-0.625,29.00
30.84667,-0.741,0.339,29.50
30.85683,-0.730,1.362,29.50
30.87496,-0.730,1.362,29.50
30.88534,-0.729,2.569,29.50
30.90738,-0.726,3.964,29.50
30.91766,-0.721,5.305,29.50
30.92832,-0.721,5.305,29.50
30.93881,-0.721,5.305,29.50
30.94918,-0.722,6.703,29.50
30.95934,-0.722,8.078,29.50
30.97133,-0.722,8.078,29.50
30.98177,-0.728,9.448,29.50
30.99226,-0.728,9.448,29.50
31.00344,-0.737,10.845,29.50
31.01372,-0.737,10.845,29.50
31.02412,-0.747,12.140,29.50
31.03509,-0.747,12.140,29.50
31.04559,-0.757,13.399,29.50
31.05575,-0.757,13.399,29.50
31.06665,-0.757,13.399,29.50
31.07682,-0.761,14.698,29.50
31.08704,-0.772,15.754,29.50
31.09720,-0.772,15.754,29.50
31.11840,-0.787,17.608,29.50
31.12855,-0.797,17.608,29.50
31.14682,-0.797,18.447,29.50
31.15718,-0.807,18.447,29.50
31.17884,-0.814,19.807,29.50
31.18901,-0.831,19.807,29.50
31.19935,-0.847,20.338,29.50
31.21106,-0.847,20.338,29.50
31.22147,-0.864,20.981,29.50
31.23319,-0.864,20.981,29.50
31.24338,-0.883,21.408,29.50
31.25370,-0.899,21.762,29.50
31.26408,-0.899,21.762,29.50
31.27494,-0.899,21.762,29.50
31.28511,-0.919,22.119,29.50
31.29534,-0.919,22.119,29.50
31.30658,-0.935,22.327,29.50
31.31675,-0.935,22.327,29.50
31.32695,-0.953,22.586,29.50
31.33715,-0.953,22.586,29.50
31.35631,-0.961,22.745,29.50
31.36649,-0.961,22.745,29.50
31.38767,-0.963,22.745,29.50
31.39803,-0.954,22.772,29.50
31.42008,-0.946,22.877,29.50
31.43898,-0.935,22.758,29.50
31.45090,-0.935,22.758,29.50
31.46125,-0.935,22.690,29.50
31.47158,-0.920,22.690,29.50
31.48291,-0.920,22.736,29.50
31.49351,-0.904,22.736,29.50
31.50372,-0.883,22.622,29.50
31.51523,-0.870,22.634,29.50
31.52543,-0.870,22.634,29.50
31.53570,-0.851,22.634,29.50
31.54664,-0.851,22.565,29.50
31.55683,-0.851,22.565,29.50
31.56699,-0.833,22.517,29.50
31.57718,-0.833,22.517,29.50
31.59497,-0.833,22.434,29.50
31.60519,-0.799,22.434,29.50
31.62725,-0.799,22.471,29.50
31.63742,-0.786,22.438,29.50
31.65894,-0.760,22.438,29.50
31.66910,-0.760,22.503,29.50
31.69117,-0.750,22.522,29.50
31.70135,-0.740,22.513,29.50
31.71152,-0.740,22.513,29.50
31.72284,-0.740,22.633,29.50
31.73303,-0.730,22.633,29.50
31.74341,-0.730,22.658,29.50
31.75521,-0.709,22.785,29.50
31.76544,-0.709,22.785,29.50
31.77584,-0.703,22.809,29.50
31.78880,-0.703,22.809,29.50
31.79920,-0.698,22.873,29.50
31.80977,-0.698,22.873,29.50
31.82002,-0.698,22.873,29.50
31.83035,-0.699,22.915,29.50
31.84050,-0.699,22.915,29.50
31.86738,-0.710,23.056,29.50
31.87775,-0.726,23.103,29.50
31.90021,-0.753,23.163,29.50
31.91043,-0.753,23.163,29.50
31.93146,-0.753,23.208,29.50
31.94164,-0.824,23.177,29.50
31.96354,-0.849,23.274,29.50
31.97370,-0.849,23.274,29.50
31.99538,-0.867,23.226,29.50
32.00575,-0.889,23.301,29.50
32.01595,-0.889,23.301,29.50
32.02729,-0.889,23.301,29.50
32.03804,-0.903,23.353,29.50
32.04820,-0.912,23.334,29.50
32.05860,-0.914,23.334,0.00
32.06874,-0.914,23.452,0.00
32.07904,-0.918,23.452,0.00
32.08922,-0.918,23.397,0.00
32.09940,-0.918,23.397,0.00
32.10958,-0.918,23.397,0.00
32.11973,-0.929,23.427,0.00
32.12989,-0.929,23.427,0.00
32.14005,-0.929,23.427,0.00
32.15035,-0.935,23.430,0.00
32.16050,-0.947,23.421,0.00
32.17066,-0.952,23.493,0.00
32.18082,-0.918,23.455,0.00
32.19097,-0.918,23.455,0.00
32.20112,-0.879,23.491,0.00
32.21128,-0.879,23.491,0.00
32.22144,-0.828,23.452,0.00
32.23168,-0.828,23.452,0.00
32.24199,-0.772,23.417,0.00
32.25319,-0.772,23.417,0.00
32.26337,-0.721,23.486,0.00
32.27366,-0.721,23.486,0.00
32.28381,-0.683,23.478,0.00
32.29398,-0.683,23.478,0.00
32.30414,-0.646,23.501,0.00
32.31440,-0.646,23.421,0.00
32.32455,-0.599,23.421,0.00
32.33492,-0.549,23.467,0.00
32.34506,-0.549,23.467,0.00
32.35537,-0.549,23.467,0.00
32.36552,-0.501,23.472,0.00
32.37567,-0.501,23.472,0.00
32.38582,-0.473,23.435,0.00
32.39598,-0.473,23.435,0.00
32.40613,-0.488,23.435,0.00
32.41629,-0.542,23.455,0.00
32.42645,-0.542,23.455,0.00
32.43660,-0.583,23.431,0.00
32.44676,-0.583,23.431,0.00
32.45711,-0.607,23.406,0.00
32.46733,-0.607,23.406,0.00
32.47749,-0.652,23.355,0.00
32.48764,-0.652,23.355,0.00
32.49801,-0.720,23.355,0.00
32.50838,-0.720,23.202,0.00
32.51908,-0.805,23.013,0.00
32.52973,-0.805,23.013,0.00
32.53989,-0.894,22.339,0.00
32.55005,-0.894,22.339,0.00
32.56021,-1.001,21.790,0.00
32.57037,-1.001,21.790,0.00
32.58060,-1.105,21.623,0.00
32.59095,-1.105,21.623,0.00
32.60126,-1.179,21.044,0.00
32.61159,-1.179,21.044,0.00
32.62188,-1.236,20.389,0.00
32.63220,-1.236,20.389,0.00
32.64258,-1.285,19.463,0.00
32.65295,-1.285,19.463,0.00
32.66327,-1.330,18.201,0.00
32.67359,-1.330,18.201,0.00
32.68386,-1.360,16.699,0.00
32.69430,-1.360,15.464,0.00
32.70452,-1.390,15.464,0.00
32.71494,-1.419,14.282,0.00
32.72533,-1.419,14.282,0.00
32.73548,-1.447,14.282,0.00
32.74578,-1.447,12.761,0.00
32.75594,-1.471,12.761,0.00
32.76610,-1.471,11.084,0.00
32.77625,-1.471,11.084,0.00
32.78642,-1.497,9.240,0.00
32.79663,-1.510,7.572,0.00
32.80692,-1.510,7.572,0.00
32.81708,-1.505,5.597,0.00
32.82723,-1.505,5.597,0.00
32.83739,-1.505,5.597,0.00
32.84754,-1.482,3.523,0.00
32.85769,-1.451,1.969,0.00
32.86785,-1.451,1.969,0.00
32.87801,-1.451,1.969,0.00
32.88820,-1.422,0.712,0.00
32.89835,-1.398,-0.142,0.00
32.90852,-1.398,-0.142,0.00
32.91871,-1.373,-0.534,0.00
32.92887,-1.373,-0.534,0.00
32.93902,-1.373,-0.534,0.00
32.94918,-1.342,-0.545,0.00
32.95933,-1.307,-0.243,0.00
32.96948,-1.307,-0.243,0.00
32.97963,-1.266,0.247,0.00
32.98978,-1.266,0.247,0.00
32.99997,-1.218,0.851,0.00
33.01042,-1.218,0.851,0.00
33.02077,-1.218,1.296,0.00
33.03141,-1.165,1.296,0.00
33.04160,-1.102,1.888,0.00
33.05176,-1.102,1.888,0.00
33.06192,-1.102,1.888,0.00
33.07224,-1.035,2.555,0.00
33.08257,-0.972,3.110,0.00
33.09285,-0.972,3.110,0.00
33.10301,-0.918,3.519,0.00
33.11318,-0.918,3.519,0.00
33.12333,-0.918,3.519,0.00
33.13361,-0.866,3.611,0.00
33.14377,-0.821,3.492,0.00
33.15395,-0.821,3.492,0.00
33.16411,-0.786,3.425,0.00
33.17432,-0.786,3.425,0.00
33.18455,-0.762,3.362,0.00
33.19482,-0.762,3.362,0.00
33.20497,-0.751,3.324,0.00
33.21514,-0.747,3.377,0.00
33.22553,-0.747,3.377,0.00
33.23579,-0.749,3.377,0.00
33.24674,-0.749,3.353,0.00
33.25701,-0.749,3.353,0.00
33.26717,-0.755,3.299,0.00
33.27733,-0.757,3.220,0.00
33.28747,-0.757,3.220,0.00
33.29763,-0.761,3.179,0.00
33.30797,-0.761,3.179,0.00
33.31814,-0.762,3.123,0.00
33.32830,-0.762,3.123,0.00
33.33845,-0.758,3.050,0.00
33.34861,-0.758,3.050,0.00
33.35878,-0.758,3.050,0.00
33.36894,-0.744,2.962,0.00
33.37911,-0.724,2.889,0.00
33.38939,-0.724,2.889,0.00
33.39992,-0.701,2.865,0.00
33.41046,-0.701,2.865,0.00
33.42071,-0.679,2.893,0.00
33.43090,-0.679,2.893,0.00
33.44116,-0.657,2.920,0.00
33.45132,-0.657,2.920,0.00
33.46151,-0.638,2.953,0.00
33.47167,-0.638,2.953,0.00
33.48183,-0.638,2.996,0.00
33.49221,-0.621,2.996,0.00
33.50242,-0.609,3.041,0.00
33.51257,-0.609,3.041,0.00
33.52273,-0.595,3.081,0.00
33.53287,-0.595,3.081,0.00
33.54303,-0.583,3.060,0.00
33.55326,-0.583,3.060,0.00
33.59750,-0.579,2.812,0.00
33.60778,-0.579,2.812,0.00
33.61967,-0.594,2.731,0.00
33.63009,-0.594,2.731,0.00
33.64263,-0.620,2.649,0.00
33.66440,-0.649,2.606,0.00
33.67625,-0.673,2.584,0.00
33.69794,-0.696,2.584,0.00
33.70871,-0.696,2.584,0.00
33.73260,-0.720,2.592,0.00
33.74843,-0.745,2.626,0.00
33.75938,-0.745,2.626,0.00
33.77544,-0.745,2.675,0.00
33.78761,-0.788,2.726,0.00
33.79915,-0.788,2.726,0.00
33.81639,-0.811,2.787,0.00
33.82789,-0.811,2.787,0.00
33.84332,-0.836,2.862,0.00
33.85506,-0.881,2.977,0.00
33.87659,-0.881,2.977,0.00
33.89271,-0.898,3.016,0.00
33.90484,-0.898,3.045,0.00
33.91600,-0.916,3.080,0.00
33.94827,-0.954,3.107,0.00
33.97435,-0.954,3.132,0.00
33.98568,-0.966,3.156,0.00
33.99654,-0.974,3.156,0.00
34.01281,-0.983,3.179,0.00
34.03012,-0.988,3.192,0.00
34.04282,-0.988,3.192,0.00
34.05301,-0.988,3.192,0.00
34.06530,-0.997,3.207,0.00
34.08076,-0.997,3.207,0.00
34.09110,-0.997,3.207,0.00
34.10787,-1.002,3.197,0.00
34.12553,-1.003,3.186,0.00
34.13743,-1.003,3.176,0.00
34.14770,-1.004,3.176,0.00
34.16684,-1.006,3.171,0.00
34.18592,-1.003,3.182,0.00
34.20155,-0.998,3.187,0.00
34.21462,-0.993,3.196,0.00
34.22539,-0.993,3.196,0.00
34.23593,-0.993,3.196,0.00
34.24749,-0.990,3.210,0.00
34.26309,-0.990,3.210,0.00
34.27454,-0.987,3.230,0.00
34.30125,-0.987,3.230,0.00
34.31307,-0.972,3.264,0.00
34.32857,-0.963,3.273,0.00
34.34264,-0.952,3.273,0.00
34.36326,-0.939,3.275,0.00
34.37525,-0.939,3.277,0.00
34.38743,-0.924,3.275,0.00
34.40299,-0.924,3.275,0.00
34.41559,-0.908,3.270,0.00
34.42661,-0.891,3.270,0.00
34.44494,-0.891,3.261,0.00
34.46343,-0.849,3.252,0.00
34.47541,-0.832,3.252,0.00
34.49083,-0.832,3.254,0.00
34.50315,-0.814,3.260,0.00
34.51495,-0.814,3.266,0.00
34.53065,-0.795,3.266,0.00
34.55433,-0.781,3.275,0.00
34.61514,-0.746,3.304,0.00
34.68175,-0.695,3.312,0.00
34.69212,-0.695,3.342,0.00
34.70265,0.222,0.164,0.00
34.71347,0.230,0.183,0.00
34.72411,0.238,0.204,0.00
34.73431,0.244,0.204,0.00
34.74457,0.244,0.227,0.00
34.75477,0.244,0.227,0.00
34.76510,0.248,0.253,0.00
34.77529,0.248,0.253,0.00
34.78545,0.250,0.283,0.00
34.79591,0.250,0.283,0.00
34.80616,0.246,0.312,0.00
34.81642,0.246,0.312,0.00
34.82677,0.241,0.343,0.00
34.83693,0.236,0.367,0.00
34.84708,0.236,0.367,0.00
34.85740,0.236,0.367,0.00
34.86748,0.227,0.393,0.00
34.87763,0.216,0.416,0.00
34.88778,0.216,0.416,0.00
34.89794,0.209,0.416,0.00
34.90810,0.209,0.438,0.00
34.91832,0.209,0.438,0.00
34.92848,0.203,0.460,0.00
34.93864,0.201,0.483,0.00
34.94880,0.201,0.483,0.00
34.95901,0.199,0.501,0.00
34.96926,0.199,0.501,0.00
34.97942,0.200,0.515,0.00
34.98956,0.200,0.515,0.00
34.99972,0.203,0.531,0.00
35.00987,0.203,0.531,0.00
35.02002,0.206,0.550,0.00
35.03032,0.206,0.550,0.00
35.04047,0.209,0.564,0.00
35.05092,0.209,0.564,0.00
35.06090,0.216,0.573,0.00
35.07106,0.216,0.573,0.00
35.08123,0.222,0.587,0.00
35.09139,0.222,0.587,0.00
35.10156,0.228,0.593,0.00
35.11177,0.228,0.593,0.00
35.12194,0.228,0.601,0.00
35.13210,0.228,0.601,0.00
35.14226,0.228,0.610,0.00
35.15243,0.228,0.610,0.00
35.16258,0.227,0.616,0.00
35.17274,0.227,0.616,0.00
35.18288,0.222,0.618,0.00
35.19304,0.219,0.620,0.00
35.20330,0.219,0.620,0.00
35.21448,0.219,0.620,0.00
35.22488,0.220,0.616,0.00
35.23539,0.220,0.616,0.00
35.24565,0.226,0.608,0.00
35.25604,0.235,0.602,0.00
35.26647,0.235,0.602,0.00
35.27663,0.245,0.596,0.00
35.28687,0.245,0.596,0.00
35.29702,0.254,0.592,0.00
35.30718,0.254,0.592,0.00
35.31752,0.263,0.587,0.00
35.32803,0.263,0.587,0.00
35.33817,0.263,0.587,0.00
35.34846,0.272,0.584,0.00
35.35861,0.282,0.583,0.00
35.36875,0.282,0.583,0.00
35.37891,0.282,0.583,0.00
35.38906,0.282,0.583,0.00
35.39921,0.292,0.592,0.00
35.40947,0.292,0.592,0.00
35.41964,0.294,0.597,0.00
35.43004,0.294,0.597,0.00
35.44019,0.294,0.607,0.00
35.45085,0.294,0.607,0.00
35.46101,0.295,0.615,0.00
35.47116,0.295,0.615,0.00
35.48131,0.295,0.616,0.00
35.49146,0.295,0.616,0.00
35.50161,0.293,0.617,0.00
35.51176,0.293,0.617,0.00
35.52209,0.294,0.614,0.00
35.53274,0.294,0.614,0.00
35.54289,0.298,0.609,0.00
35.55305,0.298,0.609,0.00
35.56320,0.303,0.602,0.00
35.57336,0.303,0.602,0.00
35.58352,0.309,0.602,0.00
35.59370,0.309,0.596,0.00
35.60402,0.314,0.588,0.00
35.61433,0.314,0.588,0.00
35.62472,0.321,0.578,0.00
35.63491,0.321,0.578,0.00
35.64518,0.331,0.573,0.00
35.65535,0.331,0.573,0.00
35.66550,0.331,0.573,0.00
35.67569,0.343,0.575,0.00
35.68585,0.351,0.582,0.00
35.69599,0.351,0.588,0.00
35.70614,0.361,0.588,0.00
35.71642,0.361,0.588,0.00
35.72682,0.369,0.591,0.00
35.73700,0.376,0.591,0.00
35.74715,0.376,0.592,0.00
35.75781,0.376,0.592,0.00
35.76796,0.382,0.596,0.00
35.77846,0.390,0.601,0.00
35.78873,0.390,0.601,0.00
35.79891,0.396,0.602,0.00
35.80907,0.396,0.602,0.00
35.81922,0.396,0.602,0.00
35.82945,0.396,0.598,0.00
35.83961,0.397,0.592,0.00
35.84976,0.397,0.592,0.00
35.85992,0.397,0.588,0.00
35.87008,0.397,0.588,0.00
35.88040,0.402,0.584,0.00
35.89062,0.402,0.584,0.00
35.90073,0.409,0.579,0.00
35.91089,0.409,0.579,0.00
35.92102,0.409,0.579,0.00
35.93128,0.409,0.579,0.00
35.94143,0.415,0.574,0.00
35.95208,0.415,0.574,0.00
35.96226,0.415,0.577,0.00
35.97265,0.415,0.577,0.00
35.98283,0.417,0.584,0.00
35.99307,0.417,0.584,0.00
36.00324,0.423,0.596,0.00
36.01343,0.423,0.596,0.00
36.02358,0.427,0.596,0.00
36.03382,0.431,0.608,0.00
36.04399,0.431,0.620,0.00
36.05444,0.431,0.620,0.00
36.06464,0.431,0.629,0.00
36.07507,0.429,0.629,0.00
36.08535,0.429,0.638,0.00
36.09555,0.429,0.651,0.00
36.10570,0.428,0.651,0.00
36.11585,0.428,0.656,0.00
36.12603,0.426,0.656,0.00
36.13617,0.426,0.659,0.00
36.14634,0.426,0.659,0.00
36.15649,0.426,0.659,0.00
36.16666,0.424,0.664,0.00
36.17848,0.422,0.664,0.00
36.18893,0.422,0.663,0.00
36.19920,0.422,0.665,0.00
36.20953,0.422,0.665,0.00
36.21979,0.422,0.667,0.00
36.22996,0.422,0.667,0.00
36.24016,0.422,0.667,0.00
36.25043,0.422,0.667,0.00
36.26076,0.421,0.669,0.00
36.27094,0.421,0.669,0.00
36.28110,0.418,0.676,0.00
36.29126,0.418,0.676,0.00
36.30141,0.417,0.685,0.00
36.31162,0.417,0.685,0.00
36.32179,0.415,0.693,0.00
36.33195,0.415,0.693,0.00
36.34211,0.415,0.693,0.00
36.35227,0.414,0.699,0.00
36.36243,0.411,0.717,0.00
36.37261,0.411,0.717,0.00
36.38276,0.408,0.728,0.00
36.39297,0.408,0.728,0.00
36.40313,0.400,0.748,0.00
36.41329,0.400,0.748,0.00
36.42354,0.391,0.764,0.00
36.43372,0.391,0.764,0.00
36.44389,0.380,0.779,0.00
36.45409,0.365,0.788,0.00
36.46581,0.365,0.788,0.00
36.47596,0.351,0.797,0.00
36.48612,0.351,0.797,0.00
36.49640,0.351,0.797,0.00
36.50656,0.339,0.805,0.00
36.51671,0.330,0.811,0.00
36.52687,0.330,0.811,0.00
36.53710,0.330,0.811,0.00
36.54726,0.326,0.811,0.00
36.55744,0.326,0.810,0.00
36.56786,0.326,0.810,0.00
36.57831,0.326,0.809,0.00
36.58851,0.326,0.809,0.00
36.59878,0.327,0.806,0.00
36.60914,0.327,0.806,0.00
36.61951,0.331,0.803,0.00
36.62976,0.331,0.803,0.00
36.64130,0.331,0.803,0.00
36.65289,0.336,0.798,0.00
36.66305,0.341,0.791,0.00
36.67331,0.341,0.791,0.00
36.68371,0.347,0.785,0.00
36.69386,0.354,0.785,0.00
36.70431,0.354,0.774,0.00
36.71465,0.354,0.774,0.00
36.72521,0.358,0.763,0.00
36.73548,0.358,0.763,0.00
36.74574,0.363,0.753,0.00
36.75588,0.369,0.738,0.00
36.76614,0.369,0.738,0.00
36.77631,0.372,0.724,0.00
36.78646,0.372,0.724,0.00
36.79662,0.374,0.712,0.00
36.80708,0.374,0.712,0.00
36.81726,0.375,0.712,0.00
36.82743,0.375,0.696,0.00
36.83908,0.375,0.696,0.00
36.84935,0.375,0.682,0.00
36.85982,0.372,0.669,0.00
36.87001,0.372,0.669,0.00
36.88016,0.370,0.658,0.00
36.89144,0.370,0.658,0.00
36.90160,0.368,0.647,0.00
36.91176,0.368,0.647,0.00
36.92191,0.367,0.643,0.00
36.93210,0.367,0.643,0.00
36.94228,0.369,0.643,0.00
36.95377,0.369,0.643,0.00
36.96393,0.374,0.643,0.00
36.97407,0.380,0.643,0.00
36.98446,0.380,0.649,0.00
36.99487,0.387,0.649,0.00
37.00512,0.387,0.655,0.00
37.01548,0.395,0.655,0.00
37.02578,0.395,0.663,0.00
37.03593,0.395,0.663,0.00
37.04610,0.402,0.676,0.00
37.05626,0.402,0.693,0.00
37.06641,0.407,0.693,0.00
37.07663,0.409,0.708,0.00
37.08683,0.409,0.708,0.00
37.09699,0.409,0.708,0.00
37.10715,0.412,0.718,0.00
37.11731,0.412,0.718,0.00
37.12785,0.413,0.727,0.00
37.13893,0.412,0.736,0.00
37.14909,0.412,0.736,0.00
37.15984,0.414,0.742,0.00
37.17000,0.414,0.742,0.00
37.18015,0.420,0.745,0.00
37.19039,0.420,0.745,0.00
37.20055,0.431,0.747,0.00
37.21070,0.431,0.747,0.00
37.22159,0.447,0.748,0.00
37.23200,0.447,0.748,0.00
37.24217,0.464,0.749,0.00
37.25236,0.464,0.749,0.00
37.26253,0.478,0.750,0.00
37.27355,0.478,0.750,0.00
37.28371,0.497,0.751,0.00
37.29391,0.516,0.751,0.00
37.30408,0.516,0.754,0.00
37.31433,0.516,0.754,0.00
37.32478,0.540,0.760,0.00
37.33493,0.540,0.760,0.00
37.34508,0.562,0.766,0.00
37.35524,0.562,0.766,0.00
37.36540,0.583,0.773,0.00
37.37555,0.583,0.779,0.00
37.38570,0.602,0.779,0.00
37.39585,0.621,0.785,0.00
37.40615,0.621,0.785,0.00
37.41630,0.621,0.785,0.00
37.42661,0.640,0.795,0.00
37.43678,0.657,0.797,0.00
37.44693,0.657,0.797,0.00
37.45730,0.668,0.797,0.00
37.46748,0.668,0.803,0.00
37.47764,0.679,0.811,0.00
37.48780,0.679,0.811,0.00
37.49839,0.688,0.814,0.00
37.50855,0.688,0.814,0.00
37.51896,0.696,0.820,0.00
37.52911,0.696,0.820,0.00
37.53927,0.703,0.824,0.00
37.54964,0.703,0.824,0.00
37.55987,0.703,0.824,0.00
37.57011,0.709,0.830,0.00
37.58044,0.715,0.835,0.00
37.59105,0.715,0.835,0.00
37.60125,0.724,0.844,0.00
37.61159,0.724,0.844,0.00
37.62184,0.728,0.856,0.00
37.63220,0.728,0.856,0.00
37.64237,0.729,0.867,0.00
37.65265,0.729,0.867,0.00
37.66281,0.729,0.867,0.00
37.67297,0.729,0.867,0.00
37.68313,0.730,0.878,0.00
37.69334,0.727,0.893,0.00
37.70350,0.725,0.909,0.00
37.71365,0.725,0.909,0.00
37.72378,0.719,0.930,0.00
37.73401,0.714,0.930,0.00
37.74443,0.714,0.947,0.00
37.75477,0.714,0.947,0.00
37.76514,0.711,0.963,0.00
37.77567,0.708,0.963,0.00
37.78642,0.708,0.975,0.00
37.79799,0.708,0.975,0.00
37.80815,0.700,0.986,0.00
37.81832,0.693,0.999,0.00
37.82848,0.693,0.999,0.00
37.83863,0.686,1.010,0.00
37.84879,0.686,1.010,0.00
37.85895,0.674,1.017,0.00
37.86912,0.674,1.017,0.00
37.87950,0.667,1.022,0.00
37.88987,0.667,1.022,0.00
37.90002,0.666,1.028,0.00
37.91044,0.666,1.028,0.00
37.92123,0.669,1.028,0.00
37.93140,0.669,1.036,0.00
37.94157,0.675,1.041,0.00
37.95206,0.675,1.041,0.00
37.96234,0.681,1.044,0.00
37.97250,0.681,1.044,0.00
37.98270,0.682,1.049,0.00
37.99286,0.682,1.049,0.00
38.00303,0.685,1.049,0.00
38.01318,0.685,1.049,0.00
38.02334,0.693,1.048,0.00
38.03351,0.693,1.048,0.00
38.04368,0.693,1.042,0.00
38.05389,0.707,1.042,0.00
38.06406,0.717,1.038,0.00
38.07431,0.717,1.038,0.00
38.08447,0.723,1.031,0.00
38.09463,0.723,1.031,0.00
38.10498,0.723,1.031,0.00
38.11526,0.723,1.031,0.00
38.12542,0.723,1.031,0.00
38.13562,0.732,1.024,0.00
38.14575,0.732,1.023,0.00
38.15590,0.732,1.023,0.00
38.16604,0.732,1.023,0.00
38.17619,0.732,1.023,0.00
38.18635,0.732,1.023,0.00
38.19655,0.740,1.020,0.00
38.20679,0.743,1.006,0.00
38.21704,0.745,1.000,0.00
38.22720,0.746,0.988,0.00
38.23793,0.746,0.988,0.00
38.24808,0.749,0.981,0.00
38.25833,0.752,0.976,0.00
38.26848,0.752,0.976,0.00
38.27869,0.752,0.976,0.00
38.28895,0.754,0.972,0.00
38.29911,0.755,0.967,0.00
38.30927,0.755,0.967,0.00
38.31970,0.754,0.966,0.00
38.32986,0.754,0.966,0.00
38.34006,0.752,0.972,0.00
38.35029,0.752,0.972,0.00
38.36044,0.752,0.976,0.00
38.37069,0.750,0.976,0.00
38.38077,0.745,0.980,0.00
38.39102,0.745,0.980,0.00
38.40128,0.743,0.988,0.00
38.41154,0.743,0.988,0.00
38.42185,0.742,0.989,0.00
38.43206,0.742,0.989,0.00
38.44328,0.744,0.995,0.00
38.45415,0.744,0.995,0.00
38.46432,0.742,1.004,0.00
38.47447,0.742,1.004,0.00
38.48463,0.741,1.012,0.00
38.49479,0.738,1.012,0.00
38.50495,0.738,1.013,0.00
38.51576,0.735,1.012,0.00
38.52606,0.735,1.012,0.00
38.53621,0.730,1.014,0.00
38.54688,0.730,1.014,0.00
38.55754,0.721,1.014,0.00
38.56786,0.721,1.014,0.00
38.57834,0.713,1.015,0.00
38.58894,0.713,1.015,0.00
38.59910,0.713,1.017,0.00
38.60925,0.709,1.017,0.00
38.61941,0.709,1.017,0.00
38.62961,0.708,1.019,0.00
38.63980,0.708,1.023,0.00
38.65002,0.708,1.023,0.00
38.66035,0.710,1.025,0.00
38.67049,0.710,1.025,0.00
38.68068,0.710,1.025,0.00
38.69229,0.710,1.024,0.00
38.70246,0.712,1.024,0.00
38.71277,0.712,1.024,0.00
38.72298,0.717,1.021,0.00
38.73326,0.717,1.021,0.00
38.74363,0.728,1.018,0.00
38.75391,0.728,1.011,0.00
38.76411,0.741,1.011,0.00
38.77437,0.741,1.006,0.00
38.78452,0.749,1.006,0.00
38.79476,0.749,1.000,0.00
38.80491,0.757,1.000,0.00
38.81529,0.757,0.995,0.00
38.82545,0.764,0.995,0.00
38.83561,0.772,0.998,0.00
38.84577,0.772,0.998,0.00
38.85622,0.781,0.995,0.00
38.86654,0.781,0.995,0.00
38.87680,0.785,0.995,0.00
38.88708,0.785,0.992,0.00
38.89723,0.787,0.992,0.00
38.90744,0.787,0.995,0.00
38.91790,0.790,0.990,0.00
38.92805,0.790,0.990,0.00
38.93839,0.796,0.988,0.00
38.94855,0.796,0.988,0.00
38.95871,0.796,0.987,0.00
38.96886,0.802,0.987,0.00
38.97902,0.806,0.987,0.00
38.98921,0.806,0.987,0.00
38.99937,0.812,0.987,0.00
39.00952,0.812,0.987,0.00
39.01967,0.819,0.990,0.00
39.02983,0.819,0.990,0.00
39.04000,0.826,0.999,0.00
39.05016,0.826,0.999,0.00
39.06055,0.826,0.999,0.00
39.07119,0.830,1.005,0.00
39.08168,0.832,1.016,0.00
39.09183,0.832,1.016,0.00
39.10200,0.832,1.028,0.00
39.11373,0.832,1.028,0.00
39.12395,0.828,1.040,0.00
39.13493,0.824,1.040,0.00
39.14543,0.824,1.055,0.00
39.15559,0.817,1.055,0.00
39.16584,0.817,1.074,0.00
39.17600,0.809,1.088,0.00
39.18614,0.809,1.088,0.00
39.19632,0.800,1.098,0.00
39.20647,0.800,1.098,0.00
39.21698,0.783,1.102,0.00
39.22770,0.783,1.102,0.00
39.23865,0.769,1.109,0.00
39.24880,0.769,1.109,0.00
39.25903,0.755,1.113,0.00
39.26947,0.755,1.113,0.00
39.27964,0.735,1.112,0.00
39.28978,0.735,1.112,0.00
39.29994,0.735,1.112,0.00
39.31014,0.718,1.112,0.00
39.32058,0.701,1.110,0.00
39.33084,0.701,1.110,0.00
39.34100,0.689,1.110,0.00
39.35126,0.689,1.110,0.00
39.36145,0.682,1.109,0.00
39.37161,0.682,1.109,0.00
39.38176,0.673,1.105,0.00
39.39192,0.673,1.105,0.00
39.40208,0.659,1.100,0.00
39.41263,0.659,1.100,0.00
39.42290,0.647,1.097,0.00
39.43410,0.647,1.097,0.00
39.44426,0.636,1.093,0.00
39.45583,0.631,1.086,0.00
39.46606,0.631,1.086,0.00
39.47642,0.626,1.078,0.00
39.48669,0.626,1.078,0.00
39.49693,0.619,1.072,0.00
39.50737,0.619,1.072,0.00
39.51753,0.612,1.060,0.00
39.52849,0.612,1.060,0.00
39.53868,0.607,1.052,0.00
39.54883,0.607,1.052,0.00
39.55912,0.605,1.042,0.00
39.56927,0.605,1.042,0.00
39.57943,0.604,1.027,0.00
39.58959,0.604,1.027,0.00
39.59975,0.603,1.014,0.00
39.60998,0.603,1.014,0.00
39.62018,0.603,1.001,0.00
39.63046,0.603,1.001,0.00
39.64061,0.604,0.983,0.00
39.65075,0.604,0.983,0.00
39.66090,0.605,0.969,0.00
39.67105,0.605,0.969,0.00
39.68121,0.608,0.955,0.00
39.69145,0.608,0.955,0.00
39.70177,0.613,0.940,0.00
39.71231,0.613,0.940,0.00
39.72249,0.616,0.926,0.00
39.73492,0.616,0.926,0.00
39.74510,0.617,0.918,0.00
39.75526,0.617,0.918,0.00
39.76542,0.620,0.912,0.00
39.77558,0.620,0.912,0.00
39.78575,0.621,0.904,0.00
39.79590,0.621,0.897,0.00
39.80605,0.621,0.897,0.00
39.81621,0.621,0.897,0.00
39.82637,0.621,0.891,0.00
39.83675,0.621,0.884,0.00
39.84711,0.621,0.884,0.00
39.85815,0.623,0.881,0.00
39.86833,0.623,0.881,0.00
39.87865,0.623,0.881,0.00
39.88880,0.623,0.880,0.00
39.89896,0.623,0.879,0.00
39.90913,0.623,0.879,0.00
39.91929,0.623,0.879,0.00
39.92946,0.621,0.881,0.00
39.93961,0.616,0.881,0.00
39.94976,0.616,0.881,0.00
39.95992,0.614,0.882,0.00
39.97008,0.614,0.882,0.00
39.98040,0.613,0.884,0.00
39.99065,0.613,0.884,0.00
40.00080,0.606,0.885,0.00
40.01125,0.606,0.885,0.00
40.02159,0.596,0.888,0.00
40.03330,0.596,0.892,0.00
40.04346,0.590,0.892,0.00
40.05446,0.590,0.892,0.00
40.06462,0.587,0.895,0.00
40.07478,0.587,0.895,0.00
40.08539,0.587,0.901,0.00
40.09558,0.585,0.901,0.00
40.10596,0.585,0.905,0.00
40.11659,0.583,0.905,0.00
40.12674,0.583,0.909,0.00
40.13690,0.580,0.909,0.00
40.14705,0.580,0.913,0.00
40.15847,0.576,0.915,0.00
40.16871,0.576,0.915,0.00
40.17887,0.575,0.913,0.00
40.18901,0.575,0.913,0.00
40.19922,0.576,0.913,0.00
40.20957,0.576,0.913,0.00
40.21974,0.575,0.913,0.00
40.22989,0.575,0.913,0.00
40.24006,0.575,0.913,0.00
40.25035,0.574,0.909,0.00
40.26055,0.572,0.908,0.00
40.27070,0.572,0.908,0.00
40.28086,0.572,0.908,0.00
40.29102,0.572,0.908,0.00
40.30117,0.573,0.902,0.00
40.31138,0.573,0.902,0.00
40.32153,0.574,0.895,0.00
40.33243,0.574,0.895,0.00
40.34256,0.573,0.892,0.00
40.35275,0.573,0.892,0.00
40.36291,0.571,0.884,0.00
40.37308,0.571,0.884,0.00
40.38338,0.571,0.873,0.00
40.39375,0.571,0.873,0.00
40.40406,0.570,0.873,0.00
40.41431,0.570,0.864,0.00
40.42447,0.570,0.864,0.00
40.43462,0.570,0.864,0.00
40.44478,0.570,0.853,0.00
40.45493,0.567,0.840,0.00
40.46509,0.567,0.840,0.00
40.47528,0.567,0.840,0.00
40.48553,0.567,0.840,0.00
40.49586,0.567,0.840,0.00
40.50664,0.566,0.828,0.00
40.51701,0.566,0.822,0.00
40.52732,0.563,0.818,0.00
40.53784,0.560,0.813,0.00
40.54814,0.558,0.813,0.00
40.55842,0.558,0.813,0.00
40.56867,0.556,0.814,0.00
40.57881,0.554,0.816,0.00
40.58895,0.554,0.816,0.00
40.59911,0.552,0.823,0.00
40.60938,0.552,0.823,0.00
40.61963,0.548,0.827,0.00
40.62983,0.548,0.827,0.00
40.63999,0.542,0.830,0.00
40.65013,0.542,0.830,0.00
40.66039,0.532,0.829,0.00
40.67093,0.532,0.829,0.00
40.68114,0.524,0.828,0.00
40.69136,0.524,0.828,0.00
40.70155,0.524,0.828,0.00
40.71173,0.515,0.829,0.00
40.72189,0.501,0.828,0.00
40.73204,0.501,0.828,0.00
40.74404,0.501,0.828,0.00
40.75438,0.486,0.829,0.00
40.76453,0.479,0.829,0.00
40.77469,0.474,0.830,0.00
40.78485,0.474,0.830,0.00
40.79503,0.474,0.830,0.00
40.80518,0.469,0.832,0.00
40.81538,0.463,0.836,0.00
40.82555,0.463,0.836,0.00
40.83570,0.463,0.836,0.00
40.84585,0.454,0.837,0.00
40.85600,0.443,0.837,0.00
40.86615,0.443,0.837,0.00
40.87630,0.433,0.837,0.00
40.88666,0.433,0.837,0.00
40.89698,0.433,0.837,0.00
40.90717,0.428,0.837,0.00
40.91759,0.415,0.835,0.00
40.92788,0.415,0.835,0.00
40.94027,0.415,0.835,0.00
40.95052,0.341,0.827,0.00
40.96066,0.128,0.818,0.00
40.97188,0.128,0.818,0.00
40.98198,-0.419,0.812,0.00
40.99260,-0.419,0.812,0.00
41.00268,-0.258,0.808,0.00
41.01333,-0.258,0.808,0.00
41.02358,-0.023,0.796,0.00
41.03441,-0.023,0.796,0.00
41.04449,0.460,0.788,0.00
41.05522,0.460,0.788,0.00
41.06530,1.543,0.778,0.00
41.07579,2.792,0.778,0.00
41.08598,2.792,0.765,0.00
41.09613,4.592,0.765,0.00
41.10657,4.592,0.752,0.00
41.11673,4.592,0.752,0.00
41.12689,4.592,0.752,0.00
41.13709,4.592,0.752,0.00
41.14737,4.592,0.752,0.00
41.15753,6.884,0.741,0.00
41.16771,6.884,0.741,0.00
41.17784,6.884,0.741,0.00
41.18799,6.884,0.741,0.00
41.19833,6.884,0.741,0.00
41.20860,6.884,0.741,0.00
41.21875,9.278,0.726,0.00
41.24262,11.789,0.712,0.00
41.25282,18.633,0.675,0.00
41.27578,21.933,0.656,9.00
41.28584,23.175,0.647,9.00
41.29606,23.175,0.647,9.00
41.30727,24.143,0.647,9.00
41.31745,24.791,0.665,9.00
41.32762,24.791,0.665,9.00
41.33858,24.791,0.683,9.00
41.34885,25.073,0.683,9.00
41.35919,24.987,0.695,9.00
41.37226,24.987,0.695,9.00
41.38243,24.538,0.713,9.00
41.39263,24.538,0.713,9.00
41.40276,23.609,0.744,9.00
41.41332,23.609,0.744,9.00
41.42368,22.168,0.747,9.00
41.45254,20.383,0.688,9.00
41.46271,18.609,0.599,9.00
41.48279,18.609,0.599,9.00
41.49324,16.658,0.471,9.00
41.50342,14.232,0.471,9.00
41.51661,14.232,0.471,9.00
41.52678,11.846,0.378,9.00
41.53694,9.456,0.253,9.00
41.54711,9.456,0.253,9.00
41.55904,7.074,0.253,9.00
41.56933,7.074,0.115,9.00
41.58052,7.074,-0.047,9.00
41.59085,5.106,-0.047,9.00
41.60104,3.466,-0.201,9.00
41.61122,3.466,-0.201,9.00
41.62188,3.466,-0.201,9.00
41.63216,2.121,-0.360,9.00
41.65988,1.041,-0.508,9.00
41.67007,0.240,-0.645,9.00
41.69039,0.240,-0.645,9.00
41.70057,-0.494,-1.189,9.00
41.72290,-0.494,-1.189,9.00
41.73301,-0.546,-1.321,9.00
41.75656,-0.498,-1.529,9.00
41.76718,-0.498,-1.529,9.00
41.78664,-0.498,-1.559,9.00
41.79693,-0.457,-1.495,9.00
41.80718,-0.406,-1.495,9.00
41.81914,-0.406,-1.495,9.00
41.82956,-0.328,-1.420,9.00
41.83989,-0.328,-1.344,9.00
41.85072,-0.233,-1.344,9.00
41.86092,-0.233,-1.260,9.00
41.87110,-0.187,-1.260,9.00
41.88313,-0.192,-1.157,9.00
41.89331,-0.192,-1.157,9.00
41.90347,-0.215,-1.016,9.00
41.91599,-0.246,-0.930,9.00
41.92614,-0.246,-0.930,9.00
41.93685,-0.275,-0.845,9.00
41.94767,-0.275,-0.845,9.00
41.95873,-0.291,-0.845,9.00
41.96912,-0.291,-0.790,9.00
41.99615,-0.293,-0.725,9.00
42.00689,-0.266,-0.725,9.00
42.02711,-0.223,-0.732,9.50
42.03747,-0.223,-0.732,9.50
42.05925,-0.134,-0.792,9.50
42.06962,-0.134,-0.792,9.50
42.09073,-0.100,-0.842,9.50
42.10096,-0.079,-0.896,9.50
42.11122,-0.079,-0.896,9.50
42.12274,-0.079,-0.959,9.50
42.13290,-0.066,-0.959,9.50
42.14307,-0.060,-1.024,9.50
42.15484,-0.060,-1.024,10.00
42.16499,-0.060,-1.024,10.00
42.17518,-0.055,-1.024,10.00
42.18687,-0.041,-1.189,10.50
42.19795,-0.021,-1.240,10.50
42.20812,-0.021,-1.240,10.50
42.21911,0.004,-1.256,10.50
42.22927,0.004,-1.256,10.50
42.23982,0.004,-1.256,10.50
42.26680,0.023,-1.236,11.00
42.27747,0.034,-1.229,11.00
42.29849,0.041,-1.202,11.50
42.30867,0.044,-1.172,11.50
42.33126,0.055,-1.159,12.50
42.34148,0.075,-1.159,12.50
42.35163,0.075,-1.133,12.50
42.36268,0.075,-1.133,13.50
42.37299,0.094,-1.126,13.50
42.38338,0.115,-1.106,13.50
42.39839,0.136,-1.108,14.50
42.40875,0.136,-1.108,14.50
42.41910,0.136,-1.108,14.50
42.42943,0.136,-1.108,15.50
42.43966,0.136,-1.108,15.50
42.44981,0.156,-1.137,15.50
42.45998,0.197,-1.201,17.00
42.47041,0.197,-1.201,17.00
42.48083,0.224,-1.212,17.00
42.49099,0.224,-1.212,18.00
42.50208,0.257,-1.234,18.00
42.51234,0.257,-1.234,18.00
42.53816,0.257,-1.234,19.50
42.54835,0.297,-1.246,19.50
42.57086,0.338,-1.285,21.00
42.58169,0.440,-1.311,21.00
42.60435,0.489,-1.422,22.50
42.61473,0.489,-1.422,22.50
42.63525,0.567,-1.640,23.50
42.64552,0.567,-1.640,23.50
42.65594,0.601,-1.640,23.50
42.66726,0.601,-1.802,24.50
42.67748,0.622,-1.980,24.50
42.68781,0.622,-1.980,24.50
42.69906,0.636,-2.230,25.50
42.70922,0.636,-2.230,25.50
42.72030,0.641,-2.444,25.50
42.73169,0.641,-2.444,26.50
42.74198,0.642,-2.714,26.50
42.75213,0.642,-2.714,26.50
42.77891,0.638,-3.354,27.00
42.78921,0.638,-3.354,27.00
42.81357,0.640,-4.060,27.50
42.82384,0.645,-4.060,27.50
42.84247,0.645,-4.060,28.00
42.85262,0.646,-4.456,28.00
42.86278,0.657,-4.841,28.00
42.87594,0.657,-4.841,28.50
42.88611,0.665,-5.303,28.50
42.89632,0.665,-5.303,28.50
42.90649,0.675,-5.303,28.50
42.91680,0.681,-5.682,28.50
42.92705,0.681,-5.986,28.50
42.94097,0.685,-6.175,29.00
42.95219,0.685,-6.175,29.00
42.96236,0.696,-6.239,29.00
42.97252,0.696,-6.239,29.00
42.98268,0.702,-6.090,29.00
42.99311,0.702,-6.090,29.00
43.00333,0.714,-5.777,29.00
43.01357,0.720,-5.246,29.00
43.02370,0.720,-5.246,29.00
43.05106,0.721,-4.399,29.00
43.06123,0.741,-3.501,29.00
43.08282,0.741,-2.421,29.50
43.09314,0.759,-1.282,29.50
43.12042,0.801,-0.004,29.50
43.13058,0.801,-0.004,29.50
43.14711,0.820,1.318,29.50
43.15738,0.838,2.632,29.50
43.16753,0.838,2.632,29.50
43.17862,0.838,3.998,29.50
43.18878,0.850,3.998,29.50
43.19917,0.862,5.474,29.50
43.21116,0.862,5.474,29.50
43.22275,0.862,5.474,29.50
43.23336,0.865,6.784,29.50
43.24352,0.879,8.019,29.50
43.25367,0.879,8.019,29.50
43.26404,0.887,9.279,29.50
43.27873,0.887,9.279,29.50
43.28889,0.896,10.492,29.50
43.29913,0.896,10.492,29.50
43.32437,0.908,12.632,29.50
43.33480,0.915,12.632,29.50
43.35412,0.915,12.632,29.50
43.36431,0.923,14.659,29.50
43.38727,0.923,15.485,29.50
43.39753,0.923,15.485,29.50
43.40797,0.924,16.245,29.50
43.41958,0.915,16.997,29.50
43.43089,0.915,16.997,29.50
43.44104,0.902,17.589,29.50
43.45156,0.902,17.589,29.50
43.46203,0.891,18.164,29.50
43.47207,0.891,18.164,29.50
43.48333,0.882,18.687,29.50
43.49353,0.872,18.687,29.50
43.50369,0.872,19.102,29.50
43.51538,0.872,19.102,29.50
43.52556,0.857,19.570,29.50
43.53571,0.857,19.570,29.50
43.54681,0.843,19.822,29.50
43.55697,0.843,20.112,29.50
43.56714,0.826,20.112,29.50
43.59595,0.806,20.271,29.50
43.60611,0.790,20.447,29.50
43.62612,0.790,20.447,29.50
43.63635,0.756,20.529,29.50
43.65953,0.756,20.641,29.50
43.66968,0.740,20.641,29.50
43.69028,0.740,20.612,29.50
43.70047,0.731,20.612,29.50
43.71063,0.724,20.595,29.50
43.72285,0.717,20.595,29.50
43.73304,0.714,20.631,29.50
43.74321,0.714,20.536,29.50
43.75607,0.713,20.536,29.50
43.76626,0.713,20.567,29.50
43.77642,0.717,20.567,29.50
43.78664,0.717,20.431,29.50
43.79692,0.717,20.431,29.50
43.80712,0.717,20.431,29.50
43.81841,0.718,20.399,29.50
43.82861,0.720,20.409,29.50
43.83877,0.721,20.298,29.50
43.86655,0.725,20.298,29.50
43.87684,0.732,20.352,29.50
43.90013,0.732,20.352,29.50
43.91044,0.739,20.321,29.50
43.93042,0.751,20.305,29.50
43.94061,0.764,20.300,29.50
43.96271,0.764,20.544,29.50
43.97304,0.778,20.499,29.50
43.98325,0.793,20.499,29.50
43.99573,0.793,20.499,29.50
44.00592,0.801,20.779,29.50
44.01607,0.801,20.779,29.50
44.02654,0.805,20.712,29.50
44.03669,0.810,20.712,29.50
44.04683,0.810,20.607,29.50
44.06086,0.810,20.607,29.50
44.07102,0.810,20.856,29.50
44.08117,0.810,20.856,29.50
44.09259,0.806,20.758,29.50
44.10277,0.798,20.884,29.50
44.11301,0.798,20.884,29.50
44.13830,0.795,20.862,29.50
44.14849,0.788,20.854,29.50
44.17050,0.782,20.902,29.50
44.18073,0.782,20.902,29.50
44.20274,0.774,20.854,29.50
44.21296,0.763,20.854,29.50
44.22328,0.756,20.759,29.50
44.23896,0.744,20.722,29.50
44.24914,0.744,20.722,29.50
44.26740,0.744,20.682,29.50
44.27811,0.738,20.569,29.50
44.28831,0.729,20.569,29.50
44.29846,0.717,20.564,0.00
44.30862,0.717,20.564,0.00
44.31892,0.717,20.564,0.00
44.32929,0.714,20.458,0.00
44.33951,0.714,20.458,0.00
44.34998,0.708,20.410,0.00
44.36014,0.701,20.382,0.00
44.37049,0.701,20.382,0.00
44.38086,0.693,20.283,0.00
44.39101,0.693,20.283,0.00
44.40117,0.659,20.304,0.00
44.41134,0.659,20.304,0.00
44.42164,0.659,20.202,0.00
44.43214,0.631,20.202,0.00
44.44242,0.620,20.235,0.00
44.45264,0.620,20.235,0.00
44.46295,0.620,20.230,0.00
44.47328,0.581,20.206,0.00
44.48360,0.538,20.206,0.00
44.49494,0.538,20.291,0.00
44.50509,0.520,20.291,0.00
44.51571,0.520,20.291,0.00
44.52658,0.529,20.240,0.00
44.53805,0.529,20.240,0.00
44.54822,0.582,20.317,0.00
44.55837,0.655,20.290,0.00
44.56851,0.655,20.290,0.00
44.57867,0.749,20.324,0.00
44.58893,0.749,20.324,0.00
44.59909,0.870,20.320,0.00
44.60923,0.870,20.320,0.00
44.62034,0.977,20.284,0.00
44.63157,0.977,20.284,0.00
44.64175,1.055,20.343,0.00
44.65201,1.055,20.343,0.00
44.66217,1.111,20.300,0.00
44.67232,1.135,20.300,0.00
44.68247,1.135,20.302,0.00
44.69263,1.117,20.302,0.00
44.70296,1.117,20.289,0.00
44.71315,1.117,20.289,0.00
44.72331,1.058,20.203,0.00
44.73389,1.058,20.203,0.00
44.74405,0.964,20.080,0.00
44.75429,0.964,20.080,0.00
44.76444,0.964,20.080,0.00
44.77485,0.827,19.917,0.00
44.78501,0.643,19.300,0.00
44.79584,0.643,19.300,0.00
44.80601,0.445,18.597,0.00
44.81616,0.282,18.597,0.00
44.82631,0.282,18.151,0.00
44.83647,0.176,18.151,0.00
44.84663,0.176,17.475,0.00
44.85679,0.176,16.441,0.00
44.86700,0.091,16.441,0.00
44.87813,0.091,15.230,0.00
44.88832,0.016,15.230,0.00
44.89847,0.016,13.881,0.00
44.90862,-0.058,13.881,0.00
44.91877,-0.058,12.425,0.00
44.92892,-0.128,12.425,0.00
44.93907,-0.128,11.274,0.00
44.94922,-0.210,11.274,0.00
44.95941,-0.210,11.274,0.00
44.96956,-0.301,9.764,0.00
44.97972,-0.375,7.195,0.00
44.98988,-0.375,7.195,0.00
45.00003,-0.423,7.195,0.00
45.01111,-0.423,5.272,0.00
45.02127,-0.450,3.098,0.00
45.03142,-0.450,3.098,0.00
45.04158,-0.450,3.098,0.00
45.05176,-0.445,0.890,0.00
45.06192,-0.406,-0.938,0.00
45.07210,-0.406,-0.938,0.00
45.08248,-0.349,-2.530,0.00
45.09297,-0.349,-2.530,0.00
45.10313,-0.292,-3.663,0.00
45.11333,-0.292,-3.663,0.00
45.12349,-0.248,-4.142,0.00
45.13462,-0.248,-4.280,0.00
45.14476,-0.206,-4.280,0.00
45.15575,-0.206,-4.280,0.00
45.16591,-0.155,-3.997,0.00
45.17608,-0.155,-3.997,0.00
45.18634,-0.155,-3.997,0.00
45.19651,-0.101,-3.344,0.00
45.20667,-0.046,-2.732,0.00
45.21687,-0.046,-2.732,0.00
45.22706,0.012,-2.624,0.00
45.23721,0.070,-2.624,0.00
45.24802,0.070,-2.263,0.00
45.25846,0.131,-1.969,0.00
45.26866,0.131,-1.969,0.00
45.27883,0.187,-1.646,0.00
45.28900,0.187,-1.646,0.00
45.29916,0.236,-1.609,0.00
45.30932,0.236,-1.609,0.00
45.31948,0.280,-1.590,0.00
45.32964,0.280,-1.590,0.00
45.33979,0.310,-1.562,0.00
45.34995,0.310,-1.562,0.00
45.36012,0.322,-1.580,0.00
45.37040,0.322,-1.580,0.00
45.38056,0.327,-1.689,0.00
45.39074,0.327,-1.689,0.00
45.40112,0.318,-1.781,0.00
45.41140,0.318,-1.781,0.00
45.42158,0.307,-1.867,0.00
45.43186,0.307,-1.867,0.00
45.44233,0.283,-1.934,0.00
45.45249,0.283,-1.934,0.00
45.46265,0.249,-2.017,0.00
45.47290,0.249,-2.017,0.00
45.48307,0.221,-2.059,0.00
45.49322,0.221,-2.059,0.00
45.50342,0.178,-2.133,0.00
45.51358,0.138,-2.264,0.00
45.52394,0.138,-2.264,0.00
45.53409,0.138,-2.307,0.00
45.54438,0.091,-2.307,0.00
45.55472,0.091,-2.311,0.00
45.56503,0.049,-2.311,0.00
45.57535,0.049,-2.397,0.00
45.58567,0.002,-2.397,0.00
45.59600,0.002,-2.426,0.00
45.60615,-0.052,-2.426,0.00
45.61639,-0.052,-2.426,0.00
45.62654,-0.093,-2.409,0.00
45.63670,-0.133,-2.409,0.00
45.64686,-0.133,-2.466,0.00
45.65728,-0.133,-2.466,0.00
45.66747,-0.166,-2.432,0.00
45.67792,-0.195,-2.432,0.00
45.68822,-0.195,-2.448,0.00
45.69872,-0.213,-2.460,0.00
45.70905,-0.213,-2.460,0.00
45.71940,-0.219,-2.462,0.00
45.72976,-0.219,-2.462,0.00
45.74007,-0.229,-2.462,0.00
45.75094,-0.229,-2.483,0.00
45.76113,-0.239,-2.502,0.00
45.77146,-0.239,-2.502,0.00
45.78180,-0.244,-2.502,0.00
45.79211,-0.245,-2.539,0.00
45.81110,-0.245,-2.539,0.00
45.82246,-0.245,-2.541,0.00
45.83270,-0.245,-2.541,0.00
45.84893,-0.224,-2.558,0.00
45.86016,-0.224,-2.558,0.00
45.87128,-0.201,-2.596,0.00
45.88687,-0.184,-2.612,0.00
45.89845,-0.184,-2.620,0.00
45.90882,-0.159,-2.620,0.00
45.92428,-0.125,-2.646,0.00
45.93968,-0.125,-2.646,0.00
45.95639,-0.111,-2.690,0.00
45.97211,-0.123,-2.754,0.00
45.98426,-0.135,-2.769,0.00
45.99463,-0.157,-2.769,0.00
46.00598,-0.157,-2.787,0.00
46.01706,-0.157,-2.787,0.00
46.03053,-0.157,-2.787,0.00
46.04974,-0.227,-2.837,0.00
46.06087,-0.259,-2.837,0.00
46.07273,-0.259,-2.846,0.00
46.09115,-0.287,-2.836,0.00
46.10664,-0.308,-2.841,0.00
46.11739,-0.308,-2.841,0.00
46.12881,-0.308,-2.828,0.00
46.14520,-0.337,-2.813,0.00
46.16649,-0.347,-2.813,0.00
46.17868,-0.347,-2.778,0.00
46.19580,-0.360,-2.742,0.00
46.20624,-0.367,-2.742,0.00
46.21913,-0.373,-2.698,0.00
46.23545,-0.377,-2.698,0.00
46.25064,-0.377,-2.676,0.00
46.26193,-0.377,-2.676,0.00
46.27500,-0.377,-2.653,0.00
46.29138,-0.381,-2.617,0.00
46.31946,-0.380,-2.526,0.00
46.33007,-0.380,-2.526,0.00
46.34211,-0.380,-2.526,0.00
46.35635,-0.377,-2.526,0.00
46.37461,-0.361,-2.490,0.00
46.38509,-0.361,-2.463,0.00
46.39539,-0.350,-2.429,0.00
46.40574,-0.350,-2.429,0.00
46.41599,-0.339,-2.429,0.00
46.42667,-0.339,-2.414,0.00
46.43755,-0.339,-2.414,0.00
46.44795,-0.324,-2.414,0.00
46.45852,-0.324,-2.382,0.00
46.47256,-0.306,-2.382,0.00
46.48856,-0.288,-2.326,0.00
46.49887,-0.271,-2.326,0.00
46.50927,-0.271,-2.279,0.00
46.51969,-0.252,-2.279,0.00
46.52981,-0.252,-2.244,0.00
46.54074,-0.252,-2.195,0.00
46.55116,-0.230,-2.195,0.00
46.56191,-0.230,-2.136,0.00
46.57796,-0.202,-2.086,0.00
46.59336,-0.202,-2.086,0.00
46.61063,-0.191,-2.048,0.00
46.62317,-0.180,-2.018,0.00
46.63392,-0.180,-2.018,0.00
46.65538,-0.167,-1.993,0.00
46.66884,-0.167,-1.967,0.00
46.68331,-0.162,-1.944,0.00
46.69701,-0.162,-1.944,0.00
46.71466,-0.155,-1.911,0.00
46.72983,-0.148,-1.876,0.00
46.74147,-0.148,-1.876,0.00
46.75250,-0.148,-1.842,0.00
46.76300,-0.134,-1.797,0.00
46.78075,-0.125,-1.757,0.00
46.79665,-0.125,-1.757,0.00
46.85633,-0.125,-1.636,0.00
46.86653,-0.088,-1.636,0.00
46.91919,-0.075,-1.589,0.00
46.92948,0.154,0.985,0.00
46.93997,0.151,1.002,0.00
46.95013,0.151,1.002,0.00
46.96029,0.141,1.019,0.00
46.97077,0.141,1.019,0.00
46.98092,0.141,1.019,0.00
46.99109,0.130,1.022,0.00
47.00154,0.117,1.028,0.00
47.01179,0.117,1.028,0.00
47.02199,0.104,1.025,0.00
47.03229,0.104,1.025,0.00
47.04245,0.091,1.019,0.00
47.05261,0.091,1.019,0.00
47.06276,0.084,1.002,0.00
47.07292,0.084,1.002,0.00
47.08308,0.081,0.986,0.00
47.09351,0.081,0.986,0.00
47.10367,0.082,0.978,0.00
47.11458,0.085,0.978,0.00
47.12474,0.085,0.974,0.00
47.13502,0.086,0.968,0.00
47.14518,0.086,0.968,0.00
47.15534,0.086,0.968,0.00
47.16642,0.089,0.966,0.00
47.17658,0.088,0.971,0.00
47.18674,0.088,0.971,0.00
47.19734,0.088,0.971,0.00
47.20750,0.088,0.979,0.00
47.21766,0.088,0.979,0.00
47.22781,0.089,0.990,0.00
47.23802,0.087,1.009,0.00
47.24868,0.087,1.009,0.00
47.25885,0.086,1.025,0.00
47.26900,0.086,1.025,0.00
47.27915,0.086,1.051,0.00
47.28931,0.087,1.051,0.00
47.29952,0.089,1.081,0.00
47.30968,0.089,1.081,0.00
47.31982,0.095,1.116,0.00
47.32997,0.095,1.116,0.00
47.34017,0.102,1.151,0.00
47.35038,0.102,1.151,0.00
47.36054,0.108,1.180,0.00
47.37090,0.108,1.180,0.00
47.38135,0.117,1.204,0.00
47.39177,0.117,1.204,0.00
47.40194,0.123,1.235,0.00
47.41259,0.123,1.235,0.00
47.42306,0.129,1.255,0.00
47.43357,0.129,1.255,0.00
47.44383,0.132,1.269,0.00
47.45518,0.132,1.269,0.00
47.46536,0.128,1.276,0.00
47.47580,0.128,1.276,0.00
47.48617,0.122,1.280,0.00
47.49651,0.122,1.280,0.00
47.50694,0.115,1.288,0.00
47.51733,0.115,1.288,0.00
47.52749,0.106,1.284,0.00
47.53765,0.100,1.279,0.00
47.54780,0.100,1.279,0.00
47.56115,0.100,1.279,0.00
47.57143,0.092,1.267,0.00
47.58159,0.085,1.265,0.00
47.59173,0.085,1.265,0.00
47.60190,0.085,1.265,0.00
47.61204,0.078,1.250,0.00
47.62230,0.071,1.239,0.00
47.63246,0.071,1.239,0.00
47.64282,0.071,1.239,0.00
47.65313,0.071,1.239,0.00
47.66329,0.064,1.229,0.00
47.67349,0.058,1.213,0.00
47.68365,0.051,1.193,0.00
47.69381,0.051,1.193,0.00
47.70396,0.051,1.193,0.00
47.71412,0.051,1.193,0.00
47.72470,0.051,1.193,0.00
47.73487,0.051,1.177,0.00
47.74519,0.042,1.169,0.00
47.75554,0.037,1.144,0.00
47.76595,0.031,1.144,0.00
47.77614,0.031,1.144,0.00
47.78670,0.031,1.144,0.00
47.79688,0.019,1.124,0.00
47.80704,0.019,1.124,0.00
47.81732,0.009,1.120,0.00
47.82846,0.009,1.120,0.00
47.83861,0.005,1.111,0.00
47.84877,0.005,1.111,0.00
47.85892,0.000,1.102,0.00
47.86907,0.000,1.102,0.00
47.87956,-0.005,1.091,0.00
47.88973,-0.005,1.091,0.00
47.89987,-0.005,1.091,0.00
47.91002,-0.010,1.087,0.00
47.92042,-0.016,1.086,0.00
47.93062,-0.016,1.086,0.00
47.94077,-0.018,1.086,0.00
47.95101,-0.018,1.086,0.00
47.96116,-0.019,1.087,0.00
47.97182,-0.019,1.087,0.00
47.98213,-0.021,1.089,0.00
47.99240,-0.021,1.089,0.00
48.00256,-0.023,1.091,0.00
48.01271,-0.025,1.091,0.00
48.02288,-0.025,1.095,0.00
48.03309,-0.025,1.095,0.00
48.04328,-0.027,1.099,0.00
48.05395,-0.027,1.099,0.00
48.06410,-0.024,1.102,0.00
48.07446,-0.024,1.102,0.00
48.08462,-0.026,1.108,0.00
48.09478,-0.026,1.115,0.00
48.10494,-0.026,1.115,0.00
48.11515,-0.026,1.115,0.00
48.12531,-0.026,1.115,0.00
48.13549,-0.026,1.115,0.00
48.14605,-0.027,1.117,0.00
48.15621,-0.027,1.117,0.00
48.16636,-0.027,1.117,0.00
48.17651,-0.027,1.117,0.00
48.18671,-0.027,1.117,0.00
48.19700,-0.027,1.128,0.00
48.20716,-0.027,1.128,0.00
48.21740,-0.027,1.128,0.00
48.22758,-0.025,1.124,0.00
48.23816,-0.025,1.124,0.00
48.24832,-0.031,1.118,0.00
48.25848,-0.032,1.116,0.00
48.26862,-0.032,1.116,0.00
48.27879,-0.031,1.108,0.00
48.28912,-0.031,1.108,0.00
48.29930,-0.029,1.101,0.00
48.30946,-0.029,1.101,0.00
48.31960,-0.026,1.094,0.00
48.32982,-0.026,1.094,0.00
48.33998,-0.020,1.089,0.00
48.35029,-0.020,1.089,0.00
48.36056,-0.012,1.086,0.00
48.37079,-0.012,1.086,0.00
48.38113,-0.003,1.082,0.00
48.39128,-0.003,1.082,0.00
48.40152,-0.003,1.082,0.00
48.41163,-0.003,1.082,0.00
48.42180,0.015,1.081,0.00
48.43195,0.015,1.081,0.00
48.44209,0.027,1.080,0.00
48.45238,0.027,1.080,0.00
48.46252,0.033,1.080,0.00
48.47269,0.033,1.080,0.00
48.48289,0.037,1.080,0.00
48.49318,0.037,1.080,0.00
48.50341,0.045,1.079,0.00
48.51438,0.045,1.079,0.00
48.52461,0.051,1.075,0.00
48.53511,0.052,1.072,0.00
48.54545,0.052,1.072,0.00
48.55561,0.055,1.072,0.00
48.56579,0.055,1.070,0.00
48.57595,0.060,1.070,0.00
48.58612,0.060,1.070,0.00
48.59628,0.066,1.064,0.00
48.60645,0.066,1.064,0.00
48.61661,0.071,1.064,0.00
48.62678,0.071,1.064,0.00
48.63741,0.073,1.064,0.00
48.64757,0.073,1.070,0.00
48.65773,0.073,1.074,0.00
48.66788,0.076,1.074,0.00
48.67804,0.079,1.085,0.00
48.68818,0.079,1.085,0.00
48.69837,0.084,1.095,0.00
48.70853,0.084,1.095,0.00
48.71906,0.091,1.109,0.00
48.72921,0.091,1.109,0.00
48.74030,0.093,1.122,0.00
48.75081,0.093,1.122,0.00
48.76150,0.095,1.136,0.00
48.77170,0.095,1.136,0.00
48.78185,0.095,1.150,0.00
48.79208,0.095,1.150,0.00
48.80234,0.095,1.162,0.00
48.81250,0.095,1.162,0.00
48.82265,0.095,1.162,0.00
48.83380,0.097,1.173,0.00
48.84420,0.099,1.197,0.00
48.85696,0.099,1.197,0.00
48.86716,0.097,1.207,0.00
48.87730,0.093,1.221,0.00
48.88745,0.093,1.221,0.00
48.89762,0.093,1.221,0.00
48.90778,0.092,1.229,0.00
48.91792,0.093,1.235,0.00
48.92808,0.093,1.235,0.00
48.93911,0.095,1.244,0.00
48.94927,0.095,1.244,0.00
48.95956,0.100,1.247,0.00
48.97026,0.100,1.247,0.00
48.98043,0.106,1.241,0.00
48.99065,0.106,1.241,0.00
49.00081,0.115,1.244,0.00
49.01121,0.115,1.244,0.00
49.02143,0.121,1.248,0.00
49.03159,0.121,1.248,0.00
49.04175,0.130,1.249,0.00
49.05274,0.130,1.249,0.00
49.06290,0.140,1.247,0.00
49.07332,0.146,1.247,0.00
49.08348,0.146,1.250,0.00
49.09447,0.146,1.250,0.00
49.10473,0.153,1.260,0.00
49.11489,0.153,1.263,0.00
49.12504,0.156,1.263,0.00
49.13576,0.156,1.263,0.00
49.14594,0.161,1.267,0.00
49.15610,0.165,1.274,0.00
49.16634,0.165,1.274,0.00
49.17651,0.169,1.279,0.00
49.18667,0.169,1.279,0.00
49.19683,0.169,1.279,0.00
49.20728,0.175,1.279,0.00
49.21745,0.177,1.279,0.00
49.22761,0.177,1.279,0.00
49.23777,0.177,1.279,0.00
49.24793,0.178,1.278,0.00
49.25849,0.184,1.278,0.00
49.26864,0.184,1.280,0.00
49.27880,0.193,1.279,0.00
49.28907,0.193,1.279,0.00
49.29968,0.193,1.279,0.00
49.30983,0.200,1.281,0.00
49.32016,0.208,1.288,0.00
49.33045,0.208,1.288,0.00
49.34086,0.214,1.296,0.00
49.35104,0.214,1.296,0.00
49.36119,0.220,1.308,0.00
49.37143,0.220,1.308,0.00
49.38167,0.229,1.316,0.00
49.39314,0.242,1.316,0.00
49.40367,0.242,1.327,0.00
49.41514,0.256,1.343,0.00
49.42532,0.256,1.343,0.00
49.43548,0.263,1.360,0.00
49.44569,0.263,1.360,0.00
49.45601,0.272,1.376,0.00
49.46659,0.272,1.376,0.00
49.47710,0.280,1.388,0.00
49.48766,0.280,1.388,0.00
49.49786,0.287,1.388,0.00
49.50809,0.287,1.398,0.00
49.51838,0.275,1.406,0.00
49.52881,0.275,1.406,0.00
49.53899,0.240,1.426,0.00
49.54914,0.240,1.426,0.00
49.55930,0.212,1.422,0.00
49.56952,0.212,1.422,0.00
49.57968,0.189,1.434,0.00
49.58984,0.189,1.434,0.00
49.59999,0.177,1.438,0.00
49.61044,0.177,1.438,0.00
49.62060,0.170,1.436,0.00
49.63077,0.170,1.436,0.00
49.64092,0.170,1.436,0.00
49.65119,0.176,1.435,0.00
49.66134,0.192,1.433,0.00
49.67155,0.192,1.433,0.00
49.68189,0.210,1.433,0.00
49.69271,0.210,1.433,0.00
49.70303,0.231,1.432,0.00
49.71336,0.231,1.432,0.00
49.72351,0.254,1.431,0.00
49.73484,0.279,1.431,0.00
49.74499,0.279,1.434,0.00
49.75581,0.290,1.434,0.00
49.76597,0.290,1.438,0.00
49.77694,0.277,1.444,0.00
49.78750,0.277,1.444,0.00
49.79783,0.284,1.454,0.00
49.80820,0.284,1.454,0.00
49.81836,0.285,1.457,0.00
49.82858,0.285,1.457,0.00
49.83878,0.283,1.467,0.00
49.84895,0.283,1.467,0.00
49.85912,0.281,1.483,0.00
49.86942,0.281,1.483,0.00
49.87959,0.279,1.493,0.00
49.89071,0.279,1.493,0.00
49.90090,0.261,1.506,0.00
49.91106,0.261,1.506,0.00
49.92122,0.247,1.521,0.00
49.93140,0.247,1.521,0.00
49.94172,0.247,1.538,0.00
49.95187,0.217,1.538,0.00
49.96205,0.217,1.560,0.00
49.97233,0.177,1.560,0.00
49.98264,0.154,1.583,0.00
49.99319,0.154,1.583,0.00
50.00363,0.141,1.608,0.00
50.01378,0.141,1.608,0.00
50.02395,0.139,1.634,0.00
50.03504,0.139,1.657,0.00
50.04520,0.139,1.657,0.00
50.05548,0.139,1.685,0.00
50.06589,0.148,1.685,0.00
50.07629,0.162,1.709,0.00
50.08646,0.162,1.709,0.00
50.09666,0.162,1.709,0.00
50.10684,0.186,1.737,0.00
50.11712,0.186,1.737,0.00
50.12728,0.205,1.763,0.00
50.13743,0.222,1.786,0.00
50.14759,0.222,1.786,0.00
50.15786,0.222,1.786,0.00
50.16801,0.228,1.812,0.00
50.17828,0.228,1.833,0.00
50.18832,0.215,1.833,0.00
50.19863,0.182,1.833,0.00
50.20879,0.182,1.857,0.00
50.21907,0.182,1.857,0.00
50.22923,0.171,1.878,0.00
50.23939,0.163,1.878,0.00
50.25075,0.163,1.894,0.00
50.26091,0.152,1.910,0.00
50.27106,0.152,1.910,0.00
50.28124,0.152,1.910,0.00
50.29172,0.152,1.910,0.00
50.30188,0.152,1.926,0.00
50.31204,0.152,1.926,0.00
50.32231,0.154,1.939,0.00
50.33258,0.154,1.939,0.00
50.34274,0.160,1.939,0.00
50.35289,0.160,1.939,0.00
50.36305,0.170,1.943,0.00
50.37320,0.170,1.931,0.00
50.38336,0.181,1.931,0.00
50.39561,0.181,1.920,0.00
50.40586,0.194,1.920,0.00
50.41601,0.210,1.905,0.00
50.42617,0.210,1.905,0.00
50.43633,0.224,1.896,0.00
50.44648,0.224,1.896,0.00
50.45671,0.224,1.896,0.00
50.46686,0.234,1.887,0.00
50.47715,0.243,1.875,0.00
50.48749,0.243,1.875,0.00
50.49778,0.243,1.873,0.00
50.50810,0.254,1.873,0.00
50.51868,0.261,1.860,0.00
50.52903,0.261,1.860,0.00
50.53938,0.265,1.864,0.00
50.54966,0.265,1.864,0.00
50.56008,0.265,1.864,0.00
50.57055,0.271,1.873,0.00
50.58135,0.271,1.873,0.00
50.59168,0.271,1.873,0.00
50.60200,0.271,1.865,0.00
50.61228,0.271,1.865,0.00
50.62244,0.272,1.866,0.00
50.63261,0.272,1.866,0.00
50.64277,0.274,1.867,0.00
50.65300,0.274,1.867,0.00
50.66315,0.276,1.869,0.00
50.67331,0.276,1.869,0.00
50.68347,0.278,1.863,0.00
50.69371,0.278,1.863,0.00
50.70389,0.279,1.854,0.00
50.71445,0.279,1.854,0.00
50.72475,0.279,1.854,0.00
50.73568,0.279,1.854,0.00
50.74589,0.275,1.852,0.00
50.75606,0.275,1.852,0.00
50.76631,0.275,1.852,0.00
50.77646,0.276,1.852,0.00
50.78667,0.276,1.857,0.00
50.79683,0.274,1.857,0.00
50.80716,0.274,1.863,0.00
50.81754,0.271,1.877,0.00
50.82784,0.271,1.877,0.00
50.83952,0.266,1.902,0.00
50.84977,0.266,1.902,0.00
50.86010,0.261,1.923,0.00
50.87054,0.261,1.923,0.00
50.88094,0.256,1.948,0.00
50.89239,0.256,1.948,0.00
50.90256,0.249,1.974,0.00
50.91357,0.249,1.974,0.00
50.92375,0.239,2.002,0.00
50.93390,0.239,2.002,0.00
50.94404,0.239,2.002,0.00
50.95432,0.227,2.016,0.00
50.96456,0.217,2.030,0.00
50.97486,0.217,2.030,0.00
50.98506,0.209,2.037,0.00
50.99536,0.209,2.037,0.00
51.00544,0.204,2.039,0.00
51.01563,0.199,2.037,0.00
51.02579,0.199,2.037,0.00
51.03595,0.199,2.037,0.00
51.04611,0.199,2.037,0.00
51.05630,0.199,2.037,0.00
51.06653,0.199,2.037,0.00
51.07691,0.199,2.037,0.00
51.08708,0.199,2.037,0.00
51.09724,0.199,2.037,0.00
51.10741,0.199,2.037,0.00
51.11771,0.199,2.037,0.00
51.12787,0.198,2.028,0.00
51.13804,0.198,2.028,0.00
51.14830,0.198,2.028,0.00
51.15904,0.203,2.015,0.00
51.16931,0.203,2.015,0.00
51.17948,0.206,2.005,0.00
51.18964,0.208,2.003,0.00
51.19980,0.209,2.002,0.00
51.20996,0.208,1.997,0.00
51.22017,0.206,1.999,0.00
51.23038,0.206,1.999,0.00
51.24062,0.206,1.999,0.00
51.25079,0.207,1.996,0.00
51.26096,0.208,1.984,0.00
51.27113,0.208,1.984,0.00
51.28137,0.209,1.972,0.00
51.29153,0.209,1.972,0.00
51.30168,0.213,1.963,0.00
51.31292,0.213,1.963,0.00
51.32312,0.218,1.951,0.00
51.33327,0.224,1.951,0.00
51.34342,0.224,1.933,0.00
51.35372,0.224,1.933,0.00
51.36397,0.227,1.920,0.00
51.37458,0.227,1.920,0.00
51.38474,0.230,1.911,0.00
51.39554,0.230,1.911,0.00
51.40576,0.231,1.907,0.00
51.41591,0.231,1.907,0.00
51.42607,0.235,1.902,0.00
51.43624,0.239,1.897,0.00
51.44642,0.239,1.897,0.00
51.45718,0.234,1.897,0.00
51.46732,0.234,1.897,0.00
51.47748,0.234,1.897,0.00
51.48764,0.232,1.900,0.00
51.49790,0.231,1.898,0.00
51.50800,0.231,1.898,0.00
51.51815,0.231,1.893,0.00
51.52830,0.231,1.893,0.00
51.53883,0.233,1.898,0.00
51.54903,0.233,1.898,0.00
51.56013,0.237,1.901,0.00
51.57120,0.237,1.901,0.00
51.58137,0.241,1.900,0.00
51.59177,0.241,1.900,0.00
51.60202,0.244,1.892,0.00
51.61235,0.244,1.892,0.00
51.62285,0.252,1.894,0.00
51.63301,0.252,1.894,0.00
51.64317,0.260,1.896,0.00
51.65333,0.260,1.896,0.00
51.66352,0.268,1.897,0.00
51.67364,0.275,1.895,0.00
51.68382,0.275,1.895,0.00
51.69398,0.275,1.895,0.00
51.70427,0.282,1.895,0.00
51.71462,0.290,1.886,0.00
51.72586,0.290,1.886,0.00
51.73612,0.297,1.887,0.00
51.74734,0.297,1.887,0.00
51.75755,0.297,1.887,0.00
51.76772,0.305,1.890,0.00
51.77791,0.313,1.886,0.00
51.78841,0.313,1.886,0.00
51.79875,0.313,1.886,0.00
51.80891,0.321,1.886,0.00
51.81908,0.332,1.889,0.00
51.82925,0.332,1.889,0.00
51.83971,0.332,1.889,0.00
51.85029,0.338,1.893,0.00
51.86040,0.337,1.891,0.00
51.87134,0.337,1.891,0.00
51.88164,0.330,1.889,0.00
51.89264,0.330,1.889,0.00
51.90279,0.323,1.886,0.00
51.91296,0.323,1.886,0.00
51.92313,0.325,1.882,0.00
51.93347,0.325,1.882,0.00
51.94378,0.329,1.876,0.00
51.95393,0.340,1.877,0.00
51.96411,0.340,1.877,0.00
51.97434,0.358,1.879,0.00
51.98463,0.358,1.879,0.00
51.99499,0.358,1.881,0.00
52.00597,0.380,1.881,0.00
52.01660,0.397,1.890,0.00
52.02708,0.397,1.890,0.00
52.03755,0.405,1.898,0.00
52.04770,0.405,1.898,0.00
52.05786,0.410,1.909,0.00
52.06828,0.410,1.909,0.00
52.07859,0.420,1.919,0.00
52.08877,0.420,1.919,0.00
52.09910,0.420,1.919,0.00
52.10955,0.420,1.919,0.00
52.11957,0.446,1.929,0.00
52.12974,0.446,1.929,0.00
52.13991,0.464,1.937,0.00
52.15046,0.464,1.937,0.00
52.16062,0.480,1.945,0.00
52.17119,0.480,1.945,0.00
52.18146,0.497,1.952,0.00
52.19193,0.497,1.952,0.00
52.20209,0.510,1.957,0.00
52.21237,0.510,1.957,0.00
52.22255,0.508,1.957,0.00
52.23271,0.508,1.957,0.00
52.24290,0.494,1.964,0.00
52.25306,0.494,1.964,0.00
52.26323,0.480,1.962,0.00
52.27339,0.480,1.955,0.00
52.28354,0.467,1.955,0.00
52.29376,0.454,1.947,0.00
52.30407,0.454,1.947,0.00
52.31477,0.449,1.935,0.00
52.32497,0.449,1.935,0.00
52.33529,0.451,1.925,0.00
52.34563,0.451,1.925,0.00
52.35631,0.451,1.925,0.00
52.36648,0.457,1.908,0.00
52.37672,0.457,1.908,0.00
52.38693,0.467,1.881,0.00
52.39709,0.477,1.871,0.00
52.40725,0.477,1.871,0.00
52.41741,0.483,1.876,0.00
52.42757,0.483,1.876,0.00
52.43773,0.489,1.875,0.00
52.44789,0.489,1.875,0.00
52.45833,0.492,1.873,0.00
52.46849,0.492,1.873,0.00
52.47867,0.491,1.873,0.00
52.48886,0.491,1.887,0.00
52.49902,0.487,1.895,0.00
52.50918,0.487,1.895,0.00
52.51935,0.478,1.895,0.00
52.53040,0.478,1.895,0.00
52.54056,0.468,1.893,0.00
52.55080,0.468,1.893,0.00
52.56098,0.460,1.897,0.00
52.57137,0.460,1.897,0.00
52.58156,0.460,1.897,0.00
52.59183,0.443,1.903,0.00
52.60208,0.402,1.908,0.00
52.61229,0.402,1.908,0.00
52.62245,0.299,1.917,0.00
52.63267,0.299,1.917,0.00
52.64278,0.249,1.918,0.00
52.65295,0.249,1.918,0.00
52.66311,0.570,1.918,0.00
52.67326,0.570,1.912,0.00
52.68354,1.049,1.912,0.00
52.69392,1.628,1.914,0.00
52.70430,1.628,1.914,0.00
52.71467,1.628,1.914,0.00
52.72569,2.314,1.918,0.00
52.73618,2.314,1.918,0.00
52.74664,3.112,1.925,0.00
52.75680,3.112,1.932,0.00
52.76701,4.236,1.932,0.00
52.77736,4.236,1.932,0.00
52.78779,5.727,1.938,0.00
52.79795,7.639,1.948,0.00
52.80810,7.639,1.948,0.00
52.81837,7.639,1.948,0.00
52.82852,9.807,1.953,0.00
52.84077,12.139,1.953,0.00
52.85922,12.139,1.953,0.00
52.86946,14.488,1.952,0.00
52.89113,16.863,1.953,9.00
52.90140,19.147,1.958,9.00
52.92376,21.258,1.956,9.00
52.93443,21.258,1.958,9.00
52.95485,23.014,1.958,9.00
52.96524,24.848,1.965,9.00
52.97554,26.340,1.965,9.00
52.98674,26.340,1.966,9.00
52.99691,27.568,1.967,9.00
53.00812,27.568,1.967,9.00
53.01892,27.568,1.967,9.00
53.02909,28.683,1.973,9.00
53.03924,29.406,1.972,9.00
53.05092,29.406,1.972,9.00
53.06132,29.319,1.974,9.00
53.07156,29.319,1.974,9.00
53.08252,28.679,1.972,9.00
53.09267,28.679,1.975,9.00
53.10301,27.687,1.975,9.00
53.13177,26.341,1.974,9.00
53.14208,24.693,1.961,9.00
53.16319,22.772,1.931,9.00
53.17334,20.447,1.877,9.00
53.19520,20.447,1.877,9.00
53.20540,18.010,1.814,9.00
53.22700,15.535,1.749,9.00
53.23756,13.023,1.683,9.00
53.25794,13.023,1.683,9.00
53.26813,10.448,1.593,9.00
53.27829,7.990,1.493,9.00
53.29026,7.990,1.493,9.00
53.30045,7.990,1.493,9.00
53.31157,5.779,1.367,9.00
53.32253,5.779,1.245,9.00
53.33345,3.867,1.245,9.00
53.34386,2.225,1.062,9.00
53.35483,2.225,0.697,9.00
53.36518,0.917,0.697,9.00
53.37547,0.917,0.697,9.00
53.38661,-0.097,0.346,9.00
53.39684,-0.608,0.346,9.00
53.40700,-0.608,0.157,9.00
53.43769,-0.608,-0.059,9.00
53.44787,-0.665,-0.202,9.00
53.46643,-0.665,-0.202,9.00
53.47661,-0.418,-0.328,9.00
53.49811,-0.170,-0.388,9.00
53.50830,-0.118,-0.380,9.00
53.53048,-0.227,-0.362,9.00
53.54071,-0.227,-0.362,9.00
53.55086,-0.329,-0.275,9.00
53.56298,-0.369,-0.135,9.00
53.57330,-0.403,0.040,9.00
53.58364,-0.403,0.040,9.00
53.59451,-0.403,0.040,9.00
53.60472,-0.434,0.198,9.00
53.61528,-0.434,0.372,9.00
53.62661,-0.420,0.372,9.50
53.63694,-0.420,0.372,9.50
53.64711,-0.362,0.518,9.50
53.67591,-0.175,0.823,9.50
53.68615,-0.175,0.823,9.50
53.70708,-0.080,0.952,9.50
53.71767,-0.008,0.996,9.50
53.72782,-0.008,0.996,9.50
53.73993,0.021,0.974,9.50
53.75008,0.021,0.974,9.50
53.76024,0.011,0.903,9.50
53.77039,0.011,0.903,10.00
53.78059,-0.014,0.820,10.00
53.79104,-0.014,0.820,10.00
53.80282,-0.042,0.708,10.50
53.81316,-0.072,0.575,10.50
53.82351,-0.072,0.575,10.50
53.83453,-0.072,0.575,10.50
53.84498,-0.090,0.451,10.50
53.85515,-0.090,0.451,10.50
53.88305,-0.065,0.273,11.00
53.89346,-0.065,0.196,11.00
53.91871,0.029,0.196,11.50
53.92889,0.029,0.118,11.50
53.94773,0.073,0.118,12.50
53.95800,0.073,0.043,12.50
53.97800,0.108,-0.007,13.50
53.98824,0.120,-0.017,13.50
53.99841,0.128,-0.004,13.50
54.01037,0.128,-0.004,14.50
54.02057,0.127,0.003,14.50
54.03076,0.127,0.003,14.50
54.04235,0.121,0.020,15.50
54.05380,0.117,0.013,15.50
54.06430,0.117,0.013,15.50
54.07764,0.115,0.021,16.50
54.08830,0.115,0.021,16.50
54.09897,0.115,0.021,16.50
54.10913,0.115,0.021,18.00
54.11928,0.129,0.014,18.00
54.12947,0.129,0.014,18.00
54.13984,0.140,0.023,19.50
54.15014,0.140,0.023,19.50
54.16107,0.153,0.040,19.50
54.18739,0.153,0.040,21.00
54.19751,0.161,0.061,21.00
54.21891,0.179,0.152,22.00
54.22911,0.179,0.152,22.00
54.25095,0.187,0.208,23.50
54.26119,0.187,0.208,23.50
54.28281,0.212,0.204,24.50
54.29313,0.212,0.204,24.50
54.30356,0.223,0.152,24.50
54.31937,0.223,0.152,25.50
54.32969,0.230,0.094,25.50
54.34711,0.240,0.051,26.50
54.35745,0.240,0.051,26.50
54.36780,0.243,-0.076,26.50
54.37813,0.243,-0.076,27.00
54.38832,0.240,-0.167,27.00
54.39848,0.243,-0.309,27.00
54.41034,0.243,-0.309,27.50
54.42188,0.243,-0.506,27.50
54.43308,0.241,-0.506,27.50
54.45789,0.241,-0.815,28.00
54.46806,0.244,-1.202,28.00
54.49067,0.247,-1.577,28.50
54.50087,0.259,-2.073,28.50
54.52334,0.259,-2.073,28.50
54.53460,0.273,-2.470,28.50
54.55506,0.296,-2.915,29.00
54.56537,0.320,-3.403,29.00
54.58653,0.320,-3.841,29.00
54.59670,0.345,-3.841,29.00
54.60695,0.371,-4.303,29.00
54.61899,0.371,-4.632,29.00
54.62940,0.395,-4.632,29.00
54.63979,0.420,-4.632,29.00
54.65009,0.420,-4.856,29.00
54.66038,0.451,-4.981,29.00
54.67058,0.451,-4.981,29.00
54.68258,0.482,-4.918,29.50
54.69274,0.482,-4.918,29.50
54.70296,0.519,-4.580,29.50
54.71691,0.556,-4.089,29.50
54.72705,0.556,-4.089,29.50
54.73724,0.556,-4.089,29.50
54.74761,0.604,-3.324,29.50
54.75777,0.604,-3.324,29.50
54.76791,0.639,-2.265,29.50
54.79729,0.675,-1.142,29.50
54.80751,0.708,0.196,29.50
54.82702,0.737,1.551,29.50
54.83736,0.763,3.095,29.50
54.86205,0.763,4.590,29.50
54.87240,0.775,4.590,29.50
54.88992,0.775,6.163,29.50
54.90011,0.793,7.590,29.50
54.91036,0.793,7.590,29.50
54.92296,0.799,7.590,29.50
54.93348,0.799,9.250,29.50
54.94370,0.810,10.663,29.50
54.95489,0.810,10.663,29.50
54.96506,0.816,11.965,29.50
54.97523,0.816,13.222,29.50
55.00198,0.824,13.222,29.50
55.01216,0.832,14.358,29.50
55.03560,0.847,15.397,29.50
55.04586,0.858,16.456,29.50
55.06592,0.848,17.370,29.50
55.07610,0.848,17.370,29.50
55.08634,0.842,18.226,29.50
55.09847,0.831,18.226,29.50
55.10885,0.831,19.063,29.50
55.11901,0.831,19.707,29.50
55.13051,0.824,19.707,29.50
55.14092,0.824,20.345,29.50
55.15110,0.814,20.345,29.50
55.16363,0.805,20.822,29.50
55.17471,0.805,20.822,29.50
55.18488,0.793,21.275,29.50
55.21122,0.780,21.572,29.50
55.22158,0.773,21.863,29.50
55.24193,0.773,21.863,29.50
55.25216,0.767,22.147,29.50
55.27507,0.768,22.580,29.50
55.28544,0.768,22.580,29.50
55.30591,0.768,22.580,29.50
55.31609,0.784,22.739,29.50
55.33885,0.787,22.847,29.50
55.34912,0.787,22.847,29.50
55.35944,0.792,22.813,29.50
55.37143,0.792,22.813,29.50
55.38174,0.795,22.866,29.50
55.39215,0.795,22.866,29.50
55.40274,0.796,22.828,29.50
55.41289,0.796,22.828,29.50
55.42307,0.801,22.808,29.50
55.43616,0.801,22.808,29.50
55.44635,0.801,22.885,29.50
55.45825,0.806,22.885,29.50
55.46840,0.806,22.831,29.50
55.47927,0.810,22.864,29.50
55.49119,0.810,22.864,29.50
55.50137,0.813,22.795,29.50
55.51154,0.813,22.795,29.50
55.52170,0.821,22.863,29.50
55.54640,0.821,22.863,29.50
55.55657,0.822,22.826,29.50
55.57903,0.828,22.872,29.50
55.58936,0.833,22.896,29.50
55.61057,0.830,22.830,29.50
55.62084,0.828,22.911,29.50
55.63105,0.828,22.911,29.50
55.64288,0.828,22.869,29.50
55.65578,0.826,22.867,29.50
55.66613,0.826,22.867,29.50
55.67629,0.822,22.768,29.50
55.68676,0.822,22.768,29.50
55.69695,0.822,22.768,29.50
55.70712,0.824,22.930,29.50
55.71728,0.824,22.905,29.50
55.72744,0.824,22.905,29.50
55.73807,0.829,23.069,29.50
55.74823,0.829,23.069,29.50
55.75841,0.834,23.126,29.50
55.76857,0.834,23.126,29.50
55.78639,0.834,22.885,29.50
55.79664,0.838,22.885,29.50
55.81889,0.841,23.012,29.50
55.82908,0.841,22.997,29.50
55.85113,0.840,22.980,29.50
55.86150,0.835,22.988,29.50
55.88309,0.830,22.933,29.50
55.89343,0.828,22.896,29.50
55.90378,0.828,22.896,29.50
55.91398,0.828,22.896,0.00
55.92451,0.822,22.914,0.00
55.93466,0.822,22.818,0.00
55.94485,0.819,22.818,0.00
55.95508,0.819,22.818,0.00
55.96563,0.803,22.818,0.00
55.97664,0.803,22.818,0.00
55.98712,0.787,22.737,0.00
55.99729,0.787,22.689,0.00
56.00744,0.757,22.689,0.00
56.01766,0.712,22.661,0.00
56.02780,0.712,22.661,0.00
56.03815,0.712,22.661,0.00
56.04849,0.689,22.577,0.00
56.05891,0.689,22.577,0.00
56.06919,0.670,22.571,0.00
56.07954,0.628,22.480,0.00
56.08986,0.628,22.480,0.00
56.10022,0.628,22.480,0.00
56.11043,0.628,22.480,0.00
56.12063,0.628,22.480,0.00
56.13091,0.581,22.448,0.00
56.14130,0.563,22.417,0.00
56.15146,0.563,22.342,0.00
56.16196,0.563,22.342,0.00
56.17227,0.598,22.397,0.00
56.18264,0.657,22.277,0.00
56.19292,0.657,22.277,0.00
56.20329,0.734,22.316,0.00
56.21349,0.734,22.316,0.00
56.22367,0.833,22.254,0.00
56.23389,0.833,22.254,0.00
56.24405,0.908,22.212,0.00
56.25431,0.908,22.212,0.00
56.26447,0.934,22.251,0.00
56.27479,0.934,22.251,0.00
56.28495,0.932,22.212,0.00
56.29511,0.932,22.212,0.00
56.30541,0.914,22.295,0.00
56.31557,0.914,22.236,0.00
56.32606,0.861,22.236,0.00
56.33635,0.861,22.251,0.00
56.34651,0.763,22.251,0.00
56.35666,0.631,22.234,0.00
56.36682,0.631,22.234,0.00
56.37697,0.631,22.187,0.00
56.38713,0.483,22.187,0.00
56.39734,0.483,22.187,0.00
56.40758,0.320,22.187,0.00
56.41776,0.320,22.253,0.00
56.42793,0.142,22.126,0.00
56.43843,-0.013,22.047,0.00
56.44858,-0.013,22.047,0.00
56.45873,-0.119,21.785,0.00
56.46888,-0.119,21.785,0.00
56.47904,-0.209,21.103,0.00
56.48919,-0.209,21.103,0.00
56.49934,-0.209,21.103,0.00
56.50951,-0.296,20.561,0.00
56.51966,-0.368,20.266,0.00
56.52982,-0.368,20.266,0.00
56.53997,-0.427,19.456,0.00
56.55013,-0.427,19.456,0.00
56.56043,-0.476,18.477,0.00
56.57082,-0.476,18.477,0.00
56.58100,-0.498,17.284,0.00
56.59135,-0.498,17.284,0.00
56.60200,-0.498,17.284,0.00
56.61354,-0.498,15.893,0.00
56.62381,-0.481,14.646,0.00
56.63430,-0.455,13.275,0.00
56.64446,-0.455,13.275,0.00
56.65564,-0.417,13.275,0.00
56.66580,-0.417,11.657,0.00
56.67596,-0.376,9.562,0.00
56.68626,-0.376,9.562,0.00
56.69633,-0.331,7.261,0.00
56.70668,-0.331,7.261,0.00
56.71700,-0.291,5.436,0.00
56.72717,-0.291,5.436,0.00
56.73734,-0.235,3.419,0.00
56.74750,-0.235,3.419,0.00
56.75768,-0.163,1.750,0.00
56.76784,-0.163,1.750,0.00
56.77800,-0.083,0.621,0.00
56.78816,-0.083,0.621,0.00
56.79835,0.021,-0.032,0.00
56.80859,0.021,-0.032,0.00
56.81875,0.021,0.081,0.00
56.82891,0.142,0.081,0.00
56.83907,0.265,0.205,0.00
56.84929,0.265,0.205,0.00
56.85939,0.387,0.476,0.00
56.86954,0.387,0.476,0.00
56.87976,0.387,0.476,0.00
56.88997,0.492,1.151,0.00
56.90013,0.576,1.768,0.00
56.91033,0.576,1.768,0.00
56.92052,0.654,1.956,0.00
56.93081,0.654,1.956,0.00
56.94095,0.719,2.089,0.00
56.95119,0.719,2.089,0.00
56.96171,0.766,2.369,0.00
56.97249,0.766,2.369,0.00
56.98282,0.807,2.542,0.00
56.99298,0.807,2.542,0.00
57.00313,0.831,2.617,0.00
57.01329,0.831,2.617,0.00
57.02344,0.845,2.594,0.00
57.03370,0.840,2.594,0.00
57.04387,0.840,2.493,0.00
57.05403,0.835,2.493,0.00
57.06422,0.835,2.382,0.00
57.07451,0.835,2.382,0.00
57.08485,0.835,2.382,0.00
57.09497,0.835,2.249,0.00
57.10514,0.806,2.023,0.00
57.11529,0.806,2.023,0.00
57.12545,0.822,1.909,0.00
57.13596,0.822,1.789,0.00
57.14611,0.863,1.789,0.00
57.15627,0.929,1.706,0.00
57.16643,0.929,1.706,0.00
57.17660,1.008,1.677,0.00
57.18676,1.008,1.677,0.00
57.19692,1.093,1.677,0.00
57.20708,1.093,1.687,0.00
57.21738,1.093,1.687,0.00
57.22754,1.152,1.732,0.00
57.23782,1.197,1.797,0.00
57.24798,1.197,1.797,0.00
57.25817,1.197,1.797,0.00
57.26833,1.229,1.870,0.00
57.27855,1.244,1.944,0.00
57.28876,1.244,1.944,0.00
57.29906,1.210,2.070,0.00
57.30944,1.210,2.070,0.00
57.31992,1.210,2.070,0.00
57.33056,1.118,2.165,0.00
57.34082,0.990,2.218,0.00
57.35150,0.990,2.218,0.00
57.36165,0.856,2.300,0.00
57.37195,0.856,2.300,0.00
57.38201,0.730,2.381,0.00
57.39232,0.730,2.381,0.00
57.40247,0.602,2.385,0.00
57.41744,0.602,2.385,0.00
57.43406,0.472,2.390,0.00
57.44971,0.349,2.397,0.00
57.46545,0.242,2.397,0.00
57.47577,0.242,2.372,0.00
57.49150,0.140,2.284,0.00
57.50368,0.045,2.226,0.00
57.52098,0.045,2.226,0.00
57.53327,-0.038,2.226,0.00
57.54357,-0.038,2.227,0.00
57.55767,-0.109,2.269,0.00
57.56879,-0.166,2.269,0.00
57.58115,-0.211,2.403,0.00
57.59144,-0.211,2.403,0.00
57.60672,-0.247,2.536,0.00
57.61867,-0.269,2.665,0.00
57.62944,-0.269,2.665,0.00
57.63959,-0.277,2.665,0.00
57.68101,-0.261,2.928,0.00
57.69137,-0.261,3.034,0.00
57.70283,-0.245,3.119,0.00
57.72014,-0.245,3.281,0.00
57.73443,-0.245,3.281,0.00
57.75609,-0.193,3.418,0.00
57.77392,-0.176,3.419,0.00
57.78440,-0.176,3.419,0.00
57.80042,-0.176,3.423,0.00
57.81062,-0.176,3.423,0.00
57.85015,-0.134,3.360,0.00
57.87432,-0.114,3.281,0.00
57.88550,-0.114,3.200,0.00
57.89584,-0.114,3.200,0.00
57.90702,-0.105,3.136,0.00
57.92663,-0.098,3.094,0.00
57.94285,-0.090,3.076,0.00
57.95476,-0.086,3.076,0.00
57.96554,-0.086,3.061,0.00
57.97660,-0.086,3.042,0.00
57.98673,-0.082,3.042,0.00
57.99772,-0.080,3.042,0.00
58.00856,-0.080,2.996,0.00
58.02483,-0.080,2.951,0.00
58.03956,-0.080,2.951,0.00
58.06346,-0.080,2.838,0.00
58.07544,-0.084,2.838,0.00
58.09320,-0.084,2.784,0.00
58.10912,-0.080,2.732,0.00
58.11932,-0.080,2.673,0.00
58.12970,-0.077,2.673,0.00
58.14010,-0.077,2.673,0.00
58.15802,-0.075,2.630,0.00
58.17403,-0.073,2.610,0.00
58.18423,-0.073,2.610,0.00
58.20017,-0.073,2.604,0.00
58.21045,-0.073,2.604,0.00
58.22085,-0.073,2.603,0.00
58.23127,-0.074,2.603,0.00
58.24139,-0.074,2.603,0.00
58.25239,-0.074,2.600,0.00
58.26386,-0.076,2.600,0.00
58.27576,-0.082,2.599,0.00
58.28668,-0.088,2.601,0.00
58.29765,-0.092,2.591,0.00
58.31369,-0.102,2.580,0.00
58.32406,-0.102,2.580,0.00
58.33500,-0.102,2.580,0.00
58.34707,-0.102,2.580,0.00
58.35725,-0.102,2.580,0.00
58.36831,-0.120,2.568,0.00
58.37941,-0.120,2.568,0.00
58.39079,-0.132,2.570,0.00
58.40226,-0.132,2.581,0.00
58.46259,-0.188,2.653,0.00
58.52109,-0.239,2.802,0.00
58.53124,-0.239,2.802,0.00
58.54138,-0.149,0.129,0.00
58.55156,-0.149,0.129,0.00
58.56173,-0.164,0.176,0.00
58.57189,-0.179,0.221,0.00
58.58206,-0.191,0.253,0.00
58.59299,-0.191,0.253,0.00
58.60319,-0.202,0.278,0.00
58.61352,-0.202,0.278,0.00
58.62368,-0.211,0.278,0.00
58.63399,-0.211,0.295,0.00
58.64427,-0.218,0.306,0.00
58.65451,-0.218,0.306,0.00
58.66475,-0.218,0.306,0.00
58.67490,-0.225,0.289,0.00
58.68506,-0.225,0.289,0.00
58.69527,-0.225,0.289,0.00
58.70542,-0.246,0.227,0.00
58.71557,-0.246,0.227,0.00
58.72659,-0.258,0.166,0.00
58.73674,-0.272,0.084,0.00
58.74703,-0.272,0.084,0.00
58.75732,-0.282,-0.011,0.00
58.76761,-0.282,-0.011,0.00
58.77803,-0.286,-0.102,0.00
58.78838,-0.286,-0.102,0.00
58.79877,-0.286,-0.208,0.00
58.80910,-0.286,-0.208,0.00
58.82012,-0.283,-0.356,0.00
58.83064,-0.283,-0.356,0.00
58.84079,-0.274,-0.475,0.00
58.85095,-0.274,-0.475,0.00
58.86113,-0.274,-0.475,0.00
58.87128,-0.259,-0.569,0.00
58.88144,-0.241,-0.638,0.00
58.89201,-0.241,-0.638,0.00
58.90228,-0.222,-0.679,0.00
58.91244,-0.222,-0.679,0.00
58.92260,-0.203,-0.691,0.00
58.93324,-0.203,-0.691,0.00
58.94360,-0.184,-0.683,0.00
58.95376,-0.184,-0.683,0.00
58.96393,-0.167,-0.641,0.00
58.97449,-0.167,-0.641,0.00
58.98551,-0.150,-0.548,0.00
58.99585,-0.134,-0.435,0.00
59.00625,-0.134,-0.435,0.00
59.01645,-0.116,-0.331,0.00
59.02680,-0.116,-0.331,0.00
59.03720,-0.098,-0.257,0.00
59.04741,-0.098,-0.257,0.00
59.05783,-0.079,-0.210,0.00
59.06801,-0.079,-0.210,0.00
59.07854,-0.060,-0.184,0.00
59.08869,-0.060,-0.184,0.00
59.09884,-0.043,-0.172,0.00
59.10900,-0.043,-0.172,0.00
59.11915,-0.027,-0.170,0.00
59.12931,-0.027,-0.170,0.00
59.13946,-0.013,-0.179,0.00
59.14961,-0.013,-0.179,0.00
59.15978,-0.000,-0.195,0.00
59.16993,-0.000,-0.195,0.00
59.18021,0.012,-0.214,0.00
59.19082,0.012,-0.214,0.00
59.20098,0.022,-0.221,0.00
59.21114,0.022,-0.221,0.00
59.22129,0.029,-0.223,0.00
59.23145,0.029,-0.223,0.00
59.24168,0.035,-0.219,0.00
59.25199,0.035,-0.219,0.00
59.26278,0.038,-0.211,0.00
59.27293,0.038,-0.211,0.00
59.28313,0.041,-0.199,0.00
59.29345,0.040,-0.199,0.00
59.30380,0.040,-0.162,0.00
59.31413,0.038,-0.162,0.00
59.32521,0.038,-0.117,0.00
59.33655,0.031,-0.073,0.00
59.34672,0.031,-0.073,0.00
59.35702,0.026,-0.034,0.00
59.36719,0.026,-0.034,0.00
59.37734,0.018,-0.001,0.00
59.38749,0.018,-0.001,0.00
59.39764,0.008,0.019,0.00
59.40779,0.008,0.019,0.00
59.41796,0.008,0.039,0.00
59.42811,0.002,0.039,0.00
59.43854,0.002,0.050,0.00
59.44878,-0.005,0.050,0.00
59.45893,-0.010,0.054,0.00
59.46909,-0.010,0.054,0.00
59.47932,-0.010,0.054,0.00
59.48947,-0.010,0.049,0.00
59.49966,-0.010,0.049,0.00
59.51144,-0.010,0.045,0.00
59.52186,-0.007,0.037,0.00
59.53201,-0.007,0.037,0.00
59.54302,-0.006,0.036,0.00
59.55328,-0.006,0.032,0.00
59.56344,-0.003,0.032,0.00
59.57373,-0.003,0.032,0.00
59.58389,0.001,0.030,0.00
59.59410,0.001,0.030,0.00
59.60436,-0.010,0.033,0.00
59.61453,-0.010,0.033,0.00
59.62470,-0.052,0.040,0.00
59.63490,-0.052,0.040,0.00
59.64506,-0.132,0.043,0.00
59.65521,-0.132,0.046,0.00
59.66537,-0.371,0.046,0.00
59.67558,-0.547,0.047,0.00
59.68573,-0.547,0.047,0.00
59.69591,-0.417,0.044,0.00
59.70608,-0.417,0.044,0.00
59.71635,-0.129,0.044,0.00
59.72657,-0.129,0.038,0.00
59.73674,0.519,0.038,0.00
59.74689,0.519,0.036,0.00
59.75705,1.468,0.030,0.00
59.76722,1.468,0.030,0.00
59.77848,1.468,0.030,0.00
59.78888,2.918,0.030,0.00
59.79904,4.557,0.007,0.00
59.80929,4.557,0.007,0.00
59.81945,6.688,0.004,0.00
59.82960,6.688,0.004,0.00
59.83975,9.071,-0.003,0.00
59.84991,9.071,-0.003,0.00
59.86020,11.701,-0.003,0.00
59.87038,11.701,-0.003,0.00
59.88052,11.701,-0.003,0.00
59.89069,14.384,-0.003,0.00
59.91457,14.384,-0.003,9.00
59.92493,19.607,0.006,9.00
59.94887,21.883,0.013,9.00
59.95912,23.856,0.021,9.00
59.97833,23.856,0.021,9.00
59.98857,25.589,0.026,9.00
59.99873,27.221,0.031,9.00
60.01059,27.221,0.031,9.00
60.02086,28.736,0.041,9.00
60.03158,28.736,0.041,9.00
60.04217,29.822,0.041,9.00
60.05291,29.822,0.050,9.00
60.06323,30.360,0.064,9.00
60.07466,30.360,0.064,9.00
60.08485,30.446,0.079,9.00
60.09499,30.446,0.106,9.00
60.10659,29.920,0.106,9.00
60.11674,28.695,0.106,9.00
60.12713,28.695,0.135,9.00
60.15560,26.934,0.174,9.00
60.16612,24.924,0.220,9.00
60.18657,24.924,0.220,9.00
60.19674,22.739,0.254,9.00
60.21885,17.195,0.238,9.00
60.22940,17.195,0.238,9.00
60.24988,14.628,0.195,9.00
60.25999,12.135,0.195,9.00
60.27015,12.135,0.151,9.00
60.28393,9.874,0.151,9.00
60.29615,9.874,0.043,9.00
60.31479,7.365,0.043,9.00
60.32497,5.122,-0.056,9.00
60.33683,5.122,-0.056,9.00
60.34700,3.069,-0.184,9.00
60.35930,1.276,-0.184,9.00
60.36945,1.276,-0.326,9.00
60.37962,0.082,-0.539,9.00
60.38978,0.082,-0.539,9.00
60.40250,0.082,-0.985,9.00
60.42658,-0.728,-1.361,9.00
60.43677,-0.956,-1.617,9.00
60.45895,-0.869,-1.839,9.00
60.46915,-0.596,-1.839,9.00
60.49044,-0.196,-2.008,9.00
60.50076,-0.196,-2.008,9.00
60.52281,0.139,-2.075,9.00
60.53314,0.139,-2.075,9.00
60.54353,-0.016,-2.068,9.00
60.55469,-0.016,-2.008,9.00
60.56488,-0.169,-2.008,9.00
60.57506,-0.169,-2.008,9.00
60.58615,-0.212,-1.881,9.00
60.59639,-0.212,-1.881,9.00
60.60672,-0.209,-1.732,9.00
60.61830,-0.209,-1.599,9.50
60.62848,-0.160,-1.599,9.50
60.63885,-0.071,-1.483,9.50
60.65009,-0.071,-1.483,9.50
60.66036,0.039,-1.367,9.50
60.67052,0.039,-1.367,9.50
60.68210,0.145,-1.275,9.50
60.69227,0.145,-1.275,9.50
60.70244,0.145,-1.275,9.50
60.71259,0.243,-1.183,9.50
60.73272,0.316,-1.031,9.50
60.74288,0.369,-1.031,9.50
60.76279,0.388,-0.970,10.00
60.77322,0.388,-0.963,10.00
60.79651,0.370,-0.963,10.00
60.80669,0.336,-0.980,10.00
60.82579,0.310,-0.980,10.50
60.83596,0.310,-1.022,10.50
60.84612,0.288,-1.123,10.50
60.85886,0.272,-1.213,10.50
60.86963,0.272,-1.213,10.50
60.87996,0.269,-1.310,10.50
60.89042,0.269,-1.310,11.00
60.90074,0.280,-1.397,11.00
60.91103,0.280,-1.397,11.00
60.92321,0.300,-1.501,11.50
60.93339,0.300,-1.501,11.50
60.94357,0.326,-1.617,11.50
60.95673,0.326,-1.617,12.50
60.96688,0.362,-1.725,12.50
60.97704,0.396,-1.725,12.50
61.00183,0.396,-1.821,13.50
61.01202,0.424,-1.886,13.50
61.03539,0.438,-1.914,14.50
61.04558,0.444,-1.920,14.50
61.06690,0.452,-1.890,15.50
61.07710,0.458,-1.830,15.50
61.09901,0.458,-1.798,17.00
61.10931,0.453,-1.798,17.00
61.11967,0.453,-1.798,17.00
61.13081,0.450,-1.753,18.00
61.14234,0.439,-1.753,18.00
61.15250,0.439,-1.653,18.00
61.16265,0.432,-1.653,19.50
61.17280,0.432,-1.653,19.50
61.18362,0.424,-1.602,19.50
61.19448,0.424,-1.602,21.00
61.20471,0.421,-1.549,21.00
61.21507,0.421,-1.549,21.00
61.22635,0.421,-1.549,22.50
61.23735,0.419,-1.512,22.50
61.24779,0.421,-1.482,22.50
61.27397,0.421,-1.482,23.50
61.28416,0.430,-1.434,23.50
61.30632,0.434,-1.419,24.50
61.31649,0.434,-1.420,24.50
61.34206,0.434,-1.456,25.50
61.35271,0.434,-1.485,25.50
61.37063,0.433,-1.494,26.50
61.38080,0.438,-1.595,26.50
61.39099,0.438,-1.595,26.50
61.40227,0.434,-1.706,27.00
61.41284,0.434,-1.706,27.00
61.42300,0.442,-1.879,27.00
61.43447,0.440,-1.879,27.50
61.44464,0.440,-2.120,27.50
61.45518,0.443,-2.120,27.50
61.46661,0.443,-2.377,28.00
61.47676,0.443,-2.781,28.00
61.48691,0.440,-2.781,28.00
61.49868,0.440,-3.145,28.50
61.50887,0.440,-3.145,28.50
61.51903,0.440,-3.145,28.50
61.54671,0.440,-4.051,28.50
61.55697,0.457,-4.051,28.50
61.57878,0.510,-4.894,29.00
61.58893,0.510,-4.894,29.00
61.61066,0.539,-5.262,29.00
61.62082,0.574,-5.262,29.00
61.64332,0.615,-5.711,29.00
61.65512,0.615,-6.125,29.00
61.67619,0.693,-6.502,29.00
61.68636,0.693,-6.818,29.00
61.70578,0.718,-7.043,29.50
61.71598,0.718,-7.043,29.50
61.72656,0.766,-7.167,29.50
61.73866,0.806,-7.135,29.50
61.74881,0.806,-7.135,29.50
61.75897,0.850,-6.876,29.50
61.77031,0.850,-6.876,29.50
61.78066,0.888,-6.452,29.50
61.79118,0.888,-6.452,29.50
61.80267,0.924,-5.807,29.50
61.81305,0.924,-5.807,29.50
61.82320,0.972,-4.976,29.50
61.83405,0.972,-4.976,29.50
61.84422,1.009,-4.080,29.50
61.85438,1.047,-4.080,29.50
61.86481,1.047,-2.954,29.50
61.88248,1.047,-1.703,29.50
61.89290,1.074,-1.703,29.50
61.91463,1.102,-0.426,29.50
61.92482,1.126,0.886,29.50
61.94579,1.126,0.886,29.50
61.95597,1.134,2.153,29.50
61.96617,1.140,3.580,29.50
61.97888,1.144,4.735,29.50
61.98908,1.144,4.735,29.50
61.99938,1.147,5.993,29.50
62.01255,1.147,5.993,29.50
62.02273,1.144,7.094,29.50
62.03288,1.144,7.094,29.50
62.04321,1.144,8.266,29.50
62.05338,1.140,8.266,29.50
62.06354,1.133,9.237,29.50
62.07386,1.133,9.237,29.50
62.08404,1.121,10.101,29.50
62.09431,1.121,10.101,29.50
62.10650,1.112,10.934,29.50
62.11677,1.112,10.934,29.50
62.12692,1.102,11.641,29.50
62.14041,1.091,12.220,29.50
62.15068,1.091,12.220,29.50
62.16098,1.075,12.728,29.50
62.18593,1.075,12.728,29.50
62.19622,1.058,13.085,29.50
62.22093,1.028,13.908,29.50
62.23230,1.028,13.908,29.50
62.25178,1.004,14.175,29.50
62.26205,0.973,14.401,29.50
62.28319,0.941,14.475,29.50
62.29339,0.941,14.475,29.50
62.31390,0.914,14.540,29.50
62.32416,0.886,14.527,29.50
62.33507,0.886,14.527,29.50
62.34630,0.859,14.537,29.50
62.35657,0.831,14.537,29.50
62.36674,0.831,14.498,29.50
62.37858,0.831,14.385,29.50
62.38886,0.807,14.385,29.50
62.39919,0.787,14.427,29.50
62.41314,0.763,14.356,29.50
62.42330,0.763,14.356,29.50
62.43344,0.763,14.356,29.50
62.45773,0.763,14.356,29.50
62.46827,0.737,14.265,29.50
62.49007,0.737,14.265,29.50
62.50056,0.729,14.131,29.50
62.52259,0.720,13.997,29.50
62.53275,0.713,13.958,29.50
62.55568,0.697,14.040,29.50
62.56585,0.697,14.040,29.50
62.58661,0.692,14.015,29.50
62.59814,0.692,14.151,29.50
62.60830,0.692,14.151,29.50
62.61897,0.692,14.111,29.50
62.62915,0.695,14.111,29.50
62.63932,0.695,14.181,29.50
62.65055,0.702,14.181,29.50
62.66097,0.706,14.245,29.50
62.67254,0.706,14.245,29.50
62.68302,0.713,14.231,29.50
62.69343,0.713,14.231,29.50
62.70388,0.715,14.349,29.50
62.71475,0.715,14.349,29.50
62.72505,0.717,14.374,29.50
62.73714,0.717,14.374,29.50
62.76196,0.726,14.436,29.50
62.77214,0.731,14.413,29.50
62.79413,0.735,14.450,29.50
62.80447,0.739,14.506,29.50
62.82630,0.739,14.479,29.50
62.83660,0.746,14.514,29.50
62.84685,0.757,14.514,29.50
62.85895,0.770,14.495,29.50
62.86914,0.770,14.495,29.50
62.87930,0.770,14.423,29.50
62.89161,0.787,14.423,29.50
62.90179,0.799,14.480,29.50
62.91195,0.799,14.480,29.50
62.92211,0.799,14.480,0.00
62.93227,0.815,14.313,0.00
62.94283,0.829,14.361,0.00
62.95298,0.842,14.361,0.00
62.96317,0.842,14.253,0.00
62.97332,0.844,14.253,0.00
62.98348,0.844,14.206,0.00
62.99363,0.844,14.206,0.00
63.00380,0.850,14.199,0.00
63.01410,0.844,14.199,0.00
63.02459,0.844,13.991,0.00
63.03475,0.844,14.028,0.00
63.04499,0.833,14.028,0.00
63.05514,0.833,13.911,0.00
63.06530,0.872,13.911,0.00
63.07629,0.872,13.895,0.00
63.08643,0.927,13.895,0.00
63.09658,0.969,13.868,0.00
63.10681,0.969,13.868,0.00
63.11697,1.039,13.868,0.00
63.12719,1.039,13.771,0.00
63.13734,1.144,13.798,0.00
63.14749,1.144,13.798,0.00
63.15768,1.144,13.798,0.00
63.16782,1.247,13.669,0.00
63.17840,1.344,13.699,0.00
63.18858,1.344,13.699,0.00
63.19881,1.431,13.697,0.00
63.20914,1.431,13.697,0.00
63.21973,1.523,13.627,0.00
63.23009,1.523,13.627,0.00
63.24060,1.624,13.697,0.00
63.25074,1.624,13.697,0.00
63.26090,1.624,13.697,0.00
63.27128,1.705,13.575,0.00
63.28173,1.761,13.691,0.00
63.29207,1.761,13.691,0.00
63.30233,1.768,13.642,0.00
63.31250,1.768,13.642,0.00
63.32266,1.726,13.701,0.00
63.33282,1.726,13.701,0.00
63.34297,1.726,13.701,0.00
63.35313,1.635,13.717,0.00
63.36352,1.525,13.636,0.00
63.37368,1.525,13.636,0.00
63.38384,1.422,13.745,0.00
63.39403,1.422,13.686,0.00
63.40414,1.328,13.686,0.00
63.41492,1.328,13.686,0.00
63.42502,1.233,13.719,0.00
63.43517,1.173,13.575,0.00
63.44533,1.173,13.575,0.00
63.45549,1.173,13.575,0.00
63.46592,1.137,13.467,0.00
63.47629,1.113,13.056,0.00
63.48665,1.113,13.056,0.00
63.49775,1.102,11.973,0.00
63.50810,1.102,11.973,0.00
63.51864,1.115,11.333,0.00
63.52881,1.115,11.333,0.00
63.53910,1.168,10.941,0.00
63.54938,1.168,10.941,0.00
63.55950,1.260,10.220,0.00
63.56967,1.260,10.220,0.00
63.57983,1.260,10.220,0.00
63.58999,1.391,9.410,0.00
63.60015,1.561,8.547,0.00
63.61036,1.561,8.547,0.00
63.62052,1.764,7.584,0.00
63.63067,1.764,7.584,0.00
63.64084,1.998,6.563,0.00
63.65099,1.998,6.563,0.00
63.66114,2.250,5.280,0.00
63.67128,2.250,5.280,0.00
63.68163,2.510,3.889,0.00
63.69198,2.510,3.889,0.00
63.70217,2.510,2.384,0.00
63.71301,2.786,2.384,0.00
63.72399,3.062,1.019,0.00
63.73415,3.062,1.019,0.00
63.74431,3.297,-0.209,0.00
63.75447,3.489,-1.110,0.00
63.76461,3.489,-1.110,0.00
63.77491,3.489,-1.110,0.00
63.78541,3.635,-1.665,0.00
63.79557,3.635,-1.665,0.00
63.80574,3.719,-1.880,0.00
63.81595,3.719,-1.880,0.00
63.82611,3.737,-1.465,0.00
63.83627,3.737,-1.465,0.00
63.84645,3.708,-0.755,0.00
63.85661,3.640,-0.005,0.00
63.86676,3.640,-0.005,0.00
63.87789,3.640,-0.005,0.00
63.88807,3.542,0.418,0.00
63.89825,3.418,0.944,0.00
63.90845,3.418,0.944,0.00
63.91905,3.275,1.165,0.00
63.92997,3.275,1.165,0.00
63.94216,3.122,1.053,0.00
63.95233,3.122,1.053,0.00
63.96250,2.971,1.048,0.00
63.97266,2.971,1.048,0.00
63.98282,2.824,0.947,0.00
63.99298,2.824,0.947,0.00
64.00316,2.705,0.899,0.00
64.01332,2.705,0.899,0.00
64.02347,2.586,0.919,0.00
64.03379,2.586,0.919,0.00
64.04409,2.488,1.055,0.00
64.05452,2.413,1.055,0.00
64.06480,2.413,1.296,0.00
64.07494,2.413,1.296,0.00
64.08510,2.355,1.590,0.00
64.09525,2.311,1.897,0.00
64.10542,2.311,1.897,0.00
64.11586,2.273,2.175,0.00
64.12640,2.273,2.175,0.00
64.13666,2.273,2.175,0.00
64.14694,2.240,2.411,0.00
64.15709,2.240,2.610,0.00
64.16726,2.216,2.610,0.00
64.17742,2.216,2.610,0.00
64.18758,2.201,2.734,0.00
64.19854,2.201,2.734,0.00
64.20869,2.192,2.821,0.00
64.21885,2.192,2.903,0.00
64.22899,2.186,2.903,0.00
64.23942,2.187,2.958,0.00
64.25006,2.187,2.958,0.00
64.26021,2.195,2.991,0.00
64.27072,2.195,2.991,0.00
64.28158,2.195,2.991,0.00
64.29191,2.205,2.996,0.00
64.30245,2.215,2.978,0.00
64.31261,2.215,2.890,0.00
64.32277,2.213,2.890,0.00
64.33340,2.207,2.771,0.00
64.34371,2.207,2.771,0.00
64.35521,2.207,2.771,0.00
64.36560,2.201,2.642,0.00
64.37580,2.201,2.642,0.00
64.38601,2.192,2.642,0.00
64.39617,2.182,2.394,0.00
64.40634,2.182,2.394,0.00
64.41660,2.182,2.394,0.00
64.42781,2.177,2.270,0.00
64.44368,2.177,2.270,0.00
64.45774,2.177,2.270,0.00
64.46851,2.169,2.270,0.00
64.47900,2.162,2.046,0.00
64.48957,2.162,1.925,0.00
64.50020,2.162,1.843,0.00
64.51199,2.157,1.843,0.00
64.52773,2.150,1.843,0.00
64.54712,2.139,1.843,0.00
64.55771,2.139,1.843,0.00
64.56826,2.139,1.620,0.00
64.58397,2.109,1.539,0.00
64.60032,2.109,1.468,0.00
64.61708,2.092,1.408,0.00
64.63096,2.092,1.408,0.00
64.64630,2.079,1.346,0.00
64.66206,2.055,1.346,0.00
64.67289,2.055,1.266,0.00
64.68889,2.044,1.266,0.00
64.71899,2.033,1.245,0.00
64.73571,2.022,1.225,0.00
64.74598,2.014,1.205,0.00
64.75705,2.014,1.184,0.00
64.76738,2.007,1.184,0.00
64.77777,2.007,1.184,0.00
64.78814,2.007,1.184,0.00
64.79852,2.007,1.184,0.00
64.81230,1.997,1.172,0.00
64.82805,1.996,1.160,0.00
64.83982,1.996,1.146,0.00
64.85011,1.996,1.146,0.00
64.87358,2.005,1.119,0.00
64.88914,2.005,1.094,0.00
64.90032,2.009,1.094,0.00
64.91128,2.009,1.069,0.00
64.92291,2.009,1.069,0.00
64.94501,2.008,1.034,0.00
64.95517,2.008,1.020,0.00
64.96542,2.007,1.020,0.00
64.98134,2.007,1.020,0.00
64.99856,2.007,1.016,0.00
65.01547,2.006,1.020,0.00
65.03326,2.001,1.030,0.00
65.04924,1.993,1.044,0.00
65.07239,1.984,1.057,0.00
65.08787,1.980,1.067,0.00
65.10473,1.980,1.067,0.00
65.12138,1.979,1.075,0.00
65.13397,1.979,1.075,0.00
65.14699,1.981,1.074,0.00
65.16274,1.980,1.068,0.00
65.17894,1.980,1.068,0.00
65.19451,1.979,1.059,0.00
65.21404,1.979,1.054,0.00
65.23250,1.976,1.046,0.00
65.25604,1.971,1.043,0.00
65.26766,1.959,1.049,0.00
65.28439,1.939,1.054,0.00
65.30105,1.914,1.059,0.00
65.31245,1.914,1.059,0.00
65.32912,1.882,1.061,0.00
65.34717,1.844,1.064,0.00
65.36410,1.803,1.064,0.00
65.37612,1.803,1.064,0.00
65.39213,1.753,1.066,0.00
65.40691,1.698,1.062,0.00
65.41869,1.698,1.062,0.00
65.47500,1.698,1.062,0.00
65.55721,1.480,1.089,0.00
65.56789,1.134,1.089,0.00
65.57914,-0.871,0.020,0.00
65.58939,-0.922,0.034,0.00
65.59997,-0.964,0.044,0.00
65.61011,-0.964,0.044,0.00
65.62034,-0.964,0.044,0.00
65.63059,-1.002,0.057,0.00
65.64085,-1.034,0.074,0.00
65.65115,-1.034,0.074,0.00
65.66154,-1.058,0.092,0.00
65.67172,-1.058,0.092,0.00
65.68189,-1.069,0.111,0.00
65.69216,-1.069,0.111,0.00
65.70233,-1.071,0.139,0.00
65.71338,-1.071,0.139,0.00
65.72359,-1.060,0.185,0.00
65.73386,-1.060,0.185,0.00
65.74407,-1.041,0.260,0.00
65.75438,-1.041,0.260,0.00
65.76462,-1.015,0.335,0.00
65.77540,-0.983,0.420,0.00
65.78599,-0.983,0.420,0.00
65.79615,-0.944,0.420,0.00
65.80637,-0.944,0.496,0.00
65.81662,-0.944,0.496,0.00
65.82668,-0.904,0.566,0.00
65.83682,-0.873,0.628,0.00
65.84696,-0.873,0.628,0.00
65.86007,-0.873,0.628,0.00
65.87036,-0.841,0.672,0.00
65.88069,-0.809,0.704,0.00
65.89085,-0.809,0.704,0.00
65.90101,-0.782,0.727,0.00
65.91118,-0.782,0.727,0.00
65.92184,-0.761,0.736,0.00
65.93198,-0.761,0.736,0.00
65.94214,-0.746,0.731,0.00
65.95282,-0.746,0.731,0.00
65.96298,-0.733,0.714,0.00
65.97390,-0.733,0.714,0.00
65.98443,-0.725,0.690,0.00
65.99456,-0.723,0.661,0.00
66.00471,-0.723,0.661,0.00
66.01485,-0.723,0.661,0.00
66.02509,-0.730,0.623,0.00
66.03560,-0.730,0.588,0.00
66.04574,-0.740,0.588,0.00
66.05612,-0.740,0.588,0.00
66.06635,-0.746,0.545,0.00
66.07651,-0.754,0.545,0.00
66.08669,-0.754,0.496,0.00
66.09704,-0.754,0.496,0.00
66.10724,-0.764,0.458,0.00
66.11739,-0.776,0.431,0.00
66.12754,-0.776,0.431,0.00
66.13804,-0.788,0.414,0.00
66.14880,-0.788,0.414,0.00
66.15897,-0.788,0.401,0.00
66.16923,-0.795,0.401,0.00
66.17951,-0.798,0.394,0.00
66.19027,-0.798,0.394,0.00
66.20046,-0.798,0.401,0.00
66.21115,-0.802,0.401,0.00
66.22130,-0.809,0.424,0.00
66.23146,-0.809,0.424,0.00
66.24214,-0.821,0.460,0.00
66.25232,-0.832,0.460,0.00
66.26277,-0.832,0.500,0.00
66.27301,-0.839,0.500,0.00
66.28333,-0.839,0.552,0.00
66.29366,-0.839,0.552,0.00
66.30403,-0.850,0.614,0.00
66.31442,-0.858,0.614,0.00
66.32474,-0.858,0.680,0.00
66.33519,-0.858,0.680,0.00
66.34551,-0.869,0.750,0.00
66.35575,-0.878,0.820,0.00
66.36602,-0.878,0.820,0.00
66.37617,-0.878,0.887,0.00
66.38634,-0.883,0.887,0.00
66.39654,-0.883,0.887,0.00
66.40678,-0.887,0.954,0.00
66.41694,-0.894,1.008,0.00
66.42784,-0.894,1.008,0.00
66.43816,-0.905,1.057,0.00
66.44841,-0.905,1.057,0.00
66.45863,-0.919,1.097,0.00
66.46887,-0.919,1.097,0.00
66.47903,-0.931,1.130,0.00
66.48927,-0.931,1.130,0.00
66.49966,-0.946,1.156,0.00
66.50998,-0.946,1.156,0.00
66.52013,-0.959,1.156,0.00
66.53059,-0.959,1.171,0.00
66.54074,-0.970,1.187,0.00
66.55154,-0.970,1.187,0.00
66.56169,-0.982,1.197,0.00
66.57206,-0.997,1.197,0.00
66.58232,-0.997,1.201,0.00
66.59247,-0.997,1.201,0.00
66.60264,-1.040,1.203,0.00
66.61279,-1.040,1.203,0.00
66.62294,-1.124,1.207,0.00
66.63310,-1.124,1.207,0.00
66.64326,-1.309,1.210,0.00
66.65356,-1.309,1.210,0.00
66.66372,-1.751,1.215,0.00
66.67388,-1.751,1.212,0.00
66.68417,-1.874,1.212,0.00
66.69464,-1.817,1.209,0.00
66.70495,-1.817,1.209,0.00
66.71541,-1.637,1.205,0.00
66.72556,-1.637,1.205,0.00
66.73593,-1.117,1.204,0.00
66.74635,-1.117,1.204,0.00
66.75684,-0.211,1.200,0.00
66.76700,-0.211,1.200,0.00
66.77716,1.013,1.196,0.00
66.78733,1.013,1.196,0.00
66.79751,2.613,1.184,0.00
66.80766,2.613,1.184,0.00
66.81806,4.345,1.170,0.00
66.82880,4.345,1.170,0.00
66.83958,4.345,1.170,0.00
66.84980,6.214,1.158,0.00
66.85995,8.111,1.145,0.00
66.87093,8.111,1.145,0.00
66.88132,9.854,1.129,0.00
66.89163,9.854,1.129,0.00
66.90765,11.382,1.115,0.00
66.91788,12.724,1.105,0.00
66.92799,12.724,1.105,0.00
66.93858,13.867,1.105,9.00
66.94877,13.867,1.099,9.00
66.95892,14.879,1.094,9.00
66.97346,14.879,1.094,9.00
66.98367,15.671,1.091,9.00
66.99393,15.671,1.091,9.00
67.00408,16.160,1.087,9.00
67.01436,16.160,1.087,9.00
67.02453,16.605,1.088,9.00
67.04967,16.605,1.088,9.00
67.05984,17.108,1.093,9.00
67.08210,17.233,1.098,9.00
67.09333,17.233,1.106,9.00
67.11458,16.596,1.124,9.00
67.12494,15.454,1.146,9.00
67.14653,13.866,1.146,9.00
67.15725,13.866,1.177,9.00
67.16741,12.028,1.197,9.00
67.17833,12.028,1.194,9.00
67.18853,10.118,1.194,9.00
67.19878,8.259,1.167,9.00
67.21074,8.259,1.167,9.00
67.22116,8.259,1.167,9.00
67.23134,6.525,1.130,9.00
67.24309,4.963,1.105,9.00
67.25342,4.963,1.105,9.00
67.26374,4.963,1.105,9.00
67.27431,3.580,1.105,9.00
67.28464,1.958,1.035,9.00
67.29508,0.382,1.035,9.00
67.30644,0.382,0.973,9.00
67.31660,0.382,0.973,9.00
67.32696,0.382,0.973,9.00
67.35412,-2.134,0.905,9.00
67.36431,-2.134,0.825,9.00
67.38638,-2.134,0.844,9.00
67.39656,-1.295,0.844,9.00
67.41838,-0.791,0.771,9.00
67.42866,-0.791,0.574,9.00
67.45037,-0.653,0.574,9.00
67.46069,-0.784,0.543,9.00
67.47108,-0.784,0.543,9.00
67.48243,-0.967,0.519,9.00
67.49288,-1.032,0.522,9.00
67.50327,-1.032,0.522,9.00
67.51474,-1.043,0.572,9.00
67.52495,-1.043,0.572,9.00
67.53529,-1.091,0.572,9.00
67.54679,-1.091,0.656,9.00
67.55713,-1.091,0.656,9.00
67.56809,-1.145,0.701,9.00
67.59684,-1.166,0.652,9.00
67.60721,-1.110,0.652,9.00
67.62577,-1.110,0.652,9.00
67.63606,-0.961,0.583,9.00
67.65826,-0.758,0.583,9.00
67.66913,-0.521,0.553,9.00
67.69050,-0.273,0.545,9.50
67.70073,-0.068,0.585,9.50
67.71091,-0.068,0.585,9.50
67.72245,0.119,0.632,9.50
67.73265,0.119,0.632,9.50
67.74284,0.236,0.656,9.50
67.75443,0.236,0.656,9.50
67.76461,0.269,0.676,9.50
67.77534,0.269,0.676,9.50
67.78563,0.236,0.676,9.50
67.79580,0.161,0.677,9.50
67.80600,0.161,0.673,9.50
67.83456,-0.016,0.659,10.00
67.84476,-0.016,0.659,10.00
67.86685,-0.016,0.638,10.50
67.87728,-0.081,0.638,10.50
67.89771,-0.109,0.597,10.50
67.90789,-0.118,0.561,10.50
67.93012,-0.098,0.561,11.00
67.94058,-0.057,0.537,11.00
67.95150,-0.057,0.535,11.00
67.96199,-0.057,0.524,11.50
67.97256,-0.017,0.524,11.50
67.98291,0.038,0.492,11.50
67.99505,0.038,0.492,12.50
68.00521,0.089,0.459,12.50
68.01541,0.135,0.414,12.50
68.02634,0.135,0.414,13.50
68.03683,0.135,0.414,13.50
68.04729,0.159,0.387,13.50
68.07546,0.163,0.372,14.50
68.08711,0.152,0.365,14.50
68.10661,0.132,0.360,15.50
68.11683,0.117,0.360,15.50
68.13927,0.117,0.356,17.00
68.15106,0.105,0.345,17.00
68.17065,0.104,0.303,18.00
68.18087,0.104,0.303,18.00
68.19103,0.112,0.260,18.00
68.20748,0.133,0.226,19.50
68.21772,0.133,0.226,19.50
68.22786,0.175,0.168,19.50
68.23802,0.215,0.136,21.00
68.24819,0.215,0.136,21.00
68.25835,0.252,0.112,21.00
68.26860,0.252,0.112,22.50
68.27877,0.252,0.112,22.50
68.28908,0.284,0.093,22.50
68.31398,0.321,0.042,23.50
68.32414,0.341,-0.049,23.50
68.34916,0.359,-0.178,25.00
68.35943,0.375,-0.326,25.00
68.38026,0.375,-0.326,25.50
68.39047,0.380,-0.437,25.50
68.41136,0.389,-0.594,26.50
68.42157,0.391,-0.718,26.50
68.43189,0.391,-0.718,26.50
68.44213,0.391,-0.839,27.00
68.45350,0.405,-0.839,27.00
68.46371,0.438,-1.023,27.00
68.47457,0.438,-1.023,27.50
68.48509,0.469,-1.222,27.50
68.49523,0.495,-1.222,27.50
68.50612,0.495,-1.518,28.00
68.51670,0.495,-1.802,28.00
68.52689,0.514,-1.802,28.00
68.55626,0.527,-2.176,28.50
68.56642,0.555,-2.544,28.50
68.58648,0.563,-2.544,28.50
68.59666,0.563,-2.926,28.50
68.60691,0.580,-3.316,28.50
68.61916,0.587,-3.316,29.00
68.62934,0.587,-3.689,29.00
68.63949,0.607,-4.017,29.00
68.64965,0.607,-4.017,29.00
68.66035,0.617,-4.289,29.00
68.67050,0.617,-4.289,29.00
68.68225,0.634,-4.289,29.00
68.69275,0.634,-4.416,29.00
68.70291,0.671,-4.421,29.00
68.71408,0.671,-4.421,29.00
68.72433,0.700,-4.257,29.00
68.73455,0.700,-4.257,29.00
68.76208,0.745,-3.756,29.50
68.77346,0.779,-3.756,29.50
68.79537,0.817,-2.525,29.50
68.80556,0.844,-2.525,29.50
68.82564,0.844,-2.525,29.50
68.83583,0.884,-1.580,29.50
68.86077,0.930,-0.565,29.50
68.87331,1.003,0.474,29.50
68.89009,1.003,1.689,29.50
68.90230,1.032,1.689,29.50
68.91319,1.032,2.905,29.50
68.92371,1.057,4.307,29.50
68.93550,1.057,4.307,29.50
68.94567,1.081,5.648,29.50
68.95585,1.081,5.648,29.50
68.96600,1.090,6.977,29.50
68.97639,1.090,6.977,29.50
68.98655,1.093,8.494,29.50
68.99669,1.093,8.494,29.50
69.00712,1.087,9.733,29.50
69.01862,1.083,10.968,29.50
69.02878,1.083,10.968,29.50
69.03908,1.074,12.189,29.50
69.06642,1.074,13.390,29.50
69.07684,1.055,14.506,29.50
69.09844,1.002,14.506,29.50
69.10860,1.002,15.536,29.50
69.11878,0.978,16.489,29.50
69.13190,0.978,16.489,29.50
69.14250,0.960,17.328,29.50
69.15266,0.960,17.328,29.50
69.16281,0.925,18.251,29.50
69.17297,0.901,18.982,29.50
69.18314,0.901,18.982,29.50
69.19430,0.901,18.982,29.50
69.20450,0.882,19.634,29.50
69.21468,0.882,19.634,29.50
69.22487,0.861,20.177,29.50
69.24263,0.844,20.177,29.50
69.25282,0.844,20.574,29.50
69.27499,0.824,21.323,29.50
69.28526,0.812,21.323,29.50
69.30681,0.812,21.323,29.50
69.31696,0.805,21.647,29.50
69.32712,0.812,21.882,29.50
69.33911,0.812,21.882,29.50
69.34928,0.820,22.003,29.50
69.35946,0.835,22.190,29.50
69.37032,0.835,22.190,29.50
69.38057,0.855,22.215,29.50
69.39245,0.855,22.215,29.50
69.40281,0.882,22.278,29.50
69.41325,0.923,22.283,29.50
69.42341,0.923,22.283,29.50
69.43485,0.965,22.266,29.50
69.44502,0.965,22.266,29.50
69.45536,0.965,22.346,29.50
69.46664,1.012,22.346,29.50
69.47679,1.061,22.346,29.50
69.48696,1.061,22.291,29.50
69.51585,1.115,22.282,29.50
69.52601,1.171,22.184,29.50
69.54571,1.171,22.184,29.50
69.55636,1.215,22.188,29.50
69.57888,1.326,22.118,29.50
69.58904,1.326,22.118,29.50
69.61066,1.381,22.093,29.50
69.62143,1.429,21.972,29.50
69.64175,1.429,21.972,29.50
69.65194,1.467,22.039,29.50
69.66211,1.501,22.014,29.50
69.67460,1.501,22.014,29.50
69.68480,1.521,22.005,29.50
69.69496,1.521,22.026,29.50
69.70667,1.527,22.026,29.50
69.71684,1.526,21.944,29.50
69.72726,1.526,21.944,29.50
69.73958,1.526,21.944,29.50
69.74975,1.519,22.023,29.50
69.75995,1.517,21.949,29.50
69.77014,1.517,21.949,29.50
69.78043,1.506,21.949,29.50
69.79307,1.506,22.063,29.50
69.81787,1.494,22.004,29.50
69.82804,1.471,22.000,29.50
69.85092,1.442,22.000,29.50
69.86108,1.414,22.056,29.50
69.88261,1.414,22.074,29.50
69.89294,1.381,22.074,29.50
69.91386,1.356,22.090,29.50
69.92403,1.327,22.088,29.50
69.93436,1.327,22.088,29.50
69.94496,1.299,22.157,0.00
69.95511,1.299,22.142,0.00
69.96528,1.276,22.142,0.00
69.97560,1.247,22.217,0.00
69.98576,1.247,22.217,0.00
69.99600,1.247,22.189,0.00
70.00617,1.216,22.189,0.00
70.01633,1.216,22.189,0.00
70.02670,1.216,22.176,0.00
70.03707,1.169,22.257,0.00
70.04723,1.169,22.257,0.00
70.05772,1.170,22.218,0.00
70.06789,1.170,22.218,0.00
70.07805,1.199,22.299,0.00
70.08831,1.199,22.299,0.00
70.09865,1.236,22.326,0.00
70.10881,1.236,22.326,0.00
70.11900,1.290,22.343,0.00
70.12937,1.290,22.343,0.00
70.13953,1.370,22.430,0.00
70.14969,1.370,22.430,0.00
70.16034,1.471,22.341,0.00
70.17161,1.471,22.341,0.00
70.18179,1.572,22.357,0.00
70.19209,1.572,22.357,0.00
70.20227,1.675,22.315,0.00
70.21260,1.675,22.315,0.00
70.22276,1.793,22.257,0.00
70.23339,1.793,22.257,0.00
70.24355,1.923,22.280,0.00
70.25371,1.923,22.280,0.00
70.26387,1.923,22.280,0.00
70.27455,2.030,22.147,0.00
70.28480,2.092,22.147,0.00
70.29495,2.092,22.147,0.00
70.30591,2.092,22.147,0.00
70.31599,2.135,21.993,0.00
70.32652,2.157,21.993,0.00
70.33695,2.155,21.835,0.00
70.34735,2.155,21.835,0.00
70.35749,2.070,21.666,0.00
70.36763,2.070,21.666,0.00
70.37802,1.897,21.666,0.00
70.38846,1.897,21.651,0.00
70.39879,1.671,21.651,0.00
70.40912,1.671,21.512,0.00
70.41948,1.435,21.512,0.00
70.42984,1.435,21.489,0.00
70.44022,1.223,21.263,0.00
70.45080,1.223,21.263,0.00
70.46097,1.037,21.153,0.00
70.47128,1.037,21.153,0.00
70.48145,0.862,20.744,0.00
70.49165,0.862,20.744,0.00
70.50194,0.862,20.744,0.00
70.51211,0.692,20.003,0.00
70.52236,0.692,20.003,0.00
70.53252,0.692,19.521,0.00
70.54273,0.302,19.182,0.00
70.55292,0.302,19.182,0.00
70.56308,0.160,18.314,0.00
70.57329,0.160,18.314,0.00
70.58346,0.063,17.195,0.00
70.59362,0.063,17.195,0.00
70.60377,0.005,15.873,0.00
70.61397,-0.057,15.873,0.00
70.62412,-0.057,14.539,0.00
70.63425,-0.101,14.539,0.00
70.64442,-0.101,13.346,0.00
70.65494,-0.101,11.992,0.00
70.66502,-0.098,11.992,0.00
70.67518,-0.098,10.068,0.00
70.68534,-0.060,10.068,0.00
70.69550,-0.060,10.068,0.00
70.70566,-0.060,8.302,0.00
70.71582,-0.017,6.496,0.00
70.72599,0.031,6.496,0.00
70.73616,0.031,6.496,0.00
70.74634,0.093,4.515,0.00
70.75650,0.173,2.535,0.00
70.76667,0.173,2.535,0.00
70.77686,0.273,1.043,0.00
70.78705,0.273,1.043,0.00
70.79721,0.273,1.043,0.00
70.80737,0.388,-0.218,0.00
70.81760,0.509,-0.982,0.00
70.82785,0.509,-0.982,0.00
70.83801,0.509,-1.083,0.00
70.84815,0.633,-1.083,0.00
70.85851,0.633,-0.741,0.00
70.86866,0.763,-0.741,0.00
70.87913,0.899,-0.220,0.00
70.88974,0.899,-0.220,0.00
70.89998,1.033,0.624,0.00
70.91047,1.033,0.624,0.00
70.92059,1.142,1.441,0.00
70.93085,1.142,1.441,0.00
70.94099,1.208,1.441,0.00
70.95116,1.208,1.446,0.00
70.96144,1.235,1.346,0.00
70.97201,1.235,1.346,0.00
70.98245,1.238,1.138,0.00
70.99359,1.227,1.138,0.00
71.00374,1.227,1.120,0.00
71.01390,1.227,1.120,0.00
71.02406,1.204,0.955,0.00
71.03431,1.204,0.955,0.00
71.04451,1.165,0.772,0.00
71.05468,1.117,0.561,0.00
71.06484,1.117,0.561,0.00
71.07499,1.086,0.536,0.00
71.08515,1.086,0.536,0.00
71.09534,1.073,0.716,0.00
71.10555,1.073,0.716,0.00
71.11597,1.073,0.716,0.00
71.12633,1.065,0.947,0.00
71.13656,1.045,1.037,0.00
71.14673,1.045,1.037,0.00
71.15688,1.023,1.000,0.00
71.16703,1.023,1.000,0.00
71.17719,1.002,0.888,0.00
71.18736,1.002,0.888,0.00
71.19847,0.973,0.895,0.00
71.20864,0.973,0.895,0.00
71.21879,0.933,0.895,0.00
71.22895,0.933,0.877,0.00
71.23911,0.877,0.877,0.00
71.24932,0.877,0.925,0.00
71.25948,0.809,0.997,0.00
71.26970,0.809,0.997,0.00
71.28004,0.736,0.997,0.00
71.29030,0.736,1.105,0.00
71.30055,0.667,1.172,0.00
71.31095,0.667,1.172,0.00
71.32148,0.600,1.328,0.00
71.33164,0.600,1.328,0.00
71.34180,0.538,1.481,0.00
71.35196,0.538,1.481,0.00
71.36211,0.490,1.496,0.00
71.37229,0.490,1.496,0.00
71.38245,0.444,1.390,0.00
71.39261,0.444,1.390,0.00
71.40276,0.410,1.306,0.00
71.41292,0.410,1.306,0.00
71.42363,0.395,1.219,0.00
71.43413,0.395,1.185,0.00
71.44428,0.395,1.185,0.00
71.46245,0.395,1.187,0.00
71.47860,0.394,1.218,0.00
71.49413,0.379,1.218,0.00
71.50575,0.347,1.252,0.00
71.51592,0.303,1.252,0.00
71.52685,0.303,1.290,0.00
71.54125,0.303,1.346,0.00
71.55721,0.193,1.346,0.00
71.56766,0.193,1.414,0.00
71.58346,0.193,1.482,0.00
71.59922,0.052,1.533,0.00
71.60976,0.052,1.533,0.00
71.62039,0.052,1.564,0.00
71.63146,-0.029,1.564,0.00
71.64189,-0.113,1.572,0.00
71.65982,-0.113,1.572,0.00
71.67668,-0.260,1.572,0.00
71.69274,-0.314,1.552,0.00
71.70399,-0.314,1.518,0.00
71.71638,-0.355,1.518,0.00
71.72741,-0.355,1.459,0.00
71.73798,-0.385,1.383,0.00
71.74815,-0.385,1.383,0.00
71.76056,-0.403,1.317,0.00
71.77672,-0.413,1.317,0.00
71.78690,-0.413,1.317,0.00
71.79840,-0.416,1.234,0.00
71.80940,-0.416,1.234,0.00
71.82633,-0.415,1.208,0.00
71.84732,-0.410,1.208,0.00
71.85808,-0.410,1.203,0.00
71.86871,-0.403,1.204,0.00
71.88476,-0.394,1.190,0.00
71.90163,-0.394,1.157,0.00
71.91739,-0.380,1.157,0.00
71.92991,-0.380,1.112,0.00
71.94597,-0.380,1.112,0.00
71.95643,-0.382,1.060,0.00
71.96662,-0.382,0.999,0.00
71.98159,-0.382,0.999,0.00
72.00180,-0.404,0.871,0.00
72.01219,-0.404,0.871,0.00
72.02789,-0.419,0.807,0.00
72.03909,-0.419,0.807,0.00
72.04950,-0.443,0.807,0.00
72.05997,-0.474,0.741,0.00
72.07266,-0.474,0.634,0.00
72.08771,-0.508,0.634,0.00
72.10340,-0.508,0.634,0.00
72.11408,-0.545,0.634,0.00
72.13039,-0.581,0.634,0.00
72.14170,-0.581,0.569,0.00
72.15381,-0.611,0.545,0.00
72.16939,-0.639,0.545,0.00
72.18012,-0.639,0.530,0.00
72.19284,-0.664,0.530,0.00
72.20586,-0.664,0.495,0.00
72.21645,-0.683,0.495,0.00
72.23431,-0.697,0.478,0.00
72.25166,-0.711,0.462,0.00
72.26243,-0.711,0.462,0.00
72.27514,-0.725,0.462,0.00
72.28862,-0.736,0.443,0.00
72.30476,-0.736,0.446,0.00
72.31909,-0.738,0.446,0.00
72.33045,-0.735,0.458,0.00
72.36122,-0.708,0.497,0.00
72.38027,-0.696,0.522,0.00
72.40058,-0.687,0.522,0.00
72.41665,-0.687,0.537,0.00
72.43210,-0.687,0.551,0.00
72.50577,-0.654,0.562,0.00
72.51600,-0.611,0.530,0.00
72.56853,-0.548,0.461,0.00
72.58026,-0.548,0.461,0.00
72.59076,-0.117,-0.559,0.00
72.60141,-0.117,-0.559,0.00
72.61177,-0.099,-0.576,0.00
72.62193,-0.084,-0.585,0.00
72.63210,-0.084,-0.585,0.00
72.64251,-0.071,-0.589,0.00
72.65270,-0.071,-0.589,0.00
72.66287,-0.065,-0.591,0.00
72.67303,-0.065,-0.591,0.00
72.68319,-0.061,-0.592,0.00
72.69343,-0.061,-0.592,0.00
72.70350,-0.058,-0.592,0.00
72.71402,-0.058,-0.592,0.00
72.72420,-0.057,-0.589,0.00
72.73439,-0.057,-0.589,0.00
72.74458,-0.058,-0.580,0.00
72.75539,-0.061,-0.580,0.00
72.76564,-0.061,-0.570,0.00
72.77580,-0.068,-0.549,0.00
72.78604,-0.068,-0.549,0.00
72.79634,-0.074,-0.525,0.00
72.80667,-0.074,-0.525,0.00
72.81678,-0.082,-0.501,0.00
72.82693,-0.082,-0.501,0.00
72.83717,-0.089,-0.475,0.00
72.84734,-0.089,-0.475,0.00
72.85750,-0.089,-0.445,0.00
72.86767,-0.097,-0.445,0.00
72.87783,-0.097,-0.412,0.00
72.88799,-0.107,-0.412,0.00
72.89869,-0.119,-0.378,0.00
72.90891,-0.119,-0.378,0.00
72.91929,-0.132,-0.346,0.00
72.92991,-0.132,-0.346,0.00
72.94007,-0.145,-0.313,0.00
72.95061,-0.145,-0.313,0.00
72.96090,-0.156,-0.280,0.00
72.97177,-0.156,-0.280,0.00
72.98192,-0.161,-0.249,0.00
72.99232,-0.161,-0.249,0.00
73.00247,-0.165,-0.214,0.00
73.01326,-0.165,-0.214,0.00
73.02342,-0.166,-0.183,0.00
73.03589,-0.166,-0.149,0.00
73.04606,-0.162,-0.149,0.00
73.05644,-0.162,-0.149,0.00
73.06691,-0.165,-0.121,0.00
73.07724,-0.163,-0.103,0.00
73.08753,-0.163,-0.103,0.00
73.09797,-0.160,-0.085,0.00
73.10809,-0.160,-0.085,0.00
73.11834,-0.155,-0.072,0.00
73.12849,-0.155,-0.072,0.00
73.13875,-0.155,-0.072,0.00
73.14898,-0.143,-0.061,0.00
73.15931,-0.143,-0.061,0.00
73.16947,-0.130,-0.057,0.00
73.17966,-0.130,-0.057,0.00
73.18982,-0.116,-0.053,0.00
73.19998,-0.104,-0.047,0.00
73.21014,-0.104,-0.047,0.00
73.22030,-0.104,-0.047,0.00
73.23046,-0.104,-0.047,0.00
73.24062,-0.104,-0.047,0.00
73.25078,-0.104,-0.047,0.00
73.26094,-0.090,-0.049,0.00
73.27111,-0.076,-0.053,0.00
73.28127,-0.061,-0.054,0.00
73.29159,-0.051,-0.056,0.00
73.30174,-0.051,-0.056,0.00
73.31206,-0.051,-0.056,0.00
73.32253,-0.043,-0.058,0.00
73.33296,-0.038,-0.061,0.00
73.34320,-0.038,-0.061,0.00
73.35369,-0.038,-0.061,0.00
73.36414,-0.038,-0.061,0.00
73.37433,-0.038,-0.061,0.00
73.38463,-0.038,-0.061,0.00
73.39491,-0.033,-0.075,0.00
73.40509,-0.014,-0.078,0.00
73.41525,-0.005,-0.081,0.00
73.42541,0.001,-0.084,0.00
73.43557,0.001,-0.084,0.00
73.44593,0.001,-0.084,0.00
73.45608,0.009,-0.085,0.00
73.46643,0.009,-0.085,0.00
73.47666,0.016,-0.084,0.00
73.48797,0.023,-0.084,0.00
73.49832,0.023,-0.084,0.00
73.50850,0.030,-0.085,0.00
73.51866,0.037,-0.083,0.00
73.52883,0.037,-0.083,0.00
73.53899,0.042,-0.079,0.00
73.54943,0.042,-0.079,0.00
73.55969,0.046,-0.075,0.00
73.56985,0.046,-0.075,0.00
73.58001,0.049,-0.068,0.00
73.59017,0.049,-0.068,0.00
73.60033,0.053,-0.054,0.00
73.61067,0.053,-0.054,0.00
73.62084,0.051,-0.043,0.00
73.63145,0.051,-0.043,0.00
73.64170,0.050,-0.032,0.00
73.65225,0.050,-0.025,0.00
73.66244,0.048,-0.025,0.00
73.67267,0.048,-0.025,0.00
73.68284,0.048,-0.025,0.00
73.69299,0.042,-0.018,0.00
73.70330,0.035,-0.013,0.00
73.71336,0.035,-0.013,0.00
73.72353,0.019,-0.008,0.00
73.73376,0.019,-0.008,0.00
73.74393,-0.044,-0.002,0.00
73.75413,-0.139,-0.001,0.00
73.76439,-0.139,-0.001,0.00
73.77485,-0.420,-0.002,0.00
73.78494,-0.420,-0.002,0.00
73.79509,-0.420,-0.002,0.00
73.80525,-0.855,0.000,0.00
73.81542,-0.855,0.000,0.00
73.82560,-0.844,0.003,0.00
73.83579,-0.709,0.002,0.00
73.84592,-0.709,0.002,0.00
73.85631,-0.439,0.000,0.00
73.86663,-0.439,0.000,0.00
73.87705,0.008,-0.003,0.00
73.88755,0.008,-0.003,0.00
73.89783,0.864,-0.010,0.00
73.90801,0.864,-0.010,0.00
73.91817,2.028,-0.010,0.00
73.92833,2.028,-0.016,0.00
73.93889,2.028,-0.016,0.00
73.94916,3.469,-0.022,0.00
73.95932,5.041,-0.025,0.00
73.96947,5.041,-0.025,0.00
73.97976,5.041,-0.033,0.00
73.98999,6.665,-0.033,0.00
74.00026,8.225,-0.037,0.00
74.01063,8.225,-0.037,0.00
74.02163,8.225,-0.037,0.00
74.03150,9.672,-0.041,0.00
74.04360,11.066,-0.047,0.00
74.05377,12.357,-0.049,0.00
74.06410,12.357,-0.049,0.00
74.08952,12.357,-0.049,9.00
74.09991,14.413,-0.055,9.00
74.12274,14.887,-0.058,9.00
74.13308,14.887,-0.058,9.00
74.15501,15.476,-0.059,9.00
74.16533,15.476,-0.055,9.00
74.18555,15.476,-0.055,9.00
74.19585,15.640,-0.049,9.00
74.20602,15.619,-0.034,9.00
74.21909,15.619,-0.034,9.00
74.22927,15.391,-0.013,9.00
74.23942,14.888,0.011,9.00
74.24986,14.888,0.011,9.00
74.26003,13.986,0.031,9.00
74.27045,13.986,0.031,9.00
74.28360,12.594,0.051,9.00
74.29381,12.594,0.051,9.00
74.30397,10.813,0.058,9.00
74.31453,10.813,0.058,9.00
74.32473,8.914,0.012,9.00
74.33493,8.914,0.012,9.00
74.34638,7.154,-0.057,9.00
74.35774,5.205,-0.118,9.00
74.36791,5.205,-0.118,9.00
74.39521,3.247,-0.177,9.00
74.40539,1.496,-0.255,9.00
74.42555,1.496,-0.255,9.00
74.43585,0.068,-0.353,9.00
74.45920,-1.112,-0.455,9.00
74.46955,-1.112,-0.570,9.00
74.49180,-1.097,-0.692,9.00
74.50199,-0.874,-0.803,9.00
74.52175,-0.874,-0.803,9.00
74.53206,-0.874,-0.803,9.00
74.54241,-0.628,-0.921,9.00
74.55467,-0.768,-1.429,9.00
74.56497,-0.768,-1.429,9.00
74.57513,-0.848,-1.429,9.00
74.58662,-0.848,-1.690,9.00
74.59677,-0.848,-1.804,9.00
74.60692,-0.841,-1.804,9.00
74.61849,-0.804,-1.804,9.00
74.62869,-0.804,-1.917,9.00
74.63890,-0.804,-1.917,9.00
74.65002,-0.790,-1.928,9.00
74.66063,-0.790,-1.928,9.00
74.67156,-0.793,-1.867,9.00
74.70348,-0.802,-1.690,9.00
74.73058,-0.731,-1.611,9.00
74.74145,-0.638,-1.542,9.00
74.76510,-0.532,-1.542,9.00
74.77526,-0.452,-1.476,9.00
74.79781,-0.452,-1.412,9.00
74.80800,-0.426,-1.327,9.00
74.82600,-0.421,-1.327,9.50
74.83674,-0.403,-1.245,9.50
74.84702,-0.403,-1.173,9.50
74.85807,-0.403,-1.115,9.50
74.86843,-0.370,-1.115,9.50
74.87891,-0.370,-1.115,9.50
74.89317,-0.364,-1.086,9.50
74.90333,-0.388,-1.087,9.50
74.91348,-0.388,-1.124,9.50
74.92474,-0.414,-1.124,9.50
74.93508,-0.432,-1.171,9.50
74.94541,-0.432,-1.171,9.50
74.95557,-0.430,-1.252,10.00
74.96580,-0.430,-1.252,10.00
74.97596,-0.430,-1.252,10.00
75.00305,-0.431,-1.343,10.00
75.01406,-0.431,-1.414,10.00
75.03354,-0.438,-1.473,10.50
75.04373,-0.442,-1.510,10.50
75.06580,-0.442,-1.510,11.00
75.07629,-0.442,-1.543,11.00
75.09752,-0.443,-1.554,11.50
75.10771,-0.452,-1.563,11.50
75.11803,-0.458,-1.570,11.50
75.13364,-0.458,-1.570,12.00
75.14383,-0.461,-1.561,12.00
75.16240,-0.461,-1.561,13.00
75.17257,-0.465,-1.546,13.00
75.18282,-0.463,-1.536,13.00
75.19504,-0.463,-1.536,14.00
75.20528,-0.461,-1.514,14.00
75.21546,-0.461,-1.514,14.00
75.22563,-0.456,-1.485,15.00
75.23593,-0.456,-1.485,15.00
75.24601,-0.456,-1.446,15.00
75.25625,-0.457,-1.420,15.00
75.27446,-0.457,-1.412,16.50
75.28473,-0.461,-1.412,16.50
75.30599,-0.472,-1.412,18.00
75.31616,-0.472,-1.424,18.00
75.33916,-0.479,-1.456,19.50
75.34952,-0.486,-1.480,19.50
75.37310,-0.488,-1.526,20.50
75.38324,-0.492,-1.549,20.50
75.40194,-0.494,-1.574,22.00
75.41211,-0.494,-1.574,22.00
75.42230,-0.494,-1.608,22.00
75.43550,-0.494,-1.608,23.50
75.44585,-0.492,-1.635,23.50
75.45665,-0.492,-1.635,23.50
75.46683,-0.483,-1.677,24.50
75.47751,-0.482,-1.728,24.50
75.48765,-0.482,-1.728,24.50
75.49852,-0.480,-1.825,25.50
75.50867,-0.480,-1.825,25.50
75.51887,-0.474,-1.924,25.50
75.52989,-0.474,-1.924,26.00
75.54021,-0.471,-2.050,26.00
75.55078,-0.471,-2.050,26.00
75.57863,-0.481,-2.388,27.00
75.58883,-0.481,-2.388,27.00
75.61054,-0.488,-2.622,27.50
75.62089,-0.488,-2.622,27.50
75.64382,-0.491,-2.899,28.00
75.65407,-0.501,-3.242,28.00
75.67511,-0.525,-3.977,28.50
75.68532,-0.525,-3.977,28.50
75.69616,-0.534,-4.388,28.50
75.70633,-0.534,-4.388,28.50
75.71807,-0.534,-4.388,28.50
75.72885,-0.538,-4.784,28.50
75.73913,-0.542,-5.228,29.00
75.74937,-0.542,-5.228,29.00
75.75951,-0.535,-5.613,29.00
75.76968,-0.535,-5.613,29.00
75.77986,-0.524,-6.067,29.00
75.79002,-0.524,-6.067,29.00
75.81853,-0.487,-6.447,29.00
75.82870,-0.487,-6.745,29.00
75.84987,-0.487,-6.745,29.00
75.86006,-0.463,-6.970,29.00
75.88200,-0.433,-7.172,29.50
75.89229,-0.405,-7.101,29.50
75.91490,-0.370,-7.101,29.50
75.92509,-0.335,-6.872,29.50
75.94738,-0.335,-6.364,29.50
75.95748,-0.292,-5.769,29.50
75.96764,-0.248,-5.769,29.50
75.97817,-0.211,-5.769,29.50
75.98859,-0.211,-5.017,29.50
75.99914,-0.175,-4.122,29.50
76.01050,-0.175,-4.122,29.50
76.02068,-0.137,-3.170,29.50
76.03083,-0.137,-3.170,29.50
76.04234,-0.096,-2.034,29.50
76.05266,-0.096,-2.034,29.50
76.06281,-0.096,-0.900,29.50
76.07486,-0.049,0.360,29.50
76.08516,-0.004,0.360,29.50
76.09532,-0.004,0.360,29.50
76.10571,0.038,1.741,29.50
76.11587,0.038,1.741,29.50
76.12601,0.058,3.001,29.50
76.13617,0.058,3.001,29.50
76.15378,0.058,3.001,29.50
76.16396,0.087,5.324,29.50
76.18594,0.088,5.324,29.50
76.19630,0.089,7.419,29.50
76.20669,0.089,7.419,29.50
76.21848,0.083,8.356,29.50
76.22873,0.083,8.356,29.50
76.23889,0.083,9.189,29.50
76.25047,0.081,9.189,29.50
76.26125,0.072,10.031,29.50
76.27260,0.072,10.031,29.50
76.28292,0.061,10.790,29.50
76.29307,0.061,11.388,29.50
76.30342,0.051,11.388,29.50
76.31430,0.040,11.388,29.50
76.32457,0.040,11.970,29.50
76.33608,0.040,11.970,29.50
76.34639,0.034,12.446,29.50
76.35671,0.030,12.446,29.50
76.36704,0.030,12.782,29.50
76.39543,0.030,13.127,29.50
76.40561,0.017,13.346,29.50
76.42672,0.011,13.689,29.50
76.43701,0.011,13.689,29.50
76.45814,-0.005,13.832,29.50
76.46831,-0.005,13.861,29.50
76.49068,-0.007,13.895,29.50
76.50195,-0.004,13.775,29.50
76.52323,0.002,13.798,29.50
76.53347,0.002,13.798,29.50
76.54363,0.006,13.705,29.50
76.55460,0.006,13.705,29.50
76.56488,0.008,13.628,29.50
76.57523,0.008,13.628,29.50
76.58652,0.020,13.598,29.50
76.59692,0.025,13.407,29.50
76.60707,0.025,13.407,29.50
76.61808,0.027,13.345,29.50
76.62842,0.027,13.345,29.50
76.63880,0.027,13.345,29.50
76.66583,0.033,13.177,29.50
76.67614,0.043,13.078,29.50
76.69972,0.052,13.054,29.50
76.70983,0.052,12.910,29.50
76.72965,0.052,12.910,29.50
76.73985,0.073,12.756,29.50
76.76207,0.077,12.756,29.50
76.77234,0.077,12.759,29.50
76.78271,0.077,12.759,29.50
76.79585,0.085,12.800,29.50
76.80600,0.085,12.718,29.50
76.81633,0.085,12.718,29.50
76.82664,0.090,12.808,29.50
76.83697,0.096,12.808,29.50
76.84711,0.096,12.736,29.50
76.85843,0.099,12.894,29.50
76.86865,0.099,12.894,29.50
76.87880,0.105,12.894,29.50
76.90636,0.108,12.955,29.50
76.91650,0.116,12.955,29.50
76.93826,0.118,13.019,29.50
76.94841,0.118,13.019,29.50
76.97104,0.115,13.137,29.50
76.98122,0.109,13.183,29.50
77.00148,0.109,13.183,29.50
77.01167,0.100,13.240,29.50
77.02228,0.091,13.283,29.50
77.03349,0.091,13.283,29.50
77.04367,0.084,13.233,29.50
77.05383,0.084,13.233,29.50
77.06852,0.085,13.338,29.50
77.07867,0.089,13.318,29.50
77.08883,0.089,13.318,29.50
77.10000,0.094,13.350,0.00
77.11030,0.094,13.350,0.00
77.12046,0.103,13.362,0.00
77.13108,0.103,13.362,0.00
77.14123,0.108,13.270,0.00
77.15215,0.108,13.270,0.00
77.16233,0.110,13.354,0.00
77.17250,0.111,13.354,0.00
77.18266,0.111,13.259,0.00
77.19307,0.074,13.259,0.00
77.20335,0.074,13.267,0.00
77.21465,0.074,13.267,0.00
77.22484,0.022,13.261,0.00
77.23500,0.016,13.261,0.00
77.24516,0.016,13.197,0.00
77.25565,0.024,13.197,0.00
77.26581,0.024,13.270,0.00
77.27639,0.005,13.270,0.00
77.28656,0.005,13.195,0.00
77.29672,0.001,13.210,0.00
77.30704,0.001,13.210,0.00
77.31753,0.049,13.169,0.00
77.32783,0.049,13.169,0.00
77.33829,0.132,13.101,0.00
77.34847,0.132,13.101,0.00
77.35897,0.236,13.164,0.00
77.36917,0.236,13.164,0.00
77.37938,0.236,13.060,0.00
77.39007,0.373,13.060,0.00
77.40054,0.534,13.160,0.00
77.41075,0.534,13.160,0.00
77.42094,0.715,13.057,0.00
77.43112,0.715,13.057,0.00
77.44201,0.887,13.066,0.00
77.45216,0.887,13.066,0.00
77.46235,0.887,13.066,0.00
77.47251,1.036,13.034,0.00
77.48267,1.155,12.962,0.00
77.49285,1.155,12.962,0.00
77.50308,1.239,13.011,0.00
77.51334,1.239,12.885,0.00
77.52350,1.270,12.885,0.00
77.53367,1.246,12.889,0.00
77.54383,1.246,12.889,0.00
77.55442,1.246,12.889,0.00
77.56463,1.186,12.836,0.00
77.57484,1.077,12.732,0.00
77.58500,1.077,12.732,0.00
77.59515,1.077,12.732,0.00
77.60604,1.077,12.732,0.00
77.61620,0.868,12.499,0.00
77.62637,0.602,12.499,0.00
77.63683,0.602,11.995,0.00
77.64699,0.407,11.995,0.00
77.65714,0.407,11.144,0.00
77.66733,0.291,11.144,0.00
77.67749,0.197,10.577,0.00
77.68786,0.197,10.577,0.00
77.69846,0.197,10.222,0.00
77.70862,0.095,10.222,0.00
77.71953,0.000,9.279,0.00
77.72975,0.000,9.279,0.00
77.74005,-0.087,8.251,0.00
77.75051,-0.087,8.251,0.00
77.76068,-0.156,7.141,0.00
77.77084,-0.156,7.141,0.00
77.78118,-0.192,6.003,0.00
77.79133,-0.192,6.003,0.00
77.80148,-0.204,4.916,0.00
77.81162,-0.204,4.916,0.00
77.82207,-0.198,3.744,0.00
77.83223,-0.198,3.744,0.00
77.84238,-0.182,2.297,0.00
77.85261,-0.182,2.297,0.00
77.86289,-0.153,0.773,0.00
77.87305,-0.153,0.773,0.00
77.88352,-0.101,-0.868,0.00
77.89369,-0.101,-0.868,0.00
77.90385,-0.101,-2.030,0.00
77.91401,-0.026,-2.030,0.00
77.92414,0.048,-2.570,0.00
77.93440,0.102,-2.517,0.00
77.94460,0.102,-2.517,0.00
77.95488,0.133,-2.517,0.00
77.96526,0.133,-2.031,0.00
77.97549,0.152,-2.031,0.00
77.98579,0.152,-0.821,0.00
77.99602,0.152,-0.821,0.00
78.00638,0.150,-0.146,0.00
78.01662,0.150,-0.146,0.00
78.02681,0.122,-0.902,0.00
78.03745,0.122,-0.929,0.00
78.04799,0.071,-0.929,0.00
78.05815,0.022,-1.050,0.00
78.06832,0.022,-1.050,0.00
78.07847,0.022,-1.050,0.00
78.09002,-0.017,-1.126,0.00
78.10151,-0.043,-1.333,0.00
78.11167,-0.043,-1.333,0.00
78.12183,-0.070,-1.555,0.00
78.13199,-0.070,-1.555,0.00
78.14214,-0.106,-1.743,0.00
78.15235,-0.106,-1.743,0.00
78.16252,-0.139,-1.808,0.00
78.17269,-0.139,-1.808,0.00
78.18320,-0.150,-1.601,0.00
78.19337,-0.150,-1.601,0.00
78.20354,-0.133,-1.267,0.00
78.21370,-0.133,-1.267,0.00
78.22396,-0.103,-1.008,0.00
78.23417,-0.103,-1.008,0.00
78.24428,-0.065,-0.980,0.00
78.25482,-0.065,-0.981,0.00
78.26498,-0.028,-0.981,0.00
78.27597,-0.028,-0.981,0.00
78.28616,0.000,-0.950,0.00
78.29646,0.021,-0.919,0.00
78.30663,0.021,-0.919,0.00
78.31680,0.021,-0.919,0.00
78.32711,0.026,-0.893,0.00
78.33728,0.026,-0.893,0.00
78.34745,0.009,-0.805,0.00
78.35761,-0.024,-0.654,0.00
78.36777,-0.024,-0.654,0.00
78.37793,-0.057,-0.472,0.00
78.38808,-0.057,-0.472,0.00
78.39824,-0.083,-0.316,0.00
78.40834,-0.083,-0.316,0.00
78.41850,-0.083,-0.316,0.00
78.42945,-0.101,-0.240,0.00
78.43984,-0.114,-0.231,0.00
78.45036,-0.114,-0.231,0.00
78.46063,-0.114,-0.292,0.00
78.47200,-0.123,-0.292,0.00
78.48236,-0.128,-0.408,0.00
78.49355,-0.128,-0.408,0.00
78.50389,-0.126,-0.491,0.00
78.51434,-0.126,-0.491,0.00
78.52450,-0.126,-0.491,0.00
78.53589,-0.120,-0.579,0.00
78.54605,-0.104,-0.632,0.00
78.55620,-0.084,-0.632,0.00
78.56638,-0.084,-0.632,0.00
78.57652,-0.069,-0.627,0.00
78.58670,-0.069,-0.627,0.00
78.60267,-0.052,-0.627,0.00
78.61376,-0.052,-0.627,0.00
78.62462,-0.052,-0.627,0.00
78.63491,-0.052,-0.627,0.00
78.64560,-0.039,-0.627,0.00
78.65684,-0.035,-0.627,0.00
78.66717,-0.035,-0.627,0.00
78.68261,-0.035,-0.473,0.00
78.69565,-0.046,-0.366,0.00
78.70589,-0.046,-0.366,0.00
78.71897,-0.055,-0.366,0.00
78.73239,-0.055,-0.366,0.00
78.74782,-0.059,-0.289,0.00
78.76334,-0.059,-0.289,0.00
78.77460,-0.058,-0.257,0.00
78.79548,-0.056,-0.252,0.00
78.81406,-0.056,-0.271,0.00
78.82486,-0.049,-0.271,0.00
78.83891,-0.049,-0.323,0.00
78.85595,-0.008,-0.339,0.00
78.86649,-0.008,-0.339,0.00
78.87778,0.007,-0.339,0.00
78.88947,0.007,-0.346,0.00
78.90012,0.018,-0.346,0.00
78.91109,0.018,-0.336,0.00
78.94278,0.022,-0.317,0.00
78.95858,0.020,-0.317,0.00
78.96902,0.020,-0.317,0.00
78.98061,0.009,-0.237,0.00
78.99120,0.009,-0.237,0.00
79.00137,0.009,-0.237,0.00
79.01725,0.001,-0.218,0.00
79.02775,0.001,-0.218,0.00
79.03909,0.004,-0.173,0.00
79.04953,0.004,-0.173,0.00
79.06052,0.010,-0.168,0.00
79.07069,0.010,-0.168,0.00
79.08312,0.010,-0.168,0.00
79.09908,0.020,-0.186,0.00
79.12585,0.031,-0.192,0.00
79.13616,0.049,-0.192,0.00
79.16032,0.068,-0.194,0.00
79.17675,0.092,-0.194,0.00
79.18797,0.092,-0.186,0.00
79.20407,0.092,-0.186,0.00
79.22530,0.105,-0.159,0.00
79.23548,0.105,-0.159,0.00
79.24657,0.105,-0.142,0.00
79.25884,0.105,-0.129,0.00
79.27522,0.118,-0.129,0.00
79.28537,0.124,-0.129,0.00
79.29740,0.130,-0.117,0.00
79.31939,0.141,-0.117,0.00
79.33521,0.153,-0.117,0.00
79.36890,0.165,-0.127,0.00
79.39995,0.165,-0.136,0.00
79.41674,0.200,-0.136,0.00
79.43189,0.200,-0.136,0.00
79.44353,0.211,-0.148,0.00
79.46494,0.211,-0.150,0.00
79.47617,0.227,-0.140,0.00
79.48672,0.227,-0.140,0.00
79.49741,0.227,-0.140,0.00
79.50808,0.227,-0.121,0.00
79.51841,0.227,-0.121,0.00
79.53167,0.236,-0.108,0.00
79.54761,0.240,-0.092,0.00
79.55894,0.243,-0.092,0.00
79.57669,0.249,-0.075,0.00
79.59663,0.258,-0.047,0.00
79.65195,0.258,-0.047,0.00
79.66216,0.266,-0.018,0.00
79.72465,0.253,-0.018,0.00
79.73505,0.247,0.015,0.00
79.74561,0.225,0.220,0.00
79.75642,0.225,0.220,0.00
79.76680,0.218,0.227,0.00
79.77726,0.211,0.242,0.00
79.78760,0.211,0.242,0.00
79.79830,0.210,0.258,0.00
79.80834,0.210,0.258,0.00
79.81850,0.210,0.273,0.00
79.82866,0.209,0.273,0.00
79.83881,0.206,0.284,0.00
79.84896,0.206,0.284,0.00
79.85930,0.201,0.293,0.00
79.86947,0.201,0.293,0.00
79.87963,0.198,0.302,0.00
79.88985,0.198,0.302,0.00
79.90001,0.198,0.309,0.00
79.91027,0.198,0.309,0.00
79.92032,0.194,0.314,0.00
79.93050,0.194,0.314,0.00
79.94066,0.187,0.317,0.00
79.95085,0.187,0.317,0.00
79.96125,0.178,0.324,0.00
79.97277,0.178,0.324,0.00
79.98293,0.171,0.331,0.00
79.99309,0.171,0.338,0.00
80.00325,0.163,0.338,0.00
80.01341,0.163,0.338,0.00
80.02383,0.155,0.339,0.00
80.03398,0.148,0.339,0.00
80.04427,0.148,0.344,0.00
80.05442,0.148,0.344,0.00
80.06458,0.148,0.348,0.00
80.07474,0.144,0.353,0.00
80.08490,0.140,0.353,0.00
80.09508,0.135,0.356,0.00
80.10532,0.135,0.356,0.00
80.11549,0.135,0.356,0.00
80.12566,0.130,0.356,0.00
80.13700,0.130,0.356,0.00
80.14716,0.126,0.353,0.00
80.15834,0.121,0.351,0.00
80.16850,0.121,0.351,0.00
80.17867,0.118,0.350,0.00
80.18889,0.118,0.350,0.00
80.19904,0.111,0.348,0.00
80.20920,0.111,0.348,0.00
80.21936,0.103,0.342,0.00
80.22989,0.103,0.342,0.00
80.24041,0.087,0.341,0.00
80.25068,0.087,0.341,0.00
80.26107,0.087,0.341,0.00
80.27222,0.072,0.340,0.00
80.28237,0.059,0.337,0.00
80.29269,0.044,0.328,0.00
80.30311,0.044,0.328,0.00
80.31513,0.036,0.328,0.00
80.32554,0.036,0.321,0.00
80.33665,0.036,0.321,0.00
80.34683,0.028,0.311,0.00
80.35699,0.028,0.307,0.00
80.36717,0.023,0.307,0.00
80.37738,0.020,0.303,0.00
80.38754,0.020,0.303,0.00
80.39770,0.019,0.298,0.00
80.40785,0.019,0.298,0.00
80.41842,0.019,0.298,0.00
80.42856,0.016,0.292,0.00
80.43876,0.012,0.292,0.00
80.44893,0.012,0.288,0.00
80.45908,0.012,0.288,0.00
80.46924,0.012,0.288,0.00
80.47939,0.011,0.288,0.00
80.48966,0.013,0.281,0.00
80.49969,0.012,0.278,0.00
80.50993,0.012,0.278,0.00
80.52012,0.011,0.273,0.00
80.53046,0.011,0.273,0.00
80.54071,0.009,0.270,0.00
80.55191,0.009,0.270,0.00
80.56207,0.010,0.267,0.00
80.57299,0.010,0.267,0.00
80.58315,0.013,0.266,0.00
80.59331,0.013,0.266,0.00
80.60347,0.014,0.261,0.00
80.61376,0.014,0.261,0.00
80.62381,-0.006,0.261,0.00
80.63457,-0.006,0.263,0.00
80.64518,-0.067,0.263,0.00
80.65592,-0.067,0.258,0.00
80.66612,-0.209,0.258,0.00
80.67666,-0.209,0.258,0.00
80.68709,-0.564,0.257,0.00
80.69726,-0.691,0.255,0.00
80.70912,-0.691,0.255,0.00
80.71928,-0.601,0.251,0.00
80.72942,-0.601,0.251,0.00
80.73965,-0.601,0.251,0.00
80.74985,-0.523,0.248,0.00
80.76041,-0.267,0.242,0.00
80.77058,-0.267,0.242,0.00
80.78194,0.151,0.238,0.00
80.79232,0.151,0.238,0.00
80.80300,0.868,0.234,0.00
80.81400,0.868,0.235,0.00
80.82416,1.953,0.235,0.00
80.83500,1.953,0.235,0.00
80.84518,1.953,0.235,0.00
80.85583,4.852,0.235,0.00
80.86629,4.852,0.235,0.00
80.87671,6.486,0.233,0.00
80.88690,6.486,0.233,0.00
80.89799,8.145,0.230,0.00
80.90824,8.145,0.230,0.00
80.91839,9.741,0.229,0.00
80.92855,9.741,0.229,0.00
80.93924,11.249,0.232,0.00
80.95375,11.249,0.234,0.00
80.96406,12.725,0.234,0.00
80.97425,12.725,0.234,0.00
80.98575,14.155,0.234,9.00
80.99595,15.435,0.231,9.00
81.00634,15.435,0.231,9.00
81.01805,15.435,0.229,9.00
81.02821,16.566,0.229,9.00
81.03838,17.526,0.228,9.00
81.05072,17.526,0.228,9.00
81.06097,18.229,0.226,9.00
81.07113,18.229,0.226,9.00
81.09797,18.229,0.228,9.00
81.10824,18.703,0.231,9.00
81.13157,18.420,0.246,9.00
81.14175,17.898,0.264,9.00
81.16270,17.079,0.279,9.00
81.17286,17.079,0.279,9.00
81.18353,15.993,0.279,9.00
81.19596,15.993,0.287,9.00
81.20614,14.779,0.279,9.00
81.21650,14.779,0.279,9.00
81.22665,13.354,0.238,9.00
81.23681,11.778,0.189,9.00
81.24706,11.778,0.189,9.00
81.25792,11.778,0.189,9.00
81.26817,10.039,0.132,9.00
81.27864,8.194,0.043,9.00
81.29236,8.194,0.043,9.00
81.30288,6.377,-0.040,9.00
81.31303,6.377,-0.040,9.00
81.33806,4.557,-0.272,9.00
81.34822,2.846,-0.272,9.00
81.36997,1.377,-0.395,9.00
81.38086,1.377,-0.395,9.00
81.40278,-0.740,-0.628,9.00
81.41357,-0.740,-0.628,9.00
81.43438,-0.897,-0.896,9.00
81.44449,-0.897,-0.896,9.00
81.46650,-0.897,-1.199,9.00
81.47668,-0.332,-1.434,9.00
81.48684,-0.332,-1.434,9.00
81.49791,-0.332,-1.532,9.00
81.50874,-0.261,-1.532,9.00
81.51962,-0.300,-1.662,9.00
81.52993,-0.300,-1.662,9.00
81.54011,-0.331,-1.681,9.00
81.55048,-0.331,-1.681,9.00
81.56152,-0.312,-1.663,9.00
81.57178,-0.312,-1.663,9.00
81.58196,-0.346,-1.624,9.00
81.60945,-0.346,-1.624,9.00
81.62024,-0.473,-1.503,9.00
81.64173,-0.473,-1.441,9.00
81.65230,-0.589,-1.441,9.00
81.67461,-0.665,-1.374,9.00
81.68480,-0.643,-1.301,9.00
81.70609,-0.580,-1.301,9.00
81.71635,-0.516,-1.224,9.00
81.72661,-0.516,-1.150,9.00
81.73827,-0.450,-1.098,9.50
81.74854,-0.450,-1.098,9.50
81.75903,-0.372,-1.035,9.50
81.77093,-0.372,-1.035,9.50
81.78121,-0.321,-1.027,9.50
81.79136,-0.321,-1.027,9.50
81.80215,-0.321,-1.016,9.50
81.81244,-0.273,-1.016,9.50
81.82260,-0.229,-1.012,9.50
81.83389,-0.222,-1.012,9.50
81.84407,-0.222,-1.030,9.50
81.85429,-0.222,-1.030,9.50
81.86567,-0.252,-1.066,10.00
81.87591,-0.252,-1.066,10.00
81.88630,-0.290,-1.119,10.00
81.91699,-0.314,-1.119,10.50
81.92732,-0.314,-1.222,10.50
81.94646,-0.311,-1.290,10.50
81.95685,-0.308,-1.350,10.50
81.97767,-0.308,-1.350,11.00
81.98802,-0.303,-1.399,11.00
82.01499,-0.305,-1.412,11.50
82.02521,-0.302,-1.412,11.50
82.04388,-0.290,-1.391,12.50
82.05491,-0.290,-1.391,12.50
82.07341,-0.267,-1.367,13.00
82.08367,-0.238,-1.344,13.00
82.09384,-0.238,-1.344,13.00
82.10572,-0.238,-1.312,14.00
82.11589,-0.214,-1.312,14.00
82.12604,-0.197,-1.280,14.00
82.13802,-0.188,-1.280,15.50
82.14836,-0.188,-1.246,15.50
82.15853,-0.188,-1.202,15.50
82.18641,-0.198,-1.175,16.50
82.19685,-0.198,-1.175,16.50
82.21905,-0.198,-1.131,18.00
82.22941,-0.224,-1.128,18.00
82.25012,-0.224,-1.134,19.50
82.26111,-0.237,-1.162,19.50
82.28138,-0.237,-1.162,21.00
82.29235,-0.235,-1.202,21.00
82.31559,-0.205,-1.224,22.00
82.32575,-0.205,-1.255,22.00
82.34543,-0.205,-1.298,23.50
82.35692,-0.190,-1.298,23.50
82.36709,-0.173,-1.388,23.50
82.37855,-0.173,-1.469,24.50
82.38871,-0.160,-1.469,24.50
82.39887,-0.151,-1.558,24.50
82.41011,-0.151,-1.558,25.50
82.42028,-0.157,-1.698,25.50
82.43048,-0.157,-1.698,25.50
82.44211,-0.170,-1.823,26.50
82.45231,-0.190,-2.035,26.50
82.46249,-0.190,-2.035,26.50
82.48992,-0.206,-2.035,27.00
82.50024,-0.210,-2.294,27.00
82.52155,-0.210,-2.636,27.50
82.53173,-0.218,-3.001,27.50
82.55649,-0.255,-3.370,28.00
82.56664,-0.255,-3.849,28.00
82.58545,-0.255,-3.849,28.50
82.59569,-0.279,-4.248,28.50
82.60584,-0.295,-4.691,28.50
82.61755,-0.295,-4.691,28.50
82.62773,-0.303,-5.149,28.50
82.63789,-0.305,-5.615,28.50
82.64954,-0.305,-5.615,29.00
82.65973,-0.315,-6.109,29.00
82.66998,-0.315,-6.109,29.00
82.68232,-0.315,-6.109,29.00
82.69260,-0.318,-6.566,29.00
82.70304,-0.320,-6.982,29.00
82.71445,-0.326,-7.383,29.00
82.72473,-0.326,-7.383,29.00
82.73500,-0.326,-7.383,29.00
82.74723,-0.321,-7.711,29.00
82.75741,-0.321,-7.711,29.00
82.76758,-0.318,-7.892,29.00
82.77773,-0.316,-7.951,29.50
82.78788,-0.316,-7.951,29.50
82.79805,-0.308,-7.802,29.50
82.80825,-0.308,-7.802,29.50
82.82644,-0.303,-7.495,29.50
82.83683,-0.303,-6.978,29.50
82.85832,-0.294,-6.978,29.50
82.86917,-0.284,-6.308,29.50
82.88993,-0.268,-5.455,29.50
82.90019,-0.258,-5.455,29.50
82.92260,-0.253,-4.534,29.50
82.93293,-0.242,-3.543,29.50
82.95336,-0.242,-2.442,29.50
82.96360,-0.230,-1.257,29.50
82.97378,-0.230,-1.257,29.50
82.98573,-0.217,-0.123,29.50
82.99618,-0.208,-0.123,29.50
83.00663,-0.208,1.098,29.50
83.01870,-0.200,1.098,29.50
83.02905,-0.200,2.193,29.50
83.03938,-0.192,3.528,29.50
83.04965,-0.192,3.528,29.50
83.05985,-0.190,4.592,29.50
83.07001,-0.190,4.592,29.50
83.08265,-0.190,4.592,29.50
83.09282,-0.188,5.581,29.50
83.10307,-0.193,6.495,29.50
83.13038,-0.201,7.354,29.50
83.14058,-0.206,8.121,29.50
83.16229,-0.215,8.820,29.50
83.17249,-0.212,9.456,29.50
83.19583,-0.212,9.456,29.50
83.20604,-0.208,10.192,29.50
83.22681,-0.204,10.646,29.50
83.23700,-0.199,11.030,29.50
83.25870,-0.199,11.030,29.50
83.26906,-0.202,11.318,29.50
83.27921,-0.192,11.555,29.50
83.29013,-0.192,11.555,29.50
83.30032,-0.192,11.752,29.50
83.31126,-0.182,11.752,29.50
83.32290,-0.170,11.866,29.50
83.33306,-0.170,11.866,29.50
83.34321,-0.159,11.974,29.50
83.35342,-0.159,11.974,29.50
83.36360,-0.155,12.019,29.50
83.37390,-0.155,12.019,29.50
83.38556,-0.149,11.974,29.50
83.39575,-0.149,11.974,29.50
83.40592,-0.145,11.978,29.50
83.43436,-0.125,11.712,29.50
83.44471,-0.125,11.712,29.50
83.46591,-0.116,11.712,29.50
83.47626,-0.102,11.590,29.50
83.49842,-0.102,11.440,29.50
83.50872,-0.092,11.390,29.50
83.52971,-0.087,11.211,29.50
83.54009,-0.087,11.048,29.50
83.55039,-0.081,11.048,29.50
83.56292,-0.078,10.910,29.50
83.57315,-0.078,10.910,29.50
83.58332,-0.074,10.743,29.50
83.59490,-0.074,10.733,29.50
83.60505,-0.069,10.733,29.50
83.61598,-0.057,10.733,29.50
83.62630,-0.057,10.601,29.50
83.63713,-0.057,10.620,29.50
83.64767,-0.041,10.620,29.50
83.65808,-0.028,10.620,29.50
83.66842,-0.028,10.601,29.50
83.67882,-0.014,10.540,29.50
83.70627,-0.004,10.618,29.50
83.71646,0.006,10.618,29.50
83.73843,0.016,10.634,29.50
83.74866,0.016,10.634,29.50
83.77014,0.021,10.611,29.50
83.78049,0.024,10.686,29.50
83.80199,0.023,10.686,29.50
83.81248,0.023,10.772,29.50
83.82328,0.028,10.771,29.50
83.83640,0.028,10.771,29.50
83.84669,0.030,10.871,29.50
83.85736,0.033,10.895,29.50
83.86751,0.033,10.895,29.50
83.87767,0.032,10.928,29.50
83.88784,0.032,10.928,29.50
83.89839,0.029,10.928,29.50
83.90858,0.029,11.007,29.50
83.91884,0.028,11.007,29.50
83.94680,0.027,11.002,29.50
83.95697,0.028,11.157,29.50
83.97897,0.024,11.157,29.50
83.98914,0.024,11.285,29.50
83.99928,0.024,11.285,0.00
84.00945,0.024,11.285,0.00
84.01960,0.024,11.285,0.00
84.02985,0.019,11.250,0.00
84.04009,0.014,11.364,0.00
84.05037,0.014,11.364,0.00
84.06050,0.002,11.332,0.00
84.07068,0.002,11.332,0.00
84.08142,-0.008,11.441,0.00
84.09158,-0.008,11.441,0.00
84.10178,-0.038,11.442,0.00
84.11194,-0.038,11.442,0.00
84.12210,-0.038,11.382,0.00
84.13238,-0.084,11.382,0.00
84.14261,-0.106,11.463,0.00
84.15282,-0.106,11.463,0.00
84.16299,-0.107,11.398,0.00
84.17321,-0.107,11.398,0.00
84.18337,-0.091,11.566,0.00
84.19354,-0.091,11.566,0.00
84.20371,-0.052,11.582,0.00
84.21387,-0.052,11.582,0.00
84.22405,0.006,11.631,0.00
84.23431,0.006,11.631,0.00
84.24453,0.125,11.695,0.00
84.25472,0.125,11.660,0.00
84.26488,0.231,11.660,0.00
84.27535,0.231,11.744,0.00
84.28551,0.360,11.744,0.00
84.29567,0.495,11.661,0.00
84.30583,0.495,11.661,0.00
84.31624,0.495,11.661,0.00
84.32641,0.652,11.774,0.00
84.33656,0.814,11.774,0.00
84.34672,0.814,11.762,0.00
84.35696,0.814,11.762,0.00
84.36713,0.943,11.717,0.00
84.37745,1.042,11.717,0.00
84.38762,1.042,11.803,0.00
84.39778,1.095,11.706,0.00
84.40799,1.095,11.706,0.00
84.41815,1.095,11.706,0.00
84.42835,1.095,11.706,0.00
84.43874,1.095,11.706,0.00
84.44916,1.109,11.796,0.00
84.45930,1.109,11.796,0.00
84.46946,1.080,11.738,0.00
84.47964,1.025,11.791,0.00
84.48986,0.944,11.648,0.00
84.50003,0.779,11.563,0.00
84.51028,0.779,11.563,0.00
84.52043,0.512,11.563,0.00
84.53061,0.512,11.150,0.00
84.54076,0.297,10.301,0.00
84.55090,0.297,10.301,0.00
84.56105,0.172,9.658,0.00
84.57219,0.172,9.658,0.00
84.58449,0.090,9.160,0.00
84.59482,0.090,9.160,0.00
84.60501,-0.001,8.368,0.00
84.61516,-0.094,8.368,0.00
84.62531,-0.094,7.489,0.00
84.63547,-0.168,6.419,0.00
84.64608,-0.168,6.419,0.00
84.65639,-0.168,6.419,0.00
84.66675,-0.202,4.910,0.00
84.67702,-0.196,3.749,0.00
84.68719,-0.196,3.749,0.00
84.69735,-0.162,2.641,0.00
84.70940,-0.162,2.641,0.00
84.71979,-0.111,1.394,0.00
84.72994,-0.111,1.394,0.00
84.74008,-0.058,-0.062,0.00
84.75024,-0.058,-0.062,0.00
84.76059,0.005,-1.443,0.00
84.77194,0.005,-1.443,0.00
84.78228,0.090,-2.612,0.00
84.79339,0.197,-2.612,0.00
84.80359,0.197,-3.343,0.00
84.81470,0.197,-3.343,0.00
84.82488,0.312,-3.429,0.00
84.83503,0.407,-2.860,0.00
84.84518,0.407,-2.860,0.00
84.85535,0.467,-2.860,0.00
84.86551,0.467,-1.471,0.00
84.87566,0.467,-0.328,0.00
84.88583,0.488,-0.328,0.00
84.89602,0.459,-0.874,0.00
84.90625,0.459,-0.874,0.00
84.91633,0.397,-1.547,0.00
84.92699,0.397,-1.547,0.00
84.93763,0.397,-1.547,0.00
84.94778,0.345,-1.508,0.00
84.95794,0.308,-1.803,0.00
84.96808,0.308,-1.803,0.00
84.97838,0.272,-2.195,0.00
84.98854,0.272,-2.195,0.00
84.99871,0.238,-2.195,0.00
85.00887,0.238,-2.558,0.00
85.01903,0.221,-2.769,0.00
85.02919,0.221,-2.769,0.00
85.03947,0.221,-2.769,0.00
85.05048,0.218,-2.931,0.00
85.06100,0.226,-2.818,0.00
85.07133,0.226,-2.818,0.00
85.08164,0.226,-2.818,0.00
85.09198,0.242,-2.500,0.00
85.10271,0.266,-2.168,0.00
85.11287,0.266,-2.168,0.00
85.12303,0.300,-2.071,0.00
85.13319,0.300,-2.071,0.00
85.14335,0.342,-2.000,0.00
85.15367,0.380,-2.000,0.00
85.16383,0.380,-1.873,0.00
85.17412,0.380,-1.873,0.00
85.18428,0.414,-1.706,0.00
85.19444,0.414,-1.525,0.00
85.20460,0.439,-1.525,0.00
85.21480,0.439,-1.282,0.00
85.22517,0.457,-1.282,0.00
85.23560,0.476,-0.996,0.00
85.24591,0.476,-0.996,0.00
85.25623,0.497,-0.750,0.00
85.26669,0.497,-0.750,0.00
85.27706,0.497,-0.585,0.00
85.28722,0.515,-0.585,0.00
85.29739,0.531,-0.585,0.00
85.30755,0.531,-0.578,0.00
85.31771,0.539,-0.693,0.00
85.32786,0.539,-0.693,0.00
85.33828,0.543,-0.801,0.00
85.34845,0.543,-0.801,0.00
85.35860,0.540,-0.886,0.00
85.36875,0.540,-0.886,0.00
85.37938,0.537,-0.968,0.00
85.38980,0.537,-0.968,0.00
85.39995,0.537,-0.997,0.00
85.41011,0.535,-0.997,0.00
85.42027,0.527,-1.005,0.00
85.43064,0.527,-1.005,0.00
85.44080,0.519,-0.947,0.00
85.45102,0.519,-0.947,0.00
85.46115,0.514,-0.845,0.00
85.47130,0.514,-0.845,0.00
85.48144,0.511,-0.725,0.00
85.49159,0.511,-0.725,0.00
85.50835,0.508,-0.625,0.00
85.51902,0.508,-0.625,0.00
85.52992,0.501,-0.625,0.00
85.54035,0.501,-0.357,0.00
85.55108,0.489,-0.357,0.00
85.56130,0.489,-0.230,0.00
85.57286,0.476,-0.141,0.00
85.58366,0.462,-0.141,0.00
85.59459,0.462,-0.141,0.00
85.60502,0.462,-0.077,0.00
85.61533,0.432,-0.051,0.00
85.63127,0.432,-0.051,0.00
85.64182,0.412,-0.060,0.00
85.65218,0.412,-0.060,0.00
85.66287,0.412,-0.061,0.00
85.67322,0.392,-0.061,0.00
85.68363,0.392,-0.061,0.00
85.69523,0.392,-0.062,0.00
85.70595,0.347,-0.062,0.00
85.71668,0.347,-0.042,0.00
85.73364,0.297,-0.015,0.00
85.74427,0.297,-0.015,0.00
85.75515,0.297,-0.015,0.00
85.76667,0.297,-0.015,0.00
85.77754,0.260,0.023,0.00
85.78767,0.260,0.059,0.00
85.80103,0.252,0.088,0.00
85.81717,0.249,0.092,0.00
85.82799,0.249,0.092,0.00
85.83924,0.249,0.092,0.00
85.84959,0.249,0.092,0.00
85.86045,0.250,0.084,0.00
85.87230,0.251,0.063,0.00
85.88287,0.251,0.063,0.00
85.89374,0.251,0.063,0.00
85.90519,0.255,0.063,0.00
85.91563,0.255,0.003,0.00
85.92604,0.258,0.003,0.00
85.94327,0.263,-0.025,0.00
85.95346,0.263,-0.025,0.00
85.96457,0.263,-0.025,0.00
85.97500,0.269,-0.025,0.00
85.98541,0.269,-0.101,0.00
85.99590,0.272,-0.101,0.00
86.00669,0.272,-0.134,0.00
86.01781,0.275,-0.157,0.00
86.02867,0.275,-0.157,0.00
86.03930,0.276,-0.176,0.00
86.04969,0.276,-0.176,0.00
86.06690,0.272,-0.191,0.00
86.08363,0.272,-0.205,0.00
86.09956,0.274,-0.218,0.00
86.11007,0.274,-0.218,0.00
86.12081,0.270,-0.230,0.00
86.13098,0.270,-0.230,0.00
86.14181,0.267,-0.243,0.00
86.15354,0.268,-0.254,0.00
86.16395,0.268,-0.254,0.00
86.17492,0.270,-0.254,0.00
86.18562,0.270,-0.264,0.00
86.19716,0.270,-0.266,0.00
86.20800,0.275,-0.266,0.00
86.21887,0.279,-0.266,0.00
86.22958,0.279,-0.261,0.00
86.23985,0.282,-0.261,0.00
86.25046,0.282,-0.252,0.00
86.26691,0.286,-0.241,0.00
86.27746,0.289,-0.222,0.00
86.28761,0.289,-0.222,0.00
86.29798,0.289,-0.222,0.00
86.30912,0.296,-0.222,0.00
86.31983,0.300,-0.192,0.00
86.33004,0.300,-0.192,0.00
86.34043,0.300,-0.183,0.00
86.35084,0.301,-0.183,0.00
86.36127,0.301,-0.183,0.00
86.37245,0.300,-0.184,0.00
86.38307,0.297,-0.184,0.00
86.39379,0.293,-0.189,0.00
86.40397,0.293,-0.189,0.00
86.41449,0.293,-0.192,0.00
86.42480,0.293,-0.192,0.00
86.43520,0.293,-0.192,0.00
86.44571,0.290,-0.192,0.00
86.45712,0.286,-0.196,0.00
86.46799,0.286,-0.204,0.00
86.47918,0.286,-0.208,0.00
86.48983,0.285,-0.208,0.00
86.50059,0.285,-0.212,0.00
86.55798,0.284,-0.220,0.00
86.56832,0.290,-0.220,0.00
86.62918,0.292,-0.226,0.00
86.63944,0.293,-0.218,0.00
86.64992,0.011,-0.036,0.00
86.66010,0.010,-0.027,0.00
86.67045,0.010,-0.027,0.00
86.68118,0.008,-0.016,0.00
86.69129,0.008,-0.016,0.00
86.70162,0.006,-0.009,0.00
86.71182,0.006,-0.009,0.00
86.72198,0.006,-0.009,0.00
86.73212,0.006,-0.001,0.00
86.74231,0.003,0.010,0.00
86.75248,-0.005,0.025,0.00
86.76263,-0.005,0.025,0.00
86.77288,-0.005,0.025,0.00
86.78320,-0.012,0.038,0.00
86.79361,-0.016,0.047,0.00
86.80399,-0.016,0.047,0.00
86.81446,-0.024,0.055,0.00
86.82464,-0.024,0.055,0.00
86.83479,-0.030,0.055,0.00
86.84494,-0.030,0.061,0.00
86.85509,-0.033,0.061,0.00
86.86524,-0.033,0.066,0.00
86.87539,-0.033,0.066,0.00
86.88553,-0.032,0.068,0.00
86.89586,-0.028,0.068,0.00
86.90639,-0.028,0.068,0.00
86.91656,-0.026,0.070,0.00
86.92680,-0.026,0.070,0.00
86.93696,-0.026,0.074,0.00
86.94711,-0.026,0.074,0.00
86.95727,-0.028,0.075,0.00
86.96742,-0.028,0.075,0.00
86.97761,-0.035,0.076,0.00
86.98777,-0.035,0.076,0.00
86.99792,-0.035,0.080,0.00
87.00813,-0.035,0.080,0.00
87.01844,-0.035,0.082,0.00
87.02864,-0.035,0.082,0.00
87.03880,-0.040,0.082,0.00
87.04898,-0.040,0.082,0.00
87.05936,-0.045,0.082,0.00
87.06951,-0.045,0.082,0.00
87.07967,-0.053,0.080,0.00
87.08996,-0.053,0.080,0.00
87.10044,-0.062,0.072,0.00
87.11059,-0.062,0.072,0.00
87.12075,-0.070,0.072,0.00
87.13097,-0.070,0.066,0.00
87.14117,-0.077,0.058,0.00
87.15173,-0.077,0.058,0.00
87.16188,-0.084,0.051,0.00
87.17223,-0.089,0.051,0.00
87.18267,-0.089,0.038,0.00
87.19296,-0.093,0.038,0.00
87.20312,-0.093,0.033,0.00
87.21326,-0.093,0.033,0.00
87.22342,-0.095,0.022,0.00
87.23370,-0.095,0.022,0.00
87.24384,-0.096,0.014,0.00
87.25409,-0.096,0.014,0.00
87.26446,-0.096,0.007,0.00
87.27468,-0.096,0.007,0.00
87.28484,-0.096,-0.003,0.00
87.29526,-0.096,-0.003,0.00
87.30540,-0.094,-0.011,0.00
87.31556,-0.094,-0.011,0.00
87.32587,-0.093,-0.011,0.00
87.33627,-0.090,-0.027,0.00
87.34658,-0.090,-0.027,0.00
87.35686,-0.090,-0.035,0.00
87.36724,-0.087,-0.035,0.00
87.37740,-0.081,-0.040,0.00
87.38756,-0.081,-0.040,0.00
87.39773,-0.081,-0.040,0.00
87.40790,-0.076,-0.049,0.00
87.41806,-0.076,-0.062,0.00
87.42822,-0.072,-0.062,0.00
87.43864,-0.075,-0.069,0.00
87.44879,-0.075,-0.069,0.00
87.45895,-0.072,-0.075,0.00
87.46911,-0.072,-0.075,0.00
87.47931,-0.068,-0.080,0.00
87.48957,-0.068,-0.080,0.00
87.49991,-0.065,-0.088,0.00
87.51037,-0.065,-0.088,0.00
87.52049,-0.057,-0.092,0.00
87.53080,-0.057,-0.092,0.00
87.54114,-0.051,-0.096,0.00
87.55156,-0.051,-0.096,0.00
87.56250,-0.038,-0.097,0.00
87.57283,-0.038,-0.098,0.00
87.58320,-0.021,-0.098,0.00
87.59357,-0.021,-0.098,0.00
87.60389,-0.006,-0.098,0.00
87.61435,-0.006,-0.098,0.00
87.62512,0.009,-0.098,0.00
87.63550,0.009,-0.098,0.00
87.64587,0.025,-0.097,0.00
87.65603,0.025,-0.097,0.00
87.66630,0.036,-0.095,0.00
87.67648,0.036,-0.092,0.00
87.68783,0.055,-0.092,0.00
87.69829,0.055,-0.092,0.00
87.70865,0.073,-0.090,0.00
87.71907,0.090,-0.085,0.00
87.72944,0.090,-0.085,0.00
87.74025,0.099,-0.076,0.00
87.75070,0.099,-0.076,0.00
87.76086,0.090,-0.068,0.00
87.77128,0.090,-0.068,0.00
87.78143,0.060,-0.064,0.00
87.79159,0.060,-0.064,0.00
87.80173,-0.006,-0.051,0.00
87.81193,-0.006,-0.051,0.00
87.82209,-0.163,-0.035,0.00
87.83235,-0.163,-0.035,0.00
87.84257,-0.422,-0.024,0.00
87.85298,-0.422,-0.024,0.00
87.86314,-0.772,-0.013,0.00
87.87331,-0.770,-0.013,0.00
87.88347,-0.770,-0.002,0.00
87.89408,-0.469,-0.002,0.00
87.90431,-0.469,0.013,0.00
87.91489,-0.469,0.013,0.00
87.92507,0.059,0.028,0.00
87.93523,0.059,0.028,0.00
87.94539,0.653,0.041,0.00
87.95627,0.653,0.041,0.00
87.96661,1.457,0.058,0.00
87.97718,1.457,0.076,0.00
87.98734,2.434,0.076,0.00
87.99756,3.633,0.096,0.00
88.00779,3.633,0.096,0.00
88.01800,5.078,0.115,0.00
88.02825,5.078,0.115,0.00
88.03840,5.078,0.115,0.00
88.04861,6.748,0.132,0.00
88.05877,8.470,0.151,0.00
88.06892,8.470,0.151,0.00
88.08978,10.311,0.174,0.00
88.10013,12.190,0.190,0.00
88.11064,12.190,0.190,0.00
88.12173,12.190,0.211,9.00
88.13200,14.079,0.231,9.00
88.14278,15.934,0.231,9.00
88.15645,17.747,0.249,9.00
88.16660,17.747,0.249,9.00
88.17749,19.539,0.261,9.00
88.18700,19.539,0.261,9.00
88.19720,21.275,0.267,9.00
88.20735,21.275,0.267,9.00
88.23468,23.848,0.282,9.00
88.24503,23.848,0.282,9.00
88.26548,23.848,0.282,9.00
88.27576,25.304,0.298,9.00
88.28635,25.304,0.298,9.00
88.29848,25.403,0.305,9.00
88.30864,25.403,0.305,9.00
88.31879,25.200,0.300,9.00
88.33287,25.200,0.300,9.00
88.34315,24.678,0.280,9.00
88.36277,23.803,0.245,9.00
88.37313,23.803,0.245,9.00
88.38344,22.761,0.185,9.00
88.39379,22.761,0.185,9.00
88.40402,21.612,0.129,9.00
88.41460,21.612,0.129,9.00
88.42626,20.083,0.079,9.00
88.43662,18.212,0.079,9.00
88.44697,18.212,0.016,9.00
88.47385,16.307,0.016,9.00
88.48417,14.441,-0.142,9.00
88.50565,12.450,-0.142,9.00
88.51592,10.321,-0.334,9.00
88.53984,10.321,-0.334,9.00
88.55001,8.406,-0.452,9.00
88.56931,6.662,-0.670,9.00
88.57950,4.883,-0.986,9.00
88.58994,4.883,-0.986,9.00
88.60227,3.269,-1.248,9.00
88.61233,3.269,-1.248,9.00
88.62249,3.269,-1.406,9.00
88.63374,0.715,-1.406,9.00
88.64393,0.715,-1.567,9.00
88.65449,0.715,-1.567,9.00
88.66574,-0.316,-1.629,9.00
88.67602,-0.316,-1.629,9.00
88.68616,-1.040,-1.662,9.00
88.69747,-1.394,-1.629,9.00
88.70766,-1.394,-1.629,9.00
88.71783,-1.482,-1.571,9.00
88.74632,-1.370,-1.502,9.00
88.75667,-1.096,-1.411,9.00
88.77908,-0.767,-1.312,9.00
88.78937,-0.767,-1.312,9.00
88.81002,-0.497,-1.312,9.00
88.82032,-0.320,-1.083,9.00
88.83093,-0.320,-1.083,9.00
88.84177,-0.239,-0.970,9.50
88.85210,-0.239,-0.970,9.50
88.86236,-0.239,-0.970,9.50
88.87564,-0.224,-0.732,9.50
88.88590,-0.234,-0.732,9.50
88.89609,-0.246,-0.628,9.50
88.92207,-0.258,-0.552,9.50
88.93334,-0.258,-0.552,9.50
88.95897,-0.269,-0.505,9.50
88.96922,-0.269,-0.505,9.50
88.98581,-0.261,-0.505,10.00
88.99628,-0.255,-0.536,10.00
89.00671,-0.255,-0.542,10.00
89.01834,-0.241,-0.552,10.00
89.02869,-0.241,-0.552,10.00
89.03886,-0.241,-0.589,10.00
89.05050,-0.227,-0.589,10.50
89.06076,-0.218,-0.589,10.50
89.07310,-0.218,-0.653,10.50
89.08423,-0.212,-0.702,11.00
89.09571,-0.210,-0.726,11.00
89.10587,-0.210,-0.726,11.00
89.11603,-0.219,-0.769,11.50
89.12629,-0.219,-0.769,11.50
89.13646,-0.243,-0.826,11.50
89.16330,-0.243,-0.826,12.00
89.17460,-0.279,-0.861,12.00
89.19391,-0.312,-0.889,12.50
89.20411,-0.341,-0.906,12.50
89.22881,-0.341,-0.906,13.50
89.23900,-0.392,-0.931,13.50
89.25870,-0.407,-0.943,14.50
89.26886,-0.407,-0.942,14.50
89.28928,-0.407,-0.942,16.00
89.29949,-0.404,-0.912,16.00
89.30969,-0.404,-0.912,16.00
89.32199,-0.404,-0.889,17.00
89.33223,-0.396,-0.889,17.00
89.34239,-0.386,-0.889,17.00
89.35371,-0.373,-0.871,18.50
89.36391,-0.373,-0.863,18.50
89.37438,-0.373,-0.863,18.50
89.38573,-0.350,-0.841,20.00
89.39598,-0.350,-0.833,20.00
89.40642,-0.330,-0.833,20.00
89.42039,-0.315,-0.825,21.50
89.43101,-0.315,-0.825,21.50
89.44118,-0.307,-0.817,21.50
89.45158,-0.307,-0.817,22.50
89.46192,-0.311,-0.818,22.50
89.47246,-0.311,-0.818,22.50
89.49728,-0.308,-0.802,24.00
89.50746,-0.321,-0.848,24.00
89.53013,-0.333,-0.908,25.00
89.54064,-0.335,-1.037,25.00
89.56178,-0.343,-1.037,26.00
89.57211,-0.343,-1.182,26.00
89.58227,-0.343,-1.182,26.00
89.59344,-0.338,-1.182,26.50
89.60362,-0.329,-1.546,26.50
89.61387,-0.329,-1.546,26.50
89.62559,-0.320,-1.755,27.00
89.63590,-0.320,-1.755,27.00
89.64633,-0.320,-1.755,27.00
89.65915,-0.320,-1.755,27.50
89.66961,-0.308,-2.048,27.50
89.67979,-0.293,-2.048,27.50
89.69016,-0.293,-2.308,28.00
89.70033,-0.284,-2.627,28.00
89.71049,-0.284,-2.627,28.00
89.73836,-0.280,-2.918,28.50
89.74851,-0.274,-3.203,28.50
89.76971,-0.274,-3.564,28.50
89.77989,-0.274,-3.564,28.50
89.80539,-0.273,-3.912,29.00
89.81556,-0.275,-4.347,29.00
89.83510,-0.271,-4.738,29.00
89.84528,-0.286,-5.105,29.00
89.86693,-0.286,-5.523,29.00
89.87759,-0.298,-5.828,29.00
89.88778,-0.308,-5.828,29.00
89.89915,-0.308,-6.080,29.00
89.90941,-0.317,-6.080,29.00
89.91956,-0.316,-6.317,29.00
89.93174,-0.316,-6.317,29.50
89.94190,-0.320,-6.440,29.50
89.95294,-0.320,-6.440,29.50
89.96313,-0.310,-6.436,29.50
89.97329,-0.310,-6.436,29.50
89.98354,-0.294,-6.345,29.50
89.99582,-0.294,-6.119,29.50
90.00601,-0.281,-6.119,29.50
90.01647,-0.281,-5.747,29.50
90.04337,-0.263,-5.747,29.50
90.05352,-0.260,-5.300,29.50
90.07555,-0.260,-4.088,29.50
90.08589,-0.291,-4.088,29.50
90.10652,-0.306,-3.297,29.50
90.11665,-0.306,-3.297,29.50
90.12714,-0.306,-2.488,29.50
90.13785,-0.312,-2.488,29.50
90.14812,-0.331,-1.556,29.50
90.15853,-0.331,-1.556,29.50
90.17141,-0.346,-1.556,29.50
90.18159,-0.365,0.579,29.50
90.19263,-0.365,0.579,29.50
90.20279,-0.375,1.609,29.50
90.21303,-0.375,1.609,29.50
90.22319,-0.381,2.713,29.50
90.24997,-0.383,3.727,29.50
90.26247,-0.383,4.691,29.50
90.28173,-0.383,5.470,29.50
90.29207,-0.388,5.470,29.50
90.31567,-0.396,5.470,29.50
90.32584,-0.396,7.011,29.50
90.34536,-0.396,7.011,29.50
90.35554,-0.398,7.867,29.50
90.36570,-0.398,8.555,29.50
90.37834,-0.403,9.181,29.50
90.38866,-0.403,9.181,29.50
90.39904,-0.404,9.760,29.50
90.41043,-0.404,9.760,29.50
90.42065,-0.406,10.158,29.50
90.43099,-0.406,10.158,29.50
90.44206,-0.406,10.518,29.50
90.45224,-0.406,10.518,29.50
90.46269,-0.405,10.783,29.50
90.47358,-0.405,10.783,29.50
90.48397,-0.409,11.046,29.50
90.49417,-0.409,11.046,29.50
90.50671,-0.410,11.252,29.50
90.51690,-0.415,11.252,29.50
90.52728,-0.415,11.375,29.50
90.55978,-0.419,11.375,29.50
90.56996,-0.424,11.568,29.50
90.58527,-0.424,11.568,29.50
90.59568,-0.432,11.657,29.50
90.60608,-0.435,11.551,29.50
90.61839,-0.439,11.551,29.50
90.62862,-0.439,11.467,29.50
90.63878,-0.436,11.410,29.50
90.64982,-0.436,11.410,29.50
90.66001,-0.429,11.262,29.50
90.67037,-0.429,11.262,29.50
90.68215,-0.423,11.170,29.50
90.69245,-0.423,11.170,29.50
90.70262,-0.423,11.083,29.50
90.71467,-0.408,10.927,29.50
90.72504,-0.408,10.927,29.50
90.73519,-0.408,10.870,29.50
90.74568,-0.399,10.870,29.50
90.75585,-0.399,10.668,29.50
90.76613,-0.392,10.668,29.50
90.79405,-0.392,10.424,29.50
90.80425,-0.386,10.424,29.50
90.82639,-0.389,10.424,29.50
90.83659,-0.389,10.374,29.50
90.85796,-0.394,10.335,29.50
90.86817,-0.394,10.335,29.50
90.89130,-0.396,10.483,29.50
90.90164,-0.401,10.523,29.50
90.92323,-0.407,10.599,29.50
90.93687,-0.407,10.599,29.50
90.95645,-0.407,10.686,29.50
90.96660,-0.411,10.691,29.50
90.97738,-0.411,10.691,29.50
90.98754,-0.416,10.843,29.50
90.99852,-0.424,10.913,29.50
91.00867,-0.424,10.913,29.50
91.01967,-0.432,10.913,29.50
91.03013,-0.432,11.013,29.50
91.04030,-0.438,11.164,29.50
91.05076,-0.438,11.164,29.50
91.06093,-0.446,11.185,29.50
91.07108,-0.446,11.185,29.50
91.09803,-0.453,11.385,29.50
91.10819,-0.463,11.385,29.50
91.11848,-0.472,11.510,0.00
91.12864,-0.472,11.510,0.00
91.13879,-0.472,11.510,0.00
91.14895,-0.479,11.498,0.00
91.15917,-0.493,11.536,0.00
91.16934,-0.493,11.536,0.00
91.17973,-0.493,11.536,0.00
91.19081,-0.510,11.615,0.00
91.20116,-0.529,11.569,0.00
91.21132,-0.529,11.569,0.00
91.22162,-0.570,11.646,0.00
91.23185,-0.570,11.646,0.00
91.24246,-0.570,11.646,0.00
91.25295,-0.614,11.606,0.00
91.26312,-0.624,11.649,0.00
91.27347,-0.624,11.649,0.00
91.28363,-0.629,11.687,0.00
91.29379,-0.629,11.687,0.00
91.30394,-0.624,11.651,0.00
91.31410,-0.624,11.651,0.00
91.32426,-0.566,11.728,0.00
91.33496,-0.566,11.728,0.00
91.34520,-0.456,11.672,0.00
91.35538,-0.324,11.683,0.00
91.36551,-0.324,11.683,0.00
91.37566,-0.324,11.708,0.00
91.38580,-0.193,11.708,0.00
91.39600,-0.056,11.671,0.00
91.40625,-0.056,11.671,0.00
91.41669,0.096,11.763,0.00
91.42685,0.096,11.763,0.00
91.43705,0.231,11.668,0.00
91.44721,0.231,11.668,0.00
91.45737,0.356,11.719,0.00
91.46752,0.356,11.719,0.00
91.47808,0.463,11.675,0.00
91.48840,0.463,11.675,0.00
91.49857,0.544,11.596,0.00
91.50883,0.544,11.596,0.00
91.51920,0.559,11.692,0.00
91.52970,0.559,11.692,0.00
91.53987,0.507,11.623,0.00
91.55051,0.507,11.623,0.00
91.56067,0.403,11.721,0.00
91.57109,0.403,11.721,0.00
91.58139,0.256,11.660,0.00
91.59159,0.256,11.660,0.00
91.60177,0.103,11.608,0.00
91.61191,0.103,11.608,0.00
91.62207,-0.078,11.496,0.00
91.63222,-0.078,11.496,0.00
91.64238,-0.293,11.375,0.00
91.65253,-0.293,11.375,0.00
91.66269,-0.528,10.966,0.00
91.67285,-0.702,10.966,0.00
91.68301,-0.702,10.057,0.00
91.69331,-0.702,10.057,0.00
91.70355,-0.806,9.430,0.00
91.71380,-0.806,9.430,0.00
91.72396,-0.873,8.992,0.00
91.73413,-0.873,8.992,0.00
91.74429,-0.934,8.171,0.00
91.75445,-0.934,8.171,0.00
91.76462,-0.993,7.279,0.00
91.77484,-1.044,7.279,0.00
91.78512,-1.044,6.280,0.00
91.79566,-1.044,6.280,0.00
91.80602,-1.069,5.221,0.00
91.81642,-1.056,4.312,0.00
91.82675,-1.056,4.312,0.00
91.83718,-1.021,2.988,0.00
91.84780,-1.021,2.988,0.00
91.85796,-0.984,1.520,0.00
91.86822,-0.984,1.520,0.00
91.87863,-0.942,0.013,0.00
91.88879,-0.942,0.013,0.00
91.89905,-0.942,-1.697,0.00
91.90926,-0.885,-1.697,0.00
91.91942,-0.823,-3.014,0.00
91.93188,-0.823,-3.014,0.00
91.94204,-0.763,-3.953,0.00
91.95220,-0.763,-3.953,0.00
91.96237,-0.720,-4.662,0.00
91.97290,-0.720,-4.662,0.00
91.98306,-0.698,-4.717,0.00
91.99322,-0.698,-4.717,0.00
92.00337,-0.700,-4.031,0.00
92.01351,-0.725,-2.567,0.00
92.02367,-0.725,-2.567,0.00
92.03383,-0.725,-2.567,0.00
92.04399,-0.769,-1.602,0.00
92.05414,-0.769,-1.549,0.00
92.06469,-0.802,-1.549,0.00
92.07505,-0.802,-1.905,0.00
92.08539,-0.819,-1.905,0.00
92.09555,-0.819,-1.905,0.00
92.10576,-0.828,-2.140,0.00
92.11596,-0.831,-2.189,0.00
92.12632,-0.831,-2.189,0.00
92.13657,-0.831,-2.189,0.00
92.14707,-0.841,-2.346,0.00
92.15723,-0.855,-2.589,0.00
92.16746,-0.855,-2.589,0.00
92.17982,-0.858,-2.738,0.00
92.19055,-0.858,-2.738,0.00
92.20072,-0.842,-2.863,0.00
92.21123,-0.842,-2.863,0.00
92.22153,-0.809,-2.697,0.00
92.23189,-0.809,-2.697,0.00
92.24307,-0.809,-2.436,0.00
92.25344,-0.769,-2.436,0.00
92.26353,-0.725,-2.243,0.00
92.27369,-0.725,-2.182,0.00
92.28405,-0.681,-2.182,0.00
92.29438,-0.681,-2.182,0.00
92.30468,-0.653,-2.101,0.00
92.31518,-0.653,-1.966,0.00
92.32567,-0.641,-1.966,0.00
92.33587,-0.641,-1.816,0.00
92.34653,-0.648,-1.816,0.00
92.35652,-0.662,-1.634,0.00
92.36691,-0.662,-1.634,0.00
92.37704,-0.662,-1.634,0.00
92.38720,-0.679,-1.433,0.00
92.39736,-0.679,-1.433,0.00
92.40753,-0.692,-1.232,0.00
92.41770,-0.702,-0.988,0.00
92.42786,-0.702,-0.988,0.00
92.43802,-0.702,-0.988,0.00
92.44818,-0.708,-0.850,0.00
92.45857,-0.709,-0.951,0.00
92.46891,-0.709,-0.951,0.00
92.47925,-0.707,-1.074,0.00
92.48987,-0.707,-1.074,0.00
92.50020,-0.701,-1.169,0.00
92.51063,-0.701,-1.169,0.00
92.52086,-0.687,-1.287,0.00
92.53101,-0.687,-1.287,0.00
92.54119,-0.665,-1.362,0.00
92.55149,-0.665,-1.362,0.00
92.56169,-0.637,-1.414,0.00
92.57185,-0.637,-1.414,0.00
92.58201,-0.614,-1.418,0.00
92.59256,-0.614,-1.418,0.00
92.60271,-0.603,-1.368,0.00
92.61293,-0.603,-1.368,0.00
92.62739,-0.599,-1.303,0.00
92.64182,-0.599,-1.231,0.00
92.65271,-0.604,-1.231,0.00
92.66314,-0.604,-1.231,0.00
92.67327,-0.604,-1.231,0.00
92.68417,-0.635,-1.133,0.00
92.70807,-0.659,-1.032,0.00
92.74017,-0.689,-0.893,0.00
92.75059,-0.689,-0.893,0.00
92.76748,-0.699,-0.935,0.00
92.78327,-0.703,-0.995,0.00
92.79844,-0.703,-0.995,0.00
92.81346,-0.701,-1.042,0.00
92.82394,-0.701,-1.042,0.00
92.83699,-0.677,-1.042,0.00
92.85347,-0.677,-1.095,0.00
92.88460,-0.645,-1.054,0.00
92.90063,-0.632,-1.011,0.00
92.91100,-0.632,-1.011,0.00
92.92648,-0.632,-0.968,0.00
92.93716,-0.622,-0.968,0.00
92.95258,-0.612,-0.928,0.00
92.97011,-0.601,-0.909,0.00
92.98229,-0.591,-0.897,0.00
93.00150,-0.581,-0.901,0.00
93.01258,-0.581,-0.901,0.00
93.02385,-0.570,-0.901,0.00
93.04344,-0.570,-0.906,0.00
93.05538,-0.570,-0.916,0.00
93.06681,-0.534,-0.916,0.00
93.07802,-0.534,-0.926,0.00
93.09455,-0.534,-0.928,0.00
93.10725,-0.495,-0.925,0.00
93.11814,-0.495,-0.925,0.00
93.13049,-0.495,-0.908,0.00
93.14592,-0.476,-0.888,0.00
93.17039,-0.456,-0.888,0.00
93.18820,-0.417,-0.845,0.00
93.20641,-0.399,-0.845,0.00
93.21996,-0.399,-0.827,0.00
93.23688,-0.382,-0.809,0.00
93.25813,-0.382,-0.809,0.00
93.26894,-0.382,-0.809,0.00
93.27963,-0.382,-0.809,0.00
93.29037,-0.382,-0.809,0.00
93.30108,-0.382,-0.809,0.00
93.32432,-0.337,-0.788,0.00
93.33769,-0.337,-0.788,0.00
93.35105,-0.337,-0.774,0.00
93.36672,-0.305,-0.757,0.00
93.38308,-0.305,-0.742,0.00
93.39713,-0.277,-0.729,0.00
93.42945,-0.278,-0.701,0.00
93.45329,-0.277,-0.694,0.00
93.50259,-0.289,-0.690,0.00
93.51370,-0.289,-0.693,0.00
93.52411,-0.294,-0.693,0.00
93.53429,-0.294,-0.693,0.00
93.55070,-0.297,-0.696,0.00
93.56446,-0.295,-0.696,0.00
93.57891,-0.295,-0.696,0.00
93.58944,-0.294,-0.693,0.00
93.60515,-0.295,-0.686,0.00
93.61560,-0.295,-0.686,0.00
93.67481,-0.295,-0.674,0.00
93.72773,-0.290,-0.651,0.00
93.73848,-0.286,-0.595,0.00
93.74879,0.171,0.293,0.00
93.75899,0.165,0.307,0.00
93.76937,0.165,0.307,0.00
93.77973,0.165,0.320,0.00
93.79122,0.156,0.320,0.00
93.80135,0.146,0.336,0.00
93.81152,0.146,0.336,0.00
93.82168,0.135,0.351,0.00
93.83183,0.135,0.364,0.00
93.84230,0.124,0.364,0.00
93.85262,0.124,0.381,0.00
93.86290,0.114,0.381,0.00
93.87320,0.114,0.381,0.00
93.88335,0.114,0.381,0.00
93.89458,0.104,0.394,0.00
93.90478,0.095,0.409,0.00
93.91495,0.095,0.409,0.00
93.92511,0.090,0.421,0.00
93.93534,0.083,0.431,0.00
93.94607,0.083,0.431,0.00
93.95621,0.077,0.431,0.00
93.96638,0.077,0.439,0.00
93.97653,0.071,0.445,0.00
93.98669,0.071,0.445,0.00
93.99685,0.065,0.452,0.00
94.00702,0.065,0.452,0.00
94.01718,0.061,0.455,0.00
94.02740,0.061,0.455,0.00
94.03832,0.061,0.455,0.00
94.04849,0.055,0.454,0.00
94.05894,0.049,0.456,0.00
94.06911,0.049,0.456,0.00
94.07963,0.049,0.456,0.00
94.09199,0.040,0.456,0.00
94.10215,0.032,0.455,0.00
94.11231,0.021,0.455,0.00
94.12254,0.021,0.455,0.00
94.13320,0.021,0.455,0.00
94.14337,0.006,0.457,0.00
94.15355,0.006,0.457,0.00
94.16376,-0.013,0.456,0.00
94.17396,-0.013,0.456,0.00
94.18429,-0.030,0.453,0.00
94.19472,-0.048,0.448,0.00
94.20501,-0.048,0.448,0.00
94.21517,-0.069,0.444,0.00
94.22532,-0.069,0.444,0.00
94.23548,-0.088,0.434,0.00
94.24586,-0.088,0.434,0.00
94.25615,-0.106,0.428,0.00
94.26658,-0.106,0.428,0.00
94.27678,-0.118,0.421,0.00
94.28711,-0.118,0.421,0.00
94.29773,-0.118,0.421,0.00
94.30802,-0.126,0.417,0.00
94.31825,-0.133,0.415,0.00
94.32834,-0.133,0.415,0.00
94.33865,-0.140,0.415,0.00
94.34897,-0.140,0.417,0.00
94.35918,-0.140,0.417,0.00
94.36942,-0.145,0.419,0.00
94.37979,-0.146,0.418,0.00
94.38994,-0.146,0.418,0.00
94.40009,-0.142,0.419,0.00
94.41043,-0.142,0.419,0.00
94.42058,-0.138,0.421,0.00
94.43110,-0.138,0.421,0.00
94.44126,-0.136,0.422,0.00
94.45142,-0.136,0.422,0.00
94.46157,-0.134,0.423,0.00
94.47187,-0.134,0.424,0.00
94.48210,-0.131,0.424,0.00
94.49226,-0.131,0.424,0.00
94.50243,-0.125,0.422,0.00
94.51258,-0.125,0.422,0.00
94.52273,-0.121,0.420,0.00
94.53294,-0.121,0.420,0.00
94.54310,-0.118,0.420,0.00
94.55326,-0.116,0.420,0.00
94.56348,-0.116,0.419,0.00
94.57364,-0.116,0.419,0.00
94.58378,-0.114,0.416,0.00
94.59394,-0.114,0.416,0.00
94.60409,-0.114,0.416,0.00
94.61436,-0.114,0.415,0.00
94.62452,-0.116,0.415,0.00
94.63468,-0.116,0.415,0.00
94.64520,-0.121,0.409,0.00
94.65542,-0.126,0.405,0.00
94.66558,-0.126,0.405,0.00
94.67572,-0.128,0.399,0.00
94.68588,-0.128,0.399,0.00
94.69683,-0.129,0.390,0.00
94.70707,-0.129,0.390,0.00
94.71745,-0.132,0.380,0.00
94.72779,-0.132,0.380,0.00
94.73832,-0.133,0.374,0.00
94.74869,-0.133,0.374,0.00
94.75900,-0.133,0.366,0.00
94.76916,-0.138,0.366,0.00
94.77932,-0.144,0.355,0.00
94.78945,-0.144,0.355,0.00
94.79960,-0.150,0.342,0.00
94.81061,-0.150,0.342,0.00
94.82076,-0.154,0.332,0.00
94.83091,-0.154,0.332,0.00
94.84200,-0.154,0.332,0.00
94.85283,-0.161,0.318,0.00
94.86365,-0.169,0.309,0.00
94.87465,-0.169,0.309,0.00
94.88481,-0.178,0.296,0.00
94.89554,-0.178,0.296,0.00
94.90571,-0.178,0.296,0.00
94.91587,-0.178,0.296,0.00
94.92602,-0.183,0.285,0.00
94.93630,-0.189,0.273,0.00
94.94647,-0.201,0.261,0.00
94.95663,-0.201,0.261,0.00
94.96694,-0.210,0.249,0.00
94.97709,-0.218,0.236,0.00
94.98724,-0.218,0.236,0.00
94.99751,-0.218,0.236,0.00
95.00881,-0.218,0.236,0.00
95.01931,-0.217,0.225,0.00
95.02946,-0.217,0.215,0.00
95.03962,-0.215,0.206,0.00
95.04982,-0.215,0.206,0.00
95.05998,-0.216,0.199,0.00
95.07038,-0.216,0.199,0.00
95.08060,-0.219,0.192,0.00
95.09089,-0.219,0.192,0.00
95.10104,-0.223,0.189,0.00
95.11142,-0.223,0.189,0.00
95.12158,-0.219,0.186,0.00
95.13232,-0.219,0.186,0.00
95.14260,-0.218,0.185,0.00
95.15324,-0.218,0.185,0.00
95.16340,-0.216,0.185,0.00
95.17410,-0.216,0.185,0.00
95.18515,-0.216,0.184,0.00
95.19532,-0.216,0.184,0.00
95.20548,-0.216,0.184,0.00
95.21565,-0.216,0.184,0.00
95.22580,-0.213,0.185,0.00
95.23634,-0.213,0.185,0.00
95.24651,-0.210,0.185,0.00
95.25666,-0.209,0.191,0.00
95.26683,-0.209,0.191,0.00
95.27705,-0.209,0.191,0.00
95.28723,-0.213,0.199,0.00
95.29738,-0.214,0.205,0.00
95.30755,-0.214,0.205,0.00
95.31814,-0.214,0.205,0.00
95.32842,-0.212,0.214,0.00
95.33887,-0.212,0.221,0.00
95.34903,-0.212,0.221,0.00
95.35919,-0.211,0.221,0.00
95.36933,-0.211,0.221,0.00
95.37960,-0.211,0.221,0.00
95.39031,-0.211,0.221,0.00
95.40055,-0.208,0.227,0.00
95.41069,-0.204,0.231,0.00
95.42091,-0.204,0.231,0.00
95.43209,-0.204,0.234,0.00
95.44255,-0.207,0.235,0.00
95.45270,-0.207,0.235,0.00
95.46287,-0.222,0.241,0.00
95.47303,-0.222,0.241,0.00
95.48319,-0.260,0.250,0.00
95.49345,-0.260,0.250,0.00
95.50362,-0.336,0.256,0.00
95.51388,-0.580,0.256,0.00
95.52455,-0.580,0.261,0.00
95.53470,-0.700,0.261,0.00
95.54498,-0.700,0.270,0.00
95.55525,-0.700,0.274,0.00
95.56567,-0.557,0.274,0.00
95.57583,-0.557,0.281,0.00
95.58598,-0.546,0.281,0.00
95.59615,-0.662,0.287,0.00
95.60637,-0.662,0.287,0.00
95.61694,-0.662,0.287,0.00
95.62710,-0.720,0.293,0.00
95.63725,-0.392,0.295,0.00
95.64740,-0.392,0.295,0.00
95.65770,0.480,0.294,0.00
95.66802,0.480,0.294,0.00
95.67829,1.907,0.293,0.00
95.68836,1.907,0.293,0.00
95.69867,3.733,0.291,0.00
95.70900,3.733,0.291,0.00
95.71936,5.811,0.291,0.00
95.72992,5.811,0.289,0.00
95.74022,7.949,0.287,0.00
95.75094,7.949,0.287,0.00
95.76928,10.192,0.286,0.00
95.77946,10.192,0.286,0.00
95.78962,12.507,0.287,0.00
95.80140,12.507,0.287,9.00
95.81179,14.907,0.280,9.00
95.82197,17.300,0.280,9.00
95.83387,19.549,0.280,9.00
95.84406,19.549,0.279,9.00
95.85437,19.549,0.279,9.00
95.86519,21.609,0.279,9.00
95.87538,23.478,0.276,9.00
95.88558,23.478,0.276,9.00
95.91427,25.095,0.275,9.00
95.92428,26.462,0.278,9.00
95.94528,26.462,0.278,9.00
95.95545,27.441,0.288,9.00
95.97830,27.671,0.315,9.00
95.98847,27.671,0.315,9.00
96.01003,27.270,0.333,9.00
96.02019,26.412,0.349,9.00
96.03091,26.412,0.349,9.00
96.04133,25.057,0.349,9.00
96.05153,25.057,0.355,9.00
96.06168,23.392,0.358,9.00
96.07338,23.392,0.358,9.00
96.08357,21.468,0.350,9.00
96.09398,21.468,0.350,9.00
96.10535,19.403,0.349,9.00
96.11556,17.397,0.349,9.00
96.12584,17.397,0.324,9.00
96.13598,17.397,0.324,9.00
96.15568,17.397,0.279,9.00
96.16606,13.447,0.207,9.00
96.18635,11.527,0.115,9.00
96.19656,11.527,0.115,9.00
96.20679,9.797,0.005,9.00
96.21768,8.018,0.005,9.00
96.22814,8.018,-0.114,9.00
96.23922,6.176,-0.230,9.00
96.25220,6.176,-0.230,9.00
96.26237,4.453,-0.422,9.00
96.27253,4.453,-0.422,9.00
96.28269,2.917,-0.758,9.00
96.29286,1.586,-1.038,9.00
96.30301,1.586,-1.038,9.00
96.31494,0.528,-1.185,9.00
96.32529,0.528,-1.185,9.00
96.33545,-0.227,-1.320,9.00
96.36291,-0.709,-1.346,9.00
96.37390,-0.991,-1.305,9.00
96.39380,-0.991,-1.305,9.00
96.40412,-1.106,-1.192,9.00
96.42578,-1.106,-1.094,9.00
96.43996,-1.025,-1.094,9.00
96.45828,-0.827,-0.973,9.00
96.46857,-0.581,-0.823,9.00
96.47892,-0.349,-0.675,9.00
96.48966,-0.349,-0.675,9.00
96.49981,-0.211,-0.509,9.00
96.51012,-0.211,-0.509,9.00
96.52189,-0.211,-0.388,9.50
96.53208,-0.173,-0.388,9.50
96.54230,-0.173,-0.388,9.50
96.55585,-0.183,-0.281,9.50
96.56604,-0.200,-0.203,9.50
96.57621,-0.220,-0.162,9.50
96.58664,-0.220,-0.162,9.50
96.59679,-0.220,-0.124,9.50
96.60696,-0.229,-0.124,9.50
96.63554,-0.245,-0.100,9.50
96.64571,-0.260,-0.111,9.50
96.66800,-0.260,-0.149,10.00
96.67827,-0.262,-0.200,10.00
96.69863,-0.262,-0.263,10.00
96.70895,-0.238,-0.263,10.00
96.72918,-0.238,-0.263,10.50
96.73958,-0.201,-0.347,10.50
96.75048,-0.167,-0.443,10.50
96.76174,-0.167,-0.529,10.50
96.77278,-0.142,-0.529,10.50
96.78294,-0.125,-0.602,10.50
96.79392,-0.116,-0.677,11.00
96.80422,-0.116,-0.677,11.00
96.81469,-0.116,-0.757,11.00
96.82598,-0.120,-0.757,12.00
96.83623,-0.120,-0.814,12.00
96.84664,-0.139,-0.814,12.00
96.87316,-0.139,-0.814,12.50
96.88340,-0.173,-0.897,12.50
96.90633,-0.178,-0.928,13.50
96.91719,-0.178,-0.928,13.50
96.93735,-0.180,-0.967,14.50
96.94762,-0.185,-0.980,14.50
96.96964,-0.185,-0.987,15.50
96.97987,-0.179,-0.987,15.50
96.99173,-0.179,-0.987,15.50
97.00403,-0.169,-0.990,17.00
97.01526,-0.169,-0.990,17.00
97.03413,-0.145,-0.987,18.50
97.04440,-0.145,-0.987,18.50
97.05469,-0.145,-0.987,18.50
97.06672,-0.129,-0.996,20.00
97.07694,-0.112,-0.985,20.00
97.08723,-0.112,-0.985,20.00
97.09850,-0.095,-0.985,21.00
97.10870,-0.095,-0.972,21.00
97.11902,-0.095,-0.972,21.00
97.14554,-0.071,-0.968,22.50
97.15604,-0.065,-0.960,22.50
97.17772,-0.065,-0.969,24.00
97.18792,-0.070,-0.969,24.00
97.21062,-0.070,-0.988,25.00
97.22082,-0.067,-1.008,25.00
97.24213,-0.067,-1.008,26.00
97.25257,-0.070,-1.023,26.00
97.26278,-0.063,-1.107,26.00
97.27469,-0.063,-1.107,26.50
97.28488,-0.055,-1.198,26.50
97.29516,-0.055,-1.420,26.50
97.30554,-0.045,-1.420,27.00
97.31582,-0.038,-1.546,27.00
97.32596,-0.038,-1.546,27.00
97.33753,-0.034,-1.712,27.50
97.34791,-0.034,-1.712,27.50
97.35808,-0.030,-1.897,27.50
97.36916,-0.030,-1.897,28.00
97.37932,-0.030,-2.061,28.00
97.38950,-0.030,-2.061,28.00
97.39970,-0.034,-2.257,28.00
97.41802,-0.034,-2.400,28.50
97.42829,-0.048,-2.400,28.50
97.45193,-0.048,-2.816,28.50
97.46211,-0.078,-2.816,28.50
97.48130,-0.078,-2.816,29.00
97.49220,-0.094,-3.030,29.00
97.51500,-0.126,-3.629,29.00
97.52518,-0.126,-3.629,29.00
97.53534,-0.118,-4.022,29.00
97.54558,-0.118,-4.022,29.00
97.55615,-0.118,-4.022,29.00
97.56661,-0.114,-4.352,29.00
97.57864,-0.122,-4.684,29.00
97.58901,-0.122,-4.684,29.00
97.59931,-0.130,-4.989,29.00
97.60982,-0.130,-4.989,29.50
97.62005,-0.130,-4.989,29.50
97.63031,-0.148,-5.252,29.50
97.64250,-0.161,-5.252,29.50
97.65279,-0.161,-5.492,29.50
97.66296,-0.161,-5.492,29.50
97.69169,-0.197,-5.851,29.50
97.70243,-0.197,-5.851,29.50
97.72146,-0.197,-5.788,29.50
97.73163,-0.213,-5.788,29.50
97.75399,-0.236,-5.788,29.50
97.76426,-0.236,-5.383,29.50
97.78522,-0.253,-5.383,29.50
97.79538,-0.257,-4.961,29.50
97.80553,-0.257,-4.509,29.50
97.81832,-0.257,-3.959,29.50
97.82886,-0.278,-3.959,29.50
97.83902,-0.278,-3.360,29.50
97.85128,-0.289,-3.360,29.50
97.86147,-0.304,-2.741,29.50
97.87162,-0.304,-2.741,29.50
97.88182,-0.312,-2.024,29.50
97.89320,-0.312,-2.024,29.50
97.90446,-0.318,-1.273,29.50
97.91477,-0.318,-0.464,29.50
97.92493,-0.327,-0.464,29.50
97.93511,-0.327,-0.464,29.50
97.96290,-0.326,1.227,29.50
97.97309,-0.326,1.227,29.50
97.99346,-0.326,1.227,29.50
98.00363,-0.303,2.724,29.50
98.02516,-0.285,2.724,29.50
98.03536,-0.285,4.097,29.50
98.04552,-0.269,4.097,29.50
98.05760,-0.269,4.757,29.50
98.06782,-0.257,4.757,29.50
98.07798,-0.238,5.366,29.50
98.09242,-0.238,5.948,29.50
98.10259,-0.223,5.948,29.50
98.11280,-0.203,5.948,29.50
98.12296,-0.203,6.580,29.50
98.13310,-0.203,6.580,29.50
98.14337,-0.187,7.064,29.50
98.15403,-0.173,7.417,29.50
98.16478,-0.173,7.417,29.50
98.17604,-0.154,7.417,29.50
98.18629,-0.154,7.834,29.50
98.19645,-0.139,8.058,29.50
98.20684,-0.139,8.058,29.50
98.23589,-0.104,8.650,29.50
98.24607,-0.104,8.650,29.50
98.26568,-0.095,8.650,29.50
98.27627,-0.095,8.922,29.50
98.29795,-0.084,9.142,29.50
98.30810,-0.084,9.142,29.50
98.32972,-0.084,9.142,29.50
98.33995,-0.086,9.258,29.50
98.36291,-0.087,9.277,29.50
98.37405,-0.087,9.277,29.50
98.39345,-0.083,9.256,29.50
98.40364,-0.085,9.216,29.50
98.41385,-0.085,9.216,29.50
98.42599,-0.084,9.302,29.50
98.43618,-0.084,9.221,29.50
98.44671,-0.082,9.221,29.50
98.45755,-0.081,9.221,29.50
98.46800,-0.081,9.217,29.50
98.47855,-0.075,9.217,29.50
98.49210,-0.075,9.110,29.50
98.50230,-0.071,8.995,29.50
98.51262,-0.071,8.995,29.50
98.52336,-0.066,8.973,29.50
98.53385,-0.066,8.973,29.50
98.54400,-0.064,8.851,29.50
98.56964,-0.064,8.851,29.50
98.57982,-0.059,8.796,29.50
98.60163,-0.059,8.796,29.50
98.61182,-0.059,8.802,29.50
98.63605,-0.061,8.716,29.50
98.64630,-0.061,8.716,29.50
98.66596,-0.066,8.774,29.50
98.67629,-0.070,8.774,29.50
98.70129,-0.070,8.742,29.50
98.71148,-0.076,8.850,29.50
98.73083,-0.080,8.961,29.50
98.74102,-0.088,9.024,29.50
98.75118,-0.088,9.024,29.50
98.76184,-0.092,9.212,29.50
98.77219,-0.095,9.195,29.50
98.78275,-0.095,9.195,29.50
98.79371,-0.095,9.258,29.50
98.80408,-0.098,9.258,29.50
98.81426,-0.098,9.258,29.50
98.82450,-0.097,9.360,0.00
98.83466,-0.097,9.360,0.00
98.84504,-0.103,9.369,0.00
98.85521,-0.103,9.369,0.00
98.86538,-0.106,9.548,0.00
98.87555,-0.106,9.548,0.00
98.88570,-0.117,9.507,0.00
98.89585,-0.126,9.589,0.00
98.90601,-0.126,9.589,0.00
98.91686,-0.126,9.589,0.00
98.92706,-0.149,9.634,0.00
98.93777,-0.209,9.634,0.00
98.94811,-0.209,9.596,0.00
98.95839,-0.265,9.674,0.00
98.96855,-0.265,9.674,0.00
98.97872,-0.294,9.612,0.00
98.98887,-0.294,9.612,0.00
98.99903,-0.294,9.612,0.00
99.00918,-0.352,9.660,0.00
99.01933,-0.433,9.641,0.00
99.02949,-0.433,9.641,0.00
99.03965,-0.477,9.583,0.00
99.04996,-0.477,9.583,0.00
99.06002,-0.462,9.624,0.00
99.07036,-0.462,9.624,0.00
99.08033,-0.392,9.511,0.00
99.09051,-0.392,9.511,0.00
99.10066,-0.295,9.570,0.00
99.11094,-0.295,9.570,0.00
99.12110,-0.194,9.520,0.00
99.13141,-0.194,9.520,0.00
99.14158,-0.054,9.478,0.00
99.15173,-0.054,9.478,0.00
99.16190,0.109,9.522,0.00
99.17206,0.241,9.452,0.00
99.18232,0.241,9.452,0.00
99.19271,0.241,9.452,0.00
99.20298,0.327,9.517,0.00
99.21321,0.327,9.517,0.00
99.22614,0.383,9.459,0.00
99.23630,0.406,9.398,0.00
99.24645,0.406,9.398,0.00
99.25737,0.406,9.398,0.00
99.26751,0.400,9.426,0.00
99.27767,0.332,9.333,0.00
99.28783,0.332,9.333,0.00
99.29800,0.332,9.333,0.00
99.30847,0.131,9.392,0.00
99.31863,-0.149,9.261,0.00
99.32889,-0.149,9.261,0.00
99.33912,-0.382,9.220,0.00
99.34934,-0.382,9.220,0.00
99.35969,-0.521,8.947,0.00
99.36985,-0.521,8.947,0.00
99.38002,-0.624,8.947,0.00
99.39039,-0.624,8.258,0.00
99.40066,-0.725,7.139,0.00
99.41094,-0.725,7.139,0.00
99.42110,-0.803,6.752,0.00
99.43261,-0.803,6.752,0.00
99.44288,-0.803,6.752,0.00
99.45315,-0.842,6.126,0.00
99.46332,-0.833,5.302,0.00
99.47346,-0.833,5.302,0.00
99.48362,-0.833,5.302,0.00
99.49378,-0.795,4.528,0.00
99.50418,-0.748,3.719,0.00
99.51680,-0.748,3.719,0.00
99.52696,-0.688,2.972,0.00
99.53713,-0.632,2.401,0.00
99.54732,-0.632,2.401,0.00
99.55748,-0.577,1.406,0.00
99.56854,-0.577,1.406,0.00
99.57885,-0.577,0.380,0.00
99.58923,-0.516,0.380,0.00
99.59972,-0.435,-0.599,0.00
99.60991,-0.435,-0.599,0.00
99.62012,-0.348,-1.289,0.00
99.63126,-0.348,-1.289,0.00
99.64156,-0.264,-1.344,0.00
99.65171,-0.264,-1.344,0.00
99.66203,-0.186,-0.651,0.00
99.67219,-0.186,-0.651,0.00
99.68234,-0.186,-0.651,0.00
99.69249,-0.068,0.572,0.00
99.70264,-0.068,0.833,0.00
99.71298,0.029,0.833,0.00
99.72335,0.029,0.006,0.00
99.73402,0.169,0.006,0.00
99.74419,0.169,-0.017,0.00
99.75517,0.291,-0.099,0.00
99.76551,0.291,-0.099,0.00
99.77568,0.347,-0.396,0.00
99.78583,0.347,-0.396,0.00
99.79603,0.347,-0.620,0.00
99.80631,0.353,-0.620,0.00
99.81655,0.353,-0.620,0.00
99.82682,0.358,-0.824,0.00
99.83698,0.358,-0.783,0.00
99.84715,0.390,-0.783,0.00
99.85731,0.434,-0.958,0.00
99.86748,0.434,-0.958,0.00
99.87764,0.476,-0.981,0.00
99.88780,0.476,-0.981,0.00
99.89796,0.513,-0.801,0.00
99.90813,0.513,-0.801,0.00
99.91834,0.558,-0.651,0.00
99.92849,0.558,-0.651,0.00
99.93886,0.608,-0.699,0.00
99.94924,0.608,-0.699,0.00
99.95959,0.646,-0.772,0.00
99.97131,0.646,-0.772,0.00
99.98121,0.656,-0.808,0.00
99.99158,0.656,-0.808,0.00
100.00174,0.638,-0.797,0.00
100.01190,0.638,-0.797,0.00
100.02214,0.611,-0.711,0.00
100.03259,0.611,-0.711,0.00
100.04284,0.582,-0.481,0.00
100.05307,0.582,-0.481,0.00
100.06346,0.556,-0.062,0.00
100.07369,0.556,-0.062,0.00
100.08395,0.537,0.318,0.00
100.09442,0.537,0.466,0.00
100.10437,0.521,0.466,0.00
100.11453,0.521,0.376,0.00
100.12468,0.503,0.376,0.00
100.13481,0.503,0.376,0.00
100.14496,0.476,0.268,0.00
100.15513,0.476,0.268,0.00
100.16528,0.442,0.238,0.00
100.17544,0.397,0.238,0.00
100.18558,0.397,0.210,0.00
100.19574,0.397,0.210,0.00
100.20590,0.342,0.214,0.00
100.21636,0.342,0.214,0.00
100.22653,0.277,0.194,0.00
100.23669,0.277,0.251,0.00
100.24685,0.205,0.251,0.00
100.25713,0.205,0.251,0.00
100.26722,0.133,0.412,0.00
100.27737,0.061,0.581,0.00
100.28753,0.061,0.581,0.00
100.29773,0.061,0.701,0.00
100.30790,-0.013,0.701,0.00
100.31831,-0.082,0.824,0.00
100.33387,-0.082,0.824,0.00
100.35258,-0.195,1.081,0.00
100.36842,-0.195,1.081,0.00
100.38683,-0.241,1.157,0.00
100.40201,-0.241,1.157,0.00
100.42339,-0.320,1.159,0.00
100.44076,-0.320,1.159,0.00
100.46284,-0.387,1.067,0.00
100.47494,-0.415,1.067,0.00
100.48541,-0.415,1.067,0.00
100.49603,-0.415,1.023,0.00
100.51347,-0.443,0.980,0.00
100.52917,-0.469,0.980,0.00
100.54491,-0.491,0.982,0.00
100.56079,-0.511,0.982,0.00
100.57103,-0.511,0.994,0.00
100.58320,-0.511,0.994,0.00
100.59957,-0.530,0.992,0.00
100.61576,-0.551,0.992,0.00
100.62606,-0.551,0.985,0.00
100.63625,-0.551,0.985,0.00
100.65252,-0.554,0.969,0.00
100.66272,-0.552,0.969,0.00
100.67466,-0.547,0.931,0.00
100.68512,-0.547,0.931,0.00
100.69573,-0.547,0.836,0.00
100.71312,-0.536,0.836,0.00
100.72822,-0.520,0.794,0.00
100.73932,-0.497,0.759,0.00
100.75194,-0.497,0.729,0.00
100.76968,-0.497,0.729,0.00
100.78534,-0.452,0.729,0.00
100.79731,-0.431,0.729,0.00
100.81460,-0.410,0.729,0.00
100.82642,-0.410,0.676,0.00
100.83827,-0.393,0.676,0.00
100.85434,-0.393,0.645,0.00
100.86475,-0.393,0.645,0.00
100.88045,-0.357,0.616,0.00
100.89233,-0.357,0.582,0.00
100.91917,-0.323,0.550,0.00
100.94008,-0.310,0.550,0.00
100.95184,-0.310,0.495,0.00
100.96848,-0.295,0.495,0.00
100.98319,-0.295,0.475,0.00
100.99456,-0.262,0.462,0.00
101.01124,-0.262,0.462,0.00
101.02436,-0.244,0.462,0.00
101.03564,-0.244,0.458,0.00
101.05322,-0.230,0.462,0.00
101.06892,-0.230,0.462,0.00
101.08475,-0.203,0.462,0.00
101.09688,-0.192,0.465,0.00
101.10722,-0.192,0.468,0.00
101.11809,-0.192,0.468,0.00
101.13460,-0.182,0.470,0.00
101.15075,-0.173,0.470,0.00
101.16159,-0.170,0.471,0.00
101.17446,-0.168,0.474,0.00
101.18897,-0.168,0.474,0.00
101.20470,-0.169,0.476,0.00
101.22254,-0.169,0.476,0.00
101.24538,-0.169,0.484,0.00
101.25738,-0.169,0.484,0.00
101.28743,-0.176,0.494,0.00
101.30954,-0.179,0.519,0.00
101.32110,-0.179,0.519,0.00
101.38762,-0.179,0.556,0.00
101.45533,-0.182,0.583,0.00
101.46565,-0.182,0.583,0.00
101.47582,0.141,-0.094,0.00
101.48597,0.144,-0.088,0.00
101.49731,0.144,-0.088,0.00
101.50749,0.147,-0.085,0.00
101.51868,0.149,-0.082,0.00
101.52894,0.149,-0.082,0.00
101.53910,0.150,-0.078,0.00
101.54927,0.150,-0.078,0.00
101.55942,0.155,-0.078,0.00
101.56958,0.155,-0.078,0.00
101.57982,0.155,-0.078,0.00
101.58998,0.155,-0.078,0.00
101.60023,0.165,-0.072,0.00
101.61038,0.165,-0.072,0.00
101.62054,0.174,-0.065,0.00
101.63105,0.174,-0.065,0.00
101.64187,0.184,-0.059,0.00
101.65231,0.184,-0.059,0.00
101.66247,0.194,-0.056,0.00
101.67272,0.194,-0.056,0.00
101.68357,0.209,-0.052,0.00
101.69373,0.209,-0.052,0.00
101.70390,0.223,-0.050,0.00
101.71406,0.223,-0.050,0.00
101.72424,0.237,-0.049,0.00
101.73448,0.252,-0.049,0.00
101.74464,0.252,-0.050,0.00
101.75479,0.264,-0.050,0.00
101.76498,0.264,-0.052,0.00
101.77514,0.278,-0.052,0.00
101.78527,0.278,-0.052,0.00
101.79631,0.290,-0.052,0.00
101.80671,0.290,-0.052,0.00
101.81687,0.300,-0.049,0.00
101.82703,0.300,-0.049,0.00
101.83719,0.305,-0.045,0.00
101.84734,0.305,-0.045,0.00
101.85751,0.306,-0.042,0.00
101.86766,0.306,-0.042,0.00
101.87781,0.306,-0.037,0.00
101.88818,0.306,-0.037,0.00
101.89860,0.303,-0.032,0.00
101.90943,0.303,-0.032,0.00
101.91959,0.299,-0.029,0.00
101.92976,0.299,-0.029,0.00
101.94011,0.292,-0.024,0.00
101.95202,0.292,-0.024,0.00
101.96248,0.284,-0.019,0.00
101.97269,0.284,-0.019,0.00
101.98285,0.278,-0.020,0.00
101.99333,0.278,-0.020,0.00
102.00347,0.271,-0.014,0.00
102.01367,0.271,-0.014,0.00
102.02385,0.264,-0.010,0.00
102.03408,0.264,-0.010,0.00
102.04424,0.264,-0.010,0.00
102.05441,0.264,-0.007,0.00
102.06456,0.260,-0.002,0.00
102.07476,0.260,-0.002,0.00
102.08501,0.258,-0.004,0.00
102.09516,0.256,-0.002,0.00
102.10532,0.256,-0.002,0.00
102.11548,0.256,-0.002,0.00
102.12564,0.251,-0.000,0.00
102.13580,0.251,-0.000,0.00
102.14611,0.245,0.005,0.00
102.15657,0.241,0.013,0.00
102.16687,0.241,0.013,0.00
102.17726,0.238,0.019,0.00
102.18782,0.238,0.019,0.00
102.19799,0.235,0.024,0.00
102.20816,0.235,0.024,0.00
102.21928,0.227,0.025,0.00
102.22944,0.227,0.025,0.00
102.23960,0.227,0.025,0.00
102.24983,0.227,0.027,0.00
102.26018,0.220,0.030,0.00
102.27035,0.220,0.030,0.00
102.28051,0.218,0.038,0.00
102.29080,0.218,0.038,0.00
102.30096,0.216,0.041,0.00
102.31115,0.216,0.041,0.00
102.32131,0.213,0.042,0.00
102.33147,0.213,0.042,0.00
102.34163,0.215,0.040,0.00
102.35181,0.215,0.037,0.00
102.36202,0.220,0.037,0.00
102.37219,0.220,0.037,0.00
102.38235,0.228,0.035,0.00
102.39256,0.228,0.035,0.00
102.40271,0.235,0.035,0.00
102.41301,0.235,0.031,0.00
102.42351,0.241,0.028,0.00
102.43368,0.241,0.028,0.00
102.44396,0.241,0.028,0.00
102.45400,0.245,0.023,0.00
102.46416,0.249,0.021,0.00
102.47448,0.257,0.020,0.00
102.48464,0.257,0.020,0.00
102.49482,0.263,0.021,0.00
102.50498,0.263,0.021,0.00
102.51537,0.268,0.022,0.00
102.52568,0.268,0.022,0.00
102.53639,0.268,0.022,0.00
102.54651,0.268,0.022,0.00
102.55667,0.270,0.023,0.00
102.56682,0.270,0.023,0.00
102.57700,0.273,0.023,0.00
102.58723,0.273,0.023,0.00
102.59747,0.277,0.017,0.00
102.60765,0.277,0.017,0.00
102.61850,0.280,0.015,0.00
102.62882,0.280,0.015,0.00
102.63915,0.284,0.014,0.00
102.64979,0.284,0.014,0.00
102.66018,0.289,0.014,0.00
102.67043,0.289,0.009,0.00
102.68059,0.292,0.011,0.00
102.69097,0.292,0.011,0.00
102.70107,0.294,0.011,0.00
102.71122,0.294,0.011,0.00
102.72137,0.297,0.012,0.00
102.73154,0.297,0.012,0.00
102.74169,0.303,0.010,0.00
102.75191,0.303,0.010,0.00
102.76207,0.309,0.008,0.00
102.77222,0.309,0.008,0.00
102.78252,0.312,0.006,0.00
102.79269,0.312,0.006,0.00
102.80289,0.316,0.004,0.00
102.81305,0.322,0.003,0.00
102.82320,0.322,0.003,0.00
102.83335,0.322,0.003,0.00
102.84351,0.326,0.004,0.00
102.85402,0.326,0.004,0.00
102.86419,0.332,0.006,0.00
102.87437,0.339,0.010,0.00
102.88453,0.339,0.010,0.00
102.89499,0.347,0.010,0.00
102.90523,0.347,0.011,0.00
102.91558,0.352,0.018,0.00
102.92588,0.352,0.018,0.00
102.93622,0.355,0.018,0.00
102.94662,0.355,0.022,0.00
102.95713,0.355,0.022,0.00
102.96736,0.357,0.030,0.00
102.97768,0.355,0.035,0.00
102.98798,0.355,0.035,0.00
102.99838,0.354,0.040,0.00
103.00861,0.354,0.040,0.00
103.01940,0.357,0.043,0.00
103.02954,0.357,0.043,0.00
103.03970,0.362,0.043,0.00
103.04991,0.362,0.043,0.00
103.06019,0.368,0.044,0.00
103.07053,0.368,0.044,0.00
103.08109,0.372,0.046,0.00
103.09124,0.372,0.046,0.00
103.10140,0.377,0.046,0.00
103.11174,0.377,0.046,0.00
103.12180,0.384,0.045,0.00
103.13209,0.387,0.045,0.00
103.14235,0.387,0.043,0.00
103.15251,0.387,0.043,0.00
103.16270,0.388,0.040,0.00
103.17286,0.388,0.040,0.00
103.18302,0.388,0.040,0.00
103.19318,0.388,0.040,0.00
103.20333,0.388,0.040,0.00
103.21354,0.383,0.040,0.00
103.22370,0.379,0.039,0.00
103.23401,0.379,0.039,0.00
103.24407,0.372,0.038,0.00
103.25446,0.367,0.038,0.00
103.26462,0.367,0.037,0.00
103.27478,0.362,0.036,0.00
103.28493,0.362,0.036,0.00
103.29517,0.358,0.036,0.00
103.30534,0.358,0.033,0.00
103.31559,0.358,0.035,0.00
103.32583,0.350,0.035,0.00
103.33603,0.342,0.041,0.00
103.34629,0.342,0.041,0.00
103.35655,0.334,0.044,0.00
103.36675,0.334,0.044,0.00
103.37691,0.325,0.050,0.00
103.38706,0.325,0.050,0.00
103.39721,0.315,0.058,0.00
103.40735,0.315,0.058,0.00
103.41767,0.306,0.058,0.00
103.42791,0.306,0.061,0.00
103.43805,0.287,0.068,0.00
103.44830,0.287,0.068,0.00
103.45838,0.229,0.074,0.00
103.46853,0.229,0.074,0.00
103.47869,0.138,0.078,0.00
103.48886,0.138,0.078,0.00
103.49904,-0.085,0.079,0.00
103.50964,-0.085,0.079,0.00
103.52004,-0.148,0.085,0.00
103.53066,-0.148,0.085,0.00
103.54087,-0.087,0.092,0.00
103.55137,-0.087,0.092,0.00
103.56171,-0.071,0.098,0.00
103.57189,-0.071,0.098,0.00
103.58206,0.157,0.102,0.00
103.59225,0.157,0.102,0.00
103.60271,0.558,0.103,0.00
103.61298,0.558,0.103,0.00
103.62316,1.341,0.104,0.00
103.63338,2.519,0.104,0.00
103.64354,2.519,0.112,0.00
103.65370,3.940,0.119,0.00
103.66402,3.940,0.119,0.00
103.67434,5.753,0.119,0.00
103.68434,5.753,0.126,0.00
103.69450,5.753,0.126,0.00
103.70525,5.753,0.126,0.00
103.71546,7.693,0.127,0.00
103.72562,9.743,0.129,0.00
103.73606,11.955,0.129,0.00
103.75488,11.955,0.129,0.00
103.76512,14.256,0.127,0.00
103.78585,16.554,0.123,9.00
103.79600,18.808,0.116,9.00
103.81854,18.808,0.110,9.00
103.82873,20.930,0.110,9.00
103.83888,22.896,0.104,9.00
103.85000,22.896,0.104,9.00
103.86035,24.658,0.101,9.00
103.87067,24.658,0.101,9.00
103.88200,24.658,0.101,9.00
103.89304,26.237,0.097,9.00
103.90330,27.737,0.092,9.00
103.91481,27.737,0.092,9.00
103.92497,29.027,0.089,9.00
103.93512,29.803,0.086,9.00
103.94562,29.803,0.086,9.00
103.95602,29.803,0.088,9.00
103.96676,30.050,0.088,9.00
103.99376,29.385,0.108,9.00
104.00408,29.385,0.108,9.00
104.02557,29.385,0.108,9.00
104.03610,29.385,0.108,9.00
104.05719,28.253,0.127,9.00
104.06737,25.042,0.152,9.00
104.09051,23.025,0.147,9.00
104.10068,20.926,0.148,9.00
104.11091,20.926,0.148,9.00
104.12126,20.926,0.148,9.00
104.13142,18.807,0.139,9.00
104.14159,16.674,0.120,9.00
104.15555,14.502,0.091,9.00
104.16579,14.502,0.091,9.00
104.17596,12.373,0.046,9.00
104.18612,12.373,0.046,9.00
104.19632,10.274,-0.028,9.00
104.20657,10.274,-0.028,9.00
104.21744,10.274,-0.028,9.00
104.22811,8.260,-0.125,9.00
104.23871,8.260,-0.125,9.00
104.26610,4.497,-0.431,9.00
104.27626,4.497,-0.812,9.00
104.29790,1.433,-1.097,9.00
104.30806,1.433,-1.097,9.00
104.32945,1.433,-1.262,9.00
104.33965,-0.080,-1.415,9.00
104.36159,-0.077,-1.415,9.00
104.37204,-0.077,-1.478,9.00
104.39330,0.253,-1.491,9.00
104.40361,0.645,-1.440,9.00
104.41406,0.645,-1.440,9.00
104.42604,0.870,-1.367,9.00
104.43637,0.870,-1.367,9.00
104.44665,0.836,-1.278,9.00
104.45871,0.836,-1.278,9.00
104.46887,0.726,-1.160,9.00
104.47924,0.616,-1.038,9.00
104.49068,0.616,-1.038,9.00
104.50093,0.497,-0.911,9.00
104.51297,0.497,-0.911,9.00
104.53901,0.421,-0.783,9.50
104.54932,0.380,-0.671,9.50
104.57001,0.364,-0.566,9.50
104.58085,0.364,-0.484,9.50
104.60207,0.393,-0.414,9.50
104.61222,0.393,-0.414,9.50
104.62237,0.432,-0.355,9.50
104.63453,0.432,-0.355,9.50
104.64516,0.479,-0.337,9.50
104.65544,0.479,-0.337,9.50
104.66587,0.534,-0.319,10.00
104.67695,0.589,-0.329,10.00
104.68730,0.589,-0.329,10.00
104.69897,0.632,-0.329,10.50
104.70917,0.632,-0.359,10.50
104.71934,0.666,-0.409,10.50
104.72980,0.666,-0.409,10.50
104.74008,0.686,-0.467,10.50
104.75378,0.686,-0.467,10.50
104.76429,0.697,-0.553,11.00
104.77457,0.685,-0.657,11.00
104.78495,0.685,-0.657,11.00
104.81030,0.685,-0.743,11.50
104.82050,0.623,-0.815,11.50
104.83073,0.623,-0.815,11.50
104.84231,0.592,-0.815,12.50
104.85250,0.578,-0.883,12.50
104.86267,0.578,-0.952,12.50
104.87311,0.578,-0.952,13.50
104.88329,0.571,-1.050,13.50
104.89346,0.571,-1.050,13.50
104.90556,0.560,-1.050,14.50
104.91654,0.536,-1.146,14.50
104.92670,0.536,-1.206,14.50
104.93750,0.536,-1.224,15.50
104.94782,0.509,-1.224,15.50
104.95849,0.491,-1.225,15.50
104.98625,0.491,-1.225,17.00
104.99641,0.468,-1.230,17.00
105.01775,0.468,-1.212,18.50
105.02814,0.463,-1.212,18.50
105.04920,0.463,-1.212,19.50
105.05937,0.467,-1.157,19.50
105.08110,0.467,-1.157,21.00
105.09127,0.483,-1.116,21.00
105.10299,0.503,-1.054,21.00
105.11361,0.503,-1.054,22.50
105.12390,0.516,-1.004,22.50
105.13446,0.516,-1.004,22.50
105.14546,0.516,-1.004,23.50
105.15563,0.526,-0.971,23.50
105.16579,0.531,-0.993,23.50
105.17938,0.538,-0.993,25.00
105.18979,0.538,-1.039,25.00
105.20002,0.550,-1.123,25.00
105.21027,0.550,-1.123,25.50
105.22034,0.562,-1.220,25.50
105.23223,0.562,-1.220,25.50
105.24341,0.581,-1.292,26.50
105.25409,0.581,-1.292,26.50
105.26457,0.595,-1.428,26.50
105.28934,0.595,-1.428,27.00
105.29952,0.617,-1.717,27.00
105.32169,0.624,-1.927,27.50
105.33367,0.624,-1.927,27.50
105.35303,0.638,-2.102,28.00
105.36420,0.647,-2.399,28.00
105.38560,0.651,-2.399,28.50
105.39576,0.651,-3.000,28.50
105.40604,0.651,-3.000,28.50
105.41871,0.643,-3.270,28.50
105.42883,0.643,-3.270,28.50
105.43897,0.643,-3.270,28.50
105.44984,0.638,-3.501,29.00
105.45995,0.638,-3.744,29.00
105.47011,0.630,-3.744,29.00
105.48193,0.626,-4.008,29.00
105.49221,0.623,-4.326,29.00
105.50265,0.623,-4.326,29.00
105.51384,0.623,-4.326,29.00
105.52416,0.617,-4.632,29.00
105.53524,0.617,-5.004,29.00
105.54588,0.617,-5.004,29.00
105.55603,0.609,-5.335,29.00
105.56650,0.609,-5.335,29.00
105.59615,0.604,-5.937,29.50
105.60633,0.604,-5.937,29.50
105.62566,0.598,-5.937,29.50
105.63665,0.598,-6.103,29.50
105.65709,0.590,-6.175,29.50
105.66728,0.583,-6.218,29.50
105.67776,0.586,-6.193,29.50
105.68935,0.586,-6.193,29.50
105.69953,0.586,-6.193,29.50
105.70979,0.579,-6.072,29.50
105.72296,0.575,-5.938,29.50
105.73318,0.568,-5.825,29.50
105.74351,0.568,-5.825,29.50
105.75731,0.568,-5.825,29.50
105.76750,0.548,-5.562,29.50
105.77766,0.527,-5.209,29.50
105.80135,0.527,-5.209,29.50
105.81171,0.497,-4.717,29.50
105.83471,0.497,-4.717,29.50
105.84490,0.462,-3.548,29.50
105.86498,0.462,-3.548,29.50
105.87516,0.441,-2.869,29.50
105.88532,0.428,-2.074,29.50
105.89749,0.428,-1.178,29.50
105.90778,0.416,-1.178,29.50
105.91792,0.416,-0.347,29.50
105.92960,0.416,-0.347,29.50
105.94018,0.423,0.528,29.50
105.95037,0.423,0.528,29.50
105.96158,0.439,1.271,29.50
105.97187,0.439,1.271,29.50
105.98212,0.461,2.172,29.50
105.99523,0.485,2.891,29.50
106.00542,0.485,2.891,29.50
106.01565,0.485,2.891,29.50
106.02734,0.516,3.650,29.50
106.03753,0.542,4.498,29.50
106.04769,0.542,4.498,29.50
106.06014,0.542,4.498,29.50
106.07143,0.567,5.318,29.50
106.08231,0.591,6.165,29.50
106.10562,0.613,6.165,29.50
106.11580,0.636,6.931,29.50
106.13749,0.636,8.244,29.50
106.14782,0.652,8.244,29.50
106.16995,0.668,8.693,29.50
106.18030,0.668,8.693,29.50
106.20261,0.668,9.637,29.50
106.21292,0.687,9.637,29.50
106.23300,0.687,9.637,29.50
106.24318,0.701,10.512,29.50
106.25335,0.701,10.512,29.50
106.26530,0.706,10.809,29.50
106.27563,0.705,10.809,29.50
106.28600,0.705,11.144,29.50
106.29800,0.696,11.301,29.50
106.30819,0.696,11.301,29.50
106.31851,0.690,11.520,29.50
106.32978,0.690,11.520,29.50
106.33994,0.681,11.520,29.50
106.35009,0.681,11.591,29.50
106.36272,0.674,11.616,29.50
106.37289,0.674,11.616,29.50
106.38310,0.664,11.687,29.50
106.40998,0.653,11.555,29.50
106.42014,0.653,11.555,29.50
106.44230,0.629,11.410,29.50
106.45245,0.629,11.410,29.50
106.47453,0.612,11.289,29.50
106.48507,0.612,11.289,29.50
106.50500,0.612,11.289,29.50
106.51518,0.599,11.133,29.50
106.52533,0.599,11.007,29.50
106.54084,0.599,11.007,29.50
106.55107,0.590,10.774,29.50
106.56994,0.593,10.696,29.50
106.58009,0.594,10.642,29.50
106.59040,0.594,10.642,29.50
106.60150,0.600,10.642,29.50
106.61185,0.600,10.554,29.50
106.62231,0.606,10.588,29.50
106.63335,0.606,10.461,29.50
106.64364,0.614,10.461,29.50
106.65386,0.625,10.461,29.50
106.66535,0.625,10.453,29.50
106.67554,0.625,10.453,29.50
106.68578,0.630,10.458,29.50
106.71368,0.630,10.458,29.50
106.72446,0.650,10.600,29.50
106.74591,0.662,10.596,29.50
106.75607,0.677,10.674,29.50
106.77786,0.677,10.674,29.50
106.78885,0.684,10.712,29.50
106.79922,0.695,10.732,0.00
106.80967,0.695,10.732,0.00
106.82013,0.704,10.877,0.00
106.83039,0.704,10.877,0.00
106.84055,0.717,10.887,0.00
106.85105,0.717,10.887,0.00
106.86213,0.726,11.057,0.00
106.87229,0.726,11.057,0.00
106.88245,0.737,11.139,0.00
106.89265,0.725,11.139,0.00
106.90297,0.725,11.196,0.00
106.91312,0.665,11.196,0.00
106.92336,0.665,11.284,0.00
106.93390,0.612,11.284,0.00
106.94424,0.612,11.224,0.00
106.95480,0.612,11.224,0.00
106.96496,0.576,11.315,0.00
106.97512,0.576,11.315,0.00
106.98545,0.530,11.313,0.00
106.99590,0.530,11.313,0.00
107.00647,0.493,11.359,0.00
107.01663,0.503,11.374,0.00
107.02699,0.503,11.374,0.00
107.03714,0.565,11.231,0.00
107.04729,0.565,11.231,0.00
107.05760,0.669,11.268,0.00
107.06791,0.669,11.268,0.00
107.07807,0.758,11.192,0.00
107.08823,0.758,11.192,0.00
107.09850,0.845,11.209,0.00
107.10865,0.845,11.209,0.00
107.11887,0.845,11.209,0.00
107.12902,0.997,11.258,0.00
107.13936,1.151,11.164,0.00
107.14951,1.151,11.164,0.00
107.15966,1.258,11.164,0.00
107.16990,1.258,11.138,0.00
107.18006,1.325,11.029,0.00
107.19029,1.325,11.029,0.00
107.20044,1.366,11.040,0.00
107.21073,1.366,11.040,0.00
107.22111,1.370,11.087,0.00
107.23147,1.334,11.087,0.00
107.24165,1.334,11.040,0.00
107.25181,1.334,11.040,0.00
107.26274,1.263,11.117,0.00
107.27290,1.263,11.117,0.00
107.28307,1.116,11.014,0.00
107.29323,1.116,11.014,0.00
107.30342,0.846,11.010,0.00
107.31358,0.846,10.895,0.00
107.32374,0.575,10.895,0.00
107.33391,0.575,10.876,0.00
107.34407,0.425,10.876,0.00
107.35425,0.361,10.574,0.00
107.36458,0.361,10.574,0.00
107.37495,0.361,9.813,0.00
107.38513,0.301,9.813,0.00
107.39530,0.231,9.813,0.00
107.40552,0.231,8.777,0.00
107.41566,0.176,8.777,0.00
107.42580,0.176,8.293,0.00
107.43595,0.136,8.293,0.00
107.44634,0.136,7.858,0.00
107.45655,0.116,7.073,0.00
107.46685,0.116,7.073,0.00
107.47717,0.117,7.073,0.00
107.48754,0.117,6.180,0.00
107.49800,0.134,5.302,0.00
107.50819,0.134,5.302,0.00
107.51837,0.134,4.452,0.00
107.52853,0.162,4.452,0.00
107.53868,0.200,3.667,0.00
107.54885,0.200,3.667,0.00
107.55901,0.248,2.372,0.00
107.56921,0.248,2.372,0.00
107.57937,0.248,1.100,0.00
107.58953,0.304,1.100,0.00
107.59968,0.304,1.100,0.00
107.60983,0.361,-0.161,0.00
107.61998,0.361,-0.161,0.00
107.63013,0.361,-0.161,0.00
107.64027,0.361,-0.161,0.00
107.65042,0.361,-0.161,0.00
107.66057,0.361,-0.161,0.00
107.67081,0.361,-0.161,0.00
107.68141,0.361,-0.161,0.00
107.69183,0.449,-1.238,0.00
107.70231,0.479,-1.738,0.00
107.71265,0.485,-1.095,0.00
107.72294,0.485,-1.095,0.00
107.73394,0.485,-1.095,0.00
107.74413,0.481,-0.254,0.00
107.75511,0.608,-0.312,0.00
107.76526,0.703,-0.507,0.00
107.77566,0.703,-0.507,0.00
107.78602,0.703,-0.507,0.00
107.79616,0.703,-0.507,0.00
107.80685,0.703,-0.507,0.00
107.81708,0.738,-0.927,0.00
107.82727,0.675,-1.201,0.00
107.83759,0.658,-1.343,0.00
107.84774,0.658,-1.343,0.00
107.85789,0.658,-1.343,0.00
107.86806,0.680,-1.524,0.00
107.87831,0.711,-1.603,0.00
107.88847,0.711,-1.603,0.00
107.89863,0.742,-1.469,0.00
107.90879,0.742,-1.469,0.00
107.91897,0.775,-1.257,0.00
107.92913,0.775,-1.257,0.00
107.93941,0.814,-1.234,0.00
107.95054,0.814,-1.234,0.00
107.96075,0.854,-1.292,0.00
107.97090,0.854,-1.292,0.00
107.98105,0.880,-1.346,0.00
107.99309,0.880,-1.346,0.00
108.00326,0.888,-1.337,0.00
108.01342,0.888,-1.337,0.00
108.02358,0.885,-1.270,0.00
108.03374,0.888,-1.270,0.00
108.04390,0.888,-1.132,0.00
108.05450,0.888,-1.132,0.00
108.06467,0.902,-0.921,0.00
108.07529,0.902,-0.921,0.00
108.08567,0.923,-0.546,0.00
108.09600,0.947,-0.546,0.00
108.10616,0.947,-0.212,0.00
108.11679,0.947,-0.212,0.00
108.12717,0.970,-0.064,0.00
108.13769,0.980,-0.201,0.00
108.14783,0.980,-0.201,0.00
108.15800,0.980,-0.369,0.00
108.16817,0.980,-0.369,0.00
108.17891,0.980,-0.369,0.00
108.18912,0.965,-0.473,0.00
108.19928,0.965,-0.473,0.00
108.20945,0.943,-0.603,0.00
108.21961,0.913,-0.762,0.00
108.22978,0.913,-0.762,0.00
108.23994,0.875,-0.868,0.00
108.25009,0.875,-0.868,0.00
108.26035,0.825,-0.884,0.00
108.27086,0.825,-0.884,0.00
108.28150,0.771,-0.777,0.00
108.29172,0.771,-0.777,0.00
108.30191,0.713,-0.637,0.00
108.31804,0.713,-0.637,0.00
108.33627,0.654,-0.506,0.00
108.35507,0.595,-0.366,0.00
108.36613,0.539,-0.197,0.00
108.38199,0.495,-0.022,0.00
108.39781,0.461,-0.022,0.00
108.41906,0.461,0.109,0.00
108.43002,0.430,0.109,0.00
108.46183,0.383,0.083,0.00
108.47240,0.383,0.038,0.00
108.49486,0.360,-0.001,0.00
108.50552,0.339,-0.001,0.00
108.51638,0.339,-0.061,0.00
108.54074,0.325,-0.061,0.00
108.56281,0.313,-0.061,0.00
108.57485,0.308,-0.040,0.00
108.59257,0.308,-0.007,0.00
108.60827,0.314,0.030,0.00
108.62397,0.323,0.030,0.00
108.63504,0.330,0.061,0.00
108.65088,0.330,0.084,0.00
108.66157,0.339,0.099,0.00
108.67213,0.339,0.099,0.00
108.68280,0.346,0.099,0.00
108.69427,0.346,0.088,0.00
108.70493,0.346,0.088,0.00
108.71676,0.362,0.068,0.00
108.72719,0.362,0.068,0.00
108.73750,0.362,0.068,0.00
108.75385,0.387,0.041,0.00
108.76540,0.387,0.011,0.00
108.78112,0.406,0.011,0.00
108.79382,0.406,-0.024,0.00
108.80835,0.426,-0.051,0.00
108.81886,0.448,-0.051,0.00
108.82932,0.448,-0.051,0.00
108.84094,0.469,-0.071,0.00
108.85375,0.469,-0.071,0.00
108.87998,0.504,-0.067,0.00
108.89146,0.504,-0.067,0.00
108.90213,0.504,-0.067,0.00
108.91408,0.517,-0.067,0.00
108.92504,0.517,-0.075,0.00
108.93718,0.533,-0.075,0.00
108.94858,0.549,-0.086,0.00
108.95879,0.549,-0.086,0.00
108.96975,0.563,-0.105,0.00
108.98059,0.579,-0.124,0.00
108.99194,0.579,-0.124,0.00
109.00288,0.597,-0.137,0.00
109.01363,0.616,-0.154,0.00
109.02407,0.616,-0.154,0.00
109.03553,0.616,-0.154,0.00
109.07127,0.653,-0.186,0.00
109.08696,0.671,-0.197,0.00
109.09742,0.689,-0.197,0.00
109.11516,0.689,-0.206,0.00
109.13157,0.725,-0.206,0.00
109.14730,0.725,-0.235,0.00
109.15858,0.744,-0.254,0.00
109.17082,0.744,-0.254,0.00
109.19162,0.780,-0.269,0.00
109.20709,0.780,-0.283,0.00
109.22655,0.799,-0.283,0.00
109.23744,0.820,-0.287,0.00
109.24792,0.820,-0.290,0.00
109.26934,0.842,-0.289,0.00
109.27967,0.861,-0.284,0.00
109.29557,0.861,-0.284,0.00
109.36811,0.879,-0.276,0.00
109.43292,0.940,-0.247,0.00
109.44353,0.963,-0.230,0.00
109.45787,0.471,-0.156,0.00
109.46827,0.471,-0.156,0.00
109.47856,0.475,-0.145,0.00
109.48875,0.475,-0.145,0.00
109.49897,0.475,-0.132,0.00
109.50913,0.475,-0.132,0.00
109.52004,0.472,-0.117,0.00
109.53030,0.472,-0.117,0.00
109.54046,0.465,-0.103,0.00
109.55090,0.465,-0.103,0.00
109.56107,0.457,-0.087,0.00
109.57164,0.457,-0.087,0.00
109.58212,0.452,-0.068,0.00
109.59281,0.452,-0.068,0.00
109.60318,0.442,-0.052,0.00
109.61333,0.442,-0.052,0.00
109.62351,0.432,-0.028,0.00
109.63388,0.432,-0.007,0.00
109.64404,0.423,-0.007,0.00
109.65447,0.423,-0.007,0.00
109.66494,0.417,0.016,0.00
109.67516,0.415,0.016,0.00
109.68533,0.415,0.036,0.00
109.69551,0.415,0.036,0.00
109.70571,0.415,0.057,0.00
109.71631,0.415,0.057,0.00
109.72651,0.418,0.076,0.00
109.73673,0.420,0.095,0.00
109.74689,0.420,0.095,0.00
109.75705,0.420,0.095,0.00
109.76721,0.419,0.111,0.00
109.77762,0.419,0.127,0.00
109.78795,0.417,0.127,0.00
109.79842,0.413,0.140,0.00
109.80892,0.413,0.140,0.00
109.81913,0.413,0.140,0.00
109.82927,0.410,0.152,0.00
109.83942,0.407,0.166,0.00
109.84974,0.407,0.166,0.00
109.85990,0.405,0.174,0.00
109.87005,0.405,0.174,0.00
109.88021,0.404,0.181,0.00
109.89039,0.404,0.181,0.00
109.90069,0.404,0.185,0.00
109.91093,0.404,0.185,0.00
109.92137,0.402,0.182,0.00
109.93164,0.402,0.182,0.00
109.94180,0.398,0.177,0.00
109.95197,0.398,0.177,0.00
109.96213,0.394,0.170,0.00
109.97253,0.394,0.170,0.00
109.98270,0.391,0.154,0.00
109.99295,0.387,0.154,0.00
110.00325,0.387,0.145,0.00
110.01358,0.382,0.145,0.00
110.02464,0.382,0.136,0.00
110.03531,0.374,0.136,0.00
110.04563,0.374,0.127,0.00
110.05627,0.374,0.127,0.00
110.06661,0.369,0.120,0.00
110.07676,0.369,0.120,0.00
110.08727,0.364,0.113,0.00
110.09742,0.359,0.105,0.00
110.10758,0.359,0.105,0.00
110.11773,0.352,0.098,0.00
110.12788,0.352,0.098,0.00
110.13805,0.352,0.092,0.00
110.14820,0.346,0.092,0.00
110.15891,0.342,0.085,0.00
110.16911,0.342,0.085,0.00
110.17927,0.337,0.077,0.00
110.18952,0.337,0.077,0.00
110.19978,0.337,0.077,0.00
110.20992,0.329,0.067,0.00
110.22007,0.321,0.055,0.00
110.23032,0.321,0.055,0.00
110.24056,0.315,0.044,0.00
110.25072,0.315,0.044,0.00
110.26101,0.315,0.044,0.00
110.27119,0.307,0.030,0.00
110.28135,0.298,0.024,0.00
110.29191,0.298,0.024,0.00
110.30206,0.291,0.017,0.00
110.31221,0.291,0.008,0.00
110.32237,0.287,0.008,0.00
110.33253,0.287,-0.001,0.00
110.34273,0.285,-0.001,0.00
110.35306,0.285,-0.001,0.00
110.36335,0.285,-0.010,0.00
110.37349,0.286,-0.010,0.00
110.38366,0.286,-0.021,0.00
110.39441,0.286,-0.021,0.00
110.40457,0.286,-0.030,0.00
110.41523,0.284,-0.030,0.00
110.42540,0.284,-0.041,0.00
110.43555,0.284,-0.049,0.00
110.44582,0.284,-0.049,0.00
110.45620,0.287,-0.056,0.00
110.46678,0.287,-0.056,0.00
110.47720,0.291,-0.056,0.00
110.48736,0.291,-0.058,0.00
110.49751,0.296,-0.056,0.00
110.50766,0.296,-0.056,0.00
110.51799,0.302,-0.052,0.00
110.52815,0.302,-0.052,0.00
110.53841,0.302,-0.052,0.00
110.54862,0.309,-0.048,0.00
110.55877,0.317,-0.043,0.00
110.56894,0.317,-0.043,0.00
110.58104,0.317,-0.040,0.00
110.59113,0.325,-0.040,0.00
110.60135,0.329,-0.033,0.00
110.61152,0.329,-0.033,0.00
110.62308,0.332,-0.030,0.00
110.63356,0.332,-0.030,0.00
110.64395,0.336,-0.027,0.00
110.65454,0.336,-0.027,0.00
110.66479,0.338,-0.023,0.00
110.67507,0.338,-0.023,0.00
110.68678,0.338,-0.019,0.00
110.69976,0.335,-0.015,0.00
110.71014,0.335,-0.015,0.00
110.72042,0.335,-0.015,0.00
110.73058,0.328,-0.011,0.00
110.74317,0.328,-0.011,0.00
110.75333,0.322,-0.005,0.00
110.76349,0.318,0.003,0.00
110.77365,0.318,0.003,0.00
110.78382,0.311,0.005,0.00
110.79397,0.311,0.005,0.00
110.80433,0.305,0.009,0.00
110.81450,0.297,0.016,0.00
110.82470,0.297,0.016,0.00
110.83485,0.297,0.016,0.00
110.84501,0.287,0.023,0.00
110.85532,0.272,0.030,0.00
110.86558,0.272,0.030,0.00
110.87574,0.255,0.033,0.00
110.88587,0.255,0.033,0.00
110.89647,0.240,0.043,0.00
110.90664,0.240,0.043,0.00
110.91733,0.221,0.052,0.00
110.92750,0.221,0.052,0.00
110.93766,0.202,0.065,0.00
110.94783,0.202,0.065,0.00
110.95799,0.177,0.076,0.00
110.96817,0.177,0.076,0.00
110.97835,0.131,0.087,0.00
110.98857,0.131,0.087,0.00
110.99864,0.059,0.094,0.00
111.00879,0.059,0.094,0.00
111.01894,0.059,0.094,0.00
111.02925,0.059,0.094,0.00
111.03958,-0.355,0.100,0.00
111.04975,-0.355,0.105,0.00
111.05991,-0.355,0.105,0.00
111.07010,-0.588,0.110,0.00
111.08138,-0.588,0.110,0.00
111.09156,-0.454,0.115,0.00
111.10172,-0.338,0.119,0.00
111.11187,-0.338,0.119,0.00
111.12203,-0.040,0.123,0.00
111.13219,-0.040,0.123,0.00
111.14235,0.589,0.126,0.00
111.15287,0.589,0.129,0.00
111.16303,1.506,0.129,0.00
111.17321,1.506,0.129,0.00
111.18338,2.433,0.129,0.00
111.19360,2.433,0.133,0.00
111.20385,3.691,0.136,0.00
111.21405,3.691,0.136,0.00
111.22420,5.280,0.140,0.00
111.23439,6.999,0.140,0.00
111.24454,6.999,0.140,0.00
111.25531,6.999,0.140,0.00
111.26549,8.909,0.141,0.00
111.28919,10.915,0.141,0.00
111.29937,13.044,0.139,0.00
111.32165,15.227,0.139,9.00
111.33199,15.227,0.135,9.00
111.34260,17.441,0.130,9.00
111.35354,17.441,0.130,9.00
111.36397,19.609,0.130,9.00
111.37455,21.670,0.121,9.00
111.38529,21.670,0.112,9.00
111.39557,21.670,0.112,9.00
111.40571,23.641,0.101,9.00
111.41937,23.641,0.101,9.00
111.43124,25.430,0.090,9.00
111.44140,26.924,0.079,9.00
111.46545,28.018,0.069,9.00
111.47571,28.018,0.069,9.00
111.49776,28.658,0.060,9.00
111.50829,28.658,0.060,9.00
111.52922,28.529,0.060,9.00
111.53941,27.960,0.076,9.00
111.56331,27.960,0.076,9.00
111.57361,26.922,0.082,9.00
111.59323,25.720,0.082,9.00
111.60339,24.215,0.051,9.00
111.61361,24.215,0.051,9.00
111.62517,22.576,0.051,9.00
111.63535,22.576,0.010,9.00
111.64550,20.641,-0.029,9.00
111.65805,18.433,-0.029,9.00
111.66836,18.433,-0.075,9.00
111.67851,16.176,-0.118,9.00
111.69057,16.176,-0.118,9.00
111.70057,14.045,-0.164,9.00
111.71074,14.045,-0.164,9.00
111.72157,14.045,-0.164,9.00
111.73274,11.825,-0.283,9.00
111.74293,9.574,-0.283,9.00
111.75405,7.446,-0.283,9.00
111.76433,7.446,-0.355,9.00
111.77477,5.451,-0.355,9.00
111.80172,3.717,-0.625,9.00
111.81208,2.291,-0.625,9.00
111.83620,2.291,-0.898,9.00
111.84638,1.118,-1.121,9.00
111.86571,0.246,-1.243,9.00
111.87608,-0.374,-1.243,9.00
111.89751,-0.374,-1.391,9.00
111.90768,-0.645,-1.424,9.00
111.91789,-0.722,-1.414,9.00
111.92992,-0.722,-1.414,9.00
111.94038,-0.636,-1.360,9.00
111.95162,-0.636,-1.360,9.00
111.96566,-0.479,-1.287,9.00
111.97582,-0.321,-1.287,9.00
111.98645,-0.321,-1.224,9.00
112.00945,-0.321,-1.123,9.00
112.02003,-0.048,-1.011,9.00
112.04131,-0.028,-1.011,9.50
112.05217,-0.028,-0.864,9.50
112.07574,-0.043,-0.630,9.50
112.08591,-0.043,-0.630,9.50
112.10564,-0.043,-0.630,9.50
112.11580,-0.061,-0.540,9.50
112.12595,-0.096,-0.466,9.50
112.13861,-0.096,-0.418,9.50
112.14894,-0.122,-0.418,9.50
112.15940,-0.152,-0.396,9.50
112.16978,-0.152,-0.396,10.00
112.17993,-0.170,-0.396,10.00
112.19353,-0.170,-0.397,10.00
112.20369,-0.155,-0.389,10.00
112.21399,-0.155,-0.389,10.00
112.22446,-0.121,-0.409,10.00
112.25016,-0.121,-0.409,10.50
112.26034,0.000,-0.478,10.50
112.28162,0.070,-0.538,10.50
112.29217,0.141,-0.602,10.50
112.31354,0.141,-0.602,11.00
112.32373,0.141,-0.652,11.00
112.33388,0.206,-0.652,11.00
112.34586,0.264,-0.699,12.00
112.35602,0.307,-0.759,12.00
112.36634,0.307,-0.759,12.00
112.37910,0.307,-0.759,12.50
112.38971,0.327,-0.813,12.50
112.40010,0.336,-0.855,12.50
112.41120,0.336,-0.855,13.50
112.42136,0.338,-0.899,13.50
112.43161,0.338,-0.899,13.50
112.44195,0.350,-0.950,14.50
112.45258,0.350,-0.950,14.50
112.46289,0.375,-0.989,14.50
112.48911,0.375,-0.989,15.50
112.49930,0.409,-1.007,15.50
112.52247,0.409,-0.994,17.00
112.53270,0.416,-0.994,17.00
112.55293,0.422,-0.972,18.50
112.56312,0.422,-0.950,18.50
112.58561,0.419,-0.921,20.00
112.59619,0.416,-0.896,20.00
112.60638,0.416,-0.896,20.00
112.61779,0.419,-0.860,21.00
112.62796,0.419,-0.860,21.00
112.63828,0.419,-0.816,21.00
112.65183,0.428,-0.816,22.50
112.66203,0.434,-0.800,22.50
112.67219,0.434,-0.800,22.50
112.68235,0.446,-0.773,23.50
112.69251,0.446,-0.773,23.50
112.70268,0.446,-0.748,23.50
112.71349,0.472,-0.748,25.00
112.72367,0.472,-0.760,25.00
112.73384,0.472,-0.774,25.00
112.74495,0.491,-0.774,25.50
112.75523,0.491,-0.774,25.50
112.76531,0.507,-0.828,25.50
112.77546,0.531,-0.863,25.50
112.79352,0.555,-0.863,26.50
112.80368,0.555,-0.952,26.50
112.82522,0.555,-1.035,27.00
112.83540,0.575,-1.035,27.00
112.84567,0.593,-1.179,27.00
112.85730,0.593,-1.179,27.50
112.86753,0.606,-1.375,27.50
112.87768,0.606,-1.375,27.50
112.88943,0.624,-1.601,28.00
112.89985,0.642,-1.900,28.00
112.91050,0.642,-1.900,28.00
112.92153,0.642,-2.173,28.50
112.93205,0.669,-2.173,28.50
112.94232,0.693,-2.519,28.50
112.96922,0.711,-2.519,28.50
112.97940,0.728,-3.091,28.50
113.00303,0.735,-3.382,29.00
113.01323,0.735,-3.717,29.00
113.03331,0.747,-3.717,29.00
113.04354,0.755,-4.072,29.00
113.06578,0.779,-4.400,29.00
113.07599,0.779,-4.755,29.00
113.08628,0.791,-4.755,29.00
113.09777,0.791,-4.755,29.00
113.10808,0.797,-5.052,29.00
113.11836,0.810,-5.297,29.00
113.12967,0.810,-5.297,29.50
113.14102,0.810,-5.297,29.50
113.15123,0.818,-5.478,29.50
113.16145,0.818,-5.559,29.50
113.17233,0.836,-5.559,29.50
113.18260,0.855,-5.600,29.50
113.19334,0.855,-5.600,29.50
113.20365,0.855,-5.600,29.50
113.21433,0.867,-5.609,29.50
113.22597,0.882,-5.496,29.50
113.23701,0.890,-5.281,29.50
113.24735,0.890,-5.281,29.50
113.27536,0.899,-4.989,29.50
113.28563,0.911,-4.586,29.50
113.30527,0.911,-4.586,29.50
113.31551,0.921,-4.131,29.50
113.34050,0.938,-3.578,29.50
113.35070,0.951,-2.849,29.50
113.36931,0.975,-2.162,29.50
113.37986,1.012,-1.351,29.50
113.39002,1.012,-1.351,29.50
113.40170,1.036,-0.541,29.50
113.41197,1.036,-0.541,29.50
113.42244,1.063,0.371,29.50
113.43367,1.068,0.371,29.50
113.44445,1.068,1.229,29.50
113.45462,1.068,1.229,29.50
113.46509,1.068,2.116,29.50
113.47528,1.051,2.116,29.50
113.48544,1.051,2.922,29.50
113.49771,1.041,3.919,29.50
113.50805,1.041,3.919,29.50
113.51829,1.032,4.699,29.50
113.54579,1.016,5.477,29.50
113.55640,1.016,5.477,29.50
113.57797,0.994,6.883,29.50
113.58828,0.994,6.883,29.50
113.61156,0.972,8.020,29.50
113.62188,0.972,8.020,29.50
113.64273,0.972,8.020,29.50
113.65295,0.957,8.441,29.50
113.67319,0.947,9.294,29.50
113.68359,0.935,9.294,29.50
113.69381,0.935,9.549,29.50
113.70515,0.932,9.549,29.50
113.71566,0.932,9.549,29.50
113.72603,0.932,9.816,29.50
113.73901,0.934,9.816,29.50
113.75001,0.934,9.991,29.50
113.76019,0.945,10.197,29.50
113.77035,0.945,10.197,29.50
113.78050,0.954,10.281,29.50
113.79157,0.954,10.281,29.50
113.80182,0.971,10.280,29.50
113.81215,0.988,10.325,29.50
113.82270,0.988,10.325,29.50
113.84931,0.988,10.251,29.50
113.85958,1.020,10.208,29.50
113.88193,1.028,10.117,29.50
113.89215,1.041,10.069,29.50
113.91390,1.041,10.069,29.50
113.92423,1.050,10.020,29.50
113.93463,1.058,9.876,29.50
113.94593,1.058,9.876,29.50
113.95620,1.062,9.851,29.50
113.96688,1.062,9.851,29.50
113.97715,1.062,9.851,29.50
113.98744,1.063,9.779,29.50
113.99760,1.065,9.725,29.50
114.00909,1.065,9.725,29.50
114.01927,1.065,9.725,29.50
114.02954,1.062,9.713,29.50
114.04101,1.062,9.695,29.50
114.05117,1.062,9.695,29.50
114.06133,1.062,9.695,29.50
114.09151,1.052,9.686,29.50
114.10169,1.029,9.742,29.50
114.12380,1.029,9.812,29.50
114.13413,1.010,9.812,29.50
114.15346,1.010,9.812,29.50
114.16365,0.979,9.968,29.50
114.18555,0.958,9.967,29.50
114.19592,0.958,10.024,29.50
114.21724,0.943,10.024,29.50
114.22741,0.924,10.077,29.50
114.23756,0.924,10.057,29.50
114.24951,0.917,10.057,29.50
114.25984,0.908,10.228,29.50
114.27153,0.908,10.228,29.50
114.28173,0.908,10.176,29.50
114.29195,0.900,10.279,29.50
114.30259,0.894,10.279,29.50
114.31517,0.885,10.318,29.50
114.32533,0.885,10.318,29.50
114.33549,0.886,10.318,29.50
114.34577,0.886,10.346,0.00
114.35701,0.886,10.346,0.00
114.36769,0.886,10.485,0.00
114.37785,0.888,10.472,0.00
114.38811,0.888,10.472,0.00
114.39850,0.885,10.602,0.00
114.40897,0.885,10.602,0.00
114.41913,0.888,10.560,0.00
114.42929,0.888,10.560,0.00
114.43953,0.882,10.552,0.00
114.44980,0.882,10.552,0.00
114.45996,0.832,10.576,0.00
114.47011,0.832,10.576,0.00
114.48040,0.781,10.519,0.00
114.49189,0.781,10.519,0.00
114.50205,0.764,10.617,0.00
114.51220,0.764,10.617,0.00
114.52234,0.743,10.552,0.00
114.53245,0.743,10.552,0.00
114.54274,0.719,10.581,0.00
114.55304,0.719,10.581,0.00
114.56321,0.742,10.571,0.00
114.57356,0.742,10.571,0.00
114.58372,0.814,10.478,0.00
114.59389,0.934,10.478,0.00
114.60406,0.934,10.573,0.00
114.61431,0.934,10.573,0.00
114.62447,1.084,10.484,0.00
114.63463,1.239,10.484,0.00
114.64479,1.239,10.534,0.00
114.65495,1.412,10.534,0.00
114.66514,1.412,10.512,0.00
114.67532,1.412,10.448,0.00
114.68549,1.591,10.448,0.00
114.69646,1.744,10.517,0.00
114.70662,1.744,10.517,0.00
114.71726,1.855,10.416,0.00
114.72742,1.855,10.416,0.00
114.73758,1.855,10.416,0.00
114.74773,1.919,10.507,0.00
114.75790,1.959,10.448,0.00
114.76804,1.959,10.448,0.00
114.77869,1.995,10.436,0.00
114.78885,1.995,10.436,0.00
114.79900,1.977,10.483,0.00
114.80915,1.977,10.483,0.00
114.81937,1.806,10.398,0.00
114.82968,1.806,10.398,0.00
114.84002,1.557,10.487,0.00
114.85046,1.557,10.487,0.00
114.86070,1.341,10.342,0.00
114.87103,1.341,10.342,0.00
114.88149,1.223,10.312,0.00
114.89166,1.223,10.312,0.00
114.90182,1.129,10.067,0.00
114.91198,1.129,10.067,0.00
114.92214,1.017,9.504,0.00
114.93233,1.017,9.504,0.00
114.94258,0.917,8.524,0.00
114.95274,0.917,8.524,0.00
114.96290,0.865,7.887,0.00
114.97306,0.865,7.887,0.00
114.98322,0.866,7.423,0.00
114.99530,0.866,7.423,0.00
115.00547,0.881,6.643,0.00
115.01616,0.881,5.881,0.00
115.02662,0.891,5.881,0.00
115.03678,0.891,5.881,0.00
115.04693,0.891,5.075,0.00
115.05709,0.892,4.335,0.00
115.06725,0.892,4.335,0.00
115.07765,0.904,3.624,0.00
115.08800,0.904,3.624,0.00
115.09830,0.929,2.660,0.00
115.10856,0.929,2.660,0.00
115.11873,0.960,1.346,0.00
115.12889,0.960,1.346,0.00
115.13906,0.960,1.346,0.00
115.14922,0.960,1.346,0.00
115.15959,0.960,1.346,0.00
115.16975,1.000,-0.617,0.00
115.17991,1.005,-0.976,0.00
115.19006,1.005,-0.976,0.00
115.20107,1.005,-0.976,0.00
115.21180,0.993,-0.700,0.00
115.22197,0.977,0.193,0.00
115.23214,0.977,0.193,0.00
115.24303,0.999,-0.043,0.00
115.25331,0.999,-0.043,0.00
115.26348,1.055,-0.555,0.00
115.27364,1.055,-0.555,0.00
115.28380,1.118,-0.096,0.00
115.29396,1.163,-0.096,0.00
115.30413,1.163,-0.359,0.00
115.31460,1.163,-0.359,0.00
115.32477,1.180,-0.591,0.00
115.33497,1.180,-0.591,0.00
115.34531,1.183,-0.913,0.00
115.35548,1.183,-1.020,0.00
115.36599,1.196,-1.020,0.00
115.37634,1.224,-1.063,0.00
115.38679,1.224,-1.063,0.00
115.39696,1.254,-1.166,0.00
115.40712,1.254,-1.166,0.00
115.41728,1.284,-1.103,0.00
115.42768,1.284,-1.103,0.00
115.43789,1.323,-0.846,0.00
115.44824,1.323,-0.846,0.00
115.45839,1.356,-0.733,0.00
115.46857,1.356,-0.733,0.00
115.47872,1.371,-0.799,0.00
115.48901,1.371,-0.799,0.00
115.49918,1.358,-0.864,0.00
115.50942,1.358,-0.864,0.00
115.51960,1.327,-0.871,0.00
115.53097,1.327,-0.871,0.00
115.54114,1.296,-0.852,0.00
115.55130,1.296,-0.852,0.00
115.56145,1.263,-0.762,0.00
115.57162,1.263,-0.762,0.00
115.58191,1.232,-0.518,0.00
115.59240,1.232,-0.518,0.00
115.60307,1.204,-0.173,0.00
115.61361,1.204,-0.173,0.00
115.62421,1.183,0.123,0.00
115.63439,1.171,0.211,0.00
115.64454,1.171,0.211,0.00
115.65486,1.171,0.211,0.00
115.66502,1.168,0.109,0.00
115.67519,1.164,-0.016,0.00
115.68536,1.164,-0.016,0.00
115.69552,1.164,-0.112,0.00
115.70568,1.161,-0.112,0.00
115.71585,1.159,-0.180,0.00
115.72601,1.159,-0.180,0.00
115.73617,1.159,-0.265,0.00
115.74656,1.161,-0.265,0.00
115.75715,1.161,-0.265,0.00
115.76758,1.165,-0.339,0.00
115.77797,1.163,-0.348,0.00
115.78844,1.163,-0.348,0.00
115.79895,1.153,-0.206,0.00
115.80925,1.153,-0.206,0.00
115.81941,1.132,-0.041,0.00
115.82968,1.132,-0.041,0.00
115.84066,1.109,0.072,0.00
115.87382,1.083,0.194,0.00
115.89155,1.056,0.352,0.00
115.90859,1.025,0.500,0.00
115.92300,0.992,0.567,0.00
115.93408,0.962,0.553,0.00
115.94929,0.962,0.553,0.00
115.96061,0.962,0.503,0.00
115.97256,0.927,0.503,0.00
115.98873,0.890,0.464,0.00
115.99894,0.890,0.464,0.00
116.01637,0.817,0.426,0.00
116.02787,0.817,0.426,0.00
116.04006,0.776,0.382,0.00
116.05695,0.732,0.398,0.00
116.07383,0.688,0.442,0.00
116.08902,0.688,0.442,0.00
116.10806,0.647,0.496,0.00
116.12425,0.603,0.536,0.00
116.14964,0.564,0.569,0.00
116.16574,0.535,0.592,0.00
116.17800,0.535,0.601,0.00
116.19405,0.513,0.592,0.00
116.21067,0.498,0.592,0.00
116.22124,0.484,0.575,0.00
116.23155,0.474,0.575,0.00
116.25455,0.474,0.530,0.00
116.26575,0.460,0.530,0.00
116.27771,0.460,0.530,0.00
116.28875,0.460,0.506,0.00
116.30361,0.441,0.487,0.00
116.31920,0.441,0.487,0.00
116.34088,0.407,0.454,0.00
116.36765,0.383,0.454,0.00
116.38467,0.383,0.420,0.00
116.39602,0.383,0.395,0.00
116.42211,0.384,0.395,0.00
116.43378,0.385,0.303,0.00
116.44418,0.385,0.303,0.00
116.46036,0.388,0.243,0.00
116.47167,0.388,0.243,0.00
116.48235,0.388,0.185,0.00
116.49762,0.401,0.123,0.00
116.52216,0.401,0.123,0.00
116.53903,0.421,0.012,0.00
116.55053,0.421,0.012,0.00
116.56117,0.421,-0.035,0.00
116.57147,0.436,-0.035,0.00
116.58167,0.436,-0.035,0.00
116.59272,0.481,-0.079,0.00
116.60372,0.481,-0.105,0.00
116.61402,0.481,-0.105,0.00
116.62424,0.481,-0.129,0.00
116.64039,0.538,-0.129,0.00
116.65155,0.538,-0.153,0.00
116.66726,0.565,-0.174,0.00
116.67756,0.565,-0.174,0.00
116.69523,0.586,-0.193,0.00
116.70555,0.603,-0.214,0.00
116.71569,0.620,-0.214,0.00
116.72611,0.620,-0.242,0.00
116.73752,0.620,-0.266,0.00
116.75517,0.633,-0.266,0.00
116.77196,0.653,-0.286,0.00
116.78353,0.653,-0.293,0.00
116.80479,0.663,-0.296,0.00
116.81693,0.663,-0.292,0.00
116.83475,0.674,-0.292,0.00
116.84493,0.684,-0.292,0.00
116.89351,0.684,-0.286,0.00
116.94462,0.692,-0.262,0.00
116.96097,0.108,-0.602,0.00
116.97138,0.107,-0.593,0.00
116.98154,0.104,-0.581,0.00
116.99168,0.104,-0.581,0.00
117.00193,0.102,-0.568,0.00
117.01231,0.102,-0.568,0.00
117.02245,0.102,-0.554,0.00
117.03272,0.106,-0.554,0.00
117.04361,0.106,-0.538,0.00
117.05378,0.106,-0.538,0.00
117.06395,0.109,-0.521,0.00
117.07425,0.109,-0.521,0.00
117.08441,0.110,-0.504,0.00
117.09457,0.114,-0.504,0.00
117.10473,0.114,-0.485,0.00
117.11503,0.118,-0.469,0.00
117.12542,0.118,-0.469,0.00
117.13575,0.126,-0.455,0.00
117.14593,0.126,-0.455,0.00
117.15615,0.137,-0.440,0.00
117.16636,0.137,-0.440,0.00
117.17673,0.147,-0.424,0.00
117.18689,0.147,-0.424,0.00
117.19705,0.158,-0.412,0.00
117.20721,0.158,-0.412,0.00
117.21737,0.175,-0.396,0.00
117.22754,0.175,-0.396,0.00
117.23770,0.192,-0.380,0.00
117.24788,0.192,-0.380,0.00
117.25805,0.213,-0.367,0.00
117.26831,0.213,-0.367,0.00
117.27889,0.236,-0.352,0.00
117.28904,0.236,-0.352,0.00
117.29921,0.259,-0.336,0.00
117.30936,0.259,-0.336,0.00
117.31952,0.275,-0.322,0.00
117.33008,0.275,-0.322,0.00
117.34028,0.292,-0.309,0.00
117.35056,0.292,-0.309,0.00
117.36073,0.310,-0.300,0.00
117.37153,0.310,-0.300,0.00
117.38170,0.324,-0.288,0.00
117.39185,0.324,-0.288,0.00
117.40204,0.342,-0.278,0.00
117.41235,0.342,-0.278,0.00
117.42252,0.358,-0.263,0.00
117.43268,0.358,-0.263,0.00
117.44286,0.358,-0.248,0.00
117.45326,0.375,-0.235,0.00
117.46353,0.387,-0.235,0.00
117.47378,0.387,-0.223,0.00
117.48397,0.392,-0.223,0.00
117.49416,0.392,-0.223,0.00
117.50433,0.391,-0.223,0.00
117.51472,0.382,-0.215,0.00
117.52490,0.382,-0.204,0.00
117.53504,0.368,-0.192,0.00
117.54519,0.368,-0.192,0.00
117.55551,0.352,-0.183,0.00
117.56565,0.352,-0.183,0.00
117.57589,0.337,-0.174,0.00
117.58616,0.337,-0.174,0.00
117.59640,0.320,-0.163,0.00
117.60655,0.320,-0.163,0.00
117.61722,0.308,-0.151,0.00
117.62741,0.308,-0.151,0.00
117.63766,0.308,-0.138,0.00
117.64789,0.294,-0.138,0.00
117.65806,0.279,-0.125,0.00
117.66822,0.279,-0.125,0.00
117.67838,0.262,-0.107,0.00
117.68898,0.262,-0.107,0.00
117.70067,0.244,-0.092,0.00
117.71115,0.244,-0.092,0.00
117.72130,0.234,-0.074,0.00
117.73149,0.234,-0.074,0.00
117.74168,0.225,-0.055,0.00
117.75187,0.225,-0.055,0.00
117.76240,0.220,-0.043,0.00
117.77265,0.220,-0.043,0.00
117.78279,0.214,-0.025,0.00
117.79295,0.206,-0.025,0.00
117.80311,0.206,-0.012,0.00
117.81328,0.197,0.003,0.00
117.82343,0.197,0.003,0.00
117.83361,0.188,0.013,0.00
117.84396,0.188,0.013,0.00
117.85411,0.180,0.023,0.00
117.86428,0.180,0.023,0.00
117.87445,0.180,0.023,0.00
117.88459,0.170,0.028,0.00
117.89475,0.170,0.028,0.00
117.90491,0.160,0.027,0.00
117.91508,0.150,0.022,0.00
117.92529,0.150,0.022,0.00
117.93544,0.143,0.015,0.00
117.94560,0.143,0.015,0.00
117.95728,0.134,0.015,0.00
117.96746,0.134,0.003,0.00
117.97769,0.128,-0.013,0.00
117.98798,0.128,-0.013,0.00
117.99814,0.126,-0.036,0.00
118.00830,0.126,-0.036,0.00
118.01880,0.121,-0.060,0.00
118.02896,0.121,-0.060,0.00
118.03910,0.121,-0.060,0.00
118.04926,0.121,-0.086,0.00
118.05942,0.121,-0.086,0.00
118.06958,0.125,-0.108,0.00
118.07975,0.125,-0.108,0.00
118.09046,0.135,-0.128,0.00
118.10062,0.147,-0.147,0.00
118.11173,0.147,-0.147,0.00
118.12189,0.163,-0.163,0.00
118.13240,0.163,-0.163,0.00
118.14256,0.180,-0.179,0.00
118.15272,0.180,-0.179,0.00
118.16288,0.196,-0.198,0.00
118.17303,0.214,-0.219,0.00
118.18319,0.214,-0.219,0.00
118.19401,0.237,-0.241,0.00
118.20432,0.237,-0.241,0.00
118.21657,0.237,-0.241,0.00
118.22674,0.262,-0.263,0.00
118.23694,0.282,-0.284,0.00
118.24710,0.282,-0.284,0.00
118.25725,0.301,-0.300,0.00
118.26746,0.301,-0.300,0.00
118.27762,0.318,-0.317,0.00
118.28778,0.318,-0.317,0.00
118.29839,0.337,-0.329,0.00
118.30863,0.337,-0.329,0.00
118.32028,0.337,-0.329,0.00
118.33064,0.356,-0.335,0.00
118.34081,0.373,-0.339,0.00
118.35353,0.390,-0.339,0.00
118.36368,0.390,-0.337,0.00
118.37388,0.390,-0.332,0.00
118.38404,0.405,-0.332,0.00
118.39431,0.418,-0.330,0.00
118.40456,0.418,-0.330,0.00
118.41498,0.418,-0.330,0.00
118.42514,0.427,-0.322,0.00
118.43531,0.429,-0.310,0.00
118.44550,0.429,-0.310,0.00
118.45569,0.425,-0.299,0.00
118.46585,0.425,-0.299,0.00
118.47603,0.419,-0.284,0.00
118.48629,0.419,-0.284,0.00
118.49650,0.419,-0.284,0.00
118.50666,0.414,-0.270,0.00
118.51681,0.409,-0.251,0.00
118.52701,0.409,-0.251,0.00
118.53721,0.409,-0.251,0.00
118.54739,0.401,-0.232,0.00
118.55809,0.388,-0.212,0.00
118.56836,0.388,-0.212,0.00
118.57853,0.362,-0.190,0.00
118.58873,0.362,-0.190,0.00
118.59908,0.276,-0.167,0.00
118.60954,0.276,-0.167,0.00
118.61989,0.098,-0.145,0.00
118.63094,0.098,-0.145,0.00
118.64109,-0.205,-0.124,0.00
118.65125,-0.205,-0.124,0.00
118.66141,-0.540,-0.099,0.00
118.67162,-0.540,-0.099,0.00
118.68177,-0.460,-0.077,0.00
118.69196,-0.460,-0.077,0.00
118.70211,-0.230,-0.059,0.00
118.71227,-0.230,-0.059,0.00
118.72278,0.265,-0.043,0.00
118.73363,1.055,-0.043,0.00
118.74379,1.055,-0.033,0.00
118.75450,1.923,-0.027,0.00
118.76466,1.923,-0.027,0.00
118.77581,2.918,-0.028,0.00
118.78601,2.918,-0.028,0.00
118.79617,4.353,-0.028,0.00
118.80640,4.353,-0.028,0.00
118.81658,6.025,-0.029,0.00
118.82698,6.025,-0.029,0.00
118.83714,6.025,-0.032,0.00
118.84739,7.937,-0.032,0.00
118.85756,7.937,-0.032,0.00
118.86894,7.937,-0.032,0.00
118.87913,9.943,-0.045,0.00
118.89250,11.982,-0.045,0.00
118.90266,14.080,-0.047,0.00
118.91284,14.080,-0.047,0.00
118.94315,16.141,-0.050,9.00
118.96876,18.144,-0.051,9.00
118.97895,20.093,-0.053,9.00
119.00097,21.898,-0.055,9.00
119.01131,23.503,-0.060,9.00
119.03329,24.922,-0.062,9.00
119.04345,26.289,-0.065,9.00
119.06692,27.419,-0.064,9.00
119.07743,28.157,-0.073,9.00
119.09676,28.157,-0.073,9.00
119.10694,28.524,-0.065,9.00
119.11710,28.528,-0.065,9.00
119.12906,28.528,-0.051,9.00
119.13924,28.528,-0.036,9.00
119.14950,28.275,-0.036,9.00
119.16180,28.275,-0.037,9.00
119.17216,27.575,-0.037,9.00
119.18236,26.574,-0.037,9.00
119.19332,26.574,-0.054,9.00
119.20353,25.374,-0.086,9.00
119.21368,25.374,-0.086,9.00
119.22485,24.191,-0.146,9.00
119.23504,24.191,-0.146,9.00
119.24583,22.693,-0.214,9.00
119.27348,20.961,-0.214,9.00
119.28376,19.165,-0.389,9.00
119.30575,17.295,-0.489,9.00
119.31595,15.282,-0.489,9.00
119.33754,13.222,-0.608,9.00
119.34787,13.222,-0.724,9.00
119.35803,11.228,-0.841,9.00
119.36946,11.228,-0.841,9.00
119.37991,9.211,-0.949,9.00
119.39006,9.211,-0.949,9.00
119.40165,7.266,-1.067,9.00
119.41180,7.266,-1.067,9.00
119.42196,5.510,-1.353,9.00
119.43412,5.510,-1.353,9.00
119.44439,3.835,-1.613,9.00
119.45455,3.835,-1.613,9.00
119.46562,2.301,-1.761,9.00
119.47584,1.119,-1.866,9.00
119.48600,1.119,-1.866,9.00
119.49720,1.119,-1.944,9.00
119.50757,0.100,-1.944,9.00
119.51788,0.100,-1.959,9.00
119.54526,-0.918,-1.959,9.00
119.55557,-1.018,-1.942,9.00
119.57850,-1.003,-1.863,9.00
119.58869,-1.003,-1.863,9.00
119.60885,-1.003,-1.863,9.00
119.61904,-0.760,-1.733,9.00
119.64082,-0.760,-1.733,9.00
119.65101,-0.574,-1.646,9.00
119.67401,-0.425,-1.539,9.50
119.68418,-0.298,-1.442,9.50
119.70484,-0.298,-1.442,9.50
119.71503,-0.187,-1.350,9.50
119.72546,-0.104,-1.265,9.50
119.73978,-0.104,-1.265,9.50
119.75012,-0.045,-1.218,9.50
119.76028,0.015,-1.202,9.50
119.77111,0.015,-1.202,9.50
119.78127,0.063,-1.199,9.50
119.79194,0.063,-1.199,9.50
119.80316,0.088,-1.190,10.00
119.81408,0.091,-1.205,10.00
119.82433,0.091,-1.205,10.00
119.85017,0.077,-1.217,10.00
119.86037,0.052,-1.227,10.00
119.88077,0.052,-1.227,10.50
119.89096,0.032,-1.249,10.50
119.91404,0.038,-1.274,11.00
119.92422,0.056,-1.289,11.00
119.94565,0.071,-1.314,11.50
119.95665,0.071,-1.314,11.50
119.97770,0.100,-1.360,12.00
119.98810,0.135,-1.412,12.00
119.99850,0.135,-1.438,12.00
120.00925,0.174,-1.438,13.00
120.01951,0.212,-1.494,13.00
120.02970,0.212,-1.494,13.00
120.04183,0.212,-1.494,14.00
120.05202,0.245,-1.561,14.00
120.06231,0.245,-1.561,14.00
120.07486,0.276,-1.680,15.00
120.08514,0.305,-1.680,15.00
120.09546,0.305,-1.680,15.00
120.10562,0.334,-1.714,16.50
120.11578,0.334,-1.746,16.50
120.12605,0.348,-1.746,16.50
120.15449,0.354,-1.785,18.00
120.16476,0.357,-1.822,18.00
120.18560,0.360,-1.818,19.00
120.19599,0.363,-1.790,19.00
120.20658,0.363,-1.790,19.00
120.21777,0.361,-1.756,21.00
120.22794,0.361,-1.756,21.00
120.23810,0.367,-1.719,21.00
120.25088,0.367,-1.719,22.00
120.26144,0.368,-1.692,22.00
120.27159,0.368,-1.692,22.00
120.28192,0.371,-1.669,23.50
120.29239,0.371,-1.669,23.50
120.30275,0.370,-1.669,23.50
120.31350,0.370,-1.669,24.50
120.32369,0.363,-1.653,24.50
120.33385,0.363,-1.653,24.50
120.36083,0.353,-1.638,25.50
120.37194,0.343,-1.668,25.50
120.39385,0.344,-1.683,26.50
120.40405,0.344,-1.683,26.50
120.42593,0.348,-1.745,27.00
120.43610,0.363,-1.815,27.00
120.45703,0.381,-1.928,27.50
120.46743,0.392,-2.108,27.50
120.47758,0.394,-2.282,27.50
120.49127,0.394,-2.282,28.00
120.50141,0.388,-2.560,28.00
120.51157,0.388,-2.560,28.00
120.52174,0.394,-2.776,28.50
120.53211,0.394,-2.776,28.50
120.54268,0.407,-3.074,28.50
120.55458,0.414,-3.331,28.50
120.56500,0.414,-3.331,28.50
120.57515,0.414,-3.331,28.50
120.58567,0.409,-3.602,29.00
120.59608,0.409,-3.602,29.00
120.60649,0.389,-3.884,29.00
120.61714,0.389,-3.884,29.00
120.62730,0.371,-4.202,29.00
120.63787,0.361,-4.508,29.00
120.66478,0.361,-4.508,29.00
120.67497,0.356,-4.786,29.00
120.69785,0.367,-5.290,29.00
120.70801,0.367,-5.290,29.00
120.72959,0.369,-5.533,29.50
120.74033,0.368,-5.701,29.50
120.76072,0.368,-5.701,29.50
120.77089,0.355,-5.788,29.50
120.78107,0.355,-5.788,29.50
120.79337,0.355,-5.779,29.50
120.80353,0.295,-5.779,29.50
120.81429,0.295,-5.779,29.50
120.82526,0.264,-5.630,29.50
120.83556,0.264,-5.630,29.50
120.84564,0.234,-5.415,29.50
120.85858,0.208,-5.156,29.50
120.86877,0.208,-5.156,29.50
120.87912,0.189,-4.821,29.50
120.89147,0.189,-4.821,29.50
120.90163,0.170,-4.374,29.50
120.91199,0.170,-4.374,29.50
120.93693,0.170,-4.374,29.50
120.94711,0.159,-3.632,29.50
120.96932,0.155,-3.144,29.50
120.97957,0.149,-2.666,29.50
121.00167,0.164,-2.109,29.50
121.01263,0.164,-2.109,29.50
121.03636,0.168,-1.463,29.50
121.04644,0.166,-0.689,29.50
121.06500,0.163,0.071,29.50
121.07518,0.163,0.956,29.50
121.08535,0.162,0.956,29.50
121.09957,0.166,1.868,29.50
121.10964,0.166,1.868,29.50
121.11989,0.166,1.868,29.50
121.13005,0.179,2.766,29.50
121.14022,0.179,2.766,29.50
121.15061,0.179,2.766,29.50
121.16149,0.179,2.766,29.50
121.17177,0.179,2.766,29.50
121.18241,0.192,3.595,29.50
121.20966,0.238,5.825,29.50
121.22005,0.238,5.825,29.50
121.24245,0.238,7.206,29.50
121.25263,0.261,7.206,29.50
121.27303,0.272,7.908,29.50
121.28329,0.279,8.504,29.50
121.30508,0.286,8.945,29.50
121.31540,0.299,8.945,29.50
121.32547,0.299,9.393,29.50
121.33717,0.315,9.393,29.50
121.34754,0.315,9.800,29.50
121.35770,0.315,9.800,29.50
121.37150,0.336,10.143,29.50
121.38168,0.354,10.368,29.50
121.39192,0.354,10.368,29.50
121.40243,0.376,10.554,29.50
121.41293,0.395,10.796,29.50
121.42335,0.395,10.796,29.50
121.43535,0.395,10.796,29.50
121.44561,0.416,10.914,29.50
121.45584,0.441,11.048,29.50
121.46639,0.441,11.048,29.50
121.47655,0.456,11.144,29.50
121.48670,0.456,11.144,29.50
121.51323,0.476,11.219,29.50
121.52352,0.493,11.219,29.50
121.54513,0.509,11.219,29.50
121.55540,0.527,11.112,29.50
121.57742,0.539,11.080,29.50
121.58782,0.539,10.997,29.50
121.60947,0.539,10.907,29.50
121.61963,0.566,10.903,29.50
121.62998,0.566,10.903,29.50
121.64232,0.575,10.763,29.50
121.65263,0.575,10.763,29.50
121.66284,0.583,10.749,29.50
121.67346,0.588,10.749,29.50
121.68409,0.588,10.675,29.50
121.69425,0.588,10.675,29.50
121.70554,0.593,10.658,29.50
121.71722,0.595,10.594,29.50
121.72753,0.595,10.594,29.50
121.73795,0.593,10.594,29.50
121.74830,0.593,10.658,29.50
121.75869,0.591,10.640,29.50
121.78483,0.591,10.640,29.50
121.79524,0.586,10.668,29.50
121.81777,0.566,10.710,29.50
121.82803,0.566,10.710,29.50
121.84948,0.550,10.710,29.50
121.85966,0.533,10.864,29.50
121.88169,0.512,10.949,29.50
121.89187,0.490,11.035,29.50
121.91368,0.469,11.024,29.50
121.92404,0.469,11.024,29.50
121.93429,0.469,11.024,29.50
121.94452,0.457,11.024,0.00
121.95470,0.446,11.211,0.00
121.96485,0.446,11.210,0.00
121.97548,0.437,11.297,0.00
121.98566,0.437,11.297,0.00
121.99582,0.419,11.360,0.00
122.00597,0.419,11.360,0.00
122.01676,0.412,11.336,0.00
122.02691,0.412,11.336,0.00
122.03712,0.382,11.336,0.00
122.04728,0.382,11.485,0.00
122.05743,0.315,11.458,0.00
122.06757,0.315,11.458,0.00
122.07783,0.276,11.562,0.00
122.08812,0.276,11.562,0.00
122.09852,0.255,11.545,0.00
122.10880,0.255,11.545,0.00
122.11911,0.207,11.487,0.00
122.12940,0.207,11.487,0.00
122.13969,0.191,11.586,0.00
122.15000,0.191,11.586,0.00
122.16035,0.202,11.531,0.00
122.17071,0.202,11.531,0.00
122.18108,0.266,11.665,0.00
122.19143,0.266,11.665,0.00
122.20176,0.377,11.623,0.00
122.21219,0.377,11.623,0.00
122.22268,0.494,11.566,0.00
122.23313,0.494,11.566,0.00
122.24354,0.618,11.641,0.00
122.25388,0.618,11.641,0.00
122.26420,0.757,11.559,0.00
122.27461,0.878,11.662,0.00
122.28497,0.878,11.662,0.00
122.29539,0.980,11.609,0.00
122.30569,0.980,11.609,0.00
122.31613,1.063,11.638,0.00
122.32661,1.063,11.638,0.00
122.33678,1.129,11.650,0.00
122.34712,1.129,11.650,0.00
122.35745,1.175,11.603,0.00
122.36781,1.175,11.603,0.00
122.37797,1.175,11.623,0.00
122.38826,1.199,11.623,0.00
122.39841,1.148,11.556,0.00
122.40856,1.148,11.556,0.00
122.41902,0.918,11.580,0.00
122.42955,0.918,11.580,0.00
122.44023,0.646,11.485,0.00
122.45051,0.646,11.485,0.00
122.46095,0.483,11.441,0.00
122.47293,0.483,11.441,0.00
122.48370,0.428,11.148,0.00
122.49398,0.428,11.148,0.00
122.50435,0.371,10.402,0.00
122.51467,0.371,10.402,0.00
122.52628,0.283,9.457,0.00
122.53634,0.211,8.837,0.00
122.54650,0.211,8.837,0.00
122.55666,0.174,8.837,0.00
122.56682,0.174,8.077,0.00
122.57709,0.174,7.234,0.00
122.58746,0.188,7.234,0.00
122.59762,0.188,6.295,0.00
122.60778,0.231,6.295,0.00
122.61809,0.231,5.165,0.00
122.62847,0.264,5.165,0.00
122.63898,0.285,4.145,0.00
122.64913,0.285,4.145,0.00
122.65945,0.285,2.965,0.00
122.66980,0.314,2.965,0.00
122.68018,0.350,1.529,0.00
122.69038,0.350,1.529,0.00
122.70060,0.395,0.011,0.00
122.71081,0.395,0.011,0.00
122.72115,0.448,-1.136,0.00
122.73131,0.448,-1.136,0.00
122.74146,0.493,-1.821,0.00
122.75174,0.493,-1.821,0.00
122.76201,0.520,-1.967,0.00
122.77217,0.520,-1.967,0.00
122.78234,0.529,-1.523,0.00
122.79253,0.529,-1.523,0.00
122.80269,0.524,-0.241,0.00
122.81285,0.524,-0.241,0.00
122.82300,0.503,0.105,0.00
122.83327,0.503,0.105,0.00
122.84344,0.500,-0.747,0.00
122.85371,0.534,-0.569,0.00
122.86436,0.534,-0.569,0.00
122.87489,0.590,-0.906,0.00
122.88595,0.590,-0.906,0.00
122.89613,0.651,-0.972,0.00
122.90638,0.651,-0.972,0.00
122.91654,0.682,-1.562,0.00
122.92671,0.682,-1.562,0.00
122.93689,0.688,-1.748,0.00
122.94705,0.688,-1.748,0.00
122.95733,0.688,-1.748,0.00
122.96772,0.687,-1.896,0.00
122.97789,0.693,-2.044,0.00
122.98823,0.693,-2.044,0.00
122.99863,0.694,-1.858,0.00
123.00898,0.694,-1.858,0.00
123.01934,0.695,-1.439,0.00
123.02980,0.695,-1.439,0.00
123.04027,0.706,-1.175,0.00
123.05047,0.706,-1.175,0.00
123.06080,0.722,-1.163,0.00
123.07115,0.722,-1.171,0.00
123.08149,0.730,-1.171,0.00
123.09187,0.730,-1.092,0.00
123.10234,0.720,-1.092,0.00
123.11255,0.720,-0.880,0.00
123.12270,0.691,-0.880,0.00
123.13298,0.691,-0.880,0.00
123.14314,0.646,-0.657,0.00
123.15329,0.646,-0.657,0.00
123.16345,0.601,-0.349,0.00
123.17361,0.601,-0.349,0.00
123.18377,0.569,-0.063,0.00
123.19393,0.569,0.177,0.00
123.20410,0.554,0.177,0.00
123.21435,0.554,0.211,0.00
123.22452,0.556,0.211,0.00
123.23469,0.556,0.211,0.00
123.24485,0.565,-0.002,0.00
123.25514,0.575,-0.174,0.00
123.26530,0.575,-0.174,0.00
123.27549,0.589,-0.327,0.00
123.28568,0.589,-0.327,0.00
123.29584,0.609,-0.327,0.00
123.30600,0.609,-0.494,0.00
123.31618,0.629,-0.494,0.00
123.32633,0.629,-0.650,0.00
123.33676,0.629,-0.650,0.00
123.34692,0.644,-0.801,0.00
123.35707,0.648,-0.868,0.00
123.36727,0.648,-0.868,0.00
123.37760,0.646,-0.809,0.00
123.38783,0.646,-0.809,0.00
123.39866,0.641,-0.712,0.00
123.40881,0.641,-0.712,0.00
123.41897,0.636,-0.649,0.00
123.42913,0.636,-0.649,0.00
123.44525,0.628,-0.576,0.00
123.45615,0.616,-0.576,0.00
123.46676,0.616,-0.470,0.00
123.47700,0.598,-0.352,0.00
123.49311,0.598,-0.352,0.00
123.50743,0.598,-0.274,0.00
123.52676,0.560,-0.252,0.00
123.54230,0.541,-0.294,0.00
123.55331,0.541,-0.294,0.00
123.56432,0.525,-0.294,0.00
123.58315,0.512,-0.420,0.00
123.59352,0.501,-0.420,0.00
123.60405,0.501,-0.420,0.00
123.62064,0.490,-0.519,0.00
123.63201,0.490,-0.519,0.00
123.64446,0.482,-0.545,0.00
123.66061,0.478,-0.535,0.00
123.67800,0.475,-0.535,0.00
123.69587,0.475,-0.494,0.00
123.70682,0.471,-0.447,0.00
123.72247,0.471,-0.400,0.00
123.73352,0.466,-0.400,0.00
123.74444,0.466,-0.400,0.00
123.75465,0.466,-0.400,0.00
123.77212,0.470,-0.279,0.00
123.78284,0.470,-0.279,0.00
123.79404,0.470,-0.279,0.00
123.80502,0.472,-0.279,0.00
123.81652,0.476,-0.259,0.00
123.83943,0.483,-0.256,0.00
123.85518,0.483,-0.246,0.00
123.87230,0.483,-0.239,0.00
123.88912,0.492,-0.240,0.00
123.90123,0.492,-0.232,0.00
123.91775,0.496,-0.224,0.00
123.92867,0.496,-0.224,0.00
123.94087,0.491,-0.214,0.00
123.96161,0.488,-0.203,0.00
123.97874,0.488,-0.203,0.00
123.99645,0.488,-0.190,0.00
124.00864,0.469,-0.187,0.00
124.03004,0.453,-0.190,0.00
124.04779,0.437,-0.203,0.00
124.06458,0.425,-0.220,0.00
124.08212,0.412,-0.241,0.00
124.09376,0.412,-0.241,0.00
124.11669,0.398,-0.256,0.00
124.13329,0.384,-0.266,0.00
124.14985,0.370,-0.274,0.00
124.16111,0.357,-0.277,0.00
124.17208,0.357,-0.277,0.00
124.18759,0.345,-0.273,0.00
124.19842,0.345,-0.273,0.00
124.21189,0.345,-0.268,0.00
124.22897,0.327,-0.260,0.00
124.24590,0.322,-0.255,0.00
124.26257,0.317,-0.256,0.00
124.27947,0.311,-0.264,0.00
124.29400,0.311,-0.264,0.00
124.31118,0.306,-0.275,0.00
124.32819,0.298,-0.286,0.00
124.34046,0.298,-0.286,0.00
124.35744,0.283,-0.298,0.00
124.37088,0.269,-0.308,0.00
124.38650,0.255,-0.317,0.00
124.40179,0.255,-0.317,0.00
124.41386,0.245,-0.331,0.00
124.43975,0.221,-0.334,0.00
124.48920,0.221,-0.338,0.00
124.49955,0.213,-0.340,0.00
124.55441,0.213,-0.353,0.00
124.56471,0.216,-0.353,0.00
124.57776,-0.252,-0.089,0.00
124.58792,-0.252,-0.089,0.00
124.59844,-0.252,-0.089,0.00
124.60897,-0.246,-0.098,0.00
124.61913,-0.240,-0.108,0.00
124.62928,-0.240,-0.108,0.00
124.63945,-0.232,-0.117,0.00
124.64975,-0.232,-0.117,0.00
124.65995,-0.227,-0.118,0.00
124.67011,-0.227,-0.118,0.00
124.68039,-0.221,-0.117,0.00
124.69088,-0.221,-0.117,0.00
124.70103,-0.214,-0.120,0.00
124.71124,-0.214,-0.120,0.00
124.72138,-0.210,-0.120,0.00
124.73155,-0.210,-0.120,0.00
124.74174,-0.206,-0.120,0.00
124.75190,-0.206,-0.120,0.00
124.76206,-0.204,-0.117,0.00
124.77221,-0.204,-0.118,0.00
124.78239,-0.203,-0.118,0.00
124.79254,-0.203,-0.122,0.00
124.80278,-0.198,-0.122,0.00
124.81294,-0.198,-0.122,0.00
124.82309,-0.195,-0.124,0.00
124.83325,-0.195,-0.124,0.00
124.84341,-0.190,-0.126,0.00
124.85358,-0.190,-0.126,0.00
124.86373,-0.180,-0.127,0.00
124.87388,-0.180,-0.126,0.00
124.88404,-0.167,-0.126,0.00
124.89558,-0.167,-0.126,0.00
124.90600,-0.156,-0.126,0.00
124.91620,-0.156,-0.124,0.00
124.92635,-0.143,-0.124,0.00
124.93650,-0.132,-0.121,0.00
124.94665,-0.132,-0.121,0.00
124.95680,-0.121,-0.115,0.00
124.96699,-0.121,-0.115,0.00
124.97895,-0.116,-0.110,0.00
124.98922,-0.116,-0.110,0.00
124.99961,-0.111,-0.108,0.00
125.01048,-0.111,-0.108,0.00
125.02036,-0.105,-0.104,0.00
125.03182,-0.105,-0.104,0.00
125.04198,-0.101,-0.102,0.00
125.05216,-0.101,-0.102,0.00
125.06236,-0.096,-0.095,0.00
125.07252,-0.096,-0.095,0.00
125.08275,-0.096,-0.095,0.00
125.09292,-0.089,-0.088,0.00
125.10325,-0.082,-0.081,0.00
125.11343,-0.082,-0.075,0.00
125.12358,-0.069,-0.075,0.00
125.13374,-0.069,-0.068,0.00
125.14420,-0.055,-0.068,0.00
125.15469,-0.041,-0.063,0.00
125.16486,-0.041,-0.063,0.00
125.17532,-0.041,-0.063,0.00
125.18548,-0.029,-0.060,0.00
125.19564,-0.029,-0.060,0.00
125.20584,-0.017,-0.057,0.00
125.21606,-0.017,-0.057,0.00
125.22616,-0.009,-0.056,0.00
125.23672,0.001,-0.055,0.00
125.24705,0.001,-0.055,0.00
125.25741,0.007,-0.050,0.00
125.26805,0.007,-0.050,0.00
125.27918,0.015,-0.044,0.00
125.28950,0.015,-0.044,0.00
125.29967,0.019,-0.035,0.00
125.31043,0.019,-0.035,0.00
125.32058,0.021,-0.026,0.00
125.33080,0.021,-0.026,0.00
125.34111,0.022,-0.020,0.00
125.35128,0.022,-0.009,0.00
125.36144,0.022,-0.009,0.00
125.37172,0.022,0.003,0.00
125.38189,0.023,0.003,0.00
125.39246,0.023,0.003,0.00
125.40263,0.026,0.009,0.00
125.41305,0.026,0.009,0.00
125.42322,0.030,0.017,0.00
125.43353,0.030,0.017,0.00
125.44386,0.034,0.026,0.00
125.45406,0.036,0.034,0.00
125.46421,0.036,0.034,0.00
125.47438,0.038,0.041,0.00
125.48453,0.038,0.041,0.00
125.49488,0.042,0.048,0.00
125.50523,0.042,0.048,0.00
125.51539,0.042,0.056,0.00
125.52555,0.046,0.056,0.00
125.53572,0.049,0.064,0.00
125.54589,0.049,0.064,0.00
125.55605,0.051,0.075,0.00
125.56634,0.051,0.075,0.00
125.57651,0.040,0.087,0.00
125.58670,0.040,0.087,0.00
125.59685,-0.001,0.098,0.00
125.60703,-0.001,0.098,0.00
125.61738,-0.056,0.113,0.00
125.62754,-0.056,0.113,0.00
125.63769,-0.144,0.123,0.00
125.64785,-0.144,0.123,0.00
125.65802,-0.185,0.134,0.00
125.66828,-0.185,0.134,0.00
125.67844,-0.205,0.143,0.00
125.68860,-0.205,0.143,0.00
125.69876,-0.233,0.157,0.00
125.70892,-0.233,0.157,0.00
125.71907,-0.253,0.157,0.00
125.72927,-0.253,0.167,0.00
125.73941,-0.271,0.175,0.00
125.74963,-0.271,0.175,0.00
125.75979,-0.344,0.180,0.00
125.76991,-0.344,0.180,0.00
125.78018,-0.450,0.183,0.00
125.79040,-0.450,0.183,0.00
125.80068,-0.463,0.186,0.00
125.81155,-0.463,0.186,0.00
125.82264,-0.507,0.186,0.00
125.83319,-0.528,0.186,0.00
125.84353,-0.528,0.185,0.00
125.85401,-0.528,0.185,0.00
125.86418,-0.505,0.184,0.00
125.87449,-0.505,0.184,0.00
125.88453,-0.279,0.184,0.00
125.89472,-0.279,0.184,0.00
125.90487,0.064,0.185,0.00
125.91510,0.463,0.185,0.00
125.92526,0.463,0.185,0.00
125.93547,0.463,0.185,0.00
125.94574,1.036,0.189,0.00
125.95592,1.850,0.189,0.00
125.96608,1.850,0.194,0.00
125.97637,3.054,0.195,0.00
125.98672,3.054,0.195,0.00
125.99689,3.054,0.195,0.00
126.00705,4.519,0.197,0.00
126.01725,6.307,0.199,0.00
126.02758,6.307,0.199,0.00
126.03776,8.326,0.202,0.00
126.04816,8.326,0.202,0.00
126.07347,10.523,0.194,0.00
126.08393,12.814,0.194,0.00
126.10527,12.814,0.195,9.00
126.11544,15.151,0.195,9.00
126.13717,19.852,0.181,9.00
126.14749,19.852,0.181,9.00
126.15765,22.154,0.181,9.00
126.16938,22.154,0.172,9.00
126.17983,24.269,0.172,9.00
126.19047,24.269,0.172,9.00
126.20080,24.269,0.172,9.00
126.21108,26.178,0.178,9.00
126.22128,27.886,0.192,9.00
126.23348,27.886,0.204,9.00
126.24385,29.401,0.204,9.00
126.25464,30.595,0.223,9.00
126.26555,30.595,0.223,9.00
126.27571,31.382,0.223,9.00
126.28590,31.382,0.249,9.00
126.31705,31.584,0.289,9.00
126.32768,31.584,0.289,9.00
126.34505,31.067,0.289,9.00
126.35542,30.197,0.320,9.00
126.37740,30.197,0.320,9.00
126.38758,29.051,0.332,9.00
126.40864,27.802,0.332,9.00
126.41882,27.802,0.332,9.00
126.44314,24.759,0.300,9.00
126.45332,24.759,0.261,9.00
126.47507,20.559,0.203,9.00
126.48538,20.559,0.203,9.00
126.49552,20.559,0.203,9.00
126.50568,18.256,0.137,9.00
126.51586,18.256,0.067,9.00
126.52601,15.973,0.067,9.00
126.53734,13.397,-0.013,9.00
126.54766,13.397,-0.013,9.00
126.55783,10.862,-0.013,9.00
126.56940,10.862,-0.150,9.00
126.57958,8.274,-0.442,9.00
126.59003,8.274,-0.442,9.00
126.60018,5.790,-0.656,9.00
126.61908,5.790,-0.656,9.00
126.62929,3.925,-0.774,9.00
126.64956,1.968,-0.894,9.00
126.65970,0.423,-0.954,9.00
126.68131,-0.207,-0.995,9.00
126.69166,-0.207,-0.995,9.00
126.71296,-0.202,-0.994,9.00
126.72402,0.119,-0.968,9.00
126.73442,0.119,-0.968,9.00
126.74524,0.119,-0.929,9.00
126.75564,-0.155,-0.929,9.00
126.76582,-0.325,-0.863,9.00
126.77752,-0.325,-0.801,9.00
126.78775,-0.411,-0.801,9.00
126.79844,-0.554,-0.726,9.00
126.80942,-0.554,-0.726,9.00
126.81995,-0.631,-0.726,9.00
126.83172,-0.631,-0.631,9.00
126.84189,-0.606,-0.537,9.50
126.85205,-0.606,-0.445,9.50
126.86229,-0.619,-0.445,9.50
126.89102,-0.797,-0.372,9.50
126.90121,-0.941,-0.298,9.50
126.92289,-0.941,-0.233,9.50
126.93319,-1.086,-0.233,9.50
126.95261,-1.254,-0.223,9.50
126.96278,-1.343,-0.223,9.50
126.97293,-1.343,-0.255,9.50
126.98559,-1.357,-0.260,10.00
126.99903,-1.316,-0.283,10.00
127.01714,-1.316,-0.283,10.00
127.02733,-1.243,-0.283,10.00
127.03751,-1.200,-0.288,10.00
127.04959,-1.200,-0.288,10.50
127.05998,-1.191,-0.316,10.50
127.07038,-1.191,-0.316,10.50
127.08074,-1.191,-0.316,11.00
127.09093,-1.215,-0.342,11.00
127.10108,-1.264,-0.340,11.00
127.11357,-1.264,-0.340,11.50
127.12372,-1.326,-0.323,11.50
127.13436,-1.326,-0.358,11.50
127.14467,-1.382,-0.358,12.50
127.15497,-1.382,-0.358,12.50
127.16513,-1.428,-0.406,12.50
127.17528,-1.450,-0.477,12.50
127.19413,-1.450,-0.477,13.00
127.20444,-1.454,-0.588,13.00
127.22481,-1.454,-0.588,14.00
127.23499,-1.447,-0.719,14.00
127.25697,-1.442,-0.908,15.00
127.26717,-1.439,-1.073,15.00
127.28908,-1.432,-1.218,16.50
127.29941,-1.424,-1.310,16.50
127.30957,-1.424,-1.310,16.50
127.32101,-1.424,-1.376,18.00
127.33133,-1.417,-1.376,18.00
127.34167,-1.416,-1.392,18.00
127.35334,-1.417,-1.428,19.50
127.36374,-1.417,-1.428,19.50
127.37569,-1.411,-1.476,19.50
127.38607,-1.411,-1.476,21.00
127.39624,-1.401,-1.476,21.00
127.40642,-1.401,-1.506,21.00
127.43313,-1.358,-1.515,22.00
127.44341,-1.358,-1.526,22.00
127.46519,-1.358,-1.553,23.50
127.47694,-1.292,-1.550,23.50
127.49951,-1.277,-1.550,24.50
127.51015,-1.277,-1.538,24.50
127.53125,-1.255,-1.609,25.50
127.54142,-1.233,-1.688,25.50
127.55158,-1.233,-1.688,25.50
127.56173,-1.204,-1.852,26.50
127.57205,-1.168,-2.007,26.50
127.58258,-1.168,-2.007,26.50
127.60882,-1.168,-2.007,27.00
127.61903,-1.135,-2.191,27.00
127.64140,-1.104,-2.475,27.50
127.65174,-1.075,-2.753,27.50
127.67571,-1.045,-3.143,28.00
127.68589,-1.017,-3.455,28.00
127.70542,-0.992,-3.795,28.50
127.71558,-0.968,-4.176,28.50
127.72595,-0.968,-4.176,28.50
127.73706,-0.968,-4.176,28.50
127.74743,-0.944,-4.471,28.50
127.75780,-0.908,-4.773,28.50
127.76935,-0.908,-4.773,29.00
127.77963,-0.877,-5.075,29.00
127.79072,-0.877,-5.075,29.00
127.80101,-0.867,-5.075,29.00
127.81134,-0.866,-5.356,29.00
127.82152,-0.866,-5.622,29.00
127.84866,-0.866,-5.622,29.00
127.85918,-0.833,-6.128,29.00
127.88177,-0.816,-6.369,29.00
127.89210,-0.816,-6.369,29.00
127.91516,-0.774,-6.552,29.50
127.92526,-0.774,-6.552,29.50
127.93543,-0.758,-6.519,29.50
127.94681,-0.758,-6.519,29.50
127.95722,-0.738,-6.383,29.50
127.96732,-0.738,-6.383,29.50
127.97864,-0.738,-6.383,29.50
127.98889,-0.710,-6.224,29.50
127.99906,-0.683,-5.882,29.50
128.00931,-0.683,-5.882,29.50
128.02022,-0.672,-5.641,29.50
128.03104,-0.672,-5.641,29.50
128.05673,-0.662,-5.641,29.50
128.06690,-0.664,-5.018,29.50
128.08936,-0.664,-4.653,29.50
128.09953,-0.667,-4.204,29.50
128.12102,-0.667,-4.204,29.50
128.13137,-0.667,-3.726,29.50
128.14173,-0.662,-3.129,29.50
128.15966,-0.662,-2.511,29.50
128.17002,-0.662,-2.511,29.50
128.18553,-0.656,-1.822,29.50
128.19586,-0.644,-1.020,29.50
128.20630,-0.644,-1.020,29.50
128.21759,-0.628,-0.341,29.50
128.22841,-0.628,-0.341,29.50
128.23857,-0.612,0.385,29.50
128.24926,-0.612,0.385,29.50
128.25942,-0.602,0.385,29.50
128.26961,-0.602,1.102,29.50
128.28141,-0.602,1.783,29.50
128.29250,-0.580,1.783,29.50
128.30307,-0.561,2.593,29.50
128.32858,-0.561,2.593,29.50
128.33879,-0.526,3.880,29.50
128.36148,-0.506,4.497,29.50
128.37182,-0.506,4.497,29.50
128.39347,-0.450,5.118,29.50
128.40378,-0.450,5.549,29.50
128.42544,-0.419,6.090,29.50
128.43581,-0.391,6.556,29.50
128.44617,-0.391,6.556,29.50
128.45698,-0.391,7.003,29.50
128.46733,-0.369,7.003,29.50
128.47775,-0.342,7.375,29.50
128.48997,-0.342,7.375,29.50
128.50026,-0.317,7.666,29.50
128.51110,-0.317,7.666,29.50
128.52113,-0.294,8.122,29.50
128.53153,-0.294,8.122,29.50
128.54169,-0.276,8.415,29.50
128.55284,-0.276,8.415,29.50
128.56332,-0.260,8.836,29.50
128.57372,-0.245,8.836,29.50
128.60071,-0.245,9.118,29.50
128.61103,-0.234,9.333,29.50
128.63432,-0.224,9.333,29.50
128.64441,-0.218,9.644,29.50
128.66459,-0.218,9.644,29.50
128.67477,-0.210,9.815,29.50
128.69900,-0.210,9.920,29.50
128.70915,-0.210,9.920,29.50
128.73193,-0.202,9.920,29.50
128.74211,-0.202,10.000,29.50
128.76068,-0.202,10.000,29.50
128.77088,-0.199,10.053,29.50
128.78103,-0.192,10.040,29.50
128.79257,-0.192,10.040,29.50
128.80277,-0.187,10.078,29.50
128.81292,-0.187,10.078,29.50
128.82494,-0.179,10.176,29.50
128.83527,-0.179,10.129,29.50
128.84560,-0.168,10.129,29.50
128.85759,-0.153,10.226,29.50
128.86791,-0.153,10.226,29.50
128.87830,-0.138,10.192,29.50
128.90506,-0.138,10.215,29.50
128.91536,-0.130,10.275,29.50
128.93702,-0.101,10.275,29.50
128.94732,-0.101,10.260,29.50
128.96977,-0.082,10.383,29.50
128.98016,-0.060,10.388,29.50
129.00062,-0.060,10.388,29.50
129.01080,-0.040,10.514,29.50
129.02096,-0.012,10.599,29.50
129.03327,0.017,10.598,29.50
129.04364,0.017,10.598,29.50
129.05442,0.044,10.598,29.50
129.06519,0.044,10.785,29.50
129.07537,0.068,10.785,29.50
129.08575,0.068,10.782,29.50
129.09743,0.085,10.883,29.50
129.10769,0.085,10.883,29.50
129.11787,0.102,10.943,29.50
129.12803,0.102,10.943,0.00
129.13838,0.118,10.952,0.00
129.14854,0.118,10.952,0.00
129.15870,0.118,10.952,0.00
129.16886,0.137,11.123,0.00
129.17902,0.145,11.193,0.00
129.18918,0.145,11.193,0.00
129.19934,0.155,11.398,0.00
129.20949,0.155,11.398,0.00
129.21964,0.159,11.456,0.00
129.22979,0.159,11.456,0.00
129.24015,0.124,11.495,0.00
129.25046,0.124,11.495,0.00
129.26063,0.089,11.606,0.00
129.27079,0.089,11.606,0.00
129.28095,0.069,11.597,0.00
129.29129,0.069,11.597,0.00
129.30133,0.034,11.759,0.00
129.31175,0.034,11.759,0.00
129.32209,-0.004,11.764,0.00
129.33263,0.002,11.764,0.00
129.34271,0.002,11.792,0.00
129.35326,0.002,11.792,0.00
129.36352,0.048,11.858,0.00
129.37386,0.048,11.858,0.00
129.38418,0.135,11.858,0.00
129.39457,0.266,11.877,0.00
129.40491,0.266,11.877,0.00
129.41545,0.415,11.837,0.00
129.42587,0.415,11.837,0.00
129.43624,0.564,11.855,0.00
129.44672,0.564,11.855,0.00
129.45688,0.564,11.895,0.00
129.46704,0.729,11.895,0.00
129.47720,0.729,11.895,0.00
129.48736,0.899,11.952,0.00
129.49752,1.060,11.906,0.00
129.50768,1.060,11.906,0.00
129.51798,1.196,11.880,0.00
129.52815,1.196,11.880,0.00
129.53835,1.307,11.880,0.00
129.54849,1.307,11.878,0.00
129.55875,1.381,11.878,0.00
129.56905,1.381,11.819,0.00
129.58000,1.398,11.910,0.00
129.59048,1.398,11.910,0.00
129.60064,1.301,11.819,0.00
129.61081,1.301,11.819,0.00
129.62103,1.069,11.830,0.00
129.63119,1.069,11.830,0.00
129.64134,0.873,11.655,0.00
129.65149,0.873,11.655,0.00
129.66165,0.781,11.128,0.00
129.67200,0.781,11.128,0.00
129.68237,0.706,10.357,0.00
129.69267,0.634,10.357,0.00
129.70299,0.634,9.201,0.00
129.71349,0.634,9.201,0.00
129.72381,0.523,8.118,0.00
129.73398,0.523,8.118,0.00
129.74422,0.426,7.061,0.00
129.75445,0.426,5.937,0.00
129.76452,0.384,5.937,0.00
129.77475,0.384,5.937,0.00
129.78490,0.387,4.455,0.00
129.79569,0.387,3.049,0.00
129.80584,0.369,3.049,0.00
129.81615,0.369,3.049,0.00
129.82631,0.312,1.663,0.00
129.83744,0.312,1.663,0.00
129.84776,0.249,0.135,0.00
129.85817,0.218,-1.123,0.00
129.86833,0.218,-1.123,0.00
129.87849,0.229,-2.024,0.00
129.88865,0.229,-2.024,0.00
129.89881,0.276,-2.024,0.00
129.90910,0.276,-2.480,0.00
129.91925,0.339,-2.236,0.00
129.92939,0.339,-2.236,0.00
129.93956,0.339,-2.236,0.00
129.94982,0.388,-1.021,0.00
129.96006,0.405,0.360,0.00
129.97031,0.405,0.360,0.00
129.98050,0.391,0.092,0.00
129.99066,0.391,0.092,0.00
130.00082,0.356,-1.135,0.00
130.01099,0.356,-1.135,0.00
130.02115,0.302,-1.202,0.00
130.03137,0.302,-1.202,0.00
130.04154,0.220,-1.297,0.00
130.05171,0.220,-1.406,0.00
130.06187,0.131,-1.406,0.00
130.07204,0.131,-1.406,0.00
130.08232,0.065,-1.775,0.00
130.09259,0.065,-1.775,0.00
130.10292,0.017,-2.061,0.00
130.11310,0.017,-2.061,0.00
130.12327,-0.032,-2.295,0.00
130.13346,-0.032,-2.295,0.00
130.14372,-0.087,-2.231,0.00
130.15457,-0.087,-1.915,0.00
130.16489,-0.151,-1.915,0.00
130.17521,-0.151,-1.573,0.00
130.18551,-0.211,-1.573,0.00
130.19569,-0.211,-1.573,0.00
130.20598,-0.253,-1.470,0.00
130.21617,-0.279,-1.497,0.00
130.22633,-0.279,-1.497,0.00
130.23648,-0.279,-1.497,0.00
130.24673,-0.295,-1.502,0.00
130.25688,-0.299,-1.405,0.00
130.26704,-0.299,-1.405,0.00
130.27719,-0.288,-1.310,0.00
130.28735,-0.288,-1.310,0.00
130.29760,-0.288,-1.310,0.00
130.30785,-0.264,-1.233,0.00
130.31842,-0.229,-1.128,0.00
130.32859,-0.229,-1.128,0.00
130.33981,-0.203,-0.961,0.00
130.35000,-0.203,-0.961,0.00
130.36025,-0.192,-0.660,0.00
130.37057,-0.192,-0.660,0.00
130.38073,-0.186,-0.359,0.00
130.39089,-0.186,-0.359,0.00
130.40115,-0.175,-0.086,0.00
130.41131,-0.175,-0.086,0.00
130.42148,-0.160,-0.082,0.00
130.43166,-0.160,-0.082,0.00
130.44182,-0.142,-0.391,0.00
130.45198,-0.142,-0.391,0.00
130.46214,-0.135,-0.615,0.00
130.47233,-0.135,-0.615,0.00
130.48249,-0.137,-0.762,0.00
130.49265,-0.142,-0.762,0.00
130.50321,-0.142,-0.939,0.00
130.51390,-0.142,-0.939,0.00
130.52423,-0.149,-1.111,0.00
130.53514,-0.149,-1.111,0.00
130.54529,-0.154,-1.271,0.00
130.55546,-0.155,-1.317,0.00
130.56572,-0.155,-1.317,0.00
130.57607,-0.151,-1.262,0.00
130.58653,-0.151,-1.262,0.00
130.59681,-0.144,-1.169,0.00
130.60701,-0.144,-1.169,0.00
130.61720,-0.135,-1.108,0.00
130.62737,-0.135,-1.108,0.00
130.64406,-0.127,-1.024,0.00
130.66038,-0.117,-0.907,0.00
130.67319,-0.117,-0.781,0.00
130.68338,-0.106,-0.781,0.00
130.69908,-0.094,-0.648,0.00
130.70957,-0.094,-0.648,0.00
130.72018,-0.084,-0.648,0.00
130.73078,-0.084,-0.542,0.00
130.74673,-0.084,-0.540,0.00
130.76105,-0.080,-0.625,0.00
130.77126,-0.080,-0.625,0.00
130.79330,-0.088,-0.696,0.00
130.80346,-0.088,-0.761,0.00
130.81485,-0.108,-0.761,0.00
130.82570,-0.108,-0.818,0.00
130.83597,-0.108,-0.818,0.00
130.85082,-0.108,-0.818,0.00
130.86323,-0.111,-0.862,0.00
130.87918,-0.123,-0.862,0.00
130.92330,-0.126,-0.748,0.00
130.93757,-0.126,-0.655,0.00
130.95393,-0.131,-0.502,0.00
130.96962,-0.135,-0.502,0.00
130.98589,-0.135,-0.451,0.00
131.00170,-0.146,-0.432,0.00
131.01190,-0.146,-0.432,0.00
131.03830,-0.154,-0.440,0.00
131.05837,-0.176,-0.480,0.00
131.06859,-0.176,-0.480,0.00
131.08004,-0.188,-0.480,0.00
131.09043,-0.188,-0.515,0.00
131.10678,-0.201,-0.534,0.00
131.11712,-0.201,-0.534,0.00
131.12729,-0.201,-0.543,0.00
131.13770,-0.222,-0.543,0.00
131.14834,-0.222,-0.540,0.00
131.16452,-0.230,-0.518,0.00
131.17485,-0.238,-0.518,0.00
131.18525,-0.238,-0.499,0.00
131.19622,-0.238,-0.499,0.00
131.21245,-0.245,-0.479,0.00
131.22883,-0.255,-0.464,0.00
131.23994,-0.264,-0.464,0.00
131.25066,-0.264,-0.455,0.00
131.26156,-0.272,-0.460,0.00
131.28386,-0.279,-0.472,0.00
131.29522,-0.285,-0.484,0.00
131.30585,-0.285,-0.484,0.00
131.31646,-0.289,-0.484,0.00
131.33786,-0.292,-0.502,0.00
131.34825,-0.292,-0.502,0.00
131.35957,-0.295,-0.509,0.00
131.36973,-0.295,-0.509,0.00
131.38105,-0.299,-0.514,0.00
131.39172,-0.299,-0.514,0.00
131.40191,-0.302,-0.513,0.00
131.41252,-0.302,-0.513,0.00
131.42977,-0.302,-0.510,0.00
131.44522,-0.308,-0.510,0.00
131.45640,-0.309,-0.507,0.00
131.46680,-0.309,-0.507,0.00
131.48269,-0.307,-0.507,0.00
131.49991,-0.302,-0.522,0.00
131.51118,-0.302,-0.522,0.00
131.53121,-0.291,-0.528,0.00
131.54688,-0.283,-0.537,0.00
131.55738,-0.283,-0.549,0.00
131.56754,-0.276,-0.549,0.00
131.58465,-0.276,-0.557,0.00
131.59526,-0.276,-0.564,0.00
131.60670,-0.262,-0.564,0.00
131.61710,-0.254,-0.569,0.00
131.62735,-0.254,-0.569,0.00
131.67785,-0.231,-0.580,0.00
131.73304,-0.228,-0.580,0.00
131.74324,-0.004,-0.062,0.00
131.75342,-0.004,-0.062,0.00
131.76357,-0.001,-0.070,0.00
131.77373,-0.001,-0.070,0.00
131.78388,-0.001,-0.070,0.00
131.79486,-0.001,-0.070,0.00
131.80502,-0.003,-0.071,0.00
131.81560,-0.005,-0.070,0.00
131.82577,-0.005,-0.070,0.00
131.83685,-0.005,-0.070,0.00
131.84701,-0.008,-0.071,0.00
131.85722,-0.008,-0.071,0.00
131.86745,-0.010,-0.066,0.00
131.87760,-0.010,-0.060,0.00
131.88782,-0.010,-0.060,0.00
131.89798,-0.006,-0.054,0.00
131.90812,-0.006,-0.054,0.00
131.91853,-0.006,-0.048,0.00
131.92871,-0.002,-0.048,0.00
131.93936,-0.002,-0.048,0.00
131.95227,-0.000,-0.039,0.00
131.96245,0.003,-0.034,0.00
131.97260,0.003,-0.034,0.00
131.98278,0.002,-0.025,0.00
131.99301,0.002,-0.025,0.00
132.00347,-0.002,-0.017,0.00
132.01399,-0.002,-0.017,0.00
132.02419,-0.006,-0.009,0.00
132.03443,-0.006,-0.009,0.00
132.04470,-0.006,-0.009,0.00
132.05545,-0.009,0.003,0.00
132.06562,-0.016,0.013,0.00
132.07603,-0.026,0.025,0.00
132.08646,-0.026,0.025,0.00
132.09733,-0.028,0.034,0.00
132.10848,-0.028,0.034,0.00
132.11901,-0.028,0.040,0.00
132.12917,-0.028,0.040,0.00
132.13933,-0.028,0.040,0.00
132.14965,-0.028,0.040,0.00
132.15978,-0.021,0.046,0.00
132.16995,-0.016,0.049,0.00
132.18011,-0.015,0.051,0.00
132.19051,-0.015,0.051,0.00
132.20123,-0.015,0.051,0.00
132.21151,-0.015,0.051,0.00
132.22178,-0.014,0.052,0.00
132.23210,-0.014,0.052,0.00
132.24227,-0.007,0.053,0.00
132.25243,-0.007,0.053,0.00
132.26258,0.003,0.056,0.00
132.27274,0.003,0.056,0.00
132.28289,0.010,0.060,0.00
132.29305,0.010,0.060,0.00
132.30320,0.017,0.066,0.00
132.31344,0.021,0.070,0.00
132.32370,0.021,0.070,0.00
132.33445,0.021,0.070,0.00
132.34483,0.023,0.072,0.00
132.35500,0.023,0.070,0.00
132.36516,0.030,0.070,0.00
132.37586,0.035,0.074,0.00
132.38602,0.035,0.074,0.00
132.39619,0.041,0.072,0.00
132.40636,0.041,0.072,0.00
132.41651,0.046,0.075,0.00
132.42666,0.046,0.075,0.00
132.43680,0.049,0.079,0.00
132.44696,0.049,0.079,0.00
132.45732,0.049,0.079,0.00
132.46747,0.047,0.080,0.00
132.47780,0.043,0.085,0.00
132.49044,0.043,0.085,0.00
132.50063,0.034,0.092,0.00
132.51078,0.034,0.092,0.00
132.52094,0.022,0.099,0.00
132.53111,0.022,0.099,0.00
132.54126,0.006,0.106,0.00
132.55141,0.006,0.106,0.00
132.56176,-0.014,0.114,0.00
132.57325,-0.014,0.114,0.00
132.58341,-0.036,0.121,0.00
132.59358,-0.036,0.121,0.00
132.60375,-0.059,0.130,0.00
132.61391,-0.059,0.130,0.00
132.62407,-0.086,0.142,0.00
132.63428,-0.114,0.152,0.00
132.64443,-0.114,0.152,0.00
132.65459,-0.114,0.152,0.00
132.66475,-0.142,0.165,0.00
132.67510,-0.171,0.181,0.00
132.68526,-0.171,0.181,0.00
132.69541,-0.171,0.181,0.00
132.70556,-0.200,0.197,0.00
132.71573,-0.231,0.197,0.00
132.72639,-0.231,0.206,0.00
132.73693,-0.231,0.206,0.00
132.74709,-0.257,0.215,0.00
132.75724,-0.257,0.215,0.00
132.76765,-0.276,0.226,0.00
132.77782,-0.295,0.237,0.00
132.78798,-0.295,0.237,0.00
132.79814,-0.295,0.237,0.00
132.80847,-0.314,0.248,0.00
132.81862,-0.314,0.255,0.00
132.82893,-0.331,0.255,0.00
132.83934,-0.355,0.258,0.00
132.84963,-0.355,0.258,0.00
132.85978,-0.355,0.258,0.00
132.86996,-0.355,0.259,0.00
132.88029,-0.454,0.257,0.00
132.89151,-0.454,0.257,0.00
132.90158,-0.543,0.247,0.00
132.91185,-0.543,0.247,0.00
132.92201,-0.696,0.235,0.00
132.93278,-0.696,0.235,0.00
132.94296,-0.810,0.218,0.00
132.95331,-0.719,0.202,0.00
132.96371,-0.719,0.202,0.00
132.97404,-0.719,0.181,0.00
132.98461,-0.651,0.181,0.00
132.99591,-0.651,0.181,0.00
133.00614,-0.608,0.158,0.00
133.01629,-0.399,0.158,0.00
133.02645,-0.399,0.127,0.00
133.03758,-0.399,0.127,0.00
133.04774,-0.028,0.099,0.00
133.05789,0.420,0.070,0.00
133.06808,0.420,0.070,0.00
133.07835,0.931,0.041,0.00
133.08858,0.931,0.041,0.00
133.09874,1.640,0.016,0.00
133.10934,1.640,0.016,0.00
133.11950,2.644,0.016,0.00
133.12966,2.644,-0.007,0.00
133.13984,3.888,-0.029,0.00
133.15016,3.888,-0.029,0.00
133.16035,5.364,-0.049,0.00
133.17049,5.364,-0.049,0.00
133.18064,7.011,-0.068,0.00
133.19089,7.011,-0.068,0.00
133.20105,8.689,-0.086,0.00
133.21134,8.689,-0.086,0.00
133.22645,10.408,-0.101,0.00
133.23670,10.408,-0.111,0.00
133.24755,12.184,-0.111,0.00
133.27307,14.048,-0.119,9.00
133.28324,15.950,-0.126,9.00
133.30542,17.700,-0.121,9.00
133.31615,17.700,-0.121,9.00
133.32633,19.287,-0.112,9.00
133.33681,19.287,-0.112,9.00
133.34727,20.752,-0.097,9.00
133.35747,22.064,-0.079,9.00
133.36892,22.064,-0.079,9.00
133.37912,23.031,-0.058,9.00
133.38934,23.031,-0.058,9.00
133.40285,23.031,-0.028,9.00
133.41307,23.435,-0.028,9.00
133.42323,23.483,-0.014,9.00
133.43339,23.311,-0.015,9.00
133.44353,23.311,-0.015,9.00
133.45607,23.311,-0.015,9.00
133.46634,22.770,-0.023,9.00
133.47713,22.770,-0.023,9.00
133.48757,21.912,-0.051,9.00
133.51280,21.912,-0.051,9.00
133.52298,19.450,-0.099,9.00
133.54502,19.450,-0.085,9.00
133.55541,17.960,-0.054,9.00
133.57861,14.474,-0.037,9.00
133.58934,14.474,-0.037,9.00
133.61038,12.518,-0.036,9.00
133.62066,10.563,-0.049,9.00
133.64051,10.563,-0.049,9.00
133.65075,8.568,-0.064,9.00
133.66092,6.564,-0.103,9.00
133.67281,6.564,-0.103,9.00
133.68298,6.564,-0.103,9.00
133.69336,4.675,-0.196,9.00
133.70533,2.911,-0.441,9.00
133.71623,1.299,-0.642,9.00
133.72658,1.299,-0.642,9.00
133.73677,1.299,-0.642,9.00
133.74715,-0.115,-0.756,9.00
133.75730,-1.289,-0.855,9.00
133.76948,-1.289,-0.855,9.00
133.78002,-1.963,-0.914,9.00
133.79056,-1.963,-0.914,9.00
133.81728,-1.822,-0.907,9.00
133.82749,-1.822,-0.907,9.00
133.84924,-1.301,-0.922,9.00
133.85979,-0.775,-0.908,9.00
133.88124,-0.502,-0.866,9.00
133.89180,-0.502,-0.866,9.00
133.90198,-0.536,-0.808,9.00
133.91406,-0.536,-0.742,9.00
133.92428,-0.690,-0.742,9.00
133.93465,-0.690,-0.742,9.00
133.94517,-0.813,-0.687,9.00
133.95595,-0.905,-0.641,9.00
133.96640,-0.905,-0.641,9.00
133.99414,-1.016,-0.604,9.50
134.01080,-1.082,-0.567,9.50
134.02096,-1.085,-0.552,9.50
134.03112,-1.085,-0.552,9.50
134.05707,-1.032,-0.566,9.50
134.06725,-0.932,-0.586,9.50
134.08892,-0.806,-0.586,9.50
134.09930,-0.685,-0.648,9.50
134.12116,-0.685,-0.699,9.50
134.13214,-0.585,-0.699,9.50
134.15342,-0.503,-0.811,10.00
134.16378,-0.503,-0.811,10.00
134.18519,-0.503,-0.870,10.50
134.19587,-0.501,-0.870,10.50
134.20632,-0.520,-0.939,10.50
134.21806,-0.563,-0.999,10.50
134.22822,-0.563,-0.999,10.50
134.23864,-0.606,-1.058,10.50
134.24900,-0.606,-1.058,11.00
134.25929,-0.641,-1.124,11.00
134.26973,-0.641,-1.124,11.00
134.28147,-0.659,-1.203,11.50
134.29163,-0.659,-1.203,11.50
134.30178,-0.674,-1.272,11.50
134.31399,-0.674,-1.272,12.50
134.32417,-0.684,-1.318,12.50
134.33434,-0.684,-1.332,12.50
134.36100,-0.687,-1.331,13.50
134.37117,-0.687,-1.331,13.50
134.39316,-0.690,-1.324,14.50
134.40335,-0.695,-1.317,14.50
134.42487,-0.694,-1.317,15.50
134.43593,-0.694,-1.298,15.50
134.44628,-0.689,-1.263,15.50
134.45780,-0.689,-1.229,17.00
134.46818,-0.690,-1.229,17.00
134.47892,-0.695,-1.173,17.00
134.48898,-0.695,-1.173,18.00
134.49930,-0.695,-1.173,18.00
134.51000,-0.695,-1.111,18.00
134.52086,-0.741,-1.111,19.50
134.53124,-0.741,-1.051,19.50
134.54152,-0.780,-1.000,19.50
134.55293,-0.780,-0.956,21.00
134.56312,-0.826,-0.956,21.00
134.57346,-0.826,-0.942,21.00
134.60071,-0.874,-0.942,22.50
134.61089,-0.916,-0.943,22.50
134.63416,-0.916,-0.943,23.50
134.64438,-0.986,-1.029,23.50
134.66459,-0.986,-1.029,24.50
134.67477,-1.020,-1.119,24.50
134.69669,-1.048,-1.119,25.50
134.70686,-1.076,-1.180,25.50
134.71702,-1.105,-1.269,25.50
134.72862,-1.105,-1.269,26.50
134.73971,-1.127,-1.269,26.50
134.74990,-1.127,-1.428,26.50
134.76113,-1.127,-1.683,27.00
134.77183,-1.152,-1.683,27.00
134.78201,-1.181,-1.961,27.00
134.79529,-1.202,-2.251,27.50
134.80548,-1.202,-2.251,27.50
134.81584,-1.210,-2.251,27.50
134.82601,-1.210,-2.541,28.00
134.83617,-1.210,-2.783,28.00
134.84637,-1.210,-2.783,28.00
134.85729,-1.207,-3.015,28.50
134.86764,-1.207,-3.015,28.50
134.87811,-1.191,-3.250,28.50
134.88934,-1.191,-3.250,28.50
134.89950,-1.191,-3.458,28.50
134.91010,-1.174,-3.458,28.50
134.92026,-1.150,-3.679,28.50
134.93722,-1.123,-3.875,29.00
134.94751,-1.123,-3.875,29.00
134.97052,-1.091,-4.356,29.00
134.98072,-1.056,-4.356,29.00
135.00242,-1.020,-4.535,29.00
135.01588,-1.020,-4.535,29.00
135.03301,-0.981,-4.679,29.00
135.04321,-0.949,-4.746,29.00
135.05337,-0.949,-4.746,29.00
135.06513,-0.909,-4.720,29.50
135.07668,-0.864,-4.720,29.50
135.08684,-0.864,-4.623,29.50
135.09702,-0.864,-4.623,29.50
135.10720,-0.821,-4.432,29.50
135.11736,-0.780,-4.145,29.50
135.12922,-0.780,-4.145,29.50
135.13939,-0.752,-4.145,29.50
135.14990,-0.752,-3.835,29.50
135.16097,-0.726,-3.423,29.50
135.17132,-0.726,-3.423,29.50
135.18164,-0.710,-2.980,29.50
135.19198,-0.710,-2.980,29.50
135.20880,-0.710,-2.980,29.50
135.21898,-0.672,-1.791,29.50
135.24089,-0.654,-1.791,29.50
135.25132,-0.654,-1.096,29.50
135.27402,-0.636,-0.302,29.50
135.28419,-0.610,0.659,29.50
135.30460,-0.610,0.659,29.50
135.31528,-0.580,1.595,29.50
135.32545,-0.551,2.576,29.50
135.33917,-0.551,2.576,29.50
135.34928,-0.522,3.596,29.50
135.35946,-0.491,4.624,29.50
135.36965,-0.491,4.624,29.50
135.37988,-0.461,5.671,29.50
135.39057,-0.461,5.671,29.50
135.40139,-0.435,6.748,29.50
135.41155,-0.435,6.748,29.50
135.42204,-0.410,7.771,29.50
135.43301,-0.410,7.771,29.50
135.44317,-0.388,8.858,29.50
135.45335,-0.388,8.858,29.50
135.46454,-0.367,9.795,29.50
135.47477,-0.347,9.795,29.50
135.48493,-0.347,10.662,29.50
135.51459,-0.309,10.662,29.50
135.52495,-0.309,12.269,29.50
135.54475,-0.309,12.269,29.50
135.55634,-0.294,12.984,29.50
135.57775,-0.270,13.694,29.50
135.58799,-0.270,14.321,29.50
135.61454,-0.268,15.502,29.50
135.62470,-0.269,15.502,29.50
135.64090,-0.274,15.502,29.50
135.65108,-0.274,15.944,29.50
135.66127,-0.278,16.333,29.50
135.67278,-0.278,16.333,29.50
135.68311,-0.284,16.636,29.50
135.69343,-0.284,17.000,29.50
135.70509,-0.290,17.000,29.50
135.71577,-0.290,17.251,29.50
135.72613,-0.299,17.251,29.50
135.73877,-0.299,17.509,29.50
135.74911,-0.307,17.509,29.50
135.75956,-0.318,17.734,29.50
135.77150,-0.318,17.828,29.50
135.78182,-0.336,17.828,29.50
135.79281,-0.336,17.828,29.50
135.81733,-0.354,18.042,29.50
135.82753,-0.380,18.042,29.50
135.84931,-0.412,18.116,29.50
135.85960,-0.445,18.158,29.50
135.88106,-0.486,18.158,29.50
135.89147,-0.486,18.204,29.50
135.91322,-0.511,18.246,29.50
135.92361,-0.539,18.242,29.50
135.94454,-0.566,18.287,29.50
135.95473,-0.566,18.287,29.50
135.96489,-0.566,18.287,29.50
135.97659,-0.566,18.287,29.50
135.98680,-0.605,18.316,29.50
135.99696,-0.610,18.309,29.50
136.00986,-0.610,18.309,29.50
136.02002,-0.617,18.308,29.50
136.03034,-0.617,18.308,29.50
136.04112,-0.623,18.278,29.50
136.05149,-0.623,18.278,29.50
136.06165,-0.629,18.318,29.50
136.08894,-0.629,18.262,29.50
136.09929,-0.634,18.396,29.50
136.12241,-0.639,18.311,29.50
136.13294,-0.639,18.311,29.50
136.15626,-0.637,18.311,29.50
136.16666,-0.637,18.514,29.50
136.18554,-0.637,18.514,29.50
136.19572,-0.636,18.453,29.50
136.21891,-0.636,18.705,29.50
136.22907,-0.638,18.778,29.50
136.24843,-0.637,18.778,29.50
136.25860,-0.633,18.900,29.50
136.26876,-0.633,18.900,29.50
136.27892,-0.630,18.820,0.00
136.28924,-0.630,18.820,0.00
136.29949,-0.630,18.820,0.00
136.31002,-0.620,18.911,0.00
136.32039,-0.618,18.956,0.00
136.33079,-0.618,18.956,0.00
136.34095,-0.616,18.969,0.00
136.35111,-0.616,18.969,0.00
136.36127,-0.610,19.037,0.00
136.37141,-0.610,19.037,0.00
136.38189,-0.625,19.026,0.00
136.39203,-0.625,19.026,0.00
136.40227,-0.625,19.026,0.00
136.41281,-0.625,19.055,0.00
136.42313,-0.626,19.055,0.00
136.43325,-0.626,19.032,0.00
136.44340,-0.574,19.032,0.00
136.45372,-0.501,19.032,0.00
136.46388,-0.501,19.000,0.00
136.47455,-0.501,19.000,0.00
136.48501,-0.416,19.039,0.00
136.49517,-0.363,19.039,0.00
136.50533,-0.363,18.993,0.00
136.51548,-0.363,18.993,0.00
136.52564,-0.363,18.993,0.00
136.53582,-0.363,18.993,0.00
136.54599,-0.342,19.000,0.00
136.55615,-0.296,18.935,0.00
136.56635,-0.234,18.886,0.00
136.57650,-0.139,18.905,0.00
136.58667,-0.139,18.905,0.00
136.59683,-0.010,18.842,0.00
136.60699,-0.010,18.842,0.00
136.61778,0.133,18.874,0.00
136.62794,0.133,18.874,0.00
136.63811,0.233,18.860,0.00
136.64829,0.233,18.860,0.00
136.65912,0.284,18.823,0.00
136.66965,0.284,18.823,0.00
136.68000,0.293,18.880,0.00
136.69135,0.266,18.880,0.00
136.70153,0.266,18.841,0.00
136.71169,0.266,18.919,0.00
136.72184,0.197,18.919,0.00
136.73281,0.197,18.915,0.00
136.74297,0.086,18.915,0.00
136.75314,0.086,18.915,0.00
136.76330,-0.046,18.924,0.00
136.77345,-0.046,18.924,0.00
136.78360,-0.172,18.847,0.00
136.79484,-0.172,18.847,0.00
136.80500,-0.314,18.773,0.00
136.81516,-0.461,18.499,0.00
136.82531,-0.461,18.499,0.00
136.83547,-0.609,18.096,0.00
136.84563,-0.609,18.096,0.00
136.85659,-0.749,17.904,0.00
136.86675,-0.749,17.904,0.00
136.87690,-0.932,17.648,0.00
136.88716,-0.932,17.648,0.00
136.89933,-0.932,17.648,0.00
136.90965,-1.190,17.233,0.00
136.91972,-1.427,16.666,0.00
136.92988,-1.427,16.666,0.00
136.94006,-1.568,15.819,0.00
136.95067,-1.568,15.819,0.00
136.96082,-1.644,14.724,0.00
136.97097,-1.644,14.724,0.00
136.98113,-1.703,13.530,0.00
136.99134,-1.703,13.530,0.00
137.00156,-1.767,12.416,0.00
137.01174,-1.767,12.416,0.00
137.02191,-1.838,10.964,0.00
137.03207,-1.838,9.262,0.00
137.04256,-1.901,9.262,0.00
137.05275,-1.901,9.262,0.00
137.06313,-1.926,7.701,0.00
137.07327,-1.924,7.701,0.00
137.08342,-1.924,6.071,0.00
137.09357,-1.919,6.071,0.00
137.10373,-1.919,4.125,0.00
137.11400,-1.902,4.125,0.00
137.12446,-1.902,2.427,0.00
137.13469,-1.902,2.427,0.00
137.14485,-1.861,0.777,0.00
137.15501,-1.861,0.777,0.00
137.16517,-1.788,-0.759,0.00
137.17533,-1.788,-0.759,0.00
137.18548,-1.688,-2.121,0.00
137.19566,-1.688,-2.989,0.00
137.20583,-1.583,-2.989,0.00
137.21631,-1.583,-2.989,0.00
137.22660,-1.491,-3.385,0.00
137.23703,-1.406,-3.435,0.00
137.24738,-1.406,-3.435,0.00
137.25759,-1.322,-2.708,0.00
137.26785,-1.322,-2.708,0.00
137.27800,-1.243,-1.266,0.00
137.28876,-1.243,-1.266,0.00
137.29892,-1.177,0.285,0.00
137.30909,-1.177,0.285,0.00
137.32045,-1.122,-0.568,0.00
137.33063,-1.122,-0.568,0.00
137.34080,-1.063,-0.713,0.00
137.35131,-1.063,-0.713,0.00
137.36166,-1.008,-0.950,0.00
137.37172,-0.969,-0.950,0.00
137.38189,-0.969,-0.841,0.00
137.39216,-0.969,-0.841,0.00
137.40232,-0.969,-0.841,0.00
137.41248,-0.954,-1.134,0.00
137.42271,-0.957,-1.410,0.00
137.43309,-0.957,-1.410,0.00
137.44335,-0.968,-1.727,0.00
137.45355,-0.968,-1.762,0.00
137.46371,-0.974,-1.762,0.00
137.47387,-0.974,-1.762,0.00
137.48403,-0.953,-1.613,0.00
137.49446,-0.953,-1.613,0.00
137.50522,-0.953,-1.613,0.00
137.51610,-0.858,-1.444,0.00
137.52645,-0.858,-1.444,0.00
137.53660,-0.803,-1.444,0.00
137.54689,-0.803,-1.397,0.00
137.55703,-0.750,-1.397,0.00
137.56732,-0.750,-1.245,0.00
137.57766,-0.702,-1.037,0.00
137.58796,-0.702,-1.037,0.00
137.59812,-0.702,-0.804,0.00
137.60828,-0.666,-0.804,0.00
137.61843,-0.666,-0.804,0.00
137.62865,-0.654,-0.597,0.00
137.63891,-0.658,-0.359,0.00
137.64925,-0.658,-0.359,0.00
137.65940,-0.673,-0.066,0.00
137.66956,-0.673,-0.066,0.00
137.67991,-0.688,0.209,0.00
137.69048,-0.688,0.209,0.00
137.70092,-0.705,0.501,0.00
137.71120,-0.705,0.501,0.00
137.72137,-0.731,0.573,0.00
137.73161,-0.731,0.573,0.00
137.74185,-0.762,0.409,0.00
137.75201,-0.762,0.409,0.00
137.76217,-0.798,0.203,0.00
137.77240,-0.798,0.203,0.00
137.78486,-0.798,0.116,0.00
137.79550,-0.864,0.116,0.00
137.81150,-0.864,0.008,0.00
137.82400,-0.880,-0.013,0.00
137.84002,-0.880,0.021,0.00
137.85177,-0.883,0.021,0.00
137.86787,-0.875,0.071,0.00
137.87844,-0.875,0.142,0.00
137.88912,-0.864,0.142,0.00
137.89937,-0.864,0.245,0.00
137.90992,-0.857,0.245,0.00
137.92128,-0.854,0.364,0.00
137.93324,-0.854,0.364,0.00
137.94898,-0.858,0.474,0.00
137.95921,-0.858,0.474,0.00
137.97494,-0.863,0.569,0.00
137.98588,-0.863,0.646,0.00
137.99623,-0.873,0.703,0.00
138.01192,-0.884,0.703,0.00
138.03633,-0.884,0.703,0.00
138.05129,-0.911,0.785,0.00
138.06715,-0.925,0.816,0.00
138.07796,-0.925,0.816,0.00
138.09429,-0.940,0.808,0.00
138.10753,-0.940,0.788,0.00
138.11842,-0.940,0.788,0.00
138.13488,-0.964,0.788,0.00
138.15292,-0.971,0.797,0.00
138.17226,-0.984,0.826,0.00
138.18246,-0.984,0.826,0.00
138.19799,-0.984,0.859,0.00
138.20864,-0.992,0.901,0.00
138.22443,-1.003,0.943,0.00
138.24095,-1.013,0.988,0.00
138.25248,-1.013,0.988,0.00
138.26261,-1.013,0.988,0.00
138.27812,-1.023,1.020,0.00
138.29120,-1.040,1.020,0.00
138.30666,-1.040,1.020,0.00
138.32092,-1.045,1.078,0.00
138.34152,-1.045,1.100,0.00
138.35298,-1.048,1.100,0.00
138.36866,-1.051,1.121,0.00
138.39013,-1.055,1.122,0.00
138.40639,-1.062,1.124,0.00
138.42352,-1.066,1.118,0.00
138.44021,-1.069,1.110,0.00
138.45726,-1.072,1.109,0.00
138.48380,-1.072,1.115,0.00
138.49999,-1.072,1.116,0.00
138.51596,-1.076,1.116,0.00
138.52686,-1.076,1.118,0.00
138.54287,-1.073,1.109,0.00
138.55885,-1.073,1.095,0.00
138.57098,-1.071,1.095,0.00
138.58794,-1.071,1.073,0.00
138.59935,-1.071,1.073,0.00
138.61529,-1.066,1.049,0.00
138.63176,-1.066,1.025,0.00
138.64287,-1.058,1.002,0.00
138.65375,-1.058,0.979,0.00
138.66443,-1.051,0.979,0.00
138.67506,-1.051,0.979,0.00
138.68595,-1.044,0.960,0.00
138.69717,-1.044,0.945,0.00
138.70778,-1.039,0.945,0.00
138.72433,-1.031,0.945,0.00
138.73535,-1.031,0.931,0.00
138.74578,-1.022,0.931,0.00
138.75646,-1.012,0.919,0.00
138.77529,-1.012,0.907,0.00
138.84101,-1.007,0.894,0.00
138.89702,-1.002,0.870,0.00
138.91015,0.018,-0.074,0.00
138.92037,0.018,-0.074,0.00
138.93056,0.025,-0.072,0.00
138.94072,0.025,-0.067,0.00
138.95088,0.031,-0.067,0.00
138.96108,0.031,-0.067,0.00
138.97127,0.039,-0.060,0.00
138.98141,0.046,-0.049,0.00
138.99158,0.046,-0.049,0.00
139.00174,0.046,-0.049,0.00
139.01220,0.046,-0.049,0.00
139.02236,0.052,-0.043,0.00
139.03299,0.052,-0.032,0.00
139.04332,0.052,-0.032,0.00
139.05348,0.049,-0.023,0.00
139.06364,0.048,-0.011,0.00
139.07402,0.048,-0.011,0.00
139.08417,0.040,0.001,0.00
139.09431,0.040,0.018,0.00
139.10447,0.027,0.018,0.00
139.11470,0.027,0.030,0.00
139.12481,0.011,0.030,0.00
139.13498,0.011,0.030,0.00
139.14514,-0.009,0.046,0.00
139.15530,-0.009,0.046,0.00
139.16546,-0.030,0.058,0.00
139.17562,-0.030,0.058,0.00
139.18590,-0.056,0.070,0.00
139.19606,-0.056,0.070,0.00
139.20637,-0.085,0.078,0.00
139.21878,-0.085,0.078,0.00
139.22895,-0.113,0.081,0.00
139.23911,-0.137,0.081,0.00
139.24933,-0.137,0.083,0.00
139.25949,-0.150,0.085,0.00
139.26965,-0.150,0.085,0.00
139.28043,-0.154,0.084,0.00
139.29064,-0.154,0.084,0.00
139.30080,-0.149,0.084,0.00
139.31183,-0.149,0.084,0.00
139.32232,-0.135,0.085,0.00
139.33270,-0.135,0.085,0.00
139.34286,-0.119,0.087,0.00
139.35302,-0.119,0.090,0.00
139.36345,-0.102,0.090,0.00
139.37365,-0.102,0.090,0.00
139.38380,-0.087,0.088,0.00
139.39402,-0.087,0.088,0.00
139.40419,-0.078,0.091,0.00
139.41444,-0.076,0.091,0.00
139.42460,-0.076,0.094,0.00
139.43477,-0.076,0.094,0.00
139.44509,-0.081,0.091,0.00
139.45686,-0.090,0.091,0.00
139.46702,-0.090,0.090,0.00
139.47718,-0.108,0.085,0.00
139.48733,-0.108,0.085,0.00
139.49748,-0.108,0.085,0.00
139.50765,-0.143,0.085,0.00
139.51798,-0.190,0.079,0.00
139.52821,-0.190,0.064,0.00
139.53836,-0.250,0.051,0.00
139.54852,-0.250,0.051,0.00
139.55955,-0.323,0.035,0.00
139.56972,-0.323,0.035,0.00
139.57988,-0.410,0.011,0.00
139.59003,-0.410,0.011,0.00
139.60019,-0.501,-0.013,0.00
139.61038,-0.501,-0.013,0.00
139.62065,-0.501,-0.013,0.00
139.63331,-0.593,-0.064,0.00
139.64347,-0.679,-0.064,0.00
139.65365,-0.679,-0.064,0.00
139.66380,-0.760,-0.088,0.00
139.67395,-0.837,-0.105,0.00
139.68410,-0.837,-0.105,0.00
139.69452,-0.900,-0.122,0.00
139.70515,-0.900,-0.122,0.00
139.71556,-0.955,-0.123,0.00
139.72571,-0.955,-0.123,0.00
139.73587,-0.999,-0.116,0.00
139.74614,-0.999,-0.116,0.00
139.75634,-1.029,-0.116,0.00
139.76652,-1.029,-0.100,0.00
139.77668,-1.057,-0.082,0.00
139.78683,-1.057,-0.082,0.00
139.79699,-1.074,-0.060,0.00
139.80726,-1.074,-0.060,0.00
139.81742,-1.074,-0.060,0.00
139.82758,-1.074,-0.034,0.00
139.83774,-1.088,-0.012,0.00
139.84790,-1.088,-0.012,0.00
139.85805,-1.089,0.007,0.00
139.86820,-1.089,0.007,0.00
139.88047,-1.088,0.019,0.00
139.89062,-1.088,0.019,0.00
139.90078,-1.082,0.026,0.00
139.91094,-1.082,0.026,0.00
139.92115,-1.073,0.026,0.00
139.93144,-1.073,0.026,0.00
139.94160,-1.067,0.021,0.00
139.95195,-1.067,0.006,0.00
139.96210,-1.061,0.006,0.00
139.97283,-1.061,0.006,0.00
139.98300,-1.057,-0.018,0.00
139.99317,-1.057,-0.018,0.00
140.00333,-1.054,-0.043,0.00
140.01349,-1.054,-0.043,0.00
140.02365,-1.056,-0.088,0.00
140.03381,-1.056,-0.088,0.00
140.04423,-1.063,-0.132,0.00
140.05438,-1.074,-0.180,0.00
140.06459,-1.074,-0.180,0.00
140.07488,-1.092,-0.226,0.00
140.08526,-1.092,-0.226,0.00
140.09581,-1.111,-0.272,0.00
140.10616,-1.111,-0.272,0.00
140.11637,-1.111,-0.312,0.00
140.12655,-1.132,-0.312,0.00
140.13691,-1.156,-0.338,0.00
140.14712,-1.156,-0.338,0.00
140.15729,-1.156,-0.338,0.00
140.16744,-1.156,-0.338,0.00
140.17759,-1.156,-0.359,0.00
140.18774,-1.207,-0.365,0.00
140.19789,-1.229,-0.360,0.00
140.20805,-1.229,-0.360,0.00
140.21834,-1.252,-0.342,0.00
140.22849,-1.252,-0.342,0.00
140.23944,-1.273,-0.327,0.00
140.24966,-1.273,-0.327,0.00
140.25983,-1.295,-0.302,0.00
140.27004,-1.295,-0.302,0.00
140.28022,-1.314,-0.274,0.00
140.29049,-1.314,-0.274,0.00
140.30065,-1.335,-0.248,0.00
140.31081,-1.335,-0.248,0.00
140.32098,-1.356,-0.230,0.00
140.33117,-1.356,-0.230,0.00
140.34135,-1.356,-0.230,0.00
140.35151,-1.377,-0.215,0.00
140.36169,-1.400,-0.203,0.00
140.37185,-1.400,-0.203,0.00
140.38201,-1.424,-0.198,0.00
140.39462,-1.424,-0.193,0.00
140.40531,-1.446,-0.193,0.00
140.41552,-1.463,-0.192,0.00
140.42569,-1.463,-0.192,0.00
140.43688,-1.463,-0.192,0.00
140.44709,-1.479,-0.191,0.00
140.45725,-1.494,-0.190,0.00
140.46741,-1.494,-0.190,0.00
140.47778,-1.494,-0.190,0.00
140.48801,-1.510,-0.183,0.00
140.49817,-1.523,-0.181,0.00
140.50833,-1.523,-0.181,0.00
140.51911,-1.542,-0.180,0.00
140.52929,-1.542,-0.180,0.00
140.53989,-1.542,-0.180,0.00
140.55009,-1.553,-0.184,0.00
140.56036,-1.561,-0.194,0.00
140.57074,-1.561,-0.194,0.00
140.58112,-1.570,-0.204,0.00
140.59128,-1.570,-0.204,0.00
140.60145,-1.579,-0.217,0.00
140.61161,-1.588,-0.217,0.00
140.62177,-1.588,-0.235,0.00
140.63265,-1.588,-0.235,0.00
140.64280,-1.594,-0.255,0.00
140.65300,-1.594,-0.255,0.00
140.66318,-1.594,-0.255,0.00
140.67333,-1.605,-0.255,0.00
140.68355,-1.605,-0.281,0.00
140.69377,-1.605,-0.281,0.00
140.70393,-1.611,-0.297,0.00
140.71409,-1.611,-0.315,0.00
140.72425,-1.618,-0.315,0.00
140.73442,-1.626,-0.315,0.00
140.74458,-1.626,-0.331,0.00
140.75542,-1.634,-0.349,0.00
140.76559,-1.634,-0.349,0.00
140.77575,-1.641,-0.370,0.00
140.78592,-1.641,-0.370,0.00
140.79607,-1.646,-0.394,0.00
140.80649,-1.646,-0.394,0.00
140.81695,-1.650,-0.416,0.00
140.82735,-1.650,-0.416,0.00
140.83770,-1.654,-0.441,0.00
140.84800,-1.654,-0.441,0.00
140.85875,-1.657,-0.468,0.00
140.86915,-1.657,-0.468,0.00
140.87928,-1.660,-0.499,0.00
140.88958,-1.660,-0.499,0.00
140.89986,-1.662,-0.527,0.00
140.91004,-1.662,-0.527,0.00
140.92021,-1.662,-0.527,0.00
140.93246,-1.662,-0.527,0.00
140.94330,-1.673,-0.583,0.00
140.95464,-1.676,-0.607,0.00
140.96479,-1.676,-0.607,0.00
140.97495,-1.676,-0.628,0.00
140.98517,-1.680,-0.628,0.00
140.99602,-1.680,-0.654,0.00
141.00628,-1.684,-0.654,0.00
141.01636,-1.684,-0.654,0.00
141.02654,-1.686,-0.672,0.00
141.03700,-1.686,-0.672,0.00
141.04722,-1.689,-0.685,0.00
141.05738,-1.714,-0.697,0.00
141.06755,-1.714,-0.697,0.00
141.07770,-1.714,-0.697,0.00
141.08788,-1.780,-0.710,0.00
141.09804,-1.877,-0.710,0.00
141.11069,-1.877,-0.722,0.00
141.12100,-2.056,-0.731,0.00
141.13162,-2.056,-0.731,0.00
141.14178,-1.934,-0.740,0.00
141.15195,-1.934,-0.740,0.00
141.16241,-1.934,-0.740,0.00
141.17262,-1.433,-0.756,0.00
141.18279,-1.433,-0.756,0.00
141.19339,-1.433,-0.756,0.00
141.20355,-0.947,-0.763,0.00
141.21389,-0.947,-0.763,0.00
141.22406,-0.135,-0.767,0.00
141.23494,-0.135,-0.767,0.00
141.24510,1.126,-0.771,0.00
141.25531,1.126,-0.771,0.00
141.26547,2.650,-0.771,0.00
141.27581,4.575,-0.773,0.00
141.28651,4.575,-0.774,0.00
141.29666,4.575,-0.774,0.00
141.30690,6.636,-0.780,0.00
141.31706,6.636,-0.787,0.00
141.32721,8.500,-0.787,0.00
141.33737,8.500,-0.787,0.00
141.34753,10.691,-0.796,0.00
141.36934,12.833,-0.802,0.00
141.37950,14.885,-0.811,0.00
141.40109,16.848,-0.811,9.00
141.41168,18.656,-0.822,9.00
141.43299,18.656,-0.826,9.00
141.44327,20.340,-0.835,9.00
141.46685,21.926,-0.840,9.00
141.47704,23.329,-0.841,9.00
141.49630,23.329,-0.841,9.00
141.50648,24.424,-0.841,9.00
141.51664,25.098,-0.837,9.00
141.52879,25.098,-0.837,9.00
141.53916,25.419,-0.834,9.00
141.54955,25.419,-0.834,9.00
141.56098,25.419,-0.842,9.00
141.57125,25.479,-0.842,9.00
141.58161,25.125,-0.836,9.00
141.59285,25.125,-0.836,9.00
141.60323,24.324,-0.840,9.00
141.61404,23.272,-0.843,9.00
141.62557,23.272,-0.843,9.00
141.63574,21.970,-0.865,9.00
141.64612,21.970,-0.865,9.00
141.67332,21.970,-0.865,9.00
141.68395,18.553,-0.903,9.00
141.70558,18.553,-0.903,9.00
141.71576,16.557,-0.931,9.00
141.73711,14.329,-0.947,9.00
141.74726,12.115,-0.947,9.00
141.76875,10.040,-0.947,9.00
141.77927,7.877,-0.996,9.00
141.78955,7.877,-0.996,9.00
141.80128,5.768,-1.036,9.00
141.81144,5.768,-1.036,9.00
141.82163,3.867,-1.090,9.00
141.83309,2.079,-1.139,9.00
141.84340,2.079,-1.139,9.00
141.85366,0.478,-1.139,9.00
141.86463,0.478,-1.202,9.00
141.87486,-0.938,-1.202,9.00
141.88501,-0.938,-1.436,9.00
141.89661,-1.866,-1.436,9.00
141.90680,-1.866,-1.691,9.00
141.91703,-2.195,-1.914,9.00
141.92869,-2.195,-1.914,9.00
141.94466,-2.195,-1.914,9.00
141.95501,-2.241,-1.914,9.00
141.97761,-2.165,-2.235,9.00
141.98778,-2.054,-2.235,9.00
141.99801,-1.941,-2.216,9.00
142.00936,-1.941,-2.216,9.00
142.01985,-1.861,-2.181,9.00
142.03184,-1.861,-2.181,9.00
142.04200,-1.821,-2.083,9.00
142.05296,-1.821,-2.083,9.00
142.06312,-1.806,-1.964,9.00
142.07587,-1.806,-1.964,9.00
142.08603,-1.768,-1.824,9.00
142.09623,-1.724,-1.701,9.00
142.10640,-1.724,-1.701,9.50
142.11782,-1.724,-1.701,9.50
142.12798,-1.656,-1.604,9.50
142.15277,-1.546,-1.491,9.50
142.16301,-1.381,-1.399,9.50
142.18504,-1.153,-1.293,9.50
142.19653,-0.915,-1.179,9.50
142.21829,-0.915,-1.089,9.50
142.22850,-0.717,-1.089,9.50
142.24916,-0.566,-0.984,10.00
142.26037,-0.487,-0.906,10.00
142.27100,-0.487,-0.906,10.00
142.28237,-0.461,-0.867,10.00
142.29262,-0.461,-0.867,10.00
142.30283,-0.466,-0.885,10.00
142.31337,-0.466,-0.885,10.50
142.32366,-0.488,-0.927,10.50
142.33396,-0.488,-0.927,10.50
142.34477,-0.488,-0.962,10.50
142.35519,-0.512,-1.030,10.50
142.36540,-0.520,-1.030,10.50
142.37767,-0.504,-1.092,11.00
142.38788,-0.504,-1.092,11.00
142.39805,-0.504,-1.133,11.00
142.40876,-0.461,-1.133,11.50
142.41916,-0.393,-1.163,11.50
142.42946,-0.393,-1.163,11.50
142.45778,-0.323,-1.163,12.50
142.46797,-0.253,-1.257,12.50
142.48830,-0.253,-1.257,13.50
142.49927,-0.148,-1.324,13.50
142.52109,-0.148,-1.324,14.50
142.53141,-0.100,-1.332,14.50
142.55438,-0.052,-1.324,15.50
142.56472,-0.012,-1.318,15.50
142.58507,0.014,-1.294,16.50
142.59539,0.014,-1.294,16.50
142.60556,0.031,-1.291,16.50
142.61660,0.031,-1.291,18.00
142.62693,0.040,-1.268,18.00
142.63725,0.035,-1.268,18.00
142.64903,0.035,-1.249,19.50
142.65929,0.036,-1.238,19.50
142.66948,0.036,-1.238,19.50
142.68106,0.030,-1.214,21.00
142.69121,0.030,-1.214,21.00
142.70145,0.030,-1.191,21.00
142.71293,0.010,-1.158,22.00
142.72313,-0.012,-1.158,22.00
142.73346,-0.012,-1.158,22.00
142.76136,-0.062,-1.144,23.50
142.77199,-0.062,-1.144,23.50
142.79753,-0.114,-1.137,24.50
142.80763,-0.114,-1.199,24.50
142.82535,-0.141,-1.237,25.50
142.83575,-0.141,-1.237,25.50
142.85732,-0.179,-1.286,26.50
142.86747,-0.179,-1.315,26.50
142.88891,-0.201,-1.380,27.00
142.89907,-0.201,-1.380,27.00
142.90925,-0.229,-1.465,27.00
142.92113,-0.253,-1.539,27.50
142.93343,-0.253,-1.539,27.50
142.94358,-0.276,-1.697,27.50
142.95657,-0.290,-1.845,28.00
142.96690,-0.290,-1.845,28.00
142.97717,-0.290,-1.845,28.00
142.98736,-0.308,-2.039,28.50
142.99755,-0.322,-2.243,28.50
143.00771,-0.322,-2.243,28.50
143.01786,-0.332,-2.435,28.50
143.02834,-0.332,-2.435,28.50
143.03851,-0.332,-2.667,28.50
143.06571,-0.330,-2.847,29.00
143.07625,-0.325,-3.086,29.00
143.10046,-0.325,-3.086,29.00
143.11140,-0.319,-3.381,29.00
143.12954,-0.308,-3.651,29.00
143.14018,-0.308,-3.651,29.00
143.16104,-0.274,-4.343,29.00
143.17169,-0.274,-4.343,29.00
143.18185,-0.249,-4.688,29.00
143.19332,-0.218,-4.958,29.50
143.20363,-0.218,-4.958,29.50
143.21395,-0.180,-4.958,29.50
143.22498,-0.180,-5.176,29.50
143.23532,-0.180,-5.366,29.50
143.24566,-0.139,-5.366,29.50
143.25700,-0.095,-5.524,29.50
143.26732,-0.095,-5.524,29.50
143.27761,-0.043,-5.583,29.50
143.28967,-0.043,-5.583,29.50
143.30003,0.012,-5.611,29.50
143.31107,0.012,-5.611,29.50
143.32151,0.074,-5.572,29.50
143.33171,0.074,-5.572,29.50
143.34187,0.135,-5.476,29.50
143.36863,0.192,-5.476,29.50
143.38120,0.242,-5.070,29.50
143.40092,0.299,-5.070,29.50
143.41121,0.365,-4.790,29.50
143.43265,0.365,-4.438,29.50
143.44283,0.365,-4.438,29.50
143.46504,0.428,-3.966,29.50
143.47522,0.551,-2.969,29.50
143.48536,0.551,-2.969,29.50
143.49863,0.551,-2.969,29.50
143.50879,0.603,-2.406,29.50
143.51895,0.655,-1.796,29.50
143.53121,0.655,-1.796,29.50
143.54142,0.694,-1.156,29.50
143.55256,0.694,-1.156,29.50
143.56272,0.735,-0.508,29.50
143.57301,0.735,-0.508,29.50
143.58317,0.770,0.183,29.50
143.59492,0.800,0.945,29.50
143.60519,0.800,0.945,29.50
143.61576,0.800,0.945,29.50
143.62596,0.839,1.653,29.50
143.63612,0.873,2.410,29.50
143.64656,0.873,2.410,29.50
143.67258,0.873,2.410,29.50
143.68277,0.941,3.764,29.50
143.70484,0.970,3.764,29.50
143.71514,1.001,4.324,29.50
143.73846,1.025,4.837,29.50
143.74862,1.025,5.412,29.50
143.76919,1.025,5.940,29.50
143.77953,1.062,6.515,29.50
143.80112,1.071,6.960,29.50
143.81185,1.071,6.960,29.50
143.82200,1.072,6.960,29.50
143.83358,1.072,7.875,29.50
143.84378,1.063,7.875,29.50
143.85400,1.063,7.875,29.50
143.86477,1.052,7.875,29.50
143.87512,1.022,8.196,29.50
143.88542,1.022,8.649,29.50
143.89843,1.004,8.976,29.50
143.90858,1.004,8.976,29.50
143.92034,1.004,8.976,29.50
143.93095,0.988,9.343,29.50
143.94110,0.959,9.595,29.50
143.95126,0.959,9.595,29.50
143.97674,0.959,9.595,29.50
143.98700,0.882,10.214,29.50
144.01011,0.882,10.460,29.50
144.02030,0.807,10.748,29.50
144.04030,0.807,10.748,29.50
144.05058,0.771,10.880,29.50
144.06074,0.744,11.057,29.50
144.07309,0.744,11.057,29.50
144.08372,0.720,11.226,29.50
144.09568,0.711,11.226,29.50
144.10587,0.711,11.344,29.50
144.11602,0.711,11.560,29.50
144.12629,0.703,11.560,29.50
144.13656,0.703,11.560,29.50
144.14674,0.699,11.664,29.50
144.15689,0.699,11.766,29.50
144.16875,0.703,11.766,29.50
144.17932,0.707,11.853,29.50
144.19002,0.707,11.853,29.50
144.21722,0.730,12.017,29.50
144.22737,0.730,12.017,29.50
144.24918,0.732,12.017,29.50
144.26030,0.738,12.228,29.50
144.28525,0.741,12.228,29.50
144.29559,0.747,12.314,29.50
144.31492,0.747,12.328,29.50
144.32512,0.754,12.431,29.50
144.34473,0.754,12.423,29.50
144.35494,0.764,12.423,29.50
144.36513,0.764,12.513,29.50
144.37834,0.764,12.513,29.50
144.38852,0.773,12.532,29.50
144.39869,0.773,12.532,29.50
144.40893,0.786,12.592,0.00
144.41910,0.789,12.704,0.00
144.42926,0.789,12.704,0.00
144.43942,0.794,12.725,0.00
144.44958,0.794,12.725,0.00
144.45974,0.788,12.853,0.00
144.46989,0.788,12.853,0.00
144.48029,0.786,12.833,0.00
144.49046,0.786,12.833,0.00
144.50062,0.779,12.879,0.00
144.51107,0.779,12.879,0.00
144.52123,0.746,12.896,0.00
144.53167,0.746,12.896,0.00
144.54184,0.737,12.848,0.00
144.55235,0.737,12.848,0.00
144.56251,0.772,12.930,0.00
144.57266,0.772,12.930,0.00
144.58282,0.802,12.849,0.00
144.59316,0.864,12.849,0.00
144.60351,0.864,12.847,0.00
144.61378,0.944,12.847,0.00
144.62428,0.944,12.833,0.00
144.63457,0.944,12.833,0.00
144.64495,1.023,12.784,0.00
144.65512,1.104,12.784,0.00
144.66527,1.104,12.885,0.00
144.67572,1.104,12.885,0.00
144.68588,1.212,12.810,0.00
144.69610,1.354,12.865,0.00
144.70639,1.354,12.865,0.00
144.71656,1.493,12.826,0.00
144.72672,1.493,12.826,0.00
144.73692,1.493,12.826,0.00
144.74711,1.631,12.811,0.00
144.75727,1.631,12.880,0.00
144.76743,1.756,12.880,0.00
144.77759,1.841,12.808,0.00
144.78781,1.841,12.808,0.00
144.79797,1.908,12.855,0.00
144.80824,1.908,12.855,0.00
144.81841,1.967,12.803,0.00
144.82858,1.967,12.803,0.00
144.83980,1.967,12.803,0.00
144.85065,1.996,12.829,0.00
144.86110,1.999,12.905,0.00
144.87154,1.999,12.905,0.00
144.88230,2.008,12.900,0.00
144.89255,2.008,13.003,0.00
144.90278,1.975,13.003,0.00
144.91312,1.975,12.890,0.00
144.92329,1.751,12.890,0.00
144.93345,1.751,12.890,0.00
144.94360,1.456,12.890,0.00
144.95376,1.242,12.877,0.00
144.96392,1.242,12.701,0.00
144.97408,1.130,12.701,0.00
144.98421,1.130,12.283,0.00
144.99452,1.031,12.283,0.00
145.00479,1.031,11.720,0.00
145.01517,1.031,11.487,0.00
145.02533,0.893,11.487,0.00
145.03547,0.893,11.015,0.00
145.04562,0.745,11.015,0.00
145.05577,0.629,10.315,0.00
145.06593,0.629,10.315,0.00
145.07609,0.568,9.460,0.00
145.08634,0.568,9.460,0.00
145.09649,0.563,8.484,0.00
145.10668,0.563,8.484,0.00
145.11684,0.563,8.484,0.00
145.12767,0.568,7.491,0.00
145.13783,0.579,6.424,0.00
145.14799,0.579,6.424,0.00
145.15815,0.599,5.477,0.00
145.16830,0.599,5.477,0.00
145.17959,0.599,4.397,0.00
145.18977,0.638,4.397,0.00
145.19991,0.706,3.046,0.00
145.21006,0.706,3.046,0.00
145.22057,0.798,1.725,0.00
145.23072,0.798,1.725,0.00
145.24091,0.886,0.778,0.00
145.25110,0.886,0.778,0.00
145.26125,0.956,0.104,0.00
145.27149,0.956,0.104,0.00
145.28185,0.999,-0.163,0.00
145.29227,0.999,-0.163,0.00
145.30262,1.008,0.114,0.00
145.31304,0.968,1.058,0.00
145.32320,0.968,1.058,0.00
145.33352,0.968,0.825,0.00
145.34369,0.907,0.825,0.00
145.35384,0.907,0.825,0.00
145.36400,0.853,0.121,0.00
145.37437,0.853,0.121,0.00
145.38475,0.804,0.414,0.00
145.39492,0.804,0.344,0.00
145.40507,0.732,0.344,0.00
145.41525,0.732,0.041,0.00
145.42639,0.634,0.041,0.00
145.43644,0.532,0.028,0.00
145.44667,0.532,0.028,0.00
145.45681,0.532,0.028,0.00
145.46704,0.429,0.400,0.00
145.47719,0.349,0.869,0.00
145.48734,0.349,0.869,0.00
145.49750,0.294,0.964,0.00
145.50771,0.294,0.964,0.00
145.51789,0.249,1.197,0.00
145.52810,0.249,1.197,0.00
145.53835,0.220,1.683,0.00
145.54851,0.220,1.683,0.00
145.55894,0.220,1.683,0.00
145.56952,0.205,1.981,0.00
145.57969,0.202,1.952,0.00
145.58996,0.202,1.952,0.00
145.60033,0.196,1.821,0.00
145.61052,0.196,1.821,0.00
145.62089,0.178,1.585,0.00
145.63113,0.178,1.585,0.00
145.64128,0.150,1.368,0.00
145.65144,0.150,1.368,0.00
145.66272,0.150,1.368,0.00
145.67295,0.128,1.204,0.00
145.68311,0.114,1.178,0.00
145.69328,0.114,1.178,0.00
145.70344,0.100,1.259,0.00
145.71361,0.100,1.305,0.00
145.72377,0.092,1.305,0.00
145.73478,0.092,1.305,0.00
145.74510,0.089,1.311,0.00
145.75527,0.089,1.311,0.00
145.76542,0.087,1.311,0.00
145.77556,0.091,1.379,0.00
145.78570,0.091,1.365,0.00
145.79586,0.095,1.290,0.00
145.80600,0.095,1.290,0.00
145.81731,0.106,1.185,0.00
145.82745,0.106,1.185,0.00
145.83780,0.106,1.185,0.00
145.84794,0.125,1.083,0.00
145.85810,0.143,0.976,0.00
145.86826,0.143,0.976,0.00
145.87857,0.169,0.905,0.00
145.88891,0.169,0.905,0.00
145.89976,0.169,0.905,0.00
145.91003,0.192,0.895,0.00
145.92282,0.192,0.905,0.00
145.94477,0.245,0.905,0.00
145.95513,0.269,0.905,0.00
145.96750,0.269,0.916,0.00
145.97944,0.269,0.929,0.00
145.99115,0.269,0.929,0.00
146.00874,0.302,0.955,0.00
146.02481,0.312,0.976,0.00
146.03524,0.318,1.012,0.00
146.04605,0.318,1.012,0.00
146.05677,0.319,1.012,0.00
146.08386,0.314,0.995,0.00
146.09403,0.314,0.964,0.00
146.10495,0.306,0.964,0.00
146.11512,0.306,0.964,0.00
146.13086,0.306,0.933,0.00
146.14207,0.296,0.933,0.00
146.15385,0.296,0.906,0.00
146.16537,0.296,0.903,0.00
146.18758,0.276,0.919,0.00
146.20106,0.276,0.919,0.00
146.22147,0.275,0.988,0.00
146.23650,0.273,1.022,0.00
146.24774,0.271,1.022,0.00
146.25790,0.271,1.054,0.00
146.26863,0.262,1.054,0.00
146.27960,0.249,1.074,0.00
146.29527,0.249,1.074,0.00
146.30686,0.228,1.094,0.00
146.31705,0.228,1.094,0.00
146.33588,0.205,1.113,0.00
146.34608,0.205,1.113,0.00
146.36214,0.158,1.117,0.00
146.37257,0.158,1.117,0.00
146.38419,0.131,1.120,0.00
146.39446,0.131,1.120,0.00
146.41028,0.109,1.124,0.00
146.42089,0.089,1.124,0.00
146.43663,0.089,1.110,0.00
146.44837,0.076,1.110,0.00
146.46370,0.069,1.102,0.00
146.47438,0.069,1.102,0.00
146.48477,0.062,1.102,0.00
146.50050,0.056,1.096,0.00
146.51069,0.056,1.086,0.00
146.52776,0.052,1.069,0.00
146.54764,0.052,1.048,0.00
146.55812,0.048,1.048,0.00
146.56860,0.048,1.027,0.00
146.57923,0.045,1.027,0.00
146.59197,0.045,1.007,0.00
146.60772,0.045,0.989,0.00
146.62102,0.045,0.989,0.00
146.63743,0.043,0.973,0.00
146.64959,0.041,0.959,0.00
146.66087,0.041,0.948,0.00
146.67114,0.041,0.948,0.00
146.68180,0.040,0.948,0.00
146.69264,0.040,0.948,0.00
146.70438,0.037,0.942,0.00
146.72807,0.031,0.945,0.00
146.73948,0.027,0.945,0.00
146.76253,0.027,0.951,0.00
146.77397,0.022,0.956,0.00
146.78578,0.022,0.956,0.00
146.79718,0.012,0.971,0.00
146.80740,0.012,0.971,0.00
146.82386,0.003,0.974,0.00
146.83511,0.003,0.974,0.00
146.85255,-0.002,0.981,0.00
146.86826,-0.011,0.991,0.00
146.87899,-0.011,0.997,0.00
146.88942,-0.022,0.997,0.00
146.90059,-0.022,1.003,0.00
146.96232,-0.034,1.019,0.00
147.01998,-0.108,1.019,0.00
147.03030,-0.239,0.029,0.00
147.04051,-0.246,0.030,0.00
147.05088,-0.251,0.030,0.00
147.06102,-0.251,0.027,0.00
147.07119,-0.251,0.027,0.00
147.08152,-0.257,0.024,0.00
147.09168,-0.257,0.024,0.00
147.10185,-0.261,0.015,0.00
147.11215,-0.261,0.002,0.00
147.12232,-0.258,0.002,0.00
147.13261,-0.258,0.002,0.00
147.14304,-0.250,-0.013,0.00
147.15325,-0.250,-0.032,0.00
147.16353,-0.235,-0.032,0.00
147.17384,-0.235,-0.049,0.00
147.18402,-0.217,-0.049,0.00
147.19440,-0.217,-0.049,0.00
147.20457,-0.200,-0.065,0.00
147.21473,-0.179,-0.084,0.00
147.22490,-0.179,-0.084,0.00
147.23505,-0.156,-0.102,0.00
147.24521,-0.156,-0.102,0.00
147.25536,-0.129,-0.118,0.00
147.26555,-0.129,-0.118,0.00
147.27569,-0.129,-0.133,0.00
147.28588,-0.098,-0.133,0.00
147.29639,-0.098,-0.133,0.00
147.30665,-0.067,-0.148,0.00
147.31702,-0.067,-0.160,0.00
147.32734,-0.037,-0.160,0.00
147.33833,-0.011,-0.173,0.00
147.34851,-0.011,-0.173,0.00
147.35901,0.016,-0.181,0.00
147.36915,0.016,-0.181,0.00
147.37931,0.043,-0.188,0.00
147.38957,0.043,-0.188,0.00
147.40152,0.043,-0.188,0.00
147.41170,0.067,-0.193,0.00
147.42204,0.089,-0.196,0.00
147.43223,0.089,-0.196,0.00
147.44238,0.109,-0.194,0.00
147.45269,0.109,-0.194,0.00
147.46288,0.109,-0.194,0.00
147.47316,0.109,-0.194,0.00
147.48331,0.142,-0.198,0.00
147.49355,0.142,-0.198,0.00
147.50407,0.142,-0.198,0.00
147.51432,0.162,-0.194,0.00
147.52462,0.162,-0.186,0.00
147.53480,0.162,-0.186,0.00
147.54498,0.169,-0.176,0.00
147.55513,0.169,-0.165,0.00
147.56529,0.174,-0.165,0.00
147.57545,0.174,-0.165,0.00
147.58611,0.175,-0.153,0.00
147.59626,0.171,-0.137,0.00
147.60643,0.171,-0.137,0.00
147.61687,0.163,-0.122,0.00
147.62703,0.163,-0.122,0.00
147.63718,0.154,-0.101,0.00
147.64734,0.154,-0.101,0.00
147.65750,0.143,-0.075,0.00
147.66766,0.143,-0.075,0.00
147.67782,0.130,-0.055,0.00
147.68805,0.130,-0.055,0.00
147.69840,0.117,-0.031,0.00
147.70862,0.117,-0.031,0.00
147.71878,0.100,-0.010,0.00
147.72895,0.100,-0.010,0.00
147.73976,0.100,-0.010,0.00
147.74994,0.084,0.010,0.00
147.76017,0.075,0.028,0.00
147.77201,0.075,0.028,0.00
147.78238,0.060,0.048,0.00
147.79260,0.045,0.048,0.00
147.80278,0.045,0.066,0.00
147.81293,0.035,0.066,0.00
147.82309,0.035,0.081,0.00
147.83328,0.035,0.094,0.00
147.84344,0.033,0.094,0.00
147.85366,0.033,0.094,0.00
147.86382,0.037,0.100,0.00
147.87433,0.037,0.108,0.00
147.88449,0.040,0.108,0.00
147.89466,0.040,0.108,0.00
147.90519,0.043,0.112,0.00
147.91536,0.043,0.112,0.00
147.92550,0.045,0.115,0.00
147.93566,0.048,0.118,0.00
147.94581,0.048,0.118,0.00
147.95647,0.048,0.118,0.00
147.96684,0.054,0.117,0.00
147.97700,0.065,0.117,0.00
147.98716,0.065,0.118,0.00
147.99732,0.065,0.118,0.00
148.00747,0.073,0.117,0.00
148.01763,0.082,0.118,0.00
148.02778,0.082,0.118,0.00
148.03794,0.090,0.119,0.00
148.04822,0.090,0.119,0.00
148.05858,0.099,0.118,0.00
148.06905,0.099,0.118,0.00
148.07921,0.109,0.120,0.00
148.08951,0.109,0.120,0.00
148.09984,0.109,0.123,0.00
148.11014,0.119,0.123,0.00
148.12064,0.126,0.125,0.00
148.13107,0.126,0.125,0.00
148.14124,0.130,0.133,0.00
148.15163,0.130,0.133,0.00
148.16200,0.136,0.139,0.00
148.17320,0.136,0.139,0.00
148.18335,0.138,0.147,0.00
148.19350,0.138,0.154,0.00
148.20367,0.139,0.154,0.00
148.21382,0.139,0.154,0.00
148.22397,0.139,0.154,0.00
148.23438,0.139,0.169,0.00
148.24454,0.140,0.182,0.00
148.25471,0.140,0.182,0.00
148.26495,0.140,0.195,0.00
148.27510,0.138,0.211,0.00
148.28525,0.138,0.211,0.00
148.29583,0.138,0.211,0.00
148.30605,0.135,0.228,0.00
148.31639,0.128,0.238,0.00
148.32672,0.128,0.238,0.00
148.33720,0.119,0.250,0.00
148.34740,0.119,0.250,0.00
148.35756,0.119,0.250,0.00
148.36772,0.119,0.250,0.00
148.37813,0.112,0.277,0.00
148.38829,0.105,0.277,0.00
148.39846,0.105,0.277,0.00
148.40871,0.095,0.289,0.00
148.41896,0.083,0.297,0.00
148.42911,0.083,0.297,0.00
148.43929,0.073,0.305,0.00
148.44945,0.073,0.305,0.00
148.45961,0.062,0.309,0.00
148.46985,0.062,0.309,0.00
148.48017,0.047,0.315,0.00
148.49032,0.047,0.315,0.00
148.50048,0.037,0.319,0.00
148.51064,0.037,0.319,0.00
148.52080,0.032,0.321,0.00
148.53095,0.032,0.321,0.00
148.54119,0.033,0.320,0.00
148.55195,0.033,0.320,0.00
148.56207,0.037,0.320,0.00
148.57267,0.037,0.320,0.00
148.58386,0.041,0.322,0.00
148.59402,0.041,0.322,0.00
148.60513,0.041,0.322,0.00
148.61529,0.043,0.321,0.00
148.62563,0.048,0.321,0.00
148.63597,0.051,0.320,0.00
148.64663,0.051,0.320,0.00
148.65712,0.060,0.317,0.00
148.66758,0.060,0.317,0.00
148.67775,0.060,0.317,0.00
148.68819,0.071,0.317,0.00
148.69855,0.079,0.314,0.00
148.70871,0.079,0.314,0.00
148.71887,0.088,0.310,0.00
148.72913,0.088,0.310,0.00
148.73929,0.094,0.308,0.00
148.74945,0.094,0.308,0.00
148.75961,0.094,0.308,0.00
148.76976,0.094,0.308,0.00
148.77993,0.110,0.298,0.00
148.79009,0.110,0.298,0.00
148.80038,0.115,0.289,0.00
148.81120,0.115,0.289,0.00
148.82139,0.119,0.280,0.00
148.83154,0.119,0.280,0.00
148.84170,0.124,0.271,0.00
148.85252,0.124,0.271,0.00
148.86286,0.127,0.270,0.00
148.87412,0.127,0.270,0.00
148.88439,0.129,0.259,0.00
148.89458,0.131,0.259,0.00
148.90474,0.131,0.255,0.00
148.91525,0.132,0.251,0.00
148.92543,0.132,0.251,0.00
148.93560,0.133,0.251,0.00
148.94584,0.133,0.243,0.00
148.95603,0.133,0.237,0.00
148.96635,0.131,0.237,0.00
148.97655,0.131,0.237,0.00
148.98673,0.127,0.233,0.00
148.99727,0.122,0.229,0.00
149.00742,0.122,0.229,0.00
149.01758,0.115,0.226,0.00
149.02789,0.115,0.226,0.00
149.03983,0.115,0.226,0.00
149.05006,0.108,0.226,0.00
149.06021,0.100,0.231,0.00
149.07040,0.100,0.231,0.00
149.08084,0.092,0.231,0.00
149.09100,0.092,0.233,0.00
149.10119,0.077,0.235,0.00
149.11135,0.077,0.235,0.00
149.12170,0.062,0.243,0.00
149.13210,0.062,0.243,0.00
149.14195,0.051,0.247,0.00
149.15220,0.051,0.247,0.00
149.16237,0.031,0.255,0.00
149.17265,0.031,0.255,0.00
149.18305,0.014,0.255,0.00
149.19321,0.014,0.261,0.00
149.20337,-0.002,0.270,0.00
149.21357,-0.002,0.270,0.00
149.22376,-0.015,0.275,0.00
149.23392,-0.015,0.278,0.00
149.24407,-0.023,0.278,0.00
149.25430,-0.029,0.285,0.00
149.26445,-0.029,0.285,0.00
149.27460,-0.037,0.290,0.00
149.28491,-0.037,0.290,0.00
149.29506,-0.045,0.290,0.00
149.30520,-0.045,0.292,0.00
149.31705,-0.045,0.292,0.00
149.32724,-0.052,0.294,0.00
149.33740,-0.051,0.297,0.00
149.34770,-0.051,0.297,0.00
149.35811,-0.050,0.300,0.00
149.36827,-0.050,0.300,0.00
149.37842,-0.054,0.301,0.00
149.38861,-0.054,0.301,0.00
149.39906,-0.055,0.302,0.00
149.40930,-0.055,0.302,0.00
149.41966,-0.058,0.301,0.00
149.43014,-0.058,0.301,0.00
149.44036,-0.058,0.297,0.00
149.45052,-0.058,0.297,0.00
149.46068,-0.055,0.292,0.00
149.47083,-0.055,0.292,0.00
149.48099,-0.054,0.283,0.00
149.49114,-0.054,0.283,0.00
149.50129,-0.053,0.271,0.00
149.51143,-0.053,0.263,0.00
149.52177,-0.053,0.263,0.00
149.53332,-0.053,0.256,0.00
149.54358,-0.053,0.256,0.00
149.55393,-0.053,0.256,0.00
149.56427,-0.052,0.246,0.00
149.57441,-0.054,0.238,0.00
149.58456,-0.054,0.238,0.00
149.59589,-0.054,0.238,0.00
149.60605,-0.055,0.234,0.00
149.61620,-0.058,0.227,0.00
149.62659,-0.058,0.227,0.00
149.63697,-0.061,0.218,0.00
149.64724,-0.061,0.218,0.00
149.65739,-0.061,0.208,0.00
149.66754,-0.063,0.208,0.00
149.67770,-0.064,0.200,0.00
149.68786,-0.064,0.200,0.00
149.69802,-0.069,0.192,0.00
149.70818,-0.069,0.192,0.00
149.71840,-0.072,0.187,0.00
149.72856,-0.072,0.187,0.00
149.73877,-0.076,0.185,0.00
149.74892,-0.076,0.185,0.00
149.75908,-0.079,0.179,0.00
149.76924,-0.079,0.179,0.00
149.77948,-0.087,0.177,0.00
149.78964,-0.087,0.177,0.00
149.80002,-0.093,0.176,0.00
149.81152,-0.093,0.176,0.00
149.82168,-0.097,0.174,0.00
149.83184,-0.097,0.174,0.00
149.84200,-0.109,0.175,0.00
149.85214,-0.109,0.175,0.00
149.86234,-0.109,0.175,0.00
149.87288,-0.120,0.176,0.00
149.88306,-0.128,0.177,0.00
149.89322,-0.128,0.177,0.00
149.90337,-0.137,0.172,0.00
149.91381,-0.137,0.172,0.00
149.92397,-0.139,0.166,0.00
149.93413,-0.139,0.161,0.00
149.94431,-0.139,0.161,0.00
149.95474,-0.141,0.157,0.00
149.96505,-0.141,0.157,0.00
149.97526,-0.142,0.157,0.00
149.98542,-0.142,0.151,0.00
149.99559,-0.142,0.147,0.00
150.00573,-0.142,0.147,0.00
150.01603,-0.142,0.147,0.00
150.02629,-0.140,0.142,0.00
150.03644,-0.136,0.139,0.00
150.04659,-0.136,0.139,0.00
150.05689,-0.138,0.133,0.00
150.06706,-0.138,0.133,0.00
150.07724,-0.138,0.133,0.00
150.08740,-0.138,0.128,0.00
150.09756,-0.139,0.123,0.00
150.10772,-0.139,0.123,0.00
150.11794,-0.140,0.115,0.00
150.12809,-0.140,0.115,0.00
150.13834,-0.138,0.107,0.00
150.14850,-0.138,0.107,0.00
150.15866,-0.138,0.098,0.00
150.16883,-0.138,0.098,0.00
150.17900,-0.140,0.098,0.00
150.18926,-0.140,0.085,0.00
150.19943,-0.143,0.076,0.00
150.20991,-0.143,0.076,0.00
150.22018,-0.146,0.067,0.00
150.23042,-0.146,0.067,0.00
150.24058,-0.150,0.055,0.00
150.25105,-0.150,0.055,0.00
150.26103,-0.154,0.045,0.00
150.27120,-0.154,0.045,0.00
150.28135,-0.157,0.037,0.00
150.29154,-0.157,0.037,0.00
150.30173,-0.159,0.032,0.00
150.31190,-0.161,0.032,0.00
150.32216,-0.161,0.022,0.00
150.33299,-0.161,0.022,0.00
150.34316,-0.165,0.013,0.00
150.35380,-0.165,0.013,0.00
150.36396,-0.171,0.001,0.00
150.37412,-0.171,-0.009,0.00
150.38427,-0.177,-0.009,0.00
150.39542,-0.177,-0.009,0.00
150.40558,-0.185,-0.015,0.00
150.41584,-0.193,-0.019,0.00
150.42636,-0.193,-0.019,0.00
150.43652,-0.201,-0.021,0.00
150.44684,-0.201,-0.021,0.00
150.45718,-0.212,-0.021,0.00
150.46752,-0.212,-0.021,0.00
150.47836,-0.224,-0.020,0.00
150.48853,-0.224,-0.020,0.00
150.49911,-0.232,-0.016,0.00
150.50932,-0.232,-0.016,0.00
150.51949,-0.244,-0.013,0.00
150.53008,-0.244,-0.013,0.00
150.54040,-0.263,-0.004,0.00
150.55059,-0.263,-0.004,0.00
150.56087,-0.278,0.000,0.00
150.57122,-0.278,0.000,0.00
150.58138,-0.289,0.000,0.00
150.59157,-0.289,0.003,0.00
150.60173,-0.296,0.003,0.00
150.61189,-0.296,0.003,0.00
150.62286,-0.299,0.006,0.00
150.63302,-0.299,0.006,0.00
150.64318,-0.305,0.008,0.00
150.65335,-0.312,0.008,0.00
150.66350,-0.312,0.007,0.00
150.67475,-0.312,0.007,0.00
150.68494,-0.321,0.006,0.00
150.69524,-0.326,0.006,0.00
150.70540,-0.326,0.006,0.00
150.71556,-0.325,0.008,0.00
150.72572,-0.325,0.008,0.00
150.73590,-0.329,0.011,0.00
150.74637,-0.329,0.011,0.00
150.75653,-0.329,0.011,0.00
150.76709,-0.331,0.014,0.00
150.77731,-0.339,0.014,0.00
150.78746,-0.339,0.012,0.00
150.79762,-0.345,0.012,0.00
150.80804,-0.345,0.012,0.00
150.81847,-0.345,0.008,0.00
150.83059,-0.345,0.008,0.00
150.84077,-0.345,0.004,0.00
150.85104,-0.345,-0.006,0.00
150.86141,-0.345,-0.006,0.00
150.87159,-0.345,-0.006,0.00
150.88176,-0.344,-0.017,0.00
150.89192,-0.340,-0.017,0.00
150.90230,-0.340,-0.025,0.00
150.91249,-0.340,-0.025,0.00
150.92289,-0.335,-0.030,0.00
150.93306,-0.335,-0.030,0.00
150.94324,-0.330,-0.044,0.00
150.95342,-0.330,-0.044,0.00
150.96358,-0.327,-0.053,0.00
150.97380,-0.327,-0.053,0.00
150.98397,-0.322,-0.064,0.00
150.99413,-0.316,-0.077,0.00
151.00429,-0.316,-0.077,0.00
151.01445,-0.316,-0.077,0.00
151.02495,-0.312,-0.087,0.00
151.03524,-0.308,-0.099,0.00
151.04545,-0.308,-0.099,0.00
151.05561,-0.306,-0.115,0.00
151.06582,-0.306,-0.115,0.00
151.07597,-0.303,-0.127,0.00
151.08613,-0.303,-0.127,0.00
151.09642,-0.302,-0.133,0.00
151.10678,-0.302,-0.133,0.00
151.11902,-0.302,-0.139,0.00
151.12921,-0.307,-0.139,0.00
151.13940,-0.319,-0.144,0.00
151.15001,-0.319,-0.144,0.00
151.16052,-0.331,-0.151,0.00
151.17159,-0.331,-0.151,0.00
151.18179,-0.346,-0.153,0.00
151.19303,-0.346,-0.153,0.00
151.20319,-0.370,-0.158,0.00
151.21334,-0.370,-0.158,0.00
151.22425,-0.417,-0.160,0.00
151.23442,-0.417,-0.160,0.00
151.24458,-0.475,-0.159,0.00
151.25478,-0.559,-0.162,0.00
151.26500,-0.559,-0.162,0.00
151.27535,-0.723,-0.166,0.00
151.28565,-0.723,-0.166,0.00
151.29653,-1.002,-0.167,0.00
151.30675,-1.002,-0.167,0.00
151.31732,-1.095,-0.166,0.00
151.32748,-1.095,-0.166,0.00
151.33764,-1.065,-0.165,0.00
151.34782,-1.065,-0.165,0.00
151.35798,-1.027,-0.165,0.00
151.36988,-1.027,-0.165,0.00
151.38031,-0.827,-0.163,0.00
151.39047,-0.827,-0.163,0.00
151.40063,-0.150,-0.160,0.00
151.41303,-0.150,-0.160,0.00
151.42311,1.317,-0.158,0.00
151.43520,2.896,-0.158,0.00
151.44536,2.896,-0.154,0.00
151.45552,4.719,-0.152,0.00
151.46567,4.719,-0.152,0.00
151.47627,6.749,-0.150,0.00
151.48642,6.749,-0.150,0.00
151.49785,6.749,-0.150,0.00
151.50801,8.960,-0.146,0.00
151.51817,11.274,-0.145,0.00
151.52874,11.274,-0.145,0.00
151.53912,13.645,-0.149,0.00
151.54991,13.645,-0.149,0.00
151.56049,16.076,-0.151,9.00
151.57079,16.076,-0.148,9.00
151.58094,18.588,-0.148,9.00
151.59113,18.588,-0.148,9.00
151.60862,21.040,-0.148,9.00
151.61881,21.040,-0.146,9.00
151.64281,23.216,-0.146,9.00
151.65376,25.113,-0.141,9.00
151.67316,26.729,-0.140,9.00
151.68333,28.067,-0.136,9.00
151.70493,28.941,-0.126,9.00
151.71521,29.111,-0.126,9.00
151.72538,29.111,-0.118,9.00
151.73672,28.901,-0.118,9.00
151.74703,28.901,-0.103,9.00
151.75726,28.901,-0.080,9.00
151.77042,28.431,-0.080,9.00
151.78093,27.412,-0.047,9.00
151.79109,27.412,-0.047,9.00
151.80159,25.908,-0.012,9.00
151.81377,25.908,-0.012,9.00
151.82410,24.082,0.016,9.00
151.83452,24.082,0.016,9.00
151.84469,22.228,0.047,9.00
151.85485,20.397,0.073,9.00
151.86506,20.397,0.073,9.00
151.87615,18.351,0.074,9.00
151.88634,18.351,0.074,9.00
151.91334,13.551,0.074,9.00
151.92361,13.551,0.033,9.00
151.94569,13.551,0.033,9.00
151.95588,8.355,-0.050,9.00
151.97616,8.355,-0.050,9.00
151.98638,5.903,-0.118,9.00
152.00829,3.641,-0.195,9.00
152.01849,1.694,-0.282,9.00
152.02864,1.694,-0.282,9.00
152.04170,0.251,-0.372,9.00
152.05346,-0.778,-0.524,9.00
152.06367,-0.778,-0.524,9.00
152.07384,-1.278,-0.859,9.00
152.08400,-1.278,-0.859,9.00
152.09459,-1.368,-1.130,9.00
152.10492,-1.368,-1.130,9.00
152.11511,-1.368,-1.130,9.00
152.12535,-1.182,-1.310,9.00
152.13661,-1.182,-1.310,9.00
152.14679,-0.901,-1.453,9.00
152.15695,-0.901,-1.453,9.00
152.16855,-0.683,-1.559,9.00
152.18474,-0.683,-1.559,9.00
152.19493,-0.675,-1.616,9.00
152.21900,-0.807,-1.552,9.00
152.22928,-0.942,-1.498,9.00
152.24824,-1.059,-1.387,9.00
152.25842,-1.148,-1.246,9.00
152.26858,-1.148,-1.246,9.00
152.28075,-1.148,-1.105,9.00
152.29098,-1.205,-1.105,9.00
152.30148,-1.261,-0.978,9.00
152.31302,-1.283,-0.978,9.50
152.32319,-1.283,-0.897,9.50
152.33331,-1.283,-0.897,9.50
152.34561,-1.261,-0.831,9.50
152.35568,-1.261,-0.831,9.50
152.36589,-1.211,-0.742,9.50
152.39549,-1.042,-0.655,9.50
152.40564,-1.042,-0.655,9.50
152.42441,-1.042,-0.655,9.50
152.43460,-0.962,-0.649,9.50
152.45705,-0.854,-0.711,10.00
152.46732,-0.854,-0.711,10.00
152.48832,-0.854,-0.711,10.50
152.49848,-0.811,-0.796,10.50
152.50864,-0.784,-0.875,10.50
152.52096,-0.784,-0.875,10.50
152.53112,-0.784,-0.875,10.50
152.54128,-0.784,-0.875,10.50
152.55588,-0.784,-0.875,11.00
152.56606,-0.756,-1.069,11.00
152.57622,-0.734,-1.157,11.00
152.58637,-0.694,-1.246,11.50
152.59652,-0.694,-1.246,11.50
152.60668,-0.694,-1.246,11.50
152.63382,-0.542,-1.246,12.50
152.64434,-0.542,-1.596,12.50
152.66469,-0.486,-1.596,13.50
152.67502,-0.430,-1.900,13.50
152.69772,-0.430,-1.900,14.50
152.70791,-0.381,-1.996,14.50
152.72820,-0.381,-1.996,15.50
152.73837,-0.326,-2.076,15.50
152.74864,-0.266,-2.115,15.50
152.76111,-0.206,-2.135,17.00
152.77154,-0.149,-2.126,17.00
152.78191,-0.149,-2.126,17.00
152.79348,-0.149,-2.126,18.00
152.80388,-0.097,-2.114,18.00
152.81567,-0.097,-2.114,18.00
152.82586,-0.054,-2.121,19.50
152.83616,-0.024,-2.130,19.50
152.84634,-0.024,-2.130,19.50
152.85649,0.002,-2.130,21.00
152.86665,0.002,-2.141,21.00
152.87681,0.022,-2.133,21.00
152.90428,0.022,-2.133,22.50
152.91448,0.036,-2.161,22.50
152.93698,0.059,-2.141,23.50
152.94732,0.059,-2.141,23.50
152.96883,0.071,-2.141,24.50
152.97924,0.093,-2.132,24.50
153.00072,0.116,-2.132,25.50
153.01107,0.116,-2.161,25.50
153.03567,0.153,-2.178,26.50
153.04592,0.187,-2.187,26.50
153.06479,0.217,-2.210,27.00
153.07592,0.229,-2.210,27.00
153.08609,0.229,-2.196,27.00
153.09973,0.234,-2.196,27.50
153.10987,0.234,-2.257,27.50
153.12004,0.250,-2.341,27.50
153.13062,0.250,-2.341,28.00
153.14077,0.258,-2.473,28.00
153.15118,0.258,-2.473,28.00
153.16136,0.264,-2.647,28.50
153.17164,0.264,-2.647,28.50
153.18180,0.271,-2.804,28.50
153.21328,0.271,-2.804,28.50
153.22347,0.267,-3.201,28.50
153.24211,0.261,-3.420,29.00
153.25280,0.264,-3.420,29.00
153.27276,0.264,-3.895,29.00
153.28313,0.261,-3.895,29.00
153.30451,0.263,-3.895,29.00
153.31475,0.263,-4.207,29.00
153.32493,0.271,-4.561,29.00
153.33645,0.271,-4.935,29.00
153.34679,0.284,-4.935,29.00
153.35694,0.291,-4.935,29.00
153.36855,0.291,-5.301,29.50
153.37888,0.291,-5.666,29.50
153.38904,0.291,-5.666,29.50
153.40051,0.291,-6.008,29.50
153.41192,0.304,-6.008,29.50
153.42231,0.304,-6.281,29.50
153.43250,0.304,-6.483,29.50
153.44284,0.298,-6.483,29.50
153.45450,0.298,-6.483,29.50
153.48112,0.321,-6.766,29.50
153.49132,0.321,-6.766,29.50
153.51298,0.331,-6.702,29.50
153.52372,0.331,-6.702,29.50
153.54414,0.331,-6.702,29.50
153.55443,0.336,-6.582,29.50
153.56460,0.346,-6.520,29.50
153.57783,0.346,-6.520,29.50
153.58814,0.348,-6.191,29.50
153.60811,0.356,-5.809,29.50
153.61831,0.356,-5.809,29.50
153.62846,0.359,-5.291,29.50
153.64059,0.359,-4.565,29.50
153.65254,0.374,-4.565,29.50
153.66272,0.398,-3.876,29.50
153.67306,0.419,-3.060,29.50
153.68386,0.419,-3.060,29.50
153.69451,0.443,-3.060,29.50
153.70558,0.443,-2.213,29.50
153.71679,0.443,-1.343,29.50
153.72701,0.468,-1.343,29.50
153.75261,0.497,0.450,29.50
153.76296,0.525,0.450,29.50
153.78602,0.525,1.327,29.50
153.79619,0.567,2.306,29.50
153.81807,0.581,3.251,29.50
153.82839,0.581,3.251,29.50
153.84885,0.596,4.081,29.50
153.85924,0.612,4.955,29.50
153.86946,0.612,4.955,29.50
153.88078,0.612,5.776,29.50
153.89098,0.627,5.776,29.50
153.90114,0.643,6.496,29.50
153.91543,0.655,6.496,29.50
153.92592,0.655,7.189,29.50
153.93619,0.677,7.840,29.50
153.94639,0.677,7.840,29.50
153.95659,0.677,7.840,29.50
153.96676,0.695,8.396,29.50
153.97692,0.712,9.052,29.50
153.98726,0.712,9.052,29.50
153.99787,0.731,9.486,29.50
154.02470,0.731,9.963,29.50
154.03505,0.745,10.321,29.50
154.05798,0.760,10.562,29.50
154.06856,0.773,10.562,29.50
154.08883,0.782,10.887,29.50
154.09937,0.785,11.067,29.50
154.12112,0.782,11.348,29.50
154.13203,0.782,11.472,29.50
154.14250,0.782,11.472,29.50
154.15268,0.782,11.472,29.50
154.16300,0.778,11.585,29.50
154.17327,0.778,11.708,29.50
154.18501,0.775,11.708,29.50
154.19523,0.775,11.708,29.50
154.20563,0.778,11.767,29.50
154.21808,0.779,11.803,29.50
154.22854,0.779,11.803,29.50
154.23890,0.784,11.851,29.50
154.25074,0.784,11.900,29.50
154.26126,0.787,11.900,29.50
154.27155,0.787,11.900,29.50
154.29744,0.803,11.906,29.50
154.30761,0.803,11.906,29.50
154.32838,0.803,11.906,29.50
154.33856,0.813,11.949,29.50
154.36228,0.813,11.944,29.50
154.37262,0.813,11.944,29.50
154.39358,0.808,11.914,29.50
154.40375,0.801,11.914,29.50
154.42419,0.801,11.914,29.50
154.43439,0.796,11.945,29.50
154.44478,0.793,11.982,29.50
154.45710,0.793,11.982,29.50
154.46789,0.789,12.083,29.50
154.47839,0.789,12.140,29.50
154.48860,0.789,12.140,29.50
154.49917,0.782,12.152,29.50
154.50972,0.782,12.152,29.50
154.52094,0.775,12.268,29.50
154.53112,0.775,12.268,29.50
154.54144,0.775,12.268,29.50
154.55270,0.775,12.268,29.50
154.56306,0.758,12.257,29.50
154.57471,0.753,12.300,29.50
154.58488,0.753,12.300,0.00
154.59504,0.753,12.278,0.00
154.60519,0.744,12.278,0.00
154.61630,0.744,12.278,0.00
154.62646,0.741,12.397,0.00
154.63661,0.729,12.503,0.00
154.64677,0.729,12.503,0.00
154.65693,0.722,12.584,0.00
154.66708,0.722,12.584,0.00
154.67742,0.708,12.584,0.00
154.68778,0.708,12.704,0.00
154.69836,0.675,12.697,0.00
154.70858,0.675,12.697,0.00
154.71914,0.663,12.791,0.00
154.72930,0.663,12.791,0.00
154.73959,0.675,12.791,0.00
154.74974,0.675,12.785,0.00
154.75990,0.675,12.792,0.00
154.77005,0.675,12.792,0.00
154.78021,0.675,12.885,0.00
154.79051,0.685,12.885,0.00
154.80082,0.726,12.875,0.00
154.81099,0.726,12.875,0.00
154.82115,0.790,12.934,0.00
154.83131,0.790,12.934,0.00
154.84147,0.895,12.933,0.00
154.85165,0.895,12.933,0.00
154.86181,1.028,12.922,0.00
154.87196,1.028,12.922,0.00
154.88213,1.181,13.009,0.00
154.89228,1.181,13.009,0.00
154.90243,1.359,12.944,0.00
154.91271,1.359,12.944,0.00
154.92286,1.528,13.029,0.00
154.93314,1.528,13.029,0.00
154.94330,1.650,12.986,0.00
154.95349,1.743,13.009,0.00
154.96369,1.743,13.009,0.00
154.97399,1.743,13.009,0.00
154.98430,1.820,13.094,0.00
154.99457,1.820,13.060,0.00
155.00490,1.843,13.060,0.00
155.01527,1.843,13.060,0.00
155.02562,1.816,13.167,0.00
155.03656,1.816,13.121,0.00
155.04675,1.763,13.121,0.00
155.05710,1.763,13.121,0.00
155.06727,1.704,13.129,0.00
155.07743,1.611,13.127,0.00
155.08759,1.611,13.127,0.00
155.09775,1.403,13.008,0.00
155.10812,1.403,13.008,0.00
155.11829,1.126,13.008,0.00
155.12845,1.126,13.041,0.00
155.13861,0.923,12.861,0.00
155.14877,0.923,12.861,0.00
155.15893,0.829,12.829,0.00
155.16908,0.829,12.829,0.00
155.17937,0.765,12.614,0.00
155.18952,0.765,12.614,0.00
155.19967,0.672,12.138,0.00
155.20983,0.672,12.138,0.00
155.21999,0.672,12.138,0.00
155.23015,0.672,11.471,0.00
155.24031,0.500,11.044,0.00
155.25047,0.500,11.044,0.00
155.26063,0.494,10.420,0.00
155.27130,0.494,10.420,0.00
155.28146,0.538,9.382,0.00
155.29205,0.538,9.382,0.00
155.30239,0.583,8.387,0.00
155.31255,0.583,8.387,0.00
155.32271,0.623,7.269,0.00
155.33287,0.668,7.269,0.00
155.34303,0.668,6.189,0.00
155.35323,0.668,6.189,0.00
155.36339,0.719,5.268,0.00
155.37370,0.783,5.268,0.00
155.38386,0.783,3.929,0.00
155.39498,0.853,3.929,0.00
155.40521,0.853,2.356,0.00
155.41538,0.897,0.946,0.00
155.42553,0.897,0.946,0.00
155.43569,0.897,0.946,0.00
155.44602,0.897,-0.880,0.00
155.45621,0.897,-2.254,0.00
155.46638,0.883,-2.254,0.00
155.47654,0.890,-3.192,0.00
155.48670,0.890,-3.192,0.00
155.49686,0.925,-3.773,0.00
155.50702,0.925,-3.773,0.00
155.51722,0.974,-3.618,0.00
155.52733,0.974,-3.618,0.00
155.53759,1.017,-2.336,0.00
155.54822,1.017,-2.336,0.00
155.55862,1.020,-1.323,0.00
155.56878,1.020,-1.323,0.00
155.57904,0.989,-1.548,0.00
155.58957,0.989,-1.548,0.00
155.59989,0.942,-1.553,0.00
155.61127,0.942,-1.553,0.00
155.62144,0.896,-1.511,0.00
155.63159,0.896,-1.511,0.00
155.64175,0.872,-1.654,0.00
155.65191,0.872,-1.654,0.00
155.66246,0.876,-1.817,0.00
155.67273,0.876,-1.817,0.00
155.68296,0.876,-1.817,0.00
155.69312,0.899,-1.911,0.00
155.70329,0.929,-2.099,0.00
155.71345,0.929,-2.099,0.00
155.72380,0.929,-2.099,0.00
155.73409,0.929,-2.099,0.00
155.74425,0.929,-2.099,0.00
155.75450,0.958,-2.287,0.00
155.76722,0.972,-2.175,0.00
155.77738,0.978,-1.869,0.00
155.78753,0.979,-1.773,0.00
155.79767,0.984,-1.773,0.00
155.80781,0.984,-1.809,0.00
155.81797,0.990,-1.768,0.00
155.82812,0.990,-1.768,0.00
155.83849,0.990,-1.768,0.00
155.84866,0.990,-1.768,0.00
155.85919,0.990,-1.768,0.00
155.86941,0.990,-1.768,0.00
155.87975,0.990,-1.768,0.00
155.89013,0.995,-1.768,0.00
155.90041,1.003,-1.377,0.00
155.91104,1.015,-1.024,0.00
155.92129,1.002,-0.786,0.00
155.93145,1.002,-0.786,0.00
155.94183,0.985,-0.786,0.00
155.95240,0.985,-0.946,0.00
155.96267,0.962,-1.046,0.00
155.97312,0.962,-1.046,0.00
155.98330,0.934,-1.161,0.00
155.99346,0.934,-1.161,0.00
156.00364,0.909,-1.249,0.00
156.01380,0.909,-1.249,0.00
156.02396,0.887,-1.310,0.00
156.03412,0.887,-1.281,0.00
156.04429,0.865,-1.281,0.00
156.05444,0.865,-1.162,0.00
156.06463,0.851,-1.162,0.00
156.07525,0.851,-1.162,0.00
156.08585,0.834,-1.026,0.00
156.10192,0.821,-1.026,0.00
156.11261,0.813,-1.026,0.00
156.12310,0.813,-1.026,0.00
156.13902,0.813,-0.807,0.00
156.15343,0.813,-0.807,0.00
156.16361,0.809,-0.724,0.00
156.17406,0.808,-0.724,0.00
156.18564,0.805,-0.724,0.00
156.20760,0.792,-0.710,0.00
156.23389,0.759,-0.715,0.00
156.24430,0.759,-0.715,0.00
156.26474,0.759,-0.715,0.00
156.27750,0.738,-0.708,0.00
156.29077,0.721,-0.707,0.00
156.30236,0.714,-0.707,0.00
156.32341,0.714,-0.710,0.00
156.34723,0.722,-0.704,0.00
156.36525,0.722,-0.688,0.00
156.37599,0.743,-0.688,0.00
156.39652,0.759,-0.667,0.00
156.41746,0.759,-0.646,0.00
156.42851,0.778,-0.622,0.00
156.43891,0.778,-0.622,0.00
156.45051,0.778,-0.622,0.00
156.46805,0.803,-0.603,0.00
156.49451,0.837,-0.597,0.00
156.50696,0.849,-0.597,0.00
156.51712,0.849,-0.597,0.00
156.52771,0.854,-0.599,0.00
156.53812,0.855,-0.599,0.00
156.55793,0.855,-0.602,0.00
156.56836,0.854,-0.602,0.00
156.58018,0.854,-0.602,0.00
156.59251,0.852,-0.600,0.00
156.60352,0.851,-0.600,0.00
156.61746,0.852,-0.593,0.00
156.62779,0.852,-0.593,0.00
156.63795,0.854,-0.593,0.00
156.64856,0.854,-0.590,0.00
156.65899,0.854,-0.590,0.00
156.66940,0.854,-0.589,0.00
156.67992,0.850,-0.589,0.00
156.69005,0.850,-0.595,0.00
156.70103,0.850,-0.600,0.00
156.71191,0.846,-0.600,0.00
