time,contralateral_sh_el_deg,sh_el_deg,stim_curr
0.01407,-0.611,1.899,0.00
0.02435,-0.422,2.076,0.00
0.03451,-0.422,2.076,0.00
0.04554,-0.349,2.165,0.00
0.05659,-0.349,2.165,0.00
0.06677,-0.299,2.253,0.00
0.07693,-0.299,2.253,0.00
0.08939,-0.299,2.253,0.00
0.10134,-0.255,2.347,0.00
0.11151,-0.220,2.439,0.00
0.12167,-0.220,2.439,0.00
0.13182,-0.207,2.543,0.00
0.14332,-0.207,2.543,0.00
0.15338,-0.222,2.651,0.00
0.16354,-0.253,2.763,0.00
0.17504,-0.253,2.763,0.00
0.18527,-0.253,2.763,0.00
0.19623,-0.285,2.886,0.00
0.20639,-0.285,2.886,0.00
0.21737,-0.285,2.886,0.00
0.22780,-0.308,3.020,0.00
0.23808,-0.328,3.149,0.00
0.24902,-0.353,3.293,0.00
0.25929,-0.353,3.293,0.00
0.26978,-0.382,3.404,0.00
0.27993,-0.382,3.404,0.00
0.29098,-0.404,3.491,0.00
0.30115,-0.404,3.491,0.00
0.31142,-0.404,3.491,0.00
0.32160,-0.411,3.556,0.00
0.33177,-0.418,3.600,0.00
0.34217,-0.426,3.626,0.00
0.35233,-0.426,3.626,0.00
0.36250,-0.426,3.626,0.00
0.37266,-0.422,3.634,0.00
0.38288,-0.422,3.634,0.00
0.39336,-0.407,3.626,0.00
0.40374,-0.407,3.626,0.00
0.41391,-0.382,3.596,0.00
0.42407,-0.358,3.561,0.00
0.43430,-0.358,3.561,0.00
0.44448,-0.335,3.521,0.00
0.45556,-0.335,3.521,0.00
0.46583,-0.335,3.521,0.00
0.47618,-0.335,3.486,0.00
0.48650,-0.309,3.486,0.00
0.49666,-0.284,3.455,0.00
0.50686,-0.284,3.455,0.00
0.51702,-0.284,3.455,0.00
0.52719,-0.229,3.415,0.00
0.53743,-0.229,3.415,0.00
0.54760,-0.206,3.410,0.00
0.55880,-0.206,3.410,0.00
0.56904,-0.186,3.419,0.00
0.57926,-0.186,3.419,0.00
0.58957,-0.170,3.431,0.00
0.59973,-0.170,3.431,0.00
0.60990,-0.160,3.450,0.00
0.62030,-0.160,3.450,0.00
0.63046,-0.162,3.463,0.00
0.64062,-0.162,3.463,0.00
0.65078,-0.162,3.463,0.00
0.66095,-0.162,3.482,0.00
0.67110,-0.177,3.501,0.00
0.68126,-0.177,3.501,0.00
0.69142,-0.190,3.515,0.00
0.70180,-0.190,3.515,0.00
0.71197,-0.190,3.515,0.00
0.72214,-0.200,3.539,0.00
0.73244,-0.213,3.539,0.00
0.74278,-0.224,3.544,0.00
0.75507,-0.224,3.544,0.00
0.76535,-0.235,3.544,0.00
0.77572,-0.235,3.544,0.00
0.78606,-0.255,3.544,0.00
0.79608,-0.255,3.544,0.00
0.80669,-0.255,3.544,0.00
0.81686,-0.255,3.544,0.00
0.82702,-0.272,3.541,0.00
0.83713,-0.279,3.538,0.00
0.84738,-0.279,3.538,0.00
0.85779,-0.280,3.537,0.00
0.86815,-0.280,3.534,0.00
0.88089,-0.280,3.534,0.00
0.89106,-0.284,3.533,0.00
0.90121,-0.285,3.534,0.00
0.91146,-0.285,3.534,0.00
0.92241,-0.285,3.534,0.00
0.93373,-0.283,3.539,0.00
0.94424,-0.283,3.539,0.00
0.95454,-0.285,3.553,0.00
0.96471,-0.294,3.561,0.00
0.97485,-0.294,3.561,0.00
0.98502,-0.316,3.569,0.00
0.99537,-0.316,3.569,0.00
1.00559,-0.339,3.574,0.00
1.01567,-0.339,3.574,0.00
1.02762,-0.339,3.574,0.00
1.03778,-0.371,3.579,0.00
1.04792,-0.418,3.603,0.00
1.05826,-0.418,3.603,0.00
1.06831,-0.458,3.622,0.00
1.08023,-0.458,3.622,0.00
1.09039,-0.486,3.650,0.00
1.10065,-0.486,3.685,0.00
1.11080,-0.526,3.685,0.00
1.12101,-0.526,3.685,0.00
1.13127,-0.587,3.723,0.00
1.14151,-0.640,3.723,0.00
1.15167,-0.640,3.773,0.00
1.16212,-0.684,3.828,0.00
1.17332,-0.684,3.828,0.00
1.18351,-0.718,3.881,0.00
1.19372,-0.718,3.881,0.00
1.20386,-0.734,3.931,0.00
1.21438,-0.734,3.931,0.00
1.22566,-0.734,3.931,0.00
1.23592,-0.741,3.961,0.00
1.24608,-0.740,3.988,0.00
1.25624,-0.740,3.988,0.00
1.26638,-0.731,3.994,0.00
1.27654,-0.731,3.994,0.00
1.28681,-0.719,3.981,0.00
1.29718,-0.719,3.981,0.00
1.30757,-0.704,3.946,0.00
1.31803,-0.704,3.946,0.00
1.32826,-0.704,3.946,0.00
1.34010,-0.682,3.880,0.00
1.35038,-0.653,3.813,0.00
1.36054,-0.625,3.735,0.00
1.37085,-0.625,3.735,0.00
1.38115,-0.598,3.668,0.00
1.39147,-0.598,3.668,0.00
1.40216,-0.560,3.605,0.00
1.41232,-0.560,3.605,0.00
1.42247,-0.560,3.605,0.00
1.43271,-0.513,3.605,0.00
1.44298,-0.462,3.529,0.00
1.45317,-0.462,3.529,0.00
1.46333,-0.462,3.529,0.00
1.47347,-0.417,3.520,0.00
1.48364,-0.378,3.514,0.00
1.49378,-0.378,3.514,0.00
1.50394,-0.347,3.510,0.00
1.51424,-0.347,3.510,0.00
1.52440,-0.347,3.510,0.00
1.53464,-0.347,3.510,0.00
1.54481,-0.347,3.510,0.00
1.55544,-0.308,3.528,0.00
1.56561,-0.320,3.538,0.00
1.57591,-0.320,3.538,0.00
1.58608,-0.383,3.548,0.00
1.59726,-0.383,3.548,0.00
1.60761,-0.501,3.555,0.00
1.61823,-0.501,3.555,0.00
1.62838,-0.719,3.558,0.00
1.63863,-0.719,3.558,0.00
1.64894,-1.008,3.559,0.00
1.65909,-1.008,3.559,0.00
1.66924,-1.074,3.565,0.00
1.67947,-1.074,3.565,0.00
1.68962,-1.202,3.574,0.00
1.69978,-1.202,3.587,0.00
1.71004,-1.308,3.587,0.00
1.72023,-1.432,3.587,0.00
1.73040,-1.432,3.602,0.00
1.74095,-1.432,3.602,0.00
1.75111,-1.355,3.617,0.00
1.76126,-1.355,3.617,0.00
1.77142,-0.870,3.641,0.00
1.78157,-0.870,3.641,0.00
1.79172,0.233,3.672,0.00
1.80187,0.233,3.705,0.00
1.81203,1.872,3.705,0.00
1.82218,3.841,3.740,0.00
1.83234,3.841,3.740,0.00
1.84249,3.841,3.775,0.00
1.85266,6.011,3.775,0.00
1.86331,6.011,3.775,0.00
1.87358,8.176,3.820,0.00
1.88376,10.229,3.877,0.00
1.89810,10.229,3.877,0.00
1.90859,12.117,3.943,0.00
1.91883,12.117,3.943,0.00
1.92924,12.117,4.009,10.50
1.93956,13.805,4.080,10.50
1.94991,15.246,4.080,10.50
1.96212,15.246,4.080,10.50
1.97228,16.405,4.155,10.50
1.98264,17.293,4.234,10.50
1.99283,17.293,4.234,10.50
2.00318,17.293,4.234,10.50
2.01385,17.732,4.308,10.50
2.02645,17.732,4.308,10.50
2.03729,17.780,4.357,10.50
2.04750,17.707,4.382,10.50
2.07274,17.707,4.382,10.50
2.08292,17.214,4.410,10.50
2.10525,14.871,4.424,10.50
2.11579,14.871,4.412,10.50
2.13754,13.593,4.389,10.50
2.14771,11.565,4.339,10.50
2.16916,9.228,4.339,10.50
2.17933,9.228,4.283,10.50
2.18950,7.161,4.239,10.50
2.20703,5.159,4.208,11.00
2.21722,5.159,4.208,11.00
2.23526,3.176,4.156,11.00
2.24541,3.176,4.079,11.00
2.25561,1.357,4.079,11.00
2.26585,-0.192,3.949,11.00
2.27603,-0.192,3.949,11.00
2.28640,-1.444,3.856,11.00
2.29675,-1.444,3.856,11.00
2.30703,-2.246,3.851,11.00
2.31719,-2.246,3.851,11.00
2.32948,-2.429,3.838,11.00
2.33984,-2.429,3.838,11.00
2.35001,-2.429,3.865,11.00
2.36153,-0.899,3.856,11.00
2.37192,-0.899,3.856,11.00
2.38217,-0.899,3.856,11.00
2.40870,-0.008,3.933,11.50
2.41917,0.316,4.038,11.50
2.44149,0.075,4.235,11.50
2.45244,0.075,4.235,11.50
2.47278,0.075,4.235,11.50
2.48296,-0.656,4.248,11.50
2.49311,-0.656,4.248,11.50
2.50490,-0.656,4.248,12.00
2.51515,-1.022,4.275,12.00
2.52531,-1.283,4.288,12.00
2.53759,-1.283,4.288,12.00
2.54805,-1.283,4.288,12.00
2.55829,-1.440,4.344,12.00
2.56960,-1.440,4.344,12.50
2.57989,-1.445,4.394,12.50
2.59028,-1.324,4.442,12.50
2.60151,-1.324,4.442,12.50
2.61182,-1.149,4.490,12.50
2.62223,-1.149,4.490,12.50
2.63340,-0.985,4.533,13.00
2.64370,-0.985,4.533,13.00
2.65428,-0.985,4.533,13.00
2.68090,-0.985,4.533,13.50
2.69117,-0.985,4.533,13.50
2.71328,-0.985,4.533,13.50
2.72354,-0.686,4.669,13.50
2.74578,-0.733,4.648,14.00
2.75593,-0.733,4.635,14.00
2.77716,-0.733,4.635,14.50
2.78741,-0.751,4.589,14.50
2.79779,-0.755,4.569,14.50
2.80914,-0.743,4.569,15.00
2.81934,-0.743,4.523,15.00
2.82966,-0.729,4.484,15.00
2.84174,-0.729,4.484,15.50
2.85190,-0.729,4.484,15.50
2.86242,-0.729,4.484,15.50
2.87405,-0.740,4.508,16.00
2.88424,-0.740,4.511,16.00
2.89451,-0.772,4.511,16.00
2.90481,-0.772,4.539,16.50
2.91510,-0.855,4.547,16.50
2.92527,-0.875,4.548,16.50
2.93685,-0.875,4.548,17.00
2.94703,-0.881,4.553,17.00
2.95719,-0.881,4.553,17.00
2.98556,-0.887,4.580,17.00
2.99572,-0.887,4.580,17.00
3.01831,-0.847,4.610,17.50
3.02854,-0.847,4.610,17.50
3.04884,-0.847,4.610,18.00
3.05902,-0.806,4.648,18.00
3.08074,-0.806,4.648,18.50
3.09103,-0.745,4.735,18.50
3.10121,-0.745,4.735,18.50
3.11304,-0.725,4.791,18.50
3.12320,-0.707,4.867,18.50
3.13337,-0.707,4.867,18.50
3.14504,-0.707,4.966,19.00
3.15530,-0.698,4.966,19.00
3.16545,-0.698,4.966,19.00
3.17691,-0.698,4.966,19.00
3.18766,-0.698,5.053,19.00
3.19800,-0.672,5.053,19.00
3.21057,-0.644,5.184,19.50
3.22093,-0.644,5.184,19.50
3.23123,-0.618,5.309,19.50
3.25705,-0.588,5.309,19.50
3.26877,-0.588,5.634,19.50
3.29053,-0.563,5.824,19.50
3.30081,-0.542,5.824,19.50
3.32078,-0.518,6.027,20.00
3.33096,-0.492,6.199,20.00
3.34111,-0.492,6.199,20.00
3.35306,-0.472,6.349,20.00
3.36323,-0.462,6.349,20.00
3.37341,-0.462,6.515,20.00
3.38659,-0.466,6.727,20.00
3.39678,-0.466,6.727,20.00
3.40712,-0.477,6.925,20.00
3.41766,-0.477,7.163,20.00
3.42801,-0.486,7.163,20.00
3.43861,-0.490,7.412,20.00
3.44922,-0.490,7.412,20.00
3.45963,-0.490,7.412,20.00
3.46987,-0.492,7.596,20.00
3.48125,-0.492,7.596,20.00
3.49161,-0.498,7.830,20.00
3.50203,-0.501,7.830,20.00
3.52913,-0.501,7.998,20.00
3.53936,-0.498,8.174,20.00
3.56149,-0.490,8.552,20.50
3.57189,-0.490,8.552,20.50
3.59368,-0.499,8.552,20.50
3.60407,-0.511,8.835,20.50
3.62514,-0.511,9.453,20.50
3.63532,-0.522,9.453,20.50
3.64552,-0.533,9.823,20.50
3.65765,-0.533,9.823,20.50
3.66784,-0.548,10.300,20.50
3.67808,-0.548,10.300,20.50
3.68928,-0.548,10.300,20.50
3.69945,-0.567,10.740,20.50
3.70963,-0.567,10.740,20.50
3.72113,-0.583,11.168,20.50
3.73162,-0.601,11.680,20.50
3.74179,-0.601,11.680,20.50
3.75354,-0.615,12.127,20.50
3.76374,-0.615,12.127,20.50
3.77405,-0.627,12.546,20.50
3.78492,-0.627,12.546,20.50
3.79507,-0.638,12.875,20.50
3.80523,-0.645,13.212,20.50
3.83478,-0.645,13.212,20.50
3.84496,-0.659,14.266,20.50
3.86474,-0.659,14.266,20.50
3.87493,-0.665,14.481,20.50
3.89933,-0.665,14.481,20.50
3.90952,-0.677,14.962,20.50
3.92870,-0.677,14.962,20.50
3.93898,-0.682,15.234,20.50
3.94933,-0.682,15.410,20.50
3.96124,-0.679,15.410,20.50
3.97153,-0.679,15.582,20.50
3.98190,-0.679,15.582,20.50
3.99830,-0.678,15.582,20.50
4.00850,-0.683,15.907,20.50
4.02545,-0.683,15.907,20.50
4.03636,-0.713,16.094,20.50
4.04690,-0.743,16.313,20.50
4.05999,-0.782,16.313,20.50
4.07037,-0.782,16.563,20.50
4.08073,-0.782,16.563,20.50
4.10489,-0.820,16.563,20.50
4.11520,-0.851,17.071,20.50
4.12551,-0.890,17.336,0.00
4.13595,-0.890,17.336,0.00
4.14611,-0.926,17.625,0.00
4.15637,-0.926,17.625,0.00
4.16652,-0.970,17.923,0.00
4.17859,-0.970,17.923,0.00
4.18905,-1.005,18.145,0.00
4.19987,-1.005,18.145,0.00
4.21022,-1.017,18.353,0.00
4.22038,-1.017,18.353,0.00
4.23056,-0.965,18.504,0.00
4.24225,-0.885,18.614,0.00
4.25466,-0.885,18.614,0.00
4.26482,-0.757,18.668,0.00
4.27576,-0.757,18.668,0.00
4.28602,-0.611,18.758,0.00
4.29605,-0.611,18.758,0.00
4.30660,-0.611,18.758,0.00
4.31692,-0.480,19.439,0.00
4.32732,-0.370,19.797,0.00
4.33812,-0.370,19.797,0.00
4.34837,-0.280,20.065,0.00
4.35863,-0.280,20.065,0.00
4.36880,-0.216,20.212,0.00
4.37937,-0.216,20.212,0.00
4.38955,-0.158,20.397,0.00
4.39988,-0.158,20.397,0.00
4.41028,-0.089,20.540,0.00
4.42058,-0.089,20.540,0.00
4.43093,-0.011,20.651,0.00
4.44133,0.056,20.778,0.00
4.45189,0.056,20.778,0.00
4.46246,0.107,20.907,0.00
4.47262,0.107,20.907,0.00
4.48281,0.107,20.907,0.00
4.49308,0.142,21.062,0.00
4.50358,0.147,20.977,0.00
4.51376,0.147,20.977,0.00
4.52430,0.147,20.977,0.00
4.53560,0.121,20.705,0.00
4.54589,0.059,20.315,0.00
4.55620,0.059,20.315,0.00
4.56713,-0.003,19.773,0.00
4.57807,-0.003,19.147,0.00
4.58822,-0.073,19.147,0.00
4.59838,-0.073,19.147,0.00
4.60854,-0.135,19.147,0.00
4.61880,-0.135,18.511,0.00
4.62940,-0.199,17.610,0.00
4.63955,-0.199,17.610,0.00
4.64971,-0.242,16.877,0.00
4.65998,-0.242,16.877,0.00
4.67015,-0.282,16.009,0.00
4.68029,-0.282,16.009,0.00
4.69044,-0.324,15.281,0.00
4.70059,-0.324,15.281,0.00
4.71083,-0.324,15.281,0.00
4.72117,-0.328,15.281,0.00
4.73155,-0.353,14.289,0.00
4.74172,-0.353,13.994,0.00
4.75197,-0.372,13.994,0.00
4.76223,-0.372,13.994,0.00
4.77244,-0.396,13.688,0.00
4.78275,-0.396,13.149,0.00
4.79307,-0.417,13.149,0.00
4.80373,-0.417,13.149,0.00
4.81479,-0.428,12.597,0.00
4.82486,-0.428,12.068,0.00
4.83501,-0.428,12.068,0.00
4.84516,-0.428,11.291,0.00
4.85682,-0.426,11.291,0.00
4.86708,-0.421,10.870,0.00
4.87724,-0.421,10.870,0.00
4.88739,-0.422,10.153,0.00
4.89754,-0.422,10.153,0.00
4.90770,-0.422,9.538,0.00
4.91811,-0.425,9.033,0.00
4.92832,-0.436,9.033,0.00
4.93867,-0.436,8.446,0.00
4.94895,-0.447,8.446,0.00
4.95934,-0.447,8.025,0.00
4.96968,-0.463,8.025,0.00
4.97998,-0.463,7.585,0.00
4.99039,-0.482,7.585,0.00
5.00073,-0.482,7.275,0.00
5.01103,-0.508,7.275,0.00
5.02142,-0.508,6.940,0.00
5.03174,-0.532,6.940,0.00
5.04295,-0.532,6.723,0.00
5.05312,-0.550,6.723,0.00
5.06328,-0.550,6.723,0.00
5.07344,-0.567,6.448,0.00
5.08360,-0.588,6.299,0.00
5.09412,-0.588,6.299,0.00
5.10427,-0.613,6.125,0.00
5.11501,-0.613,6.125,0.00
5.12562,-0.613,6.125,0.00
5.13577,-0.642,6.001,0.00
5.14601,-0.670,5.897,0.00
5.15623,-0.670,5.897,0.00
5.16648,-0.695,5.898,0.00
5.17665,-0.695,5.898,0.00
5.18741,-0.716,5.863,0.00
5.19757,-0.716,5.863,0.00
5.20773,-0.716,5.863,0.00
5.21816,-0.716,5.863,0.00
5.22847,-0.731,5.837,0.00
5.23859,-0.743,5.810,0.00
5.24991,-0.743,5.810,0.00
5.26023,-0.760,5.741,0.00
5.27061,-0.760,5.741,0.00
5.28076,-0.760,5.777,0.00
5.29105,-0.764,5.777,0.00
5.30121,-0.764,5.718,0.00
5.31134,-0.769,5.718,0.00
5.32149,-0.765,5.702,0.00
5.33164,-0.765,5.702,0.00
5.34390,-0.765,5.702,0.00
5.35216,-0.757,5.686,0.00
5.36233,-0.743,5.679,0.00
5.37249,-0.743,5.679,0.00
5.38265,-0.735,5.694,0.00
5.39281,-0.735,5.694,0.00
5.40297,-0.735,5.699,0.00
5.41313,-0.731,5.699,0.00
5.42329,-0.731,5.701,0.00
5.43344,-0.730,5.701,0.00
5.44359,-0.730,5.701,0.00
5.45374,-0.730,5.724,0.00
5.46389,-0.735,5.759,0.00
5.47405,-0.735,5.759,0.00
5.48420,-0.742,5.795,0.00
5.49462,-0.742,5.795,0.00
5.50485,-0.742,5.806,0.00
5.51517,-0.752,5.806,0.00
5.52547,-0.752,5.806,0.00
5.53564,-0.764,5.812,0.00
5.54580,-0.775,5.812,0.00
5.55596,-0.775,5.812,0.00
5.56611,-0.787,5.795,0.00
5.57627,-0.787,5.795,0.00
5.58642,-0.800,5.767,0.00
5.59658,-0.800,5.767,0.00
5.60674,-0.800,5.767,0.00
5.61810,-0.817,5.728,0.00
5.63269,-0.833,5.681,0.00
5.64399,-0.833,5.681,0.00
5.65490,-0.833,5.631,0.00
5.67059,-0.857,5.597,0.00
5.68080,-0.857,5.597,0.00
5.69904,-0.870,5.597,0.00
5.71580,-0.887,5.560,0.00
5.73597,-0.887,5.560,0.00
5.74990,-0.929,5.552,0.00
5.76620,-0.929,5.552,0.00
5.78733,-0.960,5.551,0.00
5.79750,-0.960,5.551,0.00
5.81732,-0.972,5.551,0.00
5.83281,-0.989,5.581,0.00
5.84938,-0.989,5.585,0.00
5.86220,-1.005,5.585,0.00
5.89237,-1.021,5.593,0.00
5.91247,-1.021,5.593,0.00
5.93487,-1.013,5.662,0.00
5.94680,-1.006,5.710,0.00
5.95903,-1.006,5.710,0.00
6.00564,-0.983,5.843,0.00
6.02622,-0.969,5.861,0.00
6.05161,-0.931,5.861,0.00
6.06228,-0.931,5.874,0.00
6.07363,-0.931,5.881,0.00
6.09167,-0.885,5.878,0.00
6.10362,-0.885,5.878,0.00
6.11972,-0.859,5.863,0.00
6.13356,-0.859,5.844,0.00
6.14374,-0.816,5.823,0.00
6.15436,-0.816,5.823,0.00
6.16479,-0.816,5.823,0.00
6.17548,-0.795,5.823,0.00
6.18809,-0.778,5.793,0.00
6.19942,-0.778,5.793,0.00
6.21523,-0.763,5.778,0.00
6.22564,-0.750,5.778,0.00
6.24141,-0.750,5.746,0.00
6.25186,-0.739,5.746,0.00
6.26322,-0.728,5.740,0.00
6.27899,-0.728,5.735,0.00
6.29978,-0.718,5.735,0.00
6.31547,-0.710,5.735,0.00
6.33122,-0.710,5.730,0.00
6.34201,-0.694,5.730,0.00
6.36887,-0.697,5.748,0.00
6.38458,-0.697,5.757,0.00
6.39517,-0.703,5.757,0.00
6.40675,-0.711,5.774,0.00
6.41691,-0.711,5.774,0.00
6.42814,-0.716,5.795,0.00
6.43882,-0.716,5.795,0.00
6.44919,-0.716,5.813,0.00
6.46056,-0.716,5.837,0.00
6.47075,-0.716,5.837,0.00
6.48924,-0.714,5.837,0.00
6.51281,-0.714,5.894,0.00
6.52302,-0.714,5.894,0.00
6.53881,-0.705,5.894,0.00
6.55558,-0.705,5.953,0.00
6.57131,-0.690,5.998,0.00
6.58187,-0.690,5.998,0.00
6.59556,-0.678,6.034,0.00
6.61140,-0.665,6.068,0.00
6.62179,-0.665,6.068,0.00
6.67424,-0.650,6.099,0.00
6.68607,-0.650,6.099,0.00
6.74004,-0.609,6.099,0.00
6.75043,-0.609,6.186,0.00
6.76059,0.224,0.438,0.00
6.77074,0.237,0.463,0.00
6.78163,0.262,0.516,0.00
6.79184,0.273,0.544,0.00
6.80200,0.273,0.544,0.00
6.81214,0.273,0.544,0.00
6.82241,0.273,0.544,0.00
6.83276,0.284,0.571,0.00
6.84328,0.294,0.626,0.00
6.85345,0.303,0.626,0.00
6.86360,0.322,0.674,0.00
6.87376,0.322,0.674,0.00
6.88392,0.322,0.674,0.00
6.89651,0.333,0.674,0.00
6.90696,0.346,0.721,0.00
6.91756,0.346,0.721,0.00
6.92775,0.358,0.741,0.00
6.93801,0.358,0.741,0.00
6.94810,0.369,0.761,0.00
6.95831,0.369,0.761,0.00
6.96874,0.379,0.782,0.00
6.97890,0.379,0.782,0.00
6.98905,0.389,0.801,0.00
6.99921,0.400,0.801,0.00
7.00951,0.400,0.820,0.00
7.01983,0.410,0.820,0.00
7.03046,0.410,0.840,0.00
7.04079,0.420,0.840,0.00
7.05112,0.420,0.853,0.00
7.06132,0.420,0.864,0.00
7.07159,0.426,0.864,0.00
7.08359,0.426,0.864,0.00
7.09371,0.431,0.875,0.00
7.10538,0.431,0.875,0.00
7.11587,0.435,0.887,0.00
7.12603,0.435,0.900,0.00
7.13618,0.435,0.900,0.00
7.14650,0.437,0.917,0.00
7.15673,0.437,0.917,0.00
7.16706,0.437,0.917,0.00
7.17724,0.440,0.934,0.00
7.18741,0.437,0.950,0.00
7.19760,0.437,0.950,0.00
7.20775,0.433,0.970,0.00
7.21790,0.433,0.970,0.00
7.22806,0.432,0.994,0.00
7.23821,0.432,0.994,0.00
7.24838,0.433,1.016,0.00
7.25854,0.433,1.016,0.00
7.26896,0.433,1.016,0.00
7.27914,0.463,1.055,0.00
7.28952,0.463,1.055,0.00
7.30070,0.463,1.055,0.00
7.31089,0.480,1.069,0.00
7.32104,0.491,1.086,0.00
7.33134,0.491,1.086,0.00
7.34150,0.491,1.086,0.00
7.35183,0.497,1.102,0.00
7.36200,0.503,1.117,0.00
7.37216,0.503,1.117,0.00
7.38291,0.510,1.132,0.00
7.39306,0.510,1.132,0.00
7.40323,0.510,1.132,0.00
7.41338,0.516,1.144,0.00
7.42377,0.520,1.157,0.00
7.43406,0.520,1.157,0.00
7.44423,0.521,1.163,0.00
7.45438,0.521,1.163,0.00
7.46454,0.521,1.163,0.00
7.47470,0.518,1.176,0.00
7.48486,0.517,1.184,0.00
7.49613,0.517,1.184,0.00
7.50630,0.517,1.186,0.00
7.51674,0.517,1.186,0.00
7.52693,0.522,1.191,0.00
7.53732,0.522,1.191,0.00
7.54748,0.526,1.195,0.00
7.55763,0.526,1.195,0.00
7.56781,0.526,1.195,0.00
7.57806,0.529,1.193,0.00
7.58822,0.531,1.184,0.00
7.59838,0.531,1.184,0.00
7.60855,0.534,1.174,0.00
7.61870,0.534,1.174,0.00
7.62886,0.537,1.165,0.00
7.63902,0.537,1.165,0.00
7.64918,0.542,1.153,0.00
7.65934,0.542,1.153,0.00
7.66952,0.544,1.143,0.00
7.67967,0.544,1.143,0.00
7.68985,0.546,1.127,0.00
7.70148,0.546,1.127,0.00
7.71164,0.550,1.115,0.00
7.72190,0.550,1.115,0.00
7.73214,0.550,1.105,0.00
7.74230,0.550,1.105,0.00
7.75288,0.551,1.097,0.00
7.76327,0.551,1.093,0.00
7.77353,0.551,1.093,0.00
7.78390,0.551,1.093,0.00
7.79435,0.551,1.093,0.00
7.80464,0.551,1.093,0.00
7.81499,0.551,1.093,0.00
7.82561,0.551,1.093,0.00
7.83577,0.551,1.093,0.00
7.84603,0.551,1.093,0.00
7.85621,0.546,1.090,0.00
7.86636,0.541,1.088,0.00
7.87652,0.523,1.092,0.00
7.88680,0.507,1.097,0.00
7.89712,0.507,1.103,0.00
7.90751,0.507,1.103,0.00
7.91933,0.471,1.107,0.00
7.93036,0.471,1.110,0.00
7.94071,0.471,1.110,0.00
7.95089,0.458,1.116,0.00
7.96107,0.458,1.116,0.00
7.97122,0.458,1.116,0.00
7.98139,0.442,1.116,0.00
7.99159,0.442,1.123,0.00
8.00171,0.418,1.131,0.00
8.01187,0.393,1.140,0.00
8.02209,0.372,1.150,0.00
8.03224,0.372,1.150,0.00
8.04248,0.372,1.150,0.00
8.05263,0.356,1.162,0.00
8.06309,0.356,1.162,0.00
8.07330,0.342,1.173,0.00
8.08346,0.342,1.187,0.00
8.09361,0.330,1.187,0.00
8.10377,0.316,1.202,0.00
8.11402,0.316,1.202,0.00
8.12416,0.296,1.216,0.00
8.13431,0.296,1.216,0.00
8.14449,0.233,1.231,0.00
8.15475,0.233,1.231,0.00
8.16491,0.146,1.242,0.00
8.17527,0.146,1.242,0.00
8.18559,-0.076,1.254,0.00
8.19620,-0.076,1.254,0.00
8.20654,-0.358,1.267,0.00
8.21715,-0.358,1.267,0.00
8.22791,-0.532,1.275,0.00
8.23808,-0.532,1.275,0.00
8.24823,-0.816,1.285,0.00
8.25841,-1.106,1.295,0.00
8.26857,-1.106,1.295,0.00
8.27875,-1.106,1.295,0.00
8.28895,-1.106,1.295,0.00
8.30137,-0.828,1.299,0.00
8.31175,-0.828,1.299,0.00
8.32221,-0.828,1.299,0.00
8.33237,0.115,1.305,0.00
8.34271,0.115,1.305,0.00
8.35286,1.330,1.309,0.00
8.36302,1.330,1.309,0.00
8.37327,1.330,1.309,0.00
8.38370,4.580,1.314,0.00
8.39386,4.580,1.314,0.00
8.40401,6.403,1.321,0.00
8.41430,6.403,1.321,0.00
8.42487,6.403,1.321,0.00
8.43512,8.247,1.326,0.00
8.45676,10.119,1.330,0.00
8.46694,11.959,1.330,0.00
8.47708,11.959,1.330,0.00
8.48872,11.959,1.330,10.50
8.49908,11.959,1.330,10.50
8.50925,13.677,1.335,10.50
8.52315,16.550,1.352,10.50
8.53416,16.550,1.352,10.50
8.54431,17.636,1.371,10.50
8.55696,17.636,1.371,10.50
8.56712,18.342,1.388,10.50
8.58042,18.711,1.387,10.50
8.59075,18.711,1.387,10.50
8.60161,18.711,1.387,10.50
8.61188,18.894,1.381,10.50
8.63350,18.894,1.374,10.50
8.64372,18.799,1.374,10.50
8.66571,18.255,1.374,10.50
8.67589,17.394,1.283,10.50
8.69727,17.394,1.221,10.50
8.70775,14.789,1.166,10.50
8.72951,14.789,1.102,10.50
8.73969,10.692,1.102,10.50
8.74986,10.692,1.051,10.50
8.76154,8.555,1.008,10.50
8.77187,8.555,1.008,10.50
8.78210,6.479,0.957,10.50
8.79436,6.479,0.957,10.50
8.80454,6.479,0.957,10.50
8.81517,6.479,0.957,10.50
8.82551,6.479,0.957,10.50
8.83570,6.479,0.957,10.50
8.84586,4.482,0.892,10.50
8.85890,2.661,0.757,10.50
8.86935,-0.408,0.718,10.50
8.87952,-0.408,0.718,10.50
8.90513,-1.360,0.710,10.50
8.91530,-1.120,0.717,10.50
8.93704,-1.120,0.860,10.50
8.94722,-0.251,0.860,10.50
8.96924,1.033,0.926,11.00
8.97989,1.033,1.022,11.00
9.00119,0.987,1.146,11.00
9.01140,0.778,1.284,11.00
9.03337,0.490,1.284,11.00
9.04420,0.490,1.415,11.00
9.05436,0.126,1.490,11.00
9.06574,-0.199,1.559,11.50
9.07594,-0.199,1.559,11.50
9.08627,-0.199,1.661,11.50
9.09827,-0.387,1.661,11.50
9.10962,-0.387,1.661,11.50
9.11985,-0.558,1.890,11.50
9.13050,-0.558,1.890,12.00
9.14069,-0.541,1.890,12.00
9.15088,-0.541,1.984,12.00
9.17995,-0.541,2.098,12.50
9.19014,-0.409,2.190,12.50
9.20956,-0.409,2.190,13.00
9.21976,-0.316,2.190,13.00
9.24145,-0.210,2.357,13.50
9.25163,-0.100,2.398,13.50
9.27366,0.009,2.436,14.00
9.28382,0.009,2.470,14.00
9.30585,0.171,2.460,15.00
9.31725,0.171,2.460,15.00
9.32757,0.231,2.453,15.00
9.33773,0.231,2.453,16.00
9.34792,0.276,2.453,16.00
9.35831,0.276,2.427,16.00
9.36957,0.308,2.431,17.00
9.37985,0.325,2.425,17.00
9.39057,0.325,2.425,17.00
9.40070,0.325,2.425,18.50
9.41090,0.355,2.405,18.50
9.42106,0.355,2.405,18.50
9.43145,0.350,2.420,18.50
9.44881,0.350,2.420,19.50
9.45928,0.291,2.416,19.50
9.48162,0.197,2.428,21.00
9.49178,0.103,2.433,21.00
9.51297,0.103,2.409,22.00
9.52333,0.017,2.419,22.00
9.53366,-0.048,2.419,22.00
9.54560,-0.110,2.381,22.50
9.55629,-0.110,2.381,22.50
9.56677,-0.176,2.396,22.50
9.57844,-0.176,2.396,23.50
9.58863,-0.238,2.382,23.50
9.59942,-0.238,2.382,23.50
9.60982,-0.292,2.401,24.00
9.62012,-0.292,2.401,24.00
9.63091,-0.329,2.389,24.00
9.64137,-0.329,2.389,24.50
9.65152,-0.329,2.407,24.50
9.66168,-0.353,2.407,24.50
9.67289,-0.357,2.501,25.00
9.68307,-0.357,2.501,25.00
9.69323,-0.353,2.600,25.00
9.72081,-0.349,2.755,25.50
9.73100,-0.353,2.908,25.50
9.75274,-0.353,2.908,25.50
9.76293,-0.368,3.142,25.50
9.78657,-0.393,3.689,26.00
9.79846,-0.393,3.689,26.00
9.81735,-0.411,4.028,26.00
9.82773,-0.411,4.028,26.00
9.85095,-0.497,4.861,26.00
9.86151,-0.543,5.400,26.00
9.88157,-0.543,5.400,26.00
9.89193,-0.574,5.978,26.00
9.90201,-0.608,6.539,26.00
9.91402,-0.608,6.539,26.50
9.92419,-0.608,6.539,26.50
9.93441,-0.638,7.252,26.50
9.94583,-0.653,7.993,26.50
9.95642,-0.653,7.993,26.50
9.96650,-0.685,8.850,26.50
9.97909,-0.685,8.850,26.50
9.98925,-0.682,9.913,26.50
9.99940,-0.682,11.100,26.50
10.00956,-0.682,11.100,26.50
10.01972,-0.682,11.100,26.50
10.03026,-0.683,12.273,26.50
10.05828,-0.692,14.539,26.50
10.06844,-0.692,14.539,26.50
10.08858,-0.692,14.539,26.50
10.09875,-0.707,15.627,26.50
10.10903,-0.707,16.656,26.50
10.12113,-0.712,16.656,26.50
10.13154,-0.712,17.899,26.50
10.14191,-0.712,17.899,26.50
10.15300,-0.712,19.147,26.50
10.16348,-0.721,19.147,26.50
10.17367,-0.728,19.147,26.50
10.18511,-0.728,20.390,26.50
10.19531,-0.728,20.390,26.50
10.20666,-0.728,22.824,26.50
10.21695,-0.731,23.907,26.50
10.22729,-0.731,23.907,26.50
10.23752,-0.733,24.867,26.50
10.24878,-0.733,24.867,26.50
10.25896,-0.739,25.668,26.50
10.26912,-0.749,26.573,26.50
10.29703,-0.749,27.339,26.50
10.30719,-0.761,28.212,26.50
10.33031,-0.777,29.138,26.50
10.34069,-0.777,29.138,26.50
10.36190,-0.792,30.134,26.50
10.37381,-0.806,31.084,26.50
10.39279,-0.815,32.094,26.50
10.40297,-0.815,32.094,26.50
10.41313,-0.805,33.093,26.50
10.42538,-0.805,33.093,26.50
10.43556,-0.791,34.065,26.50
10.44581,-0.791,34.065,26.50
10.45718,-0.775,34.065,26.50
10.46736,-0.761,35.244,26.50
10.47762,-0.761,36.240,26.50
10.48939,-0.750,37.167,26.50
10.49983,-0.739,38.035,26.50
10.51028,-0.739,38.035,26.50
10.52144,-0.739,38.035,26.50
10.53176,-0.734,38.873,26.50
10.54203,-0.734,38.873,26.50
10.56955,-0.716,40.147,26.50
10.57970,-0.716,40.764,26.50
10.60226,-0.687,41.287,26.50
10.61373,-0.687,41.287,26.50
10.63350,-0.678,41.742,26.50
10.64366,-0.671,42.157,26.50
10.65409,-0.671,42.157,0.00
10.66543,-0.674,42.437,0.00
10.67563,-0.674,42.437,0.00
10.68613,-0.688,42.774,0.00
10.69635,-0.688,42.774,0.00
10.70663,-0.688,42.774,0.00
10.71679,-0.707,43.009,0.00
10.72696,-0.719,43.195,0.00
10.73712,-0.719,43.195,0.00
10.74729,-0.704,43.406,0.00
10.75762,-0.704,43.406,0.00
10.76798,-0.640,43.491,0.00
10.77855,-0.640,43.491,0.00
10.78874,-0.505,43.645,0.00
10.79914,-0.505,43.645,0.00
10.80943,-0.312,43.716,0.00
10.81984,-0.312,43.716,0.00
10.83016,-0.121,43.753,0.00
10.84056,0.024,43.806,0.00
10.85104,0.024,43.806,0.00
10.86122,0.024,43.806,0.00
10.87160,0.140,43.784,0.00
10.88224,0.212,43.831,0.00
10.89246,0.212,43.831,0.00
10.90298,0.286,43.794,0.00
10.91343,0.286,43.794,0.00
10.92404,0.382,43.783,0.00
10.93419,0.382,43.783,0.00
10.94440,0.498,43.785,0.00
10.95511,0.498,43.785,0.00
10.96528,0.597,43.737,0.00
10.97561,0.597,43.737,0.00
10.98630,0.643,43.737,0.00
10.99688,0.643,43.767,0.00
11.00705,0.618,43.682,0.00
11.01722,0.618,43.682,0.00
11.02785,0.528,43.378,0.00
11.03806,0.528,43.378,0.00
11.04821,0.528,43.378,0.00
11.05836,0.528,43.378,0.00
11.06852,0.393,42.698,0.00
11.07868,0.246,41.542,0.00
11.08952,0.103,39.953,0.00
11.09970,0.103,38.652,0.00
11.11018,-0.023,38.652,0.00
11.12040,-0.023,37.217,0.00
11.13071,-0.145,37.217,0.00
11.14091,-0.145,37.217,0.00
11.15116,-0.279,35.196,0.00
11.16162,-0.405,33.123,0.00
11.17208,-0.405,33.123,0.00
11.18240,-0.517,33.123,0.00
11.19256,-0.517,31.368,0.00
11.20273,-0.517,29.834,0.00
11.21301,-0.605,29.834,0.00
11.22317,-0.605,29.834,0.00
11.23333,-0.675,28.539,0.00
11.24349,-0.675,27.214,0.00
11.25366,-0.739,27.214,0.00
11.26382,-0.739,27.214,0.00
11.27400,-0.803,25.799,0.00
11.28416,-0.868,24.153,0.00
11.29432,-0.868,24.153,0.00
11.30448,-0.922,22.395,0.00
11.31696,-0.922,22.395,0.00
11.32708,-0.967,20.709,0.00
11.33731,-0.967,20.709,0.00
11.34782,-1.001,19.024,0.00
11.35821,-1.001,19.024,0.00
11.36842,-1.001,19.024,0.00
11.37858,-1.045,17.192,0.00
11.38873,-1.045,15.288,0.00
11.39893,-1.067,13.218,0.00
11.40909,-1.067,13.218,0.00
11.41956,-1.085,11.474,0.00
11.43009,-1.085,11.474,0.00
11.44025,-1.094,9.822,0.00
11.45057,-1.094,9.822,0.00
11.46093,-1.094,9.822,0.00
11.47109,-1.094,8.224,0.00
11.48136,-1.106,8.224,0.00
11.49151,-1.119,6.684,0.00
11.50167,-1.119,5.223,0.00
11.51207,-1.124,5.223,0.00
11.52240,-1.124,3.849,0.00
11.53282,-1.122,3.849,0.00
11.54312,-1.122,2.637,0.00
11.55357,-1.113,2.637,0.00
11.56374,-1.113,2.637,0.00
11.57390,-1.094,1.517,0.00
11.58407,-1.064,0.708,0.00
11.59422,-1.064,0.708,0.00
11.60438,-1.027,-0.040,0.00
11.61456,-1.027,-0.040,0.00
11.62472,-0.973,-0.805,0.00
11.63496,-0.973,-0.805,0.00
11.64512,-0.908,-1.545,0.00
11.65529,-0.908,-1.545,0.00
11.66567,-0.908,-1.545,0.00
11.67605,-0.832,-1.545,0.00
11.68654,-0.832,-2.227,0.00
11.69738,-0.752,-2.911,0.00
11.70754,-0.667,-3.340,0.00
11.71822,-0.667,-3.340,0.00
11.72837,-0.569,-3.903,0.00
11.73852,-0.569,-4.276,0.00
11.74867,-0.474,-4.276,0.00
11.75885,-0.474,-4.276,0.00
11.76909,-0.380,-4.546,0.00
11.77998,-0.284,-4.781,0.00
11.79013,-0.284,-4.781,0.00
11.80041,-0.284,-4.781,0.00
11.81056,-0.184,-4.886,0.00
11.82082,-0.078,-4.886,0.00
11.83098,-0.078,-4.904,0.00
11.84115,0.029,-4.904,0.00
11.85140,0.029,-4.859,0.00
11.86157,0.029,-4.859,0.00
11.87176,0.029,-4.859,0.00
11.88202,0.255,-4.711,0.00
11.89218,0.255,-4.420,0.00
11.90235,0.255,-4.420,0.00
11.91291,0.369,-4.086,0.00
11.92338,0.477,-3.718,0.00
11.93375,0.477,-3.718,0.00
11.94400,0.581,-3.300,0.00
11.95438,0.581,-3.300,0.00
11.96472,0.681,-2.849,0.00
11.97506,0.681,-2.849,0.00
11.98523,0.681,-2.849,0.00
11.99542,0.768,-2.434,0.00
12.00559,0.768,-1.989,0.00
12.01586,0.839,-1.989,0.00
12.02604,0.888,-1.566,0.00
12.03630,0.888,-1.566,0.00
12.04646,0.916,-1.192,0.00
12.05671,0.916,-1.192,0.00
12.06688,0.933,-0.938,0.00
12.07722,0.933,-0.938,0.00
12.08739,0.943,-0.744,0.00
12.09754,0.943,-0.744,0.00
12.10770,0.940,-0.602,0.00
12.11786,0.940,-0.602,0.00
12.12802,0.925,-0.511,0.00
12.13820,0.925,-0.511,0.00
12.14834,0.902,-0.455,0.00
12.16307,0.869,-0.455,0.00
12.17350,0.869,-0.405,0.00
12.18396,0.869,-0.405,0.00
12.20057,0.826,-0.361,0.00
12.21135,0.826,-0.361,0.00
12.22774,0.716,-0.192,0.00
12.24462,0.716,-0.192,0.00
12.25569,0.716,-0.192,0.00
12.26689,0.662,-0.100,0.00
12.27726,0.610,-0.100,0.00
12.28766,0.610,-0.085,0.00
12.29810,0.567,-0.085,0.00
12.30844,0.567,-0.087,0.00
12.32447,0.495,-0.107,0.00
12.33487,0.495,-0.107,0.00
12.34529,0.495,-0.141,0.00
12.35582,0.467,-0.141,0.00
12.36736,0.449,-0.141,0.00
12.37757,0.449,-0.199,0.00
12.38828,0.439,-0.288,0.00
12.39854,0.439,-0.288,0.00
12.43104,0.434,-0.469,0.00
12.44282,0.442,-0.576,0.00
12.45364,0.442,-0.576,0.00
12.46489,0.445,-0.673,0.00
12.48062,0.445,-0.673,0.00
12.49140,0.445,-0.673,0.00
12.50722,0.445,-0.839,0.00
12.51868,0.445,-0.839,0.00
12.53458,0.449,-0.913,0.00
12.54502,0.449,-0.913,0.00
12.55648,0.455,-0.996,0.00
12.56668,0.455,-0.996,0.00
12.58265,0.457,-1.051,0.00
12.60574,0.459,-1.156,0.00
12.61596,0.459,-1.156,0.00
12.62777,0.457,-1.205,0.00
12.63952,0.457,-1.205,0.00
12.65126,0.451,-1.231,0.00
12.66154,0.451,-1.231,0.00
12.67267,0.446,-1.235,0.00
12.68901,0.446,-1.235,0.00
12.71172,0.446,-1.212,0.00
12.72275,0.446,-1.212,0.00
12.74264,0.446,-1.212,0.00
12.75382,0.449,-1.142,0.00
12.77108,0.455,-1.108,0.00
12.78849,0.461,-1.065,0.00
12.80118,0.461,-1.065,0.00
12.81198,0.468,-1.008,0.00
12.82276,0.468,-1.008,0.00
12.83350,0.475,-0.947,0.00
12.86180,0.485,-0.816,0.00
12.87743,0.485,-0.816,0.00
12.88923,0.485,-0.816,0.00
12.90576,0.483,-0.756,0.00
12.91745,0.477,-0.702,0.00
12.92893,0.477,-0.653,0.00
12.95031,0.466,-0.612,0.00
12.97545,0.460,-0.578,0.00
12.98776,0.460,-0.578,0.00
12.99864,0.457,-0.549,0.00
13.00939,0.453,-0.521,0.00
13.02533,0.449,-0.496,0.00
13.03559,0.449,-0.496,0.00
13.04708,0.443,-0.496,0.00
13.05727,0.443,-0.477,0.00
13.06825,0.441,-0.464,0.00
13.07868,0.441,-0.464,0.00
13.08929,0.440,-0.464,0.00
13.10042,0.442,-0.456,0.00
13.11107,0.442,-0.453,0.00
13.12150,0.442,-0.453,0.00
13.13756,0.444,-0.455,0.00
13.14774,0.440,-0.455,0.00
13.15821,0.440,-0.465,0.00
13.22565,0.440,-0.529,0.00
13.23598,0.418,-0.529,0.00
13.30081,0.418,-0.529,0.00
13.31100,0.412,-0.599,0.00
13.32379,-0.043,-0.021,0.00
13.33404,-0.050,-0.034,0.00
13.34467,-0.050,-0.034,0.00
13.35485,-0.045,-0.047,0.00
13.36501,-0.040,-0.054,0.00
13.37517,-0.040,-0.054,0.00
13.38533,-0.036,-0.061,0.00
13.39549,-0.036,-0.061,0.00
13.40605,-0.036,-0.061,0.00
13.41621,-0.031,-0.065,0.00
13.42648,-0.033,-0.067,0.00
13.43665,-0.033,-0.067,0.00
13.44680,-0.037,-0.067,0.00
13.45695,-0.037,-0.072,0.00
13.46723,-0.037,-0.074,0.00
13.47866,-0.037,-0.074,0.00
13.48881,-0.040,-0.077,0.00
13.49958,-0.040,-0.077,0.00
13.50974,-0.046,-0.082,0.00
13.51993,-0.046,-0.091,0.00
13.53009,-0.053,-0.091,0.00
13.54025,-0.053,-0.091,0.00
13.55041,-0.053,-0.098,0.00
13.56055,-0.081,-0.099,0.00
13.57071,-0.081,-0.099,0.00
13.58089,-0.098,-0.103,0.00
13.59123,-0.098,-0.103,0.00
13.60172,-0.112,-0.106,0.00
13.61192,-0.112,-0.106,0.00
13.62211,-0.112,-0.106,0.00
13.63246,-0.125,-0.107,0.00
13.64262,-0.139,-0.105,0.00
13.65278,-0.139,-0.105,0.00
13.66314,-0.152,-0.101,0.00
13.67330,-0.152,-0.101,0.00
13.68345,-0.165,-0.096,0.00
13.69361,-0.165,-0.096,0.00
13.70408,-0.165,-0.096,0.00
13.71436,-0.165,-0.096,0.00
13.72471,-0.165,-0.096,0.00
13.73503,-0.182,-0.088,0.00
13.74644,-0.196,-0.087,0.00
13.75662,-0.213,-0.084,0.00
13.76679,-0.213,-0.084,0.00
13.77704,-0.226,-0.082,0.00
13.78720,-0.240,-0.079,0.00
13.79736,-0.240,-0.079,0.00
13.80752,-0.259,-0.078,0.00
13.81785,-0.259,-0.078,0.00
13.82810,-0.276,-0.079,0.00
13.83827,-0.276,-0.079,0.00
13.84843,-0.276,-0.079,0.00
13.85868,-0.294,-0.078,0.00
13.86913,-0.308,-0.077,0.00
13.87938,-0.308,-0.077,0.00
13.88962,-0.320,-0.078,0.00
13.89978,-0.328,-0.082,0.00
13.91014,-0.328,-0.082,0.00
13.92030,-0.328,-0.082,0.00
13.93046,-0.336,-0.086,0.00
13.94061,-0.336,-0.086,0.00
13.95122,-0.344,-0.093,0.00
13.96138,-0.352,-0.105,0.00
13.97167,-0.352,-0.105,0.00
13.98221,-0.360,-0.117,0.00
13.99255,-0.360,-0.117,0.00
14.00290,-0.365,-0.125,0.00
14.01325,-0.365,-0.125,0.00
14.02360,-0.365,-0.125,0.00
14.03427,-0.368,-0.140,0.00
14.04443,-0.368,-0.158,0.00
14.05458,-0.368,-0.158,0.00
14.06643,-0.368,-0.174,0.00
14.07658,-0.368,-0.174,0.00
14.08674,-0.368,-0.191,0.00
14.09689,-0.368,-0.191,0.00
14.10705,-0.368,-0.203,0.00
14.11740,-0.368,-0.203,0.00
14.12756,-0.368,-0.203,0.00
14.13806,-0.365,-0.213,0.00
14.14833,-0.360,-0.222,0.00
14.15923,-0.360,-0.222,0.00
14.16952,-0.359,-0.230,0.00
14.18006,-0.359,-0.230,0.00
14.19028,-0.359,-0.237,0.00
14.20061,-0.358,-0.237,0.00
14.21093,-0.358,-0.236,0.00
14.22133,-0.358,-0.236,0.00
14.23172,-0.358,-0.236,0.00
14.24220,-0.357,-0.234,0.00
14.25318,-0.357,-0.234,0.00
14.26337,-0.356,-0.234,0.00
14.27478,-0.356,-0.236,0.00
14.28495,-0.354,-0.236,0.00
14.29511,-0.354,-0.235,0.00
14.30539,-0.351,-0.233,0.00
14.31567,-0.351,-0.233,0.00
14.32682,-0.351,-0.233,0.00
14.33721,-0.344,-0.226,0.00
14.34729,-0.335,-0.216,0.00
14.35811,-0.335,-0.216,0.00
14.36819,-0.332,-0.205,0.00
14.37836,-0.332,-0.205,0.00
14.38856,-0.334,-0.196,0.00
14.39871,-0.334,-0.196,0.00
14.40886,-0.334,-0.185,0.00
14.41902,-0.334,-0.171,0.00
14.42917,-0.332,-0.171,0.00
14.43932,-0.332,-0.162,0.00
14.44948,-0.335,-0.162,0.00
14.45979,-0.335,-0.162,0.00
14.47022,-0.345,-0.154,0.00
14.48036,-0.358,-0.154,0.00
14.49051,-0.358,-0.148,0.00
14.50065,-0.358,-0.148,0.00
14.51081,-0.372,-0.140,0.00
14.52097,-0.387,-0.125,0.00
14.53113,-0.387,-0.125,0.00
14.54128,-0.387,-0.125,0.00
14.55150,-0.412,-0.112,0.00
14.56165,-0.412,-0.112,0.00
14.57214,-0.476,-0.097,0.00
14.58316,-0.579,-0.097,0.00
14.59330,-0.579,-0.084,0.00
14.60345,-0.747,-0.074,0.00
14.61365,-0.747,-0.074,0.00
14.62381,-1.037,-0.067,0.00
14.63402,-1.037,-0.067,0.00
14.64417,-1.549,-0.056,0.00
14.65446,-1.549,-0.056,0.00
14.66713,-1.549,-0.056,0.00
14.67845,-1.916,-0.046,0.00
14.68861,-1.904,-0.048,0.00
14.69877,-1.904,-0.048,0.00
14.70895,-1.744,-0.044,0.00
14.71910,-1.744,-0.044,0.00
14.72926,-1.088,-0.041,0.00
14.73942,-1.088,-0.041,0.00
14.74968,-0.101,-0.044,0.00
14.75985,-0.101,-0.044,0.00
14.77002,-0.101,-0.044,0.00
14.78246,-0.101,-0.044,0.00
14.79271,3.217,-0.049,0.00
14.80287,5.263,-0.067,0.00
14.81304,5.263,-0.067,0.00
14.82320,7.347,-0.067,0.00
14.83335,7.347,-0.079,0.00
14.84352,9.373,-0.079,0.00
14.85413,9.373,-0.090,0.00
14.86429,9.373,-0.090,0.00
14.87451,9.373,-0.090,0.00
14.88467,11.251,-0.094,0.00
14.90676,11.251,-0.094,0.00
14.91698,14.564,-0.093,0.00
14.93654,15.980,-0.084,10.50
14.94673,15.980,-0.084,10.50
14.95697,17.234,-0.059,10.50
14.96905,17.234,-0.039,10.50
14.97924,18.283,-0.023,10.50
14.98957,19.047,-0.023,10.50
15.00175,19.047,-0.020,10.50
15.01201,19.516,-0.020,10.50
15.02263,19.849,-0.041,10.50
15.03391,19.849,-0.041,10.50
15.04410,19.849,-0.041,10.50
15.05681,20.124,-0.094,10.50
15.06688,20.039,-0.150,10.50
15.07704,20.039,-0.150,10.50
15.08720,19.531,-0.202,10.50
15.11260,19.531,-0.202,10.50
15.12287,18.972,-0.246,10.50
15.14524,16.221,-0.396,10.50
15.15540,16.221,-0.396,10.50
15.17682,14.276,-0.450,10.50
15.18716,14.276,-0.450,10.50
15.20973,10.183,-0.559,10.50
15.21988,8.062,-0.559,10.50
15.24131,8.062,-0.620,10.50
15.25161,6.105,-0.670,10.50
15.26177,4.166,-0.670,10.50
15.27327,4.166,-0.764,10.50
15.28601,4.166,-0.764,10.50
15.29408,2.247,-0.772,10.50
15.30500,2.247,-0.822,10.50
15.31633,0.416,-0.822,10.50
15.32650,-1.254,-0.862,10.50
15.33726,-2.214,-0.762,10.50
15.34757,-2.214,-0.762,10.50
15.35826,-2.214,-0.762,10.50
15.36936,-1.752,-0.721,10.50
15.37981,-1.752,-0.721,10.50
15.39006,-1.752,-0.721,10.50
15.42256,-0.673,-0.475,10.50
15.43289,0.629,-0.475,10.50
15.44902,0.419,-0.475,11.00
15.45918,0.064,-0.371,11.00
15.48091,0.064,-0.308,11.00
15.49115,-0.345,-0.203,11.00
15.51313,-0.833,-0.203,11.00
15.52359,-1.199,-0.098,11.00
15.53391,-1.199,0.033,11.00
15.54550,-1.199,0.033,11.50
15.55684,-1.412,0.165,11.50
15.56759,-1.507,0.249,11.50
15.57775,-1.507,0.249,11.50
15.58844,-1.507,0.249,11.50
15.59916,-1.413,0.512,11.50
15.60937,-1.413,0.512,12.00
15.61961,-1.413,0.590,12.00
15.62984,-1.292,0.590,12.00
15.64086,-1.292,0.590,12.50
15.65128,-1.138,0.699,12.50
15.66143,-1.138,0.699,12.50
15.67274,-0.935,0.739,13.00
15.68306,-0.717,0.804,13.00
15.69322,-0.717,0.804,13.00
15.72137,-0.331,0.824,14.00
15.73182,-0.331,0.824,14.00
15.75339,-0.176,0.786,15.00
15.76365,-0.176,0.786,15.00
15.78480,-0.016,0.786,16.50
15.79514,-0.016,0.712,16.50
15.80617,0.001,0.643,16.50
15.81972,0.001,0.643,18.00
15.82971,0.004,0.570,18.00
15.84001,0.028,0.520,18.00
15.85031,0.028,0.520,19.50
15.86048,0.028,0.520,19.50
15.87087,0.076,0.486,19.50
15.88129,0.081,0.511,21.00
15.89148,0.081,0.511,21.00
15.90275,0.081,0.511,21.00
15.91369,0.002,0.476,22.00
15.92386,-0.146,0.496,22.00
15.93439,-0.146,0.496,22.00
15.94468,-0.146,0.496,23.50
15.95495,-0.303,0.482,23.50
15.96529,-0.448,0.463,23.50
15.99357,-0.585,0.463,24.50
16.00407,-0.718,0.523,24.50
16.02463,-0.718,0.523,25.50
16.03483,-0.849,0.610,25.50
16.05728,-0.967,0.668,26.00
16.06743,-1.097,0.774,26.00
16.08916,-1.155,0.897,27.00
16.09984,-1.155,0.897,27.00
16.12449,-1.181,1.060,27.00
16.13463,-1.191,1.267,27.00
16.14479,-1.201,1.470,27.00
16.15622,-1.201,1.470,27.50
16.16640,-1.210,1.766,27.50
16.17677,-1.210,1.766,27.50
16.18695,-1.208,2.053,28.00
16.19711,-1.208,2.053,28.00
16.20736,-1.200,2.455,28.00
16.21753,-1.200,2.828,28.00
16.22800,-1.182,2.828,28.00
16.23828,-1.182,2.828,28.00
16.26499,-1.140,3.412,28.00
16.27518,-1.140,4.194,28.00
16.29677,-1.130,5.013,28.50
16.30728,-1.111,5.013,28.50
16.32848,-1.111,5.815,28.50
16.33866,-1.087,6.511,28.50
16.34882,-1.060,7.330,28.50
16.36104,-1.060,7.330,28.50
16.37168,-1.032,8.127,28.50
16.38190,-1.032,8.127,28.50
16.39342,-1.007,9.286,28.50
16.40413,-1.007,9.286,28.50
16.41465,-0.979,10.799,28.50
16.42518,-0.951,12.333,28.50
16.43553,-0.951,12.333,28.50
16.44588,-0.928,13.508,28.50
16.45748,-0.918,13.508,28.50
16.46832,-0.918,14.884,28.50
16.47869,-0.918,14.884,28.50
16.50492,-0.907,16.168,28.50
16.51524,-0.893,17.524,28.50
16.53776,-0.848,20.139,28.50
16.54792,-0.848,20.139,28.50
16.56877,-0.848,20.139,28.50
16.57899,-0.829,21.365,28.50
16.58914,-0.829,21.365,28.50
16.60118,-0.829,21.365,28.50
16.61136,-0.807,23.963,28.50
16.62152,-0.812,23.963,28.50
16.63331,-0.812,25.156,28.50
16.64348,-0.812,26.164,28.50
16.65370,-0.817,26.164,28.50
16.66616,-0.817,26.164,28.50
16.67634,-0.827,26.973,28.50
16.68650,-0.827,26.973,28.50
16.69887,-0.845,27.771,28.50
16.70906,-0.865,28.533,28.50
16.71923,-0.865,28.533,28.50
16.72938,-0.865,28.533,28.50
16.73996,-0.865,29.370,28.50
16.75012,-0.875,30.354,28.50
16.77808,-0.863,31.271,28.50
16.78824,-0.847,32.237,28.50
16.80844,-0.847,32.237,28.50
16.81862,-0.832,33.044,28.50
16.84349,-0.816,33.901,28.50
16.85481,-0.795,34.690,28.50
16.87302,-0.773,35.612,28.50
16.88319,-0.753,35.612,28.50
16.89347,-0.753,36.709,28.50
16.90655,-0.742,36.709,28.50
16.91691,-0.742,37.784,28.50
16.92768,-0.732,38.506,28.50
16.93867,-0.732,38.506,28.50
16.94886,-0.731,39.215,28.50
16.95932,-0.731,39.839,28.50
16.96947,-0.727,39.839,28.50
16.97969,-0.719,40.429,28.50
16.99022,-0.719,40.429,28.50
17.00098,-0.719,40.912,28.50
17.01134,-0.712,40.912,28.50
17.02165,-0.712,40.912,28.50
17.04910,-0.701,41.391,28.50
17.05912,-0.688,41.806,28.50
17.08108,-0.688,42.729,28.50
17.09147,-0.686,42.729,28.50
17.10188,-0.686,43.059,0.00
17.11214,-0.690,43.059,0.00
17.12434,-0.692,43.405,0.00
17.13463,-0.692,43.405,0.00
17.14479,-0.692,43.631,0.00
17.15571,-0.704,43.631,0.00
17.16587,-0.715,43.892,0.00
17.17603,-0.715,43.892,0.00
17.18620,-0.706,44.075,0.00
17.19635,-0.706,44.075,0.00
17.20660,-0.659,44.212,0.00
17.21675,-0.659,44.212,0.00
17.22691,-0.531,44.303,0.00
17.23719,-0.531,44.303,0.00
17.24733,-0.304,44.269,0.00
17.25747,-0.304,44.269,0.00
17.26763,-0.073,44.272,0.00
17.27778,0.160,44.272,0.00
17.28796,0.160,44.282,0.00
17.29812,0.160,44.282,0.00
17.30855,0.352,44.282,0.00
17.31889,0.352,44.248,0.00
17.32906,0.481,44.280,0.00
17.33922,0.481,44.280,0.00
17.34938,0.572,44.248,0.00
17.35953,0.572,44.271,0.00
17.36969,0.684,44.271,0.00
17.38059,0.684,44.271,0.00
17.39120,0.838,44.278,0.00
17.40144,0.838,44.278,0.00
17.41173,0.985,44.266,0.00
17.42189,1.053,44.314,0.00
17.43247,1.053,44.314,0.00
17.44263,1.053,44.257,0.00
17.45278,1.109,44.257,0.00
17.46322,1.102,44.072,0.00
17.47370,1.102,44.072,0.00
17.48386,1.102,44.072,0.00
17.49447,1.102,44.072,0.00
17.50524,1.102,44.072,0.00
17.51558,1.031,43.589,0.00
17.52575,0.983,42.536,0.00
17.53631,0.983,42.536,0.00
17.54648,0.913,41.032,0.00
17.55681,0.913,41.032,0.00
17.56716,0.827,39.502,0.00
17.57750,0.827,39.502,0.00
17.58783,0.731,38.153,0.00
17.59825,0.731,38.153,0.00
17.60885,0.731,38.153,0.00
17.61902,0.619,33.976,0.00
17.62919,0.497,33.976,0.00
17.63951,0.497,33.976,0.00
17.64990,0.376,31.947,0.00
17.66021,0.248,30.069,0.00
17.67069,0.248,30.069,0.00
17.68088,0.248,30.069,0.00
17.69121,0.115,28.453,0.00
17.70155,0.115,28.453,0.00
17.71210,-0.013,27.119,0.00
17.72241,-0.123,25.785,0.00
17.73280,-0.123,25.785,0.00
17.74340,-0.123,25.785,0.00
17.75359,-0.220,24.113,0.00
17.76375,-0.311,22.451,0.00
17.77402,-0.311,22.451,0.00
17.78416,-0.399,20.815,0.00
17.79448,-0.399,20.815,0.00
17.80464,-0.490,19.172,0.00
17.81521,-0.490,19.172,0.00
17.82529,-0.573,17.408,0.00
17.83559,-0.573,17.408,0.00
17.84614,-0.573,17.408,0.00
17.85641,-0.640,15.635,0.00
17.86657,-0.688,13.843,0.00
17.87680,-0.688,13.843,0.00
17.88696,-0.720,12.050,0.00
17.89711,-0.720,12.050,0.00
17.90727,-0.746,10.077,0.00
17.91742,-0.746,10.077,0.00
17.92758,-0.762,8.360,0.00
17.93776,-0.762,8.360,0.00
17.94794,-0.768,6.738,0.00
17.95820,-0.768,6.738,0.00
17.96837,-0.751,5.414,0.00
17.97853,-0.751,5.414,0.00
17.98868,-0.724,4.199,0.00
17.99884,-0.724,3.098,0.00
18.00900,-0.690,3.098,0.00
18.01916,-0.690,3.098,0.00
18.02931,-0.642,2.049,0.00
18.03957,-0.642,2.049,0.00
18.04978,-0.592,1.057,0.00
18.05991,-0.592,1.057,0.00
18.07008,-0.522,0.184,0.00
18.08024,-0.522,-0.455,0.00
18.09041,-0.442,-0.455,0.00
18.10063,-0.442,-0.455,0.00
18.11081,-0.345,-1.009,0.00
18.12097,-0.345,-1.542,0.00
18.13144,-0.237,-1.542,0.00
18.14174,-0.237,-1.542,0.00
18.15190,-0.119,-2.018,0.00
18.16225,-0.119,-2.018,0.00
18.17240,-0.003,-2.321,0.00
18.18255,0.112,-2.714,0.00
18.19294,0.112,-2.714,0.00
18.20333,0.223,-2.972,0.00
18.21367,0.223,-2.972,0.00
18.22388,0.223,-2.972,0.00
18.23406,0.330,-3.102,0.00
18.24422,0.437,-3.184,0.00
18.25437,0.437,-3.184,0.00
18.26452,0.552,-3.169,0.00
18.27491,0.552,-3.169,0.00
18.28516,0.662,-3.061,0.00
18.29535,0.662,-3.061,0.00
18.30551,0.774,-2.900,0.00
18.31567,0.774,-2.900,0.00
18.32583,0.774,-2.900,0.00
18.33614,0.888,-2.725,0.00
18.34629,0.983,-2.513,0.00
18.35654,0.983,-2.513,0.00
18.36678,1.072,-2.287,0.00
18.37699,1.072,-2.287,0.00
18.38714,1.132,-2.008,0.00
18.39729,1.132,-2.008,0.00
18.40742,1.132,-1.753,0.00
18.41757,1.188,-1.753,0.00
18.42774,1.188,-1.494,0.00
18.43814,1.236,-1.494,0.00
18.44831,1.275,-1.247,0.00
18.45863,1.275,-1.247,0.00
18.46877,1.303,-1.001,0.00
18.47893,1.303,-1.001,0.00
18.48908,1.325,-0.765,0.00
18.49925,1.325,-0.765,0.00
18.50939,1.333,-0.543,0.00
18.51954,1.333,-0.543,0.00
18.52969,1.323,-0.338,0.00
18.53985,1.323,-0.338,0.00
18.55001,1.312,-0.121,0.00
18.56113,1.312,-0.121,0.00
18.57123,1.309,0.068,0.00
18.58226,1.309,0.068,0.00
18.59274,1.313,0.234,0.00
18.60289,1.326,0.388,0.00
18.62081,1.325,0.388,0.00
18.63256,1.325,0.541,0.00
18.64368,1.325,0.669,0.00
18.65433,1.321,0.669,0.00
18.66567,1.316,0.762,0.00
18.67620,1.316,0.762,0.00
18.68717,1.299,0.762,0.00
18.70372,1.285,0.886,0.00
18.71963,1.285,0.886,0.00
18.73750,1.284,0.901,0.00
18.75607,1.284,0.907,0.00
18.76643,1.307,0.907,0.00
18.78188,1.379,0.909,0.00
18.79860,1.460,0.882,0.00
18.81550,1.565,0.827,0.00
18.84002,1.719,0.754,0.00
18.85597,1.885,0.650,0.00
18.87272,1.885,0.650,0.00
18.88548,2.038,0.535,0.00
18.89732,2.180,0.381,0.00
18.91666,2.301,0.283,0.00
18.92804,2.301,0.283,0.00
18.93905,2.401,0.142,0.00
18.96182,2.490,-0.024,0.00
18.97353,2.490,-0.024,0.00
18.99762,2.546,-0.334,0.00
19.01687,2.513,-0.462,0.00
19.02705,2.454,-0.462,0.00
19.03760,2.454,-0.582,0.00
19.04807,2.392,-0.582,0.00
19.06355,2.392,-0.641,0.00
19.07901,2.309,-0.688,0.00
19.09062,2.178,-0.701,0.00
19.10111,2.013,-0.668,0.00
19.11142,2.013,-0.668,0.00
19.13731,1.876,-0.564,0.00
19.15497,1.731,-0.385,0.00
19.17412,1.580,-0.211,0.00
19.18587,1.418,-0.042,0.00
19.19685,1.418,-0.042,0.00
19.20937,1.256,0.093,0.00
19.22027,1.256,0.202,0.00
19.23068,1.101,0.202,0.00
19.24233,1.101,0.202,0.00
19.25351,0.952,0.282,0.00
19.26370,0.794,0.332,0.00
19.27433,0.794,0.332,0.00
19.29087,0.628,0.357,0.00
19.30112,0.469,0.337,0.00
19.31149,0.469,0.337,0.00
19.32366,0.320,0.300,0.00
19.33770,0.320,0.300,0.00
19.34860,0.320,0.300,0.00
19.36094,0.320,0.256,0.00
19.37690,0.021,0.219,0.00
19.38893,0.021,0.219,0.00
19.40037,-0.104,0.158,0.00
19.41071,-0.199,0.086,0.00
19.42098,-0.268,0.018,0.00
19.43136,-0.268,0.018,0.00
19.44152,-0.268,-0.042,0.00
19.45189,-0.323,-0.042,0.00
19.46203,-0.323,-0.042,0.00
19.47290,-0.357,-0.078,0.00
19.49063,-0.369,-0.103,0.00
19.50096,-0.376,-0.127,0.00
19.51776,-0.376,-0.127,0.00
19.52808,-0.371,-0.139,0.00
19.53874,-0.371,-0.139,0.00
19.54919,-0.347,-0.127,0.00
19.56074,-0.347,-0.107,0.00
19.57141,-0.312,-0.107,0.00
19.58242,-0.256,-0.107,0.00
19.59599,-0.256,-0.087,0.00
19.60779,-0.256,-0.087,0.00
19.66076,-0.182,-0.075,0.00
19.72454,0.644,0.014,0.00
19.73504,-0.655,-0.145,0.00
19.74528,-0.503,-0.116,0.00
19.75569,-0.503,-0.116,0.00
19.76589,-0.503,-0.116,0.00
19.77607,-0.380,-0.078,0.00
19.78622,-0.380,-0.078,0.00
19.79638,-0.380,-0.078,0.00
19.80671,-0.266,0.041,0.00
19.81689,-0.266,0.041,0.00
19.82711,-0.260,0.109,0.00
19.83727,-0.260,0.109,0.00
19.84784,-0.309,0.198,0.00
19.85811,-0.309,0.198,0.00
19.86827,-0.382,0.292,0.00
19.87842,-0.382,0.292,0.00
19.88862,-0.382,0.292,0.00
19.89878,-0.592,0.401,0.00
19.90898,-0.592,0.518,0.00
19.91930,-0.592,0.518,0.00
19.92958,-0.718,0.637,0.00
19.93991,-0.835,0.768,0.00
19.95070,-0.835,0.768,0.00
19.96100,-0.835,0.768,0.00
19.97178,-0.835,0.912,0.00
19.98208,-1.055,1.063,0.00
19.99229,-1.055,1.063,0.00
20.00245,-1.055,1.063,0.00
20.01272,-1.169,1.226,0.00
20.02296,-1.265,1.365,0.00
20.03312,-1.265,1.365,0.00
20.04327,-1.333,1.503,0.00
20.05345,-1.333,1.503,0.00
20.06361,-1.333,1.503,0.00
20.07379,-1.376,1.627,0.00
20.08394,-1.390,1.690,0.00
20.09640,-1.390,1.690,0.00
20.10656,-1.376,1.732,0.00
20.11681,-1.376,1.732,0.00
20.12704,-1.348,1.733,0.00
20.13720,-1.348,1.733,0.00
20.14740,-1.311,1.720,0.00
20.15755,-1.311,1.720,0.00
20.16770,-1.311,1.720,0.00
20.17815,-1.263,1.655,0.00
20.18830,-1.218,1.655,0.00
20.19876,-1.218,1.581,0.00
20.20892,-1.180,1.485,0.00
20.21993,-1.141,1.485,0.00
20.23013,-1.141,1.387,0.00
20.24037,-1.141,1.387,0.00
20.25053,-1.098,1.274,0.00
20.26069,-1.098,1.274,0.00
20.27084,-1.052,1.148,0.00
20.28129,-1.052,1.148,0.00
20.29148,-1.011,1.011,0.00
20.30183,-0.971,1.011,0.00
20.31225,-0.971,0.882,0.00
20.32236,-0.971,0.740,0.00
20.33252,-0.928,0.740,0.00
20.34267,-0.889,0.625,0.00
20.35283,-0.889,0.625,0.00
20.36391,-0.852,0.522,0.00
20.37433,-0.852,0.522,0.00
20.38514,-0.852,0.439,0.00
20.39531,-0.820,0.439,0.00
20.40553,-0.820,0.439,0.00
20.41567,-0.798,0.368,0.00
20.42583,-0.788,0.321,0.00
20.43616,-0.788,0.321,0.00
20.44631,-0.786,0.294,0.00
20.45648,-0.786,0.294,0.00
20.46662,-0.786,0.294,0.00
20.47677,-0.789,0.294,0.00
20.48706,-0.796,0.294,0.00
20.49748,-0.796,0.301,0.00
20.50922,-0.796,0.301,0.00
20.51938,-0.809,0.313,0.00
20.52954,-0.823,0.334,0.00
20.54074,-0.823,0.334,0.00
20.55090,-0.843,0.357,0.00
20.56106,-0.843,0.386,0.00
20.57121,-0.860,0.386,0.00
20.58137,-0.860,0.386,0.00
20.59153,-0.888,0.411,0.00
20.60220,-0.888,0.411,0.00
20.61236,-0.920,0.438,0.00
20.62252,-0.967,0.489,0.00
20.63269,-0.967,0.489,0.00
20.64301,-0.967,0.489,0.00
20.65333,-0.967,0.489,0.00
20.66362,-0.967,0.489,0.00
20.67410,-0.967,0.489,0.00
20.68444,-0.967,0.489,0.00
20.69544,-1.022,0.551,0.00
20.70560,-1.022,0.551,0.00
20.71576,-1.022,0.551,0.00
20.72591,-1.022,0.551,0.00
20.73719,-1.082,0.617,0.00
20.74735,-1.156,0.680,0.00
20.75755,-1.325,0.783,0.00
20.76772,-1.416,0.826,0.00
20.77801,-1.516,0.858,0.00
20.78869,-1.618,0.878,0.00
20.79881,-1.618,0.878,0.00
20.80898,-1.725,0.889,0.00
20.81914,-1.832,0.889,0.00
20.82964,-1.832,0.891,0.00
20.83992,-1.922,0.891,0.00
20.85039,-1.922,0.897,0.00
20.86055,-1.922,0.897,0.00
20.87073,-2.002,0.901,0.00
20.88089,-2.002,0.901,0.00
20.89114,-2.002,0.901,0.00
20.90130,-2.144,0.902,0.00
20.91147,-2.144,0.902,0.00
20.92163,-2.144,0.894,0.00
20.93178,-2.203,0.894,0.00
20.94213,-2.315,0.872,0.00
20.95238,-2.315,0.872,0.00
20.96263,-2.501,0.832,0.00
20.97288,-2.501,0.832,0.00
20.98311,-2.501,0.832,0.00
20.99341,-2.857,0.767,0.00
21.00348,-3.049,0.659,0.00
21.01364,-3.049,0.659,0.00
21.02380,-3.129,0.542,0.00
21.03402,-3.129,0.542,0.00
21.04418,-3.120,0.415,0.00
21.05441,-3.120,0.415,0.00
21.06458,-2.868,0.277,0.00
21.07474,-2.868,0.277,0.00
21.08490,-2.868,0.277,0.00
21.09506,-2.365,0.119,0.00
21.10522,-1.502,-0.030,0.00
21.11537,-1.502,-0.030,0.00
21.12568,-0.176,-0.176,0.00
21.13582,-0.176,-0.176,0.00
21.14598,-0.176,-0.176,0.00
21.15627,1.438,-0.324,0.00
21.16643,3.308,-0.488,0.00
21.17678,3.308,-0.488,0.00
21.18694,5.350,-0.611,0.00
21.19717,5.350,-0.611,0.00
21.20734,7.385,-0.726,0.00
21.21749,7.385,-0.827,0.00
21.22765,9.407,-0.827,0.00
21.23809,9.407,-0.827,0.00
21.25650,11.335,-0.911,0.00
21.26690,13.032,-0.980,0.00
21.27720,13.032,-0.980,0.00
21.29132,13.032,-1.025,10.50
21.30158,14.432,-1.025,10.50
21.31174,15.505,-1.048,10.50
21.32272,15.505,-1.050,10.50
21.33311,16.330,-1.050,10.50
21.34331,16.330,-1.036,10.50
21.35360,16.856,-1.036,10.50
21.36427,16.953,-1.014,10.50
21.37449,16.953,-1.014,10.50
21.38547,17.023,-0.993,10.50
21.39572,17.023,-0.993,10.50
21.40590,17.269,-1.003,10.50
21.43268,17.226,-1.003,10.50
21.44300,16.914,-1.014,10.50
21.46488,16.914,-1.063,10.50
21.47507,16.464,-1.063,10.50
21.49727,12.849,-1.128,10.50
21.50745,12.849,-1.128,10.50
21.52940,12.849,-1.128,10.50
21.53957,8.593,-1.204,10.50
21.54973,8.593,-1.292,10.50
21.56128,6.533,-1.392,10.50
21.57165,6.533,-1.392,10.50
21.58183,6.533,-1.512,10.50
21.59293,4.647,-1.512,10.50
21.60348,2.897,-1.512,10.50
21.61488,2.897,-1.646,10.50
21.62613,2.897,-1.646,10.50
21.63707,2.897,-1.781,10.50
21.64728,-0.498,-1.945,10.50
21.65746,-2.039,-2.087,10.50
21.66762,-2.039,-2.087,10.50
21.67799,-2.039,-2.087,10.50
21.68982,-2.039,-2.128,10.50
21.70052,-3.032,-2.128,10.50
21.71111,-3.238,-2.268,10.50
21.74268,-3.238,-2.340,10.50
21.76842,-1.768,-2.340,10.50
21.77860,-1.077,-2.383,10.50
21.80207,-0.848,-2.323,11.00
21.81225,-0.976,-2.251,11.00
21.83234,-0.976,-2.251,11.00
21.84303,-1.886,-2.116,11.00
21.85318,-1.886,-2.116,11.00
21.86464,-1.886,-2.116,11.00
21.87490,-2.341,-2.090,11.00
21.88514,-2.654,-2.066,11.00
21.89708,-2.654,-2.066,11.50
21.90746,-2.654,-2.066,11.50
21.91762,-2.654,-2.029,11.50
21.92916,-2.953,-1.991,11.50
21.94016,-2.953,-1.991,11.50
21.95034,-2.944,-1.911,11.50
21.96063,-2.944,-1.911,12.00
21.97092,-2.889,-1.839,12.00
21.98108,-2.889,-1.839,12.00
21.99125,-2.822,-1.761,12.00
22.00879,-2.788,-1.761,12.50
22.01907,-2.788,-1.638,12.50
22.04102,-2.770,-1.530,13.50
22.05117,-2.715,-1.398,13.50
22.07254,-2.640,-1.398,14.00
22.08272,-2.640,-1.318,14.00
22.09289,-2.559,-1.318,14.00
22.10483,-2.559,-1.226,15.00
22.11497,-2.559,-1.226,15.00
22.12536,-2.437,-1.160,15.00
22.13950,-2.437,-1.138,16.50
22.14965,-2.413,-1.152,16.50
22.16025,-2.413,-1.152,16.50
22.17040,-2.425,-1.229,18.00
22.18072,-2.425,-1.229,18.00
22.19105,-2.442,-1.290,18.00
22.20122,-2.491,-1.323,19.50
22.21148,-2.491,-1.323,19.50
22.22164,-2.491,-1.390,19.50
22.23311,-2.569,-1.390,21.00
22.24327,-2.658,-1.417,21.00
22.25356,-2.658,-1.417,21.00
22.28035,-2.717,-1.466,22.00
22.29053,-2.750,-1.489,22.00
22.31242,-2.750,-1.489,23.50
22.32342,-2.779,-1.532,23.50
22.34748,-2.844,-1.609,24.50
22.35764,-2.844,-1.666,24.50
22.37804,-2.883,-1.670,25.50
22.38829,-2.915,-1.670,25.50
22.39850,-2.915,-1.670,25.50
22.40880,-2.915,-1.727,26.50
22.41908,-2.923,-1.727,26.50
22.42933,-2.906,-1.697,26.50
22.44086,-2.906,-1.697,27.00
22.45121,-2.888,-1.697,27.00
22.46136,-2.888,-1.661,27.00
22.47309,-2.896,-1.661,27.50
22.48329,-2.896,-1.661,27.50
22.49346,-2.923,-1.581,27.50
22.50467,-2.956,-1.538,27.50
22.51500,-2.956,-1.538,27.50
22.52534,-2.956,-1.538,27.50
22.53662,-2.956,-1.538,28.00
22.54691,-2.997,-1.423,28.00
22.55707,-3.047,-1.286,28.00
22.56723,-3.047,-1.286,28.00
22.58527,-3.094,-1.028,28.00
22.59561,-3.130,-0.788,28.00
22.61680,-3.160,-0.788,28.00
22.62712,-3.160,-0.423,28.00
22.64893,-3.208,0.077,28.50
22.65926,-3.229,0.653,28.50
22.66964,-3.229,1.451,28.50
22.68063,-3.229,1.451,28.50
22.69087,-3.248,2.271,28.50
22.70103,-3.263,2.271,28.50
22.71268,-3.263,3.124,28.50
22.72296,-3.263,3.124,28.50
22.73351,-3.274,4.001,28.50
22.74522,-3.274,5.149,28.50
22.75617,-3.276,5.149,28.50
22.76634,-3.274,6.687,28.50
22.77654,-3.274,6.687,28.50
22.78671,-3.279,8.246,28.50
22.79687,-3.279,8.246,28.50
22.82546,-3.283,9.742,28.50
22.83579,-3.285,11.184,28.50
22.85697,-3.282,12.600,28.50
22.86734,-3.282,14.092,28.50
22.88872,-3.285,14.092,28.50
22.89910,-3.285,15.528,28.50
22.92118,-3.293,18.175,28.50
22.93139,-3.293,18.175,28.50
22.94156,-3.293,19.603,28.50
22.95331,-3.289,19.603,28.50
22.96384,-3.289,19.603,28.50
22.97409,-3.282,19.603,28.50
22.98528,-3.282,21.963,28.50
22.99565,-3.282,21.963,28.50
23.00606,-3.283,23.149,28.50
23.03294,-3.283,24.142,28.50
23.04311,-3.289,25.031,28.50
23.06528,-3.297,25.798,28.50
23.07569,-3.297,25.798,28.50
23.10093,-3.301,26.601,28.50
23.11109,-3.305,27.414,28.50
23.12915,-3.309,28.059,28.50
23.13935,-3.309,28.059,28.50
23.16111,-3.312,28.753,28.50
23.17141,-3.312,29.414,28.50
23.18157,-3.314,29.414,28.50
23.19463,-3.314,30.099,28.50
23.20501,-3.316,30.792,28.50
23.21517,-3.316,30.792,28.50
23.22540,-3.314,31.467,28.50
23.23600,-3.314,31.467,28.50
23.24620,-3.309,32.122,28.50
23.25955,-3.309,32.122,28.50
23.26987,-3.309,32.748,28.50
23.28004,-3.304,32.748,28.50
23.29018,-3.300,33.521,28.50
23.30079,-3.300,33.521,28.50
23.31097,-3.300,34.008,28.50
23.33633,-3.300,34.008,28.50
23.34651,-3.296,35.127,28.50
23.36870,-3.290,35.127,28.50
23.37889,-3.290,35.524,28.50
23.40083,-3.281,35.969,28.50
23.41113,-3.267,36.323,28.50
23.43235,-3.267,36.323,28.50
23.44253,-3.257,36.833,28.50
23.45269,-3.257,36.833,28.50
23.46287,-3.249,37.457,0.00
23.47331,-3.249,37.457,0.00
23.48348,-3.240,37.457,0.00
23.49368,-3.240,37.730,0.00
23.50412,-3.231,37.970,0.00
23.51428,-3.231,37.970,0.00
23.52446,-3.223,38.330,0.00
23.53478,-3.223,38.330,0.00
23.54493,-3.223,38.330,0.00
23.55510,-3.223,38.330,0.00
23.56526,-3.223,38.330,0.00
23.57541,-3.223,38.330,0.00
23.58577,-3.223,38.547,0.00
23.59597,-3.199,38.810,0.00
23.60614,-3.165,39.196,0.00
23.61641,-3.105,39.380,0.00
23.62658,-3.041,39.657,0.00
23.63674,-3.041,39.657,0.00
23.64689,-3.041,39.657,0.00
23.65730,-2.953,39.836,0.00
23.66746,-2.874,39.836,0.00
23.67761,-2.874,40.048,0.00
23.68777,-2.852,40.222,0.00
23.69852,-2.852,40.222,0.00
23.70868,-2.852,40.335,0.00
23.71883,-2.829,40.573,0.00
23.72900,-2.829,40.573,0.00
23.73927,-2.829,40.573,0.00
23.74943,-2.762,40.785,0.00
23.75979,-2.762,40.785,0.00
23.77019,-2.762,40.785,0.00
23.78037,-2.762,40.785,0.00
23.79065,-2.762,40.785,0.00
23.80110,-2.648,41.251,0.00
23.81132,-2.348,41.456,0.00
23.82172,-2.252,41.672,0.00
23.83213,-2.252,41.672,0.00
23.84243,-2.252,41.779,0.00
23.85288,-2.241,41.779,0.00
23.86327,-2.308,41.619,0.00
23.87366,-2.308,41.619,0.00
23.88378,-2.308,41.619,0.00
23.89399,-2.404,41.174,0.00
23.90415,-2.487,40.078,0.00
23.91431,-2.487,40.078,0.00
23.92451,-2.563,38.711,0.00
23.93473,-2.563,38.711,0.00
23.94512,-2.647,38.711,0.00
23.95528,-2.647,37.396,0.00
23.96604,-2.749,35.845,0.00
23.97621,-2.749,35.845,0.00
23.98719,-2.856,33.834,0.00
23.99779,-2.856,33.834,0.00
24.00795,-2.961,31.788,0.00
24.01816,-2.961,31.788,0.00
24.02832,-3.057,29.745,0.00
24.03847,-3.136,27.671,0.00
24.04879,-3.136,27.671,0.00
24.05901,-3.136,27.671,0.00
24.06919,-3.198,25.673,0.00
24.07934,-3.198,25.673,0.00
24.08960,-3.198,25.673,0.00
24.10005,-3.236,24.091,0.00
24.11026,-3.264,22.242,0.00
24.12041,-3.297,20.206,0.00
24.13057,-3.297,20.206,0.00
24.14074,-3.297,18.224,0.00
24.15090,-3.329,18.224,0.00
24.16106,-3.329,18.224,0.00
24.17211,-3.355,16.304,0.00
24.18235,-3.355,16.304,0.00
24.19252,-3.355,14.417,0.00
24.20285,-3.374,12.569,0.00
24.21330,-3.384,12.569,0.00
24.22361,-3.384,10.509,0.00
24.23426,-3.384,10.509,0.00
24.24445,-3.384,8.695,0.00
24.25476,-3.375,8.695,0.00
24.26492,-3.375,8.695,0.00
24.27508,-3.360,6.915,0.00
24.28528,-3.343,5.297,0.00
24.29544,-3.343,5.297,0.00
24.30630,-3.321,3.998,0.00
24.31647,-3.321,3.998,0.00
24.32721,-3.297,2.699,0.00
24.33737,-3.297,2.699,0.00
24.34753,-3.277,1.433,0.00
24.35769,-3.277,1.433,0.00
24.36785,-3.259,0.250,0.00
24.37806,-3.259,0.250,0.00
24.38823,-3.234,-0.905,0.00
24.39839,-3.234,-0.905,0.00
24.40855,-3.204,-1.773,0.00
24.41963,-3.204,-1.773,0.00
24.42985,-3.169,-2.460,0.00
24.44073,-3.169,-2.460,0.00
24.45090,-3.131,-2.964,0.00
24.46106,-3.131,-2.964,0.00
24.47121,-3.131,-2.964,0.00
24.48142,-3.090,-3.292,0.00
24.49163,-3.046,-3.406,0.00
24.50179,-3.046,-3.406,0.00
24.51195,-3.003,-3.655,0.00
24.52212,-2.954,-3.745,0.00
24.53228,-2.954,-3.745,0.00
24.54259,-2.904,-3.568,0.00
24.55276,-2.904,-3.568,0.00
24.56308,-2.858,-3.421,0.00
24.57411,-2.858,-3.421,0.00
24.58427,-2.816,-3.320,0.00
24.59484,-2.816,-3.320,0.00
24.60501,-2.776,-3.065,0.00
24.61516,-2.776,-3.065,0.00
24.62544,-2.739,-2.885,0.00
24.63583,-2.739,-2.885,0.00
24.64607,-2.707,-2.748,0.00
24.65656,-2.707,-2.748,0.00
24.66672,-2.678,-2.552,0.00
24.67720,-2.678,-2.552,0.00
24.68736,-2.653,-2.424,0.00
24.69752,-2.653,-2.424,0.00
24.70768,-2.629,-2.308,0.00
24.71928,-2.629,-2.308,0.00
24.72944,-2.610,-2.262,0.00
24.73961,-2.610,-2.217,0.00
24.74977,-2.589,-2.217,0.00
24.75993,-2.566,-2.161,0.00
24.77023,-2.566,-2.161,0.00
24.78038,-2.547,-2.123,0.00
24.79060,-2.547,-2.123,0.00
24.80073,-2.547,-2.123,0.00
24.81096,-2.547,-2.123,0.00
24.82121,-2.537,-2.097,0.00
24.83150,-2.537,-2.057,0.00
24.84169,-2.533,-2.057,0.00
24.85181,-2.533,-1.982,0.00
24.86203,-2.526,-1.906,0.00
24.87218,-2.526,-1.906,0.00
24.88270,-2.526,-1.906,0.00
24.89284,-2.517,-1.832,0.00
24.90409,-2.517,-1.832,0.00
24.91495,-2.508,-1.778,0.00
24.92527,-2.501,-1.778,0.00
24.93558,-2.501,-1.732,0.00
24.94573,-2.490,-1.700,0.00
24.95589,-2.490,-1.700,0.00
24.96631,-2.473,-1.700,0.00
24.97704,-2.473,-1.697,0.00
24.98728,-2.473,-1.697,0.00
24.99750,-2.473,-1.697,0.00
25.01298,-2.434,-1.719,0.00
25.03066,-2.426,-1.723,0.00
25.04268,-2.426,-1.730,0.00
25.05323,-2.426,-1.730,0.00
25.06971,-2.424,-1.765,0.00
25.08861,-2.424,-1.834,0.00
25.11045,-2.416,-1.910,0.00
25.13015,-2.411,-1.954,0.00
25.14087,-2.411,-1.954,0.00
25.15162,-2.411,-1.997,0.00
25.16482,-2.411,-1.997,0.00
25.18032,-2.400,-2.067,0.00
25.19224,-2.400,-2.067,0.00
25.20674,-2.387,-2.133,0.00
25.22513,-2.387,-2.216,0.00
25.23532,-2.387,-2.216,0.00
25.24765,-2.387,-2.216,0.00
25.26312,-2.361,-2.216,0.00
25.27482,-2.356,-2.235,0.00
25.30981,-2.335,-2.206,0.00
25.33784,-2.322,-2.195,0.00
25.35863,-2.308,-2.195,0.00
25.37200,-2.308,-2.203,0.00
25.38729,-2.296,-2.206,0.00
25.39903,-2.287,-2.206,0.00
25.41738,-2.274,-2.224,0.00
25.42761,-2.274,-2.224,0.00
25.44337,-2.245,-2.224,0.00
25.45935,-2.245,-2.238,0.00
25.47063,-2.227,-2.250,0.00
25.48122,-2.227,-2.263,0.00
25.49230,-2.212,-2.263,0.00
25.50798,-2.198,-2.263,0.00
25.52370,-2.198,-2.285,0.00
25.53551,-2.185,-2.285,0.00
25.55116,-2.179,-2.298,0.00
25.56646,-2.182,-2.298,0.00
25.58229,-2.194,-2.301,0.00
25.59852,-2.194,-2.310,0.00
25.61461,-2.210,-2.319,0.00
25.63708,-2.231,-2.328,0.00
25.70591,-2.264,-2.345,0.00
25.72791,-2.260,-2.348,0.00
25.73934,-2.254,-2.354,0.00
25.75487,-2.248,-2.350,0.00
25.78758,-2.245,-2.354,0.00
25.80952,-2.233,-2.354,0.00
25.83080,-2.217,-2.355,0.00
25.84401,-2.193,-2.343,0.00
25.86023,-2.174,-2.323,0.00
25.87374,-2.174,-2.323,0.00
25.92120,-2.161,-2.287,0.00
25.93172,-2.161,-2.287,0.00
25.94516,-2.161,-2.287,0.00
25.95551,-2.161,-2.287,0.00
26.00857,-2.161,-2.287,0.00
26.06400,-2.174,-2.348,0.00
26.07417,-2.185,-2.395,0.00
26.08438,0.072,-0.132,0.00
26.09453,0.068,-0.152,0.00
26.10486,0.068,-0.152,0.00
26.11506,0.066,-0.166,0.00
26.12522,0.066,-0.177,0.00
26.13538,0.066,-0.177,0.00
26.14561,0.068,-0.182,0.00
26.15608,0.068,-0.182,0.00
26.16669,0.075,-0.175,0.00
26.17686,0.075,-0.175,0.00
26.18704,0.086,-0.158,0.00
26.19733,0.086,-0.158,0.00
26.20748,0.099,-0.144,0.00
26.21764,0.099,-0.144,0.00
26.22781,0.111,-0.120,0.00
26.23803,0.111,-0.120,0.00
26.24822,0.124,-0.089,0.00
26.25837,0.124,-0.060,0.00
26.26854,0.141,-0.060,0.00
26.27869,0.141,-0.033,0.00
26.28885,0.157,-0.033,0.00
26.29900,0.174,-0.002,0.00
26.30916,0.174,-0.002,0.00
26.31937,0.187,0.035,0.00
26.32969,0.187,0.035,0.00
26.34041,0.187,0.035,0.00
26.35074,0.203,0.069,0.00
26.36090,0.222,0.103,0.00
26.37106,0.222,0.103,0.00
26.38122,0.238,0.103,0.00
26.39137,0.238,0.127,0.00
26.40159,0.238,0.127,0.00
26.41181,0.250,0.158,0.00
26.42217,0.264,0.185,0.00
26.43238,0.264,0.185,0.00
26.44279,0.264,0.185,0.00
26.45322,0.275,0.212,0.00
26.46427,0.283,0.239,0.00
26.47470,0.283,0.239,0.00
26.48485,0.285,0.265,0.00
26.49500,0.285,0.265,0.00
26.50589,0.284,0.290,0.00
26.51628,0.284,0.290,0.00
26.52671,0.284,0.310,0.00
26.53701,0.282,0.310,0.00
26.54727,0.282,0.310,0.00
26.55832,0.274,0.336,0.00
26.56858,0.261,0.336,0.00
26.58000,0.261,0.336,0.00
26.59194,0.245,0.336,0.00
26.60212,0.245,0.337,0.00
26.61227,0.230,0.337,0.00
26.62242,0.230,0.337,0.00
26.63268,0.216,0.336,0.00
26.64301,0.216,0.336,0.00
26.65328,0.208,0.334,0.00
26.66340,0.202,0.331,0.00
26.67355,0.202,0.331,0.00
26.68369,0.200,0.332,0.00
26.69406,0.200,0.332,0.00
26.70430,0.197,0.332,0.00
26.71446,0.197,0.332,0.00
26.72463,0.197,0.332,0.00
26.73484,0.197,0.332,0.00
26.74501,0.193,0.332,0.00
26.75518,0.193,0.326,0.00
26.76534,0.192,0.321,0.00
26.77562,0.192,0.321,0.00
26.78570,0.195,0.320,0.00
26.79585,0.195,0.320,0.00
26.80609,0.195,0.323,0.00
26.81624,0.195,0.323,0.00
26.82641,0.197,0.317,0.00
26.83674,0.197,0.317,0.00
26.84692,0.197,0.313,0.00
26.85716,0.197,0.313,0.00
26.86731,0.202,0.307,0.00
26.87751,0.202,0.307,0.00
26.88776,0.202,0.297,0.00
26.89803,0.202,0.297,0.00
26.90818,0.201,0.291,0.00
26.91834,0.201,0.291,0.00
26.92850,0.201,0.291,0.00
26.93873,0.201,0.285,0.00
26.94889,0.201,0.276,0.00
26.95906,0.201,0.276,0.00
26.96989,0.203,0.265,0.00
26.98007,0.202,0.255,0.00
26.99022,0.202,0.255,0.00
27.00053,0.202,0.255,0.00
27.01201,0.203,0.253,0.00
27.02198,0.204,0.247,0.00
27.03263,0.204,0.247,0.00
27.04287,0.204,0.246,0.00
27.05310,0.201,0.246,0.00
27.06326,0.201,0.246,0.00
27.07355,0.193,0.239,0.00
27.08371,0.193,0.239,0.00
27.09403,0.138,0.235,0.00
27.10408,-0.049,0.235,0.00
27.11424,-0.049,0.235,0.00
27.12443,-0.350,0.243,0.00
27.13478,-0.350,0.243,0.00
27.14484,-0.871,0.250,0.00
27.15502,-0.871,0.250,0.00
27.16523,-0.871,0.250,0.00
27.17561,-1.048,0.259,0.00
27.18578,-1.120,0.273,0.00
27.19593,-1.120,0.273,0.00
27.20613,-0.797,0.292,0.00
27.21628,-0.797,0.292,0.00
27.22646,-0.797,0.292,0.00
27.23671,0.024,0.309,0.00
27.24688,1.387,0.328,0.00
27.25705,1.387,0.328,0.00
27.26720,3.251,0.347,0.00
27.27751,3.251,0.347,0.00
27.28776,5.280,0.366,0.00
27.29791,5.280,0.366,0.00
27.30814,7.316,0.389,0.00
27.31889,7.316,0.389,0.00
27.32907,9.213,0.409,0.00
27.33951,9.213,0.409,0.00
27.35006,10.865,0.430,0.00
27.36860,10.865,0.454,0.00
27.37894,12.287,0.477,0.00
27.40096,13.488,0.477,10.50
27.41123,14.489,0.495,10.50
27.43281,14.489,0.516,10.50
27.44301,15.231,0.516,10.50
27.46467,15.231,0.538,10.50
27.47520,16.310,0.562,10.50
27.48535,16.823,0.588,10.50
27.49842,16.943,0.588,10.50
27.50860,16.943,0.618,10.50
27.51884,16.943,0.618,10.50
27.53039,16.943,0.618,10.50
27.54071,16.503,0.622,10.50
27.55109,15.611,0.616,10.50
27.56110,15.611,0.616,10.50
27.57239,14.594,0.579,10.50
27.58356,14.594,0.579,10.50
27.59414,13.079,0.517,10.50
27.60430,10.978,0.441,10.50
27.61462,10.978,0.441,10.50
27.64032,10.978,0.441,10.50
27.65072,8.849,0.366,10.50
27.67285,6.850,0.309,10.50
27.68313,4.950,0.242,10.50
27.70567,1.649,0.179,10.50
27.71642,1.649,0.144,10.50
27.73651,1.649,0.144,10.50
27.74668,-0.675,0.056,10.50
27.76858,-0.675,-0.104,10.50
27.77893,-1.326,-0.027,10.50
27.78924,-1.019,-0.027,10.50
27.80074,-1.019,-0.042,10.50
27.81106,-0.251,-0.042,10.50
27.82212,-0.251,-0.042,10.50
27.83256,-0.251,-0.042,10.50
27.84272,0.494,0.021,10.50
27.85349,0.898,0.182,10.50
27.86576,0.866,0.254,10.50
27.87702,0.866,0.254,10.50
27.88728,0.646,0.399,10.50
27.89789,0.254,0.501,11.00
27.90805,0.254,0.501,11.00
27.91820,0.254,0.501,11.00
27.92837,-0.077,0.620,11.00
27.93853,-0.077,0.620,11.00
27.94869,-0.077,0.620,11.00
27.97626,-0.412,0.690,11.00
27.98644,-0.835,0.774,11.00
28.00902,-0.885,0.862,11.50
28.01921,-0.885,0.919,11.50
28.04079,-0.879,1.021,11.50
28.05096,-0.844,1.021,11.50
28.07337,-0.790,1.080,12.00
28.08527,-0.790,1.080,12.00
28.10529,-0.640,1.151,12.50
28.11555,-0.640,1.190,12.50
28.13631,-0.546,1.235,13.00
28.14648,-0.443,1.262,13.00
28.15676,-0.443,1.262,13.00
28.16904,-0.341,1.237,14.00
28.17932,-0.259,1.237,14.00
28.18949,-0.259,1.223,14.00
28.20174,-0.259,1.223,15.00
28.21234,-0.194,1.169,15.00
28.22251,-0.140,1.169,15.00
28.23695,-0.140,1.091,16.50
28.24714,-0.071,1.062,16.50
28.25744,-0.071,1.062,16.50
28.28524,0.020,0.996,17.50
28.29565,0.097,0.951,17.50
28.31294,0.140,0.951,19.00
28.32316,0.140,0.881,19.00
28.34860,0.149,0.881,20.50
28.35884,0.103,0.902,20.50
28.37742,0.103,0.877,22.00
28.38783,0.004,0.877,22.00
28.39980,-0.113,0.906,22.00
28.41056,-0.113,0.896,23.50
28.42072,-0.218,0.913,23.50
28.43086,-0.339,0.913,23.50
28.44111,-0.339,0.913,24.50
28.45145,-0.462,0.984,24.50
28.46223,-0.462,0.984,24.50
28.47262,-0.578,1.010,25.50
28.48299,-0.578,1.010,25.50
28.49344,-0.682,1.090,25.50
28.50384,-0.760,1.125,25.50
28.52137,-0.817,1.190,26.50
28.53179,-0.817,1.190,26.50
28.55233,-0.817,1.190,27.00
28.56252,-0.860,1.265,27.00
28.58432,-0.860,1.265,27.50
28.59457,-0.926,1.379,27.50
28.60483,-0.926,1.379,27.50
28.61678,-0.926,1.462,27.50
28.62698,-0.981,1.619,27.50
28.63739,-0.981,1.662,27.50
28.64877,-0.998,1.662,28.00
28.65916,-0.998,1.662,28.00
28.66934,-0.998,1.662,28.00
28.68350,-1.008,1.853,28.00
28.69367,-1.013,1.988,28.00
28.70383,-1.012,2.209,28.00
28.71409,-1.012,2.209,28.00
28.72425,-1.007,2.432,28.00
28.73441,-1.007,2.432,28.00
28.74478,-1.000,2.858,28.50
28.75824,-1.000,2.858,28.50
28.76845,-0.994,3.491,28.50
28.79224,-0.994,3.491,28.50
28.80248,-0.988,4.241,28.50
28.82447,-0.982,4.938,28.50
28.83465,-0.970,5.643,28.50
28.85697,-0.970,6.589,28.50
28.86716,-0.958,6.589,28.50
28.88882,-0.932,7.682,28.50
28.89911,-0.932,8.848,28.50
28.90926,-0.913,10.048,28.50
28.92078,-0.913,11.492,28.50
28.93116,-0.890,11.492,28.50
28.94133,-0.890,11.492,28.50
28.95620,-0.872,12.856,28.50
28.96635,-0.863,14.131,28.50
28.97652,-0.863,14.131,28.50
29.00035,-0.851,14.131,28.50
29.01052,-0.837,16.872,28.50
29.03471,-0.827,18.259,28.50
29.04498,-0.819,19.651,28.50
29.06481,-0.819,20.930,28.50
29.07512,-0.819,20.930,28.50
29.08544,-0.815,22.483,28.50
29.09755,-0.815,22.483,28.50
29.10791,-0.815,23.798,28.50
29.11850,-0.812,23.798,28.50
29.12899,-0.808,25.024,28.50
29.13920,-0.808,25.024,28.50
29.14936,-0.802,27.167,28.50
29.16139,-0.802,27.167,28.50
29.17157,-0.802,28.207,28.50
29.18174,-0.802,28.207,28.50
29.19247,-0.803,29.123,28.50
29.20265,-0.803,29.123,28.50
29.21282,-0.803,29.123,28.50
29.24101,-0.807,29.123,28.50
29.25116,-0.806,31.774,28.50
29.27639,-0.806,31.774,28.50
29.28680,-0.807,32.696,28.50
29.30463,-0.800,32.696,28.50
29.31482,-0.800,34.159,28.50
29.33680,-0.800,34.902,28.50
29.34695,-0.782,35.795,28.50
29.35817,-0.782,35.795,28.50
29.36860,-0.770,35.795,28.50
29.37883,-0.770,36.520,28.50
29.38913,-0.770,36.520,28.50
29.40045,-0.757,36.520,28.50
29.41063,-0.754,38.161,28.50
29.42079,-0.754,38.161,28.50
29.44845,-0.752,38.833,28.50
29.45864,-0.747,39.508,28.50
29.48114,-0.747,39.508,28.50
29.49153,-0.747,39.508,28.50
29.51490,-0.733,40.138,28.50
29.52515,-0.732,41.693,28.50
29.54570,-0.732,41.693,28.50
29.55608,-0.735,42.211,28.50
29.56633,-0.735,42.606,0.00
29.57658,-0.735,42.606,0.00
29.58663,-0.735,43.057,0.00
29.59692,-0.735,43.057,0.00
29.60712,-0.734,43.503,0.00
29.61733,-0.734,43.503,0.00
29.62749,-0.736,43.861,0.00
29.63786,-0.736,43.861,0.00
29.64802,-0.732,44.324,0.00
29.65824,-0.732,44.324,0.00
29.66840,-0.709,44.604,0.00
29.67941,-0.709,44.604,0.00
29.68957,-0.652,44.878,0.00
29.69975,-0.652,44.878,0.00
29.70991,-0.537,45.282,0.00
29.72043,-0.421,45.496,0.00
29.73081,-0.421,45.496,0.00
29.74108,-0.305,45.496,0.00
29.75124,-0.305,45.726,0.00
29.76139,-0.220,45.897,0.00
29.77172,-0.220,45.897,0.00
29.78202,-0.159,46.159,0.00
29.79208,-0.159,46.159,0.00
29.80223,-0.115,46.379,0.00
29.81239,-0.115,46.379,0.00
29.82296,-0.115,46.379,0.00
29.83322,-0.053,46.567,0.00
29.84350,-0.053,46.567,0.00
29.85371,0.069,46.768,0.00
29.86406,0.185,46.927,0.00
29.87452,0.185,46.927,0.00
29.88467,0.268,47.212,0.00
29.89482,0.268,47.212,0.00
29.90497,0.313,47.349,0.00
29.91512,0.313,47.349,0.00
29.92546,0.310,47.349,0.00
29.93571,0.310,47.530,0.00
29.94587,0.257,47.558,0.00
29.95613,0.257,47.558,0.00
29.96629,0.163,47.357,0.00
29.97646,0.163,47.357,0.00
29.98675,0.036,46.791,0.00
29.99698,0.036,46.791,0.00
30.00778,-0.108,45.812,0.00
30.01789,-0.108,45.812,0.00
30.02806,-0.251,45.812,0.00
30.03821,-0.251,44.914,0.00
30.04836,-0.391,43.981,0.00
30.05852,-0.524,43.981,0.00
30.06867,-0.524,42.684,0.00
30.07882,-0.635,42.684,0.00
30.08896,-0.635,41.114,0.00
30.09931,-0.635,41.114,0.00
30.10963,-0.724,39.631,0.00
30.11993,-0.724,39.631,0.00
30.13042,-0.724,39.631,0.00
30.14082,-0.724,39.631,0.00
30.15158,-0.797,38.186,0.00
30.16175,-0.924,35.610,0.00
30.17208,-0.924,35.610,0.00
30.18244,-0.924,35.610,0.00
30.19260,-0.992,34.231,0.00
30.20372,-0.992,34.231,0.00
30.21412,-1.060,32.448,0.00
30.22432,-1.060,30.850,0.00
30.23463,-1.123,30.850,0.00
30.24496,-1.174,29.266,0.00
30.25539,-1.174,29.266,0.00
30.26562,-1.174,27.697,0.00
30.27584,-1.211,27.697,0.00
30.28610,-1.232,26.174,0.00
30.29625,-1.232,26.174,0.00
30.30681,-1.232,26.174,0.00
30.31749,-1.232,26.174,0.00
30.32769,-1.237,24.675,0.00
30.33785,-1.231,23.179,0.00
30.34801,-1.231,23.179,0.00
30.35817,-1.216,21.587,0.00
30.36832,-1.192,19.635,0.00
30.37848,-1.192,19.635,0.00
30.38891,-1.166,17.848,0.00
30.39908,-1.166,17.848,0.00
30.40979,-1.145,17.848,0.00
30.41995,-1.130,16.114,0.00
30.43014,-1.130,14.348,0.00
30.44072,-1.121,14.348,0.00
30.45135,-1.121,12.598,0.00
30.46178,-1.124,12.598,0.00
30.47200,-1.124,10.906,0.00
30.48221,-1.124,10.906,0.00
30.49318,-1.124,9.240,0.00
30.50338,-1.124,9.240,0.00
30.51369,-1.118,7.757,0.00
30.52385,-1.107,6.165,0.00
30.53472,-1.107,6.165,0.00
30.54489,-1.089,6.165,0.00
30.55551,-1.089,4.842,0.00
30.56568,-1.061,3.750,0.00
30.57620,-1.061,3.750,0.00
30.58644,-1.024,2.774,0.00
30.59692,-1.024,2.774,0.00
30.60719,-0.979,1.988,0.00
30.61738,-0.979,1.988,0.00
30.62757,-0.926,1.329,0.00
30.63910,-0.926,1.329,0.00
30.64924,-0.862,0.849,0.00
30.65947,-0.862,0.849,0.00
30.66964,-0.788,0.506,0.00
30.67995,-0.788,0.506,0.00
30.69011,-0.702,0.321,0.00
30.70028,-0.702,0.321,0.00
30.71044,-0.604,0.307,0.00
30.72068,-0.604,0.307,0.00
30.73085,-0.493,0.604,0.00
30.74106,-0.493,0.604,0.00
30.75150,-0.374,0.448,0.00
30.76165,-0.249,0.448,0.00
30.77189,-0.249,0.533,0.00
30.78206,-0.121,0.504,0.00
30.79226,-0.121,0.504,0.00
30.80240,-0.004,0.427,0.00
30.81283,-0.004,0.427,0.00
30.82302,0.104,0.361,0.00
30.83333,0.104,0.361,0.00
30.84365,0.104,0.361,0.00
30.85419,0.193,0.249,0.00
30.86434,0.257,0.202,0.00
30.87474,0.257,0.202,0.00
30.88491,0.299,0.183,0.00
30.89538,0.299,0.183,0.00
30.90572,0.325,0.204,0.00
30.91599,0.325,0.204,0.00
30.92655,0.333,0.213,0.00
30.93672,0.333,0.213,0.00
30.94696,0.333,0.284,0.00
30.95734,0.329,0.284,0.00
30.96754,0.318,0.392,0.00
30.97807,0.318,0.392,0.00
30.98823,0.304,0.534,0.00
30.99864,0.304,0.534,0.00
31.00983,0.298,0.706,0.00
31.02023,0.298,0.908,0.00
31.03040,0.296,0.908,0.00
31.04055,0.295,1.108,0.00
31.05070,0.295,1.108,0.00
31.06087,0.299,1.108,0.00
31.07725,0.299,1.306,0.00
31.09297,0.299,1.469,0.00
31.10892,0.286,1.554,0.00
31.12735,0.274,1.538,0.00
31.13883,0.274,1.507,0.00
31.15004,0.266,1.507,0.00
31.16574,0.266,1.473,0.00
31.17708,0.264,1.473,0.00
31.19253,0.264,1.459,0.00
31.20704,0.264,1.459,0.00
31.22220,0.262,1.459,0.00
31.23237,0.262,1.478,0.00
31.24821,0.262,1.478,0.00
31.26040,0.259,1.478,0.00
31.27721,0.269,1.673,0.00
31.29379,0.276,1.736,0.00
31.30874,0.279,1.736,0.00
31.32006,0.279,1.777,0.00
31.33053,0.279,1.777,0.00
31.34658,0.282,1.746,0.00
31.35789,0.287,1.746,0.00
31.37355,0.298,1.689,0.00
31.38454,0.298,1.628,0.00
31.39583,0.310,1.628,0.00
31.41249,0.322,1.576,0.00
31.42293,0.322,1.576,0.00
31.43958,0.335,1.548,0.00
31.45006,0.335,1.534,0.00
31.47171,0.348,1.534,0.00
31.48385,0.348,1.536,0.00
31.49685,0.379,1.554,0.00
31.50858,0.391,1.580,0.00
31.51886,0.391,1.580,0.00
31.53442,0.403,1.611,0.00
31.55047,0.403,1.611,0.00
31.56112,0.403,1.638,0.00
31.57877,0.427,1.667,0.00
31.59019,0.427,1.694,0.00
31.60213,0.429,1.694,0.00
31.62687,0.430,1.720,0.00
31.63752,0.430,1.737,0.00
31.65387,0.430,1.737,0.00
31.67053,0.432,1.744,0.00
31.68138,0.432,1.744,0.00
31.70677,0.437,1.753,0.00
31.71822,0.437,1.753,0.00
31.73372,0.433,1.751,0.00
31.75085,0.421,1.747,0.00
31.76205,0.421,1.747,0.00
31.78511,0.409,1.736,0.00
31.80062,0.392,1.736,0.00
31.81835,0.375,1.732,0.00
31.82927,0.358,1.719,0.00
31.84012,0.358,1.719,0.00
31.85055,0.358,1.699,0.00
31.86700,0.319,1.679,0.00
31.87718,0.319,1.679,0.00
31.88835,0.302,1.679,0.00
31.89897,0.302,1.651,0.00
31.91507,0.288,1.651,0.00
31.92539,0.280,1.647,0.00
31.93567,0.280,1.647,0.00
31.94610,0.280,1.647,0.00
31.95730,0.270,1.647,0.00
31.97323,0.259,1.641,0.00
31.98344,0.259,1.647,0.00
31.99417,0.246,1.647,0.00
32.00450,0.246,1.647,0.00
32.02043,0.220,1.659,0.00
32.03086,0.220,1.659,0.00
32.04102,0.220,1.659,0.00
32.05216,0.220,1.669,0.00
32.06258,0.211,1.669,0.00
32.12430,0.211,1.677,0.00
32.13449,0.223,1.701,0.00
32.20125,0.223,1.701,0.00
32.21144,0.235,1.720,0.00
32.22160,-0.084,0.069,0.00
32.23174,-0.081,0.079,0.00
32.24190,-0.081,0.079,0.00
32.25206,-0.076,0.088,0.00
32.26221,-0.076,0.088,0.00
32.27237,-0.076,0.099,0.00
32.28291,-0.076,0.111,0.00
32.29306,-0.076,0.111,0.00
32.30329,-0.075,0.125,0.00
32.31629,-0.075,0.125,0.00
32.32652,-0.073,0.138,0.00
32.33775,-0.073,0.138,0.00
32.34791,-0.071,0.153,0.00
32.35898,-0.071,0.153,0.00
32.36944,-0.067,0.173,0.00
32.37964,-0.067,0.173,0.00
32.38980,-0.064,0.173,0.00
32.39996,-0.057,0.195,0.00
32.41022,-0.057,0.221,0.00
32.42037,-0.051,0.243,0.00
32.43052,-0.051,0.243,0.00
32.44068,-0.051,0.243,0.00
32.45084,-0.044,0.261,0.00
32.46130,-0.044,0.261,0.00
32.47146,-0.035,0.286,0.00
32.48171,-0.035,0.286,0.00
32.49186,-0.028,0.307,0.00
32.50211,-0.022,0.307,0.00
32.51239,-0.022,0.321,0.00
32.52255,-0.016,0.333,0.00
32.53289,-0.016,0.333,0.00
32.54305,-0.010,0.348,0.00
32.55349,-0.010,0.348,0.00
32.56435,-0.008,0.348,0.00
32.57504,-0.008,0.358,0.00
32.58528,-0.009,0.358,0.00
32.59611,-0.009,0.360,0.00
32.60619,-0.010,0.365,0.00
32.61691,-0.010,0.365,0.00
32.62708,-0.011,0.368,0.00
32.63828,-0.011,0.368,0.00
32.64846,-0.012,0.368,0.00
32.65898,-0.012,0.368,0.00
32.66943,-0.019,0.362,0.00
32.67963,-0.019,0.362,0.00
32.69005,-0.029,0.362,0.00
32.70027,-0.043,0.360,0.00
32.71053,-0.043,0.359,0.00
32.72092,-0.043,0.359,0.00
32.73109,-0.056,0.353,0.00
32.74125,-0.056,0.353,0.00
32.75141,-0.067,0.348,0.00
32.76166,-0.067,0.348,0.00
32.77219,-0.079,0.336,0.00
32.78236,-0.079,0.336,0.00
32.79269,-0.079,0.336,0.00
32.80285,-0.091,0.322,0.00
32.81301,-0.106,0.314,0.00
32.82317,-0.119,0.307,0.00
32.83340,-0.119,0.307,0.00
32.84356,-0.130,0.294,0.00
32.85385,-0.130,0.294,0.00
32.86408,-0.130,0.294,0.00
32.87423,-0.137,0.278,0.00
32.88580,-0.137,0.264,0.00
32.89607,-0.143,0.264,0.00
32.90622,-0.148,0.248,0.00
32.91644,-0.148,0.248,0.00
32.92661,-0.156,0.231,0.00
32.93715,-0.156,0.231,0.00
32.94730,-0.162,0.209,0.00
32.95746,-0.162,0.209,0.00
32.96849,-0.162,0.209,0.00
32.97869,-0.165,0.187,0.00
32.98885,-0.165,0.165,0.00
32.99901,-0.165,0.165,0.00
33.00924,-0.173,0.149,0.00
33.01940,-0.173,0.131,0.00
33.02957,-0.179,0.131,0.00
33.03986,-0.179,0.131,0.00
33.05056,-0.186,0.113,0.00
33.06077,-0.186,0.097,0.00
33.07115,-0.189,0.097,0.00
33.08136,-0.189,0.097,0.00
33.09188,-0.186,0.083,0.00
33.10223,-0.186,0.068,0.00
33.11288,-0.184,0.068,0.00
33.12312,-0.181,0.056,0.00
33.13337,-0.181,0.056,0.00
33.14356,-0.176,0.045,0.00
33.15372,-0.176,0.045,0.00
33.16390,-0.174,0.037,0.00
33.17424,-0.174,0.037,0.00
33.18438,-0.170,0.029,0.00
33.19453,-0.170,0.029,0.00
33.20472,-0.165,0.025,0.00
33.21525,-0.165,0.025,0.00
33.22539,-0.165,0.021,0.00
33.23558,-0.162,0.021,0.00
33.24573,-0.158,0.015,0.00
33.25616,-0.158,0.015,0.00
33.26635,-0.156,0.009,0.00
33.27667,-0.156,0.009,0.00
33.28683,-0.156,0.009,0.00
33.29699,-0.157,0.008,0.00
33.30715,-0.157,0.008,0.00
33.31735,-0.157,0.003,0.00
33.32750,-0.161,-0.003,0.00
33.33774,-0.161,-0.003,0.00
33.34797,-0.168,-0.011,0.00
33.35812,-0.180,-0.020,0.00
33.36851,-0.180,-0.020,0.00
33.37875,-0.180,-0.020,0.00
33.38905,-0.210,-0.027,0.00
33.39920,-0.210,-0.027,0.00
33.40935,-0.283,-0.034,0.00
33.41953,-0.283,-0.034,0.00
33.42977,-0.403,-0.038,0.00
33.43992,-0.403,-0.038,0.00
33.45012,-0.661,-0.038,0.00
33.46030,-0.661,-0.038,0.00
33.47045,-1.024,-0.037,0.00
33.48063,-1.024,-0.034,0.00
33.49083,-1.210,-0.034,0.00
33.50120,-1.210,-0.034,0.00
33.51159,-1.281,-0.024,0.00
33.52176,-1.032,-0.024,0.00
33.53221,-1.032,-0.017,0.00
33.54237,-0.365,-0.005,0.00
33.55253,-0.365,-0.005,0.00
33.56268,-0.365,-0.005,0.00
33.57290,0.442,0.009,0.00
33.58328,0.442,0.009,0.00
33.59347,1.445,0.023,0.00
33.60359,2.683,0.041,0.00
33.61374,2.683,0.041,0.00
33.62399,2.683,0.041,0.00
33.63419,3.992,0.057,0.00
33.64434,5.325,0.076,0.00
33.65468,5.325,0.076,0.00
33.66483,6.642,0.094,0.00
33.67516,6.642,0.094,0.00
33.68548,6.642,0.094,0.00
33.69578,7.877,0.112,0.00
33.70627,7.877,0.112,0.00
33.71667,7.877,0.112,0.00
33.72688,10.025,0.131,0.00
33.73974,10.025,0.156,0.00
33.74990,10.857,0.182,0.00
33.76005,10.857,0.215,0.00
33.77038,11.509,0.215,10.50
33.78062,11.509,0.215,10.50
33.79096,11.998,0.240,10.50
33.80186,11.998,0.240,10.50
33.81205,12.388,0.266,10.50
33.82243,12.637,0.266,10.50
33.83258,12.637,0.286,10.50
33.84293,12.776,0.310,10.50
33.85308,12.776,0.310,10.50
33.88172,12.776,0.310,10.50
33.89199,12.619,0.299,10.50
33.91257,12.619,0.299,10.50
33.92296,11.457,0.224,10.50
33.94524,10.352,0.173,10.50
33.95543,10.352,0.173,10.50
33.97887,8.935,0.119,10.50
33.98902,7.432,0.052,10.50
34.00864,5.828,0.052,10.50
34.01890,5.828,-0.013,10.50
34.02906,4.101,-0.082,10.50
34.04109,4.101,-0.082,10.50
34.05135,2.495,-0.149,10.50
34.06169,2.495,-0.213,10.50
34.07402,1.025,-0.213,10.50
34.08459,-0.338,-0.279,10.50
34.09531,-0.338,-0.279,10.50
34.12044,-0.338,-0.279,10.50
34.13062,-1.452,-0.417,10.50
34.15254,-0.809,-0.417,10.50
34.16272,-0.809,-0.356,10.50
34.18435,0.289,-0.377,10.50
34.19454,1.101,-0.362,10.50
34.21704,1.050,-0.362,10.50
34.22737,1.050,-0.246,10.50
34.25189,0.744,-0.141,10.50
34.26210,0.582,0.013,10.50
34.28053,0.232,0.110,11.00
34.29072,-0.181,0.191,11.00
34.30125,-0.181,0.191,11.00
34.31403,-0.181,0.288,11.00
34.32423,-0.464,0.288,11.00
34.33447,-0.464,0.342,11.00
34.34470,-0.647,0.342,11.00
34.35605,-0.754,0.433,11.00
34.36621,-0.779,0.553,11.00
34.37656,-0.779,0.553,11.50
34.38678,-0.737,0.654,11.50
34.39709,-0.737,0.654,11.50
34.42474,-0.563,0.654,11.50
34.43508,-0.563,0.903,11.50
34.45664,-0.563,0.903,12.00
34.46716,-0.425,1.137,12.00
34.48858,-0.351,1.137,12.50
34.49893,-0.351,1.222,12.50
34.52075,-0.185,1.222,13.50
34.53109,-0.185,1.306,13.50
34.55461,-0.103,1.306,14.00
34.56478,-0.103,1.286,14.00
34.58424,-0.021,1.271,15.00
34.59444,0.060,1.233,15.00
34.60463,0.060,1.233,15.00
34.61614,0.145,1.204,16.50
34.62632,0.233,1.141,16.50
34.63648,0.233,1.141,16.50
34.64841,0.330,1.141,18.00
34.65877,0.399,1.156,18.00
34.66907,0.399,1.193,18.00
34.68059,0.392,1.193,19.00
34.69143,0.392,1.246,19.00
34.70178,0.392,1.246,19.00
34.71372,0.323,1.303,21.00
34.72388,0.220,1.312,21.00
34.73431,0.220,1.312,21.00
34.76042,0.220,1.312,22.00
34.77081,0.010,1.363,22.00
34.79299,-0.094,1.374,23.50
34.80346,-0.192,1.432,23.50
34.82420,-0.192,1.432,24.50
34.83438,-0.297,1.436,24.50
34.85776,-0.402,1.525,25.50
34.86766,-0.503,1.560,25.50
34.88848,-0.503,1.560,26.00
34.89888,-0.598,1.670,26.00
34.90903,-0.664,1.737,26.00
34.92070,-0.664,1.768,27.00
34.93102,-0.710,1.768,27.00
34.94170,-0.710,1.768,27.00
34.95211,-0.710,1.768,27.00
34.96231,-0.748,1.951,27.00
34.97248,-0.787,1.951,27.00
34.98501,-0.832,2.107,27.50
34.99626,-0.832,2.107,27.50
35.00647,-0.872,2.181,27.50
35.01675,-0.872,2.181,28.00
35.02709,-0.900,2.351,28.00
35.03760,-0.900,2.351,28.00
35.06509,-0.900,2.351,28.00
35.07526,-0.940,2.827,28.00
35.09983,-0.955,3.485,28.00
35.11009,-0.959,3.485,28.00
35.12850,-0.959,3.485,28.00
35.13869,-0.959,4.037,28.00
35.16084,-0.926,5.831,28.50
35.17274,-0.926,5.831,28.50
35.19330,-0.904,6.718,28.50
35.20365,-0.883,6.718,28.50
35.21516,-0.883,7.593,28.50
35.22530,-0.860,8.705,28.50
35.23546,-0.860,8.705,28.50
35.24590,-0.860,8.705,28.50
35.25687,-0.860,9.867,28.50
35.26711,-0.804,11.280,28.50
35.27731,-0.804,11.280,28.50
35.28826,-0.804,12.729,28.50
35.29842,-0.779,12.729,28.50
35.30857,-0.779,12.729,28.50
35.33734,-0.779,14.141,28.50
35.34751,-0.751,15.479,28.50
35.36904,-0.703,18.232,28.50
35.37938,-0.678,18.232,28.50
35.40091,-0.657,21.157,28.50
35.41122,-0.657,21.157,28.50
35.43317,-0.637,22.417,28.50
35.44332,-0.615,23.622,28.50
35.46423,-0.615,23.622,28.50
35.47439,-0.589,24.828,28.50
35.48455,-0.589,24.828,28.50
35.49630,-0.556,25.837,28.50
35.50691,-0.556,25.837,28.50
35.51714,-0.525,26.899,28.50
35.52897,-0.525,27.793,28.50
35.53916,-0.492,27.793,28.50
35.54932,-0.456,28.769,28.50
35.56258,-0.456,28.769,28.50
35.57288,-0.422,29.699,28.50
35.58436,-0.422,29.699,28.50
35.59468,-0.383,30.677,28.50
35.60480,-0.342,31.715,28.50
35.61495,-0.342,31.715,28.50
35.62511,-0.293,32.772,28.50
35.63526,-0.293,32.772,28.50
35.64539,-0.242,33.684,28.50
35.65558,-0.242,33.684,28.50
35.67254,-0.190,33.684,28.50
35.68277,-0.190,34.619,28.50
35.70625,-0.129,35.580,28.50
35.71650,-0.129,36.864,28.50
35.73703,-0.006,37.900,28.50
35.74721,0.057,38.896,28.50
35.75824,0.057,38.896,28.50
35.76864,0.057,39.854,28.50
35.77909,0.121,40.750,28.50
35.78939,0.188,40.750,28.50
35.80070,0.188,41.562,28.50
35.81114,0.245,41.562,28.50
35.82205,0.301,42.263,28.50
35.83284,0.301,42.263,28.50
35.84384,0.301,42.263,28.50
35.85400,0.351,42.961,28.50
35.86468,0.351,42.961,28.50
35.87485,0.351,42.961,28.50
35.88501,0.453,44.352,28.50
35.89514,0.453,44.352,28.50
35.91345,0.498,45.017,28.50
35.92370,0.537,45.577,28.50
35.94455,0.537,46.213,28.50
35.95475,0.568,46.213,28.50
35.96499,0.568,46.213,0.00
35.97515,0.601,46.728,0.00
35.98587,0.633,47.275,0.00
35.99604,0.633,47.275,0.00
36.00620,0.657,47.716,0.00
36.01642,0.657,47.716,0.00
36.02658,0.663,48.155,0.00
36.03674,0.663,48.155,0.00
36.04698,0.663,48.155,0.00
36.05711,0.668,48.587,0.00
36.06727,0.668,48.888,0.00
36.07766,0.688,48.888,0.00
36.08809,0.753,49.241,0.00
36.09852,0.869,49.654,0.00
36.10887,0.869,49.654,0.00
36.11926,0.962,49.949,0.00
36.12960,0.962,49.949,0.00
36.14037,0.962,49.949,0.00
36.15052,1.042,50.213,0.00
36.16066,1.105,50.392,0.00
36.17081,1.105,50.392,0.00
36.18097,1.105,50.392,0.00
36.19112,1.155,50.579,0.00
36.20159,1.155,50.579,0.00
36.21189,1.202,50.774,0.00
36.22231,1.252,50.967,0.00
36.23273,1.252,50.967,0.00
36.24302,1.282,50.967,0.00
36.25317,1.282,51.164,0.00
36.26332,1.257,51.234,0.00
36.27354,1.257,51.234,0.00
36.28396,1.189,51.412,0.00
36.29413,1.189,51.412,0.00
36.30443,1.054,51.564,0.00
36.31474,1.054,51.564,0.00
36.32549,0.892,51.748,0.00
36.33573,0.892,51.748,0.00
36.34617,0.726,51.748,0.00
36.35746,0.726,51.816,0.00
36.36761,0.556,51.717,0.00
36.37776,0.556,51.717,0.00
36.38806,0.376,51.328,0.00
36.39822,0.376,51.328,0.00
36.40838,0.179,50.646,0.00
36.41854,0.179,50.646,0.00
36.42870,-0.027,50.261,0.00
36.43913,-0.027,50.261,0.00
36.44928,-0.238,49.807,0.00
36.45945,-0.443,49.807,0.00
36.46961,-0.443,48.980,0.00
36.47977,-0.612,47.989,0.00
36.49001,-0.612,47.989,0.00
36.50012,-0.612,47.989,0.00
36.51029,-0.739,46.818,0.00
36.52067,-0.828,46.818,0.00
36.53083,-0.828,45.873,0.00
36.54118,-0.897,44.991,0.00
36.55152,-0.897,44.991,0.00
36.56215,-0.897,44.991,0.00
36.57235,-0.959,43.989,0.00
36.58315,-0.959,43.989,0.00
36.59330,-0.959,43.989,0.00
36.60346,-1.022,42.649,0.00
36.61366,-1.081,41.065,0.00
36.62388,-1.081,41.065,0.00
36.63412,-1.136,39.545,0.00
36.64427,-1.184,38.117,0.00
36.65473,-1.184,38.117,0.00
36.66512,-1.223,38.117,0.00
36.67528,-1.223,36.560,0.00
36.68559,-1.223,36.560,0.00
36.69577,-1.249,35.222,0.00
36.70603,-1.267,33.985,0.00
36.71624,-1.267,33.985,0.00
36.72639,-1.270,32.731,0.00
36.73655,-1.270,32.731,0.00
36.74670,-1.254,31.323,0.00
36.75918,-1.227,31.323,0.00
36.76952,-1.227,29.696,0.00
36.78020,-1.227,29.696,0.00
36.79057,-1.198,27.985,0.00
36.80074,-1.198,26.033,0.00
36.81090,-1.163,26.033,0.00
36.82106,-1.163,23.687,0.00
36.83122,-1.121,23.687,0.00
36.84138,-1.121,21.507,0.00
36.85169,-1.078,21.507,0.00
36.86212,-1.078,19.233,0.00
36.87237,-1.032,19.233,0.00
36.88263,-1.032,19.233,0.00
36.89287,-0.989,16.885,0.00
36.90302,-0.989,16.885,0.00
36.91321,-0.956,14.549,0.00
36.92336,-0.931,12.306,0.00
36.93351,-0.931,12.306,0.00
36.94368,-0.911,10.139,0.00
36.95384,-0.911,10.139,0.00
36.96436,-0.890,8.088,0.00
36.97455,-0.890,8.088,0.00
36.98470,-0.890,8.088,0.00
36.99490,-0.871,6.221,0.00
37.00507,-0.857,4.335,0.00
37.01578,-0.857,4.335,0.00
37.02610,-0.834,2.845,0.00
37.03629,-0.834,2.845,0.00
37.04643,-0.809,1.540,0.00
37.05677,-0.809,1.540,0.00
37.06802,-0.809,1.540,0.00
37.07835,-0.737,-0.472,0.00
37.08850,-0.737,-0.472,0.00
37.09868,-0.737,-0.472,0.00
37.10885,-0.679,-1.100,0.00
37.11906,-0.679,-1.100,0.00
37.12923,-0.602,-1.534,0.00
37.13944,-0.602,-1.534,0.00
37.14974,-0.500,-1.635,0.00
37.15993,-0.500,-1.635,0.00
37.17013,-0.500,-1.752,0.00
37.18030,-0.383,-1.752,0.00
37.19045,-0.383,-1.752,0.00
37.20060,-0.383,-1.752,0.00
37.21107,-0.256,-1.926,0.00
37.22122,-0.126,-1.992,0.00
37.23149,0.008,-1.992,0.00
37.24163,0.008,-2.075,0.00
37.25193,0.142,-2.075,0.00
37.26231,0.142,-2.075,0.00
37.27254,0.142,-2.075,0.00
37.28269,0.272,-1.974,0.00
37.29285,0.400,-1.880,0.00
37.30302,0.400,-1.880,0.00
37.31318,0.525,-1.852,0.00
37.32333,0.647,-1.746,0.00
37.33348,0.647,-1.746,0.00
37.34360,0.768,-1.746,0.00
37.35376,0.768,-1.524,0.00
37.36393,0.877,-1.270,0.00
37.37411,0.877,-1.270,0.00
37.38426,0.972,-1.002,0.00
37.39477,0.972,-1.002,0.00
37.40505,1.051,-0.686,0.00
37.41526,1.051,-0.686,0.00
37.42545,1.113,-0.427,0.00
37.43561,1.113,-0.427,0.00
37.44577,1.163,-0.130,0.00
37.45662,1.163,-0.130,0.00
37.46678,1.197,0.140,0.00
37.47705,1.197,0.140,0.00
37.49242,1.217,0.433,0.00
37.50530,1.230,0.668,0.00
37.51565,1.230,0.668,0.00
37.52620,1.236,0.668,0.00
37.54191,1.236,0.849,0.00
37.56907,1.234,0.780,0.00
37.58452,1.224,0.780,0.00
37.59827,1.202,0.723,0.00
37.61431,1.171,0.723,0.00
37.63521,1.171,0.627,0.00
37.64666,1.139,0.591,0.00
37.65704,1.075,0.591,0.00
37.66903,1.075,0.594,0.00
37.67933,1.075,0.594,0.00
37.69116,1.075,0.594,0.00
37.70250,1.045,0.591,0.00
37.71438,1.045,0.591,0.00
37.72538,0.979,0.569,0.00
37.73575,0.979,0.517,0.00
37.74634,0.943,0.517,0.00
37.75653,0.943,0.455,0.00
37.77267,0.910,0.361,0.00
37.78297,0.910,0.361,0.00
37.79330,0.883,0.276,0.00
37.80345,0.883,0.276,0.00
37.81383,0.883,0.276,0.00
37.82457,0.883,0.175,0.00
37.83496,0.858,0.175,0.00
37.84623,0.839,0.096,0.00
37.85643,0.839,0.096,0.00
37.86657,0.839,0.096,0.00
37.88399,0.839,0.096,0.00
37.89436,0.807,0.096,0.00
37.90501,0.807,-0.017,0.00
37.91587,0.807,-0.017,0.00
37.92747,0.790,-0.047,0.00
37.93843,0.777,-0.052,0.00
37.94885,0.753,-0.052,0.00
37.95928,0.753,-0.012,0.00
37.96967,0.740,-0.012,0.00
37.97986,0.740,-0.012,0.00
37.99541,0.740,-0.012,0.00
38.00845,0.730,-0.012,0.00
38.01917,0.728,-0.012,0.00
38.03019,0.728,-0.012,0.00
38.04142,0.718,0.034,0.00
38.05253,0.709,0.057,0.00
38.06357,0.709,0.057,0.00
38.07566,0.704,0.057,0.00
38.09851,0.696,0.074,0.00
38.11524,0.691,0.077,0.00
38.13146,0.686,0.080,0.00
38.14229,0.681,0.080,0.00
38.15325,0.681,0.082,0.00
38.16933,0.677,0.082,0.00
38.17999,0.677,0.089,0.00
38.19671,0.675,0.092,0.00
38.20713,0.675,0.093,0.00
38.22272,0.675,0.093,0.00
38.25104,0.691,0.096,0.00
38.26805,0.700,0.092,0.00
38.27949,0.700,0.092,0.00
38.29611,0.707,0.082,0.00
38.31979,0.708,0.066,0.00
38.33704,0.708,0.048,0.00
38.37949,0.696,0.035,0.00
38.39183,0.696,0.031,0.00
38.40470,0.689,0.031,0.00
38.42618,0.668,0.039,0.00
38.44779,0.653,0.040,0.00
38.46445,0.653,0.040,0.00
38.48144,0.633,0.045,0.00
38.52643,0.612,0.058,0.00
38.58382,0.574,0.070,0.00
38.59414,0.518,0.070,0.00
38.60431,-0.223,-0.021,0.00
38.61468,-0.240,-0.024,0.00
38.62492,-0.240,-0.024,0.00
38.63509,-0.255,-0.031,0.00
38.64526,-0.268,-0.033,0.00
38.65542,-0.268,-0.033,0.00
38.66567,-0.278,-0.039,0.00
38.67622,-0.278,-0.039,0.00
38.68648,-0.278,-0.045,0.00
38.69687,-0.290,-0.045,0.00
38.70720,-0.290,-0.045,0.00
38.71736,-0.302,-0.048,0.00
38.72757,-0.302,-0.048,0.00
38.73790,-0.314,-0.048,0.00
38.74806,-0.314,-0.038,0.00
38.75836,-0.324,-0.038,0.00
38.76919,-0.334,-0.034,0.00
38.77942,-0.334,-0.034,0.00
38.78957,-0.345,-0.029,0.00
38.80008,-0.345,-0.029,0.00
38.81047,-0.358,-0.026,0.00
38.82061,-0.358,-0.026,0.00
38.83080,-0.373,-0.022,0.00
38.84096,-0.373,-0.022,0.00
38.85122,-0.386,-0.017,0.00
38.86139,-0.402,-0.017,0.00
38.87152,-0.402,-0.017,0.00
38.88179,-0.402,-0.017,0.00
38.89193,-0.413,-0.012,0.00
38.90234,-0.413,-0.012,0.00
38.91250,-0.426,-0.012,0.00
38.92275,-0.426,-0.007,0.00
38.93413,-0.439,0.001,0.00
38.94436,-0.439,0.001,0.00
38.95452,-0.453,0.011,0.00
38.96466,-0.469,0.022,0.00
38.97486,-0.469,0.022,0.00
38.98505,-0.486,0.031,0.00
38.99529,-0.486,0.031,0.00
39.00545,-0.509,0.046,0.00
39.01561,-0.509,0.046,0.00
39.02591,-0.526,0.053,0.00
39.03612,-0.526,0.053,0.00
39.04642,-0.526,0.053,0.00
39.05657,-0.545,0.056,0.00
39.06682,-0.564,0.056,0.00
39.07698,-0.564,0.056,0.00
39.08714,-0.584,0.053,0.00
39.09729,-0.584,0.053,0.00
39.10745,-0.608,0.044,0.00
39.12421,-0.608,0.044,0.00
39.13435,-0.633,0.033,0.00
39.14451,-0.633,0.025,0.00
39.15471,-0.656,0.025,0.00
39.16487,-0.678,0.011,0.00
39.17684,-0.678,0.011,0.00
39.18714,-0.678,-0.006,0.00
39.19729,-0.697,-0.024,0.00
39.20747,-0.715,-0.024,0.00
39.21762,-0.715,-0.024,0.00
39.22784,-0.715,-0.040,0.00
39.23841,-0.731,-0.040,0.00
39.24857,-0.745,-0.057,0.00
39.25914,-0.745,-0.057,0.00
39.26934,-0.755,-0.074,0.00
39.27949,-0.761,-0.086,0.00
39.28975,-0.761,-0.086,0.00
39.29992,-0.761,-0.097,0.00
39.31014,-0.763,-0.097,0.00
39.32029,-0.763,-0.097,0.00
39.33055,-0.759,-0.108,0.00
39.34113,-0.759,-0.108,0.00
39.35129,-0.759,-0.108,0.00
39.36156,-0.756,-0.121,0.00
39.37187,-0.750,-0.121,0.00
39.38234,-0.750,-0.123,0.00
39.39254,-0.748,-0.123,0.00
39.40291,-0.740,-0.126,0.00
39.41317,-0.740,-0.126,0.00
39.42362,-0.732,-0.123,0.00
39.43379,-0.732,-0.123,0.00
39.44430,-0.728,-0.123,0.00
39.45457,-0.728,-0.115,0.00
39.46473,-0.728,-0.110,0.00
39.47504,-0.728,-0.110,0.00
39.48521,-0.730,-0.105,0.00
39.49537,-0.730,-0.105,0.00
39.50555,-0.730,-0.105,0.00
39.51581,-0.734,-0.095,0.00
39.52614,-0.734,-0.095,0.00
39.53640,-0.742,-0.083,0.00
39.54659,-0.742,-0.083,0.00
39.55723,-0.853,-0.068,0.00
39.56737,-0.853,-0.054,0.00
39.57774,-0.977,-0.038,0.00
39.58808,-0.977,-0.038,0.00
39.59859,-1.227,-0.025,0.00
39.60875,-1.227,-0.025,0.00
39.61986,-1.227,-0.025,0.00
39.63013,-1.591,-0.008,0.00
39.64029,-1.843,0.011,0.00
39.65045,-1.843,0.011,0.00
39.66061,-2.043,0.011,0.00
39.67216,-2.043,0.027,0.00
39.68231,-2.049,0.027,0.00
39.69246,-2.049,0.046,0.00
39.70289,-1.578,0.064,0.00
39.71304,-1.578,0.064,0.00
39.72318,-1.578,0.064,0.00
39.73334,-0.680,0.081,0.00
39.74349,0.380,0.096,0.00
39.75365,0.380,0.096,0.00
39.76393,0.380,0.096,0.00
39.77408,1.821,0.103,0.00
39.78428,3.447,0.109,0.00
39.79456,3.447,0.109,0.00
39.80493,5.208,0.112,0.00
39.81508,5.208,0.112,0.00
39.82523,5.208,0.112,0.00
39.83539,7.050,0.112,0.00
39.84555,8.870,0.111,0.00
39.85571,8.870,0.111,0.00
39.86587,10.672,0.112,0.00
39.87661,10.672,0.112,0.00
39.88676,12.389,0.115,0.00
39.91635,12.389,0.121,10.50
39.92678,15.640,0.132,10.50
39.94543,15.640,0.150,10.50
39.95580,17.215,0.150,10.50
39.97606,18.695,0.150,10.50
39.98627,19.990,0.185,10.50
39.99643,19.990,0.185,10.50
40.01026,19.990,0.185,10.50
40.02045,21.060,0.200,10.50
40.04058,21.844,0.223,10.50
40.05135,22.342,0.222,10.50
40.06151,22.342,0.222,10.50
40.07245,22.342,0.195,10.50
40.08280,22.549,0.147,10.50
40.09311,22.387,0.147,10.50
40.10487,21.873,0.094,10.50
40.11529,21.873,0.094,10.50
40.12562,21.087,0.034,10.50
40.13690,21.087,0.034,10.50
40.14736,20.117,-0.032,10.50
40.15827,20.117,-0.032,10.50
40.18407,18.873,-0.099,10.50
40.19421,17.357,-0.181,10.50
40.21774,17.357,-0.181,10.50
40.22791,14.467,-0.327,10.50
40.24820,14.467,-0.327,10.50
40.25839,12.542,-0.446,10.50
40.26855,10.255,-0.474,10.50
40.28091,10.255,-0.474,10.50
40.29109,8.260,-0.528,10.50
40.30124,8.260,-0.568,10.50
40.31299,6.126,-0.568,10.50
40.32337,6.126,-0.628,10.50
40.33370,3.818,-0.628,10.50
40.34506,1.819,-0.616,10.50
40.35526,1.819,-0.616,10.50
40.36729,1.819,-0.616,10.50
40.39231,0.107,-0.621,10.50
40.40249,-1.275,-0.618,10.50
40.42482,-2.140,-0.515,11.00
40.43515,-2.140,-0.515,11.00
40.45665,-2.140,-0.435,11.00
40.46683,-1.657,-0.435,11.00
40.48943,-0.869,-0.366,11.00
40.49962,-0.160,-0.329,11.00
40.52015,0.331,-0.211,11.50
40.53042,0.392,-0.126,11.50
40.54068,0.392,-0.126,11.50
40.55271,0.392,-0.015,11.50
40.56308,0.155,0.062,11.50
40.57371,-0.312,0.062,11.50
40.58449,-0.312,0.062,12.00
40.59471,-0.722,0.090,12.00
40.60487,-1.058,0.143,12.00
40.61824,-1.058,0.143,12.50
40.62840,-1.322,0.146,12.50
40.63856,-1.322,0.146,12.50
40.64916,-1.322,0.146,13.50
40.65934,-1.377,0.205,13.50
40.66950,-1.377,0.238,13.50
40.69710,-1.377,0.276,14.50
40.70729,-1.268,0.339,14.50
40.72837,-1.268,0.369,15.50
40.73913,-1.228,0.369,15.50
40.76217,-1.188,0.414,16.50
40.77236,-1.105,0.414,16.50
40.79214,-1.105,0.414,18.00
40.80234,-0.816,0.405,18.00
40.81249,-0.816,0.405,18.00
40.82470,-0.816,0.364,19.50
40.83490,-0.701,0.364,19.50
40.84510,-0.619,0.340,19.50
40.85692,-0.619,0.340,21.00
40.86719,-0.641,0.248,21.00
40.87735,-0.641,0.248,21.00
40.88847,-0.753,0.185,22.50
40.89895,-0.753,0.185,22.50
40.90913,-0.927,0.123,22.50
40.92059,-0.927,0.123,23.50
40.93079,-1.122,0.070,23.50
40.94115,-1.289,0.070,23.50
40.95334,-1.289,0.085,24.50
40.96352,-1.289,0.064,24.50
40.97367,-1.421,0.064,24.50
41.00051,-1.421,0.136,25.50
41.01082,-1.578,0.147,25.50
41.03301,-1.578,0.236,26.50
41.04336,-1.620,0.321,26.50
41.06471,-1.630,0.321,27.00
41.07508,-1.613,0.383,27.00
41.09753,-1.613,0.549,27.50
41.10772,-1.570,0.654,27.50
41.12810,-1.570,0.654,27.50
41.13826,-1.561,0.857,27.50
41.14843,-1.586,1.015,27.50
41.16002,-1.586,1.015,28.00
41.17021,-1.618,1.289,28.00
41.18037,-1.618,1.289,28.00
41.19321,-1.650,1.504,28.00
41.20359,-1.684,1.839,28.00
41.21443,-1.684,1.839,28.00
41.22459,-1.736,2.186,28.00
41.23543,-1.736,2.186,28.00
41.24579,-1.769,2.621,28.00
41.27513,-1.775,3.253,28.50
41.28528,-1.771,4.001,28.50
41.30432,-1.771,4.001,28.50
41.31492,-1.763,4.845,28.50
41.33710,-1.755,5.665,28.50
41.34736,-1.753,6.648,28.50
41.36889,-1.749,7.771,28.50
41.37936,-1.749,8.698,28.50
41.38967,-1.742,8.698,28.50
41.40106,-1.735,9.870,28.50
41.41202,-1.735,9.870,28.50
41.42248,-1.732,11.060,28.50
41.43272,-1.732,11.060,28.50
41.44315,-1.736,12.136,28.50
41.45445,-1.736,12.136,28.50
41.46485,-1.736,12.136,28.50
41.47509,-1.754,13.408,28.50
41.48554,-1.764,14.805,28.50
41.49653,-1.764,14.805,28.50
41.50694,-1.764,16.149,28.50
41.51711,-1.768,16.149,28.50
41.52801,-1.766,17.585,28.50
41.53834,-1.766,17.585,28.50
41.54851,-1.770,19.041,28.50
41.55878,-1.770,19.041,28.50
41.57721,-1.770,19.041,28.50
41.58747,-1.794,21.826,28.50
41.60894,-1.816,23.166,28.50
41.61929,-1.836,24.331,28.50
41.64095,-1.852,25.342,28.50
41.65213,-1.852,25.342,28.50
41.67291,-1.860,26.212,28.50
41.68307,-1.860,27.144,28.50
41.69323,-1.860,27.144,28.50
41.70433,-1.860,27.144,28.50
41.71460,-1.863,28.021,28.50
41.72475,-1.867,28.910,28.50
41.73652,-1.867,28.910,28.50
41.74670,-1.867,28.910,28.50
41.75716,-1.882,29.820,28.50
41.76825,-1.899,30.685,28.50
41.77852,-1.899,30.685,28.50
41.78868,-1.911,31.505,28.50
41.80029,-1.911,31.505,28.50
41.81046,-1.911,31.505,28.50
41.82063,-1.925,32.402,28.50
41.83078,-1.928,33.313,28.50
41.84899,-1.932,34.378,28.50
41.85921,-1.932,34.378,28.50
41.88293,-1.932,34.378,28.50
41.89309,-1.945,36.337,28.50
41.91268,-1.945,37.324,28.50
41.92304,-1.941,37.324,28.50
41.94497,-1.941,38.253,28.50
41.95513,-1.932,39.198,28.50
41.97598,-1.921,39.999,28.50
41.98768,-1.908,40.751,28.50
41.99787,-1.908,40.751,28.50
42.00878,-1.903,41.522,28.50
42.01894,-1.903,42.128,28.50
42.02911,-1.895,42.128,28.50
42.04093,-1.895,42.703,28.50
42.05113,-1.892,42.703,28.50
42.06128,-1.886,42.703,28.50
42.07146,-1.886,43.212,0.00
42.08161,-1.886,43.663,0.00
42.09202,-1.880,43.663,0.00
42.10224,-1.880,43.663,0.00
42.11242,-1.880,44.065,0.00
42.12258,-1.880,44.065,0.00
42.13274,-1.880,44.476,0.00
42.14299,-1.883,44.841,0.00
42.15344,-1.883,44.841,0.00
42.16435,-1.883,44.841,0.00
42.17457,-1.878,45.197,0.00
42.18488,-1.878,45.197,0.00
42.19513,-1.845,45.678,0.00
42.20529,-1.767,45.866,0.00
42.21553,-1.767,45.866,0.00
42.22569,-1.671,46.061,0.00
42.23583,-1.671,46.061,0.00
42.24609,-1.584,46.295,0.00
42.25686,-1.584,46.295,0.00
42.26709,-1.513,46.419,0.00
42.27725,-1.513,46.419,0.00
42.28740,-1.513,46.419,0.00
42.29767,-1.457,46.577,0.00
42.30783,-1.392,46.676,0.00
42.31799,-1.392,46.676,0.00
42.32815,-1.287,46.790,0.00
42.33831,-1.287,46.790,0.00
42.34847,-1.145,46.901,0.00
42.35862,-1.145,46.901,0.00
42.36878,-0.999,46.938,0.00
42.37893,-0.999,47.038,0.00
42.38910,-0.885,47.038,0.00
42.39931,-0.885,47.038,0.00
42.40952,-0.815,47.118,0.00
42.41975,-0.815,47.118,0.00
42.42990,-0.815,47.228,0.00
42.44007,-0.815,47.219,0.00
42.45109,-0.861,47.219,0.00
42.46129,-0.925,47.219,0.00
42.47145,-0.925,47.113,0.00
42.48171,-0.925,47.113,0.00
42.49185,-0.985,46.757,0.00
42.50206,-0.985,46.757,0.00
42.51222,-1.027,45.895,0.00
42.52275,-1.027,45.895,0.00
42.53342,-1.076,45.103,0.00
42.54358,-1.135,44.469,0.00
42.55376,-1.135,44.469,0.00
42.56392,-1.222,43.457,0.00
42.57408,-1.222,43.457,0.00
42.58425,-1.304,42.139,0.00
42.59441,-1.304,42.139,0.00
42.60557,-1.374,40.764,0.00
42.61585,-1.374,40.764,0.00
42.62609,-1.448,39.411,0.00
42.63624,-1.448,39.411,0.00
42.64643,-1.528,38.065,0.00
42.65684,-1.528,38.065,0.00
42.66702,-1.595,36.525,0.00
42.67725,-1.595,36.525,0.00
42.68748,-1.647,34.948,0.00
42.69776,-1.647,34.948,0.00
42.70793,-1.692,33.180,0.00
42.71810,-1.692,33.180,0.00
42.72825,-1.692,33.180,0.00
42.73973,-1.692,31.329,0.00
42.74988,-1.730,31.329,0.00
42.76010,-1.758,29.470,0.00
42.77026,-1.777,27.603,0.00
42.78045,-1.777,25.699,0.00
42.79062,-1.792,25.699,0.00
42.80116,-1.792,23.888,0.00
42.81178,-1.808,23.888,0.00
42.82247,-1.808,23.888,0.00
42.83300,-1.819,21.824,0.00
42.84316,-1.822,19.975,0.00
42.85370,-1.822,19.975,0.00
42.86398,-1.817,17.989,0.00
42.87445,-1.817,17.989,0.00
42.88467,-1.800,15.928,0.00
42.89499,-1.800,15.928,0.00
42.90536,-1.772,14.030,0.00
42.91574,-1.772,14.030,0.00
42.92617,-1.772,14.030,0.00
42.93638,-1.741,12.247,0.00
42.94687,-1.714,10.416,0.00
42.95716,-1.714,8.572,0.00
42.96752,-1.687,8.572,0.00
42.97790,-1.687,8.572,0.00
42.98867,-1.652,6.753,0.00
42.99902,-1.652,6.753,0.00
43.00935,-1.606,5.370,0.00
43.01966,-1.606,4.118,0.00
43.03008,-1.546,4.118,0.00
43.04025,-1.471,2.997,0.00
43.05050,-1.471,2.997,0.00
43.06064,-1.471,1.985,0.00
43.07083,-1.387,1.985,0.00
43.08098,-1.300,1.231,0.00
43.09114,-1.300,1.231,0.00
43.10129,-1.300,1.231,0.00
43.11163,-1.212,0.546,0.00
43.12170,-1.119,-0.045,0.00
43.13201,-1.119,-0.045,0.00
43.14249,-1.119,-0.045,0.00
43.15280,-1.022,-0.465,0.00
43.16295,-0.920,-0.735,0.00
43.17445,-0.920,-0.735,0.00
43.18545,-0.813,-1.155,0.00
43.19561,-0.813,-1.155,0.00
43.20577,-0.706,-1.219,0.00
43.21605,-0.706,-1.219,0.00
43.22623,-0.598,-1.139,0.00
43.23639,-0.598,-1.139,0.00
43.24656,-0.491,-1.100,0.00
43.25705,-0.491,-1.100,0.00
43.26722,-0.395,-0.903,0.00
43.27755,-0.395,-0.845,0.00
43.28819,-0.320,-0.845,0.00
43.29849,-0.320,-0.845,0.00
43.31080,-0.320,-0.845,0.00
43.32095,-0.264,-0.690,0.00
43.33111,-0.222,-0.690,0.00
43.34137,-0.222,-0.690,0.00
43.35177,-0.199,-0.651,0.00
43.36184,-0.184,-0.600,0.00
43.37210,-0.184,-0.600,0.00
43.38233,-0.168,-0.530,0.00
43.39248,-0.168,-0.530,0.00
43.40264,-0.157,-0.402,0.00
43.41283,-0.157,-0.402,0.00
43.42306,-0.146,-0.235,0.00
43.43380,-0.146,-0.235,0.00
43.44391,-0.143,-0.056,0.00
43.45420,-0.143,-0.056,0.00
43.46437,-0.138,0.144,0.00
43.47453,-0.138,0.144,0.00
43.48484,-0.138,0.144,0.00
43.49491,-0.125,0.341,0.00
43.50506,-0.111,0.505,0.00
43.51550,-0.111,0.505,0.00
43.52566,-0.102,0.623,0.00
43.53581,-0.102,0.623,0.00
43.54622,-0.102,0.623,0.00
43.55649,-0.100,0.666,0.00
43.56665,-0.106,0.655,0.00
43.58086,-0.106,0.655,0.00
43.59338,-0.114,0.638,0.00
43.60359,-0.114,0.638,0.00
43.62544,-0.125,0.628,0.00
43.64114,-0.140,0.637,0.00
43.65195,-0.140,0.637,0.00
43.66324,-0.162,0.726,0.00
43.67367,-0.183,0.726,0.00
43.68410,-0.183,0.755,0.00
43.70209,-0.202,0.754,0.00
43.72056,-0.202,0.754,0.00
43.73449,-0.202,0.754,0.00
43.74619,-0.210,0.745,0.00
43.77843,-0.222,0.694,0.00
43.79283,-0.222,0.694,0.00
43.80431,-0.222,0.656,0.00
43.82042,-0.230,0.615,0.00
43.83075,-0.230,0.615,0.00
43.84682,-0.234,0.615,0.00
43.86149,-0.234,0.601,0.00
43.87195,-0.234,0.601,0.00
43.88909,-0.234,0.601,0.00
43.90632,-0.234,0.642,0.00
43.92290,-0.236,0.642,0.00
43.94043,-0.235,0.680,0.00
43.95635,-0.231,0.724,0.00
43.96656,-0.231,0.774,0.00
43.97698,-0.224,0.774,0.00
43.98830,-0.211,0.774,0.00
43.99885,-0.211,0.835,0.00
44.00927,-0.198,0.835,0.00
44.02008,-0.198,0.835,0.00
44.03165,-0.198,0.835,0.00
44.04251,-0.165,0.859,0.00
44.05320,-0.165,0.874,0.00
44.06416,-0.142,0.884,0.00
44.07513,-0.142,0.884,0.00
44.08644,-0.123,0.895,0.00
44.09680,-0.123,0.895,0.00
44.11291,-0.102,0.904,0.00
44.12327,-0.102,0.916,0.00
44.13355,-0.082,0.916,0.00
44.14516,-0.069,0.916,0.00
44.15904,-0.069,0.934,0.00
44.17017,-0.069,0.947,0.00
44.18299,-0.066,0.958,0.00
44.19421,-0.066,0.958,0.00
44.20671,-0.066,0.958,0.00
44.21789,-0.066,0.965,0.00
44.22828,-0.070,0.965,0.00
44.23854,-0.070,0.958,0.00
44.25132,-0.075,0.946,0.00
44.26237,-0.075,0.946,0.00
44.27416,-0.075,0.946,0.00
44.28524,-0.086,0.928,0.00
44.29621,-0.099,0.910,0.00
44.30756,-0.099,0.910,0.00
44.31847,-0.110,0.891,0.00
44.32932,-0.120,0.870,0.00
44.33967,-0.120,0.870,0.00
44.35150,-0.135,0.848,0.00
44.36175,-0.135,0.827,0.00
44.37883,-0.161,0.804,0.00
44.38928,-0.161,0.804,0.00
44.40028,-0.161,0.804,0.00
44.41071,-0.178,0.804,0.00
44.42112,-0.178,0.785,0.00
44.43163,-0.200,0.785,0.00
44.44261,-0.200,0.764,0.00
44.45301,-0.223,0.735,0.00
44.46321,-0.223,0.735,0.00
44.47346,-0.246,0.735,0.00
44.48438,-0.269,0.707,0.00
44.49478,-0.269,0.681,0.00
44.50543,-0.289,0.681,0.00
44.51584,-0.289,0.655,0.00
44.52709,-0.289,0.655,0.00
44.55418,-0.305,0.631,0.00
44.56527,-0.322,0.578,0.00
44.65685,-0.378,0.491,0.00
44.71754,-0.402,0.491,0.00
44.72850,-0.235,-0.284,0.00
44.73865,-0.235,-0.284,0.00
44.74883,-0.235,-0.274,0.00
44.75899,-0.239,-0.263,0.00
44.76916,-0.239,-0.263,0.00
44.77948,-0.239,-0.247,0.00
44.78963,-0.234,-0.247,0.00
44.79992,-0.234,-0.231,0.00
44.81041,-0.226,-0.231,0.00
44.82055,-0.226,-0.231,0.00
44.83075,-0.216,-0.214,0.00
44.84091,-0.216,-0.214,0.00
44.85112,-0.197,-0.196,0.00
44.86128,-0.197,-0.196,0.00
44.87154,-0.176,-0.174,0.00
44.88184,-0.153,-0.155,0.00
44.89217,-0.153,-0.155,0.00
44.90299,-0.135,-0.134,0.00
44.91315,-0.135,-0.134,0.00
44.92331,-0.135,-0.117,0.00
44.93434,-0.122,-0.117,0.00
44.94459,-0.111,-0.101,0.00
44.95490,-0.111,-0.101,0.00
44.96525,-0.100,-0.086,0.00
44.97615,-0.100,-0.086,0.00
44.98631,-0.100,-0.073,0.00
44.99693,-0.093,-0.073,0.00
45.00709,-0.093,-0.056,0.00
45.01731,-0.093,-0.043,0.00
45.02780,-0.095,-0.043,0.00
45.03811,-0.095,-0.043,0.00
45.04853,-0.099,-0.030,0.00
45.06076,-0.101,-0.014,0.00
45.07093,-0.101,-0.014,0.00
45.08134,-0.101,-0.014,0.00
45.09167,-0.110,0.006,0.00
45.10173,-0.119,0.018,0.00
45.11192,-0.119,0.018,0.00
45.12227,-0.127,0.033,0.00
45.13245,-0.127,0.033,0.00
45.14260,-0.129,0.043,0.00
45.15276,-0.129,0.043,0.00
45.16292,-0.133,0.057,0.00
45.17308,-0.133,0.057,0.00
45.18324,-0.133,0.057,0.00
45.19339,-0.137,0.057,0.00
45.20372,-0.144,0.088,0.00
45.21422,-0.144,0.088,0.00
45.22438,-0.147,0.088,0.00
45.23468,-0.147,0.101,0.00
45.24483,-0.152,0.108,0.00
45.25499,-0.152,0.108,0.00
45.26515,-0.156,0.108,0.00
45.27530,-0.156,0.108,0.00
45.28564,-0.156,0.108,0.00
45.29597,-0.157,0.108,0.00
45.30614,-0.156,0.107,0.00
45.31630,-0.156,0.107,0.00
45.32645,-0.159,0.103,0.00
45.33676,-0.159,0.103,0.00
45.34691,-0.154,0.100,0.00
45.35707,-0.154,0.100,0.00
45.36731,-0.148,0.092,0.00
45.37746,-0.148,0.092,0.00
45.38761,-0.148,0.092,0.00
45.39783,-0.161,0.086,0.00
45.40818,-0.161,0.081,0.00
45.41852,-0.169,0.081,0.00
45.42888,-0.169,0.073,0.00
45.43935,-0.169,0.073,0.00
45.44967,-0.172,0.067,0.00
45.45983,-0.172,0.067,0.00
45.47001,-0.174,0.063,0.00
45.48017,-0.174,0.055,0.00
45.49039,-0.174,0.055,0.00
45.50049,-0.179,0.049,0.00
45.51065,-0.179,0.049,0.00
45.52265,-0.179,0.042,0.00
45.53282,-0.182,0.042,0.00
45.54298,-0.182,0.035,0.00
45.55314,-0.186,0.035,0.00
45.56362,-0.186,0.035,0.00
45.57414,-0.192,0.022,0.00
45.58430,-0.189,0.007,0.00
45.59468,-0.189,0.007,0.00
45.60484,-0.189,-0.003,0.00
45.61531,-0.189,-0.003,0.00
45.62547,-0.190,-0.009,0.00
45.63563,-0.190,-0.009,0.00
45.64579,-0.190,-0.009,0.00
45.65598,-0.188,-0.015,0.00
45.66613,-0.188,-0.015,0.00
45.67629,-0.189,-0.017,0.00
45.68645,-0.189,-0.017,0.00
45.69659,-0.189,-0.017,0.00
45.70675,-0.189,-0.017,0.00
45.71699,-0.192,-0.017,0.00
45.72736,-0.194,-0.009,0.00
45.73768,-0.194,-0.009,0.00
45.74782,-0.194,-0.003,0.00
45.75804,-0.194,-0.003,0.00
45.76833,-0.197,0.000,0.00
45.77849,-0.197,0.007,0.00
45.78863,-0.197,0.007,0.00
45.79957,-0.197,0.007,0.00
45.80975,-0.195,0.018,0.00
45.82041,-0.195,0.018,0.00
45.83107,-0.194,0.031,0.00
45.84125,-0.194,0.045,0.00
45.85145,-0.193,0.045,0.00
45.86189,-0.193,0.045,0.00
45.87260,-0.193,0.045,0.00
45.88356,-0.191,0.060,0.00
45.89375,-0.191,0.067,0.00
45.90391,-0.188,0.081,0.00
45.91417,-0.188,0.081,0.00
45.92434,-0.182,0.087,0.00
45.93450,-0.182,0.087,0.00
45.94465,-0.180,0.097,0.00
45.95539,-0.180,0.097,0.00
45.96584,-0.177,0.108,0.00
45.97725,-0.177,0.108,0.00
45.98750,-0.173,0.118,0.00
45.99765,-0.173,0.118,0.00
46.00781,-0.173,0.123,0.00
46.01858,-0.169,0.126,0.00
46.02873,-0.163,0.126,0.00
46.03904,-0.163,0.127,0.00
46.04947,-0.159,0.127,0.00
46.05972,-0.159,0.127,0.00
46.06987,-0.161,0.127,0.00
46.08021,-0.161,0.127,0.00
46.09042,-0.167,0.123,0.00
46.10059,-0.167,0.123,0.00
46.11086,-0.188,0.119,0.00
46.12132,-0.215,0.119,0.00
46.13149,-0.215,0.113,0.00
46.14166,-0.215,0.106,0.00
46.15182,-0.298,0.106,0.00
46.16200,-0.298,0.097,0.00
46.17221,-0.379,0.097,0.00
46.18243,-0.379,0.097,0.00
46.19274,-0.415,0.089,0.00
46.20306,-0.415,0.089,0.00
46.21339,-0.527,0.077,0.00
46.22371,-0.749,0.064,0.00
46.23386,-0.749,0.064,0.00
46.24418,-0.943,0.052,0.00
46.25438,-0.943,0.052,0.00
46.26453,-1.186,0.040,0.00
46.27469,-1.186,0.040,0.00
46.28484,-1.186,0.040,0.00
46.29500,-1.494,0.031,0.00
46.30519,-1.494,0.031,0.00
46.31539,-1.848,0.023,0.00
46.32555,-2.096,0.014,0.00
46.33571,-2.096,0.014,0.00
46.34587,-1.883,0.013,0.00
46.35602,-1.883,0.013,0.00
46.36617,-0.992,0.014,0.00
46.37633,-0.992,0.014,0.00
46.38705,0.011,0.011,0.00
46.39722,0.011,0.011,0.00
46.40736,1.302,0.010,0.00
46.41757,1.302,0.010,0.00
46.42773,2.625,0.015,0.00
46.43821,2.625,0.015,0.00
46.44837,3.926,0.015,0.00
46.45853,5.189,0.015,0.00
46.46867,5.189,0.012,0.00
46.47889,5.189,0.012,0.00
46.48947,5.189,0.012,0.00
46.49975,6.428,0.011,0.00
46.50991,7.683,0.013,0.00
46.52007,7.683,0.013,0.00
46.53023,8.915,0.011,0.00
46.54051,8.915,0.011,0.00
46.55241,10.080,0.011,0.00
46.56273,11.096,0.008,0.00
46.57315,11.096,0.008,0.00
46.60090,11.934,0.011,10.50
46.61136,12.567,0.005,10.50
46.63220,12.567,0.005,10.50
46.64236,12.730,0.001,10.50
46.66444,12.427,0.001,10.50
46.67464,12.427,-0.023,10.50
46.69595,11.957,-0.048,10.50
46.70629,11.299,-0.108,10.50
46.72944,10.452,-0.162,10.50
46.73982,10.452,-0.227,10.50
46.76001,9.392,-0.227,10.50
46.77019,8.084,-0.305,10.50
46.78036,8.084,-0.305,10.50
46.79251,6.705,-0.380,10.50
46.80279,5.225,-0.452,10.50
46.81324,5.225,-0.452,10.50
46.82576,5.225,-0.525,10.50
46.83592,3.546,-0.525,10.50
46.84610,2.017,-0.597,10.50
46.85733,2.017,-0.597,10.50
46.86761,0.557,-0.663,10.50
46.87776,0.557,-0.663,10.50
46.88906,-0.669,-0.713,10.50
46.89927,-0.669,-0.713,10.50
46.90943,-1.562,-0.747,10.50
46.92026,-1.562,-0.747,10.50
46.93042,-1.562,-0.747,10.50
46.94058,-1.611,-0.758,10.50
46.95081,-1.096,-0.777,10.50
46.96940,-0.194,-0.693,10.50
46.97967,-0.194,-0.693,10.50
47.00136,-0.194,-0.647,10.50
47.01164,1.120,-0.593,10.50
47.03244,1.120,-0.472,10.50
47.04322,1.017,-0.396,10.50
47.06490,0.839,-0.396,10.50
47.07509,0.839,-0.291,10.50
47.08568,0.539,-0.168,10.50
47.09662,0.539,-0.168,11.00
47.10795,0.539,-0.168,11.00
47.11861,0.256,-0.062,11.00
47.13021,0.256,-0.062,11.00
47.14036,-0.171,0.169,11.00
47.15150,-0.171,0.169,11.00
47.16166,-0.189,0.293,11.00
47.17197,-0.189,0.293,11.00
47.18213,-0.189,0.411,11.00
47.19272,-0.067,0.411,11.50
47.20491,-0.067,0.411,11.50
47.21666,0.110,0.583,11.50
47.24166,0.273,0.583,11.50
47.25282,0.398,0.596,11.50
47.27275,0.522,0.596,12.00
47.28291,0.522,0.583,12.00
47.30502,0.522,0.583,12.50
47.31533,0.755,0.524,12.50
47.33791,0.862,0.487,13.00
47.34808,0.969,0.410,13.00
47.36823,0.969,0.410,14.00
47.37855,1.087,0.362,14.00
47.38871,1.200,0.353,14.00
47.40138,1.200,0.353,15.00
47.41158,1.200,0.304,15.00
47.42174,1.294,0.285,15.00
47.43207,1.395,0.285,16.50
47.44224,1.395,0.285,16.50
47.45238,1.501,0.236,16.50
47.46427,1.597,0.234,17.50
47.47443,1.597,0.234,17.50
47.48459,1.648,0.264,17.50
47.49648,1.648,0.264,19.00
47.50710,1.612,0.281,19.00
47.51740,1.612,0.281,19.00
47.54479,1.328,0.349,20.50
47.55532,1.328,0.349,20.50
47.58030,1.052,0.458,22.00
47.59061,1.052,0.458,22.00
47.60794,1.052,0.458,23.50
47.61869,1.052,0.458,23.50
47.64003,0.932,0.484,24.50
47.65087,0.695,0.564,24.50
47.66103,0.695,0.564,24.50
47.67352,0.695,0.615,25.50
47.68374,0.401,0.629,25.50
47.69389,0.401,0.629,25.50
47.70432,0.259,0.629,26.00
47.71465,0.259,0.601,26.00
47.72498,0.137,0.601,26.00
47.73814,0.137,0.601,27.00
47.74842,0.040,0.590,27.00
47.75858,0.040,0.590,27.00
47.76874,-0.036,0.695,27.00
47.77969,-0.036,0.695,27.00
47.78985,-0.099,0.723,27.00
47.81734,-0.145,0.723,27.50
47.82750,-0.181,0.876,27.50
47.85061,-0.224,0.876,28.00
47.86102,-0.258,1.203,28.00
47.88202,-0.258,1.203,28.00
47.89216,-0.279,1.392,28.00
47.91188,-0.279,1.392,28.00
47.92210,-0.286,1.668,28.00
47.93225,-0.275,2.065,28.00
47.94458,-0.275,2.065,28.00
47.95481,-0.251,2.522,28.00
47.96497,-0.215,3.029,28.00
47.97752,-0.186,3.768,28.50
47.98793,-0.186,3.768,28.50
47.99902,-0.186,3.768,28.50
48.00917,-0.162,4.686,28.50
48.01948,-0.162,4.686,28.50
48.02955,-0.153,5.558,28.50
48.04061,-0.150,5.558,28.50
48.05106,-0.150,6.416,28.50
48.06138,-0.149,6.416,28.50
48.08854,-0.148,7.374,28.50
48.09903,-0.148,8.665,28.50
48.12318,-0.117,9.985,28.50
48.13445,-0.117,11.387,28.50
48.15456,-0.088,12.759,28.50
48.16491,-0.061,14.201,28.50
48.18729,-0.061,15.529,28.50
48.19827,-0.003,16.810,28.50
48.21641,-0.003,16.810,28.50
48.22660,-0.003,16.810,28.50
48.23761,0.023,18.068,28.50
48.24804,0.023,18.068,28.50
48.25827,0.045,19.227,28.50
48.26879,0.059,20.283,28.50
48.28090,0.058,20.283,28.50
48.29124,0.058,21.320,28.50
48.30138,0.058,21.320,28.50
48.31269,0.044,22.238,28.50
48.32291,0.044,22.238,28.50
48.33307,0.025,23.265,28.50
48.34529,0.010,24.054,28.50
48.35561,0.010,24.054,28.50
48.36601,-0.008,24.054,28.50
48.39441,-0.024,25.331,28.50
48.40456,-0.040,25.954,28.50
48.42417,-0.060,25.954,28.50
48.43451,-0.060,26.623,28.50
48.45686,-0.078,26.623,28.50
48.46735,-0.110,27.712,28.50
48.48883,-0.147,28.332,28.50
48.49913,-0.175,28.332,28.50
48.50945,-0.175,28.796,28.50
48.52071,-0.193,29.296,28.50
48.53112,-0.193,29.296,28.50
48.54156,-0.193,29.710,28.50
48.55238,-0.199,29.710,28.50
48.56271,-0.199,29.710,28.50
48.57291,-0.203,30.116,28.50
48.58418,-0.203,30.556,28.50
48.59457,-0.206,30.556,28.50
48.60535,-0.210,30.914,28.50
48.61635,-0.210,30.914,28.50
48.62672,-0.213,31.274,28.50
48.63705,-0.213,31.274,28.50
48.66420,-0.214,31.529,28.50
48.67470,-0.214,31.817,28.50
48.69765,-0.214,32.062,28.50
48.70827,-0.208,32.269,28.50
48.72868,-0.208,32.542,28.50
48.73936,-0.208,32.542,28.50
48.76257,-0.198,32.777,28.50
48.77286,-0.182,33.135,28.50
48.78312,-0.182,33.135,28.50
48.79385,-0.154,33.485,0.00
48.80521,-0.131,33.770,0.00
48.81652,-0.131,33.770,0.00
48.82668,-0.111,34.111,0.00
48.83685,-0.111,34.111,0.00
48.84701,-0.088,34.333,0.00
48.85718,-0.088,34.333,0.00
48.86739,-0.046,34.581,0.00
48.87756,0.014,34.581,0.00
48.88793,0.014,34.815,0.00
48.89811,0.014,34.815,0.00
48.90828,0.114,35.048,0.00
48.91854,0.114,35.048,0.00
48.92873,0.282,35.308,0.00
48.93893,0.282,35.308,0.00
48.94933,0.282,35.308,0.00
48.95968,0.517,35.565,0.00
48.96984,0.772,35.877,0.00
48.98000,0.772,35.877,0.00
48.99017,1.013,36.204,0.00
49.00033,1.227,36.470,0.00
49.01051,1.227,36.470,0.00
49.02075,1.227,36.470,0.00
49.03106,1.412,36.795,0.00
49.04125,1.412,36.795,0.00
49.05169,1.586,37.041,0.00
49.06186,1.586,37.403,0.00
49.07227,1.750,37.403,0.00
49.08267,1.750,37.403,0.00
49.09333,1.894,37.647,0.00
49.10364,2.016,37.997,0.00
49.11460,2.016,37.997,0.00
49.12486,2.109,38.309,0.00
49.13505,2.109,38.309,0.00
49.14522,2.109,38.309,0.00
49.15590,2.153,38.567,0.00
49.16639,2.155,38.567,0.00
49.17660,2.155,38.744,0.00
49.18675,2.155,38.733,0.00
49.19692,2.116,38.733,0.00
49.20709,2.047,38.351,0.00
49.21724,2.047,38.351,0.00
49.22740,1.947,37.470,0.00
49.23852,1.947,37.470,0.00
49.24869,1.806,36.399,0.00
49.25886,1.806,36.399,0.00
49.26902,1.634,35.213,0.00
49.27921,1.634,35.213,0.00
49.28937,1.462,33.784,0.00
49.30002,1.462,33.784,0.00
49.31017,1.312,31.772,0.00
49.32048,1.188,29.828,0.00
49.33077,1.188,29.828,0.00
49.34119,1.188,27.874,0.00
49.35137,1.108,27.874,0.00
49.36155,1.065,26.159,0.00
49.37170,1.065,26.159,0.00
49.38186,1.035,24.641,0.00
49.39211,1.035,24.641,0.00
49.40235,1.006,23.151,0.00
49.41250,1.006,23.151,0.00
49.42265,0.968,21.583,0.00
49.43322,0.968,21.583,0.00
49.44338,0.929,20.015,0.00
49.45354,0.929,20.015,0.00
49.46369,0.908,18.304,0.00
49.47404,0.908,18.304,0.00
49.48531,0.908,18.304,0.00
49.49550,0.907,16.799,0.00
49.50575,0.929,15.448,0.00
49.51590,0.929,15.448,0.00
49.52607,0.976,14.205,0.00
49.53622,0.976,14.205,0.00
49.54638,1.044,12.997,0.00
49.55832,1.044,12.997,0.00
49.56852,1.130,11.740,0.00
49.57886,1.130,11.740,0.00
49.58917,1.214,10.461,0.00
49.59949,1.288,8.961,0.00
49.60980,1.288,8.961,0.00
49.62088,1.352,8.961,0.00
49.63103,1.352,7.192,0.00
49.64118,1.352,7.192,0.00
49.65133,1.394,5.627,0.00
49.66164,1.394,4.046,0.00
49.67185,1.405,4.046,0.00
49.68202,1.405,4.046,0.00
49.69216,1.402,2.530,0.00
49.70228,1.393,1.187,0.00
49.71250,1.393,1.187,0.00
49.72265,1.387,1.187,0.00
49.73281,1.387,0.044,0.00
49.74297,1.382,-0.752,0.00
49.75313,1.382,-0.752,0.00
49.76328,1.381,-1.282,0.00
49.77344,1.381,-1.282,0.00
49.78367,1.373,-1.678,0.00
49.79415,1.373,-1.678,0.00
49.80491,1.373,-1.959,0.00
49.81557,1.362,-1.959,0.00
49.82572,1.362,-1.959,0.00
49.83587,1.362,-1.959,0.00
49.84619,1.344,-2.175,0.00
49.85654,1.344,-2.175,0.00
49.86669,1.344,-2.314,0.00
49.87685,1.330,-2.314,0.00
49.88701,1.330,-2.405,0.00
49.89724,1.307,-2.405,0.00
49.90741,1.279,-2.345,0.00
49.91759,1.279,-2.345,0.00
49.92775,1.248,-2.432,0.00
49.93806,1.248,-2.432,0.00
49.94823,1.219,-2.264,0.00
49.95839,1.219,-2.264,0.00
49.96918,1.197,-2.369,0.00
49.97934,1.197,-2.369,0.00
49.98950,1.197,-2.369,0.00
49.99980,1.197,-2.369,0.00
50.01003,1.181,-2.328,0.00
50.02019,1.140,-2.363,0.00
50.03042,1.140,-2.363,0.00
50.04058,1.127,-2.355,0.00
50.05073,1.127,-2.355,0.00
50.06089,1.127,-2.355,0.00
50.07105,1.127,-2.355,0.00
50.08134,1.118,-2.291,0.00
50.09153,1.110,-2.246,0.00
50.10168,1.105,-2.195,0.00
50.11183,1.105,-2.195,0.00
50.12214,1.099,-2.070,0.00
50.13230,1.099,-2.070,0.00
50.14245,1.097,-1.959,0.00
50.15260,1.097,-1.959,0.00
50.16302,1.101,-1.828,0.00
50.17416,1.101,-1.828,0.00
50.18432,1.101,-1.828,0.00
50.19447,1.111,-1.719,0.00
50.20464,1.121,-1.599,0.00
50.21565,1.121,-1.599,0.00
50.22584,1.133,-1.506,0.00
50.23610,1.133,-1.506,0.00
50.24625,1.148,-1.429,0.00
50.25647,1.148,-1.429,0.00
50.26657,1.157,-1.397,0.00
50.27672,1.157,-1.397,0.00
50.28693,1.168,-1.397,0.00
50.30341,1.168,-1.409,0.00
50.32017,1.168,-1.409,0.00
50.33118,1.196,-1.442,0.00
50.34234,1.209,-1.442,0.00
50.35327,1.209,-1.451,0.00
50.36372,1.209,-1.440,0.00
50.38459,1.228,-1.440,0.00
50.39477,1.255,-1.420,0.00
50.40496,1.255,-1.420,0.00
50.42499,1.296,-1.365,0.00
50.43618,1.341,-1.365,0.00
50.44661,1.380,-1.347,0.00
50.45720,1.380,-1.347,0.00
50.46753,1.414,-1.343,0.00
50.47786,1.414,-1.343,0.00
50.48882,1.447,-1.332,0.00
50.50495,1.447,-1.332,0.00
50.51525,1.477,-1.332,0.00
50.52541,1.507,-1.310,0.00
50.53572,1.507,-1.310,0.00
50.54685,1.526,-1.310,0.00
50.56686,1.526,-1.297,0.00
50.57726,1.526,-1.297,0.00
50.58897,1.538,-1.297,0.00
50.60617,1.549,-1.245,0.00
50.61821,1.549,-1.211,0.00
50.63056,1.552,-1.186,0.00
50.64625,1.552,-1.154,0.00
50.66270,1.556,-1.154,0.00
50.67989,1.556,-1.132,0.00
50.69362,1.555,-1.108,0.00
50.70447,1.555,-1.083,0.00
50.72004,1.556,-1.083,0.00
50.73690,1.556,-1.044,0.00
50.76485,1.563,-1.024,0.00
50.78055,1.563,-1.024,0.00
50.79139,1.563,-1.024,0.00
50.81643,1.567,-1.012,0.00
50.83167,1.569,-1.012,0.00
50.84643,1.569,-1.012,0.00
50.86064,1.572,-1.012,0.00
50.87650,1.572,-1.019,0.00
50.88773,1.572,-1.026,0.00
50.90604,1.573,-1.026,0.00
50.92967,1.560,-1.043,0.00
50.94015,1.560,-1.043,0.00
50.95035,1.560,-1.054,0.00
50.96893,1.560,-1.063,0.00
50.98465,1.532,-1.063,0.00
51.00376,1.506,-1.073,0.00
51.01931,1.479,-1.078,0.00
51.03662,1.455,-1.084,0.00
51.04840,1.455,-1.084,0.00
51.06462,1.436,-1.091,0.00
51.08148,1.421,-1.091,0.00
51.09224,1.421,-1.091,0.00
51.10363,1.396,-1.091,0.00
51.12100,1.396,-1.103,0.00
51.14026,1.384,-1.104,0.00
51.16324,1.384,-1.108,0.00
51.17932,1.353,-1.118,0.00
51.19118,1.353,-1.118,0.00
51.20242,1.330,-1.118,0.00
51.22190,1.330,-1.155,0.00
51.23212,1.330,-1.155,0.00
51.25054,1.300,-1.203,0.00
51.26644,1.300,-1.203,0.00
51.28391,1.278,-1.203,0.00
51.29470,1.256,-1.203,0.00
51.34808,1.150,-1.377,0.00
51.40064,1.150,-1.377,0.00
51.41293,0.961,-1.493,0.00
51.42312,-0.494,-0.375,0.00
51.43335,-0.494,-0.375,0.00
51.44349,-0.628,-0.450,0.00
51.45581,-0.628,-0.450,0.00
51.46589,-0.692,-0.480,0.00
51.47618,-0.692,-0.480,0.00
51.48652,-0.751,-0.518,0.00
51.49677,-0.751,-0.518,0.00
51.50701,-0.805,-0.547,0.00
51.51770,-0.805,-0.547,0.00
51.52786,-0.857,-0.583,0.00
51.53800,-0.857,-0.583,0.00
51.54814,-0.910,-0.612,0.00
51.55832,-0.910,-0.612,0.00
51.56847,-0.959,-0.632,0.00
51.57872,-0.959,-0.632,0.00
51.58881,-0.997,-0.651,0.00
51.59893,-0.997,-0.651,0.00
51.60913,-1.024,-0.669,0.00
51.62107,-1.024,-0.669,0.00
51.63146,-1.046,-0.685,0.00
51.64187,-1.061,-0.705,0.00
51.65304,-1.061,-0.705,0.00
51.66323,-1.073,-0.730,0.00
51.67341,-1.073,-0.730,0.00
51.68576,-1.073,-0.730,0.00
51.69601,-1.078,-0.764,0.00
51.70622,-1.078,-0.803,0.00
51.71638,-1.078,-0.803,0.00
51.72653,-1.077,-0.842,0.00
51.73672,-1.077,-0.842,0.00
51.74688,-1.082,-0.879,0.00
51.75709,-1.082,-0.879,0.00
51.76729,-1.090,-0.910,0.00
51.77749,-1.090,-0.910,0.00
51.78777,-1.099,-0.945,0.00
51.79883,-1.099,-0.945,0.00
51.80898,-1.103,-0.980,0.00
51.81929,-1.103,-0.980,0.00
51.82944,-1.097,-1.014,0.00
51.83959,-1.097,-1.014,0.00
51.84974,-1.089,-1.049,0.00
51.85989,-1.083,-1.090,0.00
51.87013,-1.083,-1.090,0.00
51.88053,-1.083,-1.090,0.00
51.89069,-1.084,-1.146,0.00
51.90085,-1.084,-1.146,0.00
51.91107,-1.084,-1.146,0.00
51.92122,-1.101,-1.276,0.00
51.93138,-1.101,-1.276,0.00
51.94155,-1.114,-1.340,0.00
51.95173,-1.114,-1.340,0.00
51.96204,-1.114,-1.340,0.00
51.97225,-1.126,-1.402,0.00
51.98242,-1.135,-1.456,0.00
51.99258,-1.135,-1.456,0.00
52.00274,-1.144,-1.503,0.00
52.01290,-1.144,-1.503,0.00
52.02306,-1.151,-1.543,0.00
52.03321,-1.151,-1.543,0.00
52.04339,-1.151,-1.543,0.00
52.05361,-1.158,-1.579,0.00
52.06378,-1.166,-1.616,0.00
52.07404,-1.166,-1.616,0.00
52.08449,-1.173,-1.643,0.00
52.09464,-1.173,-1.643,0.00
52.10501,-1.181,-1.669,0.00
52.11517,-1.181,-1.669,0.00
52.12533,-1.193,-1.687,0.00
52.13666,-1.193,-1.687,0.00
52.14686,-1.206,-1.704,0.00
52.15710,-1.206,-1.704,0.00
52.16726,-1.218,-1.719,0.00
52.17753,-1.218,-1.719,0.00
52.18772,-1.218,-1.733,0.00
52.19801,-1.228,-1.733,0.00
52.20817,-1.234,-1.745,0.00
52.21833,-1.234,-1.745,0.00
52.22894,-1.234,-1.745,0.00
52.23911,-1.246,-1.757,0.00
52.25021,-1.246,-1.757,0.00
52.26036,-1.258,-1.781,0.00
52.27055,-1.267,-1.781,0.00
52.28072,-1.279,-1.792,0.00
52.29138,-1.279,-1.792,0.00
52.30153,-1.295,-1.801,0.00
52.31171,-1.295,-1.801,0.00
52.32186,-1.295,-1.801,0.00
52.33202,-1.312,-1.806,0.00
52.34224,-1.326,-1.806,0.00
52.35241,-1.326,-1.808,0.00
52.36254,-1.332,-1.806,0.00
52.37274,-1.332,-1.806,0.00
52.38290,-1.332,-1.801,0.00
52.39315,-1.332,-1.801,0.00
52.40333,-1.327,-1.792,0.00
52.41355,-1.327,-1.792,0.00
52.42372,-1.323,-1.792,0.00
52.43403,-1.323,-1.776,0.00
52.44438,-1.316,-1.758,0.00
52.45528,-1.316,-1.758,0.00
52.46553,-1.310,-1.742,0.00
52.47625,-1.310,-1.742,0.00
52.48642,-1.299,-1.725,0.00
52.49660,-1.299,-1.725,0.00
52.50721,-1.285,-1.710,0.00
52.51739,-1.285,-1.710,0.00
52.52779,-1.273,-1.710,0.00
52.53805,-1.273,-1.688,0.00
52.54824,-1.277,-1.658,0.00
52.55868,-1.277,-1.658,0.00
52.56890,-1.277,-1.658,0.00
52.57904,-1.346,-1.611,0.00
52.58971,-1.520,-1.611,0.00
52.59995,-1.520,-1.578,0.00
52.61013,-1.989,-1.578,0.00
52.62029,-1.989,-1.578,0.00
52.63078,-2.625,-1.549,0.00
52.64094,-2.859,-1.523,0.00
52.65110,-2.859,-1.523,0.00
52.66126,-3.008,-1.493,0.00
52.67149,-3.008,-1.493,0.00
52.68156,-2.940,-1.465,0.00
52.69172,-2.940,-1.465,0.00
52.70211,-2.600,-1.465,0.00
52.71246,-2.600,-1.441,0.00
52.72282,-2.084,-1.441,0.00
52.73303,-2.084,-1.416,0.00
52.74320,-1.316,-1.416,0.00
52.75334,-1.316,-1.393,0.00
52.76366,-0.370,-1.393,0.00
52.77381,-0.370,-1.374,0.00
52.78424,0.631,-1.356,0.00
52.79448,0.631,-1.356,0.00
52.80485,1.686,-1.341,0.00
52.81520,1.686,-1.341,0.00
52.82573,2.739,-1.324,0.00
52.83677,2.739,-1.324,0.00
52.84692,3.744,-1.314,0.00
52.85721,3.744,-1.314,0.00
52.86813,4.735,-1.299,0.00
52.87854,5.713,-1.279,0.00
52.88870,5.713,-1.279,0.00
52.89913,5.713,-1.279,0.00
52.90949,6.589,-1.254,0.00
52.91975,6.589,-1.254,0.00
52.93012,7.358,-1.227,0.00
52.94216,7.358,-1.227,0.00
52.95232,8.005,-1.193,0.00
52.96248,8.005,-1.193,0.00
52.97264,8.477,-1.166,0.00
52.98279,8.477,-1.117,0.00
52.99312,8.673,-1.117,0.00
53.00328,8.620,-1.078,0.00
53.01352,8.620,-1.078,0.00
53.02368,8.374,-1.031,0.00
53.03402,8.374,-1.031,0.00
53.04435,8.374,-1.011,0.00
53.05477,7.978,-1.011,0.00
53.06523,7.978,-1.011,0.00
53.07546,7.978,-1.011,0.00
53.08605,6.959,-1.008,0.00
53.09624,6.959,-1.003,0.00
53.10641,6.247,-0.986,0.00
53.11668,6.247,-0.986,0.00
53.12700,5.381,-0.962,0.00
53.13716,5.381,-0.962,0.00
53.14732,4.406,-0.939,0.00
53.15748,4.406,-0.939,0.00
53.16764,4.406,-0.939,0.00
53.17875,3.401,-0.940,0.00
53.19017,2.269,-0.950,0.00
53.20035,2.269,-0.953,0.00
53.21051,1.093,-0.953,0.00
53.22078,1.093,-0.953,0.00
53.23094,0.056,-0.960,0.00
53.24110,0.056,-0.962,0.00
53.25176,-0.904,-0.962,0.00
53.26223,-0.904,-0.964,0.00
53.27259,-1.827,-0.964,0.00
53.28298,-2.625,-0.963,0.00
53.29365,-2.625,-0.963,0.00
53.30390,-3.008,-0.953,0.00
53.31422,-3.008,-0.953,0.00
53.32438,-3.014,-0.930,0.00
53.33471,-3.014,-0.930,0.00
53.34500,-3.014,-0.930,0.00
53.35562,-2.867,-0.896,0.00
53.36604,-2.690,-0.843,0.00
53.37630,-2.690,-0.843,0.00
53.38668,-2.619,-0.791,0.00
53.39755,-2.619,-0.791,0.00
53.40769,-2.710,-0.722,0.00
53.41816,-2.710,-0.722,0.00
53.42832,-2.799,-0.645,0.00
53.43878,-2.799,-0.645,0.00
53.44912,-2.799,-0.645,0.00
53.45928,-1.750,-0.566,0.00
53.46944,-1.750,-0.477,0.00
53.47962,-1.750,-0.477,0.00
53.48991,-0.650,-0.383,0.00
53.50026,0.614,-0.288,0.00
53.51056,0.614,-0.288,0.00
53.52088,2.082,-0.204,0.00
53.53123,2.082,-0.204,0.00
53.54169,3.585,-0.204,0.00
53.55226,3.585,-0.128,0.00
53.56244,5.084,-0.057,0.00
53.57284,5.084,-0.057,0.00
53.58504,5.084,-0.057,0.00
53.59522,6.680,-0.013,0.00
53.60548,8.335,0.036,0.00
53.61590,8.335,0.036,0.00
53.62606,9.992,0.098,0.00
53.63635,9.992,0.098,0.00
53.65992,11.555,0.122,0.00
53.67010,12.964,0.157,0.00
53.68044,12.964,0.157,0.00
53.69161,14.181,0.176,10.50
53.70134,14.181,0.176,10.50
53.71153,15.155,0.197,10.50
53.72513,15.155,0.188,10.50
53.73583,15.853,0.188,10.50
53.74633,16.338,0.167,10.50
53.77027,16.338,0.134,10.50
53.78053,16.524,0.134,10.50
53.80008,16.325,0.093,10.50
53.81046,15.851,0.041,10.50
53.82063,15.088,0.041,10.50
53.83321,15.088,-0.006,10.50
53.84359,14.198,-0.071,10.50
53.85374,14.198,-0.071,10.50
53.86458,13.039,-0.148,10.50
53.87494,13.039,-0.148,10.50
53.88527,11.688,-0.209,10.50
53.89669,11.688,-0.209,10.50
53.90699,10.231,-0.278,10.50
53.91732,10.231,-0.278,10.50
53.92928,8.549,-0.335,10.50
53.94012,8.549,-0.335,10.50
53.95037,6.714,-0.398,10.50
53.97643,6.714,-0.448,10.50
53.98675,4.998,-0.448,10.50
54.00846,1.662,-0.448,10.50
54.01865,0.087,-0.540,10.50
54.04019,0.087,-0.565,10.50
54.05049,-1.252,-0.565,10.50
54.06081,-2.423,-0.596,10.50
54.07332,-2.423,-0.618,10.50
54.08391,-3.298,-0.571,10.50
54.09433,-3.298,-0.571,10.50
54.10468,-3.087,-0.576,10.50
54.11492,-3.087,-0.576,10.50
54.12528,-2.565,-0.545,10.50
54.13757,-1.931,-0.545,10.50
54.14773,-1.931,-0.456,10.50
54.15790,-1.931,-0.456,10.50
54.16849,-1.428,-0.405,10.50
54.17886,-1.428,-0.405,10.50
54.18920,-1.139,-0.329,10.50
54.20048,-1.139,-0.329,11.00
54.21288,-1.139,-0.329,11.00
54.22303,-1.095,-0.173,11.00
54.24778,-1.095,-0.173,11.00
54.25805,-1.275,-0.092,11.00
54.28019,-1.275,-0.092,11.00
54.29040,-1.502,-0.015,11.00
54.31203,-1.775,0.113,11.50
54.32243,-2.017,0.336,11.50
54.34484,-2.017,0.336,11.50
54.35503,-2.029,0.446,11.50
54.37732,-1.923,0.652,12.00
54.38748,-1.923,0.652,12.00
54.40799,-1.923,0.652,12.50
54.41817,-1.803,0.679,12.50
54.42833,-1.654,0.725,12.50
54.44079,-1.485,0.733,13.50
54.45101,-1.485,0.733,13.50
54.46150,-1.343,0.669,13.50
54.47265,-1.343,0.669,14.50
54.48283,-1.343,0.635,14.50
54.49308,-1.207,0.635,14.50
54.50537,-1.207,0.557,15.50
54.51618,-1.100,0.557,15.50
54.52634,-1.100,0.490,15.50
54.55179,-1.026,0.490,17.00
54.56209,-0.962,0.413,17.00
54.58423,-0.962,0.341,18.00
54.59446,-0.820,0.307,18.00
54.61781,-0.737,0.252,19.50
54.62797,-0.641,0.270,19.50
54.64799,-0.641,0.270,21.00
54.65816,-0.552,0.279,21.00
54.66874,-0.515,0.318,21.00
54.68022,-0.515,0.318,22.50
54.69180,-0.547,0.371,22.50
54.70208,-0.547,0.371,22.50
54.71247,-0.630,0.380,24.00
54.72261,-0.733,0.380,24.00
54.73277,-0.733,0.438,24.00
54.74410,-0.841,0.438,25.00
54.75462,-0.841,0.479,25.00
54.76477,-0.967,0.541,25.00
54.77592,-0.967,0.541,25.50
54.78771,-1.094,0.643,25.50
54.79787,-1.094,0.643,25.50
54.80822,-1.094,0.643,26.50
54.81850,-1.211,0.701,26.50
54.82890,-1.298,0.845,26.50
54.85655,-1.367,0.845,27.00
54.86677,-1.445,1.030,27.00
54.88828,-1.445,1.030,27.50
54.89847,-1.504,1.122,27.50
54.92000,-1.542,1.214,27.50
54.93020,-1.588,1.348,27.50
54.95227,-1.588,1.484,28.00
54.96272,-1.629,1.688,28.00
54.98504,-1.629,1.688,28.00
54.99521,-1.620,1.878,28.00
55.00536,-1.586,2.173,28.00
55.01642,-1.586,2.173,28.00
55.02687,-1.533,2.388,28.00
55.03719,-1.533,2.388,28.00
55.04869,-1.473,2.767,28.50
55.05898,-1.473,2.767,28.50
55.06946,-1.407,3.212,28.50
55.08066,-1.407,3.212,28.50
55.09100,-1.407,3.898,28.50
55.10133,-1.268,4.684,28.50
55.11180,-1.268,4.684,28.50
55.12208,-1.268,4.684,28.50
55.13223,-1.201,5.504,28.50
55.14439,-1.130,6.306,28.50
55.15488,-1.130,6.306,28.50
55.16507,-1.058,7.144,28.50
55.19483,-0.983,7.144,28.50
55.20501,-0.907,9.322,28.50
55.22462,-0.907,9.322,28.50
55.23496,-0.847,10.438,28.50
55.25774,-0.790,11.519,28.50
55.26788,-0.742,12.550,28.50
55.28881,-0.685,13.577,28.50
55.30023,-0.685,13.577,28.50
55.31983,-0.629,14.842,28.50
55.33126,-0.591,15.982,28.50
55.34164,-0.575,17.077,28.50
55.35224,-0.575,17.077,28.50
55.36279,-0.571,18.106,28.50
55.37313,-0.571,18.106,28.50
55.38430,-0.571,19.178,28.50
55.39451,-0.574,19.178,28.50
55.40482,-0.580,20.078,28.50
55.41635,-0.580,20.078,28.50
55.42767,-0.580,20.078,28.50
55.43812,-0.588,21.036,28.50
55.44907,-0.602,21.802,28.50
55.45929,-0.602,21.802,28.50
55.46946,-0.622,22.473,28.50
55.49625,-0.638,23.106,28.50
55.50641,-0.653,23.690,28.50
55.52851,-0.653,23.690,28.50
55.53873,-0.656,24.248,28.50
55.56233,-0.658,24.788,28.50
55.57252,-0.666,25.211,28.50
55.59175,-0.669,25.667,28.50
55.60205,-0.669,25.667,28.50
55.61222,-0.669,25.667,28.50
55.62390,-0.656,26.046,28.50
55.63412,-0.656,26.046,28.50
55.64428,-0.624,26.959,28.50
55.65574,-0.624,26.959,28.50
55.66599,-0.624,26.959,28.50
55.67607,-0.601,27.335,28.50
55.68918,-0.563,27.766,28.50
55.69964,-0.511,28.064,28.50
55.71011,-0.511,28.064,28.50
55.72049,-0.511,28.064,28.50
55.73092,-0.460,28.452,28.50
55.74110,-0.460,28.881,28.50
55.75312,-0.412,28.881,28.50
55.76328,-0.368,29.167,28.50
55.77344,-0.368,29.167,28.50
55.80225,-0.368,29.167,28.50
55.81243,-0.271,29.987,28.50
55.83175,-0.271,29.987,28.50
55.84203,-0.194,30.290,28.50
55.85223,-0.194,30.683,0.00
55.86238,-0.194,30.683,0.00
55.87254,-0.161,30.950,0.00
55.88270,-0.127,31.228,0.00
55.89287,-0.127,31.228,0.00
55.90303,-0.102,31.228,0.00
55.91403,-0.102,31.512,0.00
55.92428,-0.074,31.746,0.00
55.93444,-0.074,31.746,0.00
55.94460,-0.029,32.013,0.00
55.95476,-0.029,32.013,0.00
55.96501,0.052,32.371,0.00
55.97533,0.052,32.371,0.00
55.98566,0.207,32.760,0.00
55.99588,0.207,32.760,0.00
56.00608,0.458,32.973,0.00
56.01658,0.458,32.973,0.00
56.02675,0.758,33.385,0.00
56.03691,0.758,33.385,0.00
56.04708,1.048,33.780,0.00
56.05724,1.048,33.780,0.00
56.06740,1.313,34.163,0.00
56.07756,1.313,34.163,0.00
56.08793,1.550,34.585,0.00
56.09853,1.550,34.585,0.00
56.10881,1.550,34.585,0.00
56.11932,1.768,34.900,0.00
56.12949,1.968,35.375,0.00
56.13983,1.968,35.375,0.00
56.15001,2.131,35.760,0.00
56.16018,2.260,36.117,0.00
56.17046,2.260,36.117,0.00
56.18062,2.336,36.478,0.00
56.19078,2.336,36.478,0.00
56.20094,2.342,36.741,0.00
56.21110,2.342,36.741,0.00
56.22124,2.287,36.741,0.00
56.23159,2.287,37.211,0.00
56.24220,2.186,37.499,0.00
56.25281,2.186,37.499,0.00
56.26355,2.186,37.499,0.00
56.27371,2.051,37.553,0.00
56.28387,1.906,37.444,0.00
56.29423,1.906,37.444,0.00
56.30459,1.906,36.852,0.00
56.31475,1.746,36.852,0.00
56.32493,1.746,36.852,0.00
56.33508,1.574,35.940,0.00
56.34524,1.384,35.940,0.00
56.35547,1.384,34.935,0.00
56.36563,1.185,33.799,0.00
56.37578,1.185,33.799,0.00
56.38605,0.988,32.470,0.00
56.39621,0.988,32.470,0.00
56.40636,0.822,30.924,0.00
56.41649,0.822,30.924,0.00
56.42664,0.688,29.126,0.00
56.43679,0.688,29.126,0.00
56.44694,0.688,29.126,0.00
56.45729,0.575,27.079,0.00
56.46764,0.467,25.659,0.00
56.47815,0.353,25.659,0.00
56.48832,0.353,24.337,0.00
56.49870,0.225,22.970,0.00
56.50905,0.225,22.970,0.00
56.51924,0.225,22.970,0.00
56.52966,0.108,21.486,0.00
56.54050,0.108,21.486,0.00
56.55066,0.108,19.928,0.00
56.56081,-0.075,18.385,0.00
56.57110,-0.075,18.385,0.00
56.58146,-0.131,16.964,0.00
56.59172,-0.131,16.964,0.00
56.60241,-0.131,16.964,0.00
56.61258,-0.168,15.460,0.00
56.62282,-0.168,15.460,0.00
56.63310,-0.188,14.164,0.00
56.64350,-0.185,12.866,0.00
56.65387,-0.185,12.866,0.00
56.66419,-0.149,11.583,0.00
56.67450,-0.149,11.583,0.00
56.68486,-0.109,10.319,0.00
56.69498,-0.109,10.319,0.00
56.70512,-0.056,9.004,0.00
56.71528,-0.056,9.004,0.00
56.72544,-0.056,9.004,0.00
56.73559,0.003,7.642,0.00
56.74573,0.069,6.278,0.00
56.75589,0.069,6.278,0.00
56.76610,0.128,4.791,0.00
56.77626,0.128,4.791,0.00
56.78641,0.183,3.504,0.00
56.79657,0.183,3.504,0.00
56.80672,0.238,2.357,0.00
56.81687,0.238,2.357,0.00
56.82702,0.238,2.357,0.00
56.83733,0.298,1.333,0.00
56.84750,0.367,1.333,0.00
56.85766,0.367,0.571,0.00
56.86781,0.438,0.066,0.00
56.87815,0.438,0.066,0.00
56.88839,0.511,-0.313,0.00
56.89871,0.511,-0.313,0.00
56.90902,0.580,-0.563,0.00
56.91917,0.580,-0.563,0.00
56.92933,0.635,-0.757,0.00
56.93949,0.635,-0.757,0.00
56.94965,0.674,-0.838,0.00
56.95981,0.674,-0.838,0.00
56.97000,0.715,-0.887,0.00
56.98015,0.715,-0.835,0.00
56.99031,0.759,-0.835,0.00
57.00047,0.803,-0.670,0.00
57.01062,0.803,-0.670,0.00
57.02078,0.840,-0.583,0.00
57.03094,0.840,-0.583,0.00
57.04130,0.840,-0.284,0.00
57.05146,0.884,-0.284,0.00
57.06215,0.936,-0.257,0.00
57.07228,0.936,-0.257,0.00
57.08244,0.996,-0.257,0.00
57.09261,0.996,-0.206,0.00
57.10278,1.052,-0.206,0.00
57.11417,1.052,-0.139,0.00
57.12437,1.087,-0.106,0.00
57.13494,1.087,-0.106,0.00
57.14548,1.119,-0.106,0.00
57.15575,1.119,-0.137,0.00
57.16591,1.145,-0.130,0.00
57.17608,1.145,-0.130,0.00
57.18629,1.160,-0.123,0.00
57.19645,1.160,-0.123,0.00
57.20662,1.174,-0.092,0.00
57.21697,1.174,-0.092,0.00
57.22713,1.186,-0.099,0.00
57.23843,1.186,-0.099,0.00
57.24880,1.204,-0.144,0.00
57.25895,1.204,-0.144,0.00
57.26913,1.222,-0.054,0.00
57.27951,1.233,-0.035,0.00
57.28989,1.233,-0.035,0.00
57.30045,1.233,-0.035,0.00
57.31081,1.231,-0.013,0.00
57.32132,1.214,0.011,0.00
57.33148,1.214,0.011,0.00
57.34163,1.214,0.011,0.00
57.35178,1.188,0.029,0.00
57.36407,1.188,0.029,0.00
57.38479,1.118,0.008,0.00
57.39499,1.118,0.008,0.00
57.41227,1.055,-0.005,0.00
57.42390,0.980,-0.030,0.00
57.43973,0.980,-0.030,0.00
57.45057,0.980,-0.062,0.00
57.46401,0.815,-0.101,0.00
57.47943,0.815,-0.101,0.00
57.49170,0.727,-0.127,0.00
57.51308,0.636,-0.146,0.00
57.52389,0.541,-0.164,0.00
57.53973,0.541,-0.164,0.00
57.55576,0.447,-0.164,0.00
57.57201,0.447,-0.177,0.00
57.58401,0.358,-0.177,0.00
57.59986,0.278,-0.155,0.00
57.61060,0.191,-0.132,0.00
57.62719,0.191,-0.132,0.00
57.64311,0.048,-0.132,0.00
57.65856,0.023,-0.075,0.00
57.67051,-0.011,-0.055,0.00
57.68070,-0.011,-0.055,0.00
57.69172,-0.024,-0.053,0.00
57.70188,-0.024,-0.053,0.00
57.71292,-0.018,-0.070,0.00
57.72464,-0.018,-0.070,0.00
57.74498,0.040,-0.127,0.00
57.75571,0.040,-0.127,0.00
57.77686,0.069,-0.152,0.00
57.79271,0.069,-0.184,0.00
57.80414,0.138,-0.217,0.00
57.81976,0.138,-0.217,0.00
57.83153,0.138,-0.256,0.00
57.84742,0.175,-0.256,0.00
57.86431,0.245,-0.375,0.00
57.87998,0.245,-0.375,0.00
57.89605,0.278,-0.435,0.00
57.91869,0.312,-0.515,0.00
57.93053,0.348,-0.587,0.00
57.94085,0.348,-0.587,0.00
57.95636,0.381,-0.587,0.00
57.96819,0.411,-0.663,0.00
57.97971,0.411,-0.744,0.00
57.99235,0.441,-0.815,0.00
58.01616,0.474,-0.864,0.00
58.03380,0.504,-0.906,0.00
58.04535,0.530,-0.906,0.00
58.05640,0.530,-0.942,0.00
58.06733,0.530,-0.974,0.00
58.08293,0.553,-0.974,0.00
58.09841,0.553,-0.974,0.00
58.10977,0.601,-1.024,0.00
58.12037,0.601,-1.024,0.00
58.13082,0.601,-1.024,0.00
58.14325,0.651,-1.024,0.00
58.15499,0.651,-1.077,0.00
58.17080,0.651,-1.077,0.00
58.18334,0.676,-1.096,0.00
58.19479,0.702,-1.096,0.00
58.21569,0.702,-1.131,0.00
58.23124,0.753,-1.131,0.00
58.24259,0.778,-1.131,0.00
58.25437,0.778,-1.134,0.00
58.28120,0.804,-1.133,0.00
58.29720,0.804,-1.133,0.00
58.31373,0.829,-1.121,0.00
58.32479,0.829,-1.085,0.00
58.33673,0.862,-1.085,0.00
58.35310,0.872,-1.071,0.00
58.41454,0.872,-1.071,0.00
58.46811,0.866,-1.005,0.00
58.48257,0.844,-0.597,0.00
58.49381,0.332,-0.589,0.00
58.50411,0.332,-0.589,0.00
58.51428,0.326,-0.586,0.00
58.52444,0.326,-0.583,0.00
58.53469,0.326,-0.583,0.00
58.54493,0.328,-0.583,0.00
58.55509,0.328,-0.583,0.00
58.56574,0.328,-0.583,0.00
58.57590,0.332,-0.584,0.00
58.58620,0.338,-0.581,0.00
58.59635,0.338,-0.581,0.00
58.60663,0.347,-0.569,0.00
58.61682,0.347,-0.569,0.00
58.62714,0.361,-0.558,0.00
58.63731,0.361,-0.558,0.00
58.64746,0.374,-0.542,0.00
58.66027,0.374,-0.542,0.00
58.67043,0.390,-0.525,0.00
58.68061,0.390,-0.509,0.00
58.69076,0.403,-0.509,0.00
58.70100,0.403,-0.509,0.00
58.71141,0.411,-0.495,0.00
58.72173,0.411,-0.495,0.00
58.73189,0.414,-0.487,0.00
58.74209,0.414,-0.486,0.00
58.75237,0.407,-0.486,0.00
58.76259,0.394,-0.494,0.00
58.77274,0.394,-0.494,0.00
58.78290,0.376,-0.494,0.00
58.79306,0.376,-0.502,0.00
58.80322,0.359,-0.502,0.00
58.81337,0.359,-0.514,0.00
58.82353,0.342,-0.527,0.00
58.83370,0.342,-0.527,0.00
58.84401,0.342,-0.542,0.00
58.85499,0.323,-0.542,0.00
58.86515,0.295,-0.557,0.00
58.87532,0.295,-0.557,0.00
58.88582,0.295,-0.570,0.00
58.89625,0.259,-0.570,0.00
58.90661,0.259,-0.586,0.00
58.91705,0.228,-0.586,0.00
58.92721,0.197,-0.601,0.00
58.93764,0.197,-0.601,0.00
58.94824,0.172,-0.608,0.00
58.95864,0.172,-0.608,0.00
58.96889,0.149,-0.610,0.00
58.97905,0.149,-0.610,0.00
58.98920,0.133,-0.608,0.00
58.99955,0.133,-0.608,0.00
59.00980,0.133,-0.608,0.00
59.02015,0.120,-0.591,0.00
59.03030,0.107,-0.591,0.00
59.04046,0.107,-0.591,0.00
59.05077,0.107,-0.591,0.00
59.06098,0.098,-0.586,0.00
59.07120,0.098,-0.577,0.00
59.08214,0.098,-0.577,0.00
59.09232,0.104,-0.565,0.00
59.10248,0.112,-0.555,0.00
59.11264,0.112,-0.555,0.00
59.12285,0.124,-0.545,0.00
59.13303,0.124,-0.545,0.00
59.14318,0.140,-0.535,0.00
59.15333,0.140,-0.535,0.00
59.16353,0.157,-0.523,0.00
59.17375,0.157,-0.523,0.00
59.18391,0.157,-0.523,0.00
59.19418,0.174,-0.510,0.00
59.20434,0.194,-0.491,0.00
59.21486,0.194,-0.491,0.00
59.22502,0.215,-0.474,0.00
59.23530,0.215,-0.474,0.00
59.24604,0.234,-0.452,0.00
59.25659,0.234,-0.452,0.00
59.26690,0.257,-0.431,0.00
59.27711,0.257,-0.431,0.00
59.28727,0.257,-0.431,0.00
59.29748,0.275,-0.411,0.00
59.30767,0.287,-0.389,0.00
59.31785,0.287,-0.389,0.00
59.32820,0.302,-0.368,0.00
59.33835,0.302,-0.368,0.00
59.34855,0.313,-0.350,0.00
59.35871,0.313,-0.350,0.00
59.37015,0.313,-0.334,0.00
59.38029,0.313,-0.334,0.00
59.39048,0.310,-0.320,0.00
59.40095,0.307,-0.312,0.00
59.41110,0.307,-0.312,0.00
59.42129,0.307,-0.312,0.00
59.43177,0.307,-0.308,0.00
59.44217,0.310,-0.305,0.00
59.45232,0.310,-0.305,0.00
59.46281,0.315,-0.303,0.00
59.47319,0.315,-0.303,0.00
59.48333,0.317,-0.300,0.00
59.49361,0.317,-0.300,0.00
59.50379,0.322,-0.297,0.00
59.51416,0.322,-0.297,0.00
59.52455,0.326,-0.291,0.00
59.53489,0.326,-0.291,0.00
59.54504,0.330,-0.285,0.00
59.55519,0.330,-0.285,0.00
59.56534,0.335,-0.278,0.00
59.57559,0.335,-0.278,0.00
59.58576,0.335,-0.264,0.00
59.59689,0.335,-0.264,0.00
59.60703,0.337,-0.253,0.00
59.61734,0.337,-0.253,0.00
59.62748,0.336,-0.244,0.00
59.63932,0.336,-0.244,0.00
59.64948,0.333,-0.235,0.00
59.66010,0.328,-0.229,0.00
59.67025,0.328,-0.229,0.00
59.68041,0.328,-0.229,0.00
59.69062,0.324,-0.238,0.00
59.70079,0.324,-0.238,0.00
59.71095,0.321,-0.251,0.00
59.72110,0.321,-0.251,0.00
59.73126,0.323,-0.264,0.00
59.74250,0.322,-0.278,0.00
59.75285,0.322,-0.278,0.00
59.76350,0.318,-0.296,0.00
59.77414,0.318,-0.296,0.00
59.78441,0.311,-0.311,0.00
59.79473,0.311,-0.311,0.00
59.80508,0.306,-0.325,0.00
59.81520,0.306,-0.325,0.00
59.82537,0.302,-0.325,0.00
59.83553,0.302,-0.342,0.00
59.84580,0.297,-0.365,0.00
59.85594,0.297,-0.365,0.00
59.86614,0.291,-0.387,0.00
59.87637,0.291,-0.387,0.00
59.88653,0.285,-0.402,0.00
59.89669,0.285,-0.402,0.00
59.90797,0.285,-0.402,0.00
59.91812,0.278,-0.428,0.00
59.92828,0.278,-0.428,0.00
59.93921,0.270,-0.453,0.00
59.94939,0.250,-0.475,0.00
59.95954,0.229,-0.492,0.00
59.97011,0.229,-0.492,0.00
59.98034,0.214,-0.506,0.00
59.99050,0.214,-0.506,0.00
60.00066,0.214,-0.506,0.00
60.01082,0.200,-0.520,0.00
60.02098,0.180,-0.532,0.00
60.03114,0.180,-0.532,0.00
60.04236,0.180,-0.532,0.00
60.05255,0.156,-0.547,0.00
60.06271,0.130,-0.565,0.00
60.07286,0.130,-0.565,0.00
60.08336,0.130,-0.565,0.00
60.09367,0.108,-0.583,0.00
60.10384,0.108,-0.583,0.00
60.11404,0.108,-0.603,0.00
60.12420,0.089,-0.617,0.00
60.13437,0.089,-0.617,0.00
60.14452,0.083,-0.631,0.00
60.15467,0.083,-0.631,0.00
60.16482,0.080,-0.638,0.00
60.17504,0.080,-0.638,0.00
60.18702,0.074,-0.641,0.00
60.19720,0.074,-0.641,0.00
60.20735,0.077,-0.642,0.00
60.21757,0.077,-0.642,0.00
60.22772,0.083,-0.640,0.00
60.23788,0.083,-0.640,0.00
60.24804,0.085,-0.632,0.00
60.25819,0.085,-0.620,0.00
60.26835,0.089,-0.620,0.00
60.27851,0.101,-0.620,0.00
60.28868,0.101,-0.615,0.00
60.29885,0.113,-0.615,0.00
60.30901,0.113,-0.606,0.00
60.31917,0.124,-0.606,0.00
60.32933,0.124,-0.593,0.00
60.33949,0.124,-0.588,0.00
60.34963,0.130,-0.588,0.00
60.35979,0.130,-0.585,0.00
60.37004,0.134,-0.585,0.00
60.38019,0.138,-0.582,0.00
60.39036,0.138,-0.582,0.00
60.40052,0.138,-0.581,0.00
60.41068,0.140,-0.581,0.00
60.42168,0.140,-0.581,0.00
60.43185,0.138,-0.577,0.00
60.44387,0.138,-0.577,0.00
60.45408,0.132,-0.574,0.00
60.46425,0.123,-0.570,0.00
60.47442,0.123,-0.570,0.00
60.48457,0.118,-0.567,0.00
60.49490,0.118,-0.567,0.00
60.50505,0.115,-0.568,0.00
60.51520,0.115,-0.568,0.00
60.52549,0.115,-0.575,0.00
60.53586,0.115,-0.575,0.00
60.54641,0.119,-0.578,0.00
60.55659,0.119,-0.578,0.00
60.56675,0.123,-0.589,0.00
60.57692,0.123,-0.589,0.00
60.58710,0.118,-0.590,0.00
60.59726,0.118,-0.590,0.00
60.60743,0.117,-0.594,0.00
60.61759,0.117,-0.594,0.00
60.62775,0.117,-0.594,0.00
60.63791,0.117,-0.594,0.00
60.64835,0.117,-0.594,0.00
60.65851,0.125,-0.607,0.00
60.66866,0.124,-0.657,0.00
60.67882,0.122,-0.657,0.00
60.68917,0.122,-0.689,0.00
60.69956,0.123,-0.689,0.00
60.70984,0.123,-0.726,0.00
60.72013,0.123,-0.726,0.00
60.73030,0.133,-0.760,0.00
60.74046,0.133,-0.760,0.00
60.75061,0.149,-0.792,0.00
60.76077,0.163,-0.822,0.00
60.77093,0.163,-0.822,0.00
60.78109,0.180,-0.846,0.00
60.79125,0.180,-0.846,0.00
60.80156,0.180,-0.846,0.00
60.81171,0.195,-0.870,0.00
60.82204,0.206,-0.884,0.00
60.83304,0.206,-0.884,0.00
60.84322,0.221,-0.884,0.00
60.85337,0.221,-0.894,0.00
60.86352,0.236,-0.894,0.00
60.87368,0.236,-0.898,0.00
60.88383,0.247,-0.894,0.00
60.89533,0.247,-0.894,0.00
60.90553,0.254,-0.889,0.00
60.91569,0.254,-0.889,0.00
60.92585,0.254,-0.889,0.00
60.93614,0.254,-0.889,0.00
60.94630,0.254,-0.889,0.00
60.95663,0.257,-0.886,0.00
60.96679,0.263,-0.875,0.00
60.97695,0.263,-0.875,0.00
60.98711,0.261,-0.870,0.00
60.99726,0.261,-0.870,0.00
61.00742,0.257,-0.862,0.00
61.01758,0.257,-0.862,0.00
61.02789,0.257,-0.862,0.00
61.03808,0.222,-0.825,0.00
61.04819,0.222,-0.825,0.00
61.05839,0.222,-0.825,0.00
61.06855,0.169,-0.804,0.00
61.07889,0.092,-0.804,0.00
61.08907,0.092,-0.781,0.00
61.09956,0.092,-0.781,0.00
61.10973,-0.041,-0.755,0.00
61.11988,-0.041,-0.733,0.00
61.13010,-0.285,-0.733,0.00
61.14026,-0.285,-0.733,0.00
61.15047,-0.771,-0.720,0.00
61.16115,-0.771,-0.720,0.00
61.17129,-1.336,-0.708,0.00
61.18149,-1.786,-0.704,0.00
61.19183,-1.786,-0.704,0.00
61.20264,-2.195,-0.698,0.00
61.21398,-2.195,-0.698,0.00
61.22411,-2.195,-0.698,0.00
61.23426,-2.195,-0.698,0.00
61.24456,-2.535,-0.694,0.00
61.25503,-2.635,-0.694,0.00
61.26580,-2.297,-0.695,0.00
61.27595,-2.297,-0.695,0.00
61.28612,-2.297,-0.695,0.00
61.29629,-1.661,-0.697,0.00
61.30644,-0.846,-0.703,0.00
61.31679,-0.846,-0.703,0.00
61.32701,0.215,-0.713,0.00
61.33731,0.215,-0.713,0.00
61.34768,1.437,-0.724,0.00
61.35784,1.437,-0.724,0.00
61.36804,2.789,-0.735,0.00
61.37820,2.789,-0.743,0.00
61.38836,4.221,-0.743,0.00
61.39949,4.221,-0.743,0.00
61.40965,5.727,-0.749,0.00
61.41981,5.727,-0.755,0.00
61.43024,7.231,-0.755,0.00
61.44496,7.231,-0.755,0.00
61.45514,8.676,-0.755,0.00
61.46530,8.676,-0.755,0.00
61.47574,9.993,-0.758,0.00
61.49785,11.108,-0.757,0.00
61.50804,11.949,-0.745,0.00
61.51822,11.949,-0.745,0.00
61.52837,12.471,-0.720,10.50
61.53853,12.471,-0.720,10.50
61.54869,12.471,-0.720,10.50
61.57805,12.614,-0.699,10.50
61.58822,12.490,-0.668,10.50
61.60811,12.490,-0.668,10.50
61.61830,12.346,-0.656,10.50
61.64070,12.003,-0.643,10.50
61.65085,11.498,-0.621,10.50
61.67211,11.498,-0.607,10.50
61.68266,10.892,-0.603,10.50
61.69312,10.027,-0.603,10.50
61.70474,8.719,-0.615,10.50
61.71490,8.719,-0.615,10.50
61.72512,7.039,-0.615,10.50
61.73615,7.039,-0.624,10.50
61.74646,7.039,-0.638,10.50
61.75667,5.114,-0.638,10.50
61.76904,3.082,-0.638,10.50
61.77922,3.082,-0.660,10.50
61.78939,1.232,-0.697,10.50
61.79990,1.232,-0.697,10.50
61.81007,-0.423,-0.735,10.50
61.82023,-0.423,-0.776,10.50
61.84930,-2.891,-0.776,10.50
61.85972,-3.218,-0.824,10.50
61.88036,-2.714,-0.895,10.50
61.89132,-2.714,-0.895,10.50
61.91238,-2.714,-0.895,10.50
61.92255,-0.736,-0.872,10.50
61.94457,-0.273,-0.916,10.50
61.95473,-0.273,-0.916,10.50
61.97652,-0.305,-0.915,10.50
61.98683,-0.350,-0.854,10.50
61.99712,-0.350,-0.854,10.50
62.00820,-0.350,-0.854,10.50
62.01837,-0.497,-0.838,10.50
62.02853,-0.619,-0.809,10.50
62.04036,-0.619,-0.809,11.00
62.05088,-0.874,-0.781,11.00
62.06114,-1.176,-0.781,11.00
62.07320,-1.176,-0.747,11.00
62.08350,-1.447,-0.708,11.00
62.09375,-1.447,-0.708,11.00
62.10487,-1.564,-0.677,11.00
62.11533,-1.564,-0.677,11.00
62.12574,-1.561,-0.611,11.00
62.15186,-1.561,-0.611,11.50
62.16249,-1.475,-0.470,11.50
62.18446,-1.388,-0.356,11.50
62.19472,-1.388,-0.356,11.50
62.22266,-1.267,-0.130,12.00
62.23292,-1.142,-0.130,12.00
62.24879,-1.022,-0.028,12.50
62.25927,-1.022,-0.028,12.50
62.26946,-0.928,0.084,12.50
62.28138,-0.870,0.084,13.50
62.29219,-0.870,0.182,13.50
62.30334,-0.816,0.235,13.50
62.31349,-0.816,0.235,14.50
62.32365,-0.768,0.310,14.50
62.33422,-0.768,0.310,14.50
62.34438,-0.726,0.310,15.50
62.35455,-0.726,0.355,15.50
62.36469,-0.726,0.355,15.50
62.39384,-0.624,0.397,16.50
62.40417,-0.540,0.385,16.50
62.42657,-0.540,0.385,18.00
62.43715,-0.450,0.406,18.00
62.45677,-0.367,0.433,19.50
62.46712,-0.308,0.476,19.50
62.48768,-0.308,0.476,21.00
62.49807,-0.272,0.522,21.00
62.52052,-0.269,0.539,22.50
62.53070,-0.291,0.591,22.50
62.54115,-0.291,0.594,22.50
62.55262,-0.333,0.594,23.50
62.56278,-0.333,0.594,23.50
62.57310,-0.394,0.633,23.50
62.58466,-0.484,0.690,24.50
62.59484,-0.484,0.690,24.50
62.60536,-0.568,0.731,24.50
62.61683,-0.568,0.731,25.50
62.62698,-0.656,0.834,25.50
62.63747,-0.656,0.834,25.50
62.65036,-0.745,0.889,26.50
62.66072,-0.745,0.889,26.50
62.67100,-0.841,1.016,26.50
62.68137,-0.928,1.123,27.00
62.69171,-0.928,1.123,27.00
62.70243,-1.003,1.274,27.00
62.73074,-1.058,1.393,27.50
62.74116,-1.114,1.558,27.50
62.76162,-1.114,1.558,27.50
62.77166,-1.163,1.707,27.50
62.79290,-1.222,1.833,28.00
62.80310,-1.274,1.833,28.00
62.82377,-1.274,2.052,28.00
62.83404,-1.327,2.215,28.00
62.84429,-1.366,2.484,28.00
62.85766,-1.398,2.762,28.00
62.86803,-1.398,2.762,28.00
62.87825,-1.398,2.762,28.00
62.88845,-1.413,3.127,28.50
62.89874,-1.413,3.127,28.50
62.90891,-1.407,3.780,28.50
62.92075,-1.407,3.780,28.50
62.93110,-1.391,4.608,28.50
62.94147,-1.364,5.475,28.50
62.95390,-1.364,5.475,28.50
62.96414,-1.333,6.254,28.50
62.97433,-1.333,6.254,28.50
62.99965,-1.291,7.161,28.50
63.01025,-1.247,8.211,28.50
63.03290,-1.199,8.211,28.50
63.04307,-1.151,10.735,28.50
63.06540,-1.116,12.127,28.50
63.07839,-1.116,12.127,28.50
63.09609,-1.084,13.412,28.50
63.10704,-1.052,14.652,28.50
63.11739,-1.052,14.652,28.50
63.12832,-1.052,14.652,28.50
63.13864,-0.946,15.939,28.50
63.14943,-0.946,17.135,28.50
63.15973,-0.946,17.135,28.50
63.16991,-0.886,18.257,28.50
63.18063,-0.886,18.257,28.50
63.19249,-0.825,19.350,28.50
63.20312,-0.825,19.350,28.50
63.21329,-0.779,20.402,28.50
63.24051,-0.687,21.524,28.50
63.25079,-0.687,22.667,28.50
63.27167,-0.687,22.667,28.50
63.28186,-0.654,23.577,28.50
63.30488,-0.620,24.431,28.50
63.31503,-0.592,25.146,28.50
63.34009,-0.565,25.883,28.50
63.35041,-0.548,26.480,28.50
63.36805,-0.537,26.480,28.50
63.37836,-0.520,27.061,28.50
63.38852,-0.520,27.590,28.50
63.40069,-0.520,27.590,28.50
63.41108,-0.500,28.198,28.50
63.42140,-0.476,28.712,28.50
63.43217,-0.476,28.712,28.50
63.44250,-0.461,29.180,28.50
63.45292,-0.461,29.180,28.50
63.46442,-0.451,29.722,28.50
63.47458,-0.451,29.722,28.50
63.48493,-0.451,30.148,28.50
63.49590,-0.442,30.148,28.50
63.50603,-0.442,30.148,28.50
63.51703,-0.440,30.629,28.50
63.54506,-0.448,31.487,28.50
63.55535,-0.448,31.487,28.50
63.57662,-0.443,31.913,28.50
63.58702,-0.438,32.256,28.50
63.60836,-0.428,32.592,28.50
63.61865,-0.428,32.592,28.50
63.64060,-0.419,32.863,28.50
63.65095,-0.416,33.161,28.50
63.67254,-0.409,33.437,28.50
63.68293,-0.397,33.734,28.50
63.69388,-0.397,33.734,28.50
63.70514,-0.386,34.133,0.00
63.71647,-0.386,34.133,0.00
63.72679,-0.376,34.381,0.00
63.73712,-0.376,34.381,0.00
63.74752,-0.376,34.659,0.00
63.75789,-0.376,34.659,0.00
63.76825,-0.377,35.047,0.00
63.77950,-0.377,35.047,0.00
63.78971,-0.363,35.329,0.00
63.79989,-0.363,35.329,0.00
63.81004,-0.325,35.613,0.00
63.82027,-0.230,35.959,0.00
63.83043,-0.230,35.959,0.00
63.84059,-0.065,36.232,0.00
63.85074,-0.065,36.232,0.00
63.86089,0.124,36.565,0.00
63.87121,0.124,36.565,0.00
63.88217,0.294,36.890,0.00
63.89232,0.294,36.890,0.00
63.90272,0.294,37.228,0.00
63.91288,0.441,37.228,0.00
63.92300,0.441,37.573,0.00
63.93315,0.581,37.573,0.00
63.94330,0.734,37.924,0.00
63.95344,0.734,37.924,0.00
63.96375,0.734,38.234,0.00
63.97416,0.905,38.234,0.00
63.98442,1.079,38.589,0.00
63.99475,1.079,38.589,0.00
64.00507,1.079,38.970,0.00
64.01538,1.242,38.970,0.00
64.02571,1.242,38.970,0.00
64.03602,1.382,39.156,0.00
64.04636,1.496,39.523,0.00
64.05666,1.496,39.523,0.00
64.06699,1.570,39.909,0.00
64.07733,1.570,39.909,0.00
64.08766,1.570,40.116,0.00
64.09805,1.603,40.116,0.00
64.10829,1.604,40.223,0.00
64.11860,1.604,40.223,0.00
64.12893,1.559,40.077,0.00
64.13925,1.559,39.545,0.00
64.14956,1.452,39.545,0.00
64.15987,1.452,38.481,0.00
64.17011,1.272,38.481,0.00
64.18028,1.272,38.481,0.00
64.19043,1.037,37.484,0.00
64.20059,1.037,37.484,0.00
64.21073,0.767,37.484,0.00
64.22089,0.767,36.404,0.00
64.23104,0.767,36.404,0.00
64.24118,0.286,35.071,0.00
64.25134,0.286,33.434,0.00
64.26166,0.125,33.434,0.00
64.27196,0.125,31.636,0.00
64.28229,-0.003,31.636,0.00
64.29262,-0.003,29.829,0.00
64.30297,-0.003,29.829,0.00
64.31330,-0.115,29.829,0.00
64.32368,-0.115,28.255,0.00
64.33414,-0.240,26.934,0.00
64.34435,-0.371,25.543,0.00
64.35500,-0.371,25.543,0.00
64.36547,-0.498,23.802,0.00
64.37565,-0.498,23.802,0.00
64.38599,-0.601,23.802,0.00
64.39636,-0.601,22.236,0.00
64.40671,-0.601,22.236,0.00
64.41706,-0.681,20.729,0.00
64.42722,-0.681,19.279,0.00
64.43738,-0.738,19.279,0.00
64.44754,-0.798,17.864,0.00
64.45781,-0.798,17.864,0.00
64.46796,-0.847,16.499,0.00
64.47811,-0.847,15.188,0.00
64.48827,-0.873,15.188,0.00
64.49855,-0.873,15.188,0.00
64.50870,-0.873,13.906,0.00
64.51886,-0.871,13.906,0.00
64.52900,-0.871,12.454,0.00
64.53951,-0.871,12.454,0.00
64.54968,-0.856,11.084,0.00
64.55984,-0.856,11.084,0.00
64.57000,-0.832,9.538,0.00
64.58017,-0.832,7.981,0.00
64.59032,-0.804,7.981,0.00
64.60049,-0.804,7.981,0.00
64.61065,-0.779,6.420,0.00
64.62081,-0.779,6.420,0.00
64.63097,-0.752,4.959,0.00
64.64147,-0.752,4.959,0.00
64.65175,-0.719,3.522,0.00
64.66201,-0.685,2.213,0.00
64.67225,-0.685,2.213,0.00
64.68259,-0.655,0.959,0.00
64.69275,-0.655,0.959,0.00
64.70290,-0.655,0.959,0.00
64.71305,-0.655,0.959,0.00
64.72385,-0.655,0.959,0.00
64.73411,-0.614,0.110,0.00
64.74426,-0.614,0.110,0.00
64.75444,-0.564,-0.531,0.00
64.76470,-0.564,-0.531,0.00
64.77491,-0.517,-0.531,0.00
64.78516,-0.474,-1.228,0.00
64.79531,-0.435,-1.520,0.00
64.80547,-0.398,-1.680,0.00
64.81573,-0.398,-1.680,0.00
64.82603,-0.356,-1.779,0.00
64.83618,-0.356,-1.779,0.00
64.84634,-0.313,-1.938,0.00
64.85677,-0.313,-1.938,0.00
64.86712,-0.265,-2.018,0.00
64.87759,-0.265,-2.018,0.00
64.88775,-0.212,-1.911,0.00
64.89799,-0.156,-1.911,0.00
64.90815,-0.156,-1.996,0.00
64.91830,-0.156,-1.996,0.00
64.92847,-0.094,-1.960,0.00
64.93885,-0.094,-1.960,0.00
64.94921,-0.027,-1.983,0.00
64.95936,-0.027,-1.983,0.00
64.96954,0.051,-1.953,0.00
64.97969,0.139,-1.904,0.00
64.98987,0.139,-1.904,0.00
65.00002,0.139,-1.904,0.00
65.01018,0.237,-1.814,0.00
65.02035,0.237,-1.814,0.00
65.03051,0.345,-1.656,0.00
65.04068,0.345,-1.656,0.00
65.05084,0.460,-1.502,0.00
65.06100,0.579,-1.338,0.00
65.07116,0.579,-1.338,0.00
65.08132,0.579,-1.172,0.00
65.09148,0.691,-1.172,0.00
65.10166,0.785,-1.004,0.00
65.11220,0.785,-1.004,0.00
65.12279,0.785,-1.004,0.00
65.13285,0.856,-0.804,0.00
65.14334,0.901,-0.605,0.00
65.15366,0.901,-0.605,0.00
65.16402,0.923,-0.439,0.00
65.17428,0.923,-0.439,0.00
65.18445,0.936,-0.264,0.00
65.19470,0.936,-0.264,0.00
65.21142,0.936,-0.117,0.00
65.22719,0.941,-0.117,0.00
65.23960,0.933,-0.024,0.00
65.25558,0.918,0.060,0.00
65.26838,0.886,0.117,0.00
65.28535,0.834,0.117,0.00
65.30207,0.834,0.128,0.00
65.31857,0.769,0.119,0.00
65.32957,0.699,0.113,0.00
65.34105,0.699,0.113,0.00
65.36152,0.624,0.117,0.00
65.37318,0.542,0.141,0.00
65.39126,0.454,0.177,0.00
65.40154,0.371,0.217,0.00
65.41737,0.371,0.217,0.00
65.42879,0.295,0.233,0.00
65.44456,0.228,0.215,0.00
65.46160,0.228,0.215,0.00
65.47580,0.170,0.172,0.00
65.49245,0.121,0.123,0.00
65.50970,0.076,0.048,0.00
65.52664,0.076,0.048,0.00
65.53765,0.027,-0.018,0.00
65.55220,-0.021,-0.083,0.00
65.58869,-0.064,-0.211,0.00
65.60052,-0.107,-0.211,0.00
65.62661,-0.139,-0.256,0.00
65.63920,-0.168,-0.282,0.00
65.65468,-0.192,-0.303,0.00
65.67106,-0.212,-0.303,0.00
65.68272,-0.231,-0.340,0.00
65.69827,-0.231,-0.340,0.00
65.70894,-0.248,-0.340,0.00
65.71960,-0.248,-0.340,0.00
65.73502,-0.266,-0.340,0.00
65.74633,-0.280,-0.366,0.00
65.76619,-0.290,-0.368,0.00
65.77638,-0.290,-0.372,0.00
65.78830,-0.297,-0.372,0.00
65.80478,-0.297,-0.377,0.00
65.82152,-0.301,-0.385,0.00
65.83310,-0.301,-0.393,0.00
65.84541,-0.305,-0.393,0.00
65.85630,-0.301,-0.402,0.00
65.86902,-0.290,-0.402,0.00
65.89481,-0.275,-0.421,0.00
65.90683,-0.275,-0.436,0.00
65.91735,-0.254,-0.436,0.00
65.92773,-0.254,-0.444,0.00
65.93896,-0.231,-0.444,0.00
65.95433,-0.231,-0.444,0.00
65.97044,-0.206,-0.451,0.00
65.98107,-0.206,-0.466,0.00
65.99275,-0.175,-0.466,0.00
66.00375,-0.162,-0.467,0.00
66.02020,-0.162,-0.467,0.00
66.03725,-0.159,-0.461,0.00
66.04794,-0.159,-0.461,0.00
66.06119,-0.167,-0.461,0.00
66.07142,-0.180,-0.445,0.00
66.08742,-0.180,-0.445,0.00
66.09927,-0.218,-0.434,0.00
66.12760,-0.218,-0.432,0.00
66.13868,-0.245,-0.432,0.00
66.15891,-0.245,-0.432,0.00
66.19188,-0.325,-0.432,0.00
66.20297,-0.415,-0.431,0.00
66.25154,-0.459,-0.431,0.00
66.30561,-0.611,-0.431,0.00
66.31601,-0.611,-0.133,0.00
66.32628,-0.471,-0.138,0.00
66.33656,-0.471,-0.138,0.00
66.34672,-0.484,-0.145,0.00
66.35844,-0.484,-0.145,0.00
66.36859,-0.492,-0.159,0.00
66.37912,-0.492,-0.159,0.00
66.39005,-0.498,-0.169,0.00
66.40023,-0.498,-0.169,0.00
66.41057,-0.501,-0.183,0.00
66.42083,-0.501,-0.202,0.00
66.43100,-0.501,-0.202,0.00
66.44116,-0.501,-0.230,0.00
66.45148,-0.501,-0.230,0.00
66.46156,-0.503,-0.272,0.00
66.47186,-0.503,-0.272,0.00
66.48209,-0.503,-0.316,0.00
66.49241,-0.503,-0.316,0.00
66.50264,-0.503,-0.364,0.00
66.51301,-0.502,-0.364,0.00
66.52316,-0.499,-0.364,0.00
66.53342,-0.499,-0.410,0.00
66.54372,-0.498,-0.460,0.00
66.55388,-0.498,-0.460,0.00
66.56405,-0.498,-0.460,0.00
66.57423,-0.498,-0.460,0.00
66.58437,-0.498,-0.460,0.00
66.59453,-0.498,-0.460,0.00
66.60475,-0.498,-0.460,0.00
66.61491,-0.498,-0.460,0.00
66.62509,-0.498,-0.460,0.00
66.63527,-0.498,-0.460,0.00
66.64570,-0.497,-0.514,0.00
66.65609,-0.496,-0.565,0.00
66.66768,-0.494,-0.609,0.00
66.67782,-0.487,-0.648,0.00
66.68808,-0.479,-0.689,0.00
66.69838,-0.449,-0.751,0.00
66.70877,-0.449,-0.751,0.00
66.71911,-0.449,-0.751,0.00
66.72965,-0.433,-0.772,0.00
66.73981,-0.433,-0.772,0.00
66.74999,-0.433,-0.772,0.00
66.76039,-0.433,-0.772,0.00
66.77076,-0.433,-0.772,0.00
66.78125,-0.433,-0.793,0.00
66.79180,-0.418,-0.793,0.00
66.80224,-0.418,-0.814,0.00
66.81230,-0.378,-0.832,0.00
66.82256,-0.378,-0.832,0.00
66.83279,-0.356,-0.846,0.00
66.84303,-0.356,-0.846,0.00
66.85319,-0.326,-0.861,0.00
66.86348,-0.295,-0.861,0.00
66.87364,-0.295,-0.861,0.00
66.88399,-0.295,-0.861,0.00
66.89416,-0.223,-0.858,0.00
66.90433,-0.194,-0.849,0.00
66.91452,-0.163,-0.832,0.00
66.92477,-0.131,-0.820,0.00
66.93575,-0.131,-0.820,0.00
66.94604,-0.100,-0.800,0.00
66.95621,-0.100,-0.800,0.00
66.96679,-0.100,-0.800,0.00
66.97694,-0.069,-0.767,0.00
66.98718,-0.041,-0.739,0.00
66.99840,-0.041,-0.739,0.00
67.00855,-0.018,-0.709,0.00
67.01874,0.007,-0.709,0.00
67.02890,0.007,-0.678,0.00
67.03903,0.030,-0.678,0.00
67.04918,0.030,-0.652,0.00
67.05933,0.030,-0.652,0.00
67.06974,0.030,-0.652,0.00
67.07997,0.050,-0.626,0.00
67.09037,0.069,-0.599,0.00
67.10053,0.069,-0.599,0.00
67.11069,0.069,-0.571,0.00
67.12085,0.086,-0.571,0.00
67.13162,0.101,-0.544,0.00
67.14179,0.113,-0.520,0.00
67.15200,0.113,-0.520,0.00
67.16223,0.113,-0.520,0.00
67.17235,0.124,-0.494,0.00
67.18267,0.132,-0.474,0.00
67.19293,0.132,-0.474,0.00
67.20338,0.132,-0.474,0.00
67.21360,0.132,-0.474,0.00
67.22380,0.132,-0.474,0.00
67.23422,0.132,-0.451,0.00
67.24448,0.140,-0.434,0.00
67.25473,0.151,-0.419,0.00
67.26488,0.151,-0.419,0.00
67.27517,0.151,-0.419,0.00
67.28554,0.151,-0.409,0.00
67.29585,0.148,-0.393,0.00
67.30636,0.124,-0.375,0.00
67.31665,0.124,-0.375,0.00
67.32684,0.070,-0.361,0.00
67.33785,0.070,-0.361,0.00
67.34801,-0.090,-0.348,0.00
67.35826,-0.090,-0.348,0.00
67.36847,-0.446,-0.336,0.00
67.37862,-0.446,-0.336,0.00
67.38879,-1.050,-0.324,0.00
67.39895,-1.050,-0.324,0.00
67.40913,-1.400,-0.312,0.00
67.41929,-1.651,-0.312,0.00
67.42946,-1.651,-0.301,0.00
67.43962,-1.651,-0.301,0.00
67.44978,-1.761,-0.289,0.00
67.46097,-1.761,-0.289,0.00
67.47113,-1.539,-0.277,0.00
67.48292,-1.539,-0.277,0.00
67.49455,-1.006,-0.263,0.00
67.50472,-1.006,-0.263,0.00
67.51489,-0.225,-0.248,0.00
67.52509,-0.225,-0.248,0.00
67.53527,0.914,-0.248,0.00
67.54542,2.319,-0.216,0.00
67.55558,2.319,-0.216,0.00
67.56576,3.887,-0.216,0.00
67.57593,3.887,-0.200,0.00
67.58806,3.887,-0.200,0.00
67.59824,5.594,-0.184,0.00
67.60840,5.594,-0.184,0.00
67.61855,7.377,-0.170,0.00
67.62873,7.377,-0.170,0.00
67.63891,7.377,-0.170,0.00
67.64913,9.181,-0.155,0.00
67.67272,12.634,-0.114,0.00
67.68288,12.634,-0.090,0.00
67.70455,15.574,-0.090,10.50
67.71471,15.574,-0.056,10.50
67.73626,16.774,-0.024,10.50
67.74656,17.769,0.016,10.50
67.76829,18.642,0.069,10.50
67.77860,18.642,0.069,10.50
67.78927,19.295,0.109,10.50
67.80005,19.295,0.119,10.50
67.81046,19.530,0.119,10.50
67.82063,19.530,0.119,10.50
67.83294,19.530,0.119,10.50
67.84320,19.530,0.119,10.50
67.85336,19.523,0.119,10.50
67.86418,19.523,0.119,10.50
67.87438,19.523,0.119,10.50
67.88494,19.427,0.113,10.50
67.89670,19.427,0.113,10.50
67.90716,19.427,0.113,10.50
67.91744,18.468,0.126,10.50
67.94396,15.513,0.122,10.50
67.95415,15.513,0.088,10.50
67.97643,13.873,0.074,10.50
67.98658,12.142,0.063,10.50
68.00847,10.242,0.071,10.50
68.01862,10.242,0.071,10.50
68.03956,10.242,0.071,10.50
68.05004,6.175,0.134,10.50
68.07262,4.141,0.134,10.50
68.08297,2.287,0.257,10.50
68.09310,2.287,0.257,10.50
68.10519,2.287,0.257,10.50
68.11579,0.824,0.286,10.50
68.12603,-0.729,0.311,10.50
68.13621,-0.729,0.311,10.50
68.14643,-2.158,0.376,10.50
68.15669,-2.158,0.376,10.50
68.16835,-2.158,0.431,10.50
68.17857,-2.673,0.431,10.50
68.18984,-2.523,0.480,10.50
68.20097,-2.523,0.480,11.00
68.21113,-2.096,0.551,11.00
68.22452,-1.642,0.551,11.00
68.24841,-1.348,0.797,11.00
68.26114,-1.348,0.909,11.00
68.28039,-1.170,0.909,11.00
68.29057,-1.170,0.909,11.00
68.31155,-1.170,0.909,11.50
68.32208,-1.236,1.185,11.50
68.34557,-1.426,1.506,11.50
68.35594,-1.665,1.506,11.50
68.37617,-1.764,1.630,12.00
68.38655,-1.764,1.630,12.00
68.39674,-1.767,1.744,12.00
68.40810,-1.742,1.744,12.50
68.41846,-1.742,1.785,12.50
68.43084,-1.742,1.785,12.50
68.44100,-1.645,1.794,13.50
68.45116,-1.645,1.794,13.50
68.46147,-1.645,1.750,13.50
68.47251,-1.535,1.750,14.00
68.48290,-1.424,1.730,14.00
68.49337,-1.424,1.730,14.00
68.50402,-1.424,1.730,15.00
68.51436,-1.330,1.664,15.00
68.52468,-1.235,1.602,15.00
68.55161,-1.235,1.602,16.50
68.56177,-1.055,1.478,16.50
68.58462,-1.055,1.478,18.00
68.59482,-0.978,1.389,18.00
68.61600,-0.920,1.389,19.00
68.62636,-0.876,1.126,19.00
68.64780,-0.838,1.126,20.50
68.65819,-0.794,0.989,20.50
68.66836,-0.794,0.840,20.50
68.68003,-0.794,0.840,22.00
68.69029,-0.749,0.709,22.00
68.70050,-0.749,0.709,22.00
68.71315,-0.715,0.550,23.50
68.72331,-0.695,0.457,23.50
68.73346,-0.695,0.457,23.50
68.74364,-0.695,0.457,24.50
68.75384,-0.689,0.366,24.50
68.76400,-0.718,0.315,24.50
68.79244,-0.773,0.315,25.50
68.80261,-0.773,0.300,25.50
68.82433,-0.848,0.300,26.50
68.83459,-0.948,0.300,26.50
68.85589,-0.948,0.291,27.00
68.86625,-1.131,0.371,27.00
68.89386,-1.131,0.450,27.50
68.90405,-1.203,0.601,27.50
68.92113,-1.313,0.741,27.50
68.93129,-1.313,0.741,27.50
68.94145,-1.313,0.741,27.50
68.95245,-1.354,0.840,28.00
68.96274,-1.369,1.027,28.00
68.97328,-1.369,1.027,28.00
68.98354,-1.369,1.159,28.00
68.99377,-1.397,1.159,28.00
69.00393,-1.396,1.412,28.00
69.01684,-1.396,1.412,28.00
69.02709,-1.391,1.616,28.00
69.03739,-1.391,1.616,28.00
69.06354,-1.387,1.850,28.50
69.07376,-1.368,2.169,28.50
69.09644,-1.368,2.747,28.50
69.10661,-1.319,3.687,28.50
69.12786,-1.319,3.687,28.50
69.13809,-1.290,4.572,28.50
69.16019,-1.184,5.483,28.50
69.17052,-1.184,6.434,28.50
69.18169,-1.184,6.434,28.50
69.19371,-1.184,7.445,28.50
69.20390,-1.072,8.453,28.50
69.21411,-1.072,8.453,28.50
69.22575,-1.012,8.453,28.50
69.23652,-1.012,9.897,28.50
69.24666,-1.012,9.897,28.50
69.25762,-1.012,9.897,28.50
69.26777,-0.905,12.565,28.50
69.27804,-0.850,13.819,28.50
69.28834,-0.850,13.819,28.50
69.29852,-0.850,13.819,28.50
69.30922,-0.802,15.054,28.50
69.32013,-0.802,15.054,28.50
69.33036,-0.758,16.256,28.50
69.34052,-0.758,16.256,28.50
69.36857,-0.682,18.545,28.50
69.37939,-0.682,18.545,28.50
69.39948,-0.653,20.031,28.50
69.40966,-0.632,21.258,28.50
69.43158,-0.632,21.258,28.50
69.44288,-0.599,23.523,28.50
69.45303,-0.599,23.523,28.50
69.46439,-0.597,24.380,28.50
69.47494,-0.597,24.380,28.50
69.48513,-0.600,25.202,28.50
69.49632,-0.600,25.202,28.50
69.50652,-0.609,25.202,28.50
69.51679,-0.609,25.880,28.50
69.52826,-0.621,26.534,28.50
69.53842,-0.621,27.159,28.50
69.54858,-0.644,27.159,28.50
69.57638,-0.676,27.643,28.50
69.58655,-0.703,28.183,28.50
69.60831,-0.728,28.705,28.50
69.61892,-0.728,28.705,28.50
69.64054,-0.742,29.305,28.50
69.65080,-0.746,29.838,28.50
69.66127,-0.751,30.293,28.50
69.67272,-0.751,30.293,28.50
69.68290,-0.754,30.742,28.50
69.69316,-0.754,30.742,28.50
69.70427,-0.755,31.141,28.50
69.71445,-0.755,31.141,28.50
69.72465,-0.755,31.141,28.50
69.73660,-0.754,31.528,28.50
69.74677,-0.757,31.868,28.50
69.75694,-0.757,31.868,28.50
69.76763,-0.747,32.217,28.50
69.77781,-0.747,32.217,28.50
69.78797,-0.736,32.537,28.50
69.79812,-0.736,32.537,28.50
69.81891,-0.721,32.817,28.50
69.82906,-0.702,33.126,28.50
69.84842,-0.682,33.394,28.50
69.85859,-0.654,33.691,28.50
69.86897,-0.654,33.691,0.00
69.87989,-0.654,33.691,0.00
69.89193,-0.630,33.961,0.00
69.90209,-0.603,34.217,0.00
69.91238,-0.603,34.217,0.00
69.92284,-0.603,34.558,0.00
69.93481,-0.585,34.558,0.00
69.94497,-0.585,34.767,0.00
69.95511,-0.554,34.767,0.00
69.96525,-0.554,35.105,0.00
69.97580,-0.503,35.105,0.00
69.98606,-0.424,35.364,0.00
69.99725,-0.424,35.364,0.00
70.00740,-0.279,35.673,0.00
70.01808,-0.279,35.673,0.00
70.02823,-0.057,35.976,0.00
70.03838,-0.057,35.976,0.00
70.04875,0.189,36.301,0.00
70.06050,0.189,36.301,0.00
70.07067,0.427,36.665,0.00
70.08083,0.653,36.999,0.00
70.09159,0.653,36.999,0.00
70.10176,0.853,37.427,0.00
70.11237,0.853,37.427,0.00
70.12370,1.037,37.879,0.00
70.13409,1.037,37.879,0.00
70.14432,1.037,37.879,0.00
70.15498,1.206,38.372,0.00
70.16508,1.350,38.724,0.00
70.17543,1.350,38.724,0.00
70.18559,1.350,38.724,0.00
70.19575,1.456,39.440,0.00
70.20616,1.529,39.440,0.00
70.21633,1.529,39.440,0.00
70.22650,1.553,39.772,0.00
70.23665,1.553,39.772,0.00
70.24680,1.524,40.081,0.00
70.25695,1.524,40.081,0.00
70.26710,1.524,40.081,0.00
70.27725,1.457,40.271,0.00
70.28741,1.365,40.389,0.00
70.29784,1.365,40.389,0.00
70.30823,1.259,40.232,0.00
70.31856,1.259,40.232,0.00
70.32875,1.126,39.628,0.00
70.34041,1.126,39.628,0.00
70.35060,0.948,38.676,0.00
70.36075,0.734,37.520,0.00
70.37091,0.734,37.520,0.00
70.38107,0.501,36.323,0.00
70.39123,0.501,36.323,0.00
70.40163,0.281,34.846,0.00
70.41225,0.281,34.846,0.00
70.42252,0.127,33.128,0.00
70.43364,0.127,33.128,0.00
70.44379,0.127,33.128,0.00
70.45414,0.047,31.183,0.00
70.46436,-0.002,29.104,0.00
70.47463,-0.002,29.104,0.00
70.48494,-0.058,27.573,0.00
70.49560,-0.058,27.573,0.00
70.50577,-0.140,26.239,0.00
70.51593,-0.248,26.239,0.00
70.52610,-0.248,24.459,0.00
70.53652,-0.248,24.459,0.00
70.54670,-0.359,22.734,0.00
70.55686,-0.359,22.734,0.00
70.56702,-0.459,21.031,0.00
70.57719,-0.459,21.031,0.00
70.58733,-0.544,19.507,0.00
70.59747,-0.544,19.507,0.00
70.60825,-0.624,18.154,0.00
70.61840,-0.624,18.154,0.00
70.62856,-0.692,16.787,0.00
70.63873,-0.738,16.787,0.00
70.64888,-0.738,15.370,0.00
70.65972,-0.761,15.370,0.00
70.66987,-0.761,14.087,0.00
70.68003,-0.761,14.087,0.00
70.69042,-0.791,12.744,0.00
70.70058,-0.814,12.744,0.00
70.71074,-0.814,11.444,0.00
70.72089,-0.828,9.974,0.00
70.73103,-0.828,9.974,0.00
70.74118,-0.854,8.465,0.00
70.75139,-0.854,8.465,0.00
70.76154,-0.854,8.465,0.00
70.77169,-0.872,6.921,0.00
70.78191,-0.874,5.414,0.00
70.79258,-0.874,5.414,0.00
70.80278,-0.854,5.414,0.00
70.81408,-0.854,3.950,0.00
70.82426,-0.817,2.622,0.00
70.83448,-0.817,2.622,0.00
70.84481,-0.765,1.356,0.00
70.85496,-0.765,1.356,0.00
70.86513,-0.719,0.542,0.00
70.87574,-0.719,0.542,0.00
70.88604,-0.673,-0.100,0.00
70.89633,-0.673,-0.100,0.00
70.90656,-0.636,-0.586,0.00
70.91694,-0.636,-0.586,0.00
70.92767,-0.589,-0.970,0.00
70.93962,-0.589,-0.970,0.00
70.94979,-0.556,-1.235,0.00
70.95997,-0.556,-1.235,0.00
70.97017,-0.546,-1.407,0.00
70.98032,-0.546,-1.407,0.00
70.99048,-0.531,-1.356,0.00
71.00065,-0.531,-1.356,0.00
71.01094,-0.516,-1.193,0.00
71.02134,-0.525,-1.191,0.00
71.03169,-0.525,-1.191,0.00
71.04214,-0.551,-1.283,0.00
71.05236,-0.551,-1.283,0.00
71.06289,-0.551,-1.283,0.00
71.07305,-0.573,-1.305,0.00
71.08323,-0.606,-1.479,0.00
71.09338,-0.606,-1.479,0.00
71.10363,-0.643,-1.546,0.00
71.11378,-0.643,-1.546,0.00
71.12394,-0.661,-1.546,0.00
71.13411,-0.661,-1.627,0.00
71.14426,-0.677,-1.792,0.00
71.15442,-0.677,-1.792,0.00
71.16458,-0.677,-1.792,0.00
71.17478,-0.677,-1.939,0.00
71.18495,-0.718,-1.981,0.00
71.19513,-0.718,-1.981,0.00
71.20546,-0.742,-1.978,0.00
71.21573,-0.742,-1.978,0.00
71.22589,-0.768,-1.976,0.00
71.23605,-0.768,-1.976,0.00
71.24631,-0.768,-1.976,0.00
71.25647,-0.798,-1.974,0.00
71.26794,-0.798,-1.974,0.00
71.27826,-0.824,-1.944,0.00
71.28842,-0.845,-1.909,0.00
71.29858,-0.845,-1.901,0.00
71.30886,-0.871,-1.901,0.00
71.31920,-0.877,-1.903,0.00
71.32954,-0.877,-1.903,0.00
71.33970,-0.877,-1.919,0.00
71.35013,-0.884,-1.919,0.00
71.36044,-0.884,-1.919,0.00
71.37060,-0.907,-1.949,0.00
71.38651,-0.938,-2.006,0.00
71.40229,-0.938,-2.006,0.00
71.41874,-0.983,-2.039,0.00
71.43447,-1.030,-2.052,0.00
71.44525,-1.077,-2.052,0.00
71.47387,-1.077,-2.064,0.00
71.49229,-1.077,-2.057,0.00
71.50815,-1.228,-2.057,0.00
71.52054,-1.228,-2.037,0.00
71.53639,-1.266,-2.005,0.00
71.55786,-1.330,-1.881,0.00
71.56804,-1.330,-1.881,0.00
71.58456,-1.347,-1.802,0.00
71.59580,-1.347,-1.802,0.00
71.60609,-1.366,-1.802,0.00
71.61735,-1.366,-1.719,0.00
71.62827,-1.366,-1.663,0.00
71.64401,-1.366,-1.663,0.00
71.66242,-1.366,-1.610,0.00
71.67411,-1.342,-1.567,0.00
71.70766,-1.327,-1.567,0.00
71.71936,-1.318,-1.517,0.00
71.73086,-1.312,-1.519,0.00
71.75283,-1.308,-1.542,0.00
71.76326,-1.310,-1.579,0.00
71.77450,-1.310,-1.579,0.00
71.79138,-1.317,-1.579,0.00
71.80984,-1.317,-1.579,0.00
71.82091,-1.317,-1.604,0.00
71.83126,-1.333,-1.604,0.00
71.84161,-1.356,-1.741,0.00
71.85191,-1.356,-1.792,0.00
71.88231,-1.495,-1.792,0.00
71.89391,-1.495,-1.858,0.00
71.92575,-1.549,-1.943,0.00
71.94151,-1.570,-1.946,0.00
71.96252,-1.595,-1.946,0.00
71.97386,-1.612,-1.932,0.00
71.98981,-1.621,-1.932,0.00
72.00064,-1.627,-1.900,0.00
72.02454,-1.627,-1.877,0.00
72.03695,-1.627,-1.877,0.00
72.04764,-1.627,-1.877,0.00
72.05832,-1.627,-1.838,0.00
72.07828,-1.638,-1.816,0.00
72.09455,-1.646,-1.799,0.00
72.11610,-1.646,-1.789,0.00
72.13340,-1.683,-1.789,0.00
72.15380,-1.704,-1.766,0.00
72.16789,-1.704,-1.766,0.00
72.18318,-1.720,-1.757,0.00
72.21617,-1.744,-1.728,0.00
72.22666,-1.748,-1.728,0.00
72.23749,-1.748,-1.728,0.00
72.24771,-1.748,-1.728,0.00
72.28032,-1.760,-1.663,0.00
72.29354,-1.766,-1.635,0.00
72.31068,-1.774,-1.605,0.00
72.32125,-1.774,-1.605,0.00
72.33174,-1.781,-1.565,0.00
72.35962,-1.785,-1.530,0.00
72.37567,-1.785,-1.495,0.00
72.42380,-1.780,-1.495,0.00
72.47642,-1.780,-1.445,0.00
72.48659,-1.758,-1.375,0.00
72.49690,-0.184,0.424,0.00
72.50706,-0.185,0.447,0.00
72.51720,-0.185,0.447,0.00
72.52738,-0.185,0.447,0.00
72.53781,-0.189,0.470,0.00
72.54796,-0.193,0.494,0.00
72.55812,-0.193,0.494,0.00
72.56827,-0.197,0.516,0.00
72.57842,-0.197,0.516,0.00
72.58856,-0.201,0.532,0.00
72.59871,-0.201,0.532,0.00
72.60900,-0.209,0.545,0.00
72.61920,-0.209,0.545,0.00
72.62936,-0.216,0.545,0.00
72.63958,-0.216,0.555,0.00
72.64974,-0.223,0.558,0.00
72.65989,-0.235,0.558,0.00
72.67011,-0.235,0.561,0.00
72.68027,-0.253,0.559,0.00
72.69042,-0.253,0.559,0.00
72.70069,-0.271,0.560,0.00
72.71224,-0.271,0.560,0.00
72.72241,-0.271,0.560,0.00
72.73267,-0.290,0.560,0.00
72.74283,-0.302,0.564,0.00
72.75309,-0.302,0.564,0.00
72.76372,-0.313,0.570,0.00
72.77413,-0.313,0.570,0.00
72.78418,-0.320,0.579,0.00
72.79448,-0.320,0.579,0.00
72.80554,-0.323,0.579,0.00
72.81678,-0.323,0.590,0.00
72.82701,-0.320,0.602,0.00
72.83722,-0.315,0.602,0.00
72.84737,-0.315,0.615,0.00
72.85761,-0.315,0.615,0.00
72.86879,-0.311,0.630,0.00
72.87930,-0.311,0.630,0.00
72.88945,-0.304,0.650,0.00
72.89971,-0.304,0.650,0.00
72.91008,-0.304,0.667,0.00
72.92023,-0.297,0.667,0.00
72.93039,-0.297,0.687,0.00
72.94054,-0.297,0.687,0.00
72.95082,-0.297,0.712,0.00
72.96099,-0.297,0.712,0.00
72.97124,-0.297,0.728,0.00
72.98152,-0.301,0.728,0.00
72.99183,-0.301,0.728,0.00
73.00223,-0.301,0.728,0.00
73.01250,-0.304,0.722,0.00
73.02275,-0.309,0.713,0.00
73.03293,-0.309,0.713,0.00
73.04308,-0.309,0.703,0.00
73.05327,-0.316,0.703,0.00
73.06354,-0.325,0.690,0.00
73.07378,-0.325,0.690,0.00
73.08397,-0.340,0.677,0.00
73.09412,-0.340,0.677,0.00
73.10428,-0.358,0.658,0.00
73.11460,-0.358,0.658,0.00
73.12476,-0.377,0.639,0.00
73.13495,-0.377,0.639,0.00
73.14512,-0.392,0.639,0.00
73.15529,-0.392,0.623,0.00
73.16544,-0.408,0.613,0.00
73.17559,-0.408,0.613,0.00
73.18571,-0.421,0.604,0.00
73.19587,-0.421,0.604,0.00
73.20600,-0.434,0.596,0.00
73.21617,-0.434,0.596,0.00
73.22643,-0.447,0.593,0.00
73.23658,-0.447,0.593,0.00
73.24673,-0.447,0.593,0.00
73.25689,-0.459,0.590,0.00
73.26705,-0.468,0.591,0.00
73.27721,-0.468,0.591,0.00
73.28737,-0.475,0.591,0.00
73.29753,-0.475,0.591,0.00
73.30768,-0.487,0.593,0.00
73.31785,-0.487,0.593,0.00
73.32801,-0.501,0.591,0.00
73.33819,-0.501,0.591,0.00
73.34835,-0.511,0.587,0.00
73.35852,-0.511,0.587,0.00
73.36868,-0.517,0.589,0.00
73.37883,-0.517,0.589,0.00
73.38916,-0.525,0.587,0.00
73.39933,-0.525,0.587,0.00
73.40957,-0.534,0.582,0.00
73.41974,-0.534,0.582,0.00
73.43009,-0.544,0.573,0.00
73.44008,-0.544,0.573,0.00
73.45046,-0.550,0.562,0.00
73.46062,-0.553,0.551,0.00
73.47078,-0.553,0.551,0.00
73.48096,-0.553,0.551,0.00
73.49113,-0.561,0.538,0.00
73.50130,-0.561,0.521,0.00
73.51147,-0.565,0.521,0.00
73.52164,-0.565,0.502,0.00
73.53179,-0.569,0.502,0.00
73.54206,-0.569,0.502,0.00
73.55242,-0.572,0.487,0.00
73.56276,-0.574,0.474,0.00
73.57301,-0.574,0.474,0.00
73.58344,-0.576,0.474,0.00
73.59356,-0.576,0.458,0.00
73.60372,-0.576,0.458,0.00
73.61387,-0.576,0.445,0.00
73.62412,-0.576,0.445,0.00
73.63428,-0.573,0.433,0.00
73.64444,-0.570,0.419,0.00
73.65460,-0.570,0.419,0.00
73.66476,-0.566,0.404,0.00
73.67579,-0.566,0.404,0.00
73.68605,-0.561,0.391,0.00
73.69621,-0.561,0.391,0.00
73.70639,-0.557,0.380,0.00
73.71655,-0.557,0.380,0.00
73.72676,-0.570,0.368,0.00
73.73692,-0.570,0.368,0.00
73.74708,-0.617,0.360,0.00
73.75724,-0.617,0.360,0.00
73.76740,-0.699,0.352,0.00
73.77755,-0.699,0.352,0.00
73.78770,-0.867,0.347,0.00
73.79786,-0.867,0.345,0.00
73.80813,-1.106,0.345,0.00
73.81833,-1.106,0.345,0.00
73.82865,-1.179,0.344,0.00
73.83945,-1.179,0.347,0.00
73.84963,-1.304,0.347,0.00
73.85983,-1.304,0.351,0.00
73.87024,-1.460,0.351,0.00
73.88041,-1.558,0.351,0.00
73.89056,-1.558,0.357,0.00
73.90088,-1.558,0.357,0.00
73.91223,-1.507,0.368,0.00
73.92239,-1.245,0.379,0.00
73.93275,-1.245,0.379,0.00
73.94293,-1.245,0.379,0.00
73.95310,-0.703,0.389,0.00
73.96335,-0.703,0.389,0.00
73.97357,0.045,0.403,0.00
73.98373,1.056,0.420,0.00
73.99391,1.056,0.420,0.00
74.00406,2.183,0.440,0.00
74.01422,2.183,0.440,0.00
74.02519,3.451,0.458,0.00
74.03558,3.451,0.458,0.00
74.04588,4.770,0.477,0.00
74.05604,4.770,0.477,0.00
74.06620,6.145,0.501,0.00
74.07681,6.145,0.501,0.00
74.08698,7.646,0.528,0.00
74.09715,7.646,0.553,0.00
74.10744,9.259,0.553,0.00
74.11761,10.976,0.553,0.00
74.13580,10.976,0.581,0.00
74.14609,12.768,0.606,0.00
74.16820,14.567,0.624,10.50
74.17839,14.567,0.624,10.50
74.20038,17.925,0.659,10.50
74.21086,17.925,0.659,10.50
74.22113,17.925,0.659,10.50
74.23438,19.378,0.660,10.50
74.24455,19.378,0.660,10.50
74.25471,20.607,0.649,10.50
74.26487,21.616,0.633,10.50
74.27528,21.616,0.633,10.50
74.28562,22.488,0.622,10.50
74.29704,22.488,0.622,10.50
74.30719,23.246,0.605,10.50
74.31734,23.246,0.605,10.50
74.32750,23.635,0.582,10.50
74.33778,23.635,0.582,10.50
74.34816,23.527,0.557,10.50
74.37784,23.527,0.557,10.50
74.38801,22.870,0.479,10.50
74.40744,22.870,0.479,10.50
74.41771,22.213,0.418,10.50
74.43944,21.239,0.366,10.50
74.44963,20.092,0.314,10.50
74.47211,18.714,0.261,10.50
74.48230,18.714,0.261,10.50
74.50384,15.086,0.201,10.50
74.51416,15.086,0.139,10.50
74.52450,12.979,0.059,10.50
74.53640,10.976,0.052,10.50
74.54674,10.976,0.052,10.50
74.55981,10.976,0.052,10.50
74.57014,8.938,-0.046,10.50
74.58041,6.750,-0.097,10.50
74.59060,6.750,-0.097,10.50
74.60129,4.737,-0.155,10.50
74.61240,4.737,-0.155,10.50
74.62278,3.048,-0.155,10.50
74.64804,3.048,-0.164,10.50
74.65826,1.421,-0.187,10.50
74.68026,-0.063,-0.189,11.00
74.69067,-1.282,-0.140,11.00
74.71183,-2.211,-0.063,11.00
74.72287,-2.440,0.034,11.00
74.74459,-2.440,0.034,11.00
74.75598,-2.440,0.034,11.00
74.77586,-1.944,0.171,11.50
74.78626,-1.368,0.518,11.50
74.79643,-0.777,0.518,11.50
74.80814,-0.777,0.697,11.50
74.81845,-0.417,0.884,11.50
74.82879,-0.417,0.884,11.50
74.84018,-0.336,1.046,12.00
74.85038,-0.336,1.046,12.00
74.86055,-0.336,1.046,12.00
74.87223,-0.381,1.196,12.50
74.88252,-0.381,1.196,12.50
74.89295,-0.449,1.360,12.50
74.90430,-0.617,1.409,13.50
74.91635,-0.617,1.409,13.50
74.92651,-0.856,1.446,13.50
74.93666,-0.856,1.446,14.00
74.94682,-1.063,1.457,14.00
74.95698,-1.063,1.457,14.00
74.98380,-1.181,1.419,15.00
74.99406,-1.276,1.405,15.00
75.01641,-1.309,1.347,16.50
75.02658,-1.304,1.310,16.50
75.04826,-1.270,1.283,18.00
75.05874,-1.270,1.283,18.00
75.07946,-1.230,1.283,19.00
75.08967,-1.187,1.202,19.00
75.09983,-1.187,1.202,19.00
75.11212,-1.165,1.157,20.50
75.12231,-1.163,1.133,20.50
75.13246,-1.163,1.133,20.50
75.14504,-1.189,1.096,22.00
75.15535,-1.189,1.096,22.00
75.16583,-1.230,1.026,22.00
75.17616,-1.230,1.026,23.50
75.18633,-1.261,1.026,23.50
75.19649,-1.261,1.006,23.50
75.20779,-1.261,1.006,24.50
75.21807,-1.292,0.936,24.50
75.22824,-1.347,0.917,24.50
75.25630,-1.347,0.917,25.50
75.26650,-1.427,0.876,25.50
75.28811,-1.518,0.836,26.00
75.29925,-1.609,0.844,26.00
75.30958,-1.687,0.831,26.00
75.32121,-1.747,0.872,27.00
75.33159,-1.747,0.872,27.00
75.34204,-1.805,0.872,27.00
75.35332,-1.805,0.847,27.50
75.36376,-1.855,0.896,27.50
75.37661,-1.855,0.896,27.50
75.38676,-1.893,0.915,27.50
75.39710,-1.893,0.915,27.50
75.40735,-1.905,0.924,27.50
75.41756,-1.905,0.924,28.00
75.42771,-1.905,0.924,28.00
75.43802,-1.905,0.924,28.00
75.44813,-1.946,0.988,28.00
75.45953,-1.946,0.988,28.00
75.46984,-1.943,1.054,28.00
75.49547,-1.943,1.054,28.00
75.50649,-1.875,1.401,28.00
75.52838,-1.847,1.579,28.50
75.53868,-1.808,1.725,28.50
75.56059,-1.808,1.725,28.50
75.57093,-1.770,2.290,28.50
75.59212,-1.770,2.978,28.50
75.60245,-1.729,3.789,28.50
75.61322,-1.681,3.789,28.50
75.62464,-1.637,4.538,28.50
75.63510,-1.637,4.538,28.50
75.64529,-1.589,5.415,28.50
75.65633,-1.589,5.415,28.50
75.66695,-1.589,5.415,28.50
75.67714,-1.538,6.452,28.50
75.68845,-1.482,7.569,28.50
75.69937,-1.482,7.569,28.50
75.70953,-1.428,8.757,28.50
75.72027,-1.378,10.008,28.50
75.73069,-1.378,10.008,28.50
75.74131,-1.342,10.008,28.50
75.76799,-1.314,11.082,28.50
75.77977,-1.314,12.160,28.50
75.79938,-1.286,13.194,28.50
75.80962,-1.253,14.184,28.50
75.83137,-1.227,15.189,28.50
75.84156,-1.227,15.189,28.50
75.85172,-1.210,16.194,28.50
75.86344,-1.210,16.194,28.50
75.87521,-1.194,16.194,28.50
75.88547,-1.194,17.212,28.50
75.90002,-1.164,17.212,28.50
75.91119,-1.139,19.279,28.50
75.92821,-1.130,20.201,28.50
75.93849,-1.130,20.201,28.50
75.94872,-1.135,21.074,28.50
75.95971,-1.135,21.074,28.50
75.97004,-1.145,21.897,28.50
75.98025,-1.145,21.897,28.50
75.99169,-1.148,22.645,28.50
76.00218,-1.148,23.374,28.50
76.01248,-1.153,23.374,28.50
76.04022,-1.159,24.962,28.50
76.05065,-1.159,24.962,28.50
76.07229,-1.159,25.923,28.50
76.08271,-1.158,26.562,28.50
76.10580,-1.129,26.562,28.50
76.11677,-1.129,27.152,28.50
76.13832,-1.099,27.255,28.50
76.14848,-1.065,27.619,28.50
76.16821,-1.033,27.966,28.50
76.17850,-1.033,27.966,28.50
76.18886,-1.007,28.427,28.50
76.20076,-0.987,28.905,28.50
76.21415,-0.987,28.905,28.50
76.22443,-0.963,29.260,28.50
76.23472,-0.963,29.260,28.50
76.24496,-0.941,29.844,28.50
76.25524,-0.941,29.844,28.50
76.28333,-0.926,30.327,28.50
76.29360,-0.917,30.770,28.50
76.31185,-0.917,31.205,28.50
76.32223,-0.916,31.625,28.50
76.33262,-0.926,31.625,0.00
76.34284,-0.948,32.156,0.00
76.35341,-0.948,32.156,0.00
76.36359,-0.980,32.659,0.00
76.37375,-0.980,32.659,0.00
76.38391,-0.980,32.659,0.00
76.39408,-1.025,33.131,0.00
76.40460,-1.025,33.131,0.00
76.41501,-1.080,33.506,0.00
76.42520,-1.101,33.851,0.00
76.43536,-1.101,33.851,0.00
76.44552,-1.088,33.851,0.00
76.45581,-1.088,34.156,0.00
76.46605,-1.010,34.451,0.00
76.47621,-1.010,34.451,0.00
76.48636,-0.856,34.840,0.00
76.49652,-0.856,34.840,0.00
76.50669,-0.668,35.020,0.00
76.51685,-0.668,35.020,0.00
76.52701,-0.471,35.390,0.00
76.53732,-0.471,35.390,0.00
76.54748,-0.283,35.698,0.00
76.55769,-0.283,35.698,0.00
76.56809,-0.109,35.857,0.00
76.57826,-0.109,35.857,0.00
76.58851,0.039,36.233,0.00
76.59867,0.039,36.233,0.00
76.60885,0.180,36.432,0.00
76.61903,0.180,36.432,0.00
76.62919,0.180,36.432,0.00
76.63936,0.384,36.886,0.00
76.64953,0.602,36.886,0.00
76.65970,0.820,36.886,0.00
76.66985,0.820,37.072,0.00
76.68001,1.039,37.325,0.00
76.69017,1.039,37.325,0.00
76.70032,1.039,37.325,0.00
76.71048,1.202,37.508,0.00
76.72063,1.308,37.759,0.00
76.73113,1.308,37.759,0.00
76.74148,1.361,37.759,0.00
76.75181,1.361,37.784,0.00
76.76215,1.377,37.784,0.00
76.77231,1.377,37.726,0.00
76.78248,1.369,37.400,0.00
76.79264,1.369,37.400,0.00
76.80280,1.363,36.794,0.00
76.81296,1.363,36.794,0.00
76.82311,1.346,36.794,0.00
76.83326,1.346,35.824,0.00
76.84342,1.314,34.811,0.00
76.85366,1.314,34.811,0.00
76.86399,1.275,33.732,0.00
76.87430,1.275,33.732,0.00
76.88454,1.275,32.494,0.00
76.89475,1.258,32.494,0.00
76.90491,1.275,31.023,0.00
76.91507,1.275,31.023,0.00
76.92538,1.275,31.023,0.00
76.93557,1.303,29.267,0.00
76.94573,1.335,27.521,0.00
76.95594,1.335,27.521,0.00
76.96609,1.352,25.954,0.00
76.97624,1.352,25.954,0.00
76.98650,1.342,24.574,0.00
77.00067,1.342,24.574,0.00
77.01084,1.320,22.763,0.00
77.02100,1.320,22.763,0.00
77.03121,1.320,21.053,0.00
77.04162,1.283,21.053,0.00
77.05178,1.233,19.425,0.00
77.06206,1.233,17.878,0.00
77.07273,1.191,17.878,0.00
77.08293,1.153,17.878,0.00
77.09309,1.153,16.539,0.00
77.10331,1.153,16.539,0.00
77.11347,1.154,15.323,0.00
77.12362,1.173,15.323,0.00
77.13377,1.173,14.027,0.00
77.14405,1.184,12.847,0.00
77.15512,1.184,12.847,0.00
77.16548,1.200,11.611,0.00
77.17585,1.200,11.611,0.00
77.18619,1.200,11.611,0.00
77.19635,1.214,10.193,0.00
77.20652,1.214,10.193,0.00
77.21668,1.230,8.923,0.00
77.22724,1.244,7.606,0.00
77.23741,1.244,7.606,0.00
77.24756,1.244,7.606,0.00
77.25772,1.244,6.394,0.00
77.26815,1.249,5.279,0.00
77.27830,1.249,5.279,0.00
77.28846,1.243,4.295,0.00
77.29861,1.243,4.295,0.00
77.30876,1.243,4.295,0.00
77.31892,1.238,2.874,0.00
77.32907,1.238,2.874,0.00
77.33922,1.238,2.874,0.00
77.34938,1.236,2.424,0.00
77.35957,1.236,2.187,0.00
77.36973,1.227,2.187,0.00
77.37990,1.227,2.090,0.00
77.39012,1.220,2.090,0.00
77.40028,1.220,2.019,0.00
77.41044,1.212,2.019,0.00
77.42060,1.212,2.019,0.00
77.43089,1.201,2.022,0.00
77.44105,1.201,2.022,0.00
77.45125,1.188,2.173,0.00
77.46141,1.178,2.332,0.00
77.47168,1.178,2.332,0.00
77.48188,1.171,2.626,0.00
77.49204,1.171,2.626,0.00
77.50220,1.167,2.685,0.00
77.51235,1.167,2.685,0.00
77.52250,1.172,2.720,0.00
77.53265,1.172,2.720,0.00
77.54286,1.172,2.720,0.00
77.55302,1.185,2.662,0.00
77.56317,1.202,2.609,0.00
77.57357,1.202,2.609,0.00
77.58397,1.219,2.584,0.00
77.59415,1.219,2.584,0.00
77.60431,1.250,2.596,0.00
77.61446,1.250,2.596,0.00
77.62462,1.293,2.593,0.00
77.63477,1.293,2.593,0.00
77.64492,1.348,2.593,0.00
77.65514,1.348,2.611,0.00
77.66530,1.418,2.652,0.00
77.67545,1.418,2.652,0.00
77.68561,1.495,2.720,0.00
77.69577,1.495,2.720,0.00
77.70621,1.566,2.772,0.00
77.71641,1.566,2.772,0.00
77.72657,1.632,2.792,0.00
77.73677,1.632,2.792,0.00
77.74694,1.674,2.791,0.00
77.75709,1.695,2.754,0.00
77.76732,1.695,2.754,0.00
77.77747,1.695,2.711,0.00
77.78760,1.703,2.711,0.00
77.79791,1.703,2.649,0.00
77.80829,1.707,2.649,0.00
77.81851,1.707,2.649,0.00
77.82879,1.703,2.566,0.00
77.84631,1.703,2.566,0.00
77.88080,1.691,2.380,0.00
77.89850,1.677,2.311,0.00
77.90991,1.656,2.311,0.00
77.92047,1.656,2.236,0.00
77.94334,1.598,2.112,0.00
77.96232,1.598,2.112,0.00
77.97426,1.598,2.112,0.00
78.00174,1.534,2.059,0.00
78.02659,1.503,2.080,0.00
78.03856,1.474,2.080,0.00
78.05250,1.444,2.158,0.00
78.06319,1.414,2.212,0.00
78.07462,1.414,2.212,0.00
78.09011,1.384,2.273,0.00
78.10550,1.384,2.273,0.00
78.11614,1.384,2.328,0.00
78.12684,1.384,2.328,0.00
78.14704,1.319,2.357,0.00
78.15841,1.285,2.370,0.00
78.16860,1.257,2.374,0.00
78.18713,1.257,2.374,0.00
78.19822,1.235,2.384,0.00
78.20909,1.222,2.384,0.00
78.22508,1.222,2.384,0.00
78.23644,1.215,2.388,0.00
78.24673,1.215,2.385,0.00
78.27042,1.215,2.388,0.00
78.28784,1.215,2.393,0.00
78.30484,1.218,2.396,0.00
78.32633,1.218,2.396,0.00
78.33650,1.227,2.396,0.00
78.34726,1.227,2.381,0.00
78.35760,1.227,2.381,0.00
78.38881,1.244,2.372,0.00
78.40028,1.244,2.365,0.00
78.41668,1.254,2.351,0.00
78.43524,1.259,2.326,0.00
78.44677,1.257,2.326,0.00
78.45702,1.257,2.297,0.00
78.46718,1.257,2.264,0.00
78.47786,1.257,2.235,0.00
78.49359,1.252,2.235,0.00
78.50939,1.252,2.213,0.00
78.52011,1.235,2.213,0.00
78.53583,1.235,2.198,0.00
78.54711,1.229,2.188,0.00
78.55752,1.229,2.188,0.00
78.57456,1.219,2.184,0.00
78.59504,1.219,2.184,0.00
78.61238,1.205,2.188,0.00
78.62254,1.196,2.184,0.00
78.63338,1.196,2.184,0.00
78.64735,1.183,2.184,0.00
78.66656,1.183,2.185,0.00
78.67919,1.183,2.185,0.00
78.69096,1.183,2.187,0.00
78.70420,1.134,2.184,0.00
78.71675,1.134,2.184,0.00
78.72775,1.123,2.181,0.00
78.73942,1.123,2.181,0.00
78.75323,1.108,2.181,0.00
78.76416,1.090,2.167,0.00
78.78268,1.090,2.158,0.00
78.79876,1.071,2.158,0.00
78.81038,1.053,2.155,0.00
78.82355,1.053,2.155,0.00
78.83991,1.037,2.145,0.00
78.90334,1.037,2.145,0.00
78.96969,0.991,2.097,0.00
78.98046,-0.256,-0.171,0.00
78.99223,-0.256,-0.171,0.00
79.00262,-0.254,-0.175,0.00
79.01408,-0.254,-0.175,0.00
79.02424,-0.252,-0.174,0.00
79.03465,-0.252,-0.174,0.00
79.04479,-0.252,-0.174,0.00
79.05582,-0.252,-0.174,0.00
79.06600,-0.253,-0.170,0.00
79.07660,-0.251,-0.164,0.00
79.08676,-0.251,-0.158,0.00
79.09690,-0.244,-0.151,0.00
79.10706,-0.237,-0.151,0.00
79.11721,-0.242,-0.151,0.00
79.12735,-0.242,-0.142,0.00
79.13751,-0.242,-0.142,0.00
79.14765,-0.242,-0.142,0.00
79.15780,-0.254,-0.142,0.00
79.16795,-0.269,-0.125,0.00
79.17828,-0.269,-0.125,0.00
79.18839,-0.280,-0.111,0.00
79.19859,-0.280,-0.111,0.00
79.20875,-0.286,-0.096,0.00
79.21891,-0.292,-0.082,0.00
79.22906,-0.292,-0.082,0.00
79.23928,-0.299,-0.067,0.00
79.24943,-0.299,-0.067,0.00
79.25984,-0.299,-0.067,0.00
79.27001,-0.299,-0.067,0.00
79.28028,-0.305,-0.052,0.00
79.29143,-0.317,-0.039,0.00
79.30158,-0.317,-0.039,0.00
79.31179,-0.326,-0.024,0.00
79.32204,-0.326,-0.024,0.00
79.33218,-0.326,-0.009,0.00
79.34233,-0.325,0.005,0.00
79.35248,-0.325,0.005,0.00
79.36377,-0.324,0.021,0.00
79.37405,-0.324,0.021,0.00
79.38420,-0.324,0.043,0.00
79.39436,-0.326,0.043,0.00
79.40450,-0.327,0.059,0.00
79.41630,-0.327,0.059,0.00
79.42623,-0.323,0.078,0.00
79.43638,-0.323,0.078,0.00
79.44692,-0.318,0.098,0.00
79.45715,-0.318,0.098,0.00
79.46732,-0.311,0.109,0.00
79.47747,-0.311,0.109,0.00
79.48763,-0.303,0.115,0.00
79.49778,-0.303,0.115,0.00
79.50793,-0.295,0.125,0.00
79.51812,-0.295,0.125,0.00
79.52828,-0.287,0.132,0.00
79.53853,-0.287,0.132,0.00
79.54867,-0.285,0.133,0.00
79.55952,-0.285,0.133,0.00
79.56970,-0.284,0.135,0.00
79.57985,-0.282,0.135,0.00
79.59011,-0.282,0.140,0.00
79.60030,-0.282,0.140,0.00
79.61063,-0.282,0.144,0.00
79.62143,-0.282,0.144,0.00
79.63173,-0.285,0.147,0.00
79.64265,-0.285,0.147,0.00
79.65286,-0.294,0.150,0.00
79.66303,-0.294,0.150,0.00
79.67333,-0.304,0.157,0.00
79.68350,-0.320,0.157,0.00
79.69366,-0.320,0.158,0.00
79.70382,-0.320,0.162,0.00
79.71416,-0.336,0.162,0.00
79.72432,-0.360,0.169,0.00
79.73473,-0.360,0.169,0.00
79.74505,-0.360,0.169,0.00
79.75552,-0.388,0.180,0.00
79.76567,-0.419,0.191,0.00
79.77586,-0.419,0.191,0.00
79.78612,-0.448,0.201,0.00
79.79642,-0.448,0.201,0.00
79.80660,-0.448,0.201,0.00
79.81676,-0.476,0.214,0.00
79.82694,-0.510,0.228,0.00
79.83707,-0.510,0.228,0.00
79.84723,-0.546,0.240,0.00
79.85739,-0.546,0.240,0.00
79.86755,-0.546,0.253,0.00
79.87927,-0.579,0.253,0.00
79.88951,-0.608,0.267,0.00
79.89967,-0.608,0.267,0.00
79.91017,-0.633,0.280,0.00
79.92021,-0.653,0.298,0.00
79.93037,-0.653,0.298,0.00
79.94052,-0.668,0.319,0.00
79.95069,-0.668,0.319,0.00
79.96085,-0.668,0.319,0.00
79.97101,-0.679,0.339,0.00
79.98163,-0.693,0.361,0.00
79.99189,-0.693,0.361,0.00
80.00227,-0.708,0.381,0.00
80.01243,-0.708,0.381,0.00
80.02258,-0.716,0.381,0.00
80.03273,-0.716,0.401,0.00
80.04288,-0.720,0.421,0.00
80.05473,-0.720,0.421,0.00
80.06510,-0.725,0.440,0.00
80.07527,-0.725,0.440,0.00
80.08559,-0.730,0.458,0.00
80.09655,-0.730,0.458,0.00
80.10672,-0.734,0.475,0.00
80.11687,-0.736,0.475,0.00
80.12714,-0.736,0.490,0.00
80.13989,-0.736,0.490,0.00
80.15124,-0.740,0.505,0.00
80.16145,-0.740,0.516,0.00
80.17170,-0.744,0.516,0.00
80.18186,-0.744,0.516,0.00
80.19211,-0.746,0.523,0.00
80.20227,-0.746,0.523,0.00
80.21254,-0.746,0.532,0.00
80.22271,-0.746,0.532,0.00
80.23288,-0.747,0.546,0.00
80.24313,-0.750,0.558,0.00
80.25328,-0.750,0.558,0.00
80.26343,-0.755,0.564,0.00
80.27428,-0.755,0.564,0.00
80.28457,-0.758,0.574,0.00
80.29490,-0.758,0.574,0.00
80.30523,-0.758,0.574,0.00
80.31556,-0.758,0.574,0.00
80.32570,-0.758,0.600,0.00
80.33597,-0.758,0.600,0.00
80.34612,-0.758,0.614,0.00
80.35753,-0.758,0.614,0.00
80.36769,-0.758,0.621,0.00
80.37815,-0.755,0.621,0.00
80.38833,-0.746,0.633,0.00
80.39847,-0.746,0.633,0.00
80.40872,-0.732,0.636,0.00
80.41886,-0.732,0.636,0.00
80.42902,-0.714,0.638,0.00
80.43918,-0.697,0.638,0.00
80.44931,-0.697,0.642,0.00
80.45956,-0.697,0.642,0.00
80.46971,-0.683,0.644,0.00
80.47987,-0.683,0.644,0.00
80.49149,-0.668,0.641,0.00
80.50164,-0.649,0.641,0.00
80.51232,-0.649,0.636,0.00
80.52247,-0.633,0.636,0.00
80.53277,-0.633,0.628,0.00
80.54294,-0.624,0.613,0.00
80.55326,-0.624,0.613,0.00
80.56361,-0.618,0.590,0.00
80.57388,-0.618,0.590,0.00
80.58421,-0.618,0.590,0.00
80.59451,-0.614,0.571,0.00
80.60553,-0.609,0.553,0.00
80.61611,-0.609,0.553,0.00
80.62627,-0.607,0.553,0.00
80.63642,-0.607,0.532,0.00
80.64659,-0.607,0.508,0.00
80.65689,-0.607,0.508,0.00
80.66708,-0.620,0.484,0.00
80.67725,-0.620,0.484,0.00
80.68766,-0.620,0.484,0.00
80.69790,-0.692,0.458,0.00
80.70807,-0.900,0.431,0.00
80.71823,-0.900,0.431,0.00
80.72839,-1.357,0.404,0.00
80.73855,-1.357,0.376,0.00
80.74870,-1.525,0.376,0.00
80.75886,-1.525,0.376,0.00
80.76902,-1.766,0.349,0.00
80.77917,-1.766,0.349,0.00
80.78937,-1.766,0.349,0.00
80.80030,-1.766,0.349,0.00
80.81074,-2.288,0.310,0.00
80.82090,-1.992,0.310,0.00
80.83104,-1.992,0.288,0.00
80.84124,-1.123,0.271,0.00
80.85151,-1.123,0.271,0.00
80.86301,0.028,0.261,0.00
80.87334,0.028,0.261,0.00
80.88376,1.718,0.248,0.00
80.89445,1.718,0.248,0.00
80.90490,3.669,0.248,0.00
80.91506,3.669,0.238,0.00
80.92522,5.817,0.235,0.00
80.93550,5.817,0.235,0.00
80.94566,7.855,0.233,0.00
80.95594,7.855,0.233,0.00
80.96611,9.766,0.229,0.00
80.97627,11.550,0.229,0.00
80.98643,11.550,0.226,0.00
80.99665,11.550,0.226,0.00
81.00711,13.232,0.228,0.00
81.01831,13.232,0.228,10.50
81.02889,13.232,0.228,10.50
81.03937,14.803,0.232,10.50
81.06582,16.217,0.234,10.50
81.07609,17.485,0.249,10.50
81.09541,18.702,0.261,10.50
81.10560,18.702,0.261,10.50
81.12830,20.577,0.278,10.50
81.13872,20.728,0.280,10.50
81.15932,20.728,0.280,10.50
81.16949,20.693,0.271,10.50
81.17965,20.693,0.271,10.50
81.19137,20.693,0.271,10.50
81.20155,20.468,0.233,10.50
81.21176,19.755,0.190,10.50
81.22426,19.755,0.190,10.50
81.23443,18.663,0.135,10.50
81.24533,17.306,0.076,10.50
81.25646,17.306,0.076,10.50
81.26664,15.531,-0.009,10.50
81.27681,15.531,-0.009,10.50
81.28735,15.531,-0.009,10.50
81.29753,13.483,-0.135,10.50
81.30769,13.483,-0.267,10.50
81.31961,11.391,-0.397,10.50
81.32979,9.348,-0.397,10.50
81.33995,9.348,-0.397,10.50
81.35317,7.328,-0.515,10.50
81.36342,5.342,-0.515,10.50
81.37376,5.342,-0.623,10.50
81.40078,3.581,-0.730,10.50
81.41172,1.782,-0.815,10.50
81.43345,0.053,-0.830,10.50
81.44361,-1.376,-0.865,10.50
81.46417,-2.317,-0.921,10.50
81.47457,-2.317,-0.921,10.50
81.48473,-2.179,-0.961,10.50
81.49579,-2.179,-0.961,10.50
81.50620,-2.179,-0.961,10.50
81.51635,-1.202,-0.938,10.50
81.52866,0.120,-0.903,11.00
81.54031,0.120,-0.903,11.00
81.55166,1.305,-0.838,11.00
81.56184,1.679,-0.740,11.00
81.57214,1.679,-0.740,11.00
81.58230,1.510,-0.614,11.00
81.59246,1.510,-0.614,11.00
81.60260,1.510,-0.614,11.00
81.61283,1.213,-0.614,11.00
81.64267,0.825,-0.268,11.50
81.65587,0.261,-0.268,11.50
81.67221,-0.284,-0.158,11.50
81.68254,-0.790,-0.079,11.50
81.70413,-1.166,-0.047,12.00
81.71635,-1.166,-0.047,12.00
81.73548,-1.282,-0.025,12.50
81.74568,-1.229,-0.044,12.50
81.75592,-1.229,-0.044,12.50
81.76769,-1.229,-0.075,13.50
81.77814,-1.133,-0.075,13.50
81.78831,-1.041,-0.101,13.50
81.79960,-1.041,-0.129,14.00
81.81018,-0.967,-0.129,14.00
81.82009,-0.967,-0.129,14.00
81.83159,-0.892,-0.160,15.00
81.84249,-0.833,-0.183,15.00
81.85281,-0.833,-0.183,15.00
81.86370,-0.833,-0.189,16.50
81.87415,-0.781,-0.189,16.50
81.88478,-0.743,-0.201,16.50
81.89612,-0.743,-0.201,18.00
81.90653,-0.722,-0.236,18.00
81.91696,-0.722,-0.236,18.00
81.94386,-0.695,-0.271,19.50
81.95424,-0.695,-0.349,19.50
81.97655,-0.657,-0.349,21.00
81.98673,-0.599,-0.462,21.00
82.00835,-0.528,-0.521,22.00
82.01850,-0.528,-0.521,22.00
82.03971,-0.456,-0.587,23.50
82.05077,-0.386,-0.641,23.50
82.07124,-0.365,-0.641,24.50
82.08142,-0.443,-0.656,24.50
82.09158,-0.443,-0.656,24.50
82.10375,-0.599,-0.656,25.50
82.11405,-0.599,-0.632,25.50
82.12499,-0.599,-0.632,25.50
82.13579,-0.599,-0.620,26.00
82.14621,-0.946,-0.583,26.00
82.15633,-0.946,-0.583,26.00
82.16756,-1.067,-0.518,27.00
82.17774,-1.067,-0.518,27.00
82.18790,-1.161,-0.474,27.00
82.19997,-1.161,-0.374,27.50
82.21039,-1.239,-0.374,27.50
82.22060,-1.239,-0.374,27.50
82.23080,-1.239,-0.374,27.50
82.24818,-1.307,-0.260,27.50
82.25851,-1.307,-0.260,27.50
82.28005,-1.309,-0.167,28.00
82.29047,-1.300,-0.129,28.00
82.31346,-1.292,-0.018,28.00
82.32447,-1.287,0.041,28.00
82.34429,-1.272,0.295,28.00
82.35446,-1.272,0.295,28.00
82.36483,-1.240,0.510,28.00
82.37526,-1.240,0.510,28.00
82.38567,-1.194,0.746,28.00
82.39583,-1.194,0.746,28.00
82.40764,-1.142,0.917,28.50
82.41799,-1.142,0.917,28.50
82.42831,-1.142,1.213,28.50
82.44032,-1.081,1.213,28.50
82.45060,-1.017,1.726,28.50
82.46077,-0.951,2.342,28.50
82.47207,-0.951,2.342,28.50
82.48223,-0.882,3.128,28.50
82.49247,-0.882,3.128,28.50
82.52066,-0.761,4.870,28.50
82.53081,-0.761,4.870,28.50
82.55253,-0.721,5.785,28.50
82.56290,-0.687,6.639,28.50
82.58332,-0.687,6.639,28.50
82.59359,-0.665,7.558,28.50
82.61608,-0.649,8.637,28.50
82.62653,-0.633,9.807,28.50
82.64745,-0.633,9.807,28.50
82.65805,-0.633,9.807,28.50
82.66821,-0.633,9.807,28.50
82.68021,-0.627,10.735,28.50
82.69075,-0.640,12.819,28.50
82.70091,-0.643,13.691,28.50
82.71181,-0.643,13.691,28.50
82.72219,-0.643,14.587,28.50
82.73253,-0.656,14.587,28.50
82.74428,-0.674,15.475,28.50
82.75462,-0.674,15.475,28.50
82.76511,-0.674,15.475,28.50
82.79132,-0.701,16.336,28.50
82.80369,-0.767,18.029,28.50
82.82397,-0.811,18.870,28.50
82.83417,-0.811,18.870,28.50
82.85647,-0.853,19.605,28.50
82.86698,-0.900,20.289,28.50
82.88729,-0.900,20.289,28.50
82.89757,-0.948,20.905,28.50
82.90774,-0.998,21.477,28.50
82.91929,-0.998,21.477,28.50
82.92946,-1.043,21.952,28.50
82.93962,-1.043,21.952,28.50
82.95358,-1.085,22.327,28.50
82.96379,-1.085,22.327,28.50
82.97692,-1.164,22.690,28.50
82.98707,-1.164,22.992,28.50
82.99722,-1.164,22.992,28.50
83.00738,-1.192,23.247,28.50
83.03189,-1.192,23.491,28.50
83.04233,-1.222,23.629,28.50
83.06383,-1.274,23.629,28.50
83.07403,-1.274,23.877,28.50
83.09847,-1.301,23.877,28.50
83.10866,-1.325,24.169,28.50
83.12756,-1.345,24.169,28.50
83.13791,-1.345,24.276,28.50
83.14827,-1.355,24.342,28.50
83.16038,-1.363,24.468,28.50
83.17053,-1.363,24.468,28.50
83.18113,-1.371,24.531,28.50
83.19174,-1.371,24.531,0.00
83.20190,-1.382,24.624,0.00
83.21279,-1.382,24.624,0.00
83.22302,-1.388,24.682,0.00
83.23326,-1.388,24.682,0.00
83.24362,-1.390,24.730,0.00
83.25451,-1.390,24.730,0.00
83.26472,-1.379,24.730,0.00
83.27492,-1.379,24.832,0.00
83.28508,-1.348,24.904,0.00
83.29524,-1.348,24.904,0.00
83.30538,-1.284,24.904,0.00
83.31566,-1.284,25.050,0.00
83.32582,-1.153,25.166,0.00
83.33618,-1.153,25.166,0.00
83.34652,-0.939,25.269,0.00
83.35685,-0.705,25.433,0.00
83.36714,-0.705,25.433,0.00
83.37741,-0.705,25.433,0.00
83.38757,-0.483,25.575,0.00
83.39773,-0.483,25.752,0.00
83.40789,-0.284,25.752,0.00
83.41806,-0.284,25.943,0.00
83.42821,-0.109,25.943,0.00
83.43837,-0.109,25.943,0.00
83.44854,-0.109,25.943,0.00
83.45870,0.076,26.101,0.00
83.46886,0.279,26.223,0.00
83.47901,0.496,26.223,0.00
83.48916,0.496,26.381,0.00
83.50147,0.496,26.381,0.00
83.51178,0.718,26.674,0.00
83.52205,0.928,26.940,0.00
83.53221,0.928,26.940,0.00
83.54236,0.928,26.940,0.00
83.55253,1.099,27.153,0.00
83.56270,1.225,27.385,0.00
83.57285,1.225,27.385,0.00
83.58302,1.304,27.596,0.00
83.59327,1.304,27.596,0.00
83.60343,1.333,27.714,0.00
83.61359,1.333,27.714,0.00
83.62376,1.317,27.775,0.00
83.63408,1.317,27.775,0.00
83.64438,1.260,27.584,0.00
83.65455,1.260,27.584,0.00
83.66471,1.164,27.037,0.00
83.67487,1.164,27.037,0.00
83.68515,1.031,27.037,0.00
83.69532,1.031,26.251,0.00
83.70579,0.863,25.470,0.00
83.71595,0.863,25.470,0.00
83.72610,0.668,24.585,0.00
83.73626,0.668,24.585,0.00
83.74642,0.434,23.491,0.00
83.75658,0.434,23.491,0.00
83.76674,0.434,23.491,0.00
83.77691,0.196,22.212,0.00
83.78742,0.196,22.212,0.00
83.79903,-0.002,20.687,0.00
83.80921,-0.195,18.839,0.00
83.81990,-0.336,17.272,0.00
83.83010,-0.336,17.272,0.00
83.84054,-0.336,17.272,0.00
83.85069,-0.490,15.844,0.00
83.86085,-0.490,15.844,0.00
83.87100,-0.640,14.590,0.00
83.88116,-0.640,13.366,0.00
83.89233,-0.771,13.366,0.00
83.90270,-0.879,11.032,0.00
83.91298,-0.879,11.032,0.00
83.92331,-0.970,9.915,0.00
83.93359,-0.970,9.915,0.00
83.94389,-1.026,8.743,0.00
83.95405,-1.026,8.743,0.00
83.96421,-1.059,8.743,0.00
83.97437,-1.059,7.692,0.00
83.98469,-1.082,6.651,0.00
83.99499,-1.082,6.651,0.00
84.00515,-1.079,5.585,0.00
84.01531,-1.079,5.585,0.00
84.02612,-1.039,4.591,0.00
84.03631,-1.039,4.591,0.00
84.04650,-1.039,3.689,0.00
84.05663,-0.977,3.689,0.00
84.06678,-0.977,3.689,0.00
84.07694,-0.901,2.722,0.00
84.08709,-0.808,1.802,0.00
84.09739,-0.808,1.802,0.00
84.10755,-0.704,0.775,0.00
84.11782,-0.704,0.775,0.00
84.12805,-0.596,-0.028,0.00
84.13835,-0.489,-0.028,0.00
84.14865,-0.489,-0.834,0.00
84.15898,-0.391,-0.834,0.00
84.16930,-0.391,-1.525,0.00
84.17948,-0.391,-1.525,0.00
84.18962,-0.317,-1.988,0.00
84.19987,-0.317,-1.988,0.00
84.21011,-0.267,-2.320,0.00
84.22027,-0.267,-2.320,0.00
84.23043,-0.267,-2.320,0.00
84.24059,-0.234,-2.401,0.00
84.25074,-0.194,-2.433,0.00
84.26089,-0.194,-2.433,0.00
84.27135,-0.147,-2.309,0.00
84.28150,-0.098,-2.117,0.00
84.29166,-0.098,-2.117,0.00
84.30181,-0.098,-2.117,0.00
84.31300,-0.098,-2.117,0.00
84.32324,-0.012,-1.680,0.00
84.33339,-0.012,-1.680,0.00
84.34363,0.036,-1.307,0.00
84.35507,0.036,-1.307,0.00
84.36533,0.082,-1.090,0.00
84.37687,0.082,-1.090,0.00
84.38757,0.113,-0.884,0.00
84.39786,0.113,-0.884,0.00
84.40802,0.127,-0.699,0.00
84.41880,0.140,-0.699,0.00
84.42903,0.140,-0.452,0.00
84.43919,0.158,-0.316,0.00
84.44935,0.158,-0.316,0.00
84.45958,0.174,-0.316,0.00
84.46973,0.174,-0.168,0.00
84.48066,0.174,-0.168,0.00
84.49091,0.183,-0.054,0.00
84.50107,0.183,-0.054,0.00
84.51122,0.177,0.030,0.00
84.52159,0.162,0.017,0.00
84.53196,0.162,0.017,0.00
84.54210,0.162,-0.104,0.00
84.55226,0.144,-0.104,0.00
84.56242,0.121,-0.215,0.00
84.57315,0.121,-0.215,0.00
84.58333,0.121,-0.215,0.00
84.59350,0.103,-0.314,0.00
84.60376,0.103,-0.314,0.00
84.61403,0.082,-0.405,0.00
84.62419,0.057,-0.452,0.00
84.63447,0.057,-0.452,0.00
84.64473,0.026,-0.465,0.00
84.65489,0.026,-0.465,0.00
84.66508,-0.018,-0.462,0.00
84.67648,-0.018,-0.462,0.00
84.68725,-0.018,-0.462,0.00
84.70306,-0.070,-0.386,0.00
84.71353,-0.070,-0.386,0.00
84.74116,-0.229,-0.327,0.00
84.75690,-0.229,-0.271,0.00
84.76911,-0.229,-0.271,0.00
84.78409,-0.293,-0.271,0.00
84.80072,-0.435,-0.211,0.00
84.82253,-0.496,-0.192,0.00
84.83363,-0.496,-0.192,0.00
84.85668,-0.546,-0.190,0.00
84.86871,-0.546,-0.190,0.00
84.88477,-0.626,-0.192,0.00
84.89514,-0.626,-0.192,0.00
84.91149,-0.655,-0.194,0.00
84.92327,-0.655,-0.194,0.00
84.93690,-0.675,-0.184,0.00
84.94965,-0.687,-0.177,0.00
84.96714,-0.691,-0.152,0.00
84.99179,-0.691,-0.152,0.00
85.01158,-0.700,-0.093,0.00
85.02733,-0.698,-0.061,0.00
85.04401,-0.694,-0.043,0.00
85.05567,-0.694,-0.043,0.00
85.09293,-0.699,-0.029,0.00
85.10405,-0.699,-0.029,0.00
85.11660,-0.708,-0.037,0.00
85.13579,-0.718,-0.045,0.00
85.15413,-0.729,-0.061,0.00
85.16682,-0.744,-0.074,0.00
85.17700,-0.744,-0.074,0.00
85.20122,-0.760,-0.089,0.00
85.21790,-0.779,-0.098,0.00
85.23518,-0.797,-0.101,0.00
85.24772,-0.797,-0.101,0.00
85.25975,-0.818,-0.101,0.00
85.28583,-0.840,-0.098,0.00
85.30233,-0.861,-0.100,0.00
85.31780,-0.884,-0.102,0.00
85.33387,-0.906,-0.104,0.00
85.34986,-0.978,-0.111,0.00
85.36709,-0.978,-0.117,0.00
85.37892,-1.009,-0.126,0.00
85.38909,-1.009,-0.126,0.00
85.40497,-1.009,-0.126,0.00
85.42110,-1.022,-0.133,0.00
85.43707,-1.045,-0.134,0.00
85.45649,-1.087,-0.136,0.00
85.46718,-1.087,-0.137,0.00
85.47858,-1.087,-0.137,0.00
85.48959,-1.114,-0.145,0.00
85.50092,-1.114,-0.145,0.00
85.51320,-1.137,-0.154,0.00
85.52532,-1.137,-0.154,0.00
85.54471,-1.156,-0.160,0.00
85.56464,-1.178,-0.171,0.00
85.57690,-1.191,-0.171,0.00
85.59232,-1.191,-0.176,0.00
85.60294,-1.191,-0.176,0.00
85.61524,-1.191,-0.176,0.00
85.62757,-1.191,-0.178,0.00
85.63998,-1.226,-0.181,0.00
85.65572,-1.226,-0.184,0.00
85.66792,-1.267,-0.180,0.00
85.68344,-1.267,-0.180,0.00
85.73964,-1.284,-0.180,0.00
85.79575,-1.334,-0.153,0.00
85.80630,-1.362,-0.002,0.00
85.81652,-0.583,-0.002,0.00
85.82680,-0.588,0.007,0.00
85.83704,-0.588,0.007,0.00
85.84720,-0.587,0.004,0.00
85.85743,-0.583,0.004,0.00
85.86761,-0.583,0.004,0.00
85.87777,-0.583,0.004,0.00
85.88793,-0.578,0.008,0.00
85.89808,-0.578,0.008,0.00
85.90823,-0.565,0.009,0.00
85.91839,-0.565,0.009,0.00
85.92855,-0.549,0.012,0.00
85.93870,-0.549,0.012,0.00
85.94941,-0.549,0.012,0.00
85.95971,-0.528,0.016,0.00
85.96990,-0.528,0.016,0.00
85.98009,-0.503,0.046,0.00
85.99025,-0.479,0.046,0.00
86.00041,-0.479,0.046,0.00
86.01061,-0.457,0.066,0.00
86.02086,-0.457,0.066,0.00
86.03092,-0.440,0.091,0.00
86.04117,-0.440,0.091,0.00
86.05160,-0.423,0.111,0.00
86.06233,-0.423,0.111,0.00
86.07264,-0.407,0.130,0.00
86.08286,-0.407,0.143,0.00
86.09348,-0.398,0.143,0.00
86.10368,-0.400,0.153,0.00
86.11383,-0.400,0.153,0.00
86.12412,-0.400,0.158,0.00
86.13474,-0.404,0.158,0.00
86.14490,-0.404,0.158,0.00
86.15511,-0.409,0.158,0.00
86.16527,-0.414,0.157,0.00
86.17543,-0.414,0.157,0.00
86.18559,-0.420,0.158,0.00
86.19581,-0.420,0.158,0.00
86.20638,-0.427,0.156,0.00
86.21674,-0.427,0.156,0.00
86.22690,-0.432,0.151,0.00
86.23706,-0.432,0.151,0.00
86.24722,-0.432,0.142,0.00
86.25744,-0.437,0.142,0.00
86.26772,-0.443,0.136,0.00
86.27817,-0.443,0.133,0.00
86.28913,-0.447,0.133,0.00
86.29929,-0.447,0.133,0.00
86.30945,-0.453,0.124,0.00
86.31965,-0.453,0.124,0.00
86.32980,-0.462,0.116,0.00
86.34018,-0.462,0.116,0.00
86.35035,-0.462,0.116,0.00
86.36051,-0.464,0.111,0.00
86.37077,-0.468,0.100,0.00
86.38101,-0.474,0.085,0.00
86.39116,-0.474,0.085,0.00
86.40131,-0.479,0.085,0.00
86.41145,-0.479,0.076,0.00
86.42173,-0.483,0.062,0.00
86.43247,-0.483,0.062,0.00
86.44262,-0.487,0.050,0.00
86.45345,-0.487,0.050,0.00
86.46369,-0.488,0.043,0.00
86.47384,-0.488,0.043,0.00
86.48400,-0.489,0.036,0.00
86.49427,-0.489,0.036,0.00
86.50450,-0.490,0.030,0.00
86.51483,-0.490,0.030,0.00
86.52536,-0.490,0.027,0.00
86.53581,-0.492,0.027,0.00
86.54622,-0.494,0.028,0.00
86.55650,-0.494,0.028,0.00
86.56683,-0.494,0.035,0.00
86.57699,-0.494,0.045,0.00
86.58715,-0.493,0.045,0.00
86.59763,-0.493,0.045,0.00
86.60778,-0.485,0.054,0.00
86.61802,-0.485,0.054,0.00
86.62818,-0.485,0.054,0.00
86.63878,-0.485,0.054,0.00
86.64897,-0.472,0.087,0.00
86.65927,-0.457,0.104,0.00
86.66974,-0.445,0.104,0.00
86.68020,-0.445,0.123,0.00
86.69039,-0.433,0.123,0.00
86.70168,-0.420,0.144,0.00
86.71240,-0.420,0.144,0.00
86.72255,-0.420,0.162,0.00
86.73335,-0.400,0.162,0.00
86.74342,-0.381,0.178,0.00
86.75428,-0.381,0.178,0.00
86.76541,-0.370,0.191,0.00
86.77578,-0.370,0.191,0.00
86.78622,-0.358,0.191,0.00
86.79678,-0.358,0.202,0.00
86.80717,-0.347,0.208,0.00
86.81746,-0.334,0.208,0.00
86.82762,-0.334,0.213,0.00
86.83781,-0.334,0.213,0.00
86.84796,-0.322,0.214,0.00
86.85818,-0.322,0.214,0.00
86.86834,-0.314,0.215,0.00
86.87850,-0.314,0.215,0.00
86.88866,-0.306,0.213,0.00
86.89883,-0.306,0.207,0.00
86.90899,-0.298,0.207,0.00
86.91948,-0.298,0.207,0.00
86.92964,-0.296,0.198,0.00
86.93996,-0.296,0.198,0.00
86.95012,-0.295,0.188,0.00
86.96027,-0.295,0.188,0.00
86.97173,-0.293,0.175,0.00
86.98187,-0.293,0.164,0.00
86.99242,-0.298,0.164,0.00
87.00259,-0.311,0.154,0.00
87.01275,-0.311,0.154,0.00
87.02290,-0.311,0.154,0.00
87.03314,-0.337,0.139,0.00
87.04425,-0.434,0.139,0.00
87.05451,-0.434,0.126,0.00
87.06583,-0.434,0.126,0.00
87.07613,-1.108,0.108,0.00
87.08646,-1.108,0.108,0.00
87.09663,-1.565,0.108,0.00
87.10678,-1.565,0.097,0.00
87.11728,-1.731,0.097,0.00
87.12754,-1.731,0.087,0.00
87.13785,-1.731,0.087,0.00
87.14816,-1.976,0.076,0.00
87.15860,-1.976,0.076,0.00
87.16891,-2.009,0.063,0.00
87.17921,-1.567,0.063,0.00
87.18956,-1.567,0.058,0.00
87.19989,-1.567,0.058,0.00
87.21033,-1.567,0.058,0.00
87.22087,-1.567,0.058,0.00
87.23103,0.282,0.058,0.00
87.24141,0.282,0.064,0.00
87.25170,1.643,0.071,0.00
87.26186,1.643,0.071,0.00
87.27267,3.190,0.077,0.00
87.28285,3.190,0.077,0.00
87.29300,4.838,0.089,0.00
87.30316,6.528,0.098,0.00
87.31337,6.528,0.098,0.00
87.32353,6.528,0.098,0.00
87.33374,6.528,0.098,0.00
87.34397,9.941,0.111,0.00
87.35449,9.941,0.133,0.00
87.38438,11.530,0.155,0.00
87.39461,13.012,0.178,0.00
87.41564,14.270,0.178,10.50
87.42583,15.288,0.238,10.50
87.44738,15.288,0.238,10.50
87.45756,16.099,0.273,10.50
87.47994,16.745,0.292,10.50
87.49034,17.165,0.312,10.50
87.50070,17.165,0.312,10.50
87.51248,17.334,0.312,10.50
87.52270,17.436,0.314,10.50
87.53291,17.436,0.314,10.50
87.54506,17.436,0.314,10.50
87.55573,17.437,0.323,10.50
87.56589,17.163,0.316,10.50
87.57687,17.163,0.316,10.50
87.58705,16.481,0.320,10.50
87.59721,16.481,0.323,10.50
87.60784,15.431,0.323,10.50
87.61824,14.170,0.323,10.50
87.62864,14.170,0.314,10.50
87.63938,14.170,0.314,10.50
87.64957,14.170,0.314,10.50
87.65974,14.170,0.314,10.50
87.66988,10.723,0.299,10.50
87.68730,10.723,0.299,10.50
87.69751,8.773,0.281,10.50
87.72050,6.767,0.250,10.50
87.73099,4.963,0.211,10.50
87.75118,3.260,0.177,10.50
87.76135,3.260,0.177,10.50
87.77151,1.609,0.143,10.50
87.78677,1.609,0.143,10.50
87.79696,0.162,0.155,10.50
87.81543,-1.075,0.202,10.50
87.82574,-2.165,0.184,10.50
87.83590,-2.165,0.184,10.50
87.84830,-2.184,0.209,10.50
87.85935,-2.184,0.209,10.50
87.86965,-1.673,0.269,10.50
87.88000,-1.673,0.269,10.50
87.89128,-1.088,0.296,10.50
87.90133,-0.703,0.348,10.50
87.91211,-0.703,0.348,11.00
87.92275,-0.465,0.451,11.00
87.93382,-0.465,0.451,11.00
87.94414,-0.491,0.541,11.00
87.95455,-0.491,0.541,11.00
87.96471,-0.596,0.611,11.00
87.99244,-0.596,0.680,11.00
88.00260,-0.955,0.767,11.00
88.02324,-0.955,0.767,11.50
88.03343,-1.157,0.870,11.50
88.05569,-1.292,0.964,11.50
88.06775,-1.353,1.054,11.50
88.08731,-1.353,1.054,12.00
88.09789,-1.397,1.113,12.00
88.10804,-1.423,1.179,12.00
88.11978,-1.423,1.225,12.50
88.13015,-1.410,1.225,12.50
88.14032,-1.410,1.225,12.50
88.15171,-1.349,1.232,13.00
88.16371,-1.349,1.232,13.00
88.17447,-1.280,1.221,13.00
88.18465,-1.192,1.192,14.00
88.19481,-1.192,1.192,14.00
88.20498,-1.120,1.156,14.00
88.21525,-1.120,1.156,15.00
88.23391,-1.041,1.121,15.00
88.24430,-0.970,1.121,15.00
88.26321,-0.970,1.048,16.50
88.27360,-0.926,1.048,16.50
88.29680,-0.891,0.928,18.00
88.30707,-0.846,0.893,18.00
88.32802,-0.786,0.864,19.50
88.33889,-0.786,0.864,19.50
88.35938,-0.711,0.864,21.00
88.36961,-0.711,0.799,21.00
88.37996,-0.639,0.768,21.00
88.39206,-0.639,0.768,22.00
88.40247,-0.578,0.749,22.00
88.41288,-0.543,0.756,22.00
88.42403,-0.558,0.767,23.50
88.43467,-0.558,0.767,23.50
88.44562,-0.630,0.755,23.50
88.45586,-0.630,0.755,24.50
88.46620,-0.630,0.755,24.50
88.47666,-0.735,0.761,24.50
88.48772,-0.854,0.739,25.50
88.49819,-0.854,0.739,25.50
88.50853,-0.978,0.762,25.50
88.51938,-0.978,0.762,26.00
88.52957,-1.101,0.791,26.00
88.53973,-1.213,0.791,26.00
88.55022,-1.213,0.813,26.00
88.56825,-1.309,0.879,27.00
88.57964,-1.309,0.899,27.00
88.60081,-1.384,0.899,27.50
88.61098,-1.450,0.994,27.50
88.63118,-1.504,1.018,27.50
88.64135,-1.551,1.018,27.50
88.66356,-1.586,1.093,28.00
88.67536,-1.586,1.135,28.00
88.69545,-1.609,1.135,28.00
88.70574,-1.621,1.358,28.00
88.71589,-1.621,1.358,28.00
88.72811,-1.621,1.471,28.00
88.73849,-1.621,1.471,28.00
88.74868,-1.608,1.629,28.00
88.76083,-1.579,1.724,28.00
88.77221,-1.579,1.724,28.00
88.78490,-1.579,1.724,28.00
88.79505,-1.536,2.015,28.50
88.80521,-1.536,2.015,28.50
88.81536,-1.536,2.015,28.50
88.82552,-1.500,2.370,28.50
88.83576,-1.465,3.061,28.50
88.84610,-1.427,3.737,28.50
88.87166,-1.427,3.737,28.50
88.88210,-1.395,4.468,28.50
88.90397,-1.365,5.047,28.50
88.91415,-1.334,5.692,28.50
88.93650,-1.298,6.513,28.50
88.94668,-1.298,7.405,28.50
88.96714,-1.263,7.405,28.50
88.97736,-1.235,9.026,28.50
88.98754,-1.235,9.026,28.50
89.00107,-1.217,10.498,28.50
89.01138,-1.200,11.618,28.50
89.02154,-1.178,12.787,28.50
89.03170,-1.178,12.787,28.50
89.04208,-1.148,13.902,28.50
89.05282,-1.148,13.902,28.50
89.06318,-1.148,13.902,28.50
89.07335,-1.116,14.920,28.50
89.08350,-1.116,14.920,28.50
89.09729,-1.091,15.903,28.50
89.10747,-1.077,16.833,28.50
89.11764,-1.077,16.833,28.50
89.14366,-1.071,18.033,28.50
89.15386,-1.064,19.027,28.50
89.17555,-1.050,20.069,28.50
89.18608,-1.050,20.069,28.50
89.20803,-1.027,21.758,28.50
89.21868,-1.027,21.758,28.50
89.23914,-1.021,22.457,28.50
89.24933,-1.025,23.057,28.50
89.25948,-1.025,23.057,28.50
89.27115,-1.025,23.647,28.50
89.28138,-1.023,24.207,28.50
89.29158,-1.023,24.207,28.50
89.30365,-1.023,24.664,28.50
89.31555,-1.022,24.664,28.50
89.32573,-1.022,24.664,28.50
89.33590,-1.018,25.203,28.50
89.34630,-1.015,25.658,28.50
89.35645,-1.015,25.658,28.50
89.36790,-1.004,26.189,28.50
89.37924,-1.004,26.189,28.50
89.38940,-0.988,26.668,28.50
89.41696,-0.963,27.203,28.50
89.42713,-0.931,27.840,28.50
89.44841,-0.901,28.541,28.50
89.45857,-0.901,28.541,28.50
89.47921,-0.862,29.156,28.50
89.48942,-0.827,29.693,28.50
89.49957,-0.827,29.693,28.50
89.51135,-0.827,30.246,28.50
89.52153,-0.797,30.246,28.50
89.53168,-0.774,30.737,28.50
89.54357,-0.760,30.737,28.50
89.55374,-0.760,31.205,28.50
89.56390,-0.745,31.697,28.50
89.57519,-0.745,31.697,28.50
89.58587,-0.745,32.072,28.50
89.59603,-0.737,32.072,28.50
89.60748,-0.737,32.072,0.00
89.61803,-0.736,32.482,0.00
89.62819,-0.742,32.863,0.00
89.63834,-0.742,32.863,0.00
89.64850,-0.747,33.191,0.00
89.65868,-0.744,33.622,0.00
89.66884,-0.744,33.622,0.00
89.67900,-0.744,33.622,0.00
89.68917,-0.727,34.058,0.00
89.69934,-0.727,34.058,0.00
89.70949,-0.727,34.058,0.00
89.71965,-0.692,34.437,0.00
89.72982,-0.692,34.437,0.00
89.73998,-0.494,35.360,0.00
89.75014,-0.494,35.360,0.00
89.76029,-0.303,35.717,0.00
89.77055,-0.303,35.717,0.00
89.78074,-0.303,35.717,0.00
89.79090,-0.100,36.037,0.00
89.80105,0.119,36.353,0.00
89.81120,0.119,36.353,0.00
89.82136,0.119,36.353,0.00
89.83152,0.337,36.711,0.00
89.84168,0.530,36.981,0.00
89.85193,0.530,36.981,0.00
89.86243,0.708,37.319,0.00
89.87258,0.708,37.319,0.00
89.88290,0.708,37.319,0.00
89.89316,0.864,37.640,0.00
89.90355,0.864,37.640,0.00
89.91372,0.864,37.640,0.00
89.92389,1.119,38.218,0.00
89.93404,1.119,38.218,0.00
89.94421,1.198,38.650,0.00
89.95438,1.198,38.650,0.00
89.96471,1.238,38.867,0.00
89.97524,1.238,38.867,0.00
89.98556,1.228,39.117,0.00
89.99567,1.228,39.117,0.00
90.00583,1.228,39.117,0.00
90.01610,1.188,39.272,0.00
90.02626,1.129,39.243,0.00
90.03642,1.129,39.243,0.00
90.04658,1.032,38.941,0.00
90.05711,1.032,38.941,0.00
90.06726,0.911,38.246,0.00
90.07740,0.729,38.246,0.00
90.08755,0.729,37.298,0.00
90.09769,0.729,37.298,0.00
90.10835,0.729,37.298,0.00
90.11970,0.501,36.093,0.00
90.12988,0.271,34.668,0.00
90.14007,0.271,34.668,0.00
90.15021,0.071,32.975,0.00
90.16038,0.071,32.975,0.00
90.17092,-0.089,31.073,0.00
90.18131,-0.213,28.996,0.00
90.19164,-0.213,28.996,0.00
90.20208,-0.305,26.981,0.00
90.21229,-0.305,26.981,0.00
90.22261,-0.355,25.262,0.00
90.23276,-0.355,25.262,0.00
90.24294,-0.355,23.639,0.00
90.25310,-0.399,23.639,0.00
90.26348,-0.457,21.818,0.00
90.27386,-0.457,21.818,0.00
90.28421,-0.457,20.059,0.00
90.29459,-0.531,20.059,0.00
90.30479,-0.612,18.250,0.00
90.31494,-0.612,18.250,0.00
90.32523,-0.685,16.654,0.00
90.33587,-0.685,16.654,0.00
90.34610,-0.727,15.274,0.00
90.35635,-0.727,15.274,0.00
90.36659,-0.727,15.274,0.00
90.37688,-0.729,13.961,0.00
90.38713,-0.691,12.562,0.00
90.39742,-0.609,12.562,0.00
90.40763,-0.609,11.100,0.00
90.41801,-0.609,11.100,0.00
90.42817,-0.503,9.406,0.00
90.43889,-0.503,9.406,0.00
90.44906,-0.406,7.818,0.00
90.45926,-0.406,6.192,0.00
90.46942,-0.335,6.192,0.00
90.47958,-0.335,4.510,0.00
90.48974,-0.295,4.510,0.00
90.50019,-0.295,2.892,0.00
90.51036,-0.272,2.892,0.00
90.52052,-0.272,2.892,0.00
90.53068,-0.249,1.366,0.00
90.54084,-0.249,1.366,0.00
90.55105,-0.205,0.037,0.00
90.56120,-0.138,-1.104,0.00
90.57136,-0.138,-1.104,0.00
90.58152,-0.061,-1.986,0.00
90.59170,-0.061,-1.986,0.00
90.60186,0.019,-2.555,0.00
90.61201,0.019,-2.555,0.00
90.62216,0.019,-2.555,0.00
90.63232,0.110,-2.828,0.00
90.64247,0.203,-2.974,0.00
90.65275,0.203,-2.974,0.00
90.66297,0.203,-3.051,0.00
90.67312,0.286,-3.051,0.00
90.68338,0.349,-3.031,0.00
90.69367,0.349,-3.031,0.00
90.70397,0.399,-2.863,0.00
90.71430,0.399,-2.863,0.00
90.72447,0.399,-2.863,0.00
90.73488,0.445,-2.597,0.00
90.74504,0.489,-2.043,0.00
90.75520,0.489,-2.043,0.00
90.76552,0.530,-1.764,0.00
90.77570,0.530,-1.764,0.00
90.78613,0.561,-1.487,0.00
90.79630,0.561,-1.487,0.00
90.80646,0.582,-1.391,0.00
90.81663,0.582,-1.391,0.00
90.82700,0.599,-1.485,0.00
90.83748,0.609,-1.485,0.00
90.84778,0.609,-1.569,0.00
90.85850,0.609,-1.569,0.00
90.86866,0.607,-1.666,0.00
90.87904,0.591,-1.728,0.00
90.88939,0.591,-1.728,0.00
90.89955,0.591,-1.705,0.00
90.90976,0.569,-1.705,0.00
90.91992,0.569,-1.705,0.00
90.93010,0.569,-1.705,0.00
90.94026,0.535,-1.635,0.00
90.95042,0.485,-1.549,0.00
90.96063,0.485,-1.549,0.00
90.97086,0.425,-1.411,0.00
90.98111,0.365,-1.252,0.00
90.99139,0.365,-1.252,0.00
91.00155,0.305,-1.064,0.00
91.01172,0.305,-1.064,0.00
91.02187,0.249,-0.918,0.00
91.03316,0.249,-0.918,0.00
91.04332,0.195,-0.835,0.00
91.05375,0.195,-0.835,0.00
91.06426,0.144,-0.803,0.00
91.07447,0.144,-0.803,0.00
91.08469,0.144,-0.803,0.00
91.09513,0.144,-0.803,0.00
91.10548,0.101,-0.838,0.00
91.11575,0.064,-0.838,0.00
91.12693,0.064,-0.968,0.00
91.15343,0.014,-1.004,0.00
91.16361,0.014,-1.004,0.00
91.17439,0.014,-1.017,0.00
91.18534,0.014,-1.017,0.00
91.20095,-0.024,-0.987,0.00
91.21241,-0.024,-0.950,0.00
91.22287,-0.024,-0.893,0.00
91.23872,-0.045,-0.893,0.00
91.25042,-0.045,-0.840,0.00
91.26115,-0.045,-0.840,0.00
91.27962,-0.044,-0.793,0.00
91.30408,-0.042,-0.793,0.00
91.31950,-0.038,-0.720,0.00
91.33096,-0.038,-0.694,0.00
91.34384,-0.038,-0.694,0.00
91.35936,-0.038,-0.665,0.00
91.37020,-0.038,-0.665,0.00
91.38118,-0.038,-0.630,0.00
91.39705,-0.038,-0.630,0.00
91.41061,-0.046,-0.616,0.00
91.42087,-0.046,-0.604,0.00
91.44065,-0.057,-0.604,0.00
91.46185,-0.057,-0.591,0.00
91.47465,-0.057,-0.591,0.00
91.49024,-0.095,-0.581,0.00
91.50185,-0.095,-0.581,0.00
91.52497,-0.131,-0.581,0.00
91.53515,-0.131,-0.581,0.00
91.54650,-0.131,-0.581,0.00
91.55834,-0.131,-0.581,0.00
91.57035,-0.131,-0.590,0.00
91.58249,-0.131,-0.590,0.00
91.60798,-0.213,-0.597,0.00
91.62383,-0.249,-0.603,0.00
91.64567,-0.285,-0.608,0.00
91.65715,-0.285,-0.608,0.00
91.67407,-0.344,-0.617,0.00
91.68965,-0.364,-0.617,0.00
91.70625,-0.364,-0.613,0.00
91.71692,-0.364,-0.613,0.00
91.73380,-0.364,-0.610,0.00
91.74490,-0.364,-0.610,0.00
91.76062,-0.398,-0.610,0.00
91.77606,-0.427,-0.603,0.00
91.78700,-0.427,-0.603,0.00
91.79856,-0.436,-0.613,0.00
91.80917,-0.443,-0.613,0.00
91.81958,-0.443,-0.618,0.00
91.83533,-0.450,-0.618,0.00
91.85297,-0.453,-0.628,0.00
91.86395,-0.453,-0.628,0.00
91.87960,-0.456,-0.640,0.00
91.89090,-0.456,-0.640,0.00
91.90257,-0.456,-0.668,0.00
91.92402,-0.445,-0.692,0.00
91.94079,-0.445,-0.692,0.00
91.95229,-0.445,-0.714,0.00
91.96932,-0.438,-0.733,0.00
91.99058,-0.434,-0.733,0.00
92.00130,-0.434,-0.750,0.00
92.02506,-0.429,-0.798,0.00
92.04289,-0.429,-0.798,0.00
92.05438,-0.427,-0.798,0.00
92.07086,-0.426,-0.847,0.00
92.08215,-0.426,-0.847,0.00
92.09240,-0.426,-0.847,0.00
92.10555,-0.425,-0.898,0.00
92.16851,-0.422,-0.898,0.00
92.17880,-0.422,-0.948,0.00
92.24110,-0.434,-0.972,0.00
92.25446,-0.434,-0.331,0.00
92.26471,-0.185,-0.331,0.00
92.27487,-0.200,-0.327,0.00
92.28504,-0.207,-0.323,0.00
92.29556,-0.207,-0.323,0.00
92.30583,-0.211,-0.322,0.00
92.31630,-0.211,-0.319,0.00
92.32671,-0.210,-0.319,0.00
92.33818,-0.210,-0.319,0.00
92.34834,-0.204,-0.310,0.00
92.35859,-0.204,-0.310,0.00
92.36883,-0.204,-0.310,0.00
92.38006,-0.198,-0.294,0.00
92.39072,-0.186,-0.278,0.00
92.40096,-0.179,-0.261,0.00
92.41115,-0.179,-0.261,0.00
92.42140,-0.168,-0.241,0.00
92.43184,-0.168,-0.241,0.00
92.44226,-0.156,-0.225,0.00
92.45258,-0.156,-0.225,0.00
92.46297,-0.145,-0.203,0.00
92.47342,-0.145,-0.203,0.00
92.48376,-0.132,-0.178,0.00
92.49412,-0.132,-0.178,0.00
92.50427,-0.121,-0.160,0.00
92.51449,-0.121,-0.160,0.00
92.52469,-0.111,-0.160,0.00
92.53487,-0.111,-0.140,0.00
92.54502,-0.100,-0.115,0.00
92.55518,-0.100,-0.115,0.00
92.56552,-0.100,-0.115,0.00
92.57581,-0.078,-0.096,0.00
92.58626,-0.078,-0.079,0.00
92.59704,-0.078,-0.079,0.00
92.60735,-0.067,-0.058,0.00
92.61752,-0.055,-0.058,0.00
92.62856,-0.055,-0.040,0.00
92.63886,-0.045,-0.040,0.00
92.64920,-0.045,-0.025,0.00
92.65956,-0.045,-0.025,0.00
92.67029,-0.045,-0.025,0.00
92.68053,-0.037,-0.009,0.00
92.69081,-0.032,0.011,0.00
92.70132,-0.025,0.028,0.00
92.71147,-0.025,0.028,0.00
92.72186,-0.019,0.043,0.00
92.73202,-0.019,0.043,0.00
92.74219,-0.009,0.051,0.00
92.75237,-0.009,0.051,0.00
92.76253,-0.004,0.062,0.00
92.77268,-0.004,0.062,0.00
92.78283,0.003,0.068,0.00
92.79421,0.003,0.068,0.00
92.80439,0.005,0.073,0.00
92.81455,0.005,0.073,0.00
92.82468,0.004,0.080,0.00
92.83501,0.004,0.080,0.00
92.84540,0.009,0.085,0.00
92.85563,0.009,0.085,0.00
92.86579,0.008,0.082,0.00
92.87619,0.008,0.082,0.00
92.88648,0.002,0.083,0.00
92.89672,0.002,0.083,0.00
92.90697,-0.006,0.086,0.00
92.91715,-0.006,0.086,0.00
92.92730,-0.010,0.087,0.00
92.93747,-0.010,0.087,0.00
92.94762,-0.010,0.084,0.00
92.95801,-0.010,0.084,0.00
92.96814,-0.006,0.084,0.00
92.97835,-0.006,0.084,0.00
92.98851,-0.002,0.086,0.00
92.99871,-0.002,0.086,0.00
93.00891,0.002,0.091,0.00
93.01905,0.008,0.091,0.00
93.02927,0.008,0.093,0.00
93.03943,0.008,0.093,0.00
93.04959,0.011,0.095,0.00
93.05986,0.011,0.095,0.00
93.07002,0.018,0.098,0.00
93.08039,0.018,0.098,0.00
93.09071,0.018,0.098,0.00
93.10107,0.022,0.098,0.00
93.11159,0.022,0.098,0.00
93.12230,0.022,0.103,0.00
93.13245,0.024,0.103,0.00
93.14388,0.021,0.111,0.00
93.15408,0.021,0.111,0.00
93.16563,0.019,0.117,0.00
93.17579,0.019,0.117,0.00
93.18782,0.019,0.128,0.00
93.19810,0.020,0.128,0.00
93.20826,0.020,0.128,0.00
93.21842,0.020,0.131,0.00
93.22858,0.021,0.136,0.00
93.23934,0.021,0.136,0.00
93.24950,0.024,0.146,0.00
93.25966,0.024,0.152,0.00
93.26983,0.028,0.152,0.00
93.28021,0.028,0.152,0.00
93.29046,0.028,0.159,0.00
93.30064,0.039,0.169,0.00
93.31224,0.039,0.169,0.00
93.32257,0.039,0.181,0.00
93.33279,0.042,0.181,0.00
93.34295,0.048,0.196,0.00
93.35309,0.048,0.196,0.00
93.36410,0.048,0.196,0.00
93.37425,0.055,0.210,0.00
93.38440,0.055,0.222,0.00
93.39523,0.057,0.222,0.00
93.40579,0.058,0.236,0.00
93.41642,0.058,0.236,0.00
93.42678,0.059,0.244,0.00
93.43820,0.059,0.244,0.00
93.44887,0.058,0.256,0.00
93.45903,0.058,0.268,0.00
93.46918,0.050,0.268,0.00
93.47939,0.050,0.268,0.00
93.48963,0.041,0.277,0.00
93.49991,0.035,0.277,0.00
93.51011,0.035,0.277,0.00
93.52040,0.035,0.277,0.00
93.53064,0.027,0.281,0.00
93.54101,0.027,0.281,0.00
93.55116,0.013,0.286,0.00
93.56150,0.003,0.287,0.00
93.57193,0.003,0.287,0.00
93.58237,0.003,0.287,0.00
93.59255,-0.005,0.287,0.00
93.60274,-0.009,0.290,0.00
93.61466,-0.009,0.295,0.00
93.62486,-0.008,0.303,0.00
93.63556,-0.008,0.303,0.00
93.64571,-0.009,0.311,0.00
93.65718,-0.009,0.320,0.00
93.66736,-0.009,0.320,0.00
93.67822,-0.009,0.320,0.00
93.68846,-0.017,0.330,0.00
93.69990,-0.017,0.330,0.00
93.71019,-0.081,0.340,0.00
93.72035,-0.081,0.340,0.00
93.73059,-0.243,0.349,0.00
93.74079,-0.629,0.355,0.00
93.75113,-0.629,0.355,0.00
93.76129,-1.049,0.361,0.00
93.77169,-1.049,0.361,0.00
93.78201,-1.049,0.361,0.00
93.79217,-1.342,0.370,0.00
93.80233,-1.369,0.370,0.00
93.81249,-1.369,0.369,0.00
93.82264,-0.852,0.369,0.00
93.83284,-0.852,0.369,0.00
93.84384,0.013,0.375,0.00
93.85401,0.013,0.375,0.00
93.86505,0.947,0.370,0.00
93.87531,0.947,0.370,0.00
93.88546,2.166,0.368,0.00
93.89561,2.166,0.368,0.00
93.90635,3.543,0.371,0.00
93.91650,3.543,0.371,0.00
93.92666,4.970,0.374,0.00
93.93681,4.970,0.376,0.00
93.94695,6.495,0.376,0.00
93.95715,6.495,0.376,0.00
93.96730,8.081,0.380,0.00
93.97850,8.081,0.380,0.00
93.98869,9.772,0.388,0.00
93.99908,9.772,0.388,0.00
94.00969,11.441,0.397,0.00
94.01993,11.441,0.397,0.00
94.03010,13.048,0.406,0.00
94.05531,13.048,0.406,10.50
94.06612,16.074,0.427,10.50
94.08770,16.074,0.433,10.50
94.09788,17.485,0.433,10.50
94.11940,19.703,0.445,10.50
94.12972,19.703,0.463,10.50
94.15302,19.703,0.463,10.50
94.16319,21.515,0.454,10.50
94.18313,21.515,0.454,10.50
94.19332,21.904,0.426,10.50
94.20348,21.904,0.426,10.50
94.21699,21.904,0.426,10.50
94.22719,21.621,0.344,10.50
94.23735,21.621,0.344,10.50
94.24798,21.008,0.294,10.50
94.25833,20.051,0.242,10.50
94.26863,20.051,0.242,10.50
94.27989,18.792,0.178,10.50
94.29068,18.792,0.178,10.50
94.30089,18.792,0.178,10.50
94.31109,18.792,0.178,10.50
94.32126,17.400,0.098,10.50
94.33142,15.784,0.019,10.50
94.34159,15.784,0.019,10.50
94.35981,12.292,-0.144,10.50
94.37011,12.292,-0.144,10.50
94.39498,12.292,-0.229,10.50
94.40515,10.496,-0.229,10.50
94.42390,6.499,-0.398,10.50
94.43422,6.499,-0.398,10.50
94.44466,6.499,-0.435,10.50
94.45765,4.662,-0.435,10.50
94.46807,2.856,-0.489,10.50
94.47827,1.169,-0.552,10.50
94.48842,1.169,-0.552,10.50
94.49897,1.169,-0.552,10.50
94.50914,-0.239,-0.593,10.50
94.51960,-0.239,-0.593,10.50
94.52977,-1.291,-0.593,10.50
94.54122,-1.291,-0.593,10.50
94.55163,-1.968,-0.591,11.00
94.56217,-1.780,-0.591,11.00
94.57232,-1.780,-0.538,11.00
94.58338,-1.193,-0.485,11.00
94.59388,-1.193,-0.485,11.00
94.60419,-1.193,-0.485,11.00
94.63174,0.176,-0.248,11.00
94.64190,0.176,-0.248,11.00
94.66448,0.725,0.021,11.50
94.67487,0.725,0.021,11.50
94.69741,0.518,0.144,11.50
94.70758,0.518,0.258,11.50
94.72985,0.296,0.258,12.00
94.74005,0.296,0.339,12.00
94.75916,0.101,0.339,12.50
94.76935,-0.007,0.494,12.50
94.77951,-0.007,0.494,12.50
94.79171,-0.040,0.545,13.50
94.80203,-0.026,0.545,13.50
94.81219,-0.026,0.592,13.50
94.82411,-0.026,0.592,14.00
94.83445,0.033,0.618,14.00
94.84523,0.033,0.618,14.00
94.85543,0.033,0.618,15.00
94.86559,0.116,0.653,15.00
94.87575,0.212,0.658,15.00
94.88809,0.305,0.620,16.50
94.89834,0.305,0.620,16.50
94.90849,0.305,0.605,16.50
94.93630,0.465,0.605,18.00
94.94649,0.529,0.530,18.00
94.96771,0.529,0.490,19.50
94.97838,0.573,0.490,19.50
94.99984,0.605,0.342,20.50
95.01075,0.605,0.342,20.50
95.03112,0.605,0.342,22.00
95.04130,0.614,0.242,22.00
95.05146,0.625,0.242,22.00
95.06322,0.625,0.242,23.50
95.07366,0.635,0.209,23.50
95.08426,0.636,0.209,23.50
95.09549,0.636,0.172,24.50
95.10566,0.617,0.186,24.50
95.11584,0.617,0.186,24.50
95.12738,0.617,0.196,25.50
95.13756,0.578,0.196,25.50
95.14771,0.512,0.260,25.50
95.15947,0.512,0.260,26.00
95.16980,0.419,0.330,26.00
95.18031,0.419,0.330,26.00
95.19219,0.315,0.398,27.00
95.20234,0.203,0.398,27.00
95.21250,0.203,0.512,27.00
95.23975,0.203,0.512,27.00
95.25019,0.091,0.577,27.00
95.27182,-0.011,0.770,27.50
95.28336,-0.199,0.912,27.50
95.30307,-0.199,0.912,28.00
95.31352,-0.284,1.041,28.00
95.33742,-0.357,1.188,28.00
95.34758,-0.414,1.380,28.00
95.36718,-0.414,1.380,28.00
95.37735,-0.460,1.556,28.00
95.38774,-0.460,1.556,28.00
95.39940,-0.492,1.813,28.50
95.41011,-0.518,2.019,28.50
95.42027,-0.534,2.297,28.50
95.43161,-0.534,2.297,28.50
95.44180,-0.534,2.297,28.50
95.45196,-0.535,2.677,28.50
95.46481,-0.533,3.171,28.50
95.47497,-0.533,3.171,28.50
95.48566,-0.527,3.858,28.50
95.51131,-0.527,3.858,28.50
95.52152,-0.537,4.552,28.50
95.54390,-0.537,4.552,28.50
95.55600,-0.543,5.168,28.50
95.57648,-0.567,6.457,28.50
95.58665,-0.580,7.205,28.50
95.60796,-0.597,8.050,28.50
95.61985,-0.597,8.050,28.50
95.63943,-0.648,8.835,28.50
95.64999,-0.648,9.607,28.50
95.66026,-0.648,9.607,28.50
95.67127,-0.648,9.607,28.50
95.68146,-0.729,11.118,28.50
95.69163,-0.729,11.118,28.50
95.70416,-0.780,11.681,28.50
95.71431,-0.780,11.681,28.50
95.72451,-0.824,12.266,28.50
95.73573,-0.824,12.266,28.50
95.74603,-0.866,13.103,28.50
95.75608,-0.866,13.103,28.50
95.76719,-0.906,14.498,28.50
95.77738,-0.906,14.498,28.50
95.78753,-0.951,15.609,28.50
95.81589,-0.994,16.964,28.50
95.82617,-1.028,18.625,28.50
95.84821,-1.057,18.625,28.50
95.85876,-1.083,20.040,28.50
95.88021,-1.083,20.040,28.50
95.89177,-1.114,20.380,28.50
95.91276,-1.150,20.749,28.50
95.92293,-1.187,20.749,28.50
95.94555,-1.187,21.517,28.50
95.95571,-1.226,21.517,28.50
95.96622,-1.265,21.934,28.50
95.97656,-1.265,21.934,28.50
95.98674,-1.308,22.296,28.50
95.99766,-1.308,22.296,28.50
96.00806,-1.308,22.296,28.50
96.01825,-1.354,22.792,28.50
96.02841,-1.398,23.197,28.50
96.03996,-1.398,23.197,28.50
96.05014,-1.433,23.197,28.50
96.06052,-1.461,23.491,28.50
96.07210,-1.461,23.808,28.50
96.08229,-1.487,23.808,28.50
96.09329,-1.487,24.165,28.50
96.12002,-1.533,24.824,28.50
96.13063,-1.533,24.824,28.50
96.15098,-1.533,24.824,28.50
96.16322,-1.580,25.202,28.50
96.18307,-1.580,25.202,28.50
96.19323,-1.599,25.330,28.50
96.21817,-1.619,25.527,28.50
96.22843,-1.619,25.715,28.50
96.23860,-1.619,25.715,0.00
96.24876,-1.623,25.925,0.00
96.25893,-1.623,26.072,0.00
96.26909,-1.621,26.072,0.00
96.27926,-1.621,26.211,0.00
96.28951,-1.615,26.211,0.00
96.29977,-1.615,26.211,0.00
96.31008,-1.607,26.449,0.00
96.32024,-1.607,26.668,0.00
96.33040,-1.582,26.668,0.00
96.34067,-1.582,26.668,0.00
96.35083,-1.538,26.819,0.00
96.36099,-1.467,26.819,0.00
96.37124,-1.467,26.955,0.00
96.38155,-1.467,26.955,0.00
96.39164,-1.343,27.042,0.00
96.40181,-1.343,27.042,0.00
96.41215,-1.170,27.244,0.00
96.42313,-0.964,27.359,0.00
96.43354,-0.964,27.359,0.00
96.44366,-0.774,27.535,0.00
96.45382,-0.774,27.535,0.00
96.46406,-0.603,27.725,0.00
96.47434,-0.603,27.725,0.00
96.48450,-0.428,27.880,0.00
96.49466,-0.428,27.880,0.00
96.50481,-0.211,28.060,0.00
96.51515,-0.211,28.060,0.00
96.52530,0.012,28.195,0.00
96.53568,0.012,28.195,0.00
96.54583,0.237,28.419,0.00
96.55614,0.237,28.419,0.00
96.56649,0.455,28.586,0.00
96.57668,0.455,28.586,0.00
96.58684,0.661,28.819,0.00
96.59813,0.661,28.819,0.00
96.60847,0.859,29.084,0.00
96.61863,1.038,29.084,0.00
96.62880,1.038,29.266,0.00
96.63951,1.174,29.266,0.00
96.64967,1.174,29.321,0.00
96.66016,1.174,29.321,0.00
96.67163,1.267,29.286,0.00
96.68209,1.304,28.976,0.00
96.69251,1.304,28.976,0.00
96.70284,1.259,28.327,0.00
96.71334,1.259,28.327,0.00
96.72344,1.158,27.503,0.00
96.73421,1.158,27.503,0.00
96.74437,1.000,26.523,0.00
96.75453,1.000,26.523,0.00
96.76468,0.766,25.586,0.00
96.77550,0.766,25.586,0.00
96.78558,0.456,24.490,0.00
96.79658,0.456,24.490,0.00
96.80681,0.134,23.210,0.00
96.81835,0.134,23.210,0.00
96.82841,-0.194,21.778,0.00
96.83871,-0.194,21.778,0.00
96.84888,-0.521,20.435,0.00
96.85905,-0.834,20.435,0.00
96.86921,-0.834,19.342,0.00
96.87950,-0.834,19.342,0.00
96.88970,-1.135,18.443,0.00
96.90004,-1.426,17.481,0.00
96.91046,-1.426,17.481,0.00
96.92062,-1.426,17.481,0.00
96.93076,-1.681,16.601,0.00
96.94093,-1.681,16.601,0.00
96.95118,-1.892,15.998,0.00
96.96137,-2.065,15.323,0.00
96.97156,-2.065,15.323,0.00
96.98173,-2.204,14.731,0.00
96.99206,-2.204,14.731,0.00
97.00231,-2.309,14.118,0.00
97.01248,-2.309,14.118,0.00
97.02267,-2.391,13.477,0.00
97.03307,-2.391,13.477,0.00
97.04339,-2.456,12.876,0.00
97.05381,-2.456,12.876,0.00
97.06400,-2.456,12.876,0.00
97.07418,-2.456,12.876,0.00
97.08436,-2.504,12.265,0.00
97.09461,-2.537,11.706,0.00
97.10485,-2.558,11.117,0.00
97.11500,-2.558,11.117,0.00
97.12516,-2.568,10.461,0.00
97.13540,-2.568,10.461,0.00
97.14564,-2.570,9.808,0.00
97.15579,-2.570,9.808,0.00
97.16605,-2.563,9.081,0.00
97.17621,-2.563,9.081,0.00
97.18636,-2.549,8.330,0.00
97.19652,-2.549,8.330,0.00
97.20696,-2.530,7.558,0.00
97.21821,-2.530,7.558,0.00
97.22837,-2.507,6.741,0.00
97.24009,-2.507,6.741,0.00
97.25033,-2.479,6.090,0.00
97.26049,-2.443,5.582,0.00
97.27078,-2.443,5.582,0.00
97.28093,-2.443,5.099,0.00
97.29109,-2.400,5.099,0.00
97.30127,-2.360,5.099,0.00
97.31149,-2.360,4.657,0.00
97.32181,-2.309,4.282,0.00
97.33334,-2.309,4.282,0.00
97.34351,-2.250,3.851,0.00
97.35374,-2.250,3.851,0.00
97.36382,-2.250,3.851,0.00
97.37400,-2.184,3.504,0.00
97.38416,-2.184,3.504,0.00
97.39431,-2.120,2.989,0.00
97.40491,-2.120,2.989,0.00
97.41506,-2.055,2.672,0.00
97.42522,-2.055,2.672,0.00
97.43550,-1.989,2.353,0.00
97.44576,-1.917,1.983,0.00
97.45667,-1.917,1.983,0.00
97.46683,-1.855,1.697,0.00
97.47698,-1.855,1.697,0.00
97.48714,-1.788,1.423,0.00
97.49730,-1.788,1.423,0.00
97.50744,-1.714,1.138,0.00
97.51759,-1.638,0.850,0.00
97.52799,-1.638,0.850,0.00
97.53877,-1.638,0.850,0.00
97.54908,-1.559,0.528,0.00
97.55924,-1.485,0.220,0.00
97.56953,-1.485,0.220,0.00
97.57986,-1.485,0.220,0.00
97.59032,-1.412,-0.070,0.00
97.60068,-1.343,-0.398,0.00
97.61102,-1.343,-0.398,0.00
97.62159,-1.263,-0.689,0.00
97.63230,-1.263,-0.689,0.00
97.64253,-1.185,-0.968,0.00
97.65269,-1.185,-0.968,0.00
97.66310,-1.105,-1.175,0.00
97.67325,-1.105,-1.175,0.00
97.68361,-1.105,-1.175,0.00
97.69412,-1.028,-1.365,0.00
97.70450,-0.948,-1.520,0.00
97.71484,-0.948,-1.520,0.00
97.72548,-0.948,-1.520,0.00
97.73566,-0.874,-1.596,0.00
97.75652,-0.805,-1.613,0.00
97.76733,-0.740,-1.613,0.00
97.79676,-0.682,-1.583,0.00
97.80730,-0.641,-1.583,0.00
97.82702,-0.641,-1.583,0.00
97.83772,-0.614,-1.469,0.00
97.85516,-0.596,-1.447,0.00
97.86565,-0.581,-1.447,0.00
97.87604,-0.581,-1.460,0.00
97.89248,-0.572,-1.481,0.00
97.90655,-0.571,-1.490,0.00
97.92228,-0.571,-1.490,0.00
97.93251,-0.576,-1.490,0.00
97.94411,-0.576,-1.548,0.00
97.95888,-0.584,-1.562,0.00
97.96906,-0.601,-1.562,0.00
97.98451,-0.623,-1.543,0.00
97.99662,-0.623,-1.543,0.00
98.01434,-0.644,-1.505,0.00
98.02513,-0.662,-1.442,0.00
98.03789,-0.662,-1.442,0.00
98.07506,-0.688,-1.292,0.00
98.08606,-0.688,-1.292,0.00
98.12207,-0.684,-1.100,0.00
98.13525,-0.674,-1.013,0.00
98.15457,-0.659,-0.942,0.00
98.16571,-0.659,-0.863,0.00
98.17679,-0.631,-0.863,0.00
98.19274,-0.595,-0.784,0.00
98.20292,-0.568,-0.784,0.00
98.21346,-0.568,-0.720,0.00
98.22495,-0.568,-0.673,0.00
98.23653,-0.532,-0.673,0.00
98.24790,-0.500,-0.634,0.00
98.25815,-0.500,-0.634,0.00
98.26851,-0.464,-0.634,0.00
98.27894,-0.464,-0.597,0.00
98.28944,-0.429,-0.597,0.00
98.30010,-0.429,-0.563,0.00
98.31136,-0.429,-0.532,0.00
98.32344,-0.388,-0.505,0.00
98.33544,-0.352,-0.505,0.00
98.34584,-0.320,-0.505,0.00
98.36223,-0.296,-0.450,0.00
98.37299,-0.296,-0.450,0.00
98.38346,-0.296,-0.450,0.00
98.39363,-0.296,-0.428,0.00
98.40560,-0.280,-0.428,0.00
98.41658,-0.268,-0.428,0.00
98.42678,-0.268,-0.398,0.00
98.43725,-0.260,-0.398,0.00
98.44813,-0.260,-0.396,0.00
98.45851,-0.263,-0.396,0.00
98.46878,-0.263,-0.396,0.00
98.47968,-0.279,-0.401,0.00
98.49556,-0.303,-0.401,0.00
98.50575,-0.303,-0.398,0.00
98.51855,-0.321,-0.398,0.00
98.53408,-0.354,-0.392,0.00
98.55190,-0.387,-0.396,0.00
98.59633,-0.449,-0.433,0.00
98.61264,-0.475,-0.456,0.00
98.62829,-0.487,-0.456,0.00
98.64091,-0.486,-0.526,0.00
98.65703,-0.486,-0.526,0.00
98.66883,-0.478,-0.572,0.00
98.67954,-0.478,-0.572,0.00
98.69103,-0.478,-0.627,0.00
98.71169,-0.478,-0.627,0.00
98.72504,-0.478,-0.721,0.00
98.73710,-0.357,-0.721,0.00
98.78826,-0.357,-0.721,0.00
98.84942,-0.110,-0.858,0.00
98.85961,0.222,-1.046,0.00
98.86978,0.347,-1.127,0.00
98.88004,0.970,-0.577,0.00
98.89145,0.970,-0.577,0.00
98.90171,0.970,-0.577,0.00
98.91202,1.088,-0.662,0.00
98.92219,1.208,-0.744,0.00
98.93234,1.208,-0.744,0.00
98.94269,1.208,-0.744,0.00
98.95286,1.208,-0.744,0.00
98.96311,1.313,-0.807,0.00
98.97323,1.393,-0.860,0.00
98.98340,1.472,-0.897,0.00
98.99357,1.472,-0.897,0.00
99.00388,1.550,-0.910,0.00
99.01404,1.550,-0.910,0.00
99.02419,1.613,-0.890,0.00
99.03434,1.613,-0.890,0.00
99.04449,1.647,-0.853,0.00
99.05476,1.647,-0.853,0.00
99.06491,1.649,-0.801,0.00
99.07516,1.649,-0.801,0.00
99.08539,1.645,-0.728,0.00
99.09568,1.645,-0.728,0.00
99.10607,1.641,-0.646,0.00
99.11631,1.641,-0.646,0.00
99.12665,1.630,-0.546,0.00
99.13713,1.630,-0.546,0.00
99.14739,1.630,-0.546,0.00
99.15766,1.610,-0.435,0.00
99.16798,1.569,-0.292,0.00
99.17824,1.569,-0.170,0.00
99.18840,1.521,-0.170,0.00
99.19931,1.521,-0.170,0.00
99.20932,1.478,-0.050,0.00
99.21972,1.478,-0.050,0.00
99.23089,1.436,0.073,0.00
99.24144,1.393,0.181,0.00
99.25181,1.393,0.181,0.00
99.26185,1.348,0.278,0.00
99.27202,1.348,0.278,0.00
99.28222,1.348,0.356,0.00
99.29285,1.304,0.356,0.00
99.30308,1.268,0.420,0.00
99.31324,1.268,0.420,0.00
99.32341,1.236,0.488,0.00
99.33424,1.236,0.488,0.00
99.34439,1.208,0.531,0.00
99.35492,1.208,0.531,0.00
99.36519,1.186,0.555,0.00
99.37534,1.186,0.555,0.00
99.38618,1.168,0.573,0.00
99.39741,1.151,0.573,0.00
99.40755,1.151,0.581,0.00
99.41771,1.151,0.580,0.00
99.42787,1.134,0.580,0.00
99.43854,1.134,0.580,0.00
99.44870,1.109,0.569,0.00
99.45885,1.109,0.549,0.00
99.46903,1.082,0.549,0.00
99.47920,1.082,0.522,0.00
99.48934,1.049,0.522,0.00
99.49949,1.013,0.510,0.00
99.50964,1.013,0.510,0.00
99.51982,1.013,0.510,0.00
99.53022,0.978,0.509,0.00
99.54048,0.942,0.514,0.00
99.55080,0.942,0.514,0.00
99.56123,0.942,0.514,0.00
99.57180,0.906,0.515,0.00
99.58202,0.869,0.502,0.00
99.59253,0.869,0.502,0.00
99.60267,0.832,0.473,0.00
99.61584,0.832,0.473,0.00
99.62600,0.795,0.437,0.00
99.63615,0.795,0.437,0.00
99.64630,0.762,0.396,0.00
99.65647,0.762,0.396,0.00
99.66695,0.731,0.357,0.00
99.67715,0.731,0.357,0.00
99.68732,0.704,0.316,0.00
99.69748,0.704,0.316,0.00
99.70765,0.681,0.278,0.00
99.71781,0.681,0.278,0.00
99.72797,0.662,0.242,0.00
99.73811,0.662,0.242,0.00
99.74826,0.646,0.209,0.00
99.75842,0.646,0.209,0.00
99.76857,0.631,0.177,0.00
99.77874,0.631,0.143,0.00
99.78902,0.623,0.143,0.00
99.79921,0.623,0.143,0.00
99.80954,0.618,0.105,0.00
99.81989,0.618,0.073,0.00
99.83008,0.618,0.073,0.00
99.84023,0.613,0.073,0.00
99.85037,0.613,0.044,0.00
99.86053,0.611,0.044,0.00
99.87142,0.611,0.017,0.00
99.88235,0.611,0.017,0.00
99.89301,0.614,-0.007,0.00
99.90318,0.614,-0.007,0.00
99.91352,0.614,-0.007,0.00
99.92383,0.616,-0.035,0.00
99.93406,0.616,-0.035,0.00
99.94450,0.616,-0.035,0.00
99.95480,0.621,-0.041,0.00
99.96500,0.627,-0.040,0.00
99.97515,0.627,-0.040,0.00
99.98534,0.632,-0.035,0.00
99.99565,0.632,-0.035,0.00
100.00580,0.640,-0.029,0.00
100.01599,0.640,-0.029,0.00
100.02615,0.653,-0.019,0.00
100.03631,0.653,-0.019,0.00
100.04731,0.663,-0.005,0.00
100.05745,0.663,-0.005,0.00
100.06761,0.672,0.011,0.00
100.07808,0.672,0.011,0.00
100.08810,0.672,0.011,0.00
100.09827,0.678,0.031,0.00
100.10843,0.678,0.031,0.00
100.11859,0.684,0.076,0.00
100.12875,0.686,0.076,0.00
100.13890,0.686,0.076,0.00
100.14906,0.686,0.076,0.00
100.15927,0.686,0.076,0.00
100.16978,0.682,0.107,0.00
100.18027,0.682,0.107,0.00
100.19043,0.657,0.177,0.00
100.20059,0.657,0.177,0.00
100.21079,0.657,0.177,0.00
100.22102,0.613,0.177,0.00
100.23219,0.554,0.242,0.00
100.24251,0.554,0.242,0.00
100.25314,0.554,0.242,0.00
100.26329,0.458,0.271,0.00
100.27361,0.303,0.298,0.00
100.28377,0.176,0.298,0.00
100.29463,0.176,0.319,0.00
100.30496,0.310,0.336,0.00
100.31562,0.310,0.336,0.00
100.32577,0.757,0.348,0.00
100.33666,0.757,0.348,0.00
100.34685,1.473,0.361,0.00
100.35709,1.473,0.361,0.00
100.36725,2.370,0.376,0.00
100.37742,2.370,0.376,0.00
100.38758,3.418,0.384,0.00
100.39778,4.597,0.384,0.00
100.40808,4.597,0.388,0.00
100.41823,4.597,0.382,0.00
100.42839,5.867,0.382,0.00
100.43855,5.867,0.382,0.00
100.44882,5.867,0.382,0.00
100.45896,5.867,0.370,0.00
100.46916,8.983,0.353,0.00
100.47935,8.983,0.353,0.00
100.48950,10.677,0.337,0.00
100.50490,12.500,0.337,0.00
100.51525,12.500,0.322,0.00
100.53623,14.355,0.303,10.50
100.54683,14.355,0.303,10.50
100.55720,16.272,0.286,10.50
100.56736,18.322,0.286,10.50
100.57771,18.322,0.276,10.50
100.58799,20.386,0.274,10.50
100.59976,20.386,0.274,10.50
100.61014,22.356,0.277,10.50
100.62030,24.253,0.279,10.50
100.63173,24.253,0.279,10.50
100.64208,24.253,0.279,10.50
100.65229,26.033,0.273,10.50
100.66364,27.644,0.258,10.50
100.67385,27.644,0.258,10.50
100.68400,27.644,0.258,10.50
100.71142,29.062,0.176,10.50
100.72217,30.182,0.176,10.50
100.74333,31.418,0.135,10.50
100.75364,31.418,0.116,10.50
100.77518,31.510,0.105,10.50
100.78536,31.510,0.105,10.50
100.79558,31.353,0.105,10.50
100.80727,31.353,0.103,10.50
100.81744,30.988,0.111,10.50
100.82761,30.988,0.111,10.50
100.84071,30.371,0.118,10.50
100.85087,29.536,0.122,10.50
100.86127,29.536,0.122,10.50
100.87186,28.492,0.118,10.50
100.88211,28.492,0.118,10.50
100.89227,27.257,0.110,10.50
100.90393,25.863,0.227,10.50
100.91443,25.863,0.227,10.50
100.92472,24.370,0.258,10.50
100.93548,24.370,0.258,10.50
100.94584,22.802,0.280,10.50
100.95623,22.802,0.280,10.50
100.98397,19.635,0.374,10.50
100.99564,19.635,0.374,10.50
101.01790,15.845,0.502,10.50
101.02818,15.845,0.502,10.50
101.04727,15.845,0.553,11.00
101.05764,13.883,0.553,11.00
101.08228,13.883,0.630,11.00
101.09294,10.025,0.630,11.00
101.11162,8.193,0.660,11.00
101.12332,6.446,0.678,11.00
101.13419,6.446,0.678,11.00
101.14497,4.831,0.707,11.50
101.15512,4.831,0.707,11.50
101.16541,3.411,0.745,11.50
101.17569,3.411,0.745,11.50
101.18584,2.216,0.806,11.50
101.19728,2.216,0.806,11.50
101.20755,1.223,0.894,12.00
101.21801,1.223,0.894,12.00
101.22806,0.395,0.996,12.00
101.25611,-0.293,1.128,12.50
101.26636,-0.293,1.128,12.50
101.28787,-1.261,1.399,13.50
101.29872,-1.261,1.399,13.50
101.31925,-1.261,1.399,14.00
101.32988,-1.778,1.521,14.00
101.35159,-1.941,1.523,15.50
101.36204,-2.040,1.479,15.50
101.37224,-2.040,1.479,15.50
101.38358,-2.040,1.479,16.50
101.39412,-2.075,1.405,16.50
101.40582,-2.094,1.405,16.50
101.41617,-2.094,1.324,18.00
101.42641,-2.094,1.227,18.00
101.43671,-2.094,1.148,18.00
101.44793,-2.074,1.148,19.50
101.45821,-2.074,1.148,19.50
101.46837,-2.037,1.060,19.50
101.47905,-2.037,1.060,21.00
101.48920,-1.994,0.985,21.00
101.49945,-1.994,0.985,21.00
101.50984,-1.929,0.920,21.00
101.52723,-1.832,0.920,22.50
101.53756,-1.832,0.861,22.50
101.55927,-1.703,0.816,23.50
101.56979,-1.554,0.759,23.50
101.59156,-1.554,0.759,24.50
101.60178,-1.395,0.724,24.50
101.62353,-1.395,0.700,25.50
101.63385,-1.060,0.700,25.50
101.64519,-0.883,0.741,25.50
101.65846,-0.883,0.741,26.50
101.66865,-0.742,0.802,26.50
101.67880,-0.622,0.802,26.50
101.68896,-0.622,0.890,27.00
101.69911,-0.540,0.987,27.00
101.70925,-0.540,0.987,27.00
101.72045,-0.471,0.987,27.50
101.73170,-0.471,1.120,27.50
101.74207,-0.395,1.318,27.50
101.76769,-0.317,1.513,27.50
101.77813,-0.317,1.513,27.50
101.79995,-0.249,1.734,28.00
101.81028,-0.182,2.024,28.00
101.83181,-0.102,2.345,28.00
101.84201,-0.102,2.718,28.00
101.86420,0.064,3.093,28.00
101.87444,0.064,3.093,28.00
101.88460,0.064,3.093,28.00
101.89558,0.064,3.093,28.50
101.90613,0.284,4.092,28.50
101.91651,0.284,4.092,28.50
101.92794,0.392,4.929,28.50
101.93858,0.480,5.816,28.50
101.94881,0.480,5.816,28.50
101.96272,0.480,6.747,28.50
101.97296,0.552,6.747,28.50
101.98340,0.552,6.747,28.50
101.99356,0.623,7.726,28.50
102.00432,0.691,8.719,28.50
102.01450,0.691,8.719,28.50
102.02466,0.756,9.929,28.50
102.03492,0.756,9.929,28.50
102.04525,0.802,11.211,28.50
102.07140,0.841,11.211,28.50
102.08181,0.841,12.465,28.50
102.10362,0.841,12.465,28.50
102.11381,0.914,14.809,28.50
102.13575,0.952,15.810,28.50
102.14604,0.990,16.765,28.50
102.16690,0.990,16.765,28.50
102.17709,1.023,17.712,28.50
102.18781,1.023,17.712,28.50
102.20052,1.023,17.712,28.50
102.21090,1.084,19.297,28.50
102.22107,1.084,19.297,28.50
102.23187,1.099,20.036,28.50
102.24210,1.105,20.036,28.50
102.25236,1.105,20.802,28.50
102.26395,1.104,21.521,28.50
102.27526,1.104,21.521,28.50
102.28541,1.110,22.249,28.50
102.29560,1.110,22.249,28.50
102.30606,1.116,22.876,28.50
102.31685,1.116,22.876,28.50
102.32717,1.116,22.876,28.50
102.33783,1.130,23.536,28.50
102.34819,1.143,24.027,28.50
102.37570,1.143,24.523,28.50
102.38588,1.164,24.960,28.50
102.40695,1.164,24.960,28.50
102.41713,1.166,25.448,28.50
102.43972,1.141,25.448,28.50
102.45020,1.141,26.244,28.50
102.47257,1.141,26.688,28.50
102.48277,1.110,27.066,28.50
102.49294,1.110,27.066,28.50
102.50322,1.110,27.066,28.50
102.51340,1.099,27.475,28.50
102.52366,1.099,27.475,28.50
102.53497,1.099,27.475,28.50
102.54513,1.101,28.179,28.50
102.55528,1.101,28.179,28.50
102.56739,1.108,28.613,28.50
102.57775,1.108,28.613,28.50
102.58794,1.120,28.936,28.50
102.59907,1.120,28.936,28.50
102.60926,1.134,29.216,28.50
102.61941,1.134,29.216,28.50
102.64755,1.151,29.684,28.50
102.65807,1.157,29.684,28.50
102.67989,1.155,30.274,28.50
102.69006,1.155,30.274,28.50
102.70022,1.155,30.274,0.00
102.71041,1.156,30.572,0.00
102.72293,1.164,30.943,0.00
102.73310,1.164,30.943,0.00
102.74410,1.170,31.241,0.00
102.75426,1.170,31.241,0.00
102.76442,1.184,31.597,0.00
102.77459,1.184,31.597,0.00
102.78475,1.184,31.597,0.00
102.79490,1.208,31.929,0.00
102.80507,1.245,32.334,0.00
102.81668,1.296,32.334,0.00
102.82721,1.296,32.723,0.00
102.83738,1.296,32.723,0.00
102.84782,1.366,33.085,0.00
102.85843,1.366,33.085,0.00
102.86858,1.457,33.579,0.00
102.87873,1.457,33.579,0.00
102.88889,1.457,33.579,0.00
102.89994,1.562,34.074,0.00
102.91011,1.677,34.611,0.00
102.92027,1.677,35.092,0.00
102.93044,1.809,35.092,0.00
102.94070,1.809,35.092,0.00
102.95086,1.960,35.539,0.00
102.96104,1.960,35.539,0.00
102.97122,2.127,36.069,0.00
102.98138,2.298,36.672,0.00
102.99157,2.298,36.672,0.00
103.00202,2.456,37.270,0.00
103.01302,2.456,37.270,0.00
103.02318,2.584,37.766,0.00
103.03332,2.584,37.766,0.00
103.04500,2.666,37.766,0.00
103.05516,2.666,38.359,0.00
103.06533,2.700,38.973,0.00
103.07548,2.700,38.973,0.00
103.08578,2.671,39.450,0.00
103.09597,2.671,39.450,0.00
103.10624,2.585,39.682,0.00
103.11645,2.585,39.682,0.00
103.12677,2.477,39.838,0.00
103.13713,2.477,39.838,0.00
103.14749,2.477,39.838,0.00
103.15826,2.368,39.714,0.00
103.16842,2.267,39.186,0.00
103.17868,2.173,39.186,0.00
103.18883,2.173,38.433,0.00
103.19993,2.074,38.433,0.00
103.21009,2.074,37.496,0.00
103.22033,2.074,37.496,0.00
103.23048,1.958,36.181,0.00
103.24065,1.958,36.181,0.00
103.25083,1.838,34.724,0.00
103.26098,1.838,33.208,0.00
103.27114,1.788,33.208,0.00
103.28130,1.788,31.291,0.00
103.29147,1.823,31.291,0.00
103.30163,1.823,29.395,0.00
103.31180,1.913,29.395,0.00
103.32208,2.003,29.395,0.00
103.33224,2.003,27.756,0.00
103.34240,2.003,27.756,0.00
103.35256,2.057,26.077,0.00
103.36271,2.081,23.979,0.00
103.37325,2.081,23.979,0.00
103.38340,2.091,21.994,0.00
103.39358,2.091,21.994,0.00
103.40387,2.096,19.989,0.00
103.41410,2.096,19.989,0.00
103.42430,2.096,18.106,0.00
103.43445,2.096,18.106,0.00
103.44459,2.096,18.106,0.00
103.45473,2.078,16.370,0.00
103.46492,2.044,14.671,0.00
103.47551,2.044,14.671,0.00
103.48567,2.009,12.992,0.00
103.49582,2.009,12.992,0.00
103.50599,1.987,11.303,0.00
103.51615,1.987,11.303,0.00
103.52641,1.987,9.646,0.00
103.53848,1.983,9.646,0.00
103.54864,2.002,7.864,0.00
103.55879,2.002,6.216,0.00
103.56895,2.041,6.216,0.00
103.57911,2.041,6.216,0.00
103.58928,2.083,4.413,0.00
103.59943,2.122,2.744,0.00
103.60959,2.122,2.744,0.00
103.61978,2.122,2.744,0.00
103.63019,2.155,1.191,0.00
103.64035,2.179,1.191,0.00
103.65047,2.179,-0.367,0.00
103.66070,2.199,-0.367,0.00
103.67103,2.199,-1.664,0.00
103.68175,2.218,-2.684,0.00
103.69213,2.218,-2.684,0.00
103.70223,2.218,-2.684,0.00
103.71238,2.236,-3.284,0.00
103.72255,2.266,-3.662,0.00
103.73273,2.266,-3.662,0.00
103.74295,2.305,-3.996,0.00
103.75340,2.305,-3.996,0.00
103.76355,2.352,-4.232,0.00
103.77370,2.352,-4.232,0.00
103.78384,2.411,-4.390,0.00
103.79400,2.411,-4.390,0.00
103.80417,2.467,-4.463,0.00
103.81436,2.467,-4.463,0.00
103.82452,2.467,-4.463,0.00
103.83471,2.517,-4.463,0.00
103.84487,2.556,-4.438,0.00
103.85503,2.556,-4.438,0.00
103.86518,2.556,-4.438,0.00
103.87535,2.584,-4.383,0.00
103.88554,2.598,-4.219,0.00
103.89570,2.598,-4.219,0.00
103.90586,2.600,-4.082,0.00
103.91602,2.600,-4.082,0.00
103.92617,2.595,-3.888,0.00
103.93633,2.595,-3.888,0.00
103.94656,2.574,-3.770,0.00
103.95671,2.574,-3.770,0.00
103.96687,2.574,-3.770,0.00
103.97726,2.537,-3.647,0.00
103.98741,2.488,-3.515,0.00
103.99757,2.488,-3.515,0.00
104.00806,2.431,-3.380,0.00
104.01834,2.431,-3.232,0.00
104.02851,2.365,-3.232,0.00
104.03888,2.365,-3.232,0.00
104.04927,2.296,-3.115,0.00
104.05958,2.296,-3.115,0.00
104.06990,2.218,-3.088,0.00
104.08007,2.132,-3.088,0.00
104.09023,2.132,-3.128,0.00
104.10039,2.046,-3.128,0.00
104.11054,2.046,-3.181,0.00
104.12070,1.961,-3.235,0.00
104.13086,1.961,-3.235,0.00
104.14103,1.961,-3.235,0.00
104.15226,1.880,-3.293,0.00
104.16259,1.880,-3.293,0.00
104.17275,1.792,-3.349,0.00
104.18319,1.708,-3.395,0.00
104.19387,1.708,-3.395,0.00
104.20931,1.636,-3.387,0.00
104.22546,1.636,-3.387,0.00
104.23675,1.579,-3.357,0.00
104.24696,1.579,-3.357,0.00
104.25775,1.532,-3.295,0.00
104.26848,1.532,-3.295,0.00
104.28047,1.493,-3.244,0.00
104.30063,1.462,-3.244,0.00
104.31302,1.437,-3.165,0.00
104.32321,1.437,-3.133,0.00
104.33374,1.418,-3.133,0.00
104.34458,1.400,-3.142,0.00
104.35632,1.380,-3.170,0.00
104.37231,1.380,-3.170,0.00
104.38263,1.380,-3.214,0.00
104.39366,1.359,-3.214,0.00
104.40406,1.359,-3.250,0.00
104.41478,1.337,-3.250,0.00
104.42502,1.337,-3.290,0.00
104.43528,1.312,-3.290,0.00
104.44552,1.312,-3.290,0.00
104.45589,1.279,-3.290,0.00
104.46635,1.279,-3.370,0.00
104.47677,1.237,-3.370,0.00
104.48716,1.237,-3.405,0.00
104.49758,1.195,-3.405,0.00
104.50860,1.148,-3.433,0.00
104.51880,1.148,-3.433,0.00
104.52921,1.148,-3.433,0.00
104.53964,1.114,-3.433,0.00
104.55016,1.114,-3.448,0.00
104.56046,1.114,-3.448,0.00
104.57087,1.114,-3.467,0.00
104.58682,1.045,-3.467,0.00
104.59739,1.025,-3.478,0.00
104.60758,1.025,-3.478,0.00
104.61805,1.025,-3.478,0.00
104.62846,1.015,-3.478,0.00
104.63917,1.015,-3.478,0.00
104.65509,1.010,-3.474,0.00
104.66528,1.010,-3.467,0.00
104.67631,1.006,-3.467,0.00
104.69244,1.010,-3.476,0.00
104.70277,1.021,-3.485,0.00
104.71290,1.021,-3.485,0.00
104.72327,1.042,-3.485,0.00
104.73407,1.042,-3.494,0.00
104.74427,1.060,-3.494,0.00
104.76020,1.060,-3.506,0.00
104.77046,1.080,-3.506,0.00
104.78087,1.080,-3.553,0.00
104.79678,1.135,-3.575,0.00
104.80699,1.135,-3.575,0.00
104.81754,1.135,-3.575,0.00
104.83443,1.174,-3.592,0.00
104.85364,1.212,-3.613,0.00
104.86878,1.254,-3.613,0.00
104.87937,1.254,-3.613,0.00
104.89402,1.254,-3.658,0.00
104.90572,1.301,-3.658,0.00
104.91704,1.395,-3.823,0.00
104.92741,1.395,-3.823,0.00
104.93759,1.395,-3.823,0.00
104.95538,1.437,-3.903,0.00
104.97142,1.475,-3.967,0.00
104.98716,1.475,-4.040,0.00
104.99737,1.509,-4.040,0.00
105.01876,1.533,-4.152,0.00
105.02979,1.549,-4.152,0.00
105.04552,1.549,-4.192,0.00
105.05674,1.579,-4.192,0.00
105.07207,1.588,-4.192,0.00
105.08488,1.588,-4.210,0.00
105.09570,1.588,-4.219,0.00
105.11145,1.585,-4.220,0.00
105.12759,1.573,-4.220,0.00
105.14849,1.573,-4.221,0.00
105.15977,1.574,-4.221,0.00
105.17655,1.555,-4.225,0.00
105.19266,1.555,-4.233,0.00
105.25683,1.526,-4.250,0.00
105.26702,1.442,-4.286,0.00
105.32210,1.442,-4.286,0.00
105.33229,1.292,-4.284,0.00
105.34245,-0.063,-0.786,0.00
105.35261,-0.063,-0.786,0.00
105.36281,-0.063,-0.786,0.00
105.37295,-0.104,-0.763,0.00
105.38311,-0.150,-0.740,0.00
105.39327,-0.150,-0.740,0.00
105.40349,-0.199,-0.705,0.00
105.41367,-0.199,-0.705,0.00
105.42383,-0.199,-0.705,0.00
105.43508,-0.253,-0.675,0.00
105.44577,-0.309,-0.645,0.00
105.45592,-0.309,-0.645,0.00
105.46609,-0.359,-0.645,0.00
105.47635,-0.359,-0.612,0.00
105.48651,-0.410,-0.571,0.00
105.49667,-0.410,-0.540,0.00
105.50685,-0.456,-0.540,0.00
105.51701,-0.456,-0.514,0.00
105.52758,-0.506,-0.514,0.00
105.53781,-0.506,-0.491,0.00
105.54797,-0.552,-0.491,0.00
105.55905,-0.552,-0.491,0.00
105.56927,-0.599,-0.470,0.00
105.57943,-0.599,-0.451,0.00
105.58959,-0.641,-0.451,0.00
105.60046,-0.641,-0.451,0.00
105.61065,-0.677,-0.438,0.00
105.62122,-0.711,-0.428,0.00
105.63158,-0.711,-0.428,0.00
105.64204,-0.739,-0.426,0.00
105.65477,-0.739,-0.426,0.00
105.66523,-0.762,-0.426,0.00
105.67554,-0.762,-0.426,0.00
105.68614,-0.777,-0.429,0.00
105.69640,-0.777,-0.429,0.00
105.70664,-0.777,-0.429,0.00
105.71679,-0.788,-0.438,0.00
105.72694,-0.796,-0.447,0.00
105.73713,-0.796,-0.447,0.00
105.74729,-0.799,-0.454,0.00
105.75976,-0.799,-0.454,0.00
105.77002,-0.799,-0.461,0.00
105.78009,-0.799,-0.461,0.00
105.79023,-0.791,-0.472,0.00
105.80243,-0.791,-0.472,0.00
105.81259,-0.781,-0.484,0.00
105.82275,-0.765,-0.498,0.00
105.83298,-0.765,-0.498,0.00
105.84314,-0.750,-0.515,0.00
105.85334,-0.750,-0.515,0.00
105.86350,-0.737,-0.530,0.00
105.87362,-0.737,-0.530,0.00
105.88405,-0.737,-0.530,0.00
105.89420,-0.723,-0.550,0.00
105.90435,-0.709,-0.578,0.00
105.91464,-0.709,-0.578,0.00
105.92518,-0.697,-0.609,0.00
105.93554,-0.697,-0.609,0.00
105.94584,-0.688,-0.632,0.00
105.95655,-0.688,-0.632,0.00
105.96691,-0.688,-0.649,0.00
105.97721,-0.681,-0.649,0.00
105.98738,-0.681,-0.649,0.00
105.99754,-0.674,-0.663,0.00
106.00770,-0.665,-0.663,0.00
106.01786,-0.665,-0.664,0.00
106.02804,-0.657,-0.663,0.00
106.03820,-0.657,-0.655,0.00
106.04849,-0.651,-0.655,0.00
106.05865,-0.651,-0.655,0.00
106.06881,-0.653,-0.647,0.00
106.07898,-0.653,-0.647,0.00
106.08914,-0.655,-0.636,0.00
106.09930,-0.655,-0.622,0.00
106.10946,-0.658,-0.622,0.00
106.11963,-0.665,-0.601,0.00
106.12986,-0.665,-0.601,0.00
106.14019,-0.675,-0.580,0.00
106.15215,-0.675,-0.580,0.00
106.16230,-0.682,-0.555,0.00
106.17257,-0.682,-0.555,0.00
106.18272,-0.682,-0.555,0.00
106.19288,-0.686,-0.533,0.00
106.20306,-0.686,-0.514,0.00
106.21336,-0.686,-0.514,0.00
106.22427,-0.686,-0.495,0.00
106.23462,-0.686,-0.495,0.00
106.24478,-0.685,-0.477,0.00
106.25502,-0.685,-0.477,0.00
106.26517,-0.682,-0.459,0.00
106.27534,-0.682,-0.459,0.00
106.28561,-0.683,-0.459,0.00
106.29760,-0.683,-0.439,0.00
106.30780,-0.689,-0.421,0.00
106.31828,-0.689,-0.421,0.00
106.32844,-0.692,-0.401,0.00
106.33874,-0.692,-0.401,0.00
106.34931,-0.697,-0.380,0.00
106.35947,-0.697,-0.380,0.00
106.36963,-0.702,-0.356,0.00
106.37978,-0.702,-0.356,0.00
106.39002,-0.702,-0.330,0.00
106.40065,-0.717,-0.330,0.00
106.41101,-0.717,-0.311,0.00
106.42135,-0.726,-0.293,0.00
106.43177,-0.726,-0.293,0.00
106.44222,-0.731,-0.272,0.00
106.45263,-0.731,-0.272,0.00
106.46279,-0.736,-0.264,0.00
106.47308,-0.736,-0.264,0.00
106.48364,-0.738,-0.264,0.00
106.49379,-0.738,-0.256,0.00
106.50396,-0.738,-0.251,0.00
106.51409,-0.738,-0.251,0.00
106.52425,-0.735,-0.252,0.00
106.53440,-0.735,-0.252,0.00
106.54471,-0.730,-0.254,0.00
106.55499,-0.730,-0.254,0.00
106.56531,-0.726,-0.250,0.00
106.57559,-0.726,-0.250,0.00
106.58601,-0.726,-0.250,0.00
106.59649,-0.726,-0.250,0.00
106.60688,-0.721,-0.242,0.00
106.61704,-0.715,-0.231,0.00
106.62749,-0.715,-0.231,0.00
106.63863,-0.710,-0.221,0.00
106.64878,-0.703,-0.209,0.00
106.65894,-0.696,-0.209,0.00
106.66908,-0.696,-0.195,0.00
106.67924,-0.696,-0.195,0.00
106.68944,-0.692,-0.183,0.00
106.69980,-0.692,-0.183,0.00
106.71007,-0.693,-0.171,0.00
106.72036,-0.693,-0.171,0.00
106.73051,-0.696,-0.163,0.00
106.74069,-0.696,-0.160,0.00
106.75087,-0.695,-0.160,0.00
106.76103,-0.698,-0.160,0.00
106.77129,-0.698,-0.160,0.00
106.78156,-0.698,-0.161,0.00
106.79202,-0.704,-0.161,0.00
106.80220,-0.704,-0.161,0.00
106.81240,-0.710,-0.162,0.00
106.82260,-0.716,-0.170,0.00
106.83336,-0.716,-0.170,0.00
106.84353,-0.716,-0.179,0.00
106.85381,-0.720,-0.179,0.00
106.86418,-0.719,-0.185,0.00
106.87465,-0.719,-0.185,0.00
106.88525,-0.718,-0.186,0.00
106.89542,-0.718,-0.186,0.00
106.90557,-0.718,-0.184,0.00
106.91595,-0.716,-0.184,0.00
106.92617,-0.716,-0.184,0.00
106.93710,-0.716,-0.184,0.00
106.94727,-0.714,-0.185,0.00
106.95748,-0.714,-0.185,0.00
106.96763,-0.712,-0.187,0.00
106.97778,-0.712,-0.187,0.00
106.98792,-0.707,-0.196,0.00
106.99820,-0.707,-0.196,0.00
107.00850,-0.700,-0.201,0.00
107.01866,-0.692,-0.205,0.00
107.02884,-0.692,-0.205,0.00
107.03899,-0.684,-0.205,0.00
107.04913,-0.684,-0.218,0.00
107.05929,-0.677,-0.218,0.00
107.06947,-0.677,-0.228,0.00
107.07963,-0.671,-0.236,0.00
107.08978,-0.671,-0.236,0.00
107.10006,-0.671,-0.236,0.00
107.11033,-0.668,-0.247,0.00
107.12051,-0.664,-0.251,0.00
107.13066,-0.664,-0.251,0.00
107.14082,-0.664,-0.251,0.00
107.15097,-0.663,-0.255,0.00
107.16135,-0.663,-0.260,0.00
107.17151,-0.662,-0.260,0.00
107.18167,-0.662,-0.260,0.00
107.19182,-0.675,-0.268,0.00
107.20215,-0.675,-0.268,0.00
107.21235,-0.675,-0.268,0.00
107.22250,-0.718,-0.273,0.00
107.23266,-0.767,-0.274,0.00
107.24282,-0.767,-0.274,0.00
107.25298,-0.928,-0.279,0.00
107.26314,-1.064,-0.286,0.00
107.27367,-1.064,-0.286,0.00
107.28386,-1.064,-0.286,0.00
107.29449,-1.130,-0.286,0.00
107.30468,-1.130,-0.293,0.00
107.31481,-1.226,-0.293,0.00
107.32509,-1.226,-0.293,0.00
107.33534,-1.419,-0.295,0.00
107.34552,-1.546,-0.298,0.00
107.35567,-1.546,-0.298,0.00
107.36585,-1.525,-0.297,0.00
107.37619,-1.525,-0.297,0.00
107.38642,-1.226,-0.295,0.00
107.39671,-1.226,-0.295,0.00
107.40702,-0.687,-0.293,0.00
107.41948,-0.687,-0.293,0.00
107.42964,-0.092,-0.289,0.00
107.43979,-0.092,-0.289,0.00
107.45005,0.812,-0.286,0.00
107.46025,1.983,-0.285,0.00
107.47040,1.983,-0.285,0.00
107.48055,1.983,-0.285,0.00
107.49074,3.372,-0.284,0.00
107.50101,3.372,-0.284,0.00
107.51129,3.372,-0.284,0.00
107.52288,3.372,-0.284,0.00
107.53310,6.656,-0.274,0.00
107.54325,6.656,-0.274,0.00
107.55355,8.385,-0.266,0.00
107.57496,10.082,-0.256,0.00
107.58513,11.759,-0.246,0.00
107.59532,11.759,-0.246,0.00
107.60800,11.759,-0.238,10.50
107.61838,13.373,-0.238,10.50
107.62879,13.373,-0.224,10.50
107.63912,14.948,-0.224,10.50
107.65068,16.357,-0.200,10.50
107.66085,17.516,-0.186,10.50
107.67224,17.516,-0.186,10.50
107.68260,18.386,-0.162,10.50
107.69295,18.386,-0.162,10.50
107.71946,18.861,-0.162,10.50
107.72969,18.851,-0.126,10.50
107.75123,18.851,-0.134,10.50
107.76157,17.808,-0.151,10.50
107.78306,17.808,-0.151,10.50
107.79325,16.956,-0.178,10.50
107.81513,15.806,-0.214,10.50
107.82540,15.806,-0.214,10.50
107.83625,14.427,-0.255,10.50
107.84731,14.427,-0.304,10.50
107.85764,12.727,-0.350,10.50
107.86784,10.706,-0.350,10.50
107.87979,10.706,-0.350,10.50
107.89023,8.641,-0.393,10.50
107.90052,8.641,-0.443,10.50
107.91206,6.816,-0.443,10.50
107.92224,6.816,-0.443,10.50
107.93239,4.967,-0.484,10.50
107.94348,3.029,-0.484,10.50
107.95414,3.029,-0.504,10.50
107.96491,1.238,-0.517,10.50
107.99161,1.238,-0.487,10.50
108.00181,-1.500,-0.501,10.50
108.02379,-1.500,-0.501,10.50
108.03615,-1.500,-0.501,10.50
108.05534,-2.090,-0.486,10.50
108.06563,-1.364,-0.443,10.50
108.08737,-1.364,-0.443,10.50
108.09758,-0.453,-0.387,10.50
108.10775,0.151,-0.342,10.50
108.12005,0.151,-0.342,11.00
108.13111,0.212,-0.245,11.00
108.14161,0.212,-0.245,11.00
108.15245,-0.015,-0.137,11.00
108.16301,-0.015,-0.137,11.00
108.17318,-0.291,-0.007,11.00
108.18376,-0.617,0.114,11.00
108.19469,-0.617,0.114,11.00
108.20508,-0.915,0.240,11.00
108.21581,-0.915,0.240,11.50
108.22664,-1.106,0.429,11.50
108.23690,-1.106,0.429,11.50
108.26419,-1.215,0.514,11.50
108.27445,-1.215,0.514,11.50
108.29560,-1.215,0.629,12.00
108.30589,-1.063,0.749,12.00
108.32763,-1.063,0.762,12.50
108.33783,-0.937,0.762,12.50
108.35990,-0.820,0.762,13.50
108.37109,-0.715,0.750,13.50
108.39736,-0.605,0.703,14.50
108.40752,-0.498,0.677,14.50
108.42371,-0.405,0.648,15.50
108.43420,-0.405,0.648,15.50
108.44438,-0.332,0.590,15.50
108.45546,-0.332,0.590,16.50
108.46563,-0.264,0.590,16.50
108.47582,-0.264,0.553,16.50
108.48726,-0.197,0.486,18.00
108.49741,-0.197,0.486,18.00
108.50757,-0.149,0.445,18.00
108.51930,-0.149,0.445,19.50
108.52957,-0.133,0.404,19.50
108.54107,-0.150,0.322,19.50
108.57235,-0.150,0.274,21.00
108.58291,-0.326,0.185,21.00
108.60265,-0.326,0.185,22.50
108.61287,-0.442,0.140,22.50
108.63094,-0.442,0.140,23.50
108.64111,-0.567,0.075,23.50
108.66340,-0.771,0.013,24.50
108.67473,-0.771,0.017,24.50
108.69519,-0.869,-0.002,25.50
108.70546,-0.968,0.051,25.50
108.71573,-0.968,0.051,25.50
108.72778,-1.051,0.076,26.50
108.73821,-1.051,0.076,26.50
108.74855,-1.103,0.076,26.50
108.75992,-1.103,0.148,27.00
108.77011,-1.125,0.238,27.00
108.78029,-1.132,0.305,27.00
108.79349,-1.132,0.305,27.50
108.80385,-1.142,0.402,27.50
108.81446,-1.142,0.402,27.50
108.83992,-1.166,0.558,27.50
108.85047,-1.166,0.558,27.50
108.87087,-1.166,0.558,28.00
108.88106,-1.174,0.601,28.00
108.90413,-1.201,0.773,28.00
108.91585,-1.201,0.841,28.00
108.93753,-1.220,0.841,28.00
108.94770,-1.258,0.958,28.00
108.95853,-1.258,0.958,28.00
108.96868,-1.301,1.073,28.50
108.97883,-1.325,1.333,28.50
108.98899,-1.325,1.333,28.50
108.99933,-1.325,1.333,28.50
109.00963,-1.336,1.756,28.50
109.02088,-1.330,2.347,28.50
109.04753,-1.314,3.086,28.50
109.05773,-1.289,3.086,28.50
109.07894,-1.289,3.779,28.50
109.08924,-1.258,4.566,28.50
109.11133,-1.235,4.566,28.50
109.12145,-1.235,5.450,28.50
109.14347,-1.211,6.429,28.50
109.15588,-1.211,6.429,28.50
109.17508,-1.187,8.540,28.50
109.18742,-1.157,8.540,28.50
109.19761,-1.130,9.516,28.50
109.21045,-1.130,10.568,28.50
109.22083,-1.103,11.506,28.50
109.23116,-1.082,11.506,28.50
109.24149,-1.082,11.506,28.50
109.25165,-1.065,12.430,28.50
109.26181,-1.041,13.332,28.50
109.27340,-1.041,13.332,28.50
109.28355,-1.041,14.245,28.50
109.29372,-1.022,14.245,28.50
109.30393,-1.010,15.161,28.50
109.31599,-1.010,15.161,28.50
109.32724,-1.001,16.078,28.50
109.35112,-1.001,16.078,28.50
109.36144,-0.982,18.087,28.50
109.38530,-0.982,18.087,28.50
109.39564,-0.975,18.982,28.50
109.41569,-0.972,19.899,28.50
109.42589,-0.970,20.788,28.50
109.43653,-0.970,20.788,28.50
109.44764,-0.963,21.558,28.50
109.45781,-0.963,21.558,28.50
109.46936,-0.963,21.558,28.50
109.47955,-0.949,22.824,28.50
109.49028,-0.949,22.824,28.50
109.50044,-0.950,23.365,28.50
109.51198,-0.950,23.365,28.50
109.52230,-0.956,23.847,28.50
109.53380,-0.956,23.847,28.50
109.54415,-0.970,24.353,28.50
109.55449,-0.970,24.353,28.50
109.56482,-0.970,24.353,28.50
109.59153,-1.008,24.736,28.50
109.60188,-1.029,25.088,28.50
109.62403,-1.050,25.404,28.50
109.63431,-1.050,25.764,28.50
109.65483,-1.074,26.147,28.50
109.66542,-1.074,26.147,28.50
109.67569,-1.097,26.460,28.50
109.68724,-1.097,26.732,28.50
109.69878,-1.123,26.732,28.50
109.70909,-1.146,27.078,28.50
109.71924,-1.146,27.386,28.50
109.72941,-1.164,27.386,28.50
109.73967,-1.164,27.386,28.50
109.75124,-1.181,27.688,28.50
109.76160,-1.204,27.925,28.50
109.77355,-1.204,27.925,28.50
109.78377,-1.229,28.112,0.00
109.79418,-1.229,28.112,0.00
109.80434,-1.253,28.276,0.00
109.81464,-1.253,28.276,0.00
109.82501,-1.283,28.468,0.00
109.83537,-1.283,28.468,0.00
109.84552,-1.309,28.779,0.00
109.85567,-1.309,28.779,0.00
109.86583,-1.325,28.925,0.00
109.87624,-1.325,28.925,0.00
109.88640,-1.319,29.100,0.00
109.89655,-1.319,29.100,0.00
109.90672,-1.319,29.100,0.00
109.91692,-1.292,29.260,0.00
109.92708,-1.215,29.385,0.00
109.93724,-1.215,29.385,0.00
109.94740,-1.082,29.577,0.00
109.95755,-1.082,29.577,0.00
109.96817,-0.934,29.766,0.00
109.97832,-0.934,29.766,0.00
109.98848,-0.780,30.019,0.00
109.99863,-0.780,30.019,0.00
110.00878,-0.624,30.176,0.00
110.01896,-0.624,30.176,0.00
110.02935,-0.499,30.363,0.00
110.04028,-0.499,30.529,0.00
110.05051,-0.386,30.529,0.00
110.06091,-0.280,30.529,0.00
110.07106,-0.280,30.734,0.00
110.08141,-0.280,30.734,0.00
110.09155,-0.178,30.954,0.00
110.10173,-0.178,30.954,0.00
110.11225,-0.115,31.125,0.00
110.12241,-0.070,31.318,0.00
110.13271,-0.070,31.318,0.00
110.14304,-0.060,31.521,0.00
110.15342,-0.060,31.521,0.00
110.16367,-0.077,31.713,0.00
110.17540,-0.077,31.713,0.00
110.18560,-0.121,31.766,0.00
110.19576,-0.121,31.766,0.00
110.20716,-0.121,31.766,0.00
110.21764,-0.211,31.559,0.00
110.22782,-0.292,31.559,0.00
110.23808,-0.292,31.053,0.00
110.24824,-0.398,31.053,0.00
110.25900,-0.398,30.353,0.00
110.26939,-0.532,30.353,0.00
110.27977,-0.532,29.603,0.00
110.29031,-0.686,29.603,0.00
110.30064,-0.686,29.603,0.00
110.31170,-0.842,28.673,0.00
110.32211,-0.842,27.448,0.00
110.33248,-1.012,27.448,0.00
110.34366,-1.173,26.030,0.00
110.35440,-1.173,26.030,0.00
110.36478,-1.309,24.326,0.00
110.37510,-1.309,24.326,0.00
110.38543,-1.309,24.326,0.00
110.39629,-1.425,22.657,0.00
110.40660,-1.523,21.061,0.00
110.41697,-1.607,21.061,0.00
110.42795,-1.607,19.486,0.00
110.43862,-1.607,19.486,0.00
110.44879,-1.687,18.009,0.00
110.45915,-1.757,16.638,0.00
110.46956,-1.757,16.638,0.00
110.47980,-1.757,16.638,0.00
110.49002,-1.757,15.158,0.00
110.50018,-1.813,13.819,0.00
110.51034,-1.849,13.819,0.00
110.52050,-1.849,12.510,0.00
110.53069,-1.869,12.510,0.00
110.54156,-1.877,11.417,0.00
110.55169,-1.877,11.417,0.00
110.56186,-1.871,11.417,0.00
110.57202,-1.871,10.176,0.00
110.58220,-1.871,10.176,0.00
110.59235,-1.848,8.867,0.00
110.60252,-1.809,7.644,0.00
110.61268,-1.809,7.644,0.00
110.62303,-1.809,7.644,0.00
110.63335,-1.758,6.458,0.00
110.64352,-1.701,5.224,0.00
110.65372,-1.701,5.224,0.00
110.66390,-1.635,3.891,0.00
110.67411,-1.635,3.891,0.00
110.68428,-1.635,3.891,0.00
110.69443,-1.635,3.891,0.00
110.70460,-1.635,3.891,0.00
110.71475,-1.490,1.592,0.00
110.72490,-1.425,0.542,0.00
110.73508,-1.425,0.542,0.00
110.74524,-1.362,-0.320,0.00
110.75539,-1.362,-0.320,0.00
110.76555,-1.303,-1.002,0.00
110.77571,-1.303,-1.002,0.00
110.78586,-1.303,-1.002,0.00
110.79601,-1.248,-1.383,0.00
110.80616,-1.248,-1.383,0.00
110.81632,-1.201,-1.608,0.00
110.82647,-1.165,-1.816,0.00
110.83667,-1.165,-1.816,0.00
110.84683,-1.138,-1.890,0.00
110.85702,-1.138,-1.890,0.00
110.86718,-1.110,-1.901,0.00
110.87767,-1.110,-1.901,0.00
110.88787,-1.072,-1.849,0.00
110.89803,-1.072,-1.849,0.00
110.90824,-1.026,-1.700,0.00
110.91851,-1.026,-1.700,0.00
110.92861,-0.979,-1.662,0.00
110.93877,-0.979,-1.662,0.00
110.94893,-0.942,-1.358,0.00
110.95909,-0.910,-1.244,0.00
110.96924,-0.910,-1.244,0.00
110.97965,-0.910,-0.977,0.00
110.99014,-0.884,-0.977,0.00
111.00079,-0.884,-0.977,0.00
111.01094,-0.859,-0.707,0.00
111.02116,-0.859,-0.707,0.00
111.03133,-0.837,-0.347,0.00
111.04152,-0.820,-0.347,0.00
111.05175,-0.820,0.029,0.00
111.06202,-0.806,0.383,0.00
111.07230,-0.806,0.383,0.00
111.08246,-0.794,0.742,0.00
111.09262,-0.794,0.742,0.00
111.10277,-0.794,0.742,0.00
111.11294,-0.790,1.107,0.00
111.12310,-0.790,1.107,0.00
111.13325,-0.790,1.493,0.00
111.14343,-0.795,1.892,0.00
111.15360,-0.795,1.892,0.00
111.16378,-0.795,2.162,0.00
111.17406,-0.805,2.162,0.00
111.18422,-0.819,2.283,0.00
111.19441,-0.819,2.283,0.00
111.20456,-0.837,2.225,0.00
111.21470,-0.837,2.225,0.00
111.22487,-0.855,2.116,0.00
111.23503,-0.855,2.116,0.00
111.24518,-0.873,2.020,0.00
111.25676,-0.873,2.020,0.00
111.26699,-0.889,1.932,0.00
111.27731,-0.889,1.932,0.00
111.29245,-0.889,1.866,0.00
111.30820,-0.904,1.816,0.00
111.31874,-0.915,1.812,0.00
111.32916,-0.918,1.812,0.00
111.34488,-0.918,1.812,0.00
111.36107,-0.918,1.837,0.00
111.38378,-0.892,1.881,0.00
111.39466,-0.892,1.925,0.00
111.41205,-0.892,1.960,0.00
111.42667,-0.869,1.994,0.00
111.43889,-0.842,1.994,0.00
111.45474,-0.824,2.024,0.00
111.47054,-0.814,2.043,0.00
111.48231,-0.814,2.043,0.00
111.49317,-0.805,2.043,0.00
111.50385,-0.799,2.032,0.00
111.51410,-0.799,2.032,0.00
111.53002,-0.799,2.024,0.00
111.54096,-0.797,2.024,0.00
111.55718,-0.797,2.024,0.00
111.56759,-0.797,2.032,0.00
111.57874,-0.797,2.032,0.00
111.59479,-0.798,2.053,0.00
111.61293,-0.798,2.074,0.00
111.62903,-0.795,2.104,0.00
111.65108,-0.786,2.131,0.00
111.66149,-0.775,2.131,0.00
111.67850,-0.763,2.173,0.00
111.68885,-0.763,2.173,0.00
111.69947,-0.763,2.173,0.00
111.72606,-0.754,2.198,0.00
111.74151,-0.748,2.196,0.00
111.76347,-0.745,2.187,0.00
111.77467,-0.745,2.187,0.00
111.79106,-0.741,2.191,0.00
111.80678,-0.742,2.205,0.00
111.81783,-0.742,2.205,0.00
111.83369,-0.744,2.211,0.00
111.84989,-0.744,2.221,0.00
111.86012,-0.744,2.221,0.00
111.87307,-0.747,2.235,0.00
111.88880,-0.744,2.248,0.00
111.89908,-0.744,2.248,0.00
111.91594,-0.744,2.259,0.00
111.93119,-0.748,2.261,0.00
111.94177,-0.758,2.261,0.00
111.95757,-0.767,2.265,0.00
111.97491,-0.781,2.263,0.00
111.99253,-0.781,2.259,0.00
112.00344,-0.781,2.253,0.00
112.01404,-0.790,2.253,0.00
112.03033,-0.790,2.246,0.00
112.05082,-0.793,2.246,0.00
112.06676,-0.797,2.236,0.00
112.07818,-0.797,2.225,0.00
112.09385,-0.797,2.225,0.00
112.11114,-0.822,2.225,0.00
112.12220,-0.825,2.214,0.00
112.13838,-0.830,2.214,0.00
112.14964,-0.838,2.185,0.00
112.16707,-0.840,2.185,0.00
112.17808,-0.840,2.158,0.00
112.18862,-0.840,2.158,0.00
112.20010,-0.838,2.139,0.00
112.22283,-0.838,2.139,0.00
112.23935,-0.838,2.124,0.00
112.25753,-0.838,2.102,0.00
112.27451,-0.837,2.085,0.00
112.34183,-0.844,2.046,0.00
112.35201,-0.844,2.028,0.00
112.40842,-0.844,2.028,0.00
112.41865,-0.861,1.975,0.00
112.43096,-0.064,-0.198,0.00
112.44113,-0.064,-0.218,0.00
112.45148,-0.064,-0.218,0.00
112.46175,-0.064,-0.237,0.00
112.47208,-0.059,-0.237,0.00
112.48224,-0.054,-0.249,0.00
112.49250,-0.054,-0.249,0.00
112.50265,-0.048,-0.262,0.00
112.51280,-0.048,-0.262,0.00
112.52295,-0.051,-0.262,0.00
112.53311,-0.051,-0.276,0.00
112.54327,-0.059,-0.290,0.00
112.55343,-0.059,-0.290,0.00
112.56358,-0.069,-0.290,0.00
112.57375,-0.069,-0.300,0.00
112.58417,-0.080,-0.309,0.00
112.59443,-0.080,-0.309,0.00
112.60459,-0.087,-0.314,0.00
112.61477,-0.087,-0.314,0.00
112.62493,-0.098,-0.317,0.00
112.63511,-0.098,-0.317,0.00
112.64527,-0.113,-0.324,0.00
112.65542,-0.113,-0.324,0.00
112.66558,-0.126,-0.334,0.00
112.67574,-0.126,-0.334,0.00
112.68589,-0.140,-0.344,0.00
112.69604,-0.140,-0.360,0.00
112.70643,-0.148,-0.360,0.00
112.71789,-0.148,-0.378,0.00
112.72804,-0.155,-0.378,0.00
112.73919,-0.155,-0.378,0.00
112.74937,-0.160,-0.402,0.00
112.75953,-0.160,-0.402,0.00
112.76987,-0.161,-0.426,0.00
112.78030,-0.161,-0.448,0.00
112.79084,-0.157,-0.448,0.00
112.80112,-0.150,-0.474,0.00
112.81140,-0.150,-0.474,0.00
112.82179,-0.134,-0.503,0.00
112.83212,-0.134,-0.503,0.00
112.84228,-0.134,-0.503,0.00
112.85243,-0.115,-0.529,0.00
112.86259,-0.092,-0.548,0.00
112.87278,-0.092,-0.548,0.00
112.88293,-0.077,-0.560,0.00
112.89309,-0.077,-0.560,0.00
112.90338,-0.069,-0.570,0.00
112.91376,-0.069,-0.570,0.00
112.92411,-0.069,-0.573,0.00
112.93427,-0.060,-0.573,0.00
112.94447,-0.059,-0.573,0.00
112.95463,-0.059,-0.569,0.00
112.96478,-0.068,-0.564,0.00
112.97508,-0.068,-0.564,0.00
112.98560,-0.079,-0.553,0.00
112.99587,-0.079,-0.553,0.00
113.00610,-0.090,-0.544,0.00
113.01704,-0.090,-0.544,0.00
113.02726,-0.102,-0.533,0.00
113.03742,-0.102,-0.533,0.00
113.04759,-0.102,-0.533,0.00
113.05774,-0.117,-0.526,0.00
113.06789,-0.131,-0.521,0.00
113.07820,-0.131,-0.521,0.00
113.08837,-0.145,-0.511,0.00
113.09852,-0.157,-0.508,0.00
113.10895,-0.157,-0.508,0.00
113.11912,-0.157,-0.508,0.00
113.12929,-0.166,-0.506,0.00
113.13945,-0.166,-0.506,0.00
113.14961,-0.166,-0.506,0.00
113.16003,-0.173,-0.537,0.00
113.17035,-0.177,-0.537,0.00
113.18080,-0.177,-0.537,0.00
113.19095,-0.181,-0.563,0.00
113.20112,-0.185,-0.592,0.00
113.21293,-0.185,-0.592,0.00
113.22308,-0.185,-0.619,0.00
113.23325,-0.181,-0.619,0.00
113.24353,-0.181,-0.619,0.00
113.25377,-0.178,-0.642,0.00
113.26394,-0.174,-0.659,0.00
113.27413,-0.174,-0.659,0.00
113.28430,-0.172,-0.659,0.00
113.29445,-0.172,-0.666,0.00
113.30466,-0.168,-0.665,0.00
113.31482,-0.168,-0.665,0.00
113.32497,-0.157,-0.663,0.00
113.33525,-0.157,-0.663,0.00
113.34538,-0.157,-0.651,0.00
113.35558,-0.155,-0.651,0.00
113.36609,-0.161,-0.632,0.00
113.37640,-0.161,-0.632,0.00
113.38656,-0.169,-0.609,0.00
113.39678,-0.169,-0.609,0.00
113.40694,-0.173,-0.582,0.00
113.41717,-0.173,-0.582,0.00
113.42734,-0.172,-0.560,0.00
113.43785,-0.172,-0.560,0.00
113.44801,-0.171,-0.536,0.00
113.45816,-0.171,-0.536,0.00
113.46830,-0.170,-0.511,0.00
113.47852,-0.170,-0.511,0.00
113.48868,-0.172,-0.483,0.00
113.49890,-0.171,-0.483,0.00
113.50906,-0.171,-0.457,0.00
113.51922,-0.171,-0.430,0.00
113.52939,-0.172,-0.430,0.00
113.53955,-0.172,-0.430,0.00
113.54984,-0.168,-0.402,0.00
113.56039,-0.168,-0.402,0.00
113.57034,-0.165,-0.377,0.00
113.58048,-0.165,-0.377,0.00
113.59079,-0.166,-0.356,0.00
113.60095,-0.181,-0.330,0.00
113.61120,-0.181,-0.330,0.00
113.62141,-0.181,-0.313,0.00
113.63165,-0.226,-0.313,0.00
113.64237,-0.304,-0.303,0.00
113.65269,-0.304,-0.303,0.00
113.66302,-0.304,-0.303,0.00
113.67337,-0.546,-0.294,0.00
113.68370,-0.546,-0.294,0.00
113.69448,-0.917,-0.292,0.00
113.70462,-0.917,-0.290,0.00
113.71547,-1.193,-0.290,0.00
113.72605,-1.434,-0.288,0.00
113.73621,-1.434,-0.288,0.00
113.74636,-1.434,-0.288,0.00
113.75651,-1.434,-0.288,0.00
113.76677,-1.434,-0.288,0.00
113.77693,-1.923,-0.293,0.00
113.78709,-1.974,-0.290,0.00
113.79726,-1.974,-0.290,0.00
113.80744,-1.586,-0.285,0.00
113.81762,-1.586,-0.285,0.00
113.82782,-0.637,-0.286,0.00
113.83833,-0.637,-0.286,0.00
113.84848,0.471,-0.287,0.00
113.85863,0.471,-0.287,0.00
113.86881,1.834,-0.291,0.00
113.87896,3.299,-0.291,0.00
113.88911,3.299,-0.294,0.00
113.89927,4.917,-0.300,0.00
113.90954,4.917,-0.300,0.00
113.91970,4.917,-0.306,0.00
113.93019,6.629,-0.306,0.00
113.94037,6.629,-0.309,0.00
113.95060,8.407,-0.309,0.00
113.97597,10.281,-0.309,0.00
113.98637,12.105,-0.316,0.00
114.00805,13.841,-0.311,10.50
114.01841,15.451,-0.303,10.50
114.03881,15.451,-0.303,10.50
114.04900,16.839,-0.291,10.50
114.05915,16.839,-0.291,10.50
114.07108,17.955,-0.280,10.50
114.08132,18.799,-0.273,10.50
114.09158,18.799,-0.273,10.50
114.10552,19.258,-0.279,10.50
114.11567,19.258,-0.279,10.50
114.12582,19.307,-0.287,10.50
114.13639,19.169,-0.287,10.50
114.14672,19.169,-0.296,10.50
114.15707,19.169,-0.296,10.50
114.16722,18.992,-0.297,10.50
114.17736,18.992,-0.297,10.50
114.18761,18.992,-0.297,10.50
114.21650,17.648,-0.305,10.50
114.22668,16.316,-0.319,10.50
114.24670,16.316,-0.319,10.50
114.25690,14.670,-0.334,10.50
114.27945,10.532,-0.355,10.50
114.29161,10.532,-0.355,10.50
114.31095,10.532,-0.355,10.50
114.32125,8.578,-0.433,10.50
114.33140,6.622,-0.433,10.50
114.34400,6.622,-0.483,10.50
114.35460,4.736,-0.483,10.50
114.36523,3.029,-0.541,10.50
114.37554,3.029,-0.541,10.50
114.38576,1.458,-0.565,10.50
114.39591,1.458,-0.565,10.50
114.40822,0.025,-0.634,10.50
114.41967,0.025,-0.634,10.50
114.43041,-1.072,-0.667,10.50
114.45673,-1.653,-0.722,10.50
114.46690,-1.595,-0.732,10.50
114.48678,-1.595,-0.732,10.50
114.49695,-1.132,-0.702,10.50
114.51977,-1.132,-0.702,11.00
114.53013,0.185,-0.646,11.00
114.55176,0.608,-0.546,11.00
114.56211,0.730,-0.447,11.00
114.57227,0.730,-0.447,11.00
114.58484,0.654,-0.353,11.00
114.59528,0.654,-0.353,11.00
114.60544,0.524,-0.271,11.00
114.61567,0.524,-0.271,11.50
114.62585,0.524,-0.188,11.50
114.63612,0.357,-0.188,11.50
114.64775,0.357,-0.188,11.50
114.65800,0.180,-0.148,11.50
114.66816,0.041,-0.106,11.50
114.67902,0.041,-0.106,12.00
114.68941,0.041,-0.055,12.00
114.69958,-0.049,-0.033,12.00
114.71087,-0.073,-0.033,12.50
114.72105,-0.035,-0.008,12.50
114.73139,-0.035,-0.008,12.50
114.74155,-0.035,0.000,12.50
114.76044,0.042,0.000,13.50
114.77063,0.124,0.022,13.50
114.79093,0.124,0.022,14.50
114.80136,0.220,-0.002,14.50
114.82402,0.220,-0.023,15.50
114.83420,0.246,-0.044,15.50
114.85564,0.262,-0.072,16.50
114.86583,0.275,-0.109,16.50
114.87705,0.275,-0.109,16.50
114.88736,0.282,-0.162,18.00
114.89767,0.285,-0.202,18.00
114.90790,0.285,-0.202,18.00
114.91948,0.285,-0.202,19.50
114.92972,0.294,-0.217,19.50
114.93994,0.317,-0.217,19.50
114.95187,0.317,-0.242,21.00
114.96204,0.317,-0.242,21.00
114.97222,0.336,-0.248,21.00
114.98282,0.344,-0.267,22.50
114.99299,0.344,-0.267,22.50
115.00315,0.332,-0.255,22.50
115.01368,0.332,-0.255,22.50
115.03274,0.332,-0.255,23.50
115.04373,0.276,-0.195,23.50
115.06474,0.179,-0.167,25.00
115.07491,0.051,-0.092,25.00
115.09476,-0.073,-0.062,25.50
115.10533,-0.210,0.013,25.50
115.11549,-0.210,0.013,25.50
115.12748,-0.349,0.095,26.50
115.13790,-0.349,0.095,26.50
115.14846,-0.474,0.181,26.50
115.16015,-0.474,0.181,27.00
115.17098,-0.585,0.275,27.00
115.18113,-0.585,0.275,27.00
115.20664,-0.673,0.375,27.50
115.21682,-0.740,0.507,27.50
115.23893,-0.740,0.507,27.50
115.24912,-0.792,0.569,27.50
115.27108,-0.835,0.789,28.00
115.28143,-0.867,0.901,28.00
115.30276,-0.884,0.901,28.00
115.31293,-0.888,0.984,28.00
115.32309,-0.888,0.984,28.00
115.33721,-0.883,1.107,28.00
115.34735,-0.868,1.240,28.00
115.35750,-0.868,1.240,28.00
115.36764,-0.845,1.364,28.50
115.37779,-0.817,1.635,28.50
115.38843,-0.817,1.635,28.50
115.40085,-0.791,1.635,28.50
115.41102,-0.791,1.999,28.50
115.42119,-0.791,1.999,28.50
115.43171,-0.766,2.651,28.50
115.44186,-0.740,3.428,28.50
115.45213,-0.740,3.428,28.50
115.46406,-0.714,4.199,28.50
115.47436,-0.714,4.199,28.50
115.48471,-0.685,4.199,28.50
115.51128,-0.685,6.083,28.50
115.52152,-0.663,7.171,28.50
115.54347,-0.598,8.307,28.50
115.55409,-0.598,8.307,28.50
115.57599,-0.561,9.577,28.50
115.58617,-0.561,9.577,28.50
115.60668,-0.532,10.723,28.50
115.61695,-0.510,11.872,28.50
115.62712,-0.480,13.015,28.50
115.64041,-0.480,13.015,28.50
115.65062,-0.445,14.119,28.50
115.66084,-0.411,15.321,28.50
115.67279,-0.411,15.321,28.50
115.68298,-0.380,16.336,28.50
115.69319,-0.380,16.336,28.50
115.70415,-0.341,17.308,28.50
115.71734,-0.341,17.308,28.50
115.72752,-0.299,18.303,28.50
115.75124,-0.299,18.303,28.50
115.76178,-0.263,20.376,28.50
115.78491,-0.204,21.373,28.50
115.79530,-0.204,21.373,28.50
115.81919,-0.138,21.373,28.50
115.82936,-0.138,23.328,28.50
115.84687,-0.138,23.328,28.50
115.85752,-0.074,23.994,28.50
115.86823,-0.074,24.667,28.50
115.88095,-0.047,24.667,28.50
115.89125,-0.047,25.279,28.50
115.90142,-0.047,25.279,28.50
115.92809,-0.014,26.411,28.50
115.93821,-0.014,26.411,28.50
115.96046,-0.006,26.920,28.50
115.97075,0.002,27.444,28.50
115.99149,0.002,27.887,28.50
116.00174,0.006,27.887,28.50
116.02643,0.005,28.809,28.50
116.03662,-0.008,28.809,28.50
116.04677,-0.021,28.809,28.50
116.05728,-0.039,29.623,28.50
116.06743,-0.039,29.623,28.50
116.07759,-0.039,29.623,28.50
116.08774,-0.057,29.976,28.50
116.09788,-0.071,30.373,28.50
116.10816,-0.071,30.373,28.50
116.13535,-0.071,30.717,28.50
116.14662,-0.080,31.060,28.50
116.16746,-0.089,31.060,28.50
116.17776,-0.104,31.451,28.50
116.18792,-0.121,31.840,0.00
116.19917,-0.121,31.840,0.00
116.21039,-0.146,32.254,0.00
116.22055,-0.146,32.254,0.00
116.23085,-0.146,32.558,0.00
116.24129,-0.174,32.558,0.00
116.25171,-0.174,32.558,0.00
116.26186,-0.205,32.911,0.00
116.27202,-0.226,33.199,0.00
116.28219,-0.229,33.540,0.00
116.29234,-0.229,33.540,0.00
116.30253,-0.229,33.827,0.00
116.31265,-0.202,33.827,0.00
116.32281,-0.202,33.827,0.00
116.33484,-0.125,34.238,0.00
116.34499,-0.125,34.238,0.00
116.35684,0.013,34.586,0.00
116.36723,0.170,34.905,0.00
116.37740,0.170,34.905,0.00
116.38757,0.331,35.313,0.00
116.39785,0.331,35.313,0.00
116.40980,0.473,35.628,0.00
116.42107,0.473,35.628,0.00
116.43127,0.603,36.030,0.00
116.44142,0.721,36.291,0.00
116.45158,0.721,36.291,0.00
116.46174,0.721,36.291,0.00
116.47191,0.846,36.697,0.00
116.48207,0.955,36.697,0.00
116.49222,0.955,37.178,0.00
116.50240,1.048,37.443,0.00
116.51256,1.048,37.443,0.00
116.52273,1.119,37.793,0.00
116.53289,1.119,37.793,0.00
116.54305,1.161,38.070,0.00
116.55357,1.161,38.070,0.00
116.56374,1.180,38.356,0.00
116.57389,1.180,38.356,0.00
116.58405,1.180,38.463,0.00
116.59427,1.167,38.463,0.00
116.60443,1.113,38.477,0.00
116.61467,1.113,38.477,0.00
116.62483,1.113,38.235,0.00
116.63499,1.033,38.235,0.00
116.64514,0.940,37.569,0.00
116.65551,0.940,37.569,0.00
116.66583,0.814,36.677,0.00
116.67630,0.814,36.677,0.00
116.68651,0.637,35.721,0.00
116.69691,0.637,35.721,0.00
116.70706,0.425,34.548,0.00
116.71802,0.201,34.548,0.00
116.72832,0.201,33.119,0.00
116.73847,0.201,33.119,0.00
116.74865,0.015,31.391,0.00
116.75903,-0.105,31.391,0.00
116.76940,-0.105,29.412,0.00
116.77976,-0.105,29.412,0.00
116.79001,-0.179,27.347,0.00
116.80008,-0.179,25.130,0.00
116.81023,-0.236,25.130,0.00
116.82039,-0.236,25.130,0.00
116.83055,-0.291,23.287,0.00
116.84070,-0.291,23.287,0.00
116.85086,-0.348,21.458,0.00
116.86102,-0.348,21.458,0.00
116.87119,-0.402,19.588,0.00
116.88135,-0.450,17.759,0.00
116.89150,-0.450,17.759,0.00
116.90166,-0.494,16.065,0.00
116.91181,-0.494,16.065,0.00
116.92210,-0.530,14.512,0.00
116.93226,-0.530,14.512,0.00
116.94241,-0.530,14.512,0.00
116.95271,-0.548,12.906,0.00
116.96305,-0.548,12.906,0.00
116.97335,-0.541,11.233,0.00
116.98370,-0.513,9.692,0.00
116.99413,-0.513,9.692,0.00
117.00435,-0.467,8.229,0.00
117.01475,-0.467,8.229,0.00
117.02531,-0.395,6.701,0.00
117.03567,-0.395,6.701,0.00
117.04605,-0.395,6.701,0.00
117.05629,-0.304,5.172,0.00
117.06662,-0.304,3.591,0.00
117.07707,-0.209,3.591,0.00
117.08749,-0.117,2.101,0.00
117.09787,-0.117,0.708,0.00
117.10803,-0.035,0.708,0.00
117.11822,-0.035,0.708,0.00
117.12838,0.046,-0.636,0.00
117.13854,0.046,-0.636,0.00
117.14870,0.046,-0.636,0.00
117.15886,0.142,-1.718,0.00
117.16902,0.251,-2.430,0.00
117.17919,0.363,-2.430,0.00
117.18950,0.363,-2.772,0.00
117.19966,0.473,-2.772,0.00
117.21020,0.473,-2.991,0.00
117.22036,0.473,-2.991,0.00
117.23075,0.572,-2.975,0.00
117.24092,0.572,-2.975,0.00
117.25179,0.669,-3.114,0.00
117.26203,0.756,-3.176,0.00
117.27224,0.756,-3.176,0.00
117.28240,0.756,-3.133,0.00
117.29255,0.839,-3.133,0.00
117.30287,0.917,-3.047,0.00
117.31302,0.917,-3.047,0.00
117.32317,0.989,-2.916,0.00
117.33467,0.989,-2.916,0.00
117.34484,0.989,-2.802,0.00
117.35499,1.052,-2.802,0.00
117.36515,1.052,-2.587,0.00
117.37537,1.111,-2.587,0.00
117.38569,1.111,-2.380,0.00
117.39601,1.171,-2.380,0.00
117.40641,1.232,-2.105,0.00
117.41677,1.232,-2.105,0.00
117.42709,1.286,-1.815,0.00
117.43725,1.339,-1.815,0.00
117.44761,1.339,-1.507,0.00
117.45826,1.382,-1.507,0.00
117.46840,1.382,-1.280,0.00
117.47868,1.382,-1.280,0.00
117.48885,1.401,-1.155,0.00
117.49923,1.401,-1.155,0.00
117.50951,1.400,-1.080,0.00
117.51968,1.400,-1.080,0.00
117.53018,1.379,-1.013,0.00
117.54035,1.379,-1.013,0.00
117.55049,1.339,-0.948,0.00
117.56065,1.339,-0.860,0.00
117.57079,1.293,-0.860,0.00
117.58096,1.293,-0.860,0.00
117.59111,1.293,-0.860,0.00
117.60138,1.293,-0.860,0.00
117.61178,1.174,-0.715,0.00
117.62205,1.107,-0.672,0.00
117.63221,1.107,-0.672,0.00
117.64237,1.034,-0.626,0.00
117.65254,1.034,-0.626,0.00
117.66271,0.961,-0.612,0.00
117.67286,0.961,-0.612,0.00
117.68303,0.891,-0.612,0.00
117.69936,0.891,-0.605,0.00
117.71134,0.891,-0.605,0.00
117.72294,0.821,-0.634,0.00
117.73331,0.752,-0.634,0.00
117.74439,0.752,-0.634,0.00
117.75769,0.623,-0.656,0.00
117.77360,0.623,-0.678,0.00
117.78380,0.623,-0.697,0.00
117.79454,0.564,-0.697,0.00
117.80474,0.564,-0.697,0.00
117.81567,0.507,-0.713,0.00
117.82617,0.507,-0.712,0.00
117.83657,0.456,-0.712,0.00
117.84670,0.456,-0.712,0.00
117.85754,0.405,-0.718,0.00
117.86804,0.361,-0.718,0.00
117.87883,0.361,-0.722,0.00
117.88901,0.361,-0.722,0.00
117.89939,0.361,-0.725,0.00
117.90983,0.277,-0.725,0.00
117.92027,0.277,-0.709,0.00
117.93067,0.240,-0.709,0.00
117.94115,0.240,-0.709,0.00
117.95185,0.210,-0.693,0.00
117.96213,0.210,-0.693,0.00
117.97261,0.186,-0.693,0.00
117.98293,0.186,-0.668,0.00
117.99330,0.172,-0.668,0.00
118.00343,0.172,-0.642,0.00
118.01488,0.164,-0.610,0.00
118.02503,0.164,-0.610,0.00
118.03536,0.164,-0.574,0.00
118.04572,0.154,-0.574,0.00
118.05642,0.154,-0.538,0.00
118.06663,0.154,-0.538,0.00
118.07700,0.154,-0.516,0.00
118.08738,0.159,-0.516,0.00
118.09751,0.159,-0.488,0.00
118.10836,0.171,-0.464,0.00
118.11889,0.171,-0.464,0.00
118.12931,0.171,-0.449,0.00
118.13971,0.186,-0.449,0.00
118.15020,0.186,-0.442,0.00
118.16052,0.201,-0.442,0.00
118.17090,0.201,-0.429,0.00
118.18160,0.176,-0.422,0.00
118.19197,0.176,-0.422,0.00
118.20306,0.176,-0.422,0.00
118.21328,0.223,-0.427,0.00
118.22428,0.242,-0.438,0.00
118.23674,0.242,-0.438,0.00
118.25225,0.267,-0.454,0.00
118.26348,0.267,-0.454,0.00
118.27366,0.282,-0.454,0.00
118.28414,0.300,-0.475,0.00
118.29595,0.306,-0.516,0.00
118.30643,0.306,-0.516,0.00
118.31901,0.306,-0.548,0.00
118.32930,0.306,-0.548,0.00
118.34575,0.309,-0.548,0.00
118.35621,0.310,-0.577,0.00
118.36821,0.310,-0.594,0.00
118.37921,0.316,-0.594,0.00
118.38974,0.316,-0.606,0.00
118.40545,0.317,-0.606,0.00
118.41674,0.317,-0.618,0.00
118.43875,0.318,-0.633,0.00
118.45541,0.323,-0.640,0.00
118.47287,0.330,-0.645,0.00
118.48365,0.330,-0.645,0.00
118.49485,0.330,-0.645,0.00
118.50518,0.330,-0.645,0.00
118.52053,0.330,-0.636,0.00
118.53092,0.330,-0.626,0.00
118.54662,0.362,-0.626,0.00
118.55703,0.362,-0.626,0.00
118.56847,0.362,-0.619,0.00
118.58262,0.362,-0.619,0.00
118.59978,0.386,-0.587,0.00
118.61579,0.386,-0.567,0.00
118.63160,0.413,-0.546,0.00
118.64732,0.421,-0.523,0.00
118.66606,0.426,-0.523,0.00
118.67827,0.426,-0.504,0.00
118.69527,0.431,-0.487,0.00
118.75499,0.431,-0.442,0.00
118.76535,0.459,-0.435,0.00
118.83383,0.463,-0.417,0.00
118.84399,0.460,-0.407,0.00
118.85478,0.145,0.203,0.00
118.86507,0.146,0.214,0.00
118.87524,0.146,0.214,0.00
118.88540,0.146,0.225,0.00
118.89562,0.146,0.225,0.00
118.90610,0.146,0.225,0.00
118.91703,0.148,0.240,0.00
118.92725,0.147,0.257,0.00
118.93769,0.147,0.257,0.00
118.94785,0.146,0.269,0.00
118.95878,0.146,0.276,0.00
118.96908,0.146,0.276,0.00
118.97951,0.146,0.276,0.00
118.99017,0.149,0.284,0.00
119.00032,0.154,0.292,0.00
119.01061,0.154,0.292,0.00
119.02100,0.154,0.292,0.00
119.03128,0.162,0.297,0.00
119.04149,0.165,0.297,0.00
119.05168,0.165,0.303,0.00
119.06248,0.165,0.303,0.00
119.07269,0.170,0.312,0.00
119.08285,0.176,0.317,0.00
119.09310,0.176,0.317,0.00
119.10326,0.182,0.319,0.00
119.11341,0.182,0.319,0.00
119.12394,0.190,0.319,0.00
119.13410,0.190,0.319,0.00
119.14426,0.196,0.325,0.00
119.15443,0.196,0.325,0.00
119.16458,0.201,0.317,0.00
119.17473,0.201,0.317,0.00
119.18488,0.201,0.317,0.00
119.19504,0.205,0.317,0.00
119.20519,0.205,0.312,0.00
119.21535,0.216,0.309,0.00
119.22574,0.227,0.309,0.00
119.23598,0.227,0.308,0.00
119.24614,0.237,0.306,0.00
119.25651,0.237,0.306,0.00
119.26710,0.248,0.304,0.00
119.27726,0.260,0.304,0.00
119.28743,0.260,0.305,0.00
119.29761,0.276,0.305,0.00
119.30779,0.276,0.301,0.00
119.31805,0.276,0.301,0.00
119.32822,0.276,0.301,0.00
119.33838,0.293,0.294,0.00
119.34853,0.301,0.291,0.00
119.35939,0.301,0.291,0.00
119.36954,0.307,0.290,0.00
119.37971,0.314,0.290,0.00
119.38986,0.314,0.289,0.00
119.40003,0.314,0.289,0.00
119.41018,0.324,0.287,0.00
119.42035,0.324,0.287,0.00
119.43051,0.337,0.288,0.00
119.44067,0.349,0.295,0.00
119.45157,0.349,0.295,0.00
119.46221,0.355,0.295,0.00
119.47246,0.355,0.305,0.00
119.48279,0.359,0.316,0.00
119.49316,0.359,0.316,0.00
119.50329,0.359,0.316,0.00
119.51346,0.361,0.330,0.00
119.52362,0.361,0.330,0.00
119.53379,0.364,0.346,0.00
119.54395,0.368,0.358,0.00
119.55411,0.368,0.358,0.00
119.56427,0.373,0.378,0.00
119.57457,0.373,0.378,0.00
119.58473,0.373,0.378,0.00
119.59489,0.378,0.397,0.00
119.60504,0.379,0.412,0.00
119.61537,0.379,0.412,0.00
119.62553,0.379,0.430,0.00
119.63654,0.377,0.430,0.00
119.64669,0.380,0.451,0.00
119.65731,0.380,0.451,0.00
119.66747,0.383,0.466,0.00
119.67762,0.383,0.466,0.00
119.68779,0.387,0.481,0.00
119.69836,0.387,0.481,0.00
119.70936,0.387,0.501,0.00
119.72007,0.391,0.501,0.00
119.73031,0.394,0.521,0.00
119.74049,0.394,0.537,0.00
119.75065,0.394,0.537,0.00
119.76080,0.394,0.537,0.00
119.77141,0.394,0.556,0.00
119.78234,0.394,0.577,0.00
119.79250,0.394,0.577,0.00
119.80266,0.394,0.577,0.00
119.81476,0.394,0.577,0.00
119.82491,0.395,0.595,0.00
119.83505,0.395,0.595,0.00
119.84520,0.395,0.595,0.00
119.85687,0.395,0.595,0.00
119.86704,0.399,0.629,0.00
119.87788,0.400,0.646,0.00
119.88810,0.400,0.654,0.00
119.89839,0.400,0.664,0.00
119.90874,0.403,0.664,0.00
119.91905,0.406,0.678,0.00
119.92937,0.406,0.678,0.00
119.94046,0.406,0.678,0.00
119.95065,0.406,0.689,0.00
119.96080,0.403,0.700,0.00
119.97096,0.403,0.700,0.00
119.98131,0.402,0.708,0.00
119.99168,0.402,0.708,0.00
120.00237,0.377,0.718,0.00
120.01254,0.377,0.718,0.00
120.02269,0.301,0.726,0.00
120.03285,0.301,0.726,0.00
120.04316,0.301,0.726,0.00
120.05333,0.161,0.733,0.00
120.06348,-0.108,0.737,0.00
120.07438,-0.108,0.737,0.00
120.08455,-0.428,0.742,0.00
120.09501,-0.428,0.742,0.00
120.10518,-0.694,0.746,0.00
120.11582,-0.694,0.746,0.00
120.12627,-0.978,0.751,0.00
120.13664,-0.978,0.751,0.00
120.14697,-0.978,0.751,0.00
120.15732,-0.978,0.754,0.00
120.16772,-1.528,0.754,0.00
120.17893,-1.528,0.754,0.00
120.18946,-1.530,0.758,0.00
120.19982,-1.530,0.762,0.00
120.21035,-0.967,0.762,0.00
120.22063,-0.967,0.762,0.00
120.23081,-0.098,0.766,0.00
120.24120,-0.098,0.768,0.00
120.25160,0.948,0.768,0.00
120.26208,0.948,0.768,0.00
120.27225,2.212,0.768,0.00
120.28252,2.212,0.768,0.00
120.29289,3.503,0.767,0.00
120.30321,4.832,0.770,0.00
120.31353,4.832,0.770,0.00
120.32400,4.832,0.773,0.00
120.33432,6.212,0.773,0.00
120.34483,6.212,0.773,0.00
120.35499,6.212,0.773,0.00
120.36546,6.212,0.776,0.00
120.37605,8.984,0.773,0.00
120.39168,10.276,0.779,0.00
120.40211,11.450,0.787,0.00
120.41227,11.450,0.787,0.00
120.42309,12.470,0.789,10.50
120.43337,12.470,0.789,10.50
120.44352,12.470,0.789,10.50
120.47164,13.931,0.814,10.50
120.48201,14.388,0.828,10.50
120.50406,14.734,0.834,10.50
120.51422,14.734,0.834,10.50
120.53545,14.770,0.840,10.50
120.54561,14.592,0.855,10.50
120.56736,14.252,0.867,10.50
120.57769,13.670,0.874,10.50
120.58802,13.670,0.874,10.50
120.59905,13.670,0.874,10.50
120.60924,12.943,0.883,10.50
120.61941,12.943,0.883,10.50
120.63241,12.943,0.891,10.50
120.64258,11.995,0.882,10.50
120.65274,10.701,0.882,10.50
120.66341,9.390,0.880,10.50
120.67382,9.390,0.880,10.50
120.68398,8.016,0.868,10.50
120.69472,8.016,0.868,10.50
120.70488,6.466,0.858,10.50
120.71504,6.466,0.858,10.50
120.74279,6.466,0.858,10.50
120.75295,3.629,0.826,10.50
120.77634,3.629,0.826,10.50
120.78652,1.313,0.808,10.50
120.80663,1.313,0.808,10.50
120.81682,0.446,0.822,10.50
120.83918,-0.149,0.842,10.50
120.84934,-0.383,0.870,10.50
120.87272,-0.249,0.915,10.50
120.88286,0.031,0.929,10.50
120.89309,0.031,0.929,10.50
120.90365,0.312,0.973,10.50
120.91380,0.312,0.973,10.50
120.92396,0.472,0.973,10.50
120.93676,0.472,1.025,11.00
120.94703,0.537,1.076,11.00
120.95732,0.537,1.076,11.00
120.96749,0.648,1.136,11.00
120.97771,0.648,1.136,11.00
120.98872,0.770,1.186,11.00
121.00032,0.844,1.259,11.00
121.01101,0.844,1.259,11.00
121.02117,0.844,1.334,11.00
121.05024,0.788,1.385,11.50
121.06040,0.788,1.385,11.50
121.07950,0.788,1.385,11.50
121.08969,0.704,1.476,11.50
121.11244,0.682,1.507,12.00
121.12260,0.682,1.531,12.00
121.14310,0.662,1.531,12.50
121.15326,0.640,1.555,12.50
121.17478,0.640,1.555,13.00
121.18619,0.610,1.564,13.00
121.19707,0.610,1.564,13.00
121.20749,0.622,1.558,14.00
121.21811,0.661,1.543,14.00
121.22842,0.661,1.543,14.00
121.24032,0.721,1.543,15.50
121.25048,0.721,1.508,15.50
121.26063,0.789,1.456,15.50
121.27091,0.789,1.456,16.50
121.28141,0.856,1.456,16.50
121.29158,0.856,1.391,16.50
121.30175,0.856,1.391,16.50
121.32068,0.856,1.391,18.00
121.33085,0.974,1.290,18.00
121.35067,0.974,1.290,19.50
121.36084,1.026,1.247,19.50
121.38376,1.085,1.131,21.00
121.39435,1.085,1.131,21.00
121.41466,1.100,1.108,22.50
121.42483,1.100,1.108,22.50
121.43500,1.098,1.083,22.50
121.44798,1.098,1.083,23.50
121.45824,1.098,1.083,23.50
121.46842,1.038,1.107,23.50
121.47944,0.977,1.118,24.50
121.49011,0.977,1.118,24.50
121.50024,0.894,1.189,24.50
121.51203,0.894,1.189,25.50
121.52213,0.804,1.227,25.50
121.53234,0.804,1.227,25.50
121.54339,0.804,1.227,26.50
121.55369,0.804,1.227,26.50
121.56385,0.804,1.289,26.50
121.59270,0.489,1.340,27.00
121.60284,0.366,1.381,27.00
121.62303,0.249,1.381,27.50
121.63429,0.249,1.398,27.50
121.65782,0.249,1.398,27.50
121.66798,0.055,1.518,27.50
121.68685,0.055,1.648,28.00
121.69702,-0.026,1.648,28.00
121.70720,-0.088,1.771,28.00
121.71951,-0.138,1.918,28.00
121.72972,-0.138,1.918,28.00
121.73996,-0.138,1.918,28.00
121.75165,-0.168,2.071,28.00
121.76185,-0.168,2.238,28.00
121.77212,-0.170,2.238,28.00
121.78326,-0.170,2.238,28.50
121.79353,-0.155,2.443,28.50
121.80368,-0.128,2.612,28.50
121.81538,-0.128,2.612,28.50
121.82558,-0.094,2.813,28.50
121.83601,-0.094,3.055,28.50
121.84801,-0.054,3.055,28.50
121.85871,-0.054,3.055,28.50
121.86898,-0.015,3.432,28.50
121.87914,-0.015,3.432,28.50
121.88933,-0.015,3.432,28.50
121.89964,0.072,4.584,28.50
121.92710,0.072,4.584,28.50
121.93768,0.109,5.299,28.50
121.95878,0.141,6.078,28.50
121.96895,0.175,6.922,28.50
121.99108,0.208,6.922,28.50
122.00125,0.241,9.169,28.50
122.02348,0.271,9.169,28.50
122.03371,0.271,10.361,28.50
122.04403,0.305,10.361,28.50
122.05549,0.305,10.361,28.50
122.06566,0.334,11.420,28.50
122.07599,0.334,12.437,28.50
122.08712,0.334,13.312,28.50
122.09839,0.364,13.312,28.50
122.10867,0.403,14.217,28.50
122.11908,0.403,15.443,28.50
122.12924,0.432,15.443,28.50
122.13937,0.432,15.443,28.50
122.15081,0.454,16.623,28.50
122.16101,0.460,17.887,28.50
122.17117,0.460,17.887,28.50
122.19889,0.460,17.887,28.50
122.20927,0.472,18.988,28.50
122.23105,0.472,21.143,28.50
122.24138,0.475,22.378,28.50
122.26312,0.475,22.378,28.50
122.27345,0.463,23.434,28.50
122.29978,0.454,25.162,28.50
122.31027,0.445,25.162,28.50
122.32677,0.445,25.162,28.50
122.33701,0.426,25.824,28.50
122.34711,0.406,26.454,28.50
122.35873,0.406,26.454,28.50
122.36891,0.380,26.975,28.50
122.37907,0.380,26.975,28.50
122.39157,0.357,27.468,28.50
122.40173,0.336,27.984,28.50
122.41366,0.336,27.984,28.50
122.42384,0.313,28.425,28.50
122.43443,0.313,28.425,28.50
122.44458,0.289,28.425,28.50
122.45526,0.289,28.862,28.50
122.46556,0.289,29.227,28.50
122.47573,0.263,29.227,28.50
122.48668,0.238,29.647,28.50
122.49682,0.238,29.647,28.50
122.50698,0.211,29.987,28.50
122.53716,0.190,29.987,28.50
122.54732,0.166,30.494,28.50
122.56658,0.166,30.494,28.50
122.57678,0.134,30.737,28.50
122.59886,0.104,30.994,28.50
122.60905,0.081,31.295,28.50
122.61942,0.081,31.295,28.50
122.62959,0.057,31.483,0.00
122.63975,0.057,31.483,0.00
122.64991,0.057,31.483,0.00
122.66080,0.035,31.712,0.00
122.67097,0.035,31.712,0.00
122.68153,0.010,31.957,0.00
122.69170,-0.011,32.173,0.00
122.70284,-0.011,32.173,0.00
122.71299,-0.020,32.422,0.00
122.72358,-0.009,32.511,0.00
122.73374,-0.009,32.511,0.00
122.74393,-0.009,32.511,0.00
122.75421,0.025,32.699,0.00
122.76438,0.104,32.865,0.00
122.77455,0.104,32.865,0.00
122.78472,0.225,33.090,0.00
122.79488,0.225,33.090,0.00
122.80504,0.359,33.090,0.00
122.81642,0.359,33.298,0.00
122.82657,0.487,33.525,0.00
122.83673,0.487,33.525,0.00
122.84689,0.487,33.525,0.00
122.85705,0.487,33.525,0.00
122.86720,0.487,33.525,0.00
122.87736,0.487,33.525,0.00
122.88765,0.610,33.725,0.00
122.89802,0.732,33.976,0.00
122.90848,0.835,34.246,0.00
122.91897,0.954,34.474,0.00
122.93011,1.063,34.715,0.00
122.94027,1.165,34.961,0.00
122.95044,1.165,34.961,0.00
122.96061,1.265,35.223,0.00
122.97078,1.265,35.223,0.00
122.98095,1.265,35.223,0.00
122.99111,1.362,35.576,0.00
123.00162,1.362,35.576,0.00
123.01193,1.362,35.576,0.00
123.02209,1.362,35.740,0.00
123.03243,1.483,35.927,0.00
123.04254,1.501,35.978,0.00
123.05269,1.501,35.978,0.00
123.06285,1.487,35.981,0.00
123.07301,1.487,35.981,0.00
123.08316,1.487,35.981,0.00
123.09379,1.430,35.776,0.00
123.10432,1.328,35.182,0.00
123.11448,1.328,35.182,0.00
123.12465,1.190,34.312,0.00
123.13488,1.190,34.312,0.00
123.14505,1.047,33.137,0.00
123.15522,1.047,33.137,0.00
123.16538,1.047,33.137,0.00
123.17553,0.935,31.850,0.00
123.18587,0.935,31.850,0.00
123.19602,0.860,30.330,0.00
123.20618,0.823,28.473,0.00
123.21649,0.823,28.473,0.00
123.22681,0.811,26.390,0.00
123.23696,0.805,24.269,0.00
123.24724,0.805,24.269,0.00
123.25758,0.789,22.207,0.00
123.26791,0.789,22.207,0.00
123.27835,0.789,22.207,0.00
123.28901,0.789,22.207,0.00
123.29918,0.715,20.348,0.00
123.30947,0.715,18.402,0.00
123.31974,0.715,18.402,0.00
123.33019,0.654,16.689,0.00
123.34030,0.592,15.139,0.00
123.35094,0.592,15.139,0.00
123.36115,0.544,13.669,0.00
123.37127,0.544,13.669,0.00
123.38167,0.504,12.379,0.00
123.39199,0.504,12.379,0.00
123.40237,0.480,11.161,0.00
123.41271,0.480,11.161,0.00
123.42306,0.480,11.161,0.00
123.43339,0.472,9.938,0.00
123.44375,0.483,9.938,0.00
123.45455,0.483,8.641,0.00
123.46475,0.513,7.142,0.00
123.47497,0.513,7.142,0.00
123.48521,0.513,7.142,0.00
123.49552,0.560,5.817,0.00
123.50582,0.613,4.413,0.00
123.51622,0.613,4.413,0.00
123.52651,0.668,2.971,0.00
123.53698,0.668,2.971,0.00
123.54715,0.721,1.566,0.00
123.55746,0.775,0.257,0.00
123.56801,0.775,0.257,0.00
123.57860,0.775,0.257,0.00
123.58877,0.832,-0.880,0.00
123.59929,0.832,-0.880,0.00
123.60983,0.891,-1.809,0.00
123.62010,0.891,-1.809,0.00
123.63027,0.952,-1.809,0.00
123.64042,0.952,-2.479,0.00
123.65060,1.011,-2.860,0.00
123.66075,1.075,-3.084,0.00
123.67090,1.075,-3.084,0.00
123.68105,1.075,-3.204,0.00
123.69168,1.137,-3.204,0.00
123.70182,1.192,-3.192,0.00
123.71198,1.192,-3.192,0.00
123.72227,1.192,-3.192,0.00
123.73248,1.242,-3.168,0.00
123.74405,1.242,-3.168,0.00
123.75561,1.282,-3.104,0.00
123.76577,1.317,-3.040,0.00
123.77596,1.317,-3.040,0.00
123.78612,1.344,-2.816,0.00
123.79641,1.344,-2.816,0.00
123.80703,1.354,-2.678,0.00
123.81719,1.354,-2.678,0.00
123.82749,1.354,-2.406,0.00
123.83765,1.345,-2.406,0.00
123.84780,1.323,-2.051,0.00
123.85806,1.296,-1.716,0.00
123.86821,1.296,-1.716,0.00
123.87860,1.296,-1.716,0.00
123.88876,1.268,-1.296,0.00
123.89924,1.268,-1.296,0.00
123.90937,1.239,-0.848,0.00
123.91952,1.208,-0.402,0.00
123.92978,1.208,-0.402,0.00
123.94000,1.182,0.137,0.00
123.95420,1.182,0.137,0.00
123.96456,1.168,0.423,0.00
123.97478,1.168,0.423,0.00
123.98500,1.160,0.469,0.00
123.99516,1.160,0.469,0.00
124.00532,1.160,0.469,0.00
124.01630,1.162,0.390,0.00
124.02646,1.159,0.257,0.00
124.03661,1.159,0.165,0.00
124.04686,1.150,0.165,0.00
124.05707,1.150,0.165,0.00
124.06723,1.131,0.079,0.00
124.07738,1.131,0.079,0.00
124.08754,1.101,0.022,0.00
124.09770,1.101,0.022,0.00
124.10797,1.101,0.022,0.00
124.11813,1.063,-0.007,0.00
124.13321,1.025,-0.007,0.00
124.14470,0.984,0.004,0.00
124.15494,0.984,0.004,0.00
124.16715,0.943,-0.016,0.00
124.17745,0.943,-0.016,0.00
124.18809,0.907,-0.027,0.00
124.20833,0.907,-0.027,0.00
124.22706,0.840,-0.058,0.00
124.23726,0.840,-0.058,0.00
124.26028,0.802,-0.114,0.00
124.27367,0.764,-0.114,0.00
124.28577,0.726,-0.114,0.00
124.29906,0.726,-0.142,0.00
124.31015,0.691,-0.170,0.00
124.33104,0.691,-0.187,0.00
124.34248,0.630,-0.187,0.00
124.36608,0.630,-0.192,0.00
124.37702,0.610,-0.161,0.00
124.38853,0.596,-0.161,0.00
124.40405,0.596,-0.161,0.00
124.42031,0.587,-0.128,0.00
124.43643,0.587,-0.128,0.00
124.45649,0.577,-0.033,0.00
124.47078,0.577,-0.033,0.00
124.48272,0.577,0.006,0.00
124.49464,0.582,0.038,0.00
124.51204,0.586,0.065,0.00
124.52745,0.590,0.078,0.00
124.54133,0.594,0.078,0.00
124.55511,0.594,0.078,0.00
124.56682,0.598,0.089,0.00
124.57804,0.603,0.094,0.00
124.58836,0.603,0.094,0.00
124.60932,0.603,0.099,0.00
124.61972,0.608,0.099,0.00
124.63148,0.614,0.111,0.00
124.65139,0.614,0.111,0.00
124.66738,0.622,0.120,0.00
124.67757,0.630,0.120,0.00
124.70346,0.632,0.149,0.00
124.71409,0.632,0.149,0.00
124.72493,0.632,0.149,0.00
124.73537,0.632,0.156,0.00
124.75681,0.626,0.162,0.00
124.76725,0.626,0.169,0.00
124.77853,0.626,0.169,0.00
124.78915,0.624,0.168,0.00
124.80550,0.624,0.165,0.00
124.81685,0.623,0.165,0.00
124.82713,0.623,0.165,0.00
124.83770,0.623,0.154,0.00
124.84865,0.623,0.154,0.00
124.85895,0.623,0.154,0.00
124.87551,0.626,0.154,0.00
124.89139,0.630,0.153,0.00
124.90156,0.630,0.153,0.00
124.91450,0.635,0.153,0.00
124.93000,0.643,0.150,0.00
124.94396,0.652,0.152,0.00
124.96141,0.652,0.152,0.00
124.98431,0.674,0.157,0.00
125.00529,0.674,0.162,0.00
125.02200,0.687,0.170,0.00
125.03219,0.700,0.170,0.00
125.04765,0.713,0.170,0.00
125.06493,0.721,0.191,0.00
125.07612,0.721,0.191,0.00
125.08755,0.729,0.203,0.00
125.09788,0.730,0.203,0.00
125.11081,0.730,0.203,0.00
125.12884,0.729,0.234,0.00
125.19161,0.729,0.283,0.00
125.24274,0.725,0.340,0.00
125.25453,0.076,0.241,0.00
125.26474,0.076,0.241,0.00
125.27513,0.074,0.260,0.00
125.28563,0.078,0.284,0.00
125.29635,0.078,0.284,0.00
125.30652,0.083,0.309,0.00
125.31672,0.083,0.309,0.00
125.32709,0.091,0.327,0.00
125.33729,0.091,0.327,0.00
125.34773,0.098,0.350,0.00
125.35789,0.098,0.350,0.00
125.36877,0.106,0.371,0.00
125.37892,0.119,0.391,0.00
125.38908,0.119,0.391,0.00
125.39924,0.132,0.411,0.00
125.40939,0.132,0.411,0.00
125.41955,0.147,0.431,0.00
125.42971,0.147,0.431,0.00
125.44102,0.147,0.431,0.00
125.45121,0.158,0.452,0.00
125.46141,0.158,0.452,0.00
125.47214,0.171,0.465,0.00
125.48230,0.183,0.479,0.00
125.49270,0.183,0.479,0.00
125.50287,0.194,0.479,0.00
125.51303,0.194,0.498,0.00
125.52351,0.194,0.498,0.00
125.53409,0.201,0.506,0.00
125.54425,0.206,0.506,0.00
125.55443,0.206,0.514,0.00
125.56469,0.208,0.514,0.00
125.57628,0.207,0.521,0.00
125.58644,0.207,0.520,0.00
125.59660,0.207,0.520,0.00
125.60677,0.206,0.516,0.00
125.61705,0.206,0.516,0.00
125.62751,0.202,0.509,0.00
125.63779,0.202,0.509,0.00
125.64830,0.198,0.503,0.00
125.65931,0.198,0.503,0.00
125.66968,0.195,0.498,0.00
125.67984,0.190,0.490,0.00
125.69042,0.190,0.490,0.00
125.70064,0.184,0.492,0.00
125.71080,0.184,0.492,0.00
125.72121,0.184,0.492,0.00
125.73166,0.179,0.486,0.00
125.74201,0.179,0.486,0.00
125.75215,0.175,0.481,0.00
125.76231,0.174,0.477,0.00
125.77267,0.174,0.477,0.00
125.78322,0.174,0.478,0.00
125.79350,0.174,0.478,0.00
125.80414,0.173,0.478,0.00
125.81473,0.173,0.478,0.00
125.82491,0.170,0.479,0.00
125.83531,0.170,0.479,0.00
125.84622,0.170,0.482,0.00
125.85646,0.169,0.482,0.00
125.86661,0.170,0.485,0.00
125.87677,0.170,0.485,0.00
125.88693,0.168,0.487,0.00
125.89709,0.168,0.487,0.00
125.90773,0.166,0.489,0.00
125.91848,0.166,0.489,0.00
125.92883,0.165,0.489,0.00
125.93928,0.165,0.489,0.00
125.94964,0.166,0.493,0.00
125.95981,0.170,0.501,0.00
125.97004,0.170,0.501,0.00
125.98020,0.175,0.510,0.00
125.99091,0.175,0.510,0.00
126.00107,0.178,0.510,0.00
126.01123,0.178,0.521,0.00
126.02138,0.179,0.521,0.00
126.03154,0.179,0.533,0.00
126.04177,0.179,0.533,0.00
126.05194,0.179,0.546,0.00
126.06239,0.179,0.546,0.00
126.07259,0.179,0.557,0.00
126.08279,0.181,0.568,0.00
126.09295,0.181,0.568,0.00
126.10310,0.182,0.579,0.00
126.11339,0.182,0.579,0.00
126.12385,0.185,0.598,0.00
126.13403,0.185,0.598,0.00
126.14420,0.185,0.598,0.00
126.15456,0.185,0.598,0.00
126.16500,0.186,0.628,0.00
126.17541,0.186,0.628,0.00
126.18557,0.186,0.643,0.00
126.19614,0.186,0.643,0.00
126.20631,0.187,0.661,0.00
126.21646,0.187,0.661,0.00
126.22661,0.192,0.670,0.00
126.23700,0.196,0.670,0.00
126.24737,0.196,0.679,0.00
126.25754,0.196,0.679,0.00
126.26819,0.202,0.687,0.00
126.27841,0.202,0.687,0.00
126.28857,0.206,0.695,0.00
126.29872,0.206,0.700,0.00
126.30888,0.206,0.700,0.00
126.31906,0.206,0.700,0.00
126.32920,0.208,0.705,0.00
126.33942,0.208,0.705,0.00
126.34957,0.208,0.711,0.00
126.35973,0.208,0.711,0.00
126.37008,0.208,0.716,0.00
126.38022,0.208,0.718,0.00
126.39043,0.204,0.718,0.00
126.40059,0.200,0.725,0.00
126.41075,0.200,0.725,0.00
126.42090,0.196,0.728,0.00
126.43125,0.196,0.728,0.00
126.44156,0.196,0.727,0.00
126.45172,0.189,0.727,0.00
126.46271,0.189,0.727,0.00
126.47326,0.185,0.728,0.00
126.48357,0.179,0.732,0.00
126.49681,0.179,0.732,0.00
126.50700,0.176,0.735,0.00
126.51717,0.176,0.735,0.00
126.52735,0.169,0.732,0.00
126.53773,0.169,0.732,0.00
126.54810,0.163,0.730,0.00
126.55825,0.163,0.730,0.00
126.56841,0.163,0.730,0.00
126.57858,0.163,0.730,0.00
126.58886,0.163,0.730,0.00
126.59920,0.163,0.730,0.00
126.60952,0.163,0.730,0.00
126.61967,0.155,0.730,0.00
126.63023,0.145,0.728,0.00
126.64040,0.132,0.726,0.00
126.65055,0.118,0.720,0.00
126.66082,0.118,0.720,0.00
126.67099,0.106,0.714,0.00
126.68116,0.106,0.714,0.00
126.69150,0.095,0.701,0.00
126.70165,0.095,0.701,0.00
126.71181,0.095,0.701,0.00
126.72214,0.092,0.695,0.00
126.73235,0.086,0.690,0.00
126.74251,0.086,0.690,0.00
126.75267,0.080,0.686,0.00
126.76283,0.074,0.682,0.00
126.77313,0.074,0.682,0.00
126.78329,0.074,0.682,0.00
126.79344,0.074,0.682,0.00
126.80379,0.064,0.675,0.00
126.81430,0.050,0.675,0.00
126.82500,0.015,0.664,0.00
126.83546,0.015,0.664,0.00
126.84653,-0.086,0.663,0.00
126.85706,-0.086,0.663,0.00
126.86735,-0.363,0.664,0.00
126.87833,-0.363,0.664,0.00
126.88849,-0.775,0.662,0.00
126.89867,-0.775,0.662,0.00
126.90918,-0.775,0.662,0.00
126.91940,-0.974,0.662,0.00
126.92956,-1.210,0.668,0.00
126.93972,-1.398,0.668,0.00
126.95011,-1.398,0.667,0.00
126.96028,-1.389,0.666,0.00
126.97075,-1.389,0.666,0.00
126.98082,-0.985,0.666,0.00
126.99102,-0.985,0.666,0.00
127.00137,-0.360,0.664,0.00
127.01153,-0.360,0.664,0.00
127.02170,0.633,0.658,0.00
127.03185,0.633,0.658,0.00
127.04203,2.020,0.654,0.00
127.05217,2.020,0.654,0.00
127.06234,3.645,0.655,0.00
127.07251,3.645,0.655,0.00
127.08265,3.645,0.655,0.00
127.09281,5.484,0.657,0.00
127.10299,7.476,0.654,0.00
127.11313,7.476,0.654,0.00
127.12333,9.542,0.657,0.00
127.13357,9.542,0.657,0.00
127.15886,11.616,0.664,0.00
127.16905,13.577,0.663,0.00
127.19127,15.366,0.666,10.50
127.20142,16.929,0.673,10.50
127.22270,16.929,0.673,10.50
127.23436,18.239,0.681,10.50
127.25540,19.348,0.689,10.50
127.26557,20.240,0.710,10.50
127.27667,20.240,0.710,10.50
127.28747,20.660,0.734,10.50
127.29763,20.636,0.753,10.50
127.30790,20.636,0.753,10.50
127.31885,20.636,0.762,10.50
127.32918,20.461,0.762,10.50
127.33964,20.461,0.747,10.50
127.35155,20.200,0.747,10.50
127.36182,19.622,0.728,10.50
127.37259,19.622,0.728,10.50
127.39924,17.223,0.681,10.50
127.40957,17.223,0.681,10.50
127.43154,15.564,0.673,10.50
127.44169,13.675,0.664,10.50
127.46307,11.489,0.664,10.50
127.47324,11.489,0.645,10.50
127.48345,9.321,0.645,10.50
127.49880,9.321,0.623,10.50
127.50897,7.270,0.588,10.50
127.52726,5.225,0.543,10.50
127.53750,5.225,0.543,10.50
127.54766,3.330,0.493,10.50
127.55935,3.330,0.493,10.50
127.56956,3.330,0.493,10.50
127.57992,0.060,0.387,10.50
127.59057,0.060,0.387,10.50
127.60083,-1.170,0.342,10.50
127.61097,-1.170,0.342,10.50
127.62114,-1.170,0.342,10.50
127.63938,-1.987,0.342,10.50
127.65040,-2.117,0.292,10.50
127.67044,-2.117,0.311,10.50
127.68072,-1.702,0.311,10.50
127.70611,-0.926,0.330,11.00
127.71642,-0.181,0.352,11.00
127.73939,0.156,0.435,11.00
127.74963,0.160,0.534,11.00
127.76748,0.074,0.635,11.00
127.77764,-0.101,0.742,11.00
127.78780,-0.101,0.742,11.00
127.79935,-0.101,0.742,11.50
127.80953,-0.341,0.824,11.50
127.81969,-0.341,0.824,11.50
127.83152,-0.555,0.928,11.50
127.84201,-0.752,1.004,11.50
127.85488,-0.752,1.004,11.50
127.86504,-0.881,1.056,12.00
127.87519,-0.881,1.056,12.00
127.88545,-0.881,1.056,12.00
127.91048,-0.881,1.056,12.50
127.92071,-0.879,1.128,12.50
127.94353,-0.879,1.128,13.50
127.95371,-0.820,1.142,13.50
127.97527,-0.827,1.117,14.50
127.98562,-0.817,1.045,14.50
128.00708,-0.805,1.045,15.50
128.01744,-0.805,0.971,15.50
128.02762,-0.805,0.971,15.50
128.03985,-0.805,0.791,16.50
128.05018,-0.797,0.791,16.50
128.06034,-0.778,0.700,16.50
128.07103,-0.778,0.700,18.00
128.08136,-0.778,0.587,18.00
128.09166,-0.742,0.587,18.00
128.10338,-0.696,0.502,19.50
128.11525,-0.696,0.502,19.50
128.12568,-0.641,0.393,19.50
128.13583,-0.641,0.393,21.00
128.14607,-0.585,0.299,21.00
128.15638,-0.585,0.299,21.00
128.18322,-0.493,0.127,22.50
128.19352,-0.493,0.127,22.50
128.21530,-0.493,0.127,23.50
128.22570,-0.493,0.127,23.50
128.24735,-0.593,-0.000,25.00
128.25774,-0.593,-0.000,25.00
128.28017,-0.593,0.025,25.50
128.29042,-0.744,0.047,25.50
128.31076,-0.744,0.117,26.50
128.32094,-0.880,0.175,26.50
128.33113,-0.880,0.175,26.50
128.34377,-0.880,0.175,27.00
128.35492,-0.966,0.268,27.00
128.36506,-1.044,0.358,27.00
128.37688,-1.105,0.358,27.50
128.38735,-1.105,0.453,27.50
128.39768,-1.163,0.580,27.50
128.40784,-1.163,0.580,27.50
128.41807,-1.163,0.580,27.50
128.42823,-1.213,0.688,27.50
128.43929,-1.213,0.688,28.00
128.44961,-1.261,0.826,28.00
128.45997,-1.261,0.826,28.00
128.47131,-1.296,0.953,28.00
128.48148,-1.296,0.953,28.00
128.49166,-1.316,0.953,28.00
128.51929,-1.316,1.339,28.00
128.52954,-1.313,1.547,28.00
128.55091,-1.302,1.547,28.50
128.56129,-1.288,1.812,28.50
128.58497,-1.265,2.265,28.50
128.59530,-1.265,2.265,28.50
128.61518,-1.226,2.506,28.50
128.62536,-1.179,2.865,28.50
128.64648,-1.179,2.865,28.50
128.65679,-1.113,3.356,28.50
128.66696,-1.031,3.929,28.50
128.67872,-0.947,3.929,28.50
128.68906,-0.947,4.559,28.50
128.69922,-0.947,4.559,28.50
128.71082,-0.864,5.189,28.50
128.72101,-0.864,5.189,28.50
128.73118,-0.786,5.897,28.50
128.74245,-0.786,5.897,28.50
128.75264,-0.708,6.664,28.50
128.76287,-0.623,7.556,28.50
128.77304,-0.623,7.556,28.50
128.79064,-0.623,7.556,28.50
128.80152,-0.447,9.394,28.50
128.82335,-0.359,10.237,28.50
128.83371,-0.359,10.237,28.50
128.85548,-0.274,10.237,28.50
128.86565,-0.206,12.193,28.50
128.88744,-0.163,12.997,28.50
128.89787,-0.137,12.997,28.50
128.90824,-0.137,13.771,28.50
128.91872,-0.137,13.771,28.50
128.93009,-0.122,14.527,28.50
128.94024,-0.122,14.527,28.50
128.95104,-0.114,14.527,28.50
128.96123,-0.114,16.170,28.50
128.97139,-0.114,16.170,28.50
128.98282,-0.114,16.859,28.50
128.99382,-0.113,16.859,28.50
129.00410,-0.124,17.896,28.50
129.01546,-0.124,17.896,28.50
129.02580,-0.124,19.688,28.50
129.03613,-0.150,19.688,28.50
129.04746,-0.178,20.632,28.50
129.05764,-0.178,20.632,28.50
129.06779,-0.197,21.588,28.50
129.09529,-0.212,22.207,28.50
129.10562,-0.234,22.956,28.50
129.12705,-0.272,22.956,28.50
129.13739,-0.272,23.707,28.50
129.15987,-0.319,24.170,28.50
129.17006,-0.360,24.687,28.50
129.19178,-0.360,24.687,28.50
129.20199,-0.394,25.147,28.50
129.22322,-0.434,25.602,28.50
129.23358,-0.489,26.016,28.50
129.24419,-0.537,26.322,28.50
129.25449,-0.537,26.322,28.50
129.26464,-0.577,26.859,28.50
129.27483,-0.577,26.859,28.50
129.28729,-0.606,27.260,28.50
129.29754,-0.606,27.681,28.50
129.30786,-0.635,27.681,28.50
129.31874,-0.669,27.681,28.50
129.32908,-0.669,28.029,28.50
129.33924,-0.669,28.298,28.50
129.34958,-0.698,28.298,0.00
129.35976,-0.698,28.298,0.00
129.37005,-0.718,28.618,0.00
129.38034,-0.718,28.618,0.00
129.39128,-0.737,28.880,0.00
129.40314,-0.756,29.119,0.00
129.41330,-0.756,29.119,0.00
129.42347,-0.756,29.119,0.00
129.43364,-0.767,29.356,0.00
129.44380,-0.760,29.564,0.00
129.45408,-0.760,29.564,0.00
129.46425,-0.760,29.564,0.00
129.47521,-0.737,29.771,0.00
129.48473,-0.676,29.936,0.00
129.49500,-0.676,29.936,0.00
129.50561,-0.564,30.032,0.00
129.51609,-0.564,30.032,0.00
129.52628,-0.415,30.226,0.00
129.53663,-0.415,30.226,0.00
129.54707,-0.252,30.447,0.00
129.55767,-0.252,30.447,0.00
129.56791,-0.083,30.629,0.00
129.57835,0.084,30.783,0.00
129.58851,0.084,30.783,0.00
129.59881,0.253,30.949,0.00
129.60908,0.253,30.949,0.00
129.61948,0.422,31.161,0.00
129.62982,0.422,31.161,0.00
129.64057,0.422,31.161,0.00
129.65094,0.576,31.339,0.00
129.66119,0.576,31.339,0.00
129.67255,0.711,31.577,0.00
129.68271,0.837,31.785,0.00
129.69289,0.837,31.785,0.00
129.70304,0.837,31.971,0.00
129.71320,0.955,31.971,0.00
129.72351,1.055,32.171,0.00
129.73366,1.055,32.171,0.00
129.74392,1.122,32.347,0.00
129.75427,1.122,32.347,0.00
129.76443,1.122,32.347,0.00
129.77460,1.143,32.390,0.00
129.78476,1.123,32.379,0.00
129.79493,1.123,32.379,0.00
129.80566,1.060,32.223,0.00
129.81650,1.060,32.223,0.00
129.82667,0.956,31.789,0.00
129.83682,0.956,31.789,0.00
129.84729,0.818,31.119,0.00
129.85766,0.818,31.119,0.00
129.86801,0.660,30.347,0.00
129.87840,0.485,29.436,0.00
129.88875,0.485,29.436,0.00
129.89908,0.300,29.436,0.00
129.90924,0.300,28.354,0.00
129.91942,0.300,28.354,0.00
129.92957,0.144,26.814,0.00
129.93973,0.144,26.814,0.00
129.94989,0.030,25.199,0.00
129.96004,-0.053,23.488,0.00
129.97075,-0.053,23.488,0.00
129.98092,-0.123,21.816,0.00
129.99119,-0.123,21.816,0.00
130.00136,-0.194,20.262,0.00
130.01176,-0.194,20.262,0.00
130.02203,-0.194,18.913,0.00
130.03235,-0.263,18.913,0.00
130.04284,-0.263,17.610,0.00
130.05330,-0.331,17.610,0.00
130.06361,-0.390,17.610,0.00
130.07420,-0.390,16.337,0.00
130.08507,-0.437,15.150,0.00
130.09518,-0.437,15.150,0.00
130.10534,-0.462,14.014,0.00
130.11550,-0.462,14.014,0.00
130.12566,-0.459,13.127,0.00
130.13588,-0.459,13.127,0.00
130.14627,-0.436,12.275,0.00
130.15644,-0.395,12.275,0.00
130.16661,-0.395,11.361,0.00
130.17783,-0.395,11.361,0.00
130.18847,-0.334,10.393,0.00
130.19864,-0.334,10.393,0.00
130.20879,-0.274,9.475,0.00
130.21895,-0.274,9.475,0.00
130.22911,-0.211,8.546,0.00
130.23927,-0.211,8.546,0.00
130.24941,-0.151,7.448,0.00
130.25957,-0.151,7.448,0.00
130.26973,-0.095,6.222,0.00
130.28002,-0.061,5.141,0.00
130.29023,-0.061,5.141,0.00
130.30059,-0.046,4.089,0.00
130.31080,-0.046,4.089,0.00
130.32097,-0.042,3.056,0.00
130.33124,-0.042,3.056,0.00
130.34161,-0.042,3.056,0.00
130.35177,-0.032,2.194,0.00
130.36208,-0.022,1.473,0.00
130.37208,-0.022,1.473,0.00
130.38237,-0.008,0.914,0.00
130.39285,-0.008,0.914,0.00
130.40301,0.016,0.473,0.00
130.41316,0.016,0.473,0.00
130.42350,0.051,0.171,0.00
130.43383,0.051,0.171,0.00
130.44421,0.103,-0.022,0.00
130.45455,0.103,-0.022,0.00
130.46472,0.164,-0.088,0.00
130.47488,0.164,-0.088,0.00
130.48505,0.225,-0.110,0.00
130.49525,0.225,-0.110,0.00
130.50541,0.290,-0.121,0.00
130.51577,0.290,-0.121,0.00
130.52612,0.361,0.076,0.00
130.53659,0.361,0.076,0.00
130.54675,0.420,0.200,0.00
130.55828,0.420,0.200,0.00
130.56890,0.475,0.346,0.00
130.57906,0.475,0.346,0.00
130.58922,0.522,0.597,0.00
130.59965,0.552,0.881,0.00
130.61018,0.552,0.881,0.00
130.62038,0.577,1.188,0.00
130.63060,0.577,1.188,0.00
130.64075,0.612,1.524,0.00
130.65090,0.612,1.524,0.00
130.66107,0.612,1.524,0.00
130.67122,0.620,1.840,0.00
130.68139,0.620,1.840,0.00
130.69154,0.628,2.096,0.00
130.70170,0.634,2.335,0.00
130.71189,0.634,2.335,0.00
130.72205,0.626,2.562,0.00
130.73243,0.626,2.562,0.00
130.74260,0.605,2.790,0.00
130.75288,0.605,2.790,0.00
130.76323,0.605,2.790,0.00
130.77338,0.576,2.888,0.00
130.78352,0.543,2.885,0.00
130.79366,0.543,2.885,0.00
130.80382,0.507,2.844,0.00
130.81398,0.507,2.844,0.00
130.82413,0.466,2.845,0.00
130.83432,0.466,2.845,0.00
130.84461,0.417,2.856,0.00
130.85963,0.417,2.856,0.00
130.87058,0.417,2.868,0.00
130.88121,0.286,2.868,0.00
130.89164,0.286,2.905,0.00
130.90212,0.286,2.905,0.00
130.91246,0.286,2.957,0.00
130.92284,0.125,2.957,0.00
130.93297,0.125,3.008,0.00
130.94394,0.125,3.008,0.00
130.95421,0.125,3.008,0.00
130.96526,0.043,3.115,0.00
130.97549,-0.036,3.115,0.00
130.98656,-0.036,3.115,0.00
130.99744,-0.117,3.152,0.00
131.00784,-0.199,3.152,0.00
131.01832,-0.199,3.194,0.00
131.02872,-0.285,3.194,0.00
131.03924,-0.369,3.214,0.00
131.04962,-0.369,3.214,0.00
131.05998,-0.459,3.214,0.00
131.07077,-0.459,3.220,0.00
131.08097,-0.459,3.220,0.00
131.09157,-0.459,3.210,0.00
131.10184,-0.586,3.210,0.00
131.11237,-0.586,3.186,0.00
131.12278,-0.710,3.186,0.00
131.13350,-0.710,3.142,0.00
131.14392,-0.753,3.142,0.00
131.15503,-0.753,3.098,0.00
131.16549,-0.753,3.069,0.00
131.17592,-0.787,3.069,0.00
131.18645,-0.787,3.046,0.00
131.19685,-0.813,3.046,0.00
131.20727,-0.813,3.023,0.00
131.21767,-0.833,3.023,0.00
131.22809,-0.833,2.987,0.00
131.23913,-0.849,2.987,0.00
131.24985,-0.850,2.987,0.00
131.26028,-0.850,2.940,0.00
131.27068,-0.829,2.940,0.00
131.28112,-0.829,2.940,0.00
131.29163,-0.791,2.940,0.00
131.30213,-0.791,2.904,0.00
131.31245,-0.733,2.904,0.00
131.32298,-0.733,2.887,0.00
131.33340,-0.667,2.887,0.00
131.34382,-0.667,2.868,0.00
131.35430,-0.601,2.868,0.00
131.36518,-0.601,2.868,0.00
131.37607,-0.529,2.835,0.00
131.38620,-0.529,2.835,0.00
131.39725,-0.461,2.790,0.00
131.40767,-0.461,2.745,0.00
131.41779,-0.400,2.745,0.00
131.42876,-0.343,2.745,0.00
131.43953,-0.302,2.677,0.00
131.44978,-0.302,2.677,0.00
131.46022,-0.277,2.603,0.00
131.47035,-0.277,2.527,0.00
131.48123,-0.277,2.461,0.00
131.49165,-0.283,2.461,0.00
131.50279,-0.283,2.461,0.00
131.51311,-0.317,2.461,0.00
131.52348,-0.317,2.309,0.00
131.53386,-0.319,2.309,0.00
131.54428,-0.319,2.232,0.00
131.55469,-0.336,2.232,0.00
131.56513,-0.336,2.175,0.00
131.57580,-0.349,2.175,0.00
131.58617,-0.349,2.117,0.00
131.59670,-0.360,2.117,0.00
131.60691,-0.360,2.062,0.00
131.61728,-0.375,2.062,0.00
131.62767,-0.375,2.004,0.00
131.63812,-0.394,2.004,0.00
131.64845,-0.394,1.945,0.00
131.65883,-0.425,1.945,0.00
131.66924,-0.425,1.881,0.00
131.67972,-0.425,1.881,0.00
131.69067,-0.425,1.881,0.00
131.70102,-0.439,1.881,0.00
131.71180,-0.441,1.759,0.00
131.72207,-0.445,1.759,0.00
131.73246,-0.445,1.700,0.00
131.74283,-0.443,1.700,0.00
131.75322,-0.443,1.641,0.00
131.76360,-0.443,1.641,0.00
131.77412,-0.443,1.592,0.00
131.78445,-0.443,1.592,0.00
131.79487,-0.443,1.545,0.00
131.80530,-0.459,1.545,0.00
131.81604,-0.459,1.510,0.00
131.82629,-0.459,1.510,0.00
131.83660,-0.459,1.491,0.00
131.84697,-0.499,1.491,0.00
131.90853,-0.576,1.471,0.00
131.91888,-0.576,1.438,0.00
131.97987,-0.649,1.438,0.00
131.99032,-0.649,1.507,0.00
132.00047,-0.234,-1.319,0.00
132.01063,-0.255,-1.292,0.00
132.02080,-0.255,-1.292,0.00
132.03149,-0.273,-1.264,0.00
132.04182,-0.288,-1.242,0.00
132.05197,-0.288,-1.242,0.00
132.06271,-0.303,-1.220,0.00
132.07287,-0.303,-1.220,0.00
132.08343,-0.318,-1.205,0.00
132.09359,-0.318,-1.205,0.00
132.10374,-0.318,-1.189,0.00
132.11388,-0.327,-1.189,0.00
132.12460,-0.327,-1.189,0.00
132.13479,-0.335,-1.170,0.00
132.14494,-0.346,-1.152,0.00
132.15512,-0.346,-1.152,0.00
132.16528,-0.354,-1.132,0.00
132.17558,-0.354,-1.132,0.00
132.18573,-0.362,-1.113,0.00
132.19592,-0.362,-1.113,0.00
132.20625,-0.373,-1.102,0.00
132.21641,-0.373,-1.102,0.00
132.22657,-0.373,-1.097,0.00
132.23674,-0.385,-1.095,0.00
132.24689,-0.396,-1.095,0.00
132.25705,-0.396,-1.098,0.00
132.26722,-0.408,-1.098,0.00
132.27737,-0.420,-1.105,0.00
132.28752,-0.420,-1.105,0.00
132.29768,-0.420,-1.105,0.00
132.30790,-0.435,-1.105,0.00
132.31807,-0.435,-1.115,0.00
132.32822,-0.448,-1.115,0.00
132.33843,-0.448,-1.124,0.00
132.34858,-0.456,-1.128,0.00
132.35874,-0.456,-1.128,0.00
132.36889,-0.462,-1.128,0.00
132.37903,-0.461,-1.122,0.00
132.38936,-0.461,-1.122,0.00
132.39956,-0.461,-1.122,0.00
132.41004,-0.461,-1.122,0.00
132.42039,-0.453,-1.117,0.00
132.43128,-0.446,-1.112,0.00
132.44164,-0.446,-1.108,0.00
132.45196,-0.438,-1.108,0.00
132.46248,-0.426,-1.104,0.00
132.47273,-0.426,-1.104,0.00
132.48295,-0.413,-1.104,0.00
132.49311,-0.413,-1.108,0.00
132.50350,-0.413,-1.108,0.00
132.51374,-0.400,-1.110,0.00
132.52383,-0.386,-1.114,0.00
132.53401,-0.386,-1.114,0.00
132.54417,-0.378,-1.127,0.00
132.55433,-0.378,-1.127,0.00
132.56448,-0.375,-1.150,0.00
132.57477,-0.375,-1.150,0.00
132.58509,-0.374,-1.173,0.00
132.59532,-0.374,-1.173,0.00
132.60556,-0.378,-1.194,0.00
132.61570,-0.378,-1.194,0.00
132.62587,-0.378,-1.220,0.00
132.63620,-0.378,-1.220,0.00
132.64703,-0.380,-1.255,0.00
132.65789,-0.380,-1.255,0.00
132.66805,-0.387,-1.292,0.00
132.67821,-0.387,-1.292,0.00
132.68838,-0.400,-1.324,0.00
132.69857,-0.411,-1.346,0.00
132.70889,-0.411,-1.346,0.00
132.71905,-0.411,-1.346,0.00
132.72921,-0.416,-1.367,0.00
132.74026,-0.416,-1.367,0.00
132.75096,-0.407,-1.392,0.00
132.76136,-0.389,-1.410,0.00
132.77194,-0.389,-1.410,0.00
132.78224,-0.366,-1.427,0.00
132.79240,-0.366,-1.427,0.00
132.80277,-0.341,-1.445,0.00
132.81567,-0.341,-1.445,0.00
132.82585,-0.303,-1.465,0.00
132.83886,-0.303,-1.465,0.00
132.85012,-0.261,-1.493,0.00
132.86057,-0.233,-1.520,0.00
132.87077,-0.233,-1.520,0.00
132.88095,-0.233,-1.536,0.00
132.89118,-0.215,-1.536,0.00
132.90133,-0.215,-1.536,0.00
132.91149,-0.188,-1.550,0.00
132.92166,-0.154,-1.550,0.00
132.93188,-0.154,-1.564,0.00
132.94241,-0.154,-1.564,0.00
132.95258,-0.113,-1.579,0.00
132.96273,-0.073,-1.590,0.00
132.97289,-0.073,-1.590,0.00
132.98310,-0.035,-1.590,0.00
132.99372,-0.035,-1.590,0.00
133.00390,0.002,-1.582,0.00
133.01423,0.002,-1.582,0.00
133.02439,0.033,-1.570,0.00
133.03472,0.033,-1.570,0.00
133.04527,0.033,-1.550,0.00
133.05543,0.064,-1.550,0.00
133.06559,0.087,-1.516,0.00
133.07580,0.087,-1.516,0.00
133.08601,0.101,-1.480,0.00
133.09625,0.101,-1.480,0.00
133.10661,0.119,-1.440,0.00
133.11704,0.119,-1.440,0.00
133.12757,0.119,-1.440,0.00
133.13773,0.131,-1.400,0.00
133.14790,0.136,-1.363,0.00
133.15921,0.136,-1.363,0.00
133.16954,0.124,-1.320,0.00
133.17967,0.105,-1.276,0.00
133.18988,0.105,-1.276,0.00
133.20005,0.105,-1.276,0.00
133.21021,0.083,-1.233,0.00
133.22052,0.083,-1.233,0.00
133.23127,0.057,-1.175,0.00
133.24177,0.057,-1.175,0.00
133.25216,0.036,-1.110,0.00
133.26242,0.023,-1.043,0.00
133.27264,0.023,-1.043,0.00
133.28276,0.005,-0.980,0.00
133.29308,0.005,-0.980,0.00
133.30324,-0.028,-0.926,0.00
133.31343,-0.028,-0.926,0.00
133.32404,-0.028,-0.880,0.00
133.33424,-0.066,-0.880,0.00
133.34445,-0.110,-0.847,0.00
133.35534,-0.110,-0.847,0.00
133.36549,-0.158,-0.818,0.00
133.37570,-0.158,-0.818,0.00
133.38586,-0.199,-0.795,0.00
133.39603,-0.199,-0.795,0.00
133.40618,-0.235,-0.782,0.00
133.41634,-0.235,-0.782,0.00
133.42707,-0.235,-0.775,0.00
133.43762,-0.265,-0.775,0.00
133.44803,-0.295,-0.739,0.00
133.45839,-0.326,-0.709,0.00
133.46882,-0.326,-0.709,0.00
133.47908,-0.359,-0.681,0.00
133.48939,-0.359,-0.681,0.00
133.49959,-0.359,-0.681,0.00
133.50974,-0.392,-0.663,0.00
133.51990,-0.392,-0.663,0.00
133.53031,-0.419,-0.641,0.00
133.54047,-0.419,-0.641,0.00
133.55063,-0.443,-0.611,0.00
133.56079,-0.443,-0.611,0.00
133.57095,-0.470,-0.586,0.00
133.58111,-0.489,-0.563,0.00
133.59264,-0.489,-0.563,0.00
133.60381,-0.489,-0.563,0.00
133.61906,-0.501,-0.542,0.00
133.62923,-0.513,-0.533,0.00
133.63938,-0.523,-0.536,0.00
133.64955,-0.523,-0.536,0.00
133.66021,-0.523,-0.536,0.00
133.67097,-0.538,-0.553,0.00
133.68156,-0.561,-0.582,0.00
133.69183,-0.561,-0.582,0.00
133.70202,-0.561,-0.582,0.00
133.71218,-0.580,-0.610,0.00
133.72235,-0.580,-0.610,0.00
133.73250,-0.592,-0.629,0.00
133.74267,-0.592,-0.629,0.00
133.75282,-0.604,-0.654,0.00
133.76298,-0.604,-0.654,0.00
133.77369,-0.611,-0.672,0.00
133.78432,-0.621,-0.689,0.00
133.79448,-0.621,-0.689,0.00
133.80464,-0.621,-0.689,0.00
133.81479,-0.630,-0.689,0.00
133.82497,-0.630,-0.708,0.00
133.83513,-0.630,-0.708,0.00
133.84540,-0.635,-0.708,0.00
133.85546,-0.642,-0.745,0.00
133.86562,-0.642,-0.745,0.00
133.87598,-0.651,-0.753,0.00
133.88604,-0.658,-0.765,0.00
133.89633,-0.658,-0.765,0.00
133.90651,-0.664,-0.772,0.00
133.91689,-0.664,-0.772,0.00
133.92705,-0.673,-0.777,0.00
133.93721,-0.673,-0.777,0.00
133.94737,-0.676,-0.781,0.00
133.95753,-0.676,-0.781,0.00
133.96774,-0.673,-0.789,0.00
133.97856,-0.673,-0.789,0.00
133.98873,-0.666,-0.805,0.00
133.99888,-0.660,-0.832,0.00
134.01004,-0.660,-0.832,0.00
134.02023,-0.658,-0.863,0.00
134.03039,-0.658,-0.863,0.00
134.04055,-0.658,-0.863,0.00
134.05092,-0.653,-0.896,0.00
134.06140,-0.653,-0.896,0.00
134.07167,-0.650,-0.932,0.00
134.08181,-0.650,-0.970,0.00
134.09220,-0.642,-0.970,0.00
134.10244,-0.648,-1.013,0.00
134.11276,-0.648,-1.013,0.00
134.12279,-0.663,-1.047,0.00
134.13299,-0.663,-1.047,0.00
134.14313,-0.663,-1.078,0.00
134.15361,-0.676,-1.078,0.00
134.16382,-0.688,-1.098,0.00
134.17441,-0.688,-1.098,0.00
134.18467,-0.707,-1.113,0.00
134.19482,-0.707,-1.113,0.00
134.20587,-0.707,-1.113,0.00
134.21602,-0.728,-1.127,0.00
134.22617,-0.753,-1.141,0.00
134.23646,-0.753,-1.141,0.00
134.24693,-0.753,-1.141,0.00
134.25723,-0.789,-1.152,0.00
134.26743,-0.789,-1.152,0.00
134.27758,-0.789,-1.152,0.00
134.28795,-0.861,-1.165,0.00
134.29832,-0.903,-1.165,0.00
134.30887,-0.903,-1.165,0.00
134.31906,-0.946,-1.165,0.00
134.32939,-0.946,-1.150,0.00
134.33978,-0.946,-1.150,0.00
134.35045,-0.986,-1.134,0.00
134.36068,-1.022,-1.134,0.00
134.37099,-1.022,-1.116,0.00
134.38115,-1.056,-1.099,0.00
134.39133,-1.056,-1.099,0.00
134.40159,-1.056,-1.074,0.00
134.41178,-1.088,-1.074,0.00
134.42206,-1.088,-1.074,0.00
134.43220,-1.088,-1.074,0.00
134.44286,-1.115,-1.044,0.00
134.45311,-1.115,-1.009,0.00
134.46326,-1.141,-0.988,0.00
134.47355,-1.173,-0.988,0.00
134.48372,-1.173,-0.988,0.00
134.49425,-1.201,-0.990,0.00
134.50449,-1.229,-0.968,0.00
134.51558,-1.229,-0.968,0.00
134.52573,-1.255,-0.943,0.00
134.53588,-1.255,-0.943,0.00
134.54614,-1.255,-0.943,0.00
134.55642,-1.276,-0.920,0.00
134.56675,-1.292,-0.892,0.00
134.57748,-1.292,-0.892,0.00
134.58780,-1.306,-0.857,0.00
134.59830,-1.325,-0.821,0.00
134.60846,-1.325,-0.821,0.00
134.61968,-1.325,-0.821,0.00
134.62980,-1.342,-0.790,0.00
134.64005,-1.342,-0.790,0.00
134.65016,-1.351,-0.765,0.00
134.66041,-1.351,-0.765,0.00
134.67057,-1.351,-0.765,0.00
134.68072,-1.351,-0.765,0.00
134.69087,-1.347,-0.751,0.00
134.70157,-1.339,-0.747,0.00
134.71171,-1.339,-0.747,0.00
134.72187,-1.327,-0.735,0.00
134.73202,-1.327,-0.735,0.00
134.74218,-1.327,-0.735,0.00
134.75267,-1.309,-0.720,0.00
134.76298,-1.290,-0.720,0.00
134.77332,-1.290,-0.713,0.00
134.78365,-1.272,-0.713,0.00
134.79529,-1.259,-0.713,0.00
134.80543,-1.259,-0.722,0.00
134.81672,-1.259,-0.722,0.00
134.82687,-1.240,-0.730,0.00
134.83702,-1.208,-0.730,0.00
134.84717,-1.208,-0.735,0.00
134.85732,-1.208,-0.735,0.00
134.86755,-1.179,-0.735,0.00
134.87770,-1.179,-0.740,0.00
134.88785,-1.151,-0.748,0.00
134.89801,-1.151,-0.750,0.00
134.90832,-1.124,-0.750,0.00
134.91847,-1.124,-0.754,0.00
134.92862,-1.101,-0.754,0.00
134.93900,-1.101,-0.754,0.00
134.94915,-1.083,-0.765,0.00
134.95998,-1.083,-0.765,0.00
134.97017,-1.058,-0.787,0.00
134.98115,-1.028,-0.806,0.00
134.99145,-1.028,-0.806,0.00
135.00154,-0.997,-0.822,0.00
135.01225,-0.997,-0.822,0.00
135.02243,-0.968,-0.841,0.00
135.03263,-0.968,-0.841,0.00
135.04324,-0.942,-0.866,0.00
135.05340,-0.942,-0.866,0.00
135.06355,-0.942,-0.866,0.00
135.07414,-0.911,-0.899,0.00
135.08433,-0.891,-0.927,0.00
135.09452,-0.891,-0.927,0.00
135.10468,-0.883,-0.948,0.00
135.11484,-0.883,-0.948,0.00
135.12500,-0.883,-0.974,0.00
135.13658,-0.883,-0.974,0.00
135.14675,-0.887,-0.994,0.00
135.15690,-0.887,-0.994,0.00
135.16705,-0.897,-1.006,0.00
135.17731,-0.897,-1.006,0.00
135.18763,-0.897,-1.006,0.00
135.19780,-0.897,-1.006,0.00
135.20796,-0.911,-1.012,0.00
135.21814,-0.932,-1.014,0.00
135.22830,-0.955,-1.017,0.00
135.23846,-0.955,-1.017,0.00
135.24862,-0.978,-1.022,0.00
135.25878,-0.978,-1.022,0.00
135.26971,-0.995,-1.025,0.00
135.27986,-0.995,-1.025,0.00
135.29012,-1.007,-1.027,0.00
135.30129,-1.007,-1.027,0.00
135.31143,-1.015,-1.024,0.00
135.32186,-1.021,-1.020,0.00
135.33218,-1.021,-1.020,0.00
135.34235,-1.021,-1.020,0.00
135.35256,-1.024,-1.011,0.00
135.36273,-1.024,-0.992,0.00
135.37296,-1.026,-0.992,0.00
135.38312,-1.023,-0.964,0.00
135.39328,-1.023,-0.964,0.00
135.40354,-1.022,-0.927,0.00
135.41370,-1.022,-0.927,0.00
135.42389,-1.021,-0.885,0.00
135.43417,-1.021,-0.885,0.00
135.44432,-1.029,-0.851,0.00
135.45469,-1.029,-0.851,0.00
135.46487,-1.040,-0.813,0.00
135.47576,-1.040,-0.813,0.00
135.48623,-1.056,-0.781,0.00
135.49644,-1.056,-0.781,0.00
135.50747,-1.056,-0.781,0.00
135.51786,-1.093,-0.740,0.00
135.52805,-1.093,-0.740,0.00
135.53832,-1.114,-0.740,0.00
135.54846,-1.114,-0.723,0.00
135.55862,-1.114,-0.723,0.00
135.56879,-1.139,-0.721,0.00
135.57895,-1.139,-0.721,0.00
135.58911,-1.162,-0.732,0.00
135.59926,-1.162,-0.732,0.00
135.60953,-1.180,-0.749,0.00
135.61968,-1.196,-0.770,0.00
135.63007,-1.196,-0.770,0.00
135.64008,-1.205,-0.785,0.00
135.65037,-1.205,-0.785,0.00
135.66054,-1.208,-0.785,0.00
135.67085,-1.208,-0.794,0.00
135.68099,-1.202,-0.800,0.00
135.69142,-1.202,-0.800,0.00
135.70185,-1.202,-0.800,0.00
135.71201,-1.196,-0.799,0.00
135.72251,-1.191,-0.787,0.00
135.73290,-1.191,-0.787,0.00
135.74325,-1.191,-0.787,0.00
135.75389,-1.184,-0.766,0.00
135.76388,-1.177,-0.742,0.00
135.77435,-1.177,-0.742,0.00
135.78461,-1.172,-0.726,0.00
135.79549,-1.172,-0.726,0.00
135.80565,-1.170,-0.710,0.00
135.81586,-1.170,-0.710,0.00
135.82610,-1.168,-0.695,0.00
135.83626,-1.168,-0.695,0.00
135.84641,-1.146,-0.692,0.00
135.85674,-1.146,-0.692,0.00
135.86679,-1.113,-0.708,0.00
135.87694,-1.113,-0.708,0.00
135.88756,-1.113,-0.708,0.00
135.89771,-1.089,-0.735,0.00
135.90786,-1.069,-0.759,0.00
135.91816,-1.048,-0.759,0.00
135.92832,-1.048,-0.784,0.00
135.93873,-1.021,-0.784,0.00
135.94921,-1.021,-0.805,0.00
135.95955,-1.021,-0.805,0.00
135.97015,-0.994,-0.821,0.00
135.98029,-0.994,-0.821,0.00
135.99105,-0.994,-0.821,0.00
136.00124,-0.943,-0.835,0.00
136.01140,-0.943,-0.843,0.00
136.02166,-0.917,-0.844,0.00
136.03206,-0.917,-0.844,0.00
136.04277,-0.897,-0.840,0.00
136.05293,-0.897,-0.840,0.00
136.06309,-0.878,-0.829,0.00
136.07340,-0.878,-0.829,0.00
136.08355,-0.878,-0.829,0.00
136.09380,-0.860,-0.819,0.00
136.10396,-0.847,-0.804,0.00
136.11410,-0.847,-0.804,0.00
136.12440,-0.848,-0.804,0.00
136.13454,-0.848,-0.804,0.00
136.14469,-0.860,-0.812,0.00
136.15482,-0.860,-0.812,0.00
136.16498,-0.877,-0.816,0.00
136.17515,-0.877,-0.816,0.00
136.18532,-0.877,-0.816,0.00
136.19565,-0.901,-0.824,0.00
136.20581,-0.928,-0.826,0.00
136.21598,-0.956,-0.826,0.00
136.22613,-0.956,-0.827,0.00
136.23650,-0.956,-0.827,0.00
136.24709,-0.989,-0.826,0.00
136.25728,-1.022,-0.826,0.00
136.26744,-1.022,-0.826,0.00
136.27787,-1.022,-0.826,0.00
136.28849,-1.022,-0.826,0.00
136.29865,-1.022,-0.822,0.00
136.30880,-1.084,-0.822,0.00
136.31926,-1.084,-0.822,0.00
136.32953,-1.117,-0.823,0.00
136.33981,-1.139,-0.823,0.00
136.35010,-1.139,-0.823,0.00
136.36025,-1.149,-0.830,0.00
136.37045,-1.149,-0.830,0.00
136.38070,-1.166,-0.842,0.00
136.39083,-1.166,-0.842,0.00
136.40098,-1.166,-0.842,0.00
136.41139,-1.185,-0.852,0.00
136.42175,-1.185,-0.852,0.00
136.43198,-1.200,-0.863,0.00
136.44217,-1.212,-0.869,0.00
136.45233,-1.212,-0.869,0.00
136.46266,-1.221,-0.875,0.00
136.47286,-1.221,-0.875,0.00
136.48300,-1.223,-0.898,0.00
136.49315,-1.223,-0.898,0.00
136.50456,-1.223,-0.898,0.00
136.51474,-1.222,-0.938,0.00
136.52500,-1.224,-0.970,0.00
136.53517,-1.224,-0.970,0.00
136.54534,-1.223,-1.001,0.00
136.55565,-1.223,-1.001,0.00
136.56579,-1.206,-1.030,0.00
136.57613,-1.206,-1.030,0.00
136.58630,-1.183,-1.072,0.00
136.59650,-1.183,-1.072,0.00
136.60665,-1.159,-1.109,0.00
136.61680,-1.159,-1.109,0.00
136.62697,-1.159,-1.109,0.00
136.63719,-1.136,-1.172,0.00
136.64735,-1.117,-1.172,0.00
136.65759,-1.117,-1.172,0.00
136.66777,-1.101,-1.184,0.00
136.67815,-1.101,-1.184,0.00
136.68829,-1.093,-1.188,0.00
136.69845,-1.093,-1.203,0.00
136.70875,-1.092,-1.203,0.00
136.71910,-1.092,-1.203,0.00
136.72964,-1.092,-1.203,0.00
136.73999,-1.099,-1.233,0.00
136.75068,-1.118,-1.233,0.00
136.76083,-1.118,-1.252,0.00
136.77098,-1.136,-1.252,0.00
136.78261,-1.136,-1.252,0.00
136.79279,-1.152,-1.277,0.00
136.80295,-1.152,-1.293,0.00
136.81368,-1.168,-1.293,0.00
136.82435,-1.181,-1.300,0.00
136.83454,-1.181,-1.300,0.00
136.84472,-1.190,-1.288,0.00
136.85503,-1.190,-1.288,0.00
136.86518,-1.190,-1.267,0.00
136.87534,-1.198,-1.267,0.00
136.88548,-1.203,-1.232,0.00
136.89563,-1.203,-1.232,0.00
136.90580,-1.203,-1.232,0.00
136.91597,-1.200,-1.187,0.00
136.92616,-1.192,-1.147,0.00
136.93649,-1.192,-1.147,0.00
136.94666,-1.184,-1.106,0.00
136.95681,-1.184,-1.106,0.00
136.96697,-1.185,-1.076,0.00
136.97713,-1.185,-1.076,0.00
136.98727,-1.188,-1.053,0.00
136.99743,-1.188,-1.039,0.00
137.00758,-1.191,-1.039,0.00
137.01775,-1.192,-1.035,0.00
137.02790,-1.192,-1.035,0.00
137.03810,-1.192,-1.035,0.00
137.04826,-1.192,-1.035,0.00
137.05847,-1.192,-1.035,0.00
137.06911,-1.192,-1.035,0.00
137.07997,-1.190,-1.033,0.00
137.09020,-1.192,-1.014,0.00
137.10037,-1.193,-1.014,0.00
137.11070,-1.195,-0.981,0.00
137.12085,-1.200,-0.939,0.00
137.13101,-1.200,-0.939,0.00
137.14158,-1.200,-0.939,0.00
137.15176,-1.209,-0.881,0.00
137.16209,-1.226,-0.827,0.00
137.17240,-1.226,-0.827,0.00
137.18274,-1.226,-0.827,0.00
137.19370,-1.226,-0.827,0.00
137.20398,-1.244,-0.768,0.00
137.21413,-1.244,-0.768,0.00
137.22447,-1.244,-0.768,0.00
137.23463,-1.269,-0.707,0.00
137.24526,-1.293,-0.707,0.00
137.25549,-1.321,-0.591,0.00
137.26566,-1.349,-0.546,0.00
137.27582,-1.349,-0.546,0.00
137.28599,-1.349,-0.546,0.00
137.29615,-1.349,-0.546,0.00
137.30631,-1.349,-0.546,0.00
137.31647,-1.349,-0.546,0.00
137.32663,-1.373,-0.508,0.00
137.33752,-1.391,-0.472,0.00
137.34834,-1.417,-0.432,0.00
137.35874,-1.440,-0.351,0.00
137.36883,-1.456,-0.351,0.00
137.37994,-1.456,-0.351,0.00
137.39009,-1.469,-0.306,0.00
137.40025,-1.469,-0.254,0.00
137.41059,-1.484,-0.254,0.00
137.42075,-1.484,-0.254,0.00
137.43094,-1.500,-0.204,0.00
137.44109,-1.500,-0.204,0.00
137.45139,-1.512,-0.143,0.00
137.46162,-1.519,-0.143,0.00
137.47189,-1.519,-0.074,0.00
137.48216,-1.519,-0.074,0.00
137.49235,-1.521,-0.012,0.00
137.50250,-1.516,0.046,0.00
137.51265,-1.516,0.046,0.00
137.52280,-1.516,0.046,0.00
137.53300,-1.508,0.096,0.00
137.54381,-1.508,0.096,0.00
137.55472,-1.495,0.136,0.00
137.56491,-1.482,0.184,0.00
137.57529,-1.482,0.184,0.00
137.58629,-1.463,0.215,0.00
137.59644,-1.463,0.215,0.00
137.60660,-1.442,0.233,0.00
137.61677,-1.442,0.233,0.00
137.62699,-1.442,0.233,0.00
137.63715,-1.422,0.244,0.00
137.64730,-1.398,0.243,0.00
137.65748,-1.398,0.234,0.00
137.66763,-1.371,0.234,0.00
137.67783,-1.371,0.234,0.00
137.68824,-1.346,0.220,0.00
137.69840,-1.323,0.220,0.00
137.70854,-1.323,0.200,0.00
137.71870,-1.323,0.200,0.00
137.72886,-1.298,0.200,0.00
137.73902,-1.298,0.151,0.00
137.74942,-1.273,0.151,0.00
137.75958,-1.273,0.151,0.00
137.76981,-1.273,0.151,0.00
137.77997,-1.273,0.128,0.00
137.79012,-1.219,0.101,0.00
137.80028,-1.219,0.080,0.00
137.81044,-1.198,0.080,0.00
137.82060,-1.198,0.080,0.00
137.83184,-1.182,0.062,0.00
137.84215,-1.170,0.051,0.00
137.85231,-1.170,0.051,0.00
137.86294,-1.162,0.041,0.00
137.87316,-1.162,0.041,0.00
137.88393,-1.157,0.026,0.00
137.89418,-1.157,0.026,0.00
137.90481,-1.155,0.011,0.00
137.91501,-1.155,0.011,0.00
137.92519,-1.157,-0.007,0.00
137.93558,-1.157,-0.007,0.00
137.94584,-1.164,-0.034,0.00
137.95657,-1.164,-0.034,0.00
137.96683,-1.170,-0.063,0.00
137.97729,-1.170,-0.063,0.00
137.98749,-1.179,-0.100,0.00
137.99765,-1.179,-0.138,0.00
138.00783,-1.194,-0.138,0.00
138.01809,-1.194,-0.138,0.00
138.02824,-1.212,-0.170,0.00
138.03845,-1.212,-0.170,0.00
138.04861,-1.226,-0.208,0.00
138.05877,-1.226,-0.208,0.00
138.06893,-1.240,-0.247,0.00
138.07912,-1.245,-0.247,0.00
138.08934,-1.245,-0.286,0.00
138.09950,-1.248,-0.324,0.00
138.10966,-1.248,-0.324,0.00
138.11982,-1.252,-0.361,0.00
138.13007,-1.252,-0.361,0.00
138.14135,-1.252,-0.361,0.00
138.15151,-1.253,-0.404,0.00
138.16167,-1.253,-0.404,0.00
138.17229,-1.251,-0.446,0.00
138.18249,-1.243,-0.489,0.00
138.19268,-1.243,-0.489,0.00
138.20284,-1.237,-0.534,0.00
138.21299,-1.237,-0.534,0.00
138.22317,-1.233,-0.562,0.00
138.23334,-1.233,-0.562,0.00
138.24415,-1.233,-0.562,0.00
138.25431,-1.226,-0.593,0.00
138.26446,-1.226,-0.593,0.00
138.27462,-1.218,-0.620,0.00
138.28489,-1.213,-0.632,0.00
138.29524,-1.213,-0.632,0.00
138.30540,-1.207,-0.632,0.00
138.31556,-1.207,-0.632,0.00
138.32576,-1.204,-0.630,0.00
138.33592,-1.204,-0.630,0.00
138.34621,-1.203,-0.630,0.00
138.35635,-1.203,-0.628,0.00
138.36651,-1.205,-0.628,0.00
138.37688,-1.205,-0.626,0.00
138.38725,-1.211,-0.620,0.00
138.39943,-1.215,-0.620,0.00
138.40963,-1.215,-0.611,0.00
138.42328,-1.219,-0.600,0.00
138.43362,-1.219,-0.600,0.00
