time,contralateral_sh_el_deg,sh_el_deg,stim_curr
0.00632,-0.892,-1.382,0.00
0.01834,-0.904,-1.373,0.00
0.02870,-0.916,-1.356,0.00
0.03935,-0.916,-1.356,0.00
0.04946,-0.929,-1.335,0.00
0.06406,-0.935,-1.335,0.00
0.07422,-0.935,-1.311,0.00
0.08480,-0.935,-1.286,0.00
0.09524,-0.935,-1.286,0.00
0.10542,-0.935,-1.264,0.00
0.11559,-0.934,-1.264,0.00
0.12576,-0.933,-1.245,0.00
0.13590,-0.933,-1.245,0.00
0.14603,-0.934,-1.245,0.00
0.15619,-0.934,-1.229,0.00
0.16642,-0.937,-1.216,0.00
0.17658,-0.937,-1.216,0.00
0.18678,-0.940,-1.216,0.00
0.19715,-0.940,-1.202,0.00
0.20736,-0.940,-1.183,0.00
0.21858,-0.940,-1.183,0.00
0.22872,-0.933,-1.160,0.00
0.23886,-0.933,-1.160,0.00
0.24901,-0.917,-1.135,0.00
0.26206,-0.917,-1.135,0.00
0.27211,-0.907,-1.109,0.00
0.28234,-0.907,-1.109,0.00
0.29395,-0.895,-1.086,0.00
0.30481,-0.895,-1.086,0.00
0.31499,-0.880,-1.062,0.00
0.32519,-0.856,-1.039,0.00
0.33535,-0.856,-1.039,0.00
0.34655,-0.833,-1.039,0.00
0.35696,-0.833,-1.015,0.00
0.36755,-0.810,-0.988,0.00
0.37771,-0.810,-0.988,0.00
0.38796,-0.790,-0.953,0.00
0.39812,-0.790,-0.953,0.00
0.40828,-0.781,-0.910,0.00
0.41841,-0.781,-0.910,0.00
0.42867,-0.776,-0.867,0.00
0.43883,-0.776,-0.867,0.00
0.44900,-0.766,-0.833,0.00
0.45947,-0.766,-0.833,0.00
0.47011,-0.756,-0.807,0.00
0.48064,-0.756,-0.807,0.00
0.49082,-0.756,-0.787,0.00
0.50097,-0.746,-0.787,0.00
0.51137,-0.746,-0.787,0.00
0.52167,-0.746,-0.787,0.00
0.53233,-0.723,-0.787,0.00
0.54256,-0.723,-0.766,0.00
0.55284,-0.723,-0.766,0.00
0.56306,-0.723,-0.766,0.00
0.57339,-0.703,-0.742,0.00
0.58357,-0.703,-0.718,0.00
0.59374,-0.694,-0.693,0.00
0.60412,-0.686,-0.693,0.00
0.61427,-0.686,-0.665,0.00
0.62455,-0.684,-0.665,0.00
0.63470,-0.684,-0.633,0.00
0.64484,-0.674,-0.598,0.00
0.65498,-0.674,-0.598,0.00
0.66582,-0.674,-0.598,0.00
0.67597,-0.665,-0.568,0.00
0.68647,-0.659,-0.541,0.00
0.69656,-0.659,-0.541,0.00
0.70751,-0.659,-0.516,0.00
0.71765,-0.659,-0.516,0.00
0.72899,-0.656,-0.496,0.00
0.73927,-0.656,-0.496,0.00
0.74989,-0.653,-0.481,0.00
0.76013,-0.653,-0.481,0.00
0.77143,-0.658,-0.474,0.00
0.78157,-0.658,-0.474,0.00
0.79203,-0.668,-0.472,0.00
0.80221,-0.668,-0.472,0.00
0.81245,-0.677,-0.474,0.00
0.82502,-0.677,-0.474,0.00
0.83392,-0.684,-0.481,0.00
0.84485,-0.684,-0.481,0.00
0.85506,-0.692,-0.493,0.00
0.86521,-0.702,-0.503,0.00
0.87536,-0.702,-0.503,0.00
0.88687,-0.702,-0.503,0.00
0.89703,-0.713,-0.508,0.00
0.90731,-0.713,-0.508,0.00
0.91742,-0.713,-0.513,0.00
0.92759,-0.750,-0.521,0.00
0.93772,-0.750,-0.521,0.00
0.94788,-0.750,-0.521,0.00
0.95802,-0.774,-0.529,0.00
0.96817,-0.774,-0.529,0.00
0.97830,-0.774,-0.529,0.00
0.98846,-0.784,-0.545,0.00
0.99860,-0.784,-0.545,0.00
1.00874,-0.780,-0.563,0.00
1.01887,-0.780,-0.563,0.00
1.02902,-0.787,-0.581,0.00
1.03927,-0.787,-0.581,0.00
1.04941,-0.795,-0.604,0.00
1.05969,-0.795,-0.604,0.00
1.06983,-0.803,-0.632,0.00
1.08007,-0.803,-0.632,0.00
1.09022,-0.804,-0.655,0.00
1.10048,-0.804,-0.655,0.00
1.11064,-0.801,-0.669,0.00
1.12287,-0.801,-0.669,0.00
1.13302,-0.795,-0.674,0.00
1.14329,-0.795,-0.674,0.00
1.15344,-0.785,-0.674,0.00
1.16375,-0.785,-0.674,0.00
1.17389,-0.786,-0.674,0.00
1.18495,-0.789,-0.674,0.00
1.19510,-0.789,-0.679,0.00
1.20580,-0.789,-0.679,0.00
1.21600,-0.795,-0.687,0.00
1.22614,-0.809,-0.697,0.00
1.23628,-0.809,-0.697,0.00
1.24642,-0.821,-0.697,0.00
1.25656,-0.821,-0.708,0.00
1.26722,-0.821,-0.708,0.00
1.27735,-0.828,-0.723,0.00
1.28751,-0.835,-0.740,0.00
1.29765,-0.835,-0.740,0.00
1.30795,-0.838,-0.757,0.00
1.31809,-0.838,-0.757,0.00
1.32825,-0.843,-0.772,0.00
1.33838,-0.843,-0.772,0.00
1.34851,-0.847,-0.784,0.00
1.35865,-0.847,-0.784,0.00
1.36929,-0.845,-0.798,0.00
1.37957,-0.845,-0.798,0.00
1.38995,-0.844,-0.813,0.00
1.40009,-0.844,-0.813,0.00
1.41024,-0.852,-0.813,0.00
1.42038,-0.852,-0.827,0.00
1.43052,-0.861,-0.838,0.00
1.44078,-0.861,-0.838,0.00
1.45092,-0.873,-0.846,0.00
1.46132,-0.873,-0.846,0.00
1.47148,-0.886,-0.855,0.00
1.48162,-0.886,-0.855,0.00
1.49177,-0.892,-0.859,0.00
1.50191,-0.892,-0.859,0.00
1.51379,-0.892,-0.859,0.00
1.52406,-0.924,-0.865,0.00
1.53421,-0.924,-0.875,0.00
1.54441,-0.944,-0.875,0.00
1.55458,-0.944,-0.886,0.00
1.56489,-0.944,-0.886,0.00
1.57530,-0.944,-0.886,0.00
1.58568,-0.944,-0.886,0.00
1.59597,-0.944,-0.886,0.00
1.60611,-0.959,-0.906,0.00
1.61627,-1.002,-0.953,0.00
1.62642,-1.014,-0.981,0.00
1.63658,-1.014,-0.981,0.00
1.64670,-1.014,-0.981,0.00
1.65685,-1.014,-1.010,0.00
1.66700,-1.014,-1.010,0.00
1.67715,-1.019,-1.039,0.00
1.68760,-1.029,-1.061,0.00
1.69788,-1.029,-1.061,0.00
1.70822,-1.041,-1.081,0.00
1.71850,-1.041,-1.081,0.00
1.72889,-1.054,-1.096,0.00
1.73939,-1.054,-1.096,0.00
1.74972,-1.070,-1.114,0.00
1.75999,-1.070,-1.114,0.00
1.77013,-1.083,-1.114,0.00
1.78028,-1.083,-1.134,0.00
1.79048,-1.083,-1.134,0.00
1.80062,-1.092,-1.159,0.00
1.81102,-1.100,-1.183,0.00
1.82112,-1.100,-1.183,0.00
1.83128,-1.109,-1.208,0.00
1.84146,-1.109,-1.208,0.00
1.85161,-1.114,-1.229,0.00
1.86177,-1.114,-1.229,0.00
1.87192,-1.111,-1.251,0.00
1.88205,-1.111,-1.251,0.00
1.89220,-1.108,-1.274,0.00
1.90243,-1.108,-1.274,0.00
1.91257,-1.105,-1.293,0.00
1.92273,-1.105,-1.293,0.00
1.93288,-1.102,-1.307,0.00
1.94300,-1.102,-1.307,0.00
1.95315,-1.099,-1.320,0.00
1.96331,-1.099,-1.320,0.00
1.97344,-1.101,-1.329,0.00
1.98357,-1.101,-1.329,0.00
1.99372,-1.103,-1.335,0.00
2.00386,-1.102,-1.340,0.00
2.01401,-1.102,-1.340,0.00
2.02425,-1.102,-1.340,0.00
2.03440,-1.095,-1.344,0.00
2.04459,-1.095,-1.344,0.00
2.05473,-1.092,-1.343,0.00
2.06488,-1.090,-1.343,0.00
2.07503,-1.090,-1.337,0.00
2.08518,-1.088,-1.337,0.00
2.09565,-1.088,-1.330,0.00
2.10581,-1.088,-1.330,0.00
2.11597,-1.081,-1.322,0.00
2.12611,-1.081,-1.322,0.00
2.13627,-1.076,-1.314,0.00
2.14642,-1.072,-1.306,0.00
2.15657,-1.072,-1.306,0.00
2.16673,-1.073,-1.298,0.00
2.17688,-1.073,-1.298,0.00
2.18703,-1.078,-1.289,0.00
2.19718,-1.078,-1.289,0.00
2.20733,-1.080,-1.283,0.00
2.21748,-1.080,-1.283,0.00
2.22761,-1.080,-1.283,0.00
2.23776,-1.073,-1.276,0.00
2.24791,-1.060,-1.269,0.00
2.25804,-1.060,-1.269,0.00
2.26862,-1.050,-1.261,0.00
2.27876,-1.050,-1.261,0.00
2.28891,-1.041,-1.255,0.00
2.29905,-1.041,-1.255,0.00
2.30920,-1.038,-1.248,0.00
2.31938,-1.038,-1.248,0.00
2.32952,-1.037,-1.241,0.00
2.33967,-1.037,-1.241,0.00
2.34981,-1.033,-1.232,0.00
2.35998,-1.033,-1.232,0.00
2.37035,-1.024,-1.217,0.00
2.38048,-1.024,-1.217,0.00
2.39063,-1.012,-1.195,0.00
2.40077,-1.012,-1.195,0.00
2.41128,-0.995,-1.195,0.00
2.42140,-0.995,-1.164,0.00
2.43178,-0.978,-1.121,0.00
2.44216,-0.978,-1.121,0.00
2.45250,-0.961,-1.077,0.00
2.46283,-0.961,-1.077,0.00
2.47317,-0.949,-1.033,0.00
2.48358,-0.949,-1.033,0.00
2.49388,-0.942,-0.988,0.00
2.50418,-0.946,-0.988,0.00
2.51447,-0.946,-0.910,0.00
2.52483,-0.950,-0.910,0.00
2.53544,-0.950,-0.886,0.00
2.54559,-0.950,-0.886,0.00
2.55602,-0.957,-0.869,0.00
2.56637,-0.957,-0.869,0.00
2.57657,-0.957,-0.869,0.00
2.58672,-0.966,-0.854,0.00
2.59687,-0.966,-0.854,0.00
2.60703,-0.998,-0.840,0.00
2.61729,-0.998,-0.840,0.00
2.62745,-0.992,-0.835,0.00
2.63759,-0.992,-0.835,0.00
2.64858,-0.992,-0.835,0.00
2.65881,-0.984,-0.827,0.00
2.66897,-0.995,-0.813,0.00
2.67927,-0.995,-0.813,0.00
2.68981,-1.025,-0.793,0.00
2.70010,-1.025,-0.793,0.00
2.71027,-1.062,-0.772,0.00
2.72123,-1.062,-0.772,0.00
2.73139,-1.092,-0.755,0.00
2.74213,-1.092,-0.755,0.00
2.75227,-1.103,-0.750,0.00
2.76242,-1.103,-0.750,0.00
2.77257,-1.099,-0.754,0.00
2.78462,-1.099,-0.754,0.00
2.79498,-1.092,-0.774,0.00
2.80605,-1.092,-0.810,0.00
2.81619,-1.090,-0.810,0.00
2.82653,-1.097,-0.859,0.00
2.83667,-1.097,-0.859,0.00
2.84696,-1.099,-0.859,0.00
2.85723,-1.099,-0.915,0.00
2.86739,-1.089,-0.974,0.00
2.87752,-1.089,-0.974,0.00
2.88796,-1.084,-1.039,0.00
2.89810,-1.084,-1.039,0.00
2.90825,-1.088,-1.091,0.00
2.91838,-1.088,-1.091,0.00
2.92853,-1.105,-1.134,0.00
2.93867,-1.105,-1.134,0.00
2.94882,-1.134,-1.166,0.00
2.95901,-1.134,-1.166,0.00
2.96915,-1.163,-1.192,0.00
2.97945,-1.163,-1.192,0.00
2.98972,-1.163,-1.222,0.00
3.00019,-1.182,-1.222,0.00
3.01034,-1.200,-1.254,0.00
3.02070,-1.200,-1.254,0.00
3.03105,-1.200,-1.254,0.00
3.04153,-1.232,-1.282,0.00
3.05192,-1.251,-1.312,0.00
3.06218,-1.251,-1.332,0.00
3.07244,-1.252,-1.332,0.00
3.08260,-1.252,-1.332,0.00
3.09276,-1.251,-1.340,0.00
3.10294,-1.252,-1.340,0.00
3.11309,-1.252,-1.342,0.00
3.12446,-1.252,-1.342,0.00
3.13461,-1.247,-1.345,0.00
3.14505,-1.247,-1.345,0.00
3.15523,-1.235,-1.350,0.00
3.16555,-1.226,-1.350,0.00
3.17582,-1.226,-1.360,0.00
3.18598,-1.226,-1.375,0.00
3.19613,-1.223,-1.375,0.00
3.20627,-1.223,-1.375,0.00
3.21641,-1.225,-1.393,0.00
3.22655,-1.221,-1.408,0.00
3.23672,-1.221,-1.408,0.00
3.24686,-1.213,-1.419,0.00
3.25701,-1.213,-1.419,0.00
3.26717,-1.214,-1.425,0.00
3.27731,-1.214,-1.425,0.00
3.28749,-1.214,-1.425,0.00
3.29763,-1.214,-1.425,0.00
3.30779,-1.224,-1.418,0.00
3.31795,-1.224,-1.418,0.00
3.32809,-1.224,-1.418,0.00
3.33822,-1.243,-1.411,0.00
3.34836,-1.256,-1.411,0.00
3.35855,-1.256,-1.413,0.00
3.36870,-1.255,-1.413,0.00
3.37883,-1.255,-1.423,0.00
3.38896,-1.238,-1.430,0.00
3.39910,-1.238,-1.430,0.00
3.40925,-1.238,-1.430,0.00
3.41941,-1.207,-1.429,0.00
3.42955,-1.175,-1.422,0.00
3.43969,-1.175,-1.422,0.00
3.44984,-1.144,-1.413,0.00
3.45997,-1.144,-1.413,0.00
3.47012,-1.121,-1.405,0.00
3.48026,-1.121,-1.405,0.00
3.49040,-1.121,-1.405,0.00
3.50067,-1.105,-1.395,0.00
3.51082,-1.086,-1.385,0.00
3.52097,-1.086,-1.385,0.00
3.53121,-1.075,-1.378,0.00
3.54200,-1.075,-1.378,0.00
3.55227,-1.076,-1.372,0.00
3.56250,-1.076,-1.372,0.00
3.57265,-1.076,-1.372,0.00
3.58289,-1.076,-1.372,0.00
3.59315,-1.082,-1.367,0.00
3.60337,-1.082,-1.367,0.00
3.61351,-1.091,-1.358,0.00
3.62371,-1.091,-1.358,0.00
3.63386,-1.097,-1.352,0.00
3.64448,-1.107,-1.352,0.00
3.65463,-1.107,-1.336,0.00
3.66493,-1.107,-1.336,0.00
3.67508,-1.128,-1.314,0.00
3.68522,-1.128,-1.314,0.00
3.69547,-1.128,-1.314,0.00
3.70569,-1.160,-1.295,0.00
3.71583,-1.160,-1.295,0.00
3.72605,-1.160,-1.295,0.00
3.73627,-1.201,-1.271,0.00
3.74645,-1.264,-1.271,0.00
3.75659,-1.332,-1.271,0.00
3.76674,-1.332,-1.271,0.00
3.77688,-1.395,-1.289,0.00
3.78702,-1.449,-1.320,0.00
3.79725,-1.449,-1.320,0.00
3.80741,-1.485,-1.372,0.00
3.81756,-1.485,-1.372,0.00
3.82768,-1.510,-1.438,0.00
3.83795,-1.510,-1.438,0.00
3.84833,-1.544,-1.438,0.00
3.85861,-1.544,-1.509,0.00
3.86948,-1.583,-1.509,0.00
3.87964,-1.583,-1.592,0.00
3.88977,-1.613,-1.653,0.00
3.89993,-1.613,-1.653,0.00
3.91007,-1.628,-1.702,0.00
3.92021,-1.628,-1.702,0.00
3.93035,-1.631,-1.738,0.00
3.94048,-1.631,-1.738,0.00
3.95062,-1.622,-1.768,0.00
3.96077,-1.622,-1.768,0.00
3.97091,-1.615,-1.768,0.00
3.98106,-1.615,-1.789,0.00
3.99121,-1.616,-1.805,0.00
4.00136,-1.616,-1.805,0.00
4.01172,-1.628,-1.829,0.00
4.02188,-1.628,-1.829,0.00
4.03202,-1.637,-1.873,0.00
4.04216,-1.637,-1.873,0.00
4.05231,-1.644,-1.926,0.00
4.06245,-1.644,-1.926,0.00
4.07261,-1.644,-1.926,0.00
4.08281,-1.657,-1.979,0.00
4.09296,-1.682,-2.026,0.00
4.10310,-1.682,-2.026,0.00
4.11324,-1.711,-2.078,0.00
4.12339,-1.711,-2.129,0.00
4.13353,-1.736,-2.129,0.00
4.14368,-1.736,-2.129,0.00
4.15383,-1.752,-2.182,0.00
4.16397,-1.752,-2.228,0.00
4.17411,-1.759,-2.228,0.00
4.18461,-1.759,-2.269,0.00
4.19475,-1.758,-2.269,0.00
4.20491,-1.758,-2.269,0.00
4.21500,-1.743,-2.295,0.00
4.22516,-1.743,-2.295,0.00
4.23531,-1.724,-2.301,0.00
4.24545,-1.724,-2.301,0.00
4.25561,-1.702,-2.290,0.00
4.26574,-1.679,-2.290,0.00
4.27589,-1.679,-2.268,0.00
4.28603,-1.679,-2.268,0.00
4.29618,-1.666,-2.242,0.00
4.30632,-1.666,-2.242,0.00
4.31678,-1.666,-2.242,0.00
4.32693,-1.649,-2.209,0.00
4.33708,-1.649,-2.209,0.00
4.34795,-1.656,-2.212,0.00
4.35809,-1.656,-2.212,0.00
4.36823,-1.656,-2.212,0.00
4.37933,-1.656,-2.212,0.00
4.38950,-1.714,-2.263,0.00
4.39996,-1.714,-2.263,0.00
4.41024,-1.744,-2.300,0.00
4.42050,-1.744,-2.300,0.00
4.43075,-1.759,-2.338,0.00
4.44167,-1.759,-2.338,0.00
4.45184,-1.755,-2.374,0.00
4.46278,-1.739,-2.374,0.00
4.47294,-1.739,-2.405,0.00
4.48320,-1.739,-2.405,0.00
4.49365,-1.722,-2.429,0.00
4.50412,-1.711,-2.455,0.00
4.51438,-1.711,-2.455,0.00
4.52454,-1.711,-2.479,0.00
4.53469,-1.707,-2.479,0.00
4.54483,-1.707,-2.500,0.00
4.55498,-1.711,-2.500,0.00
4.56512,-1.711,-2.521,0.00
4.57527,-1.718,-2.521,0.00
4.58549,-1.718,-2.541,0.00
4.59564,-1.720,-2.541,0.00
4.60602,-1.707,-2.562,0.00
4.61615,-1.707,-2.562,0.00
4.62629,-1.677,-2.585,0.00
4.63645,-1.677,-2.585,0.00
4.64660,-1.677,-2.585,0.00
4.65673,-1.644,-2.611,0.00
4.66688,-1.607,-2.611,0.00
4.67702,-1.607,-2.639,0.00
4.68720,-1.555,-2.654,0.00
4.69734,-1.555,-2.654,0.00
4.70749,-1.492,-2.655,0.00
4.71763,-1.492,-2.655,0.00
4.72776,-1.421,-2.640,0.00
4.73820,-1.421,-2.640,0.00
4.74839,-1.335,-2.640,0.00
4.75854,-1.335,-2.604,0.00
4.76869,-1.252,-2.534,0.00
4.77884,-1.252,-2.534,0.00
4.78902,-1.252,-2.534,0.00
4.79929,-1.180,-2.423,0.00
4.80944,-1.102,-2.267,0.00
4.81970,-1.102,-2.267,0.00
4.82984,-1.030,-2.051,0.00
4.84009,-1.030,-2.051,0.00
4.85025,-0.971,-1.840,0.00
4.86040,-0.971,-1.840,0.00
4.87055,-0.912,-1.627,0.00
4.88110,-0.912,-1.627,0.00
4.89125,-0.912,-1.627,0.00
4.90147,-0.852,-1.421,0.00
4.91162,-0.808,-1.216,0.00
4.92179,-0.808,-1.216,0.00
4.93194,-0.763,-1.013,0.00
4.94219,-0.713,-0.824,0.00
4.95233,-0.713,-0.824,0.00
4.96258,-0.713,-0.824,0.00
4.97286,-0.673,-0.646,0.00
4.98300,-0.673,-0.646,0.00
4.99316,-0.667,-0.447,0.00
5.00338,-0.667,-0.447,0.00
5.01353,-0.686,-0.264,0.00
5.02389,-0.686,-0.264,0.00
5.03402,-0.701,-0.114,0.00
5.04418,-0.701,-0.114,0.00
5.05432,-0.711,-0.023,0.00
5.06446,-0.711,-0.023,0.00
5.07461,-0.734,0.021,0.00
5.08485,-0.734,0.021,0.00
5.09500,-0.763,0.052,0.00
5.10515,-0.791,0.089,0.00
5.11531,-0.791,0.089,0.00
5.12546,-0.820,0.125,0.00
5.13560,-0.820,0.125,0.00
5.14573,-0.820,0.125,0.00
5.15586,-0.851,0.137,0.00
5.16601,-0.888,0.118,0.00
5.17614,-0.888,0.118,0.00
5.18628,-0.922,0.082,0.00
5.19643,-0.922,0.082,0.00
5.20689,-0.946,0.082,0.00
5.21735,-0.946,0.043,0.00
5.22772,-0.967,0.003,0.00
5.23788,-0.967,0.003,0.00
5.24837,-0.986,-0.041,0.00
5.25859,-0.986,-0.041,0.00
5.26895,-1.004,-0.083,0.00
5.27931,-1.004,-0.083,0.00
5.28970,-1.020,-0.115,0.00
5.29998,-1.020,-0.115,0.00
5.31032,-1.032,-0.131,0.00
5.32145,-1.032,-0.131,0.00
5.33184,-1.041,-0.144,0.00
5.34198,-1.041,-0.144,0.00
5.35214,-1.051,-0.176,0.00
5.36227,-1.051,-0.176,0.00
5.37243,-1.062,-0.230,0.00
5.38259,-1.062,-0.230,0.00
5.39274,-1.079,-0.290,0.00
5.40288,-1.079,-0.290,0.00
5.41303,-1.094,-0.352,0.00
5.42325,-1.094,-0.352,0.00
5.43341,-1.102,-0.412,0.00
5.44356,-1.102,-0.412,0.00
5.45372,-1.101,-0.462,0.00
5.46387,-1.101,-0.462,0.00
5.47402,-1.099,-0.499,0.00
5.48416,-1.099,-0.499,0.00
5.49432,-1.097,-0.530,0.00
5.50446,-1.097,-0.530,0.00
5.51459,-1.098,-0.567,0.00
5.52473,-1.096,-0.594,0.00
5.53488,-1.096,-0.594,0.00
5.54611,-1.087,-0.594,0.00
5.55624,-1.087,-0.614,0.00
5.56638,-1.075,-0.631,0.00
5.57654,-1.075,-0.631,0.00
5.58668,-1.063,-0.646,0.00
5.59683,-1.063,-0.646,0.00
5.60738,-1.050,-0.652,0.00
5.61752,-1.050,-0.652,0.00
5.62790,-1.034,-0.636,0.00
5.63820,-1.034,-0.636,0.00
5.64836,-1.014,-0.609,0.00
5.65849,-1.014,-0.609,0.00
5.66865,-0.988,-0.574,0.00
5.67879,-0.988,-0.574,0.00
5.68893,-0.954,-0.542,0.00
5.69907,-0.954,-0.542,0.00
5.70922,-0.954,-0.542,0.00
5.71939,-0.923,-0.507,0.00
5.72954,-0.886,-0.471,0.00
5.73983,-0.886,-0.471,0.00
5.75002,-0.851,-0.437,0.00
5.76014,-0.851,-0.437,0.00
5.77029,-0.817,-0.408,0.00
5.78045,-0.817,-0.408,0.00
5.79075,-0.786,-0.367,0.00
5.80105,-0.786,-0.367,0.00
5.81125,-0.786,-0.367,0.00
5.82146,-0.755,-0.314,0.00
5.83167,-0.727,-0.265,0.00
5.84181,-0.727,-0.265,0.00
5.85200,-0.708,-0.215,0.00
5.86214,-0.708,-0.215,0.00
5.87230,-0.686,-0.166,0.00
5.88247,-0.686,-0.166,0.00
5.89262,-0.673,-0.114,0.00
5.90278,-0.673,-0.114,0.00
5.91293,-0.665,-0.058,0.00
5.92323,-0.665,-0.058,0.00
5.93338,-0.661,0.001,0.00
5.94355,-0.661,0.001,0.00
5.95370,-0.657,0.070,0.00
5.96385,-0.657,0.070,0.00
5.97400,-0.655,0.116,0.00
5.98419,-0.655,0.116,0.00
5.99432,-0.660,0.145,0.00
6.00448,-0.660,0.145,0.00
6.01480,-0.670,0.146,0.00
6.02495,-0.682,0.114,0.00
6.03509,-0.682,0.114,0.00
6.04523,-0.703,0.066,0.00
6.05563,-0.703,0.066,0.00
6.06579,-0.731,0.066,0.00
6.07593,-0.731,0.020,0.00
6.08668,-0.731,0.020,0.00
6.09696,-0.754,-0.024,0.00
6.10720,-0.754,-0.063,0.00
6.11727,-0.778,-0.063,0.00
6.12745,-0.778,-0.100,0.00
6.13760,-0.797,-0.100,0.00
6.14775,-0.814,-0.129,0.00
6.15789,-0.814,-0.129,0.00
6.16805,-0.829,-0.163,0.00
6.17821,-0.829,-0.163,0.00
6.18836,-0.847,-0.200,0.00
6.19850,-0.847,-0.200,0.00
6.20863,-0.861,-0.247,0.00
6.21877,-0.861,-0.247,0.00
6.22892,-0.867,-0.304,0.00
6.23908,-0.867,-0.304,0.00
6.24923,-0.870,-0.368,0.00
6.25937,-0.870,-0.368,0.00
6.26951,-0.880,-0.428,0.00
6.27968,-0.880,-0.428,0.00
6.28983,-0.894,-0.483,0.00
6.29999,-0.894,-0.483,0.00
6.31013,-0.908,-0.518,0.00
6.32050,-0.908,-0.518,0.00
6.33068,-0.925,-0.548,0.00
6.34097,-0.925,-0.548,0.00
6.35121,-0.939,-0.582,0.00
6.36146,-0.939,-0.582,0.00
6.37168,-0.939,-0.582,0.00
6.38194,-0.951,-0.613,0.00
6.39220,-0.951,-0.613,0.00
6.40245,-0.961,-0.643,0.00
6.41268,-0.974,-0.680,0.00
6.42288,-0.974,-0.680,0.00
6.43304,-0.984,-0.728,0.00
6.44327,-0.984,-0.728,0.00
6.45343,-0.992,-0.783,0.00
6.46357,-0.992,-0.832,0.00
6.47370,-1.000,-0.832,0.00
6.48398,-1.000,-0.832,0.00
6.49404,-0.997,-0.866,0.00
6.50420,-0.997,-0.866,0.00
6.51444,-0.985,-0.874,0.00
6.52518,-0.985,-0.874,0.00
6.53544,-0.963,-0.872,0.00
6.54558,-0.963,-0.872,0.00
6.55574,-0.928,-0.867,0.00
6.56588,-0.893,-0.869,0.00
6.57602,-0.893,-0.869,0.00
6.58617,-0.871,-0.879,0.00
6.59631,-0.871,-0.879,0.00
6.60646,-0.858,-0.879,0.00
6.61684,-0.858,-0.893,0.00
6.62700,-0.858,-0.893,0.00
6.63714,-0.843,-0.901,0.00
6.64730,-0.820,-0.901,0.00
6.65744,-0.820,-0.901,0.00
6.66756,-0.793,-0.892,0.00
6.67772,-0.793,-0.892,0.00
6.68786,-0.766,-0.881,0.00
6.69800,-0.766,-0.881,0.00
6.70815,-0.744,-0.873,0.00
6.71830,-0.744,-0.873,0.00
6.72845,-0.737,-0.864,0.00
6.73858,-0.737,-0.864,0.00
6.74872,-0.734,-0.855,0.00
6.75898,-0.734,-0.855,0.00
6.76913,-0.730,-0.841,0.00
6.77931,-0.730,-0.841,0.00
6.78947,-0.730,-0.822,0.00
6.79961,-0.730,-0.822,0.00
6.80976,-0.738,-0.822,0.00
6.81990,-0.738,-0.797,0.00
6.83005,-0.750,-0.773,0.00
6.84024,-0.750,-0.773,0.00
6.85038,-0.762,-0.748,0.00
6.86162,-0.762,-0.748,0.00
6.87183,-0.770,-0.724,0.00
6.88201,-0.770,-0.724,0.00
6.89287,-0.767,-0.708,0.00
6.90327,-0.757,-0.708,0.00
6.91345,-0.757,-0.695,0.00
6.92411,-0.746,-0.695,0.00
6.93428,-0.746,-0.681,0.00
6.94446,-0.746,-0.681,0.00
6.95470,-0.739,-0.673,0.00
6.96485,-0.739,-0.673,0.00
6.97500,-0.739,-0.662,0.00
6.98515,-0.741,-0.653,0.00
6.99531,-0.741,-0.653,0.00
7.00546,-0.747,-0.648,0.00
7.01562,-0.747,-0.648,0.00
7.02578,-0.758,-0.648,0.00
7.03593,-0.758,-0.648,0.00
7.04608,-0.773,-0.648,0.00
7.05623,-0.773,-0.648,0.00
7.06639,-0.792,-0.645,0.00
7.07665,-0.792,-0.645,0.00
7.08680,-0.808,-0.629,0.00
7.09695,-0.808,-0.629,0.00
7.10710,-0.824,-0.610,0.00
7.11727,-0.824,-0.610,0.00
7.12743,-0.837,-0.591,0.00
7.13758,-0.837,-0.591,0.00
7.14775,-0.851,-0.577,0.00
7.15790,-0.851,-0.577,0.00
7.16806,-0.868,-0.571,0.00
7.17821,-0.868,-0.571,0.00
7.18836,-0.888,-0.577,0.00
7.19850,-0.888,-0.577,0.00
7.20865,-0.909,-0.583,0.00
7.21878,-0.909,-0.583,0.00
7.22891,-0.909,-0.592,0.00
7.23905,-0.924,-0.592,0.00
7.24924,-0.924,-0.602,0.00
7.25938,-0.940,-0.602,0.00
7.26952,-0.940,-0.602,0.00
7.27966,-0.940,-0.602,0.00
7.28987,-0.963,-0.611,0.00
7.30014,-0.963,-0.611,0.00
7.31029,-0.978,-0.622,0.00
7.32078,-0.978,-0.622,0.00
7.33085,-0.989,-0.634,0.00
7.34135,-0.989,-0.634,0.00
7.35151,-0.998,-0.634,0.00
7.36180,-0.998,-0.639,0.00
7.37203,-1.009,-0.644,0.00
7.38231,-1.009,-0.644,0.00
7.39245,-1.026,-0.667,0.00
7.40267,-1.026,-0.667,0.00
7.41284,-1.046,-0.700,0.00
7.42298,-1.046,-0.700,0.00
7.43335,-1.064,-0.755,0.00
7.44350,-1.064,-0.755,0.00
7.45367,-1.073,-0.807,0.00
7.46383,-1.069,-0.807,0.00
7.47399,-1.069,-0.847,0.00
7.48414,-1.069,-0.847,0.00
7.49461,-1.071,-0.878,0.00
7.50491,-1.084,-0.878,0.00
7.51554,-1.084,-0.899,0.00
7.52578,-1.101,-0.914,0.00
7.53594,-1.101,-0.914,0.00
7.54610,-1.101,-0.929,0.00
7.55628,-1.106,-0.929,0.00
7.56722,-1.104,-0.940,0.00
7.57742,-1.104,-0.940,0.00
7.58758,-1.090,-0.951,0.00
7.59773,-1.090,-0.951,0.00
7.60789,-1.090,-0.951,0.00
7.61805,-1.072,-0.965,0.00
7.62821,-1.062,-0.983,0.00
7.63838,-1.062,-0.983,0.00
7.64856,-1.061,-0.999,0.00
7.65873,-1.061,-0.999,0.00
7.66888,-1.063,-1.014,0.00
7.67904,-1.063,-1.014,0.00
7.68921,-1.061,-1.031,0.00
7.69938,-1.061,-1.031,0.00
7.70956,-1.050,-1.056,0.00
7.71971,-1.050,-1.056,0.00
7.72988,-1.034,-1.081,0.00
7.74004,-1.034,-1.081,0.00
7.75020,-1.020,-1.107,0.00
7.76036,-1.020,-1.107,0.00
7.77053,-1.010,-1.122,0.00
7.78067,-1.010,-1.122,0.00
7.79083,-1.017,-1.127,0.00
7.80100,-1.017,-1.127,0.00
7.81119,-1.032,-1.125,0.00
7.82179,-1.032,-1.125,0.00
7.83195,-1.037,-1.121,0.00
7.84210,-1.037,-1.121,0.00
7.85225,-1.036,-1.111,0.00
7.86283,-1.036,-1.111,0.00
7.87297,-1.045,-1.099,0.00
7.88396,-1.045,-1.089,0.00
7.89410,-1.047,-1.089,0.00
7.90461,-1.047,-1.089,0.00
7.91476,-1.044,-1.081,0.00
7.92492,-1.044,-1.078,0.00
7.93536,-1.042,-1.078,0.00
7.94553,-1.042,-1.078,0.00
7.95569,-1.039,-1.078,0.00
7.96586,-1.037,-1.078,0.00
7.97612,-1.037,-1.077,0.00
7.98628,-1.037,-1.077,0.00
7.99642,-1.037,-1.076,0.00
8.00657,-1.037,-1.082,0.00
8.01671,-1.037,-1.082,0.00
8.02692,-1.034,-1.082,0.00
8.03707,-1.034,-1.092,0.00
8.04725,-1.034,-1.092,0.00
8.05740,-1.027,-1.103,0.00
8.06755,-1.027,-1.103,0.00
8.07769,-1.012,-1.109,0.00
8.08788,-0.988,-1.106,0.00
8.09826,-0.988,-1.106,0.00
8.10844,-0.988,-1.099,0.00
8.11864,-0.965,-1.099,0.00
8.12879,-0.951,-1.085,0.00
8.13893,-0.951,-1.085,0.00
8.14906,-0.947,-1.070,0.00
8.15929,-0.947,-1.070,0.00
8.16943,-0.947,-1.057,0.00
8.17957,-0.947,-1.057,0.00
8.18991,-0.947,-1.044,0.00
8.20006,-0.947,-1.044,0.00
8.21020,-0.947,-1.031,0.00
8.22034,-0.947,-1.031,0.00
8.23049,-0.951,-1.015,0.00
8.24083,-0.951,-1.015,0.00
8.25098,-0.968,-1.001,0.00
8.26153,-0.968,-1.001,0.00
8.27186,-0.999,-0.990,0.00
8.28232,-0.999,-0.990,0.00
8.29273,-1.024,-0.989,0.00
8.30291,-1.024,-0.989,0.00
8.31305,-1.039,-0.989,0.00
8.32331,-1.034,-0.989,0.00
8.33345,-1.034,-0.984,0.00
8.34361,-1.017,-0.984,0.00
8.35376,-1.017,-0.977,0.00
8.36391,-1.004,-0.977,0.00
8.37404,-1.004,-0.967,0.00
8.38420,-1.000,-0.967,0.00
8.39435,-1.000,-0.957,0.00
8.40463,-1.000,-0.948,0.00
8.41495,-1.000,-0.948,0.00
8.42526,-1.007,-0.948,0.00
8.43557,-1.007,-0.940,0.00
8.44590,-1.015,-0.939,0.00
8.45620,-1.015,-0.939,0.00
8.46654,-1.020,-0.940,0.00
8.47684,-1.020,-0.940,0.00
8.48699,-1.023,-0.942,0.00
8.49714,-1.023,-0.942,0.00
8.50739,-1.021,-0.945,0.00
8.51755,-1.021,-0.945,0.00
8.52770,-1.015,-0.952,0.00
8.53785,-1.015,-0.952,0.00
8.54804,-1.005,-0.952,0.00
8.55821,-1.005,-0.957,0.00
8.56836,-0.987,-0.961,0.00
8.57850,-0.987,-0.961,0.00
8.58864,-0.969,-0.963,0.00
8.59879,-0.969,-0.963,0.00
8.60893,-0.968,-0.963,0.00
8.61909,-0.968,-0.963,0.00
8.62923,-0.985,-0.961,0.00
8.63938,-0.985,-0.961,0.00
8.64952,-1.012,-0.958,0.00
8.65966,-1.012,-0.958,0.00
8.66980,-1.042,-0.953,0.00
8.68000,-1.042,-0.953,0.00
8.69015,-1.068,-0.952,0.00
8.70029,-1.068,-0.952,0.00
8.71044,-1.081,-0.953,0.00
8.72058,-1.081,-0.953,0.00
8.73071,-1.087,-0.957,0.00
8.74087,-1.087,-0.957,0.00
8.75101,-1.089,-0.960,0.00
8.76139,-1.089,-0.960,0.00
8.77154,-1.091,-0.957,0.00
8.78168,-1.091,-0.957,0.00
8.79185,-1.092,-0.954,0.00
8.80200,-1.092,-0.954,0.00
8.81215,-1.089,-0.957,0.00
8.82246,-1.089,-0.969,0.00
8.83281,-1.085,-0.969,0.00
8.84331,-1.085,-0.969,0.00
8.85346,-1.086,-0.984,0.00
8.86391,-1.086,-0.999,0.00
8.87420,-1.086,-0.999,0.00
8.88435,-1.086,-0.999,0.00
8.89452,-1.086,-1.006,0.00
8.90464,-1.086,-1.006,0.00
8.91479,-1.084,-1.009,0.00
8.92501,-1.084,-1.009,0.00
8.93518,-1.074,-1.010,0.00
8.94533,-1.062,-1.010,0.00
8.95549,-1.062,-1.012,0.00
8.96563,-1.062,-1.012,0.00
8.97580,-1.047,-1.018,0.00
8.98596,-1.041,-1.018,0.00
8.99612,-1.041,-1.025,0.00
9.00629,-1.035,-1.025,0.00
9.01645,-1.035,-1.028,0.00
9.02660,-1.032,-1.027,0.00
9.03675,-1.032,-1.027,0.00
9.04689,-1.033,-1.026,0.00
9.05704,-1.033,-1.026,0.00
9.06722,-1.033,-1.026,0.00
9.07738,-1.040,-1.026,0.00
9.08753,-1.045,-1.027,0.00
9.09820,-1.045,-1.027,0.00
9.10837,-1.044,-1.028,0.00
9.11851,-1.044,-1.028,0.00
9.12878,-1.040,-1.025,0.00
9.13907,-1.040,-1.025,0.00
9.14938,-1.036,-1.018,0.00
9.15976,-1.036,-1.018,0.00
9.17006,-1.030,-1.011,0.00
9.18046,-1.030,-1.011,0.00
9.19060,-1.030,-0.999,0.00
9.20082,-1.025,-0.999,0.00
9.21107,-1.021,-0.991,0.00
9.22132,-1.021,-0.991,0.00
9.23148,-1.023,-0.984,0.00
9.24164,-1.023,-0.984,0.00
9.25178,-1.030,-0.978,0.00
9.26195,-1.030,-0.971,0.00
9.27210,-1.033,-0.971,0.00
9.28228,-1.033,-0.960,0.00
9.29272,-1.033,-0.960,0.00
9.30326,-1.033,-0.948,0.00
9.31340,-1.038,-0.948,0.00
9.32379,-1.038,-0.935,0.00
9.33416,-1.048,-0.935,0.00
9.34455,-1.048,-0.920,0.00
9.35482,-1.055,-0.920,0.00
9.36524,-1.055,-0.909,0.00
9.37557,-1.056,-0.909,0.00
9.38586,-1.051,-0.899,0.00
9.39639,-1.051,-0.899,0.00
9.40765,-1.046,-0.890,0.00
9.41780,-1.046,-0.890,0.00
9.42796,-1.045,-0.882,0.00
9.43811,-1.045,-0.882,0.00
9.44833,-1.052,-0.870,0.00
9.45849,-1.052,-0.870,0.00
9.46866,-1.067,-0.859,0.00
9.47883,-1.067,-0.859,0.00
9.48906,-1.067,-0.859,0.00
9.49956,-1.075,-0.850,0.00
9.50975,-1.076,-0.845,0.00
9.52009,-1.076,-0.845,0.00
9.53057,-1.073,-0.846,0.00
9.54082,-1.073,-0.846,0.00
9.55167,-1.063,-0.848,0.00
9.56189,-1.063,-0.848,0.00
9.57203,-1.051,-0.852,0.00
9.58260,-1.051,-0.852,0.00
9.59275,-1.039,-0.855,0.00
9.60342,-1.039,-0.855,0.00
9.61357,-1.026,-0.858,0.00
9.62399,-1.026,-0.858,0.00
9.63424,-1.012,-0.859,0.00
9.64439,-1.012,-0.859,0.00
9.65463,-1.000,-0.857,0.00
9.66478,-1.000,-0.855,0.00
9.67491,-0.994,-0.855,0.00
9.68515,-0.994,-0.853,0.00
9.69530,-0.991,-0.853,0.00
9.70544,-0.991,-0.847,0.00
9.71558,-0.991,-0.847,0.00
9.72589,-0.984,-0.841,0.00
9.73619,-0.984,-0.841,0.00
9.74653,-0.971,-0.831,0.00
9.75701,-0.971,-0.831,0.00
9.76732,-0.957,-0.816,0.00
9.77746,-0.957,-0.816,0.00
9.78761,-0.939,-0.816,0.00
9.79777,-0.939,-0.798,0.00
9.80792,-0.926,-0.780,0.00
9.81806,-0.926,-0.780,0.00
9.82820,-0.917,-0.763,0.00
9.83834,-0.917,-0.763,0.00
9.84849,-0.914,-0.748,0.00
9.85862,-0.914,-0.748,0.00
9.86903,-0.911,-0.737,0.00
9.87928,-0.911,-0.737,0.00
9.88943,-0.907,-0.734,0.00
9.89959,-0.907,-0.734,0.00
9.90973,-0.903,-0.731,0.00
9.91988,-0.903,-0.731,0.00
9.93024,-0.899,-0.721,0.00
9.94038,-0.899,-0.721,0.00
9.95052,-0.899,-0.704,0.00
9.96068,-0.893,-0.704,0.00
9.97094,-0.893,-0.704,0.00
9.98110,-0.887,-0.684,0.00
9.99127,-0.887,-0.684,0.00
10.00144,-0.885,-0.659,0.00
10.01154,-0.885,-0.659,0.00
10.02170,-0.883,-0.641,0.00
10.03187,-0.886,-0.623,0.00
10.04203,-0.886,-0.623,0.00
10.05219,-0.889,-0.613,0.00
10.06232,-0.889,-0.607,0.00
10.07248,-0.889,-0.607,0.00
10.08261,-0.889,-0.607,0.00
10.09276,-0.888,-0.607,0.00
10.10293,-0.888,-0.607,0.00
10.11308,-0.890,-0.611,0.00
10.12327,-0.890,-0.611,0.00
10.13342,-0.893,-0.619,0.00
10.14356,-0.893,-0.619,0.00
10.15369,-0.904,-0.632,0.00
10.16385,-0.904,-0.632,0.00
10.17400,-0.917,-0.645,0.00
10.18416,-0.917,-0.645,0.00
10.19431,-0.932,-0.658,0.00
10.20444,-0.951,-0.671,0.00
10.21459,-0.951,-0.671,0.00
10.22503,-0.978,-0.684,0.00
10.23551,-0.978,-0.684,0.00
10.24587,-1.006,-0.698,0.00
10.25601,-1.006,-0.698,0.00
10.26616,-1.033,-0.698,0.00
10.27630,-1.033,-0.710,0.00
10.28671,-1.056,-0.710,0.00
10.29689,-1.056,-0.721,0.00
10.30704,-1.075,-0.732,0.00
10.31721,-1.075,-0.732,0.00
10.32737,-1.090,-0.738,0.00
10.33754,-1.090,-0.738,0.00
10.34770,-1.100,-0.743,0.00
10.35786,-1.100,-0.743,0.00
10.36804,-1.100,-0.752,0.00
10.37818,-1.107,-0.752,0.00
10.38834,-1.109,-0.762,0.00
10.39850,-1.109,-0.762,0.00
10.40865,-1.111,-0.773,0.00
10.41880,-1.111,-0.773,0.00
10.42895,-1.109,-0.786,0.00
10.43909,-1.109,-0.786,0.00
10.44924,-1.104,-0.806,0.00
10.46004,-1.104,-0.806,0.00
10.47019,-1.100,-0.833,0.00
10.48102,-1.100,-0.833,0.00
10.49127,-1.092,-0.859,0.00
10.50196,-1.092,-0.859,0.00
10.51237,-1.087,-0.888,0.00
10.52256,-1.087,-0.888,0.00
10.53281,-1.081,-0.912,0.00
10.54299,-1.081,-0.912,0.00
10.55314,-1.079,-0.928,0.00
10.56329,-1.080,-0.928,0.00
10.57343,-1.080,-0.936,0.00
10.58405,-1.080,-0.936,0.00
10.59420,-1.081,-0.936,0.00
10.60435,-1.076,-0.936,0.00
10.61467,-1.076,-0.931,0.00
10.62481,-1.076,-0.931,0.00
10.63496,-1.057,-0.921,0.00
10.64511,-1.057,-0.906,0.00
10.65530,-1.047,-0.906,0.00
10.66545,-1.047,-0.906,0.00
10.67573,-1.045,-0.881,0.00
10.68588,-1.050,-0.853,0.00
10.69602,-1.050,-0.853,0.00
10.70617,-1.050,-0.824,0.00
10.71631,-1.055,-0.824,0.00
10.72646,-1.055,-0.824,0.00
10.73660,-1.055,-0.824,0.00
10.74673,-1.058,-0.781,0.00
10.75687,-1.058,-0.781,0.00
10.76704,-1.069,-0.769,0.00
10.77742,-1.069,-0.769,0.00
10.78757,-1.092,-0.757,0.00
10.79772,-1.092,-0.757,0.00
10.80788,-1.117,-0.757,0.00
10.81801,-1.117,-0.754,0.00
10.82816,-1.133,-0.754,0.00
10.83890,-1.133,-0.766,0.00
10.84907,-1.139,-0.791,0.00
10.85944,-1.139,-0.791,0.00
10.86981,-1.138,-0.818,0.00
10.88002,-1.138,-0.818,0.00
10.89017,-1.130,-0.844,0.00
10.90036,-1.130,-0.844,0.00
10.91059,-1.121,-0.865,0.00
10.92074,-1.121,-0.865,0.00
10.93089,-1.121,-0.865,0.00
10.94110,-1.114,-0.885,0.00
10.95126,-1.112,-0.897,0.00
10.96139,-1.112,-0.897,0.00
10.97192,-1.109,-0.906,0.00
10.98208,-1.109,-0.906,0.00
10.99233,-1.103,-0.924,0.00
11.00255,-1.103,-0.924,0.00
11.01270,-1.093,-0.941,0.00
11.02291,-1.093,-0.941,0.00
11.03305,-1.077,-0.949,0.00
11.04336,-1.077,-0.949,0.00
11.05351,-1.052,-0.948,0.00
11.06366,-1.026,-0.935,0.00
11.07399,-1.026,-0.935,0.00
11.08416,-1.000,-0.935,0.00
11.09431,-1.000,-0.913,0.00
11.10446,-0.982,-0.913,0.00
11.11461,-0.982,-0.871,0.00
11.12475,-0.973,-0.871,0.00
11.13489,-0.973,-0.830,0.00
11.14504,-0.973,-0.830,0.00
11.15520,-0.973,-0.797,0.00
11.16535,-0.980,-0.797,0.00
11.17549,-0.980,-0.768,0.00
11.18564,-0.980,-0.744,0.00
11.19581,-0.989,-0.744,0.00
11.20596,-0.989,-0.744,0.00
11.21612,-1.002,-0.723,0.00
11.22638,-1.021,-0.704,0.00
11.23664,-1.021,-0.704,0.00
11.24680,-1.052,-0.689,0.00
11.25694,-1.052,-0.689,0.00
11.26709,-1.078,-0.673,0.00
11.27724,-1.078,-0.673,0.00
11.28738,-1.094,-0.663,0.00
11.29752,-1.094,-0.663,0.00
11.30767,-1.108,-0.654,0.00
11.31781,-1.108,-0.654,0.00
11.32796,-1.116,-0.650,0.00
11.33810,-1.116,-0.650,0.00
11.34825,-1.122,-0.650,0.00
11.35835,-1.122,-0.650,0.00
11.36850,-1.126,-0.655,0.00
11.37864,-1.126,-0.655,0.00
11.38879,-1.124,-0.664,0.00
11.39929,-1.124,-0.664,0.00
11.40941,-1.118,-0.664,0.00
11.41973,-1.118,-0.673,0.00
11.42989,-1.115,-0.683,0.00
11.44021,-1.115,-0.683,0.00
11.45056,-1.115,-0.683,0.00
11.46091,-1.114,-0.701,0.00
11.47141,-1.114,-0.701,0.00
11.48157,-1.120,-0.727,0.00
11.49172,-1.127,-0.762,0.00
11.50187,-1.127,-0.762,0.00
11.51200,-1.123,-0.802,0.00
11.52215,-1.123,-0.802,0.00
11.53229,-1.111,-0.835,0.00
11.54245,-1.111,-0.835,0.00
11.55260,-1.086,-0.860,0.00
11.56274,-1.086,-0.860,0.00
11.57289,-1.055,-0.873,0.00
11.58304,-1.055,-0.873,0.00
11.59319,-1.026,-0.877,0.00
11.60334,-1.026,-0.877,0.00
11.61348,-0.998,-0.869,0.00
11.62364,-0.998,-0.869,0.00
11.63377,-0.969,-0.858,0.00
11.64391,-0.969,-0.858,0.00
11.65406,-0.937,-0.839,0.00
11.66474,-0.937,-0.839,0.00
11.67488,-0.901,-0.809,0.00
11.68530,-0.870,-0.767,0.00
11.69565,-0.870,-0.767,0.00
11.70593,-0.845,-0.715,0.00
11.71622,-0.845,-0.715,0.00
11.72637,-0.826,-0.715,0.00
11.73653,-0.826,-0.655,0.00
11.74687,-0.814,-0.655,0.00
11.75720,-0.814,-0.587,0.00
11.76734,-0.808,-0.541,0.00
11.77751,-0.808,-0.541,0.00
11.78766,-0.808,-0.541,0.00
11.79782,-0.804,-0.509,0.00
11.80797,-0.804,-0.509,0.00
11.81813,-0.806,-0.489,0.00
11.82828,-0.811,-0.476,0.00
11.83841,-0.811,-0.476,0.00
11.84857,-0.816,-0.462,0.00
11.85870,-0.816,-0.462,0.00
11.86885,-0.821,-0.448,0.00
11.87900,-0.821,-0.448,0.00
11.88915,-0.825,-0.430,0.00
11.89932,-0.825,-0.430,0.00
11.90961,-0.826,-0.410,0.00
11.91977,-0.826,-0.410,0.00
11.92992,-0.822,-0.388,0.00
11.94011,-0.822,-0.388,0.00
11.95025,-0.817,-0.367,0.00
11.96041,-0.817,-0.367,0.00
11.97055,-0.812,-0.344,0.00
11.98083,-0.812,-0.344,0.00
11.99124,-0.808,-0.326,0.00
12.00182,-0.808,-0.326,0.00
12.01199,-0.804,-0.310,0.00
12.02213,-0.804,-0.310,0.00
12.03253,-0.804,-0.300,0.00
12.04268,-0.804,-0.300,0.00
12.05281,-0.802,-0.293,0.00
12.06296,-0.802,-0.293,0.00
12.07311,-0.804,-0.285,0.00
12.08328,-0.804,-0.285,0.00
12.09345,-0.812,-0.279,0.00
12.10361,-0.812,-0.279,0.00
12.11377,-0.828,-0.269,0.00
12.12393,-0.828,-0.269,0.00
12.13408,-0.852,-0.259,0.00
12.14428,-0.852,-0.259,0.00
12.15443,-0.876,-0.248,0.00
12.16464,-0.876,-0.248,0.00
12.17486,-0.891,-0.235,0.00
12.18507,-0.891,-0.235,0.00
12.19522,-0.910,-0.219,0.00
12.20535,-0.910,-0.219,0.00
12.21551,-0.932,-0.201,0.00
12.22578,-0.932,-0.201,0.00
12.23600,-0.948,-0.179,0.00
12.24615,-0.966,-0.161,0.00
12.25628,-0.966,-0.161,0.00
12.26643,-0.966,-0.161,0.00
12.27658,-0.966,-0.161,0.00
12.28696,-1.006,-0.168,0.00
12.29712,-1.006,-0.168,0.00
12.30727,-1.027,-0.191,0.00
12.31741,-1.027,-0.191,0.00
12.32755,-1.047,-0.221,0.00
12.33769,-1.047,-0.221,0.00
12.34806,-1.060,-0.255,0.00
12.35822,-1.060,-0.255,0.00
12.36836,-1.070,-0.292,0.00
12.37850,-1.070,-0.292,0.00
12.38865,-1.083,-0.330,0.00
12.39880,-1.083,-0.330,0.00
12.40895,-1.105,-0.373,0.00
12.41908,-1.105,-0.373,0.00
12.42923,-1.123,-0.411,0.00
12.43941,-1.123,-0.411,0.00
12.44983,-1.136,-0.451,0.00
12.45999,-1.136,-0.451,0.00
12.47014,-1.139,-0.492,0.00
12.48029,-1.139,-0.492,0.00
12.49061,-1.136,-0.530,0.00
12.50083,-1.136,-0.530,0.00
12.51107,-1.137,-0.561,0.00
12.52127,-1.137,-0.561,0.00
12.53141,-1.146,-0.586,0.00
12.54156,-1.146,-0.586,0.00
12.55192,-1.149,-0.603,0.00
12.56211,-1.149,-0.603,0.00
12.57226,-1.145,-0.603,0.00
12.58287,-1.145,-0.615,0.00
12.59309,-1.141,-0.623,0.00
12.60381,-1.141,-0.623,0.00
12.61396,-1.139,-0.634,0.00
12.62446,-1.139,-0.634,0.00
12.63460,-1.135,-0.647,0.00
12.64497,-1.135,-0.647,0.00
12.65537,-1.135,-0.664,0.00
12.66580,-1.137,-0.664,0.00
12.67599,-1.137,-0.679,0.00
12.68618,-1.137,-0.679,0.00
12.69634,-1.137,-0.691,0.00
12.70650,-1.137,-0.691,0.00
12.71665,-1.134,-0.695,0.00
12.72706,-1.134,-0.695,0.00
12.73717,-1.134,-0.694,0.00
12.74732,-1.134,-0.694,0.00
12.75747,-1.146,-0.695,0.00
12.76763,-1.159,-0.694,0.00
12.77778,-1.159,-0.694,0.00
12.78793,-1.169,-0.693,0.00
12.79808,-1.169,-0.693,0.00
12.80824,-1.174,-0.698,0.00
12.81838,-1.174,-0.698,0.00
12.82854,-1.172,-0.709,0.00
12.83868,-1.172,-0.709,0.00
12.84883,-1.168,-0.721,0.00
12.85910,-1.168,-0.721,0.00
12.86925,-1.170,-0.737,0.00
12.87942,-1.170,-0.737,0.00
12.88957,-1.174,-0.756,0.00
12.90117,-1.174,-0.756,0.00
12.91133,-1.174,-0.772,0.00
12.92159,-1.174,-0.772,0.00
12.93176,-1.171,-0.789,0.00
12.94230,-1.171,-0.789,0.00
12.95244,-1.166,-0.807,0.00
12.96259,-1.166,-0.824,0.00
12.97272,-1.157,-0.824,0.00
12.98454,-1.157,-0.836,0.00
12.99468,-1.146,-0.836,0.00
13.00483,-1.132,-0.844,0.00
13.01498,-1.132,-0.844,0.00
13.02553,-1.132,-0.846,0.00
13.03586,-1.120,-0.846,0.00
13.04620,-1.116,-0.845,0.00
13.05653,-1.116,-0.845,0.00
13.06697,-1.116,-0.841,0.00
13.07724,-1.107,-0.841,0.00
13.08755,-1.107,-0.841,0.00
13.09805,-1.100,-0.837,0.00
13.10832,-1.093,-0.830,0.00
13.11861,-1.093,-0.830,0.00
13.12875,-1.087,-0.830,0.00
13.13889,-1.087,-0.826,0.00
13.14903,-1.086,-0.826,0.00
13.15933,-1.086,-0.825,0.00
13.16948,-1.093,-0.825,0.00
13.17962,-1.093,-0.825,0.00
13.18979,-1.093,-0.825,0.00
13.19994,-1.097,-0.822,0.00
13.21009,-1.097,-0.818,0.00
13.22022,-1.097,-0.818,0.00
13.23036,-1.096,-0.818,0.00
13.24050,-1.096,-0.818,0.00
13.25065,-1.103,-0.823,0.00
13.26080,-1.103,-0.823,0.00
13.27094,-1.110,-0.829,0.00
13.28109,-1.110,-0.829,0.00
13.29124,-1.112,-0.838,0.00
13.30151,-1.112,-0.838,0.00
13.31166,-1.107,-0.848,0.00
13.32190,-1.107,-0.848,0.00
13.33212,-1.102,-0.858,0.00
13.34227,-1.102,-0.858,0.00
13.35359,-1.096,-0.868,0.00
13.36396,-1.096,-0.868,0.00
13.37401,-1.096,-0.868,0.00
13.38416,-1.096,-0.868,0.00
13.39430,-1.103,-0.880,0.00
13.40444,-1.111,-0.893,0.00
13.41458,-1.111,-0.893,0.00
13.42474,-1.118,-0.902,0.00
13.43506,-1.118,-0.902,0.00
13.44615,-1.118,-0.905,0.00
13.45649,-1.117,-0.905,0.00
13.46790,-1.105,-0.907,0.00
13.47817,-1.105,-0.907,0.00
13.48848,-1.091,-0.906,0.00
13.49863,-1.091,-0.906,0.00
13.50917,-1.082,-0.899,0.00
13.51935,-1.082,-0.899,0.00
13.52960,-1.078,-0.889,0.00
13.53974,-1.078,-0.889,0.00
13.54998,-1.075,-0.878,0.00
13.56014,-1.075,-0.878,0.00
13.57028,-1.078,-0.869,0.00
13.58110,-1.078,-0.869,0.00
13.59127,-1.090,-0.866,0.00
13.60146,-1.090,-0.866,0.00
13.61161,-1.107,-0.862,0.00
13.62177,-1.107,-0.862,0.00
13.63192,-1.118,-0.859,0.00
13.64209,-1.118,-0.859,0.00
13.65224,-1.122,-0.859,0.00
13.66238,-1.122,-0.860,0.00
13.67253,-1.125,-0.860,0.00
13.68366,-1.125,-0.860,0.00
13.69381,-1.133,-0.862,0.00
13.70444,-1.133,-0.862,0.00
13.71460,-1.151,-0.863,0.00
13.72474,-1.174,-0.865,0.00
13.73488,-1.174,-0.865,0.00
13.74503,-1.188,-0.869,0.00
13.75518,-1.188,-0.869,0.00
13.76535,-1.195,-0.875,0.00
13.77550,-1.195,-0.875,0.00
13.78565,-1.204,-0.875,0.00
13.79580,-1.204,-0.887,0.00
13.80596,-1.211,-0.901,0.00
13.81613,-1.211,-0.901,0.00
13.82645,-1.212,-0.913,0.00
13.83677,-1.212,-0.913,0.00
13.84720,-1.219,-0.925,0.00
13.85743,-1.219,-0.925,0.00
13.86796,-1.225,-0.939,0.00
13.87809,-1.225,-0.939,0.00
13.88844,-1.225,-0.954,0.00
13.89875,-1.225,-0.954,0.00
13.90891,-1.224,-0.973,0.00
13.91906,-1.224,-0.973,0.00
13.92917,-1.220,-0.992,0.00
13.93932,-1.220,-0.992,0.00
13.94947,-1.211,-1.012,0.00
13.95962,-1.211,-1.012,0.00
13.96977,-1.199,-1.031,0.00
13.97991,-1.199,-1.031,0.00
13.99006,-1.187,-1.046,0.00
14.00020,-1.187,-1.046,0.00
14.01036,-1.172,-1.058,0.00
14.02120,-1.172,-1.058,0.00
14.03136,-1.145,-1.067,0.00
14.04178,-1.145,-1.067,0.00
14.05209,-1.106,-1.075,0.00
14.06225,-1.106,-1.075,0.00
14.07253,-1.056,-1.081,0.00
14.08285,-1.056,-1.081,0.00
14.09328,-1.002,-1.086,0.00
14.10366,-1.002,-1.086,0.00
14.11401,-0.956,-1.084,0.00
14.12420,-0.956,-1.084,0.00
14.13435,-0.915,-1.078,0.00
14.14456,-0.915,-1.078,0.00
14.15468,-0.870,-1.066,0.00
14.16490,-0.817,-1.046,0.00
14.17504,-0.817,-1.046,0.00
14.18520,-0.744,-1.016,0.00
14.19535,-0.744,-1.016,0.00
14.20550,-0.744,-1.016,0.00
14.21577,-0.660,-0.971,0.00
14.22615,-0.588,-0.923,0.00
14.23646,-0.588,-0.923,0.00
14.24660,-0.522,-0.923,0.00
14.25676,-0.522,-0.871,0.00
14.26729,-0.480,-0.810,0.00
14.27747,-0.480,-0.810,0.00
14.28762,-0.447,-0.742,0.00
14.29777,-0.447,-0.742,0.00
14.30795,-0.447,-0.742,0.00
14.31810,-0.417,-0.674,0.00
14.32826,-0.374,-0.609,0.00
14.33841,-0.374,-0.609,0.00
14.34857,-0.374,-0.550,0.00
14.35871,-0.296,-0.550,0.00
14.36886,-0.187,-0.485,0.00
14.37901,-0.187,-0.485,0.00
14.38916,-0.062,-0.429,0.00
14.39935,-0.062,-0.429,0.00
14.40951,0.091,-0.373,0.00
14.41965,0.091,-0.373,0.00
14.42980,0.278,-0.311,0.00
14.43998,0.278,-0.311,0.00
14.45013,0.497,-0.246,0.00
14.46028,0.497,-0.246,0.00
14.47042,0.774,-0.185,0.00
14.48058,0.774,-0.185,0.00
14.49071,1.113,-0.131,0.00
14.50085,1.113,-0.131,0.00
14.51100,1.540,-0.089,0.00
14.52114,1.540,-0.089,0.00
14.53130,2.058,-0.053,0.00
14.54146,2.058,-0.053,0.00
14.55160,2.658,-0.026,0.00
14.56190,2.658,-0.026,0.00
14.57205,3.354,-0.005,0.00
14.58229,3.354,-0.005,0.00
14.59258,4.140,0.014,0.00
14.60273,4.140,0.014,0.00
14.61298,4.992,0.033,0.00
14.62331,4.992,0.049,0.00
14.63355,5.891,0.049,0.00
14.64371,5.891,0.058,0.00
14.65395,6.819,0.058,0.00
14.66410,6.819,0.059,0.00
14.67437,7.763,0.059,0.00
14.68561,7.763,0.059,0.00
14.69581,8.713,0.057,0.00
14.70595,9.667,0.048,0.00
14.71610,9.667,0.048,0.00
14.72625,10.625,0.033,0.00
14.74878,11.589,0.016,0.00
14.75903,11.589,0.016,0.00
14.77933,11.589,0.016,8.00
14.78951,12.422,-0.002,8.00
14.79967,13.359,-0.015,8.00
14.81162,13.359,-0.015,8.00
14.82188,14.291,-0.027,8.00
14.83222,15.182,-0.032,8.00
14.84377,15.182,-0.038,8.00
14.85394,16.036,-0.038,8.00
14.86411,16.036,-0.041,8.00
14.87691,16.847,-0.041,8.00
14.88721,17.579,-0.041,8.00
14.89728,17.579,-0.044,8.00
14.90782,17.579,-0.043,8.00
14.91804,18.205,-0.043,8.00
14.92821,18.205,-0.043,8.00
14.94111,18.695,-0.041,8.00
14.95141,19.019,-0.039,8.00
14.96210,19.019,-0.039,8.00
14.98725,19.191,-0.029,8.00
14.99741,19.238,0.052,8.00
15.02020,19.171,0.434,8.00
15.03052,18.987,0.434,8.00
15.05227,18.694,1.671,8.00
15.06300,18.277,2.319,8.00
15.08328,18.277,2.319,8.00
15.09350,17.734,2.935,8.00
15.10367,17.734,2.935,8.00
15.11551,17.734,3.288,8.00
15.12583,17.073,3.288,8.00
15.13616,16.314,3.471,8.00
15.14750,15.458,3.471,8.00
15.15779,15.458,3.562,8.00
15.16794,14.532,3.685,8.00
15.18019,14.532,3.685,8.00
15.19036,13.551,3.832,8.00
15.20144,13.551,3.832,8.00
15.21181,12.528,4.019,8.00
15.22335,12.528,4.019,8.00
15.23352,12.528,4.019,8.00
15.24438,10.353,4.648,8.00
15.25470,10.353,4.648,8.00
15.26647,10.353,4.648,8.00
15.27723,9.225,5.067,8.00
15.28737,8.096,5.543,8.00
15.29751,8.096,5.543,8.00
15.32430,6.990,6.029,8.00
15.33449,5.947,6.559,8.00
15.35579,5.947,7.010,8.00
15.36596,4.955,7.768,8.00
15.38778,3.110,7.768,8.00
15.39794,3.110,8.870,8.00
15.41907,2.316,9.960,8.00
15.42923,1.600,10.860,8.00
15.43938,1.600,10.860,8.00
15.45175,0.872,11.710,8.00
15.46284,0.872,11.710,8.00
15.47300,0.183,12.525,8.00
15.48344,0.183,12.525,8.50
15.49352,-0.179,13.338,8.50
15.50371,-0.179,13.338,8.50
15.51634,-0.169,14.036,8.50
15.52662,0.048,14.036,8.50
15.53691,0.048,14.889,8.50
15.54737,0.048,14.889,8.50
15.55754,0.398,15.888,8.50
15.56770,0.816,16.991,8.50
15.57972,0.816,16.991,8.50
15.58986,0.816,16.991,8.50
15.60018,1.173,18.047,8.50
15.61177,1.392,19.016,8.50
15.62202,1.392,19.016,8.50
15.63217,1.476,19.889,8.50
15.66038,1.476,20.768,8.50
15.67054,1.247,21.540,8.50
15.69176,1.051,21.540,8.50
15.70195,1.051,22.320,8.50
15.72365,0.921,23.165,8.50
15.73396,0.862,24.049,8.50
15.75564,0.824,24.049,8.50
15.76582,0.824,24.926,8.50
15.78808,0.716,26.653,8.50
15.79823,0.716,26.653,8.50
15.80869,0.682,27.555,8.50
15.82047,0.682,27.555,8.50
15.83083,0.682,28.350,8.50
15.84130,0.678,28.350,8.50
15.85508,0.707,28.350,8.50
15.86521,0.707,29.128,8.50
15.87539,0.753,29.909,8.50
15.88555,0.791,30.681,8.50
15.89570,0.791,30.681,8.50
15.90740,0.819,31.458,8.50
15.91755,0.819,31.458,8.50
15.92771,0.843,32.248,8.50
15.93785,0.843,32.248,8.50
15.95065,0.879,32.248,8.50
15.96097,0.879,33.006,8.50
15.97123,0.929,33.841,8.50
15.99532,0.929,33.841,8.50
16.00548,1.004,35.191,8.50
16.02960,1.159,35.841,8.50
16.03977,1.159,35.841,8.50
16.05946,1.159,35.841,8.50
16.06985,1.254,37.103,8.50
16.09255,1.290,37.708,8.50
16.10361,1.334,37.708,8.50
16.12512,1.334,38.300,8.50
16.13532,1.371,39.955,8.50
16.15602,1.394,40.404,8.50
16.16619,1.394,40.404,8.50
16.17648,1.401,40.822,8.50
16.18949,1.401,41.230,8.50
16.19967,1.391,41.230,8.50
16.20983,1.374,41.594,8.50
16.22183,1.374,41.594,8.50
16.23201,1.346,41.940,8.50
16.24324,1.319,41.940,8.50
16.25338,1.319,42.267,8.50
16.26369,1.319,42.267,8.50
16.27406,1.298,42.553,8.50
16.28466,1.280,42.864,8.50
16.29464,1.280,42.864,8.50
16.30498,1.271,43.156,8.50
16.33208,1.264,43.156,8.50
16.34278,1.264,43.478,8.50
16.36341,1.267,43.761,8.50
16.37358,1.282,44.033,8.50
16.39570,1.282,44.291,8.50
16.40588,1.305,44.291,8.50
16.42773,1.343,44.570,8.50
16.43790,1.343,44.836,8.50
16.44808,1.365,45.069,8.50
16.46206,1.365,45.069,8.50
16.47214,1.400,45.317,8.50
16.48242,1.400,45.317,8.50
16.49275,1.442,45.637,0.00
16.50343,1.442,45.637,0.00
16.51358,1.485,45.914,0.00
16.52427,1.485,45.914,0.00
16.53444,1.516,46.233,0.00
16.54461,1.516,46.233,0.00
16.55478,1.541,46.497,0.00
16.56495,1.541,46.497,0.00
16.57522,1.541,46.784,0.00
16.58538,1.541,46.784,0.00
16.59556,1.504,47.023,0.00
16.60646,1.504,47.023,0.00
16.61663,1.439,47.231,0.00
16.62685,1.439,47.448,0.00
16.63726,1.390,47.448,0.00
16.64745,1.387,47.448,0.00
16.65759,1.387,47.625,0.00
16.66775,1.416,47.625,0.00
16.67789,1.416,47.795,0.00
16.68804,1.473,47.872,0.00
16.69817,1.473,47.872,0.00
16.70871,1.550,47.727,0.00
16.71885,1.550,47.727,0.00
16.72947,1.595,47.208,0.00
16.73961,1.595,47.208,0.00
16.74975,1.595,46.765,0.00
16.75991,1.548,46.765,0.00
16.77006,1.418,46.418,0.00
16.78030,1.418,46.418,0.00
16.79053,1.265,46.124,0.00
16.80212,1.265,46.124,0.00
16.81228,1.121,45.829,0.00
16.82242,1.121,45.829,0.00
16.83258,1.121,45.829,0.00
16.84273,1.121,45.829,0.00
16.85287,1.121,45.829,0.00
16.86306,1.121,45.829,0.00
16.87323,0.974,45.361,0.00
16.88379,0.965,45.108,0.00
16.89393,0.965,45.108,0.00
16.90407,0.965,45.108,0.00
16.91506,0.990,45.108,0.00
16.92515,1.003,44.053,0.00
16.93531,1.003,44.053,0.00
16.94545,1.003,44.053,0.00
16.95561,1.003,44.053,0.00
16.96577,1.003,44.053,0.00
16.97597,1.003,44.053,0.00
16.98611,0.968,42.437,0.00
16.99707,0.927,41.473,0.00
17.00723,0.860,40.371,0.00
17.01738,0.860,40.371,0.00
17.02755,0.860,40.371,0.00
17.03769,0.860,40.371,0.00
17.04783,0.860,40.371,0.00
17.05798,0.860,40.371,0.00
17.06840,0.860,40.371,0.00
17.07854,0.860,40.371,0.00
17.08868,0.860,39.089,0.00
17.09899,0.784,36.085,0.00
17.10915,0.734,34.533,0.00
17.11935,0.736,32.717,0.00
17.12950,0.736,32.717,0.00
17.13965,0.736,32.717,0.00
17.14980,0.736,32.717,0.00
17.15995,0.736,32.717,0.00
17.17009,0.736,32.717,0.00
17.18024,0.736,30.772,0.00
17.19039,0.669,28.902,0.00
17.20053,0.615,25.255,0.00
17.21354,0.609,23.237,0.00
17.22370,0.597,20.988,0.00
17.23444,0.597,20.988,0.00
17.24460,0.607,19.092,0.00
17.25485,0.607,19.092,0.00
17.26519,0.628,17.235,0.00
17.27550,0.639,15.431,0.00
17.28576,0.639,15.431,0.00
17.29600,0.632,13.734,0.00
17.30622,0.632,13.734,0.00
17.31638,0.632,13.734,0.00
17.32652,0.632,13.734,0.00
17.33666,0.632,13.734,0.00
17.34681,0.632,13.734,0.00
17.35785,0.632,13.734,0.00
17.36802,0.627,12.130,0.00
17.37818,0.627,12.130,0.00
17.38834,0.627,12.130,0.00
17.39858,0.627,12.130,0.00
17.40882,0.643,10.569,0.00
17.41899,0.711,7.232,0.00
17.42916,0.723,5.681,0.00
17.43934,0.702,4.263,0.00
17.44950,0.702,4.263,0.00
17.45966,0.702,4.263,0.00
17.46982,0.702,4.263,0.00
17.47999,0.673,3.054,0.00
17.49642,0.691,1.205,0.00
17.51255,0.691,1.205,0.00
17.52492,0.691,1.205,0.00
17.54059,0.703,1.205,0.00
17.55209,0.692,1.205,0.00
17.56229,0.692,1.205,0.00
17.58028,0.695,-1.581,0.00
17.59606,0.707,-1.953,0.00
17.61262,0.707,-1.953,0.00
17.62331,0.707,-1.953,0.00
17.64426,0.707,-1.953,0.00
17.66624,0.712,-2.214,0.00
17.67728,0.712,-2.214,0.00
17.69863,0.712,-2.214,0.00
17.71493,0.712,-2.214,0.00
17.73034,0.712,-2.214,0.00
17.74574,0.712,-2.214,0.00
17.75656,0.712,-2.214,0.00
17.77200,0.713,-2.364,0.00
17.78279,0.700,-2.364,0.00
17.79904,0.705,-1.889,0.00
17.81544,0.705,-1.763,0.00
17.82633,0.729,-1.594,0.00
17.84170,0.740,-1.471,0.00
17.85252,0.723,-1.316,0.00
17.86807,0.697,-1.180,0.00
17.87871,0.657,-1.180,0.00
17.88952,0.657,-1.180,0.00
17.90016,0.609,-0.754,0.00
17.92083,0.554,-0.754,0.00
17.93225,0.493,-0.155,0.00
17.94764,0.493,-0.155,0.00
17.95824,0.441,-0.155,0.00
17.97394,0.441,0.162,0.00
17.98472,0.441,0.162,0.00
18.00114,0.376,0.754,0.00
18.02735,0.373,0.979,0.00
18.03755,0.382,0.979,0.00
18.05990,0.394,1.273,0.00
18.07699,0.399,1.333,0.00
18.09336,0.399,1.333,0.00
18.10963,0.390,1.353,0.00
18.12040,0.390,1.354,0.00
18.14119,0.396,1.354,0.00
18.17625,0.456,1.406,0.00
18.19158,0.456,1.406,0.00
18.22462,0.440,1.447,0.00
18.23569,0.429,1.447,0.00
18.25185,0.429,1.384,0.00
18.26733,0.421,1.384,0.00
18.28381,0.421,1.338,0.00
18.29457,0.411,1.293,0.00
18.30475,0.402,1.293,0.00
18.32014,0.399,1.293,0.00
18.33741,0.407,1.246,0.00
18.35984,0.422,1.173,0.00
18.37005,0.422,1.173,0.00
18.38161,0.438,1.137,0.00
18.39723,0.438,1.137,0.00
18.40785,0.453,1.137,0.00
18.41851,0.453,1.137,0.00
18.43220,0.461,1.137,0.00
18.45984,0.461,0.966,0.00
18.48090,0.454,0.966,0.00
18.55182,0.454,0.784,0.00
18.56229,0.436,0.743,0.00
18.63417,0.443,0.714,0.00
18.64435,0.467,0.688,0.00
18.65476,0.018,-0.283,0.00
18.66492,0.018,-0.283,0.00
18.67505,0.023,-0.286,0.00
18.68529,0.023,-0.286,0.00
18.69545,0.027,-0.283,0.00
18.70611,0.027,-0.283,0.00
18.71629,0.039,-0.262,0.00
18.72643,0.039,-0.262,0.00
18.73658,0.039,-0.262,0.00
18.74678,0.059,-0.227,0.00
18.75705,0.108,-0.184,0.00
18.76721,0.108,-0.184,0.00
18.77736,0.179,-0.184,0.00
18.78777,0.179,-0.145,0.00
18.79793,0.268,-0.126,0.00
18.80813,0.268,-0.126,0.00
18.81828,0.352,-0.143,0.00
18.82861,0.352,-0.187,0.00
18.83876,0.432,-0.187,0.00
18.84891,0.507,-0.239,0.00
18.85905,0.507,-0.239,0.00
18.86920,0.604,-0.288,0.00
18.87935,0.604,-0.288,0.00
18.88950,0.754,-0.324,0.00
18.89964,0.754,-0.324,0.00
18.90984,0.946,-0.324,0.00
18.91998,0.946,-0.341,0.00
18.93013,1.149,-0.346,0.00
18.94042,1.149,-0.346,0.00
18.95056,1.392,-0.337,0.00
18.96071,1.392,-0.337,0.00
18.97087,1.702,-0.330,0.00
18.98113,1.702,-0.330,0.00
18.99145,2.095,-0.325,0.00
19.00161,2.095,-0.325,0.00
19.01176,2.574,-0.329,0.00
19.02190,2.574,-0.329,0.00
19.03206,3.116,-0.340,0.00
19.04228,3.116,-0.340,0.00
19.05244,3.718,-0.351,0.00
19.06270,3.718,-0.351,0.00
19.07286,4.380,-0.351,0.00
19.08300,4.380,-0.351,0.00
19.09315,5.079,-0.345,0.00
19.10343,5.079,-0.345,0.00
19.11358,5.803,-0.342,0.00
19.12373,5.803,-0.342,0.00
19.13388,6.450,-0.350,0.00
19.14620,6.450,-0.350,0.00
19.15637,7.225,-0.354,0.00
19.16653,7.225,-0.354,0.00
19.17668,8.055,-0.354,0.00
19.18683,8.055,-0.350,0.00
19.19699,8.927,-0.350,0.00
19.20723,9.833,-0.350,0.00
19.21739,9.833,-0.346,0.00
19.22753,9.833,-0.346,0.00
19.24399,10.788,-0.349,0.00
19.25416,11.769,-0.351,0.00
19.26458,11.769,-0.351,0.00
19.27571,12.721,-0.351,8.00
19.28590,13.625,-0.341,8.00
19.29605,13.625,-0.320,8.00
19.30979,14.485,-0.287,8.00
19.31996,14.485,-0.287,8.00
19.33010,15.342,-0.248,8.00
19.34083,15.342,-0.248,8.00
19.35098,16.196,-0.210,8.00
19.36114,16.196,-0.210,8.00
19.37388,17.011,-0.170,8.00
19.38406,17.742,-0.170,8.00
19.39420,17.742,-0.130,8.00
19.41901,17.742,-0.074,8.00
19.42927,18.371,-0.074,8.00
19.45255,19.223,1.052,8.00
19.46409,19.223,1.052,8.00
19.48362,19.450,2.040,8.50
19.49379,19.563,3.107,8.50
19.51619,19.536,4.014,8.50
19.52651,19.386,4.802,8.50
19.53682,19.386,4.802,8.50
19.54722,19.386,4.802,8.50
19.55738,19.136,5.122,8.50
19.56755,18.761,5.317,8.50
19.57958,18.761,5.317,8.50
19.58992,18.238,5.387,8.50
19.60039,18.238,5.387,8.50
19.61173,17.539,5.315,8.50
19.62203,17.539,5.330,8.50
19.63219,16.688,5.330,8.50
19.64320,16.688,5.330,8.50
19.65336,15.733,5.592,8.50
19.66352,15.733,5.592,8.50
19.67701,14.716,5.864,8.50
19.68718,13.640,5.864,8.50
19.69734,13.640,6.313,8.50
19.72347,12.506,6.919,8.50
19.73369,11.329,7.654,8.50
19.75565,10.141,7.654,8.50
19.76642,10.141,8.903,8.50
19.78733,10.141,10.104,8.50
19.79752,7.736,11.157,8.50
19.81988,6.545,12.161,9.00
19.83031,6.545,12.161,9.00
19.85148,5.424,13.948,9.00
19.86190,4.393,13.948,9.00
19.87206,3.441,14.786,9.00
19.88355,2.562,14.786,9.00
19.89374,2.562,15.643,9.00
19.90405,1.741,15.643,9.00
19.91574,1.741,16.670,9.00
19.92591,0.953,17.628,9.00
19.93607,0.953,17.628,9.00
19.94753,0.953,18.573,9.00
19.95781,0.240,18.573,9.00
19.96840,-0.146,19.490,9.00
19.98123,-0.146,19.490,9.00
19.99143,-0.166,20.315,9.00
20.00158,-0.166,20.315,9.00
20.02694,-0.166,21.035,9.00
20.03710,0.369,21.680,9.00
20.05958,0.369,21.680,9.00
20.07000,1.367,22.952,9.00
20.09206,1.626,22.952,9.00
20.10255,1.626,23.507,9.00
20.12296,1.756,24.064,9.50
20.13311,1.803,24.606,9.50
20.14340,1.803,24.606,9.50
20.15534,1.803,24.606,9.50
20.16551,1.759,25.143,9.50
20.17568,1.661,25.634,9.50
20.18758,1.583,25.634,9.50
20.19896,1.583,26.052,9.50
20.20914,1.549,26.052,9.50
20.22077,1.549,26.440,9.50
20.23102,1.530,26.837,9.50
20.24126,1.530,26.837,9.50
20.25219,1.494,27.194,9.50
20.26252,1.494,27.194,9.50
20.27268,1.412,27.578,9.50
20.28505,1.296,27.964,9.50
20.29521,1.296,27.964,9.50
20.30593,1.167,28.412,9.50
20.33192,1.036,28.857,9.50
20.34225,1.036,28.857,9.50
20.36375,1.036,29.811,9.50
20.37391,0.798,29.811,9.50
20.39663,0.687,30.353,9.50
20.40705,0.621,31.018,9.50
20.42769,0.639,31.577,9.50
20.43799,0.639,31.577,9.50
20.45958,0.736,32.129,10.00
20.46994,0.889,32.654,10.00
20.48087,0.889,32.654,10.00
20.49160,1.070,32.654,10.00
20.50189,1.070,33.143,10.00
20.51235,1.246,33.143,10.00
20.52389,1.246,33.630,10.00
20.53420,1.372,34.089,10.00
20.54435,1.372,34.089,10.00
20.55566,1.372,34.601,10.00
20.56629,1.444,34.601,10.00
20.57642,1.479,35.026,10.00
20.58777,1.496,35.416,10.00
20.59804,1.496,35.416,10.00
20.60834,1.505,35.834,10.00
20.63642,1.513,36.205,10.00
20.64662,1.525,36.576,10.00
20.66821,1.537,36.901,10.00
20.67851,1.537,36.901,10.00
20.69903,1.537,36.901,10.00
20.70929,1.534,37.230,10.00
20.71946,1.512,37.546,10.00
20.73258,1.512,37.546,10.00
20.74285,1.471,37.878,10.00
20.76330,1.471,37.878,10.00
20.77370,1.408,38.200,10.00
20.78384,1.325,38.504,10.00
20.79595,1.325,38.504,10.00
20.80611,1.325,38.504,10.00
20.81626,1.325,38.504,10.00
20.82758,1.325,38.504,10.00
20.83779,1.325,38.504,10.00
20.84808,1.325,38.504,10.00
20.86021,1.325,38.504,10.00
20.87036,1.325,38.504,10.00
20.88052,1.325,38.504,10.00
20.90736,1.325,39.429,10.00
20.91755,1.107,40.016,10.00
20.93927,1.214,40.016,10.00
20.94950,1.377,40.858,10.00
20.97169,1.435,41.134,10.00
20.98192,1.435,41.134,10.00
20.99205,1.435,41.134,10.00
21.00223,1.478,41.376,0.00
21.01239,1.486,41.618,0.00
21.02254,1.486,41.618,0.00
21.03270,1.486,41.618,0.00
21.04285,1.487,41.844,0.00
21.05307,1.487,41.844,0.00
21.06327,1.479,42.056,0.00
21.07341,1.461,42.321,0.00
21.08363,1.461,42.321,0.00
21.09377,1.424,42.535,0.00
21.10400,1.424,42.535,0.00
21.11416,1.372,42.753,0.00
21.12431,1.313,42.944,0.00
21.13448,1.313,42.944,0.00
21.14579,1.313,42.944,0.00
21.15597,1.267,43.142,0.00
21.16612,1.267,43.142,0.00
21.17629,1.246,43.367,0.00
21.18767,1.246,43.367,0.00
21.19784,1.242,43.593,0.00
21.20801,1.242,43.710,0.00
21.21818,1.255,43.710,0.00
21.22835,1.255,43.710,0.00
21.23854,1.255,43.710,0.00
21.24870,1.278,43.506,0.00
21.25887,1.269,43.055,0.00
21.26903,1.269,43.055,0.00
21.27927,1.210,42.709,0.00
21.28943,1.142,42.478,0.00
21.29961,1.142,42.478,0.00
21.30976,1.142,42.478,0.00
21.31993,1.091,42.283,0.00
21.33010,1.043,42.032,0.00
21.34031,1.043,42.032,0.00
21.35047,1.045,41.771,0.00
21.36063,1.045,41.771,0.00
21.37096,1.070,41.488,0.00
21.38132,1.070,41.488,0.00
21.39219,1.070,41.488,0.00
21.40236,1.083,41.035,0.00
21.41253,1.101,40.359,0.00
21.42284,1.101,40.359,0.00
21.43300,1.101,40.359,0.00
21.44320,1.087,39.425,0.00
21.45337,1.087,37.265,0.00
21.46388,1.087,37.265,0.00
21.47404,1.034,35.915,0.00
21.48481,1.034,35.915,0.00
21.49498,0.982,34.498,0.00
21.50529,0.935,34.498,0.00
21.51561,0.935,33.005,0.00
21.52578,0.935,33.005,0.00
21.53598,0.888,31.171,0.00
21.54615,0.888,31.171,0.00
21.55633,0.852,29.299,0.00
21.56649,0.843,27.371,0.00
21.57665,0.843,27.371,0.00
21.58681,0.851,25.438,0.00
21.59698,0.851,25.438,0.00
21.60726,0.880,23.471,0.00
21.61743,0.880,23.471,0.00
21.62760,0.922,21.353,0.00
21.63776,0.922,21.353,0.00
21.64791,0.922,19.212,0.00
21.65806,0.961,19.212,0.00
21.66822,0.978,17.149,0.00
21.67837,0.978,17.149,0.00
21.68852,0.978,17.149,0.00
21.69871,0.978,17.149,0.00
21.70886,1.018,14.906,0.00
21.71901,1.018,14.906,0.00
21.72931,1.062,14.906,0.00
21.73961,1.062,12.899,0.00
21.74992,1.085,10.876,0.00
21.76021,1.085,10.876,0.00
21.77054,1.098,8.931,0.00
21.78085,1.098,8.931,0.00
21.79102,1.098,8.931,0.00
21.80137,1.128,7.155,0.00
21.81154,1.184,5.541,0.00
21.82175,1.184,5.541,0.00
21.83192,1.243,4.035,0.00
21.84208,1.243,4.035,0.00
21.85224,1.283,2.640,0.00
21.86246,1.283,2.640,0.00
21.87262,1.298,1.308,0.00
21.88286,1.298,1.308,0.00
21.89302,1.298,1.308,0.00
21.90320,1.297,0.372,0.00
21.91337,1.289,-0.367,0.00
21.92353,1.289,-0.367,0.00
21.93377,1.277,-0.988,0.00
21.94394,1.261,-1.513,0.00
21.95411,1.261,-1.513,0.00
21.96466,1.234,-1.937,0.00
21.97481,1.234,-1.937,0.00
21.98525,1.234,-1.937,0.00
21.99540,1.201,-2.228,0.00
22.01729,1.168,-2.367,0.00
22.02873,1.168,-2.367,0.00
22.03995,1.135,-2.376,0.00
22.05046,1.135,-2.284,0.00
22.06664,1.076,-2.284,0.00
22.07777,1.076,-2.284,0.00
22.09324,1.076,-2.155,0.00
22.10909,1.039,-1.868,0.00
22.12546,1.007,-1.868,0.00
22.13590,0.983,-1.675,0.00
22.15134,0.983,-1.675,0.00
22.16233,0.953,-1.432,0.00
22.17602,0.953,-1.195,0.00
22.18723,0.953,-1.195,0.00
22.19816,0.884,-0.997,0.00
22.21396,0.855,-0.865,0.00
22.22531,0.835,-0.776,0.00
22.24548,0.835,-0.776,0.00
22.25690,0.826,-0.776,0.00
22.26900,0.826,-0.674,0.00
22.27978,0.819,-0.674,0.00
22.29524,0.806,-0.625,0.00
22.31696,0.787,-0.625,0.00
22.32762,0.787,-0.596,0.00
22.33809,0.767,-0.546,0.00
22.35349,0.767,-0.546,0.00
22.36612,0.720,-0.310,0.00
22.37631,0.720,-0.310,0.00
22.38872,0.720,-0.310,0.00
22.40127,0.720,-0.143,0.00
22.41348,0.651,0.029,0.00
22.43478,0.618,0.176,0.00
22.45014,0.596,0.176,0.00
22.46154,0.596,0.302,0.00
22.47182,0.596,0.399,0.00
22.48263,0.587,0.399,0.00
22.49420,0.590,0.399,0.00
22.50587,0.590,0.463,0.00
22.51680,0.597,0.482,0.00
22.52842,0.605,0.452,0.00
22.54377,0.605,0.452,0.00
22.55536,0.608,0.388,0.00
22.57558,0.608,0.388,0.00
22.59151,0.603,0.220,0.00
22.60513,0.591,0.220,0.00
22.61671,0.591,0.129,0.00
22.63214,0.566,0.044,0.00
22.64865,0.545,0.044,0.00
22.65998,0.529,0.044,0.00
22.67158,0.519,-0.071,0.00
22.68188,0.519,-0.071,0.00
22.69762,0.504,-0.089,0.00
22.71345,0.488,-0.092,0.00
22.72374,0.488,-0.092,0.00
22.73499,0.479,-0.092,0.00
22.74987,0.479,-0.072,0.00
22.76211,0.479,-0.072,0.00
22.77325,0.499,-0.072,0.00
22.78407,0.499,-0.046,0.00
22.79427,0.510,-0.046,0.00
22.80473,0.510,-0.015,0.00
22.81521,0.517,-0.015,0.00
22.82557,0.517,0.033,0.00
22.84132,0.524,0.033,0.00
22.86832,0.524,0.071,0.00
22.87851,0.524,0.071,0.00
22.89495,0.565,0.096,0.00
22.91635,0.573,0.096,0.00
22.92705,0.573,0.125,0.00
22.93858,0.573,0.161,0.00
22.95400,0.590,0.161,0.00
22.96474,0.590,0.209,0.00
22.97566,0.595,0.263,0.00
22.99647,0.595,0.333,0.00
23.07341,0.603,0.673,0.00
23.08510,0.602,0.673,0.00
23.15170,0.635,0.955,0.00
23.16679,0.635,0.955,0.00
23.17697,0.031,1.038,0.00
23.18725,0.031,1.038,0.00
23.19741,0.024,1.072,0.00
23.20829,0.019,1.106,0.00
23.21844,0.019,1.106,0.00
23.22935,0.011,1.135,0.00
23.23950,0.011,1.135,0.00
23.24966,-0.008,1.166,0.00
23.26004,-0.008,1.166,0.00
23.27019,-0.008,1.166,0.00
23.28045,-0.025,1.200,0.00
23.29060,-0.036,1.231,0.00
23.30080,-0.036,1.231,0.00
23.31103,-0.040,1.269,0.00
23.32129,-0.040,1.269,0.00
23.33151,-0.042,1.305,0.00
23.34176,-0.042,1.305,0.00
23.35201,-0.044,1.338,0.00
23.36223,-0.044,1.338,0.00
23.37237,-0.048,1.362,0.00
23.38260,-0.048,1.362,0.00
23.39275,-0.057,1.363,0.00
23.40368,-0.057,1.363,0.00
23.41392,-0.066,1.348,0.00
23.42468,-0.066,1.348,0.00
23.43483,-0.073,1.329,0.00
23.44540,-0.073,1.311,0.00
23.45547,-0.087,1.311,0.00
23.46565,-0.087,1.311,0.00
23.47581,-0.102,1.291,0.00
23.48612,-0.102,1.291,0.00
23.49628,-0.113,1.279,0.00
23.50644,-0.113,1.279,0.00
23.51657,-0.122,1.271,0.00
23.52709,-0.122,1.271,0.00
23.53724,-0.132,1.266,0.00
23.54815,-0.137,1.266,0.00
23.55829,-0.137,1.266,0.00
23.56854,-0.138,1.265,0.00
23.57868,-0.138,1.265,0.00
23.58883,-0.136,1.261,0.00
23.59896,-0.136,1.261,0.00
23.60933,-0.133,1.261,0.00
23.61963,-0.133,1.258,0.00
23.62997,-0.128,1.258,0.00
23.64056,-0.128,1.252,0.00
23.65080,-0.123,1.245,0.00
23.66108,-0.123,1.245,0.00
23.67148,-0.128,1.241,0.00
23.68184,-0.138,1.241,0.00
23.69208,-0.138,1.237,0.00
23.70306,-0.144,1.229,0.00
23.71350,-0.144,1.229,0.00
23.72382,-0.144,1.229,0.00
23.73396,-0.147,1.223,0.00
23.74411,-0.147,1.223,0.00
23.75427,-0.153,1.220,0.00
23.76441,-0.153,1.220,0.00
23.77456,-0.161,1.222,0.00
23.78475,-0.166,1.230,0.00
23.79490,-0.166,1.230,0.00
23.80504,-0.169,1.242,0.00
23.81529,-0.169,1.242,0.00
23.82544,-0.169,1.251,0.00
23.83559,-0.169,1.251,0.00
23.84573,-0.171,1.260,0.00
23.85587,-0.171,1.260,0.00
23.86602,-0.173,1.266,0.00
23.87623,-0.173,1.266,0.00
23.88638,-0.181,1.270,0.00
23.89654,-0.181,1.270,0.00
23.90669,-0.181,1.270,0.00
23.91683,-0.186,1.273,0.00
23.92698,-0.189,1.273,0.00
23.93713,-0.189,1.275,0.00
23.94741,-0.192,1.277,0.00
23.95754,-0.192,1.277,0.00
23.96845,-0.193,1.279,0.00
23.97858,-0.193,1.279,0.00
23.98875,-0.194,1.275,0.00
23.99888,-0.194,1.275,0.00
24.00921,-0.195,1.270,0.00
24.01934,-0.195,1.270,0.00
24.02948,-0.195,1.270,0.00
24.03962,-0.195,1.270,0.00
24.04981,-0.191,1.263,0.00
24.06031,-0.171,1.252,0.00
24.07046,-0.134,1.240,0.00
24.08166,-0.134,1.240,0.00
24.09183,-0.078,1.231,0.00
24.10211,-0.078,1.226,0.00
24.11227,-0.015,1.226,0.00
24.12243,-0.015,1.226,0.00
24.13257,0.060,1.224,0.00
24.14271,0.060,1.224,0.00
24.15286,0.144,1.222,0.00
24.16299,0.144,1.222,0.00
24.17313,0.236,1.220,0.00
24.18326,0.236,1.220,0.00
24.19340,0.354,1.222,0.00
24.20359,0.354,1.222,0.00
24.21373,0.515,1.224,0.00
24.22388,0.726,1.223,0.00
24.23401,0.726,1.223,0.00
24.24418,0.726,1.223,0.00
24.25432,0.726,1.223,0.00
24.26447,1.383,1.223,0.00
24.27477,1.383,1.223,0.00
24.28493,1.808,1.223,0.00
24.29508,1.808,1.219,0.00
24.30523,1.808,1.219,0.00
24.31537,2.297,1.217,0.00
24.32603,2.849,1.217,0.00
24.33618,2.849,1.215,0.00
24.34632,3.456,1.215,0.00
24.35662,3.456,1.214,0.00
24.36679,3.456,1.214,0.00
24.37693,4.128,1.213,0.00
24.38709,4.865,1.213,0.00
24.39724,4.865,1.213,0.00
24.40740,5.647,1.211,0.00
24.41754,5.647,1.211,0.00
24.42770,5.647,1.211,0.00
24.43785,6.470,1.210,0.00
24.44800,7.345,1.209,0.00
24.45815,7.345,1.209,0.00
24.46832,8.256,1.215,0.00
24.47848,8.256,1.215,0.00
24.48863,9.187,1.223,0.00
24.49878,9.187,1.223,0.00
24.52343,10.140,1.236,0.00
24.53357,11.114,1.256,0.00
24.55569,12.073,1.256,8.00
24.56586,12.988,1.298,8.00
24.57607,12.988,1.298,8.00
24.58868,13.833,1.321,8.00
24.59898,13.833,1.321,8.00
24.62019,14.664,1.343,8.00
24.63028,15.473,1.358,8.00
24.64115,15.473,1.358,8.00
24.65173,16.203,1.374,8.00
24.66349,16.203,1.374,8.00
24.67363,16.835,1.392,8.00
24.68440,16.835,1.408,8.00
24.69457,17.327,1.408,8.00
24.70472,17.327,1.426,8.00
24.71647,17.672,1.426,8.00
24.72662,17.884,1.489,8.00
24.73694,17.884,1.489,8.00
24.76392,18.004,1.489,8.50
24.77407,18.049,2.912,8.50
24.79595,18.049,3.965,8.50
24.80618,17.995,4.974,8.50
24.82777,17.550,5.697,8.50
24.83807,17.550,5.697,8.50
24.85956,17.550,6.268,8.50
24.86978,16.554,6.689,8.50
24.89189,15.884,6.881,8.50
24.90229,15.884,6.881,8.50
24.92366,15.176,7.001,8.50
24.93383,14.469,6.989,8.50
24.94398,14.469,6.989,8.50
24.95543,13.782,7.047,8.50
24.96560,13.782,7.047,8.50
24.97576,13.079,7.206,8.50
24.98844,13.079,7.550,9.00
24.99870,12.331,7.550,9.00
25.00883,11.543,8.045,9.00
25.01959,11.543,8.045,9.00
25.03003,10.700,8.653,9.00
25.04029,10.700,8.653,9.00
25.05275,9.820,9.420,9.00
25.06332,9.820,9.420,9.00
25.07346,8.953,9.792,9.00
25.08388,8.953,10.312,9.00
25.09403,8.139,10.312,9.00
25.10426,8.139,11.473,9.00
25.13174,7.384,12.723,9.00
25.14203,6.655,12.723,9.00
25.16342,5.936,13.808,9.50
25.17369,5.253,14.821,9.50
25.19532,4.648,14.821,9.50
25.20550,4.119,15.819,9.50
25.21627,4.119,16.766,9.50
25.22708,4.119,16.766,9.50
25.23724,3.643,17.631,9.50
25.24802,3.643,17.631,9.50
25.25996,3.201,18.563,9.50
25.27029,2.775,19.366,9.50
25.28201,2.775,19.366,9.50
25.29272,2.396,20.186,9.50
25.30335,2.396,20.186,9.50
25.31351,2.088,21.012,9.50
25.32511,1.839,21.012,10.00
25.33543,1.839,21.833,10.00
25.34595,1.839,22.628,10.00
25.35695,1.626,22.628,10.00
25.36768,1.626,22.628,10.00
25.37783,1.432,23.326,10.00
25.38807,1.263,23.326,10.00
25.39823,1.263,23.985,10.00
25.40838,1.160,24.683,10.00
25.43645,1.149,25.306,10.00
25.44622,1.149,25.306,10.00
25.46689,1.213,25.983,10.00
25.47709,1.319,26.709,10.00
25.49939,1.319,27.461,10.00
25.50952,1.662,28.206,10.00
25.53176,1.869,28.952,10.50
25.54251,1.869,28.952,10.50
25.55265,2.046,29.704,10.50
25.56628,2.046,29.704,10.50
25.57640,2.179,30.497,10.50
25.59503,2.288,31.183,10.50
25.60527,2.288,31.183,10.50
25.61544,2.383,31.829,10.50
25.62733,2.383,31.829,10.50
25.63751,2.383,31.829,10.50
25.64767,2.383,31.829,10.50
25.66051,2.641,33.085,10.50
25.67066,2.781,33.682,10.50
25.68111,2.781,33.682,10.50
25.69165,2.916,34.288,10.50
25.70234,2.916,34.288,10.50
25.71244,3.041,34.843,10.50
25.73947,3.041,35.465,11.00
25.74966,3.275,36.006,11.00
25.77110,3.275,36.006,11.00
25.78172,3.369,36.519,11.00
25.80519,3.436,37.036,11.00
25.81538,3.482,37.494,11.00
25.83483,3.482,37.494,11.00
25.84501,3.516,37.945,11.00
25.85516,3.540,38.366,11.00
25.86759,3.540,38.755,11.00
25.87777,3.549,38.755,11.00
25.88818,3.543,39.177,11.00
25.90078,3.543,39.177,11.00
25.91088,3.522,39.506,11.00
25.92102,3.522,39.506,11.00
25.93231,3.487,39.834,11.00
25.94253,3.487,39.834,11.00
25.95283,3.444,40.148,11.00
25.96463,3.444,40.148,11.00
25.97480,3.398,40.413,11.00
25.98495,3.398,40.663,11.00
25.99508,3.356,40.663,11.00
26.00523,3.324,40.663,11.00
26.01539,3.324,40.875,11.00
26.04384,3.300,40.875,11.00
26.05415,3.273,41.368,11.00
26.07542,3.273,41.628,11.00
26.08608,3.223,41.628,11.00
26.10737,3.084,41.915,11.00
26.11753,3.084,42.190,11.00
26.13882,3.021,42.484,11.00
26.14899,2.985,42.751,11.00
26.15929,2.985,42.751,11.00
26.17149,2.985,43.007,11.00
26.18235,2.972,43.007,11.00
26.19250,2.974,43.265,11.00
26.20473,2.987,43.265,11.00
26.21489,2.987,43.528,11.00
26.22514,2.987,43.528,11.00
26.23656,3.005,43.771,11.00
26.24670,3.013,43.992,11.00
26.25689,3.013,43.992,11.00
26.26706,3.008,43.992,0.00
26.27721,3.008,44.172,0.00
26.28747,3.008,44.172,0.00
26.29770,2.997,44.349,0.00
26.30800,2.985,44.470,0.00
26.31831,2.985,44.470,0.00
26.32847,2.992,44.566,0.00
26.33865,2.992,44.566,0.00
26.34880,2.994,44.619,0.00
26.35895,2.994,44.619,0.00
26.36908,2.977,44.659,0.00
26.37924,2.977,44.659,0.00
26.38939,2.930,44.707,0.00
26.39957,2.930,44.707,0.00
26.40970,2.872,44.782,0.00
26.41986,2.872,44.782,0.00
26.43000,2.836,44.899,0.00
26.44023,2.836,44.899,0.00
26.45038,2.795,44.997,0.00
26.46060,2.795,44.997,0.00
26.47076,2.762,45.056,0.00
26.48091,2.762,45.056,0.00
26.49105,2.729,44.989,0.00
26.50147,2.729,44.989,0.00
26.51175,2.687,44.734,0.00
26.52227,2.687,44.734,0.00
26.53244,2.637,44.084,0.00
26.54285,2.561,44.084,0.00
26.55328,2.561,43.390,0.00
26.56359,2.460,43.390,0.00
26.57391,2.460,42.731,0.00
26.58411,2.460,42.731,0.00
26.59428,2.339,41.950,0.00
26.60443,2.339,40.937,0.00
26.61457,2.203,40.937,0.00
26.62471,2.203,39.676,0.00
26.63486,2.050,39.676,0.00
26.64504,2.050,39.676,0.00
26.65520,1.869,38.457,0.00
26.66535,1.704,37.260,0.00
26.67551,1.704,37.260,0.00
26.68566,1.560,35.744,0.00
26.69581,1.560,35.744,0.00
26.70596,1.412,34.231,0.00
26.71610,1.412,34.231,0.00
26.72638,1.274,32.650,0.00
26.73652,1.274,32.650,0.00
26.74666,1.274,32.650,0.00
26.75680,1.149,31.046,0.00
26.76695,1.149,31.046,0.00
26.77710,1.028,29.288,0.00
26.78727,0.936,27.439,0.00
26.79742,0.936,27.439,0.00
26.80757,0.904,25.554,0.00
26.81772,0.904,25.554,0.00
26.82787,0.916,23.552,0.00
26.83800,0.916,23.552,0.00
26.84826,0.956,21.100,0.00
26.85854,0.956,21.100,0.00
26.86896,1.029,21.100,0.00
26.87936,1.029,18.852,0.00
26.88967,1.131,16.608,0.00
26.90000,1.131,16.608,0.00
26.91038,1.230,14.322,0.00
26.92082,1.230,14.322,0.00
26.93123,1.309,11.997,0.00
26.94152,1.309,11.997,0.00
26.95195,1.361,9.695,0.00
26.96229,1.361,9.695,0.00
26.97267,1.399,7.513,0.00
26.98285,1.399,7.513,0.00
26.99303,1.420,5.558,0.00
27.00324,1.420,5.558,0.00
27.01341,1.426,3.666,0.00
27.02358,1.426,3.666,0.00
27.03373,1.407,2.203,0.00
27.04388,1.407,2.203,0.00
27.05402,1.375,0.864,0.00
27.06417,1.375,0.864,0.00
27.07431,1.334,-0.305,0.00
27.08447,1.334,-0.305,0.00
27.09462,1.334,-0.305,0.00
27.10478,1.298,-1.261,0.00
27.11493,1.298,-1.261,0.00
27.12506,1.264,-2.004,0.00
27.13522,1.216,-2.571,0.00
27.14535,1.216,-2.571,0.00
27.15548,1.150,-2.985,0.00
27.16561,1.150,-2.985,0.00
27.17575,1.073,-3.273,0.00
27.18589,0.986,-3.363,0.00
27.19603,0.986,-3.363,0.00
27.20619,0.986,-3.363,0.00
27.21644,0.892,-3.363,0.00
27.22687,0.799,-3.313,0.00
27.23713,0.799,-3.199,0.00
27.24751,0.724,-3.199,0.00
27.25783,0.724,-3.067,0.00
27.27408,0.678,-2.907,0.00
27.29441,0.678,-2.907,0.00
27.31595,0.648,-2.770,0.00
27.32677,0.624,-2.645,0.00
27.33786,0.614,-2.504,0.00
27.35830,0.608,-2.504,0.00
27.36923,0.608,-2.411,0.00
27.38118,0.587,-2.322,0.00
27.39338,0.587,-2.196,0.00
27.40904,0.564,-2.196,0.00
27.42060,0.534,-2.196,0.00
27.43322,0.489,-2.196,0.00
27.44642,0.489,-1.726,0.00
27.45765,0.445,-1.726,0.00
27.47301,0.413,-1.017,0.00
27.48621,0.413,-1.017,0.00
27.49756,0.379,-0.609,0.00
27.51337,0.345,-0.291,0.00
27.52827,0.326,-0.291,0.00
27.54121,0.326,-0.291,0.00
27.56442,0.326,0.204,0.00
27.57895,0.324,0.491,0.00
27.59044,0.324,0.491,0.00
27.60631,0.319,0.586,0.00
27.61695,0.319,0.671,0.00
27.63544,0.325,0.671,0.00
27.64631,0.340,0.767,0.00
27.65732,0.344,0.851,0.00
27.67780,0.343,0.851,0.00
27.69319,0.353,0.851,0.00
27.70560,0.353,0.971,0.00
27.71716,0.379,1.009,0.00
27.73009,0.379,1.009,0.00
27.74408,0.422,1.071,0.00
27.76000,0.467,1.071,0.00
27.77018,0.467,1.071,0.00
27.78059,0.467,1.110,0.00
27.79100,0.533,1.110,0.00
27.80262,0.533,1.230,0.00
27.81298,0.560,1.230,0.00
27.82319,0.560,1.230,0.00
27.83374,0.581,1.284,0.00
27.84392,0.581,1.284,0.00
27.85426,0.581,1.284,0.00
27.86465,0.581,1.284,0.00
27.87499,0.581,1.284,0.00
27.89081,0.593,1.331,0.00
27.90670,0.593,1.331,0.00
27.91732,0.593,1.331,0.00
27.92749,0.593,1.331,0.00
27.93892,0.593,1.331,0.00
27.94919,0.594,1.331,0.00
27.96486,0.598,1.366,0.00
27.98051,0.611,1.420,0.00
27.99254,0.611,1.424,0.00
28.00322,0.605,1.424,0.00
28.01876,0.595,1.434,0.00
28.03459,0.585,1.450,0.00
28.05505,0.585,1.481,0.00
28.06591,0.585,1.481,0.00
28.07661,0.585,1.481,0.00
28.08762,0.575,1.481,0.00
28.10507,0.547,1.515,0.00
28.12270,0.531,1.535,0.00
28.13406,0.531,1.535,0.00
28.14955,0.515,1.549,0.00
28.16037,0.515,1.565,0.00
28.17181,0.501,1.565,0.00
28.18257,0.501,1.586,0.00
28.19797,0.492,1.610,0.00
28.20878,0.492,1.610,0.00
28.22809,0.471,1.633,0.00
28.24643,0.453,1.661,0.00
28.25713,0.453,1.669,0.00
28.26779,0.453,1.669,0.00
28.32792,0.402,1.669,0.00
28.33815,0.391,1.667,0.00
28.39970,0.391,1.667,0.00
28.40994,0.339,1.601,0.00
28.42009,-0.192,0.530,0.00
28.43025,-0.204,0.508,0.00
28.44039,-0.204,0.508,0.00
28.45056,-0.204,0.508,0.00
28.46077,-0.213,0.485,0.00
28.47093,-0.223,0.466,0.00
28.48112,-0.223,0.466,0.00
28.49128,-0.236,0.446,0.00
28.50147,-0.236,0.446,0.00
28.51164,-0.250,0.426,0.00
28.52186,-0.250,0.426,0.00
28.53203,-0.265,0.409,0.00
28.54219,-0.265,0.409,0.00
28.55235,-0.279,0.392,0.00
28.56271,-0.279,0.392,0.00
28.57288,-0.287,0.377,0.00
28.58304,-0.287,0.377,0.00
28.59320,-0.297,0.360,0.00
28.60336,-0.297,0.360,0.00
28.61358,-0.308,0.342,0.00
28.62373,-0.312,0.324,0.00
28.63388,-0.312,0.324,0.00
28.64443,-0.312,0.324,0.00
28.65459,-0.312,0.305,0.00
28.66528,-0.312,0.305,0.00
28.67544,-0.313,0.286,0.00
28.68559,-0.313,0.265,0.00
28.69575,-0.311,0.265,0.00
28.70590,-0.311,0.247,0.00
28.71604,-0.308,0.247,0.00
28.72618,-0.308,0.247,0.00
28.73635,-0.306,0.230,0.00
28.74660,-0.306,0.230,0.00
28.75677,-0.302,0.222,0.00
28.76696,-0.301,0.221,0.00
28.77711,-0.301,0.221,0.00
28.78731,-0.301,0.221,0.00
28.79747,-0.300,0.226,0.00
28.80764,-0.300,0.226,0.00
28.81779,-0.296,0.237,0.00
28.82796,-0.287,0.252,0.00
28.83811,-0.287,0.252,0.00
28.84826,-0.274,0.268,0.00
28.85839,-0.274,0.268,0.00
28.86867,-0.262,0.285,0.00
28.87882,-0.262,0.285,0.00
28.88897,-0.256,0.300,0.00
28.89917,-0.256,0.300,0.00
28.90932,-0.254,0.311,0.00
28.91947,-0.254,0.311,0.00
28.92962,-0.254,0.325,0.00
28.94008,-0.254,0.325,0.00
28.95026,-0.262,0.336,0.00
28.96047,-0.262,0.336,0.00
28.97066,-0.275,0.348,0.00
28.98172,-0.275,0.348,0.00
28.99189,-0.285,0.363,0.00
29.00209,-0.285,0.363,0.00
29.01225,-0.285,0.363,0.00
29.02243,-0.290,0.380,0.00
29.03256,-0.297,0.397,0.00
29.04278,-0.297,0.397,0.00
29.05296,-0.304,0.417,0.00
29.06324,-0.304,0.417,0.00
29.07342,-0.302,0.435,0.00
29.08356,-0.302,0.435,0.00
29.09373,-0.299,0.452,0.00
29.10392,-0.299,0.452,0.00
29.11409,-0.302,0.465,0.00
29.12428,-0.302,0.465,0.00
29.13445,-0.307,0.478,0.00
29.14461,-0.300,0.488,0.00
29.15480,-0.300,0.488,0.00
29.16496,-0.292,0.497,0.00
29.17522,-0.292,0.497,0.00
29.18538,-0.289,0.511,0.00
29.19572,-0.289,0.511,0.00
29.20588,-0.289,0.511,0.00
29.21628,-0.293,0.527,0.00
29.22655,-0.298,0.541,0.00
29.23678,-0.298,0.541,0.00
29.24723,-0.298,0.558,0.00
29.25740,-0.306,0.558,0.00
29.26756,-0.306,0.558,0.00
29.27774,-0.306,0.558,0.00
29.28791,-0.312,0.573,0.00
29.29808,-0.316,0.584,0.00
29.30823,-0.321,0.592,0.00
29.31860,-0.321,0.592,0.00
29.32882,-0.331,0.604,0.00
29.33897,-0.331,0.604,0.00
29.34932,-0.339,0.610,0.00
29.35962,-0.339,0.610,0.00
29.36977,-0.339,0.610,0.00
29.37994,-0.339,0.610,0.00
29.39010,-0.342,0.612,0.00
29.40032,-0.337,0.609,0.00
29.41077,-0.329,0.604,0.00
29.42097,-0.329,0.604,0.00
29.43126,-0.324,0.599,0.00
29.44144,-0.324,0.599,0.00
29.45161,-0.325,0.591,0.00
29.46181,-0.325,0.591,0.00
29.47198,-0.323,0.583,0.00
29.48213,-0.323,0.583,0.00
29.49231,-0.319,0.578,0.00
29.50246,-0.319,0.578,0.00
29.51262,-0.314,0.579,0.00
29.52278,-0.314,0.584,0.00
29.53294,-0.293,0.584,0.00
29.54367,-0.293,0.584,0.00
29.55378,-0.220,0.588,0.00
29.56443,-0.220,0.588,0.00
29.57459,-0.118,0.594,0.00
29.58476,-0.016,0.599,0.00
29.59505,-0.016,0.599,0.00
29.60614,-0.016,0.599,0.00
29.61637,0.110,0.604,0.00
29.62659,0.253,0.604,0.00
29.63674,0.253,0.606,0.00
29.64691,0.454,0.610,0.00
29.65707,0.454,0.610,0.00
29.66754,0.454,0.610,0.00
29.67774,0.753,0.613,0.00
29.68790,1.128,0.616,0.00
29.69805,1.128,0.616,0.00
29.70822,1.128,0.616,0.00
29.71838,1.553,0.616,0.00
29.72854,2.041,0.619,0.00
29.73869,2.041,0.619,0.00
29.74885,2.607,0.624,0.00
29.75901,2.607,0.624,0.00
29.76918,3.235,0.629,0.00
29.77936,3.235,0.629,0.00
29.78953,3.912,0.634,0.00
29.79970,3.912,0.634,0.00
29.80985,4.650,0.639,0.00
29.82006,4.650,0.639,0.00
29.83021,5.419,0.648,0.00
29.84036,5.419,0.648,0.00
29.85069,6.197,0.654,0.00
29.86094,6.197,0.654,0.00
29.87141,6.977,0.660,0.00
29.88161,6.977,0.660,0.00
29.89182,6.977,0.660,0.00
29.90204,7.756,0.667,0.00
29.91221,8.545,0.675,0.00
29.92238,8.545,0.675,0.00
29.93255,9.236,0.690,0.00
29.94271,9.236,0.690,0.00
29.96304,10.125,0.709,0.00
29.97320,10.794,0.730,0.00
29.99526,10.794,0.730,8.00
30.00568,11.523,0.759,8.00
30.02789,12.852,0.832,8.00
30.03805,12.852,0.832,8.00
30.04821,13.462,0.875,8.00
30.05963,13.462,0.875,8.00
30.06994,14.039,0.911,8.00
30.08148,14.039,0.911,8.00
30.09185,14.562,0.944,8.00
30.10229,14.562,0.944,8.00
30.11250,14.995,0.972,8.00
30.12676,14.995,0.998,8.00
30.13692,15.275,0.998,8.00
30.14709,15.407,1.080,8.00
30.15723,15.407,1.080,8.00
30.16748,15.447,1.556,8.00
30.17761,15.447,1.556,8.00
30.19014,15.401,2.498,8.00
30.20035,15.401,2.498,8.00
30.21080,15.254,3.715,8.00
30.23543,15.002,3.715,8.50
30.24569,14.672,5.374,8.50
30.26812,14.275,5.965,8.50
30.27842,14.275,5.965,8.50
30.29873,14.275,5.965,8.50
30.30890,13.812,6.610,8.50
30.33081,13.812,6.610,8.50
30.34107,12.605,7.542,8.50
30.35138,11.923,7.588,8.50
30.36359,11.923,7.588,8.50
30.37378,11.923,7.588,8.50
30.38424,11.242,7.631,8.50
30.39532,11.242,7.761,9.00
30.40564,9.971,8.088,9.00
30.41600,9.971,8.088,9.00
30.42962,9.313,8.492,9.00
30.43979,9.313,8.492,9.00
30.45014,8.595,8.923,9.00
30.46148,8.595,8.923,9.00
30.47180,7.885,9.655,9.00
30.48218,7.885,9.655,9.00
30.49396,7.219,10.623,9.50
30.50426,6.577,11.653,9.50
30.51455,6.577,11.653,9.50
30.53983,5.933,11.653,9.50
30.55001,5.294,13.742,9.50
30.57169,4.725,14.721,9.50
30.58185,4.725,14.721,9.50
30.60568,3.879,15.649,10.00
30.61583,3.879,16.547,10.00
30.63585,3.531,17.456,10.00
30.64600,3.531,18.371,10.00
30.66735,2.789,18.371,10.00
30.67755,2.789,19.298,10.00
30.68773,2.789,19.298,10.00
30.69939,2.411,20.294,10.50
30.71055,2.073,21.134,10.50
30.72075,2.073,21.134,10.50
30.73149,1.770,21.927,10.50
30.74167,1.770,22.715,10.50
30.75205,1.475,22.715,10.50
30.76308,1.475,22.715,11.00
30.77325,1.171,23.522,11.00
30.78342,1.171,23.522,11.00
30.79484,0.879,24.327,11.00
30.80502,0.643,24.327,11.00
30.81520,0.643,25.152,11.00
30.84482,0.500,26.907,11.00
30.85500,0.437,26.907,11.00
30.87594,0.439,27.692,11.50
30.88610,0.507,28.413,11.50
30.90739,0.635,28.413,11.50
30.91758,0.635,29.127,11.50
30.94032,0.800,29.805,11.50
30.95048,0.951,30.477,11.50
30.97150,1.056,30.477,11.50
30.98188,1.056,31.140,11.50
30.99271,1.118,31.751,11.50
31.00339,1.118,31.751,12.00
31.01375,1.145,32.414,12.00
31.02391,1.145,32.414,12.00
31.03603,1.151,32.953,12.00
31.04619,1.154,33.486,12.00
31.05634,1.154,33.486,12.00
31.06850,1.160,33.486,12.00
31.07866,1.160,34.019,12.00
31.08930,1.172,34.518,12.00
31.09971,1.172,34.518,12.00
31.10985,1.204,35.023,12.00
31.11999,1.204,35.023,12.00
31.13140,1.250,35.489,12.50
31.14164,1.250,35.489,12.50
31.15205,1.290,35.956,12.50
31.16234,1.290,35.956,12.50
31.18091,1.315,36.479,12.50
31.19106,1.321,36.920,12.50
31.21131,1.321,37.392,12.50
31.22150,1.308,37.392,12.50
31.24363,1.293,37.833,12.50
31.25377,1.272,37.833,12.50
31.27581,1.237,38.667,12.50
31.28615,1.198,39.049,12.50
31.30977,1.198,39.444,12.50
31.32018,1.169,39.444,12.50
31.33901,1.155,39.875,12.50
31.34941,1.154,39.875,12.50
31.35961,1.154,40.275,12.50
31.37141,1.154,40.673,12.50
31.38254,1.156,40.673,12.50
31.39287,1.161,41.063,12.50
31.40404,1.161,41.063,12.50
31.41419,1.169,41.465,12.50
31.42450,1.177,41.465,12.50
31.43731,1.177,41.821,12.50
31.44750,1.196,42.191,12.50
31.45783,1.196,42.191,12.50
31.46820,1.225,42.558,12.50
31.47838,1.225,42.558,12.50
31.48854,1.261,42.963,12.50
31.51560,1.261,43.317,12.50
31.52578,1.307,43.632,12.50
31.54722,1.375,43.632,12.50
31.55747,1.375,43.939,12.50
31.57987,1.390,44.243,12.50
31.59013,1.399,44.534,12.50
31.61155,1.398,44.534,12.50
31.62195,1.389,44.838,12.50
31.63217,1.389,45.111,12.50
31.64484,1.389,45.111,12.50
31.65501,1.374,45.417,12.50
31.66515,1.355,45.662,12.50
31.67576,1.355,45.662,12.50
31.68593,1.345,45.871,12.50
31.69609,1.345,45.871,12.50
31.70624,1.339,46.064,0.00
31.71639,1.339,46.064,0.00
31.72654,1.332,46.064,0.00
31.73669,1.332,46.215,0.00
31.74684,1.312,46.346,0.00
31.75699,1.312,46.346,0.00
31.76723,1.277,46.447,0.00
31.77736,1.277,46.447,0.00
31.78751,1.223,46.530,0.00
31.79768,1.223,46.530,0.00
31.80784,1.152,46.607,0.00
31.81799,1.152,46.607,0.00
31.82814,1.152,46.607,0.00
31.83829,1.066,46.619,0.00
31.84845,1.066,46.619,0.00
31.85859,0.995,46.602,0.00
31.86875,0.980,46.546,0.00
31.87889,0.980,46.546,0.00
31.88905,0.996,46.469,0.00
31.89920,0.996,46.469,0.00
31.90935,1.027,46.344,0.00
31.91950,1.027,46.344,0.00
31.92965,1.027,46.344,0.00
31.93981,1.058,46.104,0.00
31.94996,1.065,45.561,0.00
31.96125,1.065,45.561,0.00
31.97139,1.023,44.778,0.00
31.98183,0.931,44.778,0.00
31.99200,0.931,44.214,0.00
32.00221,0.931,44.214,0.00
32.01236,0.824,43.644,0.00
32.02262,0.824,43.644,0.00
32.03277,0.723,42.947,0.00
32.04308,0.723,42.947,0.00
32.05324,0.633,42.121,0.00
32.06341,0.633,42.121,0.00
32.07357,0.560,41.244,0.00
32.08374,0.560,40.309,0.00
32.09390,0.501,40.309,0.00
32.10417,0.501,39.270,0.00
32.11448,0.436,39.270,0.00
32.12484,0.436,39.270,0.00
32.13522,0.340,37.957,0.00
32.14536,0.238,36.622,0.00
32.15572,0.238,36.622,0.00
32.16606,0.147,35.166,0.00
32.17638,0.147,35.166,0.00
32.18672,0.075,33.706,0.00
32.19702,0.075,33.706,0.00
32.20719,0.031,32.217,0.00
32.21734,0.031,32.217,0.00
32.22749,0.031,32.217,0.00
32.23765,0.028,30.616,0.00
32.24781,0.055,28.928,0.00
32.25798,0.055,28.928,0.00
32.26814,0.095,27.176,0.00
32.27830,0.095,27.176,0.00
32.28847,0.151,25.003,0.00
32.29862,0.151,25.003,0.00
32.30878,0.201,22.823,0.00
32.31893,0.201,22.823,0.00
32.32909,0.221,20.467,0.00
32.33923,0.221,20.467,0.00
32.34939,0.196,18.205,0.00
32.35964,0.196,18.205,0.00
32.36997,0.152,16.065,0.00
32.38016,0.152,16.065,0.00
32.39032,0.115,13.950,0.00
32.40046,0.115,13.950,0.00
32.41063,0.069,11.809,0.00
32.42083,0.069,11.809,0.00
32.43099,0.006,9.718,0.00
32.44118,0.006,9.718,0.00
32.45133,-0.046,7.567,0.00
32.46153,-0.046,7.567,0.00
32.47171,-0.065,5.847,0.00
32.48187,-0.065,5.847,0.00
32.49203,-0.060,4.241,0.00
32.50219,-0.060,4.241,0.00
32.51235,-0.053,2.702,0.00
32.52251,-0.053,2.702,0.00
32.53268,-0.055,1.277,0.00
32.54287,-0.055,1.277,0.00
32.55302,-0.060,0.049,0.00
32.56323,-0.058,-0.926,0.00
32.57339,-0.058,-0.926,0.00
32.58369,-0.058,-0.926,0.00
32.59401,-0.047,-1.676,0.00
32.60418,-0.038,-1.676,0.00
32.61446,-0.038,-2.332,0.00
32.62482,-0.040,-2.332,0.00
32.63524,-0.040,-2.806,0.00
32.64543,-0.040,-2.806,0.00
32.65583,-0.038,-3.190,0.00
32.66618,-0.032,-3.190,0.00
32.67648,-0.032,-3.473,0.00
32.68682,-0.026,-3.473,0.00
32.69697,-0.026,-3.667,0.00
32.71304,-0.027,-3.667,0.00
32.72388,-0.027,-3.799,0.00
32.73966,-0.033,-3.868,0.00
32.75009,-0.045,-3.868,0.00
32.76036,-0.045,-3.874,0.00
32.79368,-0.094,-3.725,0.00
32.80434,-0.094,-3.725,0.00
32.82052,-0.132,-3.592,0.00
32.83567,-0.175,-3.402,0.00
32.84591,-0.175,-3.402,0.00
32.86370,-0.219,-3.164,0.00
32.87960,-0.262,-2.899,0.00
32.89122,-0.298,-2.607,0.00
32.90178,-0.298,-2.607,0.00
32.91814,-0.322,-2.288,0.00
32.92899,-0.322,-2.288,0.00
32.95049,-0.337,-1.911,0.00
32.96248,-0.337,-1.911,0.00
32.98547,-0.321,-1.330,0.00
33.00087,-0.321,-1.158,0.00
33.01162,-0.321,-1.158,0.00
33.02244,-0.320,-1.158,0.00
33.03366,-0.312,-1.043,0.00
33.04941,-0.312,-1.043,0.00
33.06760,-0.304,-1.062,0.00
33.08488,-0.305,-1.069,0.00
33.10075,-0.313,-1.018,0.00
33.11661,-0.321,-0.920,0.00
33.12730,-0.332,-0.920,0.00
33.14658,-0.332,-0.674,0.00
33.16851,-0.338,-0.674,0.00
33.18481,-0.337,-0.674,0.00
33.19508,-0.324,-0.550,0.00
33.20618,-0.304,-0.449,0.00
33.22373,-0.304,-0.383,0.00
33.23967,-0.277,-0.346,0.00
33.25676,-0.248,-0.342,0.00
33.26754,-0.248,-0.342,0.00
33.27829,-0.223,-0.364,0.00
33.29871,-0.199,-0.364,0.00
33.30973,-0.199,-0.364,0.00
33.32792,-0.170,-0.445,0.00
33.33873,-0.148,-0.498,0.00
33.35497,-0.136,-0.571,0.00
33.37601,-0.130,-0.679,0.00
33.38807,-0.130,-0.679,0.00
33.40423,-0.123,-0.800,0.00
33.41969,-0.114,-0.800,0.00
33.43082,-0.107,-0.800,0.00
33.44624,-0.107,-1.031,0.00
33.45688,-0.101,-1.031,0.00
33.46822,-0.101,-1.166,0.00
33.47861,-0.100,-1.166,0.00
33.50282,-0.101,-1.211,0.00
33.51553,-0.102,-1.240,0.00
33.52606,-0.102,-1.240,0.00
33.53763,-0.102,-1.259,0.00
33.54803,-0.102,-1.267,0.00
33.56590,-0.087,-1.267,0.00
33.58201,-0.079,-1.262,0.00
33.59225,-0.079,-1.250,0.00
33.60259,-0.079,-1.231,0.00
33.61282,-0.081,-1.231,0.00
33.62332,-0.081,-1.231,0.00
33.63536,-0.082,-1.231,0.00
33.64586,-0.082,-1.171,0.00
33.67162,-0.082,-1.124,0.00
33.68758,-0.075,-1.124,0.00
33.69820,-0.075,-1.073,0.00
33.70837,-0.075,-1.018,0.00
33.77267,-0.074,-1.018,0.00
33.78288,-0.074,-0.805,0.00
33.85274,-0.070,-0.738,0.00
33.86297,-0.054,-0.569,0.00
33.87313,0.093,0.588,0.00
33.88328,0.093,0.588,0.00
33.89357,0.103,0.622,0.00
33.90372,0.103,0.652,0.00
33.91388,0.113,0.674,0.00
33.92406,0.113,0.674,0.00
33.93421,0.113,0.674,0.00
33.94438,0.120,0.688,0.00
33.95452,0.123,0.695,0.00
33.96469,0.123,0.695,0.00
33.97483,0.122,0.700,0.00
33.98498,0.122,0.700,0.00
33.99523,0.120,0.702,0.00
34.00537,0.117,0.703,0.00
34.01551,0.117,0.703,0.00
34.02564,0.117,0.703,0.00
34.03608,0.117,0.703,0.00
34.04622,0.096,0.689,0.00
34.05637,0.096,0.689,0.00
34.06652,0.085,0.679,0.00
34.07665,0.085,0.679,0.00
34.08769,0.081,0.668,0.00
34.09783,0.081,0.668,0.00
34.10799,0.078,0.653,0.00
34.11812,0.078,0.653,0.00
34.12827,0.078,0.653,0.00
34.13840,0.078,0.653,0.00
34.14855,0.078,0.653,0.00
34.15869,0.078,0.653,0.00
34.16884,0.078,0.653,0.00
34.17899,0.078,0.635,0.00
34.18937,0.068,0.593,0.00
34.20022,0.043,0.574,0.00
34.21052,0.032,0.552,0.00
34.22097,0.032,0.552,0.00
34.23137,0.024,0.531,0.00
34.24172,0.024,0.531,0.00
34.25202,0.025,0.512,0.00
34.26317,0.028,0.512,0.00
34.27334,0.028,0.496,0.00
34.28351,0.031,0.483,0.00
34.29368,0.031,0.483,0.00
34.30511,0.032,0.483,0.00
34.31548,0.032,0.473,0.00
34.32564,0.032,0.470,0.00
34.33581,0.032,0.470,0.00
34.34613,0.032,0.472,0.00
34.35630,0.034,0.472,0.00
34.36645,0.034,0.472,0.00
34.37662,0.041,0.477,0.00
34.38679,0.041,0.477,0.00
34.39695,0.042,0.481,0.00
34.40722,0.042,0.487,0.00
34.41737,0.042,0.487,0.00
34.42759,0.048,0.497,0.00
34.43773,0.048,0.497,0.00
34.44790,0.055,0.509,0.00
34.45804,0.055,0.509,0.00
34.46820,0.068,0.523,0.00
34.47835,0.068,0.523,0.00
34.48850,0.081,0.535,0.00
34.49875,0.081,0.535,0.00
34.50893,0.089,0.552,0.00
34.51953,0.089,0.552,0.00
34.52969,0.095,0.569,0.00
34.53986,0.095,0.569,0.00
34.55011,0.098,0.584,0.00
34.56028,0.098,0.584,0.00
34.57043,0.105,0.597,0.00
34.58059,0.105,0.597,0.00
34.59073,0.112,0.611,0.00
34.60094,0.112,0.611,0.00
34.61108,0.121,0.625,0.00
34.62133,0.121,0.625,0.00
34.63157,0.131,0.634,0.00
34.64179,0.131,0.634,0.00
34.65195,0.140,0.642,0.00
34.66276,0.140,0.642,0.00
34.67292,0.149,0.648,0.00
34.68330,0.149,0.648,0.00
34.69355,0.160,0.654,0.00
34.70369,0.160,0.654,0.00
34.71384,0.160,0.657,0.00
34.72403,0.160,0.657,0.00
34.73418,0.160,0.657,0.00
34.74433,0.162,0.657,0.00
34.75448,0.162,0.657,0.00
34.76516,0.168,0.659,0.00
34.77547,0.168,0.659,0.00
34.78574,0.168,0.659,0.00
34.79608,0.176,0.663,0.00
34.80644,0.181,0.673,0.00
34.81672,0.181,0.673,0.00
34.82708,0.182,0.681,0.00
34.83723,0.182,0.681,0.00
34.84739,0.182,0.681,0.00
34.85753,0.180,0.686,0.00
34.86769,0.170,0.692,0.00
34.87784,0.170,0.692,0.00
34.88799,0.155,0.698,0.00
34.89823,0.155,0.698,0.00
34.90847,0.146,0.704,0.00
34.91861,0.146,0.704,0.00
34.92884,0.146,0.704,0.00
34.93918,0.139,0.714,0.00
34.94933,0.130,0.728,0.00
34.96008,0.130,0.728,0.00
34.97039,0.122,0.737,0.00
34.98061,0.122,0.737,0.00
34.99075,0.126,0.746,0.00
35.00107,0.126,0.746,0.00
35.01132,0.154,0.754,0.00
35.02148,0.154,0.754,0.00
35.03164,0.201,0.760,0.00
35.04180,0.201,0.760,0.00
35.05193,0.264,0.763,0.00
35.06207,0.264,0.763,0.00
35.07222,0.264,0.763,0.00
35.08238,0.264,0.763,0.00
35.09254,0.428,0.764,0.00
35.10269,0.518,0.764,0.00
35.11284,0.518,0.772,0.00
35.12299,0.518,0.772,0.00
35.13316,0.623,0.774,0.00
35.14346,0.623,0.774,0.00
35.15354,0.776,0.774,0.00
35.16372,0.776,0.774,0.00
35.17387,1.027,0.772,0.00
35.18407,1.358,0.763,0.00
35.19422,1.358,0.763,0.00
35.20437,1.740,0.751,0.00
35.21450,1.740,0.751,0.00
35.22465,2.173,0.737,0.00
35.23478,2.173,0.737,0.00
35.24493,2.173,0.737,0.00
35.25508,2.676,0.725,0.00
35.26546,3.279,0.715,0.00
35.27578,3.279,0.715,0.00
35.28595,3.965,0.715,0.00
35.29611,3.965,0.705,0.00
35.30625,4.707,0.699,0.00
35.31640,4.707,0.699,0.00
35.32655,5.477,0.688,0.00
35.33669,5.477,0.688,0.00
35.34684,6.275,0.688,0.00
35.35698,6.275,0.676,0.00
35.36734,7.114,0.672,0.00
35.37749,7.114,0.672,0.00
35.38764,7.987,0.672,0.00
35.39781,7.987,0.671,0.00
35.40796,8.899,0.668,0.00
35.41810,8.899,0.668,0.00
35.42825,9.829,0.659,0.00
35.43839,9.829,0.659,0.00
35.44865,10.745,0.636,0.00
35.46848,11.625,0.589,0.00
35.47867,11.625,0.589,0.00
35.49867,12.453,0.517,8.00
35.50885,12.453,0.517,8.00
35.51900,13.228,0.434,8.00
35.53099,13.999,0.434,8.00
35.54116,13.999,0.374,8.00
35.55132,14.816,0.336,8.00
35.56276,14.816,0.336,8.00
35.57294,15.605,0.315,8.00
35.58309,15.605,0.315,8.00
35.59525,16.316,0.309,8.00
35.60544,16.316,0.309,8.00
35.61561,16.937,0.309,8.00
35.62681,16.937,0.309,8.00
35.63710,17.418,0.322,8.00
35.64726,17.745,0.371,8.00
35.65888,17.745,0.371,8.00
35.66906,17.948,0.792,8.00
35.67925,17.948,0.792,8.00
35.69211,18.039,1.720,8.00
35.70230,18.039,2.816,8.00
35.71274,18.006,2.816,8.00
35.73882,18.006,2.816,8.50
35.74900,17.548,4.656,8.50
35.77068,17.548,4.656,8.50
35.78095,17.137,5.254,8.50
35.80343,16.620,5.806,8.50
35.81382,15.979,6.224,8.50
35.83486,15.979,6.224,8.50
35.84578,15.184,6.614,8.50
35.85593,14.250,6.614,8.50
35.86731,14.250,6.791,8.50
35.87747,13.211,6.791,8.50
35.88762,12.087,7.031,8.50
35.89926,12.087,7.031,9.00
35.90946,10.907,7.440,9.00
35.91964,10.907,7.440,9.00
35.93124,9.668,7.440,9.00
35.94176,8.358,8.040,9.00
35.95212,8.358,8.799,9.00
35.96439,7.026,8.799,9.00
35.97458,7.026,9.563,9.00
35.98491,5.737,9.563,9.00
35.99543,5.737,10.342,9.00
36.00584,4.488,10.342,9.00
36.01601,4.488,11.089,9.00
36.04481,3.289,11.839,9.50
36.05495,2.185,12.552,9.50
36.07564,1.174,12.552,9.50
36.08581,0.238,14.093,9.50
36.10754,-0.585,14.093,9.50
36.11774,-0.585,14.997,9.50
36.13958,-1.244,15.948,10.00
36.14972,-1.148,17.005,10.00
36.17099,-0.792,17.005,10.00
36.18133,-0.792,17.892,10.00
36.19150,-0.792,18.699,10.00
36.20322,-0.386,18.699,10.00
36.21362,0.176,19.443,10.00
36.22385,0.176,20.107,10.00
36.23501,0.898,20.107,10.50
36.24539,1.373,20.107,10.50
36.25555,1.373,20.717,10.50
36.26703,1.373,21.300,10.50
36.27737,1.637,21.300,10.50
36.28753,1.800,21.868,10.50
36.30059,1.800,21.868,10.50
36.31077,1.800,21.868,10.50
36.32093,1.854,22.521,10.50
36.33298,1.835,23.060,10.50
36.34323,1.844,23.543,10.50
36.35338,1.844,23.543,10.50
36.37980,1.919,23.966,11.00
36.38996,2.023,24.370,11.00
36.41125,2.023,24.808,11.00
36.42149,2.119,24.808,11.00
36.44396,2.176,25.767,11.00
36.45411,2.176,25.767,11.00
36.47474,2.176,25.767,11.00
36.48545,2.142,26.308,11.00
36.50778,2.063,26.760,11.50
36.51795,1.937,27.207,11.50
36.52809,1.937,27.207,11.50
36.53971,1.937,27.207,11.50
36.55124,1.937,27.207,11.50
36.56143,1.564,27.608,11.50
36.57365,1.564,28.328,11.50
36.58380,1.352,28.328,11.50
36.59395,1.133,28.656,11.50
36.60480,1.133,28.656,11.50
36.61495,0.917,28.975,11.50
36.62510,0.917,28.975,11.50
36.63673,0.917,29.318,11.50
36.64723,0.585,29.637,11.50
36.65736,0.585,29.637,11.50
36.68263,0.517,29.637,12.00
36.69280,0.536,30.228,12.00
36.71505,0.536,30.525,12.00
36.72539,0.637,30.801,12.00
36.74708,0.953,30.801,12.00
36.75727,0.953,31.094,12.00
36.77941,1.116,31.094,12.00
36.78989,1.260,31.627,12.00
36.81156,1.260,31.627,12.00
36.82182,1.374,31.627,12.00
36.83220,1.462,32.106,12.00
36.84327,1.462,32.106,12.00
36.85352,1.518,32.367,12.00
36.86367,1.518,32.596,12.00
36.87508,1.563,32.596,12.00
36.88634,1.563,32.596,12.00
36.89655,1.613,32.819,12.00
36.90782,1.670,33.038,12.00
36.91797,1.670,33.038,12.00
36.92863,1.733,33.251,12.00
36.93983,1.733,33.251,12.00
36.95002,1.793,33.511,12.00
36.96035,1.793,33.511,12.00
36.98738,1.841,33.730,12.00
36.99766,1.841,33.730,12.00
37.02168,1.873,34.197,12.00
37.03185,1.837,34.197,12.00
37.05154,1.782,34.418,12.00
37.06187,1.782,34.418,12.00
37.08647,1.681,34.838,12.00
37.09664,1.681,34.838,12.00
37.11493,1.681,35.047,12.00
37.12505,1.640,35.047,12.00
37.13520,1.592,35.286,12.00
37.14748,1.530,35.493,12.00
37.15768,1.530,35.493,12.00
37.16806,1.460,35.720,12.00
37.18185,1.460,35.720,12.00
37.19201,1.395,35.935,12.00
37.20215,1.395,35.935,12.00
37.21229,1.343,36.180,0.00
37.22244,1.343,36.180,0.00
37.23261,1.295,36.446,0.00
37.24276,1.295,36.446,0.00
37.25291,1.244,36.719,0.00
37.26305,1.244,36.719,0.00
37.27320,1.202,36.987,0.00
37.28335,1.165,37.263,0.00
37.29349,1.165,37.263,0.00
37.30368,1.165,37.263,0.00
37.31398,1.124,37.534,0.00
37.32432,1.098,37.828,0.00
37.33465,1.098,37.828,0.00
37.34516,1.098,37.828,0.00
37.35546,1.084,38.109,0.00
37.36576,1.057,38.407,0.00
37.37608,1.057,38.407,0.00
37.38652,1.064,38.678,0.00
37.39677,1.064,38.678,0.00
37.40732,1.124,38.966,0.00
37.41749,1.124,38.966,0.00
37.42763,1.210,39.188,0.00
37.43777,1.210,39.188,0.00
37.44793,1.210,39.240,0.00
37.45807,1.308,39.240,0.00
37.46822,1.374,38.982,0.00
37.47835,1.374,38.982,0.00
37.48850,1.388,38.357,0.00
37.49866,1.388,38.357,0.00
37.50878,1.357,37.647,0.00
37.51907,1.357,37.647,0.00
37.52935,1.297,36.949,0.00
37.53966,1.297,36.949,0.00
37.54982,1.226,36.198,0.00
37.56000,1.226,36.198,0.00
37.57016,1.165,35.371,0.00
37.58030,1.165,35.371,0.00
37.59046,1.118,34.409,0.00
37.60065,1.118,34.409,0.00
37.61080,1.058,33.226,0.00
37.62094,1.058,33.226,0.00
37.63109,0.994,32.129,0.00
37.64140,0.994,32.129,0.00
37.65157,0.945,30.879,0.00
37.66173,0.945,30.879,0.00
37.67191,0.922,29.440,0.00
37.68205,0.922,29.440,0.00
37.69220,0.921,27.911,0.00
37.70237,0.921,27.911,0.00
37.71253,0.926,26.366,0.00
37.72266,0.926,26.366,0.00
37.73282,0.934,24.833,0.00
37.74291,0.934,24.833,0.00
37.75305,0.946,23.250,0.00
37.76320,0.946,23.250,0.00
37.77333,0.976,21.409,0.00
37.78347,0.976,21.409,0.00
37.79362,1.016,19.680,0.00
37.80377,1.016,17.830,0.00
37.81391,1.045,17.830,0.00
37.82406,1.045,17.830,0.00
37.83421,1.061,15.886,0.00
37.84437,1.061,15.886,0.00
37.85452,1.083,13.891,0.00
37.86467,1.109,11.885,0.00
37.87480,1.109,11.885,0.00
37.88517,1.124,9.907,0.00
37.89533,1.124,9.907,0.00
37.90548,1.112,9.907,0.00
37.91562,1.112,8.007,0.00
37.92576,1.075,8.007,0.00
37.93592,1.075,6.021,0.00
37.94609,1.075,6.021,0.00
37.95625,1.031,4.471,0.00
37.96638,1.031,4.471,0.00
37.97654,0.993,3.172,0.00
37.98668,0.993,3.172,0.00
37.99684,0.953,2.089,0.00
38.00699,0.894,1.176,0.00
38.01714,0.894,1.176,0.00
38.02730,0.894,0.395,0.00
38.03746,0.822,0.395,0.00
38.04761,0.822,0.395,0.00
38.05775,0.763,-0.216,0.00
38.06791,0.763,-0.216,0.00
38.07806,0.720,-1.043,0.00
38.08821,0.682,-1.299,0.00
38.09835,0.682,-1.299,0.00
38.10851,0.637,-1.490,0.00
38.11864,0.637,-1.490,0.00
38.12878,0.593,-1.600,0.00
38.13898,0.593,-1.600,0.00
38.14913,0.548,-1.600,0.00
38.15931,0.548,-1.596,0.00
38.16945,0.509,-1.596,0.00
38.17981,0.509,-1.498,0.00
38.19018,0.472,-1.355,0.00
38.20061,0.472,-1.355,0.00
38.21289,0.442,-1.174,0.00
38.24444,0.422,-0.921,0.00
38.25476,0.422,-0.643,0.00
38.26621,0.405,-0.643,0.00
38.27671,0.386,-0.643,0.00
38.28760,0.370,0.005,0.00
38.29779,0.370,0.005,0.00
38.30961,0.354,0.372,0.00
38.32478,0.354,0.372,0.00
38.34071,0.334,0.759,0.00
38.36762,0.288,1.445,0.00
38.38283,0.288,1.445,0.00
38.39457,0.266,1.766,0.00
38.40485,0.266,1.766,0.00
38.41608,0.250,1.766,0.00
38.43754,0.227,2.158,0.00
38.44865,0.227,2.287,0.00
38.45927,0.227,2.287,0.00
38.47006,0.190,2.396,0.00
38.48066,0.190,2.396,0.00
38.51284,0.182,2.586,0.00
38.52307,0.182,2.586,0.00
38.53882,0.177,2.671,0.00
38.55460,0.177,2.748,0.00
38.58804,0.171,2.819,0.00
38.59865,0.171,2.819,0.00
38.61434,0.182,2.819,0.00
38.63573,0.196,2.810,0.00
38.64631,0.202,2.785,0.00
38.66346,0.203,2.785,0.00
38.67372,0.203,2.785,0.00
38.68946,0.203,2.684,0.00
38.69967,0.203,2.684,0.00
38.71136,0.194,2.594,0.00
38.73243,0.189,2.494,0.00
38.74629,0.189,2.494,0.00
38.75788,0.186,2.374,0.00
38.76806,0.186,2.245,0.00
38.77871,0.184,2.245,0.00
38.79791,0.185,2.105,0.00
38.82484,0.197,1.820,0.00
38.83566,0.197,1.820,0.00
38.84601,0.206,1.677,0.00
38.85656,0.206,1.677,0.00
38.87484,0.213,1.677,0.00
38.88698,0.212,1.677,0.00
38.89760,0.212,1.409,0.00
38.90841,0.205,1.319,0.00
38.91859,0.205,1.319,0.00
38.93012,0.200,1.261,0.00
38.95350,0.189,1.232,0.00
38.98226,0.182,1.225,0.00
38.99688,0.183,1.225,0.00
39.01262,0.183,1.255,0.00
39.02281,0.183,1.255,0.00
39.03847,0.182,1.288,0.00
39.04911,0.182,1.322,0.00
39.07077,0.194,1.356,0.00
39.08098,0.194,1.356,0.00
39.09679,0.197,1.380,0.00
39.10788,0.196,1.403,0.00
39.12624,0.196,1.403,0.00
39.14010,0.192,1.403,0.00
39.15123,0.192,1.461,0.00
39.16393,0.183,1.506,0.00
39.17952,0.171,1.506,0.00
39.19237,0.163,1.559,0.00
39.20303,0.163,1.559,0.00
39.26661,0.163,1.559,0.00
39.27679,0.217,1.725,0.00
39.34504,0.217,1.725,0.00
39.35544,0.260,1.818,0.00
39.36574,0.070,0.144,0.00
39.37588,0.070,0.144,0.00
39.38663,0.070,0.144,0.00
39.39676,0.070,0.142,0.00
39.40690,0.068,0.136,0.00
39.41703,0.068,0.136,0.00
39.42725,0.064,0.132,0.00
39.43738,0.064,0.132,0.00
39.44753,0.062,0.129,0.00
39.45766,0.062,0.129,0.00
39.46781,0.067,0.125,0.00
39.47813,0.067,0.125,0.00
39.48841,0.074,0.122,0.00
39.49872,0.074,0.122,0.00
39.50910,0.079,0.124,0.00
39.51950,0.079,0.124,0.00
39.52964,0.081,0.133,0.00
39.53982,0.081,0.133,0.00
39.54996,0.081,0.138,0.00
39.56010,0.081,0.138,0.00
39.57023,0.082,0.141,0.00
39.58037,0.082,0.141,0.00
39.59052,0.086,0.145,0.00
39.60066,0.086,0.145,0.00
39.61081,0.095,0.150,0.00
39.62095,0.095,0.150,0.00
39.63110,0.106,0.155,0.00
39.64123,0.106,0.155,0.00
39.65138,0.118,0.158,0.00
39.66151,0.125,0.158,0.00
39.67164,0.125,0.158,0.00
39.68204,0.125,0.158,0.00
39.69220,0.129,0.161,0.00
39.70244,0.129,0.161,0.00
39.71271,0.140,0.164,0.00
39.72291,0.140,0.164,0.00
39.73304,0.153,0.170,0.00
39.74328,0.153,0.170,0.00
39.75351,0.162,0.177,0.00
39.76389,0.165,0.181,0.00
39.77404,0.165,0.181,0.00
39.78471,0.165,0.189,0.00
39.79485,0.167,0.189,0.00
39.80531,0.167,0.189,0.00
39.81549,0.168,0.202,0.00
39.82585,0.171,0.214,0.00
39.83616,0.171,0.214,0.00
39.84631,0.175,0.214,0.00
39.85646,0.175,0.224,0.00
39.86661,0.178,0.224,0.00
39.87674,0.178,0.235,0.00
39.88689,0.183,0.246,0.00
39.89702,0.183,0.246,0.00
39.90719,0.183,0.246,0.00
39.91735,0.187,0.257,0.00
39.92749,0.187,0.265,0.00
39.93765,0.187,0.265,0.00
39.94777,0.187,0.265,0.00
39.95791,0.190,0.273,0.00
39.96805,0.191,0.282,0.00
39.97819,0.191,0.282,0.00
39.98834,0.193,0.289,0.00
39.99847,0.193,0.289,0.00
40.00872,0.193,0.289,0.00
40.01894,0.196,0.289,0.00
40.02909,0.193,0.293,0.00
40.03927,0.193,0.293,0.00
40.04942,0.193,0.293,0.00
40.05958,0.191,0.298,0.00
40.06973,0.187,0.304,0.00
40.07995,0.187,0.304,0.00
40.09030,0.183,0.312,0.00
40.10066,0.183,0.312,0.00
40.11083,0.180,0.316,0.00
40.12112,0.180,0.316,0.00
40.13128,0.178,0.316,0.00
40.14152,0.178,0.316,0.00
40.15174,0.174,0.318,0.00
40.16253,0.174,0.318,0.00
40.17302,0.174,0.318,0.00
40.18358,0.172,0.320,0.00
40.19375,0.172,0.314,0.00
40.20396,0.172,0.314,0.00
40.21411,0.171,0.311,0.00
40.22425,0.171,0.311,0.00
40.23441,0.175,0.305,0.00
40.24464,0.175,0.305,0.00
40.25496,0.169,0.299,0.00
40.26511,0.169,0.299,0.00
40.27527,0.160,0.293,0.00
40.28589,0.160,0.287,0.00
40.29606,0.147,0.287,0.00
40.30621,0.147,0.287,0.00
40.31636,0.130,0.281,0.00
40.32651,0.116,0.275,0.00
40.33666,0.116,0.275,0.00
40.34681,0.109,0.266,0.00
40.35694,0.109,0.266,0.00
40.36709,0.104,0.256,0.00
40.37725,0.104,0.256,0.00
40.38740,0.102,0.249,0.00
40.39753,0.102,0.249,0.00
40.40768,0.099,0.242,0.00
40.41783,0.099,0.242,0.00
40.42798,0.100,0.236,0.00
40.43812,0.100,0.236,0.00
40.44825,0.100,0.231,0.00
40.45840,0.102,0.231,0.00
40.46856,0.102,0.229,0.00
40.47872,0.102,0.229,0.00
40.48887,0.102,0.229,0.00
40.49903,0.105,0.228,0.00
40.50930,0.110,0.233,0.00
40.51945,0.110,0.233,0.00
40.52960,0.110,0.239,0.00
40.53982,0.110,0.239,0.00
40.54997,0.110,0.239,0.00
40.56010,0.119,0.247,0.00
40.57025,0.131,0.256,0.00
40.58036,0.131,0.256,0.00
40.59058,0.132,0.269,0.00
40.60073,0.132,0.269,0.00
40.61089,0.130,0.269,0.00
40.62106,0.130,0.285,0.00
40.63121,0.129,0.297,0.00
40.64136,0.129,0.297,0.00
40.65151,0.127,0.302,0.00
40.66165,0.127,0.302,0.00
40.67180,0.126,0.305,0.00
40.68193,0.126,0.305,0.00
40.69209,0.129,0.302,0.00
40.70225,0.129,0.302,0.00
40.71241,0.144,0.296,0.00
40.72254,0.144,0.296,0.00
40.73269,0.144,0.296,0.00
40.74284,0.187,0.295,0.00
40.75298,0.237,0.302,0.00
40.76336,0.237,0.302,0.00
40.77349,0.301,0.310,0.00
40.78365,0.378,0.314,0.00
40.79379,0.378,0.314,0.00
40.80489,0.378,0.314,0.00
40.81525,0.470,0.317,0.00
40.82541,0.470,0.317,0.00
40.83559,0.470,0.317,0.00
40.84576,0.704,0.320,0.00
40.85592,0.704,0.322,0.00
40.86606,0.704,0.322,0.00
40.87620,0.704,0.322,0.00
40.88638,0.704,0.322,0.00
40.89662,0.704,0.322,0.00
40.90685,1.160,0.324,0.00
40.91698,1.497,0.335,0.00
40.92722,1.882,0.341,0.00
40.93799,1.882,0.341,0.00
40.94816,2.334,0.349,0.00
40.95829,2.334,0.349,0.00
40.96845,2.846,0.362,0.00
40.97859,2.846,0.362,0.00
40.98873,2.846,0.377,0.00
40.99887,3.431,0.377,0.00
41.00901,4.081,0.388,0.00
41.01926,4.081,0.388,0.00
41.02941,4.780,0.401,0.00
41.03956,4.780,0.401,0.00
41.04970,5.534,0.417,0.00
41.06000,5.534,0.417,0.00
41.07017,6.322,0.436,0.00
41.08039,6.322,0.436,0.00
41.09053,7.122,0.460,0.00
41.10076,7.122,0.460,0.00
41.11101,7.920,0.482,0.00
41.12120,7.920,0.482,0.00
41.13136,8.702,0.498,0.00
41.14160,8.702,0.498,0.00
41.15183,9.486,0.514,0.00
41.16207,9.486,0.514,0.00
41.17993,10.261,0.514,0.00
41.19017,11.003,0.538,0.00
41.20031,11.003,0.538,0.00
41.21185,11.719,0.544,8.00
41.22225,11.719,0.544,8.00
41.23242,12.399,0.551,8.00
41.24258,12.399,0.551,8.00
41.25274,13.019,0.553,8.00
41.26290,13.620,0.551,8.00
41.27500,13.620,0.551,8.00
41.28580,14.189,0.551,8.00
41.29595,14.189,0.537,8.00
41.30678,14.189,0.537,8.00
41.31693,14.688,0.504,8.00
41.32762,15.095,0.449,8.00
41.35521,15.370,0.449,8.00
41.36526,15.482,0.798,8.00
41.38725,15.482,0.798,8.00
41.39760,15.448,1.639,8.00
41.41938,15.321,2.604,8.00
41.42954,15.321,2.604,8.00
41.45161,14.868,4.445,8.50
41.46214,14.868,4.445,8.50
41.48265,14.529,5.152,8.50
41.49281,14.085,5.801,8.50
41.50301,14.085,5.801,8.50
41.51457,14.085,5.801,8.50
41.52479,13.484,6.325,8.50
41.53494,12.741,6.675,8.50
41.54755,11.932,6.935,8.50
41.55784,11.932,6.935,8.50
41.56830,11.106,7.309,8.50
41.57957,11.106,7.309,8.50
41.58974,10.279,7.715,8.50
41.59992,10.279,7.715,8.50
41.61085,9.460,8.245,9.00
41.62099,9.460,8.245,9.00
41.63122,9.460,8.245,9.00
41.65924,9.460,9.799,9.00
41.66942,7.851,10.745,9.00
41.69106,7.013,11.686,9.00
41.70125,6.153,11.686,9.00
41.72274,5.288,12.535,9.00
41.73293,4.460,13.429,9.00
41.75491,3.679,13.429,9.50
41.76516,3.679,14.192,9.50
41.77550,2.952,14.982,9.50
41.78692,2.952,15.794,9.50
41.79709,2.291,15.794,9.50
41.80744,2.291,16.661,9.50
41.81903,1.718,16.661,9.50
41.82921,1.225,16.661,9.50
41.83936,1.225,17.585,9.50
41.85200,1.225,18.514,10.00
41.86230,0.758,18.514,10.00
41.87278,0.334,19.388,10.00
41.88647,0.334,19.388,10.00
41.89665,0.175,20.121,10.00
41.90679,0.175,20.121,10.00
41.91714,0.286,20.849,10.00
41.92729,0.505,21.433,10.00
41.93744,0.505,21.433,10.00
41.96249,0.505,21.433,10.50
41.97267,1.277,22.455,10.50
41.99542,1.647,22.908,10.50
42.00562,1.921,23.385,10.50
42.02702,2.096,23.385,10.50
42.03731,2.096,23.871,10.50
42.04751,2.096,23.871,10.50
42.05864,2.096,23.871,10.50
42.06882,2.136,24.891,10.50
42.07896,2.136,24.891,10.50
42.09087,2.136,25.315,11.00
42.10104,2.121,25.315,11.00
42.11120,2.154,25.759,11.00
42.12262,2.154,25.759,11.00
42.13279,2.206,26.167,11.00
42.14293,2.206,26.167,11.00
42.15490,2.244,26.573,11.00
42.16539,2.263,26.573,11.00
42.17569,2.263,26.951,11.00
42.18673,2.263,27.320,11.50
42.19691,2.264,27.320,11.50
42.20706,2.257,27.716,11.50
42.21887,2.257,27.716,11.50
42.22905,2.232,28.156,11.50
42.23929,2.232,28.156,11.50
42.26693,2.088,28.592,11.50
42.27727,2.088,29.048,11.50
42.29878,1.967,29.508,11.50
42.30896,1.839,29.984,11.50
42.33076,1.839,29.984,11.50
42.34094,1.717,30.439,11.50
42.36277,1.612,30.904,11.50
42.37373,1.518,31.361,11.50
42.39497,1.518,31.864,12.00
42.40512,1.432,32.319,12.00
42.41528,1.357,32.319,12.00
42.42689,1.312,32.319,12.00
42.43707,1.312,32.742,12.00
42.44807,1.309,33.173,12.00
42.45902,1.309,33.173,12.00
42.46930,1.360,33.173,12.00
42.47964,1.360,33.578,12.00
42.49212,1.450,33.966,12.00
42.50231,1.561,34.351,12.00
42.51274,1.561,34.351,12.00
42.52418,1.676,34.709,12.00
42.53438,1.676,34.709,12.00
42.54457,1.771,34.709,12.00
42.55615,1.771,35.135,12.00
42.56630,1.843,35.135,12.00
42.57644,1.843,35.490,12.00
42.60327,1.843,36.157,12.00
42.61345,1.944,36.157,12.00
42.63487,1.993,36.157,12.00
42.64533,1.993,36.487,12.00
42.66679,2.055,37.223,12.00
42.67697,2.114,37.223,12.00
42.69908,2.162,37.565,12.00
42.70926,2.162,37.565,12.00
42.73090,2.201,38.269,12.00
42.74115,2.235,38.269,12.00
42.75156,2.256,38.637,12.00
42.76295,2.256,39.000,12.00
42.77330,2.255,39.000,12.00
42.78362,2.255,39.374,12.00
42.79586,2.233,39.374,12.00
42.80619,2.197,39.374,12.00
42.81634,2.197,39.766,12.00
42.82757,2.197,39.766,12.00
42.83774,2.158,40.128,12.00
42.84789,2.128,40.510,12.00
42.85985,2.128,40.510,12.00
42.87022,2.100,40.927,12.00
42.88037,2.100,40.927,12.00
42.89188,2.072,41.297,12.00
42.90224,2.072,41.297,12.00
42.91253,2.051,41.673,12.00
42.92462,2.051,41.673,0.00
42.93479,2.041,42.001,0.00
42.94516,2.041,42.001,0.00
42.95533,2.044,42.313,0.00
42.96632,2.044,42.313,0.00
42.97650,2.027,42.578,0.00
42.98700,1.985,42.830,0.00
42.99715,1.985,42.830,0.00
43.00769,1.921,43.095,0.00
43.01785,1.921,43.095,0.00
43.02801,1.848,43.362,0.00
43.03817,1.848,43.362,0.00
43.04834,1.770,43.588,0.00
43.05849,1.770,43.588,0.00
43.06866,1.690,43.795,0.00
43.07883,1.690,43.795,0.00
43.08899,1.690,43.795,0.00
43.09925,1.645,44.004,0.00
43.10942,1.646,44.159,0.00
43.11959,1.646,44.159,0.00
43.12975,1.668,44.193,0.00
43.13998,1.668,44.193,0.00
43.15020,1.680,44.056,0.00
43.16049,1.680,44.056,0.00
43.17086,1.654,43.885,0.00
43.18119,1.654,43.885,0.00
43.19164,1.654,43.885,0.00
43.20181,1.582,43.763,0.00
43.21217,1.482,43.658,0.00
43.22253,1.482,43.658,0.00
43.23271,1.386,43.495,0.00
43.24283,1.308,43.495,0.00
43.25300,1.308,43.267,0.00
43.26345,1.308,43.267,0.00
43.27362,1.211,42.894,0.00
43.28397,1.211,42.894,0.00
43.29415,1.137,42.275,0.00
43.30431,1.137,42.275,0.00
43.31448,1.098,41.544,0.00
43.32464,1.098,41.544,0.00
43.33481,1.054,40.682,0.00
43.34496,1.054,40.682,0.00
43.35523,0.972,39.407,0.00
43.36538,0.972,39.407,0.00
43.37555,0.972,39.407,0.00
43.38572,0.790,38.112,0.00
43.39588,0.790,38.112,0.00
43.40604,0.790,38.112,0.00
43.41622,0.685,36.807,0.00
43.42638,0.685,36.807,0.00
43.43655,0.569,35.478,0.00
43.44668,0.477,34.037,0.00
43.45685,0.477,34.037,0.00
43.46701,0.436,32.539,0.00
43.47726,0.436,32.539,0.00
43.48744,0.441,31.045,0.00
43.49761,0.441,31.045,0.00
43.50837,0.492,29.426,0.00
43.51851,0.492,29.426,0.00
43.52881,0.560,27.276,0.00
43.53908,0.560,27.276,0.00
43.54938,0.615,25.128,0.00
43.55998,0.615,25.128,0.00
43.57015,0.654,22.989,0.00
43.58097,0.654,22.989,0.00
43.59124,0.695,20.819,0.00
43.60162,0.695,20.819,0.00
43.61180,0.734,18.595,0.00
43.62227,0.734,18.595,0.00
43.63278,0.734,18.595,0.00
43.64345,0.758,13.964,0.00
43.65362,0.769,13.964,0.00
43.66413,0.773,11.771,0.00
43.67433,0.773,11.771,0.00
43.68450,0.765,9.487,0.00
43.69480,0.765,9.487,0.00
43.70496,0.737,9.487,0.00
43.71524,0.737,7.547,0.00
43.72540,0.737,7.547,0.00
43.73558,0.693,5.659,0.00
43.74609,0.647,5.659,0.00
43.75626,0.647,3.878,0.00
43.76665,0.595,2.260,0.00
43.77692,0.595,2.260,0.00
43.78747,0.534,2.260,0.00
43.79764,0.534,0.851,0.00
43.80797,0.466,-0.326,0.00
43.81835,0.466,-0.326,0.00
43.82853,0.397,-1.310,0.00
43.83871,0.397,-1.310,0.00
43.84887,0.329,-2.221,0.00
43.85903,0.329,-2.221,0.00
43.86932,0.258,-2.907,0.00
43.87947,0.258,-2.907,0.00
43.88963,0.186,-3.498,0.00
43.89978,0.186,-3.498,0.00
43.90995,0.136,-3.975,0.00
43.92010,0.136,-3.975,0.00
43.93319,0.136,-3.975,0.00
43.94393,0.136,-4.317,0.00
43.95465,0.136,-4.531,0.00
43.96529,0.136,-4.531,0.00
43.97603,0.136,-4.711,0.00
44.00404,-0.020,-4.851,0.00
44.01425,-0.020,-4.851,0.00
44.02580,-0.049,-4.930,0.00
44.04176,-0.072,-4.916,0.00
44.05847,-0.091,-4.828,0.00
44.07544,-0.115,-4.675,0.00
44.09034,-0.142,-4.675,0.00
44.10077,-0.142,-4.461,0.00
44.12500,-0.169,-4.172,0.00
44.13744,-0.201,-3.812,0.00
44.15338,-0.231,-3.406,0.00
44.16397,-0.259,-3.406,0.00
44.17993,-0.259,-2.945,0.00
44.19088,-0.259,-2.945,0.00
44.20231,-0.285,-2.564,0.00
44.21965,-0.312,-2.213,0.00
44.23607,-0.312,-1.883,0.00
44.24732,-0.376,-1.553,0.00
44.25847,-0.376,-1.553,0.00
44.26918,-0.376,-1.553,0.00
44.28001,-0.418,-1.255,0.00
44.29418,-0.465,-0.999,0.00
44.30553,-0.514,-0.771,0.00
44.32200,-0.514,-0.771,0.00
44.33362,-0.514,-0.539,0.00
44.34632,-0.514,-0.539,0.00
44.35815,-0.587,-0.353,0.00
44.37340,-0.609,-0.353,0.00
44.38474,-0.628,-0.098,0.00
44.39908,-0.628,-0.098,0.00
44.41090,-0.640,-0.098,0.00
44.42463,-0.640,-0.019,0.00
44.43580,-0.640,0.042,0.00
44.45165,-0.630,0.073,0.00
44.46258,-0.630,0.073,0.00
44.47797,-0.613,0.082,0.00
44.49930,-0.598,0.082,0.00
44.51067,-0.586,0.037,0.00
44.52874,-0.588,0.001,0.00
44.54406,-0.588,0.001,0.00
44.55494,-0.588,0.001,0.00
44.57890,-0.612,-0.142,0.00
44.59008,-0.626,-0.253,0.00
44.60200,-0.626,-0.253,0.00
44.61581,-0.631,-0.253,0.00
44.62820,-0.631,-0.537,0.00
44.64205,-0.631,-0.537,0.00
44.65381,-0.638,-0.720,0.00
44.66934,-0.638,-0.720,0.00
44.68032,-0.645,-0.900,0.00
44.69096,-0.645,-0.900,0.00
44.70301,-0.655,-1.088,0.00
44.71795,-0.656,-1.088,0.00
44.72933,-0.653,-1.088,0.00
44.74132,-0.653,-1.429,0.00
44.75170,-0.650,-1.429,0.00
44.76261,-0.650,-1.572,0.00
44.77591,-0.652,-1.701,0.00
44.79771,-0.652,-1.808,0.00
44.81310,-0.652,-1.808,0.00
44.82499,-0.649,-1.892,0.00
44.84168,-0.647,-1.943,0.00
44.85304,-0.649,-1.943,0.00
44.86470,-0.649,-1.968,0.00
44.87556,-0.654,-1.967,0.00
44.88875,-0.654,-1.967,0.00
44.90363,-0.663,-1.954,0.00
44.91414,-0.678,-1.932,0.00
44.93028,-0.678,-1.932,0.00
44.99037,-0.691,-1.900,0.00
45.00059,-0.734,-1.765,0.00
45.06522,-0.718,-1.765,0.00
45.07544,-0.718,-1.491,0.00
45.08563,-0.105,0.106,0.00
45.09577,-0.105,0.106,0.00
45.10592,-0.087,0.136,0.00
45.11606,-0.087,0.136,0.00
45.12621,-0.069,0.155,0.00
45.13652,-0.069,0.155,0.00
45.14690,-0.050,0.155,0.00
45.15705,-0.050,0.155,0.00
45.16751,-0.032,0.154,0.00
45.17778,-0.032,0.154,0.00
45.18814,-0.018,0.156,0.00
45.19843,-0.018,0.156,0.00
45.20884,-0.018,0.156,0.00
45.21927,-0.010,0.162,0.00
45.22943,0.000,0.170,0.00
45.23966,0.000,0.170,0.00
45.25003,0.010,0.176,0.00
45.26108,0.010,0.186,0.00
45.27142,0.019,0.186,0.00
45.28175,0.019,0.186,0.00
45.29204,0.026,0.207,0.00
45.30232,0.026,0.233,0.00
45.31263,0.035,0.233,0.00
45.32298,0.035,0.264,0.00
45.33335,0.045,0.264,0.00
45.34372,0.045,0.295,0.00
45.35412,0.054,0.295,0.00
45.36453,0.054,0.322,0.00
45.37480,0.061,0.322,0.00
45.38496,0.071,0.322,0.00
45.39531,0.071,0.350,0.00
45.40546,0.079,0.350,0.00
45.41560,0.079,0.368,0.00
45.42573,0.079,0.368,0.00
45.43589,0.086,0.370,0.00
45.44609,0.086,0.370,0.00
45.45625,0.097,0.368,0.00
45.46641,0.097,0.368,0.00
45.47656,0.113,0.370,0.00
45.48704,0.126,0.378,0.00
45.49718,0.126,0.378,0.00
45.50802,0.136,0.386,0.00
45.51816,0.136,0.386,0.00
45.52840,0.146,0.399,0.00
45.53883,0.146,0.399,0.00
45.54900,0.157,0.414,0.00
45.55922,0.157,0.414,0.00
45.56938,0.169,0.434,0.00
45.57957,0.169,0.434,0.00
45.58973,0.183,0.457,0.00
45.59989,0.183,0.457,0.00
45.61003,0.196,0.486,0.00
45.62078,0.196,0.486,0.00
45.63094,0.206,0.508,0.00
45.64114,0.206,0.508,0.00
45.65130,0.213,0.530,0.00
45.66158,0.213,0.530,0.00
45.67174,0.222,0.558,0.00
45.68191,0.234,0.558,0.00
45.69227,0.234,0.586,0.00
45.70245,0.234,0.586,0.00
45.71261,0.243,0.615,0.00
45.72277,0.243,0.644,0.00
45.73292,0.253,0.644,0.00
45.74322,0.253,0.644,0.00
45.75338,0.267,0.671,0.00
45.76356,0.267,0.702,0.00
45.77383,0.283,0.702,0.00
45.78412,0.283,0.727,0.00
45.79443,0.297,0.727,0.00
45.80481,0.297,0.746,0.00
45.81508,0.311,0.746,0.00
45.82553,0.311,0.758,0.00
45.83568,0.320,0.758,0.00
45.84609,0.320,0.758,0.00
45.85639,0.319,0.773,0.00
45.86668,0.308,0.789,0.00
45.87683,0.308,0.789,0.00
45.88702,0.298,0.808,0.00
45.89729,0.298,0.808,0.00
45.90745,0.297,0.821,0.00
45.91761,0.297,0.821,0.00
45.92777,0.297,0.821,0.00
45.93791,0.301,0.828,0.00
45.94807,0.304,0.832,0.00
45.95836,0.304,0.832,0.00
45.96851,0.306,0.834,0.00
45.97865,0.306,0.834,0.00
45.98883,0.304,0.833,0.00
45.99899,0.304,0.833,0.00
46.00915,0.298,0.834,0.00
46.01936,0.298,0.834,0.00
46.02953,0.290,0.829,0.00
46.03966,0.290,0.829,0.00
46.04983,0.285,0.824,0.00
46.05999,0.285,0.824,0.00
46.07015,0.278,0.818,0.00
46.08029,0.278,0.818,0.00
46.09045,0.269,0.814,0.00
46.10110,0.269,0.814,0.00
46.11127,0.263,0.811,0.00
46.12144,0.263,0.811,0.00
46.13161,0.263,0.803,0.00
46.14176,0.263,0.803,0.00
46.15192,0.262,0.794,0.00
46.16209,0.262,0.794,0.00
46.17233,0.258,0.783,0.00
46.18248,0.255,0.777,0.00
46.19266,0.255,0.777,0.00
46.20290,0.255,0.777,0.00
46.21322,0.249,0.774,0.00
46.22354,0.242,0.773,0.00
46.23371,0.242,0.773,0.00
46.24391,0.242,0.773,0.00
46.25408,0.242,0.776,0.00
46.26425,0.242,0.776,0.00
46.27442,0.240,0.780,0.00
46.28461,0.242,0.780,0.00
46.29478,0.242,0.786,0.00
46.30494,0.248,0.788,0.00
46.31523,0.248,0.788,0.00
46.32528,0.257,0.787,0.00
46.33546,0.257,0.787,0.00
46.34563,0.273,0.786,0.00
46.35582,0.273,0.786,0.00
46.36627,0.297,0.784,0.00
46.37680,0.297,0.784,0.00
46.38694,0.348,0.783,0.00
46.39709,0.348,0.783,0.00
46.40728,0.430,0.784,0.00
46.41743,0.430,0.784,0.00
46.42761,0.430,0.791,0.00
46.43777,0.542,0.791,0.00
46.44794,0.542,0.798,0.00
46.45809,0.664,0.798,0.00
46.46829,0.794,0.804,0.00
46.47856,0.794,0.804,0.00
46.48890,0.794,0.804,0.00
46.49906,0.794,0.804,0.00
46.50929,1.277,0.805,0.00
46.51945,1.277,0.805,0.00
46.52961,1.640,0.809,0.00
46.53975,1.640,0.809,0.00
46.54990,2.067,0.809,0.00
46.56007,2.067,0.816,0.00
46.57025,2.575,0.822,0.00
46.58050,2.575,0.822,0.00
46.59064,3.161,0.831,0.00
46.60080,3.161,0.831,0.00
46.61095,3.807,0.844,0.00
46.62114,3.807,0.844,0.00
46.63133,4.514,0.857,0.00
46.64148,4.514,0.857,0.00
46.65165,5.261,0.872,0.00
46.66181,5.261,0.872,0.00
46.67202,6.063,0.894,0.00
46.68230,6.063,0.894,0.00
46.69245,6.913,0.919,0.00
46.70265,6.913,0.940,0.00
46.71281,7.798,0.940,0.00
46.72349,7.798,0.940,0.00
46.73364,8.706,0.961,0.00
46.74431,8.706,0.961,0.00
46.75448,9.625,0.980,0.00
46.76465,9.625,0.998,0.00
46.77981,10.532,0.998,0.00
46.78997,11.436,1.018,0.00
46.80028,11.436,1.018,0.00
46.81248,12.317,1.038,8.00
46.82263,12.317,1.038,8.00
46.83277,13.154,1.057,8.00
46.84357,13.154,1.057,8.00
46.85372,13.945,1.077,8.00
46.86426,14.702,1.077,8.00
46.87486,14.702,1.101,8.00
46.88507,14.702,1.101,8.00
46.89523,15.391,1.123,8.00
46.90663,15.979,1.139,8.00
46.91700,15.979,1.139,8.00
46.92717,15.979,1.145,8.00
46.93731,16.471,1.145,8.00
46.95496,16.828,1.145,8.00
46.96515,16.828,1.144,8.00
46.98749,17.122,1.173,8.00
46.99763,17.122,1.173,8.00
47.01884,17.122,1.173,8.00
47.02916,16.950,1.549,8.00
47.03952,16.950,1.549,8.00
47.05137,16.715,2.372,8.50
47.06161,16.715,2.372,8.50
47.07177,16.378,3.325,8.50
47.08299,15.916,3.325,8.50
47.09315,15.916,4.398,8.50
47.10382,15.323,4.398,8.50
47.11560,15.323,5.208,8.50
47.12578,14.590,5.208,8.50
47.13610,14.590,5.898,8.50
47.14791,14.590,6.508,8.50
47.15807,13.747,6.508,8.50
47.16824,12.838,6.928,8.50
47.19503,11.877,7.187,8.50
47.20612,11.877,7.187,8.50
47.22645,11.877,7.187,9.00
47.23662,10.012,7.442,9.00
47.25930,8.959,7.677,9.00
47.26945,7.906,8.119,9.00
47.29094,7.906,8.769,9.00
47.30144,6.890,8.769,9.00
47.31161,5.910,9.587,9.00
47.32516,5.910,9.587,9.00
47.33533,4.936,10.543,9.00
47.34551,4.936,10.543,9.00
47.35598,3.957,11.547,9.50
47.36622,3.957,11.547,9.50
47.37638,2.981,12.536,9.50
47.38656,2.981,12.536,9.50
47.39672,2.055,13.465,9.50
47.40687,2.055,13.465,9.50
47.41930,1.221,14.447,9.50
47.42941,0.416,15.300,9.50
47.43967,0.416,15.300,9.50
47.46789,-0.309,16.136,10.00
47.47859,-0.477,17.001,10.00
47.49851,-0.477,17.001,10.00
47.50867,0.090,18.542,10.00
47.53146,0.592,19.194,10.00
47.54173,0.592,19.194,10.00
47.56305,1.193,20.334,10.50
47.57325,1.572,20.334,10.50
47.59498,1.741,20.787,10.50
47.60514,1.796,20.787,10.50
47.61546,1.796,21.212,10.50
47.62679,1.727,21.212,10.50
47.63709,1.727,21.604,10.50
47.64776,1.547,22.001,10.50
47.66089,1.547,22.001,10.50
47.67120,1.378,22.424,10.50
47.68297,1.378,22.424,10.50
47.69314,1.280,22.859,11.00
47.70349,1.226,22.859,11.00
47.71364,1.226,23.295,11.00
47.72382,1.159,23.705,11.00
47.73396,1.159,23.705,11.00
47.74426,1.066,24.109,11.00
47.75555,1.066,24.109,11.00
47.76572,0.945,24.109,11.00
47.77586,0.945,24.477,11.00
47.78637,0.822,24.477,11.50
47.80274,0.822,24.793,11.50
47.81288,0.721,25.104,11.50
47.83471,0.721,25.386,11.50
47.84533,0.646,25.658,11.50
47.86734,0.629,25.958,11.50
47.87750,0.629,25.958,11.50
47.88767,0.693,25.958,11.50
47.89962,0.693,26.301,11.50
47.90982,0.813,26.635,11.50
47.92023,0.813,26.635,11.50
47.93098,0.954,26.635,11.50
47.94136,0.954,26.965,11.50
47.95162,1.084,27.297,11.50
47.96353,1.084,27.297,12.00
47.97381,1.183,27.618,12.00
47.98402,1.183,27.618,12.00
47.99493,1.246,27.918,12.00
48.00514,1.246,27.918,12.00
48.01530,1.277,28.241,12.00
48.02792,1.284,28.559,12.00
48.03814,1.284,28.559,12.00
48.04830,1.278,28.898,12.00
48.07497,1.264,28.898,12.00
48.08513,1.264,29.264,12.00
48.10769,1.251,29.888,12.00
48.11785,1.251,29.888,12.00
48.13980,1.240,29.888,12.00
48.15016,1.215,30.500,12.00
48.16031,1.215,30.500,12.00
48.17070,1.168,30.500,12.00
48.18166,1.168,30.795,12.00
48.19182,1.108,31.081,12.00
48.20518,1.108,31.081,12.00
48.21536,1.047,31.375,12.00
48.22553,1.003,31.684,12.00
48.23628,1.003,31.684,12.00
48.24646,0.990,31.684,12.00
48.25676,0.990,31.981,12.00
48.26845,1.005,32.287,12.00
48.27862,1.005,32.287,12.00
48.28877,1.053,32.605,12.00
48.30014,1.053,32.605,12.00
48.31042,1.123,32.956,12.00
48.32072,1.123,32.956,12.00
48.33318,1.211,33.306,12.00
48.34341,1.292,33.306,12.00
48.35357,1.292,33.683,12.00
48.37872,1.352,33.683,12.00
48.38922,1.387,34.383,12.00
48.41283,1.411,34.383,12.00
48.42354,1.411,34.691,12.00
48.44255,1.425,34.973,12.00
48.45274,1.429,35.261,12.00
48.46304,1.429,35.261,12.00
48.47481,1.429,35.516,12.00
48.48498,1.428,35.764,12.00
48.49555,1.433,35.764,12.00
48.50697,1.431,35.764,12.00
48.51716,1.431,36.005,12.00
48.52753,1.420,36.231,12.00
48.53778,1.420,36.231,0.00
48.54794,1.393,36.524,0.00
48.55809,1.393,36.524,0.00
48.56824,1.356,36.786,0.00
48.57838,1.356,36.786,0.00
48.58853,1.315,37.059,0.00
48.59866,1.315,37.059,0.00
48.60881,1.268,37.319,0.00
48.61895,1.268,37.319,0.00
48.62910,1.221,37.552,0.00
48.63931,1.221,37.552,0.00
48.64945,1.197,37.814,0.00
48.65967,1.197,37.814,0.00
48.66984,1.183,38.084,0.00
48.68028,1.183,38.084,0.00
48.69064,1.174,38.405,0.00
48.70110,1.174,38.405,0.00
48.71143,1.187,38.790,0.00
48.72171,1.187,38.790,0.00
48.73203,1.223,39.161,0.00
48.74249,1.269,39.161,0.00
48.75275,1.269,39.557,0.00
48.76291,1.269,39.557,0.00
48.77308,1.322,39.914,0.00
48.78327,1.322,40.169,0.00
48.79342,1.357,40.169,0.00
48.80358,1.357,40.243,0.00
48.81372,1.338,40.243,0.00
48.82387,1.338,40.058,0.00
48.83400,1.278,40.058,0.00
48.84415,1.278,39.767,0.00
48.85458,1.214,39.767,0.00
48.86474,1.214,39.767,0.00
48.87488,1.142,39.532,0.00
48.88502,1.082,39.532,0.00
48.89517,1.082,39.317,0.00
48.90532,1.082,39.317,0.00
48.91548,1.052,39.049,0.00
48.92562,1.052,39.049,0.00
48.93578,1.058,38.702,0.00
48.94593,1.058,38.702,0.00
48.95608,1.076,38.244,0.00
48.96623,1.082,37.712,0.00
48.97638,1.082,37.712,0.00
48.98652,1.079,37.033,0.00
48.99665,1.079,37.033,0.00
49.00680,1.062,36.131,0.00
49.01694,1.062,36.131,0.00
49.02709,1.048,34.872,0.00
49.03722,1.048,34.872,0.00
49.04738,1.032,33.767,0.00
49.05752,1.032,33.767,0.00
49.06790,1.010,32.609,0.00
49.07822,1.010,32.609,0.00
49.08836,0.989,31.339,0.00
49.09853,0.989,31.339,0.00
49.10876,0.989,31.339,0.00
49.11883,0.974,29.890,0.00
49.12898,0.974,28.386,0.00
49.13966,0.959,28.386,0.00
49.14985,0.954,26.950,0.00
49.16009,0.954,26.950,0.00
49.17025,0.961,25.505,0.00
49.18044,0.961,25.505,0.00
49.19070,0.957,23.743,0.00
49.20085,0.957,23.743,0.00
49.21100,0.957,23.743,0.00
49.22119,0.944,21.995,0.00
49.23136,0.944,21.995,0.00
49.24153,0.929,20.249,0.00
49.25171,0.917,18.619,0.00
49.26202,0.917,18.619,0.00
49.27220,0.901,17.084,0.00
49.28235,0.901,17.084,0.00
49.29252,0.881,15.585,0.00
49.30267,0.881,15.585,0.00
49.31285,0.881,15.585,0.00
49.32300,0.881,15.585,0.00
49.33467,0.881,15.585,0.00
49.34521,0.843,12.559,0.00
49.35537,0.833,10.951,0.00
49.36552,0.823,9.622,0.00
49.37569,0.823,9.622,0.00
49.38583,0.807,8.363,0.00
49.39597,0.807,8.363,0.00
49.40634,0.807,8.363,0.00
49.41672,0.786,7.162,0.00
49.42688,0.786,7.162,0.00
49.43704,0.761,6.035,0.00
49.44721,0.761,4.996,0.00
49.45734,0.735,4.996,0.00
49.46751,0.705,4.084,0.00
49.47767,0.705,4.084,0.00
49.48783,0.664,3.295,0.00
49.49797,0.664,3.295,0.00
49.50811,0.610,2.515,0.00
49.51825,0.610,2.515,0.00
49.52839,0.554,1.894,0.00
49.54264,0.554,1.894,0.00
49.57048,0.509,1.366,0.00
49.58169,0.472,1.366,0.00
49.59761,0.444,0.656,0.00
49.61366,0.430,0.443,0.00
49.63022,0.426,0.288,0.00
49.65273,0.421,0.178,0.00
49.68388,0.415,0.115,0.00
49.69564,0.415,0.097,0.00
49.71107,0.405,0.097,0.00
49.72429,0.378,0.107,0.00
49.73582,0.378,0.137,0.00
49.75158,0.361,0.137,0.00
49.76187,0.361,0.193,0.00
49.77357,0.341,0.193,0.00
49.78903,0.341,0.285,0.00
49.80019,0.327,0.420,0.00
49.81036,0.327,0.420,0.00
49.82122,0.317,0.596,0.00
49.83238,0.322,0.829,0.00
49.84271,0.322,0.829,0.00
49.85860,0.322,1.051,0.00
49.86998,0.346,1.282,0.00
49.88035,0.346,1.282,0.00
49.89143,0.363,1.282,0.00
49.90287,0.363,1.282,0.00
49.91359,0.377,1.282,0.00
49.92513,0.377,1.721,0.00
49.94094,0.389,1.910,0.00
49.95206,0.402,1.910,0.00
49.96291,0.402,2.078,0.00
49.97891,0.414,2.214,0.00
49.99045,0.423,2.330,0.00
50.00076,0.423,2.330,0.00
50.01191,0.423,2.413,0.00
50.02329,0.430,2.413,0.00
50.04423,0.443,2.496,0.00
50.05848,0.443,2.496,0.00
50.06995,0.497,2.667,0.00
50.08023,0.497,2.667,0.00
50.09143,0.527,2.752,0.00
50.10193,0.527,2.752,0.00
50.11712,0.527,2.752,0.00
50.12883,0.548,2.752,0.00
50.14064,0.560,2.908,0.00
50.15604,0.568,2.973,0.00
50.17243,0.578,2.973,0.00
50.18377,0.578,2.973,0.00
50.19670,0.590,2.973,0.00
50.21274,0.599,3.044,0.00
50.22302,0.599,3.038,0.00
50.23332,0.603,3.038,0.00
50.24368,0.603,3.038,0.00
50.25457,0.599,3.020,0.00
50.26497,0.599,3.020,0.00
50.28265,0.607,2.981,0.00
50.29303,0.607,2.981,0.00
50.30388,0.607,2.981,0.00
50.31550,0.616,2.981,0.00
50.32609,0.616,2.957,0.00
50.33695,0.616,2.925,0.00
50.34773,0.625,2.925,0.00
50.36336,0.630,2.879,0.00
50.37432,0.627,2.828,0.00
50.39712,0.625,2.783,0.00
50.41909,0.626,2.745,0.00
50.43014,0.626,2.745,0.00
50.44125,0.624,2.711,0.00
50.45245,0.623,2.689,0.00
50.46279,0.628,2.689,0.00
50.47864,0.628,2.684,0.00
50.48911,0.628,2.695,0.00
50.49942,0.627,2.695,0.00
50.51524,0.620,2.711,0.00
50.53080,0.612,2.730,0.00
50.59454,0.612,2.730,0.00
50.60473,0.571,2.806,0.00
50.66324,0.509,2.853,0.00
50.67342,0.509,2.853,0.00
50.68357,0.012,0.440,0.00
50.69371,0.004,0.437,0.00
50.70384,0.004,0.433,0.00
50.71399,-0.002,0.433,0.00
50.72414,-0.011,0.428,0.00
50.73429,-0.011,0.428,0.00
50.74444,-0.029,0.428,0.00
50.75458,-0.029,0.423,0.00
50.76474,-0.029,0.423,0.00
50.77493,-0.045,0.421,0.00
50.78508,-0.045,0.421,0.00
50.79524,-0.050,0.417,0.00
50.80538,-0.058,0.410,0.00
50.81553,-0.058,0.410,0.00
50.82568,-0.069,0.400,0.00
50.83582,-0.069,0.400,0.00
50.84606,-0.069,0.400,0.00
50.85622,-0.080,0.382,0.00
50.86637,-0.080,0.382,0.00
50.87650,-0.091,0.353,0.00
50.88698,-0.101,0.322,0.00
50.89727,-0.101,0.322,0.00
50.90797,-0.102,0.293,0.00
50.91811,-0.102,0.293,0.00
50.92825,-0.102,0.293,0.00
50.93840,-0.102,0.293,0.00
50.94861,-0.102,0.293,0.00
50.95884,-0.091,0.269,0.00
50.96898,-0.089,0.243,0.00
50.97966,-0.089,0.225,0.00
50.98981,-0.085,0.209,0.00
51.00071,-0.085,0.209,0.00
51.01084,-0.082,0.199,0.00
51.02104,-0.082,0.199,0.00
51.03131,-0.079,0.190,0.00
51.04159,-0.079,0.190,0.00
51.05186,-0.069,0.188,0.00
51.06221,-0.069,0.188,0.00
51.07232,-0.064,0.188,0.00
51.08254,-0.064,0.188,0.00
51.09279,-0.060,0.191,0.00
51.10309,-0.060,0.191,0.00
51.11325,-0.052,0.204,0.00
51.12363,-0.052,0.204,0.00
51.13360,-0.048,0.219,0.00
51.14374,-0.048,0.239,0.00
51.15389,-0.038,0.239,0.00
51.16404,-0.023,0.261,0.00
51.17421,-0.023,0.261,0.00
51.18436,-0.015,0.286,0.00
51.19451,-0.015,0.286,0.00
51.20466,-0.009,0.312,0.00
51.21480,-0.009,0.312,0.00
51.22494,-0.003,0.336,0.00
51.23508,-0.003,0.336,0.00
51.24523,-0.004,0.357,0.00
51.25555,-0.004,0.357,0.00
51.26570,-0.004,0.357,0.00
51.27586,-0.004,0.382,0.00
51.28601,-0.004,0.382,0.00
51.29617,0.002,0.404,0.00
51.30631,0.002,0.404,0.00
51.31646,-0.001,0.429,0.00
51.32661,-0.005,0.455,0.00
51.33676,-0.005,0.455,0.00
51.34691,0.003,0.483,0.00
51.35729,0.003,0.483,0.00
51.36746,0.011,0.516,0.00
51.37761,0.011,0.516,0.00
51.38776,0.024,0.546,0.00
51.39789,0.024,0.546,0.00
51.40804,0.043,0.566,0.00
51.41818,0.043,0.566,0.00
51.42833,0.062,0.582,0.00
51.43848,0.062,0.582,0.00
51.44863,0.085,0.589,0.00
51.45876,0.085,0.589,0.00
51.46891,0.116,0.595,0.00
51.47905,0.116,0.595,0.00
51.48942,0.145,0.601,0.00
51.49957,0.145,0.601,0.00
51.50974,0.163,0.607,0.00
51.51989,0.163,0.607,0.00
51.53004,0.173,0.607,0.00
51.54019,0.173,0.611,0.00
51.55033,0.176,0.609,0.00
51.56076,0.176,0.609,0.00
51.57090,0.180,0.600,0.00
51.58104,0.180,0.600,0.00
51.59121,0.184,0.591,0.00
51.60135,0.184,0.591,0.00
51.61151,0.192,0.582,0.00
51.62166,0.192,0.582,0.00
51.63180,0.193,0.571,0.00
51.64195,0.193,0.571,0.00
51.65210,0.167,0.561,0.00
51.66225,0.167,0.561,0.00
51.67240,0.136,0.558,0.00
51.68253,0.136,0.558,0.00
51.69268,0.131,0.565,0.00
51.70284,0.131,0.584,0.00
51.71298,0.150,0.584,0.00
51.72323,0.150,0.584,0.00
51.73337,0.176,0.613,0.00
51.74354,0.176,0.646,0.00
51.75384,0.197,0.646,0.00
51.76398,0.197,0.646,0.00
51.77411,0.199,0.670,0.00
51.78426,0.199,0.670,0.00
51.79441,0.199,0.690,0.00
51.80455,0.206,0.690,0.00
51.81470,0.206,0.709,0.00
51.82484,0.213,0.709,0.00
51.83499,0.213,0.727,0.00
51.84512,0.217,0.727,0.00
51.85527,0.217,0.745,0.00
51.86541,0.220,0.745,0.00
51.87556,0.220,0.763,0.00
51.88570,0.220,0.763,0.00
51.89609,0.223,0.777,0.00
51.90625,0.223,0.777,0.00
51.91639,0.223,0.787,0.00
51.92653,0.223,0.787,0.00
51.93667,0.227,0.785,0.00
51.94682,0.237,0.776,0.00
51.95697,0.237,0.776,0.00
51.96721,0.237,0.776,0.00
51.97735,0.258,0.767,0.00
51.98750,0.276,0.758,0.00
51.99763,0.276,0.758,0.00
52.00777,0.291,0.747,0.00
52.01792,0.291,0.747,0.00
52.02807,0.307,0.739,0.00
52.03821,0.307,0.739,0.00
52.04836,0.328,0.731,0.00
52.05852,0.328,0.731,0.00
52.06866,0.362,0.725,0.00
52.07881,0.362,0.725,0.00
52.08917,0.406,0.723,0.00
52.09932,0.406,0.723,0.00
52.10947,0.455,0.728,0.00
52.11963,0.455,0.728,0.00
52.12978,0.513,0.733,0.00
52.13993,0.513,0.733,0.00
52.15008,0.585,0.740,0.00
52.16022,0.585,0.740,0.00
52.17036,0.671,0.745,0.00
52.18051,0.671,0.745,0.00
52.19077,0.768,0.749,0.00
52.20092,0.768,0.749,0.00
52.21107,0.881,0.750,0.00
52.22120,0.881,0.750,0.00
52.23158,1.022,0.746,0.00
52.24200,1.022,0.746,0.00
52.25217,1.213,0.737,0.00
52.26231,1.213,0.737,0.00
52.27247,1.468,0.723,0.00
52.28261,1.468,0.723,0.00
52.29276,1.803,0.704,0.00
52.30291,1.803,0.704,0.00
52.31309,2.203,0.680,0.00
52.32331,2.203,0.680,0.00
52.33345,2.682,0.653,0.00
52.34360,2.682,0.653,0.00
52.35374,3.233,0.624,0.00
52.36390,3.233,0.603,0.00
52.37416,3.844,0.603,0.00
52.38459,3.844,0.603,0.00
52.39503,4.502,0.586,0.00
52.40529,4.502,0.572,0.00
52.41554,5.207,0.572,0.00
52.42571,5.207,0.572,0.00
52.43586,5.969,0.563,0.00
52.44605,6.786,0.558,0.00
52.45620,6.786,0.558,0.00
52.46635,7.630,0.556,0.00
52.47651,7.630,0.556,0.00
52.48666,8.483,0.554,0.00
52.49682,8.483,0.554,0.00
52.50697,9.337,0.554,0.00
52.51715,9.337,0.558,0.00
52.52730,10.189,0.564,0.00
52.53893,10.189,0.564,0.00
52.54908,10.189,0.564,0.00
52.55925,11.046,0.570,0.00
52.57061,11.908,0.575,8.00
52.58090,11.908,0.575,8.00
52.59105,12.763,0.577,8.00
52.60255,12.763,0.577,8.00
52.61271,13.592,0.582,8.00
52.62291,13.592,0.582,8.00
52.65094,13.592,0.582,8.00
52.66153,13.592,0.584,8.00
52.68278,15.927,0.584,8.00
52.69293,16.550,0.575,8.00
52.71450,16.550,0.556,8.00
52.72482,17.046,0.535,8.00
52.74803,17.656,0.514,8.00
52.75818,17.656,0.514,8.00
52.77842,17.808,0.514,8.00
52.78851,17.849,0.749,8.00
52.79867,17.849,0.749,8.00
52.81103,17.765,1.423,8.50
52.82251,17.574,1.423,8.50
52.83269,17.574,2.301,8.50
52.84287,17.574,2.301,8.50
52.85306,17.268,3.217,8.50
52.86331,17.268,3.217,8.50
52.87452,16.814,4.000,8.50
52.88470,16.814,4.000,8.50
52.89485,16.220,4.566,8.50
52.90689,15.508,4.566,8.50
52.91707,15.508,5.071,8.50
52.92727,14.702,5.071,8.50
52.95430,14.702,5.470,8.50
52.96459,13.818,5.843,8.50
52.98670,11.848,6.126,9.00
52.99687,11.848,6.473,9.00
53.01862,11.848,6.962,9.00
53.02889,9.752,7.761,9.00
53.05079,8.696,7.761,9.00
53.06105,8.696,8.541,9.00
53.07123,7.628,9.531,9.00
53.08264,7.628,9.531,9.00
53.09281,6.564,10.592,9.00
53.10297,6.564,10.592,9.00
53.11578,5.531,11.597,9.50
53.12601,4.563,12.545,9.50
53.13616,4.563,12.545,9.50
53.14744,4.563,12.545,9.50
53.15762,3.674,12.545,9.50
53.16777,2.865,14.356,9.50
53.17885,2.865,14.356,9.50
53.18940,2.104,15.313,9.50
53.19954,2.104,15.313,9.50
53.21061,1.363,16.134,10.00
53.22090,1.363,16.134,10.00
53.23106,0.645,16.968,10.00
53.25826,0.645,16.968,10.00
53.26842,0.035,18.536,10.00
53.29076,-0.139,18.536,10.00
53.30103,0.126,19.210,10.00
53.32265,0.511,19.770,10.50
53.33413,0.848,20.299,10.50
53.34534,1.163,20.299,10.50
53.35556,1.163,20.878,10.50
53.36571,1.452,21.400,10.50
53.38676,1.452,21.938,10.50
53.39706,1.650,21.938,10.50
53.40723,1.650,21.938,10.50
53.41867,1.697,22.476,10.50
53.42886,1.585,22.476,10.50
53.43929,1.585,23.043,10.50
53.45304,1.383,23.599,11.00
53.46352,1.383,24.164,11.00
53.47396,1.156,24.164,11.00
53.48413,1.156,24.164,11.00
53.49427,0.956,24.695,11.00
53.50452,0.956,24.695,11.00
53.53086,0.817,25.200,11.00
53.54119,0.747,25.634,11.00
53.56271,0.730,26.339,11.50
53.57301,0.756,26.339,11.50
53.59472,0.756,26.339,11.50
53.60490,0.846,26.623,11.50
53.62659,0.897,26.913,11.50
53.63690,0.897,27.227,11.50
53.65909,0.943,27.520,11.50
53.66928,0.963,27.899,11.50
53.69038,0.963,27.899,11.50
53.70065,0.955,28.237,11.50
53.71089,0.923,28.612,11.50
53.72446,0.923,28.612,11.50
53.73478,0.881,29.015,11.50
53.74505,0.881,29.385,11.50
53.75529,0.839,29.385,12.00
53.76545,0.799,29.385,12.00
53.77560,0.799,29.784,12.00
53.78793,0.772,30.179,12.00
53.79811,0.772,30.179,12.00
53.80825,0.767,30.179,12.00
53.81868,0.767,30.604,12.00
53.82899,0.765,31.087,12.00
53.83937,0.765,31.087,12.00
53.86620,0.765,31.087,12.00
53.87638,0.753,31.474,12.00
53.89851,0.700,31.857,12.00
53.90867,0.700,32.219,12.00
53.93139,0.649,32.572,12.00
53.94157,0.649,32.904,12.00
53.96580,0.647,33.204,12.00
53.97598,0.647,33.521,12.00
53.99421,0.647,33.521,12.00
54.00438,0.670,33.853,12.00
54.01453,0.670,33.853,12.00
54.02697,0.670,33.853,12.00
54.03714,0.742,34.132,12.00
54.04731,0.742,34.396,12.00
54.05897,0.760,34.643,12.00
54.06929,0.770,34.917,12.00
54.07958,0.770,34.917,12.00
54.09096,0.776,34.917,12.00
54.10114,0.776,35.168,12.00
54.11130,0.756,35.446,12.00
54.12513,0.756,35.701,12.00
54.13555,0.715,35.701,12.00
54.14570,0.663,35.701,12.00
54.17020,0.663,35.923,12.00
54.18038,0.610,36.170,12.00
54.20279,0.610,36.615,12.00
54.21296,0.507,36.615,12.00
54.23449,0.507,36.615,12.00
54.24475,0.465,36.850,12.00
54.26704,0.412,37.332,12.00
54.27720,0.412,37.332,12.00
54.28864,0.393,37.531,0.00
54.29908,0.393,37.531,0.00
54.30923,0.377,37.750,0.00
54.31939,0.377,37.750,0.00
54.32954,0.366,37.750,0.00
54.33971,0.366,37.932,0.00
54.34987,0.366,37.932,0.00
54.36014,0.366,38.098,0.00
54.37052,0.377,38.098,0.00
54.38083,0.377,38.258,0.00
54.39131,0.379,38.258,0.00
54.40183,0.379,38.373,0.00
54.41209,0.376,38.485,0.00
54.42256,0.376,38.485,0.00
54.43292,0.348,38.553,0.00
54.44331,0.310,38.553,0.00
54.45363,0.310,38.604,0.00
54.46401,0.293,38.604,0.00
54.47431,0.293,38.658,0.00
54.48468,0.292,38.678,0.00
54.49498,0.292,38.678,0.00
54.50536,0.306,38.705,0.00
54.51568,0.306,38.705,0.00
54.52606,0.325,38.660,0.00
54.53640,0.325,38.660,0.00
54.54677,0.325,38.511,0.00
54.55711,0.325,38.511,0.00
54.56749,0.311,38.222,0.00
54.57780,0.311,38.222,0.00
54.58796,0.298,37.779,0.00
54.59853,0.298,37.779,0.00
54.60885,0.256,37.385,0.00
54.61917,0.256,37.385,0.00
54.62945,0.256,37.052,0.00
54.63968,0.222,37.052,0.00
54.65014,0.222,36.707,0.00
54.66029,0.222,36.707,0.00
54.67045,0.256,36.380,0.00
54.68060,0.256,36.380,0.00
54.69077,0.290,36.010,0.00
54.70093,0.290,36.010,0.00
54.71110,0.320,35.567,0.00
54.72126,0.320,35.567,0.00
54.73143,0.347,34.982,0.00
54.74159,0.347,34.982,0.00
54.75175,0.334,34.163,0.00
54.76190,0.334,34.163,0.00
54.77206,0.289,33.124,0.00
54.78220,0.289,33.124,0.00
54.79237,0.240,32.092,0.00
54.80253,0.204,30.759,0.00
54.81267,0.204,30.759,0.00
54.82282,0.204,30.759,0.00
54.83322,0.169,29.412,0.00
54.84337,0.154,29.412,0.00
54.85354,0.154,27.932,0.00
54.86397,0.160,27.932,0.00
54.87413,0.160,26.516,0.00
54.88431,0.160,26.516,0.00
54.89447,0.156,25.046,0.00
54.90464,0.156,25.046,0.00
54.91480,0.135,23.390,0.00
54.92496,0.135,23.390,0.00
54.93520,0.108,21.542,0.00
54.94536,0.108,21.542,0.00
54.95552,0.099,19.594,0.00
54.96567,0.099,17.457,0.00
54.97608,0.107,17.457,0.00
54.98620,0.126,15.573,0.00
54.99635,0.126,15.573,0.00
55.00650,0.126,15.573,0.00
55.01666,0.142,13.662,0.00
55.02683,0.151,11.696,0.00
55.03697,0.151,11.696,0.00
55.04724,0.164,9.752,0.00
55.05739,0.164,9.752,0.00
55.06754,0.164,9.752,0.00
55.07768,0.196,7.920,0.00
55.08782,0.235,6.220,0.00
55.09796,0.235,6.220,0.00
55.10827,0.267,4.628,0.00
55.11850,0.267,4.628,0.00
55.12874,0.282,2.945,0.00
55.13887,0.282,2.945,0.00
55.14902,0.279,1.543,0.00
55.15926,0.279,1.543,0.00
55.16981,0.279,0.276,0.00
55.18010,0.279,0.276,0.00
55.19026,0.288,-0.839,0.00
55.20117,0.288,-0.839,0.00
55.21149,0.299,-1.813,0.00
55.22167,0.299,-1.813,0.00
55.23218,0.287,-2.672,0.00
55.24243,0.287,-2.672,0.00
55.25258,0.267,-3.431,0.00
55.26277,0.267,-3.431,0.00
55.27292,0.244,-4.056,0.00
55.28374,0.224,-4.056,0.00
55.29640,0.224,-4.628,0.00
55.30826,0.224,-4.628,0.00
55.32168,0.211,-4.628,0.00
55.33328,0.206,-5.434,0.00
55.34364,0.206,-5.434,0.00
55.35523,0.206,-5.629,0.00
55.36598,0.213,-5.642,0.00
55.37645,0.213,-5.642,0.00
55.39241,0.213,-5.642,0.00
55.40465,0.213,-5.642,0.00
55.44673,0.241,-5.358,0.00
55.46266,0.246,-5.162,0.00
55.47879,0.248,-4.851,0.00
55.49818,0.253,-4.504,0.00
55.50891,0.253,-4.504,0.00
55.52003,0.253,-4.214,0.00
55.53127,0.253,-4.214,0.00
55.54252,0.253,-3.927,0.00
55.55433,0.247,-3.672,0.00
55.58724,0.252,-3.197,0.00
55.60911,0.253,-2.931,0.00
55.63021,0.251,-2.650,0.00
55.64053,0.251,-2.650,0.00
55.65241,0.243,-2.386,0.00
55.66373,0.243,-2.386,0.00
55.67885,0.234,-2.386,0.00
55.71247,0.202,-1.449,0.00
55.72294,0.202,-1.449,0.00
55.73330,0.202,-1.226,0.00
55.74389,0.187,-1.226,0.00
55.75431,0.176,-1.226,0.00
55.78634,0.175,-0.935,0.00
55.79721,0.183,-0.846,0.00
55.80766,0.183,-0.815,0.00
55.84486,0.184,-0.870,0.00
55.85504,0.184,-0.870,0.00
55.87095,0.184,-0.870,0.00
55.88730,0.184,-0.870,0.00
55.90410,0.158,-0.914,0.00
55.92046,0.158,-0.965,0.00
55.93198,0.132,-1.023,0.00
55.95293,0.132,-1.023,0.00
55.98218,0.095,-1.163,0.00
55.99232,0.078,-1.218,0.00
56.00914,0.072,-1.266,0.00
56.02073,0.072,-1.266,0.00
56.03622,0.076,-1.312,0.00
56.04683,0.081,-1.312,0.00
56.06874,0.081,-1.352,0.00
56.08060,0.082,-1.381,0.00
56.09660,0.082,-1.410,0.00
56.10769,0.061,-1.410,0.00
56.11844,0.061,-1.439,0.00
56.13410,0.061,-1.465,0.00
56.14577,0.054,-1.485,0.00
56.16173,0.054,-1.485,0.00
56.17317,0.066,-1.497,0.00
56.18401,0.066,-1.497,0.00
56.20230,0.089,-1.508,0.00
56.21305,0.089,-1.514,0.00
56.22462,0.089,-1.514,0.00
56.23984,0.089,-1.514,0.00
56.25151,0.089,-1.502,0.00
56.26429,0.089,-1.502,0.00
56.27968,0.125,-1.481,0.00
56.29131,0.138,-1.451,0.00
56.35485,0.157,-1.451,0.00
56.36503,0.157,-1.365,0.00
56.42478,0.159,-1.339,0.00
56.43499,0.177,-1.255,0.00
56.44681,-0.003,0.242,0.00
56.45898,-0.003,0.262,0.00
56.46946,0.005,0.281,0.00
56.47966,0.005,0.281,0.00
56.49123,0.013,0.303,0.00
56.50148,0.013,0.303,0.00
56.51164,0.019,0.327,0.00
56.52179,0.019,0.351,0.00
56.53193,0.026,0.351,0.00
56.54208,0.026,0.351,0.00
56.55225,0.032,0.374,0.00
56.56247,0.032,0.374,0.00
56.57262,0.035,0.396,0.00
56.58279,0.035,0.396,0.00
56.59295,0.032,0.416,0.00
56.60310,0.028,0.416,0.00
56.61324,0.028,0.440,0.00
56.62340,0.028,0.458,0.00
56.63355,0.021,0.458,0.00
56.64459,0.021,0.458,0.00
56.65475,0.009,0.472,0.00
56.66490,-0.001,0.477,0.00
56.67505,-0.001,0.477,0.00
56.68521,-0.012,0.478,0.00
56.69536,-0.012,0.478,0.00
56.70551,-0.021,0.480,0.00
56.71566,-0.021,0.480,0.00
56.72581,-0.030,0.479,0.00
56.73620,-0.030,0.479,0.00
56.74641,-0.030,0.476,0.00
56.75655,-0.038,0.476,0.00
56.76671,-0.048,0.476,0.00
56.77686,-0.048,0.476,0.00
56.78702,-0.061,0.483,0.00
56.79730,-0.061,0.483,0.00
56.80779,-0.075,0.491,0.00
56.81821,-0.075,0.491,0.00
56.82837,-0.085,0.498,0.00
56.83856,-0.085,0.498,0.00
56.84871,-0.083,0.496,0.00
56.85900,-0.083,0.496,0.00
56.86914,-0.081,0.486,0.00
56.87939,-0.081,0.486,0.00
56.88961,-0.079,0.476,0.00
56.89977,-0.079,0.476,0.00
56.90992,-0.079,0.464,0.00
56.92020,-0.079,0.464,0.00
56.93026,-0.084,0.450,0.00
56.94051,-0.084,0.450,0.00
56.95073,-0.090,0.440,0.00
56.96170,-0.090,0.440,0.00
56.97216,-0.094,0.426,0.00
56.98279,-0.094,0.426,0.00
56.99313,-0.094,0.411,0.00
57.00338,-0.094,0.411,0.00
57.01351,-0.094,0.401,0.00
57.02387,-0.094,0.401,0.00
57.03398,-0.097,0.396,0.00
57.04430,-0.104,0.394,0.00
57.05472,-0.104,0.394,0.00
57.06486,-0.112,0.394,0.00
57.07500,-0.112,0.396,0.00
57.08543,-0.124,0.396,0.00
57.09559,-0.124,0.397,0.00
57.10575,-0.137,0.393,0.00
57.11589,-0.137,0.393,0.00
57.12603,-0.137,0.393,0.00
57.13619,-0.137,0.393,0.00
57.14633,-0.137,0.393,0.00
57.15657,-0.137,0.393,0.00
57.16673,-0.169,0.378,0.00
57.17688,-0.189,0.370,0.00
57.18701,-0.202,0.361,0.00
57.19714,-0.202,0.361,0.00
57.20734,-0.205,0.352,0.00
57.21748,-0.205,0.352,0.00
57.22763,-0.203,0.342,0.00
57.23777,-0.203,0.342,0.00
57.24790,-0.194,0.323,0.00
57.25804,-0.194,0.323,0.00
57.26819,-0.183,0.303,0.00
57.27851,-0.183,0.303,0.00
57.28866,-0.173,0.303,0.00
57.29883,-0.173,0.281,0.00
57.30902,-0.165,0.281,0.00
57.31930,-0.165,0.260,0.00
57.32941,-0.165,0.260,0.00
57.33989,-0.165,0.260,0.00
57.35026,-0.152,0.243,0.00
57.36076,-0.152,0.243,0.00
57.37123,-0.145,0.232,0.00
57.38138,-0.145,0.232,0.00
57.39184,-0.145,0.226,0.00
57.40222,-0.145,0.226,0.00
57.41239,-0.145,0.223,0.00
57.42262,-0.145,0.223,0.00
57.43272,-0.144,0.218,0.00
57.44295,-0.144,0.218,0.00
57.45311,-0.141,0.217,0.00
57.46326,-0.141,0.217,0.00
57.47340,-0.138,0.216,0.00
57.48361,-0.138,0.216,0.00
57.49375,-0.138,0.217,0.00
57.50391,-0.138,0.217,0.00
57.51413,-0.136,0.217,0.00
57.52430,-0.135,0.217,0.00
57.53447,-0.135,0.217,0.00
57.54463,-0.135,0.217,0.00
57.55478,-0.133,0.224,0.00
57.56517,-0.132,0.224,0.00
57.57549,-0.132,0.234,0.00
57.58593,-0.126,0.234,0.00
57.59624,-0.126,0.242,0.00
57.60668,-0.112,0.242,0.00
57.61698,-0.112,0.242,0.00
57.62754,-0.094,0.242,0.00
57.63786,-0.094,0.246,0.00
57.64828,-0.033,0.254,0.00
57.65860,-0.033,0.254,0.00
57.66875,-0.033,0.263,0.00
57.67890,0.037,0.263,0.00
57.68903,0.074,0.270,0.00
57.69928,0.074,0.270,0.00
57.70943,0.074,0.270,0.00
57.71957,0.075,0.281,0.00
57.72972,0.075,0.281,0.00
57.73988,0.075,0.296,0.00
57.75002,0.074,0.312,0.00
57.76017,0.074,0.312,0.00
57.77032,0.092,0.322,0.00
57.78050,0.092,0.322,0.00
57.79063,0.092,0.322,0.00
57.80086,0.092,0.331,0.00
57.81109,0.304,0.340,0.00
57.82198,0.304,0.340,0.00
57.83248,0.519,0.351,0.00
57.84268,0.519,0.351,0.00
57.85282,0.861,0.358,0.00
57.86306,0.861,0.358,0.00
57.87321,0.861,0.358,0.00
57.88337,1.915,0.362,0.00
57.89352,1.915,0.369,0.00
57.90367,2.580,0.369,0.00
57.91381,2.580,0.381,0.00
57.92398,3.358,0.381,0.00
57.93412,3.358,0.392,0.00
57.94427,4.246,0.392,0.00
57.95441,4.246,0.402,0.00
57.96472,5.245,0.411,0.00
57.97503,5.245,0.411,0.00
57.98547,6.327,0.412,0.00
57.99579,6.327,0.412,0.00
58.00619,7.458,0.397,0.00
58.01646,7.458,0.397,0.00
58.02681,8.477,0.375,0.00
58.03713,8.477,0.375,0.00
58.04728,8.477,0.375,0.00
58.05747,9.662,0.346,0.00
58.06762,9.662,0.310,0.00
58.09106,12.018,0.310,0.00
58.10121,12.018,0.284,0.00
58.12554,12.018,0.284,8.00
58.13560,14.299,0.255,8.00
58.15541,15.363,0.255,8.00
58.16556,16.373,0.239,8.00
58.18659,16.373,0.198,8.00
58.19675,17.296,0.198,8.00
58.20741,17.296,0.198,8.00
58.21863,17.296,0.198,8.00
58.22897,18.708,0.164,8.00
58.23922,18.708,0.164,8.00
58.25098,19.154,0.118,8.00
58.26119,19.154,0.118,8.00
58.27184,19.411,0.076,8.00
58.28384,19.477,0.030,8.00
58.29411,19.477,0.030,8.00
58.30571,19.477,0.030,8.00
58.31587,19.386,-0.018,8.00
58.32620,19.161,-0.065,8.00
58.33635,19.161,-0.065,8.00
58.36299,18.802,-0.110,8.50
58.37326,18.303,-0.161,8.50
58.39471,17.663,-0.161,8.50
58.40486,16.887,-0.198,8.50
58.42703,15.991,0.673,8.50
58.43719,15.991,0.673,8.50
58.46123,14.995,1.469,8.50
58.47139,13.915,2.281,8.50
58.49184,12.778,2.910,8.50
58.50286,11.614,3.384,8.50
58.52351,11.614,3.384,9.00
58.53370,10.434,3.748,9.00
58.54383,10.434,3.748,9.00
58.55430,10.434,4.109,9.00
58.56446,9.252,4.109,9.00
58.57460,8.097,4.422,9.00
58.58871,6.988,4.422,9.00
58.59892,6.988,4.577,9.00
58.60908,5.924,4.745,9.00
58.62095,5.924,4.745,9.00
58.63121,4.913,4.935,9.00
58.64138,4.913,4.935,9.00
58.65169,3.963,5.177,9.50
58.66207,3.963,5.177,9.50
58.67227,3.064,5.592,9.50
58.69806,3.064,5.592,9.50
58.70832,1.501,7.079,9.50
58.73026,1.501,7.079,9.50
58.74054,0.858,8.053,9.50
58.76226,0.295,8.959,10.00
58.77250,-0.227,9.846,10.00
58.79461,-0.709,10.679,10.00
58.80478,-0.709,11.456,10.00
58.82793,-0.973,12.218,10.00
58.83809,-0.973,12.218,10.00
58.85821,-0.750,13.008,10.50
58.86839,-0.452,13.804,10.50
58.87853,-0.452,13.804,10.50
58.89088,-0.151,14.732,10.50
58.90207,-0.151,14.732,10.50
58.91220,0.102,15.555,10.50
58.92498,0.102,16.320,10.50
58.93522,0.297,16.320,10.50
58.94538,0.297,17.035,10.50
58.95620,0.444,17.035,10.50
58.96661,0.510,17.665,10.50
58.97675,0.510,17.665,10.50
58.98878,0.484,18.238,11.00
59.00016,0.484,18.238,11.00
59.01055,0.417,18.760,11.00
59.03505,0.359,19.274,11.00
59.04547,0.344,19.899,11.00
59.06618,0.344,19.899,11.00
59.07641,0.371,20.480,11.00
59.09850,0.403,21.061,11.50
59.10869,0.419,21.616,11.50
59.11891,0.419,21.616,11.50
59.13083,0.426,22.135,11.50
59.14169,0.426,22.135,11.50
59.15175,0.441,22.661,11.50
59.16517,0.459,23.157,11.50
59.17551,0.459,23.157,11.50
59.18585,0.455,23.653,11.50
59.19600,0.455,23.653,11.50
59.20615,0.422,24.173,11.50
59.21629,0.422,24.173,11.50
59.22814,0.361,24.631,11.50
59.23837,0.361,24.631,11.50
59.24856,0.285,25.118,11.50
59.27482,0.285,25.610,11.50
59.28502,0.204,25.610,11.50
59.30651,0.086,26.137,12.00
59.31683,0.086,26.665,12.00
59.33898,0.063,27.183,12.00
59.34927,0.074,27.697,12.00
59.35960,0.074,27.697,12.00
59.37097,0.122,28.234,12.00
59.38123,0.122,28.234,12.00
59.39138,0.205,28.714,12.00
59.40529,0.311,28.714,12.00
59.41544,0.311,29.171,12.00
59.43445,0.311,29.644,12.00
59.44473,0.417,29.644,12.00
59.45487,0.510,30.119,12.00
59.46801,0.510,30.119,12.00
59.47818,0.593,30.588,12.00
59.48834,0.593,31.071,12.00
59.49975,0.666,31.071,12.00
59.50992,0.725,31.525,12.00
59.52008,0.725,31.525,12.00
59.53071,0.781,32.043,12.00
59.54093,0.781,32.043,12.00
59.55109,0.837,32.494,12.00
59.57817,0.837,32.494,12.00
59.58837,0.880,32.910,12.00
59.61068,0.880,32.910,12.00
59.62098,0.945,33.664,12.00
59.64272,0.962,34.033,12.00
59.65292,0.965,34.398,12.00
59.67440,0.968,34.398,12.00
59.68460,0.968,34.778,12.00
59.70732,0.972,35.575,12.00
59.71749,0.974,35.575,12.00
59.72766,0.975,35.982,12.00
59.73855,0.975,35.982,12.00
59.74890,0.974,36.378,12.00
59.75922,0.974,36.378,12.00
59.77049,0.974,36.378,12.00
59.78200,0.974,36.762,12.00
59.79223,0.963,37.128,12.00
59.80528,0.934,37.128,12.00
59.81564,0.934,37.460,12.00
59.82581,0.892,37.800,12.00
59.83648,0.892,37.800,0.00
59.84665,0.847,38.201,0.00
59.85695,0.847,38.201,0.00
59.86751,0.787,38.600,0.00
59.87768,0.787,38.600,0.00
59.88783,0.787,39.007,0.00
59.89801,0.716,39.007,0.00
59.90817,0.716,39.378,0.00
59.91834,0.650,39.378,0.00
59.92851,0.579,39.735,0.00
59.93867,0.579,39.735,0.00
59.94913,0.579,40.066,0.00
59.95997,0.506,40.066,0.00
59.97014,0.427,40.402,0.00
59.98029,0.427,40.402,0.00
59.99047,0.361,40.728,0.00
60.00063,0.361,40.728,0.00
60.01084,0.300,41.028,0.00
60.02100,0.300,41.028,0.00
60.03118,0.230,41.379,0.00
60.04140,0.230,41.379,0.00
60.05157,0.159,41.666,0.00
60.06174,0.159,41.666,0.00
60.07192,0.089,41.982,0.00
60.08209,0.089,41.982,0.00
60.09227,-0.002,42.316,0.00
60.10245,-0.002,42.316,0.00
60.11262,-0.099,42.637,0.00
60.12283,-0.099,42.637,0.00
60.13301,-0.165,42.965,0.00
60.14327,-0.165,42.965,0.00
60.15344,-0.228,43.238,0.00
60.16361,-0.228,43.238,0.00
60.17377,-0.294,43.411,0.00
60.18455,-0.294,43.411,0.00
60.19473,-0.344,43.423,0.00
60.20489,-0.377,43.318,0.00
60.21506,-0.377,43.318,0.00
60.22583,-0.377,43.318,0.00
60.23600,-0.398,43.169,0.00
60.24617,-0.423,42.968,0.00
60.25634,-0.423,42.968,0.00
60.26747,-0.423,42.968,0.00
60.27777,-0.446,42.688,0.00
60.28860,-0.446,42.688,0.00
60.29867,-0.465,42.268,0.00
60.30882,-0.501,41.643,0.00
60.31895,-0.501,41.643,0.00
60.32905,-0.501,40.776,0.00
60.33976,-0.532,40.776,0.00
60.34991,-0.530,39.907,0.00
60.36085,-0.530,39.907,0.00
60.37092,-0.515,38.789,0.00
60.38194,-0.515,38.789,0.00
60.39198,-0.505,37.339,0.00
60.40245,-0.505,35.813,0.00
60.41264,-0.510,35.813,0.00
60.42278,-0.510,35.813,0.00
60.43292,-0.516,34.280,0.00
60.44307,-0.516,34.280,0.00
60.45323,-0.518,32.718,0.00
60.46350,-0.518,32.718,0.00
60.47364,-0.537,31.006,0.00
60.48380,-0.537,31.006,0.00
60.49394,-0.569,29.011,0.00
60.50410,-0.607,29.011,0.00
60.51424,-0.607,26.647,0.00
60.52456,-0.607,26.647,0.00
60.53463,-0.633,24.508,0.00
60.54478,-0.636,22.345,0.00
60.55492,-0.636,22.345,0.00
60.56506,-0.627,20.085,0.00
60.57532,-0.627,20.085,0.00
60.58547,-0.616,17.715,0.00
60.59560,-0.616,17.715,0.00
60.60586,-0.613,15.392,0.00
60.61617,-0.613,15.392,0.00
60.62653,-0.611,13.156,0.00
60.63669,-0.611,13.156,0.00
60.64743,-0.603,10.961,0.00
60.65774,-0.603,10.961,0.00
60.66823,-0.583,10.961,0.00
60.67842,-0.583,8.512,0.00
60.68876,-0.555,6.394,0.00
60.69910,-0.555,6.394,0.00
60.70941,-0.531,4.419,0.00
60.71996,-0.531,4.419,0.00
60.73015,-0.519,2.701,0.00
60.74106,-0.519,2.701,0.00
60.75155,-0.520,1.253,0.00
60.76191,-0.520,1.253,0.00
60.77230,-0.532,0.018,0.00
60.78257,-0.532,0.018,0.00
60.79272,-0.552,-1.023,0.00
60.80372,-0.571,-1.023,0.00
60.81414,-0.571,-1.892,0.00
60.82430,-0.571,-1.892,0.00
60.84022,-0.595,-2.700,0.00
60.85226,-0.633,-3.282,0.00
60.86434,-0.633,-3.282,0.00
60.88079,-0.680,-4.036,0.00
60.89670,-0.731,-4.036,0.00
60.90688,-0.785,-4.036,0.00
60.91724,-0.785,-4.233,0.00
60.92794,-0.840,-4.337,0.00
60.93812,-0.840,-4.337,0.00
60.94834,-0.840,-4.337,0.00
60.96022,-0.840,-4.319,0.00
60.97105,-0.928,-4.178,0.00
60.98308,-0.928,-4.178,0.00
60.99788,-0.964,-3.945,0.00
61.01390,-1.002,-3.712,0.00
61.02409,-1.037,-3.712,0.00
61.03448,-1.037,-3.450,0.00
61.04666,-1.062,-3.145,0.00
61.06113,-1.062,-3.145,0.00
61.11557,-1.101,-2.345,0.00
61.12848,-1.091,-2.152,0.00
61.14384,-1.091,-2.152,0.00
61.15938,-1.085,-1.968,0.00
61.17121,-1.081,-1.813,0.00
61.18657,-1.081,-1.813,0.00
61.19815,-1.072,-1.682,0.00
61.21346,-1.072,-1.589,0.00
61.22896,-1.058,-1.589,0.00
61.24086,-1.034,-1.533,0.00
61.25569,-1.034,-1.494,0.00
61.26794,-0.985,-1.494,0.00
61.28346,-0.985,-1.472,0.00
61.29478,-0.964,-1.472,0.00
61.30604,-0.964,-1.459,0.00
61.32382,-0.944,-1.458,0.00
61.33777,-0.926,-1.452,0.00
61.34923,-0.901,-1.426,0.00
61.36232,-0.901,-1.381,0.00
61.37528,-0.901,-1.381,0.00
61.38697,-0.901,-1.381,0.00
61.39874,-0.876,-1.322,0.00
61.40933,-0.876,-1.322,0.00
61.42375,-0.884,-1.253,0.00
61.43529,-0.894,-1.253,0.00
61.44836,-0.908,-1.130,0.00
61.46203,-0.908,-1.130,0.00
61.47814,-0.920,-1.107,0.00
61.48916,-0.925,-1.104,0.00
61.49931,-0.925,-1.104,0.00
61.51492,-0.925,-1.112,0.00
61.52617,-0.920,-1.138,0.00
61.54770,-0.914,-1.185,0.00
61.55932,-0.914,-1.185,0.00
61.56947,-0.914,-1.236,0.00
61.58598,-0.907,-1.236,0.00
61.60178,-0.891,-1.236,0.00
61.61218,-0.872,-1.280,0.00
61.62259,-0.872,-1.316,0.00
61.65092,-0.854,-1.394,0.00
61.66362,-0.828,-1.406,0.00
61.68443,-0.828,-1.395,0.00
61.69505,-0.828,-1.395,0.00
61.70551,-0.828,-1.371,0.00
61.71599,-0.829,-1.371,0.00
61.72807,-0.834,-1.337,0.00
61.73824,-0.834,-1.337,0.00
61.75084,-0.839,-1.302,0.00
61.76107,-0.839,-1.302,0.00
61.77677,-0.841,-1.264,0.00
61.78968,-0.841,-1.264,0.00
61.80049,-0.838,-1.264,0.00
61.81156,-0.838,-1.214,0.00
61.82477,-0.821,-1.160,0.00
61.90043,-0.821,-0.885,0.00
61.97627,-0.793,-0.885,0.00
61.98668,-0.777,-0.749,0.00
61.99702,0.132,0.716,0.00
62.00734,0.132,0.716,0.00
62.01748,0.147,0.726,0.00
62.02837,0.147,0.726,0.00
62.03852,0.158,0.737,0.00
62.04869,0.163,0.747,0.00
62.05882,0.163,0.747,0.00
62.06899,0.170,0.757,0.00
62.07928,0.170,0.757,0.00
62.08944,0.179,0.765,0.00
62.09958,0.179,0.765,0.00
62.10972,0.187,0.769,0.00
62.11987,0.187,0.769,0.00
62.13002,0.193,0.772,0.00
62.14014,0.193,0.772,0.00
62.15030,0.200,0.773,0.00
62.16044,0.200,0.773,0.00
62.17057,0.202,0.773,0.00
62.18069,0.202,0.773,0.00
62.19085,0.203,0.767,0.00
62.20100,0.203,0.767,0.00
62.21120,0.203,0.755,0.00
62.22208,0.203,0.755,0.00
62.23223,0.202,0.744,0.00
62.24259,0.202,0.744,0.00
62.25275,0.200,0.744,0.00
62.26295,0.200,0.744,0.00
62.27309,0.198,0.757,0.00
62.28346,0.198,0.775,0.00
62.29361,0.199,0.775,0.00
62.30408,0.198,0.793,0.00
62.31423,0.198,0.793,0.00
62.32627,0.198,0.793,0.00
62.33642,0.197,0.806,0.00
62.34747,0.195,0.823,0.00
62.35761,0.195,0.823,0.00
62.36794,0.193,0.843,0.00
62.37811,0.193,0.843,0.00
62.38827,0.190,0.864,0.00
62.39843,0.190,0.864,0.00
62.40873,0.190,0.864,0.00
62.41889,0.189,0.881,0.00
62.42905,0.189,0.881,0.00
62.43973,0.189,0.881,0.00
62.44991,0.188,0.912,0.00
62.46017,0.188,0.912,0.00
62.47041,0.184,0.927,0.00
62.48104,0.181,0.927,0.00
62.49121,0.181,0.940,0.00
62.50224,0.181,0.954,0.00
62.51274,0.174,0.954,0.00
62.52398,0.174,0.954,0.00
62.53420,0.168,0.965,0.00
62.54434,0.168,0.972,0.00
62.55452,0.161,0.972,0.00
62.56492,0.161,0.974,0.00
62.57506,0.149,0.974,0.00
62.58520,0.149,0.974,0.00
62.59534,0.140,0.974,0.00
62.60549,0.140,0.974,0.00
62.61564,0.132,0.971,0.00
62.62584,0.126,0.965,0.00
62.63598,0.126,0.965,0.00
62.64614,0.122,0.965,0.00
62.65627,0.122,0.954,0.00
62.66642,0.122,0.939,0.00
62.67657,0.122,0.939,0.00
62.68673,0.124,0.925,0.00
62.69688,0.124,0.925,0.00
62.70702,0.119,0.913,0.00
62.71726,0.119,0.913,0.00
62.72742,0.114,0.903,0.00
62.73756,0.114,0.903,0.00
62.74771,0.114,0.892,0.00
62.75784,0.111,0.892,0.00
62.76799,0.111,0.884,0.00
62.77812,0.111,0.884,0.00
62.78827,0.114,0.876,0.00
62.79840,0.114,0.876,0.00
62.80855,0.117,0.864,0.00
62.81869,0.117,0.864,0.00
62.82884,0.118,0.846,0.00
62.83897,0.118,0.846,0.00
62.84920,0.114,0.846,0.00
62.85934,0.114,0.828,0.00
62.86948,0.114,0.828,0.00
62.87964,0.114,0.810,0.00
62.88984,0.112,0.810,0.00
62.89998,0.112,0.810,0.00
62.91015,0.112,0.810,0.00
62.92037,0.138,0.783,0.00
62.93052,0.182,0.776,0.00
62.94081,0.182,0.776,0.00
62.95096,0.266,0.774,0.00
62.96118,0.266,0.774,0.00
62.97134,0.328,0.774,0.00
62.98170,0.328,0.774,0.00
62.99199,0.310,0.778,0.00
63.00210,0.310,0.778,0.00
63.01226,0.428,0.778,0.00
63.02250,0.428,0.778,0.00
63.03267,0.793,0.777,0.00
63.04295,0.793,0.777,0.00
63.05312,1.314,0.777,0.00
63.06328,1.910,0.778,0.00
63.07342,1.910,0.778,0.00
63.08357,2.597,0.780,0.00
63.09389,2.597,0.780,0.00
63.10450,3.396,0.780,0.00
63.11480,3.396,0.780,0.00
63.12599,3.396,0.780,0.00
63.13617,4.282,0.782,0.00
63.14632,5.204,0.786,0.00
63.15647,5.204,0.786,0.00
63.16664,6.124,0.792,0.00
63.17678,6.124,0.792,0.00
63.18693,7.037,0.800,0.00
63.19717,7.037,0.800,0.00
63.20732,7.037,0.800,0.00
63.21749,7.956,0.806,0.00
63.22766,8.888,0.811,0.00
63.23781,8.888,0.811,0.00
63.24798,9.821,0.818,0.00
63.25818,9.821,0.818,0.00
63.27456,10.736,0.830,0.00
63.28474,10.736,0.830,0.00
63.29491,11.626,0.836,0.00
63.30694,12.489,0.829,8.00
63.31754,12.489,0.829,8.00
63.32790,13.311,0.809,8.00
63.33960,13.311,0.809,8.00
63.34979,14.079,0.779,8.00
63.35994,14.079,0.779,8.00
63.37083,14.820,0.749,8.00
63.38190,14.820,0.749,8.00
63.39206,15.505,0.724,8.00
63.41860,15.505,0.713,8.00
63.42898,16.530,0.703,8.00
63.45042,16.530,0.703,8.00
63.46082,16.841,0.697,8.00
63.48556,17.029,0.701,8.00
63.49572,17.029,0.716,8.00
63.51432,16.930,0.716,8.00
63.52451,16.930,0.737,8.00
63.53465,16.713,0.756,8.00
63.54628,16.713,0.772,8.50
63.55645,16.394,0.772,8.50
63.56660,16.394,0.775,8.50
63.57880,15.971,0.775,8.50
63.58916,15.428,0.840,8.50
63.59947,15.428,0.840,8.50
63.61045,15.428,0.840,8.50
63.62090,14.725,1.249,8.50
63.63163,14.725,1.249,8.50
63.64396,13.843,2.009,8.50
63.65413,12.834,2.871,8.50
63.66456,11.767,3.629,8.50
63.68999,11.767,3.629,8.50
63.70021,10.686,4.182,8.50
63.72237,10.686,4.182,9.00
63.73257,8.539,4.914,9.00
63.75484,7.437,5.103,9.00
63.76515,6.332,5.188,9.00
63.78661,6.332,5.188,9.00
63.79679,5.254,5.240,9.00
63.81853,5.254,5.371,9.00
63.82883,3.165,5.616,9.00
63.84133,3.165,5.616,9.50
63.85149,2.162,6.085,9.50
63.86161,2.162,6.085,9.50
63.87176,1.216,6.897,9.50
63.88219,1.216,6.897,9.50
63.89246,0.379,7.832,9.50
63.90263,0.379,7.832,9.50
63.91453,-0.390,8.826,9.50
63.92486,-0.390,8.826,9.50
63.93504,-0.750,9.862,9.50
63.96420,0.012,11.865,10.00
63.97458,0.012,11.865,10.00
63.99494,0.570,12.760,10.00
64.00509,1.168,13.626,10.00
64.02684,1.168,13.626,10.00
64.03704,1.588,14.593,10.00
64.05885,1.876,15.486,10.50
64.06922,2.087,16.386,10.50
64.09062,2.230,16.386,10.50
64.10165,2.230,17.246,10.50
64.11187,2.236,18.073,10.50
64.12264,2.185,18.073,10.50
64.13336,2.185,18.817,10.50
64.14367,2.185,18.817,10.50
64.15407,2.200,19.528,10.50
64.16425,2.200,19.528,10.50
64.17444,2.294,20.172,10.50
64.18614,2.294,20.172,11.00
64.19632,2.435,20.842,11.00
64.20647,2.568,21.402,11.00
64.21847,2.568,21.402,11.00
64.22893,2.655,21.935,11.00
64.23934,2.655,21.935,11.00
64.25098,2.708,22.487,11.00
64.26124,2.708,22.487,11.00
64.27156,2.717,23.019,11.00
64.29830,2.677,23.019,11.50
64.30877,2.597,23.922,11.50
64.33152,2.476,23.922,11.50
64.34189,2.476,24.303,11.50
64.36223,2.310,24.303,11.50
64.37246,2.310,24.798,11.50
64.39426,2.110,25.268,11.50
64.40447,1.897,25.754,11.50
64.42608,1.701,26.214,11.50
64.43625,1.536,26.630,11.50
64.44640,1.398,27.044,11.50
64.45819,1.398,27.044,11.50
64.46837,1.308,27.436,11.50
64.47853,1.308,27.436,11.50
64.49012,1.308,27.436,12.00
64.50031,1.254,27.858,12.00
64.51060,1.254,28.366,12.00
64.52266,1.305,28.366,12.00
64.53283,1.305,28.812,12.00
64.54322,1.399,28.812,12.00
64.55543,1.399,29.276,12.00
64.56559,1.518,29.720,12.00
64.57575,1.518,29.720,12.00
64.60235,1.518,29.720,12.00
64.61270,1.644,29.720,12.00
64.63509,1.860,31.134,12.00
64.64525,1.928,31.604,12.00
64.66658,1.965,31.604,12.00
64.67678,1.965,32.054,12.00
64.69872,1.990,32.431,12.00
64.70889,1.990,32.431,12.00
64.73002,1.990,32.431,12.00
64.74021,2.077,32.782,12.00
64.75036,2.077,32.782,12.00
64.76305,2.131,33.116,12.00
64.77323,2.179,33.448,12.00
64.78339,2.179,33.448,12.00
64.79489,2.222,33.755,12.00
64.80505,2.222,34.077,12.00
64.81550,2.251,34.077,12.00
64.82652,2.261,34.077,12.00
64.83694,2.261,34.382,12.00
64.84710,2.255,34.718,12.00
64.85939,2.255,34.718,12.00
64.86972,2.236,35.030,12.00
64.88005,2.236,35.030,12.00
64.89021,2.216,35.329,12.00
64.90085,2.216,35.329,12.00
64.91100,2.216,35.329,12.00
64.93860,2.158,35.648,12.00
64.94896,2.130,36.335,12.00
64.97027,2.094,36.335,12.00
64.98043,2.094,36.698,12.00
65.00392,2.094,37.043,12.00
65.01409,2.016,37.441,12.00
65.02462,2.016,37.441,0.00
65.03485,1.982,37.791,0.00
65.04499,1.953,38.134,0.00
65.05526,1.953,38.134,0.00
65.06568,1.930,38.486,0.00
65.07587,1.930,38.486,0.00
65.08602,1.904,38.486,0.00
65.09618,1.904,38.820,0.00
65.10632,1.863,39.177,0.00
65.11647,1.863,39.177,0.00
65.12662,1.810,39.177,0.00
65.13676,1.810,39.514,0.00
65.14691,1.750,39.856,0.00
65.15708,1.750,39.856,0.00
65.16723,1.750,39.856,0.00
65.17739,1.685,40.252,0.00
65.18755,1.685,40.252,0.00
65.19768,1.622,40.598,0.00
65.20783,1.574,40.938,0.00
65.21798,1.574,40.938,0.00
65.22813,1.544,41.245,0.00
65.23837,1.544,41.245,0.00
65.24851,1.522,41.536,0.00
65.25877,1.522,41.536,0.00
65.26883,1.501,41.817,0.00
65.27899,1.501,41.817,0.00
65.28914,1.469,42.100,0.00
65.29930,1.469,42.100,0.00
65.30945,1.408,42.402,0.00
65.31964,1.408,42.402,0.00
65.32978,1.324,42.722,0.00
65.33997,1.324,42.722,0.00
65.35012,1.230,42.990,0.00
65.36028,1.230,42.990,0.00
65.37043,1.129,43.162,0.00
65.38060,1.129,43.162,0.00
65.39075,1.015,43.204,0.00
65.40089,1.015,43.204,0.00
65.41107,1.015,43.204,0.00
65.42126,0.909,43.068,0.00
65.43140,0.819,42.765,0.00
65.44154,0.819,42.765,0.00
65.45170,0.745,42.391,0.00
65.46184,0.745,42.391,0.00
65.47200,0.680,41.935,0.00
65.48215,0.680,41.935,0.00
65.49230,0.635,41.305,0.00
65.50244,0.635,41.305,0.00
65.51258,0.626,40.650,0.00
65.52274,0.626,40.650,0.00
65.53289,0.648,39.908,0.00
65.54306,0.648,39.908,0.00
65.55321,0.685,39.050,0.00
65.56338,0.685,39.050,0.00
65.57353,0.715,38.077,0.00
65.58369,0.715,38.077,0.00
65.59384,0.735,37.005,0.00
65.60399,0.735,37.005,0.00
65.61414,0.735,37.005,0.00
65.62430,0.744,35.781,0.00
65.63468,0.744,35.781,0.00
65.64485,0.769,35.781,0.00
65.65500,0.769,34.352,0.00
65.66515,0.769,34.352,0.00
65.67533,0.778,32.585,0.00
65.68554,0.778,32.585,0.00
65.69565,0.780,30.963,0.00
65.70579,0.780,29.237,0.00
65.71595,0.784,29.237,0.00
65.72609,0.781,27.322,0.00
65.73624,0.781,27.322,0.00
65.74639,0.781,27.322,0.00
65.75654,0.761,25.285,0.00
65.76669,0.761,25.285,0.00
65.77684,0.721,23.256,0.00
65.78699,0.668,21.232,0.00
65.79714,0.668,21.232,0.00
65.80730,0.616,19.151,0.00
65.81743,0.616,19.151,0.00
65.82758,0.566,16.957,0.00
65.83772,0.566,16.957,0.00
65.84787,0.505,14.486,0.00
65.85801,0.505,14.486,0.00
65.86816,0.447,12.413,0.00
65.87845,0.447,12.413,0.00
65.88860,0.416,12.413,0.00
65.89889,0.416,10.477,0.00
65.90925,0.419,8.660,0.00
65.91964,0.419,8.660,0.00
65.93002,0.446,6.919,0.00
65.94021,0.446,6.919,0.00
65.95038,0.475,5.315,0.00
65.96054,0.475,5.315,0.00
65.97070,0.501,3.876,0.00
65.98086,0.501,3.876,0.00
65.99104,0.517,2.427,0.00
66.00119,0.517,2.427,0.00
66.01134,0.529,1.297,0.00
66.02150,0.529,1.297,0.00
66.03271,0.538,0.297,0.00
66.05332,0.538,0.297,0.00
66.06487,0.541,-1.206,0.00
66.07572,0.534,-1.206,0.00
66.09181,0.519,-1.723,0.00
66.10200,0.519,-1.723,0.00
66.11313,0.519,-2.104,0.00
66.12455,0.507,-2.104,0.00
66.15616,0.496,-2.523,0.00
66.17200,0.487,-2.523,0.00
66.18352,0.487,-2.523,0.00
66.19453,0.487,-2.565,0.00
66.20568,0.487,-2.565,0.00
66.21686,0.466,-2.565,0.00
66.24935,0.437,-2.109,0.00
66.27092,0.420,-1.879,0.00
66.28231,0.410,-1.618,0.00
66.32490,0.408,-1.331,0.00
66.33535,0.409,-1.331,0.00
66.34675,0.414,-0.987,0.00
66.40042,0.442,-0.004,0.00
66.41614,0.460,0.349,0.00
66.42667,0.460,0.713,0.00
66.43716,0.473,0.713,0.00
66.45853,0.473,1.072,0.00
66.48000,0.473,1.413,0.00
66.49088,0.469,1.771,0.00
66.50109,0.469,1.771,0.00
66.51247,0.469,2.056,0.00
66.52348,0.469,2.056,0.00
66.53518,0.475,2.303,0.00
66.54539,0.475,2.303,0.00
66.56133,0.480,2.495,0.00
66.57226,0.487,2.634,0.00
66.58520,0.487,2.634,0.00
66.59694,0.499,2.726,0.00
66.60737,0.499,2.774,0.00
66.61842,0.499,2.774,0.00
66.62989,0.545,2.786,0.00
66.64009,0.545,2.786,0.00
66.65122,0.562,2.786,0.00
66.66757,0.562,2.767,0.00
66.69606,0.590,2.685,0.00
66.72945,0.603,2.540,0.00
66.76172,0.628,2.444,0.00
66.77741,0.636,2.332,0.00
66.80065,0.639,2.202,0.00
66.81384,0.638,2.045,0.00
66.86670,0.628,1.763,0.00
66.87755,0.628,1.622,0.00
66.89355,0.627,1.487,0.00
66.92552,0.629,1.361,0.00
66.93639,0.629,1.246,0.00
66.96270,0.637,1.150,0.00
66.97442,0.649,1.062,0.00
66.98595,0.649,1.062,0.00
67.00296,0.654,0.999,0.00
67.02286,0.654,0.947,0.00
67.08843,0.654,0.947,0.00
67.09864,0.664,0.931,0.00
67.16222,0.664,0.931,0.00
67.17241,0.667,1.127,0.00
67.18263,0.160,0.055,0.00
67.19277,0.162,0.111,0.00
67.20291,0.162,0.111,0.00
67.21307,0.167,0.162,0.00
67.22326,0.167,0.162,0.00
67.23341,0.174,0.213,0.00
67.24356,0.177,0.266,0.00
67.25380,0.177,0.266,0.00
67.26407,0.179,0.315,0.00
67.27421,0.179,0.315,0.00
67.28450,0.181,0.360,0.00
67.29464,0.181,0.360,0.00
67.30499,0.185,0.396,0.00
67.31547,0.185,0.396,0.00
67.32583,0.190,0.427,0.00
67.33611,0.190,0.427,0.00
67.34625,0.196,0.456,0.00
67.35638,0.196,0.456,0.00
67.36653,0.200,0.456,0.00
67.37681,0.200,0.481,0.00
67.38696,0.204,0.504,0.00
67.39710,0.204,0.504,0.00
67.40726,0.203,0.526,0.00
67.41740,0.203,0.526,0.00
67.42756,0.203,0.541,0.00
67.43770,0.201,0.541,0.00
67.44785,0.199,0.551,0.00
67.45830,0.199,0.551,0.00
67.46835,0.193,0.556,0.00
67.47859,0.193,0.556,0.00
67.48879,0.184,0.556,0.00
67.49902,0.184,0.556,0.00
67.50926,0.174,0.552,0.00
67.51944,0.174,0.552,0.00
67.52959,0.167,0.542,0.00
67.53972,0.167,0.542,0.00
67.54987,0.159,0.531,0.00
67.56005,0.159,0.531,0.00
67.57020,0.153,0.521,0.00
67.58083,0.153,0.521,0.00
67.59098,0.151,0.510,0.00
67.60113,0.151,0.510,0.00
67.61128,0.149,0.491,0.00
67.62152,0.149,0.491,0.00
67.63173,0.149,0.476,0.00
67.64198,0.149,0.476,0.00
67.65222,0.147,0.463,0.00
67.66235,0.147,0.463,0.00
67.67249,0.142,0.453,0.00
67.68264,0.144,0.441,0.00
67.69278,0.144,0.441,0.00
67.70297,0.146,0.427,0.00
67.71360,0.146,0.427,0.00
67.72396,0.146,0.427,0.00
67.73417,0.145,0.415,0.00
67.74435,0.145,0.408,0.00
67.75449,0.144,0.408,0.00
67.76464,0.144,0.405,0.00
67.77479,0.144,0.405,0.00
67.78495,0.146,0.405,0.00
67.79510,0.146,0.403,0.00
67.80525,0.152,0.400,0.00
67.81542,0.152,0.400,0.00
67.82637,0.162,0.400,0.00
67.83571,0.162,0.400,0.00
67.84586,0.168,0.401,0.00
67.85600,0.168,0.401,0.00
67.86615,0.172,0.399,0.00
67.87629,0.172,0.399,0.00
67.88730,0.174,0.397,0.00
67.89745,0.174,0.397,0.00
67.90761,0.181,0.395,0.00
67.91776,0.181,0.395,0.00
67.92790,0.192,0.396,0.00
67.93806,0.192,0.396,0.00
67.94822,0.192,0.396,0.00
67.95837,0.192,0.396,0.00
67.96853,0.192,0.398,0.00
67.97869,0.212,0.398,0.00
67.98885,0.219,0.403,0.00
68.00072,0.219,0.403,0.00
68.01089,0.224,0.410,0.00
68.02124,0.224,0.410,0.00
68.03141,0.222,0.414,0.00
68.04241,0.222,0.414,0.00
68.05256,0.224,0.415,0.00
68.06276,0.224,0.415,0.00
68.07292,0.231,0.420,0.00
68.08306,0.236,0.420,0.00
68.09321,0.236,0.426,0.00
68.10396,0.236,0.426,0.00
68.11431,0.233,0.433,0.00
68.12447,0.233,0.436,0.00
68.13460,0.233,0.436,0.00
68.14475,0.233,0.436,0.00
68.15490,0.234,0.438,0.00
68.16504,0.239,0.440,0.00
68.17532,0.239,0.440,0.00
68.18547,0.239,0.440,0.00
68.19562,0.245,0.443,0.00
68.20577,0.253,0.448,0.00
68.21591,0.253,0.448,0.00
68.22619,0.253,0.455,0.00
68.23651,0.257,0.455,0.00
68.24692,0.257,0.461,0.00
68.25720,0.261,0.461,0.00
68.26757,0.261,0.468,0.00
68.27788,0.265,0.468,0.00
68.28827,0.270,0.470,0.00
68.29865,0.270,0.470,0.00
68.30897,0.277,0.472,0.00
68.31967,0.277,0.472,0.00
68.32982,0.284,0.475,0.00
68.34006,0.284,0.475,0.00
68.35048,0.289,0.478,0.00
68.36065,0.289,0.478,0.00
68.37080,0.295,0.484,0.00
68.38095,0.295,0.484,0.00
68.39110,0.301,0.494,0.00
68.40135,0.301,0.494,0.00
68.41160,0.312,0.506,0.00
68.42179,0.312,0.506,0.00
68.43195,0.329,0.516,0.00
68.44224,0.329,0.516,0.00
68.45240,0.354,0.523,0.00
68.46254,0.354,0.523,0.00
68.47268,0.379,0.534,0.00
68.48286,0.379,0.534,0.00
68.49300,0.410,0.544,0.00
68.50323,0.444,0.544,0.00
68.51338,0.444,0.552,0.00
68.52440,0.444,0.552,0.00
68.53463,0.472,0.557,0.00
68.54479,0.472,0.557,0.00
68.55494,0.503,0.563,0.00
68.56508,0.503,0.570,0.00
68.57532,0.543,0.570,0.00
68.58547,0.543,0.580,0.00
68.59562,0.592,0.580,0.00
68.60576,0.652,0.590,0.00
68.61591,0.652,0.590,0.00
68.62606,0.727,0.599,0.00
68.63620,0.727,0.599,0.00
68.64635,0.727,0.605,0.00
68.65649,0.818,0.605,0.00
68.66663,0.818,0.607,0.00
68.67677,0.918,0.607,0.00
68.68721,1.034,0.608,0.00
68.69738,1.034,0.608,0.00
68.70753,1.167,0.610,0.00
68.71767,1.167,0.610,0.00
68.72784,1.350,0.610,0.00
68.73797,1.350,0.613,0.00
68.74812,1.614,0.617,0.00
68.75827,1.614,0.617,0.00
68.76844,1.913,0.624,0.00
68.77857,1.913,0.624,0.00
68.78871,1.913,0.624,0.00
68.79895,2.302,0.634,0.00
68.80900,2.723,0.643,0.00
68.81930,2.723,0.643,0.00
68.82947,3.199,0.652,0.00
68.83970,3.199,0.652,0.00
68.84985,3.725,0.663,0.00
68.86006,3.725,0.663,0.00
68.87032,4.284,0.678,0.00
68.88116,4.284,0.678,0.00
68.89150,4.866,0.694,0.00
68.90164,4.866,0.712,0.00
68.91190,5.487,0.712,0.00
68.92206,5.487,0.712,0.00
68.93222,6.126,0.731,0.00
68.94239,6.126,0.731,0.00
68.95288,6.781,0.751,0.00
68.96303,7.477,0.751,0.00
68.97318,7.477,0.768,0.00
68.98334,8.205,0.768,0.00
68.99348,8.205,0.783,0.00
69.00403,8.961,0.783,0.00
69.01433,8.961,0.800,0.00
69.02567,8.961,0.800,0.00
69.03586,9.738,0.816,0.00
69.04599,10.498,0.830,0.00
69.05646,10.498,0.830,0.00
69.06661,11.215,0.846,0.00
69.07675,11.215,0.846,0.00
69.09810,11.215,0.846,8.00
69.10851,12.561,0.879,8.00
69.13007,12.561,0.879,8.00
69.14030,13.142,0.894,8.00
69.16207,13.692,0.905,8.00
69.17227,14.214,0.912,8.00
69.19396,14.214,0.912,8.00
69.20414,14.661,0.917,8.00
69.21447,15.030,0.923,8.00
69.22599,15.030,0.923,8.00
69.23616,15.299,0.925,8.00
69.24680,15.461,0.924,8.00
69.25892,15.461,0.924,8.00
69.26907,15.517,0.924,8.00
69.27971,15.517,0.919,8.00
69.28995,15.517,0.915,8.00
69.30107,15.491,0.915,8.00
69.31128,15.406,0.910,8.00
69.32217,15.406,0.910,8.50
69.33236,15.240,0.906,8.50
69.34259,15.240,0.906,8.50
69.35423,14.975,0.900,8.50
69.36442,14.975,0.900,8.50
69.37459,14.603,0.899,8.50
69.40238,14.603,0.899,8.50
69.41258,13.502,0.907,8.50
69.43458,12.827,0.964,8.50
69.44479,12.114,0.964,8.50
69.46633,12.114,2.004,8.50
69.47649,11.400,2.004,8.50
69.49814,11.400,2.004,9.00
69.50831,10.687,2.821,9.00
69.51847,9.982,3.566,9.00
69.53033,9.982,3.566,9.00
69.54056,9.269,4.113,9.00
69.55076,8.585,4.568,9.00
69.56333,8.585,4.568,9.00
69.57363,7.947,4.955,9.00
69.58379,7.947,4.955,9.00
69.59549,7.334,5.280,9.00
69.60579,6.743,5.512,9.00
69.61614,6.743,5.512,9.00
69.62630,6.743,5.512,9.50
69.63647,6.182,5.703,9.50
69.64663,5.637,5.918,9.50
69.65843,5.637,5.918,9.50
69.66860,5.125,6.203,9.50
69.67879,5.125,6.203,9.50
69.70788,4.645,6.658,9.50
69.71809,4.187,7.420,9.50
69.73787,4.187,7.420,10.00
69.74806,3.343,9.068,10.00
69.77050,2.998,9.933,10.00
69.78190,2.998,9.933,10.00
69.80211,2.702,10.695,10.00
69.81228,2.433,11.363,10.00
69.83418,2.190,11.363,10.50
69.84454,1.981,12.033,10.50
69.85483,1.981,12.689,10.50
69.86647,1.981,12.689,10.50
69.87666,1.832,13.371,10.50
69.88682,1.745,13.971,10.50
69.89827,1.745,13.971,10.50
69.90874,1.703,14.585,10.50
69.91900,1.703,14.585,10.50
69.93015,1.696,14.585,10.50
69.94110,1.696,15.184,10.50
69.95126,1.729,15.767,10.50
69.96389,1.813,16.305,11.00
69.97405,1.813,16.305,11.00
69.98420,1.938,16.844,11.00
69.99479,1.938,16.844,11.00
70.00627,1.938,16.844,11.00
70.01642,2.085,17.388,11.00
70.04258,2.085,17.388,11.00
70.05256,2.404,18.599,11.00
70.07438,2.587,18.599,11.50
70.08456,2.784,19.176,11.50
70.10673,2.981,20.284,11.50
70.11692,2.981,20.284,11.50
70.13878,3.172,20.797,11.50
70.14910,3.363,21.288,11.50
70.17024,3.363,21.288,11.50
70.18075,3.556,21.715,11.50
70.19091,3.747,22.220,11.50
70.20296,3.931,22.685,11.50
70.21311,3.931,22.685,11.50
70.22370,4.107,23.128,11.50
70.23425,4.107,23.128,11.50
70.24443,4.107,23.592,11.50
70.25475,4.264,23.592,11.50
70.26604,4.264,23.592,12.00
70.27620,4.406,24.055,12.00
70.28637,4.406,24.055,12.00
70.29844,4.531,24.537,12.00
70.30863,4.642,25.001,12.00
70.31901,4.642,25.001,12.00
70.33144,4.738,25.461,12.00
70.34451,4.738,25.461,12.00
70.35469,4.807,25.996,12.00
70.37869,4.857,25.996,12.00
70.38887,4.901,26.938,12.00
70.41159,4.901,26.938,12.00
70.42203,4.932,27.373,12.00
70.44265,4.948,27.798,12.00
70.45284,4.945,28.205,12.00
70.47464,4.928,28.560,12.00
70.48500,4.928,28.560,12.00
70.50789,4.905,28.914,12.00
70.51837,4.880,29.270,12.00
70.53790,4.859,29.270,12.00
70.54809,4.834,29.862,12.00
70.55823,4.834,29.862,12.00
70.57082,4.803,30.135,12.00
70.58111,4.803,30.135,12.00
70.59127,4.768,30.418,12.00
70.60433,4.768,30.418,12.00
70.61448,4.739,30.696,12.00
70.62463,4.716,31.002,12.00
70.63544,4.716,31.002,12.00
70.64559,4.692,31.302,12.00
70.65574,4.692,31.302,12.00
70.66601,4.692,31.302,12.00
70.67618,4.666,31.647,12.00
70.68632,4.641,31.976,12.00
70.71434,4.641,32.290,12.00
70.72452,4.619,32.290,12.00
70.74606,4.599,32.605,12.00
70.75624,4.583,32.907,12.00
70.77795,4.583,32.907,12.00
70.78822,4.568,33.539,12.00
70.79837,4.568,33.539,0.00
70.80851,4.566,33.853,0.00
70.81875,4.566,33.853,0.00
70.82898,4.570,34.225,0.00
70.83923,4.570,34.225,0.00
70.84938,4.571,34.547,0.00
70.85960,4.571,34.547,0.00
70.86976,4.566,34.853,0.00
70.88039,4.566,34.853,0.00
70.89076,4.549,35.161,0.00
70.90104,4.549,35.161,0.00
70.91127,4.524,35.440,0.00
70.92147,4.524,35.440,0.00
70.93171,4.498,35.724,0.00
70.94189,4.498,35.724,0.00
70.95242,4.457,36.002,0.00
70.96272,4.457,36.002,0.00
70.97287,4.411,36.277,0.00
70.98302,4.411,36.612,0.00
70.99315,4.365,36.612,0.00
71.00335,4.365,36.612,0.00
71.01349,4.328,36.884,0.00
71.02394,4.328,37.154,0.00
71.03432,4.279,37.154,0.00
71.04448,4.203,37.154,0.00
71.05470,4.203,37.409,0.00
71.06496,4.203,37.409,0.00
71.07525,4.103,37.650,0.00
71.08550,3.979,37.650,0.00
71.09573,3.979,37.899,0.00
71.10588,3.979,37.899,0.00
71.11604,3.843,38.131,0.00
71.12618,3.711,38.387,0.00
71.13631,3.711,38.387,0.00
71.14646,3.584,38.663,0.00
71.15660,3.584,38.663,0.00
71.16675,3.456,38.877,0.00
71.17690,3.456,38.877,0.00
71.18735,3.314,39.003,0.00
71.19763,3.314,39.003,0.00
71.20780,3.163,39.000,0.00
71.21795,3.163,39.000,0.00
71.22810,3.163,38.835,0.00
71.23824,3.012,38.835,0.00
71.24840,3.012,38.577,0.00
71.25864,2.866,38.577,0.00
71.26871,2.717,38.235,0.00
71.27894,2.717,38.235,0.00
71.28917,2.563,37.767,0.00
71.29932,2.563,37.767,0.00
71.30947,2.424,37.031,0.00
71.31962,2.424,37.031,0.00
71.32978,2.299,36.128,0.00
71.33991,2.299,36.128,0.00
71.35026,2.176,33.765,0.00
71.36069,2.176,33.765,0.00
71.37103,2.055,32.322,0.00
71.38151,2.055,32.322,0.00
71.39178,1.934,30.699,0.00
71.40219,1.934,28.971,0.00
71.41247,1.812,28.971,0.00
71.42266,1.812,28.971,0.00
71.43283,1.694,27.208,0.00
71.44304,1.587,27.208,0.00
71.45318,1.587,25.207,0.00
71.46334,1.485,25.207,0.00
71.47348,1.485,23.430,0.00
71.48364,1.377,23.430,0.00
71.49379,1.377,21.680,0.00
71.50392,1.279,21.680,0.00
71.51406,1.279,19.942,0.00
71.52446,1.207,18.162,0.00
71.53462,1.207,18.162,0.00
71.54477,1.207,16.261,0.00
71.55493,1.152,16.261,0.00
71.56584,1.094,14.268,0.00
71.57599,1.094,14.268,0.00
71.58645,1.031,12.293,0.00
71.59660,1.031,12.293,0.00
71.60754,0.971,10.117,0.00
71.61768,0.971,10.117,0.00
71.62785,0.924,8.242,0.00
71.63800,0.924,8.242,0.00
71.64817,0.884,6.410,0.00
71.65832,0.884,6.410,0.00
71.66846,0.884,6.410,0.00
71.67862,0.884,4.641,0.00
71.68878,0.849,4.641,0.00
71.69894,0.817,3.011,0.00
71.70909,0.795,1.570,0.00
71.71924,0.795,1.570,0.00
71.72939,0.785,0.328,0.00
71.73954,0.785,0.328,0.00
71.74970,0.789,-0.686,0.00
71.75985,0.789,-0.686,0.00
71.77000,0.797,-1.483,0.00
71.78033,0.797,-1.483,0.00
71.79063,0.811,-2.190,0.00
71.80094,0.811,-2.190,0.00
71.81127,0.811,-2.190,0.00
71.82699,0.834,-3.114,0.00
71.84363,0.910,-3.439,0.00
71.85938,0.910,-3.439,0.00
71.87006,0.910,-3.439,0.00
71.88635,0.953,-3.824,0.00
71.89710,0.999,-3.824,0.00
71.91824,1.059,-3.888,0.00
71.92886,1.059,-3.888,0.00
71.93970,1.122,-3.888,0.00
71.95124,1.176,-3.689,0.00
71.96764,1.229,-3.450,0.00
71.97781,1.229,-3.450,0.00
71.98882,1.229,-3.142,0.00
72.00014,1.283,-3.142,0.00
72.01034,1.283,-3.142,0.00
72.02573,1.346,-2.786,0.00
72.03713,1.407,-2.408,0.00
72.04789,1.407,-2.038,0.00
72.05856,1.468,-2.038,0.00
72.07480,1.517,-1.712,0.00
72.09057,1.561,-1.712,0.00
72.10211,1.561,-1.417,0.00
72.11231,1.561,-1.417,0.00
72.12998,1.561,-1.417,0.00
72.14193,1.631,-1.108,0.00
72.15303,1.631,-0.863,0.00
72.16868,1.631,-0.863,0.00
72.18420,1.631,-0.656,0.00
72.19547,1.619,-0.486,0.00
72.20625,1.619,-0.486,0.00
72.22218,1.600,-0.345,0.00
72.23807,1.578,-0.233,0.00
72.24926,1.549,-0.143,0.00
72.25945,1.549,-0.143,0.00
72.27534,1.517,-0.068,0.00
72.28837,1.484,-0.005,0.00
72.29856,1.484,-0.005,0.00
72.30996,1.448,-0.005,0.00
72.32278,1.448,0.046,0.00
72.34151,1.409,0.091,0.00
72.35686,1.409,0.124,0.00
72.36822,1.365,0.124,0.00
72.38428,1.325,0.124,0.00
72.39658,1.289,0.175,0.00
72.40840,1.289,0.175,0.00
72.42445,1.252,0.188,0.00
72.43654,1.212,0.178,0.00
72.44860,1.172,0.145,0.00
72.45879,1.172,0.145,0.00
72.47418,1.172,0.102,0.00
72.48565,1.113,0.057,0.00
72.50649,1.095,0.057,0.00
72.52401,1.095,0.008,0.00
72.53704,1.085,-0.048,0.00
72.54892,1.086,-0.110,0.00
72.56149,1.086,-0.110,0.00
72.57571,1.097,-0.172,0.00
72.58651,1.097,-0.172,0.00
72.59840,1.116,-0.232,0.00
72.61101,1.116,-0.232,0.00
72.62528,1.143,-0.232,0.00
72.65405,1.225,-0.424,0.00
72.67108,1.267,-0.478,0.00
72.68179,1.267,-0.478,0.00
72.69748,1.309,-0.517,0.00
72.71416,1.349,-0.538,0.00
72.73077,1.386,-0.537,0.00
72.74510,1.386,-0.516,0.00
72.76383,1.466,-0.474,0.00
72.77977,1.466,-0.474,0.00
72.79022,1.503,-0.474,0.00
72.80091,1.503,-0.425,0.00
72.87414,1.589,-0.425,0.00
72.88460,1.597,-0.167,0.00
72.95619,1.597,-0.095,0.00
72.96748,1.566,0.144,0.00
72.97938,0.248,0.688,0.00
72.98987,0.248,0.688,0.00
73.00007,0.213,0.746,0.00
73.01031,0.174,0.794,0.00
73.02062,0.174,0.794,0.00
73.03093,0.133,0.833,0.00
73.04108,0.133,0.833,0.00
73.05143,0.089,0.863,0.00
73.06443,0.089,0.863,0.00
73.07460,0.058,0.886,0.00
73.08475,0.027,0.886,0.00
73.09489,0.027,0.903,0.00
73.10508,0.027,0.903,0.00
73.11520,-0.010,0.912,0.00
73.12535,-0.010,0.918,0.00
73.13550,-0.058,0.918,0.00
73.14568,-0.107,0.917,0.00
73.15583,-0.107,0.917,0.00
73.16598,-0.152,0.916,0.00
73.17611,-0.152,0.916,0.00
73.18626,-0.152,0.916,0.00
73.19643,-0.188,0.915,0.00
73.20658,-0.188,0.915,0.00
73.21671,-0.221,0.907,0.00
73.22686,-0.256,0.895,0.00
73.23701,-0.256,0.895,0.00
73.24754,-0.296,0.888,0.00
73.25769,-0.296,0.888,0.00
73.26791,-0.296,0.888,0.00
73.27807,-0.333,0.883,0.00
73.28822,-0.359,0.883,0.00
73.29838,-0.359,0.871,0.00
73.30854,-0.383,0.852,0.00
73.31875,-0.383,0.852,0.00
73.32890,-0.406,0.829,0.00
73.33908,-0.406,0.829,0.00
73.34924,-0.417,0.810,0.00
73.35943,-0.417,0.810,0.00
73.36978,-0.415,0.792,0.00
73.37992,-0.415,0.792,0.00
73.39008,-0.408,0.775,0.00
73.40022,-0.408,0.775,0.00
73.41038,-0.404,0.753,0.00
73.42064,-0.404,0.753,0.00
73.43080,-0.400,0.727,0.00
73.44097,-0.400,0.727,0.00
73.45120,-0.391,0.704,0.00
73.46136,-0.391,0.704,0.00
73.47151,-0.381,0.687,0.00
73.48172,-0.381,0.687,0.00
73.49188,-0.375,0.678,0.00
73.50202,-0.375,0.678,0.00
73.51217,-0.373,0.669,0.00
73.52231,-0.369,0.664,0.00
73.53246,-0.369,0.664,0.00
73.54345,-0.369,0.664,0.00
73.55367,-0.366,0.665,0.00
73.56384,-0.366,0.665,0.00
73.57399,-0.368,0.666,0.00
73.58413,-0.368,0.666,0.00
73.59428,-0.369,0.666,0.00
73.60442,-0.370,0.668,0.00
73.61457,-0.370,0.668,0.00
73.62472,-0.373,0.664,0.00
73.63486,-0.373,0.664,0.00
73.64502,-0.376,0.652,0.00
73.65516,-0.376,0.652,0.00
73.66532,-0.376,0.652,0.00
73.67547,-0.380,0.633,0.00
73.68562,-0.382,0.615,0.00
73.69585,-0.382,0.615,0.00
73.70600,-0.380,0.601,0.00
73.71625,-0.380,0.601,0.00
73.72662,-0.386,0.591,0.00
73.73695,-0.386,0.591,0.00
73.74747,-0.406,0.588,0.00
73.75798,-0.406,0.588,0.00
73.76812,-0.434,0.588,0.00
73.77846,-0.434,0.588,0.00
73.78888,-0.434,0.600,0.00
73.79937,-0.456,0.600,0.00
73.81038,-0.476,0.614,0.00
73.82161,-0.476,0.614,0.00
73.83178,-0.501,0.636,0.00
73.84195,-0.501,0.666,0.00
73.85210,-0.517,0.666,0.00
73.86227,-0.517,0.694,0.00
73.87241,-0.528,0.694,0.00
73.88288,-0.528,0.694,0.00
73.89304,-0.548,0.696,0.00
73.90342,-0.548,0.696,0.00
73.91348,-0.574,0.687,0.00
73.92362,-0.604,0.682,0.00
73.93397,-0.604,0.682,0.00
73.94421,-0.637,0.682,0.00
73.95446,-0.637,0.684,0.00
73.96461,-0.667,0.684,0.00
73.97478,-0.667,0.691,0.00
73.98492,-0.696,0.691,0.00
73.99542,-0.696,0.703,0.00
74.00558,-0.721,0.703,0.00
74.01590,-0.721,0.718,0.00
74.02624,-0.745,0.740,0.00
74.03643,-0.745,0.740,0.00
74.04661,-0.767,0.765,0.00
74.05677,-0.767,0.765,0.00
74.06693,-0.786,0.791,0.00
74.07708,-0.786,0.791,0.00
74.08726,-0.801,0.815,0.00
74.09742,-0.801,0.815,0.00
74.10759,-0.809,0.834,0.00
74.11777,-0.809,0.834,0.00
74.12793,-0.801,0.847,0.00
74.13810,-0.801,0.847,0.00
74.14827,-0.777,0.859,0.00
74.15843,-0.777,0.859,0.00
74.16876,-0.740,0.873,0.00
74.17891,-0.740,0.873,0.00
74.18908,-0.690,0.889,0.00
74.19922,-0.690,0.889,0.00
74.20937,-0.624,0.899,0.00
74.21951,-0.624,0.899,0.00
74.22966,-0.527,0.908,0.00
74.23980,-0.527,0.908,0.00
74.25005,-0.385,0.915,0.00
74.26048,-0.385,0.915,0.00
74.27063,-0.184,0.922,0.00
74.28079,-0.184,0.922,0.00
74.29093,0.076,0.929,0.00
74.30171,0.076,0.929,0.00
74.31204,0.371,0.934,0.00
74.32219,0.371,0.938,0.00
74.33234,0.715,0.938,0.00
74.34325,1.183,0.944,0.00
74.35338,1.183,0.944,0.00
74.36355,1.779,0.951,0.00
74.37368,1.779,0.951,0.00
74.38430,1.779,0.951,0.00
74.39445,2.440,0.957,0.00
74.40464,3.148,0.957,0.00
74.41479,3.148,0.961,0.00
74.42513,3.148,0.961,0.00
74.43529,3.913,0.963,0.00
74.44544,4.746,0.965,0.00
74.45567,4.746,0.965,0.00
74.46600,5.644,0.965,0.00
74.47631,5.644,0.966,0.00
74.48668,6.605,0.966,0.00
74.49701,6.605,0.967,0.00
74.50746,7.593,0.970,0.00
74.51760,7.593,0.970,0.00
74.52775,7.593,0.974,0.00
74.53790,8.581,0.974,0.00
74.54805,9.543,0.978,0.00
74.55826,9.543,0.978,0.00
74.57080,10.456,0.985,0.00
74.58144,10.456,0.985,0.00
74.59161,11.307,0.997,0.00
74.61787,11.307,0.997,8.00
74.62813,12.814,1.040,8.00
74.65003,12.814,1.040,8.00
74.66031,13.432,1.062,8.00
74.68375,13.949,1.082,8.00
74.69392,13.949,1.104,8.00
74.71429,14.345,1.125,8.00
74.72454,14.586,1.125,8.00
74.74582,14.676,1.146,8.00
74.75599,14.621,1.163,8.00
74.76613,14.621,1.163,8.00
74.77868,14.621,1.178,8.00
74.78887,14.093,1.195,8.00
74.79902,14.093,1.195,8.00
74.80980,14.093,1.195,8.00
74.82008,13.645,1.212,8.00
74.83031,13.645,1.212,8.00
74.84539,13.104,1.226,8.50
74.85563,12.469,1.232,8.50
74.86578,11.727,1.238,8.50
74.87594,11.727,1.238,8.50
74.88625,10.883,1.242,8.50
74.89640,10.883,1.242,8.50
74.90655,9.959,1.246,8.50
74.91670,9.959,1.246,8.50
74.92684,9.959,1.246,8.50
74.95455,8.963,1.305,8.50
74.96472,7.916,1.639,8.50
74.98721,5.781,2.307,8.50
74.99736,5.781,3.165,8.50
75.01778,5.781,3.165,9.00
75.02794,3.678,4.394,9.00
75.05083,2.683,4.782,9.00
75.06099,2.683,4.782,9.00
75.08472,1.756,5.123,9.00
75.09490,0.932,5.427,9.00
75.11446,0.236,5.619,9.00
75.12461,-0.400,5.619,9.00
75.13476,-0.400,5.776,9.00
75.14600,-0.400,5.776,9.50
75.15619,-0.967,6.045,9.50
75.16633,-0.967,6.045,9.50
75.17801,-1.128,6.333,9.50
75.18818,-0.870,6.774,9.50
75.19832,-0.870,6.774,9.50
75.21080,-0.518,7.348,9.50
75.22135,-0.518,7.348,9.50
75.23169,-0.218,8.011,9.50
75.24275,-0.218,8.011,10.00
75.25299,0.161,8.710,10.00
75.26326,0.161,8.710,10.00
75.29014,0.869,9.421,10.00
75.30055,0.869,10.048,10.00
75.32373,1.149,10.048,10.00
75.33391,1.283,10.773,10.00
75.35381,1.283,11.118,10.50
75.36400,1.447,11.764,10.50
75.38622,1.447,12.356,10.50
75.39641,1.624,12.356,10.50
75.40657,1.624,12.356,10.50
75.41841,1.847,13.077,10.50
75.42908,1.847,13.077,10.50
75.43931,2.050,13.874,10.50
75.45042,2.194,14.612,10.50
75.46148,2.194,14.612,10.50
75.47164,2.278,15.292,10.50
75.48177,2.278,15.292,11.00
75.49195,2.328,15.808,11.00
75.50211,2.328,15.808,11.00
75.51395,2.356,16.312,11.00
75.52413,2.368,16.312,11.00
75.53429,2.368,16.849,11.00
75.54591,2.368,16.849,11.00
75.56235,2.368,18.050,11.00
75.57251,2.310,18.050,11.00
75.59588,2.222,18.682,11.00
75.60603,2.222,18.682,11.00
75.62583,2.222,18.682,11.50
75.63601,2.114,19.289,11.50
75.65851,1.869,19.905,11.50
75.66885,1.740,20.945,11.50
75.69035,1.740,21.501,11.50
75.70055,1.605,21.501,11.50
75.71076,1.474,22.056,11.50
75.72240,1.350,22.056,11.50
75.73278,1.350,22.614,11.50
75.74294,1.350,22.614,11.50
75.75409,1.239,23.185,11.50
75.76427,1.239,23.185,11.50
75.77443,1.138,23.747,11.50
75.78633,1.054,23.747,12.00
75.79689,1.054,24.394,12.00
75.80707,0.988,24.938,12.00
75.81831,0.988,24.938,12.00
75.82872,0.932,25.427,12.00
75.83923,0.932,25.427,12.00
75.85051,0.889,25.892,12.00
75.86122,0.856,25.892,12.00
75.87148,0.856,26.341,12.00
75.89852,0.856,26.803,12.00
75.90870,0.829,27.231,12.00
75.93011,0.839,27.231,12.00
75.94148,0.839,27.663,12.00
75.96187,0.868,28.138,12.00
75.97207,0.907,28.531,12.00
75.99390,0.907,28.531,12.00
76.00410,0.952,28.940,12.00
76.01441,1.012,29.346,12.00
76.02641,1.083,29.752,12.00
76.03659,1.083,29.752,12.00
76.04683,1.083,29.752,12.00
76.05800,1.083,29.752,12.00
76.06882,1.083,29.752,12.00
76.07907,1.258,30.135,12.00
76.09076,1.343,30.863,12.00
76.10145,1.343,30.863,12.00
76.11209,1.434,31.234,12.00
76.12464,1.434,31.234,12.00
76.13482,1.522,31.541,12.00
76.14496,1.603,31.814,12.00
76.15560,1.603,31.814,12.00
76.16574,1.686,32.074,12.00
76.17589,1.686,32.074,12.00
76.20354,1.852,32.644,12.00
76.21369,1.852,32.644,12.00
76.23410,1.852,32.946,12.00
76.24447,1.929,33.238,12.00
76.26734,2.042,33.531,12.00
76.27749,2.042,33.531,12.00
76.29782,2.042,33.531,12.00
76.30797,2.136,34.009,12.00
76.31812,2.136,34.009,12.00
76.32831,2.172,34.217,0.00
76.33846,2.172,34.217,0.00
76.34916,2.188,34.420,0.00
76.35932,2.188,34.420,0.00
76.36948,2.178,34.610,0.00
76.37964,2.178,34.610,0.00
76.38980,2.150,34.823,0.00
76.39997,2.150,34.823,0.00
76.41012,2.111,35.021,0.00
76.42027,2.111,35.021,0.00
76.43044,2.067,35.252,0.00
76.44060,2.067,35.252,0.00
76.45077,2.008,35.447,0.00
76.46092,2.008,35.447,0.00
76.47109,1.931,35.637,0.00
76.48125,1.931,35.637,0.00
76.49143,1.858,35.827,0.00
76.50159,1.858,35.827,0.00
76.51177,1.792,35.988,0.00
76.52192,1.792,35.988,0.00
76.53209,1.728,36.149,0.00
76.54226,1.728,36.149,0.00
76.55244,1.676,36.295,0.00
76.56260,1.676,36.295,0.00
76.57276,1.605,36.436,0.00
76.58296,1.605,36.436,0.00
76.59329,1.499,36.593,0.00
76.60369,1.386,36.720,0.00
76.61400,1.386,36.720,0.00
76.62435,1.271,36.868,0.00
76.63465,1.271,36.868,0.00
76.64481,1.271,37.013,0.00
76.65501,1.149,37.013,0.00
76.66538,1.149,37.164,0.00
76.67568,1.030,37.164,0.00
76.68612,0.925,37.271,0.00
76.69641,0.925,37.271,0.00
76.70657,0.925,37.271,0.00
76.71676,0.814,37.318,0.00
76.72692,0.704,37.282,0.00
76.73706,0.704,37.282,0.00
76.74723,0.704,37.282,0.00
76.75739,0.594,37.083,0.00
76.76757,0.488,36.848,0.00
76.77772,0.488,36.848,0.00
76.78788,0.387,36.574,0.00
76.79802,0.387,36.574,0.00
76.80818,0.290,36.197,0.00
76.81831,0.290,36.197,0.00
76.82847,0.290,36.197,0.00
76.83863,0.290,36.197,0.00
76.84880,0.145,35.679,0.00
76.85897,0.145,35.679,0.00
76.86914,0.106,35.002,0.00
76.87929,0.106,35.002,0.00
76.88946,0.087,34.258,0.00
76.89962,0.087,34.258,0.00
76.90978,0.071,33.482,0.00
76.91997,0.071,33.482,0.00
76.93013,0.055,32.430,0.00
76.94028,0.055,32.430,0.00
76.95057,0.033,31.305,0.00
76.96073,0.033,31.305,0.00
76.97107,-0.004,30.119,0.00
76.98124,-0.004,30.119,0.00
76.99140,-0.056,28.925,0.00
77.00153,-0.056,28.925,0.00
77.01169,-0.123,27.664,0.00
77.02183,-0.123,27.664,0.00
77.03199,-0.199,26.268,0.00
77.04217,-0.199,26.268,0.00
77.05232,-0.277,24.712,0.00
77.06247,-0.277,23.077,0.00
77.07289,-0.358,23.077,0.00
77.08335,-0.358,23.077,0.00
77.09361,-0.454,21.191,0.00
77.10384,-0.454,21.191,0.00
77.11401,-0.552,19.459,0.00
77.12415,-0.552,19.459,0.00
77.13430,-0.632,17.683,0.00
77.14445,-0.632,17.683,0.00
77.15459,-0.697,15.864,0.00
77.16475,-0.697,15.864,0.00
77.17488,-0.758,14.069,0.00
77.18502,-0.758,14.069,0.00
77.19517,-0.814,12.355,0.00
77.20532,-0.859,10.745,0.00
77.21546,-0.859,10.745,0.00
77.22561,-0.889,9.224,0.00
77.23576,-0.889,9.224,0.00
77.24590,-0.908,7.583,0.00
77.25605,-0.908,7.583,0.00
77.26620,-0.925,6.185,0.00
77.27634,-0.925,6.185,0.00
77.28649,-0.936,4.887,0.00
77.29664,-0.936,4.887,0.00
77.30678,-0.946,3.727,0.00
77.31692,-0.946,3.727,0.00
77.32867,-0.946,2.676,0.00
77.33903,-0.962,2.676,0.00
77.34953,-0.962,2.676,0.00
77.37448,-0.969,0.901,0.00
77.38532,-0.969,0.901,0.00
77.40182,-0.957,0.218,0.00
77.41575,-0.957,-0.342,0.00
77.42692,-0.926,-0.818,0.00
77.44481,-0.911,-0.818,0.00
77.46271,-0.900,-0.818,0.00
77.47814,-0.900,-1.302,0.00
77.48876,-0.900,-1.302,0.00
77.49946,-0.900,-1.438,0.00
77.51029,-0.886,-1.438,0.00
77.52128,-0.886,-1.438,0.00
77.53221,-0.886,-1.535,0.00
77.54343,-0.899,-1.700,0.00
77.55372,-0.899,-1.700,0.00
77.56390,-0.899,-1.700,0.00
77.57424,-0.910,-1.700,0.00
77.58462,-0.910,-1.810,0.00
77.59500,-0.911,-1.810,0.00
77.60568,-0.903,-1.827,0.00
77.61589,-0.903,-1.827,0.00
77.62627,-0.903,-1.799,0.00
77.63676,-0.885,-1.799,0.00
77.64758,-0.864,-1.706,0.00
77.66346,-0.864,-1.563,0.00
77.67405,-0.847,-1.563,0.00
77.68425,-0.832,-1.563,0.00
77.70001,-0.832,-1.381,0.00
77.71602,-0.820,-1.180,0.00
77.73276,-0.810,-0.981,0.00
77.74373,-0.807,-0.981,0.00
77.75474,-0.807,-0.781,0.00
77.77050,-0.811,-0.632,0.00
77.78117,-0.811,-0.632,0.00
77.79203,-0.819,-0.632,0.00
77.80272,-0.819,-0.385,0.00
77.83415,-0.825,-0.385,0.00
77.85051,-0.831,-0.271,0.00
77.86727,-0.835,-0.029,0.00
77.87742,-0.835,-0.029,0.00
77.88761,-0.835,-0.029,0.00
77.89798,-0.835,0.110,0.00
77.90836,-0.833,0.110,0.00
77.91886,-0.833,0.270,0.00
77.92925,-0.828,0.270,0.00
77.93997,-0.828,0.409,0.00
77.95019,-0.825,0.409,0.00
77.96054,-0.825,0.532,0.00
77.97092,-0.825,0.532,0.00
77.98201,-0.825,0.633,0.00
77.99789,-0.832,0.719,0.00
78.00809,-0.832,0.799,0.00
78.01842,-0.842,0.799,0.00
78.02883,-0.842,0.868,0.00
78.04475,-0.856,0.911,0.00
78.05490,-0.856,0.911,0.00
78.06533,-0.856,0.931,0.00
78.07572,-0.856,0.931,0.00
78.08585,-0.856,0.931,0.00
78.09675,-0.856,0.931,0.00
78.10720,-0.865,0.931,0.00
78.11755,-0.865,0.924,0.00
78.12792,-0.886,0.924,0.00
78.13830,-0.886,0.908,0.00
78.14881,-0.893,0.908,0.00
78.15939,-0.893,0.877,0.00
78.17043,-0.898,0.833,0.00
78.18076,-0.898,0.833,0.00
78.19170,-0.898,0.779,0.00
78.20196,-0.903,0.779,0.00
78.21851,-0.909,0.736,0.00
78.23451,-0.921,0.709,0.00
78.24466,-0.938,0.695,0.00
78.25502,-0.938,0.695,0.00
78.27075,-0.961,0.687,0.00
78.28186,-0.961,0.687,0.00
78.29377,-0.986,0.683,0.00
78.30432,-1.009,0.680,0.00
78.31475,-1.009,0.680,0.00
78.32516,-1.028,0.677,0.00
78.38252,-1.028,0.606,0.00
78.39271,-1.083,0.606,0.00
78.45325,-1.083,0.606,0.00
78.46342,-1.108,0.432,0.00
78.47357,-0.223,0.161,0.00
78.48372,-0.225,0.119,0.00
78.49385,-0.225,0.119,0.00
78.50517,-0.230,0.096,0.00
78.51533,-0.230,0.096,0.00
78.52547,-0.233,0.096,0.00
78.53561,-0.233,0.096,0.00
78.54575,-0.234,0.114,0.00
78.55604,-0.234,0.114,0.00
78.56620,-0.236,0.133,0.00
78.57633,-0.236,0.133,0.00
78.58648,-0.242,0.149,0.00
78.59663,-0.242,0.149,0.00
78.60678,-0.251,0.155,0.00
78.61692,-0.251,0.155,0.00
78.62741,-0.260,0.158,0.00
78.63785,-0.260,0.158,0.00
78.64804,-0.270,0.158,0.00
78.65820,-0.270,0.152,0.00
78.66837,-0.278,0.140,0.00
78.67852,-0.278,0.140,0.00
78.68867,-0.284,0.119,0.00
78.69881,-0.284,0.119,0.00
78.70907,-0.287,0.081,0.00
78.71921,-0.287,0.081,0.00
78.72938,-0.288,0.047,0.00
78.73953,-0.288,0.047,0.00
78.74969,-0.286,0.016,0.00
78.75984,-0.286,0.016,0.00
78.76999,-0.284,-0.016,0.00
78.78013,-0.284,-0.016,0.00
78.79029,-0.285,-0.040,0.00
78.80048,-0.285,-0.040,0.00
78.81063,-0.293,-0.046,0.00
78.82141,-0.293,-0.046,0.00
78.83157,-0.298,-0.035,0.00
78.84172,-0.298,-0.014,0.00
78.85186,-0.303,-0.014,0.00
78.86202,-0.303,-0.014,0.00
78.87217,-0.310,0.013,0.00
78.88231,-0.310,0.013,0.00
78.89249,-0.311,0.038,0.00
78.90343,-0.311,0.038,0.00
78.91360,-0.308,0.060,0.00
78.92424,-0.308,0.060,0.00
78.93440,-0.307,0.074,0.00
78.94454,-0.303,0.074,0.00
78.95471,-0.303,0.074,0.00
78.96486,-0.299,0.069,0.00
78.97500,-0.299,0.069,0.00
78.98516,-0.299,0.062,0.00
78.99531,-0.299,0.062,0.00
79.00546,-0.298,0.063,0.00
79.01561,-0.298,0.063,0.00
79.02591,-0.298,0.063,0.00
79.03606,-0.289,0.076,0.00
79.04620,-0.282,0.096,0.00
79.05635,-0.282,0.096,0.00
79.06653,-0.285,0.120,0.00
79.07685,-0.285,0.120,0.00
79.08728,-0.289,0.142,0.00
79.09764,-0.289,0.142,0.00
79.10818,-0.298,0.161,0.00
79.11845,-0.298,0.161,0.00
79.12882,-0.305,0.172,0.00
79.13936,-0.305,0.172,0.00
79.14953,-0.307,0.176,0.00
79.16002,-0.307,0.176,0.00
79.17019,-0.305,0.173,0.00
79.18033,-0.305,0.173,0.00
79.19053,-0.302,0.165,0.00
79.20121,-0.302,0.165,0.00
79.21137,-0.296,0.160,0.00
79.22226,-0.296,0.160,0.00
79.23242,-0.290,0.160,0.00
79.24439,-0.290,0.161,0.00
79.25453,-0.282,0.161,0.00
79.26468,-0.277,0.161,0.00
79.27482,-0.277,0.167,0.00
79.28499,-0.277,0.167,0.00
79.29519,-0.274,0.176,0.00
79.30532,-0.274,0.176,0.00
79.31546,-0.271,0.184,0.00
79.32559,-0.271,0.184,0.00
79.33573,-0.270,0.187,0.00
79.34605,-0.268,0.188,0.00
79.35620,-0.268,0.188,0.00
79.36635,-0.262,0.189,0.00
79.37651,-0.262,0.189,0.00
79.38668,-0.255,0.186,0.00
79.39684,-0.255,0.186,0.00
79.40700,-0.249,0.181,0.00
79.41714,-0.249,0.181,0.00
79.42731,-0.240,0.174,0.00
79.43746,-0.240,0.174,0.00
79.44762,-0.236,0.166,0.00
79.45777,-0.236,0.166,0.00
79.46795,-0.234,0.157,0.00
79.47810,-0.234,0.157,0.00
79.48826,-0.226,0.151,0.00
79.49841,-0.226,0.151,0.00
79.50857,-0.220,0.149,0.00
79.51872,-0.220,0.149,0.00
79.52888,-0.216,0.149,0.00
79.53903,-0.216,0.149,0.00
79.54930,-0.212,0.151,0.00
79.55944,-0.212,0.151,0.00
79.56958,-0.209,0.153,0.00
79.57997,-0.209,0.153,0.00
79.59014,-0.208,0.157,0.00
79.60040,-0.208,0.157,0.00
79.61056,-0.206,0.162,0.00
79.62086,-0.206,0.162,0.00
79.63102,-0.202,0.166,0.00
79.64129,-0.202,0.166,0.00
79.65144,-0.195,0.170,0.00
79.66163,-0.195,0.170,0.00
79.67175,-0.189,0.176,0.00
79.68190,-0.189,0.176,0.00
79.69204,-0.187,0.182,0.00
79.70245,-0.187,0.182,0.00
79.71260,-0.188,0.191,0.00
79.72276,-0.188,0.191,0.00
79.73292,-0.188,0.204,0.00
79.74307,-0.188,0.204,0.00
79.75324,-0.188,0.204,0.00
79.76344,-0.186,0.221,0.00
79.77359,-0.186,0.241,0.00
79.78376,-0.188,0.241,0.00
79.79393,-0.188,0.259,0.00
79.80409,-0.188,0.259,0.00
79.81427,-0.188,0.259,0.00
79.82443,-0.189,0.279,0.00
79.83460,-0.191,0.297,0.00
79.84479,-0.191,0.297,0.00
79.85495,-0.191,0.313,0.00
79.86514,-0.178,0.329,0.00
79.87531,-0.178,0.329,0.00
79.88547,-0.155,0.349,0.00
79.89563,-0.155,0.349,0.00
79.90580,-0.155,0.370,0.00
79.91598,-0.128,0.370,0.00
79.92614,-0.096,0.393,0.00
79.93631,-0.096,0.393,0.00
79.94649,-0.056,0.415,0.00
79.95665,-0.056,0.415,0.00
79.96685,-0.009,0.437,0.00
79.97696,-0.009,0.437,0.00
79.98728,0.008,0.457,0.00
79.99743,0.008,0.457,0.00
80.00776,-0.058,0.473,0.00
80.01808,-0.058,0.473,0.00
80.02843,-0.058,0.473,0.00
80.03883,-0.144,0.489,0.00
80.04917,-0.114,0.504,0.00
80.05963,-0.114,0.504,0.00
80.06980,0.055,0.514,0.00
80.08137,0.055,0.514,0.00
80.09181,0.329,0.522,0.00
80.10197,0.329,0.522,0.00
80.11212,0.660,0.531,0.00
80.12227,0.660,0.531,0.00
80.13242,1.060,0.542,0.00
80.14403,1.060,0.542,0.00
80.15418,1.543,0.551,0.00
80.16434,2.069,0.550,0.00
80.17449,2.069,0.550,0.00
80.18464,2.655,0.543,0.00
80.19478,2.655,0.543,0.00
80.20493,3.328,0.535,0.00
80.21529,3.328,0.535,0.00
80.22566,4.060,0.525,0.00
80.23595,4.060,0.525,0.00
80.24608,4.060,0.525,0.00
80.25625,4.843,0.513,0.00
80.26639,5.681,0.513,0.00
80.27683,5.681,0.501,0.00
80.28698,6.563,0.491,0.00
80.29740,6.563,0.491,0.00
80.30756,7.493,0.483,0.00
80.31773,7.493,0.483,0.00
80.32789,8.468,0.475,0.00
80.33804,8.468,0.475,0.00
80.34819,9.489,0.467,0.00
80.35835,9.489,0.467,0.00
80.36933,10.518,0.454,0.00
80.37946,10.518,0.454,0.00
80.38960,11.525,0.435,0.00
80.39977,11.525,0.435,0.00
80.41045,12.483,0.435,8.00
80.42062,12.483,0.417,8.00
80.43077,13.367,0.408,8.00
80.44221,13.367,0.408,8.00
80.45237,14.168,0.408,8.00
80.46252,14.168,0.408,8.00
80.47396,14.896,0.413,8.00
80.48414,15.536,0.413,8.00
80.49429,15.536,0.417,8.00
80.52259,16.422,0.428,8.00
80.53273,16.422,0.428,8.00
80.55408,16.422,0.437,8.00
80.56427,16.622,0.437,8.00
80.58602,16.651,0.445,8.00
80.59644,16.528,0.448,8.00
80.61821,16.283,0.451,8.00
80.62839,15.935,0.454,8.00
80.63865,15.935,0.454,8.00
80.65150,15.479,0.452,8.50
80.66177,15.479,0.452,8.50
80.67193,14.902,0.446,8.50
80.68253,14.902,0.446,8.50
80.69271,14.189,0.439,8.50
80.70288,14.189,0.439,8.50
80.71394,13.340,0.432,8.50
80.72435,13.340,0.428,8.50
80.73448,12.369,0.428,8.50
80.74710,12.369,0.446,8.50
80.75748,11.301,0.446,8.50
80.76791,11.301,0.446,8.50
80.77829,10.166,0.653,8.50
80.78898,8.987,1.319,8.50
80.79923,8.987,1.319,8.50
80.81140,7.789,2.121,9.00
80.82165,7.789,2.121,9.00
80.83191,7.789,2.121,9.00
80.85763,6.599,2.950,9.00
80.86783,4.340,4.293,9.00
80.89082,4.340,4.847,9.00
80.90096,3.294,4.847,9.00
80.92517,2.304,5.242,9.00
80.93533,1.368,5.526,9.00
80.95468,0.496,5.766,9.50
80.96496,0.496,5.766,9.50
80.98573,-0.291,6.023,9.50
80.99591,-0.620,6.378,9.50
81.00654,-0.335,6.861,9.50
81.01818,-0.335,6.861,9.50
81.02837,0.195,7.496,9.50
81.03853,0.195,7.496,9.50
81.05002,0.741,7.496,10.00
81.06022,0.741,8.257,10.00
81.07039,1.268,9.075,10.00
81.08194,1.268,9.893,10.00
81.09225,1.689,9.893,10.00
81.10270,1.689,10.746,10.00
81.11597,2.017,10.746,10.00
81.12612,2.321,11.443,10.00
81.13628,2.321,11.443,10.00
81.16185,2.321,11.443,10.50
81.17203,2.529,12.666,10.50
81.19366,2.529,12.666,10.50
81.20384,2.534,13.943,10.50
81.22609,2.732,13.943,10.50
81.23647,2.732,14.630,10.50
81.25870,2.859,15.300,10.50
81.26886,2.952,15.995,10.50
81.29001,2.952,15.995,11.00
81.30094,3.005,16.547,11.00
81.31110,3.036,17.056,11.00
81.32222,3.036,17.056,11.00
81.33237,3.044,17.527,11.00
81.34258,3.044,17.527,11.00
81.35416,3.012,17.972,11.00
81.36461,2.929,18.404,11.00
81.37473,2.929,18.404,11.00
81.38743,2.929,18.404,11.00
81.39843,2.811,18.800,11.00
81.40858,2.660,19.154,11.00
81.41881,2.660,19.154,11.50
81.42928,2.480,19.495,11.50
81.43962,2.480,19.495,11.50
81.45109,2.281,19.765,11.50
81.46128,2.281,19.765,11.50
81.47144,2.082,20.015,11.50
81.49938,1.895,20.238,11.50
81.50954,1.712,20.504,11.50
81.52969,1.712,20.504,11.50
81.53986,1.529,20.781,11.50
81.56292,1.352,21.057,11.50
81.57330,1.194,21.316,11.50
81.59359,1.194,21.316,12.00
81.60375,1.059,21.873,12.00
81.61391,0.947,21.873,12.00
81.62945,0.857,22.160,12.00
81.64031,0.857,22.160,12.00
81.65976,0.806,22.433,12.00
81.66995,0.785,22.722,12.00
81.68133,0.785,22.722,12.00
81.69150,0.815,23.027,12.00
81.70281,0.815,23.027,12.00
81.71296,0.893,23.365,12.00
81.72460,0.893,23.365,12.00
81.73494,0.995,23.677,12.00
81.74507,0.995,24.016,12.00
81.75560,1.110,24.016,12.00
81.76580,1.110,24.016,12.00
81.77606,1.110,24.016,12.00
81.80183,1.219,24.304,12.00
81.81199,1.371,24.835,12.00
81.83416,1.371,25.074,12.00
81.84541,1.420,25.074,12.00
81.86584,1.465,25.304,12.00
81.87601,1.508,25.532,12.00
81.88617,1.551,25.752,12.00
81.89875,1.551,25.752,12.00
81.90892,1.594,26.010,12.00
81.91954,1.594,26.010,12.00
81.92990,1.594,26.010,12.00
81.94007,1.632,26.191,12.00
81.95021,1.663,26.359,12.00
81.96239,1.663,26.359,12.00
81.97279,1.681,26.509,12.00
81.98295,1.686,26.509,12.00
81.99415,1.686,26.655,12.00
82.00437,1.683,26.655,12.00
82.01463,1.683,26.818,12.00
82.04298,1.645,26.818,12.00
82.05313,1.645,27.146,12.00
82.06329,1.645,27.146,12.00
82.07344,1.615,27.335,12.00
82.08360,1.615,27.335,12.00
82.10677,1.553,27.500,12.00
82.11694,1.553,27.678,12.00
82.12792,1.553,27.862,0.00
82.13807,1.524,27.862,0.00
82.14833,1.501,28.058,0.00
82.15868,1.501,28.058,0.00
82.16883,1.479,28.058,0.00
82.17908,1.479,28.252,0.00
82.18945,1.457,28.449,0.00
82.19960,1.457,28.449,0.00
82.20976,1.429,28.665,0.00
82.22010,1.429,28.665,0.00
82.23025,1.393,28.913,0.00
82.24052,1.393,28.913,0.00
82.25067,1.354,29.158,0.00
82.26102,1.354,29.158,0.00
82.27119,1.307,29.411,0.00
82.28140,1.307,29.411,0.00
82.29155,1.266,29.666,0.00
82.30185,1.266,29.666,0.00
82.31232,1.238,29.884,0.00
82.32258,1.238,29.884,0.00
82.33274,1.222,30.060,0.00
82.34299,1.222,30.060,0.00
82.35314,1.222,30.060,0.00
82.36342,1.222,30.060,0.00
82.37357,1.201,30.238,0.00
82.38373,1.201,30.238,0.00
82.39389,1.196,30.410,0.00
82.40405,1.196,30.410,0.00
82.41450,1.180,30.589,0.00
82.42526,1.180,30.589,0.00
82.43543,1.146,30.762,0.00
82.44557,1.102,30.904,0.00
82.45573,1.102,30.904,0.00
82.46587,1.033,31.055,0.00
82.47601,1.033,31.055,0.00
82.48629,1.033,31.055,0.00
82.49645,0.960,31.200,0.00
82.50660,0.910,31.355,0.00
82.51675,0.910,31.355,0.00
82.52739,0.910,31.355,0.00
82.53822,0.879,31.473,0.00
82.54837,0.865,31.516,0.00
82.55851,0.865,31.516,0.00
82.56866,0.857,31.453,0.00
82.57880,0.857,31.453,0.00
82.58895,0.866,31.223,0.00
82.59917,0.866,31.223,0.00
82.60930,0.877,30.936,0.00
82.61958,0.877,30.936,0.00
82.62975,0.875,30.604,0.00
82.63998,0.875,30.604,0.00
82.65020,0.869,30.235,0.00
82.66040,0.869,30.235,0.00
82.67056,0.862,29.826,0.00
82.68076,0.862,29.826,0.00
82.69092,0.845,29.345,0.00
82.70107,0.845,29.345,0.00
82.71123,0.813,28.751,0.00
82.72144,0.813,28.751,0.00
82.73159,0.779,28.062,0.00
82.74175,0.779,28.062,0.00
82.75191,0.744,27.168,0.00
82.76206,0.744,27.168,0.00
82.77221,0.744,27.168,0.00
82.78236,0.703,26.184,0.00
82.79257,0.668,25.024,0.00
82.80273,0.668,25.024,0.00
82.81288,0.638,23.833,0.00
82.82319,0.609,23.833,0.00
82.83337,0.609,22.628,0.00
82.84352,0.609,22.628,0.00
82.85366,0.588,21.398,0.00
82.86381,0.588,21.398,0.00
82.87396,0.584,20.094,0.00
82.88415,0.584,20.094,0.00
82.89430,0.588,18.552,0.00
82.90445,0.588,18.552,0.00
82.91460,0.590,17.200,0.00
82.92475,0.590,17.200,0.00
82.93490,0.586,15.876,0.00
82.94506,0.586,15.876,0.00
82.95521,0.578,14.531,0.00
82.96537,0.562,13.149,0.00
82.97552,0.562,13.149,0.00
82.98566,0.552,11.731,0.00
82.99581,0.552,11.731,0.00
83.00597,0.545,10.317,0.00
83.01611,0.545,10.317,0.00
83.02626,0.545,10.317,0.00
83.03641,0.533,8.928,0.00
83.04656,0.517,7.575,0.00
83.05671,0.517,7.575,0.00
83.06706,0.502,6.126,0.00
83.07739,0.502,6.126,0.00
83.08776,0.491,4.907,0.00
83.09809,0.491,4.907,0.00
83.10849,0.479,3.765,0.00
83.11881,0.479,3.765,0.00
83.13436,0.479,3.765,0.00
83.17686,0.442,1.148,0.00
83.18749,0.424,1.148,0.00
83.19857,0.408,0.553,0.00
83.20899,0.408,0.061,0.00
83.22959,0.389,0.061,0.00
83.24131,0.375,0.061,0.00
83.25237,0.375,-0.388,0.00
83.26521,0.368,-0.733,0.00
83.28037,0.364,-1.000,0.00
83.29636,0.364,-1.175,0.00
83.31824,0.351,-1.268,0.00
83.33167,0.351,-1.268,0.00
83.35181,0.351,-1.292,0.00
83.36249,0.353,-1.292,0.00
83.38573,0.337,-1.084,0.00
83.40127,0.337,-1.084,0.00
83.41258,0.337,-0.911,0.00
83.42812,0.328,-0.911,0.00
83.43968,0.328,-0.719,0.00
83.45132,0.328,-0.524,0.00
83.46487,0.308,-0.524,0.00
83.47549,0.301,-0.329,0.00
83.49090,0.295,-0.329,0.00
83.51633,0.286,0.089,0.00
83.53782,0.281,0.298,0.00
83.55343,0.281,0.298,0.00
83.56408,0.281,0.298,0.00
83.59133,0.280,0.526,0.00
83.60235,0.285,0.856,0.00
83.61830,0.297,0.962,0.00
83.63493,0.306,1.038,0.00
83.64584,0.306,1.038,0.00
83.65647,0.317,1.038,0.00
83.67365,0.331,1.116,0.00
83.69546,0.350,1.138,0.00
83.71121,0.366,1.138,0.00
83.72225,0.366,1.138,0.00
83.74770,0.376,1.184,0.00
83.76894,0.382,1.203,0.00
83.78948,0.380,1.203,0.00
83.80021,0.383,1.203,0.00
83.81138,0.380,1.215,0.00
83.82333,0.375,1.234,0.00
83.83875,0.375,1.234,0.00
83.85418,0.372,1.232,0.00
83.86485,0.372,1.232,0.00
83.87604,0.375,1.226,0.00
83.89146,0.381,1.226,0.00
83.90225,0.381,1.226,0.00
83.92497,0.379,1.207,0.00
83.94050,0.377,1.186,0.00
83.95681,0.377,1.186,0.00
83.96787,0.373,1.186,0.00
83.97931,0.365,1.119,0.00
83.99525,0.362,1.093,0.00
84.01756,0.362,1.078,0.00
84.02776,0.362,1.078,0.00
84.04091,0.364,1.071,0.00
84.05812,0.363,1.075,0.00
84.06905,0.363,1.075,0.00
84.07962,0.358,1.075,0.00
84.09082,0.358,1.075,0.00
84.10176,0.348,1.075,0.00
84.11926,0.342,1.148,0.00
84.19213,0.340,1.265,0.00
84.20239,0.334,1.291,0.00
84.26340,0.328,1.291,0.00
84.27362,0.313,1.383,0.00
84.28385,-0.049,0.312,0.00
84.29399,-0.053,0.346,0.00
84.30414,-0.060,0.377,0.00
84.31429,-0.060,0.377,0.00
84.32444,-0.068,0.407,0.00
84.33458,-0.068,0.407,0.00
84.34473,-0.078,0.438,0.00
84.35487,-0.078,0.438,0.00
84.36501,-0.086,0.461,0.00
84.37517,-0.086,0.461,0.00
84.38548,-0.092,0.480,0.00
84.39581,-0.092,0.480,0.00
84.40595,-0.092,0.487,0.00
84.41626,-0.097,0.487,0.00
84.42685,-0.103,0.488,0.00
84.43715,-0.103,0.488,0.00
84.44759,-0.102,0.480,0.00
84.45799,-0.102,0.480,0.00
84.46828,-0.097,0.463,0.00
84.47857,-0.097,0.463,0.00
84.48891,-0.088,0.441,0.00
84.49925,-0.088,0.441,0.00
84.50942,-0.078,0.417,0.00
84.51959,-0.078,0.417,0.00
84.52976,-0.071,0.400,0.00
84.53991,-0.071,0.400,0.00
84.55007,-0.062,0.378,0.00
84.56021,-0.062,0.378,0.00
84.57040,-0.053,0.356,0.00
84.58056,-0.053,0.356,0.00
84.59071,-0.048,0.333,0.00
84.60085,-0.048,0.333,0.00
84.61100,-0.046,0.333,0.00
84.62116,-0.046,0.317,0.00
84.63144,-0.045,0.305,0.00
84.64161,-0.045,0.305,0.00
84.65177,-0.047,0.292,0.00
84.66195,-0.047,0.292,0.00
84.67211,-0.051,0.281,0.00
84.68224,-0.052,0.277,0.00
84.69239,-0.052,0.277,0.00
84.70255,-0.051,0.276,0.00
84.71270,-0.051,0.276,0.00
84.72289,-0.051,0.280,0.00
84.73303,-0.053,0.280,0.00
84.74319,-0.053,0.279,0.00
84.75334,-0.056,0.279,0.00
84.76348,-0.056,0.279,0.00
84.77366,-0.063,0.274,0.00
84.78381,-0.063,0.274,0.00
84.79395,-0.063,0.274,0.00
84.80411,-0.063,0.274,0.00
84.81425,-0.063,0.274,0.00
84.82441,-0.063,0.274,0.00
84.83454,-0.063,0.274,0.00
84.84470,-0.063,0.274,0.00
84.85485,-0.062,0.277,0.00
84.86501,-0.055,0.288,0.00
84.87519,-0.056,0.305,0.00
84.88534,-0.056,0.305,0.00
84.89553,-0.056,0.305,0.00
84.90568,-0.056,0.305,0.00
84.91586,-0.059,0.325,0.00
84.92602,-0.070,0.348,0.00
84.93620,-0.070,0.369,0.00
84.94635,-0.070,0.369,0.00
84.95777,-0.074,0.383,0.00
84.96808,-0.077,0.390,0.00
84.97837,-0.077,0.390,0.00
84.98852,-0.077,0.390,0.00
84.99969,-0.083,0.381,0.00
85.00993,-0.100,0.369,0.00
85.02017,-0.100,0.369,0.00
85.03041,-0.105,0.356,0.00
85.04072,-0.105,0.356,0.00
85.05069,-0.107,0.342,0.00
85.06083,-0.107,0.342,0.00
85.07104,-0.110,0.328,0.00
85.08139,-0.110,0.328,0.00
85.09155,-0.113,0.319,0.00
85.10170,-0.113,0.319,0.00
85.11183,-0.113,0.319,0.00
85.12199,-0.113,0.319,0.00
85.13213,-0.114,0.313,0.00
85.14226,-0.114,0.313,0.00
85.15330,-0.114,0.313,0.00
85.16345,-0.112,0.297,0.00
85.17371,-0.112,0.297,0.00
85.18384,-0.112,0.297,0.00
85.19399,-0.109,0.297,0.00
85.20414,-0.103,0.275,0.00
85.21438,-0.099,0.264,0.00
85.22470,-0.099,0.264,0.00
85.23486,-0.099,0.257,0.00
85.24513,-0.098,0.248,0.00
85.25529,-0.094,0.248,0.00
85.26543,-0.094,0.240,0.00
85.27556,-0.093,0.240,0.00
85.28571,-0.098,0.234,0.00
85.29585,-0.098,0.234,0.00
85.30600,-0.101,0.223,0.00
85.31616,-0.101,0.223,0.00
85.32631,-0.101,0.204,0.00
85.33651,-0.106,0.204,0.00
85.34665,-0.109,0.212,0.00
85.35679,-0.109,0.212,0.00
85.36694,-0.109,0.212,0.00
85.37707,-0.113,0.197,0.00
85.38722,-0.115,0.193,0.00
85.39737,-0.115,0.193,0.00
85.40753,-0.113,0.192,0.00
85.41766,-0.113,0.192,0.00
85.42781,-0.117,0.196,0.00
85.43794,-0.117,0.196,0.00
85.44809,-0.119,0.203,0.00
85.45822,-0.119,0.203,0.00
85.46837,-0.124,0.203,0.00
85.47876,-0.124,0.212,0.00
85.48904,-0.124,0.212,0.00
85.49959,-0.125,0.219,0.00
85.51005,-0.122,0.225,0.00
85.52026,-0.122,0.225,0.00
85.53059,-0.118,0.229,0.00
85.54091,-0.118,0.229,0.00
85.55132,-0.115,0.235,0.00
85.56162,-0.115,0.235,0.00
85.57204,-0.115,0.243,0.00
85.58250,-0.117,0.243,0.00
85.59273,-0.117,0.250,0.00
85.60308,-0.120,0.250,0.00
85.61342,-0.120,0.253,0.00
85.62378,-0.120,0.254,0.00
85.63396,-0.120,0.254,0.00
85.64422,-0.120,0.254,0.00
85.65435,-0.118,0.256,0.00
85.66450,-0.118,0.257,0.00
85.67463,-0.120,0.257,0.00
85.68478,-0.120,0.257,0.00
85.69493,-0.124,0.257,0.00
85.70509,-0.124,0.258,0.00
85.71525,-0.124,0.258,0.00
85.72573,-0.125,0.261,0.00
85.73590,-0.125,0.261,0.00
85.74601,-0.125,0.261,0.00
85.75614,-0.125,0.264,0.00
85.76628,-0.125,0.264,0.00
85.77644,-0.129,0.268,0.00
85.78659,-0.129,0.268,0.00
85.79675,-0.135,0.270,0.00
85.80688,-0.142,0.273,0.00
85.81703,-0.142,0.273,0.00
85.82718,-0.146,0.275,0.00
85.83733,-0.146,0.275,0.00
85.84749,-0.153,0.272,0.00
85.85762,-0.153,0.272,0.00
85.86777,-0.158,0.269,0.00
85.87790,-0.158,0.269,0.00
85.88805,-0.158,0.269,0.00
85.89819,-0.160,0.267,0.00
85.90833,-0.161,0.268,0.00
85.91853,-0.161,0.268,0.00
85.92887,-0.161,0.263,0.00
85.93898,-0.165,0.263,0.00
85.94913,-0.165,0.263,0.00
85.95939,-0.165,0.263,0.00
85.96961,-0.173,0.256,0.00
85.97996,-0.173,0.256,0.00
85.98996,-0.162,0.250,0.00
86.00013,-0.162,0.250,0.00
86.01028,-0.116,0.243,0.00
86.02045,-0.116,0.243,0.00
86.03065,-0.038,0.236,0.00
86.04078,-0.038,0.236,0.00
86.05094,0.027,0.228,0.00
86.06113,0.027,0.228,0.00
86.07128,0.088,0.223,0.00
86.08147,0.088,0.223,0.00
86.09163,0.158,0.220,0.00
86.10201,0.158,0.219,0.00
86.11218,0.253,0.219,0.00
86.12236,0.363,0.219,0.00
86.13252,0.363,0.218,0.00
86.14270,0.503,0.218,0.00
86.15286,0.503,0.214,0.00
86.16303,0.503,0.214,0.00
86.17327,0.734,0.209,0.00
86.18340,0.734,0.209,0.00
86.19358,0.734,0.209,0.00
86.20375,1.063,0.201,0.00
86.21389,1.063,0.201,0.00
86.22406,1.463,0.193,0.00
86.23420,1.933,0.186,0.00
86.24435,2.484,0.182,0.00
86.25449,2.484,0.182,0.00
86.26467,3.104,0.177,0.00
86.27481,3.104,0.177,0.00
86.28496,3.104,0.174,0.00
86.29519,3.761,0.174,0.00
86.30530,4.456,0.174,0.00
86.31572,4.456,0.174,0.00
86.32588,5.209,0.176,0.00
86.33603,5.209,0.176,0.00
86.34633,6.031,0.176,0.00
86.35649,6.031,0.176,0.00
86.36663,6.031,0.172,0.00
86.37678,6.896,0.172,0.00
86.38694,7.788,0.170,0.00
86.39708,7.788,0.170,0.00
86.40724,8.710,0.166,0.00
86.41740,8.710,0.166,0.00
86.42755,9.646,0.162,0.00
86.43769,9.646,0.162,0.00
86.44853,10.574,0.160,0.00
86.45896,10.574,0.160,0.00
86.46924,11.487,0.160,0.00
86.47941,11.487,0.160,0.00
86.49071,12.368,0.160,8.00
86.50089,12.368,0.163,8.00
86.51104,13.187,0.164,8.00
86.52401,13.908,0.164,8.00
86.53419,13.908,0.163,8.00
86.54436,13.908,0.163,8.00
86.56956,14.550,0.165,8.00
86.57973,15.110,0.167,8.00
86.60217,15.542,0.172,8.00
86.61239,15.833,0.178,8.00
86.63404,15.981,0.178,8.00
86.64444,15.994,0.181,8.00
86.65460,15.994,0.183,8.00
86.66603,15.994,0.184,8.00
86.67622,15.867,0.184,8.00
86.68670,15.867,0.189,8.00
86.69830,15.606,0.189,8.00
86.70849,15.237,0.189,8.00
86.71947,15.237,0.194,8.00
86.72978,15.237,0.194,8.50
86.73996,14.776,0.194,8.50
86.75012,14.197,0.183,8.50
86.76235,14.197,0.183,8.50
86.77267,13.504,0.151,8.50
86.78298,13.504,0.112,8.50
86.79418,12.695,0.112,8.50
86.80441,12.695,0.112,8.50
86.81457,11.794,0.071,8.50
86.82567,11.794,0.071,8.50
86.83606,10.811,0.041,8.50
86.84621,10.811,0.041,8.50
86.87379,9.781,0.019,8.50
86.88398,8.721,0.028,8.50
86.90583,7.652,0.245,9.00
86.91602,6.582,0.802,9.00
86.93766,5.545,1.649,9.00
86.94782,4.557,2.383,9.00
86.96975,4.557,2.383,9.00
86.98023,3.638,2.939,9.00
87.00273,2.801,3.375,9.00
87.01288,2.018,3.820,9.00
87.02332,1.279,4.205,9.00
87.03445,1.279,4.205,9.50
87.04459,0.621,4.205,9.50
87.05478,0.621,4.477,9.50
87.06611,0.621,4.477,9.50
87.07649,0.054,4.605,9.50
87.08663,0.054,4.605,9.50
87.09763,-0.437,4.727,9.50
87.10783,-0.683,4.872,9.50
87.11811,-0.683,4.872,9.50
87.13013,-0.555,5.136,10.00
87.14032,-0.555,5.136,10.00
87.15058,-0.314,5.573,10.00
87.16266,-0.314,6.143,10.00
87.17293,0.060,6.143,10.00
87.18339,0.060,6.797,10.00
87.20996,0.467,7.489,10.00
87.22025,0.799,7.489,10.00
87.24322,1.041,8.109,10.50
87.25337,1.224,8.763,10.50
87.27354,1.224,8.763,10.50
87.28373,1.317,9.336,10.50
87.30758,1.357,10.472,10.50
87.31773,1.357,10.472,10.50
87.33757,1.437,11.055,10.50
87.34775,1.563,11.623,10.50
87.35790,1.563,11.623,10.50
87.36996,1.679,11.623,11.00
87.38037,1.679,12.173,11.00
87.39054,1.738,12.720,11.00
87.40164,1.738,12.720,11.00
87.41182,1.749,13.322,11.00
87.42394,1.749,13.322,11.00
87.43551,1.741,13.855,11.00
87.44567,1.722,14.385,11.00
87.45582,1.722,14.385,11.00
87.46620,1.722,14.385,11.50
87.47651,1.691,14.930,11.50
87.48743,1.638,15.486,11.50
87.51414,1.638,16.036,11.50
87.52467,1.551,16.036,11.50
87.54628,1.434,17.164,11.50
87.55675,1.311,17.164,11.50
87.57804,1.311,17.164,11.50
87.58822,1.189,18.313,11.50
87.60985,0.965,18.313,11.50
87.62012,0.965,18.796,11.50
87.63026,0.965,18.796,11.50
87.64367,0.845,19.288,11.50
87.65384,0.713,19.752,11.50
87.66399,0.584,20.205,11.50
87.67423,0.584,20.205,12.00
87.68514,0.584,20.205,12.00
87.69535,0.476,20.650,12.00
87.70691,0.397,20.650,12.00
87.71708,0.397,21.088,12.00
87.72802,0.361,21.581,12.00
87.73878,0.361,21.581,12.00
87.74896,0.374,21.986,12.00
87.75920,0.374,21.986,12.00
87.77000,0.419,21.986,12.00
87.78030,0.419,22.378,12.00
87.79064,0.493,22.751,12.00
87.80272,0.493,22.751,12.00
87.81288,0.577,23.091,12.00
87.82303,0.643,23.091,12.00
87.85066,0.687,23.416,12.00
87.86088,0.687,23.703,12.00
87.88171,0.711,23.703,12.00
87.89210,0.728,24.217,12.00
87.91399,0.728,24.465,12.00
87.92415,0.729,24.693,12.00
87.94756,0.725,24.897,12.00
87.95773,0.722,24.897,12.00
87.97754,0.724,25.093,12.00
87.98783,0.724,25.093,12.00
87.99799,0.728,25.244,12.00
88.01046,0.726,25.372,12.00
88.02086,0.726,25.372,12.00
88.03130,0.715,25.493,12.00
88.04386,0.715,25.594,12.00
88.05419,0.688,25.594,12.00
88.06456,0.688,25.594,12.00
88.07474,0.652,25.729,12.00
88.08488,0.613,25.729,12.00
88.09517,0.613,25.845,12.00
88.12277,0.529,25.952,12.00
88.13343,0.529,26.058,12.00
88.15353,0.529,26.058,12.00
88.16372,0.478,26.144,12.00
88.18590,0.429,26.254,12.00
88.19608,0.389,26.364,12.00
88.20623,0.354,26.495,0.00
88.21638,0.354,26.495,0.00
88.22653,0.354,26.649,0.00
88.23668,0.314,26.649,0.00
88.24683,0.275,26.649,0.00
88.25700,0.275,26.778,0.00
88.26716,0.236,26.934,0.00
88.27730,0.236,26.934,0.00
88.28746,0.200,27.081,0.00
88.29771,0.200,27.081,0.00
88.30787,0.168,27.240,0.00
88.31813,0.168,27.240,0.00
88.32828,0.144,27.397,0.00
88.33843,0.144,27.397,0.00
88.34858,0.129,27.525,0.00
88.35979,0.129,27.525,0.00
88.36996,0.118,27.647,0.00
88.38026,0.118,27.647,0.00
88.39041,0.125,27.779,0.00
88.40064,0.125,27.779,0.00
88.41080,0.145,27.930,0.00
88.42107,0.145,27.930,0.00
88.43123,0.180,28.092,0.00
88.44143,0.180,28.092,0.00
88.45160,0.222,28.253,0.00
88.46183,0.222,28.253,0.00
88.47199,0.266,28.423,0.00
88.48225,0.266,28.423,0.00
88.49240,0.299,28.585,0.00
88.50256,0.299,28.585,0.00
88.51270,0.291,28.756,0.00
88.52300,0.250,28.918,0.00
88.53315,0.250,28.918,0.00
88.54337,0.189,29.093,0.00
88.55352,0.189,29.093,0.00
88.56370,0.126,29.249,0.00
88.57395,0.126,29.249,0.00
88.58433,0.075,29.389,0.00
88.59464,0.075,29.389,0.00
88.60502,0.030,29.554,0.00
88.61546,0.030,29.554,0.00
88.62561,-0.006,29.691,0.00
88.63598,-0.006,29.691,0.00
88.64635,-0.027,29.775,0.00
88.65667,-0.027,29.775,0.00
88.66703,-0.020,29.776,0.00
88.67736,-0.020,29.776,0.00
88.68774,-0.006,29.656,0.00
88.69804,-0.006,29.656,0.00
88.70843,0.015,29.438,0.00
88.71875,0.015,29.438,0.00
88.72889,0.043,29.230,0.00
88.73906,0.043,29.230,0.00
88.74936,0.074,28.986,0.00
88.75951,0.074,28.986,0.00
88.76967,0.098,28.694,0.00
88.77983,0.098,28.694,0.00
88.78998,0.098,28.694,0.00
88.80020,0.111,28.328,0.00
88.81036,0.109,27.845,0.00
88.82056,0.109,27.845,0.00
88.83071,0.094,27.203,0.00
88.84091,0.094,27.203,0.00
88.85107,0.067,26.395,0.00
88.86122,0.067,26.395,0.00
88.87139,0.030,25.301,0.00
88.88158,0.030,25.301,0.00
88.89174,-0.015,24.144,0.00
88.90187,-0.015,24.144,0.00
88.91203,-0.060,22.840,0.00
88.92221,-0.060,22.840,0.00
88.93237,-0.107,21.453,0.00
88.94253,-0.107,21.453,0.00
88.95268,-0.153,20.064,0.00
88.96283,-0.202,18.708,0.00
88.97298,-0.202,18.708,0.00
88.98321,-0.251,17.319,0.00
88.99331,-0.251,17.319,0.00
89.00364,-0.251,17.319,0.00
89.01380,-0.288,15.862,0.00
89.02395,-0.309,15.862,0.00
89.03410,-0.309,14.182,0.00
89.04452,-0.308,14.182,0.00
89.05481,-0.308,12.713,0.00
89.06525,-0.294,12.713,0.00
89.07552,-0.294,11.247,0.00
89.08568,-0.294,11.247,0.00
89.09586,-0.269,9.747,0.00
89.10610,-0.269,9.747,0.00
89.11624,-0.248,8.209,0.00
89.12638,-0.230,6.693,0.00
89.13654,-0.230,6.693,0.00
89.14669,-0.208,5.272,0.00
89.15683,-0.208,5.272,0.00
89.16698,-0.208,5.272,0.00
89.17714,-0.185,3.966,0.00
89.18729,-0.185,3.966,0.00
89.19746,-0.164,2.596,0.00
89.20761,-0.164,2.596,0.00
89.22050,-0.147,1.444,0.00
89.23176,-0.137,1.444,0.00
89.24245,-0.137,0.368,0.00
89.25274,-0.137,-0.600,0.00
89.26424,-0.131,-0.600,0.00
89.27959,-0.125,-0.600,0.00
89.29101,-0.107,-2.191,0.00
89.30702,-0.079,-2.191,0.00
89.32008,-0.079,-2.842,0.00
89.33211,-0.048,-3.387,0.00
89.34799,-0.025,-3.840,0.00
89.36931,-0.006,-3.840,0.00
89.38101,-0.006,-4.133,0.00
89.39136,-0.006,-4.318,0.00
89.40308,-0.006,-4.382,0.00
89.42386,0.018,-4.382,0.00
89.43972,0.025,-4.329,0.00
89.45154,0.024,-4.179,0.00
89.47249,0.024,-3.993,0.00
89.48408,0.013,-3.789,0.00
89.49899,0.013,-3.789,0.00
89.51078,0.011,-3.538,0.00
89.54814,0.007,-2.915,0.00
89.55872,0.007,-2.915,0.00
89.56932,-0.005,-2.675,0.00
89.58006,-0.005,-2.675,0.00
89.59522,-0.017,-2.675,0.00
89.61132,-0.025,-2.355,0.00
89.62372,-0.029,-2.210,0.00
89.63846,-0.029,-2.210,0.00
89.67090,-0.032,-1.922,0.00
89.68361,-0.045,-1.821,0.00
89.69889,-0.045,-1.821,0.00
89.71070,-0.058,-1.723,0.00
89.72183,-0.058,-1.723,0.00
89.73710,-0.076,-1.723,0.00
89.74843,-0.087,-1.615,0.00
89.76417,-0.087,-1.388,0.00
89.77462,-0.097,-1.388,0.00
89.78478,-0.097,-1.388,0.00
89.80645,-0.107,-1.187,0.00
89.81695,-0.107,-1.187,0.00
89.82825,-0.107,-1.187,0.00
89.84004,-0.135,-1.099,0.00
89.85619,-0.135,-1.037,0.00
89.86794,-0.142,-1.037,0.00
89.87941,-0.142,-1.037,0.00
89.89068,-0.142,-0.960,0.00
89.90214,-0.142,-0.960,0.00
89.91330,-0.131,-0.942,0.00
89.92365,-0.131,-0.942,0.00
89.94006,-0.127,-0.945,0.00
89.95604,-0.121,-0.974,0.00
89.96724,-0.121,-1.018,0.00
89.97856,-0.118,-1.018,0.00
89.99928,-0.118,-1.077,0.00
90.01253,-0.114,-1.137,0.00
90.02387,-0.114,-1.137,0.00
90.03989,-0.119,-1.206,0.00
90.05529,-0.128,-1.281,0.00
90.07141,-0.133,-1.281,0.00
90.09216,-0.137,-1.359,0.00
90.10307,-0.137,-1.434,0.00
90.13399,-0.131,-1.502,0.00
90.14543,-0.126,-1.643,0.00
90.15604,-0.126,-1.643,0.00
90.16626,-0.119,-1.643,0.00
90.17781,-0.119,-1.693,0.00
90.19050,-0.119,-1.693,0.00
90.20309,-0.109,-1.724,0.00
90.27353,-0.048,-1.736,0.00
90.28379,-0.048,-1.707,0.00
90.34817,-0.033,-1.578,0.00
90.35844,0.009,-1.578,0.00
90.36887,0.130,0.109,0.00
90.37923,0.130,0.109,0.00
90.38940,0.137,0.150,0.00
90.39995,0.137,0.150,0.00
90.41021,0.142,0.196,0.00
90.42047,0.142,0.196,0.00
90.43070,0.144,0.246,0.00
90.44085,0.144,0.246,0.00
90.45100,0.144,0.297,0.00
90.46114,0.148,0.297,0.00
90.47156,0.148,0.356,0.00
90.48188,0.148,0.356,0.00
90.49204,0.155,0.407,0.00
90.50220,0.155,0.457,0.00
90.51236,0.154,0.457,0.00
90.52252,0.152,0.511,0.00
90.53267,0.152,0.511,0.00
90.54282,0.152,0.511,0.00
90.55299,0.149,0.562,0.00
90.56330,0.147,0.562,0.00
90.57344,0.147,0.598,0.00
90.58440,0.147,0.598,0.00
90.59455,0.146,0.620,0.00
90.60469,0.146,0.637,0.00
90.61484,0.146,0.637,0.00
90.62498,0.147,0.657,0.00
90.63522,0.147,0.657,0.00
90.64536,0.148,0.674,0.00
90.65551,0.148,0.674,0.00
90.66648,0.145,0.686,0.00
90.67662,0.145,0.686,0.00
90.68679,0.149,0.691,0.00
90.69694,0.149,0.691,0.00
90.70709,0.161,0.694,0.00
90.71724,0.161,0.694,0.00
90.72740,0.176,0.702,0.00
90.73755,0.176,0.702,0.00
90.74769,0.196,0.714,0.00
90.75784,0.196,0.714,0.00
90.76799,0.216,0.727,0.00
90.77836,0.216,0.727,0.00
90.78853,0.227,0.735,0.00
90.79868,0.227,0.735,0.00
90.80885,0.232,0.730,0.00
90.81898,0.232,0.730,0.00
90.82914,0.231,0.719,0.00
90.83929,0.231,0.719,0.00
90.84946,0.224,0.699,0.00
90.85996,0.224,0.699,0.00
90.87009,0.210,0.673,0.00
90.88024,0.210,0.673,0.00
90.89040,0.195,0.643,0.00
90.90054,0.195,0.643,0.00
90.91068,0.177,0.620,0.00
90.92081,0.177,0.620,0.00
90.93095,0.161,0.611,0.00
90.94110,0.161,0.619,0.00
90.95152,0.152,0.619,0.00
90.96193,0.152,0.632,0.00
90.97219,0.154,0.632,0.00
90.98255,0.154,0.653,0.00
90.99269,0.160,0.653,0.00
91.00286,0.160,0.653,0.00
91.01317,0.170,0.677,0.00
91.02333,0.178,0.703,0.00
91.03348,0.178,0.703,0.00
91.04363,0.184,0.731,0.00
91.05377,0.184,0.731,0.00
91.06410,0.187,0.759,0.00
91.07425,0.187,0.759,0.00
91.08441,0.183,0.782,0.00
91.09456,0.183,0.782,0.00
91.10471,0.176,0.797,0.00
91.11497,0.176,0.797,0.00
91.12531,0.169,0.807,0.00
91.13547,0.169,0.807,0.00
91.14563,0.162,0.814,0.00
91.15615,0.162,0.814,0.00
91.16639,0.154,0.814,0.00
91.17656,0.154,0.820,0.00
91.18671,0.143,0.825,0.00
91.19685,0.143,0.825,0.00
91.20699,0.133,0.826,0.00
91.21714,0.133,0.826,0.00
91.22727,0.127,0.819,0.00
91.23740,0.127,0.819,0.00
91.24757,0.122,0.811,0.00
91.25770,0.122,0.811,0.00
91.26784,0.110,0.802,0.00
91.27802,0.110,0.802,0.00
91.28817,0.101,0.797,0.00
91.29837,0.101,0.797,0.00
91.30853,0.091,0.795,0.00
91.31867,0.091,0.795,0.00
91.32882,0.082,0.796,0.00
91.33899,0.082,0.796,0.00
91.34917,0.077,0.792,0.00
91.35951,0.077,0.792,0.00
91.36966,0.076,0.788,0.00
91.38007,0.076,0.788,0.00
91.39033,0.073,0.790,0.00
91.40052,0.073,0.790,0.00
91.41066,0.072,0.796,0.00
91.42080,0.072,0.796,0.00
91.43095,0.071,0.807,0.00
91.44112,0.071,0.807,0.00
91.45128,0.066,0.818,0.00
91.46142,0.066,0.818,0.00
91.47171,0.061,0.829,0.00
91.48185,0.061,0.829,0.00
91.49200,0.057,0.834,0.00
91.50214,0.057,0.834,0.00
91.51230,0.051,0.831,0.00
91.52247,0.051,0.831,0.00
91.53263,0.048,0.821,0.00
91.54275,0.048,0.821,0.00
91.55291,0.048,0.815,0.00
91.56306,0.048,0.815,0.00
91.57321,0.047,0.809,0.00
91.58336,0.047,0.809,0.00
91.59352,0.048,0.803,0.00
91.60368,0.044,0.803,0.00
91.61382,0.044,0.803,0.00
91.62400,0.044,0.803,0.00
91.63415,0.040,0.808,0.00
91.64428,0.037,0.808,0.00
91.65445,0.037,0.818,0.00
91.66460,0.037,0.826,0.00
91.67475,0.033,0.826,0.00
91.68489,0.021,0.834,0.00
91.69504,0.021,0.834,0.00
91.70518,0.008,0.843,0.00
91.71533,0.008,0.843,0.00
91.72551,0.008,0.843,0.00
91.73566,-0.004,0.853,0.00
91.74581,-0.015,0.861,0.00
91.75609,-0.015,0.861,0.00
91.76734,-0.022,0.866,0.00
91.77748,-0.022,0.866,0.00
91.78764,-0.028,0.871,0.00
91.79778,-0.028,0.871,0.00
91.80793,-0.032,0.874,0.00
91.81808,-0.032,0.874,0.00
91.82850,-0.038,0.875,0.00
91.83883,-0.038,0.875,0.00
91.84913,-0.047,0.877,0.00
91.85955,-0.047,0.877,0.00
91.86987,-0.060,0.878,0.00
91.88022,-0.060,0.878,0.00
91.89051,-0.063,0.878,0.00
91.90083,-0.063,0.878,0.00
91.91127,-0.065,0.878,0.00
91.92162,-0.065,0.878,0.00
91.93195,-0.067,0.880,0.00
91.94236,-0.067,0.880,0.00
91.95286,-0.070,0.881,0.00
91.96372,-0.070,0.881,0.00
91.97410,-0.068,0.879,0.00
91.98426,-0.068,0.879,0.00
91.99441,-0.068,0.879,0.00
92.00456,-0.068,0.876,0.00
92.01471,-0.059,0.876,0.00
92.02487,-0.059,0.876,0.00
92.03502,-0.047,0.874,0.00
92.04529,-0.047,0.874,0.00
92.05544,-0.047,0.874,0.00
92.06559,-0.035,0.874,0.00
92.07604,-0.020,0.876,0.00
92.08622,0.000,0.876,0.00
92.09638,0.000,0.877,0.00
92.10653,0.029,0.876,0.00
92.11668,0.029,0.876,0.00
92.12683,0.064,0.877,0.00
92.13698,0.064,0.877,0.00
92.14737,0.064,0.877,0.00
92.15752,0.105,0.883,0.00
92.16767,0.163,0.890,0.00
92.17781,0.163,0.890,0.00
92.18796,0.241,0.900,0.00
92.19811,0.241,0.900,0.00
92.20826,0.333,0.909,0.00
92.21841,0.333,0.909,0.00
92.22856,0.448,0.920,0.00
92.23871,0.448,0.920,0.00
92.24886,0.609,0.932,0.00
92.25899,0.609,0.932,0.00
92.26913,0.609,0.932,0.00
92.27933,0.609,0.932,0.00
92.28950,1.059,0.937,0.00
92.29965,1.059,0.937,0.00
92.30980,1.362,0.933,0.00
92.31995,1.362,0.933,0.00
92.33012,1.727,0.924,0.00
92.34025,1.727,0.924,0.00
92.35058,2.087,0.910,0.00
92.36074,2.087,0.910,0.00
92.37089,2.528,0.890,0.00
92.38110,2.528,0.890,0.00
92.39127,2.992,0.869,0.00
92.40146,2.992,0.869,0.00
92.41161,3.475,0.845,0.00
92.42207,3.475,0.845,0.00
92.43224,3.977,0.820,0.00
92.44247,3.977,0.820,0.00
92.45268,4.525,0.804,0.00
92.46283,4.525,0.804,0.00
92.47298,5.122,0.796,0.00
92.48323,5.122,0.796,0.00
92.49339,5.740,0.796,0.00
92.50352,5.740,0.796,0.00
92.51366,6.376,0.802,0.00
92.52383,6.376,0.802,0.00
92.53398,7.045,0.816,0.00
92.54421,7.045,0.816,0.00
92.55430,7.737,0.837,0.00
92.56445,7.737,0.837,0.00
92.57461,7.737,0.837,0.00
92.58475,9.100,0.857,0.00
92.59490,9.100,0.857,0.00
92.60505,9.786,0.872,0.00
92.61520,9.786,0.872,0.00
92.62535,10.475,0.877,0.00
92.63551,10.475,0.877,0.00
92.64587,10.475,0.873,0.00
92.65599,11.158,0.873,0.00
92.66618,11.158,0.873,8.00
92.67635,11.822,0.861,8.00
92.68651,12.443,0.842,8.00
92.71393,12.997,0.842,8.00
92.72408,13.503,0.818,8.00
92.74624,13.503,0.798,8.00
92.75640,13.941,0.783,8.00
92.78045,14.278,0.770,8.00
92.79062,14.505,0.760,8.00
92.81028,14.603,0.759,8.00
92.82089,14.603,0.759,8.00
92.84144,14.573,0.762,8.00
92.85161,14.410,0.768,8.00
92.86187,14.410,0.768,8.00
92.87392,14.140,0.768,8.00
92.88407,14.140,0.771,8.00
92.89420,13.792,0.766,8.00
92.90673,13.792,0.758,8.50
92.91688,13.373,0.758,8.50
92.92702,13.373,0.752,8.50
92.93844,12.875,0.752,8.50
92.94861,12.875,0.752,8.50
92.95883,12.292,0.746,8.50
92.98591,10.803,0.743,8.50
92.99636,10.803,0.742,8.50
93.01794,10.803,0.737,8.50
93.02812,8.951,0.730,8.50
93.05022,7.949,0.723,8.50
93.06049,7.949,0.723,8.50
93.08242,5.991,0.710,9.00
93.09269,5.991,0.710,9.00
93.11488,5.073,0.746,9.00
93.12504,4.215,1.014,9.00
93.13524,4.215,1.014,9.00
93.14601,3.422,1.014,9.00
93.15645,3.422,1.598,9.00
93.16658,2.701,2.373,9.00
93.17798,2.701,2.373,9.00
93.18837,2.052,3.184,9.00
93.19850,2.052,3.184,9.00
93.20990,2.052,3.184,9.50
93.22013,1.494,3.903,9.50
93.23028,1.019,4.342,9.50
93.24266,0.628,4.342,9.50
93.25291,0.628,4.697,9.50
93.26329,0.628,4.697,9.50
93.27576,0.523,4.920,9.50
93.28591,0.722,5.023,9.50
93.29605,0.722,5.023,9.50
93.32342,1.324,5.236,10.00
93.33356,1.324,5.236,10.00
93.35410,1.529,5.438,10.00
93.36575,1.529,5.438,10.00
93.38556,1.701,5.793,10.00
93.39574,1.973,6.295,10.00
93.40696,1.973,6.903,10.50
93.41794,2.363,6.903,10.50
93.42816,2.641,6.903,10.50
93.43862,2.641,7.611,10.50
93.45003,2.641,8.232,10.50
93.46023,2.805,8.232,10.50
93.47041,2.864,8.750,10.50
93.48214,2.864,8.750,10.50
93.49243,2.886,9.222,10.50
93.50413,2.886,9.222,10.50
93.51440,2.853,9.721,10.50
93.52464,2.853,9.721,10.50
93.53490,2.853,9.721,10.50
93.54600,2.853,9.721,11.00
93.55619,2.616,10.297,11.00
93.56635,2.616,10.297,11.00
93.59336,2.461,10.875,11.00
93.60355,2.315,11.370,11.00
93.62608,2.026,12.557,11.00
93.63644,2.026,12.557,11.00
93.65803,1.879,13.116,11.50
93.66823,1.879,13.116,11.50
93.69133,1.716,13.604,11.50
93.70237,1.519,14.088,11.50
93.72277,1.287,14.600,11.50
93.73313,1.037,15.158,11.50
93.74340,0.822,15.158,11.50
93.75425,0.822,15.736,11.50
93.76442,0.822,15.736,11.50
93.77466,0.822,15.736,11.50
93.78647,0.684,16.411,11.50
93.79683,0.639,17.087,11.50
93.80694,0.639,17.787,11.50
93.81781,0.670,17.787,11.50
93.82810,0.782,18.456,11.50
93.83825,0.782,18.456,11.50
93.84955,0.948,19.062,12.00
93.85971,0.948,19.062,12.00
93.86985,0.948,19.062,12.00
93.88031,0.948,19.062,12.00
93.89760,0.948,19.062,12.00
93.90778,0.948,19.062,12.00
93.92960,0.948,19.062,12.00
93.93978,1.280,20.192,12.00
93.96288,1.280,20.192,12.00
93.97302,1.280,20.762,12.00
93.99381,1.353,21.424,12.00
94.00416,1.310,23.319,12.00
94.01430,1.325,23.973,12.00
94.02588,1.350,23.973,12.00
94.03641,1.350,24.612,12.00
94.04683,1.380,24.612,12.00
94.06037,1.380,25.189,12.00
94.07056,1.411,25.712,12.00
94.08200,1.411,25.712,12.00
94.09217,1.441,26.713,12.00
94.10323,1.441,26.713,12.00
94.11340,1.473,27.186,12.00
94.12460,1.473,27.186,12.00
94.13475,1.499,27.665,12.00
94.14536,1.499,27.665,12.00
94.15553,1.496,28.144,12.00
94.16568,1.466,28.609,12.00
94.17603,1.466,28.609,12.00
94.20233,1.466,29.493,12.00
94.21273,1.366,29.493,12.00
94.23420,1.312,29.950,12.00
94.24455,1.312,29.950,12.00
94.26588,1.270,30.337,12.00
94.27607,1.236,30.698,12.00
94.29822,1.214,31.019,12.00
94.30851,1.223,31.344,12.00
94.32989,1.245,31.344,12.00
94.34172,1.245,31.647,12.00
94.36157,1.267,31.948,12.00
94.37176,1.286,32.198,12.00
94.38200,1.286,32.198,12.00
94.39214,1.298,32.443,0.00
94.40239,1.298,32.443,0.00
94.41255,1.290,32.658,0.00
94.42285,1.290,32.658,0.00
94.43300,1.270,32.852,0.00
94.44347,1.247,32.852,0.00
94.45361,1.247,33.053,0.00
94.46385,1.209,33.053,0.00
94.47400,1.209,33.237,0.00
94.48416,1.209,33.237,0.00
94.49429,1.162,33.431,0.00
94.50444,1.120,33.642,0.00
94.51459,1.120,33.642,0.00
94.52474,1.120,33.642,0.00
94.53488,1.066,33.851,0.00
94.54518,1.014,34.104,0.00
94.55533,1.014,34.104,0.00
94.56547,1.014,34.321,0.00
94.57563,0.963,34.321,0.00
94.58578,0.963,34.539,0.00
94.59592,0.904,34.539,0.00
94.60605,0.904,34.758,0.00
94.61620,0.845,34.758,0.00
94.62634,0.845,34.947,0.00
94.63646,0.774,34.947,0.00
94.64660,0.774,34.947,0.00
94.65676,0.698,35.142,0.00
94.66691,0.608,35.351,0.00
94.67706,0.608,35.351,0.00
94.68721,0.515,35.583,0.00
94.69736,0.515,35.583,0.00
94.70752,0.435,35.862,0.00
94.71772,0.435,35.862,0.00
94.72788,0.386,36.101,0.00
94.73807,0.386,36.101,0.00
94.74822,0.369,36.359,0.00
94.75837,0.369,36.359,0.00
94.76852,0.382,36.604,0.00
94.77866,0.382,36.604,0.00
94.78881,0.423,36.847,0.00
94.79895,0.423,36.847,0.00
94.80933,0.471,37.090,0.00
94.81951,0.471,37.090,0.00
94.82965,0.521,37.308,0.00
94.83986,0.521,37.308,0.00
94.84994,0.565,37.516,0.00
94.86013,0.565,37.516,0.00
94.87049,0.588,37.680,0.00
94.88064,0.588,37.680,0.00
94.89079,0.585,37.744,0.00
94.90093,0.585,37.744,0.00
94.91108,0.563,37.693,0.00
94.92123,0.563,37.693,0.00
94.93139,0.531,37.527,0.00
94.94175,0.531,37.527,0.00
94.95188,0.491,37.286,0.00
94.96202,0.491,37.286,0.00
94.97218,0.444,36.959,0.00
94.98234,0.444,36.959,0.00
94.99249,0.393,36.536,0.00
95.00279,0.393,36.536,0.00
95.01296,0.336,35.985,0.00
95.02322,0.336,35.985,0.00
95.03338,0.273,35.163,0.00
95.04353,0.225,35.163,0.00
95.05368,0.225,34.276,0.00
95.06393,0.225,34.276,0.00
95.07408,0.198,33.250,0.00
95.08445,0.195,33.250,0.00
95.09460,0.195,32.089,0.00
95.10475,0.210,30.754,0.00
95.11506,0.210,30.754,0.00
95.12557,0.228,29.234,0.00
95.13573,0.228,29.234,0.00
95.14612,0.256,27.608,0.00
95.15643,0.256,27.608,0.00
95.16810,0.290,25.964,0.00
95.17825,0.290,25.964,0.00
95.18840,0.329,24.148,0.00
95.19854,0.329,24.148,0.00
95.20902,0.358,22.523,0.00
95.21939,0.358,22.523,0.00
95.23102,0.358,22.523,0.00
95.24148,0.369,20.838,0.00
95.25163,0.358,19.082,0.00
95.26179,0.331,19.082,0.00
95.27193,0.331,17.307,0.00
95.28207,0.331,17.307,0.00
95.29245,0.292,15.549,0.00
95.30270,0.292,15.549,0.00
95.31287,0.247,13.750,0.00
95.32306,0.247,13.750,0.00
95.33323,0.192,11.894,0.00
95.34340,0.192,11.894,0.00
95.35355,0.130,9.808,0.00
95.36371,0.130,8.063,0.00
95.37387,0.082,8.063,0.00
95.38404,0.082,6.469,0.00
95.39613,0.041,6.469,0.00
95.40684,0.041,6.469,0.00
95.42223,0.009,6.469,0.00
95.43371,-0.007,3.765,0.00
95.44906,-0.007,3.765,0.00
95.46073,-0.007,2.618,0.00
95.47093,0.007,1.584,0.00
95.48154,0.007,1.584,0.00
95.49215,0.007,0.654,0.00
95.50264,0.007,-0.269,0.00
95.51305,0.007,-0.269,0.00
95.52372,0.026,-0.269,0.00
95.53954,0.026,-0.974,0.00
95.55572,0.009,-0.974,0.00
95.56633,0.009,-1.981,0.00
95.57650,0.009,-1.981,0.00
95.59410,-0.048,-2.289,0.00
95.61074,-0.074,-2.473,0.00
95.62469,-0.074,-2.541,0.00
95.64748,-0.095,-2.498,0.00
95.65763,-0.095,-2.498,0.00
95.67447,-0.115,-2.348,0.00
95.69002,-0.115,-2.348,0.00
95.70588,-0.116,-2.348,0.00
95.71652,-0.116,-1.859,0.00
95.73225,-0.103,-1.480,0.00
95.75379,-0.086,-1.480,0.00
95.77019,-0.086,-1.049,0.00
95.78165,-0.086,-0.663,0.00
95.79229,-0.045,-0.663,0.00
95.80300,-0.045,-0.424,0.00
95.81316,-0.045,-0.424,0.00
95.82923,0.012,-0.229,0.00
95.84099,0.012,-0.229,0.00
95.85680,0.033,-0.113,0.00
95.87282,0.042,0.021,0.00
95.88300,0.042,0.021,0.00
95.89336,0.042,0.127,0.00
95.90372,0.042,0.127,0.00
95.91479,0.042,0.127,0.00
95.92522,0.042,0.127,0.00
95.94186,0.020,0.272,0.00
95.95245,0.020,0.363,0.00
95.96272,0.020,0.363,0.00
95.97357,0.017,0.450,0.00
95.98384,0.017,0.450,0.00
96.00027,0.015,0.497,0.00
96.01575,0.015,0.532,0.00
96.02756,0.015,0.532,0.00
96.03845,0.017,0.578,0.00
96.04907,0.019,0.578,0.00
96.06012,0.019,0.578,0.00
96.07030,0.023,0.648,0.00
96.08094,0.023,0.721,0.00
96.09658,0.032,0.721,0.00
96.10742,0.041,0.721,0.00
96.12780,0.041,0.809,0.00
96.14448,0.049,0.823,0.00
96.16021,0.051,0.829,0.00
96.17590,0.054,0.814,0.00
96.18647,0.054,0.814,0.00
96.19685,0.054,0.736,0.00
96.20837,0.054,0.699,0.00
96.21918,0.054,0.699,0.00
96.23460,0.049,0.645,0.00
96.24534,0.044,0.614,0.00
96.26142,0.044,0.614,0.00
96.27160,0.042,0.614,0.00
96.28464,0.041,0.540,0.00
96.30558,0.039,0.509,0.00
96.31575,0.039,0.509,0.00
96.32634,0.035,0.509,0.00
96.33694,0.035,0.478,0.00
96.34799,0.035,0.478,0.00
96.36896,0.035,0.429,0.00
96.37923,0.035,0.429,0.00
96.38968,0.034,0.429,0.00
96.45033,0.034,0.519,0.00
96.46064,0.013,0.519,0.00
96.52557,-0.003,0.564,0.00
96.53846,-0.003,0.660,0.00
96.55272,-0.007,0.322,0.00
96.56301,-0.007,0.322,0.00
96.57329,-0.009,0.378,0.00
96.58360,-0.015,0.433,0.00
96.59377,-0.015,0.433,0.00
96.60393,-0.015,0.433,0.00
96.61432,-0.015,0.433,0.00
96.62460,-0.022,0.482,0.00
96.63489,-0.022,0.533,0.00
96.64506,-0.022,0.533,0.00
96.65526,-0.021,0.582,0.00
96.66541,-0.021,0.582,0.00
96.67557,-0.019,0.629,0.00
96.68631,-0.020,0.673,0.00
96.69646,-0.020,0.673,0.00
96.70662,-0.020,0.673,0.00
96.71679,-0.026,0.716,0.00
96.72733,-0.036,0.755,0.00
96.73748,-0.036,0.755,0.00
96.74765,-0.041,0.792,0.00
96.75779,-0.041,0.792,0.00
96.76795,-0.040,0.820,0.00
96.77809,-0.040,0.820,0.00
96.78824,-0.043,0.832,0.00
96.79838,-0.043,0.832,0.00
96.80854,-0.043,0.832,0.00
96.81869,-0.050,0.823,0.00
96.82882,-0.050,0.823,0.00
96.83896,-0.050,0.823,0.00
96.84910,-0.050,0.823,0.00
96.86012,-0.069,0.801,0.00
96.87031,-0.072,0.751,0.00
96.88048,-0.072,0.751,0.00
96.89062,-0.071,0.725,0.00
96.90076,-0.070,0.725,0.00
96.91132,-0.070,0.700,0.00
96.92146,-0.070,0.700,0.00
96.93160,-0.074,0.686,0.00
96.94173,-0.074,0.686,0.00
96.95188,-0.074,0.686,0.00
96.96206,-0.074,0.686,0.00
96.97238,-0.079,0.675,0.00
96.98253,-0.082,0.673,0.00
96.99270,-0.083,0.680,0.00
97.00285,-0.081,0.680,0.00
97.01301,-0.081,0.690,0.00
97.02318,-0.081,0.690,0.00
97.03332,-0.074,0.699,0.00
97.04360,-0.066,0.707,0.00
97.05385,-0.066,0.707,0.00
97.06402,-0.066,0.707,0.00
97.07415,-0.058,0.714,0.00
97.08430,-0.058,0.714,0.00
97.09490,-0.058,0.714,0.00
97.10513,-0.053,0.723,0.00
97.11545,-0.048,0.723,0.00
97.12564,-0.046,0.729,0.00
97.13581,-0.046,0.729,0.00
97.14597,-0.046,0.729,0.00
97.15623,-0.045,0.732,0.00
97.16638,-0.045,0.732,0.00
97.17652,-0.045,0.732,0.00
97.18667,-0.045,0.732,0.00
97.19682,-0.042,0.732,0.00
97.20697,-0.034,0.730,0.00
97.21712,-0.029,0.728,0.00
97.22731,-0.029,0.728,0.00
97.23747,-0.030,0.728,0.00
97.24763,-0.027,0.729,0.00
97.25777,-0.027,0.729,0.00
97.26793,-0.024,0.730,0.00
97.27807,-0.024,0.730,0.00
97.28824,-0.018,0.733,0.00
97.29839,-0.018,0.733,0.00
97.30854,-0.013,0.737,0.00
97.31939,-0.013,0.737,0.00
97.32958,-0.009,0.739,0.00
97.34034,-0.009,0.739,0.00
97.35050,-0.002,0.738,0.00
97.36193,-0.002,0.736,0.00
97.37208,0.004,0.736,0.00
97.38246,0.004,0.734,0.00
97.39261,0.005,0.734,0.00
97.40387,0.005,0.730,0.00
97.41405,0.005,0.730,0.00
97.42422,0.005,0.723,0.00
97.43446,0.011,0.723,0.00
97.44463,0.011,0.713,0.00
97.45479,0.024,0.713,0.00
97.46617,0.024,0.713,0.00
97.47635,0.024,0.702,0.00
97.48651,0.046,0.689,0.00
97.49669,0.046,0.689,0.00
97.50685,0.046,0.689,0.00
97.51701,0.052,0.680,0.00
97.52719,0.052,0.680,0.00
97.53735,0.052,0.676,0.00
97.54750,0.052,0.676,0.00
97.55766,0.054,0.676,0.00
97.56782,0.059,0.682,0.00
97.57797,0.059,0.682,0.00
97.58811,0.065,0.685,0.00
97.59826,0.065,0.685,0.00
97.60841,0.065,0.685,0.00
97.61856,0.065,0.685,0.00
97.62870,0.075,0.697,0.00
97.63904,0.075,0.697,0.00
97.64919,0.082,0.706,0.00
97.65934,0.082,0.706,0.00
97.66973,0.082,0.714,0.00
97.67994,0.087,0.714,0.00
97.69010,0.092,0.722,0.00
97.70036,0.092,0.722,0.00
97.71051,0.098,0.734,0.00
97.72067,0.098,0.734,0.00
97.73091,0.102,0.748,0.00
97.74116,0.102,0.748,0.00
97.75132,0.104,0.760,0.00
97.76146,0.104,0.760,0.00
97.77163,0.106,0.773,0.00
97.78187,0.106,0.773,0.00
97.79209,0.107,0.786,0.00
97.80224,0.107,0.786,0.00
97.81239,0.101,0.799,0.00
97.82363,0.089,0.799,0.00
97.83377,0.089,0.814,0.00
97.84411,0.078,0.829,0.00
97.85426,0.078,0.829,0.00
97.86441,0.078,0.846,0.00
97.87456,0.067,0.846,0.00
97.88479,0.067,0.862,0.00
97.89493,0.057,0.862,0.00
97.90506,0.057,0.876,0.00
97.91527,0.046,0.876,0.00
97.92541,0.046,0.876,0.00
97.93556,0.032,0.888,0.00
97.94570,0.018,0.897,0.00
97.95584,0.018,0.897,0.00
97.96599,0.014,0.905,0.00
97.97613,0.014,0.905,0.00
97.98645,0.015,0.913,0.00
97.99661,0.015,0.913,0.00
98.00685,0.017,0.921,0.00
98.01746,0.017,0.921,0.00
98.02760,0.017,0.930,0.00
98.03775,0.017,0.930,0.00
98.04790,0.013,0.936,0.00
98.05805,0.013,0.936,0.00
98.06824,0.004,0.942,0.00
98.07840,0.004,0.942,0.00
98.08856,0.004,0.950,0.00
98.09871,0.004,0.950,0.00
98.10885,0.008,0.957,0.00
98.11910,0.008,0.957,0.00
98.12923,0.010,0.961,0.00
98.13940,0.010,0.961,0.00
98.14955,0.005,0.967,0.00
98.15972,0.005,0.967,0.00
98.17010,-0.002,0.971,0.00
98.18026,-0.002,0.971,0.00
98.19040,-0.015,0.974,0.00
98.20068,-0.015,0.974,0.00
98.21087,-0.027,0.979,0.00
98.22108,-0.027,0.979,0.00
98.23133,-0.035,0.985,0.00
98.24151,-0.035,0.985,0.00
98.25165,-0.040,0.989,0.00
98.26205,-0.040,0.992,0.00
98.27243,-0.049,0.992,0.00
98.28257,-0.049,0.992,0.00
98.29272,-0.052,0.996,0.00
98.30296,-0.052,0.996,0.00
98.31314,-0.055,0.998,0.00
98.32345,-0.055,0.998,0.00
98.33360,-0.056,0.993,0.00
98.34374,-0.056,0.993,0.00
98.35389,-0.061,0.991,0.00
98.36406,-0.069,0.987,0.00
98.37420,-0.069,0.987,0.00
98.38435,-0.082,0.978,0.00
98.39449,-0.082,0.978,0.00
98.40482,-0.082,0.966,0.00
98.41486,-0.097,0.966,0.00
98.42500,-0.097,0.966,0.00
98.43523,-0.110,0.951,0.00
98.44546,-0.110,0.951,0.00
98.45568,-0.123,0.940,0.00
98.46582,-0.134,0.940,0.00
98.47596,-0.134,0.931,0.00
98.48610,-0.134,0.931,0.00
98.49626,-0.142,0.925,0.00
98.50639,-0.151,0.925,0.00
98.51652,-0.151,0.920,0.00
98.52666,-0.159,0.918,0.00
98.53680,-0.159,0.918,0.00
98.54703,-0.159,0.918,0.00
98.55743,-0.163,0.915,0.00
98.56759,-0.170,0.912,0.00
98.57774,-0.170,0.912,0.00
98.58788,-0.181,0.909,0.00
98.59824,-0.181,0.909,0.00
98.60840,-0.187,0.903,0.00
98.61880,-0.187,0.903,0.00
98.62893,-0.194,0.894,0.00
98.63927,-0.194,0.894,0.00
98.64921,-0.199,0.883,0.00
98.65935,-0.199,0.883,0.00
98.66950,-0.201,0.874,0.00
98.67974,-0.201,0.874,0.00
98.68996,-0.201,0.874,0.00
98.70013,-0.197,0.863,0.00
98.71037,-0.187,0.854,0.00
98.72055,-0.187,0.854,0.00
98.73070,-0.138,0.845,0.00
98.74090,-0.138,0.845,0.00
98.75122,-0.061,0.835,0.00
98.76138,-0.061,0.835,0.00
98.77152,0.032,0.825,0.00
98.78177,0.032,0.825,0.00
98.79194,0.119,0.815,0.00
98.80210,0.119,0.815,0.00
98.81227,0.223,0.806,0.00
98.82339,0.223,0.806,0.00
98.83355,0.223,0.806,0.00
98.84388,0.586,0.797,0.00
98.85418,0.586,0.797,0.00
98.86435,0.586,0.787,0.00
98.87452,0.862,0.787,0.00
98.88468,0.862,0.777,0.00
98.89483,1.252,0.777,0.00
98.90514,1.745,0.767,0.00
98.91531,1.745,0.767,0.00
98.92550,2.330,0.767,0.00
98.93566,2.330,0.757,0.00
98.94582,2.990,0.748,0.00
98.95598,2.990,0.748,0.00
98.96614,3.706,0.748,0.00
98.97629,3.706,0.738,0.00
98.98645,4.472,0.730,0.00
98.99659,4.472,0.730,0.00
99.00676,5.294,0.726,0.00
99.01690,5.294,0.726,0.00
99.02706,6.185,0.724,0.00
99.03730,6.185,0.724,0.00
99.04748,6.185,0.724,0.00
99.05770,7.143,0.720,0.00
99.06788,8.126,0.715,0.00
99.07807,8.126,0.715,0.00
99.08825,9.069,0.711,0.00
99.09840,9.069,0.711,0.00
99.10858,9.975,0.708,0.00
99.11873,9.975,0.708,0.00
99.14570,11.756,0.708,0.00
99.15586,11.756,0.712,0.00
99.17766,12.739,0.717,8.00
99.18783,13.693,0.723,8.00
99.20919,13.693,0.723,8.00
99.21937,14.573,0.731,8.00
99.24367,15.409,0.746,8.00
99.25350,16.171,0.746,8.00
99.26482,16.171,0.746,8.00
99.27501,16.796,0.746,8.00
99.28515,17.238,0.744,8.00
99.29530,17.238,0.744,8.00
99.30616,17.238,0.744,8.00
99.31634,17.473,0.744,8.00
99.32650,17.522,0.751,8.00
99.33829,17.522,0.751,8.00
99.34846,17.434,0.762,8.00
99.36085,17.434,0.762,8.00
99.37101,17.206,0.767,8.00
99.38187,17.206,0.767,8.00
99.39203,16.827,0.761,8.00
99.40300,16.827,0.761,8.50
99.41327,16.306,0.736,8.50
99.42346,16.306,0.736,8.50
99.44983,14.903,0.685,8.50
99.46036,14.903,0.605,8.50
99.48204,14.003,0.517,8.50
99.49231,12.985,0.446,8.50
99.51424,11.907,0.388,8.50
99.52467,11.907,0.388,8.50
99.54526,10.788,0.352,8.50
99.55544,9.634,0.327,8.50
99.56560,8.493,0.305,8.50
99.57724,8.493,0.305,9.00
99.58742,7.372,0.305,9.00
99.59756,7.372,0.323,9.00
99.61077,6.238,0.323,9.00
99.62095,6.238,0.554,9.00
99.63129,5.132,1.129,9.00
99.64284,5.132,1.899,9.00
99.65303,4.118,1.899,9.00
99.66349,4.118,2.840,9.00
99.67430,3.182,2.840,9.00
99.68445,2.317,2.840,9.00
99.69459,2.317,3.560,9.00
99.72228,1.509,4.046,9.50
99.73276,0.764,4.426,9.50
99.75322,0.764,4.426,9.50
99.76345,0.090,4.793,9.50
99.78562,-0.540,5.050,9.50
99.79576,-0.540,5.050,9.50
99.81728,-0.540,5.050,10.00
99.82747,-0.861,5.284,10.00
99.84947,-0.861,5.284,10.00
99.85963,-0.557,5.519,10.00
99.86978,-0.093,5.851,10.00
99.88242,-0.093,5.851,10.00
99.89259,-0.093,6.326,10.00
99.90274,0.355,6.896,10.00
99.91376,0.715,6.896,10.50
99.92405,0.715,6.896,10.50
99.93421,0.948,7.531,10.50
99.94580,0.948,8.171,10.50
99.95597,1.058,8.171,10.50
99.96612,1.031,8.792,10.50
99.97759,1.031,8.792,10.50
99.98776,1.031,8.792,10.50
99.99803,1.031,8.792,10.50
100.00977,0.873,9.377,10.50
100.01995,0.873,9.377,10.50
100.03023,0.860,10.063,10.50
100.04210,0.877,10.690,11.00
100.05229,0.877,10.690,11.00
100.06248,0.877,10.690,11.00
100.08974,0.877,11.316,11.00
100.10003,0.877,11.983,11.00
100.12292,0.828,13.376,11.00
100.13328,0.828,13.376,11.00
100.15396,0.819,14.056,11.00
100.16435,0.799,14.695,11.00
100.18769,0.752,15.408,11.50
100.19796,0.752,15.408,11.50
100.21804,0.685,16.041,11.50
100.22819,0.598,16.674,11.50
100.23904,0.598,16.674,11.50
100.25006,0.598,16.674,11.50
100.26041,0.500,17.323,11.50
100.27056,0.407,17.967,11.50
100.28219,0.336,17.967,11.50
100.29236,0.336,18.632,11.50
100.30251,0.336,18.632,11.50
100.31370,0.301,19.282,11.50
100.32400,0.301,19.282,11.50
100.33441,0.314,19.910,11.50
100.34551,0.314,19.910,12.00
100.35568,0.372,20.568,12.00
100.36582,0.467,21.099,12.00
100.37600,0.467,21.099,12.00
100.39435,0.575,21.634,12.00
100.40450,0.575,21.634,12.00
100.42655,0.575,22.149,12.00
100.43670,0.755,22.668,12.00
100.45771,0.755,23.191,12.00
100.46814,0.818,23.191,12.00
100.47841,0.874,23.711,12.00
100.48979,0.874,24.248,12.00
100.50003,0.921,24.248,12.00
100.51017,0.921,24.833,12.00
100.52245,0.993,24.833,12.00
100.53285,0.993,25.361,12.00
100.54343,0.993,25.361,12.00
100.55426,1.023,25.361,12.00
100.56440,1.047,25.857,12.00
100.57454,1.047,26.312,12.00
100.58672,1.047,26.738,12.00
100.59756,1.065,26.738,12.00
100.60772,1.075,27.125,12.00
100.63334,1.075,27.125,12.00
100.64352,1.065,27.491,12.00
100.66554,0.979,27.491,12.00
100.67575,0.979,28.218,12.00
100.69813,0.979,28.218,12.00
100.70833,0.879,28.566,12.00
100.72954,0.838,28.566,12.00
100.73973,0.838,28.899,12.00
100.76186,0.838,28.899,12.00
100.77305,0.801,29.234,12.00
100.79325,0.760,29.533,12.00
100.80346,0.715,29.797,12.00
100.81643,0.670,30.055,12.00
100.82666,0.670,30.055,12.00
100.83680,0.637,30.285,12.00
100.84694,0.617,30.563,12.00
100.85794,0.617,30.563,12.00
100.86826,0.610,30.800,12.00
100.87847,0.610,30.800,12.00
100.88871,0.605,31.029,0.00
100.89896,0.605,31.029,0.00
100.90911,0.594,31.261,0.00
100.91936,0.594,31.261,0.00
100.92951,0.580,31.480,0.00
100.93966,0.580,31.480,0.00
100.94981,0.573,31.720,0.00
100.95998,0.573,31.720,0.00
100.97012,0.575,31.960,0.00
100.98044,0.575,31.960,0.00
100.99059,0.576,32.226,0.00
101.00170,0.576,32.531,0.00
101.01233,0.582,32.531,0.00
101.02275,0.582,32.817,0.00
101.03298,0.595,32.817,0.00
101.04341,0.595,32.817,0.00
101.05356,0.610,33.137,0.00
101.06373,0.610,33.137,0.00
101.07389,0.622,33.465,0.00
101.08413,0.622,33.465,0.00
101.09431,0.629,33.820,0.00
101.10448,0.629,33.820,0.00
101.11465,0.620,34.179,0.00
101.12481,0.584,34.540,0.00
101.13498,0.584,34.540,0.00
101.14515,0.584,34.540,0.00
101.15533,0.524,34.889,0.00
101.16549,0.438,35.232,0.00
101.17566,0.438,35.232,0.00
101.18598,0.345,35.521,0.00
101.19614,0.345,35.521,0.00
101.20630,0.268,35.790,0.00
101.21646,0.268,35.790,0.00
101.22662,0.189,36.057,0.00
101.23679,0.189,36.057,0.00
101.24695,0.189,36.057,0.00
101.25713,0.089,36.333,0.00
101.26729,-0.028,36.596,0.00
101.27756,-0.028,36.596,0.00
101.28797,-0.160,36.863,0.00
101.29834,-0.160,36.863,0.00
101.30865,-0.288,37.124,0.00
101.31900,-0.288,37.124,0.00
101.32933,-0.391,37.407,0.00
101.33971,-0.391,37.407,0.00
101.35002,-0.456,37.649,0.00
101.36143,-0.456,37.649,0.00
101.37160,-0.479,37.861,0.00
101.38177,-0.479,37.861,0.00
101.39195,-0.467,38.062,0.00
101.40210,-0.467,38.224,0.00
101.41226,-0.420,38.224,0.00
101.42238,-0.420,38.318,0.00
101.43254,-0.354,38.318,0.00
101.44270,-0.354,38.318,0.00
101.45286,-0.294,38.337,0.00
101.46301,-0.294,38.337,0.00
101.47317,-0.252,38.342,0.00
101.48334,-0.232,38.342,0.00
101.49350,-0.232,38.320,0.00
101.50376,-0.230,38.249,0.00
101.51406,-0.230,38.249,0.00
101.52447,-0.244,38.108,0.00
101.53476,-0.244,38.108,0.00
101.54522,-0.271,37.860,0.00
101.55548,-0.271,37.860,0.00
101.56563,-0.302,37.436,0.00
101.57578,-0.302,37.436,0.00
101.58594,-0.327,36.840,0.00
101.59609,-0.327,36.840,0.00
101.60624,-0.327,36.840,0.00
101.61640,-0.337,36.154,0.00
101.62655,-0.357,35.337,0.00
101.63670,-0.357,35.337,0.00
101.64686,-0.391,34.171,0.00
101.65701,-0.391,34.171,0.00
101.66726,-0.420,32.927,0.00
101.67741,-0.420,32.927,0.00
101.68756,-0.430,31.596,0.00
101.69772,-0.430,31.596,0.00
101.70786,-0.422,30.176,0.00
101.71803,-0.422,30.176,0.00
101.72818,-0.401,28.669,0.00
101.73835,-0.401,28.669,0.00
101.74851,-0.374,26.979,0.00
101.75866,-0.374,26.979,0.00
101.76882,-0.342,25.163,0.00
101.77935,-0.342,25.163,0.00
101.78966,-0.307,23.361,0.00
101.80003,-0.307,23.361,0.00
101.81032,-0.277,21.356,0.00
101.82048,-0.277,21.356,0.00
101.83066,-0.261,19.517,0.00
101.84080,-0.261,19.517,0.00
101.85096,-0.268,17.600,0.00
101.86111,-0.268,17.600,0.00
101.87127,-0.289,15.646,0.00
101.88139,-0.289,15.646,0.00
101.89566,-0.324,13.728,0.00
101.91122,-0.324,11.845,0.00
101.92792,-0.414,9.962,0.00
101.93859,-0.414,9.962,0.00
101.95484,-0.447,9.962,0.00
101.96631,-0.447,6.020,0.00
101.98187,-0.461,6.020,0.00
101.99284,-0.461,4.334,0.00
102.00948,-0.445,2.828,0.00
102.02012,-0.445,2.828,0.00
102.04794,-0.443,0.278,0.00
102.05872,-0.444,0.278,0.00
102.07468,-0.452,-0.782,0.00
102.09058,-0.452,-0.782,0.00
102.10926,-0.467,-1.689,0.00
102.12003,-0.467,-2.429,0.00
102.13071,-0.467,-2.429,0.00
102.14150,-0.467,-3.092,0.00
102.15873,-0.514,-3.539,0.00
102.16941,-0.514,-3.539,0.00
102.18026,-0.514,-3.857,0.00
102.19570,-0.525,-4.005,0.00
102.21096,-0.537,-3.974,0.00
102.22165,-0.537,-3.974,0.00
102.23247,-0.537,-3.784,0.00
102.25460,-0.504,-3.508,0.00
102.26521,-0.504,-3.508,0.00
102.27619,-0.479,-3.190,0.00
102.29313,-0.462,-2.785,0.00
102.30983,-0.447,-2.406,0.00
102.32648,-0.447,-2.406,0.00
102.33709,-0.447,-2.062,0.00
102.34772,-0.447,-2.062,0.00
102.35828,-0.430,-2.062,0.00
102.36975,-0.417,-1.531,0.00
102.38506,-0.417,-1.531,0.00
102.39620,-0.405,-1.318,0.00
102.41797,-0.401,-1.188,0.00
102.42821,-0.401,-1.188,0.00
102.44508,-0.398,-1.104,0.00
102.45639,-0.396,-1.007,0.00
102.46787,-0.396,-0.922,0.00
102.47813,-0.396,-0.922,0.00
102.49491,-0.399,-0.865,0.00
102.50592,-0.402,-0.865,0.00
102.52419,-0.402,-0.831,0.00
102.53993,-0.410,-0.806,0.00
102.55377,-0.418,-0.769,0.00
102.56493,-0.427,-0.769,0.00
102.58212,-0.427,-0.736,0.00
102.59365,-0.428,-0.713,0.00
102.60474,-0.428,-0.713,0.00
102.62343,-0.423,-0.713,0.00
102.63950,-0.415,-0.621,0.00
102.65023,-0.412,-0.621,0.00
102.66384,-0.412,-0.559,0.00
102.67474,-0.413,-0.501,0.00
102.68575,-0.407,-0.501,0.00
102.69694,-0.407,-0.456,0.00
102.70840,-0.402,-0.427,0.00
102.72305,-0.404,-0.427,0.00
102.73643,-0.404,-0.416,0.00
102.75216,-0.408,-0.428,0.00
102.76461,-0.408,-0.428,0.00
102.78818,-0.415,-0.465,0.00
102.80422,-0.422,-0.518,0.00
102.82526,-0.426,-0.588,0.00
102.83654,-0.425,-0.664,0.00
102.84818,-0.425,-0.739,0.00
102.86203,-0.422,-0.739,0.00
102.87791,-0.422,-0.808,0.00
102.89198,-0.419,-0.808,0.00
102.95212,-0.419,-0.858,0.00
103.02194,-0.381,-0.846,0.00
103.03215,-0.343,-0.551,0.00
103.04244,0.091,-0.551,0.00
103.05260,0.091,0.319,0.00
103.06276,0.091,0.319,0.00
103.07292,0.096,0.395,0.00
103.08308,0.096,0.395,0.00
103.09324,0.097,0.457,0.00
103.10340,0.097,0.457,0.00
103.11356,0.095,0.523,0.00
103.12372,0.095,0.584,0.00
103.13387,0.095,0.584,0.00
103.14404,0.095,0.643,0.00
103.15420,0.098,0.643,0.00
103.16436,0.098,0.695,0.00
103.17453,0.100,0.695,0.00
103.18489,0.105,0.742,0.00
103.19506,0.105,0.742,0.00
103.20523,0.111,0.787,0.00
103.21539,0.111,0.787,0.00
103.22557,0.118,0.828,0.00
103.23591,0.118,0.828,0.00
103.24628,0.125,0.867,0.00
103.25643,0.125,0.867,0.00
103.26662,0.131,0.867,0.00
103.27679,0.131,0.911,0.00
103.28695,0.140,0.946,0.00
103.29712,0.140,0.946,0.00
103.30729,0.149,0.973,0.00
103.31745,0.149,0.973,0.00
103.32762,0.162,0.990,0.00
103.33779,0.162,0.990,0.00
103.34796,0.174,1.005,0.00
103.35811,0.174,1.005,0.00
103.36844,0.179,1.015,0.00
103.37938,0.179,1.015,0.00
103.38957,0.186,1.018,0.00
103.39974,0.186,1.018,0.00
103.41005,0.198,1.013,0.00
103.42021,0.198,1.013,0.00
103.43038,0.199,1.001,0.00
103.44054,0.199,1.001,0.00
103.45069,0.191,0.988,0.00
103.46167,0.191,0.988,0.00
103.47182,0.185,0.969,0.00
103.48215,0.185,0.946,0.00
103.49233,0.180,0.946,0.00
103.50280,0.180,0.924,0.00
103.51298,0.177,0.924,0.00
103.52322,0.176,0.924,0.00
103.53337,0.176,0.905,0.00
103.54358,0.173,0.905,0.00
103.55372,0.173,0.885,0.00
103.56387,0.169,0.885,0.00
103.57401,0.169,0.863,0.00
103.58417,0.165,0.863,0.00
103.59431,0.165,0.848,0.00
103.60473,0.161,0.842,0.00
103.61502,0.161,0.842,0.00
103.62533,0.168,0.834,0.00
103.63548,0.168,0.834,0.00
103.64562,0.181,0.828,0.00
103.65577,0.181,0.828,0.00
103.66614,0.191,0.828,0.00
103.67632,0.191,0.828,0.00
103.68646,0.191,0.837,0.00
103.69660,0.191,0.837,0.00
103.70675,0.191,0.837,0.00
103.71702,0.184,0.847,0.00
103.72717,0.173,0.858,0.00
103.73732,0.173,0.858,0.00
103.74748,0.161,0.874,0.00
103.75772,0.161,0.874,0.00
103.76788,0.154,0.893,0.00
103.77820,0.154,0.893,0.00
103.78835,0.148,0.913,0.00
103.79864,0.148,0.913,0.00
103.80901,0.148,0.913,0.00
103.82071,0.138,0.935,0.00
103.83138,0.129,0.956,0.00
103.84171,0.129,0.956,0.00
103.85186,0.129,0.977,0.00
103.86203,0.129,1.001,0.00
103.87228,0.133,1.001,0.00
103.88262,0.133,1.024,0.00
103.89296,0.133,1.024,0.00
103.90347,0.134,1.047,0.00
103.91362,0.134,1.047,0.00
103.92398,0.135,1.062,0.00
103.93428,0.135,1.062,0.00
103.94463,0.129,1.073,0.00
103.95495,0.129,1.073,0.00
103.96509,0.120,1.081,0.00
103.97529,0.120,1.081,0.00
103.98542,0.110,1.083,0.00
103.99556,0.110,1.083,0.00
104.00571,0.110,1.083,0.00
104.01586,0.110,1.083,0.00
104.02617,0.104,1.083,0.00
104.03630,0.104,1.079,0.00
104.04650,0.100,1.072,0.00
104.05663,0.097,1.072,0.00
104.06678,0.093,1.068,0.00
104.07692,0.093,1.068,0.00
104.08707,0.089,1.065,0.00
104.09724,0.089,1.065,0.00
104.10740,0.083,1.062,0.00
104.11754,0.083,1.062,0.00
104.12767,0.074,1.062,0.00
104.13787,0.074,1.062,0.00
104.14803,0.061,1.060,0.00
104.15823,0.061,1.060,0.00
104.16839,0.047,1.060,0.00
104.17855,0.047,1.060,0.00
104.18870,0.028,1.061,0.00
104.19885,0.028,1.061,0.00
104.20899,0.014,1.060,0.00
104.21917,0.014,1.060,0.00
104.22931,0.003,1.057,0.00
104.23952,0.003,1.057,0.00
104.24993,-0.007,1.054,0.00
104.26007,-0.007,1.054,0.00
104.27022,-0.018,1.056,0.00
104.28059,-0.018,1.056,0.00
104.29075,-0.031,1.061,0.00
104.30198,-0.031,1.061,0.00
104.31214,-0.046,1.065,0.00
104.32234,-0.046,1.065,0.00
104.33250,-0.060,1.071,0.00
104.34275,-0.060,1.071,0.00
104.35291,-0.066,1.081,0.00
104.36306,-0.066,1.094,0.00
104.37319,-0.068,1.094,0.00
104.38387,-0.068,1.110,0.00
104.39413,-0.072,1.110,0.00
104.40464,-0.082,1.127,0.00
104.41482,-0.082,1.127,0.00
104.42503,-0.082,1.127,0.00
104.43529,-0.094,1.142,0.00
104.44544,-0.106,1.155,0.00
104.45557,-0.106,1.155,0.00
104.46575,-0.118,1.165,0.00
104.47589,-0.118,1.165,0.00
104.48619,-0.126,1.175,0.00
104.49632,-0.126,1.175,0.00
104.50647,-0.135,1.183,0.00
104.51663,-0.135,1.183,0.00
104.52678,-0.145,1.190,0.00
104.53692,-0.145,1.190,0.00
104.54707,-0.160,1.192,0.00
104.55721,-0.160,1.192,0.00
104.56736,-0.171,1.190,0.00
104.57750,-0.171,1.190,0.00
104.58765,-0.176,1.184,0.00
104.59778,-0.176,1.184,0.00
104.60797,-0.178,1.175,0.00
104.61810,-0.178,1.175,0.00
104.62827,-0.179,1.165,0.00
104.63863,-0.179,1.165,0.00
104.64878,-0.179,1.165,0.00
104.65892,-0.179,1.154,0.00
104.66906,-0.185,1.154,0.00
104.67983,-0.185,1.139,0.00
104.68999,-0.191,1.127,0.00
104.70022,-0.191,1.127,0.00
104.71055,-0.197,1.116,0.00
104.72076,-0.197,1.116,0.00
104.73100,-0.205,1.104,0.00
104.74139,-0.205,1.104,0.00
104.75155,-0.205,1.104,0.00
104.76178,-0.211,1.091,0.00
104.77203,-0.211,1.091,0.00
104.78216,-0.219,1.079,0.00
104.79240,-0.233,1.068,0.00
104.80270,-0.233,1.068,0.00
104.81286,-0.247,1.058,0.00
104.82299,-0.247,1.058,0.00
104.83313,-0.254,1.050,0.00
104.84327,-0.254,1.050,0.00
104.85350,-0.263,1.042,0.00
104.86364,-0.263,1.037,0.00
104.87377,-0.273,1.037,0.00
104.88405,-0.275,1.034,0.00
104.89420,-0.275,1.034,0.00
104.90434,-0.274,1.031,0.00
104.91448,-0.274,1.031,0.00
104.92464,-0.269,1.031,0.00
104.93477,-0.269,1.025,0.00
104.94492,-0.260,1.025,0.00
104.95505,-0.260,1.019,0.00
104.96520,-0.250,1.019,0.00
104.97550,-0.250,1.013,0.00
104.98564,-0.250,1.013,0.00
104.99578,-0.240,1.002,0.00
105.00592,-0.240,0.991,0.00
105.01606,-0.232,0.991,0.00
105.02626,-0.232,0.991,0.00
105.03642,-0.225,0.979,0.00
105.04656,-0.205,0.973,0.00
105.05671,-0.205,0.973,0.00
105.06688,-0.162,0.972,0.00
105.07709,-0.162,0.972,0.00
105.08724,-0.108,0.969,0.00
105.09738,-0.108,0.969,0.00
105.10753,-0.059,0.966,0.00
105.11767,-0.059,0.966,0.00
105.12781,-0.010,0.961,0.00
105.13796,-0.010,0.961,0.00
105.14816,0.056,0.957,0.00
105.15840,0.056,0.957,0.00
105.16863,0.133,0.950,0.00
105.17877,0.133,0.950,0.00
105.18891,0.226,0.943,0.00
105.19904,0.226,0.943,0.00
105.20919,0.329,0.943,0.00
105.21942,0.329,0.937,0.00
105.22957,0.462,0.932,0.00
105.24010,0.462,0.932,0.00
105.25036,0.642,0.925,0.00
105.26080,0.642,0.925,0.00
105.27109,0.884,0.918,0.00
105.28157,0.884,0.918,0.00
105.29192,1.209,0.916,0.00
105.30236,1.617,0.916,0.00
105.31277,1.617,0.914,0.00
105.32322,1.617,0.914,0.00
105.33366,2.092,0.912,0.00
105.34410,2.092,0.912,0.00
105.35444,2.643,0.919,0.00
105.36487,3.272,0.919,0.00
105.37504,3.272,0.925,0.00
105.38522,3.272,0.932,0.00
105.39547,3.964,0.932,0.00
105.40561,3.964,0.938,0.00
105.41577,4.714,0.938,0.00
105.42591,5.520,0.946,0.00
105.43606,5.520,0.946,0.00
105.44621,5.520,0.946,0.00
105.45636,6.368,0.952,0.00
105.46652,7.257,0.955,0.00
105.47678,7.257,0.955,0.00
105.48694,7.257,0.956,0.00
105.49711,8.159,0.956,0.00
105.50726,9.076,0.959,0.00
105.51742,9.076,0.959,0.00
105.54698,10.963,0.960,0.00
105.55714,10.963,0.960,0.00
105.57714,10.963,0.960,8.00
105.58732,12.796,0.960,8.00
105.60922,12.796,0.960,8.00
105.61941,13.644,0.957,8.00
105.64124,14.447,0.953,8.00
105.65152,14.447,0.953,8.00
105.67387,15.817,0.931,8.00
105.68425,16.332,0.914,8.00
105.69457,16.332,0.914,8.00
105.70667,16.711,0.894,8.00
105.71688,16.711,0.894,8.00
105.72704,16.956,0.879,8.00
105.73727,16.956,0.879,8.00
105.74746,16.956,0.859,8.00
105.75763,17.082,0.859,8.00
105.76953,17.102,0.859,8.00
105.77994,17.102,0.837,8.00
105.79037,17.016,0.809,8.00
105.80404,16.813,0.781,8.50
105.81420,16.813,0.781,8.50
105.82434,16.492,0.781,8.50
105.85004,16.061,0.753,8.50
105.86021,16.061,0.727,8.50
105.88399,15.512,0.702,8.50
105.89415,14.827,0.679,8.50
105.91329,14.827,0.679,8.50
105.92347,14.041,0.659,8.50
105.93359,13.195,0.643,8.50
105.94521,13.195,0.643,8.50
105.95539,12.298,0.632,8.50
105.96555,11.355,0.625,8.50
105.97747,11.355,0.625,9.00
105.98785,10.391,0.623,9.00
105.99814,10.391,0.623,9.00
106.00958,9.456,0.623,9.00
106.01998,9.456,0.622,9.00
106.03052,8.555,0.620,9.00
106.04184,8.555,0.620,9.00
106.05235,7.671,0.654,9.00
106.06255,7.671,0.654,9.00
106.07329,6.818,0.896,9.00
106.08344,6.818,0.896,9.00
106.09360,5.988,1.425,9.00
106.12190,5.988,1.425,9.50
106.13209,4.347,2.695,9.50
106.15338,4.347,2.695,9.50
106.16351,3.564,3.362,9.50
106.18513,2.825,4.030,9.50
106.19531,2.128,4.600,9.50
106.21716,1.463,4.923,10.00
106.22733,0.821,5.084,10.00
106.23748,0.821,5.084,10.00
106.24913,0.821,5.084,10.00
106.25931,0.206,5.167,10.00
106.26947,0.206,5.167,10.00
106.28179,0.206,5.167,10.00
106.29196,-0.233,5.166,10.00
106.30220,-0.326,5.159,10.00
106.31383,-0.155,5.410,10.50
106.32400,0.133,5.410,10.50
106.33414,0.133,5.907,10.50
106.34599,0.490,5.907,10.50
106.35616,0.490,6.611,10.50
106.36630,0.490,6.611,10.50
106.37758,0.876,7.483,10.50
106.38772,1.195,8.425,10.50
106.39793,1.195,8.425,10.50
106.40923,1.367,9.332,10.50
106.41947,1.367,9.332,10.50
106.42964,1.387,10.109,10.50
106.45779,1.387,10.755,11.00
106.46805,1.156,11.188,11.00
106.48910,1.156,11.188,11.00
106.50028,1.042,11.573,11.00
106.52158,0.964,11.984,11.00
106.53182,0.896,12.627,11.00
106.55333,0.896,12.627,11.50
106.56352,0.829,13.305,11.50
106.57367,0.780,14.085,11.50
106.58554,0.736,14.085,11.50
106.59573,0.736,14.900,11.50
106.60588,0.703,15.689,11.50
106.61736,0.703,15.689,11.50
106.62754,0.668,16.413,11.50
106.63770,0.668,16.413,11.50
106.64931,0.668,16.413,11.50
106.66074,0.627,16.920,11.50
106.67089,0.577,17.372,11.50
106.68165,0.577,17.372,11.50
106.69197,0.532,17.841,11.50
106.70234,0.532,18.381,11.50
106.71392,0.526,18.381,11.50
106.72421,0.566,18.959,11.50
106.73464,0.566,18.959,11.50
106.76221,0.566,18.959,12.00
106.77327,0.721,20.115,12.00
106.79407,0.805,20.652,12.00
106.80422,0.877,21.120,12.00
106.82552,0.877,21.539,12.00
106.83568,0.931,21.539,12.00
106.85760,0.961,21.966,12.00
106.86796,0.973,22.397,12.00
106.87811,0.973,22.397,12.00
106.88961,0.971,22.397,12.00
106.90004,0.971,22.868,12.00
106.91020,0.960,23.392,12.00
106.92537,0.960,23.956,12.00
106.93554,0.943,23.956,12.00
106.94568,0.943,24.613,12.00
106.95582,0.912,24.613,12.00
106.96597,0.870,25.173,12.00
106.97652,0.870,25.173,12.00
106.98670,0.830,25.684,12.00
106.99695,0.830,25.684,12.00
107.00709,0.788,26.188,12.00
107.03561,0.788,26.188,12.00
107.04601,0.744,26.671,12.00
107.06739,0.688,27.169,12.00
107.07759,0.688,27.638,12.00
107.09801,0.689,28.079,12.00
107.10839,0.715,28.557,12.00
107.12988,0.750,28.952,12.00
107.14159,0.750,28.952,12.00
107.15212,0.792,29.346,12.00
107.16411,0.839,29.346,12.00
107.17435,0.839,29.709,12.00
107.18538,0.839,29.709,12.00
107.19554,0.884,30.056,12.00
107.20568,0.920,30.405,12.00
107.21583,0.920,30.405,12.00
107.22647,0.941,30.735,12.00
107.23690,0.941,30.735,12.00
107.24705,0.948,31.084,12.00
107.25750,0.948,31.084,12.00
107.26767,0.945,31.452,12.00
107.27784,0.945,31.452,12.00
107.28809,0.941,31.754,0.00
107.29830,0.941,31.754,0.00
107.30846,0.937,32.042,0.00
107.31866,0.937,32.042,0.00
107.32881,0.931,32.288,0.00
107.33901,0.931,32.288,0.00
107.34916,0.919,32.524,0.00
107.35931,0.919,32.524,0.00
107.36946,0.905,32.730,0.00
107.38012,0.905,32.730,0.00
107.39028,0.891,32.943,0.00
107.40050,0.891,32.943,0.00
107.41066,0.876,33.159,0.00
107.42113,0.876,33.159,0.00
107.43128,0.856,33.406,0.00
107.44144,0.856,33.406,0.00
107.45160,0.839,33.618,0.00
107.46237,0.839,33.618,0.00
107.47252,0.828,33.794,0.00
107.48268,0.824,33.794,0.00
107.49283,0.824,33.987,0.00
107.50303,0.817,33.987,0.00
107.51333,0.817,34.174,0.00
107.52348,0.805,34.174,0.00
107.53363,0.805,34.342,0.00
107.54390,0.778,34.342,0.00
107.55424,0.778,34.498,0.00
107.56441,0.778,34.498,0.00
107.57457,0.741,34.636,0.00
107.58471,0.741,34.636,0.00
107.59486,0.700,34.802,0.00
107.60501,0.650,35.009,0.00
107.61517,0.650,35.009,0.00
107.62532,0.609,35.211,0.00
107.63548,0.609,35.211,0.00
107.64563,0.570,35.428,0.00
107.65577,0.570,35.428,0.00
107.66592,0.528,35.649,0.00
107.67607,0.528,35.649,0.00
107.68622,0.502,35.906,0.00
107.69635,0.502,35.906,0.00
107.70650,0.494,36.178,0.00
107.71665,0.494,36.178,0.00
107.72680,0.467,36.466,0.00
107.73721,0.467,36.466,0.00
107.74752,0.428,36.466,0.00
107.75769,0.428,36.795,0.00
107.76784,0.376,37.075,0.00
107.77799,0.376,37.075,0.00
107.78816,0.309,37.377,0.00
107.79835,0.309,37.377,0.00
107.80850,0.227,37.657,0.00
107.81866,0.227,37.657,0.00
107.82881,0.227,37.657,0.00
107.83895,0.227,37.657,0.00
107.84911,0.038,37.657,0.00
107.85957,0.038,37.892,0.00
107.86971,-0.058,38.063,0.00
107.88003,-0.058,38.063,0.00
107.89041,-0.138,38.178,0.00
107.90071,-0.138,38.178,0.00
107.91108,-0.197,38.178,0.00
107.92148,-0.197,38.275,0.00
107.93182,-0.248,38.354,0.00
107.94217,-0.304,38.354,0.00
107.95250,-0.304,38.387,0.00
107.96286,-0.369,38.387,0.00
107.97319,-0.369,38.363,0.00
107.98335,-0.369,38.363,0.00
107.99352,-0.416,38.265,0.00
108.00371,-0.416,38.265,0.00
108.01387,-0.435,38.058,0.00
108.02403,-0.435,38.058,0.00
108.03417,-0.425,37.729,0.00
108.04431,-0.425,37.729,0.00
108.05446,-0.408,37.261,0.00
108.06461,-0.408,36.659,0.00
108.07475,-0.401,36.659,0.00
108.08490,-0.400,35.903,0.00
108.09505,-0.400,35.903,0.00
108.10519,-0.390,34.846,0.00
108.11539,-0.390,34.846,0.00
108.12554,-0.380,33.845,0.00
108.13567,-0.380,33.845,0.00
108.14606,-0.375,32.769,0.00
108.15622,-0.375,32.769,0.00
108.16637,-0.379,32.769,0.00
108.17651,-0.379,31.582,0.00
108.18666,-0.384,30.315,0.00
108.19680,-0.384,30.315,0.00
108.20695,-0.395,29.098,0.00
108.21710,-0.395,29.098,0.00
108.22725,-0.414,27.860,0.00
108.23740,-0.414,27.860,0.00
108.24753,-0.442,26.525,0.00
108.25767,-0.442,26.525,0.00
108.26783,-0.442,26.525,0.00
108.27805,-0.480,24.832,0.00
108.28820,-0.519,23.293,0.00
108.30682,-0.519,21.787,0.00
108.31786,-0.519,21.787,0.00
108.33373,-0.548,20.253,0.00
108.35699,-0.552,18.621,0.00
108.37345,-0.552,18.621,0.00
108.39026,-0.578,15.054,0.00
108.41254,-0.604,13.124,0.00
108.42390,-0.604,13.124,0.00
108.43967,-0.641,11.539,0.00
108.45822,-0.687,10.031,0.00
108.47510,-0.732,8.592,0.00
108.48620,-0.732,7.259,0.00
108.50390,-0.767,6.071,0.00
108.55499,-0.798,4.132,0.00
108.56581,-0.797,3.316,0.00
108.60405,-0.802,1.716,0.00
108.64810,-0.815,0.471,0.00
108.65831,-0.815,0.471,0.00
108.66846,-0.815,0.471,0.00
108.68421,-0.820,-0.482,0.00
108.70136,-0.813,-0.902,0.00
108.71228,-0.813,-0.902,0.00
108.72249,-0.813,-0.902,0.00
108.73822,-0.803,-1.231,0.00
108.74898,-0.790,-1.231,0.00
108.76234,-0.790,-1.528,0.00
108.78048,-0.766,-1.528,0.00
108.80394,-0.733,-1.463,0.00
108.82141,-0.733,-1.463,0.00
108.83717,-0.733,-1.357,0.00
108.86379,-0.700,-1.213,0.00
108.87650,-0.700,-1.059,0.00
108.88806,-0.696,-0.925,0.00
108.89870,-0.696,-0.925,0.00
108.90901,-0.697,-0.925,0.00
108.92009,-0.697,-0.925,0.00
108.94470,-0.705,-0.507,0.00
108.95509,-0.705,-0.507,0.00
108.99328,-0.705,-0.272,0.00
109.02352,-0.669,-0.174,0.00
109.05573,-0.623,0.019,0.00
109.06629,-0.604,0.139,0.00
109.09349,-0.609,0.255,0.00
109.10933,-0.609,0.354,0.00
109.12408,-0.609,0.430,0.00
109.14296,-0.627,0.494,0.00
109.15544,-0.627,0.494,0.00
109.17123,-0.627,0.553,0.00
109.20948,-0.623,0.666,0.00
109.22187,-0.623,0.666,0.00
109.23757,-0.614,0.712,0.00
109.24816,-0.614,0.755,0.00
109.25833,-0.598,0.755,0.00
109.26940,-0.584,0.881,0.00
109.29059,-0.572,0.881,0.00
109.35438,-0.572,0.994,0.00
109.36456,-0.574,1.143,0.00
109.42903,-0.541,1.073,0.00
109.43943,-0.541,1.073,0.00
109.44960,0.167,0.555,0.00
109.45974,0.167,0.555,0.00
109.46989,0.177,0.538,0.00
109.48004,0.177,0.538,0.00
109.49027,0.188,0.528,0.00
109.50043,0.188,0.528,0.00
109.51057,0.196,0.531,0.00
109.52097,0.196,0.531,0.00
109.53131,0.210,0.546,0.00
109.54169,0.210,0.546,0.00
109.55204,0.210,0.583,0.00
109.56355,0.217,0.635,0.00
109.57371,0.215,0.635,0.00
109.58386,0.215,0.635,0.00
109.59400,0.215,0.635,0.00
109.60414,0.224,0.693,0.00
109.61428,0.224,0.693,0.00
109.62441,0.233,0.746,0.00
109.63455,0.233,0.746,0.00
109.64469,0.247,0.791,0.00
109.65482,0.247,0.791,0.00
109.66497,0.256,0.827,0.00
109.67520,0.256,0.827,0.00
109.68525,0.267,0.856,0.00
109.69557,0.267,0.856,0.00
109.70590,0.278,0.874,0.00
109.71616,0.278,0.874,0.00
109.72657,0.279,0.885,0.00
109.73684,0.279,0.885,0.00
109.74732,0.279,0.885,0.00
109.75750,0.279,0.892,0.00
109.76765,0.286,0.902,0.00
109.77779,0.286,0.902,0.00
109.78893,0.297,0.915,0.00
109.79909,0.297,0.915,0.00
109.80924,0.305,0.930,0.00
109.81951,0.305,0.930,0.00
109.82966,0.308,0.948,0.00
109.84047,0.308,0.948,0.00
109.85061,0.305,0.965,0.00
109.86075,0.305,0.965,0.00
109.87110,0.296,0.980,0.00
109.88142,0.296,0.990,0.00
109.89156,0.291,0.990,0.00
109.90185,0.291,0.992,0.00
109.91214,0.291,0.992,0.00
109.92259,0.291,0.982,0.00
109.93272,0.291,0.982,0.00
109.94287,0.290,0.982,0.00
109.95301,0.290,0.962,0.00
109.96317,0.291,0.962,0.00
109.97330,0.291,0.940,0.00
109.98346,0.289,0.940,0.00
109.99360,0.289,0.921,0.00
110.00414,0.286,0.921,0.00
110.01430,0.286,0.904,0.00
110.02445,0.286,0.893,0.00
110.03459,0.285,0.893,0.00
110.04473,0.285,0.886,0.00
110.05487,0.286,0.886,0.00
110.06501,0.286,0.887,0.00
110.07516,0.286,0.887,0.00
110.08531,0.286,0.887,0.00
110.09569,0.286,0.887,0.00
110.10565,0.286,0.898,0.00
110.11579,0.286,0.898,0.00
110.12594,0.281,0.906,0.00
110.13617,0.281,0.906,0.00
110.14632,0.281,0.911,0.00
110.15645,0.269,0.911,0.00
110.16686,0.264,0.912,0.00
110.17699,0.264,0.912,0.00
110.18722,0.264,0.912,0.00
110.19737,0.264,0.912,0.00
110.20754,0.255,0.918,0.00
110.21769,0.255,0.918,0.00
110.22785,0.240,0.931,0.00
110.23804,0.240,0.931,0.00
110.24820,0.229,0.946,0.00
110.25939,0.229,0.946,0.00
110.26966,0.223,0.959,0.00
110.27981,0.223,0.959,0.00
110.28997,0.219,0.975,0.00
110.30124,0.219,0.975,0.00
110.31139,0.215,0.995,0.00
110.32168,0.215,0.995,0.00
110.33191,0.210,1.015,0.00
110.34205,0.210,1.015,0.00
110.35218,0.202,1.052,0.00
110.36232,0.190,1.069,0.00
110.37246,0.190,1.069,0.00
110.38259,0.174,1.069,0.00
110.39273,0.174,1.081,0.00
110.40304,0.174,1.081,0.00
110.41335,0.169,1.091,0.00
110.42393,0.171,1.091,0.00
110.43445,0.171,1.099,0.00
110.44467,0.171,1.099,0.00
110.45482,0.174,1.108,0.00
110.46516,0.171,1.108,0.00
110.47530,0.171,1.115,0.00
110.48549,0.162,1.120,0.00
110.49564,0.162,1.120,0.00
110.50579,0.157,1.124,0.00
110.51594,0.157,1.124,0.00
110.52609,0.154,1.123,0.00
110.53624,0.154,1.123,0.00
110.54638,0.157,1.118,0.00
110.55652,0.157,1.118,0.00
110.56667,0.157,1.118,0.00
110.57682,0.166,1.110,0.00
110.58697,0.175,1.093,0.00
110.59712,0.175,1.093,0.00
110.60728,0.180,1.077,0.00
110.61753,0.180,1.077,0.00
110.62776,0.177,1.063,0.00
110.63800,0.177,1.063,0.00
110.64823,0.173,1.049,0.00
110.65873,0.173,1.049,0.00
110.66890,0.178,1.036,0.00
110.67954,0.178,1.036,0.00
110.68978,0.189,1.022,0.00
110.70001,0.189,1.022,0.00
110.71018,0.193,1.008,0.00
110.72067,0.193,1.008,0.00
110.73082,0.197,0.991,0.00
110.74142,0.201,0.991,0.00
110.75159,0.201,0.977,0.00
110.76173,0.201,0.977,0.00
110.77188,0.201,0.964,0.00
110.78203,0.207,0.953,0.00
110.79219,0.223,0.953,0.00
110.80234,0.223,0.943,0.00
110.81248,0.243,0.943,0.00
110.82270,0.243,0.930,0.00
110.83283,0.252,0.930,0.00
110.84309,0.252,0.922,0.00
110.85321,0.263,0.922,0.00
110.86336,0.263,0.922,0.00
110.87350,0.271,0.915,0.00
110.88365,0.271,0.915,0.00
110.89379,0.281,0.907,0.00
110.90403,0.281,0.907,0.00
110.91416,0.293,0.895,0.00
110.92431,0.293,0.895,0.00
110.93444,0.302,0.884,0.00
110.94473,0.302,0.884,0.00
110.95488,0.307,0.878,0.00
110.96503,0.315,0.870,0.00
110.97528,0.315,0.870,0.00
110.98542,0.330,0.861,0.00
110.99560,0.330,0.861,0.00
111.00603,0.351,0.856,0.00
111.01626,0.351,0.856,0.00
111.02696,0.376,0.851,0.00
111.03711,0.376,0.851,0.00
111.04738,0.403,0.842,0.00
111.05753,0.403,0.842,0.00
111.06769,0.444,0.832,0.00
111.07794,0.444,0.832,0.00
111.08827,0.503,0.822,0.00
111.09840,0.503,0.822,0.00
111.10856,0.575,0.812,0.00
111.11878,0.575,0.812,0.00
111.12894,0.651,0.802,0.00
111.13909,0.651,0.802,0.00
111.14924,0.732,0.800,0.00
111.16149,0.732,0.800,0.00
111.17167,0.839,0.805,0.00
111.18184,0.839,0.805,0.00
111.19200,1.009,0.814,0.00
111.20215,1.009,0.814,0.00
111.21244,1.260,0.825,0.00
111.22376,1.260,0.825,0.00
111.23391,1.600,0.833,0.00
111.24405,2.031,0.840,0.00
111.25420,2.031,0.840,0.00
111.26443,2.031,0.840,0.00
111.27458,2.550,0.850,0.00
111.28488,2.550,0.864,0.00
111.29529,3.153,0.864,0.00
111.30565,3.820,0.876,0.00
111.31578,3.820,0.876,0.00
111.32650,3.820,0.876,0.00
111.33665,4.540,0.888,0.00
111.34765,5.300,0.900,0.00
111.35779,5.300,0.900,0.00
111.36793,6.100,0.915,0.00
111.37807,6.100,0.915,0.00
111.38822,6.942,0.930,0.00
111.39836,6.942,0.930,0.00
111.40853,7.814,0.943,0.00
111.41866,7.814,0.943,0.00
111.42885,8.715,0.959,0.00
111.44115,8.715,0.959,0.00
111.45148,9.627,0.975,0.00
111.46171,9.627,0.975,0.00
111.48127,10.543,0.994,0.00
111.49158,11.443,0.994,0.00
111.51390,12.312,1.024,8.00
111.52405,12.312,1.040,8.00
111.54539,13.129,1.060,8.00
111.55554,13.879,1.060,8.00
111.56569,14.585,1.078,8.00
111.57770,14.585,1.078,8.00
111.58797,15.235,1.094,8.00
111.59823,15.235,1.094,8.00
111.60947,15.235,1.110,8.00
111.61970,15.716,1.110,8.00
111.63015,16.152,1.130,8.00
111.64174,16.152,1.130,8.00
111.65203,16.152,1.130,8.00
111.66233,16.453,1.145,8.00
111.67383,16.626,1.155,8.00
111.68418,16.626,1.155,8.00
111.69432,16.691,1.159,8.00
111.70596,16.691,1.161,8.00
111.71612,16.679,1.161,8.00
111.72643,16.679,1.163,8.00
111.75396,16.399,1.165,8.50
111.76430,16.069,1.165,8.50
111.78645,15.595,1.167,8.50
111.79660,15.595,1.167,8.50
111.81694,15.595,1.167,8.50
111.82809,14.354,1.182,8.50
111.84988,13.630,1.194,8.50
111.86033,13.630,1.194,8.50
111.88249,12.864,1.211,8.50
111.89265,12.864,1.211,8.50
111.90278,12.864,1.211,8.50
111.91305,12.864,1.211,9.00
111.92369,12.864,1.211,9.00
111.93386,11.266,1.225,9.00
111.94560,10.454,1.245,9.00
111.95601,9.627,1.287,9.00
111.96616,8.789,1.306,9.00
111.97793,8.789,1.306,9.00
111.98809,7.958,1.318,9.00
111.99856,7.958,1.318,9.00
112.00967,7.136,1.370,9.00
112.02061,6.316,1.370,9.00
112.03077,6.316,1.649,9.00
112.05768,5.500,2.229,9.50
112.06788,4.694,2.947,9.50
112.09047,4.694,2.947,9.50
112.10071,3.902,3.708,9.50
112.12116,3.115,4.400,9.50
112.13156,2.344,4.781,9.50
112.14229,2.344,4.781,10.00
112.15360,1.618,5.074,10.00
112.16376,0.925,5.074,10.00
112.17409,0.925,5.256,10.00
112.18789,0.925,5.256,10.00
112.19837,0.330,5.395,10.00
112.22094,0.216,5.537,10.00
112.23109,0.216,5.796,10.00
112.24174,0.216,5.796,10.00
112.25209,0.445,6.178,10.50
112.26235,0.782,6.178,10.50
112.27250,0.782,6.813,10.50
112.28298,0.782,6.813,10.50
112.29314,1.213,7.568,10.50
112.30329,1.213,7.568,10.50
112.32903,1.551,8.435,10.50
112.34024,1.730,9.369,10.50
112.36436,1.753,11.196,10.50
112.37487,1.632,11.196,10.50
112.39343,1.432,11.196,11.00
112.40367,1.432,12.715,11.00
112.42629,1.059,13.461,11.00
112.43661,1.059,13.461,11.00
112.45725,0.945,14.103,11.00
112.46746,0.889,14.749,11.00
112.47761,0.889,14.749,11.00
112.48894,0.889,14.749,11.50
112.49931,0.867,15.421,11.50
112.50946,0.902,16.111,11.50
112.52344,0.986,16.111,11.50
112.53385,0.986,16.789,11.50
112.54401,1.074,17.416,11.50
112.55418,1.074,17.416,11.50
112.56434,1.139,18.007,11.50
112.57447,1.139,18.007,11.50
112.58721,1.139,18.007,11.50
112.59729,1.174,18.649,11.50
112.60751,1.178,19.215,11.50
112.61795,1.178,19.215,11.50
112.62811,1.178,19.215,11.50
112.63825,1.156,19.784,11.50
112.66535,1.156,20.959,11.50
112.67565,1.151,20.959,11.50
112.69734,1.170,20.959,12.00
112.70752,1.185,22.163,12.00
112.72903,1.185,22.163,12.00
112.73922,1.188,22.746,12.00
112.76110,1.180,23.363,12.00
112.77127,1.153,24.413,12.00
112.78139,1.153,24.413,12.00
112.79411,1.119,24.932,12.00
112.80443,1.086,25.445,12.00
112.81476,1.086,25.445,12.00
112.82545,1.086,25.939,12.00
112.83564,1.053,25.939,12.00
112.84597,1.024,26.454,12.00
112.85734,1.024,26.454,12.00
112.86770,1.009,26.963,12.00
112.87799,1.009,26.963,12.00
112.88975,1.009,26.963,12.00
112.90003,1.010,27.542,12.00
112.91017,1.032,28.038,12.00
112.93754,1.063,28.038,12.00
112.94794,1.093,28.963,12.00
112.96993,1.116,29.376,12.00
112.98026,1.116,29.772,12.00
113.00194,1.120,29.772,12.00
113.01209,1.107,30.135,12.00
113.03291,1.107,30.135,12.00
113.04340,1.086,30.485,12.00
113.06609,1.044,31.149,12.00
113.07623,1.044,31.149,12.00
113.08653,1.014,31.426,12.00
113.09737,1.014,31.426,12.00
113.10755,1.014,31.680,12.00
113.11769,0.983,31.680,12.00
113.13084,0.983,31.928,12.00
113.14173,0.960,31.928,12.00
113.15193,0.946,32.175,12.00
113.16293,0.941,32.404,12.00
113.17308,0.941,32.404,12.00
113.18325,0.935,32.404,12.00
113.19460,0.935,32.664,12.00
113.20476,0.935,32.923,12.00
113.21492,0.926,32.923,12.00
113.22537,0.926,32.923,0.00
113.23556,0.919,33.203,0.00
113.24571,0.919,33.203,0.00
113.25588,0.924,33.440,0.00
113.26602,0.924,33.440,0.00
113.27620,0.931,33.652,0.00
113.28637,0.931,33.652,0.00
113.29655,0.930,33.878,0.00
113.30672,0.920,34.111,0.00
113.31687,0.920,34.111,0.00
113.32703,0.907,34.384,0.00
113.33721,0.907,34.384,0.00
113.34742,0.891,34.675,0.00
113.35756,0.891,34.675,0.00
113.36773,0.869,34.956,0.00
113.37786,0.869,34.956,0.00
113.38816,0.852,35.260,0.00
113.39831,0.852,35.260,0.00
113.40911,0.838,35.497,0.00
113.41957,0.838,35.497,0.00
113.42990,0.814,35.729,0.00
113.44018,0.814,35.729,0.00
113.45051,0.785,35.968,0.00
113.46144,0.785,35.968,0.00
113.47159,0.753,36.204,0.00
113.48178,0.753,36.204,0.00
113.49194,0.720,36.453,0.00
113.50210,0.720,36.453,0.00
113.51224,0.687,36.687,0.00
113.52238,0.687,36.687,0.00
113.53253,0.655,36.936,0.00
113.54271,0.655,36.936,0.00
113.55288,0.617,37.221,0.00
113.56305,0.617,37.221,0.00
113.57320,0.575,37.456,0.00
113.58336,0.547,37.699,0.00
113.59351,0.547,37.699,0.00
113.60388,0.547,37.699,0.00
113.61404,0.539,37.914,0.00
113.62419,0.539,38.117,0.00
113.63457,0.515,38.117,0.00
113.64476,0.515,38.117,0.00
113.65493,0.484,38.308,0.00
113.66507,0.468,38.493,0.00
113.67523,0.468,38.493,0.00
113.68538,0.449,38.691,0.00
113.69554,0.449,38.691,0.00
113.70645,0.424,38.904,0.00
113.71660,0.424,38.904,0.00
113.72754,0.405,39.090,0.00
113.73767,0.405,39.090,0.00
113.74837,0.405,39.230,0.00
113.75860,0.405,39.230,0.00
113.76874,0.405,39.303,0.00
113.77888,0.405,39.303,0.00
113.78902,0.390,39.300,0.00
113.79926,0.390,39.300,0.00
113.80941,0.390,39.300,0.00
113.81959,0.390,39.300,0.00
113.82974,0.390,39.252,0.00
113.83988,0.384,39.170,0.00
113.85004,0.396,39.057,0.00
113.86018,0.396,39.057,0.00
113.87033,0.396,39.057,0.00
113.88047,0.401,38.871,0.00
113.89062,0.401,38.871,0.00
113.90145,0.402,38.631,0.00
113.91158,0.409,38.312,0.00
113.92268,0.409,38.312,0.00
113.93285,0.423,37.935,0.00
113.94299,0.423,37.935,0.00
113.95322,0.435,37.469,0.00
113.96340,0.450,36.868,0.00
113.97355,0.450,36.868,0.00
113.98414,0.450,36.868,0.00
113.99440,0.450,36.868,0.00
114.00455,0.515,36.868,0.00
114.01470,0.515,36.105,0.00
114.02485,0.548,35.302,0.00
114.03498,0.548,35.302,0.00
114.04522,0.548,35.302,0.00
114.05545,0.562,34.380,0.00
114.06577,0.562,34.380,0.00
114.07601,0.567,33.437,0.00
114.08617,0.565,32.329,0.00
114.09632,0.565,32.329,0.00
114.10648,0.568,31.209,0.00
114.11662,0.568,31.209,0.00
114.12677,0.576,30.096,0.00
114.13693,0.576,30.096,0.00
114.14749,0.582,28.900,0.00
114.15763,0.582,28.900,0.00
114.16778,0.583,27.508,0.00
114.17792,0.583,27.508,0.00
114.18807,0.582,25.993,0.00
114.19869,0.582,25.993,0.00
114.20886,0.589,24.350,0.00
114.21910,0.589,24.350,0.00
114.24058,0.598,22.884,0.00
114.25193,0.598,22.884,0.00
114.26319,0.591,21.363,0.00
114.27360,0.568,21.363,0.00
114.28584,0.532,19.732,0.00
114.30175,0.532,18.079,0.00
114.31195,0.502,18.079,0.00
114.32231,0.502,16.462,0.00
114.33292,0.470,16.462,0.00
114.35426,0.440,13.328,0.00
114.37998,0.419,11.533,0.00
114.39737,0.412,9.973,0.00
114.41403,0.408,8.501,0.00
114.43333,0.408,8.501,0.00
114.44879,0.406,5.979,0.00
114.45959,0.406,5.979,0.00
114.49921,0.397,3.894,0.00
114.50987,0.386,2.959,0.00
114.53069,0.386,1.975,0.00
114.54749,0.379,1.180,0.00
114.55803,0.379,1.180,0.00
114.57909,0.364,0.456,0.00
114.59486,0.351,0.456,0.00
114.61072,0.343,-0.187,0.00
114.62389,0.343,-0.732,0.00
114.63983,0.342,-1.144,0.00
114.65016,0.342,-1.144,0.00
114.66143,0.346,-1.425,0.00
114.67299,0.354,-1.590,0.00
114.68342,0.354,-1.590,0.00
114.69881,0.361,-1.656,0.00
114.70984,0.361,-1.625,0.00
114.72023,0.369,-1.625,0.00
114.73036,0.369,-1.625,0.00
114.74122,0.369,-1.505,0.00
114.75214,0.386,-1.330,0.00
114.76240,0.386,-1.330,0.00
114.77256,0.388,-1.330,0.00
114.78280,0.388,-1.137,0.00
114.79827,0.388,-0.977,0.00
114.80891,0.388,-0.977,0.00
114.82563,0.394,-0.827,0.00
114.83680,0.406,-0.703,0.00
114.84736,0.413,-0.703,0.00
114.85776,0.413,-0.703,0.00
114.86796,0.413,-0.592,0.00
114.87898,0.416,-0.490,0.00
114.89532,0.426,-0.371,0.00
114.91024,0.450,-0.234,0.00
114.92783,0.450,-0.234,0.00
114.93845,0.450,-0.084,0.00
114.95506,0.492,0.075,0.00
114.97086,0.511,0.075,0.00
114.98153,0.511,0.298,0.00
114.99688,0.527,0.587,0.00
115.01287,0.527,0.587,0.00
115.02350,0.540,0.587,0.00
115.04511,0.555,1.012,0.00
115.05584,0.555,1.172,0.00
115.07236,0.562,1.253,0.00
115.08860,0.562,1.251,0.00
115.10006,0.564,1.251,0.00
115.11573,0.565,1.192,0.00
115.12655,0.565,1.192,0.00
115.13697,0.568,1.192,0.00
115.14759,0.568,1.192,0.00
115.16417,0.568,1.038,0.00
115.17498,0.567,1.038,0.00
115.18574,0.567,1.038,0.00
115.19649,0.567,0.933,0.00
115.20746,0.575,0.933,0.00
115.22289,0.592,0.900,0.00
115.28653,0.615,0.900,0.00
115.29677,0.662,0.872,0.00
115.35527,0.686,0.872,0.00
115.36547,0.686,0.873,0.00
115.37563,0.266,-0.078,0.00
115.38579,0.261,-0.116,0.00
115.39594,0.261,-0.116,0.00
115.40609,0.262,-0.174,0.00
115.41642,0.262,-0.174,0.00
115.42658,0.262,-0.237,0.00
115.43677,0.271,-0.237,0.00
115.44694,0.271,-0.294,0.00
115.45712,0.281,-0.294,0.00
115.46729,0.296,-0.335,0.00
115.47745,0.296,-0.335,0.00
115.48781,0.310,-0.357,0.00
115.49811,0.310,-0.357,0.00
115.50844,0.314,-0.347,0.00
115.51861,0.314,-0.347,0.00
115.52880,0.315,-0.314,0.00
115.53900,0.315,-0.314,0.00
115.54916,0.322,-0.268,0.00
115.55932,0.322,-0.268,0.00
115.56949,0.328,-0.212,0.00
115.57964,0.328,-0.212,0.00
115.58980,0.333,-0.151,0.00
115.59995,0.333,-0.151,0.00
115.61012,0.335,-0.084,0.00
115.62035,0.335,-0.084,0.00
115.63050,0.339,-0.022,0.00
115.64129,0.339,-0.022,0.00
115.65144,0.343,0.043,0.00
115.66159,0.343,0.043,0.00
115.67176,0.352,0.099,0.00
115.68243,0.352,0.099,0.00
115.69281,0.360,0.156,0.00
115.70361,0.363,0.156,0.00
115.71375,0.363,0.215,0.00
115.72404,0.362,0.215,0.00
115.73419,0.362,0.274,0.00
115.74436,0.362,0.274,0.00
115.75451,0.357,0.329,0.00
115.76467,0.352,0.380,0.00
115.77482,0.352,0.380,0.00
115.78497,0.352,0.426,0.00
115.79520,0.351,0.426,0.00
115.80535,0.352,0.471,0.00
115.81551,0.352,0.471,0.00
115.82567,0.349,0.508,0.00
115.83582,0.349,0.508,0.00
115.84597,0.348,0.540,0.00
115.85611,0.348,0.540,0.00
115.86651,0.345,0.565,0.00
115.87669,0.345,0.565,0.00
115.88737,0.337,0.581,0.00
115.89755,0.337,0.581,0.00
115.90777,0.328,0.587,0.00
115.91792,0.328,0.587,0.00
115.92807,0.318,0.586,0.00
115.93828,0.318,0.586,0.00
115.94844,0.309,0.577,0.00
115.95865,0.309,0.577,0.00
115.96877,0.300,0.566,0.00
115.97898,0.300,0.566,0.00
115.98917,0.290,0.558,0.00
115.99933,0.290,0.558,0.00
116.00956,0.282,0.553,0.00
116.01987,0.282,0.553,0.00
116.03004,0.280,0.551,0.00
116.04024,0.280,0.551,0.00
116.05041,0.280,0.547,0.00
116.06057,0.280,0.547,0.00
116.07074,0.278,0.540,0.00
116.08090,0.278,0.540,0.00
116.09104,0.270,0.536,0.00
116.10122,0.270,0.531,0.00
116.11140,0.261,0.531,0.00
116.12166,0.261,0.531,0.00
116.13183,0.254,0.526,0.00
116.14217,0.254,0.521,0.00
116.15235,0.250,0.521,0.00
116.16252,0.250,0.512,0.00
116.17284,0.243,0.512,0.00
116.18301,0.235,0.512,0.00
116.19330,0.235,0.499,0.00
116.20347,0.235,0.499,0.00
116.21364,0.225,0.485,0.00
116.22382,0.214,0.472,0.00
116.23399,0.214,0.472,0.00
116.24416,0.207,0.463,0.00
116.25433,0.207,0.463,0.00
116.26450,0.207,0.455,0.00
116.27467,0.208,0.455,0.00
116.28483,0.208,0.453,0.00
116.29499,0.210,0.453,0.00
116.30516,0.210,0.456,0.00
116.31533,0.205,0.456,0.00
116.32550,0.199,0.463,0.00
116.33567,0.199,0.463,0.00
116.34583,0.196,0.473,0.00
116.35600,0.196,0.473,0.00
116.36616,0.193,0.482,0.00
116.37633,0.193,0.482,0.00
116.38650,0.191,0.491,0.00
116.39685,0.191,0.491,0.00
116.40724,0.184,0.497,0.00
116.41741,0.184,0.497,0.00
116.42791,0.175,0.499,0.00
116.43848,0.175,0.499,0.00
116.44866,0.166,0.497,0.00
116.45883,0.166,0.497,0.00
116.46901,0.160,0.492,0.00
116.47922,0.160,0.492,0.00
116.48940,0.152,0.482,0.00
116.49956,0.152,0.482,0.00
116.50973,0.146,0.482,0.00
116.51990,0.146,0.472,0.00
116.53007,0.141,0.461,0.00
116.54024,0.141,0.461,0.00
116.55040,0.136,0.453,0.00
116.56099,0.130,0.453,0.00
116.57127,0.130,0.448,0.00
116.58168,0.125,0.448,0.00
116.59183,0.125,0.443,0.00
116.60268,0.125,0.443,0.00
116.61285,0.122,0.435,0.00
116.62339,0.113,0.428,0.00
116.63356,0.113,0.428,0.00
116.64417,0.113,0.428,0.00
116.65434,0.096,0.419,0.00
116.66451,0.096,0.408,0.00
116.67470,0.080,0.408,0.00
116.68488,0.080,0.408,0.00
116.69503,0.080,0.408,0.00
116.70529,0.080,0.390,0.00
116.71546,0.064,0.390,0.00
116.72563,0.064,0.372,0.00
116.73578,0.076,0.372,0.00
116.74594,0.093,0.372,0.00
116.75615,0.093,0.352,0.00
116.76631,0.109,0.331,0.00
116.77647,0.109,0.331,0.00
116.78670,0.119,0.309,0.00
116.79686,0.119,0.309,0.00
116.80702,0.125,0.292,0.00
116.81734,0.125,0.292,0.00
116.82753,0.134,0.283,0.00
116.83768,0.134,0.283,0.00
116.84784,0.148,0.277,0.00
116.85803,0.148,0.277,0.00
116.86819,0.161,0.272,0.00
116.87833,0.161,0.272,0.00
116.88853,0.174,0.268,0.00
116.89893,0.174,0.268,0.00
116.90929,0.170,0.265,0.00
116.91965,0.170,0.265,0.00
116.92995,0.159,0.262,0.00
116.94039,0.159,0.262,0.00
116.95083,0.156,0.258,0.00
116.96103,0.156,0.258,0.00
116.97120,0.156,0.254,0.00
116.98136,0.156,0.254,0.00
116.99154,0.165,0.252,0.00
117.00170,0.165,0.252,0.00
117.01187,0.165,0.252,0.00
117.02209,0.165,0.251,0.00
117.03224,0.191,0.247,0.00
117.04243,0.191,0.242,0.00
117.05258,0.191,0.242,0.00
117.06371,0.191,0.242,0.00
117.07387,0.191,0.235,0.00
117.08408,0.192,0.226,0.00
117.09423,0.192,0.226,0.00
117.10438,0.192,0.226,0.00
117.11477,0.192,0.208,0.00
117.12512,0.182,0.188,0.00
117.13528,0.182,0.188,0.00
117.14545,0.182,0.188,0.00
117.15560,0.182,0.188,0.00
117.16578,0.170,0.170,0.00
117.17588,0.170,0.170,0.00
117.18604,0.165,0.154,0.00
117.19622,0.165,0.154,0.00
117.20637,0.170,0.141,0.00
117.21652,0.170,0.141,0.00
117.22668,0.170,0.141,0.00
117.23682,0.179,0.131,0.00
117.24697,0.197,0.126,0.00
117.25712,0.197,0.126,0.00
117.26727,0.219,0.124,0.00
117.27742,0.219,0.124,0.00
117.28762,0.237,0.119,0.00
117.29777,0.237,0.119,0.00
117.30793,0.237,0.119,0.00
117.31807,0.264,0.119,0.00
117.32822,0.264,0.119,0.00
117.33837,0.295,0.119,0.00
117.34852,0.325,0.118,0.00
117.35866,0.325,0.118,0.00
117.36893,0.359,0.119,0.00
117.37909,0.359,0.119,0.00
117.38923,0.403,0.117,0.00
117.39938,0.403,0.117,0.00
117.40953,0.466,0.117,0.00
117.41973,0.466,0.119,0.00
117.42988,0.538,0.119,0.00
117.44037,0.538,0.124,0.00
117.45055,0.596,0.134,0.00
117.46075,0.596,0.134,0.00
117.47091,0.649,0.145,0.00
117.48113,0.649,0.145,0.00
117.49130,0.756,0.158,0.00
117.50150,0.756,0.158,0.00
117.51165,0.989,0.176,0.00
117.52187,0.989,0.193,0.00
117.53202,1.334,0.193,0.00
117.54218,1.334,0.211,0.00
117.55250,1.756,0.211,0.00
117.56283,1.756,0.226,0.00
117.57310,2.262,0.226,0.00
117.58428,2.262,0.226,0.00
117.59451,2.854,0.239,0.00
117.60467,3.510,0.251,0.00
117.61482,3.510,0.251,0.00
117.62500,3.510,0.251,0.00
117.63524,4.206,0.261,0.00
117.64541,4.925,0.261,0.00
117.65558,4.925,0.266,0.00
117.66574,5.672,0.269,0.00
117.67591,5.672,0.269,0.00
117.68608,6.440,0.269,0.00
117.69623,6.440,0.269,0.00
117.70639,7.217,0.269,0.00
117.71656,7.217,0.266,0.00
117.72672,8.046,0.261,0.00
117.73690,8.046,0.261,0.00
117.74707,8.940,0.255,0.00
117.75723,8.940,0.255,0.00
117.76741,8.940,0.255,0.00
117.77757,8.940,0.255,0.00
117.78772,8.940,0.255,0.00
117.79806,8.940,0.255,0.00
117.80822,8.940,0.255,0.00
117.81840,8.940,0.255,0.00
117.83386,12.481,0.237,0.00
117.84402,13.251,0.230,0.00
117.86487,13.251,0.230,8.00
117.87633,13.935,0.223,8.00
117.88669,14.515,0.217,8.00
117.89714,14.515,0.217,8.00
117.90733,15.006,0.213,8.00
117.91749,15.006,0.213,8.00
117.92954,15.398,0.208,8.00
117.93988,15.398,0.208,8.00
117.95009,15.671,0.203,8.00
117.96114,15.671,0.203,8.00
117.97131,15.797,0.199,8.00
117.98171,15.797,0.199,8.00
117.99360,15.786,0.201,8.00
118.00384,15.786,0.201,8.00
118.01400,15.678,0.207,8.00
118.02435,15.678,0.207,8.00
118.04104,15.678,0.207,8.00
118.05122,15.107,0.233,8.00
118.07319,14.667,0.233,8.00
118.08426,14.667,0.241,8.00
118.10581,13.523,0.242,8.50
118.11598,13.523,0.242,8.50
118.13738,13.523,0.239,8.50
118.14757,12.822,0.239,8.50
118.15789,12.027,0.240,8.50
118.16922,12.027,0.246,8.50
118.18037,11.138,0.256,8.50
118.19053,10.176,0.256,8.50
118.20095,10.176,0.256,8.50
118.21123,9.172,0.271,8.50
118.22143,9.172,0.271,8.50
118.23300,9.172,0.271,8.50
118.24321,8.148,0.289,8.50
118.25337,7.118,0.307,8.50
118.26552,7.118,0.307,9.00
118.27570,6.107,0.326,9.00
118.28586,6.107,0.326,9.00
118.29712,5.138,0.326,9.00
118.30725,4.211,0.361,9.00
118.31744,4.211,0.361,9.00
118.32901,3.331,0.358,9.00
118.33918,3.331,0.358,9.00
118.34936,2.505,0.329,9.00
118.35951,2.505,0.329,9.00
118.37726,2.505,0.269,9.00
118.38762,0.981,0.183,9.00
118.40937,0.332,0.088,9.50
118.41992,0.332,0.088,9.50
118.44260,0.359,0.057,9.50
118.45320,0.359,0.346,9.50
118.47295,0.359,0.918,9.50
118.48322,1.316,0.918,9.50
118.49336,1.316,1.633,9.50
118.50558,1.797,2.330,10.00
118.51593,1.797,2.330,10.00
118.52610,1.797,3.002,10.00
118.53937,2.172,3.002,10.00
118.54954,2.420,3.510,10.00
118.56003,2.420,3.510,10.00
118.57061,2.563,3.916,10.00
118.58240,2.563,3.916,10.00
118.59239,2.556,4.204,10.00
118.60265,2.401,4.389,10.50
118.61279,2.401,4.389,10.50
118.62358,2.401,4.539,10.50
118.63381,2.211,4.539,10.50
118.64395,2.075,4.727,10.50
118.65417,2.075,4.727,10.50
118.68232,1.990,4.727,10.50
118.69249,1.990,5.496,10.50
118.71289,1.990,5.496,10.50
118.72310,1.911,6.067,10.50
118.74602,1.852,6.722,11.00
118.75617,1.852,7.463,11.00
118.77749,1.796,8.351,11.00
118.78827,1.724,9.081,11.00
118.79871,1.724,9.081,11.00
118.80976,1.606,9.656,11.00
118.81998,1.606,9.656,11.00
118.83021,1.430,10.191,11.00
118.84158,1.430,10.191,11.50
118.85172,1.229,10.764,11.50
118.86189,1.229,10.764,11.50
118.87311,1.066,11.236,11.50
118.88330,1.066,11.236,11.50
118.89355,1.008,11.700,11.50
118.90632,1.052,12.291,11.50
118.91642,1.052,12.291,11.50
118.92655,1.052,12.291,11.50
118.93757,1.179,13.038,11.50
118.94795,1.179,13.038,11.50
118.95811,1.362,13.703,11.50
118.98737,1.732,14.940,11.50
118.99750,1.732,14.940,11.50
119.01721,1.830,15.529,11.50
119.02741,1.861,16.077,11.50
119.04904,1.861,16.077,12.00
119.05923,1.834,16.631,12.00
119.08155,1.744,16.631,12.00
119.09173,1.744,17.892,12.00
119.10230,1.705,17.892,12.00
119.11467,1.705,18.511,12.00
119.12559,1.666,19.087,12.00
119.13573,1.666,19.087,12.00
119.14647,1.622,19.087,12.00
119.15672,1.622,19.643,12.00
119.16687,1.573,20.195,12.00
119.17818,1.573,20.195,12.00
119.18844,1.520,20.796,12.00
119.19858,1.520,20.796,12.00
119.22578,1.342,22.055,12.00
119.23614,1.342,22.055,12.00
119.25724,1.234,22.055,12.00
119.26761,1.152,23.386,12.00
119.28941,1.127,23.386,12.00
119.29958,1.127,24.019,12.00
119.32163,1.218,24.638,12.00
119.33186,1.218,25.241,12.00
119.34319,1.299,25.241,12.00
119.35332,1.299,25.830,12.00
119.36352,1.299,26.385,12.00
119.37386,1.385,26.385,12.00
119.38569,1.447,26.932,12.00
119.39584,1.447,26.932,12.00
119.40622,1.474,27.518,12.00
119.41737,1.474,27.518,12.00
119.42758,1.468,28.007,12.00
119.43785,1.468,28.007,12.00
119.44944,1.438,28.007,12.00
119.45967,1.438,28.512,12.00
119.47004,1.392,29.004,12.00
119.48394,1.392,29.004,12.00
119.49414,1.351,29.483,12.00
119.50432,1.351,29.483,12.00
119.51446,1.322,29.903,12.00
119.52478,1.296,30.287,12.00
119.53493,1.296,30.287,12.00
119.54513,1.296,30.287,12.00
119.55530,1.266,30.645,12.00
119.56546,1.266,30.645,12.00
119.57560,1.232,30.980,12.00
119.58575,1.205,31.244,0.00
119.59591,1.205,31.244,0.00
119.60606,1.184,31.484,0.00
119.61621,1.184,31.484,0.00
119.62636,1.172,31.709,0.00
119.63650,1.172,31.709,0.00
119.64665,1.166,31.924,0.00
119.65680,1.166,31.924,0.00
119.66695,1.156,32.096,0.00
119.67710,1.156,32.096,0.00
119.68732,1.147,32.264,0.00
119.69746,1.147,32.264,0.00
119.70787,1.144,32.412,0.00
119.71809,1.144,32.412,0.00
119.72824,1.145,32.599,0.00
119.73840,1.145,32.599,0.00
119.74855,1.145,32.785,0.00
119.75871,1.145,32.785,0.00
119.76894,1.138,32.998,0.00
119.77931,1.138,32.998,0.00
119.78947,1.123,33.231,0.00
119.79967,1.123,33.231,0.00
119.80983,1.101,33.440,0.00
119.82179,1.101,33.440,0.00
119.83195,1.064,33.654,0.00
119.84254,1.064,33.654,0.00
119.85270,1.007,33.855,0.00
119.86285,1.007,33.855,0.00
119.87301,0.941,34.060,0.00
119.88347,0.941,34.060,0.00
119.89361,0.874,34.293,0.00
119.90376,0.822,34.483,0.00
119.91413,0.822,34.483,0.00
119.92429,0.822,34.676,0.00
119.93444,0.790,34.676,0.00
119.94465,0.790,34.861,0.00
119.95480,0.767,34.861,0.00
119.96495,0.767,35.047,0.00
119.97510,0.757,35.047,0.00
119.98532,0.757,35.047,0.00
119.99548,0.758,35.248,0.00
120.00563,0.756,35.441,0.00
120.01579,0.756,35.441,0.00
120.02593,0.746,35.643,0.00
120.03607,0.746,35.643,0.00
120.04622,0.744,35.862,0.00
120.05637,0.744,35.862,0.00
120.06651,0.746,36.048,0.00
120.07666,0.746,36.048,0.00
120.08680,0.747,36.249,0.00
120.09694,0.747,36.249,0.00
120.10710,0.738,36.433,0.00
120.11725,0.738,36.433,0.00
120.12741,0.721,36.633,0.00
120.13755,0.721,36.633,0.00
120.14770,0.700,36.827,0.00
120.15785,0.700,36.827,0.00
120.16800,0.675,37.012,0.00
120.17815,0.675,37.012,0.00
120.18842,0.663,37.155,0.00
120.19877,0.663,37.155,0.00
120.20912,0.657,37.220,0.00
120.21948,0.657,37.220,0.00
120.22981,0.643,37.168,0.00
120.24018,0.643,37.168,0.00
120.25052,0.627,37.058,0.00
120.26090,0.627,36.898,0.00
120.27133,0.624,36.898,0.00
120.28149,0.624,36.674,0.00
120.29187,0.648,36.674,0.00
120.30230,0.648,36.363,0.00
120.31273,0.694,36.363,0.00
120.32303,0.694,36.363,0.00
120.33345,0.694,35.950,0.00
120.34380,0.736,35.437,0.00
120.35413,0.760,35.437,0.00
120.36451,0.770,34.712,0.00
120.37483,0.770,34.712,0.00
120.38519,0.774,33.908,0.00
120.39555,0.774,33.908,0.00
120.40592,0.775,32.959,0.00
120.41623,0.775,32.959,0.00
120.42660,0.775,31.866,0.00
120.43693,0.767,31.866,0.00
120.44742,0.743,30.643,0.00
120.45766,0.743,30.643,0.00
120.46819,0.712,29.350,0.00
120.47849,0.712,29.350,0.00
120.48879,0.680,27.987,0.00
120.49909,0.680,27.987,0.00
120.50924,0.651,26.496,0.00
120.51976,0.651,26.496,0.00
120.52991,0.628,24.698,0.00
120.54011,0.628,24.698,0.00
120.55027,0.607,23.040,0.00
120.56040,0.607,23.040,0.00
120.57056,0.586,21.388,0.00
120.58604,0.586,21.388,0.00
120.59715,0.559,19.684,0.00
120.61799,0.536,17.863,0.00
120.63421,0.517,15.941,0.00
120.65033,0.517,13.999,0.00
120.66620,0.502,13.999,0.00
120.67680,0.502,12.096,0.00
120.69225,0.504,12.096,0.00
120.70295,0.504,12.096,0.00
120.71379,0.504,12.096,0.00
120.72449,0.527,12.096,0.00
120.73507,0.527,6.483,0.00
120.75673,0.557,4.785,0.00
120.77337,0.563,3.207,0.00
120.78479,0.568,1.806,0.00
120.80031,0.568,1.806,0.00
120.81587,0.561,0.572,0.00
120.82669,0.561,0.572,0.00
120.83750,0.547,-0.508,0.00
120.85792,0.537,-0.508,0.00
120.86854,0.537,-0.508,0.00
120.87983,0.533,-2.291,0.00
120.89759,0.523,-2.291,0.00
120.90873,0.515,-3.266,0.00
120.92440,0.515,-3.533,0.00
120.93494,0.517,-3.533,0.00
120.94547,0.531,-3.533,0.00
120.96114,0.531,-3.677,0.00
120.97685,0.551,-3.700,0.00
120.99338,0.551,-3.610,0.00
121.00365,0.569,-3.610,0.00
121.02095,0.583,-3.355,0.00
121.03674,0.583,-3.028,0.00
121.04735,0.583,-3.028,0.00
121.05867,0.584,-2.614,0.00
121.07447,0.576,-2.174,0.00
121.08496,0.576,-2.174,0.00
121.09546,0.565,-1.727,0.00
121.10641,0.565,-1.353,0.00
121.11733,0.550,-1.353,0.00
121.12782,0.536,-1.062,0.00
121.13840,0.536,-1.062,0.00
121.14880,0.526,-0.851,0.00
121.15976,0.526,-0.851,0.00
121.21672,0.515,-0.598,0.00
121.23223,0.515,-0.598,0.00
121.24942,0.508,-0.556,0.00
121.26766,0.508,-0.556,0.00
121.28437,0.503,-0.535,0.00
121.29570,0.494,-0.511,0.00
121.30598,0.494,-0.476,0.00
121.31765,0.485,-0.476,0.00
121.32789,0.475,-0.426,0.00
121.34008,0.475,-0.426,0.00
121.35403,0.475,-0.370,0.00
121.36973,0.451,-0.370,0.00
121.38078,0.451,-0.303,0.00
121.39648,0.443,-0.236,0.00
121.41264,0.432,-0.175,0.00
121.42852,0.432,-0.175,0.00
121.43965,0.415,-0.175,0.00
121.45570,0.394,-0.106,0.00
121.46653,0.372,-0.105,0.00
121.47683,0.372,-0.105,0.00
121.49292,0.353,-0.134,0.00
121.50368,0.353,-0.134,0.00
121.51937,0.353,-0.179,0.00
121.53050,0.332,-0.179,0.00
121.54238,0.332,-0.237,0.00
121.55280,0.327,-0.301,0.00
121.56574,0.323,-0.368,0.00
121.58175,0.317,-0.368,0.00
121.64073,0.316,-0.573,0.00
121.65105,0.318,-0.631,0.00
121.71221,0.296,-0.729,0.00
121.72255,0.296,-0.729,0.00
121.73295,-0.222,-0.312,0.00
121.74340,-0.232,-0.307,0.00
121.75355,-0.239,-0.307,0.00
121.76387,-0.239,-0.295,0.00
121.77417,-0.245,-0.295,0.00
121.78454,-0.245,-0.280,0.00
121.79477,-0.255,-0.280,0.00
121.80511,-0.267,-0.255,0.00
121.81544,-0.267,-0.255,0.00
121.82580,-0.275,-0.227,0.00
121.83609,-0.275,-0.227,0.00
121.84640,-0.278,-0.201,0.00
121.85656,-0.278,-0.201,0.00
121.86671,-0.278,-0.201,0.00
121.87686,-0.280,-0.175,0.00
121.88701,-0.282,-0.148,0.00
121.89716,-0.282,-0.148,0.00
121.90732,-0.286,-0.119,0.00
121.91747,-0.286,-0.119,0.00
121.92763,-0.296,-0.090,0.00
121.93778,-0.296,-0.090,0.00
121.94794,-0.310,-0.059,0.00
121.95809,-0.310,-0.059,0.00
121.96823,-0.324,-0.032,0.00
121.97837,-0.324,-0.032,0.00
121.98851,-0.337,-0.012,0.00
121.99869,-0.337,-0.012,0.00
122.00884,-0.344,0.001,0.00
122.01899,-0.344,0.001,0.00
122.02913,-0.349,0.006,0.00
122.03928,-0.349,0.006,0.00
122.04962,-0.349,0.006,0.00
122.05975,-0.349,0.006,0.00
122.06990,-0.348,0.006,0.00
122.08003,-0.348,0.006,0.00
122.09017,-0.351,0.004,0.00
122.10028,-0.351,0.004,0.00
122.11039,-0.353,-0.002,0.00
122.12062,-0.353,-0.002,0.00
122.13076,-0.354,-0.013,0.00
122.14113,-0.354,-0.025,0.00
122.15147,-0.356,-0.025,0.00
122.16181,-0.356,-0.025,0.00
122.17217,-0.354,-0.038,0.00
122.18252,-0.354,-0.049,0.00
122.19284,-0.353,-0.049,0.00
122.20331,-0.353,-0.056,0.00
122.21363,-0.346,-0.056,0.00
122.22399,-0.346,-0.061,0.00
122.23430,-0.339,-0.061,0.00
122.24463,-0.332,-0.065,0.00
122.25493,-0.332,-0.065,0.00
122.26507,-0.330,-0.066,0.00
122.27526,-0.330,-0.066,0.00
122.28540,-0.324,-0.069,0.00
122.29559,-0.324,-0.069,0.00
122.30573,-0.312,-0.069,0.00
122.31587,-0.312,-0.082,0.00
122.32602,-0.297,-0.109,0.00
122.33615,-0.297,-0.109,0.00
122.34629,-0.297,-0.109,0.00
122.35640,-0.286,-0.145,0.00
122.36654,-0.278,-0.182,0.00
122.37669,-0.278,-0.182,0.00
122.38683,-0.268,-0.216,0.00
122.39697,-0.268,-0.216,0.00
122.40720,-0.260,-0.241,0.00
122.41725,-0.260,-0.241,0.00
122.42739,-0.247,-0.260,0.00
122.43753,-0.247,-0.260,0.00
122.44768,-0.232,-0.274,0.00
122.45781,-0.232,-0.274,0.00
122.46795,-0.220,-0.286,0.00
122.47837,-0.220,-0.286,0.00
122.48857,-0.210,-0.296,0.00
122.49900,-0.210,-0.296,0.00
122.50914,-0.198,-0.304,0.00
122.51950,-0.198,-0.304,0.00
122.52976,-0.186,-0.311,0.00
122.54002,-0.186,-0.311,0.00
122.55016,-0.179,-0.316,0.00
122.56034,-0.179,-0.316,0.00
122.57051,-0.172,-0.319,0.00
122.58063,-0.172,-0.319,0.00
122.59078,-0.165,-0.321,0.00
122.60095,-0.162,-0.325,0.00
122.61121,-0.162,-0.325,0.00
122.62138,-0.164,-0.329,0.00
122.63154,-0.164,-0.329,0.00
122.64188,-0.164,-0.329,0.00
122.65220,-0.172,-0.330,0.00
122.66251,-0.172,-0.331,0.00
122.67282,-0.176,-0.331,0.00
122.68331,-0.176,-0.331,0.00
122.69346,-0.191,-0.332,0.00
122.70364,-0.191,-0.332,0.00
122.71382,-0.221,-0.333,0.00
122.72398,-0.221,-0.333,0.00
122.73413,-0.258,-0.335,0.00
122.74429,-0.258,-0.335,0.00
122.75445,-0.299,-0.340,0.00
122.76461,-0.299,-0.343,0.00
122.77475,-0.329,-0.343,0.00
122.78491,-0.347,-0.345,0.00
122.79505,-0.347,-0.345,0.00
122.80521,-0.356,-0.345,0.00
122.81535,-0.356,-0.345,0.00
122.82550,-0.360,-0.343,0.00
122.83565,-0.360,-0.343,0.00
122.84580,-0.368,-0.338,0.00
122.85595,-0.368,-0.338,0.00
122.86610,-0.368,-0.338,0.00
122.87627,-0.368,-0.338,0.00
122.88642,-0.346,-0.333,0.00
122.89657,-0.346,-0.333,0.00
122.90672,-0.309,-0.327,0.00
122.91686,-0.309,-0.327,0.00
122.92701,-0.262,-0.321,0.00
122.93715,-0.262,-0.321,0.00
122.94750,-0.218,-0.316,0.00
122.95765,-0.218,-0.316,0.00
122.96780,-0.195,-0.307,0.00
122.97795,-0.195,-0.307,0.00
122.98810,-0.180,-0.298,0.00
122.99825,-0.180,-0.298,0.00
123.00846,-0.167,-0.285,0.00
123.01863,-0.167,-0.285,0.00
123.02878,-0.150,-0.267,0.00
123.03893,-0.150,-0.267,0.00
123.04920,-0.127,-0.246,0.00
123.05956,-0.127,-0.246,0.00
123.07000,-0.100,-0.224,0.00
123.08032,-0.100,-0.224,0.00
123.09047,-0.077,-0.200,0.00
123.10140,-0.077,-0.177,0.00
123.11156,-0.058,-0.177,0.00
123.12177,-0.058,-0.177,0.00
123.13192,-0.035,-0.150,0.00
123.14214,-0.035,-0.150,0.00
123.15230,-0.004,-0.127,0.00
123.16256,-0.004,-0.127,0.00
123.17273,0.031,-0.108,0.00
123.18288,0.072,-0.108,0.00
123.19305,0.072,-0.094,0.00
123.20328,0.117,-0.094,0.00
123.21339,0.117,-0.083,0.00
123.22356,0.159,-0.076,0.00
123.23373,0.159,-0.076,0.00
123.24390,0.197,-0.074,0.00
123.25405,0.197,-0.074,0.00
123.26461,0.197,-0.074,0.00
123.27477,0.227,-0.072,0.00
123.28493,0.254,-0.072,0.00
123.29549,0.254,-0.072,0.00
123.30566,0.282,-0.072,0.00
123.31583,0.282,-0.072,0.00
123.32600,0.282,-0.072,0.00
123.33617,0.307,-0.076,0.00
123.34633,0.307,-0.076,0.00
123.35649,0.335,-0.081,0.00
123.36670,0.335,-0.081,0.00
123.37688,0.397,-0.088,0.00
123.38703,0.507,-0.101,0.00
123.39733,0.507,-0.101,0.00
123.40749,0.671,-0.119,0.00
123.41763,0.671,-0.119,0.00
123.42777,0.883,-0.138,0.00
123.43792,0.883,-0.138,0.00
123.44806,0.883,-0.138,0.00
123.45834,0.883,-0.138,0.00
123.46851,1.480,-0.158,0.00
123.47866,1.480,-0.175,0.00
123.48891,1.877,-0.191,0.00
123.49906,1.877,-0.191,0.00
123.50921,2.334,-0.206,0.00
123.51955,2.334,-0.206,0.00
123.52970,2.830,-0.220,0.00
123.53991,2.830,-0.220,0.00
123.55006,3.361,-0.233,0.00
123.56030,3.361,-0.233,0.00
123.57045,3.933,-0.247,0.00
123.58167,3.933,-0.257,0.00
123.59181,4.557,-0.257,0.00
123.60282,4.557,-0.265,0.00
123.61317,5.232,-0.265,0.00
123.62333,5.232,-0.265,0.00
123.63348,5.947,-0.270,0.00
123.64365,6.686,-0.270,0.00
123.65378,6.686,-0.274,0.00
123.66393,7.442,-0.274,0.00
123.67407,7.442,-0.274,0.00
123.68422,8.220,-0.274,0.00
123.69436,8.220,-0.274,0.00
123.70455,9.009,-0.277,0.00
123.71469,9.009,-0.277,0.00
123.72483,9.822,-0.281,0.00
123.73498,9.822,-0.281,0.00
123.74511,9.822,-0.281,0.00
123.76912,10.634,-0.280,0.00
123.77946,11.422,-0.280,0.00
123.80267,12.166,-0.280,8.00
123.81284,12.841,-0.275,8.00
123.83290,12.841,-0.275,8.00
123.84354,13.424,-0.272,8.00
123.86689,13.924,-0.257,8.00
123.87705,14.330,-0.257,8.00
123.89670,14.613,-0.257,8.00
123.90687,14.613,-0.235,8.00
123.91703,14.775,-0.206,8.00
123.92960,14.824,-0.171,8.00
123.94019,14.824,-0.171,8.00
123.95049,14.758,-0.135,8.00
123.96166,14.758,-0.135,8.00
123.97182,14.563,-0.098,8.00
123.98198,14.563,-0.098,8.00
123.99308,14.257,-0.069,8.00
124.00344,14.257,-0.069,8.00
124.01366,14.257,-0.069,8.00
124.02571,13.343,-0.044,8.50
124.03610,13.343,-0.024,8.50
124.04625,12.714,-0.005,8.50
124.05743,12.714,-0.005,8.50
124.06762,11.980,-0.005,8.50
124.07776,11.980,0.015,8.50
124.10506,10.288,0.035,8.50
124.11527,10.288,0.051,8.50
124.13707,10.288,0.051,8.50
124.14760,8.397,0.076,8.50
124.16902,7.414,0.076,8.50
124.17923,7.414,0.087,8.50
124.20099,6.404,0.096,9.00
124.21117,5.394,0.102,9.00
124.22132,5.394,0.102,9.00
124.23287,4.429,0.106,9.00
124.24305,4.429,0.106,9.00
124.25320,3.512,0.108,9.00
124.26486,3.512,0.108,9.00
124.27503,2.632,0.104,9.00
124.28527,2.632,0.104,9.00
124.29730,1.795,0.104,9.00
124.30744,1.795,0.099,9.00
124.31782,1.001,0.099,9.00
124.32977,0.236,0.087,9.50
124.33997,0.236,0.087,9.50
124.35017,-0.467,0.079,9.50
124.36232,-0.467,0.079,9.50
124.37264,-0.753,0.087,9.50
124.38293,-0.573,0.232,9.50
124.40936,-0.573,0.744,9.50
124.42006,-0.121,0.744,9.50
124.44185,-0.121,1.350,10.00
124.45203,1.025,1.966,10.00
124.47315,1.569,1.966,10.00
124.48333,1.569,2.486,10.00
124.50498,1.974,2.932,10.00
124.51517,2.246,3.322,10.00
124.52531,2.359,3.596,10.00
124.53693,2.359,3.596,10.50
124.54710,2.328,3.772,10.50
124.55725,2.328,3.772,10.50
124.56883,2.328,3.772,10.50
124.57938,2.268,3.866,10.50
124.58955,2.288,3.916,10.50
124.60132,2.288,3.939,10.50
124.61181,2.383,3.939,10.50
124.62215,2.383,3.939,10.50
124.63321,2.511,3.995,10.50
124.64331,2.511,3.995,10.50
124.65347,2.619,4.136,10.50
124.68130,2.619,4.675,11.00
124.69170,2.746,4.675,11.00
124.71362,2.768,5.000,11.00
124.72387,2.760,5.358,11.00
124.74755,2.760,5.358,11.00
124.75804,2.695,5.619,11.00
124.77820,2.585,5.832,11.50
124.78835,2.440,6.035,11.50
124.80874,2.440,6.035,11.50
124.81907,2.275,6.203,11.50
124.82943,2.098,6.378,11.50
124.84117,2.098,6.378,11.50
124.85141,1.900,6.531,11.50
124.86160,1.900,6.531,11.50
124.87312,1.683,6.712,11.50
124.88354,1.683,6.943,11.50
124.89397,1.474,6.943,11.50
124.90545,1.279,7.117,11.50
124.91561,1.279,7.117,11.50
124.92576,1.091,7.306,11.50
124.93840,1.091,7.306,11.50
124.94864,0.911,7.510,11.50
124.95907,0.911,7.510,11.50
124.96927,0.767,7.730,12.00
124.97946,0.767,7.730,12.00
124.98962,0.687,7.975,12.00
125.00113,0.687,7.975,12.00
125.01131,0.691,8.210,12.00
125.02150,0.691,8.210,12.00
125.04911,0.758,8.733,12.00
125.05951,0.866,8.733,12.00
125.08079,0.866,8.733,12.00
125.09095,1.000,8.987,12.00
125.11272,1.138,9.236,12.00
125.12296,1.253,9.504,12.00
125.14476,1.328,9.793,12.00
125.15493,1.363,10.085,12.00
125.17676,1.380,10.390,12.00
125.18693,1.380,10.390,12.00
125.19720,1.402,10.671,12.00
125.21053,1.445,11.006,12.00
125.22113,1.511,11.338,12.00
125.23140,1.511,11.338,12.00
125.24295,1.511,11.338,12.00
125.25310,1.580,11.682,12.00
125.26326,1.646,12.025,12.00
125.27340,1.646,12.025,12.00
125.28380,1.646,12.348,12.00
125.29442,1.692,12.348,12.00
125.32238,1.725,14.142,12.00
125.33281,1.740,14.142,12.00
125.35372,1.733,15.322,12.00
125.36388,1.701,16.484,12.00
125.38548,1.641,17.330,12.00
125.39578,1.641,17.330,12.00
125.41734,1.558,18.038,12.00
125.42783,1.469,18.582,12.00
125.44959,1.384,18.980,12.00
125.46000,1.384,18.980,12.00
125.47016,1.302,19.420,12.00
125.48215,1.302,20.059,12.00
125.49234,1.219,20.059,12.00
125.50249,1.219,20.059,12.00
125.51264,1.134,20.918,0.00
125.52279,1.052,20.918,0.00
125.53293,1.052,21.993,0.00
125.54389,0.975,22.896,0.00
125.55434,0.975,22.896,0.00
125.56452,0.975,23.678,0.00
125.57466,0.915,23.678,0.00
125.58484,0.915,23.678,0.00
125.59499,0.881,24.295,0.00
125.60514,0.878,24.817,0.00
125.61531,0.878,24.817,0.00
125.62597,0.878,25.305,0.00
125.63611,0.907,25.305,0.00
125.64639,0.959,25.305,0.00
125.65652,0.959,25.787,0.00
125.66667,1.036,26.297,0.00
125.67681,1.036,26.297,0.00
125.68695,1.130,26.868,0.00
125.69709,1.130,26.868,0.00
125.70728,1.223,27.359,0.00
125.71743,1.223,27.359,0.00
125.72783,1.308,27.798,0.00
125.73798,1.308,27.798,0.00
125.74813,1.377,28.170,0.00
125.75828,1.377,28.170,0.00
125.76844,1.420,28.502,0.00
125.77906,1.420,28.502,0.00
125.78921,1.434,28.801,0.00
125.79946,1.434,28.801,0.00
125.80969,1.432,29.096,0.00
125.81985,1.432,29.096,0.00
125.83024,1.424,29.372,0.00
125.84202,1.424,29.372,0.00
125.85220,1.404,29.699,0.00
125.86276,1.363,29.699,0.00
125.87290,1.363,30.013,0.00
125.88333,1.363,30.013,0.00
125.89359,1.363,30.013,0.00
125.90452,1.321,30.331,0.00
125.91470,1.279,30.652,0.00
125.92498,1.279,30.652,0.00
125.93533,1.205,30.940,0.00
125.94548,1.115,31.216,0.00
125.95563,1.115,31.216,0.00
125.96578,1.011,31.497,0.00
125.97593,1.011,31.497,0.00
125.98628,1.011,31.497,0.00
125.99742,0.883,31.765,0.00
126.00760,0.736,32.047,0.00
126.01775,0.736,32.047,0.00
126.02790,0.736,32.047,0.00
126.03805,0.736,32.047,0.00
126.04824,0.419,32.519,0.00
126.05839,0.419,32.519,0.00
126.06862,0.267,32.768,0.00
126.07878,0.267,32.768,0.00
126.08895,0.151,32.995,0.00
126.09926,0.151,32.995,0.00
126.10944,0.094,33.234,0.00
126.12020,0.094,33.234,0.00
126.13037,0.090,33.441,0.00
126.14115,0.090,33.441,0.00
126.15133,0.130,33.577,0.00
126.16171,0.130,33.601,0.00
126.17186,0.197,33.601,0.00
126.18202,0.197,33.601,0.00
126.19219,0.262,33.552,0.00
126.20236,0.262,33.552,0.00
126.21251,0.301,33.527,0.00
126.22267,0.301,33.527,0.00
126.23283,0.318,33.528,0.00
126.24298,0.310,33.528,0.00
126.25313,0.310,33.527,0.00
126.26329,0.277,33.518,0.00
126.27342,0.277,33.518,0.00
126.28357,0.234,33.514,0.00
126.29387,0.234,33.514,0.00
126.30403,0.234,33.473,0.00
126.31418,0.192,33.473,0.00
126.32495,0.192,33.473,0.00
126.33510,0.159,33.325,0.00
126.34524,0.127,33.060,0.00
126.35538,0.127,33.060,0.00
126.36603,0.090,32.618,0.00
126.37617,0.090,32.618,0.00
126.38634,0.050,32.031,0.00
126.39648,0.050,32.031,0.00
126.40675,0.018,31.374,0.00
126.41691,0.018,31.374,0.00
126.42707,-0.010,30.639,0.00
126.43722,-0.010,30.639,0.00
126.44738,-0.041,29.770,0.00
126.45756,-0.041,29.770,0.00
126.46773,-0.065,28.755,0.00
126.47800,-0.065,28.755,0.00
126.48816,-0.072,27.569,0.00
126.49831,-0.072,27.569,0.00
126.51561,-0.080,26.510,0.00
126.52623,-0.091,26.510,0.00
126.54787,-0.091,25.424,0.00
126.56428,-0.104,24.225,0.00
126.57995,-0.118,22.874,0.00
126.59218,-0.140,21.502,0.00
126.60236,-0.140,20.121,0.00
126.61287,-0.166,20.121,0.00
126.62856,-0.196,20.121,0.00
126.64416,-0.196,18.669,0.00
126.65715,-0.237,16.927,0.00
126.67580,-0.237,15.309,0.00
126.69410,-0.308,13.696,0.00
126.70476,-0.308,13.696,0.00
126.71539,-0.308,12.072,0.00
126.73124,-0.308,10.429,0.00
126.74779,-0.345,10.429,0.00
126.76884,-0.345,7.207,0.00
126.78149,-0.349,7.207,0.00
126.79284,-0.349,5.726,0.00
126.80857,-0.355,4.238,0.00
126.81901,-0.355,4.238,0.00
126.83518,-0.355,3.057,0.00
126.85137,-0.354,3.057,0.00
126.87439,-0.375,1.047,0.00
126.88505,-0.396,0.171,0.00
126.89522,-0.396,0.171,0.00
126.91096,-0.416,0.171,0.00
126.92114,-0.416,0.171,0.00
126.93555,-0.435,-1.260,0.00
126.95145,-0.435,-1.805,0.00
126.96270,-0.451,-1.805,0.00
126.97323,-0.451,-2.273,0.00
126.98344,-0.451,-2.273,0.00
127.00045,-0.448,-2.572,0.00
127.01129,-0.448,-2.572,0.00
127.02707,-0.439,-2.776,0.00
127.04302,-0.439,-2.922,0.00
127.05388,-0.433,-2.922,0.00
127.10638,-0.425,-2.804,0.00
127.12205,-0.425,-2.656,0.00
127.13382,-0.425,-2.450,0.00
127.14414,-0.425,-2.198,0.00
127.17140,-0.424,-1.953,0.00
127.18426,-0.422,-1.953,0.00
127.19962,-0.422,-1.953,0.00
127.21064,-0.422,-1.466,0.00
127.22446,-0.419,-1.225,0.00
127.23777,-0.419,-1.225,0.00
127.24900,-0.405,-1.225,0.00
127.27610,-0.400,-0.986,0.00
127.28757,-0.402,-0.573,0.00
127.30369,-0.406,-0.396,0.00
127.31411,-0.406,-0.396,0.00
127.32464,-0.416,-0.278,0.00
127.34222,-0.416,-0.278,0.00
127.35666,-0.416,-0.185,0.00
127.36831,-0.428,-0.111,0.00
127.37849,-0.428,-0.111,0.00
127.38930,-0.428,-0.054,0.00
127.40053,-0.426,-0.054,0.00
127.41569,-0.422,-0.054,0.00
127.43338,-0.423,0.033,0.00
127.44436,-0.426,0.074,0.00
127.45496,-0.426,0.074,0.00
127.47028,-0.426,0.074,0.00
127.48320,-0.427,0.158,0.00
127.49369,-0.427,0.158,0.00
127.50886,-0.427,0.187,0.00
127.57297,-0.424,0.187,0.00
127.58326,-0.423,0.262,0.00
127.64428,-0.400,0.229,0.00
127.65451,-0.400,0.229,0.00
127.66469,0.016,0.283,0.00
127.67485,0.022,0.239,0.00
127.68500,0.030,0.182,0.00
127.69541,0.030,0.182,0.00
127.70555,0.038,0.111,0.00
127.71571,0.038,0.111,0.00
127.72624,0.043,0.031,0.00
127.73638,0.043,0.031,0.00
127.74747,0.048,-0.050,0.00
127.75760,0.048,-0.050,0.00
127.76785,0.048,-0.050,0.00
127.77810,0.053,-0.133,0.00
127.78833,0.056,-0.222,0.00
127.79857,0.056,-0.222,0.00
127.80879,0.060,-0.293,0.00
127.82065,0.060,-0.293,0.00
127.83095,0.069,-0.346,0.00
127.84196,0.079,-0.346,0.00
127.85209,0.079,-0.378,0.00
127.86224,0.079,-0.389,0.00
127.87242,0.087,-0.389,0.00
127.88264,0.087,-0.375,0.00
127.89278,0.090,-0.375,0.00
127.90302,0.090,-0.337,0.00
127.91308,0.092,-0.337,0.00
127.92360,0.092,-0.337,0.00
127.93375,0.092,-0.283,0.00
127.94388,0.095,-0.283,0.00
127.95402,0.095,-0.210,0.00
127.96417,0.100,-0.135,0.00
127.97435,0.100,-0.135,0.00
127.98450,0.104,-0.060,0.00
127.99464,0.104,-0.060,0.00
128.00493,0.104,-0.060,0.00
128.01531,0.104,-0.060,0.00
128.02615,0.112,0.008,0.00
128.03630,0.112,0.008,0.00
128.04673,0.115,0.065,0.00
128.05688,0.115,0.065,0.00
128.06756,0.120,0.117,0.00
128.07772,0.120,0.117,0.00
128.08786,0.127,0.164,0.00
128.09810,0.127,0.164,0.00
128.10831,0.134,0.206,0.00
128.11846,0.134,0.206,0.00
128.12864,0.137,0.251,0.00
128.13886,0.137,0.251,0.00
128.14901,0.139,0.290,0.00
128.16140,0.139,0.290,0.00
128.17156,0.142,0.328,0.00
128.18180,0.142,0.364,0.00
128.19234,0.147,0.364,0.00
128.20248,0.147,0.364,0.00
128.21264,0.157,0.400,0.00
128.22389,0.157,0.400,0.00
128.23405,0.164,0.436,0.00
128.24422,0.167,0.436,0.00
128.25437,0.167,0.470,0.00
128.26453,0.173,0.470,0.00
128.27470,0.173,0.497,0.00
128.28486,0.183,0.514,0.00
128.29504,0.183,0.514,0.00
128.30523,0.183,0.523,0.00
128.31538,0.195,0.523,0.00
128.32581,0.211,0.525,0.00
128.33600,0.211,0.525,0.00
128.34658,0.227,0.521,0.00
128.35673,0.227,0.521,0.00
128.36688,0.227,0.511,0.00
128.37702,0.241,0.511,0.00
128.38719,0.255,0.494,0.00
128.39736,0.255,0.494,0.00
128.40753,0.255,0.471,0.00
128.41782,0.268,0.471,0.00
128.42820,0.268,0.448,0.00
128.43857,0.280,0.448,0.00
128.44888,0.294,0.418,0.00
128.45954,0.294,0.418,0.00
128.46970,0.305,0.390,0.00
128.47988,0.305,0.390,0.00
128.49024,0.305,0.362,0.00
128.50041,0.311,0.362,0.00
128.51059,0.319,0.329,0.00
128.52079,0.319,0.329,0.00
128.53094,0.331,0.302,0.00
128.54112,0.331,0.302,0.00
128.55129,0.341,0.279,0.00
128.56148,0.341,0.279,0.00
128.57166,0.348,0.263,0.00
128.58183,0.348,0.263,0.00
128.59198,0.356,0.254,0.00
128.60213,0.356,0.254,0.00
128.61227,0.359,0.250,0.00
128.62245,0.359,0.250,0.00
128.63260,0.360,0.256,0.00
128.64277,0.360,0.256,0.00
128.65293,0.361,0.270,0.00
128.66308,0.361,0.270,0.00
128.67325,0.359,0.288,0.00
128.68341,0.359,0.288,0.00
128.69357,0.355,0.303,0.00
128.70374,0.355,0.303,0.00
128.71389,0.344,0.322,0.00
128.72406,0.344,0.346,0.00
128.73420,0.327,0.346,0.00
128.74437,0.327,0.371,0.00
128.75468,0.315,0.371,0.00
128.76505,0.311,0.400,0.00
128.77530,0.311,0.400,0.00
128.78547,0.312,0.400,0.00
128.79563,0.312,0.426,0.00
128.80578,0.310,0.426,0.00
128.81592,0.310,0.455,0.00
128.82609,0.310,0.455,0.00
128.83625,0.305,0.485,0.00
128.84653,0.300,0.513,0.00
128.85668,0.300,0.513,0.00
128.86682,0.299,0.539,0.00
128.87697,0.299,0.539,0.00
128.88722,0.295,0.565,0.00
128.89739,0.295,0.565,0.00
128.90754,0.298,0.588,0.00
128.91775,0.298,0.588,0.00
128.92788,0.306,0.609,0.00
128.93804,0.306,0.609,0.00
128.94840,0.305,0.627,0.00
128.95855,0.305,0.627,0.00
128.96872,0.301,0.645,0.00
128.97890,0.301,0.645,0.00
128.98907,0.296,0.658,0.00
128.99928,0.296,0.658,0.00
129.00945,0.284,0.668,0.00
129.01964,0.284,0.668,0.00
129.02980,0.265,0.674,0.00
129.03997,0.265,0.674,0.00
129.05014,0.243,0.681,0.00
129.06030,0.243,0.681,0.00
129.07046,0.218,0.684,0.00
129.08100,0.218,0.689,0.00
129.09117,0.196,0.689,0.00
129.10179,0.196,0.689,0.00
129.11196,0.182,0.695,0.00
129.12212,0.182,0.695,0.00
129.13229,0.183,0.701,0.00
129.14248,0.183,0.701,0.00
129.15264,0.201,0.704,0.00
129.16281,0.201,0.704,0.00
129.17296,0.224,0.709,0.00
129.18324,0.224,0.709,0.00
129.19340,0.245,0.716,0.00
129.20355,0.245,0.716,0.00
129.21369,0.269,0.727,0.00
129.22385,0.288,0.727,0.00
129.23399,0.288,0.739,0.00
129.24415,0.299,0.745,0.00
129.25429,0.299,0.745,0.00
129.26443,0.300,0.741,0.00
129.27458,0.300,0.741,0.00
129.28497,0.289,0.741,0.00
129.29525,0.289,0.729,0.00
129.30540,0.289,0.729,0.00
129.31557,0.271,0.711,0.00
129.32575,0.271,0.692,0.00
129.33589,0.247,0.692,0.00
129.34606,0.247,0.671,0.00
129.35621,0.225,0.671,0.00
129.36638,0.225,0.671,0.00
129.37654,0.209,0.648,0.00
129.38670,0.203,0.623,0.00
129.39685,0.203,0.623,0.00
129.40728,0.203,0.623,0.00
129.41745,0.194,0.604,0.00
129.42779,0.186,0.594,0.00
129.43808,0.186,0.594,0.00
129.44824,0.186,0.594,0.00
129.45844,0.185,0.583,0.00
129.46856,0.188,0.572,0.00
129.47871,0.188,0.572,0.00
129.48887,0.188,0.572,0.00
129.49905,0.192,0.564,0.00
129.50922,0.201,0.564,0.00
129.51938,0.201,0.564,0.00
129.52953,0.209,0.569,0.00
129.53971,0.209,0.569,0.00
129.54987,0.213,0.584,0.00
129.56007,0.213,0.584,0.00
129.57022,0.217,0.610,0.00
129.58038,0.217,0.610,0.00
129.59053,0.222,0.635,0.00
129.60087,0.222,0.635,0.00
129.61101,0.222,0.635,0.00
129.62132,0.222,0.635,0.00
129.63162,0.219,0.663,0.00
129.64181,0.208,0.690,0.00
129.65199,0.196,0.716,0.00
129.66216,0.196,0.716,0.00
129.67232,0.188,0.737,0.00
129.68246,0.188,0.737,0.00
129.69261,0.188,0.749,0.00
129.70279,0.186,0.749,0.00
129.71296,0.186,0.760,0.00
129.72321,0.186,0.760,0.00
129.73335,0.185,0.772,0.00
129.74352,0.185,0.772,0.00
129.75368,0.187,0.790,0.00
129.76384,0.189,0.810,0.00
129.77406,0.189,0.810,0.00
129.78421,0.192,0.829,0.00
129.79436,0.192,0.829,0.00
129.80452,0.197,0.845,0.00
129.81467,0.197,0.845,0.00
129.82483,0.208,0.858,0.00
129.83498,0.208,0.858,0.00
129.84513,0.223,0.863,0.00
129.85528,0.223,0.863,0.00
129.86542,0.236,0.859,0.00
129.87556,0.236,0.859,0.00
129.88569,0.251,0.847,0.00
129.89611,0.251,0.847,0.00
129.90626,0.267,0.847,0.00
129.91652,0.267,0.831,0.00
129.92668,0.279,0.831,0.00
129.93707,0.279,0.810,0.00
129.94731,0.289,0.786,0.00
129.95754,0.289,0.786,0.00
129.96771,0.295,0.763,0.00
129.97794,0.295,0.763,0.00
129.98810,0.299,0.745,0.00
129.99823,0.299,0.745,0.00
130.00847,0.303,0.725,0.00
