time,contralateral_sh_el_deg,sh_el_deg,stim_curr
0.01598,-1.300,2.029,0.00
0.02615,-1.304,2.030,0.00
0.03822,-1.304,2.030,0.00
0.04856,-1.311,2.030,0.00
0.05879,-1.311,2.030,0.00
0.06941,-1.316,2.032,0.00
0.07957,-1.316,2.032,0.00
0.08975,-1.316,2.035,0.00
0.10044,-1.320,2.035,0.00
0.11060,-1.323,2.036,0.00
0.12182,-1.323,2.036,0.00
0.13243,-1.325,2.039,0.00
0.14260,-1.325,2.039,0.00
0.15276,-1.327,2.043,0.00
0.16343,-1.327,2.043,0.00
0.17361,-1.328,2.046,0.00
0.18377,-1.330,2.050,0.00
0.19393,-1.330,2.050,0.00
0.20410,-1.332,2.053,0.00
0.21446,-1.332,2.053,0.00
0.22520,-1.332,2.052,0.00
0.23581,-1.335,2.052,0.00
0.24598,-1.338,2.051,0.00
0.25614,-1.338,2.051,0.00
0.26631,-1.341,2.050,0.00
0.27660,-1.341,2.050,0.00
0.28720,-1.342,2.050,0.00
0.29745,-1.342,2.049,0.00
0.30775,-1.344,2.049,0.00
0.31816,-1.344,2.044,0.00
0.32854,-1.346,2.038,0.00
0.33904,-1.348,2.038,0.00
0.34930,-1.348,2.030,0.00
0.35964,-1.348,2.030,0.00
0.36996,-1.353,2.021,0.00
0.38037,-1.353,2.021,0.00
0.39100,-1.358,2.013,0.00
0.40134,-1.362,2.003,0.00
0.41157,-1.362,2.003,0.00
0.42206,-1.362,2.003,0.00
0.43223,-1.363,1.991,0.00
0.44295,-1.363,1.991,0.00
0.45311,-1.362,1.981,0.00
0.46327,-1.362,1.970,0.00
0.47343,-1.361,1.970,0.00
0.48378,-1.361,1.970,0.00
0.49394,-1.362,1.958,0.00
0.50576,-1.362,1.958,0.00
0.51593,-1.364,1.946,0.00
0.52637,-1.365,1.936,0.00
0.53657,-1.365,1.936,0.00
0.54686,-1.368,1.925,0.00
0.55703,-1.368,1.925,0.00
0.56719,-1.368,1.910,0.00
0.57760,-1.368,1.910,0.00
0.58781,-1.371,1.897,0.00
0.59797,-1.371,1.897,0.00
0.60814,-1.371,1.884,0.00
0.61973,-1.372,1.871,0.00
0.62996,-1.375,1.871,0.00
0.64071,-1.375,1.858,0.00
0.65104,-1.378,1.858,0.00
0.66132,-1.378,1.858,0.00
0.67157,-1.379,1.845,0.00
0.68192,-1.379,1.834,0.00
0.69229,-1.379,1.834,0.00
0.70286,-1.379,1.822,0.00
0.71322,-1.379,1.822,0.00
0.72340,-1.378,1.810,0.00
0.73403,-1.378,1.810,0.00
0.74599,-1.378,1.810,0.00
0.75632,-1.378,1.801,0.00
0.77054,-1.379,1.793,0.00
0.78445,-1.379,1.787,0.00
0.79465,-1.381,1.787,0.00
0.80622,-1.382,1.783,0.00
0.81965,-1.382,1.783,0.00
0.82991,-1.380,1.782,0.00
0.84007,-1.380,1.782,0.00
0.85025,-1.378,1.782,0.00
0.86061,-1.375,1.775,0.00
0.87082,-1.375,1.775,0.00
0.88293,-1.375,1.776,0.00
0.89310,-1.373,1.776,0.00
0.90326,-1.370,1.777,0.00
0.91353,-1.370,1.777,0.00
0.92378,-1.367,1.776,0.00
0.93400,-1.367,1.776,0.00
0.94416,-1.361,1.777,0.00
0.95497,-1.361,1.777,0.00
0.96516,-1.358,1.780,0.00
0.97615,-1.358,1.780,0.00
0.98632,-1.353,1.785,0.00
0.99663,-1.353,1.785,0.00
1.00719,-1.352,1.791,0.00
1.01819,-1.352,1.798,0.00
1.02834,-1.351,1.798,0.00
1.03914,-1.351,1.805,0.00
1.04924,-1.352,1.805,0.00
1.06014,-1.352,1.811,0.00
1.07029,-1.351,1.811,0.00
1.08043,-1.351,1.811,0.00
1.09060,-1.347,1.819,0.00
1.10082,-1.347,1.819,0.00
1.11108,-1.338,1.826,0.00
1.12125,-1.328,1.836,0.00
1.13141,-1.328,1.836,0.00
1.14172,-1.320,1.841,0.00
1.15188,-1.320,1.841,0.00
1.16207,-1.320,1.841,0.00
1.17220,-1.320,1.841,0.00
1.18244,-1.320,1.841,0.00
1.19260,-1.317,1.846,0.00
1.20285,-1.312,1.836,0.00
1.21314,-1.312,1.836,0.00
1.22330,-1.305,1.830,0.00
1.23351,-1.305,1.830,0.00
1.24366,-1.298,1.829,0.00
1.25417,-1.298,1.829,0.00
1.26444,-1.292,1.827,0.00
1.27573,-1.292,1.827,0.00
1.28590,-1.289,1.821,0.00
1.29651,-1.289,1.821,0.00
1.30679,-1.285,1.812,0.00
1.31694,-1.285,1.812,0.00
1.32734,-1.279,1.802,0.00
1.33789,-1.272,1.787,0.00
1.34806,-1.272,1.787,0.00
1.35969,-1.267,1.775,0.00
1.36988,-1.267,1.775,0.00
1.38107,-1.258,1.765,0.00
1.39127,-1.258,1.765,0.00
1.40143,-1.250,1.754,0.00
1.41159,-1.250,1.754,0.00
1.42186,-1.250,1.754,0.00
1.43223,-1.250,1.754,0.00
1.44258,-1.250,1.754,0.00
1.45296,-1.250,1.754,0.00
1.46332,-1.250,1.754,0.00
1.47461,-1.250,1.754,0.00
1.48489,-1.222,1.733,0.00
1.49524,-1.191,1.722,0.00
1.50541,-1.180,1.710,0.00
1.51706,-1.180,1.710,0.00
1.52722,-1.173,1.698,0.00
1.53737,-1.170,1.687,0.00
1.54751,-1.170,1.687,0.00
1.55767,-1.170,1.687,0.00
1.56783,-1.170,1.687,0.00
1.57798,-1.170,1.687,0.00
1.58815,-1.170,1.675,0.00
1.59836,-1.168,1.675,0.00
1.60860,-1.164,1.660,0.00
1.61881,-1.164,1.660,0.00
1.62908,-1.164,1.660,0.00
1.63924,-1.154,1.646,0.00
1.64939,-1.154,1.646,0.00
1.65954,-1.158,1.633,0.00
1.66969,-1.158,1.633,0.00
1.67999,-1.158,1.620,0.00
1.69015,-1.167,1.620,0.00
1.70146,-1.167,1.620,0.00
1.71172,-1.180,1.609,0.00
1.72187,-1.188,1.595,0.00
1.73224,-1.188,1.595,0.00
1.74257,-1.198,1.582,0.00
1.75289,-1.198,1.582,0.00
1.76307,-1.213,1.567,0.00
1.77321,-1.213,1.567,0.00
1.78335,-1.233,1.551,0.00
1.79368,-1.233,1.551,0.00
1.80370,-1.266,1.534,0.00
1.81404,-1.266,1.534,0.00
1.82419,-1.304,1.512,0.00
1.83541,-1.304,1.512,0.00
1.84557,-1.348,1.490,0.00
1.85667,-1.348,1.490,0.00
1.86682,-1.398,1.467,0.00
1.87703,-1.398,1.467,0.00
1.88719,-1.454,1.442,0.00
1.89739,-1.454,1.442,0.00
1.90754,-1.516,1.416,0.00
1.91900,-1.516,1.416,0.00
1.92924,-1.565,1.397,0.00
1.93959,-1.609,1.376,0.00
1.94975,-1.609,1.376,0.00
1.95991,-1.648,1.351,0.00
1.97007,-1.648,1.351,0.00
1.98116,-1.681,1.317,0.00
1.99132,-1.681,1.317,0.00
2.00147,-1.699,1.280,0.00
2.01164,-1.699,1.280,0.00
2.02253,-1.709,1.249,0.00
2.03280,-1.709,1.249,0.00
2.04295,-1.713,1.222,0.00
2.05328,-1.713,1.222,0.00
2.06344,-1.716,1.195,0.00
2.07365,-1.716,1.195,0.00
2.08380,-1.724,1.169,0.00
2.09400,-1.724,1.169,0.00
2.10414,-1.737,1.141,0.00
2.11441,-1.737,1.141,0.00
2.12489,-1.737,1.106,0.00
2.13506,-1.758,1.106,0.00
2.14560,-1.798,1.063,0.00
2.15577,-1.798,1.063,0.00
2.16593,-1.860,1.016,0.00
2.17663,-1.860,1.016,0.00
2.18760,-1.938,0.957,0.00
2.20019,-2.025,0.957,0.00
2.21051,-2.025,0.884,0.00
2.22089,-2.100,0.792,0.00
2.23125,-2.100,0.792,0.00
2.24158,-2.150,0.718,0.00
2.25195,-2.150,0.718,0.00
2.26211,-2.150,0.666,0.00
2.27226,-2.183,0.666,0.00
2.28241,-2.206,0.640,0.00
2.29263,-2.206,0.640,0.00
2.30285,-2.235,0.637,0.00
2.31301,-2.235,0.637,0.00
2.32319,-2.235,0.637,0.00
2.33336,-2.275,0.646,0.00
2.34351,-2.319,0.661,0.00
2.35377,-2.319,0.661,0.00
2.36394,-2.339,0.683,0.00
2.37430,-2.339,0.683,0.00
2.38426,-2.320,0.710,0.00
2.39442,-2.320,0.710,0.00
2.40457,-2.258,0.732,0.00
2.41498,-2.258,0.732,0.00
2.42517,-2.156,0.739,0.00
2.43556,-2.156,0.739,0.00
2.44589,-2.027,0.729,0.00
2.45605,-2.027,0.729,0.00
2.46621,-1.861,0.708,0.00
2.47763,-1.861,0.708,0.00
2.48800,-1.704,0.681,0.00
2.49827,-1.704,0.681,0.00
2.50843,-1.545,0.652,0.00
2.51881,-1.545,0.652,0.00
2.52897,-1.443,0.612,0.00
2.53913,-1.412,0.553,0.00
2.54931,-1.412,0.553,0.00
2.55950,-1.396,0.495,0.00
2.56978,-1.396,0.495,0.00
2.58015,-1.440,0.451,0.00
2.59030,-1.440,0.451,0.00
2.60247,-1.454,0.420,0.00
2.61263,-1.454,0.420,0.00
2.62281,-1.414,0.398,0.00
2.63328,-1.414,0.398,0.00
2.64345,-1.486,0.371,0.00
2.65360,-1.486,0.371,0.00
2.66378,-1.486,0.340,0.00
2.67444,-1.486,0.340,0.00
2.68460,-1.437,0.301,0.00
2.69483,-1.437,0.301,0.00
2.70514,-1.386,0.267,0.00
2.71591,-1.386,0.267,0.00
2.72630,-1.332,0.252,0.00
2.73645,-1.332,0.252,0.00
2.74692,-1.277,0.254,0.00
2.75708,-1.247,0.254,0.00
2.76724,-1.247,0.284,0.00
2.77757,-1.247,0.284,0.00
2.78830,-1.255,0.348,0.00
2.79848,-1.255,0.474,0.00
2.80864,-1.277,0.474,0.00
2.81884,-1.307,0.616,0.00
2.82900,-1.307,0.616,0.00
2.83939,-1.307,0.616,0.00
2.84955,-1.343,0.735,0.00
2.85971,-1.372,0.833,0.00
2.86987,-1.372,0.833,0.00
2.88004,-1.382,0.833,0.00
2.89024,-1.382,0.883,0.00
2.90075,-1.398,0.885,0.00
2.91091,-1.398,0.885,0.00
2.92106,-1.394,0.854,0.00
2.93135,-1.394,0.854,0.00
2.94183,-1.348,0.814,0.00
2.95199,-1.348,0.814,0.00
2.96233,-1.310,0.788,0.00
2.97249,-1.310,0.788,0.00
2.98265,-1.288,0.769,0.00
2.99301,-1.288,0.769,0.00
3.00348,-1.258,0.746,0.00
3.01568,-1.258,0.746,0.00
3.02583,-1.175,0.717,0.00
3.03645,-1.175,0.717,0.00
3.04660,-1.046,0.692,0.00
3.05675,-1.046,0.668,0.00
3.06690,-0.887,0.668,0.00
3.07706,-0.887,0.637,0.00
3.08721,-0.690,0.637,0.00
3.09743,-0.690,0.596,0.00
3.10758,-0.474,0.596,0.00
3.11785,-0.474,0.596,0.00
3.12830,-0.259,0.541,0.00
3.13846,-0.259,0.541,0.00
3.14861,0.017,0.478,0.00
3.15891,0.364,0.478,0.00
3.16914,0.364,0.422,0.00
3.17974,0.837,0.422,0.00
3.18990,0.837,0.378,0.00
3.20011,0.837,0.378,0.00
3.21026,1.429,0.358,0.00
3.22042,1.429,0.358,0.00
3.23058,2.115,0.360,0.00
3.24091,2.892,0.376,0.00
3.25106,2.892,0.376,0.00
3.26158,2.892,0.376,0.00
3.27155,3.761,0.392,0.00
3.28182,4.731,0.398,0.00
3.29197,4.731,0.398,0.00
3.30212,5.773,0.396,0.00
3.31228,5.773,0.396,0.00
3.32265,6.873,0.387,0.00
3.33329,6.873,0.387,0.00
3.34352,7.963,0.372,0.00
3.35366,7.963,0.372,0.00
3.36382,9.063,0.348,0.00
3.37398,9.063,0.348,0.00
3.38429,10.151,0.323,0.00
3.39588,10.151,0.323,0.00
3.40684,11.188,0.294,0.00
3.41683,11.188,0.294,0.00
3.43694,11.188,0.294,12.50
3.44710,13.143,0.243,12.50
3.46953,14.027,0.238,12.50
3.47969,14.802,0.243,12.50
3.50162,14.802,0.247,12.50
3.51251,15.477,0.247,12.50
3.53419,16.057,0.249,12.50
3.54436,16.057,0.253,12.50
3.56889,16.965,0.266,12.50
3.57913,16.965,0.285,12.50
3.59710,17.295,0.285,12.50
3.60728,17.493,0.310,12.50
3.61769,17.493,0.337,12.50
3.62892,17.510,0.337,13.00
3.63923,17.510,0.360,13.00
3.64956,17.335,0.360,13.00
3.66117,17.335,0.360,13.00
3.67137,17.007,0.379,13.00
3.68156,16.567,0.393,13.00
3.69397,16.567,0.393,13.00
3.70413,15.993,0.388,13.00
3.71429,15.993,0.388,13.00
3.72509,15.993,0.357,13.00
3.74145,15.302,0.357,13.00
3.75162,15.302,0.357,13.00
3.77325,13.713,0.228,13.00
3.78389,12.828,0.197,13.00
3.79569,12.828,0.197,13.00
3.80589,11.820,0.210,13.00
3.81623,10.760,0.286,13.00
3.82638,10.760,0.286,13.00
3.83864,9.659,0.432,13.00
3.84882,9.659,0.432,13.00
3.85908,8.534,0.432,13.00
3.86928,8.534,0.631,13.00
3.87944,7.444,0.631,13.00
3.88959,7.444,0.876,13.00
3.90120,6.356,1.164,13.00
3.91154,6.356,1.164,13.00
3.92380,5.264,1.164,13.00
3.94848,5.264,1.475,13.50
3.95865,4.267,1.805,13.50
3.98116,4.267,1.805,13.50
3.99130,2.556,2.498,13.50
4.01713,1.769,2.907,13.50
4.02728,0.982,3.277,13.50
4.04482,0.982,3.668,13.50
4.05514,0.287,3.668,13.50
4.06999,-0.192,4.049,13.50
4.08018,-0.284,4.420,13.50
4.09033,-0.284,4.420,13.50
4.10933,-0.088,4.776,13.50
4.11949,0.222,5.120,13.50
4.12982,0.222,5.120,13.50
4.14188,0.222,5.445,13.50
4.15208,0.560,5.445,13.50
4.16242,0.560,5.445,13.50
4.17285,0.824,5.803,13.50
4.18324,1.032,6.112,13.50
4.19423,1.032,6.112,13.50
4.20553,1.229,6.392,13.50
4.21569,1.229,6.392,13.50
4.22584,1.383,6.668,13.50
4.25352,1.447,6.668,14.00
4.26376,1.447,6.918,14.00
4.28698,1.447,7.384,14.00
4.29722,1.345,7.384,14.00
4.31975,1.080,7.384,14.00
4.33034,1.080,7.773,14.00
4.34848,1.080,7.773,14.00
4.35866,0.907,7.925,14.00
4.36938,0.712,8.061,14.00
4.38135,0.712,8.061,14.00
4.39275,0.510,8.169,14.00
4.40364,0.306,8.266,14.00
4.41383,0.306,8.266,14.00
4.42428,0.115,8.362,14.00
4.43667,0.115,8.362,14.00
4.44684,-0.059,8.447,14.00
4.45700,-0.220,8.537,14.00
4.46769,-0.220,8.537,14.00
4.47790,-0.220,8.537,14.00
4.48807,-0.355,8.617,14.00
4.49825,-0.411,8.707,14.00
4.50938,-0.411,8.707,14.00
4.51974,-0.362,8.816,14.00
4.52989,-0.362,8.816,14.00
4.55674,-0.362,8.916,14.50
4.56693,-0.053,9.038,14.50
4.58896,0.160,9.038,14.50
4.59914,0.160,9.157,14.50
4.62107,0.364,9.489,14.50
4.63126,0.546,9.489,14.50
4.65326,0.708,9.694,14.50
4.66350,0.836,9.694,14.50
4.67372,0.836,9.988,14.50
4.69078,0.937,9.988,14.50
4.70110,0.992,10.562,14.50
4.71820,1.010,10.893,14.50
4.72850,1.010,10.893,14.50
4.73905,1.010,10.893,14.50
4.75027,1.004,11.223,14.50
4.76079,0.979,11.584,14.50
4.77123,0.979,11.584,14.50
4.79645,0.979,11.584,14.50
4.80662,0.869,12.279,14.50
4.82914,0.869,12.279,14.50
4.83943,0.806,12.686,14.50
4.86112,0.734,13.441,14.50
4.87129,0.666,13.441,14.50
4.89411,0.601,13.826,14.50
4.90482,0.534,14.650,14.50
4.92454,0.534,14.650,14.50
4.93474,0.466,14.994,14.50
4.94490,0.399,15.378,14.50
4.95772,0.399,15.378,14.50
4.96793,0.349,15.740,14.50
4.97839,0.322,16.079,14.50
4.98899,0.322,16.079,14.50
4.99936,0.332,16.079,14.50
5.00952,0.332,16.346,14.50
5.04019,0.424,16.613,14.50
5.05659,0.424,16.893,14.50
5.06680,0.489,17.101,14.50
5.07705,0.489,17.101,14.50
5.08755,0.548,17.338,14.50
5.09784,0.548,17.524,14.50
5.10797,0.597,17.524,14.50
5.11812,0.625,17.727,0.00
5.12844,0.625,17.727,0.00
5.13927,0.625,17.895,0.00
5.14941,0.629,17.895,0.00
5.15956,0.630,18.026,0.00
5.16995,0.630,18.026,0.00
5.18008,0.630,18.026,0.00
5.19041,0.630,18.026,0.00
5.20116,0.663,18.169,0.00
5.21147,0.663,18.272,0.00
5.22163,0.663,18.424,0.00
5.23178,0.705,18.424,0.00
5.24193,0.710,18.504,0.00
5.25209,0.710,18.504,0.00
5.26225,0.681,18.601,0.00
5.27241,0.681,18.601,0.00
5.28257,0.573,18.742,0.00
5.29272,0.573,18.742,0.00
5.30325,0.386,18.813,0.00
5.31365,0.386,18.813,0.00
5.32393,0.135,18.923,0.00
5.33432,0.135,18.923,0.00
5.34495,-0.121,19.029,0.00
5.35516,-0.121,19.029,0.00
5.36551,-0.325,19.117,0.00
5.37588,-0.325,19.117,0.00
5.38615,-0.456,19.231,0.00
5.39648,-0.456,19.231,0.00
5.40706,-0.513,19.279,0.00
5.41779,-0.504,19.220,0.00
5.42799,-0.504,19.220,0.00
5.43841,-0.504,19.220,0.00
5.44842,-0.447,18.895,0.00
5.45878,-0.447,18.895,0.00
5.46876,-0.363,18.317,0.00
5.47891,-0.363,18.317,0.00
5.48906,-0.275,17.564,0.00
5.49922,-0.275,17.564,0.00
5.50937,-0.275,17.564,0.00
5.51953,-0.219,16.826,0.00
5.52969,-0.219,16.826,0.00
5.53994,-0.219,16.826,0.00
5.55010,-0.188,16.125,0.00
5.56089,-0.188,16.125,0.00
5.57128,-0.188,16.125,0.00
5.58158,-0.164,15.425,0.00
5.59187,-0.164,15.425,0.00
5.60227,-0.133,14.602,0.00
5.61258,-0.133,14.602,0.00
5.62274,-0.133,14.602,0.00
5.63291,-0.098,13.693,0.00
5.64311,-0.068,12.553,0.00
5.65327,-0.029,10.263,0.00
5.66348,-0.023,9.035,0.00
5.67365,-0.023,9.035,0.00
5.68380,-0.021,7.765,0.00
5.69395,-0.021,7.765,0.00
5.70412,-0.024,6.476,0.00
5.71496,-0.024,6.476,0.00
5.72512,-0.023,5.210,0.00
5.73621,-0.023,5.210,0.00
5.74619,-0.020,4.035,0.00
5.75657,-0.020,4.035,0.00
5.76682,-0.016,2.838,0.00
5.77702,-0.016,2.838,0.00
5.78727,-0.013,1.839,0.00
5.79742,-0.013,1.839,0.00
5.80760,-0.005,0.895,0.00
5.81775,-0.005,0.895,0.00
5.82791,0.008,0.042,0.00
5.83840,0.008,0.042,0.00
5.84873,0.023,-0.628,0.00
5.85927,0.023,-0.628,0.00
5.87009,0.036,-1.149,0.00
5.88024,0.053,-1.533,0.00
5.89039,0.053,-1.533,0.00
5.90070,0.067,-1.759,0.00
5.91113,0.067,-1.759,0.00
5.92133,0.084,-1.828,0.00
5.93165,0.084,-1.828,0.00
5.94204,0.108,-1.811,0.00
5.95240,0.108,-1.811,0.00
5.96293,0.131,-1.785,0.00
5.97319,0.131,-1.785,0.00
5.98365,0.146,-1.749,0.00
5.99395,0.146,-1.749,0.00
6.00439,0.152,-1.693,0.00
6.01455,0.152,-1.693,0.00
6.02470,0.142,-1.607,0.00
6.03487,0.142,-1.607,0.00
6.04503,0.133,-1.493,0.00
6.05536,0.133,-1.493,0.00
6.06553,0.136,-1.358,0.00
6.07669,0.136,-1.358,0.00
6.08712,0.139,-1.200,0.00
6.09749,0.139,-1.200,0.00
6.10784,0.134,-0.996,0.00
6.11973,0.134,-0.996,0.00
6.13404,0.123,-0.794,0.00
6.15224,0.101,-0.591,0.00
6.16299,0.071,-0.402,0.00
6.17333,0.071,-0.402,0.00
6.19431,0.041,-0.232,0.00
6.20567,0.041,-0.095,0.00
6.21600,0.024,-0.095,0.00
6.22869,0.024,-0.095,0.00
6.24502,0.015,0.107,0.00
6.25789,0.008,0.107,0.00
6.26810,0.009,0.169,0.00
6.27855,0.009,0.202,0.00
6.28906,0.015,0.202,0.00
6.29953,0.015,0.211,0.00
6.31210,0.021,0.211,0.00
6.32783,0.021,0.192,0.00
6.34359,0.027,0.147,0.00
6.35381,0.027,0.147,0.00
6.37016,0.044,0.084,0.00
6.38125,0.044,0.012,0.00
6.39173,0.061,0.012,0.00
6.40935,0.080,0.012,0.00
6.42265,0.080,0.012,0.00
6.43502,0.097,-0.153,0.00
6.44549,0.097,-0.238,0.00
6.45660,0.103,-0.238,0.00
6.47175,0.103,-0.238,0.00
6.48694,0.118,-0.238,0.00
6.50483,0.129,-0.510,0.00
6.51574,0.129,-0.510,0.00
6.52683,0.137,-0.596,0.00
6.53704,0.137,-0.596,0.00
6.55358,0.138,-0.675,0.00
6.57535,0.131,-0.746,0.00
6.58866,0.113,-0.746,0.00
6.60371,0.075,-0.857,0.00
6.61424,0.075,-0.857,0.00
6.62485,0.028,-0.857,0.00
6.63588,0.028,-0.890,0.00
6.64808,0.028,-0.890,0.00
6.66019,-0.014,-0.910,0.00
6.67191,-0.043,-0.919,0.00
6.68695,-0.043,-0.919,0.00
6.69905,-0.086,-0.914,0.00
6.71349,-0.086,-0.899,0.00
6.72492,-0.118,-0.879,0.00
6.73602,-0.118,-0.879,0.00
6.74647,-0.142,-0.851,0.00
6.75727,-0.142,-0.851,0.00
6.77322,-0.151,-0.823,0.00
6.78433,-0.151,-0.823,0.00
6.79525,-0.143,-0.791,0.00
6.80567,-0.136,-0.791,0.00
6.81616,-0.136,-0.753,0.00
6.82665,-0.125,-0.753,0.00
6.83702,-0.125,-0.708,0.00
6.84961,-0.105,-0.658,0.00
6.86068,-0.060,-0.658,0.00
6.87884,-0.060,-0.608,0.00
6.88974,0.040,-0.560,0.00
6.90039,0.040,-0.560,0.00
6.91076,0.137,-0.560,0.00
6.92113,0.137,-0.481,0.00
6.95037,0.211,-0.481,0.00
6.96176,0.407,-0.462,0.00
6.97237,0.407,-0.452,0.00
6.98338,0.407,-0.449,0.00
6.99952,0.632,-0.451,0.00
7.03389,0.751,-0.460,0.00
7.04939,0.915,-0.478,0.00
7.06606,1.141,-0.505,0.00
7.07733,1.141,-0.505,0.00
7.09007,1.428,-0.528,0.00
7.10211,1.428,-0.528,0.00
7.12641,2.136,-0.569,0.00
7.18444,3.011,-0.611,0.00
7.19462,3.011,-0.611,0.00
7.26106,5.349,-0.640,0.00
7.27132,6.002,-0.637,0.00
7.28224,6.613,-0.124,0.00
7.29252,6.613,-0.124,0.00
7.30285,7.255,-0.119,0.00
7.31301,7.255,-0.119,0.00
7.32317,7.255,-0.119,0.00
7.33333,7.255,-0.119,0.00
7.34348,7.255,-0.119,0.00
7.35363,7.896,-0.109,0.00
7.36378,8.529,-0.094,0.00
7.37402,9.158,-0.077,0.00
7.38446,9.781,-0.058,0.00
7.39489,9.781,-0.058,0.00
7.40590,10.358,-0.058,0.00
7.42047,10.358,-0.036,0.00
7.43085,10.916,-0.018,0.00
7.44183,10.916,-0.018,0.00
7.45339,11.430,0.001,12.00
7.46372,11.430,0.001,12.00
7.47406,11.430,0.001,12.00
7.48541,11.887,0.019,12.50
7.49558,12.293,0.019,12.50
7.50580,12.658,0.053,12.50
7.51758,12.658,0.053,12.50
7.52774,12.990,0.067,12.50
7.53882,12.990,0.067,12.50
7.54898,13.268,0.080,12.50
7.55920,13.268,0.080,12.50
7.56937,13.484,0.092,12.50
7.59698,13.484,0.092,12.50
7.60717,13.673,0.110,12.50
7.63182,13.673,0.110,12.50
7.64203,13.635,0.114,12.50
7.66040,13.490,0.118,12.50
7.67059,13.265,0.121,12.50
7.68075,13.265,0.121,12.50
7.69262,13.265,0.121,12.50
7.70281,12.662,0.133,12.50
7.71297,12.662,0.133,12.50
7.72494,12.285,0.133,13.00
7.73513,12.285,0.132,13.00
7.74554,11.843,0.132,13.00
7.75659,11.843,0.108,13.00
7.76675,11.365,0.084,13.00
7.77691,11.365,0.084,13.00
7.79011,11.365,0.084,13.00
7.80029,10.841,0.083,13.00
7.81046,10.841,0.083,13.00
7.82161,9.614,0.121,13.50
7.83203,9.614,0.194,13.50
7.84223,8.908,0.306,13.50
7.85267,8.908,0.306,13.50
7.86284,8.908,0.306,13.50
7.87300,8.195,0.454,13.50
7.88322,8.195,0.454,13.50
7.90130,6.772,0.454,13.50
7.91148,6.772,0.881,13.50
7.93412,6.132,1.111,14.00
7.94428,5.586,1.111,14.00
7.96518,5.586,1.623,14.00
7.97549,4.961,1.623,14.00
7.99840,4.358,1.888,14.50
8.00859,3.795,2.140,14.50
8.02908,3.271,2.375,14.50
8.03950,3.271,2.375,14.50
8.04965,2.802,2.641,14.50
8.06089,2.802,2.641,15.00
8.07123,2.406,2.870,15.00
8.08143,2.406,2.870,15.00
8.09274,2.045,3.118,15.00
8.10293,1.725,3.371,15.00
8.11308,1.725,3.371,15.00
8.12580,1.725,3.371,15.50
8.13599,1.434,3.623,15.50
8.14615,1.168,3.876,15.50
8.17303,1.168,4.121,16.00
8.18343,0.969,4.366,16.00
8.20546,0.939,4.638,16.00
8.21591,0.939,4.638,16.00
8.23796,1.070,4.882,16.50
8.24838,1.247,5.132,16.50
8.25914,1.247,5.132,16.50
8.26957,1.411,5.399,16.50
8.27986,1.551,5.687,16.50
8.29032,1.551,5.687,16.50
8.30204,1.551,5.687,17.00
8.31264,1.693,5.974,17.00
8.32306,1.817,6.312,17.00
8.33384,1.817,6.312,17.00
8.34399,1.901,6.666,17.00
8.35414,1.901,6.666,17.00
8.36524,1.948,7.094,17.00
8.37625,1.948,7.094,17.00
8.38607,1.965,7.509,17.00
8.39797,1.965,7.966,17.50
8.40814,1.967,7.966,17.50
8.41829,1.967,7.966,17.50
8.44491,1.942,8.997,17.50
8.45510,1.899,8.997,17.50
8.47728,1.834,9.567,17.50
8.48766,1.752,10.138,17.50
8.49966,1.752,10.138,17.50
8.51131,1.661,10.756,18.00
8.52147,1.565,11.463,18.00
8.53162,1.565,11.463,18.00
8.55675,1.565,11.463,18.00
8.56701,1.395,12.729,18.00
8.57734,1.395,12.729,18.00
8.58761,1.327,13.366,18.00
8.59776,1.245,13.366,18.00
8.62151,1.245,14.681,18.00
8.63180,1.161,14.681,18.00
8.65329,1.076,15.312,18.00
8.66348,1.076,15.981,18.00
8.68474,0.995,15.981,18.00
8.69492,0.932,16.642,18.00
8.70509,0.879,17.409,18.00
8.71983,0.879,17.409,18.00
8.72999,0.842,18.096,18.00
8.74898,0.816,18.096,18.00
8.75930,0.810,18.734,18.00
8.76975,0.810,19.365,18.00
8.78082,0.810,19.365,18.00
8.79107,0.833,19.963,18.00
8.80125,0.833,19.963,18.00
8.81345,0.861,20.620,18.00
8.82362,0.861,21.197,18.00
8.83382,0.898,21.197,18.00
8.86574,0.987,22.534,18.00
8.87591,0.987,22.534,18.00
8.89320,1.042,22.534,18.00
8.90367,1.099,23.684,18.00
8.92533,1.099,23.684,18.00
8.93709,1.165,24.239,18.00
8.95639,1.233,24.772,18.00
8.96658,1.301,25.268,18.00
8.97685,1.301,25.268,18.00
8.98891,1.375,25.732,18.00
8.99922,1.375,25.732,18.00
9.00947,1.443,26.205,18.00
9.02088,1.443,26.205,18.00
9.03288,1.515,26.642,18.00
9.04306,1.579,27.073,18.00
9.05322,1.579,27.073,18.00
9.06364,1.634,27.462,18.00
9.07380,1.634,27.462,18.00
9.08453,1.680,27.856,18.00
9.09489,1.680,27.856,18.00
9.10512,1.719,28.198,18.00
9.11653,1.719,28.198,18.00
9.12685,1.719,28.490,18.00
9.13700,1.757,28.490,18.00
9.14729,1.779,28.788,18.00
9.15789,1.779,28.788,0.00
9.16805,1.800,29.018,0.00
9.17831,1.800,29.018,0.00
9.18857,1.816,29.309,0.00
9.19896,1.816,29.309,0.00
9.20910,1.847,29.530,0.00
9.21936,1.847,29.530,0.00
9.23029,1.876,29.720,0.00
9.24054,1.876,29.915,0.00
9.25078,1.929,29.915,0.00
9.26094,1.929,29.915,0.00
9.27118,1.966,30.026,0.00
9.28154,1.939,30.160,0.00
9.29184,1.939,30.160,0.00
9.30212,1.844,30.160,0.00
9.31227,1.844,30.236,0.00
9.32382,1.668,30.302,0.00
9.33400,1.668,30.302,0.00
9.34415,1.443,30.332,0.00
9.35430,1.443,30.332,0.00
9.36505,1.231,30.269,0.00
9.37533,1.231,30.269,0.00
9.38541,1.064,30.182,0.00
9.39558,1.064,30.182,0.00
9.40574,0.962,30.082,0.00
9.41590,0.962,30.082,0.00
9.42615,0.962,29.985,0.00
9.43636,0.919,29.985,0.00
9.44686,0.925,29.834,0.00
9.45739,0.925,29.834,0.00
9.46760,0.955,29.558,0.00
9.47795,0.955,29.558,0.00
9.48828,0.945,28.981,0.00
9.49860,0.945,28.088,0.00
9.50891,0.879,28.088,0.00
9.51999,0.879,27.298,0.00
9.53005,0.776,27.298,0.00
9.54020,0.673,26.629,0.00
9.55036,0.673,26.629,0.00
9.56148,0.673,26.629,0.00
9.57164,0.555,25.824,0.00
9.58204,0.555,24.847,0.00
9.59248,0.449,24.847,0.00
9.60279,0.449,24.847,0.00
9.61295,0.372,23.693,0.00
9.62385,0.337,22.498,0.00
9.63401,0.337,22.498,0.00
9.64422,0.346,22.498,0.00
9.65455,0.346,21.237,0.00
9.66473,0.346,21.237,0.00
9.67491,0.391,19.633,0.00
9.68507,0.440,18.072,0.00
9.69523,0.440,18.072,0.00
9.70547,0.440,18.072,0.00
9.71699,0.440,18.072,0.00
9.72714,0.483,16.448,0.00
9.73730,0.483,16.448,0.00
9.74747,0.517,14.844,0.00
9.75770,0.517,14.844,0.00
9.76796,0.538,13.214,0.00
9.77812,0.528,11.522,0.00
9.78838,0.487,9.753,0.00
9.79879,0.487,9.753,0.00
9.80895,0.446,8.089,0.00
9.81912,0.419,8.089,0.00
9.82932,0.419,6.355,0.00
9.83952,0.419,6.355,0.00
9.84969,0.412,4.908,0.00
9.85985,0.412,4.908,0.00
9.87002,0.416,3.619,0.00
9.88023,0.416,2.494,0.00
9.89043,0.420,2.494,0.00
9.90058,0.430,1.521,0.00
9.91074,0.430,1.521,0.00
9.92101,0.430,0.777,0.00
9.93118,0.455,0.777,0.00
9.94133,0.490,0.130,0.00
9.95166,0.490,0.130,0.00
9.96184,0.522,0.130,0.00
9.97201,0.522,-0.433,0.00
9.98293,0.534,-0.433,0.00
9.99344,0.534,-0.875,0.00
10.00362,0.534,-1.146,0.00
10.01391,0.534,-1.146,0.00
10.02408,0.532,-1.202,0.00
10.03432,0.532,-1.202,0.00
10.04448,0.549,-1.155,0.00
10.05480,0.549,-1.155,0.00
10.06506,0.577,-1.053,0.00
10.07581,0.577,-1.053,0.00
10.08633,0.593,-0.918,0.00
10.09669,0.593,-0.918,0.00
10.10685,0.592,-0.760,0.00
10.11726,0.592,-0.760,0.00
10.12742,0.570,-0.569,0.00
10.13758,0.570,-0.569,0.00
10.14774,0.532,-0.345,0.00
10.16522,0.476,-0.345,0.00
10.17540,0.476,-0.060,0.00
10.18714,0.414,0.228,0.00
10.19736,0.414,0.228,0.00
10.20905,0.360,0.551,0.00
10.21933,0.360,0.899,0.00
10.23172,0.311,0.899,0.00
10.24335,0.264,0.899,0.00
10.25382,0.264,1.233,0.00
10.26414,0.264,1.233,0.00
10.27638,0.264,1.526,0.00
10.29275,0.208,1.762,0.00
10.31002,0.208,1.934,0.00
10.34960,0.156,2.138,0.00
10.36012,0.134,2.138,0.00
10.37188,0.134,2.173,0.00
10.38202,0.134,2.173,0.00
10.39643,0.134,2.174,0.00
10.41117,0.094,2.136,0.00
10.42169,0.076,2.136,0.00
10.43335,0.076,2.059,0.00
10.45039,0.066,1.947,0.00
10.46235,0.061,1.799,0.00
10.47822,0.065,1.799,0.00
10.48883,0.065,1.592,0.00
10.50489,0.065,1.383,0.00
10.52131,0.116,1.383,0.00
10.53163,0.116,1.383,0.00
10.54553,0.160,1.166,0.00
10.55661,0.160,0.947,0.00
10.57303,0.223,0.735,0.00
10.58415,0.223,0.544,0.00
10.60121,0.394,0.544,0.00
10.61144,0.394,0.371,0.00
10.62397,0.394,0.371,0.00
10.63590,0.477,0.371,0.00
10.65446,0.558,0.065,0.00
10.66752,0.632,-0.051,0.00
10.68926,0.704,-0.145,0.00
10.70146,0.772,-0.216,0.00
10.71341,0.772,-0.216,0.00
10.72729,0.829,-0.216,0.00
10.74324,0.829,-0.287,0.00
10.75351,0.890,-0.287,0.00
10.76520,0.968,-0.287,0.00
10.78139,0.968,-0.296,0.00
10.79160,0.968,-0.296,0.00
10.80211,1.179,-0.296,0.00
10.81832,1.179,-0.262,0.00
10.84171,1.512,-0.228,0.00
10.85657,1.512,-0.228,0.00
10.87243,1.512,-0.184,0.00
10.88307,1.694,-0.130,0.00
10.89386,1.880,-0.130,0.00
10.90404,1.880,-0.130,0.00
10.92120,2.086,-0.066,0.00
10.93939,2.327,0.005,0.00
10.95570,2.600,0.081,0.00
10.97278,2.892,0.172,0.00
10.98319,3.208,0.172,0.00
10.99456,3.208,0.172,0.00
11.00710,3.568,0.345,0.00
11.01842,3.568,0.345,0.00
11.02865,3.568,0.345,0.00
11.04451,4.378,0.427,0.00
11.06071,4.378,0.562,0.00
11.07124,4.794,0.562,0.00
11.08807,4.794,0.562,0.00
11.09921,4.794,0.648,0.00
11.10970,5.642,0.648,0.00
11.12066,5.642,0.671,0.00
11.13138,6.069,0.671,0.00
11.14374,6.507,0.671,0.00
11.16043,6.507,0.677,0.00
11.20283,6.507,0.677,0.00
11.21302,7.372,0.657,0.00
11.27210,7.789,0.540,0.00
11.28251,9.198,0.505,0.00
11.29268,8.494,-0.039,0.00
11.30326,8.769,-0.039,0.00
11.31343,8.769,-0.078,0.00
11.32359,8.994,-0.110,0.00
11.33374,8.994,-0.110,0.00
11.34390,9.185,-0.138,0.00
11.35405,9.185,-0.138,0.00
11.36423,9.343,-0.161,0.00
11.37570,9.343,-0.161,0.00
11.38644,9.453,-0.179,0.00
11.39660,9.453,-0.179,0.00
11.40687,9.522,-0.190,0.00
11.41790,9.522,-0.195,0.00
11.42807,9.539,-0.195,0.00
11.43898,9.539,-0.195,0.00
11.44916,9.523,-0.194,0.00
11.45932,9.523,-0.194,0.00
11.46951,9.471,-0.188,0.00
11.47966,9.471,-0.178,0.00
11.48982,9.375,-0.178,0.00
11.50010,9.375,-0.162,0.00
11.51026,9.238,-0.162,0.00
11.52043,9.238,-0.162,0.00
11.53100,9.047,-0.142,0.00
11.54138,8.820,-0.121,0.00
11.55175,8.820,-0.121,0.00
11.56208,8.820,-0.099,0.00
11.57239,8.553,-0.099,0.00
11.58316,8.286,-0.078,0.00
11.59336,8.286,-0.078,0.00
11.60355,7.969,-0.055,0.00
11.61373,7.969,-0.055,0.00
11.62399,7.969,-0.032,0.00
11.63414,7.605,-0.032,0.00
11.64430,7.238,-0.017,0.00
11.65445,7.238,-0.017,0.00
11.66463,6.838,-0.005,0.00
11.67484,6.838,-0.005,0.00
11.68500,6.419,0.005,0.00
11.69516,6.419,0.005,0.00
11.70594,5.993,0.013,0.00
11.71610,5.993,0.013,0.00
11.72632,5.595,0.014,0.00
11.73727,5.595,0.014,0.00
11.74751,5.218,0.008,0.00
11.75767,4.860,0.008,0.00
11.76784,4.860,-0.004,0.00
11.77803,4.533,-0.004,0.00
11.78819,4.533,-0.022,0.00
11.79835,4.533,-0.022,0.00
11.80850,4.251,-0.038,0.00
11.81911,4.025,-0.054,0.00
11.82941,4.025,-0.054,0.00
11.84023,3.846,-0.068,0.00
11.85038,3.846,-0.068,0.00
11.86102,3.708,-0.082,0.00
11.87117,3.708,-0.082,0.00
11.88139,3.614,-0.100,0.00
11.89182,3.614,-0.100,0.00
11.90197,3.582,-0.118,0.00
11.91218,3.582,-0.118,0.00
11.92234,3.623,-0.134,0.00
11.93251,3.623,-0.134,0.00
11.94278,3.719,-0.149,0.00
11.95284,3.719,-0.149,0.00
11.96300,3.858,-0.163,0.00
11.97321,3.858,-0.163,0.00
11.98338,4.029,-0.174,0.00
11.99352,4.029,-0.174,0.00
12.00377,4.233,-0.179,0.00
12.01421,4.233,-0.179,0.00
12.02439,4.456,-0.176,0.00
12.03455,4.456,-0.176,0.00
12.04470,4.704,-0.171,0.00
12.05502,4.704,-0.171,0.00
12.06519,4.950,-0.166,0.00
12.07537,4.950,-0.166,0.00
12.08552,5.114,-0.160,0.00
12.09570,5.114,-0.160,0.00
12.10591,5.173,-0.153,0.00
12.11610,5.173,-0.153,0.00
12.12626,5.186,-0.150,0.00
12.13685,5.186,-0.150,0.00
12.14713,5.176,-0.147,0.00
12.15727,5.089,-0.147,0.00
12.16751,5.089,-0.147,0.00
12.17779,5.089,-0.147,0.00
12.18794,4.913,-0.150,0.00
12.19812,4.913,-0.150,0.00
12.20828,4.664,-0.156,0.00
12.21856,4.664,-0.165,0.00
12.22871,4.355,-0.165,0.00
12.23887,4.355,-0.177,0.00
12.24904,4.013,-0.177,0.00
12.25922,4.013,-0.194,0.00
12.26939,3.672,-0.194,0.00
12.27960,3.287,-0.213,0.00
12.28985,3.287,-0.213,0.00
12.30001,2.903,-0.233,0.00
12.31051,2.903,-0.233,0.00
12.32067,2.502,-0.257,0.00
12.33087,2.502,-0.257,0.00
12.34102,2.064,-0.291,0.00
12.35117,2.064,-0.291,0.00
12.36133,1.675,-0.329,0.00
12.37149,1.675,-0.329,0.00
12.38171,1.304,-0.368,0.00
12.39187,1.304,-0.368,0.00
12.40203,0.983,-0.402,0.00
12.41219,0.983,-0.402,0.00
12.42236,0.705,-0.436,0.00
12.43253,0.705,-0.436,0.00
12.44279,0.467,-0.467,0.00
12.45295,0.467,-0.467,0.00
12.46356,0.224,-0.497,0.00
12.47376,0.224,-0.497,0.00
12.48397,-0.039,-0.527,0.00
12.49413,-0.039,-0.527,0.00
12.50428,-0.243,-0.554,0.00
12.51449,-0.243,-0.554,0.00
12.52470,-0.289,-0.577,0.00
12.53488,-0.289,-0.577,0.00
12.54511,-0.289,-0.577,0.00
12.55574,-0.231,-0.593,0.00
12.56635,-0.045,-0.604,0.00
12.57665,-0.045,-0.611,0.00
12.58685,0.245,-0.611,0.00
12.59723,0.245,-0.611,0.00
12.60753,0.492,-0.611,0.00
12.61771,0.492,-0.611,0.00
12.62787,0.706,-0.601,0.00
12.63817,0.706,-0.601,0.00
12.64842,0.970,-0.588,0.00
12.65858,0.970,-0.588,0.00
12.66909,1.269,-0.573,0.00
12.67925,1.269,-0.573,0.00
12.68940,1.586,-0.557,0.00
12.69962,1.586,-0.542,0.00
12.70978,1.946,-0.542,0.00
12.71995,2.354,-0.528,0.00
12.73011,2.354,-0.528,0.00
12.74027,2.781,-0.518,0.00
12.75049,2.781,-0.518,0.00
12.76065,3.266,-0.505,0.00
12.77082,3.266,-0.505,0.00
12.78097,3.842,-0.505,0.00
12.79113,3.842,-0.493,0.00
12.80130,4.469,-0.484,0.00
12.81146,4.469,-0.484,0.00
12.82212,5.148,-0.477,0.00
12.83247,5.148,-0.477,0.00
12.84297,5.889,-0.470,0.00
12.85314,5.889,-0.470,0.00
12.86371,6.653,-0.462,0.00
12.87390,6.653,-0.462,0.00
12.88407,6.653,-0.462,0.00
12.89428,7.433,-0.450,0.00
12.90449,8.233,-0.432,0.00
12.91486,8.233,-0.432,0.00
12.92497,9.038,-0.407,0.00
12.93518,9.038,-0.407,0.00
12.94535,9.827,-0.385,0.00
12.95565,9.827,-0.385,0.00
12.97288,10.592,-0.365,0.00
12.98307,11.345,-0.365,0.00
12.99340,11.345,-0.351,0.00
13.00466,11.345,-0.344,12.00
13.01514,12.091,-0.344,12.00
13.02551,12.798,-0.340,12.00
13.03788,12.798,-0.340,12.00
13.04807,13.474,-0.331,12.00
13.05830,13.474,-0.331,12.00
13.07028,14.131,-0.319,12.00
13.08063,14.131,-0.319,12.00
13.09105,14.743,-0.309,12.00
13.11682,14.743,-0.309,12.00
13.12700,15.762,-0.293,12.00
13.14898,16.124,-0.293,12.00
13.15921,16.399,-0.287,12.00
13.18063,16.399,-0.282,12.50
13.19131,16.582,-0.277,12.50
13.20165,16.582,-0.277,12.50
13.21268,16.631,-0.277,12.50
13.22303,16.551,-0.261,12.50
13.23342,16.551,-0.261,12.50
13.24684,16.352,-0.253,12.50
13.25718,16.045,-0.237,12.50
13.26944,16.045,-0.237,12.50
13.27962,15.648,-0.210,12.50
13.29020,15.648,-0.210,12.50
13.30041,15.648,-0.210,12.50
13.31087,15.177,-0.209,13.00
13.32102,14.611,-0.198,13.00
13.33124,14.611,-0.198,13.00
13.35654,14.611,-0.198,13.00
13.36678,13.203,-0.119,13.00
13.39092,13.203,-0.029,13.00
13.40204,12.512,-0.029,13.00
13.42208,10.666,0.282,13.50
13.43227,10.666,0.282,13.50
13.45419,9.615,0.471,14.00
13.46436,8.610,0.671,14.00
13.47613,8.610,0.671,14.00
13.48636,7.626,0.885,14.00
13.49651,7.626,0.885,14.00
13.50784,6.624,1.114,14.00
13.52168,6.624,1.361,14.50
13.53186,5.601,1.361,14.50
13.54842,4.667,1.610,15.00
13.55861,4.667,1.610,15.00
13.56877,3.880,1.901,15.00
13.58344,3.178,2.169,15.50
13.59371,3.178,2.169,15.50
13.60389,2.511,2.451,15.50
13.61404,2.511,2.451,16.00
13.62433,1.870,2.726,16.00
13.63481,1.870,2.726,16.00
13.66035,1.230,3.009,16.50
13.67053,0.686,3.277,16.50
13.69310,0.217,3.562,17.00
13.70361,-0.129,3.851,17.00
13.71445,-0.129,3.851,17.00
13.72516,-0.133,4.186,17.50
13.73615,-0.133,4.186,17.50
13.74660,0.010,4.504,17.50
13.75695,0.010,4.504,18.00
13.76710,0.253,4.803,18.00
13.77738,0.253,4.803,18.00
13.78927,0.589,5.142,18.50
13.79946,0.589,5.142,18.50
13.80966,0.944,5.524,18.50
13.82054,1.178,5.524,19.00
13.83094,1.178,5.948,19.00
13.84109,1.178,5.948,19.00
13.86898,1.617,6.918,19.50
13.87938,1.761,6.918,19.50
13.90076,1.761,8.200,19.50
13.91116,1.873,8.200,19.50
13.93434,1.972,8.200,20.00
13.94471,2.058,9.585,20.00
13.95506,2.058,9.585,20.00
13.96529,2.115,10.282,20.00
13.97573,2.115,10.282,20.00
13.98589,2.130,11.032,20.00
13.99819,2.100,11.032,20.50
14.00836,2.100,11.758,20.50
14.01889,2.100,11.758,20.50
14.02943,2.032,12.566,20.50
14.03962,1.947,13.493,20.50
14.04986,1.947,13.493,20.50
14.06123,1.831,14.366,20.50
14.07158,1.831,14.366,20.50
14.08254,1.705,15.263,20.50
14.09270,1.705,15.263,20.50
14.10344,1.574,16.155,20.50
14.11358,1.574,16.155,20.50
14.12389,1.425,17.071,20.50
14.14141,1.258,18.028,20.50
14.15172,1.258,18.028,20.50
14.17360,1.083,18.967,21.00
14.18385,0.914,19.916,21.00
14.20577,0.750,20.857,21.00
14.21606,0.750,20.857,21.00
14.23938,0.584,21.913,21.00
14.24958,0.436,22.772,21.00
14.25973,0.436,22.772,21.00
14.26997,0.313,23.671,21.00
14.28060,0.200,24.549,21.00
14.29255,0.200,24.549,21.00
14.30404,0.101,25.359,21.00
14.31433,0.101,25.359,21.00
14.32449,0.004,26.195,21.00
14.33678,0.004,26.195,21.00
14.34696,-0.089,26.981,21.00
14.35725,-0.089,27.754,21.00
14.36743,-0.170,27.754,21.00
14.37760,-0.226,27.754,21.00
14.38791,-0.226,28.615,21.00
14.41353,-0.226,29.317,21.00
14.42382,-0.291,30.025,21.00
14.44427,-0.291,30.025,21.00
14.45447,-0.303,30.667,21.00
14.47815,-0.292,31.370,21.00
14.48834,-0.265,32.012,21.00
14.50887,-0.265,32.617,21.00
14.51964,-0.223,32.617,21.00
14.52980,-0.184,33.165,21.00
14.54067,-0.184,33.165,21.00
14.55098,-0.139,33.638,21.00
14.56119,-0.081,34.093,21.00
14.57235,-0.081,34.093,21.00
14.58253,-0.081,34.093,21.00
14.59296,-0.081,34.093,21.00
14.60822,-0.017,34.448,21.00
14.61841,0.044,34.815,21.00
14.62858,0.090,35.187,21.00
14.63875,0.090,35.187,21.00
14.64891,0.134,35.542,21.00
14.65907,0.170,35.956,21.00
14.69192,0.170,35.956,21.00
14.70211,0.198,36.266,21.00
14.71227,0.216,36.643,0.00
14.72336,0.216,36.643,0.00
14.73352,0.221,36.972,0.00
14.74550,0.219,37.279,0.00
14.75610,0.219,37.279,0.00
14.76625,0.224,37.599,0.00
14.77660,0.237,37.599,0.00
14.78677,0.237,37.848,0.00
14.79731,0.237,37.848,0.00
14.80747,0.233,38.128,0.00
14.81795,0.233,38.128,0.00
14.82812,0.193,38.404,0.00
14.83828,0.193,38.404,0.00
14.84844,0.147,38.737,0.00
14.85860,0.147,39.166,0.00
14.86915,0.049,39.166,0.00
14.87988,-0.066,39.493,0.00
14.89005,-0.066,39.493,0.00
14.90022,-0.066,39.493,0.00
14.91039,-0.180,39.915,0.00
14.92055,-0.269,40.300,0.00
14.93081,-0.269,40.300,0.00
14.94098,-0.335,40.719,0.00
14.95133,-0.335,40.719,0.00
14.96148,-0.400,41.157,0.00
14.97164,-0.400,41.157,0.00
14.98181,-0.504,41.506,0.00
14.99202,-0.504,41.506,0.00
15.00219,-0.542,41.721,0.00
15.01235,-0.542,41.721,0.00
15.02264,-0.549,41.871,0.00
15.03291,-0.549,41.871,0.00
15.04307,-0.567,41.950,0.00
15.05321,-0.567,41.950,0.00
15.06336,-0.646,42.119,0.00
15.07350,-0.646,42.119,0.00
15.08366,-0.721,42.195,0.00
15.09382,-0.721,42.195,0.00
15.10405,-0.794,42.257,0.00
15.11430,-0.794,42.257,0.00
15.12475,-0.877,42.156,0.00
15.13490,-0.877,42.156,0.00
15.14505,-0.939,41.895,0.00
15.15606,-0.939,41.895,0.00
15.16631,-0.968,42.457,0.00
15.17647,-0.968,42.457,0.00
15.18662,-0.969,41.776,0.00
15.19695,-0.969,41.776,0.00
15.20711,-0.946,40.684,0.00
15.21736,-0.946,40.684,0.00
15.22760,-0.906,39.432,0.00
15.23776,-0.906,39.432,0.00
15.24792,-0.861,38.090,0.00
15.25807,-0.861,37.098,0.00
15.26821,-0.815,37.098,0.00
15.27837,-0.815,36.220,0.00
15.28871,-0.783,36.220,0.00
15.29903,-0.783,35.305,0.00
15.30937,-0.753,35.305,0.00
15.31984,-0.753,35.305,0.00
15.33037,-0.705,34.331,0.00
15.34083,-0.705,33.114,0.00
15.35115,-0.655,33.114,0.00
15.36149,-0.595,31.919,0.00
15.37165,-0.595,31.919,0.00
15.38181,-0.556,30.755,0.00
15.39197,-0.556,30.755,0.00
15.40213,-0.525,29.559,0.00
15.41228,-0.525,29.559,0.00
15.42247,-0.484,29.559,0.00
15.43263,-0.484,28.415,0.00
15.44280,-0.445,27.371,0.00
15.45295,-0.445,27.371,0.00
15.46311,-0.399,26.433,0.00
15.47328,-0.399,26.433,0.00
15.48351,-0.360,25.581,0.00
15.49389,-0.360,25.581,0.00
15.50404,-0.336,24.788,0.00
15.51425,-0.336,24.788,0.00
15.52441,-0.311,23.910,0.00
15.53457,-0.311,23.910,0.00
15.54490,-0.290,23.168,0.00
15.55537,-0.290,23.168,0.00
15.56559,-0.264,22.482,0.00
15.57582,-0.264,22.482,0.00
15.58621,-0.258,21.829,0.00
15.59689,-0.258,21.829,0.00
15.60706,-0.265,21.238,0.00
15.61721,-0.265,20.699,0.00
15.62738,-0.281,20.699,0.00
15.63766,-0.281,20.699,0.00
15.64781,-0.295,20.210,0.00
15.65798,-0.318,20.210,0.00
15.66814,-0.318,19.834,0.00
15.67835,-0.354,19.834,0.00
15.68874,-0.354,19.516,0.00
15.69890,-0.408,19.291,0.00
15.72015,-0.408,19.291,0.00
15.73146,-0.481,19.291,0.00
15.74387,-0.481,19.098,0.00
15.75659,-0.572,18.951,0.00
15.77387,-0.667,18.870,0.00
15.78406,-0.764,18.845,0.00
15.80315,-0.764,18.875,0.00
15.81551,-0.855,18.875,0.00
15.83794,-0.937,18.931,0.00
15.85259,-1.003,19.024,0.00
15.86868,-1.003,19.133,0.00
15.87972,-1.118,19.260,0.00
15.89540,-1.118,19.260,0.00
15.91200,-1.181,19.379,0.00
15.92705,-1.240,19.379,0.00
15.93778,-1.240,19.477,0.00
15.95554,-1.289,19.545,0.00
15.97848,-1.379,19.592,0.00
15.99625,-1.379,19.625,0.00
16.01205,-1.418,19.639,0.00
16.03222,-1.447,19.628,0.00
16.04253,-1.472,19.589,0.00
16.05292,-1.472,19.589,0.00
16.06418,-1.484,19.532,0.00
16.07442,-1.484,19.532,0.00
16.08552,-1.496,19.532,0.00
16.09762,-1.494,19.354,0.00
16.10840,-1.494,19.354,0.00
16.12069,-1.488,19.222,0.00
16.14612,-1.488,19.222,0.00
16.16183,-1.443,19.222,0.00
16.17878,-1.420,18.621,0.00
16.19533,-1.420,18.621,0.00
16.21671,-1.420,18.378,0.00
16.23253,-1.393,18.120,0.00
16.24835,-1.382,17.851,0.00
16.26020,-1.382,17.578,0.00
16.27087,-1.382,17.578,0.00
16.28227,-1.373,17.578,0.00
16.29339,-1.353,17.290,0.00
16.31366,-1.353,17.008,0.00
16.32549,-1.318,17.008,0.00
16.33798,-1.300,16.684,0.00
16.35376,-1.300,16.386,0.00
16.36556,-1.281,16.067,0.00
16.37821,-1.281,16.067,0.00
16.39460,-1.263,15.714,0.00
16.40509,-1.240,15.714,0.00
16.42182,-1.240,14.909,0.00
16.43211,-1.216,14.909,0.00
16.45299,-1.200,14.482,0.00
16.46455,-1.200,14.077,0.00
16.48095,-1.191,13.650,0.00
16.49115,-1.191,13.650,0.00
16.50328,-1.170,13.275,0.00
16.51959,-1.170,12.872,0.00
16.53565,-1.090,12.872,0.00
16.55136,-1.056,12.412,0.00
16.56718,-1.056,11.934,0.00
16.57846,-1.031,11.425,0.00
16.59573,-1.031,11.425,0.00
16.61166,-1.035,10.917,0.00
16.62384,-1.052,10.917,0.00
16.64135,-1.077,10.409,0.00
16.65445,-1.077,9.812,0.00
16.67018,-1.101,9.275,0.00
16.68592,-1.101,8.755,0.00
16.69613,-1.116,8.755,0.00
16.70779,-1.116,8.755,0.00
16.75857,-1.116,8.275,0.00
16.81256,-1.181,6.092,0.00
16.82317,0.059,-12.246,0.00
16.83335,0.020,-12.246,0.00
16.84351,-0.011,-12.684,0.00
16.85367,-0.011,-12.684,0.00
16.86383,-0.036,-13.072,0.00
16.87404,-0.036,-13.072,0.00
16.88420,-0.058,-13.437,0.00
16.89599,-0.058,-13.437,0.00
16.90615,-0.068,-13.805,0.00
16.91633,-0.066,-13.805,0.00
16.92649,-0.066,-14.133,0.00
16.93665,-0.066,-14.133,0.00
16.94681,-0.057,-14.431,0.00
16.95699,-0.057,-14.431,0.00
16.96714,-0.047,-14.695,0.00
16.97750,-0.047,-14.945,0.00
16.98777,-0.046,-14.945,0.00
16.99802,-0.046,-15.143,0.00
17.00818,-0.053,-15.143,0.00
17.01940,-0.062,-15.319,0.00
17.02955,-0.062,-15.319,0.00
17.03970,-0.070,-15.467,0.00
17.04986,-0.070,-15.467,0.00
17.06053,-0.079,-15.467,0.00
17.07105,-0.079,-15.591,0.00
17.08121,-0.090,-15.693,0.00
17.09134,-0.090,-15.693,0.00
17.10150,-0.101,-15.769,0.00
17.11165,-0.101,-15.769,0.00
17.12183,-0.105,-15.820,0.00
17.13226,-0.105,-15.820,0.00
17.14261,-0.106,-15.851,0.00
17.15292,-0.106,-15.851,0.00
17.16310,-0.109,-15.864,0.00
17.17326,-0.109,-15.864,0.00
17.18341,-0.114,-15.870,0.00
17.19372,-0.114,-15.870,0.00
17.20388,-0.120,-15.865,0.00
17.21408,-0.120,-15.865,0.00
17.22550,-0.122,-15.853,0.00
17.23572,-0.122,-15.853,0.00
17.24587,-0.122,-15.842,0.00
17.25605,-0.122,-15.842,0.00
17.26626,-0.124,-15.837,0.00
17.27650,-0.124,-15.837,0.00
17.28691,-0.140,-15.834,0.00
17.29787,-0.166,-15.831,0.00
17.30806,-0.166,-15.831,0.00
17.31831,-0.166,-15.831,0.00
17.32847,-0.201,-15.829,0.00
17.33904,-0.201,-15.830,0.00
17.34931,-0.228,-15.830,0.00
17.35955,-0.228,-15.838,0.00
17.36971,-0.254,-15.838,0.00
17.37988,-0.254,-15.838,0.00
17.39029,-0.279,-15.849,0.00
17.40043,-0.308,-15.858,0.00
17.41059,-0.308,-15.858,0.00
17.42084,-0.347,-15.858,0.00
17.43110,-0.347,-15.863,0.00
17.44127,-0.395,-15.858,0.00
17.45145,-0.395,-15.858,0.00
17.46161,-0.442,-15.847,0.00
17.47177,-0.442,-15.847,0.00
17.48248,-0.485,-15.835,0.00
17.49274,-0.485,-15.835,0.00
17.50314,-0.524,-15.823,0.00
17.51397,-0.524,-15.823,0.00
17.52406,-0.554,-15.812,0.00
17.53440,-0.554,-15.812,0.00
17.54455,-0.554,-15.802,0.00
17.55557,-0.575,-15.802,0.00
17.56590,-0.587,-15.797,0.00
17.57666,-0.587,-15.797,0.00
17.58691,-0.587,-15.797,0.00
17.59706,-0.587,-15.797,0.00
17.60722,-0.587,-15.797,0.00
17.61746,-0.596,-15.802,0.00
17.62762,-0.602,-15.806,0.00
17.63776,-0.602,-15.806,0.00
17.64793,-0.602,-15.807,0.00
17.65808,-0.602,-15.807,0.00
17.66825,-0.605,-15.805,0.00
17.67841,-0.605,-15.805,0.00
17.68857,-0.621,-15.799,0.00
17.69892,-0.642,-15.788,0.00
17.70909,-0.642,-15.788,0.00
17.71925,-0.642,-15.788,0.00
17.72941,-0.665,-15.775,0.00
17.74054,-0.682,-15.760,0.00
17.75082,-0.682,-15.760,0.00
17.76097,-0.695,-15.743,0.00
17.77262,-0.695,-15.743,0.00
17.78283,-0.703,-15.722,0.00
17.79304,-0.703,-15.722,0.00
17.80319,-0.712,-15.706,0.00
17.81353,-0.712,-15.706,0.00
17.82373,-0.720,-15.693,0.00
17.83410,-0.720,-15.693,0.00
17.84450,-0.727,-15.687,0.00
17.85648,-0.727,-15.687,0.00
17.86663,-0.730,-15.689,0.00
17.87768,-0.730,-15.689,0.00
17.88783,-0.726,-15.696,0.00
17.89800,-0.726,-15.696,0.00
17.90816,-0.719,-15.702,0.00
17.91848,-0.714,-15.708,0.00
17.92855,-0.714,-15.708,0.00
17.93889,-0.714,-15.716,0.00
17.94921,-0.712,-15.716,0.00
17.95960,-0.713,-15.727,0.00
17.96986,-0.713,-15.727,0.00
17.98029,-0.717,-15.736,0.00
17.99048,-0.717,-15.736,0.00
18.00066,-0.701,-15.736,0.00
18.01082,-0.701,-15.741,0.00
18.02098,-0.650,-15.748,0.00
18.03114,-0.650,-15.748,0.00
18.04181,-0.583,-15.756,0.00
18.05207,-0.583,-15.756,0.00
18.06225,-0.583,-15.756,0.00
18.07240,-0.583,-15.756,0.00
18.08257,-0.285,-15.766,0.00
18.09273,-0.285,-15.766,0.00
18.10301,-0.131,-15.781,0.00
18.11322,-0.131,-15.781,0.00
18.12337,0.016,-15.799,0.00
18.13353,0.016,-15.799,0.00
18.14369,0.167,-15.818,0.00
18.15385,0.167,-15.818,0.00
18.16433,0.383,-15.834,0.00
18.17459,0.383,-15.834,0.00
18.18514,0.612,-15.850,0.00
18.19608,0.612,-15.850,0.00
18.20624,0.612,-15.850,0.00
18.21640,0.836,-15.864,0.00
18.22656,1.055,-15.875,0.00
18.23671,1.055,-15.875,0.00
18.24686,1.257,-15.885,0.00
18.25699,1.257,-15.885,0.00
18.26715,1.470,-15.892,0.00
18.27735,1.470,-15.892,0.00
18.28756,1.721,-15.895,0.00
18.29772,1.721,-15.899,0.00
18.30810,2.014,-15.899,0.00
18.31852,2.014,-15.902,0.00
18.32883,2.342,-15.902,0.00
18.33898,2.703,-15.902,0.00
18.34914,2.703,-15.902,0.00
18.35930,3.085,-15.902,0.00
18.36945,3.085,-15.899,0.00
18.37966,3.503,-15.899,0.00
18.38977,3.503,-15.896,0.00
18.39992,3.967,-15.896,0.00
18.41039,3.967,-15.896,0.00
18.42053,3.967,-15.893,0.00
18.43080,4.470,-15.893,0.00
18.44095,4.470,-15.885,0.00
18.45110,4.999,-15.885,0.00
18.46433,5.545,-15.870,0.00
18.47443,5.545,-15.870,0.00
18.48590,6.102,-15.858,0.00
18.49610,6.102,-15.858,0.00
18.50625,6.673,-15.850,0.00
18.51641,6.673,-15.850,0.00
18.52686,6.673,-15.850,0.00
18.53783,7.247,-15.847,0.00
18.54798,7.819,-15.847,0.00
18.55817,7.819,-15.847,0.00
18.56839,8.399,-15.846,0.00
18.57891,8.399,-15.846,0.00
18.58908,8.964,-15.842,0.00
18.59928,8.964,-15.842,0.00
18.60944,9.500,-15.832,0.00
18.61959,9.500,-15.832,0.00
18.63894,10.017,-15.816,0.00
18.64913,10.535,-15.803,0.00
18.66863,11.036,-15.791,12.00
18.68105,11.514,-15.791,12.00
18.69140,11.514,-15.779,12.00
18.70167,11.990,-15.766,12.00
18.71183,11.990,-15.766,12.00
18.72199,12.451,-15.754,12.00
18.73284,12.451,-15.754,12.00
18.74337,12.883,-15.744,12.00
18.75359,12.883,-15.744,12.00
18.76377,13.297,-15.740,12.00
18.78115,13.672,-15.738,12.00
18.79147,13.672,-15.738,12.00
18.81294,13.990,-15.742,12.50
18.82309,13.990,-15.742,12.50
18.84574,14.460,-15.754,12.50
18.85657,14.460,-15.754,12.50
18.87655,14.617,-15.760,12.50
18.88700,14.702,-15.764,12.50
18.89725,14.702,-15.764,12.50
18.90934,14.707,-15.765,12.50
18.91951,14.707,-15.765,12.50
18.92967,14.652,-15.765,12.50
18.94249,14.652,-15.765,12.50
18.95295,14.554,-15.800,12.50
18.96311,14.384,-15.877,12.50
18.97515,14.384,-15.877,13.00
18.98534,14.134,-15.977,13.00
18.99596,14.134,-15.977,13.00
19.00612,13.810,-16.053,13.00
19.01628,13.810,-16.108,13.00
19.02644,13.442,-16.108,13.00
19.05257,13.442,-16.152,13.00
19.06298,12.640,-16.167,13.00
19.08717,12.205,-16.145,13.50
19.09788,11.743,-16.067,13.50
19.11634,11.743,-16.067,14.00
19.12714,11.743,-16.067,14.00
19.14910,10.765,-15.841,14.00
19.15950,10.262,-15.711,14.00
19.16967,10.262,-15.711,14.00
19.18149,10.262,-15.711,14.50
19.19250,9.748,-15.575,14.50
19.20266,9.253,-15.446,14.50
19.21286,9.253,-15.446,15.00
19.22472,9.253,-15.321,15.00
19.23499,8.810,-15.321,15.00
19.24866,8.394,-15.201,15.50
19.25888,8.394,-15.071,15.50
19.26903,8.003,-15.071,15.50
19.27934,8.003,-15.071,16.00
19.28950,7.624,-14.958,16.00
19.29965,7.624,-14.958,16.00
19.32522,7.003,-14.750,16.50
19.33714,7.003,-14.750,16.50
19.36192,6.540,-14.538,17.00
19.37210,6.540,-14.538,17.00
19.38898,6.540,-14.405,17.50
19.39928,6.349,-14.218,17.50
19.42212,6.086,-13.940,18.00
19.43290,6.086,-13.940,18.00
19.45418,6.001,-13.639,18.50
19.46477,5.930,-13.243,18.50
19.47551,5.930,-13.243,18.50
19.48657,5.888,-12.796,19.00
19.49691,5.888,-12.796,19.00
19.50738,5.879,-12.206,19.00
19.51754,5.879,-12.206,19.50
19.52772,5.894,-11.506,19.50
19.53815,5.917,-11.506,19.50
19.55109,5.917,-10.737,19.50
19.56128,5.945,-9.875,19.50
19.57141,5.945,-9.875,19.50
19.59920,5.993,-8.945,20.00
19.60937,6.061,-7.831,20.00
19.62912,6.146,-6.787,20.00
19.63951,6.222,-5.721,20.00
19.66067,6.222,-4.606,20.00
19.67131,6.298,-4.606,20.00
19.69327,6.375,-3.514,20.50
19.70453,6.451,-2.389,20.50
19.72422,6.451,-2.389,20.50
19.73461,6.505,-1.271,20.50
19.74497,6.535,-0.174,20.50
19.75777,6.535,-0.174,20.50
19.76794,6.562,1.046,20.50
19.77933,6.574,1.046,20.50
19.78947,6.574,2.080,20.50
19.79983,6.569,2.080,20.50
19.81010,6.569,3.182,20.50
19.82026,6.569,4.214,21.00
19.83057,6.551,4.214,21.00
19.84073,6.551,5.246,21.00
19.85352,6.517,5.246,21.00
19.86382,6.480,6.282,21.00
19.87410,6.480,6.282,21.00
19.90042,6.429,7.230,21.00
19.91060,6.385,8.224,21.00
19.93267,6.385,9.255,21.00
19.94308,6.330,9.255,21.00
19.96417,6.268,10.134,21.00
19.97461,6.201,10.973,21.00
19.99782,6.124,11.710,21.00
20.00799,6.043,12.467,21.00
20.02938,6.043,13.087,21.00
20.03986,5.880,13.703,21.00
20.05020,5.880,13.703,21.00
20.06346,5.809,14.209,21.00
20.07362,5.809,14.209,21.00
20.08380,5.754,14.696,21.00
20.09396,5.754,14.696,21.00
20.10413,5.719,15.148,21.00
20.11437,5.719,15.148,21.00
20.12464,5.689,15.528,21.00
20.13495,5.689,15.528,21.00
20.14538,5.656,15.996,21.00
20.15716,5.626,15.996,21.00
20.16759,5.626,16.387,21.00
20.17792,5.626,16.387,21.00
20.20573,5.577,17.342,21.00
20.21612,5.577,17.342,21.00
20.23823,5.538,18.450,21.00
20.24839,5.538,18.450,21.00
20.26870,5.538,18.450,21.00
20.27946,5.536,18.945,21.00
20.30356,5.547,20.070,21.00
20.31418,5.547,20.070,21.00
20.32456,5.556,20.070,21.00
20.33477,5.556,20.648,21.00
20.34494,5.564,21.298,21.00
20.35515,5.564,21.298,21.00
20.36531,5.569,21.937,0.00
20.37628,5.569,21.937,0.00
20.38644,5.554,22.603,0.00
20.39665,5.554,22.603,0.00
20.40697,5.539,23.385,0.00
20.41723,5.525,23.385,0.00
20.42740,5.525,24.018,0.00
20.43755,5.525,24.018,0.00
20.44771,5.536,24.683,0.00
20.45788,5.536,24.683,0.00
20.46803,5.550,25.262,0.00
20.47829,5.550,25.262,0.00
20.48859,5.535,25.806,0.00
20.49894,5.535,25.806,0.00
20.50910,5.486,26.402,0.00
20.51929,5.400,27.004,0.00
20.52943,5.400,27.004,0.00
20.53969,5.288,27.651,0.00
20.54984,5.288,27.651,0.00
20.56024,5.166,28.359,0.00
20.57048,5.166,28.359,0.00
20.58064,5.058,28.359,0.00
20.59103,5.058,29.015,0.00
20.60280,4.963,29.678,0.00
20.61313,4.963,29.678,0.00
20.62374,4.873,30.333,0.00
20.63405,4.873,30.333,0.00
20.64766,4.782,31.034,0.00
20.65805,4.782,31.673,0.00
20.66833,4.691,31.673,0.00
20.67878,4.691,31.673,0.00
20.68900,4.571,32.223,0.00
20.69942,4.571,32.744,0.00
20.70970,4.452,32.744,0.00
20.72049,4.452,33.303,0.00
20.73066,4.315,33.303,0.00
20.74162,4.159,33.736,0.00
20.75179,4.159,33.736,0.00
20.76228,4.008,34.083,0.00
20.77245,4.008,34.083,0.00
20.78261,3.860,34.352,0.00
20.79311,3.860,34.352,0.00
20.80352,3.702,34.524,0.00
20.81389,3.702,34.524,0.00
20.82406,3.538,34.572,0.00
20.83426,3.538,34.572,0.00
20.84461,3.382,34.610,0.00
20.85546,3.382,34.610,0.00
20.86561,3.253,34.537,0.00
20.87582,3.253,34.537,0.00
20.88615,3.128,34.454,0.00
20.89648,2.987,34.454,0.00
20.90690,2.987,34.280,0.00
20.91728,2.987,34.280,0.00
20.92750,2.856,33.934,0.00
20.93802,2.856,33.934,0.00
20.94820,2.774,33.534,0.00
20.95841,2.774,32.966,0.00
20.96857,2.734,32.966,0.00
20.97907,2.734,32.325,0.00
20.98923,2.725,32.325,0.00
20.99978,2.725,31.577,0.00
21.00993,2.705,31.577,0.00
21.02020,2.705,31.577,0.00
21.03036,2.708,30.758,0.00
21.04051,2.729,30.758,0.00
21.05079,2.729,29.845,0.00
21.06090,2.758,28.731,0.00
21.07142,2.758,28.731,0.00
21.08165,2.788,27.626,0.00
21.09181,2.788,27.626,0.00
21.10197,2.786,26.392,0.00
21.11212,2.786,26.392,0.00
21.12255,2.820,25.085,0.00
21.13291,2.820,25.085,0.00
21.14322,2.842,23.712,0.00
21.15356,2.842,23.712,0.00
21.16374,2.888,22.292,0.00
21.17408,2.888,22.292,0.00
21.18480,2.878,20.856,0.00
21.19496,2.878,20.856,0.00
21.20512,2.841,19.461,0.00
21.21529,2.841,19.461,0.00
21.22544,2.836,17.922,0.00
21.23575,2.836,17.922,0.00
21.24591,2.854,16.538,0.00
21.25616,2.854,16.538,0.00
21.26634,2.888,15.191,0.00
21.27650,2.888,15.191,0.00
21.28666,2.899,13.785,0.00
21.29748,2.899,13.785,0.00
21.30765,2.845,12.455,0.00
21.31785,2.845,12.455,0.00
21.32801,2.750,11.177,0.00
21.33816,2.750,11.177,0.00
21.34854,2.750,11.177,0.00
21.35876,2.750,11.177,0.00
21.37448,2.750,11.177,0.00
21.38490,2.750,11.177,0.00
21.39540,2.378,11.177,0.00
21.40663,2.378,9.938,0.00
21.42243,2.378,7.490,0.00
21.43833,2.086,6.465,0.00
21.45417,1.952,6.465,0.00
21.46500,1.952,5.472,0.00
21.48072,1.641,5.472,0.00
21.49136,1.641,4.563,0.00
21.50717,1.453,3.724,0.00
21.52108,1.228,3.724,0.00
21.53158,1.228,2.976,0.00
21.54292,1.008,2.174,0.00
21.55350,1.008,2.174,0.00
21.56922,0.793,2.174,0.00
21.58510,0.793,0.464,0.00
21.60088,0.570,-0.314,0.00
21.61658,0.152,-0.314,0.00
21.62679,0.152,-0.314,0.00
21.64370,0.152,-1.702,0.00
21.65942,-0.132,-1.702,0.00
21.67004,-0.132,-1.702,0.00
21.68093,-0.132,-2.331,0.00
21.70351,-0.214,-3.004,0.00
21.71928,-0.274,-4.430,0.00
21.73605,-0.326,-4.430,0.00
21.75181,-0.379,-5.232,0.00
21.76323,-0.435,-5.232,0.00
21.77933,-0.435,-5.914,0.00
21.80454,-0.491,-5.914,0.00
21.82042,-0.578,-7.117,0.00
21.83066,-0.578,-7.117,0.00
21.85737,-0.576,-7.641,0.00
21.86758,-0.576,-7.641,0.00
21.88399,-0.503,-8.610,0.00
21.91061,-0.503,-9.654,0.00
21.92077,-0.408,-10.195,0.00
21.93112,-0.408,-10.195,0.00
21.94145,-0.343,-10.649,0.00
21.95161,-0.343,-10.649,0.00
21.96254,-0.264,-10.649,0.00
21.97321,-0.264,-10.961,0.00
21.98452,-0.264,-11.207,0.00
21.99555,-0.185,-11.207,0.00
22.01158,-0.105,-11.464,0.00
22.02200,-0.038,-11.464,0.00
22.03252,-0.038,-11.766,0.00
22.04363,0.009,-12.071,0.00
22.05750,0.009,-12.333,0.00
22.06789,0.052,-12.333,0.00
22.07861,0.088,-12.506,0.00
22.08879,0.088,-12.506,0.00
22.09949,0.088,-12.664,0.00
22.10992,0.119,-12.664,0.00
22.12096,0.119,-12.840,0.00
22.13134,0.146,-12.840,0.00
22.14192,0.146,-13.036,0.00
22.15223,0.162,-13.036,0.00
22.16264,0.162,-13.036,0.00
22.17376,0.174,-13.200,0.00
22.18447,0.176,-13.284,0.00
22.19509,0.176,-13.284,0.00
22.20561,0.170,-13.298,0.00
22.21607,0.170,-13.298,0.00
22.22624,0.154,-13.273,0.00
22.23638,0.154,-13.273,0.00
22.24725,0.137,-13.273,0.00
22.25738,0.137,-13.208,0.00
22.26856,0.114,-13.117,0.00
22.27910,0.114,-13.117,0.00
22.28932,0.114,-12.993,0.00
22.30033,0.081,-12.993,0.00
22.31084,0.081,-12.850,0.00
22.32124,0.046,-12.850,0.00
22.33159,0.012,-12.700,0.00
22.34176,-0.017,-12.700,0.00
22.35248,-0.017,-12.553,0.00
22.41286,-0.073,-12.165,0.00
22.42326,-0.078,-12.056,0.00
22.47976,-0.084,-11.872,0.00
22.48991,-0.088,-11.807,0.00
22.50015,-0.088,-11.807,0.00
22.51031,-0.188,-3.153,0.00
22.52048,-0.188,-3.153,0.00
22.53064,-0.212,-3.130,0.00
22.54080,-0.238,-3.128,0.00
22.55095,-0.238,-3.128,0.00
22.56111,-0.253,-3.148,0.00
22.57127,-0.253,-3.148,0.00
22.58155,-0.271,-3.185,0.00
22.59170,-0.271,-3.185,0.00
22.60201,-0.271,-3.185,0.00
22.61218,-0.292,-3.234,0.00
22.62276,-0.307,-3.289,0.00
22.63293,-0.307,-3.289,0.00
22.64309,-0.307,-3.289,0.00
22.65331,-0.318,-3.343,0.00
22.66348,-0.319,-3.391,0.00
22.67364,-0.319,-3.391,0.00
22.68396,-0.319,-3.391,0.00
22.69425,-0.310,-3.442,0.00
22.70441,-0.297,-3.489,0.00
22.71456,-0.297,-3.489,0.00
22.72476,-0.283,-3.539,0.00
22.73491,-0.283,-3.539,0.00
22.74507,-0.275,-3.579,0.00
22.75522,-0.275,-3.579,0.00
22.76537,-0.270,-3.619,0.00
22.77632,-0.270,-3.619,0.00
22.78648,-0.270,-3.660,0.00
22.79677,-0.270,-3.696,0.00
22.80693,-0.276,-3.696,0.00
22.81708,-0.276,-3.696,0.00
22.82727,-0.290,-3.720,0.00
22.83743,-0.290,-3.720,0.00
22.84758,-0.309,-3.737,0.00
22.85794,-0.309,-3.737,0.00
22.86893,-0.329,-3.746,0.00
22.87951,-0.329,-3.746,0.00
22.88994,-0.343,-3.748,0.00
22.90058,-0.343,-3.739,0.00
22.91115,-0.356,-3.739,0.00
22.92133,-0.372,-3.722,0.00
22.93151,-0.372,-3.722,0.00
22.94168,-0.387,-3.693,0.00
22.95184,-0.387,-3.693,0.00
22.96200,-0.398,-3.655,0.00
22.97215,-0.398,-3.655,0.00
22.98231,-0.403,-3.612,0.00
22.99254,-0.403,-3.612,0.00
23.00296,-0.403,-3.570,0.00
23.01315,-0.403,-3.570,0.00
23.02340,-0.404,-3.528,0.00
23.03369,-0.404,-3.528,0.00
23.04402,-0.410,-3.484,0.00
23.05514,-0.410,-3.484,0.00
23.06536,-0.418,-3.448,0.00
23.07554,-0.418,-3.448,0.00
23.08608,-0.427,-3.414,0.00
23.09819,-0.427,-3.414,0.00
23.10851,-0.436,-3.381,0.00
23.11888,-0.436,-3.381,0.00
23.12917,-0.443,-3.352,0.00
23.13953,-0.451,-3.352,0.00
23.14984,-0.451,-3.329,0.00
23.16002,-0.455,-3.329,0.00
23.17019,-0.455,-3.310,0.00
23.18049,-0.454,-3.310,0.00
23.19064,-0.454,-3.295,0.00
23.20118,-0.452,-3.284,0.00
23.21134,-0.452,-3.284,0.00
23.22211,-0.452,-3.284,0.00
23.23229,-0.445,-3.282,0.00
23.24292,-0.431,-3.285,0.00
23.25309,-0.431,-3.285,0.00
23.26329,-0.414,-3.290,0.00
23.27348,-0.414,-3.290,0.00
23.28371,-0.396,-3.294,0.00
23.29387,-0.396,-3.294,0.00
23.30408,-0.380,-3.300,0.00
23.31424,-0.380,-3.300,0.00
23.32480,-0.380,-3.300,0.00
23.33561,-0.369,-3.310,0.00
23.34568,-0.361,-3.321,0.00
23.35590,-0.361,-3.321,0.00
23.36606,-0.357,-3.335,0.00
23.37622,-0.357,-3.335,0.00
23.38645,-0.358,-3.347,0.00
23.39659,-0.358,-3.347,0.00
23.40685,-0.360,-3.359,0.00
23.41710,-0.360,-3.359,0.00
23.42726,-0.362,-3.369,0.00
23.43748,-0.370,-3.369,0.00
23.44763,-0.370,-3.378,0.00
23.45793,-0.370,-3.378,0.00
23.46809,-0.377,-3.387,0.00
23.47835,-0.386,-3.387,0.00
23.48859,-0.386,-3.396,0.00
23.49909,-0.386,-3.396,0.00
23.50928,-0.397,-3.405,0.00
23.51963,-0.405,-3.415,0.00
23.53027,-0.405,-3.415,0.00
23.54044,-0.405,-3.423,0.00
23.55060,-0.411,-3.423,0.00
23.56130,-0.418,-3.432,0.00
23.57160,-0.418,-3.432,0.00
23.58176,-0.420,-3.438,0.00
23.59200,-0.420,-3.438,0.00
23.60231,-0.419,-3.447,0.00
23.61325,-0.419,-3.447,0.00
23.62340,-0.419,-3.462,0.00
23.63357,-0.419,-3.462,0.00
23.64372,-0.419,-3.462,0.00
23.65388,-0.421,-3.481,0.00
23.66405,-0.420,-3.498,0.00
23.67450,-0.420,-3.498,0.00
23.68466,-0.418,-3.509,0.00
23.69496,-0.418,-3.509,0.00
23.70514,-0.413,-3.521,0.00
23.71538,-0.413,-3.521,0.00
23.72554,-0.409,-3.531,0.00
23.73579,-0.409,-3.531,0.00
23.74595,-0.405,-3.540,0.00
23.75666,-0.405,-3.540,0.00
23.76680,-0.405,-3.551,0.00
23.77696,-0.405,-3.551,0.00
23.78712,-0.408,-3.563,0.00
23.79728,-0.408,-3.578,0.00
23.80743,-0.405,-3.578,0.00
23.81759,-0.405,-3.594,0.00
23.82778,-0.400,-3.594,0.00
23.83894,-0.400,-3.612,0.00
23.84910,-0.390,-3.612,0.00
23.85981,-0.390,-3.612,0.00
23.86995,-0.372,-3.635,0.00
23.88011,-0.320,-3.655,0.00
23.89025,-0.320,-3.655,0.00
23.90087,-0.233,-3.655,0.00
23.91110,-0.233,-3.674,0.00
23.92128,-0.233,-3.674,0.00
23.93145,-0.062,-3.692,0.00
23.94160,0.116,-3.710,0.00
23.95176,0.116,-3.710,0.00
23.96190,0.276,-3.726,0.00
23.97205,0.276,-3.726,0.00
23.98220,0.428,-3.741,0.00
23.99236,0.428,-3.741,0.00
24.00252,0.626,-3.741,0.00
24.01266,0.626,-3.756,0.00
24.02345,0.831,-3.769,0.00
24.03360,0.831,-3.769,0.00
24.04375,1.054,-3.779,0.00
24.05400,1.054,-3.779,0.00
24.06417,1.288,-3.786,0.00
24.07434,1.288,-3.786,0.00
24.08459,1.541,-3.792,0.00
24.09517,1.541,-3.792,0.00
24.10534,1.816,-3.794,0.00
24.11565,1.816,-3.794,0.00
24.12593,2.127,-3.796,0.00
24.13624,2.127,-3.796,0.00
24.14653,2.490,-3.795,0.00
24.15668,2.863,-3.795,0.00
24.16686,2.863,-3.794,0.00
24.17717,2.863,-3.794,0.00
24.18733,3.241,-3.796,0.00
24.19748,3.241,-3.798,0.00
24.20762,3.634,-3.798,0.00
24.21792,3.634,-3.798,0.00
24.22807,4.031,-3.795,0.00
24.23824,4.031,-3.795,0.00
24.24854,4.448,-3.787,0.00
24.25982,4.883,-3.779,0.00
24.26997,4.883,-3.779,0.00
24.28082,4.883,-3.779,0.00
24.29098,5.282,-3.771,0.00
24.30113,5.741,-3.762,0.00
24.31130,5.741,-3.762,0.00
24.32190,6.202,-3.753,0.00
24.33222,6.202,-3.753,0.00
24.34502,6.202,-3.753,0.00
24.35519,6.675,-3.746,0.00
24.36535,7.158,-3.747,0.00
24.37585,7.158,-3.747,0.00
24.38605,7.648,-3.750,0.00
24.39632,7.648,-3.750,0.00
24.40657,8.137,-3.747,0.00
24.41673,8.137,-3.743,0.00
24.42706,8.638,-3.743,0.00
24.43731,8.638,-3.743,0.00
24.44747,9.146,-3.741,0.00
24.45762,9.146,-3.738,0.00
24.46792,9.661,-3.738,0.00
24.47966,10.161,-3.732,0.00
24.49257,10.161,-3.732,0.00
24.50301,10.649,-3.728,0.00
24.51322,10.649,-3.728,0.00
24.52653,10.649,-3.728,12.00
24.53684,11.121,-3.726,12.00
24.54715,11.544,-3.722,12.00
24.56088,11.544,-3.722,12.00
24.57104,11.934,-3.720,12.00
24.58119,12.310,-3.720,12.00
24.59135,12.310,-3.722,12.00
24.60166,12.695,-3.726,12.00
24.61204,12.695,-3.726,12.00
24.62282,13.061,-3.732,12.00
24.63305,13.061,-3.732,12.00
24.64379,13.382,-3.738,12.00
24.66856,13.382,-3.747,12.50
24.67913,13.643,-3.747,12.50
24.70406,13.997,-3.751,12.50
24.71426,13.997,-3.751,12.50
24.73316,14.061,-3.750,12.50
24.74383,14.052,-3.750,12.50
24.76415,14.052,-3.750,12.50
24.77435,13.990,-3.746,12.50
24.78450,13.871,-3.743,12.50
24.79845,13.871,-3.743,12.50
24.80861,13.871,-3.743,12.50
24.81879,13.871,-3.743,12.50
24.82913,13.871,-3.743,13.00
24.83943,13.424,-3.734,13.00
24.84976,13.100,-3.738,13.00
24.86023,13.100,-3.738,13.00
24.87041,12.724,-3.737,13.00
24.88056,12.293,-3.722,13.00
24.89221,12.293,-3.722,13.00
24.90237,12.293,-3.722,13.00
24.91256,11.853,-3.655,13.00
24.92279,11.373,-3.535,13.00
24.94120,10.861,-3.372,13.50
24.95139,10.861,-3.372,13.50
24.97309,10.332,-3.167,14.00
24.98349,10.332,-3.167,14.00
25.00502,9.160,-3.167,14.00
25.01521,9.160,-2.581,14.00
25.03878,8.599,-2.255,14.50
25.04928,8.083,-1.911,14.50
25.06836,8.083,-1.911,15.00
25.07897,7.592,-1.545,15.00
25.08913,7.115,-1.175,15.00
25.10067,7.115,-1.175,15.50
25.11105,6.644,-0.805,15.50
25.12209,6.197,-0.421,15.50
25.13229,6.197,-0.421,16.00
25.14250,5.807,-0.007,16.00
25.15267,5.807,-0.007,16.00
25.16516,5.483,0.515,16.50
25.17590,5.483,0.515,16.50
25.18609,5.203,0.999,16.50
25.19634,5.203,0.999,17.00
25.21301,4.964,1.483,17.00
25.22334,4.763,1.973,17.00
25.24414,4.763,1.973,17.50
25.25448,4.608,2.464,17.50
25.27629,4.492,2.965,18.00
25.28677,4.403,3.513,18.00
25.29691,4.403,3.513,18.50
25.30933,4.403,4.080,18.50
25.32017,4.342,4.776,18.50
25.34010,4.299,4.776,19.00
25.35048,4.288,5.441,19.00
25.36091,4.288,5.441,19.00
25.37292,4.321,6.162,19.50
25.38309,4.395,6.928,19.50
25.39326,4.395,6.928,19.50
25.40425,4.486,7.705,19.50
25.41464,4.486,7.705,19.50
25.42480,4.585,8.551,19.50
25.43699,4.585,9.414,20.00
25.44766,4.700,9.414,20.00
25.45789,4.700,9.414,20.00
25.48513,4.972,11.314,20.00
25.49627,4.972,11.314,20.00
25.51670,4.972,11.314,20.00
25.52689,5.250,13.133,20.00
25.54853,5.250,14.057,20.50
25.55930,5.373,15.049,20.50
25.58006,5.471,15.049,20.50
25.59024,5.564,16.077,20.50
25.60042,5.564,17.113,20.50
25.61254,5.564,17.113,20.50
25.62285,5.694,18.199,20.50
25.63301,5.694,18.199,20.50
25.64474,5.757,19.414,20.50
25.65503,5.757,19.414,20.50
25.66517,5.814,20.557,20.50
25.67746,5.814,21.677,21.00
25.68773,5.863,21.677,21.00
25.69789,5.863,21.677,21.00
25.70817,5.887,22.780,21.00
25.71844,5.887,22.780,21.00
25.72863,5.892,23.845,21.00
25.74326,5.872,23.845,21.00
25.75351,5.872,24.843,21.00
25.76367,5.831,25.924,21.00
25.77419,5.831,25.924,21.00
25.78666,5.782,27.014,21.00
25.79686,5.782,27.014,21.00
25.82173,5.733,29.148,21.00
25.83190,5.691,29.148,21.00
25.85405,5.656,29.982,21.00
25.86425,5.593,30.902,21.00
25.88468,5.528,31.716,21.00
25.89636,5.528,31.716,21.00
25.91625,5.469,32.599,21.00
25.92643,5.424,33.294,21.00
25.93681,5.424,33.294,21.00
25.94902,5.389,33.992,21.00
25.96097,5.360,34.703,21.00
25.97244,5.360,34.703,21.00
25.98260,5.337,35.350,21.00
25.99348,5.337,35.350,21.00
26.00363,5.313,35.918,21.00
26.01380,5.313,35.918,21.00
26.02399,5.309,36.457,21.00
26.03441,5.309,36.457,21.00
26.04524,5.302,36.457,21.00
26.05557,5.302,36.932,21.00
26.06595,5.300,37.389,21.00
26.09218,5.300,37.389,21.00
26.10236,5.315,37.816,21.00
26.12543,5.358,38.920,21.00
26.13558,5.358,38.920,21.00
26.15820,5.395,39.343,21.00
26.16836,5.439,39.841,21.00
26.18824,5.439,39.841,21.00
26.19894,5.487,40.305,21.00
26.20912,5.532,40.824,0.00
26.21931,5.532,40.824,0.00
26.22947,5.584,41.409,0.00
26.23967,5.639,41.409,0.00
26.24984,5.639,41.926,0.00
26.26059,5.639,41.926,0.00
26.27074,5.692,42.438,0.00
26.28090,5.692,42.974,0.00
26.29105,5.729,42.974,0.00
26.30188,5.776,43.540,0.00
26.31216,5.776,43.540,0.00
26.32232,5.808,44.072,0.00
26.33252,5.808,44.072,0.00
26.34279,5.817,44.665,0.00
26.35296,5.817,44.665,0.00
26.36327,5.804,45.183,0.00
26.37351,5.804,45.183,0.00
26.38377,5.784,45.699,0.00
26.39396,5.784,45.699,0.00
26.40412,5.755,46.295,0.00
26.41428,5.755,46.295,0.00
26.42454,5.713,46.786,0.00
26.43482,5.713,46.786,0.00
26.44502,5.672,47.442,0.00
26.45544,5.672,47.442,0.00
26.46571,5.639,47.959,0.00
26.47588,5.639,47.959,0.00
26.48604,5.595,48.407,0.00
26.49626,5.595,48.407,0.00
26.50642,5.524,48.906,0.00
26.51658,5.524,48.906,0.00
26.52674,5.418,49.404,0.00
26.53690,5.271,49.404,0.00
26.54705,5.271,49.841,0.00
26.55732,5.271,49.841,0.00
26.56800,5.111,50.097,0.00
26.57829,5.111,50.097,0.00
26.58868,4.966,50.346,0.00
26.59933,4.966,50.346,0.00
26.60925,4.822,50.549,0.00
26.61988,4.822,50.785,0.00
26.62995,4.670,50.785,0.00
26.64034,4.670,50.785,0.00
26.65052,4.504,50.995,0.00
26.66067,4.367,50.995,0.00
26.67086,4.367,51.140,0.00
26.68110,4.228,51.140,0.00
26.69148,4.228,51.176,0.00
26.70232,4.098,51.085,0.00
26.71246,4.098,51.085,0.00
26.72262,3.962,50.902,0.00
26.73288,3.962,50.902,0.00
26.74305,3.847,50.604,0.00
26.75321,3.847,50.604,0.00
26.76337,3.731,50.206,0.00
26.77363,3.731,50.206,0.00
26.78378,3.581,49.521,0.00
26.79422,3.581,49.521,0.00
26.80444,3.395,48.796,0.00
26.81481,3.395,48.796,0.00
26.82489,3.208,47.887,0.00
26.83517,3.208,47.887,0.00
26.84533,3.074,46.814,0.00
26.85556,3.074,46.814,0.00
26.86594,2.953,45.604,0.00
26.87629,2.825,45.604,0.00
26.88661,2.825,44.357,0.00
26.89686,2.825,44.357,0.00
26.90703,2.655,43.034,0.00
26.91747,2.655,43.034,0.00
26.92762,2.505,41.576,0.00
26.93784,2.505,39.829,0.00
26.94801,2.413,39.829,0.00
26.95817,2.413,39.829,0.00
26.96847,2.334,38.237,0.00
26.97927,2.334,36.555,0.00
26.98945,2.253,36.555,0.00
27.00002,2.162,34.763,0.00
27.01018,2.162,34.763,0.00
27.02051,2.095,32.859,0.00
27.03092,2.095,32.859,0.00
27.04159,2.071,30.884,0.00
27.05181,2.071,30.884,0.00
27.06208,2.049,28.869,0.00
27.07228,2.049,28.869,0.00
27.08246,2.007,28.869,0.00
27.09311,2.007,26.767,0.00
27.10349,1.943,24.293,0.00
27.11407,1.943,24.293,0.00
27.12424,1.852,22.065,0.00
27.13446,1.852,22.065,0.00
27.14540,1.764,19.804,0.00
27.15556,1.764,19.804,0.00
27.16571,1.698,17.580,0.00
27.17631,1.698,17.580,0.00
27.18693,1.698,15.352,0.00
27.19745,1.643,15.352,0.00
27.20800,1.603,13.214,0.00
27.21948,1.565,11.103,0.00
27.22971,1.565,11.103,0.00
27.25090,1.522,9.061,0.00
27.27521,1.498,6.860,0.00
27.28552,1.478,6.860,0.00
27.30093,1.478,4.980,0.00
27.31376,1.469,4.980,0.00
27.32976,1.469,1.311,0.00
27.35120,1.488,-0.315,0.00
27.36213,1.479,-0.315,0.00
27.39557,1.447,-2.663,0.00
27.41086,1.380,-3.552,0.00
27.42683,1.280,-3.552,0.00
27.46156,1.167,-4.832,0.00
27.48021,1.047,-5.139,0.00
27.50747,0.925,-5.403,0.00
27.51796,0.925,-5.403,0.00
27.53373,0.677,-5.403,0.00
27.54989,0.677,-5.738,0.00
27.56566,0.487,-5.738,0.00
27.59113,0.487,-5.439,0.00
27.60479,0.421,-5.439,0.00
27.61844,0.361,-5.278,0.00
27.63182,0.361,-5.278,0.00
27.65087,0.361,-5.153,0.00
27.67609,0.251,-4.816,0.00
27.68731,0.240,-4.816,0.00
27.69941,0.240,-4.816,0.00
27.71053,0.240,-4.305,0.00
27.72621,0.240,-4.305,0.00
27.73837,0.251,-4.035,0.00
27.75418,0.268,-4.035,0.00
27.77744,0.281,-3.782,0.00
27.78843,0.288,-3.312,0.00
27.80414,0.288,-3.312,0.00
27.81652,0.296,-3.105,0.00
27.83205,0.304,-2.910,0.00
27.84749,0.313,-2.748,0.00
27.85893,0.326,-2.748,0.00
27.87085,0.326,-2.641,0.00
27.88139,0.345,-2.641,0.00
27.90243,0.345,-2.636,0.00
27.91831,0.354,-2.636,0.00
27.93029,0.356,-2.747,0.00
27.94580,0.356,-2.747,0.00
27.95715,0.352,-2.882,0.00
27.97325,0.344,-3.033,0.00
27.98509,0.344,-3.195,0.00
27.99701,0.344,-3.195,0.00
28.01268,0.349,-3.373,0.00
28.02445,0.353,-3.561,0.00
28.04216,0.353,-3.561,0.00
28.05950,0.354,-3.750,0.00
28.07762,0.349,-3.934,0.00
28.09311,0.349,-4.128,0.00
28.10854,0.352,-4.281,0.00
28.11993,0.361,-4.415,0.00
28.13642,0.361,-4.415,0.00
28.15273,0.375,-4.535,0.00
28.16559,0.384,-4.638,0.00
28.17768,0.384,-4.638,0.00
28.19453,0.391,-4.718,0.00
28.20579,0.391,-4.769,0.00
28.26809,0.422,-4.802,0.00
28.27834,0.421,-4.768,0.00
28.33152,0.421,-4.637,0.00
28.34308,0.417,-4.553,0.00
28.35328,0.083,-0.803,0.00
28.36411,0.141,-0.702,0.00
28.37433,0.141,-0.702,0.00
28.38449,0.200,-0.587,0.00
28.39588,0.200,-0.587,0.00
28.40604,0.265,-0.447,0.00
28.41620,0.265,-0.447,0.00
28.42693,0.321,-0.327,0.00
28.43710,0.321,-0.327,0.00
28.44768,0.373,-0.327,0.00
28.45784,0.373,-0.209,0.00
28.46800,0.458,-0.095,0.00
28.47825,0.568,0.017,0.00
28.48839,0.568,0.017,0.00
28.49853,0.674,0.124,0.00
28.50883,0.674,0.124,0.00
28.51921,0.768,0.222,0.00
28.52954,0.768,0.222,0.00
28.53969,0.768,0.222,0.00
28.54986,0.881,0.307,0.00
28.56002,0.996,0.307,0.00
28.57018,0.996,0.393,0.00
28.58034,1.106,0.456,0.00
28.59050,1.106,0.456,0.00
28.60070,1.246,0.503,0.00
28.61093,1.246,0.503,0.00
28.62124,1.392,0.503,0.00
28.63149,1.392,0.537,0.00
28.64164,1.557,0.537,0.00
28.65179,1.557,0.558,0.00
28.66194,1.733,0.574,0.00
28.67213,1.733,0.574,0.00
28.68229,1.733,0.584,0.00
28.69245,1.959,0.584,0.00
28.70316,2.252,0.587,0.00
28.71456,2.252,0.587,0.00
28.72471,2.562,0.580,0.00
28.73504,2.562,0.573,0.00
28.74542,2.883,0.573,0.00
28.75574,2.883,0.573,0.00
28.76624,3.213,0.561,0.00
28.77658,3.213,0.561,0.00
28.78708,3.567,0.550,0.00
28.79724,3.567,0.537,0.00
28.80761,3.948,0.537,0.00
28.81846,3.948,0.537,0.00
28.82863,4.343,0.521,0.00
28.83938,4.756,0.505,0.00
28.84954,4.756,0.505,0.00
28.86026,5.176,0.493,0.00
28.87042,5.176,0.493,0.00
28.88059,5.603,0.493,0.00
28.89084,5.603,0.485,0.00
28.90101,6.040,0.485,0.00
28.91116,6.040,0.480,0.00
28.92140,6.473,0.477,0.00
28.93156,6.473,0.477,0.00
28.94201,6.897,0.475,0.00
28.95236,6.897,0.475,0.00
28.96300,7.333,0.478,0.00
28.97334,7.333,0.478,0.00
28.98361,7.785,0.486,0.00
28.99404,7.785,0.486,0.00
29.00437,8.237,0.499,0.00
29.01501,8.237,0.499,0.00
29.02519,8.698,0.513,0.00
29.03622,8.698,0.513,0.00
29.04638,9.149,0.528,0.00
29.05653,9.149,0.528,0.00
29.06680,9.616,0.541,0.00
29.07696,9.616,0.541,0.00
29.10240,10.089,0.565,0.00
29.11262,10.540,0.565,0.00
29.13218,10.540,0.574,12.00
29.14243,10.984,0.574,12.00
29.15300,11.420,0.581,12.00
29.16441,11.846,0.581,12.00
29.17484,11.846,0.582,12.00
29.18501,12.250,0.575,12.00
29.19623,12.250,0.575,12.00
29.20654,12.644,0.563,12.00
29.21669,12.644,0.547,12.00
29.22824,13.010,0.547,12.00
29.23844,13.010,0.547,12.00
29.24931,13.352,0.534,12.00
29.27684,13.900,0.516,12.50
29.28718,13.900,0.516,12.50
29.29733,13.900,0.516,12.50
29.30758,14.103,0.510,12.50
29.31774,14.103,0.510,12.50
29.34194,14.265,0.500,12.50
29.35213,14.339,0.500,12.50
29.37196,14.339,0.500,12.50
29.38215,14.350,0.475,12.50
29.40455,14.241,0.463,12.50
29.41496,14.241,0.463,12.50
29.42601,14.102,0.458,13.00
29.43718,14.102,0.458,13.00
29.44804,13.904,0.448,13.00
29.45828,13.904,0.448,13.00
29.46955,13.904,0.470,13.00
29.47987,13.666,0.562,13.00
29.49036,13.395,0.562,13.00
29.50073,13.395,0.731,13.00
29.51246,13.099,0.731,13.00
29.52263,12.791,0.976,13.00
29.53458,12.791,0.976,13.50
29.54494,12.466,1.331,13.50
29.55525,12.466,1.331,13.50
29.58000,12.110,1.681,14.00
29.59043,11.734,2.073,14.00
29.61389,11.340,2.510,14.00
29.62416,10.971,2.985,14.00
29.64692,10.616,3.502,14.50
29.65725,10.616,4.084,14.50
29.67670,10.269,4.084,15.00
29.68884,9.940,4.758,15.00
29.70891,9.601,5.592,15.50
29.71922,9.280,6.346,15.50
29.74024,9.280,6.346,16.00
29.75042,9.038,7.096,16.00
29.76057,9.038,7.096,16.00
29.77282,8.775,7.831,16.50
29.78328,8.547,8.554,16.50
29.79356,8.547,8.554,16.50
29.80503,8.353,9.244,17.00
29.81547,8.353,9.244,17.00
29.82565,8.189,9.910,17.00
29.83767,8.189,9.910,17.50
29.84837,8.041,10.553,17.50
29.85930,7.894,11.306,17.50
29.86952,7.894,11.306,18.00
29.87995,7.762,11.980,18.00
29.89010,7.762,11.980,18.00
29.91750,7.640,11.980,18.50
29.92853,7.541,13.396,18.50
29.94852,7.479,13.396,19.00
29.95898,7.479,14.128,19.00
29.98084,7.421,14.911,19.00
29.99102,7.370,15.721,19.00
30.01240,7.345,16.502,19.50
30.02261,7.331,17.425,19.50
30.04444,7.331,18.243,20.00
30.05561,7.321,18.243,20.00
30.07690,7.289,19.101,20.00
30.08730,7.256,19.981,20.00
30.09760,7.238,20.896,20.00
30.10883,7.238,20.896,20.00
30.11929,7.238,20.896,20.00
30.12947,7.229,21.866,20.00
30.14122,7.229,21.866,20.50
30.15141,7.215,22.797,20.50
30.16165,7.195,23.733,20.50
30.17343,7.195,23.733,20.50
30.18377,7.174,24.747,20.50
30.19496,7.174,24.747,20.50
30.22084,7.122,26.583,20.50
30.23150,7.122,26.583,20.50
30.25192,7.122,26.583,20.50
30.26211,7.038,28.498,20.50
30.28570,6.973,28.498,20.50
30.29600,6.973,29.401,20.50
30.31904,6.892,30.285,21.00
30.32921,6.812,31.173,21.00
30.34864,6.717,32.101,21.00
30.35950,6.717,32.101,21.00
30.36970,6.626,32.896,21.00
30.38401,6.626,32.896,21.00
30.39418,6.545,33.610,21.00
30.41189,6.451,34.304,21.00
30.42206,6.365,35.024,21.00
30.43235,6.365,35.024,21.00
30.44443,6.282,35.024,21.00
30.45492,6.282,35.725,21.00
30.46520,6.204,36.398,21.00
30.47901,6.204,37.028,21.00
30.48921,6.133,37.028,21.00
30.50033,6.133,37.737,21.00
30.51049,6.066,37.737,21.00
30.52077,6.010,38.382,21.00
30.53094,6.010,38.382,21.00
30.55685,5.892,39.556,21.00
30.56720,5.892,39.556,21.00
30.58813,5.892,39.556,21.00
30.59900,5.854,40.031,21.00
30.62160,5.809,40.906,21.00
30.63342,5.809,40.906,21.00
30.65206,5.776,41.337,21.00
30.66225,5.753,41.793,21.00
30.67240,5.753,41.793,21.00
30.68634,5.753,41.793,21.00
30.69651,5.723,42.222,21.00
30.70677,5.723,42.614,21.00
30.71701,5.723,42.614,21.00
30.72717,5.727,42.971,21.00
30.73765,5.712,42.971,21.00
30.74950,5.712,43.302,21.00
30.75981,5.697,43.628,21.00
30.76995,5.697,43.628,21.00
30.79847,5.677,43.878,21.00
30.80873,5.668,44.211,21.00
30.81932,5.665,44.503,0.00
30.82948,5.665,44.503,0.00
30.84051,5.650,44.885,0.00
30.85096,5.650,44.885,0.00
30.86112,5.650,45.293,0.00
30.87129,5.641,45.293,0.00
30.88145,5.624,45.591,0.00
30.89160,5.624,45.591,0.00
30.90177,5.606,45.988,0.00
30.91191,5.606,45.988,0.00
30.92206,5.558,46.319,0.00
30.93220,5.558,46.319,0.00
30.94316,5.475,46.692,0.00
30.95331,5.475,46.692,0.00
30.96348,5.366,47.135,0.00
30.97375,5.366,47.135,0.00
30.98391,5.269,47.493,0.00
30.99407,5.269,47.493,0.00
31.00423,5.269,47.493,0.00
31.01500,5.200,47.999,0.00
31.02516,5.126,48.427,0.00
31.03701,5.047,48.427,0.00
31.04736,5.047,48.922,0.00
31.05767,4.952,48.922,0.00
31.06783,4.952,49.388,0.00
31.07824,4.952,49.837,0.00
31.08859,4.816,49.837,0.00
31.09914,4.816,50.310,0.00
31.10928,4.644,50.310,0.00
31.11949,4.442,50.693,0.00
31.12977,4.442,50.693,0.00
31.14009,4.214,51.163,0.00
31.15040,4.214,51.163,0.00
31.16076,3.976,51.418,0.00
31.17118,3.976,51.418,0.00
31.18152,3.796,51.574,0.00
31.19168,3.796,51.574,0.00
31.20260,3.670,51.604,0.00
31.21356,3.670,51.604,0.00
31.22373,3.535,51.627,0.00
31.23399,3.535,51.627,0.00
31.24435,3.359,51.675,0.00
31.25462,3.359,51.675,0.00
31.26483,3.195,51.694,0.00
31.27528,3.195,51.694,0.00
31.28528,3.044,51.693,0.00
31.29544,3.044,51.693,0.00
31.30560,2.929,51.584,0.00
31.31575,2.929,51.584,0.00
31.32592,2.848,51.291,0.00
31.33636,2.848,51.291,0.00
31.34653,2.783,50.929,0.00
31.35674,2.783,50.929,0.00
31.36829,2.715,50.448,0.00
31.37857,2.715,50.448,0.00
31.38896,2.645,49.768,0.00
31.39917,2.560,48.923,0.00
31.40932,2.560,48.923,0.00
31.41974,2.463,48.140,0.00
31.42988,2.463,48.140,0.00
31.44004,2.463,47.201,0.00
31.45034,2.339,47.201,0.00
31.46050,2.339,47.201,0.00
31.47066,2.192,46.080,0.00
31.48082,2.192,46.080,0.00
31.49098,2.025,44.662,0.00
31.50122,1.864,43.388,0.00
31.51138,1.864,43.388,0.00
31.52205,1.744,42.012,0.00
31.53221,1.744,42.012,0.00
31.54245,1.670,40.579,0.00
31.55298,1.670,40.579,0.00
31.56314,1.622,39.088,0.00
31.57330,1.622,39.088,0.00
31.58370,1.569,37.611,0.00
31.59395,1.569,37.611,0.00
31.60412,1.529,36.180,0.00
31.61433,1.529,36.180,0.00
31.62449,1.491,34.693,0.00
31.63465,1.491,34.693,0.00
31.64499,1.441,32.934,0.00
31.65573,1.441,32.934,0.00
31.66590,1.384,31.462,0.00
31.67739,1.384,31.462,0.00
31.68756,1.347,30.009,0.00
31.69776,1.334,28.545,0.00
31.70792,1.334,28.545,0.00
31.71866,1.310,28.545,0.00
31.72884,1.310,26.950,0.00
31.73917,1.271,25.481,0.00
31.75030,1.271,25.481,0.00
31.76046,1.215,23.966,0.00
31.77063,1.215,23.966,0.00
31.78092,1.161,22.544,0.00
31.79124,1.161,22.544,0.00
31.80140,1.161,22.544,0.00
31.81196,1.095,21.070,0.00
31.82638,1.019,19.419,0.00
31.83679,1.019,18.089,0.00
31.85253,1.019,18.089,0.00
31.88089,0.718,15.513,0.00
31.89565,0.718,15.513,0.00
31.91121,0.609,14.250,0.00
31.92194,0.609,14.250,0.00
31.93784,0.421,12.955,0.00
31.94807,0.421,11.771,0.00
31.97095,0.344,10.608,0.00
31.98204,0.283,10.608,0.00
31.99226,0.283,9.347,0.00
32.00844,0.283,8.205,0.00
32.02392,0.244,8.205,0.00
32.04091,0.215,7.162,0.00
32.05183,0.215,6.126,0.00
32.06437,0.194,6.126,0.00
32.07835,0.187,5.169,0.00
32.10462,0.187,3.510,0.00
32.12296,0.045,2.775,0.00
32.13450,0.045,2.775,0.00
32.14770,-0.026,2.775,0.00
32.16375,-0.026,1.462,0.00
32.18100,-0.064,1.462,0.00
32.19259,-0.080,0.988,0.00
32.20325,-0.080,0.586,0.00
32.21994,-0.092,0.586,0.00
32.23666,-0.101,0.202,0.00
32.24686,-0.091,-0.196,0.00
32.26336,-0.091,-0.196,0.00
32.27896,-0.063,-0.604,0.00
32.28959,-0.063,-0.996,0.00
32.30024,-0.063,-0.996,0.00
32.31686,-0.056,-1.353,0.00
32.32757,-0.056,-1.579,0.00
32.33832,-0.056,-1.579,0.00
32.34903,-0.056,-1.787,0.00
32.36011,-0.056,-1.787,0.00
32.37119,-0.159,-1.980,0.00
32.38682,-0.159,-2.171,0.00
32.39773,-0.144,-2.347,0.00
32.40877,-0.111,-2.347,0.00
32.41907,-0.111,-2.347,0.00
32.42943,-0.111,-2.347,0.00
32.44110,-0.009,-2.548,0.00
32.45164,-0.009,-2.750,0.00
32.46253,-0.009,-2.980,0.00
32.47294,0.033,-2.980,0.00
32.48345,0.033,-3.173,0.00
32.49387,0.040,-3.173,0.00
32.50468,0.040,-3.173,0.00
32.51557,0.013,-3.354,0.00
32.52584,0.013,-3.354,0.00
32.54181,-0.083,-3.711,0.00
32.55211,-0.083,-3.711,0.00
32.56311,-0.113,-3.711,0.00
32.57354,-0.113,-3.866,0.00
32.58950,-0.129,-3.995,0.00
32.59970,-0.129,-4.118,0.00
32.61007,-0.136,-4.118,0.00
32.62048,-0.136,-4.194,0.00
32.63097,-0.141,-4.194,0.00
32.64122,-0.141,-4.194,0.00
32.65716,-0.140,-4.177,0.00
32.66742,-0.140,-4.177,0.00
32.67769,-0.140,-4.177,0.00
32.69363,-0.142,-4.139,0.00
32.70386,-0.142,-4.101,0.00
32.71423,-0.168,-4.101,0.00
32.72952,-0.219,-4.072,0.00
32.73967,-0.219,-4.072,0.00
32.75029,-0.219,-4.048,0.00
32.76110,-0.269,-4.048,0.00
32.77197,-0.304,-4.017,0.00
32.78282,-0.304,-3.967,0.00
32.79886,-0.327,-3.967,0.00
32.81987,-0.309,-3.913,0.00
32.86996,-0.309,-3.763,0.00
32.91967,-0.230,-3.775,0.00
32.93090,-0.238,-3.775,0.00
32.94106,-0.175,-2.205,0.00
32.95123,-0.200,-2.205,0.00
32.96218,-0.204,-2.199,0.00
32.97234,-0.204,-2.199,0.00
32.98250,-0.189,-2.182,0.00
32.99268,-0.189,-2.182,0.00
33.00283,-0.189,-2.157,0.00
33.01299,-0.167,-2.157,0.00
33.02329,-0.145,-2.135,0.00
33.03370,-0.145,-2.135,0.00
33.04411,-0.120,-2.129,0.00
33.05447,-0.120,-2.129,0.00
33.06482,-0.088,-2.145,0.00
33.07536,-0.088,-2.145,0.00
33.08549,-0.029,-2.177,0.00
33.09586,-0.029,-2.177,0.00
33.10616,0.053,-2.224,0.00
33.11663,0.053,-2.224,0.00
33.12704,0.100,-2.259,0.00
33.13760,0.100,-2.280,0.00
33.14777,0.136,-2.280,0.00
33.15794,0.176,-2.280,0.00
33.16810,0.176,-2.286,0.00
33.17890,0.176,-2.286,0.00
33.18907,0.215,-2.272,0.00
33.19922,0.256,-2.244,0.00
33.20936,0.256,-2.244,0.00
33.22020,0.287,-2.220,0.00
33.23048,0.287,-2.220,0.00
33.24064,0.308,-2.217,0.00
33.25083,0.308,-2.217,0.00
33.26105,0.320,-2.234,0.00
33.27115,0.320,-2.234,0.00
33.28235,0.316,-2.257,0.00
33.29272,0.316,-2.257,0.00
33.30314,0.305,-2.275,0.00
33.31351,0.305,-2.275,0.00
33.32399,0.300,-2.294,0.00
33.33451,0.300,-2.294,0.00
33.34499,0.298,-2.313,0.00
33.35525,0.298,-2.313,0.00
33.36564,0.309,-2.321,0.00
33.37609,0.309,-2.321,0.00
33.38638,0.322,-2.320,0.00
33.39753,0.322,-2.312,0.00
33.40769,0.322,-2.312,0.00
33.41788,0.322,-2.312,0.00
33.42803,0.331,-2.312,0.00
33.43819,0.355,-2.302,0.00
33.44835,0.355,-2.305,0.00
33.45851,0.355,-2.305,0.00
33.46876,0.384,-2.322,0.00
33.47939,0.412,-2.340,0.00
33.48969,0.412,-2.340,0.00
33.50012,0.412,-2.356,0.00
33.51090,0.445,-2.356,0.00
33.52106,0.491,-2.368,0.00
33.53121,0.491,-2.368,0.00
33.54137,0.527,-2.379,0.00
33.55152,0.527,-2.379,0.00
33.56182,0.527,-2.379,0.00
33.57222,0.555,-2.390,0.00
33.58238,0.581,-2.400,0.00
33.59255,0.581,-2.400,0.00
33.60276,0.615,-2.402,0.00
33.61291,0.615,-2.402,0.00
33.62439,0.665,-2.398,0.00
33.63559,0.665,-2.398,0.00
33.64587,0.752,-2.392,0.00
33.65629,0.752,-2.392,0.00
33.66830,0.813,-2.382,0.00
33.67849,0.813,-2.382,0.00
33.68883,0.845,-2.369,0.00
33.69913,0.845,-2.363,0.00
33.70947,0.884,-2.363,0.00
33.71961,0.884,-2.363,0.00
33.72977,0.931,-2.363,0.00
33.74051,1.003,-2.363,0.00
33.75098,1.003,-2.365,0.00
33.76290,1.094,-2.372,0.00
33.77314,1.094,-2.372,0.00
33.78329,1.213,-2.384,0.00
33.79346,1.213,-2.384,0.00
33.80368,1.213,-2.395,0.00
33.81384,1.348,-2.395,0.00
33.82401,1.348,-2.397,0.00
33.83606,1.490,-2.397,0.00
33.84624,1.652,-2.388,0.00
33.85736,1.652,-2.388,0.00
33.86785,1.841,-2.374,0.00
33.88004,1.841,-2.374,0.00
33.89020,2.083,-2.359,0.00
33.90040,2.361,-2.344,0.00
33.91056,2.361,-2.344,0.00
33.92071,2.361,-2.328,0.00
33.93090,2.648,-2.328,0.00
33.94106,2.973,-2.328,0.00
33.95122,2.973,-2.317,0.00
33.96158,2.973,-2.308,0.00
33.97177,3.348,-2.308,0.00
33.98194,3.765,-2.302,0.00
33.99210,3.765,-2.302,0.00
34.00226,4.209,-2.294,0.00
34.01243,4.209,-2.294,0.00
34.02277,4.672,-2.290,0.00
34.03293,4.672,-2.290,0.00
34.04312,5.147,-2.288,0.00
34.05414,5.147,-2.288,0.00
34.06430,5.647,-2.282,0.00
34.07452,5.647,-2.282,0.00
34.08474,6.171,-2.263,0.00
34.09500,6.171,-2.263,0.00
34.10516,6.725,-2.236,0.00
34.11615,6.725,-2.236,0.00
34.12630,7.301,-2.213,0.00
34.13724,7.301,-2.213,0.00
34.14748,7.907,-2.191,0.00
34.15764,7.907,-2.169,0.00
34.16781,8.534,-2.169,0.00
34.17896,8.534,-2.169,0.00
34.18963,9.169,-2.147,0.00
34.19978,9.169,-2.124,0.00
34.20993,9.808,-2.124,0.00
34.22010,10.461,-2.094,0.00
34.23739,10.461,-2.094,0.00
34.24766,11.110,-2.055,0.00
34.26870,11.746,-2.010,12.00
34.28071,12.356,-1.963,12.00
34.29112,12.356,-1.963,12.00
34.30434,12.916,-1.963,12.00
34.31576,12.916,-1.921,12.00
34.32587,13.421,-1.884,12.00
34.33605,13.421,-1.884,12.00
34.34621,13.897,-1.853,12.00
34.35687,13.897,-1.853,12.00
34.38151,14.319,-1.824,12.00
34.39186,14.698,-1.801,12.00
34.41194,14.698,-1.801,12.50
34.42232,15.277,-1.767,12.50
34.44627,15.277,-1.767,12.50
34.45741,15.426,-1.753,12.50
34.47584,15.493,-1.737,12.50
34.48850,15.460,-1.724,12.50
34.51427,15.315,-1.715,12.50
34.52442,15.068,-1.707,12.50
34.54035,14.757,-1.707,12.50
34.55053,14.757,-1.697,12.50
34.56071,14.757,-1.697,12.50
34.57387,14.376,-1.682,13.00
34.58453,13.935,-1.677,13.00
34.59448,13.935,-1.677,13.00
34.60499,13.444,-1.640,13.00
34.61516,13.444,-1.640,13.00
34.62532,12.936,-1.510,13.00
34.63646,12.936,-1.510,13.00
34.64666,12.404,-1.249,13.00
34.65682,12.404,-1.249,13.00
34.68423,11.256,-0.889,13.50
34.69450,11.256,-0.491,13.50
34.71973,10.640,-0.491,14.00
34.73025,10.052,0.382,14.00
34.75006,10.052,0.382,14.00
34.76026,9.484,0.947,14.00
34.77055,8.931,1.472,14.50
34.78285,8.931,1.472,14.50
34.79307,8.425,2.006,14.50
34.80326,7.990,2.596,14.50
34.81345,7.990,2.596,15.00
34.82361,7.619,3.253,15.00
34.83411,7.619,3.253,15.00
34.84433,7.619,3.253,15.50
34.85456,7.265,3.936,15.50
34.86472,6.907,4.630,15.50
34.87642,6.907,4.630,16.00
34.88688,6.583,5.327,16.00
34.89703,6.583,5.327,16.00
34.90829,6.362,6.076,16.50
34.91863,6.362,6.692,16.50
34.92879,6.237,6.692,16.50
34.95721,6.151,6.692,17.00
34.96737,6.054,7.807,17.00
34.98807,6.054,7.807,17.50
34.99842,5.930,8.326,17.50
35.02015,5.817,8.865,18.00
35.03034,5.752,9.378,18.00
35.05269,5.726,9.936,18.50
35.06297,5.726,9.936,18.50
35.08607,5.710,10.587,19.00
35.09750,5.708,11.223,19.00
35.11898,5.728,12.632,19.50
35.12968,5.775,12.632,19.50
35.14911,5.775,13.404,19.50
35.15951,5.829,14.275,19.50
35.16967,5.906,14.275,19.50
35.18016,5.906,14.275,20.00
35.19143,5.989,15.170,20.00
35.20161,5.989,15.170,20.00
35.21308,6.089,16.144,20.00
35.22355,6.190,17.270,20.00
35.23382,6.190,17.270,20.00
35.26382,6.263,18.317,20.00
35.27400,6.333,19.441,20.00
35.29244,6.333,19.441,20.50
35.30262,6.391,20.578,20.50
35.32458,6.418,22.984,20.50
35.33495,6.432,22.984,20.50
35.35604,6.431,24.201,20.50
35.36644,6.426,25.444,20.50
35.38967,6.390,26.805,20.50
35.39983,6.314,28.009,20.50
35.41985,6.314,28.009,20.50
35.43005,6.245,29.138,20.50
35.44019,6.171,30.257,20.50
35.45541,6.171,30.257,21.00
35.46558,6.081,31.350,21.00
35.47633,6.081,31.350,21.00
35.48650,5.968,31.350,21.00
35.49668,5.968,32.464,21.00
35.50717,5.841,33.641,21.00
35.51905,5.841,33.641,21.00
35.52921,5.728,34.746,21.00
35.53940,5.630,35.952,21.00
35.54988,5.630,35.952,21.00
35.56113,5.630,35.952,21.00
35.57159,5.545,36.899,21.00
35.59658,5.545,37.737,21.00
35.60677,5.339,38.571,21.00
35.62922,5.232,38.571,21.00
35.63962,5.127,40.045,21.00
35.66038,5.127,40.045,21.00
35.67058,5.038,40.045,21.00
35.69277,4.956,41.255,21.00
35.70297,4.956,41.837,21.00
35.71314,4.891,41.837,21.00
35.72521,4.891,42.273,21.00
35.73555,4.738,42.726,21.00
35.74599,4.738,42.726,21.00
35.75674,4.680,43.059,21.00
35.76693,4.680,43.059,21.00
35.77707,4.680,43.059,21.00
35.78846,4.643,43.267,21.00
35.80157,4.616,43.505,21.00
35.81184,4.616,43.505,21.00
35.82210,4.583,43.778,21.00
35.83424,4.583,43.778,21.00
35.84438,4.559,44.101,21.00
35.86829,4.554,44.101,21.00
35.87862,4.562,44.490,21.00
35.90155,4.562,45.063,21.00
35.91193,4.568,45.063,21.00
35.92216,4.574,45.063,21.00
35.93275,4.574,45.377,21.00
35.94291,4.584,45.792,21.00
35.95307,4.584,45.792,21.00
35.96326,4.606,46.238,0.00
35.97349,4.606,46.238,0.00
35.98386,4.613,46.683,0.00
35.99505,4.613,46.683,0.00
36.00545,4.630,47.108,0.00
36.01676,4.630,47.108,0.00
36.02691,4.631,47.514,0.00
36.03779,4.631,47.514,0.00
36.04798,4.616,48.062,0.00
36.05815,4.574,48.062,0.00
36.06832,4.574,48.532,0.00
36.07881,4.531,48.532,0.00
36.08899,4.531,48.972,0.00
36.10069,4.478,48.972,0.00
36.11085,4.478,49.422,0.00
36.12111,4.478,49.422,0.00
36.13127,4.400,49.865,0.00
36.14257,4.400,49.865,0.00
36.15273,4.311,50.391,0.00
36.16302,4.311,50.844,0.00
36.17409,4.216,50.844,0.00
36.18425,4.131,51.387,0.00
36.19442,4.131,51.387,0.00
36.20458,4.042,51.854,0.00
36.21475,4.042,51.854,0.00
36.22492,3.941,52.212,0.00
36.23524,3.941,52.212,0.00
36.24539,3.823,52.586,0.00
36.25575,3.823,52.586,0.00
36.26591,3.681,52.890,0.00
36.27633,3.681,52.890,0.00
36.28649,3.512,53.264,0.00
36.29668,3.512,53.264,0.00
36.30684,3.355,53.481,0.00
36.31719,3.239,53.671,0.00
36.32750,3.239,53.671,0.00
36.33781,3.239,53.671,0.00
36.34811,3.147,53.820,0.00
36.35841,3.035,53.938,0.00
36.36872,3.035,53.938,0.00
36.37912,3.035,53.938,0.00
36.38948,2.914,54.002,0.00
36.39978,2.834,53.976,0.00
36.41039,2.834,53.976,0.00
36.42055,2.772,53.940,0.00
36.43081,2.772,53.940,0.00
36.44146,2.716,53.776,0.00
36.45161,2.716,53.776,0.00
36.46181,2.605,53.621,0.00
36.47197,2.605,53.621,0.00
36.48213,2.471,53.240,0.00
36.49230,2.471,53.240,0.00
36.50245,2.385,52.708,0.00
36.51260,2.385,52.708,0.00
36.52304,2.327,51.860,0.00
36.53320,2.327,51.860,0.00
36.54338,2.307,51.022,0.00
36.55357,2.307,51.022,0.00
36.56373,2.284,50.186,0.00
36.57390,2.284,50.186,0.00
36.58406,2.186,49.258,0.00
36.59421,2.186,49.258,0.00
36.60441,2.080,48.165,0.00
36.61457,2.080,48.165,0.00
36.62472,1.958,48.165,0.00
36.63487,1.958,47.012,0.00
36.64509,1.834,45.734,0.00
36.65533,1.834,45.734,0.00
36.66565,1.748,44.377,0.00
36.67612,1.748,44.377,0.00
36.68648,1.703,42.716,0.00
36.69681,1.653,42.716,0.00
36.70716,1.653,41.083,0.00
36.71767,1.653,41.083,0.00
36.72785,1.594,39.368,0.00
36.73864,1.545,37.737,0.00
36.74912,1.545,37.737,0.00
36.75939,1.491,37.737,0.00
36.76954,1.491,36.064,0.00
36.77976,1.429,36.064,0.00
36.79008,1.429,34.301,0.00
36.80042,1.355,32.467,0.00
36.81059,1.355,32.467,0.00
36.82096,1.355,32.467,0.00
36.83112,1.273,30.583,0.00
36.84128,1.273,30.583,0.00
36.85143,1.181,28.425,0.00
36.86158,1.054,26.332,0.00
36.87196,1.054,26.332,0.00
36.88247,0.901,24.160,0.00
36.89310,0.901,24.160,0.00
36.90327,0.791,21.956,0.00
36.91354,0.791,21.956,0.00
36.92397,0.737,19.998,0.00
36.93414,0.737,19.998,0.00
36.94430,0.703,18.070,0.00
36.95446,0.703,18.070,0.00
36.96462,0.680,16.187,0.00
36.98804,0.680,14.366,0.00
36.99860,0.665,12.309,0.00
37.00929,0.651,12.309,0.00
37.02060,0.626,10.528,0.00
37.03680,0.626,10.528,0.00
37.05371,0.581,10.528,0.00
37.06584,0.546,8.850,0.00
37.07641,0.546,7.197,0.00
37.08657,0.546,7.197,0.00
37.11859,0.527,5.605,0.00
37.13303,0.513,2.846,0.00
37.14504,0.513,1.910,0.00
37.16095,0.444,1.910,0.00
37.17755,0.444,1.106,0.00
37.19334,0.407,0.570,0.00
37.20471,0.358,0.570,0.00
37.21718,0.358,0.213,0.00
37.23264,0.310,-0.006,0.00
37.24431,0.267,-0.148,0.00
37.25459,0.267,-0.148,0.00
37.26509,0.267,-0.148,0.00
37.28466,0.203,-0.758,0.00
37.30846,0.146,-1.027,0.00
37.32087,0.146,-1.027,0.00
37.34425,0.070,-1.129,0.00
37.35995,-0.018,-1.128,0.00
37.37579,-0.198,-1.128,0.00
37.38596,-0.198,-1.084,0.00
37.40194,-0.270,-0.960,0.00
37.41214,-0.270,-0.960,0.00
37.42252,-0.331,-0.960,0.00
37.43291,-0.331,-0.779,0.00
37.44902,-0.375,-0.569,0.00
37.45954,-0.402,-0.323,0.00
37.46973,-0.402,-0.323,0.00
37.48009,-0.402,-0.323,0.00
37.49050,-0.402,-0.037,0.00
37.50113,-0.415,-0.037,0.00
37.51153,-0.415,0.296,0.00
37.52194,-0.417,0.296,0.00
37.53232,-0.417,0.567,0.00
37.54274,-0.407,0.567,0.00
37.55312,-0.407,0.790,0.00
37.56352,-0.401,0.790,0.00
37.57413,-0.401,0.966,0.00
37.58452,-0.415,0.966,0.00
37.59683,-0.415,1.100,0.00
37.60730,-0.438,1.200,0.00
37.61792,-0.438,1.200,0.00
37.62815,-0.459,1.261,0.00
37.63931,-0.472,1.283,0.00
37.65613,-0.472,1.283,0.00
37.66633,-0.472,1.258,0.00
37.67671,-0.490,1.258,0.00
37.68733,-0.490,1.209,0.00
37.69775,-0.503,1.209,0.00
37.70849,-0.508,1.143,0.00
37.72028,-0.509,1.061,0.00
37.73080,-0.509,1.061,0.00
37.74100,-0.509,0.955,0.00
37.75161,-0.496,0.955,0.00
37.76187,-0.496,0.955,0.00
37.77224,-0.472,0.955,0.00
37.78263,-0.472,0.684,0.00
37.79304,-0.442,0.684,0.00
37.80336,-0.442,0.684,0.00
37.81428,-0.406,0.544,0.00
37.82471,-0.406,0.397,0.00
37.83531,-0.371,0.397,0.00
37.84574,-0.371,0.278,0.00
37.85618,-0.343,0.278,0.00
37.86660,-0.343,0.278,0.00
37.87710,-0.315,0.278,0.00
37.88722,-0.315,0.174,0.00
37.89813,-0.287,0.064,0.00
37.90856,-0.257,0.064,0.00
37.91906,-0.257,0.064,0.00
37.92947,-0.232,0.064,0.00
37.93987,-0.232,0.042,0.00
37.95028,-0.216,0.042,0.00
37.96076,-0.216,0.007,0.00
38.01851,-0.159,-0.046,0.00
38.02916,-0.117,-0.037,0.00
38.08139,-0.018,0.057,0.00
38.09157,-0.018,0.057,0.00
38.10175,0.298,-0.511,0.00
38.11191,0.315,-0.464,0.00
38.12211,0.315,-0.400,0.00
38.13227,0.320,-0.400,0.00
38.14243,0.316,-0.313,0.00
38.15303,0.316,-0.313,0.00
38.16318,0.306,-0.234,0.00
38.17334,0.306,-0.234,0.00
38.18363,0.294,-0.156,0.00
38.19379,0.294,-0.156,0.00
38.20439,0.281,-0.078,0.00
38.21518,0.281,-0.078,0.00
38.22533,0.273,-0.003,0.00
38.23608,0.273,-0.003,0.00
38.24623,0.271,0.066,0.00
38.25654,0.271,0.066,0.00
38.26679,0.261,0.132,0.00
38.27783,0.261,0.132,0.00
38.28812,0.254,0.191,0.00
38.29853,0.254,0.191,0.00
38.30880,0.247,0.239,0.00
38.31937,0.247,0.239,0.00
38.32953,0.240,0.258,0.00
38.34013,0.241,0.256,0.00
38.35093,0.241,0.256,0.00
38.36109,0.241,0.256,0.00
38.37126,0.241,0.240,0.00
38.38153,0.241,0.212,0.00
38.39168,0.234,0.212,0.00
38.40184,0.226,0.174,0.00
38.41198,0.226,0.174,0.00
38.42237,0.226,0.124,0.00
38.43253,0.225,0.124,0.00
38.44278,0.225,0.066,0.00
38.45294,0.225,0.066,0.00
38.46310,0.225,-0.007,0.00
38.47325,0.225,-0.007,0.00
38.48342,0.223,-0.074,0.00
38.49358,0.223,-0.074,0.00
38.50373,0.224,-0.134,0.00
38.51398,0.224,-0.134,0.00
38.52415,0.231,-0.184,0.00
38.53441,0.231,-0.184,0.00
38.54457,0.242,-0.222,0.00
38.55564,0.242,-0.222,0.00
38.56581,0.248,-0.252,0.00
38.57599,0.248,-0.252,0.00
38.58634,0.252,-0.273,0.00
38.59661,0.252,-0.273,0.00
38.60701,0.253,-0.288,0.00
38.61716,0.250,-0.288,0.00
38.62732,0.250,-0.292,0.00
38.63760,0.250,-0.292,0.00
38.64829,0.246,-0.285,0.00
38.65864,0.246,-0.269,0.00
38.66899,0.243,-0.269,0.00
38.67914,0.243,-0.269,0.00
38.68988,0.240,-0.249,0.00
38.70011,0.240,-0.249,0.00
38.71030,0.240,-0.228,0.00
38.72046,0.244,-0.208,0.00
38.73063,0.244,-0.208,0.00
38.74111,0.248,-0.192,0.00
38.75125,0.248,-0.192,0.00
38.76140,0.254,-0.175,0.00
38.77156,0.254,-0.175,0.00
38.78172,0.258,-0.163,0.00
38.79208,0.258,-0.163,0.00
38.80224,0.258,-0.156,0.00
38.81262,0.245,-0.156,0.00
38.82279,0.233,-0.150,0.00
38.83306,0.233,-0.150,0.00
38.84366,0.233,-0.150,0.00
38.85396,0.229,-0.142,0.00
38.86415,0.234,-0.135,0.00
38.87443,0.234,-0.135,0.00
38.88464,0.246,-0.134,0.00
38.89510,0.246,-0.134,0.00
38.90525,0.257,-0.137,0.00
38.91542,0.257,-0.137,0.00
38.92557,0.258,-0.143,0.00
38.93662,0.258,-0.143,0.00
38.94702,0.260,-0.153,0.00
38.95721,0.260,-0.153,0.00
38.96788,0.265,-0.171,0.00
38.97810,0.271,-0.193,0.00
38.98825,0.271,-0.193,0.00
38.99841,0.271,-0.219,0.00
39.00858,0.275,-0.219,0.00
39.01888,0.275,-0.245,0.00
39.02910,0.280,-0.245,0.00
39.03926,0.290,-0.264,0.00
39.04942,0.290,-0.264,0.00
39.06023,0.290,-0.281,0.00
39.07039,0.308,-0.281,0.00
39.08055,0.330,-0.304,0.00
39.09096,0.330,-0.304,0.00
39.10188,0.352,-0.330,0.00
39.11204,0.352,-0.330,0.00
39.12224,0.370,-0.352,0.00
39.13279,0.370,-0.352,0.00
39.14296,0.387,-0.375,0.00
39.15309,0.387,-0.375,0.00
39.16341,0.406,-0.411,0.00
39.17377,0.406,-0.411,0.00
39.18394,0.416,-0.456,0.00
39.19443,0.416,-0.456,0.00
39.20460,0.420,-0.497,0.00
39.21496,0.420,-0.497,0.00
39.22523,0.410,-0.534,0.00
39.23539,0.410,-0.534,0.00
39.24570,0.391,-0.580,0.00
39.25611,0.391,-0.580,0.00
39.26633,0.370,-0.644,0.00
39.27652,0.370,-0.644,0.00
39.28678,0.354,-0.725,0.00
39.29694,0.354,-0.725,0.00
39.30712,0.341,-0.793,0.00
39.31728,0.329,-0.793,0.00
39.32744,0.329,-0.857,0.00
39.33762,0.329,-0.918,0.00
39.34807,0.316,-0.918,0.00
39.35830,0.316,-0.918,0.00
39.36856,0.305,-0.967,0.00
39.37902,0.305,-0.967,0.00
39.38927,0.295,-1.004,0.00
39.39956,0.295,-1.004,0.00
39.40980,0.292,-1.039,0.00
39.42000,0.292,-1.079,0.00
39.43031,0.292,-1.079,0.00
39.44062,0.304,-1.130,0.00
39.45101,0.304,-1.130,0.00
39.46136,0.322,-1.173,0.00
39.47167,0.322,-1.173,0.00
39.48239,0.348,-1.212,0.00
39.49279,0.348,-1.212,0.00
39.50308,0.348,-1.242,0.00
39.51392,0.387,-1.242,0.00
39.52409,0.420,-1.269,0.00
39.53429,0.420,-1.269,0.00
39.54445,0.463,-1.292,0.00
39.55478,0.463,-1.292,0.00
39.56483,0.522,-1.312,0.00
39.57539,0.522,-1.312,0.00
39.58554,0.586,-1.327,0.00
39.59570,0.586,-1.327,0.00
39.60647,0.647,-1.340,0.00
39.61683,0.767,-1.340,0.00
39.62715,0.767,-1.347,0.00
39.63842,0.767,-1.355,0.00
39.64859,0.983,-1.355,0.00
39.65885,1.229,-1.355,0.00
39.66902,1.229,-1.363,0.00
39.67923,1.439,-1.363,0.00
39.68933,1.439,-1.368,0.00
39.69949,1.597,-1.368,0.00
39.70964,1.597,-1.369,0.00
39.72037,1.725,-1.363,0.00
39.73053,1.725,-1.363,0.00
39.74072,1.846,-1.354,0.00
39.75089,1.846,-1.354,0.00
39.76104,2.013,-1.343,0.00
39.77191,2.013,-1.343,0.00
39.78217,2.211,-1.334,0.00
39.79233,2.211,-1.334,0.00
39.80249,2.424,-1.323,0.00
39.81263,2.424,-1.323,0.00
39.82279,2.644,-1.310,0.00
39.83294,2.644,-1.310,0.00
39.84310,2.892,-1.299,0.00
39.85324,2.892,-1.299,0.00
39.86339,3.208,-1.286,0.00
39.87352,3.208,-1.286,0.00
39.88367,3.579,-1.270,0.00
39.89397,3.579,-1.270,0.00
39.90402,3.957,-1.252,0.00
39.91427,3.957,-1.252,0.00
39.92451,4.335,-1.233,0.00
39.93481,4.335,-1.233,0.00
39.94510,4.722,-1.215,0.00
39.95570,4.722,-1.215,0.00
39.96586,5.137,-1.195,0.00
39.97604,5.137,-1.195,0.00
39.98619,5.579,-1.177,0.00
39.99644,5.579,-1.177,0.00
40.00651,6.033,-1.163,0.00
40.01673,6.033,-1.163,0.00
40.02687,6.504,-1.159,0.00
40.03709,6.504,-1.159,0.00
40.04758,6.981,-1.161,0.00
40.05773,7.487,-1.168,0.00
40.06789,7.487,-1.168,0.00
40.07839,8.017,-1.175,0.00
40.08862,8.017,-1.175,0.00
40.09881,8.017,-1.175,0.00
40.10897,8.555,-1.175,0.00
40.11934,9.109,-1.173,0.00
40.12970,9.109,-1.173,0.00
40.13990,9.109,-1.173,0.00
40.15005,9.677,-1.173,0.00
40.16021,9.677,-1.173,0.00
40.17094,10.242,-1.178,0.00
40.18808,10.242,-1.178,0.00
40.19833,10.797,-1.179,0.00
40.22020,11.337,-1.172,12.00
40.23047,11.856,-1.172,12.00
40.25275,12.346,-1.166,12.00
40.26283,12.815,-1.162,12.00
40.28411,13.282,-1.162,12.00
40.29526,13.282,-1.161,12.00
40.30572,13.725,-1.163,12.00
40.31663,13.725,-1.163,12.00
40.32685,13.725,-1.165,12.00
40.33823,14.140,-1.163,12.00
40.34866,14.534,-1.163,12.00
40.35913,14.863,-1.163,12.00
40.36929,14.863,-1.156,12.00
40.38184,15.102,-1.149,12.50
40.39201,15.102,-1.149,12.50
40.40249,15.266,-1.141,12.50
40.41279,15.266,-1.141,12.50
40.42391,15.266,-1.141,12.50
40.43412,15.350,-1.131,12.50
40.45976,15.354,-1.120,12.50
40.47059,15.290,-1.107,12.50
40.49170,15.155,-1.107,12.50
40.50189,14.944,-1.077,12.50
40.52499,14.944,-1.041,13.00
40.53547,14.665,-1.041,13.00
40.55574,14.321,-0.989,13.00
40.56592,14.321,-0.989,13.00
40.57607,14.321,-0.989,13.00
40.58896,13.524,-0.989,13.00
40.60067,13.060,-0.474,13.00
40.61085,13.060,-0.018,13.00
40.62101,12.620,0.466,13.50
40.63117,12.620,0.466,13.50
40.64132,12.620,0.466,13.50
40.65219,12.620,0.466,14.00
40.66247,12.620,0.466,14.00
40.67291,12.050,0.957,14.00
40.68504,11.614,0.957,14.00
40.69571,11.104,2.005,14.00
40.70599,10.589,2.600,14.00
40.71665,10.589,2.600,14.50
40.72681,10.098,3.233,14.50
40.73700,9.625,3.233,14.50
40.76397,9.625,3.978,15.00
40.77429,9.213,4.606,15.00
40.79738,8.852,5.267,15.50
40.80757,8.540,5.906,15.50
40.82882,8.280,6.448,16.00
40.83901,8.280,6.448,16.00
40.86067,7.932,7.198,16.50
40.87098,7.932,7.198,16.50
40.88118,7.776,7.198,16.50
40.89585,7.776,7.391,17.00
40.90605,7.631,7.537,17.00
40.92414,7.631,7.675,17.50
40.93446,7.533,7.675,17.50
40.94479,7.458,7.909,17.50
40.95585,7.458,7.909,18.00
40.96602,7.407,8.220,18.00
40.97710,7.407,8.220,18.00
40.98836,7.369,8.608,18.50
40.99900,7.369,8.608,18.50
41.00916,7.344,9.044,18.50
41.03771,7.344,9.501,19.00
41.04826,7.330,10.062,19.00
41.06840,7.330,10.062,19.50
41.07858,7.336,10.740,19.50
41.10042,7.380,11.351,19.50
41.11114,7.380,12.084,19.50
41.12163,7.435,12.935,19.50
41.13180,7.435,12.935,20.00
41.14220,7.435,12.935,20.00
41.15252,7.479,14.004,20.00
41.16492,7.479,15.182,20.00
41.17812,7.494,15.182,20.00
41.18828,7.486,16.467,20.00
41.19844,7.486,16.467,20.00
41.20860,7.470,17.805,20.00
41.21928,7.446,19.365,20.00
41.22963,7.446,19.365,20.50
41.24011,7.446,19.365,20.50
41.25102,7.423,20.835,20.50
41.27742,7.395,22.307,20.50
41.28774,7.375,23.807,20.50
41.30844,7.354,25.301,20.50
41.31892,7.354,25.301,20.50
41.34062,7.231,28.206,20.50
41.35080,7.231,28.206,20.50
41.36257,7.151,29.607,20.50
41.37308,7.151,29.607,21.00
41.38352,7.046,30.992,21.00
41.39386,7.046,30.992,21.00
41.40756,7.046,32.473,21.00
41.41774,6.928,32.473,21.00
41.42796,6.780,33.656,21.00
41.43813,6.625,34.712,21.00
41.44852,6.625,34.712,21.00
41.45875,6.476,35.754,21.00
41.46967,6.476,35.754,21.00
41.47988,6.476,35.754,21.00
41.49004,6.348,36.829,21.00
41.51922,6.226,38.976,21.00
41.52941,6.099,38.976,21.00
41.54872,5.976,39.901,21.00
41.55906,5.976,39.901,21.00
41.58107,5.825,40.781,21.00
41.59139,5.658,41.473,21.00
41.61180,5.489,42.141,21.00
41.62197,5.489,42.141,21.00
41.64412,5.336,43.407,21.00
41.65454,5.206,43.407,21.00
41.66469,5.084,44.022,21.00
41.67599,5.084,44.022,21.00
41.68629,4.981,44.684,21.00
41.69644,4.981,44.684,21.00
41.70909,4.887,45.353,21.00
41.71938,4.792,46.120,21.00
41.72967,4.792,46.120,21.00
41.74106,4.691,46.120,21.00
41.75103,4.691,46.717,21.00
41.76119,4.691,46.717,21.00
41.77274,4.572,47.298,21.00
41.78324,4.463,48.002,21.00
41.79341,4.463,48.002,21.00
41.82226,4.270,48.675,21.00
41.83249,4.270,49.400,21.00
41.85170,4.270,49.400,21.00
41.86189,4.181,50.594,21.00
41.88378,4.181,50.594,21.00
41.89566,4.148,51.299,21.00
41.90602,4.117,51.840,0.00
41.91643,4.117,51.840,0.00
41.92654,4.108,52.443,0.00
41.93666,4.108,52.443,0.00
41.94681,4.108,52.443,0.00
41.95700,4.097,52.987,0.00
41.96715,4.089,53.568,0.00
41.97732,4.089,53.568,0.00
41.98748,4.089,53.568,0.00
41.99764,4.089,54.154,0.00
42.00780,4.029,54.703,0.00
42.01796,4.029,54.703,0.00
42.02812,4.011,55.250,0.00
42.03829,4.011,55.250,0.00
42.04844,3.960,55.250,0.00
42.05861,3.960,55.872,0.00
42.06877,3.903,56.466,0.00
42.07899,3.869,56.466,0.00
42.08915,3.869,57.121,0.00
42.09938,3.866,57.121,0.00
42.10973,3.866,57.718,0.00
42.12005,3.877,58.360,0.00
42.13138,3.877,58.360,0.00
42.14154,3.877,58.360,0.00
42.15175,3.874,58.859,0.00
42.16190,3.874,58.859,0.00
42.17205,3.838,59.441,0.00
42.18222,3.838,59.987,0.00
42.19238,3.762,59.987,0.00
42.20253,3.654,60.634,0.00
42.21269,3.654,60.634,0.00
42.22285,3.532,61.125,0.00
42.23300,3.532,61.125,0.00
42.24316,3.413,61.586,0.00
42.25332,3.413,61.586,0.00
42.26348,3.313,61.915,0.00
42.27366,3.313,61.915,0.00
42.28405,3.239,62.262,0.00
42.29434,3.239,62.262,0.00
42.30451,3.187,62.618,0.00
42.31482,3.187,62.618,0.00
42.32493,3.187,62.618,0.00
42.33517,3.145,62.812,0.00
42.34534,3.112,62.950,0.00
42.35706,3.112,62.950,0.00
42.36728,3.074,62.926,0.00
42.37753,3.074,62.926,0.00
42.38770,3.028,62.826,0.00
42.39786,3.028,62.687,0.00
42.40802,2.982,62.687,0.00
42.41820,2.982,62.687,0.00
42.42851,2.956,62.442,0.00
42.43875,2.956,62.442,0.00
42.44883,2.958,62.088,0.00
42.45908,2.958,61.710,0.00
42.46932,2.966,61.710,0.00
42.47965,2.966,61.235,0.00
42.48998,2.966,61.235,0.00
42.50030,2.955,60.850,0.00
42.51047,2.955,60.850,0.00
42.52067,2.944,60.133,0.00
42.53124,2.944,60.133,0.00
42.54146,2.944,59.700,0.00
42.55157,2.946,59.700,0.00
42.56192,2.963,59.069,0.00
42.57229,2.963,59.069,0.00
42.58261,2.982,58.437,0.00
42.59297,2.982,58.437,0.00
42.60332,2.996,57.744,0.00
42.61375,2.996,57.744,0.00
42.62392,3.006,57.125,0.00
42.63430,3.006,57.125,0.00
42.64447,3.006,57.125,0.00
42.65484,3.006,56.523,0.00
42.66503,2.992,55.956,0.00
42.67518,2.992,55.956,0.00
42.68606,2.974,55.377,0.00
42.69622,2.974,55.377,0.00
42.70639,2.960,54.820,0.00
42.71656,2.960,54.820,0.00
42.72680,2.939,54.204,0.00
42.73706,2.939,54.204,0.00
42.74724,2.894,53.740,0.00
42.75740,2.894,53.740,0.00
42.76757,2.834,53.320,0.00
42.77784,2.834,53.320,0.00
42.78801,2.770,52.994,0.00
42.79826,2.770,52.994,0.00
42.80913,2.705,52.685,0.00
42.81937,2.642,52.355,0.00
42.82955,2.642,52.355,0.00
42.83972,2.642,52.045,0.00
42.84989,2.572,52.045,0.00
42.86017,2.495,51.695,0.00
42.87034,2.495,51.695,0.00
42.88077,2.495,51.305,0.00
42.89095,2.410,51.305,0.00
42.90111,2.340,50.846,0.00
42.91999,2.340,50.846,0.00
42.93878,2.340,50.846,0.00
42.96220,2.275,50.047,0.00
42.97578,2.255,49.686,0.00
42.99170,2.243,49.270,0.00
43.00299,2.243,49.270,0.00
43.01786,2.235,49.270,0.00
43.03417,2.237,48.305,0.00
43.04883,2.237,48.305,0.00
43.07148,2.206,47.279,0.00
43.08396,2.206,47.279,0.00
43.09640,2.177,46.764,0.00
43.11258,2.153,46.246,0.00
43.12402,2.144,45.700,0.00
43.14043,2.144,45.700,0.00
43.15076,2.123,45.101,0.00
43.16121,2.086,44.455,0.00
43.17144,2.086,44.455,0.00
43.18174,2.032,44.455,0.00
43.19226,2.032,43.758,0.00
43.20305,1.992,43.159,0.00
43.21325,1.992,43.159,0.00
43.22363,1.966,43.159,0.00
43.23957,1.930,41.828,0.00
43.25658,1.874,41.134,0.00
43.26715,1.874,41.134,0.00
43.27801,1.874,40.446,0.00
43.28842,1.815,40.446,0.00
43.29901,1.815,39.774,0.00
43.30936,1.773,39.774,0.00
43.32155,1.773,39.774,0.00
43.33746,1.707,38.049,0.00
43.34768,1.707,38.049,0.00
43.35785,1.707,38.049,0.00
43.37588,1.668,37.180,0.00
43.39207,1.623,36.337,0.00
43.40902,1.557,35.440,0.00
43.42097,1.557,34.411,0.00
43.43143,1.501,34.411,0.00
43.44340,1.501,33.329,0.00
43.45934,1.473,33.329,0.00
43.48153,1.469,31.199,0.00
43.50771,1.469,29.857,0.00
43.52044,1.399,29.857,0.00
43.53544,1.399,29.857,0.00
43.54720,1.363,27.359,0.00
43.56346,1.363,26.100,0.00
43.57442,1.363,26.100,0.00
43.58518,1.343,24.789,0.00
43.59604,1.343,24.789,0.00
43.61186,1.343,23.433,0.00
43.62234,1.329,21.997,0.00
43.63355,1.294,21.997,0.00
43.64924,1.256,20.481,0.00
43.66531,1.232,20.481,0.00
43.68196,1.232,17.298,0.00
43.70025,1.221,17.298,0.00
43.71970,1.221,14.715,0.00
43.73006,1.226,14.715,0.00
43.74785,1.237,13.595,0.00
43.77972,1.270,11.283,0.00
43.78990,1.270,11.283,0.00
43.80369,1.270,10.187,0.00
43.81437,1.277,10.187,0.00
43.82969,1.286,10.187,0.00
43.84983,1.291,8.210,0.00
43.86055,1.291,7.380,0.00
43.88301,1.291,6.590,0.00
43.89494,1.271,6.590,0.00
43.95713,1.270,4.918,0.00
44.02070,1.377,3.420,0.00
44.03114,-0.181,-32.019,0.00
44.04159,-0.197,-32.281,0.00
44.05180,-0.197,-32.281,0.00
44.06197,-0.217,-32.556,0.00
44.07216,-0.217,-32.556,0.00
44.08232,-0.239,-32.808,0.00
44.09250,-0.239,-32.808,0.00
44.10266,-0.269,-33.030,0.00
44.11282,-0.269,-33.030,0.00
44.12298,-0.309,-33.229,0.00
44.13314,-0.309,-33.229,0.00
44.14329,-0.347,-33.421,0.00
44.15345,-0.347,-33.421,0.00
44.16422,-0.387,-33.621,0.00
44.17438,-0.387,-33.621,0.00
44.18509,-0.425,-33.770,0.00
44.19579,-0.425,-33.770,0.00
44.20598,-0.463,-33.875,0.00
44.21617,-0.463,-33.875,0.00
44.22632,-0.515,-33.941,0.00
44.23662,-0.515,-33.941,0.00
44.24697,-0.576,-34.024,0.00
44.25759,-0.576,-34.024,0.00
44.26776,-0.639,-34.083,0.00
44.27795,-0.639,-34.139,0.00
44.28832,-0.699,-34.139,0.00
44.29851,-0.763,-34.139,0.00
44.30867,-0.763,-34.195,0.00
44.31895,-0.823,-34.195,0.00
44.32913,-0.823,-34.210,0.00
44.33935,-0.823,-34.210,0.00
44.34951,-0.877,-34.190,0.00
44.35970,-0.877,-34.190,0.00
44.36985,-0.951,-34.158,0.00
44.38001,-1.021,-34.129,0.00
44.39017,-1.021,-34.129,0.00
44.40032,-1.092,-34.129,0.00
44.41054,-1.092,-34.114,0.00
44.42071,-1.158,-34.113,0.00
44.43100,-1.158,-34.113,0.00
44.44205,-1.214,-34.122,0.00
44.45244,-1.214,-34.122,0.00
44.46259,-1.214,-34.145,0.00
44.47295,-1.259,-34.145,0.00
44.48325,-1.297,-34.177,0.00
44.49341,-1.297,-34.177,0.00
44.50360,-1.328,-34.201,0.00
44.51383,-1.328,-34.201,0.00
44.52399,-1.353,-34.201,0.00
44.53539,-1.353,-34.211,0.00
44.54556,-1.363,-34.207,0.00
44.55642,-1.363,-34.207,0.00
44.56700,-1.358,-34.199,0.00
44.57715,-1.358,-34.199,0.00
44.58741,-1.358,-34.199,0.00
44.59758,-1.343,-34.190,0.00
44.60775,-1.322,-34.177,0.00
44.61815,-1.322,-34.177,0.00
44.62831,-1.295,-34.160,0.00
44.63858,-1.295,-34.160,0.00
44.64883,-1.267,-34.142,0.00
44.65900,-1.245,-34.132,0.00
44.66916,-1.245,-34.132,0.00
44.67932,-1.245,-34.132,0.00
44.68949,-1.229,-34.131,0.00
44.69965,-1.214,-34.135,0.00
44.70988,-1.214,-34.135,0.00
44.72014,-1.205,-34.139,0.00
44.73030,-1.205,-34.139,0.00
44.74046,-1.191,-34.146,0.00
44.75065,-1.191,-34.146,0.00
44.76094,-1.170,-34.150,0.00
44.77127,-1.170,-34.150,0.00
44.78144,-1.170,-34.156,0.00
44.79160,-1.148,-34.156,0.00
44.80176,-1.137,-34.161,0.00
44.81192,-1.137,-34.161,0.00
44.82208,-1.130,-34.169,0.00
44.83223,-1.130,-34.169,0.00
44.84239,-1.121,-34.171,0.00
44.85255,-1.121,-34.171,0.00
44.86280,-1.107,-34.169,0.00
44.87305,-1.107,-34.169,0.00
44.88337,-1.090,-34.166,0.00
44.89357,-1.090,-34.166,0.00
44.90372,-1.090,-34.169,0.00
44.91392,-1.072,-34.169,0.00
44.92420,-1.054,-34.172,0.00
44.93444,-1.054,-34.172,0.00
44.94487,-1.039,-34.170,0.00
44.95503,-1.039,-34.170,0.00
44.96518,-1.032,-34.161,0.00
44.97534,-1.032,-34.161,0.00
44.98549,-1.036,-34.151,0.00
44.99578,-1.036,-34.151,0.00
45.00594,-1.048,-34.142,0.00
45.01625,-1.048,-34.142,0.00
45.02641,-1.069,-34.140,0.00
45.03795,-1.069,-34.140,0.00
45.04812,-1.094,-34.143,0.00
45.05832,-1.117,-34.151,0.00
45.06862,-1.117,-34.151,0.00
45.07908,-1.141,-34.151,0.00
45.08926,-1.141,-34.158,0.00
45.09948,-1.168,-34.158,0.00
45.10964,-1.168,-34.160,0.00
45.12008,-1.197,-34.157,0.00
45.13029,-1.197,-34.157,0.00
45.14052,-1.220,-34.153,0.00
45.15107,-1.220,-34.153,0.00
45.16127,-1.240,-34.148,0.00
45.17143,-1.240,-34.148,0.00
45.18215,-1.263,-34.142,0.00
45.19249,-1.263,-34.142,0.00
45.20265,-1.287,-34.134,0.00
45.21281,-1.287,-34.134,0.00
45.22308,-1.304,-34.126,0.00
45.23323,-1.304,-34.126,0.00
45.24347,-1.314,-34.117,0.00
45.25458,-1.314,-34.117,0.00
45.26484,-1.321,-34.111,0.00
45.27505,-1.321,-34.111,0.00
45.28521,-1.325,-34.108,0.00
45.29549,-1.325,-34.108,0.00
45.30564,-1.333,-34.110,0.00
45.31587,-1.333,-34.110,0.00
45.32625,-1.345,-34.119,0.00
45.33670,-1.345,-34.119,0.00
45.34687,-1.365,-34.133,0.00
45.35705,-1.365,-34.133,0.00
45.36721,-1.385,-34.144,0.00
45.37738,-1.385,-34.153,0.00
45.38764,-1.399,-34.153,0.00
45.39796,-1.408,-34.159,0.00
45.40828,-1.408,-34.159,0.00
45.41885,-1.408,-34.165,0.00
45.42914,-1.411,-34.165,0.00
45.43951,-1.407,-34.167,0.00
45.44987,-1.407,-34.167,0.00
45.46017,-1.407,-34.167,0.00
45.47033,-1.408,-34.162,0.00
45.48049,-1.414,-34.156,0.00
45.49064,-1.414,-34.156,0.00
45.50080,-1.428,-34.156,0.00
45.51095,-1.428,-34.154,0.00
45.52227,-1.444,-34.150,0.00
45.53243,-1.444,-34.150,0.00
45.54359,-1.444,-34.150,0.00
45.55373,-1.453,-34.145,0.00
45.56389,-1.460,-34.137,0.00
45.57410,-1.460,-34.137,0.00
45.58426,-1.475,-34.125,0.00
45.59548,-1.475,-34.125,0.00
45.60564,-1.490,-34.106,0.00
45.61691,-1.490,-34.106,0.00
45.62699,-1.503,-34.081,0.00
45.63715,-1.503,-34.081,0.00
45.64731,-1.506,-34.081,0.00
45.65760,-1.506,-34.057,0.00
45.66774,-1.498,-34.032,0.00
45.67789,-1.498,-34.032,0.00
45.68818,-1.498,-34.032,0.00
45.69851,-1.487,-34.007,0.00
45.70867,-1.475,-33.989,0.00
45.71900,-1.475,-33.989,0.00
45.72941,-1.464,-33.976,0.00
45.73957,-1.460,-33.966,0.00
45.74977,-1.460,-33.966,0.00
45.76027,-1.453,-33.957,0.00
45.77044,-1.453,-33.957,0.00
45.78060,-1.441,-33.952,0.00
45.79085,-1.441,-33.952,0.00
45.80117,-1.418,-33.948,0.00
45.81149,-1.418,-33.948,0.00
45.82182,-1.397,-33.941,0.00
45.83214,-1.397,-33.941,0.00
45.84250,-1.387,-33.931,0.00
45.85266,-1.387,-33.931,0.00
45.86283,-1.381,-33.916,0.00
45.87300,-1.381,-33.916,0.00
45.88316,-1.382,-33.897,0.00
45.89334,-1.382,-33.897,0.00
45.90350,-1.391,-33.876,0.00
45.91366,-1.391,-33.876,0.00
45.92384,-1.395,-33.859,0.00
45.93416,-1.395,-33.859,0.00
45.94422,-1.394,-33.843,0.00
45.95447,-1.394,-33.843,0.00
45.96487,-1.397,-33.829,0.00
45.97519,-1.397,-33.829,0.00
45.98541,-1.403,-33.815,0.00
45.99557,-1.403,-33.804,0.00
46.00575,-1.409,-33.804,0.00
46.01599,-1.409,-33.804,0.00
46.02621,-1.421,-33.795,0.00
46.03660,-1.421,-33.795,0.00
46.04688,-1.429,-33.789,0.00
46.05704,-1.429,-33.789,0.00
46.06720,-1.444,-33.784,0.00
46.07740,-1.444,-33.784,0.00
46.08755,-1.449,-33.789,0.00
46.09776,-1.449,-33.809,0.00
46.10791,-1.451,-33.809,0.00
46.11811,-1.451,-33.835,0.00
46.12851,-1.449,-33.835,0.00
46.13866,-1.456,-33.860,0.00
46.14887,-1.456,-33.860,0.00
46.15955,-1.462,-33.887,0.00
46.16972,-1.462,-33.887,0.00
46.17987,-1.466,-33.914,0.00
46.19003,-1.466,-33.914,0.00
46.20021,-1.464,-33.934,0.00
46.21036,-1.464,-33.934,0.00
46.22051,-1.470,-33.948,0.00
46.23083,-1.470,-33.948,0.00
46.24099,-1.474,-33.962,0.00
46.25130,-1.474,-33.962,0.00
46.26176,-1.477,-33.980,0.00
46.27218,-1.477,-33.980,0.00
46.28254,-1.477,-33.994,0.00
46.29281,-1.477,-33.994,0.00
46.30315,-1.477,-34.005,0.00
46.31357,-1.477,-34.005,0.00
46.32374,-1.474,-34.018,0.00
46.33423,-1.474,-34.018,0.00
46.34539,-1.469,-34.032,0.00
46.35555,-1.469,-34.032,0.00
46.36571,-1.469,-34.048,0.00
46.37588,-1.465,-34.048,0.00
46.38603,-1.471,-34.062,0.00
46.39652,-1.471,-34.062,0.00
46.40711,-1.459,-34.075,0.00
46.41782,-1.426,-34.082,0.00
46.42798,-1.426,-34.082,0.00
46.43823,-1.385,-34.082,0.00
46.44845,-1.385,-34.084,0.00
46.45862,-1.343,-34.084,0.00
46.46883,-1.343,-34.085,0.00
46.47899,-1.305,-34.085,0.00
46.48915,-1.305,-34.087,0.00
46.49933,-1.267,-34.088,0.00
46.50949,-1.267,-34.088,0.00
46.51980,-1.267,-34.088,0.00
46.53027,-1.237,-34.084,0.00
46.54057,-1.237,-34.084,0.00
46.55074,-1.237,-34.079,0.00
46.56158,-1.243,-34.072,0.00
46.57174,-1.243,-34.072,0.00
46.58228,-1.241,-34.067,0.00
46.59253,-1.241,-34.067,0.00
46.60279,-1.234,-34.061,0.00
46.61305,-1.234,-34.061,0.00
46.62330,-1.225,-34.055,0.00
46.63357,-1.225,-34.055,0.00
46.64379,-1.223,-34.053,0.00
46.65446,-1.223,-34.053,0.00
46.66518,-1.231,-34.060,0.00
46.67592,-1.231,-34.060,0.00
46.68613,-1.251,-34.075,0.00
46.69626,-1.251,-34.075,0.00
46.70642,-1.283,-34.092,0.00
46.71671,-1.283,-34.092,0.00
46.72688,-1.318,-34.108,0.00
46.73720,-1.359,-34.127,0.00
46.74780,-1.359,-34.127,0.00
46.75796,-1.394,-34.149,0.00
46.76812,-1.394,-34.149,0.00
46.77927,-1.394,-34.149,0.00
46.78943,-1.413,-34.164,0.00
46.80048,-1.422,-34.174,0.00
46.81064,-1.422,-34.174,0.00
46.82080,-1.426,-34.183,0.00
46.83095,-1.426,-34.183,0.00
46.84143,-1.432,-34.184,0.00
46.85158,-1.432,-34.184,0.00
46.86174,-1.435,-34.184,0.00
46.87228,-1.435,-34.177,0.00
46.88242,-1.436,-34.171,0.00
46.89258,-1.436,-34.171,0.00
46.90279,-1.435,-34.171,0.00
46.91299,-1.435,-34.171,0.00
46.92361,-1.434,-34.167,0.00
46.93376,-1.434,-34.167,0.00
46.94392,-1.428,-34.162,0.00
46.95574,-1.428,-34.162,0.00
46.96606,-1.414,-34.155,0.00
46.97631,-1.404,-34.155,0.00
46.98655,-1.404,-34.145,0.00
46.99672,-1.404,-34.145,0.00
47.00700,-1.404,-34.134,0.00
47.01738,-1.406,-34.134,0.00
47.02751,-1.406,-34.127,0.00
47.03829,-1.407,-34.127,0.00
47.04858,-1.407,-34.129,0.00
47.06177,-1.402,-34.134,0.00
47.07210,-1.402,-34.134,0.00
47.08301,-1.397,-34.146,0.00
47.09321,-1.397,-34.146,0.00
47.10337,-1.395,-34.165,0.00
47.11399,-1.395,-34.165,0.00
47.12426,-1.392,-34.189,0.00
47.13455,-1.392,-34.189,0.00
47.14471,-1.387,-34.189,0.00
47.15485,-1.387,-34.217,0.00
47.16501,-1.381,-34.243,0.00
47.17516,-1.381,-34.243,0.00
47.18532,-1.378,-34.265,0.00
47.19549,-1.378,-34.265,0.00
47.20575,-1.371,-34.278,0.00
47.21599,-1.371,-34.278,0.00
47.22617,-1.361,-34.284,0.00
47.23633,-1.352,-34.284,0.00
47.24649,-1.352,-34.293,0.00
47.25668,-1.352,-34.293,0.00
47.26702,-1.348,-34.301,0.00
47.27736,-1.341,-34.308,0.00
47.28772,-1.341,-34.308,0.00
47.29814,-1.321,-34.315,0.00
47.30846,-1.321,-34.315,0.00
47.31861,-1.301,-34.321,0.00
47.32891,-1.301,-34.321,0.00
47.33924,-1.283,-34.329,0.00
47.34940,-1.283,-34.329,0.00
47.35973,-1.271,-34.340,0.00
47.36990,-1.271,-34.340,0.00
47.38041,-1.271,-34.354,0.00
47.39077,-1.266,-34.354,0.00
47.40104,-1.270,-34.372,0.00
47.41141,-1.270,-34.372,0.00
47.42170,-1.275,-34.395,0.00
47.43199,-1.275,-34.395,0.00
47.44216,-1.276,-34.424,0.00
47.45237,-1.276,-34.424,0.00
47.46255,-1.286,-34.458,0.00
47.47276,-1.286,-34.458,0.00
47.48292,-1.301,-34.491,0.00
47.49307,-1.301,-34.491,0.00
47.50380,-1.307,-34.526,0.00
47.51429,-1.307,-34.526,0.00
47.52457,-1.302,-34.564,0.00
47.53520,-1.302,-34.564,0.00
47.54540,-1.288,-34.602,0.00
47.55561,-1.288,-34.602,0.00
47.56597,-1.266,-34.652,0.00
47.57612,-1.266,-34.652,0.00
47.58697,-1.225,-34.699,0.00
47.59726,-1.225,-34.699,0.00
47.60764,-1.167,-34.745,0.00
47.61784,-1.167,-34.745,0.00
47.62808,-1.121,-34.783,0.00
47.63837,-1.096,-34.783,0.00
47.64852,-1.096,-34.817,0.00
47.65888,-1.072,-34.817,0.00
47.66903,-1.072,-34.847,0.00
47.67918,-1.043,-34.847,0.00
47.68933,-1.043,-34.872,0.00
47.69962,-1.016,-34.899,0.00
47.70979,-1.016,-34.899,0.00
47.72017,-1.016,-34.928,0.00
47.73033,-0.997,-34.928,0.00
47.74049,-0.980,-34.952,0.00
47.75087,-0.980,-34.952,0.00
47.76130,-0.972,-34.971,0.00
47.77147,-0.972,-34.971,0.00
47.78163,-0.955,-34.989,0.00
47.79190,-0.955,-34.989,0.00
47.80206,-0.922,-35.005,0.00
47.81222,-0.922,-35.005,0.00
47.82298,-0.895,-35.012,0.00
47.83495,-0.895,-35.012,0.00
47.84511,-0.869,-35.018,0.00
47.85573,-0.869,-35.018,0.00
47.86588,-0.856,-35.024,0.00
47.87618,-0.856,-35.024,0.00
47.88635,-0.851,-35.035,0.00
47.89652,-0.851,-35.035,0.00
47.90676,-0.835,-35.048,0.00
47.91695,-0.835,-35.065,0.00
47.92743,-0.795,-35.065,0.00
47.93834,-0.795,-35.087,0.00
47.94884,-0.754,-35.087,0.00
47.95947,-0.685,-35.115,0.00
47.96984,-0.685,-35.115,0.00
47.97999,-0.599,-35.149,0.00
47.99014,-0.599,-35.149,0.00
48.00041,-0.599,-35.149,0.00
48.01058,-0.487,-35.185,0.00
48.02105,-0.394,-35.213,0.00
48.03138,-0.394,-35.213,0.00
48.04153,-0.308,-35.237,0.00
48.05179,-0.308,-35.237,0.00
48.06195,-0.235,-35.270,0.00
48.07211,-0.235,-35.270,0.00
48.08461,-0.172,-35.305,0.00
48.09493,-0.172,-35.305,0.00
48.10509,-0.086,-35.305,0.00
48.11527,-0.086,-35.337,0.00
48.12545,0.018,-35.364,0.00
48.13560,0.018,-35.364,0.00
48.14576,0.137,-35.390,0.00
48.15597,0.137,-35.390,0.00
48.16613,0.264,-35.422,0.00
48.17652,0.264,-35.422,0.00
48.18726,0.401,-35.452,0.00
48.19742,0.568,-35.452,0.00
48.20762,0.568,-35.477,0.00
48.21778,0.755,-35.477,0.00
48.22794,0.755,-35.492,0.00
48.23843,0.973,-35.502,0.00
48.24860,0.973,-35.502,0.00
48.25906,1.191,-35.505,0.00
48.26940,1.191,-35.505,0.00
48.28014,1.191,-35.505,0.00
48.29030,1.415,-35.502,0.00
48.30061,1.653,-35.494,0.00
48.31111,1.653,-35.494,0.00
48.32132,1.933,-35.482,0.00
48.33164,1.933,-35.482,0.00
48.34233,1.933,-35.482,0.00
48.35273,1.933,-35.468,0.00
48.36290,2.254,-35.468,0.00
48.37315,2.601,-35.456,0.00
48.38330,2.955,-35.439,0.00
48.39346,2.955,-35.439,0.00
48.40360,3.325,-35.409,0.00
48.41376,3.325,-35.409,0.00
48.42400,3.700,-35.372,0.00
48.43417,3.700,-35.372,0.00
48.44434,4.091,-35.336,0.00
48.45449,4.091,-35.336,0.00
48.46463,4.483,-35.304,0.00
48.47479,4.483,-35.304,0.00
48.48493,4.879,-35.274,0.00
48.49571,4.879,-35.274,0.00
48.50586,5.277,-35.246,0.00
48.51602,5.277,-35.246,0.00
48.52617,5.666,-35.220,0.00
48.53633,5.666,-35.192,0.00
48.54649,6.068,-35.192,0.00
48.55665,6.068,-35.168,0.00
48.56692,6.477,-35.168,0.00
48.57708,6.887,-35.168,0.00
48.58724,6.887,-35.146,0.00
48.59747,7.286,-35.128,0.00
48.60763,7.286,-35.128,0.00
48.61779,7.286,-35.111,0.00
48.62811,7.658,-35.111,0.00
48.63851,8.013,-35.095,0.00
48.64885,8.013,-35.095,0.00
48.65900,8.362,-35.083,0.00
48.66932,8.362,-35.083,0.00
48.67960,8.362,-35.083,0.00
48.68971,8.686,-35.073,0.00
48.69987,8.996,-35.065,0.00
48.71007,8.996,-35.065,0.00
48.72018,8.996,-35.055,0.00
48.73032,9.295,-35.055,0.00
48.74048,9.624,-35.048,0.00
48.75078,9.624,-35.048,0.00
48.76099,10.012,-35.048,0.00
48.78506,10.012,-35.047,0.00
48.79525,10.437,-35.044,0.00
48.81190,10.862,-35.044,12.00
48.82209,10.862,-35.044,12.00
48.84493,11.681,-35.056,12.00
48.85559,11.681,-35.056,12.00
48.86605,12.131,-35.061,12.00
48.87621,12.611,-35.061,12.00
48.88726,12.611,-35.061,12.00
48.89811,13.074,-35.061,12.00
48.90829,13.074,-35.061,12.00
48.91856,13.492,-35.068,12.00
48.92873,13.492,-35.068,12.00
48.94039,13.850,-35.075,12.50
48.95055,13.850,-35.075,12.50
48.96102,14.133,-35.079,12.50
48.97607,14.133,-35.079,12.50
48.98623,14.322,-35.081,12.50
48.99648,14.322,-35.081,12.50
49.00655,14.395,-35.084,12.50
49.01725,14.395,-35.087,12.50
49.02741,14.399,-35.087,12.50
49.05491,14.343,-35.090,12.50
49.06506,14.196,-35.092,12.50
49.08436,13.931,-35.090,12.50
49.09510,13.931,-35.072,12.50
49.11678,13.531,-35.072,13.00
49.12715,13.031,-35.002,13.00
49.14839,12.484,-34.812,13.00
49.15856,11.874,-34.812,13.00
49.16873,11.874,-34.502,13.00
49.18001,11.874,-34.090,13.00
49.19037,11.163,-34.090,13.00
49.20053,10.373,-33.681,13.00
49.21236,10.373,-33.681,13.50
49.22286,9.559,-33.244,13.50
49.23318,9.559,-33.244,13.50
49.24404,8.751,-32.803,13.50
49.25443,8.751,-32.803,13.50
49.26477,7.954,-32.344,13.50
49.29262,7.133,-31.847,14.00
49.30309,6.291,-31.286,14.00
49.32515,5.512,-30.660,14.50
49.33629,5.512,-30.660,14.50
49.35580,5.512,-30.660,15.00
49.36599,4.111,-29.296,15.00
49.38918,3.530,-28.774,15.50
49.39952,3.065,-28.354,15.50
49.41969,3.065,-28.354,16.00
49.42987,2.758,-28.084,16.00
49.44017,2.541,-27.945,16.50
49.45277,2.541,-27.945,16.50
49.46295,2.417,-27.907,16.50
49.47311,2.417,-27.907,16.50
49.48479,2.350,-27.894,17.00
49.49535,2.287,-27.822,17.00
49.50552,2.287,-27.822,17.00
49.51664,2.287,-27.822,17.50
49.52681,2.263,-27.702,17.50
49.53814,2.263,-27.577,17.50
49.54876,2.339,-27.577,18.00
49.55942,2.476,-27.577,18.00
49.56960,2.476,-27.486,18.00
49.57977,2.476,-27.448,18.50
49.59035,2.569,-27.448,18.50
49.60065,2.652,-27.455,18.50
49.62815,2.652,-27.507,19.00
49.63836,2.746,-27.507,19.00
49.66112,2.746,-27.507,19.00
49.67130,2.904,-27.203,19.00
49.69162,2.985,-26.607,19.50
49.70186,2.985,-26.607,19.50
49.72527,3.059,-25.861,20.00
49.73544,3.156,-24.973,20.00
49.75551,3.256,-23.978,20.00
49.76568,3.357,-22.828,20.00
49.77584,3.357,-22.828,20.00
49.78830,3.449,-21.551,20.00
49.79846,3.449,-20.157,20.00
49.80867,3.506,-20.157,20.00
49.82520,3.527,-20.157,20.50
49.83606,3.527,-18.671,20.50
49.84685,3.517,-16.825,20.50
49.85705,3.517,-16.825,20.50
49.86724,3.478,-15.096,20.50
49.87749,3.478,-15.096,20.50
49.90004,3.393,-11.615,20.50
49.91022,3.297,-11.615,20.50
49.93286,3.170,-9.870,20.50
49.94362,3.003,-8.148,20.50
49.96558,2.827,-6.510,20.50
49.97578,2.827,-6.510,20.50
49.99613,2.638,-4.914,21.00
50.00640,2.414,-3.192,21.00
50.01670,2.414,-1.736,21.00
50.02794,2.193,-1.736,21.00
50.03823,2.193,-0.409,21.00
50.04892,2.012,-0.409,21.00
50.06151,2.012,0.747,21.00
50.07178,1.880,0.747,21.00
50.08194,1.779,1.745,21.00
50.09408,1.779,1.745,21.00
50.10425,1.711,2.641,21.00
50.11455,1.711,2.641,21.00
50.12541,1.699,3.548,21.00
50.13557,1.699,3.548,21.00
50.14574,1.709,4.475,21.00
50.16065,1.709,4.475,21.00
50.17093,1.730,5.394,21.00
50.18108,1.705,5.394,21.00
50.19134,1.705,6.123,21.00
50.20158,1.632,6.826,21.00
50.21189,1.632,6.826,21.00
50.23657,1.564,7.571,21.00
50.24718,1.515,8.197,21.00
50.27180,1.470,8.722,21.00
50.28207,1.399,9.384,21.00
50.30078,1.328,9.384,21.00
50.31095,1.328,10.118,21.00
50.33334,1.289,11.017,21.00
50.34363,1.282,11.795,21.00
50.36355,1.282,11.795,21.00
50.37377,1.308,12.587,21.00
50.38408,1.330,13.434,21.00
50.39585,1.330,14.286,21.00
50.40647,1.346,14.286,21.00
50.41844,1.346,15.137,21.00
50.42892,1.364,15.137,21.00
50.43976,1.364,15.137,21.00
50.45004,1.391,16.038,21.00
50.46500,1.410,16.835,21.00
50.47688,1.410,16.835,21.00
50.48706,1.397,17.827,21.00
50.49722,1.397,18.758,0.00
50.50742,1.374,18.758,0.00
50.51760,1.321,19.589,0.00
50.52791,1.321,19.589,0.00
50.53807,1.293,20.347,0.00
50.54824,1.293,20.347,0.00
50.55976,1.293,20.347,0.00
50.56995,1.309,20.984,0.00
50.58007,1.322,21.793,0.00
50.59023,1.322,21.793,0.00
50.60039,1.288,22.469,0.00
50.61064,1.288,22.469,0.00
50.62083,1.231,22.469,0.00
50.63098,1.231,23.255,0.00
50.64118,1.176,24.052,0.00
50.65134,1.176,24.052,0.00
50.66207,1.113,24.562,0.00
50.67222,1.113,24.562,0.00
50.68256,1.051,25.213,0.00
50.69289,1.051,25.213,0.00
50.70304,0.998,25.820,0.00
50.71319,0.998,25.820,0.00
50.72344,0.961,26.439,0.00
50.73369,0.961,26.439,0.00
50.74394,0.943,26.970,0.00
50.75433,0.943,26.970,0.00
50.76455,0.933,27.443,0.00
50.77478,0.933,27.443,0.00
50.78494,0.935,27.949,0.00
50.79521,0.935,27.949,0.00
50.80557,0.950,28.412,0.00
50.81573,0.950,28.746,0.00
50.82588,0.979,28.746,0.00
50.83604,0.979,28.934,0.00
50.84619,1.001,28.934,0.00
50.85636,1.001,28.967,0.00
50.86653,1.003,28.967,0.00
50.87668,1.003,29.012,0.00
50.88684,0.986,29.012,0.00
50.89727,0.986,29.027,0.00
50.90740,1.003,29.027,0.00
50.91865,1.003,29.032,0.00
50.92882,1.009,29.032,0.00
50.93960,1.009,28.844,0.00
50.94984,1.012,28.844,0.00
50.95999,1.012,28.494,0.00
50.97013,1.052,28.494,0.00
50.98028,1.073,28.111,0.00
50.99043,1.073,28.111,0.00
51.00059,1.115,27.665,0.00
51.01084,1.115,27.665,0.00
51.02100,1.184,27.170,0.00
51.03116,1.184,27.170,0.00
51.04145,1.259,26.621,0.00
51.05173,1.259,26.621,0.00
51.06255,1.305,26.048,0.00
51.07268,1.305,26.048,0.00
51.08310,1.285,25.454,0.00
51.09337,1.285,25.454,0.00
51.10362,1.241,24.828,0.00
51.11378,1.241,24.828,0.00
51.12393,1.213,24.117,0.00
51.13414,1.213,24.117,0.00
51.14489,1.175,23.263,0.00
51.15514,1.175,23.263,0.00
51.16530,1.148,22.483,0.00
51.17552,1.148,22.483,0.00
51.18569,1.102,21.723,0.00
51.19595,1.102,21.723,0.00
51.20612,1.068,21.003,0.00
51.21642,1.068,21.003,0.00
51.22662,1.042,20.185,0.00
51.23682,1.019,20.185,0.00
51.24710,1.019,19.418,0.00
51.25738,1.019,19.418,0.00
51.26771,0.990,18.627,0.00
51.27810,0.929,17.770,0.00
51.28841,0.929,17.770,0.00
51.29887,0.851,16.761,0.00
51.30914,0.851,16.761,0.00
51.31955,0.781,15.717,0.00
51.32989,0.781,15.717,0.00
51.34005,0.710,14.707,0.00
51.35030,0.710,14.707,0.00
51.36048,0.626,14.707,0.00
51.37063,0.626,13.777,0.00
51.38080,0.626,13.777,0.00
51.39094,0.532,12.672,0.00
51.40110,0.441,11.422,0.00
51.41126,0.441,11.422,0.00
51.42174,0.314,10.056,0.00
51.43198,0.314,10.056,0.00
51.44231,0.175,8.911,0.00
51.45276,0.175,8.911,0.00
51.46307,0.021,7.502,0.00
51.47339,0.021,7.502,0.00
51.48384,0.021,7.502,0.00
51.50144,-0.296,4.485,0.00
51.51160,-0.296,4.485,0.00
51.52327,-0.437,3.051,0.00
51.53432,-0.437,3.051,0.00
51.54452,-0.564,1.635,0.00
51.55613,-0.675,1.635,0.00
51.56698,-0.675,0.157,0.00
51.57783,-0.675,0.157,0.00
51.59464,-0.675,0.157,0.00
51.60742,-0.836,-1.472,0.00
51.61922,-0.990,-2.938,0.00
51.63317,-1.099,-4.557,0.00
51.64871,-1.180,-6.002,0.00
51.65967,-1.180,-6.002,0.00
51.67764,-1.245,-7.463,0.00
51.70136,-1.329,-10.060,0.00
51.71692,-1.329,-10.060,0.00
51.74265,-1.286,-11.271,0.00
51.75932,-1.286,-12.497,0.00
51.77588,-1.284,-13.628,0.00
51.79264,-1.298,-14.725,0.00
51.80925,-1.311,-15.639,0.00
51.82600,-1.326,-16.573,0.00
51.84261,-1.321,-17.433,0.00
51.86006,-1.321,-17.433,0.00
51.87575,-1.311,-18.176,0.00
51.89249,-1.305,-18.735,0.00
51.90999,-1.278,-19.239,0.00
51.92545,-1.278,-19.239,0.00
51.94237,-1.178,-20.120,0.00
51.95901,-1.178,-20.120,0.00
51.97557,-1.139,-20.498,0.00
51.99226,-1.100,-20.820,0.00
52.00891,-1.080,-21.118,0.00
52.02953,-1.088,-21.414,0.00
52.04064,-1.088,-21.414,0.00
52.05935,-1.103,-21.704,0.00
52.07075,-1.110,-21.964,0.00
52.08641,-1.119,-22.193,0.00
52.10423,-1.114,-22.387,0.00
52.11639,-1.114,-22.387,0.00
52.14558,-1.086,-22.523,0.00
52.17201,-1.083,-22.734,0.00
52.18305,-1.083,-22.734,0.00
52.20162,-1.082,-22.879,0.00
52.21213,-1.091,-22.879,0.00
52.22241,-1.091,-22.879,0.00
52.23371,-1.091,-22.970,0.00
52.24948,-1.128,-23.079,0.00
52.26499,-1.122,-23.079,0.00
52.28329,-1.109,-23.378,0.00
52.29976,-1.109,-23.378,0.00
52.32118,-1.093,-23.495,0.00
52.33498,-1.073,-23.495,0.00
52.34676,-1.054,-23.671,0.00
52.35696,-1.054,-23.671,0.00
52.36834,-1.036,-23.772,0.00
52.37894,-1.036,-23.772,0.00
52.39427,-1.036,-23.901,0.00
52.41108,-0.991,-24.075,0.00
52.42191,-0.950,-24.296,0.00
52.43211,-0.950,-24.296,0.00
52.44873,-0.903,-24.586,0.00
52.46489,-0.903,-24.852,0.00
52.48081,-0.826,-24.852,0.00
52.49166,-0.826,-25.113,0.00
52.54452,-0.679,-25.678,0.00
52.61544,-0.433,-25.678,0.00
52.62563,-0.339,-26.704,0.00
52.63621,0.761,-5.884,0.00
52.64637,0.844,-6.190,0.00
52.65675,0.844,-6.190,0.00
52.66691,0.926,-6.465,0.00
52.67710,0.926,-6.465,0.00
52.68721,0.996,-6.697,0.00
52.69749,0.996,-6.884,0.00
52.70764,1.036,-6.884,0.00
52.71779,1.057,-7.053,0.00
52.72820,1.057,-7.053,0.00
52.73849,1.065,-7.224,0.00
52.74866,1.065,-7.224,0.00
52.75916,1.087,-7.421,0.00
52.76946,1.087,-7.421,0.00
52.77962,1.139,-7.579,0.00
52.78978,1.139,-7.579,0.00
52.79994,1.251,-7.579,0.00
52.81010,1.251,-7.724,0.00
52.82048,1.448,-7.724,0.00
52.83062,1.448,-7.859,0.00
52.84080,1.448,-7.859,0.00
52.85094,1.715,-8.000,0.00
52.86110,2.065,-8.192,0.00
52.87126,2.065,-8.192,0.00
52.88155,2.505,-8.472,0.00
52.89171,2.505,-8.472,0.00
52.90186,3.033,-8.813,0.00
52.91204,3.033,-8.813,0.00
52.92232,3.524,-9.240,0.00
52.93335,3.524,-9.240,0.00
52.94371,3.959,-9.625,0.00
52.95403,3.959,-9.625,0.00
52.96422,4.370,-9.998,0.00
52.97445,4.370,-9.998,0.00
52.98553,4.712,-10.362,0.00
52.99585,4.712,-10.362,0.00
53.00592,5.034,-10.724,0.00
53.01624,5.034,-10.724,0.00
53.02649,5.335,-11.072,0.00
53.03674,5.335,-11.072,0.00
53.04690,5.629,-11.410,0.00
53.05716,5.629,-11.410,0.00
53.06745,5.968,-11.688,0.00
53.07767,6.450,-11.935,0.00
53.08783,6.450,-11.935,0.00
53.09826,6.450,-11.935,0.00
53.10858,7.120,-12.127,0.00
53.11917,7.120,-12.127,0.00
53.12935,7.995,-12.271,0.00
53.13953,9.046,-12.362,0.00
53.14970,9.046,-12.362,0.00
53.15986,10.307,-12.408,0.00
53.17996,10.307,-12.408,0.00
53.19014,11.710,-12.412,0.00
53.21290,13.603,-12.388,12.00
53.22380,13.603,-12.388,12.00
53.24531,18.970,-12.349,12.00
53.25555,18.970,-12.349,12.00
53.27906,24.564,-12.356,12.00
53.28943,24.564,-12.364,12.00
53.30805,26.938,-12.364,12.50
53.31823,26.938,-12.359,12.50
53.32838,29.388,-12.359,12.50
53.34042,31.710,-12.359,12.50
53.35130,31.710,-12.366,12.50
53.36151,33.862,-12.389,12.50
53.37206,33.862,-12.389,12.50
53.38311,35.544,-12.425,12.50
53.39327,35.544,-12.425,12.50
53.40464,37.170,-12.425,12.50
53.41523,37.170,-12.484,12.50
53.42611,38.534,-12.565,12.50
53.45149,38.534,-12.565,12.50
53.46168,40.346,-12.816,12.50
53.48424,40.346,-12.971,12.50
53.49521,40.885,-12.971,12.50
53.51611,41.273,-13.125,13.00
53.52628,41.592,-13.261,13.00
53.54962,41.592,-13.261,13.00
53.55979,41.826,-13.366,13.00
53.58147,41.826,-13.496,13.50
53.59250,41.716,-13.496,13.50
53.60298,41.580,-13.612,13.50
53.61540,41.580,-13.782,13.50
53.62556,41.408,-13.782,13.50
53.63688,41.408,-13.782,13.50
53.64703,41.057,-13.990,14.00
53.65725,40.560,-14.216,14.00
53.66755,40.560,-14.216,14.00
53.67944,40.111,-14.216,14.00
53.68993,40.111,-14.415,14.00
53.70010,39.692,-14.551,14.00
53.71033,39.692,-14.551,14.50
53.72050,39.221,-14.551,14.50
53.73066,39.221,-14.625,14.50
53.75913,38.806,-14.677,15.00
53.76969,38.539,-14.718,15.00
53.78913,38.429,-14.749,15.00
53.79935,38.381,-14.767,15.00
53.81966,38.381,-14.767,15.50
53.83005,38.348,-14.774,15.50
53.84022,38.329,-14.780,15.50
53.85177,38.329,-14.780,16.00
53.86218,38.236,-14.796,16.00
53.87313,38.236,-14.796,16.00
53.88417,38.067,-14.816,16.50
53.89439,37.970,-14.816,16.50
53.90457,37.970,-14.838,16.50
53.93211,37.968,-14.838,17.00
53.94243,37.979,-14.875,17.00
53.96607,37.965,-14.892,17.50
53.97629,37.965,-14.894,17.50
54.00208,37.871,-14.872,17.50
54.01241,37.871,-14.872,17.50
54.02788,37.871,-14.872,18.00
54.03807,37.812,-14.773,18.00
54.04823,37.650,-14.773,18.00
54.06082,37.560,-14.773,18.50
54.07099,37.560,-14.731,18.50
54.08120,37.586,-14.720,18.50
54.09224,37.586,-14.720,18.50
54.10239,37.582,-14.731,18.50
54.11258,37.582,-14.731,18.50
54.14142,37.366,-14.755,19.00
54.15183,37.366,-14.767,19.00
54.17246,37.319,-14.743,19.00
54.18263,37.345,-14.663,19.00
54.20379,37.345,-14.618,19.00
54.21411,37.309,-14.618,19.00
54.23997,37.503,-14.503,19.50
54.25021,37.503,-14.296,19.50
54.26846,37.648,-14.001,19.50
54.27877,37.648,-13.626,19.50
54.28918,37.851,-13.626,19.50
54.29951,37.851,-13.626,19.50
54.30971,38.049,-13.227,19.50
54.31989,38.249,-12.773,19.50
54.33198,38.249,-12.773,19.50
54.34396,38.526,-12.366,19.50
54.35416,38.526,-12.366,19.50
54.38082,38.815,-11.662,19.50
54.39115,39.168,-11.662,19.50
54.41528,39.595,-11.374,20.00
54.42614,40.020,-11.060,20.00
54.44471,40.360,-10.793,20.00
54.45515,40.360,-10.570,20.00
54.46562,40.535,-10.570,20.00
54.47598,40.535,-10.570,20.00
54.48608,40.605,-10.405,20.00
54.49624,40.605,-10.405,20.00
54.50840,40.550,-10.361,20.00
54.51863,40.435,-10.317,20.00
54.52879,40.435,-10.317,20.00
54.54086,40.259,-10.317,20.00
54.55104,40.259,-10.255,20.00
54.56135,40.010,-10.308,20.00
54.57187,40.010,-10.308,20.00
54.58205,39.772,-10.419,20.00
54.59222,39.772,-10.419,20.00
54.60249,39.611,-10.610,20.00
54.62027,39.554,-10.897,20.00
54.63061,39.554,-10.897,20.00
54.65200,39.475,-10.897,20.00
54.66233,39.286,-11.593,20.00
54.68413,38.984,-11.593,20.00
54.69433,38.984,-11.932,20.00
54.70447,38.646,-12.300,20.00
54.71581,38.646,-12.300,20.00
54.72615,38.362,-12.669,20.00
54.73648,38.362,-12.669,20.00
54.74999,38.104,-13.051,20.00
54.76017,38.104,-13.051,20.00
54.77033,37.775,-13.401,20.00
54.78048,37.428,-13.654,20.00
54.79080,37.428,-13.654,20.00
54.80116,37.156,-13.654,20.00
54.81212,37.156,-13.818,20.00
54.82228,37.156,-13.818,20.00
54.83245,36.955,-14.001,20.00
54.84699,36.955,-14.204,20.00
54.85726,36.768,-14.204,20.00
54.86765,36.595,-14.370,20.00
54.89234,36.438,-14.423,20.00
54.90265,36.311,-14.461,20.00
54.91328,36.311,-14.461,0.00
54.92347,36.209,-14.515,0.00
54.93457,36.209,-14.515,0.00
54.94486,36.035,-14.567,0.00
54.95501,36.035,-14.567,0.00
54.96517,36.035,-14.591,0.00
54.97535,35.869,-14.591,0.00
54.98555,35.820,-14.557,0.00
54.99585,35.820,-14.557,0.00
55.00604,35.759,-14.476,0.00
55.01620,35.759,-14.476,0.00
55.02637,35.759,-14.476,0.00
55.03670,35.759,-14.476,0.00
55.04686,35.701,-14.389,0.00
55.05710,35.600,-14.336,0.00
55.06742,35.600,-14.298,0.00
55.07923,35.537,-14.269,0.00
55.08951,35.537,-14.269,0.00
55.09988,35.454,-14.269,0.00
55.11005,35.454,-14.245,0.00
55.12064,35.383,-14.228,0.00
55.13085,35.383,-14.228,0.00
55.14116,35.310,-14.110,0.00
55.15133,35.310,-14.110,0.00
55.16150,35.310,-14.110,0.00
55.17166,35.292,-13.783,0.00
55.18185,35.292,-13.783,0.00
55.19202,35.318,-13.439,0.00
55.20218,35.259,-12.994,0.00
55.21234,35.259,-12.994,0.00
55.22248,35.104,-12.579,0.00
55.23262,35.104,-12.579,0.00
55.24360,34.973,-12.007,0.00
55.25400,34.973,-12.007,0.00
55.26450,34.870,-11.263,0.00
55.27498,34.870,-11.263,0.00
55.28516,34.790,-10.465,0.00
55.29532,34.790,-10.465,0.00
55.30548,34.703,-9.736,0.00
55.31564,34.703,-9.736,0.00
55.32580,34.584,-9.736,0.00
55.33607,34.498,-9.255,0.00
55.34638,34.498,-9.091,0.00
55.35672,34.498,-9.091,0.00
55.36704,34.437,-9.366,0.00
55.37720,34.437,-9.857,0.00
55.38736,34.289,-9.857,0.00
55.39752,34.289,-9.857,0.00
55.40768,34.075,-10.416,0.00
55.41783,33.910,-10.416,0.00
55.42799,33.910,-10.912,0.00
55.43822,33.833,-10.912,0.00
55.44839,33.833,-11.299,0.00
55.45855,33.750,-11.299,0.00
55.46873,33.750,-11.629,0.00
55.47898,33.660,-11.947,0.00
55.48915,33.660,-11.947,0.00
55.50091,33.503,-12.352,0.00
55.51116,33.503,-12.352,0.00
55.52132,33.349,-12.897,0.00
55.53157,33.349,-12.897,0.00
55.54194,33.289,-13.341,0.00
55.55232,33.289,-13.341,0.00
55.56279,33.252,-13.726,0.00
55.57294,33.252,-13.726,0.00
55.58309,33.284,-14.059,0.00
55.59346,33.284,-14.059,0.00
55.60373,33.306,-14.355,0.00
55.61397,33.306,-14.355,0.00
55.62446,33.297,-14.596,0.00
55.63486,33.297,-14.596,0.00
55.64505,33.228,-14.822,0.00
55.65524,33.228,-14.822,0.00
55.66604,33.133,-15.029,0.00
55.67621,33.133,-15.029,0.00
55.68637,33.031,-15.200,0.00
55.69665,32.928,-15.278,0.00
55.70722,32.928,-15.278,0.00
55.71750,32.870,-15.316,0.00
55.72787,32.870,-15.316,0.00
55.73834,32.827,-15.337,0.00
55.74910,32.827,-15.337,0.00
55.75936,32.827,-15.337,0.00
55.76974,32.777,-15.360,0.00
55.77998,32.777,-15.360,0.00
55.79058,32.765,-15.383,0.00
55.80104,32.776,-15.384,0.00
55.81120,32.776,-15.384,0.00
55.82138,32.742,-15.360,0.00
55.83169,32.742,-15.360,0.00
55.84214,32.679,-15.320,0.00
55.85255,32.679,-15.320,0.00
55.86295,32.589,-15.282,0.00
55.87320,32.589,-15.282,0.00
55.88336,32.487,-15.257,0.00
55.89353,32.487,-15.257,0.00
55.90369,32.416,-15.249,0.00
55.91586,32.416,-15.240,0.00
55.92603,32.365,-15.240,0.00
