time,contralateral_sh_el_deg,sh_el_deg,stim_curr
0.00397,-0.562,0.906,0.00
0.01414,-0.562,0.906,0.00
0.02430,-0.562,0.906,0.00
0.03446,-0.528,0.906,0.00
0.04463,-0.528,0.906,0.00
0.05479,-0.500,0.933,0.00
0.06499,-0.500,0.974,0.00
0.07575,-0.458,0.974,0.00
0.08591,-0.416,1.009,0.00
0.09661,-0.416,1.009,0.00
0.10677,-0.416,1.009,0.00
0.11710,-0.393,1.028,0.00
0.12877,-0.393,1.028,0.00
0.13928,-0.389,1.029,0.00
0.15081,-0.389,1.029,0.00
0.16098,-0.417,1.009,0.00
0.17139,-0.417,1.009,0.00
0.18156,-0.458,0.974,0.00
0.19187,-0.458,0.974,0.00
0.20203,-0.504,0.930,0.00
0.21219,-0.504,0.885,0.00
0.22245,-0.543,0.885,0.00
0.23267,-0.575,0.841,0.00
0.24301,-0.575,0.841,0.00
0.25364,-0.597,0.817,0.00
0.26391,-0.597,0.817,0.00
0.27719,-0.597,0.818,0.00
0.28736,-0.589,0.851,0.00
0.29754,-0.589,0.851,0.00
0.30770,-0.589,0.851,0.00
0.31787,-0.589,0.851,0.00
0.32803,-0.589,0.910,0.00
0.33819,-0.559,0.910,0.00
0.34837,-0.477,0.981,0.00
0.35852,-0.477,1.048,0.00
0.36869,-0.477,1.048,0.00
0.37884,-0.454,1.099,0.00
0.38901,-0.461,1.133,0.00
0.39972,-0.461,1.133,0.00
0.40991,-0.490,1.138,0.00
0.42008,-0.490,1.138,0.00
0.43024,-0.490,1.138,0.00
0.44042,-0.533,1.110,0.00
0.45064,-0.533,1.110,0.00
0.46080,-0.533,1.110,0.00
0.47097,-0.533,1.110,0.00
0.48113,-0.533,1.110,0.00
0.49132,-0.533,1.110,0.00
0.50148,-0.567,1.110,0.00
0.51165,-0.567,1.064,0.00
0.52181,-0.567,1.064,0.00
0.53197,-0.568,1.029,0.00
0.54213,-0.568,1.029,0.00
0.55229,-0.568,1.012,0.00
0.56246,-0.550,1.012,0.00
0.57262,-0.550,1.012,0.00
0.58278,-0.507,1.016,0.00
0.59295,-0.507,1.016,0.00
0.60392,-0.507,1.016,0.00
0.61409,-0.448,1.041,0.00
0.62450,-0.448,1.041,0.00
0.63473,-0.392,1.092,0.00
0.64490,-0.331,1.140,0.00
0.65506,-0.277,1.176,0.00
0.66533,-0.247,1.191,0.00
0.67549,-0.248,1.185,0.00
0.68565,-0.248,1.185,0.00
0.69582,-0.248,1.185,0.00
0.70618,-0.248,1.185,0.00
0.71634,-0.248,1.165,0.00
0.72651,-0.302,1.165,0.00
0.73666,-0.390,1.165,0.00
0.74681,-0.390,1.133,0.00
0.75697,-0.390,1.133,0.00
0.76732,-0.485,1.100,0.00
0.77754,-0.485,1.100,0.00
0.78781,-0.485,1.100,0.00
0.79821,-0.485,1.100,0.00
0.80855,-0.485,1.100,0.00
0.82034,-0.556,1.072,0.00
0.83053,-0.576,1.072,0.00
0.84069,-0.576,1.057,0.00
0.85089,-0.576,1.057,0.00
0.86100,-0.576,1.057,0.00
0.87115,-0.576,1.057,0.00
0.88131,-0.576,1.057,0.00
0.89165,-0.576,1.057,0.00
0.90220,-0.516,1.064,0.00
0.91238,-0.472,1.106,0.00
0.92276,-0.472,1.177,0.00
0.93295,-0.472,1.177,0.00
0.94311,-0.472,1.177,0.00
0.95327,-0.472,1.177,0.00
0.96342,-0.439,1.255,0.00
0.97358,-0.439,1.255,0.00
0.98407,-0.419,1.305,0.00
0.99424,-0.419,1.305,0.00
1.00452,-0.419,1.305,0.00
1.01470,-0.419,1.305,0.00
1.02502,-0.404,1.313,0.00
1.03517,-0.404,1.313,0.00
1.04532,-0.404,1.313,0.00
1.05547,-0.404,1.313,0.00
1.06771,-0.404,1.313,0.00
1.07786,-0.393,1.253,0.00
1.08802,-0.393,1.253,0.00
1.09818,-0.393,1.253,0.00
1.10834,-0.393,1.253,0.00
1.11851,-0.393,1.253,0.00
1.12910,-0.393,1.143,0.00
1.13944,-0.393,1.017,0.00
1.14964,-0.408,1.017,0.00
1.15994,-0.408,1.017,0.00
1.17015,-0.408,1.017,0.00
1.18059,-0.449,0.912,0.00
1.19077,-0.449,0.912,0.00
1.20092,-0.449,0.912,0.00
1.21106,-0.449,0.912,0.00
1.22121,-0.501,0.848,0.00
1.23136,-0.501,0.848,0.00
1.24151,-0.501,0.848,0.00
1.25167,-0.501,0.848,0.00
1.26191,-0.501,0.848,0.00
1.27215,-0.546,0.822,0.00
1.28254,-0.546,0.822,0.00
1.29280,-0.546,0.822,0.00
1.30325,-0.546,0.822,0.00
1.31339,-0.583,0.853,0.00
1.32358,-0.583,0.853,0.00
1.33374,-0.583,0.853,0.00
1.34483,-0.583,0.853,0.00
1.35516,-0.561,0.899,0.00
1.36550,-0.561,0.943,0.00
1.37608,-0.561,0.943,0.00
1.38646,-0.561,0.943,0.00
1.39671,-0.561,0.943,0.00
1.40689,-0.561,0.943,0.00
1.41705,-0.561,0.943,0.00
1.42719,-0.561,0.943,0.00
1.43994,-0.561,0.943,0.00
1.45013,-0.535,0.983,0.00
1.46032,-0.511,1.022,0.00
1.47048,-0.511,1.022,0.00
1.48065,-0.511,1.022,0.00
1.49129,-0.511,1.022,0.00
1.50145,-0.481,1.056,0.00
1.51338,-0.462,1.072,0.00
1.52370,-0.462,1.072,0.00
1.53385,-0.462,1.072,0.00
1.54406,-0.462,1.072,0.00
1.55423,-0.448,1.062,0.00
1.56448,-0.448,1.062,0.00
1.57468,-0.448,1.062,0.00
1.58500,-0.448,1.062,0.00
1.59530,-0.448,1.062,0.00
1.60562,-0.448,1.062,0.00
1.61595,-0.448,1.062,0.00
1.62627,-0.448,1.024,0.00
1.63700,-0.431,1.024,0.00
1.64866,-0.431,1.024,0.00
1.65899,-0.431,1.024,0.00
1.66913,-0.431,0.965,0.00
1.67929,-0.416,0.965,0.00
1.68947,-0.413,0.911,0.00
1.69962,-0.413,0.911,0.00
1.70980,-0.413,0.911,0.00
1.71995,-0.413,0.911,0.00
1.73080,-0.418,0.859,0.00
1.74095,-0.418,0.859,0.00
1.75111,-0.418,0.859,0.00
1.76127,-0.430,0.814,0.00
1.77142,-0.430,0.814,0.00
1.78158,-0.435,0.781,0.00
1.79173,-0.435,0.781,0.00
1.80187,-0.435,0.781,0.00
1.81212,-0.435,0.781,0.00
1.82221,-0.443,0.762,0.00
1.83235,-0.443,0.751,0.00
1.84250,-0.446,0.751,0.00
1.85294,-0.446,0.751,0.00
1.86308,-0.446,0.751,0.00
1.87325,-0.446,0.751,0.00
1.88342,-0.446,0.751,0.00
1.89369,-0.446,0.746,0.00
1.90601,-0.440,0.746,0.00
1.91661,-0.440,0.742,0.00
1.92716,-0.440,0.742,0.00
1.93755,-0.427,0.741,0.00
1.94795,-0.427,0.741,0.00
1.95839,-0.427,0.741,0.00
1.96869,-0.427,0.741,0.00
1.97924,-0.414,0.748,0.00
1.99052,-0.399,0.766,0.00
2.00072,-0.399,0.766,0.00
2.01092,-0.399,0.780,0.00
2.02109,-0.379,0.780,0.00
2.03135,-0.361,0.773,0.00
2.04151,-0.361,0.773,0.00
2.05197,-0.361,0.773,0.00
2.06254,-0.361,0.744,0.00
2.07270,-0.331,0.744,0.00
2.08307,-0.331,0.744,0.00
2.09365,-0.294,0.695,0.00
2.10381,-0.294,0.695,0.00
2.11408,-0.294,0.695,0.00
2.12444,-0.294,0.695,0.00
2.13488,-0.294,0.695,0.00
2.14540,-0.294,0.695,0.00
2.15565,-0.294,0.695,0.00
2.16594,-0.294,0.695,0.00
2.17623,-0.294,0.695,0.00
2.18701,-0.294,0.695,0.00
2.19716,-0.294,0.695,0.00
2.20730,-0.294,0.695,0.00
2.21750,-0.294,0.695,0.00
2.22767,-0.294,0.695,0.00
2.23783,-0.294,0.695,0.00
2.24799,-0.294,0.695,0.00
2.25815,-0.294,0.695,0.00
2.26834,-0.294,0.695,0.00
2.27851,-0.294,0.695,0.00
2.28867,-0.249,0.635,0.00
2.29886,-0.199,0.549,0.00
2.30933,-0.199,0.461,0.00
2.31948,-0.117,0.461,0.00
2.32969,-0.102,0.303,0.00
2.33985,-0.094,0.251,0.00
2.35010,-0.098,0.218,0.00
2.36023,-0.107,0.209,0.00
2.37049,-0.119,0.243,0.00
2.38076,-0.137,0.289,0.00
2.39465,-0.146,0.338,0.00
2.40481,-0.149,0.383,0.00
2.41667,-0.142,0.413,0.00
2.42684,-0.105,0.424,0.00
2.43706,-0.083,0.396,0.00
2.44715,-0.065,0.363,0.00
2.45731,-0.053,0.322,0.00
2.46747,-0.052,0.195,0.00
2.47763,-0.060,0.169,0.00
2.48829,-0.069,0.151,0.00
2.49844,-0.078,0.142,0.00
2.50863,-0.097,0.143,0.00
2.51879,-0.097,0.157,0.00
2.53131,-0.097,0.177,0.00
2.54168,-0.099,0.191,0.00
2.55235,-0.099,0.191,0.00
2.56298,-0.091,0.179,0.00
2.57326,-0.065,0.132,0.00
2.58406,-0.065,0.132,0.00
2.59423,-0.054,0.076,0.00
2.60469,-0.046,0.054,0.00
2.61493,-0.046,0.054,0.00
2.62533,-0.057,0.042,0.00
2.63572,-0.057,0.042,0.00
2.64658,-0.073,0.040,0.00
2.65792,-0.092,0.040,0.00
2.66808,-0.140,0.062,0.00
2.68040,-0.162,0.096,0.00
2.69055,-0.174,0.182,0.00
2.70071,-0.169,0.229,0.00
2.71116,-0.136,0.298,0.00
2.72148,-0.136,0.298,0.00
2.73174,-0.084,0.326,0.00
2.74218,-0.069,0.323,0.00
2.75263,-0.066,0.314,0.00
2.76314,-0.076,0.308,0.00
2.77349,-0.104,0.304,0.00
2.78381,-0.104,0.306,0.00
2.79410,-0.126,0.315,0.00
2.80448,-0.126,0.336,0.00
2.81463,-0.152,0.407,0.00
2.82478,-0.162,0.439,0.00
2.83494,-0.167,0.507,0.00
2.84582,-0.165,0.529,0.00
2.85604,-0.160,0.537,0.00
2.86623,-0.167,0.549,0.00
2.87653,-0.178,0.553,0.00
2.88668,-0.189,0.557,0.00
2.89688,-0.199,0.557,0.00
2.90756,-0.212,0.527,0.00
2.91778,-0.218,0.505,0.00
2.92793,-0.224,0.481,0.00
2.93809,-0.226,0.456,0.00
2.94825,-0.228,0.432,0.00
2.96053,-0.228,0.432,0.00
2.97074,-0.229,0.407,0.00
2.98094,-0.229,0.407,0.00
2.99109,-0.231,0.389,0.00
3.00125,-0.231,0.380,0.00
3.01139,-0.236,0.380,0.00
3.02155,-0.236,0.381,0.00
3.03169,-0.244,0.381,0.00
3.04190,-0.244,0.381,0.00
3.05206,-0.254,0.389,0.00
3.06222,-0.267,0.389,0.00
3.07248,-0.267,0.400,0.00
3.08262,-0.271,0.400,0.00
3.09278,-0.271,0.413,0.00
3.10294,-0.271,0.424,0.00
3.11309,-0.271,0.424,0.00
3.12347,-0.268,0.424,0.00
3.13362,-0.268,0.430,0.00
3.14382,-0.263,0.430,0.00
3.15401,-0.263,0.430,0.00
3.16421,-0.263,0.430,0.00
3.17443,-0.261,0.423,0.00
3.18459,-0.260,0.414,0.00
3.19475,-0.260,0.414,0.00
3.20495,-0.259,0.406,0.00
3.21512,-0.259,0.406,0.00
3.22528,-0.254,0.400,0.00
3.23543,-0.254,0.400,0.00
3.24558,-0.249,0.401,0.00
3.25573,-0.249,0.401,0.00
3.26591,-0.245,0.405,0.00
3.27687,-0.245,0.405,0.00
3.28737,-0.245,0.405,0.00
3.29752,-0.245,0.405,0.00
3.30769,-0.241,0.409,0.00
3.31786,-0.241,0.409,0.00
3.32803,-0.241,0.413,0.00
3.33818,-0.241,0.413,0.00
3.34879,-0.240,0.418,0.00
3.35895,-0.240,0.418,0.00
3.36912,-0.237,0.428,0.00
3.37928,-0.237,0.428,0.00
3.38946,-0.231,0.442,0.00
3.39966,-0.231,0.442,0.00
3.40996,-0.225,0.458,0.00
3.42019,-0.220,0.473,0.00
3.43044,-0.220,0.473,0.00
3.44060,-0.217,0.481,0.00
3.45076,-0.217,0.481,0.00
3.46099,-0.217,0.481,0.00
3.47170,-0.213,0.486,0.00
3.48199,-0.213,0.489,0.00
3.49245,-0.213,0.489,0.00
3.50308,-0.213,0.493,0.00
3.51329,-0.216,0.493,0.00
3.52365,-0.220,0.497,0.00
3.53392,-0.220,0.497,0.00
3.54430,-0.220,0.498,0.00
3.55533,-0.224,0.498,0.00
3.56567,-0.231,0.498,0.00
3.57585,-0.231,0.498,0.00
3.58601,-0.238,0.500,0.00
3.59616,-0.238,0.500,0.00
3.60683,-0.238,0.500,0.00
3.61702,-0.245,0.504,0.00
3.62719,-0.245,0.504,0.00
3.63735,-0.250,0.507,0.00
3.64760,-0.250,0.507,0.00
3.65781,-0.252,0.510,0.00
3.66816,-0.254,0.514,0.00
3.67843,-0.254,0.514,0.00
3.68895,-0.257,0.520,0.00
3.69913,-0.257,0.527,0.00
3.70928,-0.260,0.527,0.00
3.71943,-0.260,0.527,0.00
3.72961,-0.266,0.535,0.00
3.73976,-0.266,0.535,0.00
3.74992,-0.281,0.544,0.00
3.76007,-0.281,0.544,0.00
3.77042,-0.298,0.556,0.00
3.78064,-0.298,0.556,0.00
3.79079,-0.298,0.556,0.00
3.80145,-0.298,0.556,0.00
3.81163,-0.310,0.569,0.00
3.82178,-0.332,0.578,0.00
3.83201,-0.332,0.584,0.00
3.84217,-0.332,0.584,0.00
3.85269,-0.349,0.589,0.00
3.86285,-0.374,0.589,0.00
3.87301,-0.374,0.595,0.00
3.88320,-0.374,0.595,0.00
3.89348,-0.406,0.602,0.00
3.90363,-0.435,0.610,0.00
3.91394,-0.435,0.610,0.00
3.92411,-0.455,0.610,0.00
3.93480,-0.455,0.615,0.00
3.94498,-0.461,0.615,0.00
3.95515,-0.461,0.620,0.00
3.96531,-0.461,0.620,0.00
3.97616,-0.461,0.620,0.00
3.98654,-0.461,0.620,0.00
3.99670,-0.457,0.620,0.00
4.00720,-0.457,0.624,0.00
4.01736,-0.459,0.630,0.00
4.02772,-0.459,0.630,0.00
4.03804,-0.459,0.630,0.00
4.04895,-0.459,0.630,0.00
4.05946,-0.452,0.638,0.00
4.06966,-0.452,0.638,0.00
4.07994,-0.452,0.638,0.00
4.09009,-0.445,0.638,0.00
4.10035,-0.437,0.659,0.00
4.11091,-0.437,0.659,0.00
4.12117,-0.437,0.659,0.00
4.13153,-0.437,0.659,0.00
4.14198,-0.437,0.659,0.00
4.15230,-0.432,0.675,0.00
4.16280,-0.432,0.675,0.00
4.17313,-0.432,0.675,0.00
4.18329,-0.432,0.675,0.00
4.19373,-0.432,0.689,0.00
4.20414,-0.431,0.689,0.00
4.21441,-0.431,0.689,0.00
4.22457,-0.431,0.689,0.00
4.23472,-0.431,0.701,0.00
4.24488,-0.427,0.701,0.00
4.25503,-0.427,0.701,0.00
4.26516,-0.427,0.701,0.00
4.27554,-0.427,0.701,0.00
4.28592,-0.424,0.712,0.00
4.29620,-0.424,0.712,0.00
4.30643,-0.424,0.712,0.00
4.31658,-0.424,0.712,0.00
4.32674,-0.424,0.712,0.00
4.33690,-0.424,0.712,0.00
4.34779,-0.430,0.728,0.00
4.35794,-0.442,0.748,0.00
4.36812,-0.442,0.748,0.00
4.37827,-0.456,0.769,0.00
4.38843,-0.456,0.769,0.00
4.39859,-0.456,0.769,0.00
4.40875,-0.456,0.769,0.00
4.41894,-0.456,0.769,0.00
4.42911,-0.456,0.769,0.00
4.43927,-0.456,0.769,0.00
4.44942,-0.467,0.769,0.00
4.45956,-0.467,0.792,0.00
4.46973,-0.467,0.792,0.00
4.47990,-0.467,0.808,0.00
4.49006,-0.474,0.808,0.00
4.50022,-0.474,0.815,0.00
4.51060,-0.480,0.815,0.00
4.52076,-0.486,0.814,0.00
4.53094,-0.491,0.811,0.00
4.54110,-0.493,0.805,0.00
4.55125,-0.493,0.805,0.00
4.56141,-0.498,0.799,0.00
4.57161,-0.498,0.799,0.00
4.58173,-0.498,0.799,0.00
4.59195,-0.500,0.793,0.00
4.60218,-0.500,0.793,0.00
4.61242,-0.499,0.789,0.00
4.62255,-0.499,0.786,0.00
4.63271,-0.499,0.780,0.00
4.64291,-0.500,0.780,0.00
4.65309,-0.500,0.780,0.00
4.66325,-0.500,0.780,0.00
4.67341,-0.500,0.780,0.00
4.68358,-0.500,0.780,0.00
4.69385,-0.501,0.772,0.00
4.70400,-0.501,0.772,0.00
4.71415,-0.501,0.763,0.00
4.72445,-0.507,0.757,0.00
4.73462,-0.511,0.746,0.00
4.74477,-0.511,0.746,0.00
4.75509,-0.511,0.746,0.00
4.76524,-0.512,0.740,0.00
4.77539,-0.512,0.740,0.00
4.78568,-0.511,0.740,0.00
4.79584,-0.503,0.739,0.00
4.80612,-0.495,0.742,0.00
4.81666,-0.490,0.748,0.00
4.82761,-0.484,0.760,0.00
4.83782,-0.484,0.760,0.00
4.84851,-0.475,0.770,0.00
4.85863,-0.467,0.774,0.00
4.86886,-0.464,0.773,0.00
4.87914,-0.469,0.771,0.00
4.88928,-0.474,0.764,0.00
4.89958,-0.474,0.764,0.00
4.90979,-0.475,0.755,0.00
4.91994,-0.470,0.759,0.00
4.93028,-0.468,0.764,0.00
4.94083,-0.466,0.767,0.00
4.95110,-0.465,0.771,0.00
4.96123,-0.458,0.768,0.00
4.97147,-0.462,0.769,0.00
4.98172,-0.475,0.771,0.00
4.99186,-0.527,0.749,0.00
5.00219,-0.555,0.735,0.00
5.01304,-0.561,0.719,0.00
5.02320,-0.555,0.706,0.00
5.03428,-0.555,0.706,0.00
5.04465,-0.543,0.701,0.00
5.05542,-0.543,0.701,0.00
5.06570,-0.526,0.706,0.00
5.07586,-0.526,0.706,0.00
5.08668,-0.513,0.714,0.00
5.09694,-0.513,0.714,0.00
5.10712,-0.505,0.717,0.00
5.11727,-0.505,0.717,0.00
5.12743,-0.505,0.717,0.00
5.13758,-0.505,0.717,0.00
5.14806,-0.505,0.717,0.00
5.15860,-0.492,0.717,0.00
5.16887,-0.478,0.717,0.00
5.17905,-0.464,0.714,0.00
5.18930,-0.445,0.710,0.00
5.20125,-0.445,0.710,0.00
5.21145,-0.436,0.708,0.00
5.22161,-0.439,0.708,0.00
5.23178,-0.439,0.705,0.00
5.24194,-0.446,0.705,0.00
5.25249,-0.446,0.703,0.00
5.26265,-0.458,0.703,0.00
5.27290,-0.458,0.704,0.00
5.28364,-0.468,0.714,0.00
5.29405,-0.468,0.714,0.00
5.30422,-0.470,0.714,0.00
5.31449,-0.470,0.723,0.00
5.32467,-0.455,0.731,0.00
5.33483,-0.455,0.731,0.00
5.34499,-0.430,0.731,0.00
5.35516,-0.430,0.736,0.00
5.36532,-0.430,0.736,0.00
5.37549,-0.430,0.736,0.00
5.38565,-0.376,0.744,0.00
5.39581,-0.376,0.744,0.00
5.40597,-0.359,0.753,0.00
5.41618,-0.359,0.753,0.00
5.42643,-0.348,0.761,0.00
5.43659,-0.348,0.761,0.00
5.44675,-0.345,0.767,0.00
5.45696,-0.345,0.767,0.00
5.46725,-0.349,0.773,0.00
5.47747,-0.349,0.773,0.00
5.48833,-0.362,0.779,0.00
5.49902,-0.362,0.779,0.00
5.50958,-0.373,0.783,0.00
5.51982,-0.373,0.783,0.00
5.52998,-0.380,0.785,0.00
5.54017,-0.380,0.785,0.00
5.55049,-0.377,0.790,0.00
5.56066,-0.377,0.790,0.00
5.57139,-0.367,0.797,0.00
5.58178,-0.367,0.797,0.00
5.59201,-0.354,0.805,0.00
5.60216,-0.354,0.805,0.00
5.61232,-0.342,0.819,0.00
5.62249,-0.335,0.832,0.00
5.63264,-0.335,0.832,0.00
5.64325,-0.335,0.832,0.00
5.65365,-0.332,0.845,0.00
5.66416,-0.335,0.863,0.00
5.67453,-0.335,0.863,0.00
5.68499,-0.342,0.884,0.00
5.69526,-0.342,0.884,0.00
5.70565,-0.342,0.884,0.00
5.71772,-0.352,0.907,0.00
5.72815,-0.355,0.930,0.00
5.73872,-0.355,0.930,0.00
5.74887,-0.352,0.955,0.00
5.75903,-0.350,0.955,0.00
5.76938,-0.350,0.977,0.00
5.77979,-0.344,0.996,0.00
5.79013,-0.344,0.996,0.00
5.80047,-0.344,0.996,0.00
5.81117,-0.338,1.013,0.00
5.82140,-0.339,1.029,0.00
5.83175,-0.339,1.029,0.00
5.84203,-0.339,1.029,0.00
5.85236,-0.339,1.048,0.00
5.86289,-0.339,1.071,0.00
5.87328,-0.339,1.071,0.00
5.88363,-0.337,1.094,0.00
5.89395,-0.337,1.094,0.00
5.90412,-0.337,1.117,0.00
5.91427,-0.333,1.117,0.00
5.92448,-0.330,1.141,0.00
5.93463,-0.330,1.141,0.00
5.94479,-0.330,1.158,0.00
5.95494,-0.331,1.158,0.00
5.96515,-0.333,1.171,0.00
5.97548,-0.333,1.171,0.00
5.98572,-0.334,1.186,0.00
5.99618,-0.334,1.186,0.00
6.00643,-0.333,1.186,0.00
6.01658,-0.333,1.199,0.00
6.02673,-0.329,1.205,0.00
6.03689,-0.329,1.205,0.00
6.04705,-0.325,1.207,0.00
6.05725,-0.325,1.207,0.00
6.06740,-0.321,1.209,0.00
6.07778,-0.321,1.209,0.00
6.08795,-0.320,1.206,0.00
6.09905,-0.320,1.206,0.00
6.10921,-0.318,1.197,0.00
6.11937,-0.311,1.180,0.00
6.12953,-0.311,1.180,0.00
6.14003,-0.303,1.180,0.00
6.15019,-0.303,1.159,0.00
6.16049,-0.303,1.159,0.00
6.17064,-0.294,1.142,0.00
6.18080,-0.294,1.142,0.00
6.19131,-0.285,1.130,0.00
6.20147,-0.285,1.120,0.00
6.21175,-0.277,1.120,0.00
6.22191,-0.277,1.110,0.00
6.23207,-0.267,1.110,0.00
6.24227,-0.267,1.096,0.00
6.25242,-0.255,1.096,0.00
6.26257,-0.255,1.081,0.00
6.27283,-0.238,1.081,0.00
6.28327,-0.220,1.064,0.00
6.29422,-0.220,1.064,0.00
6.30465,-0.200,1.048,0.00
6.31480,-0.200,1.048,0.00
6.32500,-0.176,1.035,0.00
6.33517,-0.176,1.035,0.00
6.34533,-0.155,1.021,0.00
6.35562,-0.155,1.021,0.00
6.36600,-0.155,1.008,0.00
6.37621,-0.135,1.008,0.00
6.38642,-0.112,1.008,0.00
6.39753,-0.112,0.997,0.00
6.40769,-0.088,0.985,0.00
6.41784,-0.088,0.985,0.00
6.42804,-0.059,0.978,0.00
6.43856,-0.059,0.978,0.00
6.44891,-0.034,0.978,0.00
6.45930,-0.034,0.977,0.00
6.47005,-0.011,0.980,0.00
6.48021,-0.011,0.980,0.00
6.49061,0.007,0.983,0.00
6.50077,0.007,0.983,0.00
6.51100,0.020,0.989,0.00
6.52115,0.020,0.989,0.00
6.53137,0.034,0.997,0.00
6.54163,0.034,0.997,0.00
6.55179,0.050,1.012,0.00
6.56194,0.050,1.012,0.00
6.57222,0.065,1.033,0.00
6.58238,0.076,1.052,0.00
6.59253,0.076,1.052,0.00
6.60270,0.084,1.071,0.00
6.61285,0.084,1.071,0.00
6.62309,0.084,1.071,0.00
6.63325,0.084,1.088,0.00
6.64342,0.084,1.088,0.00
6.65359,0.084,1.104,0.00
6.66376,0.084,1.104,0.00
6.67458,0.084,1.104,0.00
6.68476,0.086,1.124,0.00
6.69513,0.086,1.124,0.00
6.70650,0.094,1.147,0.00
6.71668,0.100,1.165,0.00
6.72687,0.101,1.176,0.00
6.73702,0.101,1.176,0.00
6.74718,0.101,1.176,0.00
6.75734,0.099,1.181,0.00
6.76752,0.095,1.179,0.00
6.77767,0.095,1.179,0.00
6.78784,0.084,1.169,0.00
6.79801,0.084,1.153,0.00
6.80818,0.072,1.153,0.00
6.81841,0.061,1.136,0.00
6.82991,0.061,1.136,0.00
6.84007,0.049,1.118,0.00
6.85023,0.049,1.118,0.00
6.86044,0.049,1.101,0.00
6.87076,0.045,1.101,0.00
6.88186,0.045,1.101,0.00
6.89224,0.046,1.086,0.00
6.90244,0.049,1.086,0.00
6.91265,0.049,1.072,0.00
6.92284,0.049,1.072,0.00
6.93299,0.050,1.063,0.00
6.94315,0.047,1.053,0.00
6.95346,0.047,1.053,0.00
6.96423,0.045,1.040,0.00
6.97447,0.045,1.040,0.00
6.98479,0.040,1.040,0.00
6.99518,0.040,1.028,0.00
7.00549,0.034,1.019,0.00
7.01566,0.034,1.019,0.00
7.02600,0.030,1.013,0.00
7.03627,0.030,1.013,0.00
7.04644,0.028,1.010,0.00
7.05677,0.028,1.010,0.00
7.06692,0.024,1.008,0.00
7.07710,0.024,1.008,0.00
7.08725,0.018,1.007,0.00
7.09742,0.018,1.007,0.00
7.10758,0.012,1.007,0.00
7.11774,0.012,1.007,0.00
7.12812,0.004,1.006,0.00
7.13826,0.004,1.006,0.00
7.14847,-0.003,1.009,0.00
7.15903,-0.003,1.009,0.00
7.16919,-0.008,1.016,0.00
7.17935,-0.008,1.016,0.00
7.18957,-0.009,1.027,0.00
7.19967,-0.009,1.027,0.00
7.21006,-0.013,1.040,0.00
7.22033,-0.018,1.054,0.00
7.23049,-0.018,1.054,0.00
7.24068,-0.028,1.054,0.00
7.25084,-0.028,1.064,0.00
7.26100,-0.028,1.064,0.00
7.27117,-0.037,1.072,0.00
7.28141,-0.037,1.072,0.00
7.29164,-0.047,1.077,0.00
7.30180,-0.054,1.081,0.00
7.31196,-0.054,1.081,0.00
7.32213,-0.054,1.087,0.00
7.33229,-0.057,1.087,0.00
7.34245,-0.057,1.088,0.00
7.35262,-0.057,1.088,0.00
7.36279,-0.057,1.088,0.00
7.37296,-0.055,1.083,0.00
7.38321,-0.054,1.074,0.00
7.39352,-0.054,1.074,0.00
7.40369,-0.058,1.066,0.00
7.41386,-0.058,1.066,0.00
7.42436,-0.058,1.055,0.00
7.43455,-0.061,1.055,0.00
7.44505,-0.066,1.041,0.00
7.45583,-0.066,1.041,0.00
7.46595,-0.075,1.026,0.00
7.47616,-0.075,1.026,0.00
7.48644,-0.085,1.017,0.00
7.49660,-0.085,1.017,0.00
7.50676,-0.085,1.017,0.00
7.51875,-0.091,1.014,0.00
7.52891,-0.100,1.018,0.00
7.53908,-0.100,1.018,0.00
7.54925,-0.107,1.026,0.00
7.55954,-0.107,1.026,0.00
7.56969,-0.114,1.039,0.00
7.57985,-0.114,1.039,0.00
7.59001,-0.119,1.053,0.00
7.60017,-0.119,1.053,0.00
7.61062,-0.124,1.066,0.00
7.62078,-0.124,1.066,0.00
7.63132,-0.130,1.078,0.00
7.64157,-0.130,1.091,0.00
7.65310,-0.138,1.091,0.00
7.66359,-0.147,1.105,0.00
7.67616,-0.147,1.105,0.00
7.68644,-0.156,1.120,0.00
7.69672,-0.156,1.120,0.00
7.70688,-0.161,1.136,0.00
7.71703,-0.161,1.136,0.00
7.72719,-0.164,1.151,0.00
7.73747,-0.164,1.151,0.00
7.74762,-0.168,1.164,0.00
7.75791,-0.179,1.175,0.00
7.76806,-0.179,1.175,0.00
7.77822,-0.179,1.175,0.00
7.78849,-0.179,1.175,0.00
7.79865,-0.202,1.175,0.00
7.80891,-0.202,1.188,0.00
7.81915,-0.206,1.188,0.00
7.82940,-0.206,1.196,0.00
7.83963,-0.206,1.203,0.00
7.84981,-0.208,1.203,0.00
7.85996,-0.208,1.203,0.00
7.87015,-0.209,1.204,0.00
7.88031,-0.209,1.199,0.00
7.89125,-0.214,1.199,0.00
7.90178,-0.222,1.189,0.00
7.91204,-0.222,1.189,0.00
7.92228,-0.229,1.179,0.00
7.93274,-0.229,1.179,0.00
7.94290,-0.233,1.166,0.00
7.95305,-0.233,1.166,0.00
7.96339,-0.232,1.159,0.00
7.97390,-0.232,1.159,0.00
7.98427,-0.233,1.156,0.00
7.99451,-0.233,1.156,0.00
8.00470,-0.233,1.155,0.00
8.01498,-0.233,1.155,0.00
8.02513,-0.236,1.155,0.00
8.03534,-0.236,1.155,0.00
8.04554,-0.239,1.155,0.00
8.05576,-0.239,1.155,0.00
8.06597,-0.241,1.155,0.00
8.07612,-0.241,1.155,0.00
8.08708,-0.244,1.158,0.00
8.09723,-0.244,1.158,0.00
8.10742,-0.244,1.158,0.00
8.11769,-0.244,1.162,0.00
8.12785,-0.244,1.167,0.00
8.13801,-0.244,1.167,0.00
8.14816,-0.243,1.174,0.00
8.15850,-0.243,1.174,0.00
8.16865,-0.241,1.185,0.00
8.17880,-0.240,1.200,0.00
8.18933,-0.240,1.200,0.00
8.19952,-0.240,1.200,0.00
8.20973,-0.241,1.212,0.00
8.21988,-0.237,1.222,0.00
8.23007,-0.237,1.222,0.00
8.24022,-0.236,1.233,0.00
8.25045,-0.236,1.233,0.00
8.26099,-0.236,1.233,0.00
8.27114,-0.230,1.246,0.00
8.28130,-0.228,1.261,0.00
8.29146,-0.228,1.261,0.00
8.30186,-0.228,1.275,0.00
8.31200,-0.228,1.275,0.00
8.32255,-0.228,1.282,0.00
8.33270,-0.228,1.282,0.00
8.34331,-0.229,1.288,0.00
8.35368,-0.229,1.288,0.00
8.36414,-0.231,1.295,0.00
8.37463,-0.231,1.295,0.00
8.38479,-0.231,1.302,0.00
8.39496,-0.231,1.302,0.00
8.40512,-0.227,1.302,0.00
8.41534,-0.227,1.307,0.00
8.42549,-0.227,1.310,0.00
8.43655,-0.227,1.310,0.00
8.44670,-0.225,1.316,0.00
8.45691,-0.225,1.316,0.00
8.46708,-0.218,1.321,0.00
8.47729,-0.218,1.321,0.00
8.48743,-0.211,1.329,0.00
8.49758,-0.211,1.336,0.00
8.50785,-0.206,1.336,0.00
8.51805,-0.206,1.322,0.00
8.52835,-0.201,1.322,0.00
8.53890,-0.201,1.322,0.00
8.54919,-0.197,1.332,0.00
8.55952,-0.197,1.348,0.00
8.56993,-0.196,1.348,0.00
8.58024,-0.196,1.348,0.00
8.59082,-0.193,1.357,0.00
8.60099,-0.193,1.357,0.00
8.61126,-0.191,1.356,0.00
8.62135,-0.191,1.356,0.00
8.63150,-0.187,1.361,0.00
8.64166,-0.190,1.364,0.00
8.65180,-0.190,1.364,0.00
8.66196,-0.190,1.364,0.00
8.67212,-0.196,1.361,0.00
8.68228,-0.204,1.357,0.00
8.69271,-0.204,1.357,0.00
8.70326,-0.210,1.355,0.00
8.71333,-0.210,1.355,0.00
8.72347,-0.210,1.347,0.00
8.73381,-0.212,1.347,0.00
8.74397,-0.212,1.341,0.00
8.75411,-0.212,1.341,0.00
8.76427,-0.213,1.341,0.00
8.77444,-0.213,1.341,0.00
8.78460,-0.214,1.345,0.00
8.79489,-0.214,1.345,0.00
8.80514,-0.217,1.350,0.00
8.81529,-0.217,1.350,0.00
8.82549,-0.220,1.351,0.00
8.83567,-0.220,1.351,0.00
8.84591,-0.227,1.351,0.00
8.85627,-0.227,1.351,0.00
8.86644,-0.235,1.354,0.00
8.87699,-0.235,1.354,0.00
8.88714,-0.242,1.358,0.00
8.89730,-0.242,1.358,0.00
8.90746,-0.251,1.359,0.00
8.91762,-0.251,1.359,0.00
8.92777,-0.259,1.354,0.00
8.93792,-0.259,1.341,0.00
8.94839,-0.268,1.341,0.00
8.95881,-0.268,1.322,0.00
8.96974,-0.274,1.322,0.00
8.97989,-0.274,1.322,0.00
8.99030,-0.279,1.299,0.00
9.00077,-0.279,1.279,0.00
9.01108,-0.282,1.279,0.00
9.02143,-0.282,1.279,0.00
9.03171,-0.284,1.259,0.00
9.04186,-0.284,1.245,0.00
9.05230,-0.286,1.245,0.00
9.06250,-0.289,1.245,0.00
9.07276,-0.289,1.236,0.00
9.08291,-0.288,1.236,0.00
9.09307,-0.288,1.233,0.00
9.10322,-0.285,1.233,0.00
9.11348,-0.285,1.234,0.00
9.12391,-0.284,1.235,0.00
9.13455,-0.284,1.235,0.00
9.14470,-0.286,1.237,0.00
9.15515,-0.286,1.237,0.00
9.16532,-0.284,1.239,0.00
9.17601,-0.284,1.239,0.00
9.18607,-0.281,1.249,0.00
9.19661,-0.281,1.249,0.00
9.20694,-0.281,1.260,0.00
9.21759,-0.281,1.260,0.00
9.22786,-0.276,1.272,0.00
9.23821,-0.266,1.272,0.00
9.24836,-0.266,1.283,0.00
9.25873,-0.266,1.283,0.00
9.26889,-0.257,1.293,0.00
9.27914,-0.257,1.303,0.00
9.28929,-0.251,1.303,0.00
9.29958,-0.251,1.303,0.00
9.31064,-0.249,1.311,0.00
9.32080,-0.247,1.317,0.00
9.33119,-0.247,1.317,0.00
9.34155,-0.246,1.323,0.00
9.35205,-0.246,1.323,0.00
9.36227,-0.241,1.325,0.00
9.37266,-0.241,1.325,0.00
9.38289,-0.234,1.325,0.00
9.39308,-0.234,1.325,0.00
9.40325,-0.231,1.322,0.00
9.41344,-0.231,1.322,0.00
9.42367,-0.225,1.322,0.00
9.43382,-0.225,1.322,0.00
9.44455,-0.222,1.319,0.00
9.45481,-0.222,1.319,0.00
9.46533,-0.220,1.312,0.00
9.47549,-0.220,1.312,0.00
9.48565,-0.218,1.304,0.00
9.49581,-0.218,1.304,0.00
9.50596,-0.216,1.297,0.00
9.51612,-0.216,1.297,0.00
9.52629,-0.216,1.297,0.00
9.53652,-0.212,1.287,0.00
9.54667,-0.210,1.275,0.00
9.55682,-0.210,1.275,0.00
9.56698,-0.207,1.261,0.00
9.57713,-0.207,1.261,0.00
9.58728,-0.204,1.246,0.00
9.59754,-0.204,1.246,0.00
9.60775,-0.197,1.234,0.00
9.61808,-0.197,1.234,0.00
9.62840,-0.193,1.226,0.00
9.63874,-0.192,1.226,0.00
9.64890,-0.192,1.220,0.00
9.65907,-0.192,1.220,0.00
9.66946,-0.194,1.214,0.00
9.67997,-0.194,1.214,0.00
9.69012,-0.200,1.212,0.00
9.70028,-0.200,1.212,0.00
9.71060,-0.209,1.215,0.00
9.72077,-0.209,1.215,0.00
9.73100,-0.211,1.220,0.00
9.74130,-0.211,1.220,0.00
9.75158,-0.211,1.225,0.00
9.76177,-0.211,1.225,0.00
9.77203,-0.210,1.231,0.00
9.78220,-0.210,1.231,0.00
9.79236,-0.210,1.237,0.00
9.80256,-0.210,1.240,0.00
9.81295,-0.210,1.240,0.00
9.82409,-0.215,1.243,0.00
9.83451,-0.215,1.243,0.00
9.84480,-0.223,1.247,0.00
9.85504,-0.223,1.247,0.00
9.86526,-0.233,1.253,0.00
9.87547,-0.233,1.253,0.00
9.88573,-0.241,1.254,0.00
9.89594,-0.241,1.254,0.00
9.90610,-0.251,1.255,0.00
9.91624,-0.251,1.255,0.00
9.92646,-0.258,1.253,0.00
9.93663,-0.258,1.253,0.00
9.94695,-0.263,1.251,0.00
9.95805,-0.263,1.251,0.00
9.96822,-0.269,1.251,0.00
9.97861,-0.269,1.251,0.00
9.98876,-0.277,1.256,0.00
9.99892,-0.277,1.260,0.00
10.00921,-0.284,1.260,0.00
10.01956,-0.284,1.260,0.00
10.02971,-0.286,1.260,0.00
10.03993,-0.286,1.260,0.00
10.05009,-0.290,1.260,0.00
10.06025,-0.290,1.258,0.00
10.07041,-0.290,1.258,0.00
10.08057,-0.295,1.261,0.00
10.09072,-0.295,1.266,0.00
10.10117,-0.296,1.273,0.00
10.11134,-0.296,1.273,0.00
10.12284,-0.300,1.279,0.00
10.13296,-0.300,1.279,0.00
10.14312,-0.303,1.283,0.00
10.15334,-0.303,1.283,0.00
10.16352,-0.306,1.286,0.00
10.17367,-0.306,1.286,0.00
10.18384,-0.307,1.288,0.00
10.19416,-0.307,1.288,0.00
10.20434,-0.306,1.291,0.00
10.21458,-0.306,1.291,0.00
10.22475,-0.301,1.299,0.00
10.23540,-0.301,1.299,0.00
10.24556,-0.296,1.311,0.00
10.25577,-0.296,1.311,0.00
10.26593,-0.292,1.327,0.00
10.27659,-0.292,1.327,0.00
10.28675,-0.289,1.343,0.00
10.29691,-0.289,1.343,0.00
10.30707,-0.284,1.359,0.00
10.31747,-0.284,1.371,0.00
10.32778,-0.278,1.371,0.00
10.33798,-0.273,1.371,0.00
10.34815,-0.273,1.381,0.00
10.35840,-0.273,1.381,0.00
10.36854,-0.271,1.387,0.00
10.37891,-0.264,1.387,0.00
10.38977,-0.264,1.393,0.00
10.39993,-0.258,1.393,0.00
10.41113,-0.258,1.401,0.00
10.42129,-0.249,1.401,0.00
10.43145,-0.249,1.409,0.00
10.44222,-0.239,1.417,0.00
10.45238,-0.239,1.417,0.00
10.46343,-0.230,1.424,0.00
10.47366,-0.230,1.424,0.00
10.48381,-0.225,1.430,0.00
10.49395,-0.225,1.430,0.00
10.50415,-0.224,1.438,0.00
10.51441,-0.224,1.438,0.00
10.52457,-0.223,1.447,0.00
10.53482,-0.223,1.447,0.00
10.54498,-0.224,1.458,0.00
10.55516,-0.224,1.458,0.00
10.56533,-0.224,1.458,0.00
10.57623,-0.224,1.472,0.00
10.58645,-0.223,1.484,0.00
10.59660,-0.223,1.484,0.00
10.60676,-0.225,1.494,0.00
10.61691,-0.225,1.494,0.00
10.62710,-0.229,1.503,0.00
10.63748,-0.229,1.511,0.00
10.64764,-0.234,1.511,0.00
10.65813,-0.234,1.511,0.00
10.66829,-0.235,1.515,0.00
10.67859,-0.235,1.515,0.00
10.68873,-0.235,1.517,0.00
10.69888,-0.235,1.517,0.00
10.70914,-0.235,1.522,0.00
10.71931,-0.236,1.524,0.00
10.72960,-0.236,1.524,0.00
10.74007,-0.236,1.524,0.00
10.75043,-0.238,1.521,0.00
10.76085,-0.238,1.521,0.00
10.77114,-0.242,1.518,0.00
10.78148,-0.245,1.516,0.00
10.79187,-0.245,1.516,0.00
10.80203,-0.249,1.514,0.00
10.81228,-0.249,1.514,0.00
10.82277,-0.250,1.510,0.00
10.83293,-0.250,1.510,0.00
10.84313,-0.254,1.510,0.00
10.85330,-0.254,1.503,0.00
10.86349,-0.265,1.497,0.00
10.87366,-0.265,1.497,0.00
10.88383,-0.280,1.492,0.00
10.89403,-0.280,1.492,0.00
10.90419,-0.290,1.487,0.00
10.91452,-0.290,1.487,0.00
10.92490,-0.301,1.482,0.00
10.93519,-0.301,1.482,0.00
10.94524,-0.312,1.473,0.00
10.95540,-0.312,1.473,0.00
10.96559,-0.314,1.459,0.00
10.97621,-0.314,1.459,0.00
10.98656,-0.305,1.447,0.00
10.99672,-0.305,1.447,0.00
11.00689,-0.296,1.438,0.00
11.01738,-0.296,1.438,0.00
11.02765,-0.291,1.435,0.00
11.03793,-0.295,1.435,0.00
11.04826,-0.295,1.435,0.00
11.05873,-0.301,1.435,0.00
11.06930,-0.301,1.433,0.00
11.07947,-0.301,1.428,0.00
11.08978,-0.301,1.428,0.00
11.09982,-0.301,1.428,0.00
11.10996,-0.301,1.423,0.00
11.12021,-0.299,1.423,0.00
11.13081,-0.299,1.416,0.00
11.14108,-0.301,1.413,0.00
11.15134,-0.301,1.413,0.00
11.16173,-0.304,1.412,0.00
11.17214,-0.304,1.412,0.00
11.18241,-0.304,1.414,0.00
11.19256,-0.312,1.414,0.00
11.20277,-0.316,1.415,0.00
11.21312,-0.316,1.415,0.00
11.22329,-0.316,1.418,0.00
11.23345,-0.316,1.418,0.00
11.24361,-0.311,1.419,0.00
11.25380,-0.311,1.419,0.00
11.26396,-0.307,1.421,0.00
11.27424,-0.307,1.421,0.00
11.28449,-0.309,1.422,0.00
11.29464,-0.309,1.422,0.00
11.30482,-0.312,1.426,0.00
11.31498,-0.312,1.426,0.00
11.32514,-0.316,1.432,0.00
11.33530,-0.316,1.432,0.00
11.34546,-0.317,1.436,0.00
11.35576,-0.317,1.436,0.00
11.36590,-0.314,1.438,0.00
11.37606,-0.314,1.438,0.00
11.38625,-0.306,1.448,0.00
11.39735,-0.306,1.448,0.00
11.40762,-0.300,1.462,0.00
11.41778,-0.300,1.462,0.00
11.42862,-0.299,1.474,0.00
11.43887,-0.298,1.485,0.00
11.44903,-0.298,1.485,0.00
11.45921,-0.298,1.494,0.00
11.47020,-0.298,1.494,0.00
11.48027,-0.299,1.502,0.00
11.49091,-0.299,1.502,0.00
11.50114,-0.299,1.507,0.00
11.51210,-0.298,1.507,0.00
11.52224,-0.295,1.514,0.00
11.53240,-0.295,1.514,0.00
11.54277,-0.299,1.523,0.00
11.55313,-0.299,1.523,0.00
11.56342,-0.301,1.526,0.00
11.57375,-0.301,1.526,0.00
11.58407,-0.303,1.525,0.00
11.59448,-0.303,1.525,0.00
11.60470,-0.303,1.519,0.00
11.61497,-0.303,1.519,0.00
11.62524,-0.305,1.509,0.00
11.63538,-0.305,1.509,0.00
11.64561,-0.306,1.500,0.00
11.65642,-0.306,1.500,0.00
11.66679,-0.310,1.496,0.00
11.67694,-0.310,1.496,0.00
11.68724,-0.315,1.494,0.00
11.69759,-0.316,1.494,0.00
11.70797,-0.316,1.490,0.00
11.71821,-0.316,1.490,0.00
11.72856,-0.316,1.490,0.00
11.73871,-0.316,1.484,0.00
11.74892,-0.323,1.475,0.00
11.75924,-0.323,1.475,0.00
11.76940,-0.333,1.466,0.00
11.77992,-0.333,1.466,0.00
11.79012,-0.343,1.454,0.00
11.80029,-0.343,1.454,0.00
11.81050,-0.357,1.445,0.00
11.82066,-0.375,1.437,0.00
11.83082,-0.375,1.437,0.00
11.84097,-0.375,1.437,0.00
11.85119,-0.395,1.430,0.00
11.86165,-0.395,1.430,0.00
11.87186,-0.420,1.424,0.00
11.88297,-0.443,1.418,0.00
11.89314,-0.443,1.418,0.00
11.90330,-0.463,1.414,0.00
11.91367,-0.463,1.414,0.00
11.92383,-0.478,1.407,0.00
11.93402,-0.478,1.407,0.00
11.94418,-0.494,1.402,0.00
11.95445,-0.494,1.402,0.00
11.96462,-0.509,1.397,0.00
11.97479,-0.509,1.397,0.00
11.98496,-0.521,1.392,0.00
11.99518,-0.521,1.392,0.00
12.00654,-0.534,1.386,0.00
12.01738,-0.534,1.386,0.00
12.02783,-0.548,1.377,0.00
12.03801,-0.565,1.362,0.00
12.04838,-0.565,1.362,0.00
12.05879,-0.565,1.348,0.00
12.06909,-0.586,1.348,0.00
12.07940,-0.608,1.336,0.00
12.08971,-0.608,1.336,0.00
12.10005,-0.625,1.336,0.00
12.11078,-0.625,1.323,0.00
12.12103,-0.634,1.323,0.00
12.13122,-0.634,1.316,0.00
12.14139,-0.634,1.316,0.00
12.15156,-0.641,1.316,0.00
12.16173,-0.645,1.323,0.00
12.17199,-0.645,1.323,0.00
12.18285,-0.649,1.337,0.00
12.19326,-0.649,1.337,0.00
12.20351,-0.654,1.356,0.00
12.21366,-0.654,1.356,0.00
12.22382,-0.657,1.386,0.00
12.23397,-0.657,1.386,0.00
12.24413,-0.661,1.415,0.00
12.25427,-0.661,1.415,0.00
12.26442,-0.664,1.441,0.00
12.27480,-0.664,1.441,0.00
12.28520,-0.668,1.459,0.00
12.29579,-0.668,1.459,0.00
12.30594,-0.673,1.473,0.00
12.31631,-0.673,1.473,0.00
12.32665,-0.681,1.478,0.00
12.33695,-0.681,1.478,0.00
12.34731,-0.688,1.471,0.00
12.35762,-0.688,1.457,0.00
12.36796,-0.696,1.457,0.00
12.37910,-0.696,1.457,0.00
12.38932,-0.706,1.435,0.00
12.39944,-0.706,1.435,0.00
12.41090,-0.714,1.406,0.00
12.42111,-0.724,1.365,0.00
12.43143,-0.724,1.365,0.00
12.44342,-0.735,1.325,0.00
12.45359,-0.735,1.325,0.00
12.46375,-0.741,1.284,0.00
12.47390,-0.741,1.284,0.00
12.48406,-0.741,1.284,0.00
12.49423,-0.744,1.245,0.00
12.50454,-0.744,1.210,0.00
12.51597,-0.750,1.210,0.00
12.52613,-0.755,1.177,0.00
12.53628,-0.755,1.177,0.00
12.54660,-0.765,1.146,0.00
12.55675,-0.765,1.146,0.00
12.56695,-0.779,1.116,0.00
12.57722,-0.779,1.116,0.00
12.58738,-0.791,1.082,0.00
12.59755,-0.791,1.082,0.00
12.60784,-0.795,1.052,0.00
12.61800,-0.795,1.022,0.00
12.62816,-0.795,1.022,0.00
12.63869,-0.795,1.022,0.00
12.64895,-0.786,0.999,0.00
12.66014,-0.786,0.999,0.00
12.67083,-0.774,0.980,0.00
12.68097,-0.774,0.980,0.00
12.69135,-0.753,0.969,0.00
12.70151,-0.713,0.967,0.00
12.71206,-0.713,0.967,0.00
12.72349,-0.713,0.967,0.00
12.73365,-0.663,0.974,0.00
12.74410,-0.601,0.991,0.00
12.75449,-0.601,0.991,0.00
12.76488,-0.541,1.007,0.00
12.77508,-0.541,1.007,0.00
12.78524,-0.541,1.007,0.00
12.79546,-0.488,1.025,0.00
12.80571,-0.437,1.042,0.00
12.81645,-0.437,1.042,0.00
12.82674,-0.382,1.056,0.00
12.83772,-0.382,1.056,0.00
12.84797,-0.332,1.066,0.00
12.85942,-0.332,1.066,0.00
12.86960,-0.297,1.071,0.00
12.87976,-0.270,1.071,0.00
12.89002,-0.270,1.071,0.00
12.90018,-0.270,1.071,0.00
12.91044,-0.257,1.066,0.00
12.92066,-0.248,1.066,0.00
12.93111,-0.248,1.060,0.00
12.94156,-0.248,1.060,0.00
12.95194,-0.243,1.050,0.00
12.96218,-0.246,1.050,0.00
12.97250,-0.246,1.038,0.00
12.98265,-0.246,1.038,0.00
12.99279,-0.253,1.029,0.00
13.00322,-0.264,1.021,0.00
13.01359,-0.264,1.021,0.00
13.02374,-0.264,1.021,0.00
13.03390,-0.277,1.018,0.00
13.04406,-0.286,1.016,0.00
13.05420,-0.286,1.016,0.00
13.06436,-0.291,1.016,0.00
13.07500,-0.291,1.016,0.00
13.08515,-0.289,1.016,0.00
13.09530,-0.289,1.021,0.00
13.10540,-0.289,1.029,0.00
13.11556,-0.284,1.029,0.00
13.12575,-0.275,1.040,0.00
13.13590,-0.275,1.040,0.00
13.14605,-0.271,1.053,0.00
13.15621,-0.271,1.053,0.00
13.16637,-0.274,1.069,0.00
13.17653,-0.274,1.069,0.00
13.18678,-0.274,1.069,0.00
13.19696,-0.274,1.069,0.00
13.20713,-0.281,1.087,0.00
13.21748,-0.281,1.087,0.00
13.22803,-0.280,1.105,0.00
13.23818,-0.280,1.105,0.00
13.24833,-0.280,1.128,0.00
13.25863,-0.283,1.128,0.00
13.26893,-0.283,1.151,0.00
13.27905,-0.283,1.151,0.00
13.28931,-0.294,1.177,0.00
13.29953,-0.294,1.177,0.00
13.30980,-0.306,1.206,0.00
13.31997,-0.306,1.206,0.00
13.33048,-0.316,1.235,0.00
13.34064,-0.326,1.235,0.00
13.35086,-0.326,1.263,0.00
13.36103,-0.333,1.263,0.00
13.37124,-0.333,1.293,0.00
13.38163,-0.335,1.293,0.00
13.39178,-0.335,1.324,0.00
13.40300,-0.335,1.324,0.00
13.41334,-0.337,1.351,0.00
13.42350,-0.344,1.375,0.00
13.43366,-0.344,1.375,0.00
13.44382,-0.349,1.392,0.00
13.45401,-0.349,1.392,0.00
13.46433,-0.355,1.401,0.00
13.47458,-0.355,1.401,0.00
13.48486,-0.364,1.409,0.00
13.49501,-0.364,1.409,0.00
13.50517,-0.378,1.423,0.00
13.51536,-0.378,1.423,0.00
13.52552,-0.388,1.444,0.00
13.53657,-0.388,1.444,0.00
13.54676,-0.396,1.465,0.00
13.55774,-0.396,1.482,0.00
13.56809,-0.403,1.482,0.00
13.57920,-0.403,1.482,0.00
13.58948,-0.410,1.501,0.00
13.59973,-0.410,1.501,0.00
13.61096,-0.414,1.516,0.00
13.62112,-0.414,1.533,0.00
13.63224,-0.417,1.533,0.00
13.64319,-0.420,1.552,0.00
13.65361,-0.420,1.552,0.00
13.66408,-0.425,1.569,0.00
13.67424,-0.425,1.569,0.00
13.68440,-0.431,1.587,0.00
13.69455,-0.431,1.587,0.00
13.70494,-0.438,1.601,0.00
13.71510,-0.438,1.601,0.00
13.72528,-0.444,1.614,0.00
13.73754,-0.444,1.614,0.00
13.74830,-0.446,1.627,0.00
13.75850,-0.446,1.627,0.00
13.76868,-0.449,1.636,0.00
13.77910,-0.449,1.642,0.00
13.78924,-0.453,1.642,0.00
13.79940,-0.453,1.648,0.00
13.80954,-0.456,1.648,0.00
13.81970,-0.456,1.655,0.00
13.82985,-0.454,1.655,0.00
13.84000,-0.456,1.661,0.00
13.85055,-0.456,1.661,0.00
13.86070,-0.437,1.661,0.00
13.87090,-0.437,1.669,0.00
13.88117,-0.408,1.678,0.00
13.89161,-0.408,1.678,0.00
13.90180,-0.326,1.685,0.00
13.91199,-0.326,1.685,0.00
13.92214,-0.207,1.692,0.00
13.93237,-0.207,1.692,0.00
13.94371,-0.207,1.692,0.00
13.95387,-0.098,1.697,0.00
13.96402,0.046,1.702,0.00
13.97458,0.046,1.702,0.00
13.98497,0.231,1.706,0.00
13.99685,0.231,1.706,0.00
14.00702,0.451,1.708,0.00
14.01725,0.451,1.708,0.00
14.02741,0.693,1.710,0.00
14.03757,0.693,1.710,0.00
14.04804,0.693,1.710,0.00
14.05847,0.965,1.711,0.00
14.06871,1.278,1.711,0.00
14.07933,1.278,1.710,0.00
14.09010,1.660,1.710,0.00
14.10055,1.660,1.711,0.00
14.11075,2.101,1.711,0.00
14.12115,2.101,1.713,0.00
14.13151,2.603,1.713,0.00
14.14361,2.603,1.713,0.00
14.15379,3.178,1.718,0.00
14.16405,3.178,1.723,0.00
14.17455,3.820,1.723,0.00
14.18486,3.820,1.728,0.00
14.19594,4.543,1.728,0.00
14.20623,5.357,1.729,0.00
14.21796,5.357,1.729,0.00
14.22881,6.240,1.731,0.00
14.23898,6.240,1.731,0.00
14.24914,7.189,1.734,0.00
14.25958,7.189,1.734,0.00
14.27019,7.189,1.734,0.00
14.28034,8.191,1.735,0.00
14.29058,9.212,1.734,0.00
14.30094,9.212,1.734,0.00
14.31114,9.212,1.734,0.00
14.33081,10.247,1.734,0.00
14.34101,11.278,1.734,0.00
14.35118,12.284,1.735,0.00
14.36326,12.284,1.735,8.00
14.37378,13.268,1.739,8.00
14.38403,14.235,1.747,8.00
14.39576,14.235,1.747,8.00
14.40614,14.235,1.747,8.00
14.41648,15.184,1.755,8.00
14.42774,16.099,1.765,8.00
14.43879,16.099,1.765,8.00
14.45050,16.950,1.775,8.00
14.47476,16.950,1.775,8.00
14.48522,18.408,1.792,8.00
14.50716,18.408,1.796,8.00
14.51734,18.960,1.800,8.00
14.53876,19.395,1.800,8.00
14.54893,19.698,1.808,8.00
14.57100,19.882,1.819,8.00
14.58136,19.900,1.833,8.00
14.59177,19.900,1.833,8.00
14.60816,19.900,1.848,8.00
14.61862,19.721,1.859,8.00
14.63554,19.386,1.859,8.00
14.64573,18.952,1.866,8.00
14.65607,18.952,1.866,8.00
14.68309,18.425,1.871,8.00
14.69328,17.786,1.871,8.00
14.70356,17.786,1.871,8.00
14.71372,17.017,1.871,8.00
14.72388,17.017,1.871,8.00
14.74666,17.017,1.871,8.00
14.75684,15.153,2.002,8.00
14.77989,14.077,2.193,8.00
14.79018,12.935,2.406,8.00
14.81067,12.935,2.615,8.00
14.82177,11.767,2.615,8.00
14.83195,10.586,2.829,8.00
14.84583,9.441,2.829,8.00
14.85612,9.441,3.036,8.00
14.86630,8.352,3.239,8.00
14.87697,8.352,3.239,8.00
14.88715,8.352,3.460,8.00
14.89751,7.305,3.460,8.00
14.90816,6.294,3.695,8.00
14.91876,6.294,3.695,8.00
14.92990,6.294,4.010,8.00
14.94040,5.318,4.010,8.00
14.95058,4.425,4.378,8.00
14.96089,4.425,4.378,8.00
14.97115,3.627,4.766,8.00
14.98131,2.920,5.144,8.00
14.99153,2.920,5.144,8.00
15.01910,2.291,5.595,8.00
15.02967,1.707,6.140,8.00
15.05228,1.707,6.140,8.50
15.06257,1.162,6.755,8.50
15.08259,1.162,7.206,8.50
15.09278,0.494,7.593,8.50
15.10323,0.603,8.000,8.50
15.11679,0.603,8.000,8.50
15.12696,0.801,8.447,8.50
15.14682,0.801,8.447,8.50
15.15708,1.076,8.944,8.50
15.16724,1.336,9.496,8.50
15.17985,1.512,9.496,8.50
15.19007,1.512,10.101,8.50
15.20023,1.512,10.101,8.50
15.21148,1.663,10.828,8.50
15.22170,1.663,11.444,8.50
15.23216,1.815,11.444,8.50
15.24364,1.963,12.026,8.50
15.25392,1.963,12.026,8.50
15.26445,2.035,12.573,8.50
15.27722,2.035,12.573,8.50
15.28737,2.076,13.101,8.50
15.29782,2.076,13.101,8.50
15.32286,2.076,13.101,8.50
15.33304,2.130,14.220,8.50
15.35516,2.104,14.804,8.50
15.36535,2.025,15.411,8.50
15.38698,2.025,16.022,8.50
15.39729,1.899,16.022,8.50
15.42187,1.742,16.685,8.50
15.43207,1.586,17.326,8.50
15.44256,1.586,18.002,8.50
15.45291,1.433,18.002,8.50
15.46369,1.283,18.642,8.50
15.47427,1.283,18.642,8.50
15.48452,1.142,19.275,8.50
15.49467,1.142,19.275,8.50
15.50483,1.004,19.869,8.50
15.52127,0.870,20.545,8.50
15.53194,0.870,20.545,8.50
15.54217,0.776,21.179,8.50
15.55270,0.776,21.179,8.50
15.56322,0.773,21.804,8.50
15.57349,0.773,21.804,8.50
15.59581,0.849,22.433,8.50
15.60599,0.973,23.065,8.50
15.62750,0.973,23.065,8.50
15.63791,0.973,23.065,8.50
15.65857,0.973,23.672,8.50
15.66876,1.273,24.314,8.50
15.67895,1.412,24.950,8.50
15.69177,1.525,25.622,8.50
15.70206,1.620,26.220,8.50
15.71225,1.620,26.220,8.50
15.72529,1.620,26.220,8.50
15.73551,1.703,26.843,8.50
15.74566,1.766,27.481,8.50
15.75716,1.766,27.481,8.50
15.77005,1.766,27.481,8.50
15.78756,1.804,28.135,8.50
15.79775,1.821,28.819,8.50
15.80791,1.821,29.499,8.50
15.81912,1.821,29.499,8.50
15.82940,1.821,29.499,8.50
15.83988,1.783,29.499,8.50
15.85087,1.783,30.161,8.50
15.86108,1.783,30.161,8.50
15.87125,1.740,30.887,8.50
15.89996,1.681,31.518,8.50
15.91040,1.610,32.160,8.50
15.93325,1.538,32.776,8.50
15.94341,1.477,33.401,8.50
15.96280,1.477,33.401,8.50
15.97285,1.422,34.018,8.50
15.99557,1.391,34.616,8.50
16.00593,1.394,35.255,8.50
16.02797,1.428,35.895,8.50
16.03813,1.428,35.895,8.50
16.04847,1.477,36.639,8.50
16.05926,1.477,36.639,8.50
16.06943,1.542,37.291,8.50
16.07959,1.542,37.291,8.50
16.08975,1.614,37.902,0.00
16.09991,1.614,37.902,0.00
16.11010,1.668,38.507,0.00
16.12042,1.668,39.073,0.00
16.13058,1.721,39.073,0.00
16.14142,1.721,39.073,0.00
16.15177,1.744,39.652,0.00
16.16197,1.744,39.652,0.00
16.17215,1.739,40.207,0.00
16.18243,1.708,40.810,0.00
16.19263,1.708,40.810,0.00
16.20312,1.708,40.810,0.00
16.21328,1.674,41.351,0.00
16.22420,1.657,41.765,0.00
16.23454,1.657,41.765,0.00
16.24514,1.664,42.245,0.00
16.25535,1.664,42.245,0.00
16.26550,1.674,42.739,0.00
16.27572,1.674,42.739,0.00
16.28588,1.659,43.269,0.00
16.29605,1.659,43.269,0.00
16.30621,1.609,43.774,0.00
16.31636,1.609,43.774,0.00
16.32713,1.509,44.239,0.00
16.33727,1.509,44.239,0.00
16.34855,1.509,44.239,0.00
16.35871,1.392,44.692,0.00
16.36888,1.392,44.692,0.00
16.37939,1.288,45.137,0.00
16.38955,1.206,45.487,0.00
16.39994,1.206,45.487,0.00
16.41075,1.169,45.790,0.00
16.42109,1.179,45.956,0.00
16.43136,1.179,45.956,0.00
16.44152,1.179,45.956,0.00
16.45181,1.222,46.076,0.00
16.46201,1.222,46.076,0.00
16.47232,1.281,46.115,0.00
16.48284,1.332,46.140,0.00
16.49309,1.332,46.140,0.00
16.50354,1.332,46.140,0.00
16.51424,1.332,46.140,0.00
16.52441,1.387,46.010,0.00
16.53467,1.387,45.720,0.00
16.54501,1.374,45.720,0.00
16.55518,1.374,45.482,0.00
16.56569,1.341,45.293,0.00
16.57589,1.341,45.293,0.00
16.58605,1.308,45.130,0.00
16.59621,1.308,45.130,0.00
16.60675,1.272,44.962,0.00
16.61700,1.272,44.962,0.00
16.62716,1.222,44.811,0.00
16.63775,1.222,44.811,0.00
16.64801,1.161,44.660,0.00
16.65830,1.161,44.660,0.00
16.66860,1.085,44.487,0.00
16.67876,1.085,44.487,0.00
16.68914,1.004,44.487,0.00
16.69957,1.004,44.219,0.00
16.71002,0.926,44.219,0.00
16.72035,0.926,43.867,0.00
16.73155,0.926,43.867,0.00
16.74178,0.868,43.404,0.00
16.75194,0.828,42.917,0.00
16.76210,0.828,42.917,0.00
16.77232,0.828,42.917,0.00
16.78259,0.828,42.917,0.00
16.79279,0.801,42.407,0.00
16.80295,0.801,42.407,0.00
16.81320,0.801,41.838,0.00
16.82337,0.781,41.228,0.00
16.83353,0.765,41.228,0.00
16.84388,0.765,41.228,0.00
16.85422,0.765,41.228,0.00
16.86457,0.765,41.228,0.00
16.87491,0.765,41.228,0.00
16.88525,0.747,40.660,0.00
16.89542,0.747,40.660,0.00
16.90561,0.747,40.660,0.00
16.91577,0.725,40.660,0.00
16.92594,0.709,39.512,0.00
16.93614,0.709,39.512,0.00
16.94630,0.693,38.912,0.00
16.95660,0.693,38.912,0.00
16.96681,0.667,38.312,0.00
16.97697,0.667,38.312,0.00
16.98712,0.667,38.312,0.00
16.99739,0.667,38.312,0.00
17.00756,0.635,37.732,0.00
17.01785,0.635,37.732,0.00
17.02839,0.595,37.146,0.00
17.03856,0.521,36.454,0.00
17.04876,0.490,35.642,0.00
17.05924,0.466,33.725,0.00
17.06939,0.439,32.754,0.00
17.07956,0.407,31.714,0.00
17.10183,0.373,30.638,0.00
17.11923,0.344,29.574,0.00
17.13272,0.316,28.537,0.00
17.14918,0.316,28.537,0.00
17.16055,0.296,27.516,0.00
17.17621,0.296,27.516,0.00
17.20531,0.276,25.390,0.00
17.21669,0.264,24.370,0.00
17.22708,0.264,24.370,0.00
17.23756,0.250,24.370,0.00
17.24872,0.235,22.285,0.00
17.25917,0.235,22.285,0.00
17.26975,0.235,22.285,0.00
17.28500,0.235,22.285,0.00
17.30295,0.177,20.131,0.00
17.31955,0.135,19.092,0.00
17.33536,0.090,18.009,0.00
17.35168,0.090,17.132,0.00
17.37188,-0.029,16.360,0.00
17.38764,-0.029,15.638,0.00
17.40504,-0.150,15.004,0.00
17.41586,-0.150,15.004,0.00
17.42687,-0.150,14.430,0.00
17.43972,-0.257,14.430,0.00
17.46506,-0.257,13.883,0.00
17.48080,-0.257,12.901,0.00
17.49358,-0.257,12.901,0.00
17.51551,-0.373,12.409,0.00
17.52596,-0.373,12.409,0.00
17.53864,-0.405,12.024,0.00
17.55446,-0.442,12.024,0.00
17.57099,-0.476,11.489,0.00
17.58567,-0.476,11.355,0.00
17.59628,-0.501,11.355,0.00
17.60869,-0.515,11.355,0.00
17.61923,-0.515,11.315,0.00
17.63118,-0.515,11.315,0.00
17.64226,-0.527,11.363,0.00
17.65240,-0.527,11.474,0.00
17.66346,-0.527,11.631,0.00
17.67478,-0.536,11.631,0.00
17.68576,-0.551,11.787,0.00
17.69647,-0.551,11.787,0.00
17.70674,-0.551,11.787,0.00
17.72095,-0.551,11.964,0.00
17.73471,-0.575,12.164,0.00
17.74598,-0.575,12.389,0.00
17.76833,-0.616,12.389,0.00
17.77969,-0.616,12.621,0.00
17.79540,-0.616,12.854,0.00
17.80681,-0.665,13.080,0.00
17.81904,-0.665,13.080,0.00
17.82973,-0.665,13.322,0.00
17.87510,-0.733,13.693,0.00
17.88567,-0.733,13.837,0.00
17.89598,-0.747,13.837,0.00
17.91181,-0.761,13.954,0.00
17.93197,-0.761,14.051,0.00
17.94243,-0.784,14.051,0.00
17.96190,-0.784,14.131,0.00
17.97501,-0.784,14.190,0.00
17.98579,-0.790,14.190,0.00
18.00242,-0.792,14.232,0.00
18.02666,-0.794,14.257,0.00
18.03776,-0.798,14.272,0.00
18.05948,-0.807,14.277,0.00
18.07145,-0.821,14.266,0.00
18.08180,-0.821,14.266,0.00
18.13321,-0.833,14.266,0.00
18.14432,-0.833,14.165,0.00
18.18997,-0.832,14.071,0.00
18.20044,-0.387,-0.204,0.00
18.21056,-0.389,-0.241,0.00
18.22153,-0.389,-0.241,0.00
18.23169,-0.394,-0.264,0.00
18.24185,-0.402,-0.270,0.00
18.25202,-0.402,-0.270,0.00
18.26229,-0.404,-0.270,0.00
18.27265,-0.404,-0.266,0.00
18.28281,-0.402,-0.253,0.00
18.29295,-0.402,-0.253,0.00
18.30316,-0.402,-0.253,0.00
18.31342,-0.386,-0.234,0.00
18.32366,-0.386,-0.234,0.00
18.33382,-0.365,-0.213,0.00
18.34410,-0.365,-0.213,0.00
18.35426,-0.321,-0.194,0.00
18.36442,-0.244,-0.174,0.00
18.37458,-0.244,-0.174,0.00
18.38474,-0.161,-0.154,0.00
18.39489,-0.161,-0.154,0.00
18.40505,-0.161,-0.154,0.00
18.41519,-0.079,-0.131,0.00
18.42535,0.022,-0.110,0.00
18.43550,0.022,-0.110,0.00
18.44606,0.162,-0.090,0.00
18.45715,0.162,-0.090,0.00
18.46738,0.329,-0.071,0.00
18.47753,0.329,-0.071,0.00
18.48770,0.525,-0.053,0.00
18.49809,0.525,-0.053,0.00
18.50951,0.747,-0.037,0.00
18.51970,0.747,-0.037,0.00
18.52984,0.747,-0.023,0.00
18.53999,0.980,-0.012,0.00
18.55084,1.246,-0.012,0.00
18.56099,1.246,-0.002,0.00
18.57163,1.563,-0.002,0.00
18.58181,1.563,-0.002,0.00
18.59197,1.942,0.007,0.00
18.60212,1.942,0.007,0.00
18.61228,2.392,0.015,0.00
18.62250,2.922,0.015,0.00
18.63266,2.922,0.014,0.00
18.64281,2.922,0.014,0.00
18.65300,3.519,0.005,0.00
18.66323,3.519,0.005,0.00
18.67339,4.166,-0.001,0.00
18.68357,4.873,-0.008,0.00
18.69371,4.873,-0.008,0.00
18.70386,5.625,-0.012,0.00
18.71401,5.625,-0.012,0.00
18.72417,5.625,-0.014,0.00
18.73440,6.405,-0.014,0.00
18.74447,6.405,-0.015,0.00
18.75467,7.209,-0.015,0.00
18.76559,8.040,-0.013,0.00
18.77599,8.040,-0.013,0.00
18.78615,8.882,-0.004,0.00
18.79630,8.882,-0.004,0.00
18.80662,9.718,0.012,0.00
18.81696,9.718,0.012,0.00
18.82713,10.540,0.028,0.00
18.84419,10.540,0.028,0.00
18.85445,11.251,0.048,0.00
18.87542,12.045,0.069,8.00
18.88574,12.808,0.093,8.00
18.89592,12.808,0.093,8.00
18.90703,13.532,0.093,8.00
18.91744,13.532,0.118,8.00
18.92787,14.212,0.147,8.00
18.93943,14.212,0.147,8.00
18.94975,14.819,0.179,8.00
18.96017,14.819,0.214,8.00
18.97255,15.332,0.214,8.00
18.98271,15.745,0.243,8.00
18.99286,15.745,0.243,8.00
19.00326,16.053,0.268,8.00
19.01342,16.053,0.268,8.00
19.02420,16.234,0.292,8.00
19.05146,16.292,0.319,8.00
19.06193,16.292,0.319,8.00
19.08421,16.241,0.344,8.50
19.09474,16.080,0.369,8.50
19.11537,16.080,0.392,8.50
19.12586,15.471,0.418,8.50
19.14847,15.033,0.442,8.50
19.15864,15.033,0.442,8.50
19.17876,14.495,0.442,8.50
19.18895,13.865,0.493,8.50
19.19919,13.865,0.493,8.50
19.21214,13.147,0.493,8.50
19.22242,12.370,0.536,8.50
19.23281,12.370,0.536,8.50
19.24321,11.545,0.536,8.50
19.25577,11.545,0.569,8.50
19.26591,10.691,0.651,8.50
19.27615,10.691,0.651,8.50
19.28641,9.843,0.804,8.50
19.29700,9.843,0.804,8.50
19.30723,9.019,0.959,8.50
19.31749,9.019,0.959,8.50
19.32766,8.216,1.115,8.50
19.34067,7.433,1.115,9.00
19.35092,7.433,1.262,9.00
19.36117,7.433,1.262,9.00
19.38646,6.662,1.392,9.00
19.39733,5.932,1.518,9.00
19.42178,5.255,1.640,9.00
19.43227,4.621,1.777,9.00
19.45200,4.041,1.954,9.00
19.46218,3.509,2.192,9.00
19.48343,3.509,2.192,9.00
19.49361,3.042,2.479,9.00
19.50410,2.651,2.765,9.00
19.51544,2.651,2.765,9.00
19.52568,2.317,2.765,9.00
19.53585,2.317,3.043,9.00
19.54808,2.317,3.043,9.00
19.55854,2.036,3.304,9.00
19.56884,2.036,3.304,9.00
19.57913,2.036,3.304,9.50
19.58994,2.036,3.304,9.50
19.60085,1.777,3.573,9.50
19.61208,1.777,3.573,9.50
19.62226,1.777,3.573,9.50
19.63246,1.777,3.573,9.50
19.64284,1.777,3.573,9.50
19.65299,1.530,3.812,9.50
19.66315,1.530,3.812,9.50
19.67337,1.419,4.073,9.50
19.69061,1.419,4.073,9.50
19.70078,1.486,4.335,9.50
19.72227,1.486,4.335,9.50
19.73260,1.486,4.335,9.50
19.75716,1.808,4.880,9.50
19.76778,1.994,5.128,9.50
19.78722,1.994,5.128,10.00
19.79740,2.153,5.128,10.00
19.80756,2.153,5.353,10.00
19.82094,2.286,5.899,10.00
19.83199,2.419,6.222,10.00
19.84229,2.541,6.450,10.00
19.85246,2.666,6.665,10.00
19.86261,2.789,6.881,10.00
19.87296,2.925,6.881,10.00
19.89091,3.066,7.313,10.00
19.90107,3.190,7.313,10.00
19.91172,3.281,7.825,10.00
19.93090,3.309,7.825,10.00
19.94120,3.309,8.418,10.00
19.96290,3.275,8.750,10.00
19.97329,3.275,8.750,10.00
19.99634,3.224,8.750,10.00
20.00704,3.171,9.456,10.00
20.02699,3.055,9.800,10.00
20.03728,3.055,10.143,10.00
20.04817,3.055,10.143,10.50
20.05857,3.055,10.143,10.50
20.06891,2.892,10.801,10.50
20.07918,2.892,10.801,10.50
20.09097,2.892,10.801,10.50
20.10115,2.805,11.449,10.50
20.11133,2.712,11.449,10.50
20.12395,2.712,11.449,10.50
20.13474,2.622,11.762,10.50
20.14518,2.535,11.762,10.50
20.15546,2.535,12.100,10.50
20.16580,2.458,12.521,10.50
20.17596,2.458,12.521,10.50
20.18914,2.400,13.035,10.50
20.19934,2.400,13.035,10.50
20.20949,2.355,13.592,10.50
20.21964,2.355,13.592,10.50
20.22981,2.355,13.592,10.50
20.23998,2.328,14.196,10.50
20.27028,2.328,14.196,10.50
20.28046,2.303,15.406,10.50
20.29978,2.303,15.406,10.50
20.31005,2.300,15.998,10.50
20.33176,2.300,16.564,10.50
20.34206,2.304,17.173,10.50
20.36255,2.312,17.710,10.50
20.37338,2.329,18.267,10.50
20.38378,2.357,18.814,10.50
20.39490,2.357,18.814,10.50
20.40520,2.357,18.814,10.50
20.41538,2.357,18.814,10.50
20.42747,2.357,18.814,10.50
20.43764,2.392,19.374,10.50
20.44789,2.442,19.887,10.50
20.45874,2.493,19.887,10.50
20.46988,2.493,20.394,10.50
20.48014,2.553,20.889,10.50
20.49142,2.617,21.393,10.50
20.50158,2.617,21.887,10.50
20.51254,2.678,21.887,10.50
20.52316,2.742,21.887,10.50
20.53409,2.742,22.426,10.50
20.54425,2.790,22.426,10.50
20.57097,2.790,22.988,10.50
20.58138,2.838,23.647,10.50
20.59154,2.884,24.265,0.00
20.60170,2.884,24.265,0.00
20.61195,2.919,24.868,0.00
20.62220,2.919,24.868,0.00
20.63243,2.919,24.868,0.00
20.64269,2.919,24.868,0.00
20.65285,2.990,25.474,0.00
20.66301,3.014,26.055,0.00
20.67316,3.014,26.055,0.00
20.68343,3.014,26.055,0.00
20.69349,2.985,26.593,0.00
20.70365,2.985,26.593,0.00
20.71380,2.919,27.130,0.00
20.72470,2.919,27.130,0.00
20.73495,2.863,27.630,0.00
20.74525,2.847,28.229,0.00
20.75563,2.847,28.229,0.00
20.76597,2.870,28.758,0.00
20.77629,2.870,28.758,0.00
20.78662,2.870,28.758,0.00
20.79789,2.899,29.276,0.00
20.80804,2.918,29.825,0.00
20.81819,2.898,29.825,0.00
20.82834,2.898,30.318,0.00
20.83947,2.898,30.318,0.00
20.84967,2.806,30.825,0.00
20.85988,2.806,30.825,0.00
20.87014,2.652,31.308,0.00
20.88029,2.652,31.308,0.00
20.89055,2.474,31.754,0.00
20.90079,2.474,31.754,0.00
20.91094,2.295,32.251,0.00
20.92147,2.295,32.251,0.00
20.93174,2.137,32.675,0.00
20.94190,2.007,32.675,0.00
20.95206,2.007,33.065,0.00
20.96222,1.904,33.065,0.00
20.97381,1.904,33.413,0.00
20.98392,1.819,33.800,0.00
20.99409,1.819,33.800,0.00
21.00460,1.819,33.800,0.00
21.01525,1.733,33.800,0.00
21.02615,1.630,34.159,0.00
21.03720,1.630,34.159,0.00
21.04802,1.503,34.106,0.00
21.05942,1.503,34.106,0.00
21.07062,1.370,34.077,0.00
21.08082,1.370,34.043,0.00
21.09131,1.255,34.043,0.00
21.10147,1.255,34.010,0.00
21.11167,1.167,34.010,0.00
21.12202,1.111,33.977,0.00
21.13222,1.111,33.977,0.00
21.14239,1.111,33.977,0.00
21.15280,1.087,33.962,0.00
21.16297,1.082,33.962,0.00
21.17317,1.082,33.943,0.00
21.18388,1.082,33.943,0.00
21.19418,1.099,33.835,0.00
21.20493,1.134,33.579,0.00
21.21509,1.134,33.579,0.00
21.22572,1.169,33.094,0.00
21.23588,1.169,33.094,0.00
21.24652,1.193,32.542,0.00
21.25679,1.193,32.542,0.00
21.26704,1.208,31.906,0.00
21.27742,1.208,31.906,0.00
21.28748,1.213,31.156,0.00
21.29764,1.213,31.156,0.00
21.30800,1.213,31.156,0.00
21.31815,1.213,30.329,0.00
21.32837,1.209,29.440,0.00
21.33941,1.204,29.440,0.00
21.34970,1.204,28.476,0.00
21.36003,1.187,28.476,0.00
21.37050,1.187,27.395,0.00
21.38079,1.154,27.395,0.00
21.39209,1.154,26.089,0.00
21.40244,1.092,26.089,0.00
21.41290,1.092,24.938,0.00
21.42303,1.016,23.805,0.00
21.43339,1.016,23.805,0.00
21.44356,1.016,22.584,0.00
21.45371,0.942,22.584,0.00
21.46387,0.942,21.240,0.00
21.47403,0.876,21.240,0.00
21.48419,0.820,19.835,0.00
21.49444,0.820,19.835,0.00
21.50458,0.820,19.835,0.00
21.51487,0.775,18.433,0.00
21.52494,0.740,17.057,0.00
21.53514,0.740,17.057,0.00
21.54530,0.715,15.640,0.00
21.55557,0.715,15.640,0.00
21.56573,0.701,13.989,0.00
21.57631,0.701,13.989,0.00
21.58649,0.696,12.549,0.00
21.60219,0.696,12.549,0.00
21.62088,0.696,12.549,0.00
21.63639,0.666,9.681,0.00
21.65303,0.666,9.681,0.00
21.66464,0.666,9.681,0.00
21.68119,0.621,8.232,0.00
21.69630,0.554,6.743,0.00
21.70908,0.475,5.240,0.00
21.73956,0.307,2.158,0.00
21.75050,0.219,0.858,0.00
21.76702,0.123,-0.325,0.00
21.78423,0.123,-0.325,0.00
21.79481,0.038,-1.393,0.00
21.81049,-0.035,-2.353,0.00
21.82832,-0.091,-3.212,0.00
21.85163,-0.125,-3.991,0.00
21.86924,-0.125,-3.991,0.00
21.88589,-0.143,-4.709,0.00
21.91127,-0.143,-4.709,0.00
21.92841,-0.152,-5.458,0.00
21.94752,-0.152,-5.458,0.00
21.97418,-0.151,-6.063,0.00
21.99078,-0.149,-6.603,0.00
22.01887,-0.149,-6.603,0.00
22.02905,-0.144,-7.042,0.00
22.04491,-0.144,-7.042,0.00
22.06463,-0.140,-7.398,0.00
22.07482,-0.140,-7.398,0.00
22.08536,-0.140,-7.398,0.00
22.11020,-0.140,-7.398,0.00
22.12863,-0.138,-7.648,0.00
22.14548,-0.138,-7.648,0.00
22.15766,-0.129,-7.815,0.00
22.17423,-0.129,-7.815,0.00
22.19924,-0.129,-7.815,0.00
22.21876,-0.128,-7.795,0.00
22.23569,-0.128,-7.795,0.00
22.25608,-0.128,-7.795,0.00
22.27501,-0.128,-7.795,0.00
22.29119,-0.128,-7.761,0.00
22.30281,-0.129,-7.761,0.00
22.31450,-0.129,-7.700,0.00
22.33102,-0.144,-7.700,0.00
22.34775,-0.144,-7.700,0.00
22.36506,-0.144,-7.551,0.00
22.39170,-0.159,-7.300,0.00
22.41650,-0.149,-6.754,0.00
22.42734,-0.149,-6.666,0.00
22.43862,-0.147,-6.600,0.00
22.48006,-0.178,-6.548,0.00
22.49761,-0.233,-6.625,0.00
22.53020,-0.249,-6.751,0.00
22.54073,-0.249,-6.751,0.00
22.55927,-0.218,-6.751,0.00
22.57051,-0.218,-6.795,0.00
22.58629,-0.218,-6.815,0.00
22.65781,-0.140,-6.815,0.00
22.66828,0.355,-6.834,0.00
22.73399,0.922,-6.834,0.00
22.74435,0.922,-6.749,0.00
22.75452,1.292,-0.049,0.00
22.76469,1.549,-0.016,0.00
22.77524,1.549,-0.016,0.00
22.78562,1.834,0.013,0.00
22.79601,1.834,0.013,0.00
22.80649,1.834,0.013,0.00
22.81664,2.180,0.037,0.00
22.82722,2.600,0.037,0.00
22.83770,2.600,0.060,0.00
22.84801,3.085,0.085,0.00
22.85853,3.085,0.085,0.00
22.86922,3.627,0.108,0.00
22.87954,3.627,0.108,0.00
22.88969,4.212,0.127,0.00
22.89983,4.212,0.127,0.00
22.90999,4.860,0.140,0.00
22.92014,4.860,0.150,0.00
22.93061,5.582,0.150,0.00
22.94099,5.582,0.157,0.00
22.95261,6.355,0.157,0.00
22.96283,6.355,0.157,0.00
22.97298,7.175,0.165,0.00
22.98314,7.175,0.173,0.00
22.99327,8.034,0.173,0.00
23.00353,8.926,0.186,0.00
23.01467,8.926,0.186,0.00
23.02482,9.825,0.203,0.00
23.03497,9.825,0.203,0.00
23.05161,10.733,0.225,0.00
23.06208,11.637,0.225,0.00
23.07229,11.637,0.250,0.00
23.08364,12.525,0.276,8.00
23.09380,12.525,0.276,8.00
23.10414,13.382,0.276,8.00
23.13672,14.206,0.326,8.00
23.14689,14.993,0.348,8.00
23.16327,15.718,0.370,8.00
23.17405,15.718,0.370,8.00
23.19440,15.718,0.370,8.00
23.20457,16.888,0.425,8.00
23.22809,17.313,0.451,8.00
23.23855,17.313,0.451,8.00
23.26036,17.313,0.476,8.00
23.27062,17.615,0.476,8.00
23.29049,17.615,0.476,8.00
23.30068,17.883,0.500,8.00
23.31083,17.883,0.500,8.00
23.32279,17.858,0.500,8.50
23.33302,17.858,0.524,8.50
23.34334,17.858,0.524,8.50
23.35557,17.723,0.550,8.50
23.36591,17.487,0.550,8.50
23.37621,17.131,0.595,8.50
23.38697,17.131,0.595,8.50
23.39712,16.657,0.609,8.50
23.40731,16.657,0.609,8.50
23.43544,16.657,0.624,8.50
23.44578,14.716,0.632,8.50
23.47109,14.716,0.663,8.50
23.48141,13.948,0.763,8.50
23.49893,13.123,0.763,9.00
23.50910,12.250,1.140,9.00
23.53041,12.250,1.140,9.00
23.54059,11.347,1.304,9.00
23.55074,10.425,1.433,9.00
23.56393,10.425,1.433,9.00
23.57557,9.513,1.528,9.00
23.58573,9.513,1.528,9.00
23.59758,9.513,1.528,9.00
23.60774,8.615,1.614,9.00
23.61799,8.615,1.614,9.00
23.62815,8.615,1.614,9.50
23.63840,8.615,1.614,9.50
23.64847,6.836,1.861,9.50
23.65920,6.836,1.861,9.50
23.66956,6.836,1.861,9.50
23.68000,6.836,1.861,9.50
23.70776,6.836,1.861,9.50
23.71827,6.836,1.861,9.50
23.74073,6.007,2.112,10.00
23.75088,6.007,2.112,10.00
23.77071,6.007,2.112,10.00
23.78101,6.007,2.112,10.00
23.80296,5.219,2.394,10.00
23.81338,5.219,2.394,10.00
23.82370,5.219,2.394,10.00
23.83526,5.219,2.394,10.50
23.84557,5.219,2.394,10.50
23.85574,5.219,2.394,10.50
23.86685,5.219,2.394,10.50
23.87718,5.219,2.394,10.50
23.88757,5.219,2.394,10.50
23.89905,5.219,2.394,10.50
23.90948,5.219,2.394,10.50
23.91991,5.219,2.394,10.50
23.93142,5.219,2.394,10.50
23.94174,5.219,2.394,10.50
23.95191,5.219,2.394,10.50
23.96266,4.481,2.749,11.00
23.97281,4.481,2.749,11.00
23.98296,4.481,2.749,11.00
24.01052,4.481,2.749,11.00
24.02068,4.481,2.749,11.00
24.04268,4.481,2.749,11.00
24.05288,3.819,3.150,11.00
24.07462,3.277,3.549,11.50
24.08482,2.828,3.877,11.50
24.10760,2.449,4.162,11.50
24.11795,2.449,4.162,11.50
24.13866,2.449,4.162,11.50
24.14895,1.757,4.728,11.50
24.15911,1.493,4.728,11.50
24.17278,1.493,5.022,11.50
24.18315,1.598,5.355,11.50
24.19334,1.598,5.779,11.50
24.20374,1.784,6.285,11.50
24.21389,1.784,6.285,11.50
24.22402,1.784,6.285,11.50
24.23510,1.784,6.285,11.50
24.24529,1.784,6.285,11.50
24.25564,1.784,6.285,11.50
24.26813,2.024,6.842,12.00
24.28034,2.024,6.842,12.00
24.29058,2.477,7.382,12.00
24.31639,2.477,7.855,12.00
24.32655,2.672,8.224,12.00
24.34660,2.672,8.224,12.00
24.35677,2.672,8.224,12.00
24.38056,2.672,8.224,12.00
24.39083,2.852,8.521,12.00
24.41079,2.852,8.521,12.00
24.42099,3.007,8.886,12.00
24.44322,3.007,8.886,12.00
24.45337,3.007,8.886,12.00
24.46351,3.154,8.886,12.00
24.47525,3.154,9.289,12.00
24.48561,3.154,9.289,12.00
24.49611,3.154,9.289,12.00
24.50925,3.154,9.289,12.00
24.51966,3.154,9.289,12.00
24.53004,3.154,9.289,12.00
24.54032,3.304,9.289,12.00
24.55050,3.304,9.650,12.00
24.56066,3.304,9.650,12.00
24.57119,3.304,9.650,12.00
24.58161,3.304,9.650,12.00
24.59180,3.468,10.010,12.00
24.60300,3.468,10.010,12.00
24.61319,3.468,10.010,12.00
24.62335,3.468,10.010,12.00
24.63366,3.468,10.010,12.00
24.65078,3.468,10.010,12.00
24.66096,3.468,10.010,12.00
24.68271,3.468,10.010,12.00
24.69288,3.468,10.010,12.00
24.71564,3.624,10.333,12.00
24.72580,3.624,10.333,12.00
24.73608,3.624,10.333,12.00
24.74743,3.624,10.333,12.00
24.75770,3.624,10.333,12.00
24.76807,3.624,10.333,12.00
24.77957,3.624,10.333,12.00
24.78976,3.751,10.667,12.00
24.79991,3.751,10.667,12.00
24.81012,3.751,10.667,0.00
24.82027,3.751,10.667,0.00
24.83045,3.751,10.667,0.00
24.84061,3.751,10.667,0.00
24.85077,3.751,10.667,0.00
24.86093,3.751,10.667,0.00
24.87109,3.751,10.667,0.00
24.88125,3.751,10.667,0.00
24.89142,3.751,10.667,0.00
24.90158,3.751,10.667,0.00
24.91175,3.751,10.667,0.00
24.92191,3.834,10.994,0.00
24.93214,3.834,10.994,0.00
24.94241,3.834,10.994,0.00
24.95247,3.834,10.994,0.00
24.96263,3.834,10.994,0.00
24.97279,3.834,10.994,0.00
24.98334,3.834,10.994,0.00
24.99368,3.880,11.411,0.00
25.00399,3.880,11.411,0.00
25.01443,3.880,11.411,0.00
25.02477,3.880,11.411,0.00
25.03495,3.880,11.411,0.00
25.04512,3.880,11.411,0.00
25.05532,3.880,11.411,0.00
25.06547,3.880,11.411,0.00
25.07582,3.880,11.411,0.00
25.08616,3.880,11.411,0.00
25.09650,3.898,11.411,0.00
25.10681,3.898,11.826,0.00
25.11715,3.898,11.826,0.00
25.12746,3.898,11.826,0.00
25.13761,3.888,12.222,0.00
25.14777,3.888,12.222,0.00
25.15794,3.888,12.222,0.00
25.16831,3.888,12.222,0.00
25.17850,3.888,12.222,0.00
25.18866,3.888,12.222,0.00
25.19882,3.863,12.644,0.00
25.20897,3.863,12.644,0.00
25.21913,3.823,13.072,0.00
25.22929,3.823,13.072,0.00
25.23949,3.823,13.072,0.00
25.24965,3.823,13.072,0.00
25.25982,3.823,13.072,0.00
25.26998,3.823,13.072,0.00
25.28021,3.771,13.479,0.00
25.29044,3.771,13.479,0.00
25.30064,3.771,13.479,0.00
25.31081,3.696,13.908,0.00
25.32093,3.696,14.327,0.00
25.33126,3.626,14.327,0.00
25.34142,3.626,14.327,0.00
25.35158,3.626,14.327,0.00
25.36182,3.626,14.327,0.00
25.37211,3.626,14.327,0.00
25.38267,3.626,14.327,0.00
25.39283,3.626,14.327,0.00
25.40316,3.626,14.327,0.00
25.41353,3.626,14.327,0.00
25.42369,3.626,14.327,0.00
25.43390,3.626,14.327,0.00
25.44422,3.626,14.327,0.00
25.45443,3.626,14.327,0.00
25.46458,3.626,14.327,0.00
25.47474,3.626,14.327,0.00
25.48509,3.626,14.327,0.00
25.49535,3.544,14.833,0.00
25.50551,3.544,14.833,0.00
25.51568,3.544,14.833,0.00
25.52606,3.544,14.833,0.00
25.53639,3.544,15.315,0.00
25.54672,3.376,15.763,0.00
25.55691,3.297,16.191,0.00
25.56707,3.219,16.578,0.00
25.57723,3.219,16.578,0.00
25.58738,3.151,16.959,0.00
25.59756,3.093,17.309,0.00
25.60784,3.033,17.652,0.00
25.61809,3.033,18.053,0.00
25.62857,3.020,18.417,0.00
25.63878,3.020,18.806,0.00
25.64972,3.026,19.239,0.00
25.66031,3.042,19.645,0.00
25.67049,3.067,20.056,0.00
25.68064,3.098,20.445,0.00
25.69080,3.140,21.276,0.00
25.70109,3.223,21.659,0.00
25.71125,3.282,22.054,0.00
25.72143,3.354,22.416,0.00
25.73170,3.433,23.136,0.00
25.74195,3.568,23.475,0.00
25.75219,3.623,23.813,0.00
25.76240,3.670,24.509,0.00
25.77286,3.755,24.818,0.00
25.78337,3.804,25.432,0.00
25.79353,3.845,25.699,0.00
25.80452,3.806,25.940,0.00
25.82037,3.595,26.132,0.00
25.83064,3.503,26.633,0.00
25.85703,3.471,27.512,0.00
25.86856,3.430,28.176,0.00
25.88588,3.236,28.778,0.00
25.89669,3.236,28.778,0.00
25.90867,3.030,29.198,0.00
25.92074,2.822,29.648,0.00
25.93855,2.780,29.483,0.00
25.94975,2.688,28.366,0.00
25.95994,2.509,27.569,0.00
25.97717,2.169,26.873,0.00
25.98744,2.169,26.698,0.00
26.00422,1.963,26.605,0.00
26.01458,1.963,26.605,0.00
26.02538,1.963,26.605,0.00
26.04218,1.963,26.605,0.00
26.05315,1.963,26.605,0.00
26.06860,1.963,26.605,0.00
26.07983,1.947,26.605,0.00
26.09323,1.947,26.469,0.00
26.10355,1.947,26.469,0.00
26.11600,1.947,26.469,0.00
26.12660,1.947,26.469,0.00
26.13729,1.947,26.469,0.00
26.15469,1.947,26.469,0.00
26.17041,1.947,26.469,0.00
26.18718,1.947,26.469,0.00
26.19870,1.947,26.469,0.00
26.22124,1.947,26.469,0.00
26.23276,1.952,26.263,0.00
26.24351,1.952,26.263,0.00
26.25394,1.952,26.263,0.00
26.26438,1.952,26.263,0.00
26.28009,1.952,26.263,0.00
26.29117,1.952,26.263,0.00
26.30648,1.953,26.263,0.00
26.32146,1.973,25.713,0.00
26.33182,1.973,25.713,0.00
26.34752,1.973,25.713,0.00
26.36325,1.973,25.713,0.00
26.37382,1.973,25.713,0.00
26.38957,1.973,25.713,0.00
26.41652,1.973,25.713,0.00
26.42715,1.973,25.713,0.00
26.43845,1.993,25.390,0.00
26.45416,1.993,25.390,0.00
26.47144,1.993,25.390,0.00
26.48296,1.993,25.390,0.00
26.49313,1.993,25.390,0.00
26.51065,1.993,25.086,0.00
26.52696,2.012,25.086,0.00
26.56186,2.012,25.086,0.00
26.58077,2.012,25.086,0.00
26.59142,2.012,25.086,0.00
26.60159,2.012,25.086,0.00
26.61339,2.012,25.086,0.00
26.62417,2.012,25.086,0.00
26.63446,2.012,25.086,0.00
26.65008,2.012,25.086,0.00
26.66503,2.036,25.086,0.00
26.67532,2.036,24.784,0.00
26.68745,2.075,24.784,0.00
26.69824,2.075,24.497,0.00
26.71030,2.103,24.127,0.00
26.72112,2.103,23.758,0.00
26.73167,2.143,23.758,0.00
26.74200,2.143,23.413,0.00
26.75877,2.159,22.735,0.00
26.77637,2.261,22.133,0.00
26.79443,2.265,21.431,0.00
26.80912,2.265,21.431,0.00
26.89347,2.112,19.721,0.00
26.90385,0.812,19.572,0.00
26.91425,0.726,19.214,0.00
27.06606,0.663,19.214,0.00
27.07624,0.819,8.577,0.00
27.08671,0.919,7.618,0.00
27.09694,0.929,7.315,0.00
27.11265,0.911,7.102,0.00
27.12282,-1.197,-18.973,0.00
27.13306,-1.362,-19.287,0.00
27.14319,-1.449,-19.416,0.00
27.15370,-1.636,-19.561,0.00
27.16390,-1.738,-19.582,0.00
27.17406,-1.919,-19.610,0.00
27.18421,-1.997,-19.617,0.00
27.19446,-2.067,-19.568,0.00
27.20474,-2.067,-19.568,0.00
27.21492,-2.067,-19.568,0.00
27.22507,-2.067,-19.568,0.00
27.23523,-2.067,-19.493,0.00
27.24539,-2.130,-19.398,0.00
27.25653,-2.188,-19.398,0.00
27.26676,-2.232,-19.296,0.00
27.27696,-2.232,-19.296,0.00
27.28714,-2.232,-19.296,0.00
27.29732,-2.232,-19.296,0.00
27.30752,-2.232,-19.296,0.00
27.31768,-2.260,-19.195,0.00
27.32783,-2.260,-19.195,0.00
27.33805,-2.264,-19.090,0.00
27.34827,-2.264,-19.090,0.00
27.35848,-2.247,-18.971,0.00
27.36862,-2.247,-18.971,0.00
27.37878,-2.247,-18.971,0.00
27.38893,-2.247,-18.971,0.00
27.39909,-2.247,-18.971,0.00
27.40934,-2.247,-18.971,0.00
27.41954,-2.247,-18.971,0.00
27.42970,-2.247,-18.971,0.00
27.43985,-2.214,-18.870,0.00
27.45048,-2.214,-18.870,0.00
27.46065,-2.214,-18.870,0.00
27.47080,-2.158,-18.769,0.00
27.48097,-2.158,-18.769,0.00
27.49123,-2.158,-18.769,0.00
27.50288,-2.158,-18.769,0.00
27.51304,-2.076,-18.667,0.00
27.52320,-2.076,-18.667,0.00
27.53340,-2.076,-18.667,0.00
27.54382,-2.076,-18.667,0.00
27.55410,-1.977,-18.573,0.00
27.56442,-1.977,-18.573,0.00
27.57469,-1.977,-18.573,0.00
27.58497,-1.977,-18.573,0.00
27.59513,-1.977,-18.573,0.00
27.60533,-1.977,-18.573,0.00
27.61549,-1.877,-18.497,0.00
27.62565,-1.773,-18.439,0.00
27.63580,-1.773,-18.439,0.00
27.64596,-1.677,-18.392,0.00
27.65612,-1.598,-18.353,0.00
27.66627,-1.598,-18.353,0.00
27.67648,-1.540,-18.322,0.00
27.68664,-1.509,-18.322,0.00
27.69678,-1.509,-18.322,0.00
27.70695,-1.509,-18.322,0.00
27.71710,-1.509,-18.322,0.00
27.72730,-1.514,-18.313,0.00
27.73751,-1.514,-18.313,0.00
27.74770,-1.514,-18.313,0.00
27.75791,-1.525,-18.303,0.00
27.76814,-1.525,-18.303,0.00
27.77853,-1.546,-18.292,0.00
27.78869,-1.546,-18.292,0.00
27.79885,-1.546,-18.292,0.00
27.80902,-1.546,-18.292,0.00
27.81917,-1.546,-18.292,0.00
27.82936,-1.546,-18.292,0.00
27.83981,-1.546,-18.292,0.00
27.85064,-1.573,-18.281,0.00
27.86080,-1.662,-18.266,0.00
27.87160,-1.722,-18.266,0.00
27.88181,-1.768,-18.294,0.00
27.89203,-1.758,-18.310,0.00
27.90299,-1.610,-18.314,0.00
27.91345,-1.490,-18.309,0.00
27.92360,-1.335,-18.305,0.00
27.93392,-0.913,-18.294,0.00
27.94434,-0.608,-18.282,0.00
27.95499,-0.255,-18.259,0.00
27.96538,0.180,-18.240,0.00
27.97557,0.716,-18.220,0.00
27.98581,1.326,-18.204,0.00
27.99627,1.326,-18.196,0.00
28.00647,2.766,-18.192,0.00
28.01675,3.579,-18.181,0.00
28.02726,4.436,-18.181,0.00
28.03741,5.350,-18.169,0.00
28.04846,6.296,-18.150,0.00
28.05878,8.207,-18.140,0.00
28.06904,9.154,-18.117,0.00
28.09170,11.862,-18.084,0.00
28.10220,13.386,-18.046,0.00
28.11262,14.041,-18.024,8.00
28.12289,14.618,-18.000,8.00
28.13456,15.494,-17.950,8.00
28.14719,15.741,-17.927,8.00
28.15898,15.741,-17.903,8.00
28.16929,15.971,-17.880,8.00
28.17945,15.885,-17.857,8.00
28.18992,15.885,-17.857,8.00
28.20007,15.359,-17.808,8.00
28.21023,14.971,-17.787,8.00
28.22082,14.532,-17.770,8.00
28.23250,13.407,-17.756,8.00
28.24476,12.807,-17.752,8.00
28.26683,11.217,-17.752,8.00
28.27727,10.779,-17.720,8.00
28.29863,10.779,-17.660,8.00
28.30891,9.694,-17.639,8.00
28.33302,8.412,-17.575,8.00
28.34351,7.845,-17.560,8.00
28.36407,6.819,-17.534,8.50
28.37439,6.278,-17.524,8.50
28.40268,5.202,-17.517,8.50
28.41291,5.202,-17.517,8.50
28.42728,5.202,-17.517,8.50
28.43747,4.660,-17.509,8.50
28.44763,4.095,-17.496,8.50
28.45920,4.095,-17.496,8.50
28.46970,3.504,-17.474,8.50
28.48019,3.504,-17.474,8.50
28.49217,2.903,-17.404,8.50
28.50246,2.903,-17.404,8.50
28.51261,2.321,-17.293,8.50
28.54252,2.321,-17.293,9.00
28.55272,1.262,-16.988,9.00
28.57028,1.262,-16.988,9.00
28.58047,0.797,-16.867,9.00
28.59111,0.388,-16.783,9.00
28.60399,0.388,-16.783,9.00
28.61414,0.036,-16.742,9.00
28.62430,0.036,-16.695,9.00
28.63707,-0.290,-16.695,9.50
28.64723,-0.576,-16.611,9.50
28.65773,-0.576,-16.611,9.50
28.66790,-0.837,-16.491,9.50
28.67818,-0.837,-16.491,9.50
28.68975,-1.116,-16.491,9.50
28.70558,-1.218,-16.176,9.50
28.71621,-1.218,-16.176,9.50
28.72667,-1.136,-15.935,9.50
28.74729,-0.986,-15.635,9.50
28.75760,-0.986,-15.635,9.50
28.77896,-0.986,-15.635,10.00
28.78914,-0.619,-14.904,10.00
28.81119,-0.474,-14.527,10.00
28.82135,-0.363,-14.527,10.00
28.84308,-0.248,-13.697,10.00
28.85328,-0.248,-13.697,10.00
28.87476,-0.135,-13.288,10.50
28.88535,-0.052,-12.877,10.50
28.89554,-0.052,-12.877,10.50
28.90681,0.022,-12.877,10.50
28.91716,0.098,-12.489,10.50
28.92732,0.098,-12.086,10.50
28.93895,0.098,-12.086,10.50
28.94914,0.176,-11.706,10.50
28.95952,0.234,-11.706,10.50
28.97099,0.234,-11.332,11.00
28.98137,0.234,-10.993,11.00
28.99168,0.240,-10.993,11.00
29.00466,0.202,-10.597,11.00
29.01481,0.202,-10.597,11.00
29.02496,0.202,-10.262,11.00
29.05073,0.128,-10.262,11.00
29.06136,0.030,-9.623,11.00
29.08719,-0.085,-9.329,11.00
29.09737,-0.207,-9.329,11.00
29.11564,-0.323,-9.026,11.50
29.12656,-0.445,-8.745,11.50
29.14769,-0.559,-8.745,11.50
29.15803,-0.559,-8.429,11.50
29.17942,-0.663,-8.050,11.50
29.18964,-0.756,-7.733,11.50
29.19980,-0.756,-7.733,11.50
29.21147,-0.840,-7.401,11.50
29.22349,-0.840,-7.401,11.50
29.23365,-0.919,-7.035,11.50
29.24808,-0.973,-6.593,11.50
29.25825,-0.973,-6.045,11.50
29.26877,-0.978,-6.045,11.50
29.27901,-0.978,-6.045,12.00
29.28917,-0.941,-5.486,12.00
29.29934,-0.941,-5.486,12.00
29.30949,-0.864,-4.887,12.00
29.31969,-0.864,-4.887,12.00
29.32985,-0.769,-4.221,12.00
29.35469,-0.769,-4.221,12.00
29.36491,-0.563,-3.125,12.00
29.38753,-0.478,-2.621,12.00
29.39774,-0.478,-2.621,12.00
29.42102,-0.389,-2.100,12.00
29.43125,-0.311,-1.629,12.00
29.45072,-0.311,-1.126,12.00
29.46098,-0.242,-1.126,12.00
29.47135,-0.242,-1.126,12.00
29.48297,-0.242,-1.126,12.00
29.49393,-0.242,-1.126,12.00
29.50409,-0.180,-0.619,12.00
29.51487,-0.180,-0.619,12.00
29.52505,-0.180,-0.619,12.00
29.53521,-0.180,-0.619,12.00
29.54679,-0.180,-0.619,12.00
29.55696,-0.180,-0.619,12.00
29.56728,-0.180,-0.619,12.00
29.57920,-0.124,-0.109,12.00
29.58939,-0.124,-0.109,12.00
29.59954,-0.124,-0.109,12.00
29.61050,-0.124,-0.109,12.00
29.62068,-0.124,-0.109,12.00
29.63083,-0.085,0.498,12.00
29.65878,-0.085,0.498,12.00
29.66904,-0.085,0.498,12.00
29.69074,-0.063,0.498,12.00
29.70092,-0.063,1.045,12.00
29.72325,-0.045,1.597,12.00
29.73341,-0.038,2.158,12.00
29.75776,-0.038,2.158,12.00
29.76898,-0.061,3.233,12.00
29.78655,-0.061,3.233,12.00
29.79688,-0.061,3.748,12.00
29.80722,-0.111,4.257,12.00
29.82666,-0.160,5.296,12.00
29.83686,-0.180,5.790,12.00
29.84701,-0.203,6.283,0.00
29.85717,-0.231,7.370,0.00
29.86732,-0.238,7.938,0.00
29.87747,-0.239,8.507,0.00
29.88789,-0.239,8.507,0.00
29.89805,-0.196,9.691,0.00
29.90820,-0.196,9.691,0.00
29.91847,-0.151,10.218,0.00
29.92863,-0.090,10.751,0.00
29.93878,-0.007,11.667,0.00
29.94894,-0.039,12.121,0.00
29.95909,-0.039,12.121,0.00
29.96936,-0.093,12.478,0.00
29.97972,-0.093,12.478,0.00
29.99009,-0.138,12.910,0.00
30.00040,-0.132,13.259,0.00
30.01078,-0.132,13.259,0.00
30.02115,-0.073,13.259,0.00
30.03173,-0.073,13.566,0.00
30.04209,0.011,13.857,0.00
30.05297,0.011,13.857,0.00
30.06334,0.076,14.124,0.00
30.07368,0.076,14.124,0.00
30.08401,0.103,14.372,0.00
30.09427,0.103,14.372,0.00
30.10442,0.087,14.588,0.00
30.11458,0.087,14.588,0.00
30.12488,0.087,14.797,0.00
30.13505,0.036,14.797,0.00
30.14521,-0.027,15.054,0.00
30.15537,-0.027,15.054,0.00
30.16552,-0.090,15.301,0.00
30.17646,-0.090,15.301,0.00
30.18661,-0.161,15.635,0.00
30.19706,-0.161,15.635,0.00
30.20721,-0.223,16.044,0.00
30.21737,-0.223,16.044,0.00
30.22753,-0.279,16.456,0.00
30.23768,-0.279,16.456,0.00
30.24784,-0.323,16.746,0.00
30.25799,-0.323,16.746,0.00
30.26817,-0.379,16.830,0.00
30.27849,-0.379,16.830,0.00
30.28864,-0.454,16.741,0.00
30.29883,-0.454,16.741,0.00
30.30899,-0.552,16.681,0.00
30.31915,-0.552,16.681,0.00
30.32932,-0.651,16.620,0.00
30.33962,-0.651,16.620,0.00
30.34977,-0.724,16.559,0.00
30.35992,-0.724,16.559,0.00
30.37017,-0.785,16.523,0.00
30.38034,-0.842,16.523,0.00
30.39065,-0.842,16.537,0.00
30.40081,-0.842,16.537,0.00
30.41103,-0.898,16.549,0.00
30.42130,-0.951,16.509,0.00
30.43145,-0.951,16.509,0.00
30.44161,-0.993,16.381,0.00
30.45176,-0.993,16.381,0.00
30.46199,-1.019,16.115,0.00
30.47218,-1.019,16.115,0.00
30.48334,-1.025,15.752,0.00
30.49366,-1.025,15.752,0.00
30.50401,-1.027,15.752,0.00
30.51416,-1.027,15.252,0.00
30.52431,-1.027,14.719,0.00
30.53452,-1.027,14.719,0.00
30.54472,-1.038,14.185,0.00
30.55488,-1.038,14.185,0.00
30.56503,-1.058,13.642,0.00
30.57522,-1.058,13.642,0.00
30.58538,-1.080,13.051,0.00
30.59678,-1.080,13.051,0.00
30.60701,-1.105,12.408,0.00
30.61718,-1.105,12.408,0.00
30.62811,-1.105,12.408,0.00
30.63855,-1.141,11.767,0.00
30.64871,-1.190,11.197,0.00
30.65887,-1.190,10.549,0.00
30.66909,-1.247,10.549,0.00
30.67925,-1.247,9.776,0.00
30.68942,-1.308,9.776,0.00
30.69957,-1.369,9.776,0.00
30.70977,-1.369,8.907,0.00
30.71993,-1.425,8.907,0.00
30.73009,-1.425,8.012,0.00
30.74027,-1.425,8.012,0.00
30.75050,-1.472,7.094,0.00
30.76065,-1.514,7.094,0.00
30.77087,-1.514,6.155,0.00
30.78168,-1.514,6.155,0.00
30.79185,-1.550,5.091,0.00
30.80221,-1.584,4.183,0.00
30.81415,-1.584,4.183,0.00
30.82431,-1.617,3.360,0.00
30.83449,-1.617,3.360,0.00
30.84494,-1.637,2.643,0.00
30.86253,-1.637,2.643,0.00
30.88813,-1.651,1.979,0.00
30.90098,-1.651,0.497,0.00
30.92007,-1.643,0.497,0.00
30.93074,-1.635,0.497,0.00
30.94351,-1.620,-1.466,0.00
30.95458,-1.620,-1.466,0.00
30.97415,-1.604,-2.765,0.00
30.98582,-1.593,-3.992,0.00
30.99976,-1.593,-3.992,0.00
31.01798,-1.587,-5.248,0.00
31.04471,-1.588,-6.539,0.00
31.05676,-1.593,-7.851,0.00
31.07925,-1.602,-9.234,0.00
31.09202,-1.625,-10.651,0.00
31.10530,-1.625,-12.074,0.00
31.12983,-1.712,-13.649,0.00
31.14895,-1.712,-13.649,0.00
31.16174,-1.752,-16.435,0.00
31.17761,-1.793,-16.435,0.00
31.20702,-1.833,-17.745,0.00
31.21807,-1.877,-18.946,0.00
31.22852,-1.917,-18.946,0.00
31.25389,-1.917,-21.149,0.00
31.26535,-1.977,-22.147,0.00
31.27555,-1.977,-22.147,0.00
31.28592,-1.992,-23.174,0.00
31.29616,-1.992,-23.174,0.00
31.30706,-1.992,-23.999,0.00
31.31753,-2.005,-23.999,0.00
31.33368,-2.020,-24.704,0.00
31.34411,-2.039,-25.330,0.00
31.36536,-2.039,-25.330,0.00
31.38647,-2.107,-25.330,0.00
31.41047,-2.150,-26.680,0.00
31.42132,-2.150,-26.680,0.00
31.43162,-2.191,-26.974,0.00
31.44749,-2.191,-27.181,0.00
31.46932,-2.234,-27.279,0.00
31.48058,-2.271,-27.279,0.00
31.49240,-2.303,-27.334,0.00
31.50832,-2.325,-27.370,0.00
31.51860,-2.325,-27.370,0.00
31.52890,-2.337,-27.370,0.00
31.53931,-2.337,-27.396,0.00
31.56054,-2.345,-27.401,0.00
31.57470,-2.344,-27.401,0.00
31.59971,-2.332,-27.354,0.00
31.61519,-2.314,-27.354,0.00
31.62732,-2.314,-27.214,0.00
31.64215,-2.314,-27.214,0.00
31.65384,-2.283,-27.116,0.00
31.66953,-2.268,-27.116,0.00
31.68016,-2.254,-27.001,0.00
31.69120,-2.254,-26.881,0.00
31.70137,-2.242,-26.881,0.00
31.71419,-2.242,-26.773,0.00
31.73012,-2.232,-26.678,0.00
31.74059,-2.232,-26.678,0.00
31.75212,-2.223,-26.594,0.00
31.76810,-2.218,-26.594,0.00
31.77881,-2.214,-26.594,0.00
31.78929,-2.214,-26.477,0.00
31.80095,-2.214,-26.454,0.00
31.81858,-2.214,-26.454,0.00
31.83438,-2.216,-26.454,0.00
31.84533,-2.216,-26.445,0.00
31.89749,-2.216,-26.445,0.00
31.90813,-2.252,-26.406,0.00
31.95539,-2.252,-26.406,0.00
31.96578,-0.144,-26.390,0.00
31.97702,-0.135,-0.080,0.00
31.98718,-0.121,-0.080,0.00
31.99778,-0.121,-0.080,0.00
32.00798,-0.107,-0.078,0.00
32.01818,-0.107,-0.078,0.00
32.02833,-0.096,-0.068,0.00
32.03848,-0.090,-0.068,0.00
32.04941,-0.090,-0.048,0.00
32.05949,-0.090,-0.048,0.00
32.06976,-0.086,-0.028,0.00
32.08009,-0.077,-0.008,0.00
32.09199,-0.077,-0.008,0.00
32.10215,-0.073,0.010,0.00
32.11230,-0.073,0.010,0.00
32.12245,-0.073,0.010,0.00
32.13567,-0.071,0.010,0.00
32.14596,-0.070,0.030,0.00
32.15611,-0.070,0.055,0.00
32.16726,-0.070,0.055,0.00
32.17747,-0.072,0.085,0.00
32.18761,-0.080,0.110,0.00
32.19786,-0.080,0.110,0.00
32.20867,-0.084,0.130,0.00
32.21885,-0.084,0.130,0.00
32.22914,-0.088,0.153,0.00
32.24014,-0.088,0.153,0.00
32.25050,-0.086,0.167,0.00
32.26065,-0.086,0.181,0.00
32.27081,-0.086,0.181,0.00
32.28096,-0.086,0.181,0.00
32.29134,-0.091,0.194,0.00
32.30195,-0.095,0.207,0.00
32.31215,-0.095,0.207,0.00
32.32240,-0.099,0.222,0.00
32.33247,-0.099,0.222,0.00
32.34261,-0.102,0.237,0.00
32.35277,-0.102,0.237,0.00
32.36292,-0.105,0.253,0.00
32.37338,-0.105,0.253,0.00
32.38407,-0.108,0.267,0.00
32.39474,-0.108,0.267,0.00
32.40490,-0.112,0.281,0.00
32.41505,-0.112,0.281,0.00
32.42521,-0.117,0.289,0.00
32.43572,-0.117,0.289,0.00
32.44588,-0.123,0.291,0.00
32.45611,-0.123,0.291,0.00
32.46628,-0.127,0.290,0.00
32.47658,-0.127,0.290,0.00
32.48683,-0.126,0.285,0.00
32.49711,-0.126,0.285,0.00
32.50727,-0.117,0.271,0.00
32.51743,-0.117,0.271,0.00
32.52759,-0.117,0.247,0.00
32.53775,-0.109,0.247,0.00
32.54793,-0.095,0.222,0.00
32.55813,-0.095,0.222,0.00
32.56875,-0.076,0.196,0.00
32.57891,-0.076,0.196,0.00
32.58907,-0.055,0.178,0.00
32.59923,-0.055,0.178,0.00
32.60938,-0.034,0.165,0.00
32.61956,-0.034,0.165,0.00
32.62981,-0.011,0.153,0.00
32.64012,0.007,0.153,0.00
32.65055,0.007,0.139,0.00
32.66133,0.007,0.139,0.00
32.67150,0.028,0.125,0.00
32.68255,0.028,0.125,0.00
32.69272,0.046,0.117,0.00
32.70320,0.064,0.115,0.00
32.71335,0.064,0.115,0.00
32.72387,0.080,0.111,0.00
32.73420,0.080,0.111,0.00
32.74473,0.089,0.111,0.00
32.75567,0.089,0.108,0.00
32.76586,0.096,0.106,0.00
32.77626,0.096,0.106,0.00
32.78674,0.103,0.105,0.00
32.79701,0.103,0.105,0.00
32.80716,0.110,0.103,0.00
32.81766,0.110,0.103,0.00
32.82784,0.116,0.100,0.00
32.83801,0.116,0.100,0.00
32.84819,0.121,0.099,0.00
32.85842,0.121,0.099,0.00
32.86858,0.121,0.098,0.00
32.87876,0.128,0.098,0.00
32.88891,0.128,0.100,0.00
32.89959,0.133,0.100,0.00
32.90983,0.135,0.107,0.00
32.92002,0.135,0.107,0.00
32.93109,0.135,0.114,0.00
32.94124,0.134,0.119,0.00
32.95192,0.134,0.119,0.00
32.96231,0.134,0.123,0.00
32.97256,0.127,0.123,0.00
32.98294,0.127,0.123,0.00
32.99320,0.120,0.124,0.00
33.00335,0.112,0.125,0.00
33.01354,0.112,0.125,0.00
33.02371,0.105,0.121,0.00
33.03387,0.105,0.121,0.00
33.04402,0.097,0.113,0.00
33.05417,0.097,0.113,0.00
33.06435,0.091,0.109,0.00
33.07450,0.091,0.109,0.00
33.08466,0.089,0.103,0.00
33.09484,0.089,0.103,0.00
33.10500,0.090,0.099,0.00
33.11563,0.090,0.099,0.00
33.12580,0.092,0.095,0.00
33.13653,0.092,0.095,0.00
33.14665,0.095,0.088,0.00
33.15701,0.095,0.088,0.00
33.16730,0.094,0.084,0.00
33.17763,0.094,0.078,0.00
33.18783,0.092,0.078,0.00
33.19816,0.092,0.078,0.00
33.20829,0.092,0.073,0.00
33.21846,0.092,0.073,0.00
33.22860,0.095,0.068,0.00
33.23946,0.095,0.068,0.00
33.24962,0.098,0.065,0.00
33.25977,0.100,0.065,0.00
33.27024,0.100,0.067,0.00
33.28038,0.098,0.067,0.00
33.29255,0.098,0.075,0.00
33.30270,0.093,0.087,0.00
33.31286,0.093,0.087,0.00
33.32319,0.087,0.101,0.00
33.33333,0.087,0.101,0.00
33.34349,0.080,0.116,0.00
33.35369,0.080,0.116,0.00
33.36385,0.080,0.136,0.00
33.37401,0.074,0.136,0.00
33.38417,0.067,0.156,0.00
33.39441,0.067,0.156,0.00
33.40459,0.067,0.156,0.00
33.41471,0.059,0.178,0.00
33.42488,0.051,0.202,0.00
33.43503,0.051,0.202,0.00
33.44523,0.046,0.229,0.00
33.45552,0.046,0.229,0.00
33.46568,0.039,0.259,0.00
33.47607,0.039,0.259,0.00
33.48652,0.033,0.289,0.00
33.49680,0.033,0.289,0.00
33.50710,0.033,0.289,0.00
33.51890,0.028,0.317,0.00
33.52906,0.021,0.347,0.00
33.53977,0.021,0.347,0.00
33.55051,0.013,0.374,0.00
33.56081,0.013,0.374,0.00
33.57272,0.004,0.400,0.00
33.58288,0.004,0.425,0.00
33.59304,-0.007,0.425,0.00
33.60319,-0.016,0.453,0.00
33.61341,-0.016,0.453,0.00
33.62375,-0.026,0.480,0.00
33.63527,-0.026,0.480,0.00
33.64547,-0.035,0.505,0.00
33.65561,-0.035,0.505,0.00
33.66577,-0.035,0.505,0.00
33.67593,-0.035,0.505,0.00
33.68628,-0.035,0.505,0.00
33.69644,-0.042,0.529,0.00
33.70660,-0.047,0.552,0.00
33.71676,-0.047,0.552,0.00
33.72691,-0.049,0.578,0.00
33.73708,-0.049,0.604,0.00
33.74723,-0.049,0.649,0.00
33.75742,-0.049,0.649,0.00
33.76757,-0.054,0.667,0.00
33.77796,-0.054,0.667,0.00
33.78833,-0.055,0.685,0.00
33.79848,-0.055,0.685,0.00
33.80874,-0.051,0.685,0.00
33.81888,-0.051,0.704,0.00
33.82903,-0.045,0.722,0.00
33.83919,-0.045,0.722,0.00
33.84934,-0.037,0.746,0.00
33.85950,-0.037,0.769,0.00
33.86961,-0.017,0.769,0.00
33.87997,-0.017,0.769,0.00
33.89003,0.009,0.789,0.00
33.90018,0.009,0.789,0.00
33.91048,0.039,0.805,0.00
33.92062,0.039,0.805,0.00
33.93088,0.039,0.805,0.00
33.94113,0.074,0.823,0.00
33.95137,0.122,0.837,0.00
33.96153,0.208,0.837,0.00
33.97300,0.208,0.850,0.00
33.98316,0.330,0.850,0.00
33.99331,0.330,0.861,0.00
34.00347,0.488,0.881,0.00
34.01495,0.488,0.881,0.00
34.02509,0.678,0.897,0.00
34.03540,0.678,0.897,0.00
34.04577,0.888,0.914,0.00
34.05593,0.888,0.914,0.00
34.06612,1.157,0.931,0.00
34.07627,1.157,0.931,0.00
34.08644,1.157,0.931,0.00
34.09666,1.500,0.949,0.00
34.10682,1.910,0.967,0.00
34.11816,1.910,0.967,0.00
34.12830,2.381,0.991,0.00
34.13849,2.381,0.991,0.00
34.14882,2.916,1.018,0.00
34.15908,2.916,1.018,0.00
34.16917,3.516,1.048,0.00
34.17982,3.516,1.048,0.00
34.18998,4.196,1.075,0.00
34.20014,4.196,1.075,0.00
34.21030,4.960,1.103,0.00
34.22050,4.960,1.103,0.00
34.23102,5.778,1.130,0.00
34.24134,6.636,1.130,0.00
34.25158,6.636,1.152,0.00
34.26197,6.636,1.152,0.00
34.27225,7.547,1.173,0.00
34.28242,8.505,1.192,0.00
34.29265,8.505,1.192,0.00
34.30313,9.509,1.192,0.00
34.31328,9.509,1.207,0.00
34.33177,10.559,1.222,0.00
34.34194,10.559,1.222,0.00
34.35214,10.559,1.222,0.00
34.36245,10.559,1.222,8.00
34.37372,12.705,1.265,8.00
34.38393,12.705,1.265,8.00
34.39415,12.705,1.265,8.00
34.40432,14.768,1.299,8.00
34.41448,14.768,1.299,8.00
34.44368,15.808,1.340,8.00
34.45386,15.808,1.340,8.00
34.47597,17.817,1.384,8.00
34.48614,18.712,1.426,8.00
34.50675,18.712,1.426,8.00
34.51707,19.520,1.464,8.00
34.53914,20.778,1.529,8.00
34.54935,20.778,1.529,8.00
34.57018,20.778,1.529,8.00
34.58035,21.185,1.554,8.00
34.59060,21.185,1.554,8.00
34.60324,21.445,1.578,8.50
34.61372,21.543,1.604,8.50
34.62430,21.543,1.604,8.50
34.63537,21.543,1.629,8.50
34.64579,21.175,1.659,8.50
34.65599,21.175,1.659,8.50
34.66674,20.719,1.659,8.50
34.67829,20.719,1.687,8.50
34.68909,20.124,1.719,8.50
34.70000,20.124,1.719,8.50
34.71017,19.403,1.753,8.50
34.72032,19.403,1.753,8.50
34.74768,19.403,1.978,8.50
34.75803,17.636,1.978,8.50
34.77962,16.626,2.212,9.00
34.78992,15.514,2.451,9.00
34.81052,15.514,2.657,9.00
34.82075,14.263,2.826,9.00
34.84263,12.949,2.826,9.00
34.85281,11.676,2.932,9.00
34.87644,10.434,3.051,9.00
34.88663,9.170,3.137,9.00
34.90607,9.170,3.137,9.50
34.91647,9.170,3.137,9.50
34.92794,6.623,3.245,9.50
34.93915,6.623,3.245,9.50
34.94950,5.536,3.401,9.50
34.95979,5.536,3.401,9.50
34.97067,5.536,3.640,9.50
34.98087,4.587,3.640,9.50
34.99118,3.720,3.962,9.50
35.00278,2.996,3.962,10.00
35.01294,2.996,4.290,10.00
35.02323,2.427,4.290,10.00
35.03815,2.427,4.588,10.00
35.04849,2.020,4.868,10.00
35.05881,1.733,4.868,10.00
35.08242,1.733,5.090,10.00
35.09260,1.523,5.334,10.00
35.11446,1.523,5.334,10.50
35.12474,1.282,5.881,10.50
35.14652,1.282,6.236,10.50
35.15669,1.327,6.236,10.50
35.17878,1.445,6.690,10.50
35.18921,1.579,7.246,10.50
35.19965,1.579,7.246,10.50
35.21139,1.701,7.976,10.50
35.22158,1.816,8.785,10.50
35.23191,1.816,8.785,10.50
35.24336,1.816,8.785,11.00
35.25355,1.915,9.625,11.00
35.26373,1.954,10.438,11.00
35.27620,1.954,10.438,11.00
35.28687,1.981,11.183,11.00
35.29710,1.981,11.183,11.00
35.32212,1.934,11.837,11.00
35.33229,1.869,12.500,11.00
35.35569,1.817,13.130,11.50
35.36597,1.764,13.772,11.50
35.38822,1.764,14.377,11.50
35.39848,1.737,14.377,11.50
35.41811,1.679,15.037,11.50
35.42835,1.633,15.749,11.50
35.43853,1.633,15.749,11.50
35.45101,1.633,15.749,11.50
35.46119,1.599,16.462,11.50
35.47143,1.555,17.221,11.50
35.48966,1.510,17.992,11.50
35.49984,1.510,18.762,11.50
35.51602,1.432,18.762,12.00
35.52624,1.319,19.647,12.00
35.53683,1.319,19.647,12.00
35.54767,1.187,20.421,12.00
35.55886,1.187,20.421,12.00
35.56902,1.059,21.180,12.00
35.58054,0.984,21.938,12.00
35.59069,0.984,21.938,12.00
35.60097,0.963,21.938,12.00
35.63329,0.997,23.381,12.00
35.64366,1.078,24.168,12.00
35.65878,1.168,24.168,12.00
35.66901,1.168,24.942,12.00
35.69179,1.168,24.942,12.00
35.70197,1.361,26.494,12.00
35.71224,1.361,26.494,12.00
35.72247,1.361,26.494,12.00
35.73264,1.446,27.246,12.00
35.74280,1.446,27.246,12.00
35.75525,1.525,28.069,12.00
35.76542,1.585,28.949,12.00
35.77563,1.585,28.949,12.00
35.78664,1.585,29.839,12.00
35.79734,1.626,29.839,12.00
35.80750,1.655,30.787,12.00
35.81943,1.655,30.787,12.00
35.82967,1.671,31.735,12.00
35.83999,1.678,31.735,12.00
35.86762,1.669,33.776,12.00
35.87792,1.669,33.776,12.00
35.89971,1.650,34.697,12.00
35.91072,1.619,35.639,12.00
35.93295,1.619,36.553,12.00
35.94339,1.579,37.472,12.00
35.96237,1.579,37.472,12.00
35.97256,1.560,38.389,12.00
35.98288,1.540,39.251,12.00
35.99441,1.540,39.251,12.00
36.00473,1.509,40.218,12.00
36.01504,1.509,40.218,12.00
36.02678,1.509,41.046,12.00
36.03705,1.475,41.046,12.00
36.04728,1.435,41.863,12.00
36.06137,1.435,41.863,12.00
36.07168,1.398,42.696,12.00
36.08174,1.398,42.696,12.00
36.09191,1.368,43.504,0.00
36.10255,1.339,44.281,0.00
36.11270,1.339,44.281,0.00
36.12290,1.316,45.032,0.00
36.13306,1.316,45.032,0.00
36.14352,1.284,45.767,0.00
36.15364,1.284,45.767,0.00
36.16421,1.284,45.767,0.00
36.17486,1.239,46.588,0.00
36.18502,1.175,47.267,0.00
36.19524,1.175,47.267,0.00
36.20538,1.098,47.966,0.00
36.21594,1.098,47.966,0.00
36.22610,1.022,48.615,0.00
36.23625,1.022,48.615,0.00
36.24673,1.022,48.615,0.00
36.25683,0.947,49.294,0.00
36.26712,0.947,49.294,0.00
36.27789,0.947,49.294,0.00
36.28805,0.856,49.956,0.00
36.29823,0.856,49.956,0.00
36.30840,0.660,50.597,0.00
36.31856,0.660,51.207,0.00
36.32872,0.571,51.760,0.00
36.33888,0.571,51.760,0.00
36.34903,0.470,52.327,0.00
36.35920,0.470,52.327,0.00
36.36936,0.363,52.784,0.00
36.37957,0.363,52.784,0.00
36.38973,0.253,53.195,0.00
36.39989,0.147,53.195,0.00
36.41004,0.147,53.597,0.00
36.42042,0.147,53.597,0.00
36.43057,0.147,53.597,0.00
36.44088,0.147,53.597,0.00
36.45120,0.060,53.925,0.00
36.46137,-0.013,54.258,0.00
36.47155,-0.013,54.258,0.00
36.48177,-0.103,54.514,0.00
36.49193,-0.218,54.685,0.00
36.50213,-0.218,54.685,0.00
36.51235,-0.360,54.708,0.00
36.52253,-0.360,54.708,0.00
36.53268,-0.514,54.527,0.00
36.54285,-0.514,54.527,0.00
36.55299,-0.645,54.224,0.00
36.56314,-0.645,54.224,0.00
36.57351,-0.645,54.224,0.00
36.58392,-0.645,54.224,0.00
36.59428,-0.645,54.224,0.00
36.60450,-0.645,54.224,0.00
36.61485,-0.736,53.911,0.00
36.62490,-0.796,53.520,0.00
36.63505,-0.830,53.017,0.00
36.64522,-0.830,51.893,0.00
36.65548,-0.794,51.893,0.00
36.66599,-0.794,51.248,0.00
36.67653,-0.732,51.248,0.00
36.68667,-0.663,50.548,0.00
36.69725,-0.663,50.548,0.00
36.70750,-0.589,49.727,0.00
36.71788,-0.589,49.727,0.00
36.72835,-0.589,48.959,0.00
36.73888,-0.509,48.959,0.00
36.74921,-0.433,48.144,0.00
36.75957,-0.433,47.121,0.00
36.76989,-0.367,47.121,0.00
36.78030,-0.367,45.896,0.00
36.79060,-0.311,45.896,0.00
36.80078,-0.311,45.896,0.00
36.81099,-0.263,44.581,0.00
36.82116,-0.263,44.581,0.00
36.83143,-0.223,43.035,0.00
36.84160,-0.185,41.636,0.00
36.85200,-0.185,41.636,0.00
36.86205,-0.156,40.150,0.00
36.87221,-0.156,40.150,0.00
36.88238,-0.130,38.560,0.00
36.89257,-0.130,38.560,0.00
36.90272,-0.130,36.934,0.00
36.91299,-0.105,36.934,0.00
36.92304,-0.105,35.318,0.00
36.93336,-0.078,35.318,0.00
36.94352,-0.078,35.318,0.00
36.95367,-0.038,33.740,0.00
36.96383,-0.038,33.740,0.00
36.97403,0.019,32.191,0.00
36.98457,0.083,30.341,0.00
36.99473,0.083,30.341,0.00
37.00489,0.147,28.589,0.00
37.01506,0.147,28.589,0.00
37.02521,0.147,28.589,0.00
37.03548,0.147,28.589,0.00
37.04565,0.147,28.589,0.00
37.05586,0.211,26.802,0.00
37.06601,0.265,24.981,0.00
37.07627,0.314,23.072,0.00
37.08644,0.356,21.117,0.00
37.11915,0.379,19.141,0.00
37.12978,0.382,19.141,0.00
37.15104,0.373,14.888,0.00
37.16136,0.373,14.888,0.00
37.18537,0.357,12.847,0.00
37.19969,0.335,10.846,0.00
37.21869,0.275,8.889,0.00
37.23476,0.275,7.019,0.00
37.25072,0.237,7.019,0.00
37.26667,0.237,3.656,0.00
37.28910,0.199,2.208,0.00
37.29978,0.158,0.712,0.00
37.31252,0.119,0.712,0.00
37.32286,0.081,0.712,0.00
37.33994,0.081,-0.482,0.00
37.35565,0.041,-1.519,0.00
37.37789,-0.040,-1.519,0.00
37.39386,-0.040,-2.975,0.00
37.40449,-0.086,-2.975,0.00
37.41867,-0.086,-2.975,0.00
37.43229,-0.133,-3.510,0.00
37.44248,-0.181,-3.588,0.00
37.46936,-0.229,-3.606,0.00
37.48021,-0.229,-3.606,0.00
37.49617,-0.281,-3.572,0.00
37.51208,-0.281,-3.518,0.00
37.54131,-0.380,-3.446,0.00
37.55752,-0.414,-3.369,0.00
37.56792,-0.435,-3.306,0.00
37.58832,-0.435,-3.306,0.00
37.60575,-0.459,-3.224,0.00
37.62172,-0.474,-3.224,0.00
37.64347,-0.474,-3.120,0.00
37.66429,-0.474,-3.054,0.00
37.67588,-0.508,-3.054,0.00
37.69428,-0.532,-2.969,0.00
37.71170,-0.556,-2.864,0.00
37.72749,-0.580,-2.748,0.00
37.73882,-0.580,-2.748,0.00
37.75206,-0.600,-2.636,0.00
37.76807,-0.616,-2.528,0.00
37.78257,-0.616,-2.427,0.00
37.79538,-0.624,-2.427,0.00
37.81006,-0.625,-2.333,0.00
37.82684,-0.625,-2.281,0.00
37.83770,-0.621,-2.281,0.00
37.85341,-0.621,-2.253,0.00
37.86359,-0.621,-2.253,0.00
37.87950,-0.592,-2.233,0.00
37.89506,-0.592,-2.213,0.00
37.91099,-0.580,-2.192,0.00
37.92138,-0.567,-2.192,0.00
37.93718,-0.567,-2.181,0.00
37.95414,-0.550,-2.181,0.00
37.96485,-0.550,-2.172,0.00
37.98155,-0.550,-2.172,0.00
37.99249,-0.507,-2.136,0.00
38.00407,-0.507,-2.136,0.00
38.01540,-0.507,-2.136,0.00
38.02687,-0.481,-2.063,0.00
38.04344,-0.475,-2.063,0.00
38.05959,-0.474,-2.027,0.00
38.07529,-0.474,-1.993,0.00
38.09187,-0.472,-1.993,0.00
38.15274,-0.472,-1.993,0.00
38.16292,-0.452,-1.932,0.00
38.22839,-0.452,-1.932,0.00
38.23980,-0.431,-1.797,0.00
38.24995,0.004,0.507,0.00
38.26103,0.004,0.507,0.00
38.27121,0.004,0.507,0.00
38.28137,0.004,0.507,0.00
38.29152,-0.006,0.567,0.00
38.30177,-0.009,0.646,0.00
38.31193,-0.009,0.646,0.00
38.32209,-0.013,0.722,0.00
38.33235,-0.013,0.722,0.00
38.34253,-0.018,0.794,0.00
38.35269,-0.018,0.794,0.00
38.36428,-0.026,0.794,0.00
38.37445,-0.026,0.860,0.00
38.38461,-0.038,0.920,0.00
38.39480,-0.038,0.920,0.00
38.40494,-0.053,0.983,0.00
38.41510,-0.053,0.983,0.00
38.42548,-0.067,1.049,0.00
38.43563,-0.067,1.049,0.00
38.44579,-0.077,1.113,0.00
38.45595,-0.077,1.113,0.00
38.46610,-0.084,1.176,0.00
38.47665,-0.084,1.176,0.00
38.48680,-0.088,1.222,0.00
38.49701,-0.088,1.222,0.00
38.50718,-0.092,1.263,0.00
38.51811,-0.092,1.263,0.00
38.52833,-0.096,1.306,0.00
38.53849,-0.100,1.348,0.00
38.54865,-0.100,1.348,0.00
38.55907,-0.109,1.389,0.00
38.56939,-0.109,1.389,0.00
38.57954,-0.109,1.422,0.00
38.59003,-0.117,1.422,0.00
38.60018,-0.117,1.422,0.00
38.61056,-0.122,1.446,0.00
38.62072,-0.122,1.446,0.00
38.63090,-0.127,1.465,0.00
38.64108,-0.131,1.471,0.00
38.65122,-0.131,1.471,0.00
38.66137,-0.136,1.471,0.00
38.67154,-0.136,1.475,0.00
38.68170,-0.144,1.480,0.00
38.69185,-0.144,1.480,0.00
38.70286,-0.152,1.484,0.00
38.71302,-0.152,1.484,0.00
38.72318,-0.159,1.482,0.00
38.73365,-0.159,1.482,0.00
38.74381,-0.162,1.472,0.00
38.75395,-0.162,1.472,0.00
38.76412,-0.161,1.456,0.00
38.77461,-0.161,1.456,0.00
38.78482,-0.157,1.439,0.00
38.79503,-0.157,1.439,0.00
38.80523,-0.153,1.426,0.00
38.81536,-0.153,1.426,0.00
38.82567,-0.148,1.410,0.00
38.83636,-0.148,1.410,0.00
38.84656,-0.144,1.391,0.00
38.85672,-0.144,1.391,0.00
38.86688,-0.144,1.391,0.00
38.87702,-0.139,1.370,0.00
38.88734,-0.135,1.352,0.00
38.89749,-0.135,1.352,0.00
38.90765,-0.131,1.335,0.00
38.91781,-0.131,1.335,0.00
38.92797,-0.124,1.320,0.00
38.93916,-0.124,1.320,0.00
38.94934,-0.119,1.304,0.00
38.95949,-0.119,1.288,0.00
38.96992,-0.113,1.288,0.00
38.98008,-0.113,1.269,0.00
38.99106,-0.105,1.269,0.00
39.00129,-0.105,1.253,0.00
39.01176,-0.097,1.253,0.00
39.02192,-0.086,1.241,0.00
39.03208,-0.086,1.241,0.00
39.04251,-0.077,1.231,0.00
39.05267,-0.077,1.231,0.00
39.06283,-0.068,1.221,0.00
39.07298,-0.068,1.221,0.00
39.08337,-0.058,1.210,0.00
39.09380,-0.058,1.210,0.00
39.10396,-0.048,1.206,0.00
39.11412,-0.048,1.206,0.00
39.12428,-0.041,1.204,0.00
39.13454,-0.041,1.204,0.00
39.14470,-0.035,1.202,0.00
39.15552,-0.035,1.202,0.00
39.16568,-0.027,1.198,0.00
39.17584,-0.027,1.198,0.00
39.18604,-0.019,1.194,0.00
39.19726,-0.019,1.194,0.00
39.20743,-0.012,1.191,0.00
39.21759,-0.012,1.191,0.00
39.22774,-0.006,1.191,0.00
39.23792,-0.006,1.191,0.00
39.24813,-0.000,1.194,0.00
39.26039,0.005,1.194,0.00
39.27054,0.005,1.196,0.00
39.28086,0.012,1.196,0.00
39.29124,0.012,1.197,0.00
39.30154,0.016,1.193,0.00
39.31189,0.016,1.193,0.00
39.32225,0.020,1.191,0.00
39.33285,0.020,1.191,0.00
39.34320,0.020,1.191,0.00
39.35449,0.020,1.191,0.00
39.36496,0.034,1.189,0.00
39.37529,0.034,1.189,0.00
39.38546,0.034,1.189,0.00
39.39562,0.063,1.187,0.00
39.40583,0.285,1.185,0.00
39.41601,0.285,1.185,0.00
39.42618,0.457,1.180,0.00
39.43634,0.457,1.180,0.00
39.44672,0.619,1.175,0.00
39.45710,0.619,1.168,0.00
39.46730,0.791,1.168,0.00
39.47748,0.791,1.168,0.00
39.48772,1.025,1.163,0.00
39.49786,1.025,1.163,0.00
39.50839,1.312,1.157,0.00
39.51859,1.312,1.157,0.00
39.52874,1.653,1.151,0.00
39.53890,1.653,1.151,0.00
39.54910,2.041,1.146,0.00
39.55926,2.479,1.146,0.00
39.56950,2.479,1.140,0.00
39.57964,2.994,1.136,0.00
39.59001,2.994,1.136,0.00
39.60024,3.575,1.136,0.00
39.61143,3.575,1.133,0.00
39.62185,4.210,1.132,0.00
39.63260,4.210,1.132,0.00
39.64275,4.909,1.130,0.00
39.65290,4.909,1.130,0.00
39.66306,5.665,1.127,0.00
39.67388,5.665,1.127,0.00
39.68408,6.466,1.127,0.00
39.69428,6.466,1.127,0.00
39.70442,7.332,1.128,0.00
39.71457,7.332,1.128,0.00
39.72473,8.246,1.132,0.00
39.73494,8.246,1.132,0.00
39.74509,9.180,1.132,0.00
39.75550,9.180,1.137,0.00
39.76563,10.124,1.147,0.00
39.77712,10.124,1.147,0.00
39.78756,11.076,1.158,0.00
39.79772,11.076,1.168,0.00
39.81892,12.917,1.168,8.00
39.82932,12.917,1.172,8.00
39.85407,13.777,1.175,8.00
39.86444,14.586,1.183,8.00
39.88531,15.337,1.191,8.00
39.89566,15.337,1.191,8.00
39.91487,16.009,1.200,8.00
39.92527,16.575,1.219,8.00
39.93557,16.575,1.219,8.00
39.94674,17.025,1.247,8.00
39.95692,17.025,1.247,8.00
39.96740,17.342,1.278,8.00
39.97846,17.342,1.308,8.00
39.98877,17.510,1.308,8.00
39.99915,17.510,1.337,8.00
40.01151,17.530,1.337,8.00
40.02163,17.417,1.367,8.00
40.03178,17.417,1.367,8.00
40.04400,17.177,1.395,8.50
40.05417,17.177,1.395,8.50
40.06488,16.829,1.423,8.50
40.09000,16.829,1.423,8.50
40.10034,16.365,1.455,8.50
40.12257,15.771,1.484,8.50
40.13308,15.059,1.484,8.50
40.15540,15.059,1.513,8.50
40.16559,13.295,1.541,8.50
40.18621,13.295,1.565,8.50
40.19661,12.257,1.588,8.50
40.20697,11.153,1.618,8.50
40.22017,11.153,1.618,9.00
40.23142,10.006,1.699,9.00
40.24159,8.838,1.843,9.00
40.25177,8.838,1.843,9.00
40.26193,7.707,1.974,9.00
40.27222,7.707,1.974,9.00
40.28342,6.637,2.119,9.00
40.29392,6.637,2.119,9.00
40.30440,5.601,2.240,9.00
40.31591,5.601,2.240,9.00
40.32624,4.610,2.318,9.00
40.33892,4.610,2.359,9.00
40.36308,2.791,2.389,9.50
40.37420,2.791,2.389,9.50
40.39406,1.974,2.389,9.50
40.40425,1.210,2.514,9.50
40.41469,1.210,2.514,9.50
40.42690,1.210,2.514,9.50
40.43709,0.488,2.633,9.50
40.44724,-0.055,2.755,9.50
40.45970,-0.055,2.755,10.00
40.46985,-0.046,2.907,10.00
40.48002,0.372,2.907,10.00
40.49101,0.372,3.098,10.00
40.50133,0.689,3.289,10.00
40.51168,0.689,3.289,10.00
40.52541,1.136,3.289,10.00
40.53558,1.136,3.478,10.00
40.54585,1.571,3.664,10.00
40.55602,1.571,3.664,10.50
40.56629,1.830,3.846,10.50
40.57645,1.830,3.846,10.50
40.60264,2.072,4.063,10.50
40.61472,2.304,4.271,10.50
40.63396,2.304,4.271,10.50
40.64414,2.583,4.910,10.50
40.66671,2.583,4.910,11.00
40.67710,2.675,5.312,11.00
40.69848,2.759,5.816,11.00
40.70871,2.759,6.406,11.00
40.71886,2.707,6.406,11.00
40.73211,2.707,6.977,11.00
40.74277,2.573,7.446,11.00
40.75316,2.573,7.446,11.00
40.76334,2.379,7.847,11.00
40.77397,2.379,7.847,11.00
40.78412,2.165,8.270,11.00
40.79617,2.165,8.270,11.50
40.80645,1.949,8.783,11.50
40.81663,1.949,8.783,11.50
40.82683,1.736,9.404,11.50
40.83719,1.736,9.404,11.50
40.84755,1.523,10.038,11.50
40.85895,1.523,10.038,11.50
40.86927,1.321,10.844,11.50
40.87961,1.135,10.844,11.50
40.89050,1.135,11.610,11.50
40.90684,0.958,12.377,11.50
40.91730,0.958,12.377,11.50
40.93919,0.720,13.460,11.50
40.94935,0.720,13.460,11.50
40.97104,0.770,13.915,12.00
40.98119,0.895,13.915,12.00
40.99135,0.895,14.447,12.00
41.00375,0.895,14.447,12.00
41.01394,1.055,15.122,12.00
41.02419,1.180,15.862,12.00
41.03469,1.180,15.862,12.00
41.04559,1.317,16.596,12.00
41.05609,1.317,16.596,12.00
41.06761,1.445,17.392,12.00
41.07777,1.445,17.392,12.00
41.08794,1.537,18.006,12.00
41.11504,1.537,18.006,12.00
41.12521,1.707,19.111,12.00
41.14727,1.763,19.111,12.00
41.15759,1.801,19.654,12.00
41.17952,1.806,20.239,12.00
41.18970,1.806,20.829,12.00
41.21005,1.806,21.474,12.00
41.22131,1.742,22.201,12.00
41.24289,1.742,22.201,12.00
41.25386,1.684,22.828,12.00
41.26411,1.618,23.467,12.00
41.27444,1.618,23.467,12.00
41.28470,1.618,23.467,12.00
41.29503,1.544,24.091,12.00
41.30697,1.466,24.715,12.00
41.31714,1.466,24.715,12.00
41.32731,1.382,25.318,12.00
41.33857,1.297,25.318,12.00
41.34874,1.297,25.965,12.00
41.35890,1.297,25.965,12.00
41.37080,1.228,26.582,12.00
41.38109,1.192,26.582,12.00
41.39124,1.192,27.277,12.00
41.41917,1.231,28.497,12.00
41.42966,1.231,28.497,12.00
41.45101,1.303,29.254,12.00
41.46207,1.392,30.007,12.00
41.48215,1.392,30.007,12.00
41.49244,1.484,30.737,12.00
41.51797,1.629,31.477,12.00
41.52809,1.629,32.172,12.00
41.53920,1.683,32.967,0.00
41.54996,1.683,32.967,0.00
41.56013,1.683,32.967,0.00
41.57151,1.720,33.669,0.00
41.58167,1.747,34.360,0.00
41.59183,1.747,34.360,0.00
41.60199,1.754,35.087,0.00
41.61214,1.754,35.087,0.00
41.62230,1.713,35.789,0.00
41.63330,1.713,35.789,0.00
41.64346,1.634,36.521,0.00
41.65361,1.634,36.521,0.00
41.66376,1.550,37.238,0.00
41.67389,1.550,37.238,0.00
41.68418,1.486,37.945,0.00
41.69476,1.486,37.945,0.00
41.70506,1.454,38.641,0.00
41.71535,1.454,38.641,0.00
41.72558,1.430,39.375,0.00
41.73610,1.430,39.375,0.00
41.74698,1.404,40.021,0.00
41.75723,1.404,40.021,0.00
41.76737,1.404,40.021,0.00
41.77778,1.290,40.021,0.00
41.78814,1.290,40.638,0.00
41.79867,1.290,40.638,0.00
41.80883,1.230,41.258,0.00
41.81913,1.230,41.258,0.00
41.82944,1.188,41.892,0.00
41.83976,1.144,42.490,0.00
41.85021,1.144,42.490,0.00
41.86049,1.144,43.112,0.00
41.87100,1.076,43.112,0.00
41.88116,1.003,43.112,0.00
41.89141,1.003,43.669,0.00
41.90151,0.937,44.290,0.00
41.91167,0.937,44.290,0.00
41.92183,0.908,44.290,0.00
41.93199,0.908,44.804,0.00
41.94314,0.905,45.331,0.00
41.95332,0.905,45.331,0.00
41.96348,0.904,45.882,0.00
41.97370,0.904,45.882,0.00
41.98401,0.889,46.347,0.00
41.99416,0.889,46.347,0.00
42.00500,0.864,46.686,0.00
42.01515,0.864,46.686,0.00
42.02536,0.817,46.917,0.00
42.03552,0.817,46.917,0.00
42.04567,0.755,47.103,0.00
42.05585,0.755,47.103,0.00
42.06600,0.686,47.362,0.00
42.07736,0.686,47.362,0.00
42.08764,0.646,47.575,0.00
42.09807,0.646,47.575,0.00
42.10847,0.632,47.719,0.00
42.11863,0.632,47.719,0.00
42.12879,0.631,47.811,0.00
42.13896,0.631,47.811,0.00
42.14923,0.631,47.811,0.00
42.15950,0.646,47.844,0.00
42.16974,0.663,47.787,0.00
42.17989,0.663,47.787,0.00
42.19009,0.682,47.637,0.00
42.20025,0.682,47.637,0.00
42.21059,0.704,47.371,0.00
42.22075,0.728,46.876,0.00
42.23092,0.728,46.876,0.00
42.24108,0.749,46.230,0.00
42.25123,0.749,46.230,0.00
42.26145,0.749,46.230,0.00
42.27179,0.762,45.532,0.00
42.28199,0.760,44.845,0.00
42.29215,0.760,44.845,0.00
42.30230,0.760,44.845,0.00
42.31247,0.749,44.063,0.00
42.32280,0.728,43.162,0.00
42.33309,0.728,43.162,0.00
42.34326,0.693,42.225,0.00
42.35344,0.693,42.225,0.00
42.36360,0.662,41.308,0.00
42.37377,0.662,41.308,0.00
42.38414,0.629,40.223,0.00
42.39462,0.629,40.223,0.00
42.40484,0.629,40.223,0.00
42.41517,0.629,40.223,0.00
42.42557,0.629,40.223,0.00
42.43595,0.629,40.223,0.00
42.44612,0.629,39.099,0.00
42.45637,0.608,37.848,0.00
42.46670,0.595,36.547,0.00
42.47687,0.601,35.180,0.00
42.48703,0.601,33.772,0.00
42.49730,0.608,33.772,0.00
42.50762,0.611,32.272,0.00
42.51804,0.611,32.272,0.00
42.52827,0.628,30.721,0.00
42.53849,0.628,30.721,0.00
42.55400,0.652,29.037,0.00
42.56715,0.652,29.037,0.00
42.58365,0.678,27.689,0.00
42.59392,0.678,26.485,0.00
42.60511,0.725,25.347,0.00
42.61656,0.733,24.167,0.00
42.62697,0.733,24.167,0.00
42.63749,0.733,22.931,0.00
42.64877,0.739,22.931,0.00
42.66506,0.739,21.573,0.00
42.67631,0.739,21.573,0.00
42.68647,0.737,21.573,0.00
42.70250,0.722,18.302,0.00
42.72725,0.640,16.671,0.00
42.73762,0.640,16.671,0.00
42.74877,0.640,15.037,0.00
42.75938,0.592,15.037,0.00
42.76982,0.592,15.037,0.00
42.78088,0.592,11.967,0.00
42.80475,0.522,11.967,0.00
42.81553,0.522,10.543,0.00
42.83256,0.493,9.151,0.00
42.84993,0.477,7.827,0.00
42.86172,0.477,7.827,0.00
42.88179,0.450,5.349,0.00
42.89202,0.418,5.349,0.00
42.90333,0.418,4.322,0.00
42.92021,0.383,4.322,0.00
42.94037,0.287,4.322,0.00
42.96416,0.230,2.423,0.00
42.97751,0.230,0.968,0.00
42.99319,0.167,0.968,0.00
43.00467,0.094,0.525,0.00
43.02086,0.094,0.525,0.00
43.03172,0.016,0.525,0.00
43.04392,-0.060,0.020,0.00
43.05923,-0.060,0.020,0.00
43.07125,-0.060,-0.073,0.00
43.08194,-0.136,-0.073,0.00
43.09350,-0.136,-0.073,0.00
43.11027,-0.201,-0.111,0.00
43.12411,-0.251,-0.111,0.00
43.14009,-0.334,0.097,0.00
43.15028,-0.334,0.097,0.00
43.16066,-0.334,0.097,0.00
43.17123,-0.369,0.097,0.00
43.18167,-0.369,0.532,0.00
43.19207,-0.399,0.532,0.00
43.20285,-0.421,0.664,0.00
43.21323,-0.421,0.664,0.00
43.22961,-0.436,0.791,0.00
43.24114,-0.453,0.908,0.00
43.25152,-0.453,0.908,0.00
43.26286,-0.453,0.908,0.00
43.27377,-0.470,1.030,0.00
43.28982,-0.485,1.169,0.00
43.30001,-0.485,1.331,0.00
43.31063,-0.497,1.331,0.00
43.32188,-0.505,1.331,0.00
43.33224,-0.505,1.508,0.00
43.34327,-0.505,1.715,0.00
43.35375,-0.511,1.715,0.00
43.36411,-0.511,1.913,0.00
43.37456,-0.512,1.913,0.00
43.38491,-0.512,2.122,0.00
43.40098,-0.500,2.330,0.00
43.41190,-0.500,2.330,0.00
43.42347,-0.500,2.330,0.00
43.43442,-0.493,2.518,0.00
43.44576,-0.482,2.518,0.00
43.45617,-0.482,2.668,0.00
43.46666,-0.473,2.668,0.00
43.47704,-0.473,2.893,0.00
43.48788,-0.464,2.893,0.00
43.49912,-0.456,2.893,0.00
43.50940,-0.456,2.978,0.00
43.52178,-0.456,2.978,0.00
43.53966,-0.450,3.010,0.00
43.60652,-0.442,2.903,0.00
43.61691,-0.442,2.903,0.00
43.69302,-0.457,2.856,0.00
43.70324,-0.457,2.681,0.00
43.71342,-0.548,0.134,0.00
43.72383,-0.547,0.115,0.00
43.73419,-0.547,0.115,0.00
43.74467,-0.547,0.094,0.00
43.75488,-0.547,0.094,0.00
43.76504,-0.549,0.066,0.00
43.77520,-0.549,0.066,0.00
43.78537,-0.549,0.066,0.00
43.79554,-0.552,0.043,0.00
43.80578,-0.558,0.029,0.00
43.81594,-0.558,0.029,0.00
43.82610,-0.562,0.018,0.00
43.83632,-0.562,0.018,0.00
43.84648,-0.567,0.012,0.00
43.85749,-0.567,0.012,0.00
43.86781,-0.570,0.003,0.00
43.87797,-0.570,0.003,0.00
43.88811,-0.570,-0.003,0.00
43.89827,-0.570,-0.003,0.00
43.90858,-0.570,-0.009,0.00
43.91882,-0.568,-0.015,0.00
43.92925,-0.568,-0.015,0.00
43.93993,-0.568,-0.015,0.00
43.95089,-0.568,-0.015,0.00
43.96114,-0.566,-0.005,0.00
43.97130,-0.566,-0.005,0.00
43.98162,-0.562,0.012,0.00
43.99193,-0.562,0.012,0.00
44.00243,-0.562,0.024,0.00
44.01303,-0.559,0.024,0.00
44.02325,-0.559,0.024,0.00
44.03353,-0.555,0.032,0.00
44.04377,-0.555,0.032,0.00
44.05408,-0.550,0.044,0.00
44.06423,-0.545,0.059,0.00
44.07508,-0.545,0.059,0.00
44.08547,-0.541,0.070,0.00
44.09565,-0.541,0.070,0.00
44.10604,-0.540,0.072,0.00
44.11696,-0.540,0.072,0.00
44.12718,-0.542,0.075,0.00
44.13734,-0.542,0.075,0.00
44.14750,-0.542,0.076,0.00
44.15773,-0.542,0.076,0.00
44.16804,-0.538,0.070,0.00
44.17818,-0.538,0.070,0.00
44.18834,-0.537,0.063,0.00
44.19849,-0.537,0.063,0.00
44.20865,-0.539,0.061,0.00
44.21880,-0.539,0.061,0.00
44.22906,-0.540,0.065,0.00
44.23930,-0.540,0.065,0.00
44.24956,-0.541,0.073,0.00
44.25972,-0.540,0.081,0.00
44.26987,-0.540,0.081,0.00
44.28013,-0.542,0.083,0.00
44.29050,-0.542,0.083,0.00
44.30075,-0.544,0.084,0.00
44.31102,-0.544,0.084,0.00
44.32132,-0.544,0.086,0.00
44.33175,-0.548,0.086,0.00
44.34192,-0.553,0.091,0.00
44.35207,-0.553,0.091,0.00
44.36222,-0.553,0.091,0.00
44.37268,-0.556,0.099,0.00
44.38283,-0.553,0.106,0.00
44.39308,-0.553,0.106,0.00
44.40323,-0.546,0.108,0.00
44.41339,-0.546,0.108,0.00
44.42368,-0.546,0.108,0.00
44.43384,-0.535,0.109,0.00
44.44400,-0.525,0.108,0.00
44.45453,-0.525,0.108,0.00
44.46446,-0.520,0.108,0.00
44.47472,-0.520,0.108,0.00
44.48488,-0.517,0.111,0.00
44.49513,-0.517,0.111,0.00
44.50529,-0.515,0.112,0.00
44.51546,-0.515,0.112,0.00
44.52580,-0.514,0.113,0.00
44.53599,-0.514,0.113,0.00
44.54614,-0.515,0.116,0.00
44.55628,-0.515,0.116,0.00
44.56649,-0.514,0.119,0.00
44.57664,-0.514,0.119,0.00
44.58679,-0.511,0.126,0.00
44.59825,-0.511,0.126,0.00
44.60833,-0.507,0.135,0.00
44.61864,-0.507,0.135,0.00
44.62881,-0.500,0.148,0.00
44.63907,-0.500,0.161,0.00
44.64938,-0.496,0.161,0.00
44.65967,-0.496,0.171,0.00
44.67011,-0.494,0.171,0.00
44.68035,-0.494,0.177,0.00
44.69075,-0.493,0.177,0.00
44.70090,-0.494,0.176,0.00
44.71148,-0.494,0.176,0.00
44.72164,-0.494,0.171,0.00
44.73184,-0.494,0.171,0.00
44.74199,-0.494,0.171,0.00
44.75215,-0.497,0.164,0.00
44.76241,-0.497,0.164,0.00
44.77257,-0.499,0.158,0.00
44.78313,-0.506,0.153,0.00
44.79348,-0.506,0.153,0.00
44.80364,-0.515,0.155,0.00
44.81403,-0.515,0.155,0.00
44.82420,-0.523,0.161,0.00
44.83447,-0.523,0.161,0.00
44.84469,-0.530,0.169,0.00
44.85485,-0.530,0.169,0.00
44.86501,-0.530,0.169,0.00
44.87611,-0.537,0.174,0.00
44.88627,-0.543,0.175,0.00
44.89644,-0.543,0.175,0.00
44.90687,-0.545,0.173,0.00
44.91702,-0.545,0.173,0.00
44.92718,-0.545,0.166,0.00
44.93739,-0.545,0.166,0.00
44.94764,-0.546,0.159,0.00
44.95786,-0.546,0.150,0.00
44.96802,-0.545,0.150,0.00
44.97818,-0.541,0.150,0.00
44.98872,-0.541,0.137,0.00
44.99909,-0.536,0.118,0.00
45.00956,-0.536,0.118,0.00
45.02000,-0.530,0.096,0.00
45.03083,-0.530,0.096,0.00
45.04122,-0.530,0.096,0.00
45.05170,-0.524,0.076,0.00
45.06261,-0.521,0.060,0.00
45.07276,-0.521,0.060,0.00
45.08293,-0.519,0.045,0.00
45.09313,-0.519,0.045,0.00
45.10368,-0.517,0.029,0.00
45.11385,-0.517,0.029,0.00
45.12426,-0.508,0.009,0.00
45.13451,-0.508,0.009,0.00
45.14475,-0.494,-0.007,0.00
45.15495,-0.494,-0.007,0.00
45.16520,-0.477,-0.018,0.00
45.17547,-0.477,-0.018,0.00
45.18566,-0.457,-0.022,0.00
45.19592,-0.457,-0.022,0.00
45.20607,-0.431,-0.025,0.00
45.21623,-0.431,-0.025,0.00
45.22659,-0.388,-0.031,0.00
45.23678,-0.388,-0.031,0.00
45.24694,-0.334,-0.035,0.00
45.25710,-0.334,-0.035,0.00
45.26726,-0.277,-0.038,0.00
45.27784,-0.277,-0.038,0.00
45.28820,-0.217,-0.041,0.00
45.29846,-0.144,-0.042,0.00
45.30863,-0.144,-0.042,0.00
45.31899,-0.144,-0.042,0.00
45.32926,-0.018,-0.038,0.00
45.33950,-0.018,-0.038,0.00
45.34991,0.148,-0.038,0.00
45.36004,0.148,-0.038,0.00
45.37047,0.325,-0.042,0.00
45.38070,0.511,-0.048,0.00
45.39101,0.511,-0.048,0.00
45.40116,0.731,-0.059,0.00
45.41143,0.731,-0.059,0.00
45.42160,0.998,-0.073,0.00
45.43177,0.998,-0.073,0.00
45.44193,1.322,-0.093,0.00
45.45210,1.322,-0.093,0.00
45.46226,1.704,-0.115,0.00
45.47243,1.704,-0.115,0.00
45.48258,2.161,-0.135,0.00
45.49274,2.161,-0.135,0.00
45.50316,2.701,-0.157,0.00
45.51337,2.701,-0.157,0.00
45.52359,3.333,-0.181,0.00
45.53370,3.333,-0.181,0.00
45.54386,4.047,-0.204,0.00
45.55402,4.047,-0.204,0.00
45.56434,4.047,-0.204,0.00
45.57454,4.825,-0.226,0.00
45.58475,5.662,-0.240,0.00
45.59502,5.662,-0.240,0.00
45.60518,6.532,-0.248,0.00
45.61549,6.532,-0.248,0.00
45.62572,7.413,-0.246,0.00
45.63596,7.413,-0.246,0.00
45.64612,8.307,-0.239,0.00
45.65642,8.307,-0.239,0.00
45.66667,9.217,-0.226,0.00
45.67698,9.217,-0.226,0.00
45.69232,10.125,-0.208,0.00
45.70228,11.009,-0.186,0.00
45.71245,11.009,-0.186,0.00
45.72375,11.876,-0.186,8.00
45.73393,11.876,-0.159,8.00
45.74410,12.708,-0.129,8.00
45.75425,12.708,-0.129,8.00
45.76442,13.490,-0.097,8.00
45.77459,13.490,-0.097,8.00
45.80230,14.834,-0.058,8.00
45.81254,14.834,-0.019,8.00
45.83420,15.359,0.024,8.00
45.84453,15.750,0.068,8.00
45.86877,16.015,0.112,8.00
45.87892,16.154,0.156,8.00
45.89950,16.165,0.196,8.00
45.91074,16.165,0.196,8.00
45.93154,16.062,0.230,8.00
45.94168,15.850,0.266,8.00
45.95280,15.850,0.266,8.00
45.96300,15.519,0.296,8.50
45.97327,15.519,0.296,8.50
45.98343,15.128,0.296,8.50
45.99516,15.128,0.328,8.50
46.00532,14.570,0.356,8.50
46.01560,14.570,0.356,8.50
46.02627,13.931,0.383,8.50
46.03646,13.931,0.383,8.50
46.04663,13.221,0.409,8.50
46.07418,12.455,0.409,8.50
46.08447,11.638,0.449,8.50
46.10678,10.778,0.449,8.50
46.11704,9.890,0.465,8.50
46.13883,9.008,0.500,9.00
46.15026,9.008,0.588,9.00
46.17113,8.129,0.588,9.00
46.18139,7.252,0.787,9.00
46.20466,7.252,0.882,9.00
46.21483,6.398,0.882,9.00
46.22661,5.565,0.953,9.50
46.23689,5.565,0.953,9.50
46.24717,4.746,1.011,9.50
46.26617,4.746,1.060,9.50
46.27792,3.305,1.060,9.50
46.28827,3.305,1.100,9.50
46.29869,2.743,1.100,9.50
46.30963,2.743,1.146,9.50
46.31992,2.281,1.146,9.50
46.33021,2.281,1.198,10.00
46.34051,1.902,1.256,10.00
46.35268,1.902,1.256,10.00
46.36356,1.596,1.347,10.00
46.37374,1.596,1.347,10.00
46.38418,1.342,1.507,10.00
46.40990,1.342,1.507,10.00
46.42007,1.155,1.985,10.00
46.44441,1.159,2.213,10.50
46.45457,1.159,2.213,10.50
46.47457,1.320,2.394,10.50
46.48475,1.501,2.599,10.50
46.49492,1.501,2.599,10.50
46.50888,1.717,2.842,11.00
46.51961,1.909,2.842,11.00
46.53099,1.909,3.145,11.00
46.54127,2.079,3.563,11.00
46.55141,2.079,3.563,11.00
46.56175,2.079,3.563,11.00
46.57189,2.264,4.084,11.00
46.58205,2.436,4.770,11.00
46.59220,2.436,4.770,11.00
46.60418,2.599,5.427,11.50
46.61459,2.599,5.427,11.50
46.62576,2.756,6.081,11.50
46.65025,2.756,6.081,11.50
46.66044,2.918,6.731,11.50
46.68192,3.080,7.338,11.50
46.69210,3.223,7.924,11.50
46.71633,3.223,8.502,12.00
46.72652,3.405,9.060,12.00
46.74683,3.405,9.060,12.00
46.75727,3.444,9.712,12.00
46.76745,3.447,10.276,12.00
46.77902,3.447,10.276,12.00
46.79020,3.421,10.804,12.00
46.80037,3.369,11.291,12.00
46.81583,3.369,11.291,12.00
46.82615,3.296,11.723,12.00
46.83632,3.296,12.186,12.00
46.84689,3.228,12.186,12.00
46.85717,3.228,12.186,12.00
46.86840,3.152,12.630,12.00
46.89046,3.070,12.630,12.50
46.90060,2.975,13.041,12.50
46.92294,2.860,13.981,12.50
46.93374,2.860,13.981,12.50
46.95816,2.746,14.445,12.50
46.96848,2.630,14.872,12.50
46.98624,2.524,14.872,12.50
46.99790,2.424,15.296,12.50
47.01788,2.424,15.718,12.50
47.02841,2.325,16.112,12.50
47.03857,2.325,16.112,12.50
47.05017,2.241,16.489,12.50
47.06039,2.169,16.489,12.50
47.07095,2.169,16.819,12.50
47.08262,2.115,17.165,12.50
47.09357,2.115,17.165,12.50
47.10375,2.073,17.499,12.50
47.11541,2.073,17.499,12.50
47.12563,2.043,17.852,12.50
47.13584,2.043,17.852,12.50
47.14971,2.019,18.231,12.50
47.16008,2.019,18.231,12.50
47.17071,2.003,18.626,12.50
47.18107,2.003,19.073,12.50
47.19135,1.997,19.073,12.50
47.20150,1.997,19.521,12.50
47.22706,2.005,19.997,12.50
47.23741,2.024,20.547,12.50
47.25823,2.024,20.547,12.50
47.26874,2.044,21.025,12.50
47.29217,2.080,21.531,12.50
47.30240,2.126,22.039,12.50
47.32253,2.178,22.039,12.50
47.33272,2.178,22.575,12.50
47.34298,2.228,23.112,12.50
47.35475,2.228,23.112,12.50
47.36532,2.273,23.677,12.50
47.37567,2.273,23.677,12.50
47.38753,2.319,24.242,12.50
47.39807,2.319,24.242,12.50
47.40888,2.361,24.953,12.50
47.41913,2.361,24.953,12.50
47.42940,2.407,25.613,12.50
47.43963,2.407,26.232,12.50
47.45008,2.446,26.232,0.00
47.46042,2.446,26.849,0.00
47.47071,2.479,26.849,0.00
47.48103,2.505,27.500,0.00
47.49118,2.505,27.500,0.00
47.50168,2.526,27.500,0.00
47.51186,2.526,28.071,0.00
47.52203,2.532,28.632,0.00
47.53218,2.532,28.632,0.00
47.54243,2.493,29.160,0.00
47.55259,2.493,29.160,0.00
47.56275,2.417,29.762,0.00
47.57291,2.417,29.762,0.00
47.58369,2.335,30.312,0.00
47.59385,2.335,30.312,0.00
47.60404,2.288,30.843,0.00
47.61419,2.288,30.843,0.00
47.62444,2.284,31.422,0.00
47.63466,2.284,31.422,0.00
47.64481,2.303,31.986,0.00
47.65512,2.303,31.986,0.00
47.66529,2.316,32.541,0.00
47.67557,2.316,32.541,0.00
47.68593,2.304,33.076,0.00
47.69608,2.304,33.076,0.00
47.70623,2.247,33.553,0.00
47.71645,2.247,33.553,0.00
47.72660,2.154,34.138,0.00
47.73689,2.154,34.138,0.00
47.74705,2.044,34.650,0.00
47.75721,2.044,34.650,0.00
47.76758,1.948,35.153,0.00
47.77789,1.948,35.153,0.00
47.78821,1.817,35.659,0.00
47.79862,1.817,36.126,0.00
47.80912,1.709,36.126,0.00
47.81927,1.709,36.126,0.00
47.82957,1.623,36.620,0.00
47.83997,1.623,37.059,0.00
47.85013,1.564,37.059,0.00
47.86037,1.546,37.059,0.00
47.87052,1.546,37.502,0.00
47.88068,1.546,37.502,0.00
47.89084,1.544,37.881,0.00
47.90100,1.541,38.047,0.00
47.91116,1.541,38.047,0.00
47.92132,1.528,38.047,0.00
47.93195,1.528,38.046,0.00
47.94215,1.513,38.028,0.00
47.95259,1.513,38.028,0.00
47.96275,1.488,38.073,0.00
47.97291,1.488,38.073,0.00
47.98400,1.488,38.073,0.00
47.99415,1.454,38.111,0.00
48.00430,1.414,38.108,0.00
48.01467,1.414,38.108,0.00
48.02501,1.386,38.053,0.00
48.03518,1.386,38.053,0.00
48.04533,1.363,37.934,0.00
48.05552,1.363,37.934,0.00
48.06584,1.351,37.767,0.00
48.07611,1.351,37.767,0.00
48.08626,1.343,37.509,0.00
48.09643,1.343,37.509,0.00
48.10658,1.342,37.146,0.00
48.11690,1.342,37.146,0.00
48.12706,1.344,36.667,0.00
48.13753,1.344,36.667,0.00
48.14790,1.352,36.054,0.00
48.15846,1.367,36.054,0.00
48.16863,1.367,35.394,0.00
48.17879,1.367,35.394,0.00
48.18903,1.367,35.394,0.00
48.19919,1.379,34.744,0.00
48.20934,1.378,34.038,0.00
48.21950,1.378,33.371,0.00
48.22967,1.360,33.371,0.00
48.23982,1.324,32.684,0.00
48.25024,1.324,32.684,0.00
48.26054,1.285,32.055,0.00
48.27104,1.285,32.055,0.00
48.28138,1.250,31.461,0.00
48.29166,1.250,31.461,0.00
48.30205,1.250,30.831,0.00
48.31241,1.212,30.831,0.00
48.32264,1.169,30.831,0.00
48.33280,1.169,30.123,0.00
48.34296,1.120,29.377,0.00
48.35310,1.120,29.377,0.00
48.36343,1.067,28.671,0.00
48.37381,1.067,28.671,0.00
48.38397,1.009,27.856,0.00
48.39413,1.009,27.856,0.00
48.40455,0.957,27.095,0.00
48.41485,0.957,27.095,0.00
48.42502,0.907,26.332,0.00
48.43518,0.907,26.332,0.00
48.44535,0.871,25.648,0.00
48.45776,0.871,25.648,0.00
48.47682,0.832,25.648,0.00
48.48812,0.832,24.398,0.00
48.49919,0.832,23.747,0.00
48.50945,0.826,23.747,0.00
48.52518,0.821,22.951,0.00
48.54150,0.821,21.923,0.00
48.55723,0.820,21.923,0.00
48.57329,0.820,20.854,0.00
48.58394,0.820,20.854,0.00
48.59477,0.820,19.668,0.00
48.60549,0.820,19.668,0.00
48.61858,0.851,18.422,0.00
48.64773,0.868,15.844,0.00
48.66294,0.863,14.554,0.00
48.68960,0.856,13.275,0.00
48.70161,0.846,11.897,0.00
48.71177,0.846,11.897,0.00
48.72530,0.826,10.752,0.00
48.74046,0.826,9.652,0.00
48.75074,0.795,9.652,0.00
48.76852,0.757,8.560,0.00
48.78614,0.757,8.560,0.00
48.80170,0.708,7.446,0.00
48.81847,0.650,6.348,0.00
48.83631,0.586,5.289,0.00
48.85308,0.521,4.275,0.00
48.86870,0.449,3.211,0.00
48.88560,0.372,2.342,0.00
48.89678,0.372,2.342,0.00
48.92035,0.292,1.567,0.00
48.93194,0.292,1.567,0.00
48.94299,0.208,0.952,0.00
48.95455,0.127,0.484,0.00
48.96475,0.053,0.121,0.00
48.97508,0.053,0.121,0.00
49.00008,-0.007,-0.125,0.00
49.01186,-0.055,-0.232,0.00
49.02953,-0.088,-0.260,0.00
49.04250,-0.088,-0.260,0.00
49.06084,-0.107,-0.242,0.00
49.07801,-0.118,-0.191,0.00
49.10072,-0.118,-0.099,0.00
49.12502,-0.118,0.212,0.00
49.14110,-0.111,0.212,0.00
49.15149,-0.111,0.422,0.00
49.16880,-0.110,0.667,0.00
49.18710,-0.110,0.667,0.00
49.20289,-0.121,0.989,0.00
49.21419,-0.121,0.989,0.00
49.24681,-0.177,1.631,0.00
49.25847,-0.177,1.952,0.00
49.27000,-0.202,2.270,0.00
49.28047,-0.227,2.270,0.00
49.29155,-0.227,2.270,0.00
49.30197,-0.227,2.846,0.00
49.31237,-0.251,2.846,0.00
49.32279,-0.251,2.846,0.00
49.33883,-0.283,3.323,0.00
49.34914,-0.283,3.323,0.00
49.35930,-0.283,3.323,0.00
49.36977,-0.283,3.490,0.00
49.38017,-0.294,3.490,0.00
49.39072,-0.294,3.616,0.00
49.40099,-0.293,3.616,0.00
49.41773,-0.293,3.721,0.00
49.42825,-0.296,3.803,0.00
49.44548,-0.297,3.868,0.00
49.52258,-0.318,3.868,0.00
49.53279,-0.318,3.991,0.00
49.61236,-0.348,3.950,0.00
49.62271,-0.360,3.910,0.00
49.63412,-0.414,0.587,0.00
49.64430,-0.426,0.540,0.00
49.65449,-0.426,0.540,0.00
49.66478,-0.434,0.499,0.00
49.67506,-0.434,0.499,0.00
49.68521,-0.440,0.457,0.00
49.69538,-0.440,0.457,0.00
49.70570,-0.440,0.457,0.00
49.71586,-0.447,0.420,0.00
49.72607,-0.452,0.386,0.00
49.73633,-0.452,0.386,0.00
49.74649,-0.460,0.364,0.00
49.75799,-0.470,0.364,0.00
49.76815,-0.470,0.353,0.00
49.77905,-0.470,0.353,0.00
49.78920,-0.482,0.350,0.00
49.79937,-0.482,0.350,0.00
49.80956,-0.499,0.349,0.00
49.81973,-0.499,0.349,0.00
49.82997,-0.519,0.356,0.00
49.84021,-0.536,0.370,0.00
49.85046,-0.536,0.370,0.00
49.86092,-0.551,0.383,0.00
49.87110,-0.551,0.383,0.00
49.88126,-0.551,0.393,0.00
49.89150,-0.565,0.393,0.00
49.90174,-0.578,0.395,0.00
49.91202,-0.578,0.395,0.00
49.92259,-0.589,0.394,0.00
49.93297,-0.589,0.394,0.00
49.94311,-0.598,0.394,0.00
49.95332,-0.598,0.394,0.00
49.96347,-0.602,0.399,0.00
49.97362,-0.602,0.399,0.00
49.98378,-0.602,0.399,0.00
49.99410,-0.604,0.409,0.00
50.00438,-0.600,0.424,0.00
50.01497,-0.600,0.424,0.00
50.02530,-0.596,0.436,0.00
50.03595,-0.596,0.436,0.00
50.04612,-0.592,0.450,0.00
50.05640,-0.592,0.450,0.00
50.06674,-0.588,0.462,0.00
50.07700,-0.588,0.462,0.00
50.08723,-0.588,0.467,0.00
50.09738,-0.588,0.467,0.00
50.10753,-0.589,0.467,0.00
50.11775,-0.589,0.467,0.00
50.12800,-0.594,0.466,0.00
50.13816,-0.594,0.466,0.00
50.14832,-0.597,0.462,0.00
50.15847,-0.597,0.462,0.00
50.16861,-0.597,0.459,0.00
50.17892,-0.597,0.459,0.00
50.18907,-0.599,0.459,0.00
50.19922,-0.599,0.459,0.00
50.20948,-0.604,0.461,0.00
50.21970,-0.609,0.461,0.00
50.23001,-0.609,0.466,0.00
50.24006,-0.612,0.466,0.00
50.25023,-0.612,0.473,0.00
50.26038,-0.612,0.485,0.00
50.27073,-0.613,0.485,0.00
50.28070,-0.613,0.496,0.00
50.29086,-0.614,0.496,0.00
50.30102,-0.612,0.507,0.00
50.31216,-0.612,0.507,0.00
50.32243,-0.612,0.519,0.00
50.33264,-0.615,0.519,0.00
50.34279,-0.621,0.528,0.00
50.35357,-0.621,0.528,0.00
50.36373,-0.630,0.535,0.00
50.37489,-0.630,0.535,0.00
50.38504,-0.636,0.542,0.00
50.39526,-0.636,0.542,0.00
50.40539,-0.643,0.548,0.00
50.41568,-0.643,0.548,0.00
50.42583,-0.648,0.553,0.00
50.43598,-0.648,0.553,0.00
50.44615,-0.654,0.554,0.00
50.45645,-0.654,0.554,0.00
50.46652,-0.659,0.555,0.00
50.47674,-0.659,0.555,0.00
50.48713,-0.663,0.555,0.00
50.49736,-0.663,0.555,0.00
50.50755,-0.671,0.555,0.00
50.51795,-0.678,0.551,0.00
50.52840,-0.678,0.551,0.00
50.53859,-0.678,0.551,0.00
50.54884,-0.685,0.543,0.00
50.55923,-0.685,0.543,0.00
50.56955,-0.687,0.530,0.00
50.57971,-0.687,0.516,0.00
50.58986,-0.686,0.516,0.00
50.60002,-0.686,0.516,0.00
50.61151,-0.683,0.501,0.00
50.62167,-0.679,0.483,0.00
50.63183,-0.679,0.483,0.00
50.64288,-0.676,0.461,0.00
50.65305,-0.676,0.461,0.00
50.66321,-0.672,0.441,0.00
50.67341,-0.672,0.441,0.00
50.68399,-0.664,0.425,0.00
50.69422,-0.664,0.425,0.00
50.70473,-0.658,0.425,0.00
50.71501,-0.658,0.414,0.00
50.72527,-0.651,0.402,0.00
50.73547,-0.651,0.402,0.00
50.74566,-0.651,0.386,0.00
50.75581,-0.645,0.386,0.00
50.76597,-0.641,0.371,0.00
50.77624,-0.641,0.371,0.00
50.78645,-0.639,0.360,0.00
50.79664,-0.639,0.360,0.00
50.80708,-0.637,0.353,0.00
50.81724,-0.637,0.353,0.00
50.82738,-0.634,0.352,0.00
50.83851,-0.634,0.352,0.00
50.84865,-0.632,0.353,0.00
50.85906,-0.632,0.353,0.00
50.86930,-0.628,0.355,0.00
50.87962,-0.628,0.355,0.00
50.88977,-0.626,0.358,0.00
50.89992,-0.626,0.361,0.00
50.91026,-0.626,0.361,0.00
50.92044,-0.624,0.365,0.00
50.93164,-0.624,0.365,0.00
50.94182,-0.621,0.368,0.00
50.95198,-0.621,0.368,0.00
50.96214,-0.621,0.368,0.00
50.97246,-0.619,0.374,0.00
50.98276,-0.619,0.382,0.00
50.99304,-0.619,0.382,0.00
51.00349,-0.621,0.391,0.00
51.01377,-0.621,0.391,0.00
51.02394,-0.620,0.399,0.00
51.03410,-0.620,0.399,0.00
51.04449,-0.613,0.407,0.00
51.05488,-0.613,0.407,0.00
51.06525,-0.604,0.414,0.00
51.07538,-0.604,0.414,0.00
51.08554,-0.595,0.420,0.00
51.09574,-0.595,0.420,0.00
51.10599,-0.590,0.422,0.00
51.11614,-0.590,0.422,0.00
51.12655,-0.589,0.420,0.00
51.13682,-0.589,0.420,0.00
51.14698,-0.590,0.421,0.00
51.15723,-0.589,0.421,0.00
51.16739,-0.589,0.420,0.00
51.17755,-0.589,0.420,0.00
51.18808,-0.587,0.416,0.00
51.19824,-0.587,0.416,0.00
51.20838,-0.585,0.411,0.00
51.21853,-0.585,0.411,0.00
51.22867,-0.583,0.405,0.00
51.23882,-0.583,0.398,0.00
51.24936,-0.581,0.398,0.00
51.25993,-0.579,0.390,0.00
51.27043,-0.579,0.390,0.00
51.28074,-0.574,0.378,0.00
51.29186,-0.574,0.378,0.00
51.30202,-0.555,0.364,0.00
51.31217,-0.555,0.364,0.00
51.32314,-0.507,0.353,0.00
51.33331,-0.507,0.353,0.00
51.34347,-0.507,0.339,0.00
51.35361,-0.426,0.339,0.00
51.36499,-0.426,0.339,0.00
51.37515,-0.305,0.326,0.00
51.38531,-0.168,0.316,0.00
51.39547,-0.168,0.316,0.00
51.40562,0.007,0.311,0.00
51.41578,0.007,0.311,0.00
51.42601,0.222,0.308,0.00
51.43682,0.222,0.307,0.00
51.44699,0.532,0.307,0.00
51.45715,0.532,0.307,0.00
51.46731,0.907,0.306,0.00
51.47746,0.907,0.306,0.00
51.48762,1.328,0.306,0.00
51.49778,1.807,0.306,0.00
51.50793,1.807,0.307,0.00
51.51810,1.807,0.307,0.00
51.52827,1.807,0.307,0.00
51.53849,2.355,0.310,0.00
51.54866,2.962,0.313,0.00
51.55934,2.962,0.313,0.00
51.56977,3.624,0.318,0.00
51.57992,3.624,0.324,0.00
51.59008,4.339,0.324,0.00
51.60024,4.339,0.324,0.00
51.61050,5.100,0.327,0.00
51.62175,5.100,0.327,0.00
51.63194,5.914,0.329,0.00
51.64211,6.776,0.332,0.00
51.65228,6.776,0.332,0.00
51.66253,6.776,0.332,0.00
51.67327,7.653,0.336,0.00
51.68343,8.533,0.340,0.00
51.69359,8.533,0.340,0.00
51.70383,8.533,0.340,0.00
51.71430,9.399,0.346,0.00
51.72461,9.399,0.346,0.00
51.73892,10.240,0.354,0.00
51.74909,11.033,0.366,0.00
51.75954,11.778,0.381,0.00
51.77208,11.778,0.381,8.00
51.78227,12.470,0.404,8.00
51.79246,12.470,0.404,8.00
51.80427,13.085,0.429,8.00
51.81461,13.085,0.429,8.00
51.82476,13.626,0.451,8.00
51.85186,14.112,0.474,8.00
51.86212,14.507,0.497,8.00
51.88183,14.507,0.497,8.00
51.89209,14.793,0.520,8.00
51.90224,14.954,0.536,8.00
51.91545,14.954,0.536,8.00
51.92563,14.981,0.551,8.00
51.94589,14.981,0.551,8.00
51.95616,14.895,0.570,8.00
51.96643,14.715,0.590,8.00
51.98125,14.715,0.590,8.00
51.99139,14.427,0.608,8.00
52.00155,14.027,0.625,8.00
52.01183,14.027,0.625,8.50
52.02190,13.549,0.644,8.50
52.03206,13.549,0.644,8.50
52.04443,12.998,0.644,8.50
52.05510,12.998,0.667,8.50
52.06528,12.362,0.691,8.50
52.07615,12.362,0.691,8.50
52.08642,11.656,0.717,8.50
52.09648,11.656,0.717,8.50
52.12421,10.885,0.744,8.50
52.13589,10.062,0.761,8.50
52.15466,9.224,0.767,8.50
52.16480,8.391,0.784,8.50
52.18648,8.391,0.849,9.00
52.19904,6.718,0.849,9.00
52.21920,6.718,0.950,9.00
52.22938,5.863,1.038,9.00
52.23955,5.863,1.038,9.00
52.25068,5.863,1.110,9.00
52.26092,5.008,1.153,9.00
52.27135,4.211,1.153,9.00
52.28625,3.454,1.174,9.00
52.29649,3.454,1.174,9.00
52.30697,2.716,1.179,9.00
52.31713,2.716,1.179,9.50
52.32729,2.045,1.197,9.50
52.33749,2.045,1.197,9.50
52.34778,1.477,1.235,9.50
52.35810,1.477,1.235,9.50
52.36842,1.044,1.272,9.50
52.39382,1.044,1.272,9.50
52.40400,0.466,1.339,9.50
52.42656,0.466,1.339,10.00
52.43674,0.228,1.432,10.00
52.45851,0.042,1.432,10.00
52.46872,0.091,1.700,10.00
52.49084,0.294,1.843,10.00
52.50183,0.496,1.983,10.00
52.52274,0.731,2.130,10.50
52.53290,0.731,2.130,10.50
52.54321,0.967,2.281,10.50
52.55440,0.967,2.281,10.50
52.56459,1.160,2.469,10.50
52.57488,1.160,2.469,10.50
52.58607,1.160,2.751,10.50
52.59637,1.373,2.751,10.50
52.60652,1.578,3.213,10.50
52.61843,1.578,3.213,11.00
52.62884,1.742,3.738,11.00
52.64046,1.882,4.273,11.00
52.66685,2.014,4.774,11.00
52.67708,2.014,4.774,11.00
52.70016,2.245,4.774,11.00
52.71060,2.245,5.754,11.00
52.72989,2.245,5.754,11.00
52.74008,2.307,6.223,11.00
52.76274,2.319,7.252,11.50
52.77296,2.319,7.252,11.50
52.78579,2.276,7.831,11.50
52.79703,2.276,7.831,11.50
52.80789,2.196,8.418,11.50
52.82019,2.196,8.418,11.50
52.84460,2.196,8.418,11.50
52.85478,1.960,9.598,11.50
52.87395,1.960,9.598,11.50
52.88413,1.822,10.150,11.50
52.90751,1.508,11.151,11.50
52.91902,1.508,11.151,11.50
52.93803,1.364,11.719,12.00
52.94822,1.225,12.232,12.00
52.95918,1.225,12.232,12.00
52.97207,1.114,12.758,12.00
52.98335,1.014,13.288,12.00
52.99347,1.014,13.288,12.00
53.00557,0.934,13.776,12.00
53.01583,0.934,13.776,12.00
53.02602,0.872,14.262,12.00
53.03617,0.872,14.262,12.00
53.04644,0.811,14.734,12.00
53.05795,0.811,14.734,12.00
53.08305,0.714,15.824,12.00
53.09323,0.714,15.824,12.00
53.11367,0.714,16.401,12.00
53.12385,0.780,17.004,12.00
53.13461,0.780,17.004,12.00
53.14741,0.863,17.590,12.00
53.15757,0.863,17.590,12.00
53.16794,0.966,18.177,12.00
53.17855,0.966,18.177,12.00
53.18884,1.070,18.737,12.00
53.19899,1.162,18.737,12.00
53.21155,1.162,19.299,12.00
53.22178,1.240,19.819,12.00
53.23287,1.240,19.819,12.00
53.24329,1.312,20.349,12.00
53.25351,1.312,20.349,12.00
53.26366,1.312,20.349,12.00
53.27404,1.380,20.826,12.00
53.28507,1.442,21.312,12.00
53.29523,1.442,21.312,12.00
53.30723,1.507,21.808,12.00
53.31742,1.507,21.808,12.00
53.32764,1.565,22.383,12.00
53.33895,1.565,22.383,12.00
53.34923,1.619,23.044,12.00
53.35941,1.619,23.747,12.00
53.36996,1.652,23.747,12.00
53.38760,1.672,24.476,12.00
53.39778,1.672,24.476,12.00
53.41805,1.686,25.302,12.00
53.42827,1.684,26.009,12.00
53.45024,1.677,26.009,12.00
53.46052,1.677,26.704,12.00
53.47096,1.654,26.704,12.00
53.48125,1.634,27.377,0.00
53.49272,1.634,28.073,0.00
53.50288,1.634,28.767,0.00
53.51303,1.613,28.767,0.00
53.52349,1.587,29.438,0.00
53.53376,1.587,29.438,0.00
53.54392,1.559,30.134,0.00
53.55407,1.559,30.134,0.00
53.56424,1.559,30.134,0.00
53.57440,1.508,30.868,0.00
53.58465,1.440,31.551,0.00
53.59682,1.385,31.551,0.00
53.60697,1.385,32.382,0.00
53.61713,1.385,32.382,0.00
53.62728,1.351,33.185,0.00
53.63753,1.351,33.185,0.00
53.64769,1.346,33.983,0.00
53.65845,1.346,34.740,0.00
53.66866,1.341,34.740,0.00
53.67882,1.341,35.488,0.00
53.68906,1.323,35.488,0.00
53.69921,1.323,35.488,0.00
53.70942,1.301,36.193,0.00
53.71975,1.276,36.896,0.00
53.73092,1.276,36.896,0.00
53.74108,1.276,37.685,0.00
53.75161,1.247,37.685,0.00
53.76215,1.247,37.685,0.00
53.77225,1.226,38.361,0.00
53.78249,1.226,38.361,0.00
53.79326,1.219,39.061,0.00
53.80342,1.222,39.706,0.00
53.81358,1.222,39.706,0.00
53.82374,1.229,40.345,0.00
53.83394,1.229,40.345,0.00
53.84485,1.237,41.015,0.00
53.85611,1.237,41.015,0.00
53.86678,1.240,41.608,0.00
53.87711,1.230,41.608,0.00
53.88747,1.230,42.203,0.00
53.89781,1.208,42.203,0.00
53.90814,1.208,42.781,0.00
53.91869,1.179,42.781,0.00
53.92887,1.179,43.198,0.00
53.93903,1.179,43.610,0.00
53.94919,1.154,43.610,0.00
53.95936,1.154,44.044,0.00
53.96951,1.132,44.044,0.00
53.97967,1.132,44.044,0.00
53.99025,1.099,44.480,0.00
54.00046,1.062,44.840,0.00
54.01150,1.062,44.840,0.00
54.02166,1.034,45.103,0.00
54.03182,1.034,45.103,0.00
54.04197,1.012,45.320,0.00
54.05222,1.012,45.320,0.00
54.06321,0.986,45.580,0.00
54.07357,0.986,45.580,0.00
54.08372,0.957,45.742,0.00
54.09390,0.957,45.742,0.00
54.10409,0.925,45.771,0.00
54.11430,0.925,45.771,0.00
54.12446,0.890,45.714,0.00
54.13462,0.890,45.714,0.00
54.14478,0.857,45.603,0.00
54.15493,0.857,45.603,0.00
54.16515,0.831,45.437,0.00
54.17544,0.831,45.437,0.00
54.18585,0.819,45.233,0.00
54.19687,0.806,45.233,0.00
54.20720,0.806,45.022,0.00
54.21735,0.806,45.022,0.00
54.22750,0.777,44.781,0.00
54.23766,0.777,44.781,0.00
54.24781,0.742,44.526,0.00
54.25808,0.742,44.526,0.00
54.26824,0.707,44.229,0.00
54.27884,0.707,44.229,0.00
54.28908,0.689,43.906,0.00
54.29930,0.689,43.545,0.00
54.30982,0.676,43.545,0.00
54.32001,0.676,43.138,0.00
54.33058,0.664,43.138,0.00
54.34079,0.664,42.695,0.00
54.35103,0.656,42.695,0.00
54.36121,0.656,42.695,0.00
54.37137,0.650,42.262,0.00
54.38153,0.638,41.817,0.00
54.39169,0.638,41.817,0.00
54.40228,0.621,41.399,0.00
54.41244,0.621,41.399,0.00
54.42260,0.594,41.399,0.00
54.43275,0.594,40.962,0.00
54.44291,0.568,40.533,0.00
54.45306,0.568,40.533,0.00
54.46321,0.548,40.140,0.00
54.47336,0.548,40.140,0.00
54.49011,0.526,39.749,0.00
54.52576,0.500,38.975,0.00
54.55063,0.417,38.538,0.00
54.57195,0.380,38.089,0.00
54.58829,0.380,37.530,0.00
54.60456,0.380,37.530,0.00
54.61530,0.380,36.976,0.00
54.63365,0.307,36.422,0.00
54.64439,0.307,36.422,0.00
54.65558,0.283,35.832,0.00
54.66608,0.283,35.198,0.00
54.68287,0.264,35.198,0.00
54.69383,0.264,34.554,0.00
54.70933,0.264,33.793,0.00
54.72475,0.251,33.793,0.00
54.73572,0.251,33.793,0.00
54.75147,0.250,33.072,0.00
54.77222,0.255,31.291,0.00
54.78964,0.275,31.291,0.00
54.80149,0.306,31.291,0.00
54.81874,0.344,29.178,0.00
54.82927,0.344,28.038,0.00
54.84206,0.376,28.038,0.00
54.85361,0.376,26.785,0.00
54.87090,0.445,25.225,0.00
54.88656,0.445,25.225,0.00
54.89757,0.463,23.761,0.00
54.90816,0.463,22.292,0.00
54.92370,0.463,22.292,0.00
54.93455,0.491,22.292,0.00
54.95086,0.505,19.367,0.00
54.96120,0.505,19.367,0.00
54.97228,0.505,19.367,0.00
54.98286,0.505,19.367,0.00
54.99402,0.530,17.834,0.00
55.00980,0.530,17.834,0.00
55.02107,0.522,16.294,0.00
55.03251,0.522,14.780,0.00
55.04906,0.522,13.123,0.00
55.06472,0.491,13.123,0.00
55.07548,0.491,11.737,0.00
55.08693,0.491,10.408,0.00
55.10301,0.491,10.408,0.00
55.11403,0.491,9.041,0.00
55.12992,0.491,7.501,0.00
55.14859,0.463,6.039,0.00
55.15909,0.463,4.951,0.00
55.16928,0.463,4.951,0.00
55.18046,0.445,4.951,0.00
55.19660,0.445,4.065,0.00
55.21312,0.392,3.410,0.00
55.23621,0.362,2.694,0.00
55.25190,0.325,2.694,0.00
55.26905,0.287,1.809,0.00
55.28797,0.287,1.809,0.00
55.30848,0.210,1.809,0.00
55.32529,0.171,1.212,0.00
55.33658,0.171,1.212,0.00
55.34845,0.129,1.157,0.00
55.36808,0.089,1.139,0.00
55.38360,0.089,1.154,0.00
55.40023,0.058,1.154,0.00
55.42019,0.038,1.154,0.00
55.43198,0.029,1.291,0.00
55.44791,0.026,1.408,0.00
55.46387,0.026,1.547,0.00
55.54120,-0.001,1.547,0.00
55.55141,-0.001,2.280,0.00
55.62336,-0.067,2.280,0.00
55.63364,-0.067,2.953,0.00
55.64429,-0.067,2.953,0.00
55.65562,-0.447,-16.414,0.00
55.66585,-0.450,-16.253,0.00
55.67764,-0.448,-16.100,0.00
55.68800,-0.439,-15.969,0.00
55.69846,-0.430,-15.865,0.00
55.70861,-0.430,-15.865,0.00
55.71945,-0.430,-15.865,0.00
55.72961,-0.422,-15.818,0.00
55.73977,-0.422,-15.818,0.00
55.74997,-0.414,-15.812,0.00
55.76013,-0.407,-15.846,0.00
55.77164,-0.407,-15.846,0.00
55.78180,-0.404,-15.891,0.00
55.79195,-0.404,-15.891,0.00
55.80212,-0.402,-15.907,0.00
55.81227,-0.402,-15.907,0.00
55.82243,-0.400,-15.906,0.00
55.83292,-0.400,-15.906,0.00
55.84314,-0.401,-15.905,0.00
55.85419,-0.401,-15.905,0.00
55.86520,-0.400,-15.893,0.00
55.87535,-0.400,-15.893,0.00
55.88550,-0.394,-15.869,0.00
55.89567,-0.394,-15.869,0.00
55.90592,-0.386,-15.837,0.00
55.91609,-0.386,-15.837,0.00
55.92704,-0.378,-15.810,0.00
55.93745,-0.378,-15.786,0.00
55.94760,-0.371,-15.786,0.00
55.95777,-0.371,-15.786,0.00
55.96802,-0.366,-15.763,0.00
55.97825,-0.366,-15.763,0.00
55.98840,-0.366,-15.736,0.00
55.99855,-0.373,-15.736,0.00
56.00871,-0.373,-15.696,0.00
56.01906,-0.373,-15.696,0.00
56.02938,-0.387,-15.650,0.00
56.04002,-0.387,-15.650,0.00
56.05018,-0.404,-15.619,0.00
56.06071,-0.427,-15.593,0.00
56.07091,-0.427,-15.593,0.00
56.08120,-0.458,-15.562,0.00
56.09135,-0.458,-15.562,0.00
56.10151,-0.458,-15.562,0.00
56.11166,-0.496,-15.524,0.00
56.12182,-0.533,-15.485,0.00
56.13197,-0.533,-15.485,0.00
56.14212,-0.560,-15.443,0.00
56.15228,-0.560,-15.443,0.00
56.16250,-0.577,-15.400,0.00
56.17266,-0.577,-15.400,0.00
56.18281,-0.591,-15.356,0.00
56.19323,-0.591,-15.356,0.00
56.20482,-0.610,-15.324,0.00
56.21499,-0.610,-15.324,0.00
56.22515,-0.619,-15.296,0.00
56.23531,-0.619,-15.296,0.00
56.24548,-0.617,-15.274,0.00
56.25568,-0.617,-15.274,0.00
56.26585,-0.612,-15.255,0.00
56.27620,-0.612,-15.243,0.00
56.28657,-0.606,-15.243,0.00
56.29673,-0.606,-15.243,0.00
56.30688,-0.603,-15.239,0.00
56.31723,-0.603,-15.239,0.00
56.32743,-0.598,-15.242,0.00
56.33763,-0.593,-15.242,0.00
56.34783,-0.593,-15.247,0.00
56.35932,-0.593,-15.247,0.00
56.36950,-0.591,-15.251,0.00
56.37965,-0.591,-15.251,0.00
56.38981,-0.599,-15.255,0.00
56.39998,-0.599,-15.255,0.00
56.41014,-0.610,-15.262,0.00
56.42029,-0.618,-15.265,0.00
56.43048,-0.618,-15.265,0.00
56.44062,-0.629,-15.265,0.00
56.45090,-0.629,-15.269,0.00
56.46109,-0.629,-15.274,0.00
56.47125,-0.640,-15.274,0.00
56.48141,-0.649,-15.284,0.00
56.49157,-0.649,-15.284,0.00
56.50174,-0.659,-15.299,0.00
56.51195,-0.659,-15.299,0.00
56.52291,-0.665,-15.313,0.00
56.53336,-0.665,-15.313,0.00
56.54350,-0.669,-15.326,0.00
56.55379,-0.669,-15.326,0.00
56.56487,-0.667,-15.337,0.00
56.57504,-0.667,-15.337,0.00
56.58520,-0.667,-15.344,0.00
56.59550,-0.661,-15.344,0.00
56.60566,-0.654,-15.346,0.00
56.61583,-0.654,-15.346,0.00
56.62599,-0.654,-15.345,0.00
56.63616,-0.647,-15.345,0.00
56.64644,-0.647,-15.346,0.00
56.65673,-0.645,-15.346,0.00
56.66691,-0.648,-15.348,0.00
56.67708,-0.648,-15.348,0.00
56.68723,-0.650,-15.345,0.00
56.69740,-0.650,-15.337,0.00
56.70767,-0.651,-15.337,0.00
56.71827,-0.651,-15.337,0.00
56.72846,-0.652,-15.329,0.00
56.73896,-0.652,-15.329,0.00
56.74946,-0.650,-15.324,0.00
56.75967,-0.649,-15.320,0.00
56.77022,-0.649,-15.320,0.00
56.78048,-0.650,-15.314,0.00
56.79099,-0.650,-15.314,0.00
56.80130,-0.651,-15.308,0.00
56.81159,-0.651,-15.308,0.00
56.82206,-0.651,-15.298,0.00
56.83225,-0.651,-15.298,0.00
56.84268,-0.649,-15.286,0.00
56.85284,-0.649,-15.286,0.00
56.86301,-0.648,-15.282,0.00
56.87323,-0.648,-15.282,0.00
56.88339,-0.646,-15.285,0.00
56.89354,-0.646,-15.285,0.00
56.90370,-0.645,-15.294,0.00
56.91386,-0.645,-15.294,0.00
56.92402,-0.647,-15.304,0.00
56.93427,-0.647,-15.304,0.00
56.94443,-0.650,-15.311,0.00
56.95458,-0.650,-15.311,0.00
56.96484,-0.652,-15.317,0.00
56.97500,-0.652,-15.317,0.00
56.98533,-0.654,-15.322,0.00
56.99554,-0.654,-15.322,0.00
57.00582,-0.655,-15.326,0.00
57.01615,-0.655,-15.326,0.00
57.02649,-0.655,-15.326,0.00
57.03697,-0.657,-15.325,0.00
57.04724,-0.659,-15.324,0.00
57.05740,-0.659,-15.324,0.00
57.06756,-0.658,-15.324,0.00
57.07790,-0.658,-15.324,0.00
57.08805,-0.659,-15.321,0.00
57.09822,-0.659,-15.321,0.00
57.10860,-0.659,-15.315,0.00
57.11876,-0.658,-15.315,0.00
57.12929,-0.658,-15.303,0.00
57.13954,-0.656,-15.292,0.00
57.14987,-0.656,-15.292,0.00
57.16021,-0.643,-15.280,0.00
57.17060,-0.643,-15.280,0.00
57.18089,-0.610,-15.271,0.00
57.19129,-0.610,-15.271,0.00
57.20145,-0.554,-15.259,0.00
57.21170,-0.554,-15.259,0.00
57.22183,-0.468,-15.246,0.00
57.23198,-0.468,-15.246,0.00
57.24215,-0.348,-15.239,0.00
57.25230,-0.348,-15.239,0.00
57.26263,-0.206,-15.236,0.00
57.27287,-0.206,-15.236,0.00
57.28324,-0.035,-15.232,0.00
57.29338,-0.035,-15.232,0.00
57.30353,-0.035,-15.232,0.00
57.31368,-0.035,-15.232,0.00
57.32389,-0.035,-15.232,0.00
57.33413,0.458,-15.231,0.00
57.34438,0.795,-15.236,0.00
57.35463,0.795,-15.236,0.00
57.36479,1.195,-15.241,0.00
57.37503,1.195,-15.241,0.00
57.38520,1.195,-15.246,0.00
57.39583,1.655,-15.246,0.00
57.40598,2.191,-15.250,0.00
57.41771,2.191,-15.250,0.00
57.42796,2.801,-15.255,0.00
57.43809,2.801,-15.261,0.00
57.44825,3.479,-15.261,0.00
57.45883,3.479,-15.261,0.00
57.46911,4.213,-15.267,0.00
57.47927,4.990,-15.271,0.00
57.48942,4.990,-15.271,0.00
57.50019,4.990,-15.271,0.00
57.51044,5.792,-15.283,0.00
57.52095,6.630,-15.296,0.00
57.53176,6.630,-15.296,0.00
57.54211,7.495,-15.306,0.00
57.55243,7.495,-15.306,0.00
57.56293,8.355,-15.315,0.00
57.57342,8.355,-15.315,0.00
57.58366,9.197,-15.321,0.00
57.59406,9.197,-15.321,0.00
57.60437,10.026,-15.323,0.00
57.61482,10.026,-15.323,0.00
57.62497,10.818,-15.318,0.00
57.63513,10.818,-15.318,0.00
57.65823,11.556,-15.318,8.00
57.66845,11.556,-15.287,8.00
57.69480,12.803,-15.240,8.00
57.70495,13.291,-15.240,8.00
57.72324,13.291,-15.209,8.00
57.73340,13.686,-15.209,8.00
57.75370,13.686,-15.178,8.00
57.76387,14.069,-15.151,8.00
57.77425,14.069,-15.151,8.00
57.78748,14.051,-15.129,8.00
57.79801,14.051,-15.112,8.00
57.80837,13.919,-15.112,8.00
57.81852,13.667,-15.089,8.00
57.82971,13.667,-15.089,8.00
57.84126,13.667,-15.089,8.00
57.85156,13.313,-15.070,8.00
57.86216,12.869,-15.048,8.00
57.87238,12.869,-15.048,8.00
57.88415,12.316,-15.026,8.50
57.89520,12.316,-15.026,8.50
57.90539,11.668,-15.007,8.50
57.91554,11.668,-15.007,8.50
57.92570,10.933,-14.987,8.50
57.93587,10.933,-14.965,8.50
57.96316,10.114,-14.965,8.50
57.97347,9.227,-14.941,8.50
57.99383,9.227,-14.941,8.50
58.00569,7.321,-14.892,8.50
58.02566,7.321,-14.892,8.50
58.03585,6.297,-14.871,8.50
58.04602,5.224,-14.851,8.50
58.05947,5.224,-14.851,9.00
58.06964,4.151,-14.813,9.00
58.07980,3.113,-14.740,9.00
58.09018,3.113,-14.740,9.00
58.10047,3.113,-14.658,9.00
58.11079,2.116,-14.658,9.00
58.12261,1.190,-14.590,9.00
58.13301,1.190,-14.590,9.00
58.14319,0.322,-14.542,9.00
58.15410,0.322,-14.542,9.50
58.16450,-0.476,-14.518,9.50
58.17467,-0.476,-14.518,9.50
58.20221,-1.714,-14.500,9.50
58.21250,-1.714,-14.482,9.50
58.23445,-1.714,-14.456,9.50
58.24477,-1.203,-14.427,9.50
58.26655,-0.884,-14.427,9.50
58.27787,-0.884,-14.402,9.50
58.28813,-0.730,-14.383,9.50
58.30467,-0.417,-14.343,10.00
58.31492,-0.417,-14.343,10.00
58.32985,-0.417,-14.275,10.00
58.34003,-0.067,-14.275,10.00
58.35019,0.182,-14.176,10.00
58.36248,0.182,-14.070,10.00
58.37280,0.415,-14.070,10.00
58.38303,0.415,-14.070,10.00
58.39380,0.571,-13.960,10.50
58.40399,0.639,-13.843,10.50
58.41421,0.639,-13.843,10.50
58.44202,0.650,-13.610,10.50
58.45240,0.679,-13.610,10.50
58.47653,0.739,-13.320,10.50
58.48672,0.774,-13.320,10.50
58.50737,0.747,-13.320,11.00
58.51823,0.747,-13.141,11.00
58.53770,0.644,-12.947,11.00
58.54787,0.484,-12.768,11.00
58.55803,0.484,-12.768,11.00
58.56997,0.484,-12.768,11.00
58.58016,0.291,-12.609,11.00
58.59050,0.081,-12.426,11.00
58.60264,-0.123,-12.215,11.00
58.61380,-0.123,-12.215,11.00
58.62364,-0.327,-11.946,11.00
58.63652,-0.327,-11.946,11.50
58.64676,-0.529,-11.693,11.50
58.65713,-0.695,-11.693,11.50
58.66971,-0.695,-11.453,11.50
58.67987,-0.883,-11.453,11.50
58.69025,-0.883,-11.204,11.50
58.71529,-1.037,-10.973,11.50
58.72545,-1.065,-10.702,11.50
58.74665,-0.935,-10.423,11.50
58.75710,-0.935,-10.423,11.50
58.77894,-0.660,-9.750,11.50
58.78928,-0.660,-9.750,11.50
58.81074,-0.522,-9.409,12.00
58.82068,-0.387,-9.007,12.00
58.83084,-0.387,-9.007,12.00
58.84226,-0.294,-9.007,12.00
58.85546,-0.294,-8.578,12.00
58.87363,-0.207,-8.127,12.00
58.88382,-0.125,-7.690,12.00
58.89400,-0.125,-7.690,12.00
58.90668,-0.049,-7.284,12.00
58.91683,-0.049,-6.845,12.00
58.92711,0.019,-6.845,12.00
58.94084,0.019,-6.845,12.00
58.95100,0.080,-6.354,12.00
58.96116,0.123,-5.877,12.00
58.98725,0.123,-5.380,12.00
58.99748,0.133,-4.855,12.00
59.01787,0.133,-4.855,12.00
59.02806,0.100,-4.286,12.00
59.05168,0.059,-3.723,12.00
59.06184,0.009,-3.130,12.00
59.08403,-0.046,-2.503,12.00
59.09455,-0.046,-2.503,12.00
59.11373,-0.111,-1.856,12.00
59.12393,-0.178,-1.154,12.00
59.13412,-0.178,-1.154,12.00
59.14594,-0.178,-1.154,12.00
59.15613,-0.235,-0.594,12.00
59.16629,-0.295,-0.042,12.00
59.17788,-0.295,-0.042,12.00
59.18808,-0.327,0.443,12.00
59.19824,-0.327,0.443,12.00
59.21020,-0.325,0.950,12.00
59.22061,-0.302,1.490,12.00
59.23114,-0.302,1.490,12.00
59.24212,-0.243,2.066,12.00
59.25236,-0.243,2.066,12.00
59.26253,-0.161,2.649,12.00
59.29167,-0.064,2.649,12.00
59.30221,-0.064,3.299,12.00
59.32171,0.029,3.902,12.00
59.33190,0.113,4.510,12.00
59.34226,0.192,5.143,12.00
59.35378,0.192,5.143,12.00
59.36416,0.252,5.756,12.00
59.37461,0.252,5.756,12.00
59.38483,0.306,6.368,0.00
59.39499,0.306,6.368,0.00
59.40515,0.339,7.003,0.00
59.41530,0.339,7.003,0.00
59.42546,0.365,7.621,0.00
59.43562,0.365,7.621,0.00
59.44576,0.381,8.300,0.00
59.45691,0.381,8.300,0.00
59.46710,0.376,8.899,0.00
59.47726,0.376,8.899,0.00
59.48741,0.338,9.448,0.00
59.49766,0.281,10.005,0.00
59.50797,0.281,10.005,0.00
59.51813,0.281,10.528,0.00
59.52849,0.224,10.528,0.00
59.53880,0.224,11.071,0.00
59.54912,0.186,11.071,0.00
59.55937,0.186,11.071,0.00
59.56957,0.166,11.632,0.00
59.57984,0.166,11.632,0.00
59.59000,0.152,12.162,0.00
59.60016,0.131,12.781,0.00
59.61065,0.131,12.781,0.00
59.62082,0.131,12.781,0.00
59.63098,0.085,13.308,0.00
59.64113,0.013,13.838,0.00
59.65130,0.013,13.838,0.00
59.66150,-0.072,14.384,0.00
59.67166,-0.072,14.384,0.00
59.68184,-0.149,14.911,0.00
59.69204,-0.149,14.911,0.00
59.70221,-0.207,15.480,0.00
59.71241,-0.207,15.480,0.00
59.72257,-0.262,16.035,0.00
59.73271,-0.262,16.035,0.00
59.74303,-0.312,16.584,0.00
59.75340,-0.312,16.584,0.00
59.76373,-0.312,16.584,0.00
59.77553,-0.312,16.584,0.00
59.78569,-0.386,17.648,0.00
59.79584,-0.408,17.648,0.00
59.80601,-0.408,18.140,0.00
59.81719,-0.408,18.140,0.00
59.82736,-0.424,18.577,0.00
59.83751,-0.436,18.577,0.00
59.84778,-0.436,18.879,0.00
59.85803,-0.447,19.066,0.00
59.86823,-0.447,19.066,0.00
59.87840,-0.464,19.207,0.00
59.88904,-0.464,19.207,0.00
59.89933,-0.489,19.357,0.00
59.90970,-0.489,19.357,0.00
59.92014,-0.529,19.526,0.00
59.93059,-0.529,19.526,0.00
59.94075,-0.576,19.678,0.00
59.95136,-0.576,19.678,0.00
59.96152,-0.623,19.794,0.00
59.97169,-0.623,19.794,0.00
59.98185,-0.656,19.848,0.00
59.99268,-0.656,19.848,0.00
60.00283,-0.672,19.822,0.00
60.01314,-0.672,19.822,0.00
60.02329,-0.679,19.704,0.00
60.03348,-0.679,19.704,0.00
60.04367,-0.681,19.516,0.00
60.05390,-0.681,19.516,0.00
60.06406,-0.673,19.270,0.00
60.07424,-0.673,19.270,0.00
60.08447,-0.653,18.900,0.00
60.09463,-0.653,18.900,0.00
60.10484,-0.624,18.427,0.00
60.11500,-0.624,18.427,0.00
60.12553,-0.591,17.818,0.00
60.13568,-0.591,17.818,0.00
60.14589,-0.565,17.229,0.00
60.15689,-0.565,17.229,0.00
60.16705,-0.543,16.645,0.00
60.17722,-0.543,16.645,0.00
60.18742,-0.522,15.983,0.00
60.19758,-0.522,15.255,0.00
60.20775,-0.501,15.255,0.00
60.21791,-0.501,15.255,0.00
60.22844,-0.480,14.505,0.00
60.23859,-0.467,13.639,0.00
60.24945,-0.467,13.639,0.00
60.25960,-0.461,12.803,0.00
60.26976,-0.461,12.803,0.00
60.28028,-0.457,11.840,0.00
60.29131,-0.457,11.840,0.00
60.30169,-0.455,10.750,0.00
60.31205,-0.455,10.750,0.00
60.32248,-0.457,9.577,0.00
60.33293,-0.457,9.577,0.00
60.34322,-0.458,8.310,0.00
60.35368,-0.458,8.310,0.00
60.36399,-0.459,7.003,0.00
60.37509,-0.459,7.003,0.00
60.38526,-0.454,5.541,0.00
60.42147,-0.441,3.958,0.00
60.43308,-0.419,2.629,0.00
60.44882,-0.400,1.373,0.00
60.46045,-0.387,0.157,0.00
60.47095,-0.387,0.157,0.00
60.48642,-0.387,0.157,0.00
60.50050,-0.380,-2.271,0.00
60.51606,-0.380,-2.271,0.00
60.52677,-0.380,-2.271,0.00
60.54640,-0.416,-4.846,0.00
60.55657,-0.416,-4.846,0.00
60.56906,-0.416,-4.846,0.00
60.58496,-0.447,-7.966,0.00
60.59689,-0.485,-7.966,0.00
60.60906,-0.485,-9.498,0.00
60.62392,-0.526,-10.958,0.00
60.63695,-0.568,-10.958,0.00
60.64804,-0.608,-10.958,0.00
60.65860,-0.645,-10.958,0.00
60.67187,-0.645,-13.598,0.00
60.68274,-0.645,-13.598,0.00
60.69460,-0.645,-14.804,0.00
60.71141,-0.700,-15.957,0.00
60.72719,-0.718,-17.066,0.00
60.73900,-0.731,-17.066,0.00
60.76653,-0.731,-18.212,0.00
60.79123,-0.760,-19.953,0.00
60.83462,-0.819,-21.334,0.00
60.85133,-0.859,-21.850,0.00
60.86322,-0.859,-21.850,0.00
60.88046,-0.947,-22.493,0.00
60.89103,-0.947,-22.493,0.00
60.90720,-0.982,-22.622,0.00
60.91950,-0.982,-22.622,0.00
60.93503,-1.009,-22.633,0.00
60.94639,-1.027,-22.592,0.00
60.96240,-1.040,-22.511,0.00
60.97900,-1.040,-22.511,0.00
60.99701,-1.046,-22.406,0.00
61.01526,-1.046,-22.406,0.00
61.02644,-1.044,-22.406,0.00
61.04327,-1.036,-22.230,0.00
61.06250,-1.023,-22.040,0.00
61.07924,-1.023,-22.040,0.00
61.09629,-1.029,-21.921,0.00
61.10791,-1.039,-21.788,0.00
61.12351,-1.047,-21.646,0.00
61.13813,-1.047,-21.646,0.00
61.15177,-1.051,-21.505,0.00
61.16397,-1.051,-21.370,0.00
61.17735,-1.046,-21.241,0.00
61.18765,-1.046,-21.241,0.00
61.20397,-1.040,-21.115,0.00
61.21534,-1.040,-21.115,0.00
61.23366,-1.031,-20.977,0.00
61.24396,-1.031,-20.866,0.00
61.26014,-1.018,-20.866,0.00
61.27684,-1.003,-20.772,0.00
61.29350,-0.991,-20.702,0.00
61.30845,-0.991,-20.702,0.00
61.32768,-0.979,-20.661,0.00
61.34862,-0.963,-20.646,0.00
61.36012,-0.963,-20.646,0.00
61.37657,-0.963,-20.646,0.00
61.43607,-0.963,-20.654,0.00
61.49241,-0.969,-20.685,0.00
61.50294,-0.983,-20.693,0.00
61.51325,-0.024,0.009,0.00
61.52343,-0.027,0.006,0.00
61.53400,-0.027,0.006,0.00
61.54416,-0.029,-0.001,0.00
61.55451,-0.029,-0.001,0.00
61.56468,-0.027,-0.001,0.00
61.57502,-0.027,-0.013,0.00
61.58544,-0.027,-0.022,0.00
61.59583,-0.027,-0.022,0.00
61.60607,-0.026,-0.025,0.00
61.61672,-0.026,-0.025,0.00
61.62704,-0.029,-0.017,0.00
61.63780,-0.029,-0.017,0.00
61.64851,-0.033,-0.010,0.00
61.65867,-0.033,-0.010,0.00
61.66895,-0.038,-0.006,0.00
61.67918,-0.040,-0.006,0.00
61.68934,-0.040,-0.002,0.00
61.69955,-0.040,-0.002,0.00
61.70981,-0.039,0.010,0.00
61.71997,-0.039,0.025,0.00
61.73015,-0.039,0.025,0.00
61.74034,-0.043,0.037,0.00
61.75055,-0.043,0.037,0.00
61.76094,-0.043,0.037,0.00
61.77110,-0.050,0.047,0.00
61.78125,-0.061,0.058,0.00
61.79140,-0.061,0.058,0.00
61.80164,-0.070,0.065,0.00
61.81201,-0.070,0.065,0.00
61.82249,-0.074,0.067,0.00
61.83265,-0.074,0.067,0.00
61.84280,-0.076,0.060,0.00
61.85337,-0.076,0.060,0.00
61.86378,-0.079,0.051,0.00
61.87399,-0.079,0.051,0.00
61.88414,-0.082,0.042,0.00
61.89430,-0.082,0.042,0.00
61.90446,-0.085,0.035,0.00
61.91464,-0.085,0.035,0.00
61.92481,-0.087,0.028,0.00
61.93498,-0.087,0.028,0.00
61.94535,-0.088,0.022,0.00
61.95598,-0.088,0.022,0.00
61.96614,-0.088,0.017,0.00
61.97643,-0.088,0.017,0.00
61.98658,-0.087,0.011,0.00
61.99676,-0.087,0.011,0.00
62.00696,-0.089,0.005,0.00
62.01712,-0.093,0.005,0.00
62.02729,-0.093,0.002,0.00
62.03955,-0.093,0.002,0.00
62.04986,-0.094,0.005,0.00
62.05999,-0.094,0.016,0.00
62.07015,-0.094,0.016,0.00
62.08031,-0.094,0.030,0.00
62.09049,-0.095,0.030,0.00
62.10073,-0.092,0.044,0.00
62.11088,-0.092,0.044,0.00
62.12114,-0.088,0.055,0.00
62.13132,-0.088,0.055,0.00
62.14148,-0.083,0.063,0.00
62.15163,-0.083,0.063,0.00
62.16196,-0.078,0.072,0.00
62.17259,-0.078,0.072,0.00
62.18271,-0.075,0.077,0.00
62.19287,-0.075,0.077,0.00
62.20315,-0.074,0.075,0.00
62.21330,-0.074,0.075,0.00
62.22346,-0.073,0.075,0.00
62.23362,-0.073,0.075,0.00
62.24393,-0.070,0.075,0.00
62.25545,-0.070,0.075,0.00
62.26561,-0.068,0.073,0.00
62.27578,-0.064,0.073,0.00
62.28593,-0.064,0.069,0.00
62.29648,-0.057,0.069,0.00
62.30671,-0.057,0.067,0.00
62.31690,-0.053,0.067,0.00
62.32785,-0.053,0.062,0.00
62.33814,-0.052,0.062,0.00
62.34860,-0.052,0.060,0.00
62.35891,-0.052,0.060,0.00
62.36908,-0.052,0.060,0.00
62.37939,-0.052,0.060,0.00
62.38972,-0.051,0.065,0.00
62.39999,-0.051,0.068,0.00
62.41050,-0.053,0.068,0.00
62.42182,-0.053,0.070,0.00
62.43196,-0.053,0.070,0.00
62.44213,-0.053,0.067,0.00
62.45228,-0.053,0.067,0.00
62.46246,-0.057,0.059,0.00
62.47261,-0.057,0.059,0.00
62.48283,-0.059,0.049,0.00
62.49347,-0.059,0.049,0.00
62.50388,-0.060,0.039,0.00
62.51410,-0.060,0.039,0.00
62.52427,-0.058,0.029,0.00
62.53602,-0.058,0.029,0.00
62.54626,-0.054,0.018,0.00
62.55643,-0.054,0.018,0.00
62.56659,-0.049,0.006,0.00
62.57753,-0.049,0.006,0.00
62.58769,-0.046,-0.007,0.00
62.59787,-0.046,-0.007,0.00
62.60806,-0.046,-0.020,0.00
62.61822,-0.046,-0.020,0.00
62.62849,-0.048,-0.031,0.00
62.63873,-0.048,-0.031,0.00
62.64887,-0.048,-0.038,0.00
62.65902,-0.050,-0.038,0.00
62.67003,-0.050,-0.042,0.00
62.68034,-0.050,-0.042,0.00
62.69050,-0.050,-0.046,0.00
62.70065,-0.055,-0.048,0.00
62.71080,-0.055,-0.048,0.00
62.72185,-0.057,-0.046,0.00
62.73216,-0.057,-0.046,0.00
62.74242,-0.058,-0.040,0.00
62.75259,-0.058,-0.040,0.00
62.76276,-0.060,-0.034,0.00
62.77292,-0.060,-0.034,0.00
62.78379,-0.060,-0.034,0.00
62.79478,-0.061,-0.030,0.00
62.80494,-0.061,-0.027,0.00
62.81512,-0.061,-0.027,0.00
62.82537,-0.058,-0.020,0.00
62.83552,-0.058,-0.020,0.00
62.84568,-0.057,-0.012,0.00
62.85594,-0.057,-0.012,0.00
62.86610,-0.056,-0.005,0.00
62.87625,-0.056,-0.005,0.00
62.88657,-0.055,0.000,0.00
62.89673,-0.053,0.006,0.00
62.90688,-0.053,0.006,0.00
62.91704,-0.053,0.006,0.00
62.92719,-0.053,0.018,0.00
62.93817,-0.053,0.018,0.00
62.94837,-0.053,0.023,0.00
62.95857,-0.051,0.023,0.00
62.96872,-0.051,0.029,0.00
62.97887,-0.036,0.037,0.00
62.98908,-0.036,0.037,0.00
62.99928,0.018,0.043,0.00
63.01137,0.018,0.043,0.00
63.02171,0.147,0.049,0.00
63.03186,0.147,0.049,0.00
63.04201,0.293,0.054,0.00
63.05217,0.293,0.054,0.00
63.06246,0.463,0.059,0.00
63.07315,0.463,0.059,0.00
63.08332,0.655,0.060,0.00
63.09353,0.655,0.060,0.00
63.10370,0.893,0.063,0.00
63.11385,0.893,0.063,0.00
63.12401,1.196,0.065,0.00
63.13416,1.196,0.065,0.00
63.14432,1.567,0.068,0.00
63.15454,1.567,0.068,0.00
63.16472,2.031,0.071,0.00
63.17509,2.031,0.071,0.00
63.18536,2.578,0.075,0.00
63.19560,2.578,0.075,0.00
63.20578,3.203,0.078,0.00
63.21594,3.203,0.078,0.00
63.22609,3.906,0.082,0.00
63.23670,3.906,0.082,0.00
63.24691,4.672,0.083,0.00
63.25707,5.463,0.083,0.00
63.26735,5.463,0.083,0.00
63.27770,6.279,0.083,0.00
63.28803,6.279,0.083,0.00
63.29816,6.279,0.084,0.00
63.30832,7.131,0.084,0.00
63.31859,7.131,0.084,0.00
63.32882,7.996,0.082,0.00
63.33898,7.996,0.082,0.00
63.34924,8.869,0.082,0.00
63.35940,8.869,0.083,0.00
63.36955,9.762,0.083,0.00
63.37971,9.762,0.081,0.00
63.40431,10.651,0.081,0.00
63.41459,11.501,0.083,0.00
63.43358,11.501,0.083,8.00
63.44383,13.034,0.105,8.00
63.46691,13.672,0.120,8.00
63.47780,13.672,0.136,8.00
63.48873,14.220,0.136,8.00
63.49902,14.655,0.147,8.00
63.50937,14.655,0.147,8.00
63.51954,14.655,0.155,8.00
63.53071,14.957,0.155,8.00
63.54089,14.957,0.155,8.00
63.55113,15.120,0.164,8.00
63.56252,15.120,0.171,8.00
63.57325,15.146,0.171,8.00
63.58342,15.146,0.171,8.00
63.61016,15.038,0.184,8.00
63.62033,14.810,0.192,8.00
63.64789,14.026,0.203,8.00
63.65813,13.470,0.216,8.00
63.67472,13.470,0.216,8.50
63.68490,12.794,0.233,8.50
63.70609,12.001,0.233,8.50
63.71660,12.001,0.253,8.50
63.73788,11.103,0.267,8.50
63.74806,10.127,0.277,8.50
63.75822,10.127,0.277,8.50
63.77174,9.067,0.286,8.50
63.78193,9.067,0.291,8.50
63.79209,7.905,0.291,8.50
63.80228,7.905,0.291,8.50
63.81246,6.680,0.289,8.50
63.82262,5.424,0.297,8.50
63.83406,5.424,0.297,9.00
63.84425,4.174,0.343,9.00
63.85458,4.174,0.343,9.00
63.88201,2.966,0.506,9.00
63.89220,1.829,0.506,9.00
63.91644,1.829,0.506,9.00
63.92662,-0.051,0.645,9.00
63.94554,-0.051,0.645,9.00
63.95572,-0.656,0.686,9.00
63.98005,-0.693,0.686,9.50
63.99021,-0.693,0.768,9.50
64.01110,-0.044,0.768,9.50
64.02130,0.300,0.806,9.50
64.03183,0.300,0.803,9.50
64.04459,0.300,0.803,9.50
64.05477,0.506,0.778,9.50
64.06493,0.916,0.782,9.50
64.07509,0.916,0.782,10.00
64.08525,1.236,0.850,10.00
64.09625,1.236,0.850,10.00
64.10650,1.457,0.959,10.00
64.11665,1.751,1.072,10.00
64.12705,1.751,1.072,10.00
64.13830,2.020,1.072,10.00
64.14869,2.020,1.124,10.00
64.15905,2.240,1.124,10.00
64.17007,2.240,1.152,10.50
64.18048,2.403,1.152,10.50
64.19086,2.403,1.186,10.50
64.21826,2.403,1.232,10.50
64.22845,2.746,1.296,10.50
64.25165,2.746,1.401,10.50
64.26183,2.870,1.549,10.50
64.28300,2.744,1.776,10.50
64.29546,2.541,1.776,10.50
64.31684,2.541,2.004,11.00
64.32718,2.290,2.230,11.00
64.34626,2.030,2.452,11.00
64.35648,2.030,2.452,11.00
64.36668,1.780,2.652,11.00
64.37810,1.780,2.652,11.00
64.38842,1.526,2.884,11.00
64.39890,1.264,3.141,11.00
64.40959,1.264,3.141,11.50
64.41984,1.264,3.141,11.50
64.43025,0.989,3.433,11.50
64.44487,0.717,3.786,11.50
64.45523,0.717,3.786,11.50
64.46538,0.453,4.133,11.50
64.47558,0.453,4.133,11.50
64.48595,0.205,4.590,11.50
64.49615,0.205,4.590,11.50
64.52357,-0.234,5.917,11.50
64.53411,-0.234,5.917,11.50
64.55457,-0.234,5.917,11.50
64.56475,-0.154,7.521,11.50
64.57519,-0.154,7.521,11.50
64.58720,0.054,8.220,11.50
64.59853,0.054,8.220,11.50
64.60870,0.259,8.740,11.50
64.61888,0.259,8.740,12.00
64.63043,0.461,9.280,12.00
64.64060,0.657,9.857,12.00
64.65124,0.657,9.857,12.00
64.66173,0.812,10.426,12.00
64.67188,0.812,10.426,12.00
64.68388,0.961,10.988,12.00
64.69408,0.961,10.988,12.00
64.70433,0.961,11.558,12.00
64.73296,1.229,12.130,12.00
64.74317,1.344,12.691,12.00
64.76251,1.454,13.226,12.00
64.77269,1.454,13.226,12.00
64.79370,1.550,13.803,12.00
64.80420,1.623,14.281,12.00
64.82748,1.662,14.748,12.00
64.83769,1.662,15.188,12.00
64.85819,1.668,15.578,12.00
64.86846,1.650,15.578,12.00
64.87863,1.650,15.578,12.00
64.89091,1.617,15.963,12.00
64.90145,1.570,16.338,12.00
64.91162,1.570,16.338,12.00
64.92200,1.510,16.717,12.00
64.93252,1.510,16.717,12.00
64.94250,1.440,17.134,12.00
64.97163,1.364,17.487,12.00
64.98179,1.282,17.869,12.00
65.00173,1.282,17.869,12.00
65.01193,1.198,18.243,12.00
65.03396,1.121,18.677,12.00
65.04414,1.043,19.130,12.00
65.05430,1.043,19.130,12.00
65.06643,0.978,19.616,12.00
65.07667,0.978,19.616,12.00
65.08683,0.926,20.148,12.00
65.09869,0.926,20.148,12.00
65.10984,0.904,20.752,12.00
65.12001,0.916,21.302,12.00
65.13335,0.916,21.302,12.00
65.14351,0.950,21.891,12.00
65.15368,0.950,21.891,12.00
65.16384,1.011,22.475,0.00
65.17498,1.011,22.475,0.00
65.18513,1.080,23.062,0.00
65.19538,1.080,23.062,0.00
65.20581,1.160,23.657,0.00
65.21620,1.160,23.657,0.00
65.22644,1.234,24.276,0.00
65.23660,1.234,24.276,0.00
65.24676,1.286,24.907,0.00
65.25691,1.286,24.907,0.00
65.26718,1.309,25.616,0.00
65.27734,1.313,26.260,0.00
65.28751,1.313,26.260,0.00
65.29768,1.311,26.888,0.00
65.30824,1.311,26.888,0.00
65.31900,1.327,27.539,0.00
65.32938,1.327,27.539,0.00
65.34094,1.327,27.539,0.00
65.35117,1.348,28.190,0.00
65.36145,1.348,28.867,0.00
65.37188,1.369,28.867,0.00
65.38198,1.379,29.522,0.00
65.39234,1.379,29.522,0.00
65.40258,1.364,30.172,0.00
65.41274,1.364,30.172,0.00
65.42290,1.316,30.909,0.00
65.43462,1.316,30.909,0.00
65.44478,1.240,31.532,0.00
65.45515,1.240,31.532,0.00
65.46531,1.159,32.164,0.00
65.47615,1.159,32.164,0.00
65.48657,1.079,32.757,0.00
65.49731,1.079,32.757,0.00
65.50760,1.001,33.364,0.00
65.51818,1.001,33.364,0.00
65.52851,0.927,33.968,0.00
65.53880,0.843,33.968,0.00
65.54929,0.843,34.592,0.00
65.55966,0.767,34.592,0.00
65.57026,0.767,35.222,0.00
65.58042,0.693,35.912,0.00
65.59069,0.693,35.912,0.00
65.60097,0.625,36.415,0.00
65.61103,0.625,36.415,0.00
65.62119,0.552,36.780,0.00
65.63135,0.552,36.780,0.00
65.64151,0.499,37.059,0.00
65.65183,0.499,37.059,0.00
65.66247,0.461,37.330,0.00
65.67267,0.461,37.330,0.00
65.68281,0.457,37.583,0.00
65.69296,0.457,37.583,0.00
65.70320,0.479,37.791,0.00
65.71349,0.479,37.791,0.00
65.72354,0.526,37.953,0.00
65.73372,0.526,37.953,0.00
65.74388,0.566,38.077,0.00
65.75411,0.566,38.077,0.00
65.76427,0.598,38.101,0.00
65.77464,0.598,38.101,0.00
65.78481,0.612,38.052,0.00
65.79498,0.612,38.052,0.00
65.80527,0.604,37.926,0.00
65.81546,0.604,37.926,0.00
65.82562,0.598,37.737,0.00
65.83578,0.598,37.737,0.00
65.84590,0.599,37.478,0.00
65.85618,0.599,37.478,0.00
65.86643,0.608,37.138,0.00
65.87659,0.608,37.138,0.00
65.88675,0.618,36.713,0.00
65.89690,0.618,36.713,0.00
65.90706,0.623,36.206,0.00
65.91787,0.623,36.206,0.00
65.92813,0.615,35.623,0.00
65.93844,0.615,35.113,0.00
65.94859,0.586,35.113,0.00
65.95875,0.586,35.113,0.00
65.96927,0.537,34.517,0.00
65.97944,0.478,33.798,0.00
65.99047,0.478,33.798,0.00
66.00062,0.416,33.038,0.00
66.01083,0.416,33.038,0.00
66.02125,0.355,32.306,0.00
66.03268,0.355,32.306,0.00
66.04283,0.355,31.555,0.00
66.05297,0.316,31.555,0.00
66.06313,0.299,30.684,0.00
66.07415,0.299,30.684,0.00
66.08436,0.308,29.547,0.00
66.09451,0.308,29.547,0.00
66.10467,0.336,28.421,0.00
66.11483,0.336,28.421,0.00
66.12499,0.377,27.216,0.00
66.13529,0.377,27.216,0.00
66.14537,0.435,25.951,0.00
66.15554,0.435,25.951,0.00
66.17419,0.495,24.652,0.00
66.18526,0.495,24.652,0.00
66.20373,0.550,21.960,0.00
66.21475,0.599,21.960,0.00
66.22498,0.632,21.960,0.00
66.23604,0.632,21.960,0.00
66.25326,0.646,19.167,0.00
66.27942,0.638,17.885,0.00
66.29107,0.638,17.885,0.00
66.30719,0.621,15.304,0.00
66.32391,0.621,15.304,0.00
66.33464,0.621,13.971,0.00
66.34611,0.548,12.551,0.00
66.36331,0.500,11.058,0.00
66.38041,0.443,11.058,0.00
66.40129,0.443,9.586,0.00
66.41335,0.443,8.035,0.00
66.43201,0.348,6.826,0.00
66.44341,0.348,5.736,0.00
66.45420,0.307,5.736,0.00
66.47009,0.270,4.771,0.00
66.48757,0.237,3.942,0.00
66.49861,0.237,3.233,0.00
66.50918,0.203,3.233,0.00
66.52478,0.203,2.601,0.00
66.53654,0.170,2.601,0.00
66.56434,0.136,1.463,0.00
66.57511,0.136,1.463,0.00
66.59195,0.043,0.994,0.00
66.60362,0.043,0.685,0.00
66.62115,-0.006,0.685,0.00
66.63135,-0.006,0.685,0.00
66.64682,-0.052,0.403,0.00
66.65919,-0.086,0.403,0.00
66.67483,-0.086,0.405,0.00
66.69223,-0.134,0.484,0.00
66.70355,-0.134,0.624,0.00
66.71525,-0.157,0.624,0.00
66.73112,-0.157,0.805,0.00
66.74876,-0.202,0.952,0.00
66.76119,-0.202,0.952,0.00
66.79321,-0.221,1.225,0.00
66.81724,-0.218,1.225,0.00
66.83104,-0.218,1.225,0.00
66.84916,-0.198,1.810,0.00
66.86488,-0.198,1.810,0.00
66.87764,-0.198,1.810,0.00
66.89334,-0.178,2.268,0.00
66.90952,-0.178,2.455,0.00
66.93556,-0.178,2.725,0.00
66.95128,-0.164,2.725,0.00
66.99632,-0.176,2.805,0.00
67.00682,-0.181,2.947,0.00
67.01698,-0.182,3.012,0.00
67.04623,-0.177,3.071,0.00
67.05729,-0.177,3.071,0.00
67.06843,-0.177,3.071,0.00
67.08246,-0.177,3.071,0.00
67.10463,-0.141,3.142,0.00
67.12068,-0.141,3.142,0.00
67.13192,-0.141,3.144,0.00
67.14468,-0.135,3.135,0.00
67.15696,-0.135,3.135,0.00
67.23525,-0.121,3.054,0.00
67.24559,-0.119,2.999,0.00
67.30135,-0.132,2.959,0.00
67.31532,-0.138,2.946,0.00
67.32552,-0.091,0.129,0.00
67.33638,-0.091,0.129,0.00
67.34700,-0.092,0.110,0.00
67.35720,-0.092,0.110,0.00
67.36736,-0.092,0.087,0.00
67.37801,-0.092,0.087,0.00
67.38816,-0.094,0.063,0.00
67.39841,-0.094,0.063,0.00
67.40853,-0.095,0.043,0.00
67.41882,-0.098,0.021,0.00
67.42905,-0.098,0.021,0.00
67.43938,-0.102,-0.003,0.00
67.44954,-0.102,-0.003,0.00
67.45971,-0.105,-0.024,0.00
67.46986,-0.105,-0.024,0.00
67.48002,-0.103,-0.043,0.00
67.49108,-0.103,-0.043,0.00
67.50124,-0.100,-0.066,0.00
67.51140,-0.100,-0.066,0.00
67.52156,-0.096,-0.089,0.00
67.53192,-0.096,-0.089,0.00
67.54208,-0.092,-0.115,0.00
67.55241,-0.092,-0.115,0.00
67.56279,-0.089,-0.134,0.00
67.57326,-0.089,-0.134,0.00
67.58342,-0.085,-0.151,0.00
67.59359,-0.085,-0.151,0.00
67.60376,-0.085,-0.169,0.00
67.61389,-0.080,-0.169,0.00
67.62404,-0.076,-0.187,0.00
67.63421,-0.076,-0.187,0.00
67.64446,-0.072,-0.206,0.00
67.65462,-0.072,-0.206,0.00
67.66479,-0.068,-0.223,0.00
67.67531,-0.068,-0.223,0.00
67.68530,-0.068,-0.241,0.00
67.69552,-0.068,-0.241,0.00
67.70568,-0.069,-0.264,0.00
67.71584,-0.069,-0.264,0.00
67.72611,-0.070,-0.278,0.00
67.73627,-0.070,-0.278,0.00
67.74753,-0.070,-0.278,0.00
67.75769,-0.066,-0.288,0.00
67.76784,-0.057,-0.291,0.00
67.77819,-0.057,-0.291,0.00
67.78878,-0.040,-0.293,0.00
67.79893,-0.013,-0.293,0.00
67.80913,-0.013,-0.293,0.00
67.81948,-0.013,-0.293,0.00
67.82972,0.022,-0.293,0.00
67.83987,0.064,-0.291,0.00
67.85008,0.064,-0.291,0.00
67.86048,0.116,-0.285,0.00
67.87200,0.116,-0.285,0.00
67.88250,0.116,-0.285,0.00
67.89266,0.173,-0.281,0.00
67.90287,0.173,-0.281,0.00
67.91312,0.227,-0.278,0.00
67.92328,0.288,-0.274,0.00
67.93353,0.288,-0.274,0.00
67.94377,0.361,-0.269,0.00
67.95416,0.361,-0.269,0.00
67.96431,0.443,-0.269,0.00
67.97480,0.443,-0.266,0.00
67.98522,0.522,-0.259,0.00
67.99651,0.522,-0.259,0.00
68.00670,0.602,-0.252,0.00
68.01686,0.602,-0.252,0.00
68.02709,0.695,-0.247,0.00
68.03724,0.820,-0.247,0.00
68.04739,0.820,-0.248,0.00
68.05755,0.975,-0.248,0.00
68.06856,0.975,-0.252,0.00
68.07864,1.152,-0.255,0.00
68.08914,1.152,-0.255,0.00
68.09932,1.152,-0.257,0.00
68.10957,1.345,-0.257,0.00
68.11985,1.578,-0.262,0.00
68.13000,1.578,-0.262,0.00
68.14016,1.866,-0.271,0.00
68.15051,1.866,-0.271,0.00
68.16068,1.866,-0.283,0.00
68.17085,2.205,-0.283,0.00
68.18197,2.582,-0.293,0.00
68.19216,2.582,-0.293,0.00
68.20241,3.002,-0.296,0.00
68.21256,3.002,-0.296,0.00
68.22321,3.470,-0.292,0.00
68.23341,3.470,-0.292,0.00
68.24359,3.988,-0.286,0.00
68.25381,3.988,-0.286,0.00
68.26571,4.526,-0.278,0.00
68.27586,4.526,-0.278,0.00
68.28601,5.079,-0.269,0.00
68.29617,5.079,-0.269,0.00
68.30641,5.626,-0.261,0.00
68.31655,5.626,-0.255,0.00
68.32673,6.174,-0.255,0.00
68.33820,6.174,-0.255,0.00
68.34845,6.730,-0.252,0.00
68.35868,6.730,-0.252,0.00
68.36894,7.276,-0.246,0.00
68.37918,7.795,-0.240,0.00
68.38935,7.795,-0.240,0.00
68.39949,8.282,-0.237,0.00
68.40980,8.282,-0.237,0.00
68.42013,8.734,-0.234,0.00
68.43074,8.734,-0.234,0.00
68.44091,8.734,-0.229,0.00
68.45107,9.140,-0.229,0.00
68.46123,9.140,-0.222,0.00
68.47138,9.500,-0.222,0.00
68.48154,9.500,-0.213,0.00
68.49170,9.803,-0.213,0.00
68.50618,10.046,-0.204,0.00
68.51718,10.046,-0.204,0.00
68.52837,10.233,-0.199,0.00
68.55357,10.233,-0.199,8.00
68.56376,10.436,-0.201,8.00
68.58729,10.445,-0.206,8.00
68.59768,10.410,-0.213,8.00
68.61783,10.410,-0.213,8.00
68.62802,10.310,-0.221,8.00
68.63817,10.310,-0.221,8.00
68.65010,10.130,-0.226,8.00
68.66103,9.879,-0.227,8.00
68.67117,9.879,-0.227,8.00
68.68302,9.879,-0.227,8.00
68.69323,9.581,-0.227,8.00
68.70340,9.238,-0.227,8.00
68.71380,9.238,-0.227,8.00
68.72439,9.238,-0.227,8.00
68.73461,8.848,-0.227,8.00
68.74598,8.429,-0.227,8.00
68.75651,8.429,-0.228,8.00
68.76664,7.986,-0.227,8.00
68.79377,7.986,-0.227,8.50
68.80395,7.517,-0.222,8.50
68.82592,7.026,-0.201,8.50
68.83621,6.508,-0.181,8.50
68.85817,5.414,-0.158,8.50
68.86830,5.414,-0.158,8.50
68.87849,5.414,-0.158,8.50
68.89118,4.839,-0.137,8.50
68.90211,4.262,-0.113,8.50
68.91229,4.262,-0.113,8.50
68.92287,3.685,-0.085,8.50
68.93331,3.685,-0.085,8.50
68.94350,3.111,-0.085,8.50
68.95461,3.111,-0.032,9.00
68.96505,2.546,0.043,9.00
68.97662,2.546,0.043,9.00
68.98866,2.017,0.130,9.00
68.99910,1.534,0.218,9.00
69.01000,1.534,0.218,9.00
69.02015,1.106,0.279,9.00
69.03041,1.106,0.279,9.00
69.04057,0.712,0.326,9.00
69.05139,0.712,0.326,9.50
69.06168,0.354,0.371,9.50
69.07205,0.354,0.371,9.50
69.09741,0.354,0.421,9.50
69.10764,0.033,0.479,9.50
69.13178,-0.147,0.537,9.50
69.14203,0.070,0.537,9.50
69.16210,0.322,0.617,9.50
69.17244,0.322,0.617,9.50
69.18259,0.619,0.660,9.50
69.19580,0.619,0.660,10.00
69.20600,0.894,0.739,10.00
69.21616,0.894,0.739,10.00
69.22639,1.153,0.854,10.00
69.23776,1.153,0.854,10.00
69.24936,1.373,0.977,10.00
69.26116,1.593,1.104,10.00
69.27133,1.593,1.104,10.00
69.28167,1.776,1.237,10.00
69.29185,1.776,1.237,10.50
69.30201,1.912,1.367,10.50
69.31217,1.912,1.367,10.50
69.33744,1.912,1.367,10.50
69.34761,2.166,1.606,10.50
69.36988,2.166,1.606,10.50
69.38009,2.274,1.775,10.50
69.40404,2.374,2.182,11.00
69.41415,2.374,2.182,11.00
69.43418,2.364,2.374,11.00
69.44455,2.319,2.525,11.00
69.46655,2.251,2.730,11.00
69.47672,2.168,2.994,11.00
69.48748,2.168,2.994,11.00
69.49769,2.168,2.994,11.00
69.50788,2.077,3.233,11.00
69.51804,2.077,3.233,11.00
69.53084,1.950,3.468,11.50
69.54166,1.950,3.468,11.50
69.55211,1.834,3.667,11.50
69.56301,1.696,3.852,11.50
69.57321,1.696,3.852,11.50
69.58332,1.558,3.990,11.50
69.59675,1.558,4.146,11.50
69.60691,1.430,4.146,11.50
69.61719,1.430,4.146,11.50
69.62736,1.311,4.308,11.50
69.63752,1.311,4.308,11.50
69.64782,1.197,4.486,11.50
69.67455,1.197,4.715,11.50
69.68567,1.008,4.971,11.50
69.70545,1.008,4.971,12.00
69.71565,0.937,5.288,12.00
69.73844,0.918,5.650,12.00
69.74869,0.952,5.967,12.00
69.77058,1.028,6.276,12.00
69.78111,1.124,6.276,12.00
69.79131,1.124,6.509,12.00
69.80241,1.233,6.810,12.00
69.81335,1.233,6.810,12.00
69.82351,1.341,7.104,12.00
69.83560,1.434,7.443,12.00
69.84595,1.434,7.443,12.00
69.85653,1.434,7.443,12.00
69.86691,1.523,7.844,12.00
69.87711,1.612,8.276,12.00
69.88726,1.612,8.276,12.00
69.89902,1.691,8.276,12.00
69.90942,1.691,8.758,12.00
69.91971,1.758,8.758,12.00
69.94584,1.758,9.861,12.00
69.95604,1.823,9.861,12.00
69.97988,1.874,9.861,12.00
69.99045,1.918,11.105,12.00
70.00954,1.918,11.105,12.00
70.01977,1.993,12.137,12.00
70.03066,1.993,12.137,12.00
70.04251,2.008,12.579,12.00
70.05377,2.008,12.579,12.00
70.06393,2.008,13.030,12.00
70.07409,2.014,13.030,12.00
70.08435,2.002,13.512,12.00
70.09484,2.002,13.512,12.00
70.10663,2.002,13.512,12.00
70.11888,2.002,13.512,12.00
70.12907,1.955,14.057,12.00
70.13922,1.924,14.626,12.00
70.14937,1.924,14.626,12.00
70.15953,1.885,15.290,12.00
70.17276,1.885,15.290,12.00
70.18293,1.843,15.906,12.00
70.19308,1.843,15.906,12.00
70.20323,1.803,16.520,12.00
70.21341,1.803,16.520,12.00
70.22369,1.757,17.161,12.00
70.24944,1.757,17.161,12.00
70.25963,1.683,17.781,12.00
70.26979,1.683,18.374,0.00
70.27998,1.656,18.947,0.00
70.29013,1.656,18.947,0.00
70.30029,1.641,19.556,0.00
70.31059,1.641,19.556,0.00
70.32075,1.625,20.244,0.00
70.33096,1.625,20.244,0.00
70.34111,1.606,20.824,0.00
70.35127,1.606,20.824,0.00
70.36166,1.559,21.422,0.00
70.37194,1.559,21.422,0.00
70.38226,1.497,22.008,0.00
70.39258,1.497,22.008,0.00
70.40353,1.443,22.585,0.00
70.41380,1.443,22.585,0.00
70.42402,1.412,23.167,0.00
70.43418,1.412,23.167,0.00
70.44464,1.409,23.726,0.00
70.45493,1.409,23.726,0.00
70.46514,1.421,24.318,0.00
70.47530,1.421,24.318,0.00
70.48546,1.433,24.973,0.00
70.49569,1.433,24.973,0.00
70.50620,1.427,25.583,0.00
70.51636,1.427,26.227,0.00
70.52654,1.396,26.227,0.00
70.53677,1.396,26.227,0.00
70.54712,1.349,26.874,0.00
70.55727,1.349,26.874,0.00
70.56746,1.300,27.560,0.00
70.57763,1.258,27.560,0.00
70.58779,1.258,28.221,0.00
70.59796,1.226,28.221,0.00
70.60812,1.226,28.893,0.00
70.61848,1.226,28.893,0.00
70.62858,1.202,29.556,0.00
70.63893,1.202,29.556,0.00
70.64926,1.181,30.280,0.00
70.65969,1.181,30.945,0.00
70.67002,1.152,30.945,0.00
70.68018,1.112,31.615,0.00
70.69044,1.112,31.615,0.00
70.70060,1.062,32.330,0.00
70.71084,1.062,32.330,0.00
70.72100,1.000,32.976,0.00
70.73130,1.000,32.976,0.00
70.74146,0.941,33.493,0.00
70.75162,0.941,33.493,0.00
70.76178,0.892,33.883,0.00
70.77194,0.892,33.883,0.00
70.78211,0.853,34.257,0.00
70.79227,0.853,34.257,0.00
70.80243,0.816,34.678,0.00
70.81258,0.816,34.678,0.00
70.82275,0.784,35.028,0.00
70.83289,0.784,35.028,0.00
70.84304,0.784,35.374,0.00
70.85322,0.769,35.374,0.00
70.86352,0.763,35.711,0.00
70.87385,0.763,35.711,0.00
70.88417,0.758,35.975,0.00
70.89462,0.758,35.975,0.00
70.90483,0.744,36.133,0.00
70.91520,0.744,36.133,0.00
70.92548,0.735,36.194,0.00
70.93565,0.735,36.194,0.00
70.94581,0.729,36.178,0.00
70.95615,0.729,36.178,0.00
70.96659,0.718,36.078,0.00
70.97674,0.699,36.078,0.00
70.98692,0.699,35.945,0.00
70.99708,0.699,35.945,0.00
71.00737,0.674,35.767,0.00
71.01775,0.674,35.767,0.00
71.02805,0.649,35.552,0.00
71.03850,0.621,35.552,0.00
71.04866,0.621,35.304,0.00
71.05893,0.621,35.304,0.00
71.06909,0.596,35.033,0.00
71.07946,0.596,35.033,0.00
71.08976,0.568,34.721,0.00
71.09992,0.568,34.353,0.00
71.11168,0.530,34.353,0.00
71.12183,0.491,33.899,0.00
71.13201,0.491,33.899,0.00
71.14221,0.491,33.439,0.00
71.15236,0.453,33.439,0.00
71.16251,0.420,32.916,0.00
71.17273,0.420,32.916,0.00
71.18288,0.420,32.382,0.00
71.19616,0.394,32.382,0.00
71.20643,0.368,31.860,0.00
71.21695,0.368,31.860,0.00
71.22710,0.347,31.336,0.00
71.23726,0.347,31.336,0.00
71.24743,0.334,30.785,0.00
71.25782,0.334,30.785,0.00
71.26806,0.332,30.176,0.00
71.28102,0.332,30.176,0.00
71.30266,0.343,29.565,0.00
71.31397,0.343,28.879,0.00
71.32714,0.364,28.258,0.00
71.33765,0.364,27.584,0.00
71.36450,0.402,27.584,0.00
71.37543,0.402,26.865,0.00
71.39853,0.518,26.143,0.00
71.40993,0.518,25.454,0.00
71.42609,0.658,25.454,0.00
71.45151,0.729,24.075,0.00
71.46300,0.729,23.183,0.00
71.47913,0.804,23.183,0.00
71.49011,0.804,22.334,0.00
71.50623,0.945,21.405,0.00
71.51661,1.013,21.405,0.00
71.52748,1.013,20.390,0.00
71.53765,1.079,20.390,0.00
71.55605,1.079,19.291,0.00
71.57086,1.079,18.098,0.00
71.58410,1.137,18.098,0.00
71.59563,1.220,16.833,0.00
71.60582,1.220,15.526,0.00
71.62793,1.257,13.989,0.00
71.64531,1.293,12.589,0.00
71.65702,1.293,12.589,0.00
71.66822,1.315,11.187,0.00
71.68475,1.314,9.803,0.00
71.70201,1.314,8.471,0.00
71.71442,1.301,8.471,0.00
71.74922,1.285,5.587,0.00
71.76463,1.271,4.116,0.00
71.78191,1.265,2.633,0.00
71.79515,1.265,2.633,0.00
71.81062,1.265,2.633,0.00
71.82725,1.245,0.535,0.00
71.83987,1.245,-0.382,0.00
71.85024,1.223,-0.382,0.00
71.86333,1.193,-0.382,0.00
71.88155,1.162,-1.874,0.00
71.89263,1.162,-1.874,0.00
71.91724,1.162,-2.522,0.00
71.92946,1.105,-3.068,0.00
71.94560,1.105,-3.557,0.00
71.96671,1.059,-3.557,0.00
71.97743,1.040,-3.924,0.00
71.98993,1.040,-4.198,0.00
72.00026,1.040,-4.365,0.00
72.01339,1.020,-4.365,0.00
72.02456,1.020,-4.365,0.00
72.03576,0.970,-4.479,0.00
72.05181,0.970,-4.479,0.00
72.07001,0.937,-4.491,0.00
72.08573,0.907,-4.491,0.00
72.09596,0.907,-4.491,0.00
72.11169,0.886,-4.425,0.00
72.12268,0.886,-4.425,0.00
72.13862,0.871,-4.354,0.00
72.14944,0.871,-4.354,0.00
72.15991,0.871,-4.265,0.00
72.17651,0.867,-4.038,0.00
72.19408,0.857,-4.038,0.00
72.21108,0.843,-4.038,0.00
72.22697,0.827,-3.722,0.00
72.23719,0.827,-3.722,0.00
72.25324,0.812,-3.537,0.00
72.26526,0.797,-3.537,0.00
72.32072,0.795,-3.322,0.00
72.33091,0.808,-2.759,0.00
72.38320,0.808,-2.759,0.00
72.39340,0.911,-2.211,0.00
72.40357,0.010,-7.644,0.00
72.41373,0.010,-7.644,0.00
72.42388,0.037,-7.502,0.00
72.43417,0.037,-7.502,0.00
72.44454,0.052,-7.400,0.00
72.45477,0.052,-7.400,0.00
72.46529,0.061,-7.321,0.00
72.47545,0.061,-7.321,0.00
72.48561,0.066,-7.271,0.00
72.49577,0.066,-7.271,0.00
72.50593,0.064,-7.252,0.00
72.51608,0.064,-7.249,0.00
72.52624,0.057,-7.249,0.00
72.53664,0.057,-7.249,0.00
72.54704,0.040,-7.255,0.00
72.55844,0.022,-7.255,0.00
72.56859,0.022,-7.265,0.00
72.57875,0.022,-7.265,0.00
72.58902,-0.004,-7.280,0.00
72.59917,-0.004,-7.280,0.00
72.60949,-0.032,-7.296,0.00
72.61965,-0.032,-7.296,0.00
72.63000,-0.032,-7.296,0.00
72.64026,-0.100,-7.330,0.00
72.65042,-0.100,-7.330,0.00
72.66060,-0.135,-7.356,0.00
72.67076,-0.135,-7.356,0.00
72.68092,-0.168,-7.392,0.00
72.69120,-0.168,-7.392,0.00
72.70166,-0.192,-7.392,0.00
72.71197,-0.192,-7.430,0.00
72.72214,-0.208,-7.465,0.00
72.73229,-0.208,-7.465,0.00
72.74253,-0.211,-7.465,0.00
72.75269,-0.211,-7.490,0.00
72.76331,-0.210,-7.508,0.00
72.77348,-0.210,-7.508,0.00
72.78363,-0.199,-7.516,0.00
72.79651,-0.178,-7.516,0.00
72.80668,-0.178,-7.515,0.00
72.82078,-0.148,-7.515,0.00
72.83094,-0.148,-7.509,0.00
72.84130,-0.121,-7.495,0.00
72.85160,-0.121,-7.495,0.00
72.86211,-0.099,-7.477,0.00
72.87239,-0.099,-7.477,0.00
72.88260,-0.084,-7.450,0.00
72.89308,-0.084,-7.450,0.00
72.90322,-0.071,-7.420,0.00
72.91337,-0.071,-7.420,0.00
72.92352,-0.071,-7.420,0.00
72.93372,-0.062,-7.379,0.00
72.94389,-0.048,-7.338,0.00
72.95404,-0.048,-7.338,0.00
72.96421,-0.043,-7.298,0.00
72.97495,-0.043,-7.298,0.00
72.98562,-0.051,-7.265,0.00
72.99586,-0.051,-7.265,0.00
73.00602,-0.063,-7.240,0.00
73.01617,-0.063,-7.240,0.00
73.02644,-0.063,-7.240,0.00
73.03660,-0.078,-7.217,0.00
73.04675,-0.093,-7.197,0.00
73.05692,-0.093,-7.197,0.00
73.06709,-0.107,-7.181,0.00
73.07749,-0.107,-7.181,0.00
73.08806,-0.122,-7.174,0.00
73.09822,-0.133,-7.174,0.00
73.10847,-0.133,-7.174,0.00
73.11863,-0.144,-7.174,0.00
73.12966,-0.144,-7.174,0.00
73.13983,-0.144,-7.174,0.00
73.15022,-0.151,-7.173,0.00
73.16068,-0.158,-7.176,0.00
73.17101,-0.158,-7.176,0.00
73.18169,-0.166,-7.179,0.00
73.19188,-0.166,-7.179,0.00
73.20250,-0.175,-7.181,0.00
73.21288,-0.175,-7.181,0.00
73.22320,-0.182,-7.182,0.00
73.23364,-0.182,-7.182,0.00
73.24396,-0.190,-7.183,0.00
73.25551,-0.190,-7.185,0.00
73.26570,-0.200,-7.185,0.00
73.27751,-0.215,-7.185,0.00
73.28767,-0.215,-7.185,0.00
73.29782,-0.215,-7.185,0.00
73.30799,-0.234,-7.180,0.00
73.31823,-0.234,-7.180,0.00
73.32863,-0.259,-7.171,0.00
73.33879,-0.259,-7.171,0.00
73.34895,-0.285,-7.160,0.00
73.35910,-0.320,-7.146,0.00
73.36926,-0.320,-7.146,0.00
73.37942,-0.353,-7.129,0.00
73.38956,-0.353,-7.129,0.00
73.40015,-0.353,-7.129,0.00
73.41181,-0.373,-7.107,0.00
73.42200,-0.386,-7.089,0.00
73.43216,-0.386,-7.089,0.00
73.44243,-0.394,-7.080,0.00
73.45247,-0.394,-7.080,0.00
73.46264,-0.401,-7.075,0.00
73.47318,-0.401,-7.075,0.00
73.48335,-0.402,-7.074,0.00
73.49395,-0.402,-7.074,0.00
73.50411,-0.395,-7.072,0.00
73.51430,-0.395,-7.072,0.00
73.52447,-0.385,-7.071,0.00
73.53462,-0.385,-7.071,0.00
73.54603,-0.374,-7.075,0.00
73.55621,-0.360,-7.075,0.00
73.56654,-0.360,-7.081,0.00
73.57696,-0.360,-7.081,0.00
73.58713,-0.347,-7.084,0.00
73.59886,-0.338,-7.084,0.00
73.60936,-0.338,-7.085,0.00
73.61952,-0.337,-7.085,0.00
73.62973,-0.337,-7.085,0.00
73.63989,-0.337,-7.085,0.00
73.65064,-0.337,-7.084,0.00
73.66081,-0.342,-7.086,0.00
73.67103,-0.342,-7.086,0.00
73.68210,-0.348,-7.098,0.00
73.69237,-0.348,-7.098,0.00
73.70252,-0.357,-7.119,0.00
73.71268,-0.357,-7.119,0.00
73.72284,-0.366,-7.152,0.00
73.73302,-0.366,-7.152,0.00
73.74326,-0.375,-7.152,0.00
73.75360,-0.375,-7.185,0.00
73.76392,-0.383,-7.219,0.00
73.77448,-0.383,-7.219,0.00
73.78438,-0.388,-7.254,0.00
73.79453,-0.388,-7.254,0.00
73.80470,-0.394,-7.294,0.00
73.81499,-0.394,-7.294,0.00
73.82523,-0.398,-7.335,0.00
73.83540,-0.398,-7.335,0.00
73.84557,-0.397,-7.374,0.00
73.85577,-0.397,-7.374,0.00
73.86592,-0.393,-7.405,0.00
73.87688,-0.393,-7.431,0.00
73.88703,-0.388,-7.431,0.00
73.89722,-0.384,-7.431,0.00
73.90738,-0.384,-7.448,0.00
73.91757,-0.379,-7.448,0.00
73.92773,-0.379,-7.459,0.00
73.93880,-0.379,-7.459,0.00
73.94900,-0.380,-7.466,0.00
73.95976,-0.386,-7.471,0.00
73.97000,-0.386,-7.471,0.00
73.98007,-0.388,-7.472,0.00
73.99023,-0.388,-7.472,0.00
74.00084,-0.390,-7.473,0.00
74.01101,-0.390,-7.473,0.00
74.02117,-0.390,-7.473,0.00
74.03132,-0.393,-7.467,0.00
74.04220,-0.396,-7.457,0.00
74.05234,-0.396,-7.457,0.00
74.06254,-0.398,-7.446,0.00
74.07270,-0.398,-7.446,0.00
74.08286,-0.399,-7.437,0.00
74.09302,-0.399,-7.437,0.00
74.10318,-0.399,-7.424,0.00
74.11333,-0.399,-7.424,0.00
74.12355,-0.396,-7.412,0.00
74.13370,-0.396,-7.412,0.00
74.14385,-0.391,-7.398,0.00
74.15401,-0.391,-7.398,0.00
74.16443,-0.391,-7.398,0.00
74.17519,-0.389,-7.385,0.00
74.18608,-0.389,-7.372,0.00
74.19625,-0.392,-7.357,0.00
74.20642,-0.392,-7.357,0.00
74.21658,-0.396,-7.339,0.00
74.22691,-0.396,-7.339,0.00
74.23744,-0.398,-7.339,0.00
74.24757,-0.398,-7.320,0.00
74.25829,-0.399,-7.320,0.00
74.26894,-0.399,-7.298,0.00
74.27906,-0.402,-7.298,0.00
74.28937,-0.402,-7.276,0.00
74.29970,-0.407,-7.276,0.00
74.31061,-0.407,-7.256,0.00
74.32076,-0.407,-7.256,0.00
74.33095,-0.414,-7.238,0.00
74.34111,-0.417,-7.219,0.00
74.35128,-0.417,-7.219,0.00
74.36143,-0.418,-7.204,0.00
74.37159,-0.418,-7.204,0.00
74.38175,-0.417,-7.190,0.00
74.39191,-0.417,-7.190,0.00
74.40210,-0.414,-7.181,0.00
74.41226,-0.414,-7.181,0.00
74.42242,-0.414,-7.171,0.00
74.43286,-0.410,-7.171,0.00
74.44332,-0.407,-7.171,0.00
74.45470,-0.407,-7.158,0.00
74.46527,-0.405,-7.145,0.00
74.47543,-0.405,-7.145,0.00
74.48559,-0.405,-7.134,0.00
74.49579,-0.405,-7.134,0.00
74.50615,-0.408,-7.123,0.00
74.51791,-0.408,-7.123,0.00
74.52807,-0.411,-7.116,0.00
74.53824,-0.412,-7.111,0.00
74.54840,-0.412,-7.111,0.00
74.55882,-0.412,-7.111,0.00
74.56950,-0.413,-7.105,0.00
74.57966,-0.413,-7.104,0.00
74.59030,-0.413,-7.104,0.00
74.60045,-0.413,-7.102,0.00
74.61070,-0.413,-7.102,0.00
74.62120,-0.406,-7.097,0.00
74.63151,-0.406,-7.097,0.00
74.64151,-0.396,-7.092,0.00
74.65166,-0.396,-7.092,0.00
74.66217,-0.381,-7.088,0.00
74.67251,-0.381,-7.088,0.00
74.68285,-0.368,-7.082,0.00
74.69367,-0.368,-7.082,0.00
74.70391,-0.357,-7.070,0.00
74.71416,-0.357,-7.070,0.00
74.72422,-0.349,-7.056,0.00
74.73445,-0.349,-7.056,0.00
74.74461,-0.339,-7.044,0.00
74.75477,-0.339,-7.044,0.00
74.76492,-0.330,-7.036,0.00
74.77515,-0.330,-7.036,0.00
74.78551,-0.324,-7.029,0.00
74.79640,-0.324,-7.029,0.00
74.80647,-0.318,-7.025,0.00
74.81664,-0.318,-7.025,0.00
74.82679,-0.315,-7.021,0.00
74.83699,-0.315,-7.021,0.00
74.84721,-0.313,-7.020,0.00
74.85757,-0.312,-7.020,0.00
74.86787,-0.312,-7.022,0.00
74.87806,-0.312,-7.026,0.00
74.88823,-0.314,-7.026,0.00
74.89838,-0.314,-7.026,0.00
74.90864,-0.316,-7.026,0.00
74.91880,-0.317,-7.024,0.00
74.92955,-0.317,-7.024,0.00
74.93971,-0.307,-7.020,0.00
74.95027,-0.307,-7.020,0.00
74.96043,-0.281,-7.014,0.00
74.97072,-0.281,-7.014,0.00
74.98091,-0.235,-7.002,0.00
74.99106,-0.235,-7.002,0.00
75.00158,-0.177,-6.987,0.00
75.01214,-0.177,-6.987,0.00
75.02255,-0.101,-6.969,0.00
75.03276,-0.101,-6.969,0.00
75.04336,-0.009,-6.950,0.00
75.05352,-0.009,-6.950,0.00
75.06412,0.093,-6.934,0.00
75.07450,0.093,-6.934,0.00
75.08466,0.212,-6.921,0.00
75.09484,0.212,-6.921,0.00
75.10517,0.361,-6.916,0.00
75.11537,0.361,-6.916,0.00
75.12562,0.549,-6.917,0.00
75.13581,0.549,-6.917,0.00
75.14622,0.789,-6.921,0.00
75.15647,0.789,-6.921,0.00
75.16661,1.081,-6.930,0.00
75.17677,1.081,-6.943,0.00
75.18693,1.432,-6.943,0.00
75.19709,1.432,-6.943,0.00
75.20725,1.858,-6.956,0.00
75.21751,1.858,-6.956,0.00
75.22777,2.359,-6.966,0.00
75.23794,2.359,-6.968,0.00
75.24810,2.928,-6.968,0.00
75.25830,2.928,-6.968,0.00
75.26845,3.572,-6.962,0.00
75.27861,3.572,-6.949,0.00
75.28927,4.288,-6.949,0.00
75.29955,5.075,-6.935,0.00
75.30971,5.075,-6.935,0.00
75.32006,5.893,-6.923,0.00
75.33051,5.893,-6.923,0.00
75.34082,6.728,-6.911,0.00
75.35116,6.728,-6.911,0.00
75.36158,7.619,-6.898,0.00
75.37177,7.619,-6.898,0.00
75.38230,8.532,-6.898,0.00
75.39249,8.532,-6.883,0.00
75.40264,9.446,-6.866,0.00
75.41280,9.446,-6.866,0.00
75.43538,10.365,-6.847,0.00
75.44554,11.260,-6.828,0.00
75.45571,11.260,-6.828,0.00
75.46682,12.098,-6.810,8.00
75.47711,12.098,-6.810,8.00
75.48740,12.897,-6.793,8.00
75.49962,13.642,-6.774,8.00
75.50986,13.642,-6.774,8.00
75.52027,14.312,-6.752,8.00
75.53066,14.312,-6.752,8.00
75.54085,14.902,-6.732,8.00
75.55104,14.902,-6.732,8.00
75.57898,15.399,-6.716,8.00
75.58930,15.757,-6.699,8.00
75.60945,15.757,-6.699,8.00
75.61954,15.967,-6.674,8.00
75.64282,15.986,-6.665,8.00
75.65299,15.986,-6.665,8.00
75.67391,15.819,-6.660,8.00
75.68409,15.549,-6.659,8.00
75.70622,15.185,-6.663,8.50
75.71667,14.696,-6.670,8.50
75.72887,14.696,-6.670,8.50
75.73929,14.696,-6.670,8.50
75.74943,14.066,-6.684,8.50
75.75967,13.339,-6.711,8.50
75.77069,13.339,-6.711,8.50
75.78097,12.518,-6.761,8.50
75.79112,12.518,-6.761,8.50
75.80179,11.623,-6.820,8.50
75.81214,11.623,-6.820,8.50
75.82258,10.660,-6.866,8.50
75.84960,10.660,-6.891,8.50
75.86002,9.645,-6.895,8.50
75.88157,8.605,-6.895,9.00
75.89355,7.558,-6.883,9.00
75.91342,7.558,-6.845,9.00
75.92369,5.448,-6.775,9.00
75.94571,5.448,-6.712,9.00
75.95590,4.437,-6.712,9.00
75.97749,3.469,-6.673,9.00
75.98767,2.549,-6.650,9.00
75.99799,2.549,-6.637,9.00
76.00972,1.681,-6.637,9.50
76.02014,1.681,-6.637,9.50
76.03042,0.900,-6.621,9.50
76.04278,0.210,-6.621,9.50
76.05318,0.210,-6.580,9.50
76.06343,-0.400,-6.518,9.50
76.07665,-0.400,-6.437,9.50
76.08679,-0.932,-6.437,9.50
76.09702,-0.932,-6.349,9.50
76.12629,-1.254,-6.349,10.00
76.13659,-1.058,-6.237,10.00
76.15650,-0.411,-6.085,10.00
76.16687,-0.411,-5.867,10.00
76.18675,-0.123,-5.643,10.00
76.19690,-0.123,-5.643,10.00
76.20738,0.204,-5.406,10.50
76.21989,0.204,-5.406,10.50
76.23008,0.459,-5.161,10.50
76.24028,0.459,-5.161,10.50
76.25249,0.690,-4.903,10.50
76.26280,0.943,-4.643,10.50
76.27295,0.943,-4.643,10.50
76.28317,1.136,-4.368,10.50
76.29337,1.136,-4.368,10.50
76.30374,1.250,-4.058,10.50
76.31444,1.250,-4.058,11.00
76.32463,1.385,-3.651,11.00
76.33513,1.385,-3.651,11.00
76.36221,1.680,-2.899,11.00
76.37371,1.680,-2.899,11.00
76.39331,1.756,-2.899,11.00
76.40351,1.756,-2.550,11.00
76.42558,1.775,-1.883,11.00
76.43763,1.752,-1.883,11.00
76.45761,1.706,-1.154,11.50
76.46862,1.649,-1.154,11.50
76.47893,1.649,-0.717,11.50
76.49075,1.591,-0.717,11.50
76.50090,1.533,-0.289,11.50
76.51116,1.533,-0.289,11.50
76.52317,1.533,-0.289,11.50
76.53353,1.479,0.151,11.50
76.54369,1.416,0.633,11.50
76.57166,1.347,0.633,11.50
76.58194,1.282,1.584,11.50
76.60420,1.212,2.057,11.50
76.61447,1.212,2.057,11.50
76.63338,1.141,2.505,12.00
76.64357,1.077,2.975,12.00
76.66695,1.039,3.510,12.00
76.67726,1.018,4.013,12.00
76.69763,1.018,4.544,12.00
76.70791,1.024,4.544,12.00
76.71816,1.024,4.544,12.00
76.72951,1.045,5.064,12.00
76.74009,1.045,5.064,12.00
76.75025,1.081,5.610,12.00
76.76159,1.119,5.610,12.00
76.77195,1.119,6.168,12.00
76.78254,1.172,6.756,12.00
76.79695,1.172,6.756,12.00
76.80713,1.224,7.341,12.00
76.81726,1.285,7.977,12.00
76.82742,1.285,7.977,12.00
76.83773,1.358,8.524,12.00
76.84787,1.358,8.524,12.00
76.86103,1.358,9.048,12.00
76.87112,1.444,9.048,12.00
76.88132,1.534,9.601,12.00
76.90707,1.631,10.163,12.00
76.91726,1.631,10.163,12.00
76.93761,1.733,11.228,12.00
76.94913,1.828,11.228,12.00
76.97196,1.918,11.228,12.00
76.98214,1.996,11.719,12.00
76.99235,1.996,12.270,12.00
77.00250,1.996,12.270,12.00
77.01268,2.074,12.743,12.00
77.02324,2.146,13.237,12.00
77.03406,2.146,13.237,12.00
77.04422,2.216,13.745,12.00
77.05451,2.216,13.745,12.00
77.06538,2.286,14.315,12.00
77.07554,2.286,14.315,12.00
77.08570,2.346,14.900,12.00
77.09779,2.400,14.900,12.00
77.10803,2.400,15.495,12.00
77.11959,2.400,15.495,12.00
77.14718,2.467,16.785,12.00
77.15738,2.467,16.785,12.00
77.17737,2.485,17.372,12.00
77.18755,2.498,17.951,12.00
77.19798,2.498,17.951,12.00
77.20814,2.503,18.533,0.00
77.21829,2.503,18.533,0.00
77.22846,2.496,19.146,0.00
77.23863,2.479,19.786,0.00
77.24878,2.479,19.786,0.00
77.25895,2.447,20.422,0.00
77.26909,2.447,20.422,0.00
77.27926,2.400,21.117,0.00
77.28977,2.400,21.117,0.00
77.30053,2.400,21.117,0.00
77.31110,2.332,21.924,0.00
77.32137,2.271,22.669,0.00
77.33171,2.271,22.669,0.00
77.34204,2.231,23.412,0.00
77.35238,2.231,23.412,0.00
77.36253,2.217,24.149,0.00
77.37269,2.217,24.149,0.00
77.38285,2.216,24.871,0.00
77.39301,2.216,24.871,0.00
77.40317,2.204,25.600,0.00
77.41333,2.204,25.600,0.00
77.42350,2.204,26.345,0.00
77.43543,2.173,26.345,0.00
77.44559,2.114,27.073,0.00
77.45574,2.114,27.073,0.00
77.46595,2.037,27.893,0.00
77.47612,2.037,28.613,0.00
77.48628,1.956,28.613,0.00
77.49644,1.956,29.312,0.00
77.50686,1.872,29.312,0.00
77.51746,1.872,29.312,0.00
77.52785,1.784,29.995,0.00
77.53843,1.706,30.632,0.00
77.54942,1.706,30.632,0.00
77.55957,1.639,31.287,0.00
77.57082,1.639,31.287,0.00
77.58098,1.586,31.964,0.00
77.59114,1.586,31.964,0.00
77.60162,1.538,32.660,0.00
77.61178,1.538,32.660,0.00
77.62195,1.490,33.496,0.00
77.63304,1.490,33.496,0.00
77.64320,1.443,34.201,0.00
77.65336,1.443,34.201,0.00
77.66375,1.397,34.825,0.00
77.67463,1.397,34.825,0.00
77.68479,1.355,35.359,0.00
77.69497,1.323,35.867,0.00
77.70512,1.323,35.867,0.00
77.71534,1.323,35.867,0.00
77.72555,1.295,36.370,0.00
77.73571,1.295,36.370,0.00
77.74605,1.251,36.825,0.00
77.75621,1.251,36.825,0.00
77.76646,1.191,37.195,0.00
77.77662,1.191,37.195,0.00
77.78678,1.115,37.553,0.00
77.79694,1.115,37.553,0.00
77.80710,1.060,37.788,0.00
77.81725,1.004,37.970,0.00
77.82740,1.004,37.970,0.00
77.83755,1.004,37.970,0.00
77.84770,1.004,37.970,0.00
77.85785,1.004,37.970,0.00
77.86809,0.929,38.102,0.00
77.87824,0.929,38.121,0.00
77.88838,0.929,38.121,0.00
77.89883,0.915,37.999,0.00
77.90895,0.910,37.789,0.00
77.91913,0.908,37.528,0.00
77.92971,0.908,37.528,0.00
77.93987,0.920,37.147,0.00
77.95003,0.920,37.147,0.00
77.96019,0.932,36.729,0.00
77.97045,0.932,36.729,0.00
77.98062,0.934,36.256,0.00
77.99170,0.934,36.256,0.00
78.00185,0.931,35.756,0.00
78.01200,0.931,35.756,0.00
78.02215,0.930,35.216,0.00
78.03241,0.930,35.216,0.00
78.04260,0.941,34.613,0.00
78.05471,0.941,34.613,0.00
78.06487,0.953,33.938,0.00
78.07585,0.953,33.222,0.00
78.08602,0.958,33.222,0.00
78.09644,0.958,33.222,0.00
78.10659,0.960,32.421,0.00
78.11675,0.960,32.421,0.00
78.12692,0.962,31.387,0.00
78.13712,0.962,31.387,0.00
78.14941,0.961,30.436,0.00
78.15978,0.960,30.436,0.00
78.16994,0.960,29.506,0.00
78.18011,0.956,29.506,0.00
78.19028,0.956,28.522,0.00
78.20044,0.965,27.447,0.00
78.21638,0.965,27.447,0.00
78.22699,0.980,26.298,0.00
78.23736,0.998,26.298,0.00
78.24750,0.998,26.298,0.00
78.26343,0.998,25.159,0.00
78.27363,0.998,25.159,0.00
78.28400,1.021,25.159,0.00
78.29491,1.021,22.807,0.00
78.30525,1.070,21.620,0.00
78.32122,1.070,21.620,0.00
78.33143,1.099,21.620,0.00
78.34186,1.099,20.377,0.00
78.35227,1.131,20.377,0.00
78.36850,1.168,17.842,0.00
78.37900,1.204,16.573,0.00
78.38937,1.204,16.573,0.00
78.39953,1.204,15.300,0.00
78.40994,1.236,15.300,0.00
78.42019,1.236,15.300,0.00
78.43783,1.357,12.118,0.00
78.44863,1.357,12.118,0.00
78.45913,1.357,12.118,0.00
78.47496,1.471,10.385,0.00
78.48648,1.471,10.385,0.00
78.50320,1.625,8.573,0.00
78.51456,1.815,6.787,0.00
78.53019,2.020,4.994,0.00
78.54566,2.020,4.994,0.00
78.56292,2.273,3.237,0.00
78.58021,2.524,1.551,0.00
78.59739,2.813,-0.048,0.00
78.60922,3.103,-1.716,0.00
78.62511,3.103,-1.716,0.00
78.64274,3.379,-3.047,0.00
78.65830,3.646,-4.242,0.00
78.67533,3.896,-5.319,0.00
78.68808,3.896,-5.319,0.00
78.70602,4.135,-6.297,0.00
78.72261,4.374,-7.177,0.00
78.74003,4.589,-7.920,0.00
78.75118,4.589,-7.920,0.00
78.76713,4.773,-8.509,0.00
78.78424,5.023,-9.446,0.00
78.80097,5.023,-9.446,0.00
78.81236,5.073,-9.719,0.00
78.82818,5.051,-9.878,0.00
78.84568,5.051,-9.878,0.00
78.85674,4.965,-9.930,0.00
78.89785,4.446,-9.573,0.00
78.90909,4.446,-9.573,0.00
78.92716,4.446,-9.573,0.00
78.94346,3.915,-9.326,0.00
78.95416,3.915,-9.100,0.00
78.96564,3.605,-8.874,0.00
78.97583,3.605,-8.874,0.00
78.98601,3.605,-8.874,0.00
78.99939,3.605,-8.874,0.00
79.01670,2.928,-8.418,0.00
79.02954,2.928,-8.418,0.00
79.05209,2.273,-8.004,0.00
79.06375,2.273,-7.840,0.00
79.07547,1.962,-7.840,0.00
79.09277,1.673,-7.675,0.00
79.10425,1.419,-7.549,0.00
79.13623,1.180,-7.457,0.00
79.14753,0.943,-7.399,0.00
79.15794,0.943,-7.399,0.00
79.17518,0.710,-7.365,0.00
79.18939,0.487,-7.346,0.00
79.27683,-0.288,-7.344,0.00
79.34452,-0.451,-7.507,0.00
79.35484,-0.451,-7.507,0.00
79.36501,-0.441,-7.548,0.00
79.37658,-2.461,-4.501,0.00
79.38695,-2.437,-4.545,0.00
79.39726,-2.405,-4.583,0.00
79.40739,-2.405,-4.583,0.00
79.41755,-2.393,-4.583,0.00
79.42771,-2.393,-4.613,0.00
79.43793,-2.404,-4.613,0.00
79.44956,-2.404,-4.630,0.00
79.45975,-2.435,-4.630,0.00
79.46991,-2.435,-4.650,0.00
79.48007,-2.485,-4.687,0.00
79.49023,-2.485,-4.687,0.00
79.50066,-2.549,-4.729,0.00
79.51081,-2.549,-4.729,0.00
79.52101,-2.622,-4.729,0.00
79.53117,-2.622,-4.765,0.00
79.54157,-2.702,-4.787,0.00
79.55172,-2.702,-4.787,0.00
79.56190,-2.702,-4.787,0.00
79.57205,-2.791,-4.808,0.00
79.58221,-2.886,-4.837,0.00
79.59247,-2.886,-4.837,0.00
79.60268,-2.979,-4.868,0.00
79.61285,-2.979,-4.868,0.00
79.62302,-3.061,-4.901,0.00
79.63317,-3.061,-4.901,0.00
79.64334,-3.110,-4.938,0.00
79.65350,-3.110,-4.938,0.00
79.66366,-3.117,-4.983,0.00
79.67382,-3.117,-4.983,0.00
79.68398,-3.091,-5.036,0.00
79.69414,-3.091,-5.036,0.00
79.70430,-3.048,-5.089,0.00
79.71566,-3.048,-5.089,0.00
79.72584,-3.001,-5.139,0.00
79.73602,-3.001,-5.139,0.00
79.74663,-2.953,-5.194,0.00
79.75680,-2.953,-5.194,0.00
79.76697,-2.911,-5.239,0.00
79.77714,-2.911,-5.239,0.00
79.78731,-2.884,-5.283,0.00
79.79748,-2.884,-5.283,0.00
79.80791,-2.877,-5.328,0.00
79.81808,-2.886,-5.328,0.00
79.82901,-2.886,-5.374,0.00
79.83922,-2.886,-5.374,0.00
79.84937,-2.911,-5.410,0.00
79.85953,-2.911,-5.432,0.00
79.86969,-2.948,-5.432,0.00
79.87987,-2.948,-5.450,0.00
79.89002,-2.985,-5.450,0.00
79.90018,-3.019,-5.481,0.00
79.91040,-3.019,-5.481,0.00
79.92056,-3.045,-5.510,0.00
79.93072,-3.045,-5.510,0.00
79.94091,-3.064,-5.525,0.00
79.95102,-3.064,-5.525,0.00
79.96127,-3.064,-5.525,0.00
79.97143,-3.071,-5.533,0.00
79.98159,-3.070,-5.534,0.00
79.99186,-3.070,-5.534,0.00
80.00201,-3.070,-5.534,0.00
80.01218,-3.060,-5.529,0.00
80.02272,-3.060,-5.528,0.00
80.03287,-3.040,-5.528,0.00
80.04348,-3.016,-5.541,0.00
80.05420,-3.016,-5.541,0.00
80.06440,-2.994,-5.541,0.00
80.07484,-2.994,-5.567,0.00
80.08500,-2.994,-5.567,0.00
80.09514,-2.994,-5.567,0.00
80.10533,-2.979,-5.592,0.00
80.11548,-2.973,-5.615,0.00
80.12564,-2.979,-5.642,0.00
80.13596,-2.989,-5.642,0.00
80.14611,-2.989,-5.676,0.00
80.15627,-2.989,-5.676,0.00
80.16643,-3.003,-5.714,0.00
80.17658,-3.003,-5.752,0.00
80.18685,-3.020,-5.752,0.00
80.19704,-3.020,-5.752,0.00
80.20765,-3.038,-5.790,0.00
80.21782,-3.056,-5.790,0.00
80.22798,-3.056,-5.828,0.00
80.23814,-3.069,-5.828,0.00
80.24830,-3.069,-5.856,0.00
80.25849,-3.079,-5.879,0.00
80.26865,-3.079,-5.879,0.00
80.27886,-3.079,-5.897,0.00
80.29005,-3.082,-5.897,0.00
80.30024,-3.082,-5.916,0.00
80.31130,-3.080,-5.916,0.00
80.32153,-3.080,-5.932,0.00
80.33169,-3.078,-5.932,0.00
80.34188,-3.078,-5.947,0.00
80.35204,-3.076,-5.947,0.00
80.36221,-3.074,-5.960,0.00
80.37237,-3.074,-5.960,0.00
80.38252,-3.077,-5.974,0.00
80.39268,-3.077,-5.974,0.00
80.40285,-3.084,-5.984,0.00
80.41336,-3.084,-5.984,0.00
80.42354,-3.093,-5.993,0.00
80.43370,-3.093,-5.993,0.00
80.44388,-3.102,-6.006,0.00
80.45404,-3.102,-6.006,0.00
80.46420,-3.105,-6.019,0.00
80.47445,-3.105,-6.019,0.00
80.48462,-3.104,-6.023,0.00
80.49478,-3.104,-6.023,0.00
80.50549,-3.095,-6.017,0.00
80.51565,-3.095,-6.017,0.00
80.52580,-3.084,-6.006,0.00
80.53598,-3.073,-6.006,0.00
80.54628,-3.073,-5.996,0.00
80.55675,-3.061,-5.990,0.00
80.56697,-3.061,-5.990,0.00
80.57717,-3.061,-5.991,0.00
80.58748,-3.046,-5.991,0.00
80.59778,-3.046,-5.991,0.00
80.60811,-3.035,-5.997,0.00
80.61855,-3.035,-6.006,0.00
80.62874,-3.029,-6.006,0.00
80.63906,-3.029,-6.014,0.00
80.64929,-3.008,-6.014,0.00
80.65945,-2.937,-6.020,0.00
80.66962,-2.937,-6.020,0.00
80.67978,-2.837,-6.028,0.00
80.68994,-2.837,-6.028,0.00
80.70009,-2.712,-6.034,0.00
80.71132,-2.712,-6.034,0.00
80.72157,-2.561,-6.032,0.00
80.73173,-2.561,-6.032,0.00
80.74188,-2.374,-6.025,0.00
80.75204,-2.374,-6.025,0.00
80.76220,-2.124,-6.018,0.00
80.77260,-2.124,-6.018,0.00
80.78277,-1.795,-6.010,0.00
80.79293,-1.795,-6.010,0.00
80.80307,-1.400,-5.998,0.00
80.81323,-1.400,-5.998,0.00
80.82338,-0.941,-5.982,0.00
80.83354,-0.941,-5.982,0.00
80.84370,-0.941,-5.966,0.00
80.85386,-0.390,-5.966,0.00
80.86402,0.259,-5.946,0.00
80.87417,0.259,-5.946,0.00
80.88438,0.982,-5.918,0.00
80.89452,0.982,-5.918,0.00
80.90467,1.769,-5.892,0.00
80.91579,1.769,-5.892,0.00
80.92595,2.615,-5.868,0.00
80.93611,2.615,-5.868,0.00
80.94627,3.508,-5.844,0.00
80.95643,3.508,-5.844,0.00
80.96659,4.433,-5.824,0.00
80.97999,4.433,-5.824,0.00
80.99017,5.381,-5.808,0.00
81.00034,6.342,-5.797,0.00
81.01050,6.342,-5.797,0.00
81.02066,7.302,-5.797,0.00
81.03080,7.302,-5.784,0.00
81.04095,8.257,-5.768,0.00
81.05112,8.257,-5.768,0.00
81.06126,9.196,-5.751,0.00
81.07142,9.196,-5.751,0.00
81.09795,10.948,-5.717,0.00
81.10829,10.948,-5.717,0.00
81.13100,10.948,-5.717,8.00
81.14119,11.720,-5.696,8.00
81.16130,12.428,-5.678,8.00
81.17152,13.059,-5.666,8.00
81.19380,13.594,-5.659,8.00
81.20575,14.023,-5.655,8.00
81.22932,14.023,-5.655,8.00
81.23948,14.338,-5.645,8.00
81.26064,14.534,-5.645,8.00
81.27093,14.534,-5.641,8.00
81.28128,14.408,-5.638,8.00
81.29276,14.408,-5.638,8.00
81.30292,14.169,-5.640,8.00
81.31307,14.169,-5.640,8.00
81.32330,13.824,-5.651,8.00
81.33345,13.824,-5.651,8.00
81.34364,13.375,-5.673,8.00
81.35429,13.375,-5.673,8.50
81.36444,12.816,-5.701,8.50
81.37474,12.816,-5.701,8.50
81.38605,12.132,-5.727,8.50
81.39627,11.330,-5.753,8.50
81.40684,11.330,-5.753,8.50
81.43453,9.368,-5.809,8.50
81.44480,9.368,-5.809,8.50
81.46611,8.289,-5.838,8.50
81.47645,7.157,-5.838,8.50
81.49846,7.157,-5.863,8.50
81.50894,5.978,-5.881,8.50
81.53388,5.978,-5.881,9.00
81.54424,3.645,-5.883,9.00
81.56243,2.497,-5.837,9.00
81.57259,2.497,-5.837,9.00
81.58289,1.376,-5.785,9.00
81.59884,1.376,-5.760,9.00
81.60989,0.292,-5.760,9.00
81.62709,-0.746,-5.751,9.00
81.63754,-0.746,-5.751,9.00
81.64897,-1.678,-5.746,9.00
81.65906,-1.678,-5.746,9.50
81.66921,-2.488,-5.734,9.50
81.67937,-3.099,-5.718,9.50
81.68956,-3.099,-5.718,9.50
81.70615,-3.467,-5.695,9.50
81.71630,-3.467,-5.695,9.50
81.73777,-3.476,-5.625,9.50
81.74811,-2.984,-5.625,9.50
81.76995,-2.615,-5.625,10.00
81.78031,-2.497,-5.458,10.00
81.80133,-2.497,-5.458,10.00
81.81156,-2.226,-5.341,10.00
81.82189,-2.226,-5.228,10.00
81.83378,-1.865,-5.228,10.00
81.84400,-1.591,-5.093,10.00
81.85420,-1.591,-5.093,10.00
81.88336,-1.113,-4.810,10.50
81.89553,-1.113,-4.810,10.50
81.91374,-0.943,-4.670,10.50
81.92393,-0.858,-4.520,10.50
81.94653,-0.858,-4.344,10.50
81.95672,-0.761,-4.344,10.50
81.97953,-0.641,-4.121,11.00
81.99052,-0.552,-3.883,11.00
82.00996,-0.537,-3.635,11.00
82.02012,-0.615,-3.635,11.00
82.03064,-0.615,-3.385,11.00
82.04309,-0.750,-3.180,11.00
82.05326,-0.750,-3.180,11.00
82.06342,-0.924,-2.984,11.00
82.07383,-0.924,-2.984,11.00
82.08430,-0.924,-2.765,11.00
82.09448,-1.106,-2.765,11.00
82.12203,-1.471,-2.218,11.50
82.13219,-1.471,-2.218,11.50
82.15351,-1.660,-1.928,11.50
82.16484,-1.860,-1.642,11.50
82.18529,-1.860,-1.642,11.50
82.19548,-2.036,-1.305,11.50
82.21859,-2.227,-1.305,11.50
82.22874,-2.406,-0.591,11.50
82.24920,-2.572,-0.591,11.50
82.25939,-2.572,-0.219,11.50
82.26955,-2.717,0.167,11.50
82.28355,-2.746,0.565,12.00
82.29373,-2.746,0.565,12.00
82.30389,-2.630,1.002,12.00
82.31416,-2.630,1.002,12.00
82.32514,-2.458,1.462,12.00
82.33594,-2.458,1.462,12.00
82.34652,-2.300,1.462,12.00
82.35678,-2.148,1.992,12.00
82.36706,-2.148,2.470,12.00
82.39361,-2.148,2.950,12.00
82.40393,-1.864,3.462,12.00
82.42578,-1.864,3.994,12.00
82.43693,-1.738,3.994,12.00
82.46269,-1.624,4.547,12.00
82.47300,-1.512,5.157,12.00
82.48934,-1.512,5.157,12.00
82.49964,-1.292,6.694,12.00
82.50981,-1.292,6.694,12.00
82.52172,-1.292,7.469,12.00
82.53191,-1.202,7.469,12.00
82.54228,-1.141,8.222,12.00
82.55385,-1.141,8.222,12.00
82.56403,-1.106,8.925,12.00
82.57447,-1.106,8.925,12.00
82.58600,-1.106,8.925,12.00
82.59628,-1.083,9.560,12.00
82.60651,-1.072,10.177,12.00
82.61807,-1.072,10.748,12.00
82.62832,-1.067,10.748,12.00
82.63871,-1.067,11.326,12.00
82.65122,-1.078,11.326,12.00
82.66143,-1.104,12.016,12.00
82.67175,-1.104,12.016,12.00
82.69717,-1.104,12.016,12.00
82.70736,-1.180,13.366,12.00
82.72966,-1.223,14.065,12.00
82.73988,-1.223,14.815,12.00
82.76213,-1.313,15.557,12.00
82.77245,-1.313,15.557,12.00
82.79638,-1.344,16.943,12.00
82.80656,-1.364,16.943,12.00
82.82551,-1.374,16.943,12.00
82.83569,-1.374,17.734,12.00
82.84586,-1.383,18.410,12.00
82.85611,-1.383,18.410,0.00
82.86628,-1.388,19.028,0.00
82.87644,-1.388,19.663,0.00
82.88660,-1.378,19.663,0.00
82.89675,-1.378,20.325,0.00
82.90706,-1.359,20.325,0.00
82.91752,-1.328,21.008,0.00
82.92768,-1.328,21.008,0.00
82.93785,-1.328,21.008,0.00
82.94801,-1.306,21.729,0.00
82.95817,-1.306,21.729,0.00
82.96833,-1.284,22.444,0.00
82.97850,-1.256,22.444,0.00
82.98866,-1.256,23.260,0.00
82.99883,-1.210,23.976,0.00
83.00899,-1.210,23.976,0.00
83.01915,-1.139,24.659,0.00
83.02932,-1.139,24.659,0.00
83.04006,-1.070,25.343,0.00
83.05043,-1.070,25.343,0.00
83.06073,-1.070,25.998,0.00
83.07089,-1.023,25.998,0.00
83.08117,-0.995,26.661,0.00
83.09133,-0.995,26.661,0.00
83.10153,-0.984,27.329,0.00
83.11170,-0.984,27.329,0.00
83.12188,-0.984,27.329,0.00
83.13203,-0.988,27.972,0.00
83.14219,-1.010,28.735,0.00
83.15235,-1.010,28.735,0.00
83.16250,-1.010,28.735,0.00
83.17265,-1.052,29.381,0.00
83.18280,-1.117,30.040,0.00
83.19296,-1.117,30.040,0.00
83.20312,-1.197,30.691,0.00
83.21479,-1.197,30.691,0.00
83.22500,-1.282,31.331,0.00
83.23622,-1.282,31.331,0.00
83.24649,-1.353,31.958,0.00
83.25782,-1.353,31.958,0.00
83.26805,-1.418,32.537,0.00
83.27890,-1.483,33.139,0.00
83.28912,-1.483,33.139,0.00
83.29928,-1.560,33.139,0.00
83.30944,-1.560,33.743,0.00
83.31960,-1.660,34.170,0.00
83.32976,-1.660,34.170,0.00
83.34017,-1.748,34.170,0.00
83.35041,-1.748,34.538,0.00
83.36056,-1.835,34.876,0.00
83.37077,-1.835,34.876,0.00
83.38094,-1.871,35.232,0.00
83.39110,-1.871,35.232,0.00
83.40126,-1.892,35.605,0.00
83.41143,-1.892,35.605,0.00
83.42168,-1.900,35.902,0.00
83.43185,-1.900,35.902,0.00
83.44201,-1.900,35.902,0.00
83.45218,-1.901,36.149,0.00
83.46246,-1.889,36.371,0.00
83.47269,-1.889,36.371,0.00
83.48286,-1.864,36.522,0.00
83.49303,-1.864,36.522,0.00
83.50319,-1.835,36.579,0.00
83.51334,-1.835,36.579,0.00
83.52356,-1.795,36.547,0.00
83.53387,-1.795,36.547,0.00
83.54420,-1.770,36.450,0.00
83.55480,-1.770,36.450,0.00
83.56525,-1.766,36.276,0.00
83.57541,-1.766,36.276,0.00
83.58576,-1.787,35.999,0.00
83.59611,-1.808,35.999,0.00
83.60668,-1.808,35.638,0.00
83.61694,-1.808,35.638,0.00
83.62726,-1.819,35.213,0.00
83.63759,-1.819,34.684,0.00
83.64797,-1.819,34.684,0.00
83.65851,-1.815,34.684,0.00
83.66872,-1.815,34.158,0.00
83.67900,-1.819,33.553,0.00
83.68965,-1.819,33.553,0.00
83.70008,-1.834,32.843,0.00
83.71023,-1.834,32.843,0.00
83.72040,-1.852,32.088,0.00
83.73125,-1.852,32.088,0.00
83.74158,-1.876,31.372,0.00
83.75193,-1.876,31.372,0.00
83.76229,-1.893,30.568,0.00
83.77273,-1.893,30.568,0.00
83.78290,-1.897,29.653,0.00
83.79335,-1.897,29.653,0.00
83.80382,-1.894,28.496,0.00
83.81425,-1.894,28.496,0.00
83.82442,-1.885,27.445,0.00
83.83474,-1.885,27.445,0.00
83.84513,-1.880,26.406,0.00
83.85866,-1.880,26.406,0.00
83.86913,-1.873,26.406,0.00
83.88044,-1.869,24.336,0.00
83.90191,-1.869,24.336,0.00
83.92375,-1.860,22.047,0.00
83.93492,-1.860,22.047,0.00
83.95065,-1.856,20.906,0.00
83.96992,-1.863,19.658,0.00
84.00153,-1.871,17.361,0.00
84.01271,-1.871,17.361,0.00
84.02360,-1.871,17.361,0.00
84.03402,-1.871,16.110,0.00
84.04554,-1.845,14.765,0.00
84.06514,-1.831,13.373,0.00
84.07857,-1.831,13.373,0.00
84.09000,-1.831,11.922,0.00
84.09960,-1.810,11.922,0.00
84.11212,-1.810,11.922,0.00
84.12296,-1.810,8.838,0.00
84.13417,-1.794,8.838,0.00
84.14438,-1.794,8.838,0.00
84.15668,-1.773,7.365,0.00
84.16792,-1.752,5.865,0.00
84.18320,-1.733,4.350,0.00
84.19353,-1.733,4.350,0.00
84.21098,-1.724,2.836,0.00
84.22190,-1.724,2.836,0.00
84.23319,-1.731,1.367,0.00
84.24455,-1.731,1.367,0.00
84.25589,-1.751,0.034,0.00
84.27199,-1.779,-1.135,0.00
84.28846,-1.819,-2.345,0.00
84.30416,-1.869,-3.358,0.00
84.31466,-1.869,-3.358,0.00
84.33055,-1.929,-4.351,0.00
84.34489,-1.994,-4.351,0.00
84.36064,-2.055,-5.256,0.00
84.37844,-2.055,-6.050,0.00
84.38861,-2.121,-6.683,0.00
84.39892,-2.190,-7.262,0.00
84.40934,-2.190,-7.262,0.00
84.42714,-2.190,-7.262,0.00
84.44478,-2.308,-8.303,0.00
84.45499,-2.308,-8.303,0.00
84.47076,-2.350,-8.634,0.00
84.48686,-2.378,-8.853,0.00
84.50641,-2.378,-8.993,0.00
84.51734,-2.399,-9.040,0.00
84.53325,-2.418,-9.040,0.00
84.54346,-2.436,-9.040,0.00
84.55383,-2.436,-8.997,0.00
84.56424,-2.459,-8.997,0.00
84.57471,-2.459,-8.894,0.00
84.58534,-2.484,-8.894,0.00
84.59682,-2.484,-8.759,0.00
84.61728,-2.534,-8.411,0.00
84.62866,-2.534,-8.411,0.00
84.63888,-2.534,-8.411,0.00
84.64957,-2.534,-8.411,0.00
84.66630,-2.584,-8.037,0.00
84.67873,-2.584,-8.037,0.00
84.69878,-2.607,-7.822,0.00
84.70959,-2.630,-7.595,0.00
84.72534,-2.651,-7.354,0.00
84.74893,-2.669,-7.354,0.00
84.75934,-2.669,-6.831,0.00
84.76994,-2.684,-6.831,0.00
84.78392,-2.692,-6.528,0.00
84.79937,-2.692,-6.528,0.00
84.81625,-2.701,-6.289,0.00
84.84008,-2.714,-5.899,0.00
84.92504,-2.759,-5.547,0.00
84.93522,-2.759,-5.500,0.00
84.98650,-2.772,-5.469,0.00
84.99829,-2.772,-5.469,0.00
85.00854,-0.724,-0.223,0.00
85.01871,-0.726,-0.223,0.00
85.02887,-0.726,-0.244,0.00
85.03903,-0.723,-0.268,0.00
85.04919,-0.723,-0.268,0.00
85.05949,-0.723,-0.268,0.00
85.06965,-0.713,-0.293,0.00
85.07981,-0.700,-0.310,0.00
85.08999,-0.700,-0.310,0.00
85.10014,-0.683,-0.317,0.00
85.11039,-0.683,-0.317,0.00
85.12120,-0.668,-0.309,0.00
85.13152,-0.668,-0.309,0.00
85.14186,-0.652,-0.290,0.00
85.15218,-0.652,-0.290,0.00
85.16242,-0.631,-0.270,0.00
85.17258,-0.631,-0.270,0.00
85.18284,-0.610,-0.250,0.00
85.19300,-0.610,-0.250,0.00
85.20316,-0.587,-0.225,0.00
85.21334,-0.587,-0.225,0.00
85.22376,-0.563,-0.186,0.00
85.23400,-0.563,-0.186,0.00
85.24416,-0.542,-0.123,0.00
85.25458,-0.542,-0.123,0.00
85.26474,-0.519,-0.018,0.00
85.27534,-0.519,-0.018,0.00
85.28549,-0.491,0.101,0.00
85.29564,-0.491,0.101,0.00
85.30579,-0.457,0.238,0.00
85.31596,-0.457,0.238,0.00
85.32612,-0.426,0.384,0.00
85.33646,-0.400,0.384,0.00
85.34661,-0.400,0.536,0.00
85.35692,-0.400,0.536,0.00
85.36721,-0.378,0.697,0.00
85.37736,-0.362,0.865,0.00
85.38752,-0.362,0.865,0.00
85.39767,-0.352,1.031,0.00
85.40782,-0.352,1.031,0.00
85.41799,-0.344,1.205,0.00
85.42823,-0.344,1.205,0.00
85.43868,-0.338,1.344,0.00
85.44922,-0.338,1.344,0.00
85.45938,-0.337,1.471,0.00
85.46955,-0.337,1.471,0.00
85.47974,-0.337,1.580,0.00
85.48993,-0.342,1.580,0.00
85.50019,-0.353,1.665,0.00
85.51057,-0.353,1.665,0.00
85.52072,-0.369,1.736,0.00
85.53088,-0.369,1.736,0.00
85.54104,-0.389,1.805,0.00
85.55126,-0.389,1.805,0.00
85.56143,-0.408,1.871,0.00
85.57159,-0.408,1.871,0.00
85.58176,-0.429,1.924,0.00
85.59194,-0.429,1.924,0.00
85.60209,-0.451,1.948,0.00
85.61221,-0.451,1.948,0.00
85.62238,-0.451,1.948,0.00
85.63264,-0.471,1.952,0.00
85.64280,-0.488,1.938,0.00
85.65306,-0.488,1.938,0.00
85.66322,-0.505,1.905,0.00
85.67353,-0.505,1.905,0.00
85.68368,-0.518,1.851,0.00
85.69429,-0.518,1.851,0.00
85.70457,-0.528,1.784,0.00
85.71476,-0.528,1.784,0.00
85.72491,-0.537,1.717,0.00
85.73505,-0.537,1.717,0.00
85.74524,-0.548,1.643,0.00
85.75540,-0.548,1.643,0.00
85.76557,-0.560,1.580,0.00
85.77573,-0.560,1.580,0.00
85.78607,-0.573,1.518,0.00
85.79634,-0.586,1.455,0.00
85.80657,-0.586,1.455,0.00
85.81680,-0.586,1.455,0.00
85.82708,-0.604,1.388,0.00
85.83741,-0.618,1.388,0.00
85.84758,-0.618,1.323,0.00
85.85774,-0.618,1.323,0.00
85.86790,-0.627,1.260,0.00
85.87826,-0.627,1.260,0.00
85.88843,-0.636,1.202,0.00
85.89858,-0.636,1.202,0.00
85.90874,-0.646,1.135,0.00
85.91889,-0.658,1.079,0.00
85.92906,-0.658,1.079,0.00
85.93923,-0.669,1.029,0.00
85.94939,-0.669,1.029,0.00
85.95954,-0.677,0.990,0.00
85.96989,-0.677,0.990,0.00
85.98041,-0.685,0.963,0.00
85.99055,-0.685,0.963,0.00
86.00071,-0.687,0.942,0.00
86.01087,-0.687,0.942,0.00
86.02105,-0.691,0.931,0.00
86.03118,-0.691,0.931,0.00
86.04134,-0.697,0.928,0.00
86.05149,-0.697,0.928,0.00
86.06164,-0.697,0.928,0.00
86.07190,-0.704,0.932,0.00
86.08206,-0.709,0.939,0.00
86.09230,-0.709,0.939,0.00
86.10247,-0.709,0.939,0.00
86.11279,-0.709,0.939,0.00
86.12295,-0.714,0.949,0.00
86.13404,-0.714,0.949,0.00
86.14423,-0.719,0.949,0.00
86.15460,-0.719,0.949,0.00
86.16479,-0.725,0.949,0.00
86.17510,-0.725,0.949,0.00
86.18545,-0.731,0.945,0.00
86.19605,-0.735,0.940,0.00
86.20629,-0.735,0.940,0.00
86.21649,-0.736,0.933,0.00
86.22682,-0.736,0.933,0.00
86.23717,-0.736,0.933,0.00
86.24752,-0.736,0.933,0.00
86.25797,-0.736,0.921,0.00
86.27096,-0.736,0.921,0.00
86.28113,-0.730,0.912,0.00
86.29157,-0.730,0.905,0.00
86.30173,-0.726,0.897,0.00
86.31189,-0.726,0.897,0.00
86.32204,-0.724,0.890,0.00
86.33220,-0.724,0.890,0.00
86.34242,-0.721,0.886,0.00
86.35257,-0.721,0.886,0.00
86.36274,-0.721,0.886,0.00
86.37310,-0.721,0.886,0.00
86.38349,-0.722,0.891,0.00
86.39386,-0.722,0.891,0.00
86.40403,-0.718,0.897,0.00
86.41429,-0.718,0.897,0.00
86.42445,-0.718,0.902,0.00
86.43492,-0.713,0.902,0.00
86.44508,-0.708,0.907,0.00
86.45522,-0.708,0.907,0.00
86.46537,-0.702,0.916,0.00
86.47552,-0.702,0.932,0.00
86.48587,-0.696,0.932,0.00
86.49603,-0.696,0.932,0.00
86.50627,-0.694,0.949,0.00
86.51643,-0.693,0.949,0.00
86.52657,-0.693,0.969,0.00
86.53674,-0.693,0.969,0.00
86.54690,-0.696,0.991,0.00
86.55714,-0.698,0.991,0.00
86.56738,-0.698,1.011,0.00
86.57754,-0.699,1.029,0.00
86.58842,-0.699,1.029,0.00
86.59860,-0.702,1.040,0.00
86.61441,-0.702,1.040,0.00
86.62460,-0.708,1.049,0.00
86.63475,-0.708,1.049,0.00
86.64491,-0.708,1.059,0.00
86.65508,-0.717,1.073,0.00
86.66550,-0.722,1.073,0.00
86.67566,-0.722,1.073,0.00
86.68585,-0.727,1.089,0.00
86.69602,-0.727,1.089,0.00
86.70617,-0.727,1.089,0.00
86.71631,-0.727,1.089,0.00
86.72648,-0.727,1.089,0.00
86.73737,-0.732,1.089,0.00
86.74750,-0.738,1.118,0.00
86.75774,-0.746,1.130,0.00
86.76922,-0.751,1.143,0.00
86.77937,-0.753,1.155,0.00
86.78955,-0.753,1.155,0.00
86.79971,-0.753,1.161,0.00
86.81148,-0.750,1.161,0.00
86.82169,-0.745,1.161,0.00
86.83201,-0.745,1.162,0.00
86.84243,-0.737,1.155,0.00
86.85496,-0.737,1.155,0.00
86.86512,-0.732,1.147,0.00
86.87527,-0.732,1.147,0.00
86.88543,-0.731,1.139,0.00
86.89563,-0.731,1.139,0.00
86.90601,-0.730,1.134,0.00
86.91715,-0.727,1.134,0.00
86.92743,-0.727,1.126,0.00
86.93759,-0.721,1.114,0.00
86.95143,-0.721,1.114,0.00
86.96162,-0.716,1.102,0.00
86.97181,-0.716,1.102,0.00
86.98199,-0.713,1.088,0.00
86.99215,-0.713,1.088,0.00
87.00243,-0.712,1.072,0.00
87.01260,-0.712,1.072,0.00
87.02277,-0.706,1.056,0.00
87.03292,-0.706,1.056,0.00
87.04309,-0.704,1.037,0.00
87.05325,-0.704,1.037,0.00
87.06340,-0.699,1.015,0.00
87.07355,-0.699,1.015,0.00
87.08370,-0.695,0.992,0.00
87.09472,-0.695,0.992,0.00
87.10492,-0.693,0.972,0.00
87.11576,-0.693,0.972,0.00
87.12592,-0.685,0.955,0.00
87.13609,-0.685,0.955,0.00
87.14624,-0.671,0.941,0.00
87.15666,-0.671,0.941,0.00
87.16682,-0.655,0.928,0.00
87.17698,-0.642,0.928,0.00
87.18858,-0.642,0.921,0.00
87.19873,-0.631,0.921,0.00
87.20918,-0.631,0.919,0.00
87.21938,-0.631,0.919,0.00
87.22974,-0.628,0.925,0.00
87.23989,-0.626,0.925,0.00
87.25003,-0.626,0.933,0.00
87.26019,-0.622,0.933,0.00
87.27214,-0.622,0.942,0.00
87.28230,-0.615,0.951,0.00
87.29247,-0.615,0.951,0.00
87.30262,-0.605,0.960,0.00
87.31287,-0.605,0.960,0.00
87.32304,-0.595,0.969,0.00
87.33374,-0.595,0.969,0.00
87.34390,-0.589,0.978,0.00
87.35421,-0.589,0.978,0.00
87.36456,-0.590,0.984,0.00
87.37542,-0.590,0.984,0.00
87.38558,-0.593,0.980,0.00
87.39703,-0.593,0.980,0.00
87.40730,-0.596,0.969,0.00
87.41746,-0.596,0.969,0.00
87.42762,-0.595,0.959,0.00
87.43894,-0.595,0.959,0.00
87.44910,-0.592,0.949,0.00
87.45939,-0.592,0.949,0.00
87.46959,-0.585,0.940,0.00
87.47975,-0.585,0.940,0.00
87.48996,-0.579,0.930,0.00
87.50010,-0.579,0.930,0.00
87.51026,-0.575,0.917,0.00
87.52118,-0.569,0.903,0.00
87.53134,-0.569,0.903,0.00
87.54159,-0.565,0.885,0.00
87.55175,-0.565,0.885,0.00
87.56190,-0.565,0.885,0.00
87.57214,-0.565,0.868,0.00
87.58230,-0.568,0.868,0.00
87.59246,-0.568,0.851,0.00
87.60327,-0.566,0.835,0.00
87.61343,-0.566,0.835,0.00
87.62358,-0.562,0.820,0.00
87.63373,-0.562,0.820,0.00
87.64393,-0.556,0.807,0.00
87.65414,-0.556,0.807,0.00
87.66431,-0.550,0.801,0.00
87.67558,-0.550,0.801,0.00
87.68573,-0.544,0.799,0.00
87.69589,-0.541,0.799,0.00
87.70624,-0.541,0.797,0.00
87.71657,-0.536,0.783,0.00
87.72719,-0.536,0.783,0.00
87.73737,-0.536,0.783,0.00
87.74771,-0.529,0.756,0.00
87.75794,-0.529,0.756,0.00
87.77103,-0.522,0.715,0.00
87.78122,-0.516,0.675,0.00
87.79158,-0.516,0.675,0.00
87.80192,-0.511,0.642,0.00
87.81227,-0.511,0.642,0.00
87.82279,-0.506,0.619,0.00
87.83336,-0.506,0.619,0.00
87.84363,-0.500,0.598,0.00
87.85429,-0.500,0.598,0.00
87.86445,-0.495,0.571,0.00
87.87508,-0.490,0.571,0.00
87.88525,-0.490,0.549,0.00
87.89546,-0.490,0.549,0.00
87.90588,-0.484,0.526,0.00
87.91602,-0.484,0.526,0.00
87.92618,-0.476,0.500,0.00
87.93635,-0.476,0.478,0.00
87.94652,-0.470,0.478,0.00
87.95808,-0.470,0.458,0.00
87.96824,-0.469,0.458,0.00
87.97850,-0.469,0.458,0.00
87.98866,-0.471,0.444,0.00
87.99888,-0.471,0.444,0.00
88.00900,-0.461,0.430,0.00
88.01922,-0.461,0.411,0.00
88.02937,-0.454,0.411,0.00
88.03960,-0.454,0.411,0.00
88.04982,-0.403,0.396,0.00
88.06039,-0.328,0.381,0.00
88.07064,-0.328,0.381,0.00
88.08139,-0.276,0.365,0.00
88.09165,-0.276,0.365,0.00
88.10181,-0.214,0.348,0.00
88.11198,-0.214,0.348,0.00
88.12213,-0.214,0.348,0.00
88.13230,-0.151,0.329,0.00
88.14249,-0.083,0.315,0.00
88.15267,-0.083,0.315,0.00
88.16288,-0.013,0.306,0.00
88.17314,-0.013,0.306,0.00
88.18331,0.052,0.296,0.00
88.19351,0.052,0.296,0.00
88.20368,0.120,0.291,0.00
88.21386,0.120,0.291,0.00
88.22404,0.199,0.290,0.00
88.23419,0.199,0.290,0.00
88.24443,0.322,0.297,0.00
88.25535,0.322,0.297,0.00
88.26555,0.499,0.307,0.00
88.27598,0.499,0.307,0.00
88.28614,0.723,0.325,0.00
88.29630,0.723,0.325,0.00
88.30647,0.997,0.340,0.00
88.31663,0.997,0.354,0.00
88.32688,1.316,0.354,0.00
88.33704,1.316,0.354,0.00
88.34731,1.661,0.369,0.00
88.35755,1.661,0.369,0.00
88.36781,2.040,0.379,0.00
88.37803,2.491,0.386,0.00
88.38861,2.491,0.386,0.00
88.39842,2.993,0.389,0.00
88.40877,2.993,0.389,0.00
88.41901,3.565,0.389,0.00
88.42926,3.565,0.389,0.00
88.43950,4.215,0.387,0.00
88.44995,4.215,0.387,0.00
88.46020,4.215,0.385,0.00
88.47090,4.939,0.385,0.00
88.48105,4.939,0.387,0.00
88.49123,5.740,0.387,0.00
88.50139,6.618,0.393,0.00
88.51176,6.618,0.393,0.00
88.52191,7.578,0.400,0.00
88.53217,7.578,0.400,0.00
88.54243,8.581,0.408,0.00
88.55360,8.581,0.408,0.00
88.56377,9.604,0.422,0.00
88.57392,9.604,0.422,0.00
88.58585,10.640,0.437,0.00
88.59605,10.640,0.437,0.00
88.60626,11.660,0.454,0.00
88.63356,11.660,0.471,8.00
88.64392,13.649,0.491,8.00
88.65407,13.649,0.491,8.00
88.66424,14.623,0.519,8.00
88.67447,14.623,0.519,8.00
88.69752,14.623,0.573,8.00
88.70791,16.439,0.573,8.00
88.73229,17.238,0.600,8.00
88.74246,17.922,0.623,8.00
88.76230,17.922,0.623,8.00
88.77249,18.495,0.643,8.00
88.79640,19.310,0.660,8.00
88.80656,19.310,0.671,8.00
88.81694,19.310,0.671,8.00
88.82716,19.525,0.677,8.00
88.83731,19.525,0.677,8.00
88.84745,19.578,0.680,8.00
88.85766,19.578,0.680,8.50
88.86833,19.459,0.679,8.50
88.87861,19.178,0.673,8.50
88.88929,19.178,0.673,8.50
88.90597,18.761,0.666,8.50
88.91625,18.761,0.666,8.50
88.93942,18.232,0.660,8.50
88.94965,17.568,0.659,8.50
88.97050,16.769,0.659,8.50
88.98317,16.769,0.649,8.50
89.00142,14.793,0.649,8.50
89.01170,14.793,0.644,8.50
89.02186,13.637,0.645,8.50
89.03606,13.637,0.645,9.00
89.04623,12.402,0.676,9.00
89.05647,12.402,0.676,9.00
89.06662,11.119,0.737,9.00
89.07677,9.791,0.799,9.00
89.08698,9.791,0.799,9.00
89.09726,9.791,0.799,9.00
89.10782,8.469,0.849,9.00
89.11798,7.168,0.849,9.00
89.14602,5.878,0.893,9.50
89.15632,5.878,0.893,9.50
89.18307,3.437,0.894,9.50
89.19344,3.437,0.894,9.50
89.21112,2.343,0.894,9.50
89.22170,1.354,0.891,9.50
89.24132,1.354,0.903,9.50
89.25177,0.497,0.946,9.50
89.27319,-0.163,1.007,10.00
89.28336,-0.677,1.084,10.00
89.29352,-0.677,1.084,10.00
89.30947,-0.368,1.185,10.00
89.31966,0.112,1.343,10.00
89.32987,0.112,1.343,10.00
89.34007,0.651,1.501,10.00
89.35129,0.651,1.501,10.00
89.36145,1.300,1.661,10.00
89.37161,1.300,1.661,10.50
89.38177,1.838,1.813,10.50
89.39196,1.838,1.813,10.50
89.40321,2.261,1.940,10.50
89.41362,2.261,1.940,10.50
89.42398,2.611,2.043,10.50
89.43475,2.611,2.043,10.50
89.44505,2.932,2.147,10.50
89.45536,2.932,2.147,10.50
89.48289,3.275,2.519,11.00
89.49322,3.275,2.519,11.00
89.51324,3.420,2.519,11.00
89.52344,3.591,2.998,11.00
89.54504,3.591,2.998,11.00
89.55522,3.736,3.223,11.00
89.57749,3.813,3.696,11.00
89.58811,3.812,3.696,11.00
89.59840,3.812,3.935,11.00
89.60983,3.731,3.935,11.50
89.62000,3.579,3.935,11.50
89.63042,3.579,4.169,11.50
89.64186,3.379,4.423,11.50
89.65221,3.379,4.423,11.50
89.66267,3.144,4.661,11.50
89.67356,3.144,4.661,11.50
89.68373,2.892,4.910,11.50
89.69399,2.892,4.910,11.50
89.72197,2.379,5.538,11.50
89.73215,2.379,5.538,11.50
89.75347,2.379,5.880,11.50
89.76369,1.891,6.227,11.50
89.78605,1.664,6.558,12.00
89.79632,1.664,6.987,12.00
89.81842,1.243,6.987,12.00
89.82852,1.243,7.408,12.00
89.84901,1.243,7.408,12.00
89.85920,1.054,8.293,12.00
89.86941,0.873,8.293,12.00
89.88134,0.873,8.748,12.00
89.89168,0.701,8.748,12.00
89.90184,0.599,9.237,12.00
89.91361,0.599,9.237,12.00
89.92570,0.608,9.745,12.00
89.93588,0.608,9.745,12.00
89.94857,0.700,10.262,12.00
89.96065,0.824,10.898,12.00
89.97082,0.824,10.898,12.00
89.98108,0.960,11.493,12.00
89.99131,0.960,11.493,12.00
90.00148,1.096,12.132,12.00
90.01163,1.096,12.132,12.00
90.02274,1.096,12.132,12.00
90.03289,1.209,12.827,12.00
90.06002,1.421,13.575,12.00
90.07020,1.421,14.348,12.00
90.09209,1.519,15.046,12.00
90.10250,1.600,15.671,12.00
90.12349,1.600,15.671,12.00
90.13398,1.676,16.235,12.00
90.15317,1.748,16.834,12.00
90.16340,1.806,17.374,12.00
90.17362,1.806,17.374,12.00
90.18588,1.845,17.896,12.00
90.19707,1.845,17.896,12.00
90.20727,1.855,18.436,12.00
90.21782,1.855,18.436,12.00
90.22869,1.839,18.985,12.00
90.23913,1.804,18.985,12.00
90.24976,1.804,19.555,12.00
90.26033,1.754,20.153,12.00
90.27049,1.754,20.153,12.00
90.29808,1.697,20.755,12.00
90.30976,1.631,21.480,12.00
90.33154,1.573,22.113,12.00
90.34184,1.515,22.752,12.00
90.35213,1.515,22.752,0.00
90.36229,1.460,23.480,0.00
90.37245,1.460,23.480,0.00
90.38261,1.410,24.222,0.00
90.39288,1.410,24.222,0.00
90.40305,1.362,24.933,0.00
90.41322,1.362,24.933,0.00
90.42345,1.319,25.596,0.00
90.43369,1.319,25.596,0.00
90.44384,1.270,26.268,0.00
90.45405,1.270,26.268,0.00
90.46421,1.222,27.010,0.00
90.47451,1.222,27.010,0.00
90.48478,1.211,27.635,0.00
90.49493,1.211,27.635,0.00
90.50509,1.262,28.269,0.00
90.51526,1.262,28.269,0.00
90.52542,1.353,28.910,0.00
90.53621,1.353,28.910,0.00
90.54643,1.448,29.623,0.00
90.55660,1.448,29.623,0.00
90.56676,1.533,30.339,0.00
90.57691,1.533,30.339,0.00
90.58712,1.590,31.080,0.00
90.59729,1.590,31.080,0.00
90.60749,1.622,31.859,0.00
90.61758,1.622,31.859,0.00
90.62811,1.632,32.695,0.00
90.63996,1.632,32.695,0.00
90.65012,1.624,33.440,0.00
90.66033,1.609,34.121,0.00
90.67051,1.609,34.121,0.00
90.68069,1.609,34.800,0.00
90.69090,1.592,34.800,0.00
90.70106,1.575,35.473,0.00
90.71138,1.575,35.473,0.00
90.72153,1.551,36.125,0.00
90.73187,1.551,36.125,0.00
90.74220,1.551,36.125,0.00
90.75251,1.551,36.125,0.00
90.76277,1.551,36.125,0.00
90.77381,1.551,36.125,0.00
90.78407,1.457,36.811,0.00
90.79423,1.401,38.127,0.00
90.80442,1.346,38.628,0.00
90.81457,1.346,38.628,0.00
90.82479,1.286,39.018,0.00
90.83497,1.286,39.018,0.00
90.84514,1.226,39.342,0.00
90.85529,1.226,39.342,0.00
90.86552,1.183,39.698,0.00
90.87569,1.144,39.698,0.00
90.88600,1.144,40.085,0.00
90.89646,1.144,40.085,0.00
90.90684,1.094,40.407,0.00
90.91882,1.094,40.407,0.00
90.92905,1.039,40.681,0.00
90.93970,0.984,40.681,0.00
90.94985,0.984,40.893,0.00
90.96001,0.984,40.972,0.00
90.97017,0.947,40.972,0.00
90.98033,0.931,40.974,0.00
90.99059,0.931,40.974,0.00
91.00081,0.947,40.905,0.00
91.01098,0.947,40.905,0.00
91.02114,0.975,40.747,0.00
91.03192,0.975,40.747,0.00
91.04202,1.015,40.504,0.00
91.05249,1.015,40.504,0.00
91.06277,1.053,40.217,0.00
91.07562,1.053,40.217,0.00
91.08577,1.085,39.860,0.00
91.09593,1.085,39.860,0.00
91.10609,1.119,39.394,0.00
91.11625,1.119,39.394,0.00
91.12648,1.165,38.926,0.00
91.13664,1.165,38.926,0.00
91.14788,1.208,38.433,0.00
91.15803,1.208,37.892,0.00
91.16817,1.234,37.892,0.00
91.17843,1.237,37.274,0.00
91.18858,1.237,37.274,0.00
91.19872,1.221,37.274,0.00
91.20897,1.221,36.571,0.00
91.21915,1.191,36.571,0.00
91.22941,1.191,35.887,0.00
91.23965,1.141,35.182,0.00
91.24990,1.141,35.182,0.00
91.26015,1.079,35.182,0.00
91.27040,1.079,34.302,0.00
91.28048,1.007,33.391,0.00
91.29065,1.007,33.391,0.00
91.30081,0.940,32.398,0.00
91.31158,0.940,32.398,0.00
91.32189,0.940,31.328,0.00
91.33268,0.890,31.328,0.00
91.34287,0.859,30.209,0.00
91.36922,0.859,30.209,0.00
91.38061,0.851,27.934,0.00
91.39102,0.879,27.934,0.00
91.40689,0.879,26.781,0.00
91.42823,0.969,25.490,0.00
91.44003,0.969,25.490,0.00
91.45575,1.062,24.321,0.00
91.47153,1.062,23.128,0.00
91.48196,1.123,23.128,0.00
91.49793,1.123,21.858,0.00
91.50965,1.123,21.858,0.00
91.52286,1.197,19.169,0.00
91.53344,1.264,19.169,0.00
91.54429,1.304,17.848,0.00
91.55501,1.304,17.848,0.00
91.57078,1.314,16.497,0.00
91.58660,1.299,15.136,0.00
91.59756,1.299,15.136,0.00
91.61500,1.258,13.517,0.00
91.63083,1.203,11.976,0.00
91.64174,1.142,10.377,0.00
91.65770,1.142,10.377,0.00
91.66995,1.079,8.850,0.00
91.68569,1.000,7.320,0.00
91.69607,1.000,5.804,0.00
91.70685,0.912,5.804,0.00
91.71974,0.912,4.407,0.00
91.73251,0.912,4.407,0.00
91.74847,0.753,3.123,0.00
91.76690,0.753,1.797,0.00
91.78266,0.630,1.797,0.00
91.79320,0.630,0.697,0.00
91.80361,0.630,-0.413,0.00
91.81437,0.575,-0.413,0.00
91.83077,0.519,-1.463,0.00
91.84312,0.519,-2.364,0.00
91.85374,0.460,-2.364,0.00
91.86400,0.392,-3.064,0.00
91.89430,0.318,-3.563,0.00
91.91000,0.254,-3.936,0.00
91.92519,0.188,-3.936,0.00
91.94107,0.188,-4.206,0.00
91.95693,0.061,-4.381,0.00
91.98935,0.061,-4.464,0.00
91.99998,0.061,-4.436,0.00
92.02315,-0.101,-4.436,0.00
92.03348,-0.101,-4.389,0.00
92.04496,-0.148,-4.322,0.00
92.05553,-0.148,-4.322,0.00
92.06602,-0.189,-4.232,0.00
92.07887,-0.223,-4.232,0.00
92.09367,-0.223,-4.131,0.00
92.10548,-0.223,-4.131,0.00
92.12244,-0.282,-3.980,0.00
92.13903,-0.282,-3.980,0.00
92.15645,-0.296,-3.905,0.00
92.16825,-0.303,-3.820,0.00
92.18437,-0.303,-3.820,0.00
92.20118,-0.313,-3.720,0.00
92.21157,-0.331,-3.614,0.00
92.23025,-0.352,-3.508,0.00
92.24240,-0.370,-3.406,0.00
92.25936,-0.370,-3.406,0.00
92.27597,-0.388,-3.322,0.00
92.29367,-0.400,-3.251,0.00
92.31261,-0.408,-3.197,0.00
92.33062,-0.409,-3.160,0.00
92.34180,-0.409,-3.160,0.00
92.42007,-0.375,-3.073,0.00
92.43028,-0.375,-3.073,0.00
92.51216,-0.356,-3.101,0.00
92.52242,-0.356,-3.110,0.00
92.53281,-0.356,-2.697,0.00
92.54309,-0.933,-2.714,0.00
92.55352,-0.933,-2.714,0.00
92.56389,-0.940,-2.744,0.00
92.57407,-0.940,-2.744,0.00
92.58431,-0.951,-2.744,0.00
92.59466,-0.951,-2.776,0.00
92.60532,-0.959,-2.804,0.00
92.61551,-0.959,-2.804,0.00
92.62568,-0.965,-2.820,0.00
92.63583,-0.965,-2.820,0.00
92.64599,-0.970,-2.832,0.00
92.65618,-0.970,-2.832,0.00
92.66643,-0.970,-2.848,0.00
92.67658,-0.970,-2.848,0.00
92.68686,-0.967,-2.858,0.00
92.69711,-0.961,-2.858,0.00
92.70727,-0.961,-2.852,0.00
92.71741,-0.956,-2.827,0.00
92.72772,-0.956,-2.827,0.00
92.73779,-0.951,-2.793,0.00
92.74889,-0.951,-2.793,0.00
92.75971,-0.951,-2.793,0.00
92.77000,-0.950,-2.751,0.00
92.78016,-0.952,-2.710,0.00
92.79068,-0.952,-2.710,0.00
92.80114,-0.958,-2.710,0.00
92.81146,-0.958,-2.674,0.00
92.82181,-0.966,-2.633,0.00
92.83392,-0.966,-2.633,0.00
92.84427,-0.976,-2.585,0.00
92.85448,-0.976,-2.585,0.00
92.86464,-0.986,-2.535,0.00
92.87598,-0.996,-2.535,0.00
92.88617,-0.996,-2.483,0.00
92.89632,-0.996,-2.483,0.00
92.90648,-1.007,-2.420,0.00
92.91664,-1.007,-2.420,0.00
92.92679,-1.017,-2.362,0.00
92.93721,-1.017,-2.362,0.00
92.94740,-1.023,-2.308,0.00
92.95755,-1.023,-2.308,0.00
92.96776,-1.025,-2.261,0.00
92.97791,-1.022,-2.222,0.00
92.98808,-1.022,-2.222,0.00
92.99828,-1.022,-2.222,0.00
93.00923,-1.022,-2.192,0.00
93.01943,-1.022,-2.165,0.00
93.02960,-1.019,-2.165,0.00
93.03992,-1.019,-2.144,0.00
93.05007,-1.018,-2.144,0.00
93.06023,-1.018,-2.144,0.00
93.07039,-1.018,-2.123,0.00
93.08137,-1.015,-2.105,0.00
93.09152,-1.015,-2.105,0.00
93.10168,-1.012,-2.085,0.00
93.11184,-1.012,-2.085,0.00
93.12200,-1.013,-2.085,0.00
93.13217,-1.013,-2.067,0.00
93.14243,-1.016,-2.049,0.00
93.15263,-1.016,-2.049,0.00
93.16280,-1.022,-2.032,0.00
93.17295,-1.022,-2.032,0.00
93.18333,-1.029,-2.014,0.00
93.19365,-1.029,-2.014,0.00
93.20380,-1.034,-1.996,0.00
93.21396,-1.034,-1.996,0.00
93.22411,-1.039,-1.977,0.00
93.23428,-1.039,-1.977,0.00
93.24446,-1.046,-1.962,0.00
93.25463,-1.046,-1.962,0.00
93.26480,-1.053,-1.952,0.00
93.27657,-1.053,-1.952,0.00
93.28681,-1.059,-1.945,0.00
93.29697,-1.059,-1.945,0.00
93.30715,-1.062,-1.940,0.00
93.31736,-1.062,-1.940,0.00
93.32757,-1.066,-1.939,0.00
93.33777,-1.066,-1.943,0.00
93.34793,-1.067,-1.943,0.00
93.35852,-1.069,-1.955,0.00
93.36875,-1.069,-1.955,0.00
93.37891,-1.069,-1.973,0.00
93.38930,-1.072,-1.973,0.00
93.39965,-1.072,-1.991,0.00
93.41029,-1.075,-1.991,0.00
93.42048,-1.079,-2.010,0.00
93.43082,-1.079,-2.010,0.00
93.44109,-1.086,-2.029,0.00
93.45147,-1.086,-2.029,0.00
93.46178,-1.092,-2.044,0.00
93.47222,-1.092,-2.044,0.00
93.48244,-1.090,-2.056,0.00
93.49260,-1.090,-2.056,0.00
93.50284,-1.088,-2.069,0.00
93.51378,-1.088,-2.069,0.00
93.52394,-1.090,-2.087,0.00
93.53418,-1.093,-2.087,0.00
93.54450,-1.093,-2.107,0.00
93.55466,-1.093,-2.107,0.00
93.56481,-1.099,-2.126,0.00
93.57496,-1.099,-2.126,0.00
93.58513,-1.108,-2.143,0.00
93.59528,-1.108,-2.162,0.00
93.60558,-1.113,-2.162,0.00
93.61575,-1.113,-2.176,0.00
93.62649,-1.115,-2.176,0.00
93.63665,-1.115,-2.176,0.00
93.64683,-1.114,-2.187,0.00
93.65698,-1.115,-2.187,0.00
93.66719,-1.115,-2.197,0.00
93.67736,-1.117,-2.197,0.00
93.68751,-1.117,-2.207,0.00
93.69963,-1.121,-2.210,0.00
93.70979,-1.121,-2.210,0.00
93.72031,-1.127,-2.210,0.00
93.73048,-1.127,-2.210,0.00
93.74064,-1.132,-2.210,0.00
93.75080,-1.132,-2.205,0.00
93.76096,-1.134,-2.194,0.00
93.77112,-1.134,-2.194,0.00
93.78142,-1.135,-2.186,0.00
93.79158,-1.135,-2.186,0.00
93.80174,-1.137,-2.181,0.00
93.81224,-1.137,-2.181,0.00
93.82258,-1.138,-2.185,0.00
93.83297,-1.138,-2.185,0.00
93.84312,-1.137,-2.185,0.00
93.85351,-1.137,-2.185,0.00
93.86373,-1.136,-2.182,0.00
93.87390,-1.136,-2.182,0.00
93.88406,-1.136,-2.180,0.00
93.89527,-1.136,-2.180,0.00
93.90542,-1.135,-2.177,0.00
93.91559,-1.135,-2.177,0.00
93.92575,-1.136,-2.175,0.00
93.93608,-1.136,-2.175,0.00
93.94623,-1.136,-2.170,0.00
93.95640,-1.136,-2.170,0.00
93.96661,-1.139,-2.162,0.00
93.97721,-1.139,-2.162,0.00
93.98757,-1.139,-2.152,0.00
93.99790,-1.139,-2.139,0.00
94.00819,-1.139,-2.139,0.00
94.01846,-1.139,-2.127,0.00
94.02890,-1.141,-2.127,0.00
94.03979,-1.136,-2.120,0.00
94.04995,-1.136,-2.120,0.00
94.06015,-1.136,-2.120,0.00
94.07042,-1.133,-2.119,0.00
94.08042,-1.127,-2.119,0.00
94.09070,-1.127,-2.121,0.00
94.10087,-1.121,-2.124,0.00
94.11103,-1.121,-2.124,0.00
94.12119,-1.121,-2.124,0.00
94.13135,-1.114,-2.127,0.00
94.14151,-1.108,-2.129,0.00
94.15167,-1.108,-2.129,0.00
94.16182,-1.102,-2.128,0.00
94.17209,-1.102,-2.128,0.00
94.18224,-1.095,-2.130,0.00
94.19244,-1.095,-2.130,0.00
94.20261,-1.088,-2.137,0.00
94.21276,-1.088,-2.137,0.00
94.22293,-1.084,-2.137,0.00
94.23402,-1.084,-2.147,0.00
94.24448,-1.081,-2.158,0.00
94.25465,-1.081,-2.158,0.00
94.26487,-1.081,-2.169,0.00
94.27514,-1.081,-2.185,0.00
94.28542,-1.085,-2.185,0.00
94.29628,-1.085,-2.185,0.00
94.30645,-1.089,-2.203,0.00
94.31660,-1.089,-2.203,0.00
94.32678,-1.090,-2.225,0.00
94.33715,-1.090,-2.225,0.00
94.34742,-1.090,-2.252,0.00
94.35757,-1.090,-2.252,0.00
94.36777,-1.089,-2.289,0.00
94.37825,-1.089,-2.289,0.00
94.38841,-1.089,-2.326,0.00
94.39879,-1.089,-2.326,0.00
94.40894,-1.090,-2.362,0.00
94.41910,-1.090,-2.395,0.00
94.42929,-1.090,-2.395,0.00
94.43944,-1.090,-2.395,0.00
94.44964,-1.090,-2.427,0.00
94.45984,-1.090,-2.458,0.00
94.47014,-1.088,-2.458,0.00
94.48097,-1.085,-2.485,0.00
94.49112,-1.085,-2.485,0.00
94.50128,-1.085,-2.510,0.00
94.51218,-1.081,-2.510,0.00
94.52261,-1.072,-2.532,0.00
94.53281,-1.072,-2.532,0.00
94.54294,-1.060,-2.547,0.00
94.55310,-1.060,-2.547,0.00
94.56348,-1.038,-2.556,0.00
94.57364,-1.038,-2.556,0.00
94.58381,-0.979,-2.562,0.00
94.59415,-0.979,-2.562,0.00
94.60430,-0.886,-2.566,0.00
94.61479,-0.886,-2.566,0.00
94.62495,-0.764,-2.570,0.00
94.63511,-0.764,-2.570,0.00
94.64543,-0.636,-2.572,0.00
94.65559,-0.636,-2.572,0.00
94.66574,-0.505,-2.572,0.00
94.67592,-0.505,-2.572,0.00
94.68607,-0.357,-2.572,0.00
94.69679,-0.174,-2.572,0.00
94.70700,-0.174,-2.569,0.00
94.71715,0.056,-2.569,0.00
94.72732,0.056,-2.564,0.00
94.73763,0.326,-2.564,0.00
94.74863,0.326,-2.558,0.00
94.75878,0.625,-2.551,0.00
94.76987,0.625,-2.551,0.00
94.78018,0.960,-2.543,0.00
94.79045,0.960,-2.543,0.00
94.80079,1.341,-2.536,0.00
94.81110,1.341,-2.536,0.00
94.82127,1.757,-2.527,0.00
94.83203,1.757,-2.527,0.00
94.84224,2.204,-2.514,0.00
94.85241,2.204,-2.514,0.00
94.86256,2.651,-2.502,0.00
94.87277,2.651,-2.502,0.00
94.88293,3.223,-2.488,0.00
94.89310,3.223,-2.488,0.00
94.90326,3.842,-2.477,0.00
94.91342,3.842,-2.477,0.00
94.92387,4.535,-2.466,0.00
94.93416,4.535,-2.466,0.00
94.94453,5.318,-2.455,0.00
94.95489,5.318,-2.455,0.00
94.96548,6.173,-2.444,0.00
94.97563,7.083,-2.436,0.00
94.98601,7.083,-2.436,0.00
94.99619,7.083,-2.436,0.00
95.00653,8.037,-2.430,0.00
95.01695,9.026,-2.429,0.00
95.02745,9.026,-2.429,0.00
95.03772,9.026,-2.429,0.00
95.05106,10.035,-2.428,0.00
95.06122,11.048,-2.427,0.00
95.07176,11.048,-2.427,0.00
95.09710,12.040,-2.431,8.00
95.10728,12.994,-2.437,8.00
95.13021,12.994,-2.443,8.00
95.14055,13.903,-2.445,8.00
95.16187,15.603,-2.445,8.00
95.17211,15.603,-2.441,8.00
95.19368,16.342,-2.432,8.00
95.20390,16.967,-2.421,8.00
95.22625,17.477,-2.404,8.00
95.23650,17.477,-2.404,8.00
95.24719,17.869,-2.389,8.00
95.25970,17.869,-2.389,8.00
95.26968,18.140,-2.378,8.00
95.27984,18.262,-2.369,8.00
95.29019,18.262,-2.369,8.00
95.30036,18.229,-2.362,8.00
95.31051,18.229,-2.362,8.00
95.32137,18.229,-2.362,8.50
95.33173,18.057,-2.357,8.50
95.34196,17.756,-2.347,8.50
95.35362,17.756,-2.347,8.50
95.36409,17.326,-2.334,8.50
95.37456,17.326,-2.319,8.50
95.40131,16.085,-2.319,8.50
95.41183,16.085,-2.301,8.50
95.43498,14.431,-2.286,8.50
95.44519,14.431,-2.273,8.50
95.46501,14.431,-2.273,8.50
95.47520,13.431,-2.263,8.50
95.48534,12.355,-2.257,8.50
95.49793,12.355,-2.237,9.00
95.50813,11.246,-2.237,9.00
95.51829,10.102,-2.182,9.00
95.52982,10.102,-2.182,9.00
95.54000,10.102,-2.116,9.00
95.55048,8.956,-2.116,9.00
95.56467,8.956,-2.069,9.00
95.57487,7.826,-2.069,9.00
95.58505,6.725,-2.036,9.00
95.59525,6.725,-2.036,9.00
95.60572,5.667,-2.012,9.00
95.61588,5.667,-1.988,9.00
95.62610,4.653,-1.988,9.50
95.63653,3.695,-1.952,9.50
95.64670,3.695,-1.952,9.50
95.67651,2.846,-1.907,9.50
95.68668,2.104,-1.862,9.50
95.70967,2.104,-1.817,9.50
95.71986,1.440,-1.781,9.50
95.74163,0.883,-1.781,10.00
95.75179,0.436,-1.729,10.00
95.76940,0.083,-1.729,10.00
95.77956,-0.226,-1.529,10.00
95.78972,-0.226,-1.529,10.00
95.80270,-0.291,-1.376,10.00
95.81283,-0.291,-1.376,10.00
95.82308,-0.049,-1.191,10.00
95.83398,-0.049,-1.191,10.50
95.84418,0.257,-1.014,10.50
95.85445,0.257,-1.014,10.50
95.86591,0.556,-1.014,10.50
95.87729,0.876,-0.854,10.50
95.88800,0.876,-0.703,10.50
95.89925,1.185,-0.578,10.50
95.91354,1.185,-0.578,10.50
95.92380,1.460,-0.464,10.50
95.94549,1.460,-0.325,10.50
95.95583,1.732,-0.325,10.50
95.98163,1.960,-0.170,11.00
95.99180,2.141,0.012,11.00
96.01124,2.325,0.172,11.00
96.02142,2.523,0.311,11.00
96.04383,2.737,0.311,11.00
96.05518,2.737,0.468,11.00
96.07345,2.938,0.468,11.50
96.08370,3.094,0.914,11.50
96.09584,3.094,0.914,11.50
96.10600,3.201,1.187,11.50
96.11616,3.201,1.187,11.50
96.12687,3.201,1.187,11.50
96.13735,3.201,1.520,11.50
96.14772,3.245,2.020,11.50
96.15787,3.245,2.020,11.50
96.17045,3.188,2.533,11.50
96.18060,3.100,2.533,11.50
96.19079,3.100,3.050,11.50
96.20325,2.998,3.544,11.50
96.21455,2.998,3.544,11.50
96.22472,2.889,4.009,11.50
96.25016,2.784,4.450,12.00
96.26044,2.686,4.942,12.00
96.28252,2.686,4.942,12.00
96.29272,2.588,5.466,12.00
96.31308,2.588,5.466,12.00
96.32341,2.391,6.668,12.00
96.34516,2.391,6.668,12.00
96.35567,2.289,7.849,12.00
96.37927,2.096,8.411,12.00
96.38945,2.096,8.411,12.00
96.40967,2.018,8.968,12.00
96.42002,1.958,8.968,12.00
96.43027,1.958,9.552,12.00
96.44148,1.925,9.552,12.00
96.45477,1.925,10.193,12.00
96.46497,1.903,10.995,12.00
96.47515,1.903,10.995,12.00
96.48539,1.889,11.752,12.00
96.49566,1.897,12.527,12.00
96.50687,1.897,12.527,12.00
96.51739,1.897,12.527,12.00
96.52764,1.919,13.283,12.00
96.53861,1.919,13.283,12.00
96.54905,1.960,13.976,12.00
96.55935,1.960,13.976,12.00
96.58496,2.016,14.623,12.00
96.59517,2.082,15.199,12.00
96.61743,2.155,15.739,12.00
96.62775,2.155,15.739,12.00
96.65270,2.334,16.342,12.00
96.66396,2.426,16.882,12.00
96.68135,2.426,16.882,12.00
96.69152,2.539,17.444,12.00
96.70169,2.646,18.011,12.00
96.71422,2.646,18.011,12.00
96.72444,2.759,18.608,12.00
96.73461,2.759,18.608,12.00
96.74548,2.759,19.198,12.00
96.75567,2.881,19.198,12.00
96.76591,2.995,19.766,12.00
96.77774,2.995,19.766,12.00
96.78858,3.100,20.354,12.00
96.79877,3.195,20.354,12.00
96.80901,3.195,21.006,0.00
96.81917,3.280,21.560,0.00
96.82931,3.280,21.560,0.00
96.83948,3.280,22.112,0.00
96.84964,3.360,22.112,0.00
96.85980,3.360,22.583,0.00
96.86995,3.421,22.583,0.00
96.88011,3.456,23.137,0.00
96.89025,3.456,23.137,0.00
96.90046,3.452,23.709,0.00
96.91063,3.452,23.709,0.00
96.92084,3.408,24.284,0.00
96.93102,3.408,24.284,0.00
96.94120,3.357,24.861,0.00
96.95136,3.357,24.861,0.00
96.96156,3.319,25.515,0.00
96.97177,3.319,25.515,0.00
96.98193,3.296,26.109,0.00
96.99208,3.296,26.109,0.00
97.00223,3.279,26.690,0.00
97.01256,3.279,26.690,0.00
97.02273,3.247,27.289,0.00
97.03362,3.247,27.289,0.00
97.04379,3.170,27.899,0.00
97.05462,3.170,27.899,0.00
97.06483,3.047,28.517,0.00
97.07499,3.047,28.517,0.00
97.08516,3.047,28.517,0.00
97.09532,2.900,29.142,0.00
97.10580,2.754,29.751,0.00
97.11596,2.754,29.751,0.00
97.12612,2.614,30.407,0.00
97.13662,2.614,30.407,0.00
97.14689,2.465,31.170,0.00
97.15704,2.465,31.170,0.00
97.16720,2.305,31.874,0.00
97.17736,2.305,31.874,0.00
97.18752,2.151,32.588,0.00
97.19768,2.010,33.292,0.00
97.20798,2.010,33.292,0.00
97.21874,2.010,33.292,0.00
97.22891,1.882,33.992,0.00
97.23907,1.767,33.992,0.00
97.24934,1.767,34.668,0.00
97.25951,1.670,34.668,0.00
97.26967,1.670,35.316,0.00
97.27983,1.597,35.894,0.00
97.29010,1.597,35.894,0.00
97.30025,1.536,36.425,0.00
97.31042,1.536,36.425,0.00
97.32059,1.536,36.425,0.00
97.33105,1.469,36.839,0.00
97.34112,1.387,37.248,0.00
97.35127,1.387,37.248,0.00
97.36142,1.320,37.662,0.00
97.37158,1.320,37.662,0.00
97.38175,1.278,38.008,0.00
97.39199,1.278,38.008,0.00
97.40245,1.259,38.295,0.00
97.41273,1.259,38.295,0.00
97.42289,1.252,38.468,0.00
97.43315,1.252,38.468,0.00
97.44358,1.253,38.505,0.00
97.45399,1.253,38.505,0.00
97.46415,1.254,38.423,0.00
97.47463,1.254,38.423,0.00
97.48489,1.257,38.274,0.00
97.49504,1.257,38.274,0.00
97.50519,1.273,38.048,0.00
97.51563,1.313,38.048,0.00
97.52599,1.313,37.735,0.00
97.53632,1.378,37.735,0.00
97.54673,1.378,37.330,0.00
97.55711,1.452,37.330,0.00
97.56747,1.452,36.869,0.00
97.57762,1.452,36.869,0.00
97.58783,1.527,36.379,0.00
97.59822,1.527,36.379,0.00
97.60851,1.585,35.802,0.00
97.61869,1.585,35.802,0.00
97.62884,1.624,35.032,0.00
97.63901,1.652,34.294,0.00
97.64916,1.652,34.294,0.00
97.65931,1.652,33.551,0.00
97.66945,1.659,33.551,0.00
97.67961,1.640,32.751,0.00
97.69094,1.640,32.751,0.00
97.70243,1.640,32.751,0.00
97.71270,1.604,31.845,0.00
97.72389,1.568,30.833,0.00
97.73416,1.568,30.833,0.00
97.74458,1.526,29.739,0.00
97.75533,1.526,29.739,0.00
97.76549,1.492,28.624,0.00
97.77581,1.492,28.624,0.00
97.78601,1.455,27.365,0.00
97.79639,1.455,27.365,0.00
97.80671,1.416,26.198,0.00
97.82416,1.416,26.198,0.00
97.83798,1.312,23.815,0.00
97.84951,1.312,23.815,0.00
97.85970,1.245,23.815,0.00
97.87003,1.245,22.707,0.00
97.88113,1.245,22.707,0.00
97.89872,1.185,21.624,0.00
97.91583,1.131,20.534,0.00
97.93463,1.131,19.380,0.00
97.95053,1.006,17.967,0.00
97.96393,1.006,16.666,0.00
97.97422,0.925,16.666,0.00
97.98599,0.846,15.392,0.00
98.00175,0.782,15.392,0.00
98.01381,0.782,14.145,0.00
98.02456,0.729,12.861,0.00
98.03887,0.686,12.861,0.00
98.06124,0.686,10.314,0.00
98.07329,0.659,10.314,0.00
98.08374,0.650,10.314,0.00
98.09561,0.650,9.046,0.00
98.11803,0.679,9.046,0.00
98.12871,0.679,6.442,0.00
98.14455,0.689,6.442,0.00
98.15512,0.689,5.301,0.00
98.17317,0.688,5.301,0.00
98.19076,0.666,3.195,0.00
98.21479,0.629,2.260,0.00
98.23079,0.577,2.260,0.00
98.26521,0.431,0.563,0.00
98.28125,0.431,0.563,0.00
98.29225,0.347,-0.989,0.00
98.30933,0.347,-0.989,0.00
98.32053,0.173,-2.047,0.00
98.33094,0.173,-2.047,0.00
98.34179,0.173,-2.047,0.00
98.35291,0.089,-2.401,0.00
98.36894,0.089,-2.622,0.00
98.38801,-0.075,-2.722,0.00
98.40394,-0.142,-2.722,0.00
98.42014,-0.142,-2.722,0.00
98.43101,-0.198,-2.660,0.00
98.44871,-0.238,-2.660,0.00
98.46413,-0.238,-2.660,0.00
98.47626,-0.238,-2.571,0.00
98.48765,-0.288,-2.474,0.00
98.50392,-0.288,-2.366,0.00
98.51937,-0.302,-2.261,0.00
98.53043,-0.313,-2.162,0.00
98.54087,-0.322,-2.162,0.00
98.55171,-0.322,-2.069,0.00
98.56732,-0.324,-2.069,0.00
98.58275,-0.324,-1.974,0.00
98.59414,-0.321,-1.877,0.00
98.60518,-0.318,-1.877,0.00
98.62126,-0.318,-1.762,0.00
98.63879,-0.311,-1.659,0.00
98.65623,-0.311,-1.561,0.00
98.66733,-0.314,-1.473,0.00
98.68008,-0.304,-1.473,0.00
98.69161,-0.304,-1.390,0.00
98.71289,-0.273,-1.307,0.00
98.72458,-0.230,-1.236,0.00
98.73624,-0.230,-1.236,0.00
98.74828,-0.191,-1.181,0.00
98.75881,-0.191,-1.181,0.00
98.77134,-0.163,-1.135,0.00
98.78257,-0.163,-1.107,0.00
98.79864,-0.140,-1.107,0.00
98.86622,-0.115,-1.059,0.00
98.87658,-0.025,-1.059,0.00
98.93571,-0.025,-1.059,0.00
98.94665,-0.004,-1.008,0.00
98.95718,-0.093,0.127,0.00
98.96739,-0.095,0.121,0.00
98.97756,-0.095,0.121,0.00
98.98774,-0.096,0.114,0.00
98.99791,-0.098,0.114,0.00
99.00813,-0.098,0.112,0.00
99.01829,-0.096,0.112,0.00
99.02846,-0.096,0.112,0.00
99.03859,-0.084,0.119,0.00
99.04900,-0.084,0.119,0.00
99.05918,-0.073,0.143,0.00
99.06952,-0.073,0.143,0.00
99.07968,-0.062,0.184,0.00
99.08986,-0.062,0.184,0.00
99.10006,-0.047,0.245,0.00
99.11021,-0.047,0.245,0.00
99.12037,-0.039,0.317,0.00
99.13071,-0.039,0.317,0.00
99.14085,-0.036,0.391,0.00
99.15101,-0.036,0.391,0.00
99.16116,-0.035,0.465,0.00
99.17136,-0.035,0.465,0.00
99.18158,-0.038,0.535,0.00
99.19180,-0.038,0.535,0.00
99.20196,-0.046,0.592,0.00
99.21216,-0.046,0.592,0.00
99.22243,-0.056,0.635,0.00
99.23246,-0.056,0.635,0.00
99.24263,-0.065,0.657,0.00
99.25285,-0.065,0.657,0.00
99.26300,-0.071,0.669,0.00
99.27320,-0.071,0.669,0.00
99.28336,-0.079,0.674,0.00
99.29352,-0.079,0.674,0.00
99.30369,-0.082,0.674,0.00
99.31406,-0.082,0.674,0.00
99.32442,-0.085,0.674,0.00
99.33491,-0.085,0.674,0.00
99.34507,-0.090,0.671,0.00
99.35524,-0.090,0.671,0.00
99.36538,-0.093,0.663,0.00
99.37556,-0.093,0.663,0.00
99.38572,-0.097,0.641,0.00
99.39588,-0.101,0.641,0.00
99.40605,-0.101,0.612,0.00
99.41629,-0.101,0.612,0.00
99.42645,-0.098,0.575,0.00
99.43660,-0.098,0.532,0.00
99.44674,-0.097,0.532,0.00
99.45702,-0.097,0.532,0.00
99.46717,-0.099,0.489,0.00
99.47733,-0.099,0.489,0.00
99.48749,-0.102,0.450,0.00
99.49764,-0.107,0.450,0.00
99.50805,-0.107,0.415,0.00
99.51821,-0.115,0.415,0.00
99.52846,-0.115,0.378,0.00
99.53870,-0.123,0.337,0.00
99.54885,-0.123,0.337,0.00
99.55908,-0.130,0.307,0.00
99.56938,-0.130,0.307,0.00
99.57954,-0.130,0.283,0.00
99.58986,-0.141,0.283,0.00
99.60004,-0.141,0.283,0.00
99.61019,-0.152,0.263,0.00
99.62035,-0.152,0.245,0.00
99.63051,-0.158,0.245,0.00
99.64068,-0.167,0.229,0.00
99.65083,-0.167,0.229,0.00
99.66101,-0.175,0.213,0.00
99.67117,-0.175,0.213,0.00
99.68133,-0.183,0.202,0.00
99.69149,-0.183,0.202,0.00
99.70164,-0.191,0.198,0.00
99.71180,-0.191,0.198,0.00
99.72196,-0.200,0.205,0.00
99.73210,-0.200,0.205,0.00
99.74227,-0.206,0.217,0.00
99.75251,-0.206,0.217,0.00
99.76267,-0.209,0.229,0.00
99.77291,-0.209,0.229,0.00
99.78316,-0.212,0.239,0.00
99.79347,-0.212,0.239,0.00
99.80373,-0.216,0.250,0.00
99.81412,-0.216,0.250,0.00
99.82428,-0.224,0.274,0.00
99.83443,-0.224,0.274,0.00
99.84461,-0.228,0.281,0.00
99.85495,-0.228,0.281,0.00
99.86578,-0.231,0.287,0.00
99.87595,-0.231,0.287,0.00
99.88656,-0.232,0.292,0.00
99.89686,-0.232,0.292,0.00
99.90708,-0.234,0.296,0.00
99.91724,-0.234,0.296,0.00
99.92739,-0.239,0.298,0.00
99.93770,-0.246,0.295,0.00
99.94786,-0.246,0.295,0.00
99.95802,-0.246,0.295,0.00
99.96821,-0.250,0.288,0.00
99.97840,-0.252,0.277,0.00
99.98953,-0.252,0.277,0.00
99.99968,-0.255,0.265,0.00
100.00990,-0.255,0.265,0.00
100.02024,-0.256,0.252,0.00
100.03216,-0.256,0.252,0.00
100.04254,-0.253,0.240,0.00
100.05278,-0.253,0.240,0.00
100.06311,-0.248,0.231,0.00
100.07328,-0.248,0.231,0.00
100.08344,-0.244,0.223,0.00
100.09458,-0.244,0.223,0.00
100.10474,-0.244,0.218,0.00
100.11520,-0.244,0.218,0.00
100.12536,-0.244,0.214,0.00
100.13633,-0.244,0.214,0.00
100.14649,-0.238,0.215,0.00
100.15675,-0.238,0.215,0.00
100.16698,-0.227,0.217,0.00
100.17715,-0.227,0.217,0.00
100.18733,-0.222,0.217,0.00
100.19758,-0.221,0.217,0.00
100.20773,-0.221,0.216,0.00
100.21797,-0.221,0.216,0.00
100.22812,-0.219,0.217,0.00
100.23828,-0.219,0.217,0.00
100.24861,-0.213,0.217,0.00
100.26067,-0.206,0.217,0.00
100.27118,-0.206,0.220,0.00
100.28144,-0.206,0.220,0.00
100.29162,-0.202,0.220,0.00
100.30180,-0.198,0.216,0.00
100.31210,-0.198,0.216,0.00
100.32225,-0.192,0.214,0.00
100.33239,-0.192,0.214,0.00
100.34256,-0.184,0.209,0.00
100.35314,-0.184,0.209,0.00
100.36337,-0.175,0.204,0.00
100.37369,-0.175,0.204,0.00
100.38385,-0.168,0.198,0.00
100.39401,-0.168,0.198,0.00
100.40416,-0.166,0.195,0.00
100.41442,-0.166,0.195,0.00
100.42491,-0.172,0.194,0.00
100.43507,-0.172,0.194,0.00
100.44523,-0.182,0.194,0.00
100.45543,-0.182,0.194,0.00
100.46560,-0.182,0.194,0.00
100.47587,-0.193,0.194,0.00
100.48608,-0.202,0.196,0.00
100.49624,-0.202,0.196,0.00
100.50639,-0.208,0.199,0.00
100.51682,-0.208,0.199,0.00
100.52697,-0.211,0.205,0.00
100.53715,-0.211,0.212,0.00
100.54746,-0.209,0.212,0.00
100.55773,-0.209,0.212,0.00
100.56813,-0.203,0.217,0.00
100.57869,-0.203,0.221,0.00
100.58897,-0.191,0.221,0.00
100.59982,-0.173,0.223,0.00
100.60997,-0.173,0.223,0.00
100.62013,-0.149,0.221,0.00
100.63050,-0.149,0.221,0.00
100.64065,-0.111,0.212,0.00
100.65091,-0.111,0.212,0.00
100.66108,-0.047,0.212,0.00
100.67176,-0.047,0.193,0.00
100.68192,0.037,0.177,0.00
100.69209,0.037,0.177,0.00
100.70225,0.142,0.170,0.00
100.71278,0.142,0.170,0.00
100.72295,0.265,0.168,0.00
100.73311,0.265,0.168,0.00
100.74344,0.408,0.173,0.00
100.75371,0.408,0.173,0.00
100.76409,0.588,0.176,0.00
100.77475,0.588,0.176,0.00
100.78508,0.819,0.183,0.00
100.79561,1.105,0.183,0.00
100.80577,1.105,0.194,0.00
100.81618,1.105,0.194,0.00
100.82715,1.430,0.208,0.00
100.83732,1.430,0.208,0.00
100.84746,1.778,0.222,0.00
100.85762,1.778,0.222,0.00
100.86777,1.778,0.222,0.00
100.87803,1.778,0.222,0.00
100.88824,2.650,0.259,0.00
100.89855,3.199,0.280,0.00
100.90870,3.199,0.280,0.00
100.91888,3.199,0.303,0.00
100.92967,3.840,0.303,0.00
100.93983,4.559,0.322,0.00
100.94998,4.559,0.322,0.00
100.96014,5.336,0.334,0.00
100.97041,5.336,0.334,0.00
100.98069,5.336,0.334,0.00
100.99112,6.160,0.342,0.00
101.00130,7.038,0.349,0.00
101.01158,7.038,0.349,0.00
101.02194,7.964,0.357,0.00
101.03208,7.964,0.357,0.00
101.04224,8.920,0.357,0.00
101.05266,8.920,0.363,0.00
101.06281,9.866,0.370,0.00
101.07296,9.866,0.370,0.00
101.08311,9.866,0.381,0.00
101.09694,10.815,0.381,0.00
101.10712,11.755,0.398,0.00
101.11729,12.674,0.398,0.00
101.13097,12.674,0.420,8.00
101.14113,13.573,0.420,8.00
101.15142,13.573,0.451,8.00
101.16267,13.573,0.451,8.00
101.17284,14.440,0.485,8.00
101.18301,15.266,0.516,8.00
101.20951,16.033,0.549,8.00
101.21983,16.033,0.549,8.00
101.24536,16.033,0.549,8.00
101.25554,16.705,0.582,8.00
101.27280,17.274,0.617,8.00
101.28299,18.068,0.691,8.00
101.30601,18.296,0.727,8.00
101.31617,18.296,0.727,8.00
101.33685,18.401,0.760,8.00
101.34702,18.364,0.788,8.00
101.35718,18.364,0.788,8.00
101.37210,18.364,0.788,8.50
101.38227,18.177,0.814,8.50
101.40142,17.861,0.836,8.50
101.41159,17.424,0.854,8.50
101.42176,16.858,0.871,8.50
101.43402,16.858,0.871,8.50
101.44436,16.175,0.887,8.50
101.45457,16.175,0.887,8.50
101.46551,15.396,0.904,8.50
101.47601,15.396,0.904,8.50
101.48642,14.498,0.923,8.50
101.49859,14.498,0.923,8.50
101.50912,13.505,0.942,8.50
101.51941,13.505,0.942,8.50
101.54519,12.431,0.969,9.00
101.55577,11.301,1.029,9.00
101.57826,10.139,1.174,9.00
101.58842,8.932,1.174,9.00
101.61158,7.743,1.222,9.00
101.62178,6.610,1.222,9.00
101.64090,6.610,1.257,9.00
101.65108,5.520,1.282,9.00
101.66125,5.520,1.282,9.00
101.67676,4.481,1.298,9.50
101.68691,3.525,1.313,9.50
101.69707,3.525,1.313,9.50
101.70723,2.680,1.314,9.50
101.71739,2.680,1.314,9.50
101.72756,1.929,1.322,9.50
101.75284,1.929,1.322,9.50
101.76302,0.708,1.383,9.50
101.78563,0.234,1.451,10.00
101.79592,0.234,1.451,10.00
101.81963,-0.183,1.690,10.00
101.83172,-0.373,1.690,10.00
101.85043,-0.191,1.690,10.00
101.86109,0.022,1.908,10.00
101.87180,0.022,1.908,10.50
101.88450,0.022,1.908,10.50
101.89466,0.340,2.039,10.50
101.90521,0.670,2.165,10.50
101.91623,0.670,2.165,10.50
101.92649,0.934,2.290,10.50
101.93665,0.934,2.449,10.50
101.96181,1.378,2.684,10.50
101.97198,1.378,2.684,10.50
101.99353,1.378,2.909,11.00
102.00377,1.584,2.909,11.00
102.02523,1.707,3.143,11.00
102.03567,1.864,3.378,11.00
102.05735,1.864,3.622,11.00
102.06772,1.927,3.870,11.00
102.08969,1.952,4.156,11.00
102.10005,1.940,4.456,11.00
102.11029,1.940,4.456,11.50
102.12169,1.882,4.819,11.50
102.13185,1.882,4.819,11.50
102.14221,1.773,4.819,11.50
102.15391,1.773,5.144,11.50
102.16434,1.640,5.462,11.50
102.17450,1.640,5.462,11.50
102.18502,1.640,5.462,11.50
102.19519,1.499,5.792,11.50
102.20535,1.339,6.148,11.50
102.23313,1.181,6.148,11.50
102.24354,1.035,6.930,11.50
102.26759,1.035,6.930,11.50
102.27776,1.035,6.930,11.50
102.29698,1.035,6.930,12.00
102.30717,1.035,6.930,12.00
102.32989,0.760,6.930,12.00
102.34019,0.628,8.272,12.00
102.36089,0.498,8.761,12.00
102.37107,0.410,9.733,12.00
102.38125,0.475,10.230,12.00
102.39378,0.475,10.230,12.00
102.40386,0.567,10.694,12.00
102.41430,0.567,10.694,12.00
102.42678,0.679,11.172,12.00
102.43719,0.811,11.172,12.00
102.44743,0.811,11.649,12.00
102.47657,1.038,12.819,12.00
102.48687,1.038,12.819,12.00
102.50972,1.131,13.413,12.00
102.52035,1.131,13.413,12.00
102.53735,1.131,13.413,12.00
102.54782,1.131,13.413,12.00
102.56968,1.131,13.413,12.00
102.58286,1.131,14.089,12.00
102.60269,1.326,14.089,12.00
102.61291,1.338,16.988,12.00
102.62318,1.334,17.757,12.00
102.63551,1.334,17.757,12.00
102.64569,1.302,18.414,12.00
102.65585,1.302,18.414,12.00
102.66601,1.255,19.074,12.00
102.67641,1.196,19.754,12.00
102.68864,1.196,19.754,12.00
102.70206,1.196,19.754,12.00
102.71224,1.138,20.470,12.00
102.72275,1.078,21.214,12.00
102.73293,1.078,21.214,12.00
102.74309,1.012,21.938,12.00
102.75326,1.012,21.938,12.00
102.77747,0.944,22.648,12.00
102.78765,0.866,23.463,12.00
102.81019,0.796,23.463,12.00
102.82055,0.796,24.227,12.00
102.84154,0.748,25.828,12.00
102.85176,0.748,25.828,12.00
102.86241,0.748,25.828,0.00
102.87265,0.765,26.717,0.00
102.88316,0.795,27.588,0.00
102.89357,0.795,27.588,0.00
102.90373,0.848,28.524,0.00
102.91389,0.848,28.524,0.00
102.92405,0.848,28.524,0.00
102.93420,0.911,29.432,0.00
102.94435,0.965,30.447,0.00
102.95450,0.965,30.447,0.00
102.96467,0.997,31.345,0.00
102.97530,0.997,31.345,0.00
102.98553,1.017,32.172,0.00
102.99695,1.042,32.172,0.00
103.00712,1.042,32.975,0.00
103.01750,1.087,32.975,0.00
103.02895,1.087,33.722,0.00
103.03912,1.129,33.722,0.00
103.04965,1.129,34.458,0.00
103.06008,1.145,34.458,0.00
103.07244,1.145,35.193,0.00
103.08272,1.124,35.906,0.00
103.09288,1.124,35.906,0.00
103.10303,1.076,36.728,0.00
103.11319,1.076,36.728,0.00
103.12356,1.025,37.481,0.00
103.13373,1.025,37.481,0.00
103.14389,0.975,38.268,0.00
103.15426,0.975,38.268,0.00
103.16450,0.927,39.111,0.00
103.17466,0.927,39.111,0.00
103.18480,0.868,39.936,0.00
103.19511,0.868,39.936,0.00
103.20530,0.790,40.769,0.00
103.21622,0.790,40.769,0.00
103.22645,0.711,41.556,0.00
103.23661,0.640,41.556,0.00
103.24678,0.640,42.359,0.00
103.25706,0.578,42.359,0.00
103.26981,0.578,43.175,0.00
103.28018,0.538,43.809,0.00
103.29045,0.538,43.809,0.00
103.30072,0.513,44.353,0.00
103.31101,0.513,44.353,0.00
103.32141,0.498,44.844,0.00
103.33239,0.498,44.844,0.00
103.34255,0.490,45.336,0.00
103.35274,0.490,45.336,0.00
103.36289,0.483,45.898,0.00
103.37313,0.483,45.898,0.00
103.38331,0.481,46.430,0.00
103.39346,0.481,46.430,0.00
103.40371,0.487,46.862,0.00
103.41396,0.487,46.862,0.00
103.42412,0.493,47.258,0.00
103.43467,0.493,47.258,0.00
103.44473,0.492,47.536,0.00
103.45490,0.492,47.536,0.00
103.46507,0.485,47.753,0.00
103.47526,0.485,47.753,0.00
103.48542,0.470,47.860,0.00
103.49573,0.470,47.860,0.00
103.50586,0.456,47.849,0.00
103.51602,0.454,47.849,0.00
103.52618,0.454,47.713,0.00
103.53651,0.454,47.713,0.00
103.54672,0.458,47.491,0.00
103.55689,0.458,47.491,0.00
103.56710,0.457,47.209,0.00
103.57726,0.457,47.209,0.00
103.58742,0.451,46.818,0.00
103.59758,0.441,46.393,0.00
103.60774,0.441,46.393,0.00
103.61849,0.441,46.393,0.00
103.62968,0.424,45.910,0.00
103.63991,0.424,45.910,0.00
103.65008,0.419,45.390,0.00
103.66026,0.419,44.815,0.00
103.67048,0.418,44.815,0.00
103.68064,0.418,44.144,0.00
103.69079,0.410,44.144,0.00
103.70094,0.393,43.337,0.00
103.71109,0.393,43.337,0.00
103.72123,0.371,43.337,0.00
103.73138,0.371,42.488,0.00
103.74155,0.371,42.488,0.00
103.75170,0.349,41.592,0.00
103.76188,0.325,40.493,0.00
103.77214,0.325,40.493,0.00
103.78230,0.301,39.434,0.00
103.79256,0.301,39.434,0.00
103.80282,0.280,38.294,0.00
103.81307,0.280,38.294,0.00
103.82331,0.266,37.110,0.00
103.83357,0.266,37.110,0.00
103.84383,0.260,35.901,0.00
103.85403,0.260,35.901,0.00
103.86419,0.269,34.694,0.00
103.88133,0.269,34.694,0.00
103.89705,0.321,34.694,0.00
103.90794,0.321,32.180,0.00
103.92298,0.321,32.180,0.00
103.93880,0.367,30.758,0.00
103.95002,0.367,29.548,0.00
103.96018,0.362,29.548,0.00
103.97142,0.362,28.405,0.00
103.98301,0.348,27.244,0.00
103.99741,0.348,27.244,0.00
104.02215,0.331,24.554,0.00
104.03388,0.323,24.554,0.00
104.04405,0.323,24.554,0.00
104.05922,0.297,21.248,0.00
104.07390,0.297,21.248,0.00
104.08497,0.265,21.248,0.00
104.09927,0.265,19.249,0.00
104.11502,0.172,19.249,0.00
104.12668,0.172,15.717,0.00
104.13712,0.131,15.717,0.00
104.14773,0.131,13.971,0.00
104.15926,0.131,13.971,0.00
104.17503,0.096,12.273,0.00
104.19102,0.066,10.665,0.00
104.21126,0.040,9.174,0.00
104.22771,0.016,7.806,0.00
104.24107,-0.001,7.806,0.00
104.26353,-0.018,6.444,0.00
104.27456,-0.018,5.397,0.00
104.28600,-0.043,4.468,0.00
104.29713,-0.072,4.468,0.00
104.30919,-0.072,3.634,0.00
104.32284,-0.072,3.634,0.00
104.33422,-0.107,3.634,0.00
104.35015,-0.155,2.183,0.00
104.36940,-0.155,2.183,0.00
104.38119,-0.214,1.584,0.00
104.40193,-0.339,0.586,0.00
104.41785,-0.339,0.586,0.00
104.42852,-0.407,0.586,0.00
104.43900,-0.469,0.586,0.00
104.47044,-0.525,0.042,0.00
104.48083,-0.525,-0.076,0.00
104.49218,-0.525,-0.123,0.00
104.50298,-0.626,-0.121,0.00
104.52144,-0.666,-0.115,0.00
104.53164,-0.666,-0.115,0.00
104.54302,-0.699,-0.111,0.00
104.55920,-0.699,-0.111,0.00
104.57061,-0.699,-0.084,0.00
104.58088,-0.720,-0.084,0.00
104.59115,-0.732,-0.039,0.00
104.60129,-0.732,0.027,0.00
104.61167,-0.742,0.027,0.00
104.62206,-0.742,0.117,0.00
104.63224,-0.748,0.117,0.00
104.64826,-0.757,0.218,0.00
104.65869,-0.757,0.331,0.00
104.67056,-0.766,0.331,0.00
104.69021,-0.766,0.455,0.00
104.70623,-0.780,0.580,0.00
104.72893,-0.794,0.725,0.00
104.74654,-0.810,0.859,0.00
104.75746,-0.810,0.859,0.00
104.78814,-0.835,1.097,0.00
104.79954,-0.835,1.097,0.00
104.80995,-0.843,1.182,0.00
104.82598,-0.844,1.238,0.00
104.83884,-0.844,1.238,0.00
104.85511,-0.840,1.273,0.00
104.91750,-0.831,1.288,0.00
104.97006,-0.808,1.223,0.00
104.98154,-0.537,-0.086,0.00
104.99177,-0.537,-0.086,0.00
105.00204,-0.541,-0.087,0.00
105.01252,-0.541,-0.087,0.00
105.02349,-0.546,-0.086,0.00
105.03382,-0.546,-0.086,0.00
105.04469,-0.556,-0.083,0.00
105.05538,-0.556,-0.083,0.00
105.06553,-0.565,-0.079,0.00
105.07590,-0.565,-0.075,0.00
105.08611,-0.575,-0.075,0.00
105.09627,-0.575,-0.075,0.00
105.10653,-0.582,-0.067,0.00
105.11670,-0.582,-0.067,0.00
105.12684,-0.588,-0.049,0.00
105.13700,-0.593,-0.049,0.00
105.14723,-0.593,-0.018,0.00
105.15760,-0.593,-0.018,0.00
105.16789,-0.598,0.022,0.00
105.17821,-0.598,0.022,0.00
105.18861,-0.602,0.066,0.00
105.19881,-0.609,0.111,0.00
105.20925,-0.609,0.111,0.00
105.21941,-0.620,0.161,0.00
105.22957,-0.620,0.161,0.00
105.23978,-0.620,0.204,0.00
105.25005,-0.630,0.204,0.00
105.26016,-0.644,0.250,0.00
105.27042,-0.644,0.250,0.00
105.28115,-0.644,0.291,0.00
105.29147,-0.652,0.291,0.00
105.30166,-0.660,0.324,0.00
105.31182,-0.660,0.324,0.00
105.32198,-0.670,0.347,0.00
105.33226,-0.670,0.347,0.00
105.34252,-0.682,0.365,0.00
105.35267,-0.682,0.365,0.00
105.36282,-0.690,0.376,0.00
105.37297,-0.690,0.376,0.00
105.38313,-0.694,0.383,0.00
105.39510,-0.694,0.383,0.00
105.40525,-0.696,0.387,0.00
105.41660,-0.696,0.387,0.00
105.42691,-0.697,0.386,0.00
105.43725,-0.697,0.386,0.00
105.44751,-0.695,0.383,0.00
105.45770,-0.695,0.383,0.00
105.46816,-0.695,0.380,0.00
105.47845,-0.695,0.380,0.00
105.48867,-0.696,0.375,0.00
105.49911,-0.699,0.366,0.00
105.50926,-0.699,0.366,0.00
105.51942,-0.705,0.352,0.00
105.52956,-0.705,0.352,0.00
105.53976,-0.710,0.330,0.00
105.55003,-0.710,0.330,0.00
105.56019,-0.710,0.309,0.00
105.57042,-0.720,0.309,0.00
105.58057,-0.728,0.286,0.00
105.59073,-0.728,0.286,0.00
105.60118,-0.734,0.261,0.00
105.61144,-0.734,0.261,0.00
105.62181,-0.734,0.231,0.00
105.63212,-0.734,0.231,0.00
105.64257,-0.731,0.195,0.00
105.65310,-0.731,0.195,0.00
105.66320,-0.730,0.159,0.00
105.67344,-0.730,0.159,0.00
105.68372,-0.734,0.121,0.00
105.69447,-0.734,0.121,0.00
105.70449,-0.740,0.078,0.00
105.71487,-0.740,0.078,0.00
105.72522,-0.744,0.045,0.00
105.73577,-0.744,0.045,0.00
105.74601,-0.750,0.018,0.00
105.75631,-0.753,-0.002,0.00
105.76648,-0.753,-0.002,0.00
105.77663,-0.753,-0.017,0.00
105.78680,-0.752,-0.017,0.00
105.79716,-0.752,-0.025,0.00
105.80731,-0.749,-0.025,0.00
105.81760,-0.749,-0.025,0.00
105.82776,-0.748,-0.025,0.00
105.83792,-0.748,-0.025,0.00
105.84813,-0.751,-0.020,0.00
105.85830,-0.754,-0.008,0.00
105.86852,-0.754,-0.008,0.00
105.87868,-0.756,0.005,0.00
105.88893,-0.756,0.005,0.00
105.89909,-0.758,0.018,0.00
105.90924,-0.758,0.018,0.00
105.91939,-0.755,0.027,0.00
105.92953,-0.755,0.027,0.00
105.94047,-0.750,0.034,0.00
105.95063,-0.750,0.034,0.00
105.96102,-0.741,0.041,0.00
105.97124,-0.741,0.041,0.00
105.98140,-0.732,0.048,0.00
105.99157,-0.732,0.048,0.00
106.00213,-0.724,0.051,0.00
106.01301,-0.724,0.051,0.00
106.02317,-0.718,0.053,0.00
106.03332,-0.718,0.053,0.00
106.04348,-0.709,0.056,0.00
106.05363,-0.709,0.056,0.00
106.06379,-0.699,0.059,0.00
106.07400,-0.699,0.059,0.00
106.08419,-0.689,0.059,0.00
106.09442,-0.689,0.062,0.00
106.10457,-0.679,0.062,0.00
106.11483,-0.679,0.067,0.00
106.12499,-0.671,0.072,0.00
106.13538,-0.671,0.072,0.00
106.14555,-0.661,0.076,0.00
106.15570,-0.661,0.076,0.00
106.16586,-0.649,0.082,0.00
106.17602,-0.649,0.082,0.00
106.18616,-0.637,0.085,0.00
106.19632,-0.637,0.085,0.00
106.20713,-0.627,0.089,0.00
106.21738,-0.627,0.089,0.00
106.22758,-0.620,0.093,0.00
106.23792,-0.620,0.093,0.00
106.24825,-0.612,0.096,0.00
106.25897,-0.612,0.096,0.00
106.26913,-0.609,0.099,0.00
106.27932,-0.604,0.101,0.00
106.28945,-0.604,0.101,0.00
106.29961,-0.604,0.101,0.00
106.30977,-0.604,0.101,0.00
106.31994,-0.604,0.101,0.00
106.33010,-0.604,0.101,0.00
106.34026,-0.604,0.101,0.00
106.35049,-0.604,0.101,0.00
106.36067,-0.604,0.101,0.00
106.37186,-0.604,0.101,0.00
106.38194,-0.587,0.106,0.00
106.39212,-0.584,0.125,0.00
106.40229,-0.580,0.146,0.00
106.41254,-0.580,0.155,0.00
106.42278,-0.581,0.165,0.00
106.43309,-0.581,0.165,0.00
106.44325,-0.580,0.171,0.00
106.45353,-0.580,0.171,0.00
106.46369,-0.576,0.174,0.00
106.47389,-0.576,0.174,0.00
106.48420,-0.573,0.177,0.00
106.49468,-0.573,0.175,0.00
106.50484,-0.574,0.175,0.00
106.51500,-0.574,0.175,0.00
106.52515,-0.574,0.175,0.00
106.53533,-0.574,0.175,0.00
106.54549,-0.581,0.165,0.00
106.55573,-0.581,0.165,0.00
106.56590,-0.581,0.165,0.00
106.57724,-0.588,0.159,0.00
106.58818,-0.588,0.152,0.00
106.59844,-0.590,0.139,0.00
106.60998,-0.590,0.139,0.00
106.62014,-0.587,0.126,0.00
106.63029,-0.587,0.126,0.00
106.64045,-0.582,0.114,0.00
106.65061,-0.582,0.114,0.00
106.66076,-0.575,0.102,0.00
106.67096,-0.575,0.102,0.00
106.68172,-0.568,0.084,0.00
106.69188,-0.568,0.084,0.00
106.70204,-0.560,0.064,0.00
106.71219,-0.560,0.064,0.00
106.72247,-0.553,0.045,0.00
106.73263,-0.553,0.045,0.00
106.74297,-0.548,0.028,0.00
106.75324,-0.548,0.028,0.00
106.76342,-0.545,0.013,0.00
106.77361,-0.545,0.013,0.00
106.78452,-0.543,-0.002,0.00
106.79511,-0.543,-0.002,0.00
106.80544,-0.544,-0.016,0.00
106.81560,-0.544,-0.016,0.00
106.82606,-0.544,-0.027,0.00
106.83623,-0.544,-0.027,0.00
106.84653,-0.546,-0.038,0.00
106.85691,-0.546,-0.038,0.00
106.86734,-0.548,-0.044,0.00
106.87752,-0.548,-0.044,0.00
106.88768,-0.547,-0.051,0.00
106.89784,-0.547,-0.051,0.00
106.90800,-0.546,-0.058,0.00
106.91848,-0.546,-0.058,0.00
106.92852,-0.543,-0.066,0.00
106.93870,-0.535,-0.070,0.00
106.94977,-0.535,-0.070,0.00
106.95962,-0.527,-0.071,0.00
106.96992,-0.527,-0.071,0.00
106.98000,-0.522,-0.069,0.00
106.99021,-0.522,-0.069,0.00
107.00038,-0.523,-0.064,0.00
107.01070,-0.523,-0.064,0.00
107.02086,-0.521,-0.059,0.00
107.03102,-0.521,-0.059,0.00
107.04176,-0.518,-0.054,0.00
107.05192,-0.518,-0.054,0.00
107.06213,-0.512,-0.049,0.00
107.07239,-0.512,-0.049,0.00
107.08256,-0.498,-0.043,0.00
107.09283,-0.498,-0.043,0.00
107.10298,-0.476,-0.037,0.00
107.11318,-0.476,-0.037,0.00
107.12331,-0.476,-0.037,0.00
107.13358,-0.447,-0.031,0.00
107.14373,-0.410,-0.025,0.00
107.15398,-0.410,-0.025,0.00
107.16443,-0.377,-0.016,0.00
107.17523,-0.377,-0.016,0.00
107.18539,-0.347,-0.006,0.00
107.19554,-0.347,-0.006,0.00
107.20568,-0.331,0.005,0.00
107.21607,-0.315,0.005,0.00
107.22627,-0.315,0.013,0.00
107.23643,-0.315,0.013,0.00
107.24660,-0.289,0.020,0.00
107.25680,-0.289,0.020,0.00
107.26697,-0.249,0.024,0.00
107.27712,-0.249,0.024,0.00
107.28729,-0.193,0.024,0.00
107.29754,-0.130,0.024,0.00
107.30773,-0.130,0.024,0.00
107.31789,-0.052,0.024,0.00
107.32805,-0.052,0.024,0.00
107.33821,0.040,0.023,0.00
107.34908,0.040,0.023,0.00
107.35943,0.162,0.024,0.00
107.36975,0.162,0.024,0.00
107.38019,0.302,0.027,0.00
107.39060,0.302,0.027,0.00
107.40134,0.462,0.032,0.00
107.41174,0.462,0.032,0.00
107.42190,0.636,0.032,0.00
107.43215,0.636,0.037,0.00
107.44242,0.842,0.046,0.00
107.45257,0.842,0.046,0.00
107.46274,1.111,0.057,0.00
107.47296,1.111,0.057,0.00
107.48324,1.433,0.071,0.00
107.49341,1.433,0.071,0.00
107.50357,1.793,0.085,0.00
107.51373,1.793,0.085,0.00
107.52487,2.194,0.100,0.00
107.53523,2.581,0.100,0.00
107.54559,2.581,0.115,0.00
107.55595,3.056,0.115,0.00
107.56624,3.056,0.132,0.00
107.57664,3.562,0.132,0.00
107.58690,3.562,0.149,0.00
107.60087,3.562,0.149,0.00
107.61193,4.102,0.164,0.00
107.62212,4.664,0.178,0.00
107.63281,4.664,0.178,0.00
107.64343,5.242,0.195,0.00
107.65490,5.242,0.195,0.00
107.66507,5.848,0.211,0.00
107.67526,5.848,0.211,0.00
107.68542,6.469,0.230,0.00
107.69625,6.469,0.230,0.00
107.70642,7.081,0.251,0.00
107.71659,7.081,0.251,0.00
107.72674,7.666,0.270,0.00
107.73689,7.666,0.270,0.00
107.74703,8.228,0.284,0.00
107.75746,8.773,0.290,0.00
107.76806,8.773,0.290,0.00
107.77847,9.283,0.293,0.00
107.78876,9.283,0.293,0.00
107.79892,9.747,0.293,0.00
107.80906,9.747,0.293,0.00
107.83303,10.163,0.289,0.00
107.84342,10.163,0.289,0.00
107.86548,10.808,0.274,8.00
107.87578,10.808,0.274,8.00
107.88616,11.028,0.269,8.00
107.89819,11.182,0.267,8.00
107.90852,11.182,0.267,8.00
107.91867,11.277,0.267,8.00
107.92999,11.277,0.267,8.00
107.94023,11.277,0.267,8.00
107.95049,11.289,0.267,8.00
107.96291,11.214,0.267,8.00
107.97333,11.214,0.267,8.00
107.98366,11.053,0.269,8.00
107.99560,11.053,0.271,8.00
108.00574,10.829,0.271,8.00
108.01725,10.829,0.271,8.00
108.02747,10.545,0.273,8.00
108.03781,10.194,0.276,8.00
108.04824,10.194,0.276,8.00
108.07875,9.356,0.275,8.00
108.10467,9.356,0.275,8.50
108.11485,8.879,0.273,8.50
108.13760,8.879,0.273,8.50
108.14779,7.815,0.271,8.50
108.17239,7.231,0.271,8.50
108.18268,6.665,0.265,8.50
108.20190,6.103,0.265,8.50
108.21206,6.103,0.258,8.50
108.22223,5.536,0.250,8.50
108.23348,5.536,0.250,8.50
108.24389,4.934,0.240,8.50
108.25514,4.934,0.240,8.50
108.26534,4.339,0.240,9.00
108.27579,4.339,0.240,9.00
108.28655,3.805,0.260,9.00
108.29743,3.297,0.260,9.00
108.30777,3.297,0.283,9.00
108.31792,3.297,0.283,9.00
108.32976,3.297,0.294,9.00
108.34169,2.353,0.303,9.00
108.35184,2.353,0.303,9.00
108.36254,1.947,0.311,9.00
108.37301,1.947,0.311,9.00
108.38316,1.610,0.316,9.00
108.41197,1.343,0.324,9.50
108.42219,1.133,0.341,9.50
108.44336,0.973,0.362,9.50
108.45360,0.973,0.362,9.50
108.47326,0.848,0.385,9.50
108.48349,0.848,0.403,9.50
108.50515,0.650,0.403,10.00
108.51632,0.650,0.431,10.00
108.53746,0.693,0.471,10.00
108.54769,0.817,0.515,10.00
108.55790,0.817,0.515,10.00
108.56952,0.973,0.568,10.00
108.57974,1.162,0.621,10.00
108.59070,1.162,0.621,10.00
108.60158,1.372,0.678,10.50
108.61173,1.372,0.678,10.50
108.62389,1.565,0.678,10.50
108.63424,1.565,0.737,10.50
108.64444,1.744,0.792,10.50
108.65458,1.744,0.792,10.50
108.66797,1.909,0.864,10.50
108.67820,2.052,0.959,10.50
108.68835,2.052,0.959,10.50
108.71546,2.335,1.073,10.50
108.72564,2.335,1.168,10.50
108.74801,2.335,1.168,11.00
108.75820,2.617,1.246,11.00
108.77843,2.617,1.340,11.00
108.78862,2.726,1.453,11.00
108.81102,2.819,1.585,11.00
108.82135,2.884,1.733,11.00
108.84161,2.918,1.902,11.50
108.85212,2.918,1.902,11.50
108.86252,2.919,2.055,11.50
108.87442,2.919,2.055,11.50
108.88450,2.901,2.195,11.50
108.89622,2.870,2.326,11.50
108.90686,2.870,2.326,11.50
108.91717,2.823,2.472,11.50
108.92856,2.823,2.472,11.50
108.94045,2.823,2.472,11.50
108.95060,2.771,2.663,11.50
108.96077,2.706,2.828,11.50
108.97093,2.706,2.828,11.50
108.98109,2.640,2.993,11.50
108.99125,2.640,2.993,11.50
109.01732,2.640,3.181,11.50
109.02752,2.500,3.409,11.50
109.05301,2.500,3.660,12.00
109.06330,2.350,3.917,12.00
109.08120,2.350,3.917,12.00
109.09146,2.278,4.169,12.00
109.11308,2.278,4.453,12.00
109.12347,2.164,4.766,12.00
109.13380,2.164,4.766,12.00
109.14547,2.130,5.070,12.00
109.15609,2.101,5.070,12.00
109.16624,2.101,5.362,12.00
109.17746,2.101,5.362,12.00
109.18796,2.079,5.686,12.00
109.19846,2.071,6.039,12.00
109.21146,2.071,6.039,12.00
109.22266,2.074,6.403,12.00
109.23289,2.074,6.403,12.00
109.24306,2.094,6.813,12.00
109.25495,2.094,7.251,12.00
109.26544,2.119,7.251,12.00
109.27562,2.152,7.251,12.00
109.28578,2.152,7.763,12.00
109.29714,2.152,7.763,12.00
109.32110,2.241,8.178,12.00
109.33143,2.241,8.558,12.00
109.35579,2.291,8.935,12.00
109.36594,2.353,9.290,12.00
109.38592,2.353,9.666,12.00
109.39626,2.414,9.666,12.00
109.40666,2.476,10.059,12.00
109.41753,2.533,10.433,12.00
109.42828,2.533,10.433,12.00
109.43912,2.590,10.433,12.00
109.45102,2.590,10.826,12.00
109.46132,2.643,10.826,12.00
109.47189,2.643,11.132,12.00
109.48224,2.702,11.420,12.00
109.49244,2.702,11.420,12.00
109.50260,2.764,11.665,12.00
109.51275,2.764,11.665,12.00
109.52310,2.828,11.868,12.00
109.53366,2.828,11.868,12.00
109.54677,2.886,12.069,12.00
109.55705,2.886,12.069,12.00
109.56735,2.935,12.258,12.00
109.57752,2.935,12.258,0.00
109.59058,2.978,12.475,0.00
109.60074,3.008,12.716,0.00
109.61117,3.008,12.716,0.00
109.62132,3.030,12.935,0.00
109.63152,3.030,12.935,0.00
109.64168,3.038,13.172,0.00
109.65234,3.038,13.172,0.00
109.66252,3.029,13.421,0.00
109.67296,3.029,13.421,0.00
109.68331,2.995,13.729,0.00
109.69376,2.995,13.729,0.00
109.70425,2.924,14.063,0.00
109.71464,2.924,14.063,0.00
109.72520,2.838,14.454,0.00
109.73543,2.838,14.454,0.00
109.74585,2.778,14.852,0.00
109.75614,2.778,14.852,0.00
109.76662,2.783,15.286,0.00
109.77696,2.783,15.658,0.00
109.78723,2.809,15.658,0.00
109.79740,2.809,15.972,0.00
109.80810,2.820,15.972,0.00
109.81845,2.788,16.282,0.00
109.82863,2.788,16.282,0.00
109.83901,2.712,16.584,0.00
109.84918,2.712,16.584,0.00
109.85966,2.621,16.908,0.00
109.86982,2.621,16.908,0.00
109.88007,2.521,17.261,0.00
109.89096,2.521,17.261,0.00
109.90131,2.415,17.625,0.00
109.91246,2.415,17.625,0.00
109.92289,2.292,18.074,0.00
109.93325,2.292,18.074,0.00
109.94340,2.161,18.476,0.00
109.95370,2.161,18.476,0.00
109.96439,2.059,18.877,0.00
109.97474,2.059,18.877,0.00
109.98490,1.988,19.293,0.00
109.99509,1.988,19.667,0.00
110.00528,1.938,19.667,0.00
110.01545,1.938,19.667,0.00
110.02581,1.893,19.961,0.00
110.03597,1.893,19.961,0.00
110.04613,1.840,20.137,0.00
110.05629,1.840,20.137,0.00
110.06650,1.781,20.170,0.00
110.07669,1.781,20.170,0.00
110.08685,1.717,20.174,0.00
110.09701,1.717,20.174,0.00
110.10718,1.655,20.246,0.00
110.11734,1.599,20.344,0.00
110.12760,1.599,20.344,0.00
110.13777,1.552,20.405,0.00
110.14871,1.552,20.405,0.00
110.15887,1.519,20.412,0.00
110.16904,1.519,20.412,0.00
110.17921,1.500,20.343,0.00
110.18937,1.500,20.343,0.00
110.19953,1.482,20.196,0.00
110.21017,1.482,20.196,0.00
110.22042,1.482,19.957,0.00
110.23057,1.468,19.957,0.00
110.24073,1.468,19.586,0.00
110.25088,1.461,19.586,0.00
110.26121,1.458,19.171,0.00
110.27144,1.458,19.171,0.00
110.28177,1.463,18.644,0.00
110.29211,1.463,18.644,0.00
110.30313,1.476,18.078,0.00
110.31446,1.476,18.078,0.00
110.32471,1.489,17.484,0.00
110.33488,1.489,17.484,0.00
110.34507,1.506,16.882,0.00
110.35524,1.506,16.882,0.00
110.36540,1.524,16.235,0.00
110.37558,1.524,16.235,0.00
110.38574,1.542,15.526,0.00
110.39589,1.542,15.526,0.00
110.40620,1.542,15.526,0.00
110.41741,1.558,14.656,0.00
110.42762,1.568,13.831,0.00
110.43788,1.577,12.937,0.00
110.44805,1.577,12.937,0.00
110.45820,1.584,11.960,0.00
110.46836,1.584,11.960,0.00
110.47851,1.593,10.972,0.00
110.48871,1.593,10.972,0.00
110.49900,1.593,10.972,0.00
110.50914,1.601,10.072,0.00
110.52017,1.607,9.251,0.00
110.53043,1.607,9.251,0.00
110.54059,1.607,8.488,0.00
110.55085,1.607,8.488,0.00
110.56101,1.607,8.488,0.00
110.57117,1.600,7.756,0.00
110.58132,1.592,6.982,0.00
110.59148,1.592,6.982,0.00
110.61715,1.580,6.337,0.00
110.63706,1.564,5.751,0.00
110.66474,1.532,5.211,0.00
110.67709,1.532,5.211,0.00
110.69263,1.505,4.188,0.00
110.70421,1.505,4.188,0.00
110.71608,1.505,3.693,0.00
110.73855,1.426,3.258,0.00
110.75481,1.370,2.877,0.00
110.77057,1.305,2.633,0.00
110.78085,1.305,2.633,0.00
110.79194,1.236,2.465,0.00
110.81119,1.160,2.465,0.00
110.82706,1.066,2.365,0.00
110.83956,1.066,2.365,0.00
110.85524,1.066,2.412,0.00
110.88400,0.618,2.506,0.00
110.90008,0.618,2.549,0.00
110.91106,0.386,2.549,0.00
110.92253,0.386,2.549,0.00
110.94653,-0.089,2.606,0.00
110.95801,-0.089,2.682,0.00
110.97612,-0.308,2.682,0.00
110.98745,-0.516,2.906,0.00
110.99778,-0.516,3.058,0.00
111.01321,-0.670,3.058,0.00
111.02992,-0.699,3.231,0.00
111.04069,-0.699,3.231,0.00
111.05773,-0.670,3.414,0.00
111.06898,-0.601,3.414,0.00
111.08085,-0.601,3.623,0.00
111.10066,-0.500,3.623,0.00
111.11181,-0.500,3.957,0.00
111.12428,-0.500,3.957,0.00
111.14455,-0.255,4.103,0.00
111.15554,-0.178,4.240,0.00
111.16623,-0.178,4.240,0.00
111.18165,-0.115,4.371,0.00
111.19886,-0.070,4.492,0.00
111.20979,-0.050,4.593,0.00
111.26347,-0.125,4.780,0.00
111.28556,-0.125,4.811,0.00
111.29638,-0.125,4.811,0.00
111.30802,-0.178,4.831,0.00
111.32412,-0.241,4.831,0.00
111.33913,-0.340,4.849,0.00
111.36485,-0.340,4.849,0.00
111.38691,-0.360,4.859,0.00
111.39775,-0.360,4.869,0.00
111.41129,-0.329,4.874,0.00
111.42250,-0.329,4.874,0.00
111.43821,-0.329,4.876,0.00
111.44893,-0.262,4.876,0.00
111.47543,-0.234,4.904,0.00
111.48595,-0.212,4.904,0.00
111.49788,-0.212,4.904,0.00
111.50831,-0.199,4.922,0.00
111.52373,-0.199,4.943,0.00
111.53532,-0.197,4.943,0.00
111.55080,-0.211,4.971,0.00
111.56750,-0.235,5.002,0.00
111.58354,-0.235,5.002,0.00
111.64349,-0.267,5.037,0.00
111.65395,-0.351,5.122,0.00
111.72053,-0.372,5.142,0.00
111.73091,-0.372,5.211,0.00
111.74121,-0.161,0.740,0.00
111.75137,-0.161,0.740,0.00
111.76175,-0.146,0.759,0.00
111.77194,-0.146,0.759,0.00
111.78212,-0.134,0.773,0.00
111.79244,-0.134,0.773,0.00
111.80270,-0.127,0.779,0.00
111.81308,-0.127,0.779,0.00
111.82319,-0.127,0.783,0.00
111.83335,-0.127,0.783,0.00
111.84386,-0.135,0.786,0.00
111.85407,-0.135,0.786,0.00
111.86424,-0.147,0.786,0.00
111.87455,-0.147,0.786,0.00
111.88477,-0.161,0.786,0.00
111.89498,-0.176,0.786,0.00
111.90522,-0.176,0.786,0.00
111.91540,-0.176,0.786,0.00
111.92557,-0.189,0.786,0.00
111.93573,-0.189,0.786,0.00
111.94589,-0.200,0.784,0.00
111.95652,-0.200,0.784,0.00
111.96679,-0.207,0.783,0.00
111.97700,-0.207,0.783,0.00
111.98711,-0.207,0.783,0.00
111.99726,-0.207,0.783,0.00
112.00742,-0.207,0.783,0.00
112.01758,-0.207,0.783,0.00
112.02804,-0.206,0.785,0.00
112.03849,-0.197,0.790,0.00
112.04864,-0.188,0.801,0.00
112.05879,-0.188,0.801,0.00
112.06920,-0.176,0.811,0.00
112.07937,-0.167,0.819,0.00
112.08952,-0.167,0.819,0.00
112.09969,-0.165,0.829,0.00
112.10984,-0.165,0.829,0.00
112.12062,-0.165,0.841,0.00
112.13080,-0.165,0.841,0.00
112.14122,-0.165,0.841,0.00
112.15138,-0.164,0.853,0.00
112.16153,-0.167,0.858,0.00
112.17174,-0.167,0.858,0.00
112.18190,-0.170,0.859,0.00
112.19208,-0.170,0.859,0.00
112.20225,-0.174,0.860,0.00
112.21270,-0.174,0.860,0.00
112.22285,-0.182,0.861,0.00
112.23332,-0.182,0.861,0.00
112.24352,-0.185,0.861,0.00
112.25368,-0.185,0.861,0.00
112.26384,-0.173,0.861,0.00
112.27524,-0.173,0.861,0.00
112.28558,-0.156,0.858,0.00
112.29607,-0.156,0.858,0.00
112.30625,-0.140,0.851,0.00
112.31641,-0.140,0.851,0.00
112.32657,-0.140,0.851,0.00
112.33674,-0.126,0.844,0.00
112.34689,-0.115,0.838,0.00
112.35705,-0.107,0.831,0.00
112.36727,-0.107,0.831,0.00
112.37748,-0.103,0.821,0.00
112.38768,-0.103,0.821,0.00
112.39818,-0.103,0.811,0.00
112.40880,-0.103,0.811,0.00
112.41896,-0.103,0.798,0.00
112.42930,-0.107,0.798,0.00
112.43946,-0.115,0.798,0.00
112.44983,-0.115,0.785,0.00
112.46007,-0.124,0.777,0.00
112.47117,-0.124,0.777,0.00
112.48150,-0.134,0.772,0.00
112.49165,-0.134,0.772,0.00
112.50187,-0.140,0.769,0.00
112.51210,-0.140,0.769,0.00
112.52254,-0.148,0.772,0.00
112.53282,-0.148,0.772,0.00
112.54315,-0.159,0.783,0.00
112.55333,-0.159,0.783,0.00
112.56349,-0.159,0.793,0.00
112.57367,-0.171,0.793,0.00
112.58383,-0.171,0.793,0.00
112.59406,-0.185,0.793,0.00
112.60497,-0.195,0.832,0.00
112.61519,-0.195,0.832,0.00
112.62533,-0.202,0.852,0.00
112.63559,-0.202,0.852,0.00
112.64583,-0.203,0.872,0.00
112.65614,-0.203,0.872,0.00
112.66641,-0.206,0.892,0.00
112.67653,-0.206,0.892,0.00
112.68669,-0.209,0.908,0.00
112.69692,-0.209,0.921,0.00
112.70722,-0.210,0.921,0.00
112.71738,-0.210,0.921,0.00
112.72754,-0.206,0.926,0.00
112.73782,-0.206,0.929,0.00
112.74797,-0.204,0.929,0.00
112.75812,-0.205,0.928,0.00
112.76827,-0.205,0.928,0.00
112.77870,-0.206,0.925,0.00
112.79080,-0.206,0.925,0.00
112.80100,-0.206,0.918,0.00
112.81166,-0.203,0.918,0.00
112.82182,-0.195,0.908,0.00
112.83204,-0.195,0.908,0.00
112.84221,-0.191,0.895,0.00
112.85237,-0.191,0.895,0.00
112.86252,-0.191,0.877,0.00
112.87269,-0.191,0.877,0.00
112.88285,-0.195,0.863,0.00
112.89333,-0.195,0.863,0.00
112.90370,-0.201,0.847,0.00
112.91405,-0.201,0.847,0.00
112.92431,-0.213,0.830,0.00
112.93522,-0.213,0.830,0.00
112.94537,-0.220,0.816,0.00
112.95552,-0.220,0.816,0.00
112.96568,-0.221,0.805,0.00
112.97584,-0.221,0.805,0.00
112.98600,-0.223,0.798,0.00
112.99616,-0.223,0.798,0.00
113.00639,-0.230,0.795,0.00
113.01655,-0.230,0.795,0.00
113.02670,-0.236,0.791,0.00
113.03691,-0.236,0.791,0.00
113.04707,-0.243,0.795,0.00
113.05722,-0.243,0.795,0.00
113.06751,-0.251,0.804,0.00
113.07801,-0.261,0.811,0.00
113.08830,-0.261,0.811,0.00
113.09865,-0.261,0.817,0.00
113.10881,-0.268,0.817,0.00
113.11897,-0.268,0.817,0.00
113.12917,-0.275,0.823,0.00
113.13934,-0.275,0.823,0.00
113.14953,-0.280,0.832,0.00
113.15969,-0.280,0.843,0.00
113.16991,-0.280,0.843,0.00
113.18074,-0.282,0.854,0.00
113.19090,-0.282,0.854,0.00
113.20106,-0.283,0.866,0.00
113.21127,-0.283,0.866,0.00
113.22143,-0.284,0.871,0.00
113.23159,-0.284,0.871,0.00
113.24175,-0.287,0.871,0.00
113.25291,-0.287,0.871,0.00
113.26305,-0.291,0.867,0.00
113.27331,-0.291,0.867,0.00
113.28356,-0.298,0.858,0.00
113.29373,-0.298,0.858,0.00
113.30389,-0.306,0.849,0.00
113.31405,-0.306,0.849,0.00
113.32421,-0.306,0.840,0.00
113.33447,-0.314,0.840,0.00
113.34462,-0.320,0.836,0.00
113.35520,-0.320,0.836,0.00
113.36528,-0.326,0.832,0.00
113.37565,-0.326,0.832,0.00
113.38599,-0.326,0.832,0.00
113.39667,-0.326,0.832,0.00
113.40708,-0.329,0.834,0.00
113.41763,-0.331,0.834,0.00
113.42806,-0.331,0.841,0.00
113.43839,-0.331,0.850,0.00
113.44887,-0.333,0.850,0.00
113.45933,-0.333,0.850,0.00
113.46962,-0.339,0.858,0.00
113.48018,-0.339,0.858,0.00
113.49047,-0.339,0.858,0.00
113.50102,-0.338,0.859,0.00
113.51100,-0.331,0.855,0.00
113.52115,-0.331,0.855,0.00
113.53137,-0.331,0.855,0.00
113.54153,-0.321,0.853,0.00
113.55187,-0.321,0.849,0.00
113.56202,-0.316,0.847,0.00
113.57227,-0.316,0.847,0.00
113.58251,-0.316,0.847,0.00
113.59323,-0.313,0.851,0.00
113.60328,-0.307,0.862,0.00
113.61677,-0.307,0.862,0.00
113.62694,-0.307,0.862,0.00
113.63709,-0.307,0.862,0.00
113.64725,-0.281,0.877,0.00
113.65740,-0.281,0.894,0.00
113.66756,-0.266,0.910,0.00
113.67795,-0.266,0.910,0.00
113.68818,-0.242,0.910,0.00
113.69845,-0.211,0.935,0.00
113.70860,-0.211,0.935,0.00
113.71876,-0.186,0.940,0.00
113.72904,-0.186,0.940,0.00
113.73919,-0.186,0.940,0.00
113.74939,-0.159,0.942,0.00
113.75967,-0.135,0.942,0.00
113.76985,-0.135,0.942,0.00
113.78007,-0.110,0.942,0.00
113.79051,-0.110,0.941,0.00
113.80069,-0.084,0.941,0.00
113.81084,-0.084,0.941,0.00
113.82102,-0.062,0.944,0.00
113.83119,-0.062,0.944,0.00
113.84134,-0.062,0.944,0.00
113.85152,-0.062,0.944,0.00
113.86176,-0.024,0.972,0.00
113.87192,-0.024,0.972,0.00
113.88209,-0.009,0.993,0.00
113.89241,-0.009,0.993,0.00
113.90258,0.002,1.015,0.00
113.91277,0.002,1.015,0.00
113.92293,0.012,1.033,0.00
113.93309,0.012,1.033,0.00
113.94325,0.012,1.044,0.00
113.95340,0.026,1.044,0.00
113.96365,0.026,1.053,0.00
113.97381,0.040,1.053,0.00
113.98409,0.040,1.053,0.00
113.99428,0.067,1.061,0.00
114.00451,0.102,1.071,0.00
114.01466,0.102,1.071,0.00
114.02483,0.158,1.080,0.00
114.03501,0.158,1.080,0.00
114.04517,0.240,1.091,0.00
114.05563,0.240,1.091,0.00
114.06578,0.341,1.107,0.00
114.07608,0.450,1.107,0.00
114.08624,0.450,1.124,0.00
114.09793,0.450,1.124,0.00
114.10837,0.580,1.145,0.00
114.11853,0.580,1.145,0.00
114.12870,0.748,1.165,0.00
114.13886,0.952,1.183,0.00
114.14909,0.952,1.183,0.00
114.15925,1.192,1.205,0.00
114.16939,1.192,1.205,0.00
114.17955,1.474,1.221,0.00
114.18970,1.474,1.221,0.00
114.19985,1.800,1.234,0.00
114.21005,1.800,1.234,0.00
114.22039,2.182,1.245,0.00
114.23081,2.182,1.245,0.00
114.24190,2.617,1.252,0.00
114.25213,2.617,1.252,0.00
114.26249,3.101,1.258,0.00
114.27329,3.101,1.258,0.00
114.28344,3.649,1.266,0.00
114.29360,3.649,1.266,0.00
114.30377,4.261,1.272,0.00
114.31393,4.261,1.272,0.00
114.32413,4.907,1.281,0.00
114.33429,4.907,1.281,0.00
114.34445,5.584,1.291,0.00
114.35468,5.584,1.291,0.00
114.36484,6.289,1.303,0.00
114.37509,6.289,1.303,0.00
114.38541,7.002,1.315,0.00
114.39557,7.002,1.315,0.00
114.40579,7.709,1.325,0.00
114.41601,7.709,1.325,0.00
114.42617,8.410,1.335,0.00
114.43632,8.410,1.335,0.00
114.44650,9.098,1.342,0.00
114.45665,9.098,1.342,0.00
114.46681,9.759,1.350,0.00
114.47697,10.391,1.350,0.00
114.48897,10.391,1.361,0.00
114.49929,10.391,1.361,0.00
114.50968,10.391,1.371,0.00
114.52055,10.981,1.371,8.00
114.53074,11.527,1.382,8.00
114.54142,11.527,1.382,8.00
114.55313,12.023,1.395,8.00
114.56350,12.470,1.410,8.00
114.57369,12.470,1.410,8.00
114.58545,12.875,1.425,8.00
114.59829,12.875,1.425,8.00
114.60852,13.215,1.439,8.00
114.61871,13.488,1.451,8.00
114.62887,13.488,1.451,8.00
114.63902,13.677,1.459,8.00
114.66495,13.775,1.459,8.00
114.67527,13.775,1.466,8.00
114.69751,13.793,1.475,8.00
114.70778,13.737,1.484,8.00
114.72857,13.737,1.484,8.00
114.73881,13.587,1.490,8.00
114.74896,13.336,1.496,8.00
114.76560,13.336,1.503,8.50
114.77703,12.989,1.503,8.50
114.78719,12.629,1.510,8.50
114.80944,12.151,1.517,8.50
114.81961,11.605,1.517,8.50
114.82976,11.605,1.526,8.50
114.83992,11.605,1.526,8.50
114.85008,11.001,1.535,8.50
114.87315,11.001,1.545,8.50
114.88371,9.598,1.555,8.50
114.90503,9.598,1.555,8.50
114.91538,8.854,1.563,8.50
114.93687,8.101,1.571,9.00
114.94729,7.324,1.593,9.00
114.96961,6.539,1.593,9.00
114.97982,5.764,1.684,9.00
114.99000,5.764,1.684,9.00
115.00149,5.764,1.684,9.00
115.01190,5.028,1.728,9.00
115.02206,4.339,1.771,9.00
115.03467,4.339,1.810,9.50
115.04484,3.662,1.810,9.50
115.05499,3.662,1.810,9.50
115.06564,3.031,1.841,9.50
115.07678,3.031,1.841,9.50
115.08722,2.496,1.869,9.50
115.09975,2.496,1.900,9.50
115.11003,2.057,1.900,9.50
115.12046,1.711,1.933,9.50
115.13084,1.711,1.933,9.50
115.14100,1.432,1.972,9.50
115.15128,1.432,1.972,9.50
115.16272,1.201,2.015,10.00
115.17288,1.201,2.015,10.00
115.18338,1.004,2.076,10.00
115.20895,1.004,2.157,10.00
115.21913,0.753,2.259,10.00
115.24104,0.854,2.259,10.00
115.25126,0.854,2.370,10.00
115.27615,1.020,2.644,10.50
115.28641,1.189,2.644,10.50
115.30535,1.379,2.831,10.50
115.31586,1.379,2.831,10.50
115.32670,1.550,3.018,10.50
115.33737,1.550,3.229,10.50
115.34757,1.719,3.229,10.50
115.35804,1.719,3.229,10.50
115.36923,1.891,3.484,10.50
115.37946,2.051,3.769,10.50
115.39026,2.051,3.769,10.50
115.40174,2.201,4.055,11.00
115.41192,2.201,4.055,11.00
115.42275,2.201,4.055,11.00
115.45004,2.463,4.629,11.00
115.46047,2.575,5.000,11.00
115.48181,2.658,5.367,11.00
115.49203,2.658,5.367,11.00
115.51265,2.658,5.367,11.50
115.52287,2.709,5.734,11.50
115.54533,2.742,6.442,11.50
115.55598,2.742,6.442,11.50
115.57747,2.711,7.221,11.50
115.58836,2.711,7.221,11.50
115.59892,2.681,7.221,11.50
115.61007,2.681,7.664,11.50
115.62042,2.681,7.664,11.50
115.63068,2.644,8.218,11.50
115.64105,2.600,8.218,11.50
115.65145,2.600,8.700,11.50
115.66170,2.541,9.173,11.50
115.67430,2.541,9.173,12.00
115.68446,2.465,9.631,12.00
115.69494,2.465,9.631,12.00
115.72113,2.380,10.540,12.00
115.73130,2.290,10.540,12.00
115.75448,2.218,10.540,12.00
115.76492,2.160,11.386,12.00
115.78562,2.118,11.781,12.00
115.79600,2.118,11.781,12.00
115.81845,2.059,12.603,12.00
115.82874,2.059,12.603,12.00
115.84939,2.037,12.915,12.00
115.85955,2.022,12.915,12.00
115.86971,2.022,13.216,12.00
115.88419,2.022,13.216,12.00
115.89446,2.017,13.483,12.00
115.90462,2.022,13.746,12.00
115.91478,2.022,13.746,12.00
115.92496,2.036,14.004,12.00
115.93548,2.036,14.004,12.00
115.94566,2.049,14.264,12.00
115.95582,2.049,14.264,12.00
115.96614,2.060,14.578,12.00
115.99533,2.079,14.891,12.00
116.00583,2.079,14.891,12.00
116.02512,2.079,14.891,12.00
116.03532,2.079,14.891,12.00
116.04548,2.103,15.273,12.00
116.05745,2.165,16.032,12.00
116.06772,2.202,16.385,12.00
116.07852,2.202,16.687,12.00
116.09099,2.241,16.687,12.00
116.10116,2.271,16.970,12.00
116.11172,2.271,16.970,12.00
116.12188,2.300,17.264,12.00
116.13270,2.300,17.264,12.00
116.14286,2.319,17.551,12.00
116.15331,2.319,17.551,12.00
116.16364,2.331,17.848,12.00
116.17381,2.331,17.848,12.00
116.18536,2.349,18.145,12.00
116.19617,2.349,18.145,12.00
116.20643,2.373,18.469,12.00
116.21674,2.373,18.469,12.00
116.23465,2.401,18.771,12.00
116.24498,2.420,19.151,12.00
116.25727,2.426,19.151,0.00
116.26743,2.426,19.591,0.00
116.27758,2.426,20.112,0.00
116.28778,2.419,20.112,0.00
116.29794,2.419,20.632,0.00
116.30811,2.399,20.632,0.00
116.31826,2.399,20.632,0.00
116.32849,2.373,20.632,0.00
116.33954,2.373,21.124,0.00
116.34990,2.330,21.600,0.00
116.36008,2.259,21.600,0.00
116.37023,2.259,22.037,0.00
116.38040,2.184,22.412,0.00
116.39062,2.184,22.412,0.00
116.40097,2.119,22.785,0.00
116.41113,2.119,22.785,0.00
116.42128,2.083,23.141,0.00
116.43169,2.083,23.141,0.00
116.44206,2.083,23.141,0.00
116.45221,2.060,23.589,0.00
116.46246,2.028,23.949,0.00
116.47261,2.028,23.949,0.00
116.48277,1.970,24.330,0.00
116.49301,1.970,24.330,0.00
116.50325,1.883,24.695,0.00
116.51338,1.883,24.695,0.00
116.52372,1.781,25.056,0.00
116.53397,1.781,25.056,0.00
116.54420,1.682,25.452,0.00
116.55443,1.682,25.452,0.00
116.56460,1.594,25.887,0.00
116.57476,1.594,25.887,0.00
116.58501,1.510,26.419,0.00
116.59525,1.510,26.419,0.00
116.60541,1.443,27.055,0.00
116.61557,1.443,27.055,0.00
116.62575,1.405,27.598,0.00
116.63596,1.405,27.598,0.00
116.64611,1.367,28.130,0.00
116.65631,1.367,28.130,0.00
116.66660,1.325,28.540,0.00
116.67675,1.325,28.540,0.00
116.68692,1.274,28.917,0.00
116.69733,1.274,28.917,0.00
116.70748,1.236,29.185,0.00
116.71763,1.195,29.185,0.00
116.72779,1.195,29.341,0.00
116.73845,1.195,29.341,0.00
116.74883,1.153,29.420,0.00
116.75900,1.106,29.522,0.00
116.76955,1.106,29.522,0.00
116.77970,1.106,29.653,0.00
116.78990,1.060,29.653,0.00
116.80006,1.060,29.653,0.00
116.81022,1.011,29.783,0.00
116.82048,0.975,29.871,0.00
116.83088,0.975,29.871,0.00
116.84155,0.950,29.866,0.00
116.85171,0.950,29.866,0.00
116.86187,0.938,29.725,0.00
116.87244,0.938,29.725,0.00
116.88273,0.932,29.496,0.00
116.89322,0.932,29.496,0.00
116.90375,0.922,29.190,0.00
116.91429,0.922,29.190,0.00
116.92464,0.910,28.711,0.00
116.93492,0.910,28.711,0.00
116.94568,0.906,28.193,0.00
116.95613,0.906,28.193,0.00
116.96643,0.904,27.641,0.00
116.97667,0.895,27.095,0.00
116.98698,0.895,27.095,0.00
116.99732,0.889,26.515,0.00
117.00760,0.889,26.515,0.00
117.01793,0.876,25.861,0.00
117.02809,0.876,25.861,0.00
117.03825,0.859,25.861,0.00
117.04841,0.859,25.197,0.00
117.05915,0.859,25.197,0.00
117.06973,0.833,24.560,0.00
117.08053,0.802,23.814,0.00
117.09069,0.802,23.814,0.00
117.10090,0.779,23.067,0.00
117.11108,0.779,23.067,0.00
117.12135,0.769,22.255,0.00
117.13166,0.769,22.255,0.00
117.14199,0.762,21.411,0.00
117.15303,0.762,21.411,0.00
117.16328,0.755,20.540,0.00
117.17349,0.755,20.540,0.00
117.18365,0.753,19.629,0.00
117.19489,0.753,19.629,0.00
117.20514,0.755,18.676,0.00
117.21536,0.755,18.676,0.00
117.22553,0.764,17.748,0.00
117.23570,0.764,17.748,0.00
117.24586,0.778,16.836,0.00
117.26028,0.778,16.836,0.00
117.27662,0.798,14.909,0.00
117.28681,0.798,13.963,0.00
117.29721,0.819,13.963,0.00
117.31424,0.840,12.944,0.00
117.32454,0.859,11.843,0.00
117.33736,0.859,11.843,0.00
117.35738,0.867,9.493,0.00
117.37800,0.863,8.297,0.00
117.39394,0.840,8.297,0.00
117.40477,0.808,6.912,0.00
117.42660,0.759,6.912,0.00
117.43789,0.703,4.396,0.00
117.44806,0.703,4.396,0.00
117.45890,0.703,4.396,0.00
117.48018,0.703,3.092,0.00
117.50164,0.563,1.761,0.00
117.51759,0.540,-0.838,0.00
117.52778,0.540,-0.838,0.00
117.53894,0.518,-0.838,0.00
117.54996,0.518,-2.026,0.00
117.56127,0.518,-2.026,0.00
117.57161,0.502,-2.026,0.00
117.58313,0.488,-4.171,0.00
117.59342,0.488,-4.171,0.00
117.60376,0.474,-4.171,0.00
117.62707,0.474,-5.035,0.00
117.63756,0.474,-5.035,0.00
117.65329,0.474,-5.035,0.00
117.67321,0.474,-5.035,0.00
117.68458,0.352,-5.035,0.00
117.70703,0.352,-6.528,0.00
117.72885,0.220,-7.161,0.00
117.76446,0.143,-7.657,0.00
117.77705,0.143,-7.657,0.00
117.78808,0.069,-8.378,0.00
117.79858,-0.051,-8.378,0.00
117.80922,-0.051,-8.513,0.00
117.82499,-0.051,-8.513,0.00
117.83544,-0.099,-8.574,0.00
117.84608,-0.135,-8.597,0.00
117.85640,-0.135,-8.597,0.00
117.86796,-0.158,-8.601,0.00
117.87814,-0.158,-8.601,0.00
117.88855,-0.158,-8.582,0.00
117.89895,-0.184,-8.582,0.00
117.90938,-0.184,-8.545,0.00
117.91979,-0.185,-8.545,0.00
117.93082,-0.185,-8.498,0.00
117.94685,-0.185,-8.447,0.00
117.95732,-0.180,-8.447,0.00
117.96848,-0.180,-8.400,0.00
117.98015,-0.180,-8.400,0.00
117.99106,-0.181,-8.341,0.00
118.00267,-0.181,-8.270,0.00
118.01299,-0.181,-8.270,0.00
118.02352,-0.181,-8.192,0.00
118.03481,-0.182,-8.192,0.00
118.05015,-0.189,-8.106,0.00
118.06038,-0.189,-8.005,0.00
118.07113,-0.201,-8.005,0.00
118.08143,-0.201,-7.632,0.00
118.09185,-0.218,-7.632,0.00
118.10346,-0.236,-7.521,0.00
118.11962,-0.236,-7.428,0.00
118.13104,-0.255,-7.428,0.00
118.14121,-0.255,-7.352,0.00
118.15744,-0.268,-7.352,0.00
118.17361,-0.278,-7.291,0.00
118.18548,-0.277,-7.243,0.00
118.19681,-0.277,-7.243,0.00
118.21250,-0.269,-7.210,0.00
118.23376,-0.269,-7.195,0.00
118.24409,-0.252,-7.195,0.00
118.25460,-0.252,-7.191,0.00
118.30553,-0.214,-7.153,0.00
118.31567,-0.214,-7.153,0.00
118.36566,-0.185,-7.153,0.00
118.37581,-0.185,-7.074,0.00
118.38608,-0.193,0.173,0.00
118.39624,-0.193,0.173,0.00
118.40641,-0.201,0.213,0.00
118.41656,-0.201,0.213,0.00
118.42671,-0.204,0.251,0.00
118.43687,-0.204,0.251,0.00
118.44703,-0.204,0.280,0.00
118.45718,-0.206,0.309,0.00
118.46742,-0.209,0.309,0.00
118.47757,-0.209,0.309,0.00
118.48784,-0.207,0.343,0.00
118.49798,-0.207,0.343,0.00
118.50812,-0.206,0.381,0.00
118.51828,-0.206,0.381,0.00
118.52846,-0.201,0.423,0.00
118.53862,-0.195,0.423,0.00
118.54875,-0.195,0.468,0.00
118.55890,-0.187,0.468,0.00
118.56933,-0.187,0.518,0.00
118.57949,-0.187,0.518,0.00
118.58965,-0.184,0.562,0.00
118.59979,-0.189,0.609,0.00
118.61062,-0.189,0.609,0.00
118.62078,-0.189,0.609,0.00
118.63100,-0.199,0.657,0.00
118.64110,-0.207,0.703,0.00
118.65146,-0.207,0.703,0.00
118.66161,-0.216,0.738,0.00
118.67269,-0.216,0.738,0.00
118.68295,-0.226,0.763,0.00
118.69341,-0.226,0.763,0.00
118.70375,-0.233,0.783,0.00
118.71532,-0.233,0.783,0.00
118.72583,-0.237,0.803,0.00
118.73602,-0.237,0.803,0.00
118.74783,-0.242,0.819,0.00
118.75800,-0.242,0.819,0.00
118.76819,-0.242,0.831,0.00
118.77902,-0.242,0.831,0.00
118.78922,-0.244,0.839,0.00
118.79938,-0.249,0.839,0.00
118.80958,-0.249,0.840,0.00
118.81975,-0.252,0.838,0.00
118.83003,-0.252,0.838,0.00
118.84018,-0.254,0.834,0.00
118.85045,-0.254,0.834,0.00
118.86061,-0.259,0.826,0.00
118.87104,-0.259,0.826,0.00
118.88140,-0.265,0.815,0.00
118.89171,-0.265,0.815,0.00
118.90212,-0.265,0.806,0.00
118.91287,-0.271,0.806,0.00
118.92305,-0.279,0.796,0.00
118.93451,-0.279,0.796,0.00
118.94467,-0.290,0.783,0.00
118.95588,-0.290,0.783,0.00
118.96599,-0.301,0.766,0.00
118.97615,-0.301,0.746,0.00
118.98652,-0.308,0.746,0.00
118.99676,-0.308,0.727,0.00
119.00693,-0.312,0.727,0.00
119.01711,-0.312,0.727,0.00
119.02763,-0.309,0.709,0.00
119.03779,-0.309,0.709,0.00
119.04849,-0.301,0.684,0.00
119.05865,-0.295,0.660,0.00
119.06942,-0.295,0.660,0.00
119.07967,-0.293,0.633,0.00
119.08986,-0.293,0.633,0.00
119.10058,-0.290,0.612,0.00
119.11078,-0.290,0.612,0.00
119.12087,-0.283,0.597,0.00
119.13102,-0.283,0.597,0.00
119.14123,-0.283,0.586,0.00
119.15139,-0.276,0.586,0.00
119.16155,-0.272,0.577,0.00
119.17169,-0.272,0.577,0.00
119.18204,-0.275,0.569,0.00
119.19226,-0.275,0.569,0.00
119.20242,-0.279,0.571,0.00
119.21262,-0.279,0.571,0.00
119.22279,-0.283,0.579,0.00
119.23303,-0.283,0.579,0.00
119.24341,-0.289,0.589,0.00
119.25378,-0.289,0.589,0.00
119.26410,-0.297,0.599,0.00
119.27427,-0.297,0.599,0.00
119.28444,-0.307,0.607,0.00
119.29460,-0.307,0.607,0.00
119.30476,-0.320,0.619,0.00
119.31519,-0.320,0.619,0.00
119.32568,-0.333,0.630,0.00
119.33583,-0.355,0.630,0.00
119.34602,-0.355,0.639,0.00
119.35619,-0.355,0.639,0.00
119.36648,-0.373,0.642,0.00
119.37666,-0.373,0.642,0.00
119.38681,-0.384,0.642,0.00
119.39732,-0.384,0.642,0.00
119.40747,-0.388,0.637,0.00
119.41764,-0.388,0.637,0.00
119.42782,-0.385,0.630,0.00
119.43798,-0.385,0.630,0.00
119.44812,-0.379,0.621,0.00
119.45854,-0.379,0.621,0.00
119.46879,-0.376,0.609,0.00
119.47895,-0.369,0.609,0.00
119.48914,-0.369,0.590,0.00
119.49929,-0.352,0.570,0.00
119.50967,-0.352,0.570,0.00
119.51988,-0.334,0.570,0.00
119.53021,-0.334,0.544,0.00
119.54053,-0.313,0.519,0.00
119.55087,-0.313,0.519,0.00
119.56120,-0.289,0.491,0.00
119.57152,-0.289,0.491,0.00
119.58185,-0.254,0.464,0.00
119.59217,-0.254,0.464,0.00
119.60449,-0.254,0.464,0.00
119.61495,-0.200,0.436,0.00
119.62514,-0.129,0.409,0.00
119.63548,-0.053,0.409,0.00
119.64564,-0.053,0.386,0.00
119.65580,-0.053,0.386,0.00
119.66597,0.029,0.372,0.00
119.67611,0.029,0.372,0.00
119.68642,0.130,0.367,0.00
119.69677,0.130,0.371,0.00
119.70711,0.258,0.371,0.00
119.71739,0.258,0.371,0.00
119.72759,0.417,0.384,0.00
119.73774,0.417,0.384,0.00
119.74795,0.607,0.406,0.00
119.75813,0.607,0.406,0.00
119.76836,0.816,0.428,0.00
119.77852,1.043,0.450,0.00
119.78867,1.043,0.450,0.00
119.79955,1.043,0.450,0.00
119.80978,1.295,0.475,0.00
119.81994,1.295,0.475,0.00
119.83017,1.573,0.503,0.00
119.84036,1.903,0.529,0.00
119.85049,1.903,0.529,0.00
119.86065,2.290,0.560,0.00
119.87145,2.290,0.560,0.00
119.88161,2.710,0.585,0.00
119.89209,2.710,0.585,0.00
119.90226,3.156,0.611,0.00
119.91242,3.156,0.611,0.00
119.92307,3.634,0.637,0.00
119.93344,3.634,0.637,0.00
119.94380,4.156,0.661,0.00
119.95400,4.156,0.661,0.00
119.96417,4.702,0.681,0.00
119.97449,4.702,0.681,0.00
119.98465,5.264,0.696,0.00
119.99480,5.264,0.696,0.00
120.00496,5.837,0.711,0.00
120.01517,5.837,0.711,0.00
120.02534,6.412,0.730,0.00
120.03584,6.412,0.730,0.00
120.04600,6.988,0.750,0.00
120.05640,6.988,0.750,0.00
120.06656,7.567,0.768,0.00
120.07697,7.567,0.768,0.00
120.08789,8.138,0.787,0.00
120.09812,8.138,0.787,0.00
120.10869,8.698,0.805,0.00
120.11885,9.240,0.805,0.00
120.12906,9.240,0.823,0.00
120.13921,9.240,0.839,0.00
120.14939,9.761,0.839,0.00
120.15955,9.761,0.839,0.00
120.17222,10.266,0.851,0.00
120.18261,10.756,0.857,0.00
120.19289,10.756,0.857,0.00
120.21810,10.756,0.866,8.00
120.22827,11.597,0.866,8.00
120.24875,11.597,0.866,8.00
120.25899,12.335,0.880,8.00
120.28244,12.335,0.880,8.00
120.29267,12.642,0.890,8.00
120.31261,12.897,0.902,8.00
120.32281,13.081,0.915,8.00
120.33297,13.081,0.915,8.00
120.34578,13.212,0.915,8.00
120.35721,13.212,0.929,8.00
120.36742,13.286,0.940,8.00
120.37792,13.291,0.950,8.00
120.38827,13.291,0.950,8.00
120.39868,13.233,0.956,8.00
120.42492,13.112,0.956,8.00
120.43523,13.112,0.962,8.00
120.45774,12.689,0.962,8.50
120.46792,12.689,0.976,8.50
120.49015,12.363,0.986,8.50
120.50056,11.974,0.998,8.50
120.52215,11.531,1.011,8.50
120.53249,11.531,1.011,8.50
120.55244,11.531,1.011,8.50
120.56262,10.534,1.043,8.50
120.57278,10.534,1.043,8.50
120.58489,10.534,1.062,8.50
120.59567,9.973,1.062,8.50
120.60588,9.375,1.073,8.50
120.61772,8.750,1.073,9.00
120.62790,8.750,1.092,9.00
120.63863,8.750,1.092,9.00
120.64961,8.104,1.142,9.00
120.65977,7.471,1.142,9.00
120.67177,7.471,1.201,9.00
120.68263,6.828,1.201,9.00
120.69299,6.828,1.242,9.00
120.70453,6.172,1.277,9.00
120.73041,5.544,1.308,9.50
120.74065,5.544,1.308,9.50
120.76140,4.926,1.338,9.50
120.77159,4.316,1.373,9.50
120.79509,3.708,1.421,9.50
120.80526,3.150,1.480,9.50
120.82487,3.150,1.480,9.50
120.83528,2.687,1.551,9.50
120.84545,2.290,1.610,9.50
120.85752,2.290,1.610,10.00
120.86881,1.945,1.677,10.00
120.87911,1.631,1.677,10.00
120.88991,1.631,1.769,10.00
120.90006,1.362,1.911,10.00
120.91023,1.362,1.911,10.00
120.93721,1.018,2.250,10.00
120.94756,1.018,2.250,10.00
120.97131,0.902,2.250,10.50
120.98168,0.787,2.549,10.50
121.00408,0.787,2.549,10.50
121.01427,0.740,2.654,10.50
121.03326,0.825,2.771,10.50
121.04400,0.975,2.889,10.50
121.05519,0.975,2.889,11.00
121.06611,1.146,3.019,11.00
121.07648,1.146,3.019,11.00
121.08667,1.323,3.197,11.00
121.10266,1.506,3.372,11.00
121.11337,1.506,3.372,11.00
121.12859,1.683,3.550,11.00
121.13877,1.868,3.750,11.00
121.14892,1.868,3.750,11.00
121.16127,1.868,3.941,11.00
121.17142,2.041,3.941,11.00
121.18174,2.204,4.152,11.00
121.19305,2.204,4.152,11.50
121.20409,2.372,4.331,11.50
121.21430,2.372,4.331,11.50
121.24171,2.691,4.658,11.50
121.25191,2.691,4.658,11.50
121.27388,2.822,4.806,11.50
121.28435,2.923,4.985,11.50
121.30461,2.923,4.985,11.50
121.31484,3.004,5.179,11.50
121.33799,3.059,5.444,11.50
121.34837,3.084,5.708,11.50
121.37158,3.084,6.005,12.00
121.38192,3.063,6.368,12.00
121.40195,3.063,6.793,12.00
121.41235,3.028,6.793,12.00
121.42250,2.989,7.295,12.00
121.43742,2.989,7.295,12.00
121.44793,2.942,7.816,12.00
121.45809,2.942,7.816,12.00
121.46833,2.880,8.344,12.00
121.47850,2.880,8.960,12.00
121.48916,2.801,8.960,12.00
121.51284,2.801,9.505,12.00
121.52327,2.625,10.113,12.00
121.54528,2.535,10.732,12.00
121.55576,2.535,10.732,12.00
121.57907,2.403,11.959,12.00
121.58942,2.403,11.959,12.00
121.61268,2.403,11.959,12.00
121.62295,2.357,12.569,12.00
121.64085,2.357,14.005,12.00
121.65108,2.297,14.005,12.00
121.67494,2.297,14.005,12.00
121.68512,2.246,15.471,12.00
121.69554,2.246,15.471,12.00
121.70577,2.244,16.164,12.00
121.71613,2.254,16.807,12.00
121.72665,2.254,16.807,12.00
121.73730,2.254,16.807,12.00
121.74763,2.276,17.358,12.00
121.75798,2.309,17.838,12.00
121.76902,2.309,17.838,12.00
121.77939,2.309,18.265,12.00
121.78974,2.337,18.265,12.00
121.80095,2.337,18.265,12.00
121.81128,2.337,18.265,12.00
121.82171,2.373,19.065,12.00
121.84931,2.486,19.415,12.00
121.85973,2.549,19.764,12.00
121.88097,2.622,19.764,12.00
121.89130,2.622,20.098,12.00
121.91287,2.688,20.098,12.00
121.92321,2.744,20.824,12.00
121.93352,2.744,20.824,0.00
121.94384,2.799,21.209,0.00
121.95443,2.799,21.209,0.00
121.96472,2.839,21.664,0.00
121.97508,2.839,21.664,0.00
121.98529,2.883,22.072,0.00
121.99548,2.883,22.072,0.00
122.00564,2.883,22.072,0.00
122.01581,2.925,22.471,0.00
122.02597,2.944,22.878,0.00
122.03614,2.944,22.878,0.00
122.04640,2.935,23.266,0.00
122.05661,2.935,23.266,0.00
122.06676,2.908,23.650,0.00
122.07692,2.908,23.650,0.00
122.08708,2.893,24.012,0.00
122.09736,2.893,24.012,0.00
122.10752,2.895,24.348,0.00
122.11768,2.908,24.747,0.00
122.12791,2.908,24.747,0.00
122.13818,2.911,25.105,0.00
122.14860,2.911,25.105,0.00
122.15891,2.911,25.105,0.00
122.16909,2.890,25.493,0.00
122.17930,2.890,25.493,0.00
122.18970,2.838,25.908,0.00
122.19987,2.767,26.382,0.00
122.21008,2.767,26.382,0.00
122.22024,2.681,26.951,0.00
122.23062,2.681,26.951,0.00
122.24083,2.592,27.606,0.00
122.25098,2.592,27.606,0.00
122.26139,2.509,28.302,0.00
122.27155,2.509,28.302,0.00
122.28171,2.442,29.039,0.00
122.29186,2.442,29.039,0.00
122.30202,2.385,29.597,0.00
122.31228,2.385,29.597,0.00
122.32248,2.339,30.120,0.00
122.33266,2.339,30.120,0.00
122.34296,2.299,31.073,0.00
122.35337,2.299,31.073,0.00
122.36366,2.267,31.518,0.00
122.37406,2.267,31.518,0.00
122.38464,2.224,31.908,0.00
122.39496,2.224,32.200,0.00
122.40512,2.161,32.200,0.00
122.41528,2.161,32.200,0.00
122.42544,2.089,32.476,0.00
122.43559,2.089,32.476,0.00
122.44575,2.037,32.716,0.00
122.45589,2.037,32.716,0.00
122.46608,2.006,32.926,0.00
122.47633,1.981,33.060,0.00
122.48656,1.981,33.060,0.00
122.49672,1.981,33.060,0.00
122.50688,1.953,33.099,0.00
122.51718,1.953,33.099,0.00
122.52760,1.953,33.099,0.00
122.53775,1.924,33.060,0.00
122.54791,1.894,32.959,0.00
122.55808,1.850,32.775,0.00
122.56826,1.850,32.775,0.00
122.57863,1.797,32.438,0.00
122.58879,1.797,32.438,0.00
122.59902,1.797,32.438,0.00
122.60987,1.747,32.031,0.00
122.62004,1.702,31.569,0.00
122.63021,1.702,31.569,0.00
122.64054,1.653,31.038,0.00
122.65069,1.653,31.038,0.00
122.66085,1.602,30.444,0.00
122.67112,1.602,30.444,0.00
122.68127,1.548,29.845,0.00
122.69145,1.548,29.845,0.00
122.70182,1.497,29.271,0.00
122.71234,1.497,29.271,0.00
122.72262,1.448,28.697,0.00
122.73283,1.448,28.697,0.00
122.74300,1.448,28.094,0.00
122.75315,1.395,28.094,0.00
122.76331,1.340,27.396,0.00
122.77368,1.340,27.396,0.00
122.78383,1.275,26.813,0.00
122.79401,1.275,26.813,0.00
122.80417,1.203,26.260,0.00
122.81439,1.203,26.260,0.00
122.82456,1.132,25.702,0.00
122.83472,1.132,25.702,0.00
122.84516,1.070,25.143,0.00
122.85554,1.070,25.143,0.00
122.86592,1.023,24.665,0.00
122.87616,1.023,24.665,0.00
122.88650,0.987,24.285,0.00
122.89665,0.987,24.285,0.00
122.90681,0.957,23.980,0.00
122.91749,0.957,23.980,0.00
122.92779,0.923,23.691,0.00
122.95012,0.923,23.467,0.00
122.96030,0.923,23.275,0.00
122.97121,0.855,23.275,0.00
122.99019,0.818,23.275,0.00
123.00037,0.818,23.083,0.00
123.01406,0.786,22.885,0.00
123.02467,0.755,22.635,0.00
123.03589,0.755,22.635,0.00
123.04643,0.727,22.365,0.00
123.05674,0.727,22.365,0.00
123.06781,0.699,22.105,0.00
123.07882,0.676,21.825,0.00
123.09478,0.676,21.825,0.00
123.10612,0.651,21.825,0.00
123.12733,0.625,21.296,0.00
123.13956,0.603,21.296,0.00
123.15824,0.603,21.031,0.00
123.17414,0.603,20.755,0.00
123.19329,0.615,20.455,0.00
123.20494,0.615,20.455,0.00
123.23421,0.640,20.116,0.00
123.25107,0.691,19.248,0.00
123.26307,0.691,19.248,0.00
123.27872,0.702,18.770,0.00
123.28981,0.709,18.249,0.00
123.30006,0.709,18.249,0.00
123.31261,0.709,18.249,0.00
123.32808,0.740,17.697,0.00
123.34537,0.762,17.137,0.00
123.35568,0.762,17.137,0.00
123.36726,0.784,16.090,0.00
123.38791,0.797,16.090,0.00
123.40359,0.797,14.803,0.00
123.43408,0.835,14.180,0.00
123.44884,0.835,13.518,0.00
123.46318,0.835,13.518,0.00
123.47675,0.865,13.518,0.00
123.50002,0.858,12.131,0.00
123.51043,0.858,12.131,0.00
123.52245,0.858,11.527,0.00
123.53680,0.826,11.527,0.00
123.54696,0.826,11.020,0.00
123.55738,0.819,10.614,0.00
123.56758,0.819,10.614,0.00
123.58482,0.819,10.614,0.00
123.59763,0.814,10.614,0.00
123.61117,0.804,9.889,0.00
123.63021,0.800,9.510,0.00
123.64591,0.807,9.510,0.00
123.66301,0.807,9.510,0.00
123.67864,0.816,8.812,0.00
123.69299,0.831,8.417,0.00
123.71812,0.848,7.611,0.00
123.72859,0.848,7.611,0.00
123.73946,0.847,7.611,0.00
123.75005,0.847,7.202,0.00
123.76060,0.841,6.885,0.00
123.77857,0.841,6.885,0.00
123.79460,0.835,6.547,0.00
123.80484,0.835,6.547,0.00
123.81974,0.835,6.547,0.00
123.83337,0.835,6.547,0.00
123.84610,0.752,5.868,0.00
123.86275,0.526,5.286,0.00
123.87597,0.526,5.286,0.00
123.89146,0.425,4.994,0.00
123.90694,0.339,4.728,0.00
123.91809,0.339,4.728,0.00
123.92826,0.261,4.728,0.00
123.93911,0.182,4.178,0.00
123.98065,0.182,4.178,0.00
123.99089,0.041,3.652,0.00
124.04838,-0.116,3.652,0.00
124.05968,-0.934,2.988,0.00
124.06997,-0.934,-10.742,0.00
124.08030,-0.954,-10.951,0.00
124.09058,-0.954,-10.951,0.00
124.10072,-0.954,-10.951,0.00
124.11089,-0.969,-11.105,0.00
124.12104,-0.969,-11.105,0.00
124.13183,-0.981,-11.214,0.00
124.14201,-0.981,-11.214,0.00
124.15222,-0.995,-11.271,0.00
124.16263,-1.017,-11.277,0.00
124.17385,-1.017,-11.277,0.00
124.18444,-1.044,-11.254,0.00
124.19459,-1.044,-11.254,0.00
124.20474,-1.076,-11.203,0.00
124.21490,-1.076,-11.203,0.00
124.22515,-1.104,-11.127,0.00
124.23563,-1.104,-11.127,0.00
124.24578,-1.129,-11.009,0.00
124.25658,-1.129,-10.884,0.00
124.26673,-1.154,-10.884,0.00
124.27718,-1.154,-10.884,0.00
124.28813,-1.179,-10.752,0.00
124.29898,-1.179,-10.752,0.00
124.30918,-1.200,-10.616,0.00
124.31934,-1.218,-10.481,0.00
124.32954,-1.218,-10.481,0.00
124.34061,-1.218,-10.481,0.00
124.35083,-1.229,-10.353,0.00
124.36160,-1.237,-10.353,0.00
124.37210,-1.237,-10.235,0.00
124.38225,-1.239,-10.123,0.00
124.39242,-1.239,-10.123,0.00
124.40259,-1.233,-10.001,0.00
124.41275,-1.233,-10.001,0.00
124.42290,-1.220,-9.905,0.00
124.43317,-1.220,-9.905,0.00
124.44331,-1.203,-9.822,0.00
124.45362,-1.203,-9.822,0.00
124.46404,-1.186,-9.751,0.00
124.47449,-1.186,-9.751,0.00
124.48446,-1.165,-9.689,0.00
124.49462,-1.165,-9.689,0.00
124.50477,-1.165,-9.689,0.00
124.51508,-1.150,-9.638,0.00
124.52537,-1.140,-9.599,0.00
124.53552,-1.140,-9.599,0.00
124.54567,-1.140,-9.572,0.00
124.55679,-1.139,-9.572,0.00
124.56697,-1.144,-9.552,0.00
124.57728,-1.144,-9.552,0.00
124.58752,-1.154,-9.537,0.00
124.59757,-1.154,-9.537,0.00
124.60774,-1.160,-9.529,0.00
124.61789,-1.162,-9.529,0.00
124.62805,-1.162,-9.528,0.00
124.63844,-1.162,-9.528,0.00
124.64872,-1.160,-9.533,0.00
124.65887,-1.160,-9.542,0.00
124.66910,-1.156,-9.542,0.00
124.67929,-1.156,-9.542,0.00
124.68954,-1.153,-9.550,0.00
124.69972,-1.148,-9.562,0.00
124.70989,-1.148,-9.562,0.00
124.72005,-1.147,-9.579,0.00
124.73020,-1.147,-9.579,0.00
124.74036,-1.153,-9.596,0.00
124.75050,-1.153,-9.596,0.00
124.76068,-1.161,-9.613,0.00
124.77086,-1.161,-9.613,0.00
124.78152,-1.169,-9.632,0.00
124.79219,-1.169,-9.632,0.00
124.80244,-1.182,-9.654,0.00
124.81260,-1.182,-9.654,0.00
124.82275,-1.192,-9.675,0.00
124.83292,-1.192,-9.675,0.00
124.84309,-1.199,-9.697,0.00
124.85411,-1.199,-9.697,0.00
124.86428,-1.199,-9.716,0.00
124.87455,-1.199,-9.716,0.00
124.88467,-1.193,-9.732,0.00
124.89527,-1.193,-9.732,0.00
124.90555,-1.192,-9.740,0.00
124.91591,-1.192,-9.740,0.00
124.92628,-1.193,-9.749,0.00
124.93643,-1.193,-9.749,0.00
124.94699,-1.198,-9.758,0.00
124.95716,-1.198,-9.758,0.00
124.96731,-1.207,-9.761,0.00
124.97747,-1.207,-9.761,0.00
124.98765,-1.218,-9.755,0.00
124.99782,-1.227,-9.755,0.00
125.00803,-1.227,-9.743,0.00
125.01852,-1.235,-9.743,0.00
125.02870,-1.235,-9.729,0.00
125.03941,-1.235,-9.729,0.00
125.04987,-1.244,-9.713,0.00
125.06005,-1.254,-9.703,0.00
125.07041,-1.254,-9.703,0.00
125.08080,-1.258,-9.704,0.00
125.09119,-1.258,-9.704,0.00
125.10136,-1.258,-9.714,0.00
125.11152,-1.260,-9.714,0.00
125.12168,-1.262,-9.727,0.00
125.13183,-1.262,-9.727,0.00
125.14198,-1.264,-9.740,0.00
125.15214,-1.264,-9.740,0.00
125.16230,-1.266,-9.754,0.00
125.17256,-1.266,-9.754,0.00
125.18276,-1.266,-9.754,0.00
125.19291,-1.266,-9.769,0.00
125.20306,-1.264,-9.786,0.00
125.21370,-1.264,-9.786,0.00
125.22386,-1.262,-9.785,0.00
125.23403,-1.262,-9.785,0.00
125.24419,-1.258,-9.771,0.00
125.25445,-1.258,-9.771,0.00
125.26461,-1.258,-9.752,0.00
125.27479,-1.258,-9.752,0.00
125.28495,-1.263,-9.729,0.00
125.29522,-1.263,-9.729,0.00
125.30530,-1.270,-9.696,0.00
125.31545,-1.270,-9.696,0.00
125.32560,-1.278,-9.656,0.00
125.33593,-1.278,-9.656,0.00
125.34602,-1.282,-9.613,0.00
125.35621,-1.282,-9.569,0.00
125.36660,-1.284,-9.569,0.00
125.37688,-1.284,-9.525,0.00
125.38717,-1.289,-9.525,0.00
125.39786,-1.289,-9.525,0.00
125.40801,-1.295,-9.495,0.00
125.41821,-1.301,-9.495,0.00
125.42854,-1.301,-9.470,0.00
125.43883,-1.301,-9.470,0.00
125.44905,-1.307,-9.447,0.00
125.45921,-1.307,-9.432,0.00
125.46950,-1.312,-9.432,0.00
125.47969,-1.312,-9.427,0.00
125.48984,-1.315,-9.427,0.00
125.50000,-1.315,-9.427,0.00
125.51056,-1.315,-9.428,0.00
125.52071,-1.315,-9.435,0.00
125.53086,-1.315,-9.435,0.00
125.54116,-1.315,-9.449,0.00
125.55136,-1.315,-9.449,0.00
125.56154,-1.313,-9.469,0.00
125.57189,-1.313,-9.469,0.00
125.58205,-1.316,-9.469,0.00
125.59220,-1.316,-9.496,0.00
125.60244,-1.319,-9.529,0.00
125.61260,-1.319,-9.529,0.00
125.62350,-1.324,-9.562,0.00
125.63380,-1.324,-9.562,0.00
125.64396,-1.329,-9.597,0.00
125.65411,-1.329,-9.597,0.00
125.66426,-1.332,-9.629,0.00
125.67506,-1.332,-9.629,0.00
125.68537,-1.336,-9.663,0.00
125.69552,-1.336,-9.663,0.00
125.70582,-1.341,-9.701,0.00
125.71687,-1.341,-9.701,0.00
125.72713,-1.345,-9.724,0.00
125.73734,-1.345,-9.724,0.00
125.74748,-1.346,-9.740,0.00
125.75863,-1.346,-9.740,0.00
125.76905,-1.345,-9.750,0.00
125.77930,-1.343,-9.760,0.00
125.78987,-1.343,-9.760,0.00
125.80004,-1.345,-9.764,0.00
125.81019,-1.345,-9.764,0.00
125.82044,-1.349,-9.765,0.00
125.83129,-1.349,-9.765,0.00
125.84160,-1.355,-9.767,0.00
125.85200,-1.355,-9.767,0.00
125.86215,-1.361,-9.772,0.00
125.87240,-1.361,-9.772,0.00
125.88263,-1.367,-9.780,0.00
125.89331,-1.367,-9.780,0.00
125.90356,-1.377,-9.785,0.00
125.91409,-1.377,-9.785,0.00
125.92425,-1.388,-9.789,0.00
125.93441,-1.388,-9.789,0.00
125.94461,-1.401,-9.791,0.00
125.95476,-1.401,-9.791,0.00
125.96493,-1.413,-9.788,0.00
125.97509,-1.426,-9.788,0.00
125.98524,-1.426,-9.783,0.00
125.99569,-1.426,-9.783,0.00
126.00605,-1.437,-9.777,0.00
126.01626,-1.437,-9.777,0.00
126.02664,-1.444,-9.766,0.00
126.03682,-1.444,-9.754,0.00
126.04707,-1.453,-9.754,0.00
126.05724,-1.453,-9.738,0.00
126.06761,-1.458,-9.738,0.00
126.07799,-1.458,-9.724,0.00
126.09046,-1.454,-9.724,0.00
126.10267,-1.448,-9.708,0.00
126.11295,-1.448,-9.708,0.00
126.12302,-1.442,-9.687,0.00
126.13363,-1.442,-9.687,0.00
126.14378,-1.437,-9.667,0.00
126.15399,-1.437,-9.667,0.00
126.16423,-1.432,-9.648,0.00
126.17445,-1.432,-9.648,0.00
126.18461,-1.427,-9.631,0.00
126.19512,-1.427,-9.631,0.00
126.20527,-1.420,-9.619,0.00
126.21543,-1.420,-9.619,0.00
126.22559,-1.408,-9.608,0.00
126.23574,-1.408,-9.608,0.00
126.24589,-1.402,-9.597,0.00
126.25796,-1.398,-9.583,0.00
126.26812,-1.398,-9.583,0.00
126.27857,-1.398,-9.568,0.00
126.28900,-1.373,-9.568,0.00
126.29926,-1.332,-9.546,0.00
126.30957,-1.332,-9.546,0.00
126.31974,-1.297,-9.546,0.00
126.32992,-1.297,-9.525,0.00
126.34008,-1.285,-9.525,0.00
126.35027,-1.285,-9.497,0.00
126.36042,-1.254,-9.468,0.00
126.37057,-1.254,-9.468,0.00
126.38092,-1.225,-9.442,0.00
126.39110,-1.225,-9.442,0.00
126.40128,-1.186,-9.423,0.00
126.41145,-1.186,-9.423,0.00
126.42180,-1.152,-9.416,0.00
126.43229,-1.152,-9.416,0.00
126.44245,-1.127,-9.410,0.00
126.45265,-1.127,-9.410,0.00
126.46281,-1.110,-9.408,0.00
126.47297,-1.110,-9.408,0.00
126.48313,-1.118,-9.410,0.00
126.49328,-1.118,-9.410,0.00
126.50344,-1.147,-9.409,0.00
126.51456,-1.147,-9.409,0.00
126.52471,-1.199,-9.406,0.00
126.53486,-1.199,-9.406,0.00
126.54502,-1.261,-9.409,0.00
126.55517,-1.319,-9.409,0.00
126.56533,-1.319,-9.413,0.00
126.57609,-1.319,-9.413,0.00
126.58625,-1.358,-9.422,0.00
126.59643,-1.358,-9.422,0.00
126.60697,-1.358,-9.422,0.00
126.61717,-1.406,-9.464,0.00
126.62733,-1.406,-9.464,0.00
126.63749,-1.406,-9.464,0.00
126.64763,-1.406,-9.464,0.00
126.65785,-1.436,-9.498,0.00
126.66802,-1.436,-9.545,0.00
126.67828,-1.436,-9.545,0.00
126.68849,-1.445,-9.643,0.00
126.69864,-1.445,-9.643,0.00
126.70880,-1.441,-9.788,0.00
126.71895,-1.427,-9.964,0.00
126.72951,-1.427,-9.964,0.00
126.73967,-1.410,-10.142,0.00
126.75024,-1.410,-10.142,0.00
126.76042,-1.398,-10.307,0.00
126.77057,-1.398,-10.307,0.00
126.78076,-1.393,-10.432,0.00
126.79114,-1.393,-10.432,0.00
126.80149,-1.396,-10.501,0.00
126.81260,-1.396,-10.501,0.00
126.82277,-1.403,-10.523,0.00
126.83494,-1.403,-10.523,0.00
126.84510,-1.409,-10.518,0.00
126.85554,-1.409,-10.518,0.00
126.86570,-1.416,-10.503,0.00
126.87628,-1.416,-10.503,0.00
126.88646,-1.416,-10.482,0.00
126.89664,-1.412,-10.482,0.00
126.90713,-1.412,-10.451,0.00
126.91746,-1.395,-10.406,0.00
126.92762,-1.395,-10.406,0.00
126.93780,-1.395,-10.406,0.00
126.94798,-1.366,-10.350,0.00
126.95823,-1.366,-10.350,0.00
126.96839,-1.323,-10.296,0.00
126.97858,-1.270,-10.244,0.00
126.98880,-1.270,-10.244,0.00
126.99896,-1.206,-10.244,0.00
127.00911,-1.206,-10.194,0.00
127.01927,-1.206,-10.194,0.00
127.02957,-1.132,-10.157,0.00
127.03975,-1.058,-10.124,0.00
127.04990,-1.058,-10.124,0.00
127.06005,-1.058,-10.096,0.00
127.07025,-0.990,-10.096,0.00
127.08069,-0.916,-10.074,0.00
127.09091,-0.916,-10.074,0.00
127.10161,-0.826,-10.052,0.00
127.11177,-0.826,-10.052,0.00
127.12193,-0.723,-10.033,0.00
127.13209,-0.723,-10.033,0.00
127.14247,-0.606,-10.014,0.00
127.15268,-0.606,-10.014,0.00
127.16284,-0.473,-9.998,0.00
127.17513,-0.473,-9.998,0.00
127.18533,-0.303,-9.988,0.00
127.19549,-0.303,-9.988,0.00
127.20565,-0.106,-9.986,0.00
127.21581,-0.106,-9.987,0.00
127.22596,0.120,-9.987,0.00
127.23751,0.120,-9.987,0.00
127.24766,0.377,-9.990,0.00
127.25795,0.682,-9.998,0.00
127.26831,0.682,-9.998,0.00
127.27850,1.028,-9.998,0.00
127.28867,1.028,-10.005,0.00
127.29883,1.028,-10.005,0.00
127.30899,1.410,-10.009,0.00
127.31919,1.829,-10.013,0.00
127.32935,1.829,-10.013,0.00
127.33950,2.277,-10.015,0.00
127.34987,2.277,-10.015,0.00
127.36005,2.277,-10.015,0.00
127.37021,2.781,-10.014,0.00
127.38037,3.330,-10.007,0.00
127.39054,3.330,-10.007,0.00
127.40070,3.902,-10.001,0.00
127.41085,3.902,-10.001,0.00
127.42108,4.421,-9.995,0.00
127.43123,4.421,-9.995,0.00
127.44136,5.046,-9.992,0.00
127.45151,5.046,-9.992,0.00
127.46167,5.694,-9.990,0.00
127.47183,5.694,-9.990,0.00
127.48202,5.694,-9.990,0.00
127.49217,6.346,-9.990,0.00
127.50243,6.988,-9.990,0.00
127.51453,6.988,-9.990,0.00
127.52471,7.614,-9.987,0.00
127.53487,8.210,-9.981,0.00
127.54520,8.210,-9.981,0.00
127.55557,8.789,-9.971,0.00
127.56576,8.789,-9.971,0.00
127.57647,8.789,-9.971,0.00
127.58664,9.350,-9.956,0.00
127.59680,9.350,-9.938,0.00
127.60718,9.876,-9.938,0.00
127.62462,10.383,-9.938,0.00
127.63494,10.383,-9.920,0.00
127.64525,10.383,-9.920,0.00
127.65732,10.383,-9.920,8.00
127.66943,10.383,-9.898,8.00
127.67958,11.341,-9.877,8.00
127.69254,11.765,-9.855,8.00
127.70276,12.158,-9.833,8.00
127.71314,12.158,-9.833,8.00
127.73892,12.822,-9.797,8.00
127.74923,12.822,-9.797,8.00
127.77299,13.061,-9.780,8.00
127.78324,13.222,-9.760,8.00
127.80110,13.222,-9.760,8.00
127.81155,13.287,-9.737,8.00
127.83609,13.267,-9.714,8.00
127.84628,13.170,-9.692,8.00
127.86476,13.170,-9.672,8.00
127.87525,13.010,-9.672,8.00
127.88547,12.767,-9.655,8.00
127.89662,12.440,-9.655,8.50
127.90682,12.440,-9.641,8.50
127.91701,12.440,-9.641,8.50
127.92885,12.020,-9.630,8.50
127.93934,12.020,-9.622,8.50
127.94968,11.503,-9.622,8.50
127.96196,11.503,-9.612,8.50
127.97242,10.913,-9.612,8.50
127.98290,10.265,-9.603,8.50
128.00861,10.265,-9.603,8.50
128.01879,8.742,-9.590,8.50
128.04117,7.856,-9.582,8.50
128.05152,7.856,-9.582,8.50
128.07288,6.960,-9.571,9.00
128.08418,6.100,-9.543,9.00
128.10463,6.100,-9.543,9.00
128.11481,5.270,-9.493,9.00
128.12498,4.467,-9.451,9.00
128.13693,3.666,-9.451,9.00
128.14738,3.666,-9.420,9.00
128.15759,3.666,-9.420,9.00
128.16917,3.666,-9.405,9.00
128.17959,2.884,-9.393,9.00
128.18979,2.162,-9.393,9.00
128.20081,1.520,-9.393,9.50
128.21119,1.520,-9.375,9.50
128.22137,1.520,-9.375,9.50
128.23364,0.941,-9.360,9.50
128.24415,0.391,-9.340,9.50
128.25442,0.391,-9.340,9.50
128.28187,-0.414,-9.297,9.50
128.29212,-0.414,-9.297,9.50
128.31270,-0.727,-9.297,10.00
128.32296,-0.755,-9.211,10.00
128.34572,-0.488,-9.211,10.00
128.35605,-0.191,-9.134,10.00
128.37757,0.117,-9.027,10.00
128.38774,0.117,-8.908,10.00
128.40829,0.117,-8.908,10.50
128.41858,0.732,-8.682,10.50
128.42874,0.732,-8.682,10.50
128.44385,0.987,-8.586,10.50
128.45429,0.987,-8.586,10.50
128.46458,1.267,-8.487,10.50
128.47488,1.267,-8.487,10.50
128.48505,1.522,-8.378,10.50
128.49535,1.522,-8.378,10.50
128.50576,1.725,-8.223,10.50
128.51593,1.725,-8.223,10.50
128.52620,1.943,-8.030,10.50
128.53728,2.162,-7.837,11.00
128.54779,2.162,-7.837,11.00
128.55822,2.338,-7.654,11.00
128.58434,2.338,-7.654,11.00
128.59702,2.466,-7.477,11.00
128.61685,2.564,-7.295,11.00
128.62723,2.564,-7.068,11.00
128.65136,2.566,-6.837,11.50
128.66151,2.542,-6.580,11.50
128.68153,2.498,-6.064,11.50
128.69182,2.498,-6.064,11.50
128.70228,2.418,-5.802,11.50
128.71423,2.418,-5.802,11.50
128.72444,2.304,-5.525,11.50
128.73460,2.304,-5.525,11.50
128.74519,2.177,-5.224,11.50
128.75640,2.027,-4.884,11.50
128.76697,2.027,-4.884,11.50
128.79475,1.727,-4.884,11.50
128.80500,1.727,-4.230,11.50
128.82664,1.592,-4.230,12.00
128.83701,1.469,-3.837,12.00
128.85720,1.348,-2.922,12.00
128.86736,1.348,-2.922,12.00
128.88883,1.348,-2.434,12.00
128.89898,1.148,-1.967,12.00
128.92043,1.148,-1.967,12.00
128.93063,1.059,-1.457,12.00
128.94079,0.978,-1.457,12.00
128.95267,0.978,-0.988,12.00
128.96310,0.978,-0.988,12.00
128.97328,0.905,-0.545,12.00
128.98482,0.849,-0.091,12.00
128.99500,0.849,-0.091,12.00
129.00516,0.808,0.349,12.00
129.01774,0.793,0.797,12.00
129.02789,0.793,0.797,12.00
129.03806,0.793,0.797,12.00
129.06445,0.793,0.797,12.00
129.07461,0.811,1.663,12.00
129.09854,0.860,2.121,12.00
129.10918,0.860,2.498,12.00
129.12826,0.860,2.498,12.00
129.13849,0.901,2.897,12.00
129.16024,0.944,3.320,12.00
129.17050,0.990,3.782,12.00
129.18066,1.043,4.276,12.00
129.19398,1.043,4.276,12.00
129.20416,1.101,4.769,12.00
129.21508,1.101,4.769,12.00
129.22548,1.171,4.769,12.00
129.23631,1.171,5.285,12.00
129.24646,1.243,5.802,12.00
129.25695,1.243,5.802,12.00
129.26741,1.326,6.364,12.00
129.28060,1.326,6.364,12.00
129.29079,1.405,6.858,12.00
129.30094,1.470,7.360,12.00
129.31118,1.470,7.360,12.00
129.32181,1.470,7.893,12.00
129.33212,1.533,7.893,12.00
129.34249,1.586,8.448,12.00
129.35446,1.586,8.448,12.00
129.36981,1.633,8.448,12.00
129.38006,1.667,9.067,12.00
129.39182,1.667,9.728,0.00
129.40198,1.685,10.458,0.00
129.41264,1.685,10.458,0.00
129.42281,1.689,11.393,0.00
129.43308,1.689,11.393,0.00
129.44341,1.685,12.220,0.00
129.45366,1.685,12.220,0.00
129.46389,1.670,13.030,0.00
129.47415,1.670,13.030,0.00
129.48432,1.638,13.813,0.00
129.49452,1.638,13.813,0.00
129.50468,1.599,14.581,0.00
129.51496,1.560,14.581,0.00
129.52512,1.560,15.372,0.00
129.53528,1.560,15.372,0.00
129.54544,1.560,15.372,0.00
129.55559,1.529,16.181,0.00
129.56574,1.508,17.063,0.00
129.57589,1.488,17.063,0.00
129.58605,1.488,18.111,0.00
129.59661,1.488,18.111,0.00
129.60690,1.458,19.091,0.00
129.61716,1.406,20.134,0.00
129.62747,1.406,20.134,0.00
129.63785,1.335,21.144,0.00
129.64843,1.335,21.144,0.00
129.65874,1.250,22.157,0.00
129.66911,1.250,22.157,0.00
129.67945,1.174,23.126,0.00
129.68980,1.174,23.126,0.00
129.69996,1.174,24.084,0.00
129.71021,1.098,24.084,0.00
129.72037,1.029,25.024,0.00
129.73059,1.029,25.024,0.00
129.74075,0.967,26.051,0.00
129.75143,0.967,26.051,0.00
129.76159,0.900,26.979,0.00
129.77180,0.900,26.979,0.00
129.78208,0.841,27.859,0.00
129.79241,0.841,27.859,0.00
129.80258,0.786,28.732,0.00
129.81274,0.786,28.732,0.00
129.82290,0.730,29.516,0.00
129.83319,0.730,29.516,0.00
129.84334,0.730,29.516,0.00
129.85366,0.730,29.516,0.00
129.86384,0.619,30.235,0.00
129.87403,0.674,30.895,0.00
129.88418,0.575,31.524,0.00
129.89505,0.575,31.524,0.00
129.90528,0.536,32.188,0.00
129.91544,0.536,32.188,0.00
129.92560,0.500,32.717,0.00
129.93597,0.500,33.181,0.00
129.94646,0.461,33.181,0.00
129.95671,0.461,33.181,0.00
129.96702,0.408,33.571,0.00
129.97732,0.356,33.930,0.00
129.98785,0.356,33.930,0.00
129.99802,0.313,33.930,0.00
130.00833,0.313,34.235,0.00
130.01863,0.294,34.235,0.00
130.02890,0.294,34.448,0.00
130.03905,0.281,34.540,0.00
130.04921,0.281,34.540,0.00
130.05944,0.281,34.540,0.00
130.06960,0.264,34.481,0.00
130.07981,0.234,34.309,0.00
130.08997,0.234,34.309,0.00
130.10014,0.196,34.080,0.00
130.11030,0.196,34.080,0.00
130.12046,0.164,33.789,0.00
130.13065,0.164,33.789,0.00
130.14086,0.149,33.451,0.00
130.15220,0.149,33.451,0.00
130.16243,0.154,33.079,0.00
130.17285,0.154,33.079,0.00
130.18302,0.172,32.661,0.00
130.19332,0.172,32.661,0.00
130.20348,0.197,32.176,0.00
130.21417,0.197,32.176,0.00
130.22438,0.216,31.530,0.00
130.23453,0.216,31.530,0.00
130.24469,0.209,30.885,0.00
130.25545,0.209,30.885,0.00
130.26567,0.178,30.198,0.00
130.27620,0.178,30.198,0.00
130.28824,0.119,29.495,0.00
130.29858,0.119,29.495,0.00
130.30872,0.054,28.732,0.00
130.31887,0.054,28.732,0.00
130.32903,0.000,27.915,0.00
130.33923,0.000,27.915,0.00
130.34944,-0.047,27.121,0.00
130.35960,-0.089,26.339,0.00
130.36976,-0.089,26.339,0.00
130.37992,-0.118,25.386,0.00
130.39051,-0.118,25.386,0.00
130.40658,-0.141,24.449,0.00
130.41843,-0.141,24.449,0.00
130.42941,-0.162,23.454,0.00
130.44487,-0.173,22.473,0.00
130.45634,-0.173,22.473,0.00
130.47203,-0.173,21.516,0.00
130.48906,-0.187,20.533,0.00
130.53039,-0.198,18.441,0.00
130.54811,-0.191,17.309,0.00
130.56387,-0.191,17.309,0.00
130.57566,-0.181,16.324,0.00
130.58686,-0.180,15.260,0.00
130.60440,-0.181,14.054,0.00
130.62179,-0.181,14.054,0.00
130.63382,-0.187,12.681,0.00
130.65089,-0.188,12.681,0.00
130.66733,-0.183,9.559,0.00
130.67947,-0.183,9.559,0.00
130.69678,-0.181,7.914,0.00
130.70890,-0.189,6.257,0.00
130.72486,-0.213,6.257,0.00
130.74062,-0.213,2.751,0.00
130.75714,-0.251,2.751,0.00
130.76864,-0.292,1.245,0.00
130.79462,-0.383,-1.553,0.00
130.80584,-0.383,-1.553,0.00
130.81604,-0.440,-2.909,0.00
130.83196,-0.440,-2.909,0.00
130.84384,-0.502,-4.308,0.00
130.85400,-0.502,-4.308,0.00
130.86863,-0.565,-5.676,0.00
130.87912,-0.565,-7.064,0.00
130.88963,-0.565,-7.064,0.00
130.90009,-0.629,-8.000,0.00
130.91131,-0.697,-8.000,0.00
130.92178,-0.697,-8.759,0.00
130.93766,-0.769,-9.336,0.00
130.94889,-0.843,-9.336,0.00
130.96013,-0.843,-9.787,0.00
130.97393,-0.915,-9.787,0.00
130.98743,-0.915,-10.102,0.00
130.99789,-0.986,-10.344,0.00
131.00870,-1.054,-10.344,0.00
131.02445,-1.054,-10.573,0.00
131.03554,-1.124,-10.573,0.00
131.05167,-1.199,-10.792,0.00
131.06773,-1.199,-10.954,0.00
131.08369,-1.342,-10.954,0.00
131.09820,-1.342,-11.082,0.00
131.12264,-1.464,-11.008,0.00
131.13301,-1.464,-11.008,0.00
131.14900,-1.464,-10.871,0.00
131.15916,-1.510,-10.871,0.00
131.17511,-1.547,-10.589,0.00
131.18601,-1.569,-10.589,0.00
131.19781,-1.569,-10.589,0.00
131.21217,-1.576,-10.430,0.00
131.22811,-1.576,-10.281,0.00
131.23970,-1.559,-10.123,0.00
131.25296,-1.559,-10.123,0.00
131.27395,-1.559,-9.964,0.00
131.28467,-1.533,-9.793,0.00
131.30122,-1.533,-9.611,0.00
131.31387,-1.533,-9.611,0.00
131.32998,-1.533,-9.425,0.00
131.34094,-1.533,-9.244,0.00
131.36293,-1.591,-9.244,0.00
131.37900,-1.635,-8.964,0.00
131.44861,-1.794,-8.964,0.00
131.51926,-1.903,-8.779,0.00
131.52989,-1.927,-8.785,0.00
131.54008,-1.320,-1.728,0.00
131.55022,-1.320,-1.728,0.00
131.56038,-1.333,-1.731,0.00
131.57097,-1.333,-1.731,0.00
131.58105,-1.338,-1.734,0.00
131.59137,-1.338,-1.734,0.00
131.60288,-1.335,-1.739,0.00
131.61308,-1.335,-1.739,0.00
131.62327,-1.328,-1.746,0.00
131.63360,-1.328,-1.746,0.00
131.64395,-1.322,-1.754,0.00
131.65593,-1.318,-1.754,0.00
131.66609,-1.318,-1.759,0.00
131.67638,-1.318,-1.759,0.00
131.68661,-1.316,-1.759,0.00
131.69717,-1.316,-1.759,0.00
131.70728,-1.319,-1.752,0.00
131.71743,-1.319,-1.741,0.00
131.72815,-1.332,-1.741,0.00
131.73830,-1.332,-1.728,0.00
131.74891,-1.346,-1.728,0.00
131.75907,-1.346,-1.719,0.00
131.76955,-1.366,-1.719,0.00
131.77982,-1.387,-1.710,0.00
131.79337,-1.387,-1.710,0.00
131.80353,-1.408,-1.710,0.00
131.81382,-1.408,-1.704,0.00
131.82398,-1.426,-1.703,0.00
131.83414,-1.426,-1.703,0.00
131.84430,-1.443,-1.701,0.00
131.85446,-1.443,-1.701,0.00
131.86461,-1.455,-1.702,0.00
131.87515,-1.455,-1.702,0.00
131.88531,-1.456,-1.706,0.00
131.89547,-1.452,-1.706,0.00
131.90579,-1.452,-1.711,0.00
131.91590,-1.452,-1.715,0.00
131.92604,-1.443,-1.715,0.00
131.93620,-1.443,-1.713,0.00
131.94650,-1.432,-1.713,0.00
131.95672,-1.432,-1.712,0.00
131.96709,-1.420,-1.712,0.00
131.97762,-1.420,-1.714,0.00
131.98788,-1.414,-1.714,0.00
131.99829,-1.412,-1.722,0.00
132.00849,-1.412,-1.722,0.00
132.01867,-1.415,-1.735,0.00
132.02883,-1.415,-1.735,0.00
132.03916,-1.422,-1.753,0.00
132.04981,-1.422,-1.753,0.00
132.05996,-1.431,-1.753,0.00
132.07011,-1.431,-1.776,0.00
132.08028,-1.440,-1.803,0.00
132.09043,-1.440,-1.803,0.00
132.10059,-1.440,-1.803,0.00
132.11074,-1.451,-1.829,0.00
132.12290,-1.461,-1.854,0.00
132.13306,-1.461,-1.854,0.00
132.14322,-1.468,-1.873,0.00
132.15339,-1.468,-1.873,0.00
132.16354,-1.468,-1.873,0.00
132.17369,-1.468,-1.873,0.00
132.18403,-1.468,-1.873,0.00
132.19418,-1.470,-1.906,0.00
132.20432,-1.470,-1.920,0.00
132.21450,-1.470,-1.933,0.00
132.22466,-1.467,-1.933,0.00
132.23573,-1.467,-1.933,0.00
132.24660,-1.462,-1.947,0.00
132.25685,-1.462,-1.947,0.00
132.26701,-1.458,-1.961,0.00
132.27717,-1.452,-1.970,0.00
132.28751,-1.452,-1.970,0.00
132.29766,-1.444,-1.974,0.00
132.30782,-1.444,-1.974,0.00
132.31809,-1.440,-1.972,0.00
132.32856,-1.440,-1.972,0.00
132.33874,-1.442,-1.972,0.00
132.34897,-1.442,-1.959,0.00
132.35922,-1.444,-1.943,0.00
132.36951,-1.444,-1.943,0.00
132.37989,-1.444,-1.924,0.00
132.39006,-1.449,-1.924,0.00
132.40022,-1.449,-1.903,0.00
132.41047,-1.452,-1.903,0.00
132.42062,-1.452,-1.879,0.00
132.43088,-1.444,-1.879,0.00
132.44104,-1.433,-1.852,0.00
132.45120,-1.433,-1.852,0.00
132.46165,-1.415,-1.828,0.00
132.47203,-1.415,-1.828,0.00
132.48261,-1.393,-1.806,0.00
132.49285,-1.393,-1.806,0.00
132.50317,-1.369,-1.782,0.00
132.51346,-1.369,-1.782,0.00
132.52362,-1.346,-1.782,0.00
132.53390,-1.346,-1.760,0.00
132.54409,-1.327,-1.736,0.00
132.55425,-1.327,-1.736,0.00
132.56441,-1.308,-1.709,0.00
132.57479,-1.308,-1.709,0.00
132.58514,-1.291,-1.685,0.00
132.59548,-1.291,-1.685,0.00
132.60579,-1.274,-1.666,0.00
132.61610,-1.274,-1.666,0.00
132.62661,-1.260,-1.655,0.00
132.63677,-1.248,-1.655,0.00
132.64783,-1.248,-1.649,0.00
132.65840,-1.236,-1.649,0.00
132.66856,-1.236,-1.647,0.00
132.67872,-1.236,-1.647,0.00
132.68905,-1.226,-1.643,0.00
132.69922,-1.216,-1.643,0.00
132.70941,-1.216,-1.647,0.00
132.71958,-1.204,-1.662,0.00
132.72973,-1.204,-1.662,0.00
132.73989,-1.189,-1.683,0.00
132.75006,-1.189,-1.683,0.00
132.76021,-1.175,-1.700,0.00
132.77057,-1.175,-1.700,0.00
132.78083,-1.158,-1.712,0.00
132.79106,-1.158,-1.712,0.00
132.80122,-1.140,-1.723,0.00
132.81138,-1.140,-1.723,0.00
132.82163,-1.119,-1.735,0.00
132.83271,-1.119,-1.735,0.00
132.84305,-1.100,-1.742,0.00
