time,contralateral_sh_el_deg,sh_el_deg,stim_curr
0.01228,0.152,5.721,0.00
0.02284,0.152,5.721,0.00
0.03306,0.175,5.724,0.00
0.04321,0.175,5.724,0.00
0.05345,0.187,5.723,0.00
0.06362,0.187,5.723,0.00
0.07378,0.195,5.725,0.00
0.08397,0.195,5.725,0.00
0.09419,0.204,5.724,0.00
0.10435,0.211,5.724,0.00
0.11451,0.211,5.724,0.00
0.12468,0.218,5.723,0.00
0.13484,0.218,5.723,0.00
0.14501,0.226,5.724,0.00
0.15519,0.226,5.724,0.00
0.16535,0.233,5.726,0.00
0.17551,0.233,5.726,0.00
0.18570,0.236,5.728,0.00
0.19637,0.236,5.728,0.00
0.20672,0.243,5.732,0.00
0.21734,0.243,5.732,0.00
0.22754,0.251,5.742,0.00
0.23788,0.251,5.742,0.00
0.24824,0.258,5.752,0.00
0.25878,0.258,5.752,0.00
0.26903,0.262,5.754,0.00
0.27930,0.262,5.754,0.00
0.28958,0.270,5.761,0.00
0.30040,0.270,5.761,0.00
0.31056,0.277,5.769,0.00
0.32072,0.277,5.769,0.00
0.33112,0.279,5.777,0.00
0.34152,0.282,5.777,0.00
0.35216,0.282,5.784,0.00
0.36233,0.283,5.791,0.00
0.37264,0.283,5.791,0.00
0.38294,0.285,5.797,0.00
0.39319,0.285,5.797,0.00
0.40336,0.285,5.797,0.00
0.41352,0.288,5.804,0.00
0.42368,0.288,5.812,0.00
0.43384,0.285,5.812,0.00
0.44415,0.281,5.820,0.00
0.45431,0.281,5.820,0.00
0.46462,0.275,5.830,0.00
0.47516,0.275,5.830,0.00
0.48551,0.275,5.830,0.00
0.49571,0.275,5.839,0.00
0.50590,0.275,5.839,0.00
0.51606,0.279,5.847,0.00
0.52622,0.284,5.854,0.00
0.53644,0.284,5.854,0.00
0.54661,0.284,5.859,0.00
0.55677,0.284,5.859,0.00
0.56694,0.276,5.864,0.00
0.57717,0.276,5.864,0.00
0.58733,0.274,5.864,0.00
0.59749,0.274,5.868,0.00
0.60765,0.274,5.868,0.00
0.61794,0.273,5.871,0.00
0.62833,0.273,5.871,0.00
0.63866,0.269,5.869,0.00
0.64885,0.269,5.869,0.00
0.65902,0.272,5.871,0.00
0.66990,0.272,5.871,0.00
0.68009,0.270,5.873,0.00
0.69043,0.261,5.873,0.00
0.70095,0.261,5.873,0.00
0.71326,0.261,5.873,0.00
0.72345,0.257,5.874,0.00
0.73362,0.257,5.874,0.00
0.74394,0.259,5.874,0.00
0.75413,0.259,5.870,0.00
0.76429,0.260,5.870,0.00
0.77445,0.260,5.867,0.00
0.78463,0.260,5.867,0.00
0.79479,0.257,5.868,0.00
0.80496,0.253,5.869,0.00
0.81542,0.253,5.869,0.00
0.82572,0.254,5.866,0.00
0.83815,0.251,5.866,0.00
0.84855,0.251,5.861,0.00
0.85880,0.251,5.861,0.00
0.86907,0.252,5.856,0.00
0.87950,0.252,5.856,0.00
0.88966,0.254,5.851,0.00
0.89988,0.254,5.851,0.00
0.91004,0.254,5.853,0.00
0.92021,0.254,5.847,0.00
0.93037,0.255,5.847,0.00
0.94102,0.255,5.843,0.00
0.95131,0.255,5.843,0.00
0.96148,0.255,5.837,0.00
0.97164,0.255,5.837,0.00
0.98211,0.255,5.837,0.00
0.99228,0.256,5.832,0.00
1.00244,0.261,5.824,0.00
1.01260,0.261,5.824,0.00
1.02276,0.263,5.819,0.00
1.03291,0.263,5.819,0.00
1.04307,0.265,5.819,0.00
1.05320,0.265,5.815,0.00
1.06394,0.272,5.815,0.00
1.07411,0.272,5.815,0.00
1.08430,0.276,5.814,0.00
1.09448,0.276,5.814,0.00
1.10482,0.274,5.810,0.00
1.11506,0.274,5.810,0.00
1.12521,0.275,5.810,0.00
1.13574,0.275,5.810,0.00
1.14632,0.276,5.812,0.00
1.15699,0.276,5.812,0.00
1.16722,0.280,5.811,0.00
1.17822,0.280,5.811,0.00
1.18858,0.292,5.809,0.00
1.19926,0.292,5.809,0.00
1.20943,0.307,5.805,0.00
1.21987,0.319,5.804,0.00
1.23020,0.319,5.804,0.00
1.24038,0.319,5.801,0.00
1.25055,0.331,5.801,0.00
1.26071,0.331,5.801,0.00
1.27087,0.344,5.801,0.00
1.28123,0.344,5.801,0.00
1.29140,0.352,5.801,0.00
1.30155,0.352,5.801,0.00
1.31208,0.350,5.801,0.00
1.32239,0.348,5.800,0.00
1.33255,0.348,5.800,0.00
1.34271,0.357,5.802,0.00
1.35287,0.357,5.802,0.00
1.36302,0.374,5.804,0.00
1.37318,0.374,5.804,0.00
1.38336,0.421,5.807,0.00
1.39352,0.421,5.807,0.00
1.40370,0.486,5.807,0.00
1.41393,0.486,5.806,0.00
1.42473,0.561,5.809,0.00
1.43490,0.561,5.809,0.00
1.44506,0.651,5.808,0.00
1.45522,0.651,5.808,0.00
1.46539,0.749,5.810,0.00
1.47553,0.749,5.810,0.00
1.48576,0.840,5.812,0.00
1.49604,0.840,5.812,0.00
1.50621,0.925,5.815,0.00
1.51643,0.925,5.815,0.00
1.52659,1.013,5.816,0.00
1.53693,1.013,5.816,0.00
1.54714,1.101,5.814,0.00
1.55776,1.182,5.814,0.00
1.56801,1.182,5.810,0.00
1.57827,1.182,5.810,0.00
1.58842,1.240,5.807,0.00
1.59859,1.240,5.810,0.00
1.60881,1.276,5.810,0.00
1.61898,1.276,5.810,0.00
1.62924,1.309,5.810,0.00
1.63943,1.309,5.804,0.00
1.64978,1.337,5.804,0.00
1.66016,1.337,5.797,0.00
1.67053,1.363,5.797,0.00
1.68072,1.363,5.797,0.00
1.69088,1.376,5.792,0.00
1.70104,1.376,5.792,0.00
1.71120,1.403,5.790,0.00
1.72136,1.454,5.790,0.00
1.73152,1.454,5.805,0.00
1.74168,1.454,5.805,0.00
1.75187,1.527,5.838,0.00
1.76202,1.646,5.876,0.00
1.77229,1.646,5.876,0.00
1.78254,1.775,5.927,0.00
1.79269,1.775,5.927,0.00
1.80289,1.857,5.969,0.00
1.81310,1.857,5.969,0.00
1.82326,1.891,6.003,0.00
1.83341,1.891,6.003,0.00
1.84357,1.891,6.026,0.00
1.85374,1.901,6.026,0.00
1.86391,1.901,6.035,0.00
1.87407,1.899,6.035,0.00
1.88425,1.904,6.039,0.00
1.89454,1.904,6.039,0.00
1.90474,1.922,6.042,0.00
1.91497,1.922,6.042,0.00
1.92514,1.966,6.040,0.00
1.93529,1.966,6.040,0.00
1.94545,2.017,6.039,0.00
1.95803,2.017,6.039,0.00
1.96819,2.049,6.032,0.00
1.97880,2.049,6.032,0.00
1.98916,2.049,6.032,0.00
1.99950,2.049,6.032,0.00
2.00994,2.049,6.032,0.00
2.02036,2.049,6.032,0.00
2.03055,2.055,6.035,0.00
2.04098,2.021,5.994,0.00
2.05115,1.980,5.839,0.00
2.06131,1.980,5.839,0.00
2.07161,1.986,5.760,0.00
2.08212,1.986,5.760,0.00
2.09228,1.986,5.760,0.00
2.10247,2.025,5.760,0.00
2.11269,2.025,5.716,0.00
2.12285,2.021,5.710,0.00
2.13302,2.021,5.710,0.00
2.14325,2.021,5.710,0.00
2.15341,2.017,5.726,0.00
2.16418,2.024,5.774,0.00
2.17434,2.024,5.774,0.00
2.18469,2.043,5.837,0.00
2.19491,2.043,5.837,0.00
2.20514,2.064,5.892,0.00
2.21630,2.064,5.892,0.00
2.22675,2.086,5.921,0.00
2.23690,2.086,5.921,0.00
2.24704,2.101,5.919,0.00
2.25755,2.101,5.919,0.00
2.26804,2.107,5.877,0.00
2.27855,2.107,5.877,0.00
2.28885,2.103,5.810,0.00
2.29922,2.065,5.810,0.00
2.30966,2.065,5.758,0.00
2.32020,2.065,5.705,0.00
2.33057,2.039,5.705,0.00
2.34104,2.039,5.626,0.00
2.35138,2.032,5.626,0.00
2.36180,2.019,5.519,0.00
2.37233,2.019,5.519,0.00
2.38266,2.019,5.519,0.00
2.39285,2.019,5.519,0.00
2.40303,2.019,5.519,0.00
2.41367,1.979,5.316,0.00
2.42384,1.969,5.316,0.00
2.43400,1.969,5.235,0.00
2.44415,1.969,5.235,0.00
2.45430,1.960,5.171,0.00
2.46446,1.963,5.129,0.00
2.47462,1.963,5.129,0.00
2.48479,1.989,5.101,0.00
2.49506,1.989,5.101,0.00
2.50525,2.022,5.082,0.00
2.51565,2.022,5.082,0.00
2.52585,2.056,5.065,0.00
2.53658,2.056,5.065,0.00
2.54673,2.061,5.046,0.00
2.55695,2.061,5.046,0.00
2.56710,2.035,5.039,0.00
2.57788,2.035,5.039,0.00
2.58910,1.943,5.041,0.00
2.59925,1.943,5.041,0.00
2.60943,1.844,5.048,0.00
2.61959,1.793,5.048,0.00
2.62987,1.793,5.029,0.00
2.64008,1.793,5.029,0.00
2.65023,1.790,4.982,0.00
2.66039,1.790,4.982,0.00
2.67054,1.830,4.908,0.00
2.68069,1.830,4.908,0.00
2.69085,1.877,4.809,0.00
2.70101,1.874,4.723,0.00
2.71117,1.874,4.723,0.00
2.72133,1.830,4.662,0.00
2.73149,1.830,4.662,0.00
2.74219,1.766,4.633,0.00
2.75260,1.766,4.633,0.00
2.76287,1.690,4.651,0.00
2.77305,1.690,4.651,0.00
2.78363,1.625,4.703,0.00
2.79378,1.625,4.703,0.00
2.80438,1.565,4.754,0.00
2.81468,1.565,4.754,0.00
2.82499,1.541,4.775,0.00
2.83525,1.541,4.775,0.00
2.84554,1.552,4.767,0.00
2.85575,1.552,4.767,0.00
2.86625,1.523,4.747,0.00
2.87690,1.523,4.747,0.00
2.88747,1.449,4.765,0.00
2.90046,1.449,4.765,0.00
2.91068,1.417,4.838,0.00
2.92251,1.417,4.954,0.00
2.93256,1.440,4.954,0.00
2.94272,1.469,4.954,0.00
2.95287,1.469,5.057,0.00
2.96339,1.572,5.057,0.00
2.97354,1.572,5.111,0.00
2.98394,1.784,5.112,0.00
2.99410,1.784,5.112,0.00
3.00443,2.126,5.081,0.00
3.01468,2.126,5.081,0.00
3.02484,2.596,5.055,0.00
3.03507,2.596,5.055,0.00
3.04833,3.119,5.055,0.00
3.05858,3.119,5.055,0.00
3.06874,3.641,5.084,0.00
3.08001,3.641,5.084,0.00
3.09017,4.132,5.130,0.00
3.10032,4.132,5.130,0.00
3.11049,4.664,5.179,0.00
3.12065,4.664,5.179,0.00
3.13081,5.298,5.174,0.00
3.14100,6.082,5.174,0.00
3.15117,6.082,5.106,0.00
3.16163,6.900,5.106,0.00
3.17198,6.900,4.980,0.00
3.18216,6.900,4.837,0.00
3.19233,7.735,4.837,0.00
3.20249,7.735,4.728,0.00
3.21266,8.622,4.728,0.00
3.22282,8.622,4.663,0.00
3.23301,9.604,4.663,0.00
3.25890,10.602,4.620,0.00
3.26906,10.602,4.574,0.00
3.29073,12.433,4.538,8.00
3.30091,13.186,4.538,8.00
3.32282,13.186,4.486,8.00
3.33306,13.917,4.433,8.00
3.34323,13.917,4.385,8.00
3.35469,14.609,4.385,8.00
3.36488,15.182,4.357,8.00
3.37504,15.182,4.357,8.00
3.38533,15.182,4.357,8.00
3.39551,15.615,4.353,8.00
3.40567,15.839,4.369,8.00
3.41855,15.839,4.369,8.00
3.42905,15.811,4.404,8.00
3.43921,15.811,4.448,8.00
3.45098,15.608,4.448,8.00
3.46115,15.608,4.492,8.00
3.47132,15.297,4.492,8.00
3.49823,15.297,4.492,8.00
3.50845,14.541,4.542,8.00
3.52974,14.203,4.542,8.00
3.54052,13.766,4.542,8.00
3.56211,13.096,4.543,8.00
3.57246,13.096,4.550,8.00
3.59538,13.096,4.583,8.00
3.60586,11.475,4.665,8.00
3.62540,11.475,4.665,8.00
3.63557,10.671,4.851,8.00
3.64572,9.816,5.102,8.00
3.65803,9.816,5.102,8.00
3.66821,8.965,5.283,8.00
3.67975,8.965,5.283,8.00
3.69071,8.965,5.288,8.00
3.70119,8.181,5.288,8.00
3.71134,7.476,5.306,8.00
3.72195,7.476,5.348,8.00
3.73268,6.821,5.348,8.00
3.74284,6.821,5.362,8.00
3.75393,6.194,5.362,8.00
3.76412,5.566,5.353,8.00
3.77444,5.566,5.353,8.00
3.80276,4.764,5.527,8.00
3.81293,4.764,5.527,8.00
3.83432,4.776,5.744,8.00
3.84511,4.804,5.965,8.00
3.86578,4.804,5.965,8.00
3.87596,4.863,6.112,8.00
3.89908,5.006,6.138,8.00
3.90926,5.214,6.138,8.00
3.92939,5.214,6.138,8.00
3.93962,5.366,5.994,8.00
3.94977,5.502,5.903,8.00
3.96368,5.694,5.833,8.00
3.97407,5.694,5.833,8.00
3.98424,5.694,5.876,8.00
3.99495,5.838,5.876,8.00
4.00512,5.867,6.041,8.00
4.01527,5.867,6.041,8.00
4.02671,5.854,6.041,8.00
4.03819,5.854,6.326,8.00
4.04847,5.877,6.775,8.00
4.06062,5.908,6.775,8.00
4.07079,5.908,7.433,8.00
4.08095,5.908,7.433,8.00
4.10546,5.921,8.169,8.00
4.11573,5.914,9.010,8.00
4.14029,5.871,9.908,8.00
4.15051,5.798,10.870,8.00
4.16067,5.798,11.851,8.00
4.17088,5.686,11.851,8.00
4.18108,5.535,12.890,8.00
4.19152,5.535,12.890,8.00
4.20173,5.535,12.890,8.00
4.21201,5.382,13.929,8.00
4.22220,5.382,13.929,8.00
4.23361,5.220,15.081,8.00
4.24387,5.220,16.105,8.00
4.25402,5.085,16.105,8.00
4.28172,5.001,18.155,8.00
4.29205,4.968,18.155,8.00
4.31448,4.973,18.155,8.00
4.32476,5.007,20.073,8.00
4.35042,5.007,20.073,8.00
4.36058,5.064,20.944,8.00
4.37763,5.143,21.769,8.00
4.38789,5.237,22.677,8.00
4.39804,5.237,22.677,8.00
4.40948,5.237,22.677,8.00
4.41967,5.323,23.429,8.00
4.42983,5.391,24.211,8.00
4.44333,5.445,25.007,8.00
4.45348,5.445,25.007,8.00
4.46374,5.481,25.802,8.00
4.47399,5.481,25.802,8.00
4.48440,5.493,26.632,8.00
4.49471,5.493,26.632,8.00
4.50732,5.473,26.632,8.00
4.51773,5.473,28.345,8.00
4.52817,5.436,28.345,8.00
4.55393,5.436,29.279,8.00
4.56431,5.358,30.107,8.00
4.58669,5.358,30.957,8.00
4.59825,5.310,30.957,8.00
4.61735,5.274,31.819,8.00
4.62825,5.242,32.720,8.00
4.65324,5.213,32.720,8.50
4.66321,5.190,34.463,8.50
4.68294,5.190,34.463,8.50
4.69313,5.185,35.313,8.50
4.70341,5.185,36.263,8.50
4.71414,5.190,36.263,8.50
4.72505,5.190,37.123,8.50
4.73549,5.190,37.123,8.50
4.74643,5.203,37.945,8.50
4.75758,5.203,37.945,8.50
4.76775,5.225,38.740,8.50
4.78130,5.242,38.740,8.50
4.79145,5.242,39.548,8.50
4.80162,5.255,40.420,8.50
4.81188,5.255,40.420,8.50
4.82202,5.243,40.420,8.50
4.83217,5.243,41.317,8.50
4.85900,5.243,43.120,8.50
4.86918,5.199,43.120,8.50
4.88954,5.199,43.120,8.50
4.89972,5.153,43.938,8.50
4.92182,5.056,44.737,8.50
4.93200,5.056,45.537,8.50
4.95445,5.008,46.325,8.50
4.96476,4.956,47.125,8.50
4.98532,4.956,47.125,8.50
4.99548,4.924,47.896,8.50
5.00564,4.921,48.667,8.50
5.01985,4.921,49.533,8.50
5.03022,4.939,49.533,8.50
5.04038,4.939,49.533,8.50
5.05053,4.954,50.253,8.50
5.06089,4.954,50.253,8.50
5.07117,4.960,50.960,8.50
5.08336,4.960,51.629,8.50
5.09373,4.960,51.629,8.50
5.10420,4.954,52.301,8.50
5.13025,4.973,52.955,8.50
5.14045,5.005,53.558,8.50
5.16188,5.005,54.113,8.50
5.17207,5.035,54.113,8.50
5.19373,5.035,54.113,8.50
5.20391,5.083,55.122,8.50
5.22712,5.098,55.495,8.50
5.23897,5.098,55.495,8.50
5.26111,5.107,56.168,8.50
5.27127,5.096,56.168,8.50
5.29061,5.080,56.466,8.50
5.30110,5.065,56.747,8.50
5.31126,5.065,56.747,8.50
5.32140,5.065,56.747,8.50
5.33171,5.049,56.949,8.50
5.34189,5.018,57.138,8.50
5.35635,5.018,57.138,8.50
5.36748,4.986,57.398,8.50
5.37782,4.986,57.398,8.50
5.38797,4.970,57.646,8.50
5.39847,4.970,57.646,8.50
5.40863,4.946,57.904,8.50
5.41950,4.946,57.904,8.50
5.42966,4.919,58.110,8.50
5.44098,4.919,58.110,8.50
5.46566,4.909,58.324,8.50
5.47586,4.917,58.559,8.50
5.49815,4.933,58.782,8.50
5.50844,4.951,59.015,8.50
5.53004,4.975,59.284,8.50
5.54038,4.975,59.284,8.50
5.55072,5.001,59.548,8.50
5.56300,5.018,59.548,8.50
5.57317,5.018,59.833,8.50
5.58332,5.018,60.172,8.50
5.59353,5.028,60.172,8.50
5.60459,5.028,60.578,8.50
5.61489,5.030,60.578,8.50
5.62794,5.023,60.981,8.50
5.63828,5.023,60.981,8.50
5.64872,5.017,61.375,8.50
5.67459,5.007,61.698,8.50
5.68475,4.990,61.994,8.50
5.70534,4.990,61.994,8.50
5.71551,4.982,62.257,8.50
5.73855,4.963,62.504,8.50
5.74902,4.950,62.750,8.50
5.77080,4.939,63.000,8.50
5.78120,4.919,63.268,8.50
5.79136,4.919,63.268,8.50
5.80161,4.919,63.268,8.50
5.81190,4.911,63.580,8.50
5.82206,4.913,63.909,8.50
5.83440,4.913,63.909,8.50
5.84458,4.902,64.310,8.50
5.85475,4.902,64.310,8.50
5.86652,4.902,64.668,8.50
5.87992,4.884,64.668,8.50
5.89010,4.868,65.027,8.50
5.91397,4.868,65.027,8.50
5.92415,4.923,65.781,8.50
5.94623,4.923,65.781,8.50
5.95644,4.957,66.186,8.50
5.97794,4.993,66.603,8.50
5.98841,5.035,67.017,8.50
6.01062,5.089,67.399,8.50
6.02102,5.089,67.684,8.50
6.04480,5.152,67.942,8.50
6.05512,5.224,67.942,8.50
6.07327,5.224,67.942,8.50
6.08345,5.280,68.167,8.50
6.09361,5.332,68.342,8.50
6.10531,5.332,68.342,8.50
6.11550,5.375,68.422,8.50
6.12594,5.398,68.455,8.50
6.13829,5.398,68.455,8.50
6.14877,5.409,68.482,8.50
6.15925,5.409,68.482,8.50
6.16991,5.430,68.482,8.50
6.18080,5.430,68.542,8.50
6.19095,5.445,68.621,8.50
6.20275,5.427,68.700,8.50
6.21337,5.427,68.700,8.50
6.22370,5.386,68.830,8.50
6.24971,5.346,68.830,8.50
6.26012,5.323,69.000,8.50
6.28179,5.306,69.180,8.50
6.29218,5.306,69.374,8.50
6.31399,5.306,69.581,8.50
6.32423,5.243,69.843,8.50
6.33455,5.243,69.843,8.50
6.34677,5.243,70.064,8.50
6.35706,5.211,70.064,8.50
6.36859,5.196,70.284,8.50
6.37937,5.196,70.284,8.50
6.38960,5.197,70.514,8.50
6.39974,5.217,70.732,8.50
6.41039,5.217,70.732,0.00
6.42076,5.239,70.948,0.00
6.43113,5.239,70.948,0.00
6.44157,5.251,71.098,0.00
6.45171,5.251,71.098,0.00
6.46189,5.253,71.191,0.00
6.47205,5.253,71.191,0.00
6.48222,5.261,71.259,0.00
6.49239,5.261,71.259,0.00
6.50255,5.273,71.292,0.00
6.51271,5.273,71.292,0.00
6.52287,5.269,71.328,0.00
6.53303,5.269,71.328,0.00
6.54358,5.253,71.334,0.00
6.55374,5.253,71.334,0.00
6.56391,5.244,71.326,0.00
6.57407,5.244,71.326,0.00
6.58423,5.237,71.334,0.00
6.59451,5.237,71.334,0.00
6.60485,5.210,71.350,0.00
6.61514,5.210,71.350,0.00
6.62530,5.164,71.386,0.00
6.63549,5.164,71.386,0.00
6.64585,5.127,71.437,0.00
6.65626,5.127,71.437,0.00
6.66663,5.099,71.495,0.00
6.67755,5.099,71.562,0.00
6.68770,5.043,71.562,0.00
6.69786,4.916,71.562,0.00
6.70801,4.916,71.643,0.00
6.71817,4.916,71.643,0.00
6.72833,4.779,71.761,0.00
6.73849,4.779,71.761,0.00
6.74864,4.680,71.890,0.00
6.75953,4.680,71.890,0.00
6.76970,4.614,72.025,0.00
6.78064,4.614,72.025,0.00
6.79080,4.521,72.137,0.00
6.80096,4.521,72.137,0.00
6.81113,4.367,72.214,0.00
6.82129,4.204,72.214,0.00
6.83147,4.204,72.258,0.00
6.84163,4.110,72.258,0.00
6.85208,4.110,72.250,0.00
6.86246,4.062,72.170,0.00
6.87261,4.062,72.170,0.00
6.88284,4.062,72.021,0.00
6.89300,3.973,72.021,0.00
6.90316,3.973,71.827,0.00
6.91337,3.893,71.827,0.00
6.92353,3.927,71.598,0.00
6.93368,3.927,71.598,0.00
6.94502,4.037,71.286,0.00
6.95522,4.037,71.286,0.00
6.96539,4.128,70.719,0.00
6.97555,4.128,70.719,0.00
6.98571,4.128,70.032,0.00
6.99595,4.182,70.032,0.00
7.00622,4.239,69.328,0.00
7.01639,4.239,69.328,0.00
7.02663,4.318,68.604,0.00
7.03678,4.318,68.604,0.00
7.04694,4.397,67.686,0.00
7.05711,4.397,67.686,0.00
7.06753,4.444,66.418,0.00
7.07768,4.444,66.418,0.00
7.08793,4.459,64.976,0.00
7.09811,4.459,64.976,0.00
7.10827,4.443,63.577,0.00
7.12001,4.443,63.577,0.00
7.13024,4.424,61.956,0.00
7.14041,4.407,61.956,0.00
7.15070,4.407,60.226,0.00
7.16092,4.407,60.226,0.00
7.17117,4.374,58.271,0.00
7.18181,4.352,58.271,0.00
7.19218,4.352,56.364,0.00
7.20268,4.335,54.589,0.00
7.21284,4.335,54.589,0.00
7.22300,4.335,52.855,0.00
7.23329,4.320,52.855,0.00
7.24346,4.320,50.957,0.00
7.25362,4.284,50.957,0.00
7.26444,4.238,48.903,0.00
7.27469,4.238,48.903,0.00
7.28554,4.228,46.578,0.00
7.29573,4.228,46.578,0.00
7.30593,4.246,44.514,0.00
7.31633,4.246,44.514,0.00
7.32648,4.307,42.252,0.00
7.33674,4.307,42.252,0.00
7.34690,4.376,39.628,0.00
7.35748,4.376,39.628,0.00
7.36775,4.428,36.812,0.00
7.37797,4.428,33.955,0.00
7.38817,4.460,33.955,0.00
7.39833,4.460,33.955,0.00
7.40849,4.505,31.151,0.00
7.41881,4.505,31.151,0.00
7.42921,4.505,28.335,0.00
7.44004,4.618,28.335,0.00
7.45107,4.618,25.068,0.00
7.46722,4.758,22.044,0.00
7.47748,4.758,22.044,0.00
7.48886,5.054,18.952,0.00
7.49927,5.452,18.952,0.00
7.50964,5.452,15.973,0.00
7.52576,5.996,13.223,0.00
7.53621,5.996,13.223,0.00
7.54641,6.611,13.223,0.00
7.56053,6.611,10.727,0.00
7.57596,6.611,10.727,0.00
7.58873,7.292,8.423,0.00
7.59961,7.998,6.282,0.00
7.61014,7.998,6.282,0.00
7.62124,7.998,4.128,0.00
7.63161,9.284,4.128,0.00
7.64201,9.284,1.302,0.00
7.65242,9.607,1.302,0.00
7.66441,9.884,0.427,0.00
7.67522,9.884,0.427,0.00
7.68645,10.205,-0.065,0.00
7.69663,10.205,-0.065,0.00
7.70700,10.474,-0.065,0.00
7.71787,10.474,-0.168,0.00
7.73379,10.649,0.175,0.00
7.74539,10.649,0.175,0.00
7.75632,10.665,0.898,0.00
7.76849,10.665,0.898,0.00
7.77943,10.464,2.052,0.00
7.79002,10.464,3.110,0.00
7.80042,10.464,3.110,0.00
7.81096,10.464,4.111,0.00
7.82154,10.168,4.111,0.00
7.83167,10.168,4.888,0.00
7.84299,10.168,4.888,0.00
7.85340,10.467,4.888,0.00
7.86452,10.995,5.930,0.00
7.88055,11.256,6.311,0.00
7.89074,11.256,6.311,0.00
7.90126,11.256,6.311,0.00
7.91159,11.270,6.311,0.00
7.92331,11.270,6.590,0.00
7.93416,11.474,6.771,0.00
7.94854,11.474,6.771,0.00
7.96431,11.669,6.817,0.00
7.97484,11.669,6.797,0.00
7.98552,11.669,6.724,0.00
8.00967,11.371,6.724,0.00
8.02830,11.200,6.324,0.00
8.04064,11.200,6.324,0.00
8.05642,11.172,5.989,0.00
8.06805,11.124,5.989,0.00
8.07943,11.124,5.989,0.00
8.09370,11.126,5.087,0.00
8.10920,11.126,5.087,0.00
8.12471,11.191,4.609,0.00
8.13663,11.238,4.130,0.00
8.15056,11.282,3.658,0.00
8.16343,11.282,3.658,0.00
8.17438,11.479,3.196,0.00
8.19880,11.834,2.746,0.00
8.21595,12.280,2.355,0.00
8.23840,12.773,1.731,0.00
8.26158,13.439,1.731,0.00
8.27705,13.439,1.493,0.00
8.28736,13.578,1.377,0.00
8.29931,13.578,1.336,0.00
8.31270,13.429,1.336,0.00
8.32585,13.429,1.347,0.00
8.33698,13.291,1.347,0.00
8.35275,13.291,1.387,0.00
8.36811,13.239,1.387,0.00
8.37827,13.239,1.458,0.00
8.38881,12.978,1.537,0.00
8.39936,12.978,1.537,0.00
8.41064,13.004,1.603,0.00
8.46232,13.004,1.708,0.00
8.47250,14.426,1.762,0.00
8.48280,14.732,1.894,0.00
8.49382,14.732,1.894,0.00
8.54852,15.086,1.894,0.00
8.55878,15.086,2.186,0.00
8.56895,3.770,2.312,0.00
8.57940,3.770,-1.818,0.00
8.58959,3.463,-1.704,0.00
8.59974,3.463,-1.704,0.00
8.60992,3.097,-1.577,0.00
8.62028,3.097,-1.577,0.00
8.63044,2.676,-1.447,0.00
8.64072,2.676,-1.447,0.00
8.65090,2.235,-1.313,0.00
8.66106,1.712,-1.184,0.00
8.67123,1.712,-1.184,0.00
8.68157,1.074,-1.064,0.00
8.69173,1.074,-1.064,0.00
8.70189,0.403,-0.994,0.00
8.71203,0.403,-0.994,0.00
8.72216,-0.251,-0.968,0.00
8.73248,-0.251,-0.968,0.00
8.74281,-0.929,-0.978,0.00
8.75317,-0.929,-0.978,0.00
8.76329,-1.646,-0.978,0.00
8.77346,-1.646,-1.002,0.00
8.78363,-2.365,-1.002,0.00
8.79378,-2.365,-1.032,0.00
8.80394,-3.056,-1.065,0.00
8.81410,-3.056,-1.065,0.00
8.82440,-3.728,-1.097,0.00
8.83465,-3.728,-1.097,0.00
8.84481,-4.431,-1.110,0.00
8.85498,-4.431,-1.110,0.00
8.86514,-5.106,-1.101,0.00
8.87536,-5.106,-1.101,0.00
8.88555,-5.670,-1.083,0.00
8.89603,-5.670,-1.083,0.00
8.90593,-6.219,-1.073,0.00
8.91613,-6.219,-1.073,0.00
8.92630,-6.774,-1.075,0.00
8.93651,-6.774,-1.075,0.00
8.94661,-7.240,-1.084,0.00
8.95749,-7.240,-1.084,0.00
8.96772,-7.512,-1.095,0.00
8.97820,-7.512,-1.095,0.00
8.98836,-7.632,-1.104,0.00
8.99884,-7.632,-1.092,0.00
9.00900,-7.709,-1.092,0.00
9.01935,-7.709,-1.063,0.00
9.02966,-7.730,-1.063,0.00
9.03989,-7.697,-1.063,0.00
9.05003,-7.697,-1.011,0.00
9.06021,-7.697,-1.011,0.00
9.07040,-7.637,-0.952,0.00
9.08062,-7.637,-0.952,0.00
9.09079,-7.487,-0.881,0.00
9.10095,-7.487,-0.881,0.00
9.11111,-7.244,-0.811,0.00
9.12127,-7.244,-0.811,0.00
9.13144,-7.244,-0.811,0.00
9.14161,-7.244,-0.811,0.00
9.15191,-6.742,-0.735,0.00
9.16207,-6.504,-0.652,0.00
9.17222,-6.504,-0.652,0.00
9.18478,-6.249,-0.558,0.00
9.19498,-6.249,-0.558,0.00
9.20520,-6.054,-0.466,0.00
9.21537,-6.054,-0.466,0.00
9.22556,-5.931,-0.372,0.00
9.23573,-5.931,-0.372,0.00
9.24590,-5.843,-0.294,0.00
9.25605,-5.843,-0.294,0.00
9.26621,-5.776,-0.227,0.00
9.27637,-5.776,-0.227,0.00
9.28653,-5.699,-0.180,0.00
9.29673,-5.699,-0.180,0.00
9.30690,-5.645,-0.142,0.00
9.31714,-5.645,-0.142,0.00
9.32732,-5.627,-0.095,0.00
9.33753,-5.627,-0.095,0.00
9.34769,-5.620,-0.039,0.00
9.35800,-5.620,-0.039,0.00
9.36817,-5.601,0.023,0.00
9.37843,-5.601,0.023,0.00
9.38858,-5.574,0.087,0.00
9.39875,-5.574,0.087,0.00
9.40890,-5.562,0.140,0.00
9.41909,-5.563,0.169,0.00
9.42946,-5.563,0.169,0.00
9.43988,-5.563,0.169,0.00
9.45014,-5.563,0.155,0.00
9.46394,-5.563,0.155,0.00
9.47411,-5.568,0.118,0.00
9.48426,-5.561,0.047,0.00
9.49445,-5.561,0.047,0.00
9.50460,-5.573,-0.058,0.00
9.51482,-5.573,-0.058,0.00
9.52500,-5.759,-0.187,0.00
9.53526,-5.759,-0.187,0.00
9.54542,-5.759,-0.343,0.00
9.55558,-6.079,-0.343,0.00
9.56615,-6.262,-0.481,0.00
9.57632,-6.262,-0.481,0.00
9.58695,-6.304,-0.609,0.00
9.59725,-6.304,-0.609,0.00
9.60741,-6.310,-0.703,0.00
9.61962,-6.310,-0.703,0.00
9.62978,-6.278,-0.760,0.00
9.63994,-6.278,-0.760,0.00
9.65008,-6.268,-0.769,0.00
9.66036,-6.268,-0.769,0.00
9.67051,-6.307,-0.739,0.00
9.68066,-6.307,-0.683,0.00
9.69083,-6.369,-0.683,0.00
9.70099,-6.409,-0.683,0.00
9.71115,-6.409,-0.611,0.00
9.72131,-6.409,-0.611,0.00
9.73145,-6.420,-0.541,0.00
9.74161,-6.420,-0.541,0.00
9.75208,-6.431,-0.508,0.00
9.76224,-6.448,-0.524,0.00
9.77239,-6.448,-0.524,0.00
9.78254,-6.497,-0.596,0.00
9.79270,-6.497,-0.596,0.00
9.80286,-6.581,-0.703,0.00
9.81301,-6.581,-0.703,0.00
9.82406,-6.663,-0.725,0.00
9.83430,-6.663,-0.725,0.00
9.84446,-6.727,-0.665,0.00
9.85548,-6.727,-0.665,0.00
9.86565,-6.727,-0.665,0.00
9.87590,-6.819,-0.583,0.00
9.88665,-7.157,-0.573,0.00
9.89697,-7.157,-0.573,0.00
9.90717,-7.803,-0.635,0.00
9.91745,-7.803,-0.635,0.00
9.92787,-8.184,-0.715,0.00
9.93860,-8.184,-0.715,0.00
9.94876,-8.292,-0.755,0.00
9.95893,-8.292,-0.755,0.00
9.96910,-8.292,-0.755,0.00
9.97945,-8.292,-0.782,0.00
9.98974,-8.337,-0.782,0.00
10.00031,-8.337,-0.837,0.00
10.01068,-8.418,-0.837,0.00
10.02104,-8.418,-0.880,0.00
10.03131,-8.512,-0.880,0.00
10.04165,-8.512,-0.950,0.00
10.05199,-8.651,-0.950,0.00
10.06225,-8.651,-0.950,0.00
10.07252,-8.847,-0.988,0.00
10.08270,-9.016,-0.978,0.00
10.09286,-9.016,-0.978,0.00
10.10302,-9.096,-0.930,0.00
10.11319,-9.096,-0.930,0.00
10.12335,-9.107,-0.869,0.00
10.13351,-9.107,-0.869,0.00
10.14367,-9.116,-0.808,0.00
10.15460,-9.116,-0.808,0.00
10.16474,-9.116,-0.808,0.00
10.17490,-9.121,-0.743,0.00
10.18517,-9.124,-0.694,0.00
10.19533,-9.124,-0.694,0.00
10.20549,-9.096,-0.561,0.00
10.21628,-9.096,-0.561,0.00
10.22644,-8.989,-0.349,0.00
10.23667,-8.989,-0.349,0.00
10.24683,-8.790,-0.332,0.00
10.25698,-8.790,-0.332,0.00
10.26716,-8.551,-0.384,0.00
10.27731,-8.551,-0.384,0.00
10.28748,-8.322,-0.508,0.00
10.29874,-8.322,-0.508,0.00
10.30940,-8.140,-0.667,0.00
10.31955,-8.009,-0.781,0.00
10.32970,-8.009,-0.781,0.00
10.33986,-7.896,-0.781,0.00
10.35001,-7.896,-0.893,0.00
10.36019,-7.896,-0.893,0.00
10.37036,-7.761,-0.977,0.00
10.38052,-7.552,-0.985,0.00
10.39069,-7.552,-0.985,0.00
10.40086,-7.272,-0.985,0.00
10.41102,-7.272,-0.919,0.00
10.42121,-6.953,-0.844,0.00
10.43137,-6.953,-0.844,0.00
10.44152,-6.637,-0.805,0.00
10.45166,-6.637,-0.805,0.00
10.46181,-6.282,-0.805,0.00
10.47198,-6.282,-0.818,0.00
10.48213,-6.282,-0.839,0.00
10.49228,-5.834,-0.839,0.00
10.50242,-5.834,-0.845,0.00
10.51265,-5.314,-0.845,0.00
10.52305,-5.314,-0.794,0.00
10.53337,-4.755,-0.794,0.00
10.54375,-4.101,-0.695,0.00
10.55424,-4.101,-0.695,0.00
10.56474,-3.304,-0.585,0.00
10.57530,-3.304,-0.585,0.00
10.58544,-2.373,-0.497,0.00
10.59593,-2.373,-0.497,0.00
10.60610,-1.350,-0.424,0.00
10.61651,-1.350,-0.424,0.00
10.62666,-0.234,-0.373,0.00
10.63684,-0.234,-0.373,0.00
10.64698,0.952,-0.315,0.00
10.65734,0.952,-0.315,0.00
10.66739,2.183,-0.256,0.00
10.67759,2.183,-0.256,0.00
10.68774,3.449,-0.207,0.00
10.69789,3.449,-0.168,0.00
10.70806,4.697,-0.168,0.00
10.71830,4.697,-0.168,0.00
10.72846,5.911,-0.119,0.00
10.73863,5.911,-0.119,0.00
10.74889,7.098,-0.036,0.00
10.75907,7.098,-0.036,0.00
10.76923,8.228,0.075,0.00
10.77939,8.228,0.075,0.00
10.78953,9.275,0.180,0.00
10.79969,9.275,0.180,0.00
10.82520,10.254,0.277,0.00
10.83538,11.162,0.358,0.00
10.85824,12.750,0.358,8.00
10.86844,12.750,0.467,8.00
10.89109,13.404,0.503,8.00
10.90149,13.936,0.542,8.00
10.92131,13.936,0.542,8.00
10.93150,14.380,0.574,8.00
10.94166,14.380,0.574,8.00
10.95369,14.739,0.600,8.00
10.96401,14.901,0.617,8.00
10.97550,14.901,0.617,8.00
10.98696,14.739,0.617,8.00
10.99722,14.739,0.616,8.00
11.00752,14.315,0.585,8.00
11.01795,14.315,0.585,8.00
11.02836,13.760,0.535,8.00
11.03892,13.760,0.535,8.00
11.05074,13.171,0.469,8.00
11.06092,12.579,0.389,8.00
11.07107,12.579,0.389,8.00
11.08273,11.910,0.304,8.00
11.09290,11.910,0.304,8.00
11.10303,11.077,0.304,8.00
11.13019,10.124,0.142,8.00
11.14054,9.113,0.068,8.00
11.16121,9.113,0.068,8.00
11.17139,8.078,-0.001,8.00
11.19348,6.963,-0.115,8.00
11.20388,5.724,-0.182,8.00
11.22624,4.445,-0.050,8.50
11.23655,4.445,-0.050,8.50
11.25786,3.213,0.274,8.50
11.26834,2.050,0.573,8.50
11.27858,2.050,0.573,8.50
11.28968,0.940,0.842,8.50
11.29994,0.940,0.990,8.50
11.31046,-0.131,0.990,8.50
11.32239,-1.127,1.064,8.50
11.33258,-1.127,1.064,8.50
11.34274,-2.031,1.064,8.50
11.35497,-2.031,0.990,8.50
11.36537,-2.836,0.842,8.50
11.37698,-2.836,0.842,8.50
11.38734,-3.464,0.734,8.50
11.39850,-3.464,0.636,8.50
11.40863,-3.964,0.636,8.50
11.43441,-4.497,0.677,8.50
11.44458,-5.118,0.747,8.50
11.46579,-5.118,0.747,8.50
11.47600,-5.563,0.780,8.50
11.49765,-5.574,1.043,8.50
11.50809,-5.470,1.290,8.50
11.52957,-5.383,1.290,8.50
11.54087,-5.202,1.590,8.50
11.56173,-5.202,1.889,8.50
11.57193,-4.937,2.265,8.50
11.58209,-4.937,2.702,8.50
11.59463,-4.762,2.702,8.50
11.60509,-4.600,3.176,8.50
11.61525,-4.600,3.176,8.50
11.62832,-4.600,3.718,8.50
11.63929,-4.394,4.273,8.50
11.64974,-4.219,4.273,8.50
11.65991,-4.219,4.273,8.50
11.67006,-4.108,4.950,8.50
11.68022,-3.999,5.550,8.50
11.69052,-3.999,5.550,8.50
11.70163,-3.859,5.550,8.50
11.71190,-3.859,6.138,8.50
11.73736,-3.859,6.138,8.50
11.74755,-3.551,7.532,8.50
11.76957,-3.427,7.532,8.50
11.78013,-3.338,8.316,8.50
11.80171,-3.338,9.051,8.50
11.81216,-3.296,9.797,8.50
11.83366,-3.300,9.797,8.50
11.84424,-3.326,11.243,8.50
11.85465,-3.326,11.243,8.50
11.86623,-3.326,11.243,8.50
11.87644,-3.354,11.809,8.50
11.88660,-3.393,12.311,8.50
11.89764,-3.393,12.311,8.50
11.90824,-3.438,12.799,8.50
11.91841,-3.508,12.799,8.50
11.93019,-3.508,13.305,9.00
11.94037,-3.508,13.864,9.00
11.95052,-3.603,13.864,9.00
11.96076,-3.603,14.514,9.00
11.98359,-3.830,15.271,9.00
12.00997,-3.968,15.959,9.00
12.02190,-4.116,15.959,9.00
12.04292,-4.264,17.261,9.00
12.05301,-4.264,17.261,9.00
12.07319,-4.406,17.261,9.00
12.08337,-4.533,18.405,9.00
12.10548,-4.645,18.405,9.00
12.11664,-4.645,18.912,9.00
12.12680,-4.749,19.355,9.00
12.13892,-4.749,19.355,9.00
12.14868,-4.844,19.839,9.00
12.15888,-4.844,19.839,9.00
12.16956,-4.918,19.839,9.00
12.18056,-4.965,20.785,9.00
12.19093,-4.965,20.785,9.00
12.20162,-4.965,21.259,9.00
12.21191,-4.992,21.259,9.00
12.22208,-5.019,21.259,9.00
12.24946,-5.019,21.700,9.00
12.25972,-5.032,22.180,9.00
12.28155,-5.024,22.675,9.00
12.29221,-5.024,23.167,9.00
12.31728,-4.980,23.757,9.00
12.32755,-4.914,24.260,9.00
12.34529,-4.914,24.260,9.00
12.35547,-4.837,24.816,9.00
12.36563,-4.762,25.361,9.00
12.38010,-4.762,25.361,9.00
12.39036,-4.688,25.892,9.00
12.41031,-4.688,25.892,9.00
12.42052,-4.599,26.385,9.00
12.43067,-4.514,26.935,9.00
12.44207,-4.514,27.531,9.00
12.45228,-4.433,27.531,9.00
12.46244,-4.433,27.531,9.00
12.47353,-4.348,28.230,9.00
12.48407,-4.348,28.811,9.00
12.49441,-4.276,28.811,9.00
12.50605,-4.216,29.399,9.50
12.51701,-4.216,29.399,9.50
12.52750,-4.163,29.971,9.50
12.55471,-4.102,30.551,9.50
12.56489,-4.048,31.096,9.50
12.58553,-4.048,31.649,9.50
12.59599,-4.000,31.649,9.50
12.61770,-3.950,32.201,9.50
12.62804,-3.916,32.840,9.50
12.65655,-3.916,33.414,9.50
12.66675,-3.864,33.943,9.50
12.68311,-3.864,33.943,9.50
12.69329,-3.862,34.502,9.50
12.70346,-3.862,35.031,9.50
12.71440,-3.870,35.031,9.50
12.72486,-3.890,35.536,9.50
12.73662,-3.890,35.536,9.50
12.74740,-3.910,36.014,9.50
12.75784,-3.910,36.014,9.50
12.76799,-3.938,36.470,9.50
12.79322,-3.938,36.470,9.50
12.80340,-4.028,37.432,9.50
12.82698,-4.028,37.432,9.50
12.83718,-4.075,37.883,9.50
12.85716,-4.122,38.393,9.50
12.86735,-4.171,38.863,9.50
12.89172,-4.171,38.863,9.50
12.90189,-4.202,39.338,9.50
12.92147,-4.228,39.784,9.50
12.93165,-4.260,40.187,9.50
12.94181,-4.260,40.583,9.50
12.95406,-4.289,40.583,9.50
12.96440,-4.302,40.901,9.50
12.97485,-4.302,40.901,9.50
12.98643,-4.301,41.275,9.50
12.99680,-4.301,41.275,9.50
13.00722,-4.296,41.664,9.50
13.01742,-4.296,41.664,9.50
13.02761,-4.295,42.076,9.50
13.03779,-4.295,42.076,9.50
13.05008,-4.291,42.540,9.50
13.06029,-4.291,42.540,9.50
13.07045,-4.284,42.983,9.50
13.09928,-4.284,43.468,9.50
13.10946,-4.257,43.945,9.50
13.12984,-4.257,44.354,9.50
13.14079,-4.238,44.354,9.50
13.16113,-4.203,44.730,9.50
13.17131,-4.148,45.109,9.50
13.19658,-4.084,45.523,9.50
13.20678,-4.023,45.880,9.50
13.22616,-3.965,46.240,10.00
13.23763,-3.965,46.240,10.00
13.24784,-3.928,46.595,10.00
13.25800,-3.928,46.595,10.00
13.26817,-3.910,47.014,10.00
13.27957,-3.910,47.014,10.00
13.30630,-3.864,47.377,10.00
13.31772,-3.823,47.741,10.00
13.33764,-3.823,48.132,10.00
13.34792,-3.787,48.475,10.00
13.36917,-3.787,48.475,10.00
13.37935,-3.746,48.840,10.00
13.40185,-3.723,49.166,10.00
13.41216,-3.712,49.431,10.00
13.42240,-3.690,49.431,10.00
13.43444,-3.690,49.745,10.00
13.44471,-3.675,50.055,10.00
13.45521,-3.675,50.055,10.00
13.46544,-3.675,50.416,10.00
13.47609,-3.661,50.416,10.00
13.48628,-3.649,50.742,10.00
13.50108,-3.649,51.060,10.00
13.51123,-3.649,51.060,10.00
13.52144,-3.652,51.060,10.00
13.53162,-3.652,51.388,10.00
13.54178,-3.664,51.674,10.00
13.55197,-3.664,51.674,10.00
13.57761,-3.664,51.674,10.00
13.58788,-3.706,52.163,10.00
13.60961,-3.715,52.163,10.00
13.61997,-3.730,52.407,10.00
13.64335,-3.730,52.621,10.00
13.65349,-3.752,52.833,10.00
13.67318,-3.768,53.067,10.00
13.68336,-3.784,53.277,10.00
13.70674,-3.800,53.509,10.00
13.71691,-3.800,53.509,10.00
13.73713,-3.820,53.756,10.00
13.74732,-3.845,54.057,10.00
13.75753,-3.845,54.057,10.00
13.77004,-3.845,54.442,10.00
13.78023,-3.878,54.775,10.00
13.79050,-3.909,54.775,10.00
13.80165,-3.936,54.775,10.00
13.81249,-3.936,55.095,10.00
13.82299,-3.960,55.386,10.00
13.83661,-3.960,55.386,10.00
13.84685,-3.976,55.661,10.00
13.85709,-3.976,55.661,10.00
13.88164,-4.015,55.888,10.00
13.89199,-4.015,56.090,10.00
13.91392,-4.029,56.301,10.00
13.92411,-4.041,56.491,10.00
13.94686,-4.054,56.662,10.00
13.95781,-4.054,56.837,10.00
13.96941,-4.071,56.837,0.00
13.98000,-4.071,56.837,0.00
13.99016,-4.098,57.003,0.00
14.00111,-4.098,57.003,0.00
14.01128,-4.129,57.172,0.00
14.02143,-4.161,57.316,0.00
14.03158,-4.161,57.316,0.00
14.04198,-4.194,57.465,0.00
14.05230,-4.194,57.465,0.00
14.06241,-4.232,57.465,0.00
14.07258,-4.232,57.614,0.00
14.08274,-4.261,57.614,0.00
14.09291,-4.261,57.769,0.00
14.10307,-4.264,57.905,0.00
14.11339,-4.264,57.905,0.00
14.12355,-4.241,58.024,0.00
14.13380,-4.241,58.024,0.00
14.14396,-4.225,58.144,0.00
14.15412,-4.225,58.144,0.00
14.16427,-4.238,58.284,0.00
14.17443,-4.238,58.284,0.00
14.18460,-4.274,58.453,0.00
14.19480,-4.274,58.453,0.00
14.20497,-4.316,58.708,0.00
14.21527,-4.316,58.708,0.00
14.22533,-4.366,58.991,0.00
14.23550,-4.366,58.991,0.00
14.24607,-4.420,59.358,0.00
14.25623,-4.420,59.358,0.00
14.26657,-4.474,59.670,0.00
14.27672,-4.474,59.670,0.00
14.28688,-4.540,59.931,0.00
14.29838,-4.540,59.931,0.00
14.30855,-4.622,60.140,0.00
14.31968,-4.622,60.140,0.00
14.33014,-4.708,60.278,0.00
14.34030,-4.708,60.278,0.00
14.35045,-4.792,60.376,0.00
14.36060,-4.905,60.447,0.00
14.37128,-4.905,60.447,0.00
14.38144,-5.037,60.529,0.00
14.39159,-5.037,60.529,0.00
14.40178,-5.150,60.665,0.00
14.41198,-5.150,60.665,0.00
14.42213,-5.150,60.812,0.00
14.43228,-5.235,60.812,0.00
14.44243,-5.325,60.967,0.00
14.45276,-5.325,60.967,0.00
14.46293,-5.472,61.111,0.00
14.47309,-5.472,61.111,0.00
14.48327,-5.655,61.111,0.00
14.49343,-5.655,61.235,0.00
14.50358,-5.786,61.344,0.00
14.51374,-5.786,61.344,0.00
14.52390,-5.813,61.424,0.00
14.53416,-5.813,61.424,0.00
14.54440,-5.837,61.416,0.00
14.55470,-5.837,61.416,0.00
14.56477,-5.894,61.267,0.00
14.57493,-5.894,61.267,0.00
14.58550,-5.895,61.029,0.00
14.59622,-5.895,61.029,0.00
14.60676,-5.855,60.727,0.00
14.61698,-5.855,60.727,0.00
14.62713,-5.808,60.351,0.00
14.63741,-5.808,60.351,0.00
14.64766,-5.738,59.866,0.00
14.65825,-5.738,59.866,0.00
14.66840,-5.634,59.209,0.00
14.67925,-5.634,59.209,0.00
14.68940,-5.520,58.452,0.00
14.69961,-5.520,58.452,0.00
14.70977,-5.431,57.602,0.00
14.71997,-5.431,57.602,0.00
14.73023,-5.372,56.499,0.00
14.74038,-5.372,55.219,0.00
14.75054,-5.321,55.219,0.00
14.76094,-5.281,53.613,0.00
14.77109,-5.281,53.613,0.00
14.78123,-5.278,52.040,0.00
14.79137,-5.278,52.040,0.00
14.80168,-5.295,50.543,0.00
14.81186,-5.295,50.543,0.00
14.82212,-5.297,48.945,0.00
14.83228,-5.297,48.945,0.00
14.84244,-5.289,47.059,0.00
14.85260,-5.289,47.059,0.00
14.86275,-5.264,45.193,0.00
14.87291,-5.264,45.193,0.00
14.88307,-5.228,43.276,0.00
14.89322,-5.228,43.276,0.00
14.90339,-5.187,41.731,0.00
14.91355,-5.187,41.731,0.00
14.92387,-5.171,40.157,0.00
14.93393,-5.171,40.157,0.00
14.94409,-5.172,38.420,0.00
14.95435,-5.172,38.420,0.00
14.96451,-5.172,36.568,0.00
14.98118,-5.172,36.568,0.00
14.99620,-5.172,34.782,0.00
15.00860,-5.217,32.983,0.00
15.03098,-5.288,30.947,0.00
15.07362,-5.493,25.622,0.00
15.08522,-5.580,22.920,0.00
15.10600,-5.580,22.920,0.00
15.11770,-5.660,22.920,0.00
15.13613,-5.660,17.399,0.00
15.15144,-5.805,14.590,0.00
15.16734,-5.805,14.590,0.00
15.18061,-5.862,11.789,0.00
15.19820,-5.951,9.113,0.00
15.20960,-5.951,6.366,0.00
15.22699,-6.037,6.366,0.00
15.25632,-6.253,2.309,0.00
15.27103,-6.417,0.624,0.00
15.28624,-6.559,0.624,0.00
15.29879,-6.559,-0.775,0.00
15.31056,-6.689,-1.822,0.00
15.32591,-6.826,-1.822,0.00
15.34135,-6.826,-1.822,0.00
15.35388,-6.961,-2.851,0.00
15.37036,-7.088,-2.727,0.00
15.38588,-7.088,-2.727,0.00
15.40164,-7.209,-2.393,0.00
15.41738,-7.316,-2.004,0.00
15.43269,-7.316,-2.004,0.00
15.44430,-7.524,-1.098,0.00
15.46480,-7.653,-1.098,0.00
15.48057,-7.653,-0.445,0.00
15.50007,-7.923,0.834,0.00
15.51540,-7.923,0.834,0.00
15.52707,-7.923,1.422,0.00
15.54842,-8.066,1.422,0.00
15.56397,-8.066,1.905,0.00
15.57474,-8.294,1.905,0.00
15.59148,-8.380,1.905,0.00
15.60170,-8.380,2.734,0.00
15.61233,-8.448,2.734,0.00
15.62368,-8.448,3.096,0.00
15.64270,-8.490,3.438,0.00
15.65816,-8.451,3.763,0.00
15.68052,-8.380,3.970,0.00
15.69124,-8.380,4.033,0.00
15.70193,-8.380,4.033,0.00
15.71291,-8.380,3.838,0.00
15.72599,-8.326,3.838,0.00
15.74149,-8.326,3.473,0.00
15.75214,-8.326,2.976,0.00
15.76317,-8.326,2.976,0.00
15.78067,-8.333,2.442,0.00
15.81250,-8.324,1.593,0.00
15.83213,-8.312,1.292,0.00
15.84791,-8.312,1.070,0.00
15.85931,-8.313,1.070,0.00
15.87002,-8.331,1.070,0.00
15.88752,-8.338,0.985,0.00
15.90395,-8.346,1.080,0.00
15.91502,-8.346,1.080,0.00
15.93454,-8.359,1.220,0.00
15.95019,-8.365,1.220,0.00
15.96108,-8.364,1.568,0.00
15.97125,-8.364,1.568,0.00
16.02066,-8.362,1.778,0.00
16.07332,-8.343,1.674,0.00
16.08351,-8.280,1.574,0.00
16.09365,-0.756,-0.331,0.00
16.10437,-0.723,-0.413,0.00
16.11462,-0.723,-0.413,0.00
16.12495,-0.687,-0.472,0.00
16.13520,-0.687,-0.472,0.00
16.14543,-0.636,-0.498,0.00
16.15634,-0.636,-0.498,0.00
16.16651,-0.565,-0.489,0.00
16.17680,-0.565,-0.489,0.00
16.18713,-0.495,-0.451,0.00
16.19784,-0.495,-0.451,0.00
16.20800,-0.447,-0.416,0.00
16.21815,-0.447,-0.416,0.00
16.22846,-0.408,-0.382,0.00
16.23876,-0.377,-0.382,0.00
16.24891,-0.377,-0.362,0.00
16.25907,-0.377,-0.362,0.00
16.26923,-0.344,-0.355,0.00
16.27963,-0.344,-0.366,0.00
16.28978,-0.310,-0.366,0.00
16.29998,-0.310,-0.366,0.00
16.31094,-0.287,-0.376,0.00
16.32117,-0.281,-0.376,0.00
16.33134,-0.281,-0.401,0.00
16.34150,-0.240,-0.401,0.00
16.35166,-0.240,-0.427,0.00
16.36182,-0.261,-0.439,0.00
16.37199,-0.261,-0.439,0.00
16.38216,-0.285,-0.437,0.00
16.39232,-0.285,-0.437,0.00
16.40248,-0.309,-0.424,0.00
16.41264,-0.309,-0.424,0.00
16.42280,-0.322,-0.399,0.00
16.43296,-0.322,-0.399,0.00
16.44312,-0.338,-0.362,0.00
16.45328,-0.338,-0.362,0.00
16.46344,-0.329,-0.325,0.00
16.47360,-0.329,-0.325,0.00
16.48389,-0.365,-0.292,0.00
16.49417,-0.365,-0.292,0.00
16.50556,-0.392,-0.265,0.00
16.51598,-0.392,-0.265,0.00
16.52623,-0.399,-0.253,0.00
16.53889,-0.398,-0.253,0.00
16.54907,-0.398,-0.246,0.00
16.55942,-0.398,-0.246,0.00
16.56956,-0.398,-0.241,0.00
16.58086,-0.398,-0.241,0.00
16.59101,-0.371,-0.234,0.00
16.60116,-0.338,-0.232,0.00
16.61133,-0.338,-0.232,0.00
16.62149,-0.338,-0.232,0.00
16.63165,-0.268,-0.226,0.00
16.64192,-0.268,-0.226,0.00
16.65221,-0.202,-0.223,0.00
16.66250,-0.161,-0.222,0.00
16.67280,-0.161,-0.222,0.00
16.68317,-0.124,-0.222,0.00
16.69333,-0.124,-0.222,0.00
16.70352,-0.124,-0.222,0.00
16.71379,-0.106,-0.228,0.00
16.72408,-0.113,-0.241,0.00
16.73432,-0.113,-0.241,0.00
16.74448,-0.118,-0.241,0.00
16.75478,-0.118,-0.257,0.00
16.76487,-0.121,-0.270,0.00
16.77503,-0.121,-0.270,0.00
16.78518,-0.128,-0.283,0.00
16.79545,-0.128,-0.283,0.00
16.80632,-0.134,-0.296,0.00
16.81652,-0.134,-0.296,0.00
16.82676,-0.155,-0.304,0.00
16.83772,-0.155,-0.304,0.00
16.84822,-0.186,-0.308,0.00
16.85840,-0.186,-0.308,0.00
16.86856,-0.228,-0.304,0.00
16.87947,-0.228,-0.304,0.00
16.88963,-0.270,-0.296,0.00
16.89992,-0.302,-0.296,0.00
16.91012,-0.302,-0.274,0.00
16.92027,-0.328,-0.274,0.00
16.93044,-0.328,-0.255,0.00
16.94060,-0.328,-0.255,0.00
16.95076,-0.339,-0.246,0.00
16.96095,-0.339,-0.246,0.00
16.97115,-0.328,-0.248,0.00
16.98131,-0.328,-0.248,0.00
16.99146,-0.281,-0.254,0.00
17.00162,-0.281,-0.254,0.00
17.01187,-0.230,-0.260,0.00
17.02203,-0.230,-0.260,0.00
17.03218,-0.182,-0.279,0.00
17.04241,-0.182,-0.279,0.00
17.05258,-0.125,-0.302,0.00
17.06274,-0.063,-0.302,0.00
17.07290,-0.063,-0.319,0.00
17.08306,0.003,-0.319,0.00
17.09345,0.003,-0.329,0.00
17.10364,0.077,-0.329,0.00
17.11382,0.077,-0.329,0.00
17.12403,0.077,-0.329,0.00
17.13419,0.142,-0.327,0.00
17.14444,0.142,-0.321,0.00
17.15461,0.202,-0.321,0.00
17.16477,0.261,-0.310,0.00
17.17529,0.261,-0.310,0.00
17.18545,0.334,-0.298,0.00
17.19571,0.334,-0.298,0.00
17.20587,0.414,-0.281,0.00
17.21718,0.414,-0.281,0.00
17.22738,0.489,-0.258,0.00
17.23758,0.489,-0.258,0.00
17.24784,0.572,-0.239,0.00
17.25815,0.572,-0.239,0.00
17.26831,0.670,-0.218,0.00
17.27903,0.670,-0.218,0.00
17.28918,0.759,-0.196,0.00
17.30014,0.759,-0.196,0.00
17.31062,0.869,-0.177,0.00
17.32079,0.869,-0.159,0.00
17.33111,0.987,-0.159,0.00
17.34418,0.987,-0.159,0.00
17.35444,1.096,-0.145,0.00
17.36458,1.199,-0.135,0.00
17.37488,1.199,-0.135,0.00
17.38505,1.324,-0.124,0.00
17.39531,1.324,-0.124,0.00
17.40554,1.471,-0.108,0.00
17.41570,1.471,-0.108,0.00
17.42587,1.663,-0.090,0.00
17.43630,1.663,-0.090,0.00
17.44662,1.891,-0.074,0.00
17.45728,1.891,-0.074,0.00
17.46753,2.132,-0.066,0.00
17.47892,2.132,-0.066,0.00
17.48910,2.365,-0.055,0.00
17.49937,2.365,-0.055,0.00
17.50952,2.603,-0.045,0.00
17.51969,2.871,-0.045,0.00
17.52985,2.871,-0.034,0.00
17.54020,2.871,-0.034,0.00
17.55051,3.157,-0.026,0.00
17.56125,3.455,-0.013,0.00
17.57140,3.455,-0.013,0.00
17.58155,3.787,0.004,0.00
17.59212,3.787,0.004,0.00
17.60290,4.167,0.021,0.00
17.61330,4.167,0.021,0.00
17.62398,4.622,0.035,0.00
17.63424,4.622,0.035,0.00
17.64457,5.144,0.045,0.00
17.65497,5.144,0.045,0.00
17.66529,5.732,0.057,0.00
17.67587,5.732,0.057,0.00
17.68602,6.365,0.068,0.00
17.69644,6.365,0.068,0.00
17.70671,7.035,0.075,0.00
17.71936,7.035,0.075,0.00
17.73007,7.742,0.082,0.00
17.74023,7.742,0.095,0.00
17.75064,8.483,0.095,0.00
17.76075,8.483,0.112,0.00
17.77091,9.245,0.112,0.00
17.78112,9.245,0.128,0.00
17.80116,10.005,0.128,0.00
17.81136,10.773,0.145,0.00
17.82177,10.773,0.145,8.00
17.83379,11.558,0.160,8.00
17.84403,11.558,0.176,8.00
17.85529,12.364,0.176,8.00
17.86663,13.171,0.187,8.00
17.88002,13.171,0.187,8.00
17.89876,13.976,0.203,8.00
17.90907,14.782,0.224,8.00
17.91923,14.782,0.249,8.00
17.92945,15.561,0.249,8.00
17.93964,15.561,0.249,8.00
17.94980,16.283,0.277,8.00
17.96424,16.283,0.277,8.00
17.97438,16.914,0.301,8.00
17.98456,17.425,0.322,8.00
17.99575,17.425,0.322,8.00
18.00593,17.813,0.340,8.00
18.01697,17.813,0.340,8.00
18.02714,18.049,0.360,8.00
18.03775,18.049,0.360,8.00
18.04797,18.129,0.373,8.00
18.07309,18.129,0.373,8.00
18.08328,17.897,0.384,8.00
18.10582,17.655,0.384,8.00
18.11640,17.655,0.383,8.00
18.13741,17.365,0.383,8.00
18.14760,16.998,0.248,8.00
18.15895,16.998,0.248,8.00
18.16917,16.524,0.091,8.00
18.18056,16.524,0.091,8.00
18.19073,15.946,-0.084,8.00
18.20156,15.286,-0.084,8.00
18.21209,15.286,0.048,8.00
18.22250,14.542,0.227,8.00
18.23356,14.542,0.227,8.50
18.24421,13.699,0.466,8.50
18.25725,13.699,0.466,8.50
18.26741,12.795,0.555,8.50
18.27817,12.795,0.555,8.50
18.28833,11.873,0.552,8.50
18.29870,11.873,0.552,8.50
18.30892,10.938,0.505,8.50
18.31927,10.938,0.326,8.50
18.34852,9.987,0.030,8.50
18.35890,9.023,-0.268,8.50
18.37969,8.066,-0.268,8.50
18.38988,7.160,-0.494,8.50
18.40995,6.319,-0.643,8.50
18.42072,5.544,-0.643,8.50
18.44098,5.544,-0.721,8.50
18.45115,4.824,-0.757,8.50
18.46154,4.824,-0.757,8.50
18.47312,4.824,-0.757,8.50
18.48325,3.538,-0.656,8.50
18.49341,3.538,-0.656,8.50
18.50640,2.985,-0.616,8.50
18.51658,2.985,-0.616,8.50
18.52686,2.465,-0.671,8.50
18.53913,2.465,-0.671,8.50
18.54945,2.112,-0.667,8.50
18.55987,2.000,-0.667,8.50
18.57046,2.000,-0.613,8.50
18.58082,2.033,-0.502,8.50
18.59125,2.033,-0.502,8.50
18.61767,2.117,-0.502,8.50
18.62812,2.226,-0.055,8.50
18.65046,2.393,0.364,9.00
18.66067,2.393,0.883,9.00
18.68100,2.551,0.883,9.00
18.69114,2.634,1.481,9.00
18.71346,2.716,2.130,9.00
18.72436,2.815,2.779,9.00
18.74621,2.868,3.445,9.00
18.75848,2.868,3.445,9.00
18.77841,2.869,4.105,9.00
18.78858,2.869,4.105,9.00
18.79884,2.869,4.105,9.00
18.80970,2.872,4.105,9.00
18.82019,2.917,5.129,9.00
18.83038,2.993,5.584,9.00
18.84174,2.993,5.584,9.00
18.85361,3.081,6.001,9.00
18.86388,3.164,6.354,9.00
18.87439,3.164,6.354,9.00
18.88520,3.230,6.710,9.00
18.89751,3.230,6.710,9.00
18.90767,3.277,7.076,9.00
18.91924,3.277,7.076,9.00
18.92940,3.286,7.463,9.00
18.95333,3.286,7.794,9.50
18.96421,3.219,8.087,9.50
18.98568,3.152,8.442,9.50
18.99592,3.152,8.442,9.50
19.01843,3.072,8.827,9.50
19.02877,2.977,9.244,9.50
19.03973,2.977,9.740,9.50
19.05026,2.860,9.740,9.50
19.06015,2.722,10.287,9.50
19.07031,2.722,10.287,9.50
19.08156,2.584,10.287,9.50
19.09204,2.584,11.020,9.50
19.10245,2.444,11.020,9.50
19.11454,2.444,11.703,9.50
19.12491,2.309,12.369,9.50
19.13521,2.309,12.369,9.50
19.16115,2.193,13.006,9.50
19.17138,2.085,13.583,9.50
19.19426,2.012,14.125,10.00
19.20446,1.938,14.591,10.00
19.22506,1.938,14.591,10.00
19.23549,1.878,15.021,10.00
19.24633,1.826,15.479,10.00
19.25996,1.794,15.854,10.00
19.27015,1.794,15.854,10.00
19.28139,1.793,16.274,10.00
19.29154,1.793,16.274,10.00
19.30170,1.790,16.697,10.00
19.31199,1.790,16.697,10.00
19.33887,1.807,17.149,10.00
19.35338,1.807,17.616,10.00
19.36359,1.835,18.075,10.00
19.37375,1.835,18.075,10.00
19.38607,1.883,18.578,10.00
19.39658,1.883,18.578,10.00
19.40671,1.937,19.123,10.00
19.43362,2.005,19.123,10.00
19.44466,2.069,20.215,10.00
19.46569,2.069,20.811,10.50
19.47795,2.225,20.811,10.50
19.50161,2.302,21.427,10.50
19.51203,2.302,22.065,10.50
19.52981,2.379,22.801,10.50
19.54002,2.451,22.801,10.50
19.55031,2.451,23.528,10.50
19.56209,2.451,24.319,10.50
19.57228,2.520,24.319,10.50
19.58244,2.520,24.964,10.50
19.59453,2.589,24.964,10.50
19.60476,2.643,24.964,10.50
19.61495,2.643,25.566,10.50
19.64288,2.752,26.264,10.50
19.65342,2.752,26.919,10.50
19.67425,2.786,27.583,10.50
19.68463,2.803,28.211,10.50
19.70502,2.803,28.211,10.50
19.71519,2.809,28.861,10.50
19.72535,2.814,29.605,10.50
19.73769,2.814,29.605,10.50
19.74818,2.831,30.218,10.50
19.75839,2.831,30.218,10.50
19.76955,2.848,30.218,11.00
19.78005,2.851,30.831,11.00
19.79035,2.851,31.405,11.00
19.80209,2.851,31.405,11.00
19.81250,2.854,32.016,11.00
19.82280,2.851,32.588,11.00
19.83612,2.851,32.588,11.00
19.84631,2.830,33.099,11.00
19.85648,2.830,33.099,11.00
19.88143,2.802,33.099,11.00
19.89163,2.770,34.171,11.00
19.91327,2.770,34.171,11.00
19.92345,2.749,35.056,11.00
19.94499,2.717,35.056,11.00
19.95518,2.684,35.443,11.00
19.97696,2.666,35.817,11.00
19.98717,2.659,36.108,11.00
20.00902,2.659,36.108,11.00
20.01923,2.655,36.428,11.00
20.02942,2.651,36.712,11.00
20.04175,2.651,36.712,11.00
20.05197,2.651,36.982,11.00
20.06213,2.645,37.176,11.00
20.07443,2.645,37.176,11.00
20.08514,2.642,37.336,11.00
20.09530,2.642,37.336,11.00
20.10572,2.648,37.578,11.00
20.11609,2.648,37.578,11.00
20.12637,2.652,37.833,11.00
20.13775,2.652,37.833,11.00
20.14814,2.658,38.124,11.00
20.15849,2.654,38.430,11.00
20.16977,2.654,38.430,11.50
20.17998,2.646,38.430,11.50
20.19030,2.646,38.776,11.50
20.20219,2.653,39.224,11.50
20.21339,2.653,39.224,11.50
20.22355,2.668,39.585,11.50
20.24976,2.696,40.019,11.50
20.26020,2.718,40.019,11.50
20.28146,2.718,40.456,11.50
20.29165,2.737,40.899,11.50
20.31397,2.769,41.361,11.50
20.32414,2.771,41.808,11.50
20.34602,2.799,42.259,11.50
20.35636,2.799,42.259,11.50
20.36687,2.840,42.737,11.50
20.37715,2.840,42.737,11.50
20.38747,2.876,43.146,11.50
20.39764,2.876,43.146,11.50
20.40943,2.903,43.523,11.50
20.41962,2.928,43.523,11.50
20.42999,2.928,43.808,11.50
20.44202,2.928,44.084,11.50
20.45217,2.964,44.084,11.50
20.46232,2.964,44.335,11.50
20.49035,2.973,44.586,11.50
20.50052,2.954,44.586,11.50
20.52208,2.954,45.064,11.50
20.53232,2.956,45.064,11.50
20.55351,2.956,45.323,11.50
20.56394,2.931,45.622,11.50
20.57417,2.931,45.622,11.50
20.58559,2.931,45.958,11.50
20.59603,2.921,45.958,11.50
20.60623,2.922,46.326,11.50
20.62218,2.909,46.326,11.50
20.63233,2.909,46.658,11.50
20.64969,2.900,47.003,11.50
20.65987,2.879,47.003,11.50
20.67030,2.879,47.305,11.50
20.68250,2.879,47.305,11.50
20.69364,2.863,47.623,11.50
20.70389,2.863,47.623,11.50
20.72987,2.831,47.866,11.50
20.74034,2.827,48.073,11.50
20.76204,2.818,48.318,11.50
20.77229,2.818,48.552,11.50
20.79394,2.818,48.826,11.50
20.80443,2.788,49.097,11.50
20.82494,2.788,49.097,11.50
20.83517,2.771,49.342,11.50
20.85883,2.774,49.585,11.50
20.86908,2.780,49.778,11.50
20.87922,2.780,49.778,11.50
20.89148,2.786,49.987,11.50
20.90175,2.793,50.172,11.50
20.91225,2.793,50.172,11.50
20.92264,2.805,50.352,11.50
20.93286,2.805,50.352,11.50
20.94302,2.823,50.519,11.50
20.95318,2.823,50.519,0.00
20.96337,2.830,50.672,0.00
20.97372,2.830,50.672,0.00
20.98389,2.828,50.847,0.00
20.99408,2.828,50.847,0.00
21.00428,2.828,51.087,0.00
21.01452,2.828,51.087,0.00
21.02459,2.842,51.402,0.00
21.03478,2.842,51.402,0.00
21.04509,2.843,51.735,0.00
21.05540,2.843,51.735,0.00
21.06573,2.830,52.028,0.00
21.07816,2.830,52.028,0.00
21.08873,2.825,52.261,0.00
21.09892,2.825,52.261,0.00
21.10907,2.828,52.413,0.00
21.11923,2.824,52.540,0.00
21.12939,2.824,52.540,0.00
21.13963,2.809,52.623,0.00
21.14979,2.809,52.623,0.00
21.16016,2.779,52.706,0.00
21.17048,2.779,52.706,0.00
21.18092,2.721,52.823,0.00
21.19121,2.721,52.823,0.00
21.20142,2.721,52.823,0.00
21.21163,2.654,52.943,0.00
21.22179,2.654,53.066,0.00
21.23200,2.581,53.066,0.00
21.24219,2.581,53.170,0.00
21.25234,2.453,53.170,0.00
21.26250,2.277,53.285,0.00
21.27266,2.277,53.285,0.00
21.28284,2.126,53.405,0.00
21.29298,2.126,53.405,0.00
21.30314,2.030,53.519,0.00
21.31330,2.030,53.519,0.00
21.32356,1.976,53.573,0.00
21.33372,1.976,53.573,0.00
21.34395,1.959,53.574,0.00
21.35411,1.959,53.574,0.00
21.36427,1.984,53.578,0.00
21.37513,1.984,53.578,0.00
21.38594,2.005,53.601,0.00
21.39613,2.005,53.601,0.00
21.40696,2.004,53.613,0.00
21.41734,2.004,53.613,0.00
21.42759,1.960,53.610,0.00
21.43784,1.960,53.610,0.00
21.44797,1.870,53.571,0.00
21.45812,1.765,53.509,0.00
21.46843,1.765,53.509,0.00
21.48026,1.765,53.509,0.00
21.49058,1.663,53.421,0.00
21.50093,1.581,53.211,0.00
21.51121,1.581,53.211,0.00
21.52137,1.522,52.861,0.00
21.53153,1.522,52.861,0.00
21.54189,1.505,52.297,0.00
21.55215,1.505,52.297,0.00
21.56252,1.521,51.643,0.00
21.57285,1.521,51.643,0.00
21.58300,1.575,50.934,0.00
21.59316,1.575,50.934,0.00
21.60336,1.675,50.127,0.00
21.61352,1.675,50.127,0.00
21.62372,1.806,49.253,0.00
21.63392,1.806,49.253,0.00
21.64452,1.806,49.253,0.00
21.65490,1.935,48.355,0.00
21.66506,2.020,47.334,0.00
21.67526,2.020,47.334,0.00
21.68542,2.047,46.419,0.00
21.69558,2.047,46.419,0.00
21.70574,2.049,45.463,0.00
21.71626,2.049,45.463,0.00
21.72642,2.040,44.406,0.00
21.73689,2.040,44.406,0.00
21.74707,2.031,43.263,0.00
21.75722,2.031,43.263,0.00
21.76739,2.001,41.947,0.00
21.77755,2.001,41.947,0.00
21.78773,1.959,40.377,0.00
21.79864,1.959,40.377,0.00
21.80910,1.922,38.546,0.00
21.81928,1.922,38.546,0.00
21.82945,1.873,36.343,0.00
21.83961,1.845,36.343,0.00
21.85008,1.845,34.438,0.00
21.86041,1.859,32.655,0.00
21.87057,1.859,32.655,0.00
21.88080,1.859,30.994,0.00
21.89101,1.891,30.994,0.00
21.90117,1.918,29.384,0.00
21.91136,1.918,29.384,0.00
21.92152,1.943,27.791,0.00
21.93204,1.943,27.791,0.00
21.94221,1.943,26.167,0.00
21.95775,1.962,26.167,0.00
21.97831,1.978,24.459,0.00
21.99374,2.002,22.407,0.00
22.00507,2.002,20.447,0.00
22.01547,2.040,20.447,0.00
22.03192,2.097,18.370,0.00
22.04548,2.097,18.370,0.00
22.05566,2.145,16.201,0.00
22.07486,2.164,13.960,0.00
22.08506,2.164,11.714,0.00
22.10039,2.165,11.714,0.00
22.11342,2.165,11.714,0.00
22.12481,2.168,9.531,0.00
22.13632,2.159,7.419,0.00
22.15236,2.158,5.147,0.00
22.16907,2.158,3.146,0.00
22.18439,2.153,1.175,0.00
22.20513,2.130,1.175,0.00
22.22050,2.105,-0.694,0.00
22.23231,2.067,-2.360,0.00
22.24277,2.067,-3.713,0.00
22.25330,2.024,-3.713,0.00
22.26509,2.024,-3.713,0.00
22.28107,1.986,-5.201,0.00
22.29170,1.986,-5.201,0.00
22.30247,1.932,-5.398,0.00
22.31333,1.874,-5.398,0.00
22.32937,1.808,-5.240,0.00
22.34209,1.808,-5.240,0.00
22.35898,1.719,-4.764,0.00
22.37491,1.620,-4.122,0.00
22.38700,1.523,-4.122,0.00
22.40313,1.523,-2.679,0.00
22.41357,1.423,-2.679,0.00
22.42527,1.302,-1.990,0.00
22.44553,1.302,-1.990,0.00
22.46132,1.170,-0.462,0.00
22.47188,1.170,-0.462,0.00
22.48280,0.872,-0.462,0.00
22.49946,0.872,0.125,0.00
22.51559,0.872,0.658,0.00
22.52669,0.496,1.200,0.00
22.53751,0.496,1.200,0.00
22.54772,0.496,1.752,0.00
22.55833,0.295,2.223,0.00
22.56880,0.152,2.223,0.00
22.58085,0.093,2.574,0.00
22.59654,0.093,2.574,0.00
22.61233,0.088,2.783,0.00
22.62335,0.088,2.783,0.00
22.63397,0.122,2.783,0.00
22.64525,0.122,2.783,0.00
22.66099,0.188,1.973,0.00
22.67157,0.188,1.973,0.00
22.68277,0.319,1.520,0.00
22.69294,0.319,1.520,0.00
22.70556,0.319,1.082,0.00
22.71658,0.372,1.082,0.00
22.73096,0.372,1.082,0.00
22.74496,0.372,0.710,0.00
22.78454,0.490,0.086,0.00
22.79822,0.516,0.086,0.00
22.81038,0.532,-0.331,0.00
22.82124,0.491,-0.445,0.00
22.83955,0.491,-0.445,0.00
22.85354,0.491,-0.494,0.00
22.86492,0.491,-0.494,0.00
22.87677,0.491,-0.470,0.00
22.89259,0.385,-0.396,0.00
22.92419,0.314,-0.127,0.00
22.94507,0.288,0.074,0.00
23.00541,0.179,0.755,0.00
23.07030,0.179,1.452,0.00
23.08345,0.142,1.452,0.00
23.09406,-0.720,1.453,0.00
23.10422,-0.729,1.454,0.00
23.11448,-0.729,1.454,0.00
23.12472,-0.736,1.305,0.00
23.13497,-0.736,1.305,0.00
23.14522,-0.737,1.128,0.00
23.15538,-0.737,1.128,0.00
23.16554,-0.717,0.979,0.00
23.17592,-0.717,0.979,0.00
23.18613,-0.724,0.853,0.00
23.19645,-0.724,0.853,0.00
23.20662,-0.721,0.752,0.00
23.21683,-0.721,0.752,0.00
23.22710,-0.708,0.659,0.00
23.23737,-0.708,0.659,0.00
23.24752,-0.697,0.587,0.00
23.25770,-0.697,0.587,0.00
23.26788,-0.693,0.528,0.00
23.27835,-0.693,0.486,0.00
23.28850,-0.689,0.486,0.00
23.29865,-0.689,0.486,0.00
23.30894,-0.680,0.451,0.00
23.31908,-0.661,0.423,0.00
23.32923,-0.661,0.423,0.00
23.33940,-0.661,0.405,0.00
23.34956,-0.638,0.405,0.00
23.35974,-0.625,0.405,0.00
23.36996,-0.625,0.401,0.00
23.38033,-0.606,0.401,0.00
23.39064,-0.606,0.423,0.00
23.40079,-0.606,0.423,0.00
23.41095,-0.581,0.466,0.00
23.42110,-0.581,0.541,0.00
23.43206,-0.565,0.541,0.00
23.44221,-0.565,0.633,0.00
23.45253,-0.534,0.633,0.00
23.46269,-0.498,0.731,0.00
23.47284,-0.498,0.731,0.00
23.48301,-0.454,0.814,0.00
23.49321,-0.454,0.814,0.00
23.50337,-0.389,0.863,0.00
23.51352,-0.389,0.863,0.00
23.52368,-0.283,0.873,0.00
23.53393,-0.283,0.873,0.00
23.54413,-0.144,0.856,0.00
23.55429,-0.144,0.856,0.00
23.56445,0.032,0.828,0.00
23.57506,0.032,0.828,0.00
23.58524,0.249,0.800,0.00
23.59544,0.249,0.800,0.00
23.60560,0.499,0.785,0.00
23.61595,0.499,0.785,0.00
23.62611,0.750,0.787,0.00
23.63631,0.750,0.787,0.00
23.64657,0.999,0.810,0.00
23.65692,0.999,0.810,0.00
23.66718,1.288,0.847,0.00
23.67731,1.288,0.847,0.00
23.68756,1.646,0.900,0.00
23.69776,1.646,0.900,0.00
23.70807,2.037,0.963,0.00
23.71878,2.037,0.963,0.00
23.72902,2.446,1.029,0.00
23.73918,2.446,1.029,0.00
23.74934,2.889,1.085,0.00
23.75950,2.889,1.136,0.00
23.76980,3.363,1.136,0.00
23.78015,3.854,1.171,0.00
23.79048,3.854,1.171,0.00
23.80092,3.854,1.194,0.00
23.81123,4.357,1.194,0.00
23.82165,4.857,1.201,0.00
23.83198,4.857,1.201,0.00
23.84235,5.344,1.194,0.00
23.85249,5.344,1.194,0.00
23.86265,5.843,1.182,0.00
23.87281,5.843,1.182,0.00
23.88297,6.437,1.172,0.00
23.89312,6.437,1.172,0.00
23.90328,7.182,1.168,0.00
23.91342,7.182,1.168,0.00
23.92357,7.980,1.168,0.00
23.93385,7.980,1.168,0.00
23.94425,8.731,1.171,0.00
23.95478,8.731,1.171,0.00
23.96492,9.481,1.174,0.00
23.97507,9.481,1.174,0.00
23.99317,10.278,1.182,0.00
24.00330,11.132,1.196,0.00
24.01352,11.132,1.196,0.00
24.02640,11.132,1.210,8.00
24.03677,11.994,1.210,8.00
24.04698,12.800,1.230,8.00
24.07449,13.608,1.257,8.00
24.08466,14.443,1.294,8.00
24.10488,14.443,1.294,8.00
24.11508,15.291,1.331,8.00
24.14011,16.878,1.412,8.00
24.15027,16.878,1.412,8.00
24.16889,16.878,1.412,8.00
24.18055,17.579,1.451,8.00
24.20114,18.200,1.488,8.00
24.21130,18.783,1.522,8.00
24.22169,18.783,1.522,8.00
24.23414,19.319,1.522,8.00
24.24430,19.779,1.571,8.00
24.25457,19.779,1.571,8.00
24.26642,20.144,1.583,8.00
24.27735,20.144,1.583,8.00
24.28750,20.421,1.590,8.00
24.29939,20.421,1.590,8.00
24.30965,20.633,1.594,8.00
24.32012,20.718,1.594,8.00
24.33148,20.718,1.598,8.00
24.34179,20.718,1.598,8.00
24.35195,20.672,1.616,8.00
24.37727,20.672,1.561,8.00
24.38748,20.266,1.528,8.00
24.40943,20.266,1.528,8.00
24.41960,19.918,1.903,8.00
24.44297,18.972,2.625,8.00
24.45312,18.972,2.625,8.00
24.46327,18.395,2.694,8.50
24.47665,18.395,2.694,8.50
24.48685,17.780,2.497,8.50
24.50498,17.780,2.497,8.50
24.51516,17.094,2.185,8.50
24.52533,16.333,1.735,8.50
24.53691,16.333,1.735,8.50
24.54801,15.522,1.133,8.50
24.55818,15.522,1.133,8.50
24.57148,14.704,1.133,8.50
24.58167,13.914,0.692,8.50
24.59194,13.914,0.330,8.50
24.61700,13.914,0.330,8.50
24.62719,12.354,-0.072,8.50
24.65109,11.585,-0.244,8.50
24.66126,10.829,-0.368,8.50
24.68108,10.829,-0.368,8.50
24.69137,10.165,-0.442,8.50
24.71334,9.639,-0.478,8.50
24.72401,9.177,-0.457,8.50
24.74536,9.177,-0.390,8.50
24.75561,8.673,-0.390,8.50
24.76595,8.126,-0.243,8.50
24.77795,8.126,-0.243,8.50
24.78814,7.613,-0.027,8.50
24.79850,7.613,-0.027,8.50
24.80937,7.153,0.327,9.00
24.81964,6.823,0.327,9.00
24.83012,6.823,0.810,9.00
24.85813,6.460,1.383,9.00
24.86847,6.055,2.159,9.00
24.88968,6.055,3.191,9.00
24.90018,5.223,4.182,9.00
24.92365,5.223,4.182,9.00
24.93396,4.773,5.151,9.00
24.95922,4.248,6.104,9.00
24.96941,4.248,6.990,9.00
24.98535,4.026,6.990,9.00
24.99636,4.026,7.814,9.00
25.01940,3.799,8.562,9.00
25.02979,3.587,9.272,9.00
25.04976,3.438,10.061,9.50
25.06030,3.438,10.061,9.50
25.07068,3.346,10.724,9.50
25.08108,3.346,10.724,9.50
25.09125,3.282,11.366,9.50
25.10141,3.282,11.980,9.50
25.11420,3.206,11.980,9.50
25.12448,3.206,12.582,9.50
25.13472,3.105,12.582,9.50
25.16219,2.934,13.197,9.50
25.17237,2.934,13.795,9.50
25.19489,2.884,14.368,9.50
25.20522,2.845,14.928,9.50
25.22487,2.845,14.928,9.50
25.23550,2.801,15.499,9.50
25.25732,2.728,16.113,9.50
25.26789,2.653,16.805,9.50
25.27812,2.653,16.805,9.50
25.28924,2.580,16.805,10.00
25.29973,2.455,17.532,10.00
25.31006,2.455,18.238,10.00
25.32134,2.315,18.238,10.00
25.33173,2.315,18.964,10.00
25.34209,2.173,18.964,10.00
25.35363,2.173,19.666,10.00
25.36457,2.061,20.385,10.00
25.37479,2.061,20.385,10.00
25.38566,1.967,20.973,10.00
25.39661,1.967,20.973,10.00
25.40680,1.894,21.455,10.00
25.43436,1.853,21.881,10.00
25.44454,1.822,22.270,10.00
25.46499,1.822,22.270,10.00
25.47518,1.815,22.649,10.00
25.49885,1.866,23.427,10.50
25.50914,1.866,23.427,10.50
25.53384,1.915,23.951,10.50
25.54427,1.962,24.445,10.50
25.56264,1.962,24.995,10.50
25.57283,2.004,24.995,10.50
25.58299,2.038,25.527,10.50
25.59326,2.038,25.527,10.50
25.60345,2.070,26.285,10.50
25.61361,2.070,26.285,10.50
25.62628,2.070,27.008,10.50
25.63656,2.080,27.008,10.50
25.64682,2.063,27.731,10.50
25.67367,2.028,27.731,10.50
25.68411,1.987,29.093,10.50
25.70537,1.950,29.093,10.50
25.71607,1.950,29.686,10.50
25.74001,1.920,30.256,11.00
25.75016,1.885,30.792,11.00
25.76978,1.861,31.317,11.00
25.78004,1.846,31.317,11.00
25.80095,1.846,31.771,11.00
25.81112,1.836,32.206,11.00
25.82128,1.836,32.206,11.00
25.83362,1.828,32.682,11.00
25.84392,1.827,32.682,11.00
25.85407,1.827,33.254,11.00
25.86674,1.827,33.812,11.00
25.87704,1.829,33.812,11.00
25.88741,1.836,34.368,11.00
25.89825,1.836,34.368,11.00
25.90879,1.850,34.978,11.00
25.91894,1.850,34.978,11.00
25.92913,1.855,35.595,11.00
25.94058,1.855,35.595,11.00
25.95096,1.854,36.205,11.00
25.97702,1.854,36.205,11.00
25.98727,1.827,37.454,11.00
26.00931,1.800,37.454,11.50
26.01966,1.774,38.121,11.50
26.04263,1.774,38.656,11.50
26.05286,1.749,39.184,11.50
26.07333,1.720,39.699,11.50
26.08393,1.720,39.699,11.50
26.10555,1.663,40.696,11.50
26.11602,1.663,40.696,11.50
26.12620,1.629,41.185,11.50
26.13771,1.629,41.185,11.50
26.14809,1.580,41.671,11.50
26.15843,1.580,41.671,11.50
26.16963,1.545,42.210,11.50
26.17995,1.545,42.210,11.50
26.19013,1.506,42.682,11.50
26.20170,1.470,43.172,11.50
26.21214,1.470,43.172,11.50
26.22242,1.441,43.637,11.50
26.23343,1.441,43.637,11.50
26.24388,1.403,44.118,11.50
26.25425,1.403,44.118,11.50
26.28177,1.343,45.050,11.50
26.29218,1.343,45.050,11.50
26.31373,1.320,45.512,11.50
26.32495,1.278,46.010,11.50
26.34507,1.278,46.010,12.00
26.35918,1.209,46.431,12.00
26.37803,1.123,46.861,12.00
26.38838,1.028,47.243,12.00
26.40951,0.919,47.243,12.00
26.42006,0.803,47.611,12.00
26.43019,0.803,47.953,12.00
26.44130,0.803,48.337,12.00
26.45148,0.715,48.337,12.00
26.46165,0.715,48.337,12.00
26.47389,0.638,48.694,12.00
26.48424,0.573,49.011,12.00
26.49474,0.573,49.011,12.00
26.50551,0.573,49.271,12.00
26.51604,0.532,49.271,12.00
26.52633,0.523,49.484,12.00
26.53855,0.523,49.484,12.00
26.54880,0.511,49.704,12.00
26.55896,0.511,49.704,12.00
26.56946,0.502,49.900,12.00
26.57973,0.467,49.900,12.00
26.59000,0.467,50.099,12.00
26.61760,0.467,50.324,12.00
26.62796,0.405,50.549,12.00
26.64948,0.404,50.549,12.00
26.65976,0.404,50.836,12.00
26.68136,0.404,51.562,12.00
26.69155,0.392,51.562,12.00
26.70171,0.392,51.562,12.00
26.72010,0.341,51.903,12.00
26.73044,0.341,52.227,12.00
26.74802,0.341,52.519,12.00
26.75952,0.315,52.519,12.00
26.76966,0.289,52.730,12.00
26.78003,0.289,52.730,12.00
26.79018,0.282,52.943,12.00
26.80059,0.282,52.943,12.00
26.81075,0.287,53.153,12.00
26.82092,0.301,53.372,12.00
26.83107,0.301,53.372,12.00
26.85988,0.312,53.775,12.00
26.87010,0.312,53.775,12.00
26.89140,0.293,53.974,12.00
26.90158,0.262,53.974,12.00
26.92193,0.262,54.164,12.00
26.93212,0.218,54.337,12.00
26.95321,0.187,54.511,12.00
26.96341,0.187,54.511,12.00
26.97357,0.178,54.654,12.00
26.98645,0.182,54.654,12.00
26.99704,0.182,54.804,12.00
27.00751,0.184,54.925,12.00
27.01836,0.184,54.925,12.00
27.02852,0.192,55.016,12.00
27.03868,0.192,55.016,12.00
27.05026,0.202,55.113,12.00
27.06046,0.202,55.192,12.00
27.07083,0.215,55.192,12.00
27.09937,0.252,55.192,12.00
27.10971,0.252,55.416,12.00
27.12885,0.252,55.416,12.00
27.13905,0.266,55.627,12.00
27.14920,0.277,55.853,0.00
27.15938,0.277,55.853,0.00
27.16954,0.284,55.985,0.00
27.17986,0.284,55.985,0.00
27.18991,0.293,56.087,0.00
27.20008,0.293,56.087,0.00
27.21022,0.293,56.147,0.00
27.22037,0.283,56.204,0.00
27.23051,0.283,56.204,0.00
27.24066,0.251,56.248,0.00
27.25080,0.251,56.248,0.00
27.26096,0.207,56.273,0.00
27.27131,0.207,56.273,0.00
27.28148,0.207,56.300,0.00
27.29166,0.169,56.300,0.00
27.30181,0.169,56.307,0.00
27.31197,0.142,56.307,0.00
27.32234,0.107,56.314,0.00
27.33251,0.107,56.314,0.00
27.34284,0.062,56.309,0.00
27.35320,0.062,56.309,0.00
27.36336,0.025,56.309,0.00
27.37360,0.025,56.309,0.00
27.38375,0.012,56.310,0.00
27.39391,0.012,56.310,0.00
27.40470,0.009,56.288,0.00
27.41485,0.009,56.288,0.00
27.42507,-0.007,56.279,0.00
27.43535,-0.007,56.279,0.00
27.44557,-0.022,56.249,0.00
27.45590,-0.022,56.249,0.00
27.46620,-0.028,56.185,0.00
27.47874,-0.028,56.185,0.00
27.48884,-0.045,56.104,0.00
27.49899,-0.045,56.104,0.00
27.50913,-0.125,55.994,0.00
27.51929,-0.229,55.994,0.00
27.52943,-0.229,55.836,0.00
27.53958,-0.335,55.836,0.00
27.54984,-0.335,55.617,0.00
27.56001,-0.335,55.341,0.00
27.57016,-0.442,55.341,0.00
27.58033,-0.442,55.341,0.00
27.59050,-0.516,55.047,0.00
27.60070,-0.516,54.735,0.00
27.61085,-0.544,54.735,0.00
27.62102,-0.544,54.331,0.00
27.63118,-0.547,54.331,0.00
27.64169,-0.547,54.331,0.00
27.65185,-0.528,53.968,0.00
27.66212,-0.528,53.598,0.00
27.67227,-0.499,53.598,0.00
27.68243,-0.499,53.598,0.00
27.69266,-0.443,53.192,0.00
27.70282,-0.378,52.708,0.00
27.71297,-0.378,52.708,0.00
27.72347,-0.330,52.146,0.00
27.73361,-0.330,52.146,0.00
27.74389,-0.309,51.568,0.00
27.75408,-0.309,51.568,0.00
27.76435,-0.328,51.568,0.00
27.77483,-0.328,50.900,0.00
27.78516,-0.368,49.865,0.00
27.79575,-0.368,49.865,0.00
27.80591,-0.411,48.595,0.00
27.81655,-0.411,48.595,0.00
27.82671,-0.427,47.080,0.00
27.83711,-0.427,47.080,0.00
27.84739,-0.437,45.403,0.00
27.85789,-0.437,45.403,0.00
27.86866,-0.447,43.614,0.00
27.87939,-0.447,43.614,0.00
27.88956,-0.434,41.745,0.00
27.89972,-0.434,41.745,0.00
27.90988,-0.394,39.765,0.00
27.92005,-0.394,39.765,0.00
27.93021,-0.348,37.678,0.00
27.94042,-0.348,37.678,0.00
27.95061,-0.299,35.368,0.00
27.96091,-0.299,33.453,0.00
27.97158,-0.255,33.453,0.00
27.98175,-0.255,33.453,0.00
27.99211,-0.212,31.661,0.00
28.00234,-0.212,31.661,0.00
28.01266,-0.172,29.790,0.00
28.02304,-0.118,27.674,0.00
28.03362,-0.118,27.674,0.00
28.04390,-0.057,25.301,0.00
28.05413,-0.057,25.301,0.00
28.06447,0.006,22.747,0.00
28.07475,0.006,22.747,0.00
28.08512,0.085,20.057,0.00
28.09562,0.085,20.057,0.00
28.10601,0.152,16.875,0.00
28.11647,0.152,16.875,0.00
28.12663,0.206,13.954,0.00
28.13689,0.206,13.954,0.00
28.14700,0.250,13.954,0.00
28.16179,0.250,11.040,0.00
28.18359,0.278,8.226,0.00
28.20598,0.257,3.134,0.00
28.21746,0.257,3.134,0.00
28.23293,0.257,0.876,0.00
28.24543,0.147,-1.051,0.00
28.25598,0.147,-1.051,0.00
28.27156,0.062,-2.812,0.00
28.28294,0.062,-2.812,0.00
28.29376,0.062,-3.965,0.00
28.30464,-0.023,-3.965,0.00
28.31544,-0.107,-3.965,0.00
28.33118,-0.188,-4.657,0.00
28.34667,-0.260,-4.346,0.00
28.35784,-0.260,-4.346,0.00
28.36955,-0.318,-4.346,0.00
28.38620,-0.359,-3.671,0.00
28.39873,-0.359,-2.980,0.00
28.42235,-0.377,-2.250,0.00
28.43311,-0.379,-2.250,0.00
28.44390,-0.379,-2.250,0.00
28.46044,-0.370,-0.638,0.00
28.47104,-0.363,0.085,0.00
28.48145,-0.351,0.085,0.00
28.49323,-0.351,0.855,0.00
28.50444,-0.347,1.583,0.00
28.51536,-0.347,1.583,0.00
28.52723,-0.361,2.276,0.00
28.54246,-0.378,2.859,0.00
28.55262,-0.378,2.859,0.00
28.56916,-0.399,3.354,0.00
28.58364,-0.424,3.851,0.00
28.60001,-0.424,3.851,0.00
28.62550,-0.495,4.278,0.00
28.63807,-0.495,4.572,0.00
28.65993,-0.536,4.468,0.00
28.67160,-0.536,4.468,0.00
28.68641,-0.536,4.085,0.00
28.70216,-0.599,2.801,0.00
28.71375,-0.623,2.801,0.00
28.72690,-0.631,2.801,0.00
28.73721,-0.631,2.155,0.00
28.74981,-0.623,2.155,0.00
28.76554,-0.623,1.200,0.00
28.78131,-0.597,1.200,0.00
28.79936,-0.597,0.910,0.00
28.81997,-0.574,0.559,0.00
28.83777,-0.574,0.559,0.00
28.85575,-0.570,0.511,0.00
28.87469,-0.565,0.511,0.00
28.88649,-0.562,0.679,0.00
28.90146,-0.565,0.679,0.00
28.91956,-0.565,0.844,0.00
28.93741,-0.565,0.955,0.00
28.95003,-0.574,1.037,0.00
28.96068,-0.574,1.026,0.00
28.97101,-0.570,1.026,0.00
28.98235,-0.565,0.947,0.00
28.99823,-0.565,0.839,0.00
29.02163,-0.562,0.839,0.00
29.03262,-0.554,0.839,0.00
29.05469,-0.542,0.600,0.00
29.06526,-0.523,0.600,0.00
29.07595,-0.523,0.511,0.00
29.09335,-0.495,0.465,0.00
29.10360,-0.495,0.496,0.00
29.12193,-0.464,0.496,0.00
29.13292,-0.437,0.565,0.00
29.14866,-0.437,0.637,0.00
29.20802,-0.410,0.671,0.00
29.22027,-0.403,0.632,0.00
29.26447,-0.403,0.632,0.00
29.27490,-0.438,0.558,0.00
29.28507,0.018,-0.286,0.00
29.29521,-0.002,-0.311,0.00
29.30537,-0.022,-0.318,0.00
29.31575,-0.022,-0.318,0.00
29.32601,-0.044,-0.312,0.00
29.33830,-0.044,-0.312,0.00
29.34848,-0.077,-0.292,0.00
29.35864,-0.077,-0.292,0.00
29.36879,-0.114,-0.264,0.00
29.37896,-0.114,-0.264,0.00
29.38912,-0.155,-0.229,0.00
29.39954,-0.155,-0.229,0.00
29.40968,-0.191,-0.187,0.00
29.41990,-0.191,-0.187,0.00
29.43004,-0.230,-0.159,0.00
29.44095,-0.230,-0.141,0.00
29.45109,-0.266,-0.141,0.00
29.46124,-0.297,-0.141,0.00
29.47138,-0.297,-0.135,0.00
29.48154,-0.329,-0.135,0.00
29.49168,-0.329,-0.139,0.00
29.50184,-0.363,-0.147,0.00
29.51198,-0.363,-0.147,0.00
29.52212,-0.394,-0.158,0.00
29.53256,-0.394,-0.158,0.00
29.54298,-0.420,-0.168,0.00
29.55331,-0.420,-0.168,0.00
29.56349,-0.420,-0.171,0.00
29.57386,-0.439,-0.171,0.00
29.58402,-0.457,-0.167,0.00
29.59418,-0.457,-0.167,0.00
29.60435,-0.473,-0.155,0.00
29.61489,-0.473,-0.155,0.00
29.62505,-0.487,-0.152,0.00
29.63521,-0.487,-0.152,0.00
29.64535,-0.493,-0.150,0.00
29.65687,-0.493,-0.150,0.00
29.66712,-0.490,-0.152,0.00
29.67734,-0.490,-0.152,0.00
29.68750,-0.493,-0.153,0.00
29.69839,-0.493,-0.153,0.00
29.70866,-0.504,-0.156,0.00
29.71889,-0.504,-0.156,0.00
29.72904,-0.515,-0.168,0.00
29.73922,-0.515,-0.168,0.00
29.74941,-0.529,-0.177,0.00
29.75966,-0.529,-0.177,0.00
29.76982,-0.546,-0.188,0.00
29.77997,-0.546,-0.188,0.00
29.79013,-0.554,-0.194,0.00
29.80029,-0.554,-0.194,0.00
29.81044,-0.557,-0.200,0.00
29.82059,-0.566,-0.205,0.00
29.83200,-0.566,-0.205,0.00
29.84216,-0.578,-0.208,0.00
29.85231,-0.578,-0.208,0.00
29.86246,-0.585,-0.210,0.00
29.87261,-0.585,-0.210,0.00
29.88275,-0.597,-0.211,0.00
29.89290,-0.597,-0.211,0.00
29.90614,-0.612,-0.217,0.00
29.91633,-0.612,-0.217,0.00
29.92650,-0.623,-0.224,0.00
29.93668,-0.623,-0.224,0.00
29.94693,-0.625,-0.230,0.00
29.95716,-0.625,-0.230,0.00
29.96749,-0.624,-0.237,0.00
29.97798,-0.624,-0.237,0.00
29.98814,-0.627,-0.242,0.00
29.99829,-0.627,-0.242,0.00
30.00845,-0.632,-0.246,0.00
30.02091,-0.632,-0.246,0.00
30.03106,-0.640,-0.245,0.00
30.04126,-0.640,-0.245,0.00
30.05142,-0.648,-0.243,0.00
30.06158,-0.648,-0.240,0.00
30.07174,-0.648,-0.240,0.00
30.08191,-0.650,-0.237,0.00
30.09206,-0.650,-0.237,0.00
30.10221,-0.653,-0.234,0.00
30.11236,-0.653,-0.234,0.00
30.12251,-0.669,-0.234,0.00
30.13268,-0.669,-0.234,0.00
30.14284,-0.669,-0.234,0.00
30.15305,-0.689,-0.230,0.00
30.16321,-0.689,-0.230,0.00
30.17338,-0.712,-0.230,0.00
30.18353,-0.712,-0.233,0.00
30.19368,-0.737,-0.233,0.00
30.20399,-0.754,-0.238,0.00
30.21424,-0.754,-0.238,0.00
30.22449,-0.773,-0.242,0.00
30.23466,-0.773,-0.242,0.00
30.24490,-0.796,-0.243,0.00
30.25522,-0.796,-0.243,0.00
30.26541,-0.813,-0.245,0.00
30.27600,-0.813,-0.245,0.00
30.28611,-0.823,-0.249,0.00
30.29639,-0.823,-0.249,0.00
30.30656,-0.831,-0.255,0.00
30.31675,-0.831,-0.255,0.00
30.32692,-0.836,-0.259,0.00
30.33722,-0.836,-0.259,0.00
30.34744,-0.839,-0.262,0.00
30.35765,-0.839,-0.262,0.00
30.36792,-0.842,-0.263,0.00
30.37830,-0.842,-0.263,0.00
30.38853,-0.844,-0.267,0.00
30.39868,-0.842,-0.269,0.00
30.40886,-0.842,-0.269,0.00
30.41900,-0.848,-0.269,0.00
30.42942,-0.848,-0.278,0.00
30.43999,-0.848,-0.278,0.00
30.45012,-0.851,-0.289,0.00
30.46054,-0.858,-0.289,0.00
30.47091,-0.858,-0.297,0.00
30.48105,-0.858,-0.297,0.00
30.49121,-0.867,-0.304,0.00
30.50137,-0.867,-0.304,0.00
30.51154,-0.883,-0.310,0.00
30.52170,-0.894,-0.316,0.00
30.53195,-0.894,-0.316,0.00
30.54210,-0.897,-0.316,0.00
30.55225,-0.897,-0.321,0.00
30.56240,-0.904,-0.324,0.00
30.57290,-0.904,-0.324,0.00
30.58306,-0.922,-0.331,0.00
30.59321,-0.922,-0.331,0.00
30.60338,-0.937,-0.338,0.00
30.61353,-0.937,-0.338,0.00
30.62369,-0.950,-0.345,0.00
30.63401,-0.950,-0.345,0.00
30.64417,-0.967,-0.349,0.00
30.65452,-0.967,-0.349,0.00
30.66488,-0.975,-0.353,0.00
30.67500,-0.975,-0.353,0.00
30.68517,-0.978,-0.355,0.00
30.69534,-0.978,-0.355,0.00
30.70554,-0.992,-0.358,0.00
30.71615,-0.992,-0.358,0.00
30.72631,-1.010,-0.360,0.00
30.73698,-1.010,-0.360,0.00
30.74702,-1.024,-0.361,0.00
30.75923,-1.024,-0.361,0.00
30.76941,-1.033,-0.363,0.00
30.77957,-1.033,-0.363,0.00
30.78983,-1.032,-0.369,0.00
30.79998,-1.032,-0.369,0.00
30.81014,-1.035,-0.376,0.00
30.82031,-1.035,-0.376,0.00
30.83049,-1.037,-0.385,0.00
30.84069,-1.037,-0.385,0.00
30.85100,-1.032,-0.393,0.00
30.86118,-1.032,-0.402,0.00
30.87134,-1.020,-0.402,0.00
30.88150,-1.020,-0.402,0.00
30.89167,-1.008,-0.410,0.00
30.90195,-0.996,-0.420,0.00
30.91225,-0.996,-0.420,0.00
30.92241,-0.976,-0.428,0.00
30.93267,-0.976,-0.428,0.00
30.94303,-0.959,-0.428,0.00
30.95341,-0.959,-0.436,0.00
30.96385,-0.938,-0.436,0.00
30.97409,-0.938,-0.448,0.00
30.98445,-0.918,-0.460,0.00
30.99480,-0.918,-0.460,0.00
31.00496,-0.918,-0.474,0.00
31.01521,-0.899,-0.474,0.00
31.02548,-0.884,-0.480,0.00
31.03670,-0.884,-0.480,0.00
31.04699,-0.871,-0.485,0.00
31.05884,-0.871,-0.485,0.00
31.06902,-0.860,-0.488,0.00
31.07921,-0.860,-0.488,0.00
31.08944,-0.846,-0.489,0.00
31.09961,-0.846,-0.489,0.00
31.10978,-0.830,-0.493,0.00
31.12018,-0.830,-0.496,0.00
31.13053,-0.816,-0.496,0.00
31.14102,-0.796,-0.494,0.00
31.15117,-0.796,-0.494,0.00
31.16131,-0.768,-0.494,0.00
31.17147,-0.768,-0.491,0.00
31.18165,-0.748,-0.491,0.00
31.19226,-0.748,-0.492,0.00
31.20258,-0.720,-0.492,0.00
31.21291,-0.720,-0.492,0.00
31.22310,-0.689,-0.488,0.00
31.23324,-0.689,-0.488,0.00
31.24338,-0.633,-0.481,0.00
31.25353,-0.633,-0.481,0.00
31.26371,-0.559,-0.472,0.00
31.27395,-0.559,-0.472,0.00
31.28419,-0.484,-0.467,0.00
31.29435,-0.484,-0.467,0.00
31.30462,-0.377,-0.459,0.00
31.31478,-0.377,-0.459,0.00
31.32494,-0.204,-0.448,0.00
31.33533,-0.204,-0.448,0.00
31.34573,0.023,-0.441,0.00
31.35619,0.023,-0.441,0.00
31.36643,0.267,-0.436,0.00
31.37661,0.267,-0.436,0.00
31.38688,0.564,-0.433,0.00
31.39709,0.564,-0.433,0.00
31.40724,0.919,-0.433,0.00
31.41748,0.919,-0.433,0.00
31.42774,1.230,-0.431,0.00
31.43799,1.230,-0.431,0.00
31.44815,1.627,-0.430,0.00
31.45841,1.627,-0.430,0.00
31.46865,2.148,-0.430,0.00
31.47881,2.148,-0.430,0.00
31.48897,2.707,-0.426,0.00
31.49912,2.707,-0.426,0.00
31.50932,3.277,-0.424,0.00
31.51948,3.277,-0.424,0.00
31.52964,3.901,-0.427,0.00
31.53989,3.901,-0.422,0.00
31.55003,4.600,-0.422,0.00
31.56019,5.360,-0.419,0.00
31.57033,5.360,-0.419,0.00
31.58049,6.185,-0.415,0.00
31.59067,6.185,-0.415,0.00
31.60102,7.090,-0.411,0.00
31.61138,7.090,-0.411,0.00
31.62158,8.053,-0.411,0.00
31.63171,8.053,-0.410,0.00
31.64191,9.037,-0.410,0.00
31.65225,9.037,-0.404,0.00
31.66258,10.027,-0.404,0.00
31.67473,10.027,-0.405,0.00
31.68489,11.000,-0.414,0.00
31.69509,11.000,-0.414,0.00
31.70677,11.000,-0.414,8.00
31.71827,11.000,-0.414,8.00
31.72861,11.935,-0.452,8.00
31.75373,13.560,-0.481,8.00
31.76406,14.204,-0.505,8.00
31.78492,14.204,-0.505,8.00
31.79511,14.727,-0.525,8.00
31.82041,15.133,-0.551,8.00
31.83059,15.428,-0.579,8.00
31.84998,15.591,-0.579,8.00
31.86015,15.591,-0.596,8.00
31.87031,15.658,-0.612,8.00
31.88138,15.643,-0.612,8.00
31.89162,15.643,-0.627,8.00
31.90202,15.552,-0.627,8.00
31.91399,15.552,-0.634,8.00
31.92434,15.373,-0.644,8.00
31.93450,15.373,-0.644,8.00
31.94606,15.078,-0.644,8.00
31.95629,15.078,-0.645,8.00
31.96645,14.673,-0.645,8.00
31.97896,14.673,-0.645,8.00
31.98929,14.172,-0.659,8.00
31.99945,14.172,-0.681,8.00
32.00967,13.556,-0.681,8.00
32.02030,13.556,-0.681,8.00
32.03051,12.809,-0.698,8.00
32.05802,12.809,-0.787,8.00
32.06835,11.072,-0.831,8.00
32.08904,11.072,-0.831,8.00
32.09922,10.174,-0.923,8.00
32.12200,8.459,-0.812,8.00
32.13247,8.459,-0.735,8.00
32.15346,7.623,-0.832,8.50
32.16362,7.623,-0.832,8.50
32.17396,6.741,-1.077,8.50
32.18567,6.741,-1.077,8.50
32.19610,5.822,-1.481,8.50
32.20636,4.886,-1.928,8.50
32.21922,4.886,-2.392,8.50
32.22943,4.033,-2.392,8.50
32.23963,4.033,-2.392,8.50
32.25023,4.033,-2.711,8.50
32.26055,3.294,-2.961,8.50
32.27101,2.638,-2.961,8.50
32.28353,2.638,-2.961,8.50
32.29380,2.016,-3.106,8.50
32.30395,2.016,-3.110,8.50
32.31417,1.523,-3.110,8.50
32.32450,1.044,-3.012,8.50
32.33633,1.044,-3.012,8.50
32.36430,0.614,-2.859,8.50
32.37454,0.314,-2.673,8.50
32.39530,0.314,-2.673,8.50
32.40595,-0.001,-2.058,8.50
32.42547,-0.001,-2.058,8.50
32.43566,0.054,-1.707,8.50
32.45742,0.200,-1.346,8.50
32.46761,0.392,-0.869,8.50
32.47829,0.392,-0.869,8.50
32.48970,0.586,-0.322,9.00
32.50159,0.698,0.332,9.00
32.51197,0.698,0.332,9.00
32.52229,0.793,1.060,9.00
32.53273,0.793,1.060,9.00
32.54290,0.943,1.793,9.00
32.55436,0.943,1.793,9.00
32.56453,1.087,2.537,9.00
32.57495,1.087,2.537,9.00
32.58609,1.178,3.257,9.00
32.59632,1.178,3.257,9.00
32.60677,1.271,3.907,9.00
32.62047,1.375,3.907,9.00
32.63134,1.375,4.591,9.00
32.64150,1.489,5.108,9.00
32.66507,1.489,5.569,9.00
32.67657,1.612,5.569,9.00
32.69677,1.692,5.995,9.00
32.70696,1.738,6.382,9.00
32.71771,1.738,6.382,9.00
32.72972,1.753,6.765,9.00
32.73999,1.753,7.119,9.00
32.75034,1.745,7.119,9.50
32.76156,1.724,7.477,9.50
32.77215,1.724,7.477,9.50
32.78248,1.667,7.875,9.50
32.79339,1.667,7.875,9.50
32.80390,1.590,8.244,9.50
32.81418,1.590,8.244,9.50
32.82637,1.507,8.701,9.50
32.83653,1.507,8.701,9.50
32.84676,1.413,9.216,9.50
32.85710,1.413,9.216,9.50
32.86745,1.303,9.642,9.50
32.87768,1.303,9.642,9.50
32.90614,1.040,10.244,9.50
32.91766,1.040,11.142,9.50
32.93839,0.907,12.138,9.50
32.94857,0.784,13.192,9.50
32.97190,0.784,14.063,10.00
32.98234,0.692,14.852,10.00
33.00172,0.575,14.852,10.00
33.01323,0.455,15.562,10.00
33.02368,0.391,16.183,10.00
33.03419,0.391,16.183,10.00
33.04435,0.348,16.704,10.00
33.05534,0.348,16.704,10.00
33.06641,0.323,17.166,10.00
33.07660,0.323,17.166,10.00
33.08675,0.307,17.557,10.00
33.10058,0.304,18.085,10.00
33.11079,0.304,18.085,10.00
33.12095,0.304,18.085,10.00
33.14494,0.302,18.631,10.00
33.15517,0.286,19.214,10.00
33.17724,0.283,19.214,10.00
33.18765,0.300,20.547,10.00
33.21075,0.329,21.283,10.50
33.22091,0.379,22.023,10.50
33.24273,0.379,22.790,10.50
33.25305,0.441,22.790,10.50
33.27276,0.512,22.790,10.50
33.28294,0.582,24.289,10.50
33.29310,0.582,24.289,10.50
33.30743,0.667,25.037,10.50
33.31811,0.667,25.037,10.50
33.32827,0.742,25.707,10.50
33.33907,0.742,25.707,10.50
33.34923,0.817,26.375,10.50
33.36037,0.817,26.984,10.50
33.38475,0.890,26.984,10.50
33.39503,0.948,27.543,10.50
33.41750,1.008,27.543,11.00
33.42768,1.071,28.703,11.00
33.45052,1.129,28.703,11.00
33.46190,1.129,29.226,11.00
33.48119,1.227,29.740,11.00
33.49139,1.227,30.238,11.00
33.50177,1.250,30.762,11.00
33.51320,1.250,30.762,11.00
33.52360,1.264,31.273,11.00
33.53376,1.264,31.273,11.00
33.54615,1.264,31.828,11.00
33.55649,1.285,31.828,11.00
33.56702,1.304,32.365,11.00
33.57914,1.304,32.365,11.00
33.58929,1.309,33.025,11.00
33.59945,1.315,33.025,11.00
33.60965,1.315,33.606,11.00
33.61988,1.315,34.166,11.00
33.63028,1.306,34.166,11.00
33.65737,1.286,34.166,11.00
33.66769,1.276,35.293,11.00
33.69003,1.260,35.860,11.50
33.70009,1.236,36.438,11.50
33.72678,1.210,37.007,11.50
33.73703,1.210,37.007,11.50
33.75409,1.185,37.680,11.50
33.76453,1.150,38.248,11.50
33.78968,1.150,38.248,11.50
33.79986,1.113,38.807,11.50
33.81939,1.095,39.287,11.50
33.82954,1.089,39.769,11.50
33.84069,1.093,39.769,11.50
33.85093,1.093,40.223,11.50
33.86108,1.104,40.645,11.50
33.87126,1.104,40.645,11.50
33.88197,1.116,41.068,11.50
33.89229,1.116,41.068,11.50
33.90260,1.132,41.068,11.50
33.91359,1.132,41.527,11.50
33.92397,1.132,41.903,11.50
33.93429,1.141,41.903,11.50
33.94545,1.142,42.276,11.50
33.95564,1.142,42.276,11.50
33.96579,1.156,42.644,11.50
33.99349,1.170,42.973,11.50
34.00464,1.171,43.268,11.50
34.02489,1.171,43.268,12.00
34.03513,1.172,43.617,12.00
34.05888,1.204,43.950,12.00
34.06901,1.249,44.271,12.00
34.08894,1.249,44.271,12.00
34.09926,1.300,44.582,12.00
34.10942,1.351,44.909,12.00
34.12175,1.394,45.256,12.00
34.13228,1.394,45.256,12.00
34.14242,1.394,45.256,12.00
34.15462,1.428,45.587,12.00
34.16494,1.430,45.934,12.00
34.17666,1.430,45.934,12.00
34.18713,1.424,46.313,12.00
34.19834,1.424,46.313,12.00
34.20849,1.410,46.656,12.00
34.21909,1.410,46.656,12.00
34.22935,1.386,47.049,12.00
34.23950,1.355,47.049,12.00
34.26519,1.355,47.357,12.00
34.27537,1.327,47.602,12.00
34.30074,1.314,47.813,12.00
34.31093,1.310,47.996,12.00
34.32923,1.303,48.189,12.00
34.33942,1.303,48.189,12.00
34.34962,1.296,48.363,12.00
34.36165,1.298,48.579,12.00
34.37213,1.298,48.579,12.00
34.38233,1.292,48.853,12.00
34.39316,1.292,48.853,12.00
34.40419,1.280,49.082,12.00
34.41573,1.280,49.082,12.00
34.42591,1.268,49.278,12.00
34.43880,1.268,49.278,12.00
34.44898,1.257,49.421,12.00
34.47389,1.270,49.563,12.00
34.48440,1.298,49.705,12.00
34.50526,1.323,49.794,12.00
34.51544,1.323,49.794,12.00
34.53956,1.357,49.846,12.00
34.54976,1.400,49.839,12.00
34.56879,1.400,49.839,12.00
34.57899,1.437,49.820,12.00
34.58916,1.471,49.807,12.00
34.60254,1.507,49.756,12.00
34.61271,1.507,49.756,12.00
34.62287,1.545,49.722,12.00
34.63301,1.545,49.722,12.00
34.64321,1.608,49.676,12.00
34.65337,1.608,49.676,12.00
34.66652,1.668,49.584,12.00
34.67763,1.718,49.584,12.00
34.68789,1.718,49.446,12.00
34.69806,1.718,49.446,12.00
34.70821,1.767,49.289,12.00
34.71862,1.767,49.289,12.00
34.72942,1.815,49.071,12.00
34.73966,1.855,49.071,12.00
34.74982,1.855,48.835,12.00
34.77706,1.855,48.594,12.00
34.78737,1.924,48.335,12.00
34.80962,1.944,48.084,12.00
34.81996,1.963,47.841,12.00
34.83012,1.963,47.841,0.00
34.84049,1.963,47.600,0.00
34.85081,1.986,47.600,0.00
34.86114,1.986,47.377,0.00
34.87145,2.016,47.377,0.00
34.88178,2.016,47.131,0.00
34.89218,2.040,47.131,0.00
34.90284,2.061,46.942,0.00
34.91300,2.061,46.942,0.00
34.92321,2.061,46.942,0.00
34.93352,2.054,46.774,0.00
34.94368,2.018,46.622,0.00
34.95395,2.018,46.622,0.00
34.96411,1.970,46.498,0.00
34.97427,1.970,46.498,0.00
34.98442,1.943,46.375,0.00
34.99458,1.943,46.375,0.00
35.00473,1.933,46.297,0.00
35.01489,1.933,46.297,0.00
35.02556,1.921,46.250,0.00
35.03588,1.921,46.250,0.00
35.04603,1.877,46.221,0.00
35.05637,1.877,46.221,0.00
35.06665,1.807,46.204,0.00
35.07698,1.807,46.204,0.00
35.08775,1.711,46.174,0.00
35.09842,1.711,46.174,0.00
35.10899,1.605,46.152,0.00
35.11913,1.605,46.133,0.00
35.12932,1.484,46.133,0.00
35.13945,1.484,46.133,0.00
35.14961,1.371,46.127,0.00
35.15993,1.371,46.127,0.00
35.17015,1.264,46.159,0.00
35.18030,1.159,46.159,0.00
35.19051,1.159,46.207,0.00
35.20066,1.159,46.207,0.00
35.21082,1.075,46.222,0.00
35.22097,1.075,46.204,0.00
35.23113,1.011,46.204,0.00
35.24167,1.011,46.204,0.00
35.25252,0.926,46.190,0.00
35.26268,0.926,46.221,0.00
35.27284,0.843,46.221,0.00
35.28301,0.790,46.294,0.00
35.29318,0.790,46.294,0.00
35.30334,0.788,46.386,0.00
35.31348,0.788,46.386,0.00
35.32365,0.753,46.473,0.00
35.33381,0.753,46.473,0.00
35.34466,0.688,46.538,0.00
35.35483,0.688,46.538,0.00
35.36500,0.605,46.572,0.00
35.37516,0.605,46.572,0.00
35.38549,0.520,46.566,0.00
35.39646,0.520,46.566,0.00
35.40662,0.431,46.515,0.00
35.41815,0.431,46.515,0.00
35.42831,0.390,46.394,0.00
35.43848,0.390,46.394,0.00
35.44884,0.424,46.185,0.00
35.45928,0.511,45.878,0.00
35.46961,0.511,45.878,0.00
35.47987,0.627,45.878,0.00
35.49004,0.627,45.501,0.00
35.50022,0.627,45.501,0.00
35.51038,0.766,45.063,0.00
35.52055,0.766,45.063,0.00
35.53071,0.909,44.380,0.00
35.54102,0.909,44.380,0.00
35.55118,1.026,43.573,0.00
35.56135,1.113,42.800,0.00
35.57152,1.113,42.800,0.00
35.58167,1.157,42.021,0.00
35.59191,1.157,42.021,0.00
35.60218,1.191,41.065,0.00
35.61233,1.191,41.065,0.00
35.62252,1.204,41.065,0.00
35.63267,1.204,39.766,0.00
35.64298,1.209,38.176,0.00
35.65314,1.209,38.176,0.00
35.66331,1.263,36.442,0.00
35.67347,1.263,36.442,0.00
35.68363,1.369,34.432,0.00
35.69381,1.369,34.432,0.00
35.70414,1.476,32.610,0.00
35.71430,1.476,32.610,0.00
35.72446,1.596,30.793,0.00
35.73461,1.596,30.793,0.00
35.74481,1.723,28.980,0.00
35.75497,1.723,28.980,0.00
35.76513,1.838,27.185,0.00
35.77530,1.838,27.185,0.00
35.78545,1.944,25.399,0.00
35.79566,1.944,25.399,0.00
35.80601,2.029,23.612,0.00
35.81630,2.029,23.612,0.00
35.82665,2.091,21.791,0.00
35.84172,2.091,21.791,0.00
35.85274,2.140,19.516,0.00
35.86389,2.140,19.516,0.00
35.87477,2.184,17.385,0.00
35.88658,2.184,17.385,0.00
35.89743,2.226,15.178,0.00
35.90823,2.264,12.917,0.00
35.91896,2.297,10.608,0.00
35.92941,2.297,10.608,0.00
35.94588,2.320,8.285,0.00
35.96282,2.338,5.971,0.00
35.97304,2.338,5.971,0.00
35.98385,2.348,3.622,0.00
35.99986,2.360,1.044,0.00
36.01011,2.360,1.044,0.00
36.03421,2.343,-1.092,0.00
36.04512,2.297,-3.036,0.00
36.05568,2.297,-3.036,0.00
36.06624,2.256,-3.036,0.00
36.08064,2.256,-3.036,0.00
36.09240,2.194,-6.097,0.00
36.10833,2.106,-7.073,0.00
36.11921,2.106,-7.073,0.00
36.13084,2.006,-7.579,0.00
36.14104,2.006,-7.579,0.00
36.15157,1.910,-7.616,0.00
36.17261,1.812,-7.064,0.00
36.18848,1.704,-7.064,0.00
36.21009,1.704,-5.112,0.00
36.22251,1.583,-5.112,0.00
36.23860,1.320,-5.112,0.00
36.24996,1.320,-2.958,0.00
36.26032,1.320,-1.989,0.00
36.27079,1.167,-1.989,0.00
36.28151,1.021,-1.989,0.00
36.29779,1.021,-1.166,0.00
36.30818,0.888,-1.166,0.00
36.31954,0.888,-0.457,0.00
36.33031,0.888,0.270,0.00
36.34090,0.652,0.270,0.00
36.36035,0.551,0.867,0.00
36.37976,0.551,1.435,0.00
36.42609,0.275,2.420,0.00
36.44158,0.275,2.794,0.00
36.45866,0.208,3.077,0.00
36.47522,0.159,3.297,0.00
36.49155,0.159,3.297,0.00
36.50831,0.111,3.503,0.00
36.52749,0.096,3.338,0.00
36.54335,0.096,3.338,0.00
36.56035,0.081,2.998,0.00
36.57843,0.073,2.552,0.00
36.61212,0.078,1.458,0.00
36.63048,0.101,0.926,0.00
36.64288,0.101,0.926,0.00
36.65419,0.130,0.338,0.00
36.66435,0.144,0.338,0.00
36.68361,0.144,-0.171,0.00
36.69575,0.144,-0.171,0.00
36.71212,0.156,-1.053,0.00
36.72349,0.155,-1.367,0.00
36.73406,0.155,-1.367,0.00
36.74576,0.147,-1.591,0.00
36.76351,0.142,-1.725,0.00
36.77393,0.142,-1.725,0.00
36.78413,0.142,-1.802,0.00
36.80017,0.135,-1.802,0.00
36.81639,0.129,-1.831,0.00
36.83366,0.134,-1.825,0.00
36.88118,0.166,-1.618,0.00
36.89152,0.166,-1.618,0.00
36.94868,0.158,-1.103,0.00
36.95890,0.158,-1.103,0.00
36.96912,-0.384,-1.772,0.00
36.97929,-0.374,-1.772,0.00
36.99024,-0.374,-1.529,0.00
37.00046,-0.367,-1.529,0.00
37.01062,-0.367,-1.266,0.00
37.02276,-0.369,-1.028,0.00
37.03292,-0.369,-1.028,0.00
37.04308,-0.373,-0.846,0.00
37.05397,-0.373,-0.846,0.00
37.06444,-0.384,-0.711,0.00
37.07732,-0.384,-0.711,0.00
37.08799,-0.397,-0.663,0.00
37.09815,-0.397,-0.663,0.00
37.10942,-0.405,-0.740,0.00
37.11958,-0.405,-0.740,0.00
37.12974,-0.415,-0.884,0.00
37.14029,-0.415,-0.884,0.00
37.15045,-0.423,-1.010,0.00
37.16066,-0.423,-1.010,0.00
37.17084,-0.429,-1.086,0.00
37.18099,-0.439,-1.139,0.00
37.19116,-0.439,-1.139,0.00
37.20135,-0.452,-1.201,0.00
37.21151,-0.452,-1.201,0.00
37.22169,-0.469,-1.247,0.00
37.23185,-0.469,-1.247,0.00
37.24201,-0.482,-1.275,0.00
37.25216,-0.482,-1.275,0.00
37.26232,-0.487,-1.286,0.00
37.27254,-0.487,-1.286,0.00
37.28270,-0.484,-1.286,0.00
37.29291,-0.484,-1.299,0.00
37.30308,-0.481,-1.309,0.00
37.31324,-0.481,-1.309,0.00
37.32342,-0.485,-1.311,0.00
37.33364,-0.485,-1.311,0.00
37.34384,-0.491,-1.305,0.00
37.35400,-0.491,-1.305,0.00
37.36452,-0.491,-1.282,0.00
37.37468,-0.491,-1.282,0.00
37.38484,-0.487,-1.244,0.00
37.39506,-0.487,-1.244,0.00
37.40522,-0.490,-1.189,0.00
37.41540,-0.490,-1.189,0.00
37.42556,-0.501,-1.117,0.00
37.43573,-0.501,-1.117,0.00
37.44596,-0.516,-1.034,0.00
37.45652,-0.516,-1.034,0.00
37.46667,-0.545,-0.928,0.00
37.47687,-0.545,-0.928,0.00
37.48704,-0.584,-0.846,0.00
37.49835,-0.584,-0.846,0.00
37.50861,-0.623,-0.799,0.00
37.51974,-0.623,-0.799,0.00
37.52989,-0.658,-0.800,0.00
37.54005,-0.700,-0.800,0.00
37.55022,-0.700,-0.831,0.00
37.56049,-0.700,-0.831,0.00
37.57065,-0.750,-0.869,0.00
37.58082,-0.805,-0.869,0.00
37.59099,-0.805,-0.915,0.00
37.60117,-0.805,-0.959,0.00
37.61133,-0.855,-0.959,0.00
37.62149,-0.855,-0.959,0.00
37.63166,-0.906,-0.992,0.00
37.64182,-0.906,-1.000,0.00
37.65234,-0.960,-1.000,0.00
37.66249,-0.960,-0.991,0.00
37.67325,-1.013,-0.991,0.00
37.68340,-1.065,-0.969,0.00
37.69360,-1.065,-0.969,0.00
37.70375,-1.118,-0.940,0.00
37.71399,-1.118,-0.940,0.00
37.72421,-1.171,-0.908,0.00
37.73441,-1.171,-0.908,0.00
37.74457,-1.222,-0.873,0.00
37.75472,-1.222,-0.873,0.00
37.76488,-1.265,-0.841,0.00
37.77508,-1.265,-0.841,0.00
37.78525,-1.301,-0.813,0.00
37.79606,-1.301,-0.813,0.00
37.80656,-1.330,-0.789,0.00
37.81716,-1.330,-0.789,0.00
37.82731,-1.351,-0.777,0.00
37.83761,-1.351,-0.777,0.00
37.84806,-1.363,-0.774,0.00
37.85846,-1.363,-0.774,0.00
37.86870,-1.374,-0.791,0.00
37.87906,-1.369,-0.791,0.00
37.88942,-1.369,-0.814,0.00
37.89974,-1.356,-0.843,0.00
37.91007,-1.356,-0.843,0.00
37.92034,-1.356,-0.881,0.00
37.93074,-1.343,-0.881,0.00
37.94139,-1.343,-0.925,0.00
37.95155,-1.327,-0.925,0.00
37.96190,-1.327,-0.965,0.00
37.97206,-1.310,-0.965,0.00
37.98224,-1.310,-0.965,0.00
37.99246,-1.290,-1.002,0.00
38.00347,-1.261,-1.034,0.00
38.01374,-1.261,-1.034,0.00
38.02469,-1.228,-1.060,0.00
38.03498,-1.228,-1.060,0.00
38.04515,-1.204,-1.084,0.00
38.05536,-1.204,-1.084,0.00
38.06552,-1.187,-1.099,0.00
38.07598,-1.187,-1.099,0.00
38.08642,-1.178,-1.109,0.00
38.09669,-1.178,-1.109,0.00
38.10688,-1.177,-1.120,0.00
38.11717,-1.177,-1.120,0.00
38.12726,-1.167,-1.130,0.00
38.13749,-1.167,-1.130,0.00
38.14796,-1.149,-1.142,0.00
38.15811,-1.149,-1.142,0.00
38.16827,-1.128,-1.156,0.00
38.17857,-1.128,-1.156,0.00
38.18878,-1.090,-1.167,0.00
38.19918,-1.090,-1.187,0.00
38.20934,-1.026,-1.187,0.00
38.21951,-1.026,-1.187,0.00
38.22970,-0.918,-1.215,0.00
38.24015,-0.763,-1.215,0.00
38.25059,-0.763,-1.251,0.00
38.26075,-0.576,-1.251,0.00
38.27092,-0.576,-1.308,0.00
38.28129,-0.397,-1.366,0.00
38.29144,-0.397,-1.366,0.00
38.30163,-0.179,-1.429,0.00
38.31192,-0.179,-1.429,0.00
38.32276,0.079,-1.512,0.00
38.33291,0.079,-1.512,0.00
38.34306,0.432,-1.604,0.00
38.35325,0.432,-1.604,0.00
38.36341,0.863,-1.677,0.00
38.37362,0.863,-1.677,0.00
38.38398,1.357,-1.714,0.00
38.39442,1.357,-1.714,0.00
38.40466,1.887,-1.739,0.00
38.41488,1.887,-1.739,0.00
38.42508,2.468,-1.760,0.00
38.43554,2.468,-1.760,0.00
38.44588,3.083,-1.771,0.00
38.45755,3.083,-1.775,0.00
38.46772,3.734,-1.775,0.00
38.47787,3.734,-1.775,0.00
38.48878,4.401,-1.771,0.00
38.49894,4.401,-1.771,0.00
38.50910,5.086,-1.760,0.00
38.51937,5.086,-1.760,0.00
38.52951,5.798,-1.751,0.00
38.53988,5.798,-1.751,0.00
38.55004,6.509,-1.746,0.00
38.56020,7.175,-1.746,0.00
38.57053,7.175,-1.735,0.00
38.58070,7.175,-1.735,0.00
38.59090,7.813,-1.718,0.00
38.60106,8.462,-1.701,0.00
38.61121,8.462,-1.701,0.00
38.62164,8.462,-1.690,0.00
38.63193,9.099,-1.690,0.00
38.64209,9.099,-1.690,0.00
38.65224,9.699,-1.680,0.00
38.66240,10.287,-1.669,0.00
38.68350,10.287,-1.661,0.00
38.69376,10.836,-1.661,0.00
38.71264,10.836,-1.661,8.00
38.72281,11.740,-1.657,8.00
38.73311,11.740,-1.657,8.00
38.74555,11.740,-1.657,8.00
38.75593,12.070,-1.660,8.00
38.76618,12.317,-1.670,8.00
38.78115,12.317,-1.687,8.00
38.79149,12.486,-1.687,8.00
38.80975,12.486,-1.705,8.00
38.81989,12.533,-1.727,8.00
38.83004,12.449,-1.727,8.00
38.84563,12.254,-1.753,8.00
38.85560,12.254,-1.753,8.00
38.86576,11.969,-1.780,8.00
38.88913,11.596,-1.780,8.00
38.89960,11.149,-1.817,8.00
38.92376,11.149,-1.895,8.00
38.93453,10.658,-2.032,8.00
38.95287,10.120,-2.032,8.00
38.96306,10.120,-2.220,8.00
38.98561,8.945,-2.646,8.00
38.99637,8.945,-2.646,8.00
39.00653,8.309,-2.896,8.00
39.01737,8.309,-2.896,8.00
39.02767,7.643,-3.158,8.00
39.03828,7.643,-3.158,8.00
39.04939,6.984,-3.513,8.00
39.05976,6.329,-3.902,8.00
39.07022,6.329,-3.902,8.00
39.08167,5.647,-4.013,8.00
39.09192,5.647,-4.013,8.00
39.10231,5.647,-3.921,8.00
39.11427,4.949,-3.921,8.00
39.12446,4.258,-3.867,8.00
39.13474,4.258,-3.867,8.00
39.14500,4.258,-3.737,8.50
39.15517,3.607,-3.737,8.50
39.16535,3.014,-3.680,8.50
39.19411,2.467,-3.595,8.50
39.20430,1.965,-3.480,8.50
39.22466,1.965,-3.480,8.50
39.23494,1.525,-3.311,8.50
39.25879,1.151,-3.125,8.50
39.26905,0.857,-2.932,8.50
39.28907,0.857,-2.704,8.50
39.29926,0.286,-2.704,8.50
39.30944,0.286,-2.471,8.50
39.32237,0.084,-2.471,8.50
39.33269,0.084,-2.199,8.50
39.34321,0.037,-2.199,8.50
39.35371,0.037,-1.879,8.50
39.36410,0.041,-1.521,8.50
39.37439,0.041,-1.521,8.50
39.38556,0.068,-1.099,8.50
39.39725,0.068,-1.099,8.50
39.40757,0.197,-0.615,8.50
39.43263,0.197,-0.615,8.50
39.44282,0.507,0.279,8.50
39.46516,0.507,0.725,8.50
39.47542,0.730,0.725,8.50
39.49833,0.961,1.215,9.00
39.50877,1.140,1.731,9.00
39.52870,1.140,1.731,9.00
39.53961,1.287,2.280,9.00
39.56203,1.415,2.811,9.00
39.57228,1.539,3.401,9.00
39.59670,1.670,3.911,9.00
39.60923,1.768,4.391,9.00
39.62834,1.822,4.859,9.00
39.63885,1.822,4.859,9.00
39.64901,1.851,5.271,9.00
39.65925,1.851,5.704,9.00
39.66958,1.874,5.704,9.00
39.67974,1.873,5.704,9.00
39.69008,1.873,6.138,9.00
39.70087,1.840,6.583,9.00
39.71118,1.840,6.583,9.00
39.73660,1.840,6.583,9.50
39.74678,1.723,8.071,9.50
39.77446,1.649,8.895,9.50
39.78464,1.567,9.678,9.50
39.80263,1.567,10.431,9.50
39.81283,1.495,10.431,9.50
39.83283,1.397,11.142,9.50
39.84402,1.292,11.748,9.50
39.85419,1.292,11.748,9.50
39.86510,1.292,12.276,9.50
39.87530,1.181,12.276,9.50
39.88565,1.055,12.760,9.50
39.89884,1.055,12.760,9.50
39.90902,0.923,13.121,9.50
39.91919,0.923,13.121,9.50
39.92948,0.785,13.481,9.50
39.93988,0.654,13.851,9.50
39.95014,0.654,13.851,9.50
39.96123,0.654,13.851,10.00
39.97144,0.533,14.274,10.00
39.98164,0.399,14.690,10.00
39.99289,0.399,14.690,10.00
40.00393,0.257,15.156,10.00
40.01409,0.257,15.156,10.00
40.02569,0.131,15.640,10.00
40.04279,0.131,15.640,10.00
40.05295,0.013,16.182,10.00
40.07262,0.013,16.182,10.00
40.08280,-0.107,17.244,10.00
40.10461,-0.107,17.244,10.00
40.11491,-0.145,17.841,10.00
40.13851,-0.153,18.463,10.00
40.14889,-0.140,19.120,10.00
40.16979,-0.127,19.120,10.00
40.18017,-0.120,19.795,10.00
40.19048,-0.120,20.443,10.00
40.20116,-0.120,20.443,10.50
40.21149,-0.112,21.162,10.50
40.22182,-0.112,21.730,10.50
40.23538,-0.110,21.730,10.50
40.24554,-0.095,22.262,10.50
40.25742,-0.095,22.262,10.50
40.26811,-0.060,22.763,10.50
40.27847,-0.060,23.319,10.50
40.28863,-0.033,23.319,10.50
40.31267,-0.033,23.319,10.50
40.32284,0.028,24.497,10.50
40.34564,0.058,24.497,10.50
40.35600,0.058,25.078,10.50
40.37898,0.096,25.748,10.50
40.39053,0.135,26.311,10.50
40.41048,0.135,26.899,11.00
40.42068,0.171,27.444,11.00
40.44196,0.199,27.444,11.00
40.45215,0.221,27.957,11.00
40.46269,0.221,27.957,11.00
40.47287,0.244,28.423,11.00
40.48311,0.244,28.869,11.00
40.49327,0.268,28.869,11.00
40.50665,0.290,29.319,11.00
40.51668,0.290,29.319,11.00
40.52703,0.300,30.276,11.00
40.55260,0.300,30.276,11.00
40.56278,0.302,30.738,11.00
40.58802,0.289,31.182,11.00
40.59825,0.270,31.604,11.00
40.61736,0.252,31.980,11.00
40.62775,0.222,32.435,11.00
40.65042,0.201,32.881,11.00
40.66110,0.187,33.423,11.00
40.68088,0.187,33.423,11.50
40.69113,0.174,33.899,11.50
40.70150,0.169,34.344,11.50
40.71324,0.169,34.344,11.50
40.72342,0.159,34.344,11.50
40.73402,0.159,34.802,11.50
40.74564,0.146,35.225,11.50
40.75592,0.146,35.225,11.50
40.76627,0.133,35.633,11.50
40.77792,0.133,35.633,11.50
40.78824,0.112,36.046,11.50
40.79865,0.112,36.046,11.50
40.80918,0.081,36.456,11.50
40.81935,0.081,36.456,11.50
40.82952,0.039,36.948,11.50
40.86129,-0.061,37.868,11.50
40.87148,-0.061,37.868,11.50
40.88894,-0.061,37.868,11.50
40.89934,-0.128,38.330,11.50
40.92100,-0.185,39.216,11.50
40.93134,-0.237,39.216,11.50
40.94155,-0.292,39.216,11.50
40.95301,-0.292,39.631,11.50
40.96356,-0.342,40.066,11.50
40.97372,-0.342,40.066,11.50
40.98577,-0.398,40.514,11.50
40.99640,-0.398,40.514,11.50
41.00657,-0.479,40.950,11.50
41.01788,-0.479,40.950,12.00
41.02823,-0.514,41.381,12.00
41.03839,-0.540,41.813,12.00
41.05105,-0.540,41.813,12.00
41.06121,-0.540,42.258,12.00
41.07139,-0.574,42.258,12.00
41.09673,-0.574,42.258,12.00
41.10692,-0.634,43.039,12.00
41.12955,-0.634,43.435,12.00
41.14139,-0.672,43.435,12.00
41.16160,-0.693,43.826,12.00
41.17226,-0.732,44.205,12.00
41.19258,-0.732,44.205,12.00
41.20330,-0.791,45.013,12.00
41.21386,-0.791,45.013,12.00
41.22515,-0.829,45.013,12.00
41.23542,-0.829,45.391,12.00
41.24558,-0.869,45.751,12.00
41.25660,-0.869,45.751,12.00
41.26680,-0.906,46.134,12.00
41.27696,-0.906,46.134,12.00
41.28994,-0.936,46.514,12.00
41.30022,-0.936,46.962,12.00
41.31039,-0.969,46.962,12.00
41.32126,-0.995,47.358,12.00
41.33157,-0.995,47.358,12.00
41.34175,-0.995,47.788,12.00
41.35301,-1.010,47.788,12.00
41.36329,-1.010,47.788,12.00
41.37344,-1.019,48.190,12.00
41.40096,-1.023,48.815,12.00
41.41136,-1.029,48.815,12.00
41.43276,-1.029,48.815,12.00
41.44293,-1.029,49.441,12.00
41.46546,-1.047,49.821,12.00
41.47673,-1.047,49.821,12.00
41.49698,-1.063,50.089,12.00
41.50947,-1.069,50.375,12.00
41.53113,-1.069,50.658,12.00
41.54133,-1.076,50.658,12.00
41.56062,-1.076,50.958,12.00
41.57083,-1.061,51.213,12.00
41.58098,-1.061,51.213,12.00
41.59336,-1.058,51.415,12.00
41.60410,-1.066,51.627,12.00
41.61435,-1.066,51.627,12.00
41.62703,-1.075,51.854,12.00
41.64124,-1.075,51.854,12.00
41.65777,-1.086,52.053,12.00
41.66818,-1.091,52.246,12.00
41.67915,-1.091,52.246,12.00
41.69010,-1.089,52.420,12.00
41.70037,-1.087,52.420,12.00
41.71074,-1.087,52.604,12.00
41.73727,-1.087,52.604,12.00
41.74747,-1.078,52.947,12.00
41.77105,-1.078,52.947,12.00
41.78123,-1.084,53.132,12.00
41.80198,-1.084,53.408,12.00
41.81246,-1.095,53.674,12.00
41.82262,-1.105,53.933,12.00
41.83283,-1.105,53.933,0.00
41.84298,-1.121,54.202,0.00
41.85328,-1.121,54.202,0.00
41.86343,-1.121,54.202,0.00
41.87359,-1.132,54.425,0.00
41.88442,-1.145,54.598,0.00
41.89479,-1.145,54.598,0.00
41.90573,-1.153,54.753,0.00
41.91669,-1.153,54.753,0.00
41.92685,-1.162,54.885,0.00
41.93768,-1.162,54.885,0.00
41.94832,-1.180,55.040,0.00
41.95855,-1.180,55.040,0.00
41.96875,-1.202,55.207,0.00
41.97891,-1.202,55.207,0.00
41.98907,-1.211,55.373,0.00
41.99923,-1.211,55.373,0.00
42.00939,-1.201,55.543,0.00
42.01960,-1.201,55.699,0.00
42.02976,-1.190,55.699,0.00
42.03993,-1.190,55.873,0.00
42.05027,-1.194,55.873,0.00
42.06043,-1.194,55.873,0.00
42.07063,-1.216,56.034,0.00
42.08079,-1.216,56.034,0.00
42.09094,-1.250,56.190,0.00
42.10109,-1.279,56.320,0.00
42.11124,-1.279,56.320,0.00
42.12140,-1.302,56.462,0.00
42.13155,-1.302,56.462,0.00
42.14171,-1.346,56.596,0.00
42.15196,-1.346,56.596,0.00
42.16212,-1.422,56.715,0.00
42.17241,-1.422,56.715,0.00
42.18258,-1.422,56.814,0.00
42.19275,-1.510,56.814,0.00
42.20291,-1.628,56.874,0.00
42.21318,-1.628,56.874,0.00
42.22335,-1.740,56.934,0.00
42.23351,-1.740,56.934,0.00
42.24367,-1.786,57.006,0.00
42.25394,-1.786,57.006,0.00
42.26425,-1.818,57.067,0.00
42.27465,-1.818,57.067,0.00
42.28481,-1.856,57.112,0.00
42.29497,-1.856,57.112,0.00
42.30513,-1.947,57.135,0.00
42.31532,-1.947,57.135,0.00
42.32553,-2.107,57.138,0.00
42.33706,-2.107,57.138,0.00
42.34743,-2.271,57.109,0.00
42.35759,-2.271,57.109,0.00
42.36775,-2.403,57.044,0.00
42.37788,-2.403,57.044,0.00
42.38804,-2.510,56.906,0.00
42.39820,-2.510,56.906,0.00
42.40835,-2.565,56.682,0.00
42.41912,-2.565,56.386,0.00
42.42928,-2.577,56.386,0.00
42.43945,-2.577,56.007,0.00
42.44970,-2.552,56.007,0.00
42.46016,-2.552,55.524,0.00
42.47052,-2.488,55.524,0.00
42.48068,-2.391,55.524,0.00
42.49083,-2.391,54.903,0.00
42.50100,-2.265,54.903,0.00
42.51117,-2.265,54.289,0.00
42.52133,-2.137,54.289,0.00
42.53149,-2.137,53.580,0.00
42.54167,-2.056,52.629,0.00
42.55253,-2.056,52.629,0.00
42.56284,-1.993,51.360,0.00
42.57300,-1.993,51.360,0.00
42.58327,-1.933,49.837,0.00
42.59361,-1.933,49.837,0.00
42.60386,-1.933,48.045,0.00
42.61395,-1.877,48.045,0.00
42.62411,-1.825,46.236,0.00
42.63427,-1.825,46.236,0.00
42.64458,-1.763,44.112,0.00
42.65504,-1.763,44.112,0.00
42.66534,-1.680,41.717,0.00
42.67599,-1.680,41.717,0.00
42.68616,-1.558,39.240,0.00
42.69664,-1.558,39.240,0.00
42.70682,-1.394,36.856,0.00
42.71704,-1.394,36.856,0.00
42.72755,-1.213,34.716,0.00
42.73792,-1.213,34.716,0.00
42.74791,-1.038,32.810,0.00
42.75838,-1.038,32.810,0.00
42.76854,-0.868,30.671,0.00
42.77919,-0.868,30.671,0.00
42.78935,-0.718,28.719,0.00
42.79965,-0.718,26.663,0.00
42.80995,-0.603,26.663,0.00
42.82012,-0.603,26.663,0.00
42.83557,-0.509,24.497,0.00
42.84634,-0.509,24.497,0.00
42.85727,-0.444,24.497,0.00
42.87313,-0.394,19.517,0.00
42.90840,-0.369,13.569,0.00
42.92060,-0.369,13.569,0.00
42.94013,-0.393,10.070,0.00
42.95214,-0.419,7.079,0.00
42.96243,-0.431,7.079,0.00
42.97279,-0.431,4.253,0.00
42.98853,-0.451,4.253,0.00
43.00639,-0.482,1.573,0.00
43.01713,-0.482,-0.949,0.00
43.02914,-0.482,-0.949,0.00
43.05264,-0.482,-5.177,0.00
43.06413,-0.671,-6.690,0.00
43.07991,-0.671,-6.690,0.00
43.09334,-0.765,-7.736,0.00
43.11247,-0.876,-8.009,0.00
43.12704,-1.002,-7.759,0.00
43.13782,-1.002,-7.759,0.00
43.15326,-1.135,-7.171,0.00
43.16995,-1.281,-6.324,0.00
43.18149,-1.281,-6.324,0.00
43.19255,-1.440,-5.417,0.00
43.20523,-1.440,-5.417,0.00
43.23475,-1.656,-3.551,0.00
43.24663,-1.656,-3.551,0.00
43.26410,-1.665,-1.946,0.00
43.28857,-1.665,-1.946,0.00
43.31657,-1.618,-0.632,0.00
43.32799,-1.590,-0.035,0.00
43.33968,-1.590,-0.035,0.00
43.35081,-1.566,0.474,0.00
43.37963,-1.544,0.943,0.00
43.39925,-1.520,1.347,0.00
43.41327,-1.520,1.751,0.00
43.42350,-1.500,1.751,0.00
43.44263,-1.508,1.458,0.00
43.45922,-1.541,1.458,0.00
43.47498,-1.578,1.458,0.00
43.49042,-1.578,1.009,0.00
43.50338,-1.665,0.472,0.00
43.52601,-1.699,-0.111,0.00
43.53662,-1.699,-0.604,0.00
43.56040,-1.728,-1.640,0.00
43.58908,-1.763,-2.013,0.00
43.61733,-1.798,-2.312,0.00
43.63310,-1.782,-2.522,0.00
43.64369,-1.782,-2.674,0.00
43.65766,-1.756,-2.674,0.00
43.66831,-1.716,-2.769,0.00
43.67848,-1.716,-2.769,0.00
43.68891,-1.716,-2.818,0.00
43.70160,-1.672,-2.818,0.00
43.72233,-1.624,-2.836,0.00
43.73254,-1.624,-2.836,0.00
43.74407,-1.624,-2.879,0.00
43.76042,-1.495,-2.879,0.00
43.78018,-1.418,-3.041,0.00
43.79714,-1.380,-3.100,0.00
43.80791,-1.335,-3.100,0.00
43.81894,-1.335,-3.142,0.00
43.83042,-1.292,-3.142,0.00
43.88675,-1.292,-3.142,0.00
43.89694,-1.256,-3.169,0.00
43.93945,-1.227,-3.118,0.00
43.94990,0.307,-1.449,0.00
43.96135,0.292,-1.452,0.00
43.97166,0.292,-1.452,0.00
43.98198,0.271,-1.472,0.00
43.99235,0.271,-1.472,0.00
44.00263,0.260,-1.492,0.00
44.01294,0.260,-1.492,0.00
44.02308,0.256,-1.520,0.00
44.03324,0.256,-1.520,0.00
44.04343,0.261,-1.558,0.00
44.05372,0.261,-1.558,0.00
44.06412,0.266,-1.585,0.00
44.07436,0.266,-1.585,0.00
44.08501,0.273,-1.593,0.00
44.09522,0.273,-1.593,0.00
44.10542,0.290,-1.587,0.00
44.11557,0.290,-1.587,0.00
44.12598,0.316,-1.583,0.00
44.13620,0.316,-1.583,0.00
44.14630,0.338,-1.577,0.00
44.15667,0.338,-1.577,0.00
44.16678,0.355,-1.560,0.00
44.17696,0.355,-1.560,0.00
44.18721,0.365,-1.532,0.00
44.19813,0.365,-1.532,0.00
44.20828,0.367,-1.506,0.00
44.21844,0.367,-1.475,0.00
44.22860,0.372,-1.475,0.00
44.23875,0.379,-1.475,0.00
44.24901,0.379,-1.454,0.00
44.25935,0.381,-1.454,0.00
44.26968,0.381,-1.434,0.00
44.28015,0.373,-1.434,0.00
44.29052,0.373,-1.416,0.00
44.30066,0.373,-1.416,0.00
44.31081,0.363,-1.389,0.00
44.32097,0.363,-1.360,0.00
44.33113,0.341,-1.360,0.00
44.34129,0.304,-1.329,0.00
44.35148,0.304,-1.329,0.00
44.36165,0.267,-1.297,0.00
44.37205,0.267,-1.297,0.00
44.38221,0.217,-1.260,0.00
44.39283,0.217,-1.260,0.00
44.40325,0.169,-1.224,0.00
44.41341,0.169,-1.224,0.00
44.42356,0.134,-1.224,0.00
44.43373,0.134,-1.200,0.00
44.44389,0.102,-1.200,0.00
44.45416,0.102,-1.188,0.00
44.46429,0.066,-1.180,0.00
44.47459,0.066,-1.180,0.00
44.48518,0.026,-1.172,0.00
44.49600,0.026,-1.172,0.00
44.50616,-0.008,-1.162,0.00
44.51673,-0.008,-1.162,0.00
44.52710,-0.032,-1.155,0.00
44.53741,-0.032,-1.155,0.00
44.54758,-0.054,-1.147,0.00
44.55785,-0.054,-1.147,0.00
44.56802,-0.077,-1.138,0.00
44.57817,-0.077,-1.122,0.00
44.58833,-0.098,-1.122,0.00
44.59867,-0.098,-1.122,0.00
44.60890,-0.118,-1.101,0.00
44.61906,-0.118,-1.101,0.00
44.62953,-0.140,-1.078,0.00
44.63969,-0.164,-1.078,0.00
44.64984,-0.164,-1.062,0.00
44.66002,-0.164,-1.048,0.00
44.67017,-0.180,-1.048,0.00
44.68032,-0.180,-1.041,0.00
44.69049,-0.190,-1.041,0.00
44.70083,-0.190,-1.040,0.00
44.71098,-0.205,-1.040,0.00
44.72114,-0.205,-1.040,0.00
44.73130,-0.224,-1.047,0.00
44.74147,-0.224,-1.047,0.00
44.75162,-0.244,-1.051,0.00
44.76179,-0.261,-1.051,0.00
44.77197,-0.261,-1.052,0.00
44.78213,-0.278,-1.055,0.00
44.79234,-0.278,-1.055,0.00
44.80272,-0.288,-1.063,0.00
44.81307,-0.288,-1.063,0.00
44.82346,-0.305,-1.075,0.00
44.83394,-0.305,-1.075,0.00
44.84426,-0.316,-1.086,0.00
44.85452,-0.316,-1.086,0.00
44.86475,-0.316,-1.095,0.00
44.87496,-0.316,-1.095,0.00
44.88513,-0.315,-1.108,0.00
44.89535,-0.315,-1.108,0.00
44.90555,-0.313,-1.122,0.00
44.91576,-0.313,-1.122,0.00
44.92593,-0.313,-1.133,0.00
44.93614,-0.313,-1.133,0.00
44.94630,-0.309,-1.137,0.00
44.95644,-0.309,-1.137,0.00
44.96666,-0.300,-1.135,0.00
44.97912,-0.300,-1.135,0.00
44.98931,-0.293,-1.133,0.00
44.99948,-0.282,-1.133,0.00
45.01006,-0.282,-1.130,0.00
45.02021,-0.286,-1.130,0.00
45.03036,-0.286,-1.128,0.00
45.04072,-0.291,-1.128,0.00
45.05087,-0.291,-1.121,0.00
45.06106,-0.291,-1.121,0.00
45.07122,-0.292,-1.125,0.00
45.08137,-0.292,-1.131,0.00
45.09153,-0.304,-1.131,0.00
45.10175,-0.326,-1.138,0.00
45.11195,-0.326,-1.138,0.00
45.12272,-0.357,-1.143,0.00
45.13292,-0.357,-1.143,0.00
45.14308,-0.384,-1.149,0.00
45.15324,-0.384,-1.149,0.00
45.16400,-0.400,-1.157,0.00
45.17433,-0.400,-1.157,0.00
45.18449,-0.410,-1.160,0.00
45.19471,-0.410,-1.160,0.00
45.20488,-0.410,-1.160,0.00
45.21504,-0.410,-1.160,0.00
45.22519,-0.390,-1.155,0.00
45.23556,-0.390,-1.155,0.00
45.24585,-0.376,-1.150,0.00
45.25685,-0.376,-1.150,0.00
45.26705,-0.370,-1.146,0.00
45.27747,-0.370,-1.146,0.00
45.28765,-0.355,-1.142,0.00
45.29780,-0.331,-1.142,0.00
45.30796,-0.331,-1.139,0.00
45.31845,-0.331,-1.139,0.00
45.32860,-0.276,-1.139,0.00
45.33904,-0.176,-1.139,0.00
45.34942,-0.176,-1.142,0.00
45.36002,-0.036,-1.142,0.00
45.37045,-0.036,-1.141,0.00
45.38082,-0.036,-1.141,0.00
45.39106,0.099,-1.139,0.00
45.40121,0.099,-1.139,0.00
45.41147,0.230,-1.139,0.00
45.42163,0.357,-1.134,0.00
45.43187,0.357,-1.134,0.00
45.44202,0.523,-1.126,0.00
45.45216,0.523,-1.126,0.00
45.46236,0.691,-1.118,0.00
45.47284,0.691,-1.118,0.00
45.48300,0.854,-1.108,0.00
45.49316,0.854,-1.108,0.00
45.50410,1.056,-1.101,0.00
45.51430,1.056,-1.101,0.00
45.52446,1.284,-1.097,0.00
45.53460,1.284,-1.097,0.00
45.54541,1.541,-1.099,0.00
45.55641,1.541,-1.099,0.00
45.56653,1.864,-1.106,0.00
45.57879,1.864,-1.106,0.00
45.58895,2.253,-1.114,0.00
45.59911,2.253,-1.114,0.00
45.60928,2.692,-1.119,0.00
45.61944,2.692,-1.119,0.00
45.62960,3.172,-1.125,0.00
45.64000,3.172,-1.126,0.00
45.65013,3.717,-1.126,0.00
45.66044,4.322,-1.126,0.00
45.67076,4.322,-1.126,0.00
45.68123,4.961,-1.119,0.00
45.69154,4.961,-1.119,0.00
45.70171,5.638,-1.119,0.00
45.71197,5.638,-1.116,0.00
45.72214,6.372,-1.116,0.00
45.73242,6.372,-1.118,0.00
45.74306,7.111,-1.125,0.00
45.75342,7.111,-1.125,0.00
45.76358,7.111,-1.130,0.00
45.77379,7.854,-1.130,0.00
45.78396,7.854,-1.130,0.00
45.79413,8.605,-1.136,0.00
45.80428,8.605,-1.141,0.00
45.81459,9.350,-1.141,0.00
45.83408,10.072,-1.142,0.00
45.84431,10.754,-1.136,0.00
45.85446,10.754,-1.136,0.00
45.86497,10.754,-1.136,8.00
45.87528,11.398,-1.126,8.00
45.88544,12.005,-1.114,8.00
45.89916,12.005,-1.114,8.00
45.90935,12.570,-1.102,8.00
45.91956,12.570,-1.102,8.00
45.94501,13.439,-1.097,8.00
45.95548,13.439,-1.094,8.00
45.97742,13.679,-1.096,8.00
45.98760,13.759,-1.104,8.00
46.00953,13.724,-1.118,8.00
46.02009,13.583,-1.135,8.00
46.04153,13.366,-1.153,8.00
46.05190,13.366,-1.153,8.00
46.07250,13.366,-1.185,8.00
46.08270,13.108,-1.185,8.00
46.09290,12.810,-1.226,8.00
46.10640,12.810,-1.226,8.00
46.11658,12.454,-1.278,8.00
46.12674,12.016,-1.334,8.00
46.14115,12.016,-1.382,8.00
46.15131,11.489,-1.382,8.00
46.16177,10.897,-1.442,8.00
46.17193,10.897,-1.442,8.00
46.18212,10.247,-1.505,8.00
46.19226,10.247,-1.505,8.00
46.22040,9.553,-1.688,8.00
46.23055,8.836,-1.817,8.00
46.24883,8.836,-1.830,8.00
46.25898,8.120,-1.830,8.00
46.28309,7.391,-1.740,8.00
46.29339,6.667,-1.657,8.00
46.31259,5.991,-1.695,8.50
46.32282,5.350,-1.886,8.50
46.33297,5.350,-1.886,8.50
46.34679,4.703,-2.132,8.50
46.35844,4.090,-2.520,8.50
46.36882,4.090,-2.520,8.50
46.37900,3.541,-2.905,8.50
46.38916,3.541,-2.905,8.50
46.40004,3.541,-3.291,8.50
46.41075,3.033,-3.291,8.50
46.42096,2.562,-3.592,8.50
46.43140,2.562,-3.592,8.50
46.46011,2.562,-3.826,8.50
46.47026,1.687,-4.005,8.50
46.49017,1.331,-4.132,8.50
46.50036,1.331,-4.132,8.50
46.52053,1.049,-4.143,8.50
46.53072,0.765,-4.068,8.50
46.55283,0.765,-4.068,8.50
46.56302,0.489,-3.908,8.50
46.57317,0.299,-3.711,8.50
46.58468,0.299,-3.711,8.50
46.59523,0.214,-3.412,8.50
46.60584,0.164,-3.050,8.50
46.61822,0.164,-3.050,8.50
46.62860,0.151,-2.566,8.50
46.63969,0.151,-2.566,8.50
46.65019,0.167,-1.953,9.00
46.66045,0.209,-1.338,9.00
46.67086,0.209,-1.338,9.00
46.69966,0.305,-0.665,9.00
46.70982,0.408,0.067,9.00
46.72925,0.503,0.807,9.00
46.73956,0.596,1.509,9.00
46.74992,0.596,1.509,9.00
46.76169,0.596,1.509,9.00
46.77188,0.687,2.278,9.00
46.78316,0.687,2.278,9.00
46.79350,0.687,3.073,9.00
46.80409,0.881,3.971,9.00
46.81506,0.881,3.971,9.00
46.84049,0.881,3.971,9.00
46.85066,1.073,5.554,9.00
46.86082,1.073,5.554,9.00
46.87849,1.178,6.319,9.00
46.88868,1.262,7.093,9.00
46.90632,1.324,7.093,9.50
46.91652,1.324,7.862,9.50
46.93648,1.339,8.612,9.50
46.94670,1.301,9.303,9.50
46.95740,1.301,9.303,9.50
46.96974,1.301,9.303,9.50
46.97994,1.250,9.940,9.50
46.99010,1.224,10.619,9.50
47.00122,1.224,10.619,9.50
47.01158,1.217,11.170,9.50
47.02193,1.217,11.686,9.50
47.03276,1.199,11.686,9.50
47.04295,1.199,11.686,9.50
47.05311,1.165,12.127,9.50
47.06455,1.165,12.127,9.50
47.07473,1.113,12.557,9.50
47.08489,1.054,12.939,9.50
47.11272,1.054,12.939,9.50
47.12291,1.006,13.368,9.50
47.14492,0.957,15.087,10.00
47.15760,0.846,15.087,10.00
47.17806,0.846,15.910,10.00
47.18853,0.794,16.596,10.00
47.21214,0.767,17.246,10.00
47.22230,0.767,17.814,10.00
47.23268,0.749,17.814,10.00
47.24302,0.749,17.814,10.00
47.25555,0.746,18.355,10.00
47.27289,0.741,18.852,10.00
47.28340,0.718,18.852,10.00
47.29355,0.718,19.251,10.00
47.30577,0.693,19.677,10.00
47.31597,0.693,19.677,10.00
47.32621,0.658,20.064,10.00
47.33833,0.658,20.064,10.50
47.34931,0.635,20.511,10.50
47.35949,0.635,20.511,10.50
47.38469,0.626,21.000,10.50
47.39489,0.617,21.492,10.50
47.41733,0.622,21.990,10.50
47.42753,0.622,21.990,10.50
47.45281,0.622,21.990,10.50
47.46300,0.663,22.922,10.50
47.48123,0.663,23.398,10.50
47.49142,0.675,23.867,10.50
47.50192,0.675,23.867,10.50
47.51667,0.677,24.525,10.50
47.52713,0.672,25.234,10.50
47.53828,0.672,25.234,10.50
47.54844,0.674,25.999,10.50
47.55860,0.674,25.999,10.50
47.56876,0.674,26.782,10.50
47.57920,0.674,26.782,11.00
47.59035,0.670,27.591,11.00
47.60051,0.660,28.378,11.00
47.62453,0.660,28.378,11.00
47.63499,0.647,29.235,11.00
47.65992,0.621,30.602,11.00
47.67025,0.621,30.602,11.00
47.68898,0.621,31.243,11.00
47.69939,0.605,31.243,11.00
47.72177,0.578,31.868,11.00
47.73191,0.552,32.458,11.00
47.74207,0.536,33.027,11.00
47.75438,0.536,33.027,11.00
47.76480,0.503,33.536,11.00
47.78482,0.466,33.536,11.00
47.79505,0.466,34.141,11.00
47.80521,0.429,34.684,11.00
47.82126,0.391,34.684,11.50
47.83143,0.391,35.211,11.50
47.84975,0.391,35.761,11.50
47.85995,0.359,36.315,11.50
47.87011,0.333,36.315,11.50
47.88114,0.333,36.918,11.50
47.89209,0.303,36.918,11.50
47.90246,0.303,37.458,11.50
47.91317,0.278,37.458,11.50
47.92350,0.252,38.000,11.50
47.93394,0.252,38.000,11.50
47.96195,0.211,39.088,11.50
47.97215,0.211,39.088,11.50
47.99313,0.190,39.088,11.50
48.00348,0.190,39.585,11.50
48.02649,0.173,40.471,11.50
48.03666,0.173,40.471,11.50
48.04682,0.161,40.932,11.50
48.05727,0.161,40.932,11.50
48.06744,0.135,41.358,11.50
48.07776,0.119,41.358,11.50
48.08932,0.119,41.778,11.50
48.09948,0.119,42.259,11.50
48.10984,0.094,42.259,11.50
48.12091,0.094,42.682,11.50
48.13154,0.066,42.682,11.50
48.14170,0.060,43.091,11.50
48.15423,0.060,43.091,11.50
48.16440,0.069,43.489,11.50
48.17455,0.069,43.489,11.50
48.20092,0.032,43.890,12.00
48.21114,0.032,44.254,12.00
48.23307,0.009,44.254,12.00
48.24352,0.003,44.980,12.00
48.26551,-0.001,45.350,12.00
48.27571,-0.001,45.350,12.00
48.28588,0.014,45.673,12.00
48.30189,0.010,45.981,12.00
48.31206,0.010,45.981,12.00
48.33221,0.005,46.270,12.00
48.34237,-0.001,46.493,12.00
48.35253,-0.001,46.493,12.00
48.36397,-0.001,46.690,12.00
48.37415,0.002,46.690,12.00
48.38431,-0.004,46.858,12.00
48.39447,-0.004,46.858,12.00
48.40476,0.010,46.988,12.00
48.41629,0.010,46.988,12.00
48.42648,0.024,47.153,12.00
48.43815,0.024,47.153,12.00
48.44832,0.028,47.356,12.00
48.47620,0.030,47.609,12.00
48.48679,0.034,47.839,12.00
48.50477,0.040,47.839,12.00
48.51501,0.040,48.085,12.00
48.53681,0.063,48.344,12.00
48.54723,0.087,48.537,12.00
48.57099,0.116,48.727,12.00
48.58118,0.116,48.926,12.00
48.60051,0.127,48.926,12.00
48.61078,0.128,49.111,12.00
48.62090,0.128,49.297,12.00
48.63310,0.137,49.297,12.00
48.64346,0.144,49.479,12.00
48.65384,0.144,49.479,12.00
48.66501,0.157,49.479,12.00
48.67534,0.157,49.669,12.00
48.68573,0.175,49.842,12.00
48.69754,0.175,49.842,12.00
48.70771,0.176,50.039,12.00
48.71913,0.176,50.039,12.00
48.72981,0.170,50.263,12.00
48.73997,0.170,50.526,12.00
48.75011,0.174,50.526,12.00
48.76106,0.174,50.526,12.00
48.77126,0.186,50.742,12.00
48.78142,0.186,50.742,12.00
48.81046,0.188,51.104,12.00
48.82064,0.187,51.290,12.00
48.84486,0.186,51.290,12.00
48.85512,0.186,51.466,12.00
48.87368,0.183,51.654,12.00
48.88550,0.192,51.831,12.00
48.90457,0.192,51.831,12.00
48.91484,0.209,52.020,12.00
48.92501,0.229,52.171,12.00
48.93768,0.229,52.171,12.00
48.94791,0.235,52.315,12.00
48.95807,0.235,52.315,12.00
48.96951,0.250,52.465,12.00
48.97976,0.243,52.578,12.00
48.99008,0.243,52.578,12.00
49.00036,0.243,52.685,0.00
49.01052,0.221,52.685,0.00
49.02069,0.221,52.685,0.00
49.03090,0.217,52.776,0.00
49.04106,0.217,52.776,0.00
49.05123,0.220,52.877,0.00
49.06139,0.220,52.998,0.00
49.07155,0.237,52.998,0.00
49.08171,0.237,52.998,0.00
49.09187,0.237,52.998,0.00
49.10202,0.257,53.097,0.00
49.11232,0.259,53.209,0.00
49.12262,0.255,53.320,0.00
49.13294,0.255,53.320,0.00
49.14310,0.259,53.436,0.00
49.15345,0.259,53.436,0.00
49.16371,0.268,53.578,0.00
49.17391,0.268,53.578,0.00
49.18425,0.282,53.740,0.00
49.19440,0.282,53.740,0.00
49.20470,0.286,53.979,0.00
49.21487,0.286,53.979,0.00
49.22515,0.286,54.276,0.00
49.23537,0.286,54.276,0.00
49.24554,0.292,54.569,0.00
49.25571,0.292,54.569,0.00
49.26588,0.297,54.822,0.00
49.27610,0.297,54.822,0.00
49.28627,0.302,55.003,0.00
49.29742,0.302,55.003,0.00
49.30759,0.311,55.171,0.00
49.31776,0.311,55.171,0.00
49.32793,0.311,55.327,0.00
49.33814,0.311,55.327,0.00
49.34831,0.305,55.495,0.00
49.35846,0.305,55.495,0.00
49.36893,0.303,55.644,0.00
49.37927,0.303,55.768,0.00
49.38962,0.301,55.768,0.00
49.39989,0.301,55.768,0.00
49.41019,0.304,55.865,0.00
49.42035,0.304,55.865,0.00
49.43052,0.319,55.958,0.00
49.44177,0.319,56.052,0.00
49.45225,0.327,56.052,0.00
49.46504,0.334,56.141,0.00
49.47530,0.334,56.141,0.00
49.48546,0.353,56.189,0.00
49.49746,0.353,56.189,0.00
49.50786,0.373,56.204,0.00
49.51861,0.373,56.204,0.00
49.52877,0.388,56.210,0.00
49.53893,0.388,56.210,0.00
49.54909,0.407,56.188,0.00
49.55925,0.407,56.188,0.00
49.56942,0.425,56.141,0.00
49.57997,0.434,56.141,0.00
49.59010,0.434,56.085,0.00
49.60026,0.440,55.966,0.00
49.61043,0.440,55.966,0.00
49.62059,0.444,55.762,0.00
49.63197,0.444,55.762,0.00
49.64233,0.444,55.762,0.00
49.65249,0.406,55.532,0.00
49.66264,0.293,55.286,0.00
49.67279,0.293,55.286,0.00
49.68297,0.120,55.010,0.00
49.69313,0.120,55.010,0.00
49.70328,-0.065,54.736,0.00
49.71344,-0.065,54.736,0.00
49.72360,-0.220,54.427,0.00
49.73377,-0.220,54.427,0.00
49.74395,-0.332,54.137,0.00
49.75414,-0.332,54.137,0.00
49.76431,-0.384,53.848,0.00
49.77452,-0.384,53.848,0.00
49.78468,-0.406,53.583,0.00
49.79492,-0.406,53.583,0.00
49.80508,-0.429,53.312,0.00
49.81748,-0.429,53.312,0.00
49.82771,-0.477,53.018,0.00
49.83864,-0.477,53.018,0.00
49.84882,-0.528,52.691,0.00
49.85898,-0.528,52.691,0.00
49.86914,-0.579,52.323,0.00
49.87958,-0.579,52.323,0.00
49.88974,-0.639,51.885,0.00
49.89991,-0.716,51.885,0.00
49.91007,-0.716,51.457,0.00
49.92023,-0.716,51.457,0.00
49.93043,-0.792,50.845,0.00
49.94077,-0.839,50.845,0.00
49.95114,-0.839,49.885,0.00
49.96154,-0.862,49.885,0.00
49.97205,-0.862,48.618,0.00
49.98266,-0.903,47.188,0.00
49.99282,-0.903,47.188,0.00
50.00758,-0.903,47.188,0.00
50.02366,-0.912,45.707,0.00
50.03483,-0.912,44.128,0.00
50.04502,-0.912,42.202,0.00
50.05676,-0.863,42.202,0.00
50.07220,-0.779,40.352,0.00
50.08295,-0.779,40.352,0.00
50.10228,-0.665,38.497,0.00
50.11352,-0.525,36.727,0.00
50.12435,-0.525,35.030,0.00
50.13931,-0.376,35.030,0.00
50.15634,-0.229,33.275,0.00
50.17381,-0.075,31.364,0.00
50.18419,0.114,31.364,0.00
50.19615,0.114,29.346,0.00
50.21202,0.301,27.021,0.00
50.22787,0.301,24.851,0.00
50.24495,0.465,22.465,0.00
50.25647,0.633,22.465,0.00
50.26672,0.805,19.882,0.00
50.28052,0.965,17.184,0.00
50.29546,0.965,17.184,0.00
50.31235,0.965,14.461,0.00
50.32881,1.199,11.778,0.00
50.35311,1.274,9.175,0.00
50.36427,1.274,9.175,0.00
50.39680,1.360,3.855,0.00
50.40971,1.368,1.528,0.00
50.42608,1.358,-0.571,0.00
50.44194,1.358,-0.571,0.00
50.45329,1.327,-2.386,0.00
50.46386,1.280,-2.386,0.00
50.48473,1.280,-3.864,0.00
50.49545,1.280,-4.965,0.00
50.50602,1.133,-5.545,0.00
50.51943,1.133,-5.545,0.00
50.54233,0.946,-5.585,0.00
50.55284,0.946,-5.585,0.00
50.56345,0.946,-5.275,0.00
50.57485,0.826,-5.275,0.00
50.58523,0.715,-4.673,0.00
50.59654,0.715,-4.673,0.00
50.61247,0.610,-3.872,0.00
50.62932,0.503,-3.029,0.00
50.64071,0.397,-2.272,0.00
50.65627,0.397,-2.272,0.00
50.67031,0.309,-1.458,0.00
50.68600,0.233,-0.614,0.00
50.69832,0.233,-0.614,0.00
50.71499,0.166,0.078,0.00
50.73226,0.116,0.697,0.00
50.74881,0.090,1.248,0.00
50.76028,0.093,1.775,0.00
50.77218,0.093,1.775,0.00
50.78273,0.093,1.775,0.00
50.79925,0.093,2.365,0.00
50.81541,0.086,2.816,0.00
50.83864,0.066,2.783,0.00
50.85038,0.053,2.783,0.00
50.86786,0.037,1.771,0.00
50.89213,0.021,1.142,0.00
50.90375,0.021,1.142,0.00
50.91518,0.001,0.575,0.00
50.93100,-0.030,0.037,0.00
50.94212,-0.030,0.037,0.00
50.95344,-0.060,-0.458,0.00
50.96577,-0.102,-0.911,0.00
50.98936,-0.145,-1.274,0.00
51.04741,-0.192,-1.831,0.00
51.05812,-0.192,-1.831,0.00
51.10521,-0.192,-1.831,0.00
51.11823,-0.315,-3.495,0.00
51.12853,-0.295,-3.325,0.00
51.13878,-0.295,-3.325,0.00
51.14908,-0.276,-3.087,0.00
51.15928,-0.276,-3.087,0.00
51.16944,-0.263,-2.811,0.00
51.17960,-0.263,-2.811,0.00
51.18976,-0.261,-2.594,0.00
51.19995,-0.261,-2.594,0.00
51.21010,-0.265,-2.416,0.00
51.22026,-0.272,-2.398,0.00
51.23062,-0.272,-2.398,0.00
51.24075,-0.272,-2.455,0.00
51.25091,-0.278,-2.455,0.00
51.26107,-0.278,-2.549,0.00
51.27135,-0.286,-2.549,0.00
51.28167,-0.286,-2.647,0.00
51.29208,-0.298,-2.647,0.00
51.30229,-0.312,-2.727,0.00
51.31262,-0.312,-2.727,0.00
51.32293,-0.330,-2.772,0.00
51.33341,-0.330,-2.772,0.00
51.34384,-0.350,-2.771,0.00
51.35417,-0.350,-2.771,0.00
51.36466,-0.365,-2.682,0.00
51.37500,-0.365,-2.682,0.00
51.38521,-0.377,-2.564,0.00
51.39555,-0.377,-2.564,0.00
51.40571,-0.393,-2.424,0.00
51.41648,-0.393,-2.424,0.00
51.42664,-0.410,-2.285,0.00
51.43680,-0.410,-2.285,0.00
51.44695,-0.420,-2.162,0.00
51.45713,-0.420,-2.162,0.00
51.46732,-0.431,-2.075,0.00
51.47823,-0.431,-2.075,0.00
51.48970,-0.454,-2.028,0.00
51.49998,-0.454,-2.028,0.00
51.51014,-0.475,-2.020,0.00
51.52030,-0.501,-2.036,0.00
51.53046,-0.501,-2.036,0.00
51.54061,-0.501,-2.062,0.00
51.55075,-0.537,-2.062,0.00
51.56090,-0.537,-2.062,0.00
51.57106,-0.565,-2.085,0.00
51.58122,-0.596,-2.099,0.00
51.59137,-0.596,-2.099,0.00
51.60153,-0.596,-2.093,0.00
51.61198,-0.628,-2.093,0.00
51.62237,-0.658,-2.064,0.00
51.63254,-0.658,-2.064,0.00
51.64270,-0.674,-2.004,0.00
51.65286,-0.674,-2.004,0.00
51.66302,-0.686,-1.929,0.00
51.67318,-0.686,-1.929,0.00
51.68338,-0.707,-1.849,0.00
51.69364,-0.707,-1.849,0.00
51.70397,-0.738,-1.775,0.00
51.71424,-0.738,-1.775,0.00
51.72440,-0.761,-1.719,0.00
51.73500,-0.761,-1.719,0.00
51.74515,-0.779,-1.679,0.00
51.75535,-0.779,-1.679,0.00
51.76565,-0.792,-1.658,0.00
51.77594,-0.792,-1.658,0.00
51.78715,-0.803,-1.643,0.00
51.79754,-0.803,-1.643,0.00
51.80805,-0.814,-1.627,0.00
51.81925,-0.828,-1.627,0.00
51.82940,-0.828,-1.613,0.00
51.83956,-0.840,-1.613,0.00
51.84972,-0.840,-1.597,0.00
51.85989,-0.840,-1.597,0.00
51.87006,-0.853,-1.579,0.00
51.88025,-0.853,-1.579,0.00
51.89041,-0.865,-1.568,0.00
51.90058,-0.865,-1.568,0.00
51.91074,-0.870,-1.554,0.00
51.92090,-0.864,-1.528,0.00
51.93106,-0.864,-1.528,0.00
51.94120,-0.840,-1.528,0.00
51.95136,-0.840,-1.493,0.00
51.96152,-0.817,-1.493,0.00
51.97168,-0.817,-1.460,0.00
51.98196,-0.817,-1.460,0.00
51.99211,-0.797,-1.435,0.00
52.00227,-0.797,-1.435,0.00
52.01241,-0.762,-1.413,0.00
52.02256,-0.720,-1.394,0.00
52.03297,-0.720,-1.394,0.00
52.04316,-0.720,-1.382,0.00
52.05332,-0.666,-1.382,0.00
52.06348,-0.597,-1.379,0.00
52.07364,-0.597,-1.379,0.00
52.08402,-0.513,-1.374,0.00
52.09424,-0.513,-1.374,0.00
52.10440,-0.435,-1.368,0.00
52.11456,-0.435,-1.368,0.00
52.12472,-0.349,-1.361,0.00
52.13496,-0.349,-1.361,0.00
52.14573,-0.251,-1.354,0.00
52.15717,-0.161,-1.354,0.00
52.16737,-0.161,-1.343,0.00
52.17860,-0.161,-1.343,0.00
52.18879,-0.074,-1.331,0.00
52.19894,0.008,-1.331,0.00
52.20906,0.008,-1.313,0.00
52.21922,0.008,-1.313,0.00
52.22943,0.076,-1.301,0.00
52.23959,0.076,-1.291,0.00
52.24982,0.139,-1.291,0.00
52.26027,0.139,-1.285,0.00
52.27060,0.207,-1.285,0.00
52.28075,0.207,-1.285,0.00
52.29090,0.267,-1.286,0.00
52.30107,0.267,-1.286,0.00
52.31123,0.310,-1.291,0.00
52.32140,0.340,-1.291,0.00
52.33157,0.340,-1.303,0.00
52.34172,0.363,-1.303,0.00
52.35191,0.363,-1.317,0.00
52.36210,0.388,-1.324,0.00
52.37230,0.388,-1.324,0.00
52.38245,0.411,-1.328,0.00
52.39393,0.411,-1.328,0.00
52.40448,0.424,-1.329,0.00
52.41486,0.424,-1.329,0.00
52.42503,0.446,-1.318,0.00
52.43602,0.446,-1.318,0.00
52.44619,0.473,-1.290,0.00
52.45637,0.473,-1.290,0.00
52.46651,0.484,-1.252,0.00
52.47674,0.484,-1.252,0.00
52.48691,0.490,-1.218,0.00
52.49726,0.490,-1.218,0.00
52.50764,0.499,-1.182,0.00
52.51785,0.499,-1.182,0.00
52.52882,0.504,-1.155,0.00
52.53897,0.504,-1.155,0.00
52.54917,0.503,-1.134,0.00
52.55933,0.494,-1.117,0.00
52.56949,0.494,-1.117,0.00
52.57965,0.487,-1.103,0.00
52.59007,0.487,-1.103,0.00
52.60036,0.487,-1.103,0.00
52.61073,0.472,-1.094,0.00
52.62106,0.456,-1.094,0.00
52.63139,0.456,-1.084,0.00
52.64175,0.443,-1.063,0.00
52.65221,0.443,-1.063,0.00
52.66256,0.423,-1.035,0.00
52.67292,0.423,-1.035,0.00
52.68310,0.423,-1.004,0.00
52.69337,0.411,-1.004,0.00
52.70374,0.405,-0.979,0.00
52.71390,0.405,-0.979,0.00
52.72448,0.398,-0.961,0.00
52.73480,0.398,-0.961,0.00
52.74497,0.387,-0.959,0.00
52.75548,0.387,-0.959,0.00
52.76545,0.373,-0.971,0.00
52.77701,0.373,-0.971,0.00
52.78718,0.357,-0.996,0.00
52.79733,0.357,-0.996,0.00
52.80750,0.339,-1.022,0.00
52.81806,0.339,-1.022,0.00
52.82823,0.326,-1.053,0.00
52.83840,0.326,-1.053,0.00
52.84856,0.318,-1.082,0.00
52.85872,0.318,-1.082,0.00
52.86888,0.304,-1.112,0.00
52.87904,0.304,-1.112,0.00
52.88919,0.316,-1.141,0.00
52.89973,0.329,-1.170,0.00
52.90989,0.329,-1.170,0.00
52.92042,0.329,-1.194,0.00
52.93071,0.343,-1.194,0.00
52.94086,0.343,-1.214,0.00
52.95102,0.429,-1.214,0.00
52.96118,0.429,-1.214,0.00
52.97135,0.520,-1.231,0.00
52.98150,0.596,-1.246,0.00
52.99165,0.596,-1.246,0.00
53.00210,0.703,-1.255,0.00
53.01225,0.703,-1.255,0.00
53.02243,0.926,-1.265,0.00
53.03259,0.926,-1.265,0.00
53.04295,1.232,-1.277,0.00
53.05346,1.232,-1.277,0.00
53.06432,1.610,-1.285,0.00
53.07597,1.610,-1.285,0.00
53.08617,2.070,-1.288,0.00
53.09692,2.070,-1.288,0.00
53.10708,2.637,-1.291,0.00
53.11724,2.637,-1.291,0.00
53.12740,3.290,-1.290,0.00
53.13867,3.290,-1.287,0.00
53.14911,4.064,-1.287,0.00
53.15928,4.960,-1.287,0.00
53.16944,4.960,-1.280,0.00
53.17959,5.923,-1.280,0.00
53.18976,5.923,-1.275,0.00
53.20004,6.931,-1.275,0.00
53.21028,6.931,-1.273,0.00
53.22060,8.027,-1.273,0.00
53.23092,8.027,-1.274,0.00
53.24108,8.027,-1.276,0.00
53.25127,9.196,-1.276,0.00
53.26226,10.399,-1.281,0.00
53.27278,10.399,-1.281,0.00
53.28308,11.638,-1.285,0.00
53.29342,11.638,-1.285,0.00
53.30690,12.894,-1.285,8.00
53.31710,12.894,-1.289,8.00
53.32727,14.133,-1.286,8.00
53.33959,14.133,-1.286,8.00
53.34981,15.336,-1.276,8.00
53.35997,15.336,-1.276,8.00
53.38465,16.545,-1.267,8.00
53.39484,17.731,-1.259,8.00
53.41702,17.731,-1.259,8.00
53.42720,19.736,-1.218,8.00
53.44887,19.736,-1.191,8.00
53.45919,20.517,-1.164,8.00
53.48221,21.135,-1.164,8.00
53.49263,21.572,-1.143,8.00
53.51389,21.736,-1.132,8.00
53.52404,21.623,-1.114,8.00
53.53425,21.623,-1.114,8.00
53.54468,21.370,-1.114,8.00
53.55558,21.370,-1.096,8.00
53.56596,21.025,-1.075,8.00
53.57850,20.556,-1.039,8.00
53.58833,20.556,-1.039,8.00
53.59954,19.947,-1.039,8.00
53.60970,19.947,-1.003,8.00
53.61987,19.947,-0.956,8.00
53.63003,19.174,-0.956,8.00
53.64120,18.240,-0.966,8.00
53.65176,18.240,-0.966,8.00
53.66202,17.189,-0.939,8.00
53.67307,17.189,-0.939,8.00
53.68323,17.189,-0.939,8.00
53.69349,16.040,-0.991,8.00
53.72105,13.465,-0.907,8.00
53.73128,13.465,-0.907,8.00
53.75323,12.064,-0.956,8.50
53.76340,10.636,-1.101,8.50
53.78470,10.636,-1.340,8.50
53.79532,9.255,-1.340,8.50
53.80549,7.922,-1.653,8.50
53.81862,7.922,-1.653,8.50
53.82879,6.646,-1.967,8.50
53.83894,5.453,-2.291,8.50
53.85138,5.453,-2.291,8.50
53.86146,4.325,-2.291,8.50
53.87161,4.325,-2.632,8.50
53.88198,3.359,-2.963,8.50
53.89235,3.359,-2.963,8.50
53.90274,2.524,-3.299,8.50
53.91337,2.524,-3.299,8.50
53.92354,2.524,-3.591,8.50
53.93381,1.780,-3.591,8.50
53.96049,1.780,-3.591,8.50
53.97067,1.424,-4.090,8.50
53.99337,1.426,-4.314,8.50
54.00355,1.305,-4.500,8.50
54.02587,1.305,-4.500,8.50
54.03650,1.156,-4.617,8.50
54.05701,1.217,-4.670,8.50
54.06720,1.343,-4.675,8.50
54.07776,1.343,-4.675,8.50
54.08909,1.455,-4.675,9.00
54.09952,1.596,-4.541,9.00
54.10968,1.596,-4.325,9.00
54.12215,1.596,-4.325,9.00
54.13232,1.657,-4.003,9.00
54.14247,1.547,-3.610,9.00
54.15336,1.547,-3.610,9.00
54.16364,1.360,-3.174,9.00
54.17400,1.360,-3.174,9.00
54.18590,1.212,-2.622,9.00
54.19608,1.212,-2.622,9.00
54.20624,1.165,-2.010,9.00
54.21714,1.165,-2.010,9.00
54.22732,1.165,-2.010,9.00
54.23754,1.181,-1.244,9.00
54.26585,1.106,0.172,9.00
54.27743,1.106,0.172,9.00
54.30006,0.983,0.947,9.00
54.31030,0.815,1.781,9.00
54.32888,0.815,2.676,9.00
54.33907,0.617,2.676,9.00
54.34938,0.411,3.580,9.00
54.36253,0.411,3.580,9.50
54.37310,0.222,4.497,9.50
54.38325,0.030,5.522,9.50
54.39351,0.030,5.522,9.50
54.40367,-0.113,6.430,9.50
54.41399,-0.113,6.430,9.50
54.42522,-0.182,6.430,9.50
54.43602,-0.182,7.368,9.50
54.44618,-0.215,8.305,9.50
54.45839,-0.215,8.305,9.50
54.46849,-0.245,9.238,9.50
54.47991,-0.245,9.238,9.50
54.49009,-0.268,10.127,9.50
54.50025,-0.268,10.127,9.50
54.51041,-0.255,10.958,9.50
54.53793,-0.211,11.742,9.50
54.54838,-0.152,12.558,9.50
54.56896,-0.152,13.268,10.00
54.57920,-0.075,13.940,10.00
54.60248,-0.008,14.565,10.00
54.61266,0.035,14.565,10.00
54.63245,0.035,15.216,10.00
54.64262,0.095,16.138,10.00
54.65278,0.095,16.138,10.00
54.66519,0.117,17.261,10.00
54.67600,0.117,17.261,10.00
54.68641,0.130,18.367,10.00
54.69908,0.130,18.367,10.00
54.70919,0.128,19.444,10.00
54.71934,0.128,19.444,10.00
54.72980,0.106,20.578,10.00
54.74019,0.064,21.509,10.00
54.75049,0.064,21.509,10.00
54.76082,0.064,22.345,10.00
54.77120,0.002,22.345,10.00
54.78145,-0.058,22.345,10.00
54.80965,-0.122,23.027,10.50
54.81985,-0.201,23.635,10.50
54.84053,-0.201,24.172,10.50
54.85103,-0.289,24.691,10.50
54.87348,-0.368,25.258,10.50
54.88373,-0.435,25.939,10.50
54.90577,-0.515,25.939,10.50
54.91726,-0.515,26.612,10.50
54.93830,-0.766,28.007,10.50
54.94866,-0.766,28.757,10.50
54.95899,-0.894,28.757,10.50
54.96949,-0.894,29.510,10.50
54.97968,-0.894,30.287,10.50
54.99023,-0.945,30.287,10.50
55.00289,-0.946,30.287,11.00
55.01310,-0.946,31.061,11.00
55.02329,-0.955,31.061,11.00
55.04868,-0.952,31.940,11.00
55.05882,-0.952,32.703,11.00
55.08186,-0.884,34.137,11.00
55.09252,-0.884,34.137,11.00
55.11282,-0.829,34.807,11.00
55.12313,-0.769,35.456,11.00
55.14482,-0.769,36.123,11.00
55.15507,-0.708,36.123,11.00
55.16530,-0.653,36.764,11.00
55.17738,-0.653,36.764,11.00
55.18846,-0.622,37.504,11.00
55.20860,-0.622,37.504,11.00
55.21877,-0.611,38.152,11.00
55.22893,-0.622,38.810,11.00
55.24324,-0.622,38.810,11.00
55.25340,-0.663,39.469,11.00
55.26357,-0.717,40.101,11.00
55.27373,-0.717,40.101,11.50
55.28388,-0.790,40.716,11.50
55.29405,-0.790,40.716,11.50
55.30538,-0.862,41.306,11.50
55.31595,-0.862,41.306,11.50
55.32613,-0.912,41.890,11.50
55.33724,-0.912,41.890,11.50
55.35348,-0.957,42.489,11.50
55.36395,-0.993,43.003,11.50
55.38621,-1.025,43.475,11.50
55.39651,-1.025,43.475,11.50
55.41763,-1.039,43.955,11.50
55.42789,-1.045,44.456,11.50
55.43814,-1.045,44.456,11.50
55.44974,-1.045,44.962,11.50
55.46080,-1.054,44.962,11.50
55.47103,-1.074,45.480,11.50
55.48124,-1.103,45.987,11.50
55.49169,-1.103,45.987,11.50
55.50199,-1.137,45.987,11.50
55.51294,-1.137,46.537,11.50
55.52327,-1.179,47.006,11.50
55.53345,-1.179,47.006,11.50
55.54509,-1.221,47.456,11.50
55.55538,-1.221,47.456,11.50
55.56573,-1.268,47.880,11.50
55.59321,-1.330,48.286,11.50
55.60356,-1.396,48.661,11.50
55.62479,-1.396,49.017,12.00
55.63513,-1.440,49.017,12.00
55.65713,-1.475,49.359,12.00
55.66746,-1.527,49.809,12.00
55.68905,-1.568,50.170,12.00
55.69975,-1.568,50.170,12.00
55.72127,-1.589,50.860,12.00
55.73144,-1.589,50.860,12.00
55.74183,-1.589,51.195,12.00
55.75291,-1.591,51.195,12.00
55.76325,-1.581,51.538,12.00
55.77342,-1.581,51.538,12.00
55.78516,-1.553,51.832,12.00
55.79533,-1.553,51.832,12.00
55.80550,-1.529,52.162,12.00
55.81990,-1.529,52.162,12.00
55.83006,-1.508,52.586,12.00
55.84034,-1.507,52.999,12.00
55.85050,-1.507,52.999,12.00
55.86066,-1.534,53.427,12.00
55.87082,-1.534,53.427,12.00
55.88098,-1.566,53.427,12.00
55.89121,-1.566,53.836,12.00
55.90154,-1.593,53.836,12.00
55.92837,-1.593,54.241,12.00
55.93862,-1.615,54.605,12.00
55.96118,-1.659,55.294,12.00
55.97151,-1.659,55.294,12.00
55.99401,-1.674,55.681,12.00
56.00421,-1.680,56.046,12.00
56.02555,-1.677,56.421,12.00
56.03607,-1.677,56.421,12.00
56.04677,-1.661,56.811,12.00
56.05950,-1.661,56.811,12.00
56.06966,-1.635,57.169,12.00
56.07992,-1.635,57.169,12.00
56.09138,-1.610,57.489,12.00
56.10160,-1.610,57.489,12.00
56.11176,-1.582,57.829,12.00
56.13655,-1.582,57.829,12.00
56.14673,-1.514,58.564,12.00
56.16956,-1.497,58.939,12.00
56.17974,-1.489,58.939,12.00
56.20269,-1.490,59.666,12.00
56.21287,-1.490,59.666,12.00
56.23276,-1.482,59.978,12.00
56.24312,-1.451,59.978,12.00
56.25360,-1.451,60.220,12.00
56.26722,-1.431,60.410,12.00
56.27759,-1.431,60.410,12.00
56.28858,-1.423,60.579,12.00
56.29961,-1.423,60.756,12.00
56.30980,-1.418,60.756,12.00
56.32006,-1.399,60.879,12.00
56.33022,-1.399,60.879,12.00
56.34037,-1.399,61.000,12.00
56.35052,-1.364,61.000,12.00
56.36240,-1.332,61.000,12.00
56.37259,-1.332,61.130,12.00
56.38275,-1.332,61.266,12.00
56.40930,-1.261,61.409,12.00
56.41958,-1.231,61.516,12.00
56.43012,-1.231,61.516,0.00
56.44046,-1.197,61.516,0.00
56.45063,-1.197,61.631,0.00
56.46079,-1.161,61.752,0.00
56.47095,-1.161,61.752,0.00
56.48115,-1.161,61.752,0.00
56.49140,-1.128,61.881,0.00
56.50156,-1.108,61.984,0.00
56.51171,-1.108,61.984,0.00
56.52186,-1.104,62.056,0.00
56.53202,-1.104,62.056,0.00
56.54218,-1.109,62.129,0.00
56.55233,-1.109,62.129,0.00
56.56297,-1.114,62.207,0.00
56.57313,-1.114,62.207,0.00
56.58422,-1.114,62.320,0.00
56.59522,-1.114,62.320,0.00
56.60539,-1.110,62.458,0.00
56.61659,-1.110,62.458,0.00
56.62675,-1.119,62.563,0.00
56.63691,-1.119,62.563,0.00
56.64708,-1.148,62.646,0.00
56.65767,-1.148,62.698,0.00
56.66793,-1.197,62.698,0.00
56.67873,-1.197,62.698,0.00
56.68890,-1.253,62.743,0.00
56.69906,-1.253,62.783,0.00
56.70922,-1.314,62.783,0.00
56.71939,-1.401,62.835,0.00
56.72956,-1.401,62.835,0.00
56.73975,-1.401,62.835,0.00
56.74999,-1.503,62.908,0.00
56.76015,-1.603,62.908,0.00
56.77031,-1.603,62.992,0.00
56.78046,-1.707,62.992,0.00
56.79065,-1.707,63.099,0.00
56.80097,-1.817,63.203,0.00
56.81132,-1.817,63.203,0.00
56.82165,-1.916,63.203,0.00
56.83215,-1.916,63.310,0.00
56.84232,-2.008,63.310,0.00
56.85266,-2.008,63.414,0.00
56.86283,-2.053,63.498,0.00
56.87300,-2.053,63.498,0.00
56.88315,-2.020,63.552,0.00
56.89344,-2.020,63.552,0.00
56.90388,-1.947,63.571,0.00
56.91403,-1.947,63.571,0.00
56.92419,-1.877,63.552,0.00
56.93439,-1.877,63.552,0.00
56.94455,-1.804,63.475,0.00
56.95470,-1.804,63.475,0.00
56.96511,-1.733,63.298,0.00
56.97762,-1.733,63.298,0.00
56.98787,-1.678,63.072,0.00
56.99801,-1.678,63.072,0.00
57.00817,-1.641,62.831,0.00
57.01833,-1.641,62.526,0.00
57.02850,-1.615,62.526,0.00
57.03950,-1.615,62.526,0.00
57.04966,-1.586,62.155,0.00
57.05992,-1.586,61.706,0.00
57.07008,-1.523,61.706,0.00
57.08024,-1.478,61.233,0.00
57.09060,-1.478,61.233,0.00
57.10093,-1.489,60.693,0.00
57.11209,-1.489,60.693,0.00
57.12224,-1.498,60.012,0.00
57.13240,-1.498,60.012,0.00
57.14257,-1.444,59.381,0.00
57.15289,-1.444,59.381,0.00
57.16304,-1.386,58.690,0.00
57.17320,-1.386,58.690,0.00
57.18336,-1.384,57.980,0.00
57.19353,-1.384,57.980,0.00
57.20369,-1.384,57.310,0.00
57.21394,-1.394,57.310,0.00
57.22414,-1.402,56.681,0.00
57.23434,-1.402,56.681,0.00
57.24471,-1.438,56.024,0.00
57.25516,-1.438,56.024,0.00
57.26532,-1.498,55.262,0.00
57.27772,-1.498,55.262,0.00
57.28807,-1.547,54.245,0.00
57.29940,-1.585,54.245,0.00
57.30973,-1.585,53.292,0.00
57.32049,-1.585,53.292,0.00
57.33089,-1.635,52.360,0.00
57.34107,-1.703,52.360,0.00
57.35121,-1.703,51.326,0.00
57.36137,-1.703,50.077,0.00
57.37153,-1.773,50.077,0.00
57.38171,-1.773,48.827,0.00
57.39188,-1.847,48.827,0.00
57.40204,-1.847,47.666,0.00
57.41219,-1.904,47.666,0.00
57.42235,-1.950,46.551,0.00
57.43961,-1.950,46.551,0.00
57.44992,-1.975,45.131,0.00
57.46066,-1.980,45.131,0.00
57.47082,-1.980,43.673,0.00
57.49218,-1.980,42.169,0.00
57.50924,-1.956,40.648,0.00
57.52430,-1.956,39.053,0.00
57.54409,-1.887,37.307,0.00
57.55444,-1.887,37.307,0.00
57.56705,-1.887,35.342,0.00
57.57744,-1.887,35.342,0.00
57.59525,-1.765,33.194,0.00
57.61660,-1.683,30.718,0.00
57.63294,-1.594,28.514,0.00
57.64425,-1.494,28.514,0.00
57.65468,-1.494,26.259,0.00
57.66509,-1.404,26.259,0.00
57.68100,-1.324,23.895,0.00
57.69929,-1.324,18.960,0.00
57.71096,-1.248,18.960,0.00
57.72120,-1.248,18.960,0.00
57.73260,-1.180,16.480,0.00
57.74820,-1.135,13.993,0.00
57.75974,-1.135,13.993,0.00
57.77016,-1.107,13.993,0.00
57.78254,-1.107,11.192,0.00
57.79376,-1.078,8.738,0.00
57.80508,-1.078,8.738,0.00
57.81608,-1.040,6.375,0.00
57.82724,-1.014,4.113,0.00
57.83741,-1.014,4.113,0.00
57.84995,-1.014,4.113,0.00
57.86362,-1.011,1.942,0.00
57.87946,-1.006,-2.065,0.00
57.88994,-1.000,-2.065,0.00
57.90071,-1.000,-2.065,0.00
57.91692,-1.010,-3.765,0.00
57.92957,-1.018,-5.296,0.00
57.94056,-1.017,-6.278,0.00
57.95586,-1.017,-6.278,0.00
57.97157,-1.018,-6.928,0.00
57.98200,-1.018,-7.232,0.00
58.00614,-1.028,-7.162,0.00
58.02223,-1.028,-7.162,0.00
58.03262,-1.028,-7.162,0.00
58.04326,-1.038,-7.162,0.00
58.05753,-1.038,-7.162,0.00
58.07302,-1.049,-6.389,0.00
58.09009,-1.066,-5.862,0.00
58.10225,-1.083,-5.255,0.00
58.11245,-1.083,-5.255,0.00
58.12319,-1.083,-4.641,0.00
58.13381,-1.088,-4.641,0.00
58.14887,-1.081,-4.026,0.00
58.16947,-1.055,-3.448,0.00
58.18506,-0.997,-2.933,0.00
58.19637,-0.997,-2.933,0.00
58.20842,-0.978,-2.933,0.00
58.22218,-0.970,-2.476,0.00
58.23989,-0.970,-2.042,0.00
58.25051,-0.962,-1.657,0.00
58.26100,-0.939,-1.363,0.00
58.28187,-0.907,-1.104,0.00
58.30291,-0.907,-0.831,0.00
58.31438,-0.875,-0.831,0.00
58.33012,-0.875,-0.671,0.00
58.34151,-0.828,-0.710,0.00
58.35168,-0.828,-0.710,0.00
58.36200,-0.828,-0.710,0.00
58.38459,-0.814,-1.223,0.00
58.39479,-0.814,-1.223,0.00
58.40727,-0.799,-1.559,0.00
58.42168,-0.780,-1.559,0.00
58.47837,-0.703,-2.402,0.00
58.52770,-0.570,-2.535,0.00
58.53792,-0.570,-2.498,0.00
58.54827,0.489,-1.633,0.00
58.55996,0.516,-1.633,0.00
58.57012,0.516,-1.421,0.00
58.58057,0.531,-1.421,0.00
58.59078,0.531,-1.130,0.00
58.60094,0.531,-1.130,0.00
58.61110,0.553,-0.847,0.00
58.62126,0.582,-0.578,0.00
58.63149,0.582,-0.578,0.00
58.64164,0.609,-0.424,0.00
58.65193,0.609,-0.424,0.00
58.66209,0.642,-0.381,0.00
58.67377,0.642,-0.381,0.00
58.68600,0.679,-0.407,0.00
58.69660,0.679,-0.407,0.00
58.70682,0.708,-0.461,0.00
58.71698,0.708,-0.461,0.00
58.72717,0.742,-0.536,0.00
58.73734,0.742,-0.536,0.00
58.74750,0.777,-0.622,0.00
58.75812,0.777,-0.664,0.00
58.76842,0.804,-0.664,0.00
58.77880,0.804,-0.650,0.00
58.78916,0.826,-0.650,0.00
58.79948,0.851,-0.604,0.00
58.80974,0.851,-0.604,0.00
58.81996,0.851,-0.604,0.00
58.83015,0.877,-0.541,0.00
58.84031,0.877,-0.541,0.00
58.85047,0.901,-0.466,0.00
58.86076,0.901,-0.466,0.00
58.87092,0.928,-0.394,0.00
58.88109,0.928,-0.394,0.00
58.89125,0.956,-0.333,0.00
58.90142,0.956,-0.333,0.00
58.91158,0.989,-0.283,0.00
58.92173,1.023,-0.254,0.00
58.93194,1.023,-0.254,0.00
58.94210,1.058,-0.239,0.00
58.95225,1.058,-0.239,0.00
58.96258,1.090,-0.225,0.00
58.97272,1.090,-0.225,0.00
58.98290,1.119,-0.207,0.00
58.99458,1.119,-0.207,0.00
59.00476,1.146,-0.187,0.00
59.01492,1.146,-0.187,0.00
59.02508,1.170,-0.160,0.00
59.03539,1.170,-0.160,0.00
59.04554,1.186,-0.131,0.00
59.05589,1.186,-0.131,0.00
59.06606,1.191,-0.095,0.00
59.07778,1.191,-0.095,0.00
59.08793,1.201,-0.059,0.00
59.09853,1.201,-0.059,0.00
59.10868,1.211,-0.022,0.00
59.11972,1.211,-0.022,0.00
59.12990,1.214,0.013,0.00
59.14005,1.208,0.038,0.00
59.15021,1.208,0.038,0.00
59.16038,1.213,0.062,0.00
59.17052,1.213,0.062,0.00
59.18110,1.221,0.083,0.00
59.19125,1.221,0.083,0.00
59.20156,1.231,0.097,0.00
59.21203,1.231,0.097,0.00
59.22219,1.236,0.109,0.00
59.23235,1.236,0.109,0.00
59.24250,1.236,0.125,0.00
59.25268,1.237,0.125,0.00
59.26312,1.233,0.142,0.00
59.27327,1.233,0.142,0.00
59.28415,1.225,0.163,0.00
59.29429,1.225,0.163,0.00
59.30470,1.212,0.187,0.00
59.31654,1.212,0.187,0.00
59.32690,1.197,0.216,0.00
59.33737,1.197,0.216,0.00
59.34754,1.187,0.244,0.00
59.35783,1.177,0.244,0.00
59.36822,1.177,0.272,0.00
59.37838,1.161,0.272,0.00
59.38875,1.161,0.299,0.00
59.39910,1.161,0.299,0.00
59.40946,1.161,0.299,0.00
59.41993,1.161,0.299,0.00
59.43010,1.141,0.323,0.00
59.44045,1.129,0.345,0.00
59.45087,1.129,0.360,0.00
59.46124,1.123,0.360,0.00
59.47167,1.123,0.379,0.00
59.48194,1.125,0.400,0.00
59.49223,1.125,0.400,0.00
59.50255,1.133,0.416,0.00
59.51299,1.133,0.416,0.00
59.52314,1.141,0.430,0.00
59.53329,1.141,0.430,0.00
59.54354,1.149,0.440,0.00
59.55369,1.149,0.440,0.00
59.56386,1.157,0.443,0.00
59.57400,1.157,0.443,0.00
59.58416,1.161,0.445,0.00
59.59497,1.161,0.445,0.00
59.60513,1.167,0.445,0.00
59.61588,1.167,0.445,0.00
59.62604,1.173,0.442,0.00
59.63741,1.173,0.442,0.00
59.64761,1.176,0.435,0.00
59.65917,1.176,0.435,0.00
59.66933,1.179,0.424,0.00
59.67949,1.179,0.413,0.00
59.68966,1.190,0.413,0.00
59.69992,1.190,0.413,0.00
59.71009,1.207,0.400,0.00
59.72026,1.207,0.391,0.00
59.73040,1.216,0.391,0.00
59.74056,1.215,0.384,0.00
59.75073,1.215,0.384,0.00
59.76089,1.225,0.384,0.00
59.77107,1.225,0.375,0.00
59.78123,1.234,0.369,0.00
59.79139,1.234,0.369,0.00
59.80161,1.241,0.369,0.00
59.81194,1.241,0.368,0.00
59.82210,1.261,0.368,0.00
59.83224,1.261,0.368,0.00
59.84240,1.284,0.368,0.00
59.85255,1.284,0.368,0.00
59.86270,1.300,0.366,0.00
59.87296,1.300,0.366,0.00
59.88372,1.304,0.366,0.00
59.89409,1.304,0.366,0.00
59.90453,1.311,0.364,0.00
59.91667,1.311,0.364,0.00
59.92685,1.312,0.362,0.00
59.93702,1.312,0.362,0.00
59.94718,1.337,0.361,0.00
59.95734,1.335,0.361,0.00
59.96767,1.335,0.359,0.00
59.97843,1.335,0.359,0.00
59.98862,1.337,0.356,0.00
59.99878,1.337,0.356,0.00
60.00894,1.359,0.358,0.00
60.01929,1.359,0.358,0.00
60.02945,1.408,0.355,0.00
60.03963,1.408,0.355,0.00
60.04981,1.448,0.352,0.00
60.05997,1.515,0.350,0.00
60.07013,1.515,0.350,0.00
60.08029,1.640,0.345,0.00
60.09062,1.640,0.345,0.00
60.10097,1.780,0.341,0.00
60.11132,1.780,0.341,0.00
60.12149,2.022,0.334,0.00
60.13201,2.022,0.334,0.00
60.14217,2.022,0.334,0.00
60.15232,2.244,0.327,0.00
60.16249,2.492,0.318,0.00
60.17263,2.492,0.318,0.00
60.18332,2.764,0.310,0.00
60.19347,2.764,0.310,0.00
60.20401,3.073,0.306,0.00
60.21418,3.073,0.306,0.00
60.22597,3.386,0.304,0.00
60.23612,3.386,0.304,0.00
60.24629,3.721,0.298,0.00
60.25652,3.721,0.298,0.00
60.26668,4.118,0.289,0.00
60.27689,4.118,0.289,0.00
60.28705,4.574,0.281,0.00
60.29799,4.574,0.281,0.00
60.30818,5.066,0.272,0.00
60.31834,5.066,0.267,0.00
60.32850,5.589,0.267,0.00
60.33883,5.589,0.263,0.00
60.34924,6.147,0.263,0.00
60.35942,6.147,0.254,0.00
60.36991,6.745,0.254,0.00
60.38025,6.745,0.250,0.00
60.39057,7.292,0.250,0.00
60.40089,7.292,0.253,0.00
60.41123,7.937,0.253,0.00
60.42155,8.622,0.259,0.00
60.43199,8.622,0.259,0.00
60.44217,9.344,0.259,0.00
60.45232,9.344,0.265,0.00
60.46248,10.077,0.265,0.00
60.47264,10.077,0.271,0.00
60.48283,10.807,0.274,0.00
60.49299,10.807,0.274,0.00
60.50559,11.547,0.277,8.00
60.51639,11.547,0.277,8.00
60.52659,12.279,0.281,8.00
60.55221,12.279,0.281,8.00
60.56239,12.992,0.288,8.00
60.58452,13.695,0.296,8.00
60.59470,14.388,0.307,8.00
60.61762,14.388,0.307,8.00
60.62789,15.565,0.345,8.00
60.64819,15.565,0.345,8.00
60.65851,16.036,0.367,8.00
60.68058,16.399,0.383,8.00
60.69087,16.626,0.402,8.00
60.71356,16.678,0.418,8.00
60.72374,16.574,0.434,8.00
60.73452,16.574,0.434,8.00
60.74485,16.324,0.434,8.00
60.75514,16.324,0.447,8.00
60.76531,15.930,0.457,8.00
60.77702,15.930,0.457,8.00
60.78728,15.406,0.467,8.00
60.79744,15.406,0.479,8.00
60.80902,14.800,0.479,8.00
60.81936,14.113,0.479,8.00
60.82969,14.113,0.492,8.00
60.84116,13.328,0.509,8.00
60.85133,13.328,0.509,8.00
60.86149,13.328,0.601,8.00
60.87329,12.480,0.601,8.00
60.88363,11.578,0.586,8.00
60.89397,11.578,0.586,8.00
60.90544,10.638,0.587,8.00
60.91635,10.638,0.587,8.00
60.92676,9.664,0.554,8.00
60.93693,9.664,0.554,8.50
60.95228,9.664,0.501,8.50
60.96245,8.656,0.501,8.50
60.98474,7.625,0.202,8.50
60.99503,6.601,0.202,8.50
61.01915,5.639,0.004,8.50
61.02933,4.779,-0.163,8.50
61.03970,4.000,-0.349,8.50
61.04985,4.000,-0.349,8.50
61.06050,3.270,-0.349,8.50
61.07080,3.270,-0.507,8.50
61.08146,2.586,-0.623,8.50
61.09165,2.586,-0.623,8.50
61.10182,1.946,-0.707,8.50
61.11440,1.946,-0.707,8.50
61.12457,1.325,-0.765,8.50
61.13496,1.325,-0.765,8.50
61.16087,0.865,-0.908,8.50
61.17103,0.865,-0.908,8.50
61.19270,0.871,-0.908,8.50
61.20310,0.916,-0.980,8.50
61.22580,0.916,-1.038,8.50
61.23608,1.140,-1.083,8.50
61.25618,1.140,-1.083,8.50
61.26635,1.600,-1.123,8.50
61.27656,1.600,-1.123,8.50
61.29061,1.806,-1.120,9.00
61.30077,2.073,-1.063,9.00
61.32222,2.244,-1.063,9.00
61.33258,2.244,-0.964,9.00
61.34313,2.303,-0.797,9.00
61.35470,2.303,-0.797,9.00
61.36498,2.336,-0.585,9.00
61.37609,2.336,-0.585,9.00
61.38647,2.386,-0.585,9.00
61.39750,2.465,-0.082,9.00
61.40769,2.465,-0.082,9.00
61.43313,2.558,0.262,9.00
61.44343,2.593,0.643,9.00
61.46469,2.556,0.643,9.00
61.47525,2.556,1.035,9.00
61.49859,2.351,1.462,9.00
61.50888,2.351,1.816,9.00
61.52907,2.243,2.190,9.00
61.53942,2.243,2.548,9.00
61.56082,2.122,2.548,9.50
61.57106,1.986,2.902,9.50
61.58212,1.986,2.902,9.50
61.59265,1.850,2.902,9.50
61.60401,1.850,3.243,9.50
61.61418,1.726,3.561,9.50
61.62508,1.599,3.937,9.50
61.63541,1.599,3.937,9.50
61.64576,1.599,3.937,9.50
61.67279,1.599,4.905,9.50
61.68317,1.351,5.432,9.50
61.70453,1.080,5.432,9.50
61.71524,1.080,5.980,9.50
61.73841,0.962,7.129,9.50
61.74860,0.962,7.129,9.50
61.75878,0.962,7.129,10.00
61.76986,0.962,7.701,10.00
61.78007,1.040,8.264,10.00
61.79025,1.040,8.264,10.00
61.80105,1.134,8.264,10.00
61.81127,1.134,8.949,10.00
61.82164,1.229,8.949,10.00
61.83269,1.229,9.630,10.00
61.84314,1.328,10.373,10.00
61.85350,1.328,10.373,10.00
61.86524,1.448,11.175,10.00
61.87566,1.448,11.175,10.00
61.88651,1.566,11.986,10.00
61.91278,1.673,11.986,10.00
61.92317,1.762,12.819,10.00
61.94506,1.841,14.413,10.00
61.95687,1.841,14.413,10.00
61.97639,1.902,15.139,10.50
61.98683,1.935,15.881,10.50
61.99698,1.935,15.881,10.50
62.00985,1.935,16.464,10.50
62.02003,1.959,16.971,10.50
62.03019,1.958,16.971,10.50
62.04116,1.958,16.971,10.50
62.05157,1.954,17.445,10.50
62.06185,1.934,17.445,10.50
62.07303,1.934,17.907,10.50
62.08356,1.910,18.351,10.50
62.09392,1.910,18.351,10.50
62.10465,1.882,18.836,10.50
62.11483,1.882,18.836,10.50
62.12499,1.846,19.342,10.50
62.15227,1.846,19.342,10.50
62.16277,1.778,20.617,10.50
62.18448,1.778,20.617,10.50
62.19466,1.760,21.358,10.50
62.21816,1.752,22.106,11.00
62.22833,1.723,22.857,11.00
62.24922,1.689,23.606,11.00
62.25961,1.689,23.606,11.00
62.26993,1.666,24.329,11.00
62.28157,1.666,25.039,11.00
62.29176,1.652,25.039,11.00
62.30192,1.621,25.863,11.00
62.31355,1.621,25.863,11.00
62.32427,1.592,26.522,11.00
62.33445,1.592,26.522,11.00
62.34640,1.566,27.191,11.00
62.35681,1.566,27.191,11.00
62.36698,1.541,27.815,11.00
62.37718,1.541,27.815,11.00
62.38733,1.525,28.475,11.00
62.39749,1.525,28.475,11.00
62.42513,1.513,29.134,11.00
62.43548,1.513,29.805,11.00
62.45747,1.513,29.805,11.00
62.46763,1.530,31.320,11.00
62.48823,1.530,31.320,11.50
62.49840,1.593,32.058,11.50
62.52347,1.593,32.772,11.50
62.53363,1.634,33.431,11.50
62.55263,1.662,34.075,11.50
62.56281,1.662,34.724,11.50
62.57297,1.688,34.724,11.50
62.58509,1.688,34.724,11.50
62.59526,1.714,35.410,11.50
62.60549,1.735,36.035,11.50
62.61735,1.735,36.035,11.50
62.62759,1.768,36.755,11.50
62.63781,1.768,36.755,11.50
62.64921,1.768,37.404,11.50
62.65938,1.801,38.058,11.50
62.66969,1.828,38.058,11.50
62.69894,1.848,39.396,11.50
62.70930,1.848,39.396,11.50
62.72912,1.860,40.038,11.50
62.73930,1.860,40.038,11.50
62.76062,1.873,40.661,11.50
62.77084,1.873,41.281,11.50
62.79305,1.873,41.281,11.50
62.80321,1.859,42.593,11.50
62.82610,1.859,42.593,12.00
62.83628,1.856,43.219,12.00
62.84651,1.848,43.821,12.00
62.85823,1.848,43.821,12.00
62.86842,1.847,44.398,12.00
62.87872,1.847,44.398,12.00
62.88898,1.848,44.398,12.00
62.89917,1.848,44.941,12.00
62.90932,1.834,45.434,12.00
62.92086,1.834,45.917,12.00
62.93107,1.818,45.917,12.00
62.94123,1.787,46.408,12.00
62.95233,1.787,46.408,12.00
62.96248,1.787,46.408,12.00
62.97263,1.787,46.408,12.00
63.00099,1.741,47.294,12.00
63.01138,1.722,47.294,12.00
63.03217,1.722,47.294,12.00
63.04235,1.718,47.677,12.00
63.06473,1.716,48.090,12.00
63.07681,1.708,48.465,12.00
63.09970,1.700,48.832,12.00
63.10999,1.685,49.208,12.00
63.13060,1.671,49.605,12.00
63.14078,1.668,49.937,12.00
63.15093,1.668,49.937,12.00
63.16108,1.671,50.244,12.00
63.17128,1.671,50.244,12.00
63.18151,1.671,50.585,12.00
63.19264,1.671,50.585,12.00
63.20339,1.667,50.942,12.00
63.21387,1.667,50.942,12.00
63.22513,1.664,51.245,12.00
63.23569,1.664,51.245,12.00
63.24601,1.657,51.507,12.00
63.27239,1.657,51.507,12.00
63.28258,1.648,51.728,12.00
63.30436,1.648,51.975,12.00
63.31458,1.639,52.161,12.00
63.33783,1.630,52.335,12.00
63.34816,1.620,52.514,12.00
63.36881,1.620,52.514,12.00
63.37907,1.591,52.685,12.00
63.40120,1.591,52.878,12.00
63.41138,1.570,53.073,12.00
63.42155,1.570,53.073,12.00
63.43288,1.570,53.299,12.00
63.44307,1.529,53.299,12.00
63.45323,1.479,53.635,12.00
63.46514,1.479,53.635,12.00
63.47551,1.431,54.001,12.00
63.48568,1.394,54.400,12.00
63.49752,1.394,54.400,12.00
63.50789,1.370,54.784,12.00
63.51866,1.370,54.784,12.00
63.52888,1.347,55.161,12.00
63.53906,1.347,55.161,12.00
63.54921,1.328,55.495,12.00
63.56107,1.328,55.771,12.00
63.57138,1.306,55.771,12.00
63.58154,1.306,56.033,12.00
63.59189,1.278,56.033,12.00
63.60847,1.255,56.033,12.00
63.61881,1.243,56.288,12.00
63.62923,1.243,56.524,0.00
63.63962,1.227,56.524,0.00
63.64996,1.227,56.767,0.00
63.66014,1.227,56.767,0.00
63.67032,1.209,57.026,0.00
63.68077,1.209,57.026,0.00
63.69105,1.196,57.283,0.00
63.70130,1.196,57.283,0.00
63.71144,1.175,57.540,0.00
63.72160,1.175,57.806,0.00
63.73175,1.139,57.806,0.00
63.74191,1.104,58.038,0.00
63.75301,1.104,58.038,0.00
63.76314,1.104,58.291,0.00
63.77363,1.093,58.291,0.00
63.78389,1.112,58.503,0.00
63.79408,1.112,58.503,0.00
63.80424,1.149,58.668,0.00
63.81440,1.149,58.668,0.00
63.82456,1.165,58.839,0.00
63.83472,1.165,58.839,0.00
63.84487,1.154,59.000,0.00
63.85554,1.154,59.000,0.00
63.86569,1.132,59.171,0.00
63.87660,1.132,59.171,0.00
63.88675,1.101,59.349,0.00
63.89762,1.101,59.349,0.00
63.90788,1.068,59.536,0.00
63.91801,1.068,59.536,0.00
63.92842,1.023,59.741,0.00
63.93966,1.023,59.741,0.00
63.94982,0.980,59.913,0.00
63.96004,0.915,60.088,0.00
63.97020,0.915,60.088,0.00
63.98036,0.827,60.279,0.00
63.99070,0.827,60.279,0.00
64.00273,0.827,60.279,0.00
64.01289,0.732,60.451,0.00
64.02304,0.652,60.535,0.00
64.03325,0.652,60.535,0.00
64.04342,0.591,60.583,0.00
64.05358,0.591,60.583,0.00
64.06400,0.543,60.646,0.00
64.07415,0.543,60.646,0.00
64.08450,0.503,60.766,0.00
64.09480,0.503,60.766,0.00
64.10511,0.486,60.908,0.00
64.11543,0.486,60.908,0.00
64.12567,0.497,61.065,0.00
64.13596,0.497,61.065,0.00
64.14612,0.528,61.215,0.00
64.15782,0.528,61.215,0.00
64.16799,0.583,61.345,0.00
64.17827,0.583,61.345,0.00
64.18857,0.636,61.444,0.00
64.19891,0.652,61.491,0.00
64.20910,0.652,61.491,0.00
64.21929,0.626,61.491,0.00
64.22943,0.626,61.447,0.00
64.24012,0.627,61.447,0.00
64.25039,0.627,61.295,0.00
64.26054,0.682,61.295,0.00
64.27073,0.682,61.049,0.00
64.28094,0.682,61.049,0.00
64.29110,0.759,60.798,0.00
64.30126,0.759,60.798,0.00
64.31142,0.784,60.496,0.00
64.32158,0.780,60.106,0.00
64.33174,0.780,60.106,0.00
64.34189,0.777,59.641,0.00
64.35204,0.777,59.641,0.00
64.36220,0.774,59.155,0.00
64.37236,0.774,59.155,0.00
64.38263,0.772,58.666,0.00
64.39297,0.772,58.666,0.00
64.40315,0.798,58.666,0.00
64.41342,0.798,58.105,0.00
64.42460,0.829,57.576,0.00
64.43514,0.829,57.576,0.00
64.44539,0.831,57.056,0.00
64.45593,0.831,57.056,0.00
64.46619,0.802,56.527,0.00
64.47798,0.802,56.527,0.00
64.48814,0.730,55.906,0.00
64.49842,0.730,55.906,0.00
64.50857,0.627,55.134,0.00
64.51937,0.627,55.134,0.00
64.52951,0.525,54.133,0.00
64.53993,0.525,54.133,0.00
64.55007,0.421,53.018,0.00
64.56023,0.329,51.894,0.00
64.57037,0.329,51.894,0.00
64.58053,0.268,50.536,0.00
64.59084,0.268,50.536,0.00
64.60109,0.268,49.116,0.00
64.61126,0.244,49.116,0.00
64.62153,0.244,47.553,0.00
64.63815,0.264,47.553,0.00
64.64859,0.264,46.146,0.00
64.65883,0.301,46.146,0.00
64.66921,0.301,44.882,0.00
64.67958,0.430,44.882,0.00
64.69019,0.430,43.624,0.00
64.70060,0.516,42.175,0.00
64.71096,0.516,42.175,0.00
64.72135,0.619,40.456,0.00
64.73151,0.619,40.456,0.00
64.74758,0.741,38.284,0.00
64.76004,0.741,38.284,0.00
64.77666,0.875,36.231,0.00
64.78747,1.015,34.066,0.00
64.80448,1.015,31.753,0.00
64.83626,1.154,29.240,0.00
64.85525,1.298,26.532,0.00
64.86573,1.450,26.532,0.00
64.88161,1.586,20.625,0.00
64.89227,1.586,20.625,0.00
64.90248,1.586,20.625,0.00
64.92069,1.770,17.110,0.00
64.93823,1.813,13.960,0.00
64.94850,1.848,10.856,0.00
64.95869,1.848,7.867,0.00
64.96990,1.871,7.867,0.00
64.98558,1.867,7.867,0.00
65.00022,1.867,2.483,0.00
65.01069,1.831,2.483,0.00
65.02127,1.831,0.064,0.00
65.03251,1.793,0.064,0.00
65.05534,1.745,-2.120,0.00
65.07112,1.684,-4.176,0.00
65.08133,1.684,-4.176,0.00
65.09657,1.617,-4.176,0.00
65.11349,1.541,-4.176,0.00
65.12923,1.453,-6.434,0.00
65.14042,1.453,-6.353,0.00
65.15166,1.359,-6.353,0.00
65.16815,1.265,-5.895,0.00
65.18207,1.265,-5.895,0.00
65.19309,1.181,-5.112,0.00
65.20915,1.119,-4.148,0.00
65.21942,1.078,-4.148,0.00
65.22980,1.078,-2.964,0.00
65.24023,1.078,-2.964,0.00
65.25050,1.078,-1.988,0.00
65.26097,1.061,-1.988,0.00
65.27171,1.063,-1.103,0.00
65.28234,1.063,-0.383,0.00
65.29352,1.065,-0.383,0.00
65.30396,1.059,-0.383,0.00
65.31775,1.059,0.172,0.00
65.32810,1.034,0.621,0.00
65.33874,1.034,0.621,0.00
65.34892,0.985,0.979,0.00
65.35908,0.985,0.979,0.00
65.37527,0.929,1.289,0.00
65.38554,0.929,1.604,0.00
65.39632,0.862,1.604,0.00
65.41229,0.761,1.827,0.00
65.42245,0.761,1.827,0.00
65.43362,0.658,1.935,0.00
65.44412,0.658,1.935,0.00
65.45540,0.560,1.899,0.00
65.47107,0.560,1.699,0.00
65.48192,0.469,1.699,0.00
65.49760,0.415,1.288,0.00
65.51781,0.388,0.763,0.00
65.52812,0.388,0.763,0.00
65.54031,0.366,0.763,0.00
65.56961,0.351,-0.746,0.00
65.58503,0.351,-0.746,0.00
65.60463,0.356,-1.335,0.00
65.61628,0.356,-1.335,0.00
65.62649,0.362,-1.335,0.00
65.69459,0.383,-1.515,0.00
65.70734,0.380,-1.591,0.00
65.77441,0.327,-1.553,0.00
65.78585,0.327,-1.553,0.00
65.79612,0.312,-1.550,0.00
65.80633,-0.767,-2.854,0.00
65.81656,-0.767,-2.854,0.00
65.82676,-0.795,-2.873,0.00
65.83713,-0.795,-2.873,0.00
65.84735,-0.822,-2.887,0.00
65.85757,-0.822,-2.887,0.00
65.86774,-0.855,-2.873,0.00
65.87904,-0.855,-2.873,0.00
65.88922,-0.885,-2.858,0.00
65.89938,-0.915,-2.851,0.00
65.90973,-0.915,-2.851,0.00
65.92182,-0.940,-2.842,0.00
65.93198,-0.940,-2.842,0.00
65.94218,-0.965,-2.837,0.00
65.95234,-0.965,-2.837,0.00
65.96251,-0.993,-2.875,0.00
65.97296,-0.993,-2.875,0.00
65.98337,-1.025,-2.954,0.00
65.99354,-1.025,-2.954,0.00
66.00406,-1.052,-3.048,0.00
66.01424,-1.052,-3.048,0.00
66.02495,-1.052,-3.146,0.00
66.03513,-1.072,-3.146,0.00
66.04539,-1.085,-3.234,0.00
66.05560,-1.085,-3.234,0.00
66.06576,-1.090,-3.322,0.00
66.07601,-1.090,-3.322,0.00
66.08618,-1.103,-3.380,0.00
66.09658,-1.103,-3.380,0.00
66.10686,-1.128,-3.415,0.00
66.11703,-1.128,-3.415,0.00
66.12720,-1.150,-3.425,0.00
66.13820,-1.150,-3.425,0.00
66.14862,-1.161,-3.428,0.00
66.15878,-1.161,-3.428,0.00
66.16894,-1.169,-3.423,0.00
66.17958,-1.169,-3.423,0.00
66.18995,-1.176,-3.422,0.00
66.20020,-1.176,-3.429,0.00
66.21036,-1.184,-3.429,0.00
66.22051,-1.184,-3.449,0.00
66.23067,-1.197,-3.449,0.00
66.24109,-1.197,-3.485,0.00
66.25145,-1.193,-3.485,0.00
66.26185,-1.193,-3.513,0.00
66.27222,-1.178,-3.513,0.00
66.28258,-1.178,-3.529,0.00
66.29348,-1.171,-3.529,0.00
66.30396,-1.171,-3.529,0.00
66.31484,-1.161,-3.532,0.00
66.32505,-1.143,-3.523,0.00
66.33555,-1.143,-3.523,0.00
66.34570,-1.127,-3.512,0.00
66.35611,-1.127,-3.512,0.00
66.36627,-1.104,-3.496,0.00
66.37642,-1.104,-3.496,0.00
66.38699,-1.077,-3.469,0.00
66.39715,-1.049,-3.469,0.00
66.40747,-1.049,-3.436,0.00
66.41789,-1.025,-3.436,0.00
66.42815,-1.025,-3.409,0.00
66.43855,-1.004,-3.409,0.00
66.44881,-1.004,-3.385,0.00
66.45919,-0.983,-3.385,0.00
66.46953,-0.983,-3.362,0.00
66.47972,-0.983,-3.362,0.00
66.48990,-0.966,-3.339,0.00
66.50008,-0.966,-3.320,0.00
66.51023,-0.951,-3.320,0.00
66.52040,-0.929,-3.307,0.00
66.53055,-0.929,-3.307,0.00
66.54071,-0.929,-3.295,0.00
66.55086,-0.908,-3.295,0.00
66.56104,-0.900,-3.280,0.00
66.57118,-0.900,-3.280,0.00
66.58135,-0.892,-3.280,0.00
66.59155,-0.892,-3.262,0.00
66.60169,-0.892,-3.245,0.00
66.61190,-0.881,-3.245,0.00
66.62205,-0.875,-3.232,0.00
66.63220,-0.875,-3.232,0.00
66.64235,-0.869,-3.215,0.00
66.65251,-0.869,-3.215,0.00
66.66282,-0.856,-3.192,0.00
66.67297,-0.856,-3.192,0.00
66.68407,-0.843,-3.175,0.00
66.69429,-0.843,-3.175,0.00
66.70481,-0.836,-3.162,0.00
66.71502,-0.836,-3.162,0.00
66.72528,-0.830,-3.150,0.00
66.73549,-0.830,-3.150,0.00
66.74593,-0.827,-3.140,0.00
66.75614,-0.827,-3.140,0.00
66.76630,-0.830,-3.130,0.00
66.77646,-0.830,-3.130,0.00
66.78662,-0.826,-3.124,0.00
66.79680,-0.826,-3.124,0.00
66.80694,-0.818,-3.122,0.00
66.81872,-0.818,-3.122,0.00
66.82895,-0.815,-3.122,0.00
66.83926,-0.815,-3.122,0.00
66.84959,-0.812,-3.119,0.00
66.86001,-0.812,-3.119,0.00
66.87025,-0.804,-3.116,0.00
66.88058,-0.794,-3.119,0.00
66.89089,-0.794,-3.119,0.00
66.90107,-0.794,-3.119,0.00
66.91125,-0.790,-3.124,0.00
66.92140,-0.790,-3.124,0.00
66.93157,-0.790,-3.124,0.00
66.94173,-0.793,-3.133,0.00
66.95190,-0.792,-3.141,0.00
66.96207,-0.792,-3.141,0.00
66.97223,-0.792,-3.141,0.00
66.98284,-0.792,-3.141,0.00
66.99300,-0.799,-3.158,0.00
67.00316,-0.838,-3.169,0.00
67.01331,-0.838,-3.169,0.00
67.02347,-0.870,-3.176,0.00
67.03362,-0.870,-3.176,0.00
67.04387,-0.903,-3.181,0.00
67.05403,-0.903,-3.181,0.00
67.06418,-0.938,-3.183,0.00
67.07436,-0.938,-3.183,0.00
67.08453,-0.963,-3.186,0.00
67.09469,-0.963,-3.186,0.00
67.10485,-0.981,-3.192,0.00
67.11501,-0.981,-3.192,0.00
67.12520,-1.000,-3.201,0.00
67.13557,-1.000,-3.201,0.00
67.14574,-1.016,-3.209,0.00
67.15601,-1.016,-3.209,0.00
67.16637,-1.026,-3.206,0.00
67.17662,-1.026,-3.206,0.00
67.18679,-1.038,-3.198,0.00
67.19738,-1.038,-3.198,0.00
67.20920,-1.045,-3.193,0.00
67.21936,-1.045,-3.193,0.00
67.22959,-1.050,-3.182,0.00
67.23974,-1.050,-3.182,0.00
67.24990,-1.054,-3.166,0.00
67.26006,-1.054,-3.154,0.00
67.27022,-1.063,-3.154,0.00
67.28039,-1.063,-3.151,0.00
67.29054,-1.074,-3.151,0.00
67.30078,-1.074,-3.151,0.00
67.31093,-1.084,-3.153,0.00
67.32133,-1.084,-3.161,0.00
67.33149,-1.092,-3.161,0.00
67.34164,-1.091,-3.172,0.00
67.35197,-1.091,-3.172,0.00
67.36214,-1.092,-3.172,0.00
67.37230,-1.092,-3.183,0.00
67.38246,-1.094,-3.197,0.00
67.39263,-1.094,-3.197,0.00
67.40281,-1.094,-3.211,0.00
67.41298,-1.096,-3.211,0.00
67.42319,-1.084,-3.219,0.00
67.43335,-1.084,-3.219,0.00
67.44351,-1.084,-3.225,0.00
67.45376,-1.041,-3.225,0.00
67.46401,-0.982,-3.224,0.00
67.47564,-0.982,-3.224,0.00
67.48582,-0.916,-3.223,0.00
67.49733,-0.916,-3.223,0.00
67.50770,-0.856,-3.221,0.00
67.51785,-0.856,-3.224,0.00
67.52808,-0.773,-3.224,0.00
67.53837,-0.773,-3.224,0.00
67.54857,-0.669,-3.231,0.00
67.55888,-0.669,-3.231,0.00
67.56923,-0.532,-3.249,0.00
67.57938,-0.532,-3.249,0.00
67.58953,-0.354,-3.278,0.00
67.59969,-0.354,-3.322,0.00
67.60999,-0.169,-3.322,0.00
67.62048,-0.169,-3.322,0.00
67.63064,0.070,-3.366,0.00
67.64079,0.376,-3.366,0.00
67.65094,0.376,-3.406,0.00
67.66122,0.376,-3.433,0.00
67.67135,0.768,-3.433,0.00
67.68151,1.227,-3.446,0.00
67.69165,1.227,-3.446,0.00
67.70191,1.732,-3.449,0.00
67.71203,1.732,-3.449,0.00
67.72218,2.244,-3.449,0.00
67.73232,2.244,-3.445,0.00
67.74248,2.757,-3.438,0.00
67.75262,2.757,-3.438,0.00
67.76277,2.757,-3.438,0.00
67.77294,2.757,-3.438,0.00
67.78310,3.854,-3.438,0.00
67.79436,3.854,-3.432,0.00
67.80463,4.471,-3.429,0.00
67.81487,4.471,-3.429,0.00
67.82536,5.144,-3.429,0.00
67.83602,5.144,-3.429,0.00
67.84618,5.754,-3.423,0.00
67.85661,5.754,-3.423,0.00
67.86671,6.492,-3.418,0.00
67.87732,6.492,-3.418,0.00
67.88764,7.262,-3.413,0.00
67.89841,7.262,-3.413,0.00
67.90872,8.047,-3.411,0.00
67.91922,8.865,-3.411,0.00
67.92938,8.865,-3.409,0.00
67.94189,9.709,-3.404,0.00
67.95234,9.709,-3.404,0.00
67.96295,10.565,-3.395,0.00
67.97658,10.565,-3.395,0.00
67.98690,11.413,-3.381,0.00
67.99795,11.413,-3.381,8.00
68.01238,12.251,-3.366,8.00
68.02329,13.055,-3.349,8.00
68.04052,13.055,-3.349,8.00
68.05070,13.815,-3.328,8.00
68.06088,14.552,-3.316,8.00
68.07629,14.552,-3.316,8.00
68.08645,15.226,-3.306,8.00
68.09803,15.226,-3.306,8.00
68.10821,15.790,-3.296,8.00
68.11837,15.790,-3.296,8.00
68.12853,16.218,-3.275,8.00
68.15242,16.218,-3.275,8.00
68.16274,16.493,-3.238,8.00
68.18479,16.562,-3.238,8.00
68.19497,16.562,-3.215,8.00
68.22093,16.145,-3.166,8.00
68.23113,16.145,-3.166,8.00
68.24909,15.812,-3.148,8.00
68.25925,15.363,-3.148,8.00
68.28100,15.363,-3.131,8.00
68.29115,14.786,-3.131,8.00
68.30131,14.786,-3.119,8.00
68.31245,14.063,-3.113,8.00
68.32276,13.247,-3.116,8.00
68.33311,13.247,-3.116,8.00
68.34453,12.409,-3.116,8.00
68.35487,12.409,-3.113,8.00
68.36504,11.524,-3.102,8.00
68.37666,11.524,-3.102,8.00
68.38707,10.539,-3.139,8.00
68.39747,10.539,-3.114,8.00
68.40895,9.492,-3.114,8.00
68.41912,9.492,-3.114,8.00
68.42992,8.441,-3.151,8.00
68.44125,8.441,-3.081,8.50
68.45151,7.424,-3.081,8.50
68.46169,7.424,-3.081,8.50
68.48921,6.437,-3.063,8.50
68.49940,5.514,-3.098,8.50
68.52009,4.693,-3.244,8.50
68.53027,3.978,-3.502,8.50
68.55229,3.978,-3.502,8.50
68.56245,2.770,-4.095,8.50
68.58452,2.770,-4.095,8.50
68.59504,2.248,-4.436,8.50
68.60520,1.742,-4.777,8.50
68.62141,1.168,-4.777,8.50
68.63158,1.168,-5.127,8.50
68.64868,0.607,-5.127,8.50
68.65888,0.310,-5.400,8.50
68.66904,0.310,-5.628,8.50
68.69840,0.242,-5.951,8.50
68.70856,0.242,-5.951,8.50
68.71894,0.242,-6.073,8.50
68.72940,0.255,-6.073,8.50
68.73989,0.255,-6.132,8.50
68.76015,0.255,-6.132,8.50
68.77034,0.489,-6.135,8.50
68.79232,0.489,-6.135,9.00
68.80249,0.876,-5.977,9.00
68.82560,1.073,-5.885,9.00
68.83629,1.073,-5.885,9.00
68.85832,1.207,-5.748,9.00
68.86878,1.316,-5.556,9.00
68.88941,1.426,-5.274,9.00
68.89957,1.426,-4.925,9.00
68.90973,1.560,-4.925,9.00
68.92100,1.707,-4.563,9.00
68.93116,1.707,-4.563,9.00
68.94132,1.793,-4.563,9.00
68.95231,1.793,-4.135,9.00
68.96256,1.815,-3.739,9.00
68.97272,1.815,-3.739,9.00
68.98598,1.805,-3.322,9.00
68.99658,1.805,-3.322,9.00
69.00699,1.774,-2.895,9.00
69.03210,1.774,-2.895,9.00
69.04227,1.640,-2.024,9.00
69.06425,1.640,-2.024,9.50
69.07457,1.548,-1.590,9.50
69.09768,1.439,-1.590,9.50
69.10790,1.313,-0.695,9.50
69.12810,1.313,-0.695,9.50
69.13828,1.187,-0.269,9.50
69.14845,1.045,0.147,9.50
69.16046,0.897,0.147,9.50
69.17084,0.897,0.595,9.50
69.18100,0.897,1.048,9.50
69.19295,0.738,1.048,9.50
69.20314,0.578,1.514,9.50
69.21330,0.578,1.514,9.50
69.22636,0.430,1.974,9.50
69.23657,0.430,1.974,9.50
69.24713,0.283,2.428,9.50
69.25776,0.283,2.428,10.00
69.26791,0.162,2.956,10.00
69.27918,0.162,2.956,10.00
69.28932,0.051,3.434,10.00
69.29960,-0.042,3.926,10.00
69.30977,-0.042,3.926,10.00
69.33971,-0.042,4.932,10.00
69.35004,-0.174,4.932,10.00
69.36820,-0.174,4.932,10.00
69.37837,-0.216,5.589,10.00
69.40058,-0.258,6.336,10.00
69.41080,-0.258,7.183,10.00
69.42109,-0.258,7.183,10.00
69.43947,-0.269,7.183,10.00
69.44965,-0.264,8.988,10.00
69.46479,-0.264,8.988,10.00
69.47509,-0.246,9.794,10.00
69.48526,-0.230,10.520,10.00
69.49883,-0.230,10.520,10.50
69.50959,-0.199,11.164,10.50
69.51975,-0.199,11.664,10.50
69.53058,-0.159,11.664,10.50
69.54086,-0.115,12.110,10.50
69.55120,-0.115,12.110,10.50
69.56192,-0.060,12.527,10.50
69.57224,-0.060,12.527,10.50
69.58240,-0.007,12.922,10.50
69.59256,-0.007,12.922,10.50
69.60287,0.053,13.393,10.50
69.61303,0.053,13.393,10.50
69.64776,0.167,14.284,10.50
69.67396,0.232,14.284,10.50
69.68433,0.273,15.255,10.50
69.70834,0.273,15.255,11.00
69.71861,0.308,15.743,11.00
69.73676,0.349,16.204,11.00
69.74694,0.387,16.688,11.00
69.76944,0.419,17.287,11.00
69.77963,0.446,17.864,11.00
69.78980,0.446,17.864,11.00
69.80197,0.460,18.456,11.00
69.81215,0.460,18.456,11.00
69.82232,0.455,19.052,11.00
69.83341,0.455,19.052,11.00
69.84387,0.444,19.715,11.00
69.85402,0.444,19.715,11.00
69.86519,0.444,20.381,11.00
69.87610,0.432,20.381,11.00
69.88629,0.400,21.024,11.00
69.89836,0.366,21.653,11.00
69.90866,0.366,21.653,11.00
69.91905,0.329,21.653,11.00
69.94410,0.329,22.376,11.00
69.95428,0.289,23.029,11.00
69.97763,0.250,23.671,11.50
69.98783,0.195,24.296,11.50
70.00821,0.195,24.296,11.50
70.01838,0.145,24.933,11.50
70.02853,0.103,25.545,11.50
70.04191,0.057,26.184,11.50
70.05224,0.057,26.184,11.50
70.06240,0.020,26.793,11.50
70.07266,0.020,26.793,11.50
70.08305,-0.023,27.508,11.50
70.09321,-0.023,27.508,11.50
70.10451,-0.023,28.151,11.50
70.11470,-0.065,28.151,11.50
70.12488,-0.107,28.807,11.50
70.13654,-0.107,28.807,11.50
70.14726,-0.146,29.490,11.50
70.15837,-0.146,29.490,11.50
70.17063,-0.175,30.166,11.50
70.18109,-0.206,30.824,11.50
70.19124,-0.206,30.824,11.50
70.21735,-0.216,31.491,11.50
70.22755,-0.224,32.124,11.50
70.24820,-0.224,32.124,11.50
70.25839,-0.234,32.868,11.50
70.28102,-0.256,34.109,11.50
70.29119,-0.256,34.109,11.50
70.31886,-0.270,34.712,12.00
70.32906,-0.286,35.278,12.00
70.34422,-0.286,35.278,12.00
70.35457,-0.295,35.885,12.00
70.36477,-0.277,36.448,12.00
70.37679,-0.277,36.448,12.00
70.38714,-0.264,37.042,12.00
70.39750,-0.264,37.680,12.00
70.40836,-0.259,37.680,12.00
70.41855,-0.259,37.680,12.00
70.42871,-0.264,38.244,12.00
70.45636,-0.264,38.244,12.00
70.46654,-0.268,39.358,12.00
70.48826,-0.268,39.358,12.00
70.49844,-0.267,39.925,12.00
70.52011,-0.270,40.460,12.00
70.53030,-0.269,41.008,12.00
70.55240,-0.276,41.008,12.00
70.56260,-0.284,42.091,12.00
70.57276,-0.284,42.091,12.00
70.58457,-0.295,42.091,12.00
70.59473,-0.295,42.589,12.00
70.60494,-0.314,43.039,12.00
70.61675,-0.314,43.039,12.00
70.62704,-0.317,43.506,12.00
70.63746,-0.317,43.506,12.00
70.64894,-0.326,43.954,12.00
70.65968,-0.326,44.397,12.00
70.67024,-0.338,44.397,12.00
70.68082,-0.343,44.900,12.00
70.69115,-0.343,44.900,12.00
70.70129,-0.343,44.900,12.00
70.71252,-0.351,45.360,12.00
70.72273,-0.364,45.863,12.00
70.73295,-0.364,45.863,12.00
70.76080,-0.367,46.323,12.00
70.77099,-0.367,46.764,12.00
70.79251,-0.351,46.764,12.00
70.80285,-0.331,47.635,12.00
70.82510,-0.331,48.065,12.00
70.83549,-0.307,48.065,12.00
70.84599,-0.296,48.468,12.00
70.85633,-0.296,48.468,12.00
70.86651,-0.296,48.468,12.00
70.87676,-0.292,48.839,12.00
70.89046,-0.292,48.839,12.00
70.90122,-0.278,49.244,12.00
70.91138,-0.269,49.613,12.00
70.92160,-0.260,49.934,12.00
70.93225,-0.260,49.934,12.00
70.94233,-0.242,50.214,12.00
70.95248,-0.242,50.214,12.00
70.96314,-0.221,50.511,12.00
70.97400,-0.221,50.511,12.00
70.98426,-0.201,50.792,12.00
70.99443,-0.201,50.792,12.00
71.00716,-0.187,51.074,12.00
71.01740,-0.187,51.074,12.00
71.03205,-0.187,51.074,12.00
71.04222,-0.179,51.361,12.00
71.06521,-0.172,51.959,12.00
71.07537,-0.172,51.959,12.00
71.08572,-0.163,52.255,12.00
71.09866,-0.163,52.568,12.00
71.10899,-0.163,52.568,12.00
71.11915,-0.165,52.568,12.00
71.12931,-0.165,52.963,0.00
71.13948,-0.165,52.963,0.00
71.14965,-0.173,53.367,0.00
71.15988,-0.173,53.367,0.00
71.17124,-0.189,53.790,0.00
71.18141,-0.189,53.790,0.00
71.19159,-0.191,54.181,0.00
71.20175,-0.191,54.619,0.00
71.21197,-0.186,54.619,0.00
71.22213,-0.186,54.984,0.00
71.23229,-0.196,54.984,0.00
71.24245,-0.196,55.302,0.00
71.25262,-0.217,55.302,0.00
71.26298,-0.233,55.660,0.00
71.27386,-0.233,55.660,0.00
71.28404,-0.229,56.008,0.00
71.29491,-0.229,56.008,0.00
71.30511,-0.220,56.314,0.00
71.31650,-0.220,56.314,0.00
71.32673,-0.219,56.598,0.00
71.33692,-0.219,56.598,0.00
71.34709,-0.224,56.874,0.00
71.35731,-0.224,56.874,0.00
71.36747,-0.238,57.164,0.00
71.37775,-0.238,57.164,0.00
71.38809,-0.252,57.413,0.00
71.39832,-0.252,57.683,0.00
71.40868,-0.264,57.683,0.00
71.41900,-0.264,57.920,0.00
71.42913,-0.277,57.920,0.00
71.43929,-0.303,57.920,0.00
71.44956,-0.303,58.149,0.00
71.46011,-0.303,58.149,0.00
71.47036,-0.346,58.347,0.00
71.48051,-0.398,58.347,0.00
71.49066,-0.398,58.506,0.00
71.50083,-0.398,58.654,0.00
71.51100,-0.454,58.654,0.00
71.52117,-0.454,58.805,0.00
71.53132,-0.506,58.805,0.00
71.54149,-0.506,58.956,0.00
71.55165,-0.543,58.956,0.00
71.56181,-0.567,59.045,0.00
71.57199,-0.567,59.045,0.00
71.58215,-0.567,59.113,0.00
71.59230,-0.584,59.113,0.00
71.60265,-0.602,59.224,0.00
71.61295,-0.602,59.224,0.00
71.62329,-0.608,59.321,0.00
71.63352,-0.608,59.321,0.00
71.64369,-0.594,59.321,0.00
71.65467,-0.594,59.365,0.00
71.66485,-0.565,59.407,0.00
71.67537,-0.565,59.407,0.00
71.68563,-0.534,59.440,0.00
71.69592,-0.534,59.440,0.00
71.70611,-0.543,59.452,0.00
71.71635,-0.543,59.452,0.00
71.72651,-0.569,59.451,0.00
71.73667,-0.569,59.451,0.00
71.74682,-0.571,59.417,0.00
71.75760,-0.571,59.331,0.00
71.76789,-0.580,59.331,0.00
71.77872,-0.580,59.331,0.00
71.78889,-0.644,59.194,0.00
71.79906,-0.644,59.194,0.00
71.80924,-0.743,59.013,0.00
71.81939,-0.743,59.013,0.00
71.82955,-0.816,58.800,0.00
71.83972,-0.816,58.800,0.00
71.84989,-0.868,58.475,0.00
71.86004,-0.868,58.475,0.00
71.87020,-0.879,58.123,0.00
71.88075,-0.868,57.733,0.00
71.89095,-0.868,57.733,0.00
71.90111,-0.839,57.325,0.00
71.91126,-0.839,57.325,0.00
71.92141,-0.795,56.916,0.00
71.93186,-0.795,56.916,0.00
71.94217,-0.756,56.492,0.00
71.95230,-0.756,56.492,0.00
71.96246,-0.756,56.017,0.00
71.97262,-0.745,56.017,0.00
71.98278,-0.761,55.537,0.00
71.99294,-0.761,55.537,0.00
72.00322,-0.767,55.033,0.00
72.01337,-0.767,55.033,0.00
72.02353,-0.777,54.333,0.00
72.03369,-0.777,54.333,0.00
72.04475,-0.787,53.579,0.00
72.05511,-0.787,53.579,0.00
72.06548,-0.793,52.829,0.00
72.07599,-0.793,52.829,0.00
72.08631,-0.791,52.026,0.00
72.09695,-0.791,52.026,0.00
72.10749,-0.778,51.010,0.00
72.11781,-0.754,49.726,0.00
72.13400,-0.754,49.726,0.00
72.14433,-0.710,49.726,0.00
72.15601,-0.710,49.726,0.00
72.17428,-0.639,46.872,0.00
72.18471,-0.540,45.187,0.00
72.19557,-0.540,45.187,0.00
72.20615,-0.428,43.496,0.00
72.21832,-0.307,43.496,0.00
72.22917,-0.307,41.649,0.00
72.23996,-0.174,41.649,0.00
72.25094,-0.174,39.757,0.00
72.27428,-0.004,37.858,0.00
72.28527,0.173,37.858,0.00
72.29563,0.173,35.832,0.00
72.31284,0.352,33.658,0.00
72.32300,0.534,33.658,0.00
72.33360,0.534,31.342,0.00
72.34426,0.702,31.342,0.00
72.35490,0.702,28.540,0.00
72.36691,0.839,25.838,0.00
72.37745,0.839,25.838,0.00
72.38943,0.951,22.945,0.00
72.40000,1.054,22.945,0.00
72.41041,1.054,19.926,0.00
72.42086,1.054,16.835,0.00
72.43734,1.144,16.835,0.00
72.45355,1.210,13.626,0.00
72.46384,1.210,13.626,0.00
72.48172,1.285,6.966,0.00
72.49194,1.285,6.966,0.00
72.50550,1.285,6.966,0.00
72.52198,1.298,0.425,0.00
72.53495,1.299,0.425,0.00
72.54541,1.299,-2.399,0.00
72.56123,1.293,-4.920,0.00
72.57737,1.263,-4.920,0.00
72.58920,1.208,-4.920,0.00
72.59972,1.208,-4.920,0.00
72.61773,1.143,-6.982,0.00
72.63345,1.056,-8.438,0.00
72.64650,1.056,-8.438,0.00
72.66827,0.948,-7.574,0.00
72.67887,0.825,-7.574,0.00
72.68964,0.729,-6.073,0.00
72.70006,0.683,-4.644,0.00
72.71647,0.683,-4.644,0.00
72.72804,0.663,-3.350,0.00
72.73845,0.673,-2.197,0.00
72.75413,0.673,-2.197,0.00
72.76982,0.695,-2.197,0.00
72.78023,0.695,-2.197,0.00
72.79193,0.712,-0.326,0.00
72.80805,0.703,0.390,0.00
72.83091,0.652,1.102,0.00
72.84171,0.602,1.102,0.00
72.85285,0.602,1.647,0.00
72.86323,0.581,2.078,0.00
72.87344,0.581,2.078,0.00
72.88419,0.575,2.078,0.00
72.89464,0.575,2.384,0.00
72.90514,0.559,2.384,0.00
72.91671,0.559,2.573,0.00
72.92716,0.559,2.639,0.00
72.94312,0.553,2.692,0.00
72.95334,0.553,2.692,0.00
72.96538,0.545,2.692,0.00
72.97665,0.545,2.777,0.00
72.99415,0.547,2.569,0.00
73.00638,0.547,2.569,0.00
73.02231,0.608,1.685,0.00
73.03947,0.608,1.685,0.00
73.05301,0.633,1.685,0.00
73.07024,0.640,0.567,0.00
73.08063,0.643,0.567,0.00
73.09136,0.643,0.027,0.00
73.10578,0.641,-0.442,0.00
73.11658,0.641,-0.442,0.00
73.12831,0.648,-0.806,0.00
73.18364,0.654,-0.806,0.00
73.19394,0.654,-1.333,0.00
73.24359,0.654,-1.333,0.00
73.25383,-0.005,-4.110,0.00
73.26398,-0.005,-4.110,0.00
73.27516,0.000,-4.167,0.00
73.28563,0.022,-4.225,0.00
73.29587,0.022,-4.225,0.00
73.30609,0.022,-4.225,0.00
73.31639,0.022,-4.225,0.00
73.32671,0.033,-4.225,0.00
73.33686,0.034,-4.402,0.00
73.34702,0.034,-4.402,0.00
73.35720,0.034,-4.402,0.00
73.36737,0.034,-4.402,0.00
73.37752,0.040,-4.475,0.00
73.38773,0.040,-4.475,0.00
73.39789,0.040,-4.475,0.00
73.40805,0.049,-4.541,0.00
73.42000,0.049,-4.541,0.00
73.43014,0.053,-4.674,0.00
73.44029,0.053,-4.674,0.00
73.45045,0.064,-4.727,0.00
73.46122,0.031,-4.775,0.00
73.47137,0.031,-4.775,0.00
73.48153,-0.006,-4.829,0.00
73.49169,-0.050,-4.871,0.00
73.50206,-0.050,-4.871,0.00
73.51224,-0.050,-4.871,0.00
73.52295,-0.050,-4.901,0.00
73.53318,-0.107,-4.911,0.00
73.54436,-0.173,-4.913,0.00
73.55497,-0.173,-4.913,0.00
73.56514,-0.189,-4.917,0.00
73.57530,-0.189,-4.917,0.00
73.58545,-0.197,-4.929,0.00
73.59569,-0.197,-4.929,0.00
73.60593,-0.202,-4.937,0.00
73.61670,-0.202,-4.937,0.00
73.62701,-0.204,-4.956,0.00
73.63717,-0.204,-4.956,0.00
73.64732,-0.204,-4.959,0.00
73.65747,-0.204,-4.959,0.00
73.66763,-0.199,-4.955,0.00
73.67794,-0.199,-4.955,0.00
73.68890,-0.185,-4.944,0.00
73.69920,-0.177,-4.928,0.00
73.70950,-0.177,-4.928,0.00
73.72004,-0.180,-4.908,0.00
73.73034,-0.180,-4.908,0.00
73.74053,-0.180,-4.873,0.00
73.75067,-0.192,-4.873,0.00
73.76083,-0.207,-4.873,0.00
73.77098,-0.207,-4.889,0.00
73.78114,-0.223,-4.865,0.00
73.79131,-0.223,-4.865,0.00
73.80147,-0.240,-4.857,0.00
73.81163,-0.240,-4.857,0.00
73.82180,-0.254,-4.850,0.00
73.83198,-0.254,-4.850,0.00
73.84215,-0.254,-4.844,0.00
73.85230,-0.265,-4.844,0.00
73.86246,-0.274,-4.837,0.00
73.87261,-0.274,-4.837,0.00
73.88280,-0.276,-4.828,0.00
73.89307,-0.276,-4.828,0.00
73.90349,-0.281,-4.820,0.00
73.91383,-0.281,-4.820,0.00
73.92414,-0.290,-4.810,0.00
73.93524,-0.290,-4.810,0.00
73.94560,-0.294,-4.798,0.00
73.95696,-0.294,-4.798,0.00
73.96724,-0.293,-4.791,0.00
73.97754,-0.293,-4.788,0.00
73.98797,-0.283,-4.788,0.00
73.99844,-0.283,-4.789,0.00
74.00871,-0.280,-4.789,0.00
74.01918,-0.280,-4.792,0.00
74.02948,-0.281,-4.792,0.00
74.03965,-0.281,-4.792,0.00
74.04994,-0.275,-4.793,0.00
74.06010,-0.275,-4.793,0.00
74.07026,-0.272,-4.785,0.00
74.08043,-0.271,-4.777,0.00
74.09058,-0.271,-4.777,0.00
74.10073,-0.273,-4.777,0.00
74.11089,-0.273,-4.772,0.00
74.12107,-0.283,-4.772,0.00
74.13123,-0.283,-4.765,0.00
74.14140,-0.296,-4.754,0.00
74.15154,-0.296,-4.754,0.00
74.16170,-0.313,-4.739,0.00
74.17230,-0.313,-4.739,0.00
74.18245,-0.326,-4.728,0.00
74.19261,-0.326,-4.728,0.00
74.20277,-0.337,-4.726,0.00
74.21293,-0.337,-4.726,0.00
74.22315,-0.344,-4.727,0.00
74.23330,-0.344,-4.727,0.00
74.24346,-0.344,-4.731,0.00
74.25371,-0.356,-4.731,0.00
74.26412,-0.364,-4.735,0.00
74.27430,-0.364,-4.735,0.00
74.28485,-0.368,-4.738,0.00
74.29506,-0.368,-4.738,0.00
74.30518,-0.373,-4.738,0.00
74.31538,-0.373,-4.738,0.00
74.32552,-0.373,-4.740,0.00
74.33568,-0.373,-4.740,0.00
74.34601,-0.379,-4.739,0.00
74.35654,-0.379,-4.739,0.00
74.36691,-0.393,-4.736,0.00
74.37749,-0.400,-4.736,0.00
74.38788,-0.400,-4.730,0.00
74.39803,-0.400,-4.730,0.00
74.40809,-0.403,-4.726,0.00
74.41825,-0.403,-4.726,0.00
74.42894,-0.405,-4.723,0.00
74.43907,-0.405,-4.723,0.00
74.44923,-0.398,-4.723,0.00
74.45954,-0.398,-4.720,0.00
74.46971,-0.385,-4.720,0.00
74.48007,-0.378,-4.716,0.00
74.49022,-0.378,-4.716,0.00
74.50082,-0.379,-4.712,0.00
74.51135,-0.379,-4.712,0.00
74.52146,-0.381,-4.712,0.00
74.53162,-0.381,-4.710,0.00
74.54178,-0.384,-4.708,0.00
74.55200,-0.384,-4.708,0.00
74.56222,-0.387,-4.708,0.00
74.57237,-0.387,-4.705,0.00
74.58264,-0.398,-4.702,0.00
74.59302,-0.398,-4.702,0.00
74.60337,-0.419,-4.701,0.00
74.61569,-0.419,-4.701,0.00
74.62596,-0.439,-4.701,0.00
74.63609,-0.439,-4.701,0.00
74.64629,-0.457,-4.697,0.00
74.65653,-0.457,-4.697,0.00
74.66708,-0.474,-4.697,0.00
74.67788,-0.474,-4.697,0.00
74.68838,-0.488,-4.697,0.00
74.69854,-0.488,-4.697,0.00
74.70870,-0.505,-4.697,0.00
74.71885,-0.505,-4.697,0.00
74.72902,-0.524,-4.694,0.00
74.73917,-0.543,-4.694,0.00
74.74933,-0.543,-4.688,0.00
74.75948,-0.555,-4.678,0.00
74.76964,-0.555,-4.678,0.00
74.78021,-0.555,-4.678,0.00
74.79041,-0.559,-4.677,0.00
74.80060,-0.566,-4.684,0.00
74.81077,-0.566,-4.684,0.00
74.82108,-0.569,-4.696,0.00
74.83123,-0.569,-4.696,0.00
74.84139,-0.570,-4.709,0.00
74.85155,-0.570,-4.709,0.00
74.86173,-0.570,-4.709,0.00
74.87198,-0.570,-4.723,0.00
74.88215,-0.575,-4.752,0.00
74.89231,-0.575,-4.752,0.00
74.90247,-0.575,-4.792,0.00
74.91263,-0.579,-4.792,0.00
74.92278,-0.581,-4.827,0.00
74.93294,-0.581,-4.827,0.00
74.94310,-0.585,-4.827,0.00
74.95336,-0.585,-4.860,0.00
74.96367,-0.595,-4.892,0.00
74.97409,-0.595,-4.892,0.00
74.98425,-0.604,-4.921,0.00
74.99450,-0.604,-4.921,0.00
75.00466,-0.604,-4.938,0.00
75.01492,-0.604,-4.938,0.00
75.02524,-0.602,-4.940,0.00
75.03540,-0.602,-4.940,0.00
75.04557,-0.593,-4.944,0.00
75.05606,-0.593,-4.944,0.00
75.06622,-0.578,-4.947,0.00
75.07648,-0.578,-4.947,0.00
75.08663,-0.567,-4.946,0.00
75.09796,-0.567,-4.946,0.00
75.10811,-0.546,-4.945,0.00
75.11837,-0.546,-4.945,0.00
75.12853,-0.504,-4.946,0.00
75.13868,-0.452,-4.949,0.00
75.14888,-0.452,-4.949,0.00
75.15915,-0.415,-4.949,0.00
75.16931,-0.415,-4.952,0.00
75.17951,-0.415,-4.952,0.00
75.18972,-0.381,-4.957,0.00
75.19990,-0.381,-4.959,0.00
75.21005,-0.349,-4.959,0.00
75.22021,-0.349,-4.957,0.00
75.23051,-0.318,-4.957,0.00
75.24095,-0.318,-4.950,0.00
75.25124,-0.270,-4.950,0.00
75.26142,-0.200,-4.950,0.00
75.27157,-0.200,-4.945,0.00
75.28179,-0.124,-4.945,0.00
75.29200,-0.124,-4.943,0.00
75.30216,-0.025,-4.943,0.00
75.31232,-0.025,-4.947,0.00
75.32249,0.085,-4.952,0.00
75.33264,0.085,-4.952,0.00
75.34279,0.234,-4.951,0.00
75.35393,0.234,-4.951,0.00
75.36418,0.426,-4.951,0.00
75.37444,0.426,-4.951,0.00
75.38461,0.671,-4.955,0.00
75.39476,0.671,-4.955,0.00
75.40492,0.840,-4.957,0.00
75.41523,0.840,-4.957,0.00
75.42541,0.990,-4.955,0.00
75.43574,0.990,-4.955,0.00
75.44590,1.146,-4.953,0.00
75.45609,1.146,-4.953,0.00
75.46625,1.312,-4.953,0.00
75.47690,1.515,-4.952,0.00
75.48704,1.515,-4.952,0.00
75.49724,1.515,-4.952,0.00
75.50800,1.749,-4.953,0.00
75.51816,1.749,-4.953,0.00
75.52835,2.014,-4.955,0.00
75.53856,2.014,-4.955,0.00
75.54872,2.318,-4.964,0.00
75.55889,2.318,-4.964,0.00
75.56944,2.671,-4.975,0.00
75.57960,3.079,-4.986,0.00
75.58976,3.079,-4.986,0.00
75.59994,3.079,-4.991,0.00
75.61012,3.538,-4.991,0.00
75.62028,3.538,-4.989,0.00
75.63047,4.042,-4.989,0.00
75.64129,4.598,-4.981,0.00
75.65145,4.598,-4.981,0.00
75.66161,5.209,-4.969,0.00
75.67190,5.209,-4.969,0.00
75.68205,5.845,-4.955,0.00
75.69221,5.845,-4.955,0.00
75.70236,6.518,-4.947,0.00
75.71252,6.518,-4.947,0.00
75.72268,7.208,-4.945,0.00
75.73288,7.208,-4.945,0.00
75.74304,7.913,-4.951,0.00
75.75326,7.913,-4.951,0.00
75.76341,8.651,-4.964,0.00
75.77357,8.651,-4.964,0.00
75.78435,9.415,-4.991,0.00
75.79513,9.415,-4.991,0.00
75.80530,10.193,-5.016,0.00
75.81715,10.193,-5.016,0.00
75.82734,10.963,-5.031,0.00
75.83750,10.963,-5.031,0.00
75.84909,11.718,-5.046,8.00
75.85924,11.718,-5.046,8.00
75.86939,12.451,-5.053,8.00
75.89658,12.451,-5.047,8.00
75.90702,13.951,-5.033,8.00
75.92939,14.668,-5.021,8.00
75.93958,15.305,-5.021,8.00
75.96163,15.305,-5.007,8.00
75.97188,15.845,-4.993,8.00
75.99211,15.845,-4.993,8.00
76.00227,16.286,-4.982,8.00
76.01248,16.621,-4.983,8.00
76.02581,16.621,-4.983,8.00
76.03632,16.833,-5.000,8.00
76.04649,16.906,-5.017,8.00
76.05682,16.906,-5.017,8.00
76.06701,16.847,-5.030,8.00
76.07718,16.847,-5.030,8.00
76.09165,16.635,-5.039,8.00
76.10181,16.299,-5.047,8.00
76.11196,16.299,-5.047,8.00
76.13643,15.879,-5.047,8.00
76.16926,15.383,-5.062,8.00
76.17956,14.792,-5.074,8.00
76.20351,14.092,-5.083,8.00
76.21373,13.317,-5.113,8.00
76.23227,13.317,-5.113,8.00
76.24243,12.493,-5.124,8.00
76.26456,10.640,-5.192,8.00
76.27500,10.640,-5.196,8.00
76.29662,9.610,-5.275,8.50
76.30683,8.590,-5.353,8.50
76.31719,8.590,-5.353,8.50
76.32950,7.621,-5.471,8.50
76.33966,7.621,-5.677,8.50
76.34982,6.700,-5.677,8.50
76.36056,5.835,-5.677,8.50
76.37075,5.835,-5.849,8.50
76.38092,5.835,-5.849,8.50
76.39244,5.008,-6.093,8.50
76.40263,4.247,-6.331,8.50
76.41290,4.247,-6.331,8.50
76.44075,2.954,-6.799,8.50
76.45106,2.954,-6.799,8.50
76.47314,2.334,-7.077,8.50
76.48333,1.744,-7.382,8.50
76.50452,1.265,-7.382,8.50
76.51470,1.265,-7.697,8.50
76.53624,0.878,-7.943,8.50
76.54642,0.601,-8.166,8.50
76.55658,0.601,-8.166,8.50
76.56830,0.601,-8.393,8.50
76.57873,0.494,-8.555,8.50
76.58888,0.414,-8.555,8.50
76.60043,0.414,-8.555,8.50
76.61078,0.262,-8.718,8.50
76.62109,0.262,-8.718,8.50
76.63329,0.163,-8.842,9.00
76.64347,0.142,-8.963,9.00
76.65365,0.142,-8.963,9.00
76.66526,0.142,-8.922,9.00
76.67545,0.144,-8.922,9.00
76.68589,0.191,-8.812,9.00
76.71369,0.264,-8.644,9.00
76.72471,0.310,-8.419,9.00
76.74487,0.310,-8.419,9.00
76.75505,0.337,-8.144,9.00
76.77754,0.353,-8.144,9.00
76.78772,0.379,-7.451,9.00
76.80798,0.379,-7.451,9.00
76.81817,0.428,-7.063,9.00
76.82833,0.445,-6.661,9.00
76.84016,0.445,-6.661,9.00
76.85034,0.419,-6.218,9.00
76.86053,0.419,-6.218,9.00
76.87204,0.358,-5.833,9.50
76.88248,0.270,-5.459,9.50
76.89264,0.270,-5.459,9.50
76.90493,0.153,-5.109,9.50
76.91511,0.153,-5.109,9.50
76.92527,0.014,-4.781,9.50
76.93688,0.014,-4.781,9.50
76.94771,-0.131,-4.481,9.50
76.95915,-0.131,-4.481,9.50
76.96989,-0.273,-4.188,9.50
76.98025,-0.397,-4.188,9.50
76.99059,-0.397,-3.888,9.50
77.01835,-0.520,-3.484,9.50
77.02851,-0.666,-3.042,9.50
77.04827,-0.666,-3.042,9.50
77.05924,-0.809,-2.545,9.50
77.08045,-1.139,-1.997,9.50
77.09085,-1.139,-1.441,9.50
77.11253,-1.139,-0.875,10.00
77.12325,-1.437,-0.306,10.00
77.13343,-1.437,-0.306,10.00
77.14753,-1.552,0.253,10.00
77.15792,-1.552,0.253,10.00
77.16810,-1.644,0.888,10.00
77.17825,-1.644,0.888,10.00
77.18910,-1.703,1.436,10.00
77.20028,-1.703,1.436,10.00
77.21044,-1.740,2.000,10.00
77.22059,-1.724,2.608,10.00
77.23075,-1.724,2.608,10.00
77.24284,-1.666,3.288,10.00
77.25358,-1.666,3.288,10.00
77.26387,-1.589,4.272,10.00
77.28905,-1.501,5.419,10.00
77.29927,-1.501,6.639,10.00
77.32061,-1.397,7.925,10.50
77.33080,-1.299,7.925,10.50
77.35234,-1.222,7.925,10.50
77.36277,-1.147,9.888,10.50
77.38479,-1.080,10.692,10.50
77.39516,-1.080,10.692,10.50
77.40534,-1.013,11.368,10.50
77.41873,-1.013,11.938,10.50
77.42889,-0.939,11.938,10.50
77.43921,-0.939,12.412,10.50
77.44986,-0.872,12.412,10.50
77.46002,-0.816,12.880,10.50
77.47017,-0.816,12.880,10.50
77.48145,-0.767,13.452,10.50
77.49191,-0.767,13.452,10.50
77.50286,-0.749,14.030,10.50
77.51308,-0.749,14.030,10.50
77.52324,-0.753,14.628,10.50
77.53352,-0.753,14.628,10.50
77.54528,-0.748,15.236,11.00
77.55559,-0.748,15.236,11.00
77.56578,-0.713,15.836,11.00
77.59332,-0.661,16.395,11.00
77.60675,-0.661,16.395,11.00
77.62459,-0.555,16.395,11.00
77.63477,-0.555,16.993,11.00
77.65678,-0.555,17.576,11.00
77.66701,-0.569,18.318,11.00
77.68844,-0.611,18.318,11.00
77.69870,-0.662,19.053,11.00
77.70902,-0.662,19.847,11.00
77.72213,-0.703,19.847,11.00
77.73230,-0.703,20.687,11.00
77.74246,-0.735,21.512,11.00
77.75263,-0.735,21.512,11.00
77.76280,-0.769,22.346,11.00
77.77311,-0.769,22.346,11.00
77.78476,-0.818,22.346,11.00
77.79495,-0.818,23.158,11.00
77.80510,-0.863,23.941,11.00
77.81765,-0.863,24.791,11.50
77.82792,-0.887,24.791,11.50
77.83810,-0.887,25.511,11.50
77.86798,-0.925,26.215,11.50
77.87812,-0.937,26.896,11.50
77.89887,-0.937,26.896,11.50
77.90904,-0.970,27.527,11.50
77.92866,-0.970,28.154,11.50
77.93886,-1.007,28.762,11.50
77.96126,-1.111,30.066,11.50
77.97145,-1.111,30.066,11.50
77.98160,-1.111,30.682,11.50
77.99260,-1.152,30.682,11.50
78.00276,-1.175,31.343,11.50
78.01292,-1.175,31.343,11.50
78.02465,-1.183,31.955,11.50
78.03510,-1.183,31.955,11.50
78.04540,-1.190,32.581,11.50
78.05902,-1.190,32.581,11.50
78.06934,-1.198,33.156,11.50
78.07949,-1.198,33.156,11.50
78.10467,-1.217,33.719,11.50
78.11499,-1.241,34.233,11.50
78.13841,-1.255,34.793,11.50
78.14857,-1.262,35.289,11.50
78.16918,-1.266,35.716,12.00
78.17935,-1.286,36.189,12.00
78.18976,-1.286,36.189,12.00
78.20203,-1.310,36.687,12.00
78.21219,-1.310,36.687,12.00
78.22314,-1.317,37.187,12.00
78.23337,-1.317,37.187,12.00
78.24352,-1.329,37.725,12.00
78.25382,-1.329,37.725,12.00
78.26473,-1.355,38.241,12.00
78.27657,-1.355,38.241,12.00
78.28700,-1.376,38.852,12.00
78.29731,-1.376,38.852,12.00
78.30757,-1.392,39.368,12.00
78.31883,-1.392,39.368,12.00
78.34395,-1.432,39.873,12.00
78.35427,-1.475,40.358,12.00
78.38120,-1.548,41.264,12.00
78.39135,-1.548,41.264,12.00
78.41054,-1.548,41.687,12.00
78.42073,-1.570,42.132,12.00
78.44336,-1.576,42.587,12.00
78.45365,-1.594,42.587,12.00
78.47242,-1.620,42.993,12.00
78.48259,-1.645,43.427,12.00
78.49296,-1.645,43.427,12.00
78.50481,-1.674,43.825,12.00
78.51684,-1.674,43.825,12.00
78.52703,-1.718,44.263,12.00
78.54080,-1.718,44.263,12.00
78.55098,-1.750,44.684,12.00
78.56114,-1.780,45.064,12.00
78.57130,-1.780,45.064,12.00
78.58146,-1.820,45.430,12.00
78.59208,-1.820,45.430,12.00
78.61700,-1.849,45.868,12.00
78.62744,-1.877,46.248,12.00
78.64806,-1.877,46.248,12.00
78.65823,-1.910,46.581,12.00
78.68082,-1.960,47.229,12.00
78.69100,-1.960,47.229,12.00
78.71237,-1.969,47.229,12.00
78.72253,-1.973,47.907,12.00
78.73268,-1.973,47.907,12.00
78.74391,-1.973,47.907,12.00
78.75411,-1.970,48.286,12.00
78.76427,-1.962,48.698,12.00
78.77648,-1.962,48.698,12.00
78.78668,-1.951,49.084,12.00
78.79683,-1.951,49.084,12.00
78.80841,-1.944,49.460,12.00
78.81888,-1.944,49.460,12.00
78.82923,-1.919,49.766,12.00
78.84207,-1.890,49.766,12.00
78.85226,-1.890,49.999,12.00
78.86310,-1.874,50.220,12.00
78.87348,-1.874,50.220,12.00
78.88364,-1.869,50.407,12.00
78.89381,-1.869,50.407,12.00
78.90651,-1.859,50.596,12.00
78.91671,-1.859,50.596,12.00
78.92688,-1.853,50.823,12.00
78.95419,-1.845,51.001,12.00
78.96512,-1.827,51.178,12.00
78.97539,-1.827,51.178,0.00
78.98644,-1.803,51.360,0.00
78.99675,-1.803,51.360,0.00
79.00712,-1.797,51.583,0.00
79.01743,-1.798,51.583,0.00
79.02799,-1.798,51.826,0.00
79.03862,-1.798,51.826,0.00
79.04879,-1.805,52.103,0.00
79.05898,-1.805,52.103,0.00
79.06913,-1.813,52.382,0.00
79.07930,-1.813,52.382,0.00
79.08946,-1.821,52.628,0.00
79.09961,-1.821,52.901,0.00
79.10978,-1.814,52.901,0.00
79.12007,-1.784,53.123,0.00
79.13046,-1.784,53.123,0.00
79.14218,-1.784,53.337,0.00
79.15249,-1.754,53.337,0.00
79.16282,-1.711,53.562,0.00
79.17314,-1.711,53.562,0.00
79.18356,-1.675,53.780,0.00
79.19394,-1.675,53.780,0.00
79.20430,-1.656,53.994,0.00
79.21462,-1.656,53.994,0.00
79.22493,-1.665,54.189,0.00
79.23525,-1.665,54.189,0.00
79.24541,-1.665,54.381,0.00
79.25624,-1.665,54.381,0.00
79.26643,-1.665,54.602,0.00
79.27670,-1.665,54.602,0.00
79.28687,-1.676,54.795,0.00
79.29725,-1.676,54.795,0.00
79.30741,-1.698,54.989,0.00
79.31757,-1.698,54.989,0.00
79.32774,-1.731,55.120,0.00
79.33790,-1.731,55.120,0.00
79.34857,-1.760,55.202,0.00
79.35872,-1.795,55.216,0.00
79.36888,-1.795,55.216,0.00
79.37903,-1.831,55.215,0.00
79.38919,-1.831,55.215,0.00
79.39934,-1.831,55.234,0.00
79.40948,-1.906,55.234,0.00
79.41963,-1.906,55.244,0.00
79.42979,-2.061,55.244,0.00
79.44000,-2.061,55.248,0.00
79.45015,-2.231,55.248,0.00
79.46030,-2.231,55.282,0.00
79.47048,-2.348,55.282,0.00
79.48063,-2.348,55.317,0.00
79.49081,-2.410,55.317,0.00
79.50118,-2.425,55.337,0.00
79.51133,-2.425,55.337,0.00
79.52147,-2.480,55.337,0.00
79.53161,-2.480,55.338,0.00
79.54177,-2.538,55.338,0.00
79.55195,-2.538,55.282,0.00
79.56211,-2.570,55.141,0.00
79.57226,-2.570,55.141,0.00
79.58242,-2.596,54.908,0.00
79.59258,-2.596,54.908,0.00
79.60273,-2.609,54.678,0.00
79.61289,-2.609,54.678,0.00
79.62310,-2.572,54.417,0.00
79.63350,-2.572,54.417,0.00
79.64391,-2.473,54.068,0.00
79.65412,-2.473,54.068,0.00
79.66447,-2.337,53.591,0.00
79.67508,-2.337,53.591,0.00
79.68577,-2.184,53.000,0.00
79.69600,-2.184,53.000,0.00
79.70638,-2.022,52.285,0.00
79.71682,-2.022,52.285,0.00
79.72730,-1.841,51.360,0.00
79.73745,-1.841,51.360,0.00
79.74762,-1.673,50.027,0.00
79.75779,-1.673,50.027,0.00
79.76796,-1.515,48.688,0.00
79.77812,-1.515,48.688,0.00
79.78830,-1.367,47.231,0.00
79.79846,-1.367,47.231,0.00
79.80862,-1.227,45.592,0.00
79.81879,-1.227,45.592,0.00
79.82895,-1.051,43.648,0.00
79.83998,-0.858,43.648,0.00
79.85200,-0.858,41.531,0.00
79.86216,-0.684,39.477,0.00
79.87231,-0.684,39.477,0.00
79.88248,-0.483,37.514,0.00
79.89263,-0.483,37.514,0.00
79.90279,-0.275,35.233,0.00
79.91295,-0.275,35.233,0.00
79.92311,-0.079,32.988,0.00
79.93337,-0.079,32.988,0.00
79.94354,0.110,30.599,0.00
79.95372,0.110,30.599,0.00
79.96393,0.301,28.180,0.00
79.98579,0.483,28.180,0.00
80.00594,0.483,23.143,0.00
80.02322,0.631,23.143,0.00
80.04815,0.905,17.473,0.00
80.05987,0.905,13.984,0.00
80.07173,1.020,13.984,0.00
80.08849,1.129,10.727,0.00
80.09867,1.129,10.727,0.00
80.11256,1.226,7.370,0.00
80.12305,1.226,3.983,0.00
80.13394,1.291,3.983,0.00
80.14470,1.346,0.668,0.00
80.15536,1.346,0.668,0.00
80.16730,1.372,-2.478,0.00
80.17887,1.372,-2.478,0.00
80.19473,1.367,-5.355,0.00
80.20541,1.328,-7.924,0.00
80.22893,1.258,-10.424,0.00
80.23984,1.258,-10.424,0.00
80.25027,1.180,-12.091,0.00
80.26042,1.180,-12.909,0.00
80.27105,1.098,-12.909,0.00
80.28735,0.985,-12.602,0.00
80.30869,0.843,-11.298,0.00
80.31927,0.843,-11.298,0.00
80.33512,0.698,-9.467,0.00
80.35082,0.571,-7.672,0.00
80.36413,0.571,-6.181,0.00
80.39361,0.356,-4.794,0.00
80.40747,0.277,-3.790,0.00
80.41843,0.277,-3.790,0.00
80.42887,0.199,-2.994,0.00
80.43902,0.199,-2.334,0.00
80.45024,0.123,-2.334,0.00
80.46068,0.123,-1.820,0.00
80.47207,0.063,-1.820,0.00
80.49256,0.063,-1.820,0.00
80.50560,0.063,-1.820,0.00
80.52131,0.063,-1.820,0.00
80.53796,-0.011,-0.980,0.00
80.55452,-0.039,-0.647,0.00
80.56774,-0.039,-0.401,0.00
80.59044,-0.079,-0.401,0.00
80.62125,-0.079,-0.401,0.00
80.65019,-0.263,-0.216,0.00
80.66589,-0.315,-0.216,0.00
80.67663,-0.315,-0.644,0.00
80.68733,-0.315,-0.644,0.00
80.69814,-0.315,-0.983,0.00
80.70889,-0.315,-1.421,0.00
80.72171,-0.448,-1.421,0.00
80.73229,-0.480,-1.927,0.00
80.74309,-0.568,-2.782,0.00
80.75351,-0.568,-2.782,0.00
80.76452,-0.568,-3.088,0.00
80.77493,-0.615,-3.088,0.00
80.79259,-0.674,-3.327,0.00
80.80949,-0.734,-3.494,0.00
80.83082,-0.794,-3.599,0.00
80.84631,-0.853,-3.679,0.00
80.85862,-0.853,-3.679,0.00
80.86976,-0.914,-3.751,0.00
80.88642,-0.968,-3.842,0.00
80.89772,-0.968,-3.842,0.00
80.91445,-1.028,-3.949,0.00
80.92989,-1.085,-4.078,0.00
80.94659,-1.133,-4.078,0.00
80.95862,-1.174,-4.227,0.00
80.97469,-1.174,-4.392,0.00
81.03139,-1.174,-4.392,0.00
81.04161,-1.250,-4.818,0.00
81.09693,-1.250,-4.818,0.00
81.10768,-1.337,-1.857,0.00
81.11794,-1.337,-1.857,0.00
81.12812,-1.352,-1.861,0.00
81.13828,-1.352,-1.861,0.00
81.14844,-1.365,-1.870,0.00
81.15860,-1.371,-1.870,0.00
81.16874,-1.371,-1.880,0.00
81.17893,-1.381,-1.899,0.00
81.18933,-1.381,-1.899,0.00
81.19949,-1.381,-1.919,0.00
81.20962,-1.395,-1.919,0.00
81.21988,-1.395,-1.919,0.00
81.23003,-1.398,-1.938,0.00
81.24022,-1.398,-1.938,0.00
81.25064,-1.391,-1.954,0.00
81.26078,-1.391,-1.964,0.00
81.27092,-1.387,-1.964,0.00
81.28109,-1.379,-1.961,0.00
81.29124,-1.379,-1.961,0.00
81.30139,-1.357,-1.956,0.00
81.31192,-1.357,-1.956,0.00
81.32209,-1.330,-1.953,0.00
81.33244,-1.330,-1.953,0.00
81.34276,-1.301,-1.948,0.00
81.35308,-1.301,-1.948,0.00
81.36336,-1.272,-1.939,0.00
81.37456,-1.272,-1.939,0.00
81.38482,-1.246,-1.936,0.00
81.39499,-1.246,-1.936,0.00
81.40516,-1.219,-1.935,0.00
81.41534,-1.219,-1.935,0.00
81.42551,-1.194,-1.933,0.00
81.43575,-1.194,-1.933,0.00
81.44591,-1.166,-1.930,0.00
81.45610,-1.166,-1.930,0.00
81.46625,-1.141,-1.924,0.00
81.47687,-1.130,-1.912,0.00
81.48704,-1.130,-1.912,0.00
81.49732,-1.130,-1.912,0.00
81.50744,-1.125,-1.891,0.00
81.51782,-1.125,-1.891,0.00
81.52797,-1.131,-1.876,0.00
81.53892,-1.131,-1.876,0.00
81.54907,-1.140,-1.856,0.00
81.55922,-1.140,-1.835,0.00
81.56936,-1.141,-1.835,0.00
81.57951,-1.141,-1.811,0.00
81.58981,-1.147,-1.811,0.00
81.59998,-1.166,-1.811,0.00
81.61017,-1.166,-1.790,0.00
81.62033,-1.199,-1.790,0.00
81.63049,-1.199,-1.777,0.00
81.64120,-1.244,-1.777,0.00
81.65255,-1.244,-1.768,0.00
81.66271,-1.302,-1.759,0.00
81.67286,-1.302,-1.759,0.00
81.68310,-1.363,-1.753,0.00
81.69340,-1.363,-1.753,0.00
81.70373,-1.426,-1.747,0.00
81.71501,-1.426,-1.747,0.00
81.72629,-1.491,-1.743,0.00
81.73784,-1.491,-1.737,0.00
81.74814,-1.552,-1.737,0.00
81.75830,-1.598,-1.737,0.00
81.76845,-1.598,-1.727,0.00
81.77861,-1.598,-1.727,0.00
81.78877,-1.610,-1.719,0.00
81.79893,-1.610,-1.719,0.00
81.80909,-1.605,-1.717,0.00
81.81925,-1.605,-1.717,0.00
81.82941,-1.598,-1.716,0.00
81.83957,-1.598,-1.716,0.00
81.84973,-1.587,-1.716,0.00
81.86001,-1.587,-1.716,0.00
81.87015,-1.574,-1.718,0.00
81.88031,-1.560,-1.720,0.00
81.89047,-1.560,-1.720,0.00
81.90071,-1.542,-1.721,0.00
81.91106,-1.542,-1.721,0.00
81.92126,-1.520,-1.721,0.00
81.93140,-1.520,-1.731,0.00
81.94156,-1.509,-1.731,0.00
81.95172,-1.509,-1.739,0.00
81.96189,-1.502,-1.745,0.00
81.97204,-1.502,-1.745,0.00
81.98219,-1.496,-1.758,0.00
81.99234,-1.496,-1.758,0.00
82.00250,-1.493,-1.790,0.00
82.01265,-1.493,-1.790,0.00
82.02281,-1.498,-1.827,0.00
82.03305,-1.498,-1.827,0.00
82.04317,-1.496,-1.827,0.00
82.05346,-1.496,-1.867,0.00
82.06363,-1.486,-1.906,0.00
82.07381,-1.486,-1.906,0.00
82.08423,-1.480,-1.941,0.00
82.09504,-1.480,-1.941,0.00
82.10522,-1.470,-1.971,0.00
82.11542,-1.470,-1.971,0.00
82.12571,-1.452,-1.999,0.00
82.13622,-1.452,-1.999,0.00
82.14639,-1.438,-2.023,0.00
82.15682,-1.438,-2.023,0.00
82.16708,-1.423,-2.042,0.00
82.17743,-1.402,-2.042,0.00
82.18773,-1.402,-2.048,0.00
82.19844,-1.402,-2.042,0.00
82.20862,-1.387,-2.042,0.00
82.21878,-1.387,-2.042,0.00
82.22894,-1.388,-2.029,0.00
82.23910,-1.399,-2.029,0.00
82.24925,-1.399,-2.014,0.00
82.25940,-1.405,-1.993,0.00
82.26954,-1.405,-1.993,0.00
82.27971,-1.405,-1.969,0.00
82.28990,-1.405,-1.969,0.00
82.30006,-1.399,-1.946,0.00
82.31028,-1.399,-1.946,0.00
82.32045,-1.402,-1.946,0.00
82.33079,-1.402,-1.926,0.00
82.34115,-1.403,-1.926,0.00
82.35149,-1.403,-1.907,0.00
82.36188,-1.399,-1.907,0.00
82.37228,-1.399,-1.888,0.00
82.38279,-1.391,-1.888,0.00
82.39321,-1.391,-1.873,0.00
82.40337,-1.382,-1.856,0.00
82.41390,-1.382,-1.856,0.00
82.42416,-1.365,-1.838,0.00
82.43506,-1.365,-1.838,0.00
82.44521,-1.352,-1.830,0.00
82.45619,-1.352,-1.830,0.00
82.46643,-1.346,-1.831,0.00
82.47842,-1.346,-1.831,0.00
82.48857,-1.346,-1.835,0.00
82.49889,-1.346,-1.835,0.00
82.50915,-1.343,-1.844,0.00
82.51932,-1.343,-1.866,0.00
82.52968,-1.338,-1.866,0.00
82.53994,-1.338,-1.866,0.00
82.55014,-1.338,-1.884,0.00
82.56030,-1.336,-1.884,0.00
82.57046,-1.336,-1.904,0.00
82.58076,-1.330,-1.919,0.00
82.59090,-1.330,-1.919,0.00
82.60106,-1.325,-1.931,0.00
82.61122,-1.325,-1.931,0.00
82.62138,-1.310,-1.936,0.00
82.63155,-1.310,-1.936,0.00
82.64174,-1.290,-1.941,0.00
82.65197,-1.290,-1.941,0.00
82.66212,-1.270,-1.943,0.00
82.67227,-1.270,-1.943,0.00
82.68243,-1.252,-1.946,0.00
82.69258,-1.252,-1.946,0.00
82.70273,-1.231,-1.945,0.00
82.71305,-1.231,-1.945,0.00
82.72338,-1.211,-1.949,0.00
82.73450,-1.211,-1.949,0.00
82.74470,-1.204,-1.954,0.00
82.75660,-1.204,-1.954,0.00
82.76677,-1.209,-1.958,0.00
82.77700,-1.209,-1.958,0.00
82.78715,-1.218,-1.960,0.00
82.79735,-1.218,-1.960,0.00
82.80758,-1.217,-1.959,0.00
82.81773,-1.217,-1.959,0.00
82.82789,-1.194,-1.957,0.00
82.83885,-1.194,-1.957,0.00
82.84917,-1.175,-1.957,0.00
82.85996,-1.175,-1.957,0.00
82.87012,-1.153,-1.958,0.00
82.88044,-1.111,-1.959,0.00
82.89077,-1.111,-1.959,0.00
82.90115,-1.043,-1.959,0.00
82.91147,-1.043,-1.959,0.00
82.92163,-0.959,-1.959,0.00
82.93230,-0.959,-1.959,0.00
82.94246,-0.854,-1.963,0.00
82.95275,-0.854,-1.963,0.00
82.96296,-0.731,-1.966,0.00
82.97312,-0.731,-1.966,0.00
82.98328,-0.597,-1.963,0.00
82.99390,-0.597,-1.963,0.00
83.00424,-0.446,-1.963,0.00
83.01453,-0.446,-1.963,0.00
83.02480,-0.262,-1.963,0.00
83.03534,-0.262,-1.963,0.00
83.04545,-0.143,-1.960,0.00
83.05605,-0.143,-1.960,0.00
83.06621,-0.045,-1.955,0.00
83.07647,-0.045,-1.955,0.00
83.08739,0.042,-1.948,0.00
83.09774,0.042,-1.948,0.00
83.10773,0.152,-1.939,0.00
83.11794,0.152,-1.939,0.00
83.12809,0.285,-1.927,0.00
83.13828,0.285,-1.927,0.00
83.14881,0.462,-1.922,0.00
83.15896,0.462,-1.922,0.00
83.16913,0.677,-1.918,0.00
83.17929,0.677,-1.918,0.00
83.18959,0.925,-1.911,0.00
83.19976,1.197,-1.902,0.00
83.20993,1.197,-1.902,0.00
83.22018,1.513,-1.896,0.00
83.23035,1.513,-1.896,0.00
83.24051,1.893,-1.895,0.00
83.25067,1.893,-1.895,0.00
83.26083,1.893,-1.898,0.00
83.27113,2.336,-1.898,0.00
83.28127,2.820,-1.899,0.00
83.29142,2.820,-1.899,0.00
83.30164,3.347,-1.897,0.00
83.31194,3.347,-1.897,0.00
83.32209,3.902,-1.894,0.00
83.33225,3.902,-1.894,0.00
83.34240,4.475,-1.888,0.00
83.35266,4.475,-1.888,0.00
83.36283,5.065,-1.884,0.00
83.37307,5.065,-1.884,0.00
83.38324,5.658,-1.883,0.00
83.39345,5.658,-1.883,0.00
83.40361,6.264,-1.878,0.00
83.41402,6.264,-1.878,0.00
83.42456,6.922,-1.867,0.00
83.43475,6.922,-1.867,0.00
83.44537,7.624,-1.847,0.00
83.45607,7.624,-1.847,0.00
83.46640,8.331,-1.822,0.00
83.47676,8.331,-1.822,0.00
83.48710,9.010,-1.794,0.00
83.49726,9.010,-1.768,0.00
83.50745,9.705,-1.768,0.00
83.51779,9.705,-1.768,0.00
83.54402,10.395,-1.749,0.00
83.55427,11.050,-1.735,0.00
83.57867,11.684,-1.721,8.00
83.58885,12.279,-1.709,8.00
83.60862,12.799,-1.709,8.00
83.62002,12.799,-1.692,8.00
83.64078,13.601,-1.645,8.00
83.65100,13.601,-1.645,8.00
83.66116,13.866,-1.645,8.00
83.67271,13.866,-1.622,8.00
83.68284,14.004,-1.596,8.00
83.69304,14.004,-1.596,8.00
83.70432,14.004,-1.569,8.00
83.71479,13.993,-1.569,8.00
83.72528,13.847,-1.545,8.00
83.73729,13.847,-1.545,8.00
83.74736,13.614,-1.529,8.00
83.75767,13.344,-1.520,8.00
83.76898,13.344,-1.520,8.00
83.77935,13.344,-1.520,8.00
83.78951,13.021,-1.519,8.00
83.81643,13.021,-1.518,8.00
83.82681,12.142,-1.522,8.00
83.84870,11.557,-1.531,8.00
83.85897,10.907,-1.543,8.00
83.88082,10.215,-1.560,8.00
83.89110,10.215,-1.560,8.00
83.91271,9.466,-1.574,8.00
83.92316,8.681,-1.605,8.00
83.94398,8.681,-1.605,8.00
83.95510,7.877,-1.549,8.00
83.96552,7.064,-1.599,8.00
83.97797,7.064,-1.599,8.00
83.98814,6.279,-1.647,8.00
83.99830,6.279,-1.743,8.00
84.00969,5.518,-1.743,8.50
84.01993,4.765,-1.743,8.50
84.03009,4.765,-1.869,8.50
84.04034,4.005,-1.869,8.50
84.05067,4.005,-2.081,8.50
84.06112,3.299,-2.081,8.50
84.07368,3.299,-2.364,8.50
84.08420,2.679,-2.655,8.50
84.09476,2.679,-2.655,8.50
84.11990,2.125,-3.037,8.50
84.13015,1.595,-3.369,8.50
84.15275,1.084,-3.677,8.50
84.16292,0.574,-3.959,8.50
84.18535,0.067,-4.206,8.50
84.19606,0.067,-4.206,8.50
84.21674,-0.358,-4.427,8.50
84.22707,-0.543,-4.626,8.50
84.24839,-0.543,-4.798,8.50
84.25975,-0.660,-4.798,8.50
84.26992,-0.735,-4.996,8.50
84.28131,-0.680,-4.996,8.50
84.29151,-0.680,-5.155,8.50
84.30178,-0.552,-5.351,8.50
84.31320,-0.552,-5.351,8.50
84.32440,-0.409,-5.516,8.50
84.33467,-0.409,-5.516,8.50
84.34548,-0.237,-5.636,9.00
84.35628,-0.237,-5.636,9.00
84.36643,-0.074,-5.704,9.00
84.37681,-0.074,-5.704,9.00
84.38719,0.043,-5.704,9.00
84.39770,0.043,-5.704,9.00
84.40851,0.133,-5.659,9.00
84.41901,0.133,-5.659,9.00
84.42918,0.210,-5.526,9.00
84.45699,0.409,-5.088,9.00
84.46754,0.409,-5.088,9.00
84.48797,0.409,-5.088,9.00
84.49815,0.475,-4.807,9.00
84.52020,0.496,-4.489,9.00
84.53151,0.500,-4.183,9.00
84.55310,0.488,-3.869,9.00
84.56342,0.459,-3.538,9.00
84.57528,0.459,-3.538,9.00
84.58545,0.414,-3.176,9.00
84.59571,0.414,-3.176,9.00
84.60588,0.357,-2.869,9.00
84.61665,0.357,-2.869,9.50
84.62723,0.306,-2.586,9.50
84.64091,0.306,-2.586,9.50
84.65122,0.228,-2.283,9.50
84.66138,0.142,-1.950,9.50
84.67154,0.142,-1.950,9.50
84.69646,0.142,-1.950,9.50
84.70670,0.005,-1.245,9.50
84.72832,-0.031,-1.245,9.50
84.73850,-0.031,-0.399,9.50
84.76021,-0.066,-0.399,9.50
84.77040,-0.114,0.031,9.50
84.78057,-0.188,0.466,9.50
84.79384,-0.188,0.466,9.50
84.80400,-0.289,0.925,9.50
84.81424,-0.289,0.925,9.50
84.82557,-0.397,1.384,10.00
84.83622,-0.397,1.384,10.00
84.84640,-0.500,1.862,10.00
84.85732,-0.500,1.862,10.00
84.86750,-0.578,2.332,10.00
84.87817,-0.578,2.332,10.00
84.88920,-0.633,2.801,10.00
84.89948,-0.633,3.328,10.00
84.90964,-0.669,3.328,10.00
84.93575,-0.669,3.328,10.00
84.94594,-0.688,4.233,10.00
84.95633,-0.688,4.233,10.00
84.96661,-0.671,4.674,10.00
84.97700,-0.671,4.674,10.00
85.00072,-0.610,6.002,10.00
85.01087,-0.610,6.002,10.00
85.03222,-0.610,6.939,10.00
85.04258,-0.578,7.927,10.00
85.06529,-0.527,8.924,10.50
85.07611,-0.527,8.924,10.50
85.09638,-0.501,9.736,10.50
85.10657,-0.461,10.487,10.50
85.11685,-0.461,10.487,10.50
85.12825,-0.411,11.113,10.50
85.13842,-0.411,11.113,10.50
85.14857,-0.362,11.610,10.50
85.16015,-0.362,11.996,10.50
85.17042,-0.303,11.996,10.50
85.18058,-0.251,11.996,10.50
85.19224,-0.251,12.362,10.50
85.20259,-0.211,12.733,10.50
85.21275,-0.211,12.733,10.50
85.22507,-0.178,13.208,10.50
85.24048,-0.141,13.208,10.50
85.25064,-0.141,13.696,10.50
85.26083,-0.111,13.696,11.00
85.27099,-0.111,14.222,11.00
85.28115,-0.096,14.795,11.00
85.30436,-0.076,14.795,11.00
85.31683,-0.076,15.321,11.00
85.33597,-0.076,15.321,11.00
85.34616,-0.065,16.251,11.00
85.36794,-0.065,16.251,11.00
85.37812,-0.057,16.647,11.00
85.40037,-0.052,17.077,11.00
85.41071,-0.052,17.461,11.00
85.43232,-0.052,17.891,11.00
85.44247,-0.055,18.349,11.00
85.45262,-0.055,18.349,11.00
85.46665,-0.063,18.818,11.00
85.47798,-0.063,18.818,11.00
85.48814,-0.070,19.388,11.00
85.49894,-0.081,19.950,11.00
85.50944,-0.081,19.950,11.00
85.51974,-0.081,20.536,11.00
85.53019,-0.101,20.536,11.50
85.54008,-0.120,21.428,11.50
85.55024,-0.120,21.428,11.50
85.57871,-0.124,21.428,11.50
85.58890,-0.118,22.969,11.50
85.60961,-0.104,23.690,11.50
85.61976,-0.094,23.690,11.50
85.64005,-0.094,24.404,11.50
85.65023,-0.090,25.065,11.50
85.67238,-0.083,25.690,11.50
85.68265,-0.072,26.266,11.50
85.70395,-0.072,26.266,11.50
85.71442,-0.071,26.848,11.50
85.72460,-0.076,27.380,11.50
85.73735,-0.076,27.380,11.50
85.74924,-0.074,27.953,11.50
85.75941,-0.074,27.953,11.50
85.76995,-0.076,28.536,11.50
85.78056,-0.076,28.536,11.50
85.79092,-0.078,29.133,11.50
85.80167,-0.078,29.133,11.50
85.81192,-0.074,29.740,11.50
85.82203,-0.079,29.740,11.50
85.83381,-0.079,30.335,11.50
85.84437,-0.085,30.335,11.50
85.85491,-0.085,30.890,11.50
85.88255,-0.126,32.126,12.00
85.89279,-0.126,32.126,12.00
85.91329,-0.163,32.669,12.00
85.92356,-0.190,33.242,12.00
85.94556,-0.216,33.787,12.00
85.95620,-0.216,33.787,12.00
85.97762,-0.252,34.338,12.00
85.98790,-0.283,34.858,12.00
86.01263,-0.319,34.858,12.00
86.02284,-0.369,35.886,12.00
86.04144,-0.369,35.886,12.00
86.05167,-0.428,36.337,12.00
86.06192,-0.496,36.822,12.00
86.07362,-0.496,36.822,12.00
86.08433,-0.563,37.295,12.00
86.09456,-0.563,37.295,12.00
86.11036,-0.632,37.783,12.00
86.12066,-0.632,38.303,12.00
86.13080,-0.693,38.303,12.00
86.15269,-0.739,38.794,12.00
86.16298,-0.780,39.293,12.00
86.18440,-0.821,39.293,12.00
86.19466,-0.821,39.756,12.00
86.22241,-0.899,40.632,12.00
86.23260,-0.899,40.632,12.00
86.24773,-0.899,40.632,12.00
86.25795,-0.942,41.022,12.00
86.26811,-0.971,41.414,12.00
86.28130,-0.984,41.763,12.00
86.29149,-0.984,41.763,12.00
86.30167,-0.990,41.763,12.00
86.31214,-0.990,42.132,12.00
86.32234,-0.990,42.511,12.00
86.33267,-0.987,42.511,12.00
86.34771,-0.987,42.833,12.00
86.35898,-0.981,42.833,12.00
86.36935,-0.968,43.238,12.00
86.37954,-0.968,43.238,12.00
86.38969,-0.957,43.569,12.00
86.39985,-0.962,43.847,12.00
86.42485,-0.965,43.847,12.00
86.43689,-0.965,44.121,12.00
86.45933,-0.974,44.121,12.00
86.46951,-0.986,44.718,12.00
86.49172,-1.005,44.963,12.00
86.50208,-1.026,45.202,12.00
86.52303,-1.043,45.445,12.00
86.53359,-1.043,45.445,12.00
86.55206,-1.057,45.647,12.00
86.56224,-1.085,45.854,12.00
86.57243,-1.085,45.854,12.00
86.58522,-1.125,46.060,12.00
86.59615,-1.125,46.060,12.00
86.60623,-1.158,46.301,12.00
86.61880,-1.158,46.576,12.00
86.62939,-1.193,46.576,12.00
86.63954,-1.240,46.576,12.00
86.64972,-1.240,46.921,12.00
86.66019,-1.289,47.275,12.00
86.67036,-1.289,47.275,12.00
86.68068,-1.337,47.275,0.00
86.69112,-1.337,47.682,0.00
86.70145,-1.387,48.037,0.00
86.71165,-1.387,48.037,0.00
86.72233,-1.423,48.366,0.00
86.73255,-1.423,48.366,0.00
86.74270,-1.447,48.667,0.00
86.75286,-1.447,48.667,0.00
86.76328,-1.482,48.906,0.00
86.77391,-1.482,48.906,0.00
86.78429,-1.524,49.126,0.00
86.79635,-1.524,49.126,0.00
86.80652,-1.556,49.355,0.00
86.81746,-1.556,49.355,0.00
86.82761,-1.582,49.553,0.00
86.83796,-1.582,49.775,0.00
86.84823,-1.604,49.775,0.00
86.85917,-1.604,49.978,0.00
86.86951,-1.635,49.978,0.00
86.88038,-1.635,50.181,0.00
86.89054,-1.677,50.181,0.00
86.90130,-1.677,50.181,0.00
86.91146,-1.735,50.382,0.00
86.92161,-1.798,50.561,0.00
86.93188,-1.798,50.561,0.00
86.94204,-1.863,50.735,0.00
86.95220,-1.863,50.735,0.00
86.96236,-1.914,50.881,0.00
86.97252,-1.914,50.881,0.00
86.98267,-1.940,51.006,0.00
86.99345,-1.940,51.006,0.00
87.00361,-1.940,51.141,0.00
87.01378,-1.940,51.141,0.00
87.02397,-1.926,51.240,0.00
87.03435,-1.926,51.240,0.00
87.04450,-1.895,51.342,0.00
87.05470,-1.895,51.342,0.00
87.06486,-1.844,51.415,0.00
87.07522,-1.844,51.415,0.00
87.08536,-1.787,51.472,0.00
87.09568,-1.787,51.472,0.00
87.10592,-1.751,51.521,0.00
87.11726,-1.751,51.521,0.00
87.12742,-1.723,51.585,0.00
87.13969,-1.723,51.585,0.00
87.14994,-1.700,51.672,0.00
87.16011,-1.698,51.672,0.00
87.17030,-1.698,51.756,0.00
87.18046,-1.726,51.809,0.00
87.19060,-1.726,51.809,0.00
87.20076,-1.782,51.855,0.00
87.21092,-1.782,51.855,0.00
87.22138,-1.782,51.855,0.00
87.23152,-1.782,51.855,0.00
87.24167,-1.782,51.855,0.00
87.25281,-1.944,51.870,0.00
87.26298,-1.944,51.870,0.00
87.27319,-2.032,51.796,0.00
87.28335,-2.032,51.796,0.00
87.29356,-2.098,51.679,0.00
87.30387,-2.133,51.535,0.00
87.31399,-2.133,51.535,0.00
87.32409,-2.141,51.330,0.00
87.33425,-2.141,51.330,0.00
87.34442,-2.131,51.117,0.00
87.35465,-2.131,51.117,0.00
87.36496,-2.102,50.876,0.00
87.37610,-2.102,50.876,0.00
87.38625,-2.058,50.616,0.00
87.39639,-2.058,50.616,0.00
87.40655,-1.991,50.334,0.00
87.41670,-1.991,50.334,0.00
87.42685,-1.927,50.001,0.00
87.43700,-1.927,50.001,0.00
87.44716,-1.882,49.581,0.00
87.45878,-1.882,49.581,0.00
87.46899,-1.869,49.032,0.00
87.47915,-1.869,49.032,0.00
87.48932,-1.894,48.149,0.00
87.49948,-1.940,47.150,0.00
87.50964,-1.940,47.150,0.00
87.51988,-1.985,45.972,0.00
87.53004,-1.985,45.972,0.00
87.54052,-2.018,44.532,0.00
87.55115,-2.018,44.532,0.00
87.56155,-2.018,44.532,0.00
87.57204,-2.018,44.532,0.00
87.58250,-2.032,44.532,0.00
87.59266,-2.041,40.704,0.00
87.60296,-2.043,38.496,0.00
87.61334,-2.043,38.496,0.00
87.62356,-2.021,36.277,0.00
87.63376,-2.021,36.277,0.00
87.64394,-1.977,33.840,0.00
87.65415,-1.977,33.840,0.00
87.66430,-1.914,31.775,0.00
87.67456,-1.914,31.775,0.00
87.68803,-1.841,29.806,0.00
87.69918,-1.841,29.806,0.00
87.70956,-1.841,27.918,0.00
87.72011,-1.740,27.918,0.00
87.73047,-1.740,26.061,0.00
87.74086,-1.678,26.061,0.00
87.75126,-1.678,24.187,0.00
87.76260,-1.678,24.187,0.00
87.77355,-1.603,22.240,0.00
87.78413,-1.603,20.137,0.00
87.79432,-1.527,20.137,0.00
87.80565,-1.527,20.137,0.00
87.81653,-1.467,17.527,0.00
87.82744,-1.429,17.527,0.00
87.83885,-1.385,12.462,0.00
87.84939,-1.385,12.462,0.00
87.86038,-1.320,12.462,0.00
87.87080,-1.320,9.810,0.00
87.88093,-1.320,9.810,0.00
87.89186,-1.275,7.158,0.00
87.90836,-1.247,4.585,0.00
87.91862,-1.217,2.131,0.00
87.92930,-1.217,2.131,0.00
87.93993,-1.217,-0.218,0.00
87.95021,-1.198,-0.218,0.00
87.96085,-1.198,-2.685,0.00
87.97150,-1.184,-2.685,0.00
87.98333,-1.184,-2.685,0.00
87.99720,-1.184,-4.640,0.00
88.01129,-1.152,-6.313,0.00
88.02241,-1.152,-6.313,0.00
88.03856,-1.115,-7.645,0.00
88.04885,-1.115,-8.617,0.00
88.06577,-1.043,-8.617,0.00
88.07620,-1.043,-9.239,0.00
88.09249,-1.001,-9.410,0.00
88.10292,-0.938,-9.410,0.00
88.11706,-0.938,-9.129,0.00
88.12913,-0.854,-8.387,0.00
88.14286,-0.854,-7.467,0.00
88.15884,-0.698,-7.467,0.00
88.18020,-0.668,-5.535,0.00
88.19681,-0.668,-5.535,0.00
88.21896,-0.648,-4.659,0.00
88.24009,-0.563,-3.760,0.00
88.25599,-0.516,-2.877,0.00
88.27169,-0.488,-2.877,0.00
88.28186,-0.488,-2.877,0.00
88.29805,-0.451,-1.142,0.00
88.30971,-0.418,-1.142,0.00
88.32636,-0.413,0.224,0.00
88.34208,-0.434,0.224,0.00
88.35267,-0.434,0.224,0.00
88.36346,-0.468,0.506,0.00
88.38484,-0.510,0.129,0.00
88.39502,-0.510,0.129,0.00
88.41239,-0.545,0.129,0.00
88.42339,-0.545,-0.588,0.00
88.44490,-0.576,-0.588,0.00
88.45513,-0.576,-0.588,0.00
88.46803,-0.576,-1.410,0.00
88.48388,-0.600,-1.410,0.00
88.49431,-0.600,-1.775,0.00
88.51003,-0.600,-2.093,0.00
88.52235,-0.573,-2.093,0.00
88.53817,-0.573,-2.314,0.00
88.55394,-0.542,-2.314,0.00
88.56529,-0.509,-2.557,0.00
88.57802,-0.509,-2.639,0.00
88.59266,-0.487,-2.639,0.00
88.60298,-0.487,-2.639,0.00
88.61440,-0.477,-2.670,0.00
88.62545,-0.477,-2.713,0.00
88.64187,-0.465,-2.713,0.00
88.65610,-0.465,-2.742,0.00
88.67191,-0.463,-2.768,0.00
88.68228,-0.466,-2.768,0.00
88.74772,-0.466,-2.778,0.00
88.75789,-0.515,-2.778,0.00
88.76864,-0.525,-2.733,0.00
88.82535,-0.551,-2.733,0.00
88.83654,0.117,-0.758,0.00
88.84673,0.096,-0.688,0.00
88.85695,0.096,-0.688,0.00
88.86711,0.071,-0.641,0.00
88.87727,0.071,-0.641,0.00
88.88749,0.038,-0.614,0.00
88.89764,0.038,-0.599,0.00
88.90788,0.003,-0.599,0.00
88.91806,0.003,-0.591,0.00
88.92835,-0.039,-0.591,0.00
88.93918,-0.039,-0.591,0.00
88.94938,-0.078,-0.590,0.00
88.95954,-0.078,-0.590,0.00
88.96969,-0.127,-0.599,0.00
88.97986,-0.178,-0.620,0.00
88.99006,-0.178,-0.620,0.00
89.00022,-0.219,-0.646,0.00
89.01036,-0.219,-0.646,0.00
89.02052,-0.243,-0.660,0.00
89.03079,-0.243,-0.660,0.00
89.04110,-0.261,-0.673,0.00
89.05138,-0.261,-0.673,0.00
89.06154,-0.273,-0.681,0.00
89.07169,-0.273,-0.681,0.00
89.08184,-0.273,-0.683,0.00
89.09214,-0.273,-0.683,0.00
89.10230,-0.266,-0.673,0.00
89.11268,-0.266,-0.673,0.00
89.12284,-0.266,-0.656,0.00
89.13342,-0.253,-0.656,0.00
89.14357,-0.227,-0.636,0.00
89.15372,-0.227,-0.636,0.00
89.16452,-0.198,-0.613,0.00
89.17478,-0.198,-0.613,0.00
89.18504,-0.177,-0.596,0.00
89.19521,-0.177,-0.596,0.00
89.20571,-0.150,-0.582,0.00
89.21605,-0.150,-0.582,0.00
89.22635,-0.117,-0.569,0.00
89.23655,-0.117,-0.569,0.00
89.24679,-0.090,-0.553,0.00
89.25707,-0.090,-0.553,0.00
89.26722,-0.077,-0.533,0.00
89.27766,-0.077,-0.533,0.00
89.28771,-0.065,-0.515,0.00
89.29786,-0.065,-0.515,0.00
89.30802,-0.058,-0.499,0.00
89.31896,-0.058,-0.499,0.00
89.32910,-0.063,-0.476,0.00
89.33927,-0.063,-0.476,0.00
89.34943,-0.078,-0.445,0.00
89.35970,-0.078,-0.417,0.00
89.36986,-0.090,-0.417,0.00
89.38000,-0.090,-0.393,0.00
89.39031,-0.102,-0.393,0.00
89.40047,-0.102,-0.367,0.00
89.41062,-0.110,-0.367,0.00
89.42078,-0.110,-0.367,0.00
89.43094,-0.119,-0.338,0.00
89.44110,-0.120,-0.338,0.00
89.45125,-0.120,-0.319,0.00
89.46146,-0.115,-0.300,0.00
89.47162,-0.115,-0.300,0.00
89.48177,-0.103,-0.277,0.00
89.49193,-0.103,-0.277,0.00
89.50209,-0.085,-0.255,0.00
89.51224,-0.085,-0.255,0.00
89.52239,-0.071,-0.239,0.00
89.53259,-0.071,-0.239,0.00
89.54274,-0.067,-0.227,0.00
89.55290,-0.067,-0.227,0.00
89.56306,-0.061,-0.214,0.00
89.57375,-0.061,-0.214,0.00
89.58395,-0.058,-0.201,0.00
89.59501,-0.058,-0.201,0.00
89.60516,-0.067,-0.195,0.00
89.61545,-0.067,-0.195,0.00
89.62594,-0.076,-0.190,0.00
89.63620,-0.076,-0.190,0.00
89.64636,-0.089,-0.183,0.00
89.65661,-0.089,-0.183,0.00
89.66677,-0.107,-0.175,0.00
89.67709,-0.107,-0.175,0.00
89.68727,-0.129,-0.165,0.00
89.69763,-0.150,-0.165,0.00
89.70806,-0.150,-0.155,0.00
89.71840,-0.150,-0.155,0.00
89.72855,-0.166,-0.143,0.00
89.74043,-0.182,-0.135,0.00
89.75065,-0.182,-0.135,0.00
89.76093,-0.197,-0.135,0.00
89.77159,-0.197,-0.127,0.00
89.78173,-0.197,-0.115,0.00
89.79196,-0.204,-0.115,0.00
89.80212,-0.212,-0.105,0.00
89.81227,-0.212,-0.105,0.00
89.82243,-0.212,-0.099,0.00
89.83259,-0.212,-0.099,0.00
89.84274,-0.219,-0.096,0.00
89.85311,-0.219,-0.096,0.00
89.86327,-0.235,-0.087,0.00
89.87349,-0.235,-0.087,0.00
89.88369,-0.257,-0.064,0.00
89.89381,-0.257,-0.064,0.00
89.90444,-0.282,-0.036,0.00
89.91772,-0.282,-0.036,0.00
89.92810,-0.308,-0.023,0.00
89.93833,-0.308,-0.023,0.00
89.94889,-0.329,-0.014,0.00
89.95930,-0.329,-0.010,0.00
89.96968,-0.349,-0.010,0.00
89.98053,-0.349,-0.011,0.00
89.99069,-0.366,-0.011,0.00
90.00085,-0.373,-0.011,0.00
90.01115,-0.373,-0.024,0.00
90.02207,-0.372,-0.024,0.00
90.03239,-0.372,-0.037,0.00
90.04270,-0.359,-0.037,0.00
90.05354,-0.359,-0.048,0.00
90.06405,-0.330,-0.048,0.00
90.07426,-0.330,-0.058,0.00
90.08512,-0.284,-0.058,0.00
90.09685,-0.284,-0.065,0.00
90.10705,-0.246,-0.069,0.00
90.11784,-0.246,-0.069,0.00
90.12810,-0.220,-0.071,0.00
90.13826,-0.220,-0.071,0.00
90.14842,-0.167,-0.067,0.00
90.15858,-0.167,-0.067,0.00
90.16874,-0.112,-0.062,0.00
90.17889,-0.112,-0.062,0.00
90.18908,-0.054,-0.061,0.00
90.19921,-0.054,-0.061,0.00
90.20937,0.002,-0.062,0.00
90.21952,0.058,-0.062,0.00
90.22966,0.058,-0.065,0.00
90.23999,0.119,-0.065,0.00
90.25014,0.119,-0.065,0.00
90.26028,0.206,-0.065,0.00
90.27047,0.206,-0.063,0.00
90.28062,0.206,-0.063,0.00
90.29082,0.328,-0.057,0.00
90.30101,0.328,-0.057,0.00
90.31117,0.527,-0.050,0.00
90.32133,0.527,-0.041,0.00
90.33148,0.787,-0.041,0.00
90.34164,0.787,-0.031,0.00
90.35194,1.061,-0.031,0.00
90.36210,1.372,-0.021,0.00
90.37225,1.372,-0.021,0.00
90.38241,1.746,-0.018,0.00
90.39318,1.746,-0.018,0.00
90.40353,2.105,-0.020,0.00
90.41390,2.105,-0.020,0.00
90.42444,2.494,-0.025,0.00
90.43468,2.494,-0.025,0.00
90.44489,2.933,-0.033,0.00
90.45515,2.933,-0.033,0.00
90.46570,3.441,-0.039,0.00
90.47615,3.441,-0.039,0.00
90.48662,4.022,-0.044,0.00
90.49678,4.660,-0.044,0.00
90.50714,4.660,-0.053,0.00
90.51750,5.301,-0.053,0.00
90.52794,5.301,-0.066,0.00
90.53812,5.963,-0.066,0.00
90.54868,5.963,-0.068,0.00
90.55892,5.963,-0.068,0.00
90.56909,6.664,-0.063,0.00
90.57957,6.664,-0.063,0.00
90.58974,7.391,-0.056,0.00
90.59991,8.118,-0.049,0.00
90.61007,8.118,-0.049,0.00
90.62023,8.828,-0.037,0.00
90.63038,8.828,-0.037,0.00
90.64062,9.525,-0.029,0.00
90.65093,9.525,-0.029,0.00
90.66109,9.525,-0.020,0.00
90.67974,10.216,-0.020,0.00
90.68993,10.909,-0.008,0.00
90.71314,11.612,0.004,8.00
90.72399,12.299,0.006,8.00
90.74375,12.299,0.006,8.00
90.75396,12.990,-0.002,8.00
90.76434,13.713,-0.007,8.00
90.77861,13.713,-0.007,8.00
90.78906,14.416,-0.006,8.00
90.79922,14.416,-0.006,8.00
90.80944,15.075,-0.004,8.00
90.81994,15.075,-0.018,8.00
90.83013,15.674,-0.018,8.00
90.84236,16.160,-0.037,8.00
90.85269,16.160,-0.037,8.00
90.86283,16.525,-0.051,8.00
90.88856,16.765,-0.056,8.00
90.89867,16.765,-0.056,8.00
90.92158,16.887,-0.057,8.00
90.93176,16.897,-0.059,8.00
90.95286,16.781,-0.059,8.00
90.96303,16.576,-0.047,8.00
90.98444,16.337,-0.031,8.00
90.99537,16.337,-0.031,8.00
91.01563,16.035,-0.019,8.00
91.02582,15.613,-0.012,8.00
91.03615,15.613,-0.012,8.00
91.04883,15.057,0.003,8.00
91.06009,14.428,0.003,8.00
91.07026,14.428,-0.023,8.00
91.08176,13.739,-0.023,8.00
91.09187,13.739,0.021,8.00
91.10202,12.969,-0.017,8.00
91.11535,12.969,-0.017,8.00
91.12554,12.131,0.011,8.00
91.13611,12.131,0.011,8.00
91.16034,10.379,0.033,8.50
91.17053,10.379,0.009,8.50
91.19846,9.506,-0.102,8.50
91.22389,8.641,-0.419,8.50
91.23416,7.790,-0.737,8.50
91.25762,6.963,-1.336,8.50
91.26804,6.186,-1.336,8.50
91.28894,5.451,-1.592,8.50
91.29912,4.755,-1.817,8.50
91.30981,4.755,-1.817,8.50
91.32098,4.030,-1.998,8.50
91.33116,4.030,-1.998,8.50
91.34132,4.030,-1.998,8.50
91.35226,3.265,-2.121,8.50
91.36289,2.556,-2.204,8.50
91.37310,2.556,-2.204,8.50
91.38638,1.999,-2.257,8.50
91.39729,1.999,-2.257,8.50
91.40745,1.551,-2.256,8.50
91.41990,1.551,-2.267,8.50
91.43007,1.081,-2.267,8.50
91.44035,0.601,-2.249,8.50
91.45055,0.601,-2.249,8.50
91.46071,0.219,-2.247,8.50
91.47088,0.219,-2.247,8.50
91.49635,0.219,-2.247,9.00
91.50652,-0.235,-2.121,9.00
91.52871,-0.235,-1.980,9.00
91.53890,-0.307,-1.980,9.00
91.56274,-0.351,-1.599,9.00
91.57297,-0.352,-1.599,9.00
91.59236,-0.352,-1.369,9.00
91.60272,-0.184,-1.107,9.00
91.62415,-0.184,-1.107,9.00
91.63437,-0.105,-0.835,9.00
91.64454,-0.070,-0.544,9.00
91.65782,-0.070,-0.544,9.00
91.66797,-0.072,-0.266,9.00
91.67905,-0.072,-0.266,9.00
91.68923,-0.097,0.067,9.00
91.69942,-0.098,0.368,9.00
91.70981,-0.098,0.368,9.00
91.73646,-0.097,0.677,9.50
91.74762,-0.148,0.987,9.50
91.77334,-0.216,0.987,9.50
91.78418,-0.216,1.269,9.50
91.80178,-0.338,1.825,9.50
91.81197,-0.338,1.825,9.50
91.83167,-0.393,2.111,9.50
91.84199,-0.440,2.519,9.50
91.85215,-0.440,2.519,9.50
91.86480,-0.492,2.959,9.50
91.87614,-0.492,2.959,9.50
91.88631,-0.557,3.479,9.50
91.89716,-0.557,3.479,9.50
91.90732,-0.623,4.049,9.50
91.91777,-0.623,4.049,9.50
91.93040,-0.623,4.644,9.50
91.94069,-0.701,5.240,9.50
91.95085,-0.779,5.240,9.50
91.96120,-0.868,5.820,10.00
91.97136,-0.868,5.820,10.00
91.98184,-0.945,6.397,10.00
91.99350,-0.945,6.397,10.00
92.00368,-0.973,7.004,10.00
92.01451,-0.973,7.004,10.00
92.04081,-0.973,7.506,10.00
92.05099,-0.938,8.018,10.00
92.07321,-0.938,8.018,10.00
92.08334,-0.864,9.385,10.00
92.10668,-0.821,9.385,10.00
92.11707,-0.821,10.156,10.00
92.13754,-0.821,10.156,10.00
92.14770,-0.734,11.671,10.00
92.16798,-0.734,11.671,10.00
92.17815,-0.720,12.416,10.00
92.18862,-0.728,13.010,10.00
92.20054,-0.748,13.491,10.50
92.21088,-0.748,13.491,10.50
92.22104,-0.751,13.911,10.50
92.23284,-0.751,13.911,10.50
92.24318,-0.748,14.277,10.50
92.25350,-0.748,14.277,10.50
92.26552,-0.738,14.623,10.50
92.27814,-0.738,14.623,10.50
92.28830,-0.734,14.967,10.50
92.29937,-0.734,14.967,10.50
92.30957,-0.754,15.325,10.50
92.31973,-0.776,15.788,10.50
92.34498,-0.785,16.215,10.50
92.35563,-0.785,16.215,10.50
92.37829,-0.785,16.662,10.50
92.38845,-0.823,17.119,10.50
92.40797,-0.823,17.119,11.00
92.41794,-0.823,17.119,11.00
92.44054,-0.879,18.123,11.00
92.45073,-0.879,18.123,11.00
92.46100,-0.880,18.123,11.00
92.47234,-0.880,18.685,11.00
92.48256,-0.880,19.267,11.00
92.49291,-0.877,19.267,11.00
92.50481,-0.873,19.923,11.00
92.51568,-0.873,19.923,11.00
92.52587,-0.875,20.499,11.00
92.53991,-0.875,20.499,11.00
92.55009,-0.878,21.074,11.00
92.56026,-0.876,21.581,11.00
92.57042,-0.876,21.581,11.00
92.58056,-0.879,22.113,11.00
92.59071,-0.879,22.113,11.00
92.61596,-0.861,22.113,11.00
92.62673,-0.860,23.232,11.00
92.64851,-0.858,23.735,11.00
92.65879,-0.858,23.735,11.00
92.68065,-0.853,24.284,11.50
92.69099,-0.866,24.804,11.50
92.71242,-0.870,24.804,11.50
92.72292,-0.880,25.313,11.50
92.74472,-0.880,25.823,11.50
92.75495,-0.879,26.346,11.50
92.76518,-0.891,26.831,11.50
92.77813,-0.891,26.831,11.50
92.78833,-0.910,27.367,11.50
92.79848,-0.910,27.872,11.50
92.80877,-0.929,27.872,11.50
92.81900,-0.929,27.872,11.50
92.82917,-0.951,28.434,11.50
92.84043,-0.972,28.915,11.50
92.85059,-0.972,28.915,11.50
92.86077,-0.972,28.915,11.50
92.88164,-0.988,29.760,11.50
92.89216,-0.988,29.760,11.50
92.92376,-0.988,30.670,11.50
92.93484,-0.988,30.670,11.50
92.95222,-0.988,31.156,11.50
92.96271,-0.984,31.653,11.50
92.98567,-0.987,32.244,11.50
92.99664,-0.987,32.244,11.50
93.01732,-0.993,32.737,12.00
93.02752,-1.019,33.230,12.00
93.04762,-1.019,33.230,12.00
93.05790,-1.023,33.684,12.00
93.06806,-1.027,34.108,12.00
93.08091,-1.022,34.524,12.00
93.09108,-1.022,34.524,12.00
93.10124,-1.013,34.524,12.00
93.11301,-1.013,34.886,12.00
93.12319,-1.015,35.243,12.00
93.13334,-1.015,35.243,12.00
93.14654,-1.019,35.684,12.00
93.15739,-1.019,35.684,12.00
93.16758,-1.019,36.097,12.00
93.19213,-1.019,36.097,12.00
93.20239,-1.023,36.930,12.00
93.22410,-1.044,36.930,12.00
93.23434,-1.044,37.373,12.00
93.26031,-1.089,38.238,12.00
93.27048,-1.089,38.238,12.00
93.28901,-1.109,38.681,12.00
93.29918,-1.102,38.681,12.00
93.32028,-1.102,39.568,12.00
93.33064,-1.111,39.568,12.00
93.34102,-1.111,39.931,12.00
93.35309,-1.113,39.931,12.00
93.36327,-1.109,40.310,12.00
93.37343,-1.109,40.310,12.00
93.38359,-1.109,40.310,12.00
93.39377,-1.120,40.728,12.00
93.40395,-1.143,41.113,12.00
93.41600,-1.143,41.113,12.00
93.42620,-1.161,41.518,12.00
93.43637,-1.161,41.518,12.00
93.44901,-1.161,41.919,12.00
93.45919,-1.161,41.919,12.00
93.46935,-1.156,42.316,12.00
93.49688,-1.156,42.756,12.00
93.50714,-1.171,43.105,12.00
93.52892,-1.181,43.461,12.00
93.53908,-1.215,43.461,12.00
93.56018,-1.215,44.154,12.00
93.57036,-1.223,44.154,12.00
93.59206,-1.223,44.154,12.00
93.60227,-1.183,44.689,12.00
93.62774,-1.148,45.001,12.00
93.63790,-1.148,45.001,12.00
93.65664,-1.115,45.389,12.00
93.66682,-1.097,45.724,12.00
93.67875,-1.097,45.724,12.00
93.68908,-1.081,46.054,12.00
93.69923,-1.053,46.404,12.00
93.70951,-1.053,46.404,12.00
93.71970,-1.053,46.404,12.00
93.72988,-1.023,46.720,12.00
93.74004,-1.023,46.720,12.00
93.75246,-0.992,46.991,12.00
93.76275,-0.992,47.296,12.00
93.77319,-0.947,47.296,12.00
93.78483,-0.903,47.565,12.00
93.79523,-0.903,47.565,12.00
93.80584,-0.871,47.811,12.00
93.81637,-0.871,47.811,0.00
93.82680,-0.840,48.034,0.00
93.83712,-0.840,48.034,0.00
93.84729,-0.816,48.248,0.00
93.85760,-0.816,48.248,0.00
93.86805,-0.803,48.449,0.00
93.87824,-0.803,48.449,0.00
93.88870,-0.785,48.635,0.00
93.89893,-0.785,48.635,0.00
93.90940,-0.758,48.825,0.00
93.91956,-0.758,48.825,0.00
93.92972,-0.748,49.003,0.00
93.94173,-0.746,49.178,0.00
93.95257,-0.746,49.178,0.00
93.96330,-0.740,49.398,0.00
93.97352,-0.740,49.398,0.00
93.98369,-0.734,49.583,0.00
93.99396,-0.734,49.583,0.00
94.00431,-0.737,49.794,0.00
94.01480,-0.737,49.794,0.00
94.02521,-0.752,50.040,0.00
94.03545,-0.752,50.040,0.00
94.04601,-0.778,50.303,0.00
94.05620,-0.778,50.303,0.00
94.06667,-0.809,50.548,0.00
94.07712,-0.809,50.548,0.00
94.08729,-0.838,50.751,0.00
94.09745,-0.838,50.977,0.00
94.10776,-0.883,50.977,0.00
94.11814,-0.883,51.173,0.00
94.12859,-0.926,51.173,0.00
94.13890,-0.926,51.309,0.00
94.14905,-0.953,51.309,0.00
94.15921,-0.953,51.309,0.00
94.16937,-0.971,51.464,0.00
94.17953,-0.971,51.464,0.00
94.18969,-0.971,51.612,0.00
94.19994,-0.965,51.612,0.00
94.21011,-0.965,51.760,0.00
94.22027,-0.964,51.760,0.00
94.23043,-0.964,51.898,0.00
94.24059,-0.972,52.026,0.00
94.25075,-0.972,52.026,0.00
94.26091,-0.973,52.133,0.00
94.27105,-0.973,52.133,0.00
94.28126,-0.967,52.247,0.00
94.29194,-0.967,52.247,0.00
94.30210,-0.970,52.354,0.00
94.31226,-0.970,52.354,0.00
94.32242,-0.964,52.461,0.00
94.33261,-0.964,52.461,0.00
94.34277,-0.965,52.461,0.00
94.35292,-0.965,52.563,0.00
94.36307,-0.946,52.651,0.00
94.37324,-0.946,52.651,0.00
94.38361,-1.014,52.711,0.00
94.39380,-1.014,52.711,0.00
94.40397,-1.142,52.707,0.00
94.41461,-1.142,52.707,0.00
94.42478,-1.280,52.620,0.00
94.43496,-1.280,52.620,0.00
94.44511,-1.405,52.479,0.00
94.45527,-1.405,52.479,0.00
94.46543,-1.487,52.329,0.00
94.47565,-1.487,52.329,0.00
94.48597,-1.524,52.134,0.00
94.49665,-1.524,52.134,0.00
94.50697,-1.529,51.911,0.00
94.51735,-1.529,51.911,0.00
94.52824,-1.503,51.679,0.00
94.53920,-1.461,51.460,0.00
94.55019,-1.461,51.460,0.00
94.56034,-1.415,51.239,0.00
94.57064,-1.415,51.239,0.00
94.58093,-1.361,50.993,0.00
94.59122,-1.361,50.993,0.00
94.60156,-1.314,50.681,0.00
94.61210,-1.314,50.681,0.00
94.62226,-1.280,50.335,0.00
94.63241,-1.280,50.335,0.00
94.64256,-1.280,49.884,0.00
94.65272,-1.261,49.884,0.00
94.66341,-1.249,49.318,0.00
94.67357,-1.249,49.318,0.00
94.68373,-1.225,48.604,0.00
94.69388,-1.225,48.604,0.00
94.70404,-1.195,47.709,0.00
94.71463,-1.195,47.709,0.00
94.72479,-1.165,46.637,0.00
94.73494,-1.165,46.637,0.00
94.74509,-1.120,45.386,0.00
94.75525,-1.120,45.386,0.00
94.76556,-1.072,43.765,0.00
94.77597,-1.072,43.765,0.00
94.78633,-1.031,42.091,0.00
94.79665,-0.993,42.091,0.00
94.80697,-0.993,40.162,0.00
94.82420,-0.926,38.084,0.00
94.83664,-0.926,38.084,0.00
94.84678,-0.840,36.014,0.00
94.86229,-0.840,36.014,0.00
94.87893,-0.743,34.032,0.00
94.89589,-0.646,32.127,0.00
94.91082,-0.646,30.192,0.00
94.92634,-0.556,30.192,0.00
94.94900,-0.442,25.495,0.00
94.96905,-0.354,23.075,0.00
94.98483,-0.354,23.075,0.00
94.99689,-0.268,20.632,0.00
95.00744,-0.203,18.134,0.00
95.02357,-0.151,18.134,0.00
95.03575,-0.151,18.134,0.00
95.05218,-0.102,12.747,0.00
95.06374,-0.063,12.747,0.00
95.07418,-0.063,12.747,0.00
95.08576,-0.063,6.920,0.00
95.10124,-0.038,6.920,0.00
95.11366,-0.038,6.920,0.00
95.12495,-0.038,6.920,0.00
95.15291,-0.016,6.920,0.00
95.16556,-0.016,4.347,0.00
95.18712,-0.009,-0.327,0.00
95.19890,-0.023,-2.342,0.00
95.21442,-0.023,-2.342,0.00
95.23217,-0.045,-5.467,0.00
95.24796,-0.045,-5.467,0.00
95.25986,-0.056,-6.489,0.00
95.27003,-0.056,-6.489,0.00
95.28584,-0.058,-6.983,0.00
95.30144,-0.058,-6.983,0.00
95.31825,-0.030,-4.899,0.00
95.33536,-0.048,-3.843,0.00
95.35319,-0.075,-3.843,0.00
95.36488,-0.125,-1.811,0.00
95.38498,-0.125,-1.811,0.00
95.39568,-0.187,-1.811,0.00
95.41087,-0.187,-0.158,0.00
95.42494,-0.262,0.550,0.00
95.43772,-0.262,0.550,0.00
95.44987,-0.262,1.226,0.00
95.46533,-0.273,1.226,0.00
95.48034,-0.275,1.868,0.00
95.49174,-0.279,2.435,0.00
95.50900,-0.286,2.953,0.00
95.52036,-0.286,3.333,0.00
95.53054,-0.286,3.333,0.00
95.54072,-0.286,3.236,0.00
95.55769,-0.269,3.236,0.00
95.58023,-0.240,2.887,0.00
95.59711,-0.206,2.499,0.00
95.61566,-0.165,2.020,0.00
95.62724,-0.165,2.020,0.00
95.64898,-0.120,1.554,0.00
95.66570,-0.075,1.098,0.00
95.68126,-0.031,0.674,0.00
95.69815,0.021,0.287,0.00
95.71012,0.072,0.013,0.00
95.72568,0.121,-0.178,0.00
95.74311,0.121,-0.178,0.00
95.75964,0.159,-0.289,0.00
95.77079,0.188,-0.361,0.00
95.78120,0.188,-0.361,0.00
95.79713,0.209,-0.403,0.00
95.81473,0.229,-0.431,0.00
95.87346,0.273,-0.454,0.00
95.88363,0.282,-0.457,0.00
95.94143,0.307,-0.439,0.00
95.95417,0.318,-0.420,0.00
95.96498,0.318,-2.827,0.00
95.97557,0.409,-2.827,0.00
95.98575,0.418,-2.789,0.00
95.99598,0.418,-2.789,0.00
96.00645,0.429,-2.758,0.00
96.01663,0.429,-2.758,0.00
96.02816,0.444,-2.733,0.00
96.03831,0.449,-2.733,0.00
96.04850,0.449,-2.709,0.00
96.05867,0.449,-2.709,0.00
96.06882,0.440,-2.689,0.00
96.07899,0.440,-2.678,0.00
96.08915,0.439,-2.678,0.00
96.09931,0.444,-2.676,0.00
96.10947,0.444,-2.676,0.00
96.11963,0.436,-2.676,0.00
96.12978,0.436,-2.674,0.00
96.13996,0.436,-2.674,0.00
96.15013,0.431,-2.673,0.00
96.16029,0.431,-2.671,0.00
96.17045,0.434,-2.671,0.00
96.18061,0.434,-2.678,0.00
96.19077,0.428,-2.678,0.00
96.20093,0.424,-2.683,0.00
96.21110,0.424,-2.683,0.00
96.22126,0.428,-2.692,0.00
96.23166,0.428,-2.692,0.00
96.24213,0.435,-2.691,0.00
96.25259,0.435,-2.691,0.00
96.26288,0.443,-2.693,0.00
96.27694,0.455,-2.693,0.00
96.28710,0.455,-2.684,0.00
96.29726,0.477,-2.684,0.00
96.30744,0.477,-2.672,0.00
96.31793,0.483,-2.672,0.00
96.32812,0.483,-2.658,0.00
96.33872,0.483,-2.658,0.00
96.34888,0.491,-2.640,0.00
96.36052,0.491,-2.619,0.00
96.37075,0.506,-2.619,0.00
96.38091,0.517,-2.602,0.00
96.39107,0.517,-2.602,0.00
96.40123,0.518,-2.591,0.00
96.41138,0.518,-2.591,0.00
96.42164,0.521,-2.584,0.00
96.43195,0.521,-2.584,0.00
96.44211,0.534,-2.579,0.00
96.45227,0.534,-2.579,0.00
96.46243,0.535,-2.573,0.00
96.47258,0.535,-2.573,0.00
96.48274,0.540,-2.571,0.00
96.49289,0.540,-2.571,0.00
96.50305,0.550,-2.571,0.00
96.51321,0.550,-2.571,0.00
96.52337,0.562,-2.571,0.00
96.53353,0.562,-2.571,0.00
96.54388,0.556,-2.568,0.00
96.55402,0.556,-2.568,0.00
96.56418,0.547,-2.557,0.00
96.57434,0.547,-2.557,0.00
96.58449,0.548,-2.546,0.00
96.59464,0.548,-2.546,0.00
96.60480,0.548,-2.538,0.00
96.61527,0.548,-2.538,0.00
96.62543,0.544,-2.531,0.00
96.63559,0.544,-2.531,0.00
96.64575,0.539,-2.523,0.00
96.65595,0.539,-2.523,0.00
96.66621,0.532,-2.513,0.00
96.67652,0.532,-2.513,0.00
96.68668,0.521,-2.503,0.00
96.69795,0.521,-2.496,0.00
96.70827,0.507,-2.496,0.00
96.71859,0.507,-2.497,0.00
96.72893,0.492,-2.497,0.00
96.73927,0.492,-2.498,0.00
96.74964,0.473,-2.498,0.00
96.76036,0.473,-2.495,0.00
96.77075,0.456,-2.495,0.00
96.78110,0.426,-2.493,0.00
96.79142,0.426,-2.493,0.00
96.80157,0.392,-2.493,0.00
96.81173,0.392,-2.491,0.00
96.82189,0.362,-2.491,0.00
96.83205,0.362,-2.489,0.00
96.84221,0.332,-2.490,0.00
96.85236,0.332,-2.490,0.00
96.86259,0.305,-2.490,0.00
96.87274,0.305,-2.490,0.00
96.88291,0.280,-2.488,0.00
96.89335,0.280,-2.488,0.00
96.90395,0.254,-2.487,0.00
96.91423,0.254,-2.487,0.00
96.92465,0.234,-2.485,0.00
96.93556,0.234,-2.485,0.00
96.94572,0.220,-2.479,0.00
96.95650,0.220,-2.479,0.00
96.96666,0.211,-2.474,0.00
96.97682,0.211,-2.474,0.00
96.98697,0.204,-2.474,0.00
96.99713,0.204,-2.478,0.00
97.00743,0.205,-2.478,0.00
97.01794,0.205,-2.478,0.00
97.02813,0.208,-2.481,0.00
97.03827,0.208,-2.481,0.00
97.04843,0.212,-2.480,0.00
97.05859,0.212,-2.480,0.00
97.06874,0.217,-2.484,0.00
97.07939,0.222,-2.490,0.00
97.08961,0.222,-2.490,0.00
97.09987,0.222,-2.490,0.00
97.10994,0.225,-2.491,0.00
97.12011,0.222,-2.494,0.00
97.13027,0.222,-2.494,0.00
97.14043,0.222,-2.494,0.00
97.15059,0.212,-2.498,0.00
97.16078,0.200,-2.500,0.00
97.17094,0.200,-2.500,0.00
97.18110,0.174,-2.502,0.00
97.19132,0.174,-2.502,0.00
97.20149,0.145,-2.504,0.00
97.21173,0.145,-2.504,0.00
97.22189,0.108,-2.506,0.00
97.23204,0.108,-2.506,0.00
97.24220,0.066,-2.511,0.00
97.25236,0.066,-2.511,0.00
97.26255,0.020,-2.517,0.00
97.27307,0.020,-2.517,0.00
97.28360,-0.004,-2.521,0.00
97.29387,-0.004,-2.521,0.00
97.30429,-0.008,-2.528,0.00
97.31503,-0.008,-2.528,0.00
97.32539,-0.008,-2.535,0.00
97.33724,-0.003,-2.535,0.00
97.34740,-0.003,-2.546,0.00
97.35837,-0.003,-2.546,0.00
97.36866,-0.001,-2.553,0.00
97.37882,-0.001,-2.557,0.00
97.38896,-0.005,-2.557,0.00
97.39920,-0.004,-2.556,0.00
97.40960,-0.004,-2.556,0.00
97.41986,-0.004,-2.554,0.00
97.42991,-0.017,-2.554,0.00
97.44064,-0.017,-2.553,0.00
97.45079,-0.041,-2.553,0.00
97.46095,-0.041,-2.553,0.00
97.47109,-0.063,-2.552,0.00
97.48126,-0.081,-2.552,0.00
97.49141,-0.081,-2.553,0.00
97.50158,-0.098,-2.551,0.00
97.51174,-0.098,-2.551,0.00
97.52190,-0.112,-2.550,0.00
97.53205,-0.112,-2.550,0.00
97.54222,-0.112,-2.553,0.00
97.55238,-0.127,-2.553,0.00
97.56254,-0.133,-2.584,0.00
97.57277,-0.133,-2.584,0.00
97.58295,-0.133,-2.652,0.00
97.59344,-0.123,-2.652,0.00
97.60470,-0.111,-2.727,0.00
97.61501,-0.111,-2.727,0.00
97.62506,-0.080,-2.782,0.00
97.63531,-0.080,-2.782,0.00
97.64561,-0.026,-2.824,0.00
97.65608,-0.026,-2.824,0.00
97.66624,0.028,-2.872,0.00
97.67639,0.028,-2.872,0.00
97.68656,0.090,-2.915,0.00
97.69677,0.090,-2.915,0.00
97.70703,0.202,-2.947,0.00
97.71720,0.202,-2.947,0.00
97.72736,0.345,-2.967,0.00
97.73752,0.345,-2.979,0.00
97.74768,0.464,-2.979,0.00
97.75803,0.464,-2.986,0.00
97.76819,0.605,-2.986,0.00
97.77838,0.605,-2.986,0.00
97.78857,0.784,-2.988,0.00
97.79872,0.976,-2.988,0.00
97.80888,0.976,-2.987,0.00
97.81903,0.976,-2.987,0.00
97.82919,1.198,-2.980,0.00
97.83936,1.520,-2.980,0.00
97.84952,1.520,-2.970,0.00
97.85968,1.951,-2.956,0.00
97.86992,1.951,-2.956,0.00
97.88022,2.434,-2.941,0.00
97.89059,2.434,-2.941,0.00
97.90077,2.958,-2.941,0.00
97.91093,2.958,-2.929,0.00
97.92112,3.530,-2.929,0.00
97.93130,3.530,-2.923,0.00
97.94144,3.530,-2.923,0.00
97.95161,4.148,-2.923,0.00
97.96188,4.148,-2.923,0.00
97.97204,4.827,-2.930,0.00
97.98268,5.560,-2.941,0.00
97.99284,5.560,-2.941,0.00
98.00300,6.314,-2.949,0.00
98.01326,6.314,-2.949,0.00
98.02414,7.092,-2.955,0.00
98.03438,7.092,-2.955,0.00
98.04468,7.882,-2.960,0.00
98.05499,7.882,-2.960,0.00
98.06515,8.663,-2.964,0.00
98.07545,8.663,-2.964,0.00
98.08561,9.444,-2.967,0.00
98.09589,9.444,-2.967,0.00
98.10809,10.210,-2.969,0.00
98.12276,10.210,-2.969,0.00
98.13305,10.950,-2.972,0.00
98.15197,10.950,-2.977,8.00
98.16242,11.663,-2.977,8.00
98.17258,12.357,-2.987,8.00
98.18435,13.006,-2.992,8.00
98.19476,13.006,-2.992,8.00
98.20598,13.607,-2.995,8.00
98.21691,13.607,-2.995,8.00
98.22721,14.160,-2.994,8.00
98.23745,14.160,-2.994,8.00
98.24763,14.626,-2.999,8.00
98.25871,14.948,-2.999,8.00
98.26888,14.948,-3.001,8.00
98.28004,14.948,-3.005,8.00
98.29060,15.110,-3.005,8.00
98.30110,15.110,-3.014,8.00
98.32858,14.944,-3.037,8.00
98.33875,14.683,-3.059,8.00
98.36114,14.341,-3.080,8.00
98.37148,14.341,-3.080,8.00
98.39151,13.940,-3.080,8.00
98.40168,13.940,-3.115,8.00
98.41196,13.450,-3.115,8.00
98.42408,13.450,-3.127,8.00
98.43431,12.862,-3.127,8.00
98.44463,12.187,-3.140,8.00
98.45643,12.187,-3.140,8.00
98.46661,11.460,-3.162,8.00
98.47677,10.696,-3.162,8.00
98.48962,10.696,-3.208,8.00
98.49990,9.890,-3.208,8.00
98.51022,9.890,-3.253,8.00
98.53555,9.890,-3.315,8.00
98.54573,8.042,-3.340,8.00
98.56812,8.042,-3.353,8.00
98.57847,7.067,-3.323,8.00
98.60182,6.150,-3.278,8.50
98.61218,5.263,-3.278,8.50
98.63259,4.375,-3.225,8.50
98.64275,3.518,-3.248,8.50
98.65377,3.518,-3.248,8.50
98.66434,2.752,-3.248,8.50
98.67879,2.752,-3.519,8.50
98.69602,2.071,-3.519,8.50
98.70629,1.419,-3.745,8.50
98.71662,1.419,-3.745,8.50
98.72809,0.747,-3.974,8.50
98.73847,0.747,-4.178,8.50
98.74879,0.104,-4.178,8.50
98.76109,-0.522,-4.355,8.50
98.77143,-0.522,-4.355,8.50
98.78158,-1.005,-4.491,8.50
98.80775,-1.005,-4.491,8.50
98.81795,-1.217,-4.659,8.50
98.84018,-1.483,-4.795,8.50
98.85036,-1.483,-4.939,8.50
98.87253,-1.483,-5.023,8.50
98.88360,-1.170,-5.119,8.50
98.90368,-1.170,-5.119,8.50
98.91396,-0.964,-5.199,8.50
98.92414,-0.687,-5.285,8.50
98.93724,-0.687,-5.285,9.00
98.94744,-0.481,-5.378,9.00
98.95759,-0.481,-5.378,9.00
98.96873,-0.403,-5.378,9.00
98.97925,-0.325,-5.453,9.00
98.98939,-0.325,-5.484,9.00
99.00051,-0.243,-5.484,9.00
99.01067,-0.243,-5.490,9.00
99.02084,-0.243,-5.490,9.00
99.03164,-0.145,-5.457,9.00
99.04196,-0.145,-5.457,9.00
99.05212,-0.012,-5.382,9.00
99.08281,0.141,-5.253,9.00
99.09297,0.141,-5.253,9.00
99.11149,0.130,-5.253,9.00
99.12167,0.093,-5.137,9.00
99.14409,0.093,-5.050,9.00
99.15510,0.040,-5.050,9.00
99.17623,-0.036,-4.957,9.50
99.18640,-0.124,-4.855,9.50
99.19685,-0.219,-4.855,9.50
99.20887,-0.219,-4.723,9.50
99.21940,-0.219,-4.723,9.50
99.22956,-0.324,-4.568,9.50
99.24286,-0.324,-4.568,9.50
99.25302,-0.433,-4.390,9.50
99.27282,-0.540,-4.210,9.50
99.28349,-0.644,-4.010,9.50
99.29483,-0.644,-4.010,9.50
99.30880,-0.756,-3.814,9.50
99.31907,-0.756,-3.571,9.50
99.32941,-0.850,-3.571,9.50
99.33963,-0.850,-3.571,9.50
99.34988,-0.850,-3.571,9.50
99.36007,-0.850,-3.571,9.50
99.38445,-0.949,-3.274,9.50
99.39464,-1.114,-2.563,9.50
99.41811,-1.255,-2.167,10.00
99.42829,-1.255,-1.736,10.00
99.44856,-1.312,-1.232,10.00
99.45889,-1.362,-0.788,10.00
99.48600,-1.362,-0.356,10.00
99.49656,-1.397,-0.356,10.00
99.51830,-1.404,0.048,10.00
99.52848,-1.383,0.452,10.00
99.54358,-1.383,0.452,10.00
99.55385,-1.348,0.878,10.00
99.56401,-1.348,0.878,10.00
99.57620,-1.296,1.323,10.00
99.58658,-1.232,1.805,10.00
99.59746,-1.232,1.805,10.00
99.60775,-1.163,2.362,10.50
99.61794,-1.163,2.362,10.50
99.62809,-1.083,2.899,10.50
99.63826,-1.083,2.899,10.50
99.65599,-1.008,2.899,10.50
99.66623,-0.956,4.297,10.50
99.68788,-0.956,5.025,10.50
99.69820,-0.890,5.676,10.50
99.72043,-0.730,6.280,10.50
99.73061,-0.730,6.280,10.50
99.75208,-0.637,6.280,10.50
99.76239,-0.560,6.796,10.50
99.78406,-0.560,7.559,10.50
99.79512,-0.486,7.559,10.50
99.81624,-0.416,7.863,10.50
99.82669,-0.416,8.206,10.50
99.83681,-0.348,8.206,10.50
99.84912,-0.348,8.206,11.00
99.85949,-0.281,8.571,11.00
99.86965,-0.217,8.999,11.00
99.88017,-0.217,8.999,11.00
99.89035,-0.203,9.453,11.00
99.90050,-0.185,9.453,11.00
99.91213,-0.185,9.915,11.00
99.92252,-0.169,10.462,11.00
99.93269,-0.169,10.462,11.00
99.94492,-0.179,10.908,11.00
99.95510,-0.179,10.908,11.00
99.96525,-0.199,11.335,11.00
99.99210,-0.199,11.731,11.00
100.00227,-0.186,12.113,11.00
100.02528,-0.200,12.527,11.00
100.03552,-0.200,12.527,11.00
100.05596,-0.216,12.956,11.00
100.06642,-0.239,13.407,11.00
100.07701,-0.239,13.407,11.00
100.08762,-0.239,13.407,11.00
100.09780,-0.250,13.876,11.00
100.10799,-0.254,14.293,11.00
100.12045,-0.281,14.762,11.50
100.13065,-0.281,14.762,11.50
100.14107,-0.303,15.230,11.50
100.15259,-0.303,15.230,11.50
100.16341,-0.318,15.683,11.50
100.17358,-0.318,15.683,11.50
100.20039,-0.339,16.569,11.50
100.21073,-0.339,16.569,11.50
100.23251,-0.338,17.026,11.50
100.24286,-0.348,17.463,11.50
100.26437,-0.371,17.853,11.50
100.27472,-0.371,17.853,11.50
100.29641,-0.387,18.324,11.50
100.30677,-0.416,18.789,11.50
100.32825,-0.446,19.247,11.50
100.33856,-0.471,19.685,11.50
100.36046,-0.471,19.685,11.50
100.37075,-0.485,20.159,11.50
100.38091,-0.503,20.159,11.50
100.39212,-0.503,20.620,11.50
100.40289,-0.516,21.124,11.50
100.41337,-0.516,21.124,11.50
100.42392,-0.516,21.597,11.50
100.43428,-0.516,21.597,11.50
100.44460,-0.528,22.028,11.50
100.45717,-0.528,22.028,12.00
100.46741,-0.547,22.459,12.00
100.47789,-0.556,22.459,12.00
100.50431,-0.559,23.292,12.00
100.51475,-0.559,23.292,12.00
100.53637,-0.565,23.748,12.00
100.54662,-0.567,24.189,12.00
100.56814,-0.567,24.189,12.00
100.57844,-0.566,24.698,12.00
100.60097,-0.566,25.119,12.00
100.61125,-0.566,25.558,12.00
100.63283,-0.571,26.001,12.00
100.64299,-0.594,26.427,12.00
100.65319,-0.594,26.427,12.00
100.66473,-0.606,26.873,12.00
100.67511,-0.606,26.873,12.00
100.68532,-0.605,27.303,12.00
100.69780,-0.605,27.708,12.00
100.70825,-0.614,27.708,12.00
100.71841,-0.614,27.708,12.00
100.72872,-0.622,28.081,12.00
100.73888,-0.625,28.496,12.00
100.74924,-0.625,28.496,12.00
100.76045,-0.625,28.857,12.00
100.77081,-0.612,28.857,12.00
100.78096,-0.594,28.857,12.00
100.80772,-0.594,29.193,12.00
100.81873,-0.573,29.574,12.00
100.84079,-0.520,30.270,12.00
100.85095,-0.520,30.270,12.00
100.87151,-0.501,30.270,12.00
100.88170,-0.490,30.964,12.00
100.89199,-0.490,30.964,12.00
100.90396,-0.490,30.964,12.00
100.91423,-0.496,31.341,12.00
100.92441,-0.491,31.634,12.00
100.93758,-0.491,31.634,12.00
100.94798,-0.488,31.943,12.00
100.95814,-0.488,32.226,12.00
100.96861,-0.487,32.226,12.00
100.97927,-0.487,32.460,12.00
100.98942,-0.486,32.460,12.00
101.01952,-0.486,32.875,12.00
101.02967,-0.493,32.875,12.00
101.04776,-0.493,32.875,12.00
101.05794,-0.504,33.092,12.00
101.08087,-0.519,33.353,12.00
101.09106,-0.542,33.654,12.00
101.11457,-0.549,34.009,12.00
101.12502,-0.548,34.367,12.00
101.14352,-0.548,34.367,12.00
101.15382,-0.534,34.724,12.00
101.16436,-0.510,35.059,12.00
101.17962,-0.510,35.059,12.00
101.18979,-0.493,35.376,12.00
101.19994,-0.493,35.376,12.00
101.21009,-0.486,35.376,12.00
101.22024,-0.489,35.691,12.00
101.23043,-0.489,35.982,12.00
101.24241,-0.500,36.225,12.00
101.25303,-0.500,36.225,12.00
101.26319,-0.518,36.460,12.00
101.27367,-0.518,36.460,0.00
101.28385,-0.526,36.737,0.00
101.29428,-0.526,36.737,0.00
101.30462,-0.514,37.039,0.00
101.31505,-0.514,37.039,0.00
101.32525,-0.486,37.346,0.00
101.33606,-0.486,37.346,0.00
101.34623,-0.449,37.627,0.00
101.35650,-0.449,37.627,0.00
101.36669,-0.415,37.887,0.00
101.37698,-0.415,37.887,0.00
101.38715,-0.400,38.159,0.00
101.39735,-0.400,38.159,0.00
101.40751,-0.406,38.319,0.00
101.41768,-0.406,38.319,0.00
101.42786,-0.409,38.477,0.00
101.43803,-0.409,38.644,0.00
101.44835,-0.377,38.644,0.00
101.45851,-0.377,38.801,0.00
101.46868,-0.320,38.801,0.00
101.47885,-0.320,38.968,0.00
101.48901,-0.288,38.968,0.00
101.49918,-0.283,39.144,0.00
101.50934,-0.283,39.144,0.00
101.51994,-0.310,39.353,0.00
101.53018,-0.310,39.353,0.00
101.54034,-0.353,39.353,0.00
101.55049,-0.353,39.601,0.00
101.56065,-0.399,39.825,0.00
101.57096,-0.399,39.825,0.00
101.58128,-0.399,40.061,0.00
101.59150,-0.438,40.061,0.00
101.60167,-0.465,40.061,0.00
101.61192,-0.465,40.269,0.00
101.62244,-0.465,40.269,0.00
101.63260,-0.481,40.521,0.00
101.64298,-0.481,40.835,0.00
101.65321,-0.489,40.835,0.00
101.66357,-0.482,41.173,0.00
101.67370,-0.482,41.173,0.00
101.68388,-0.463,41.455,0.00
101.69514,-0.463,41.455,0.00
101.70530,-0.435,41.679,0.00
101.71622,-0.435,41.679,0.00
101.72645,-0.409,41.794,0.00
101.73688,-0.409,41.794,0.00
101.74703,-0.388,41.890,0.00
101.75718,-0.388,41.890,0.00
101.76734,-0.345,42.009,0.00
101.77750,-0.301,42.009,0.00
101.78765,-0.301,42.135,0.00
101.79794,-0.301,42.135,0.00
101.80819,-0.277,42.253,0.00
101.81835,-0.277,42.347,0.00
101.82851,-0.266,42.347,0.00
101.83868,-0.266,42.417,0.00
101.84884,-0.270,42.417,0.00
101.85900,-0.277,42.464,0.00
101.86916,-0.277,42.464,0.00
101.88029,-0.277,42.464,0.00
101.89046,-0.259,42.477,0.00
101.90062,-0.274,42.435,0.00
101.91078,-0.274,42.435,0.00
101.92168,-0.311,42.319,0.00
101.93196,-0.311,42.319,0.00
101.94212,-0.333,42.146,0.00
101.95228,-0.333,42.146,0.00
101.96248,-0.331,41.932,0.00
101.97265,-0.331,41.932,0.00
101.98281,-0.299,41.700,0.00
101.99298,-0.299,41.700,0.00
102.00314,-0.244,41.441,0.00
102.01334,-0.244,41.441,0.00
102.02350,-0.177,41.441,0.00
102.03366,-0.177,41.124,0.00
102.04392,-0.177,41.124,0.00
102.05408,-0.123,40.811,0.00
102.06475,-0.075,40.476,0.00
102.07491,-0.075,40.476,0.00
102.08507,-0.040,40.138,0.00
102.09523,-0.040,40.138,0.00
102.10539,-0.040,40.138,0.00
102.11556,-0.040,40.138,0.00
102.12604,-0.040,40.138,0.00
102.13621,-0.040,40.138,0.00
102.14637,-0.040,39.767,0.00
102.15701,-0.019,39.325,0.00
102.16717,-0.045,38.169,0.00
102.17923,-0.071,38.169,0.00
102.18942,-0.097,37.370,0.00
102.19958,-0.097,36.451,0.00
102.20973,-0.113,36.451,0.00
102.21998,-0.113,36.451,0.00
102.23014,-0.104,35.289,0.00
102.24030,-0.072,33.979,0.00
102.25046,-0.072,33.979,0.00
102.26063,-0.072,33.979,0.00
102.27079,-0.025,32.611,0.00
102.28570,-0.025,32.611,0.00
102.30200,0.077,31.203,0.00
102.31400,0.077,29.723,0.00
102.32599,0.125,28.144,0.00
102.33677,0.125,28.144,0.00
102.34796,0.125,26.295,0.00
102.35817,0.163,26.295,0.00
102.36842,0.196,24.606,0.00
102.37885,0.196,24.606,0.00
102.39454,0.233,22.911,0.00
102.40657,0.268,22.911,0.00
102.41717,0.268,21.252,0.00
102.42891,0.268,19.552,0.00
102.43939,0.348,19.552,0.00
102.44972,0.348,17.724,0.00
102.46016,0.348,17.724,0.00
102.47057,0.348,15.714,0.00
102.48123,0.438,15.714,0.00
102.49194,0.438,13.506,0.00
102.50215,0.438,10.797,0.00
102.51756,0.475,10.797,0.00
102.53462,0.501,8.323,0.00
102.56126,0.504,5.877,0.00
102.57805,0.504,5.877,0.00
102.59229,0.504,5.877,0.00
102.60914,0.504,5.877,0.00
102.61934,0.504,3.554,0.00
102.62979,0.476,3.554,0.00
102.64555,0.455,1.346,0.00
102.65611,0.455,-0.707,0.00
102.66746,0.430,-0.707,0.00
102.68346,0.400,-2.554,0.00
102.70018,0.400,-4.166,0.00
102.73038,0.248,-6.684,0.00
102.74611,0.248,-6.684,0.00
102.75683,0.248,-7.454,0.00
102.77627,0.088,-7.979,0.00
102.78648,0.088,-7.979,0.00
102.79819,0.088,-8.251,0.00
102.80862,0.088,-8.251,0.00
102.81934,0.033,-8.251,0.00
102.84261,-0.060,-6.407,0.00
102.85282,-0.060,-6.407,0.00
102.86963,-0.060,-6.407,0.00
102.88620,-0.099,-5.522,0.00
102.90266,-0.157,-4.787,0.00
102.91941,-0.157,-4.787,0.00
102.92983,-0.157,-3.311,0.00
102.95055,-0.294,-3.311,0.00
102.96705,-0.334,-2.568,0.00
102.99261,-0.335,-1.825,0.00
103.01588,-0.329,-1.100,0.00
103.03168,-0.336,-0.424,0.00
103.04235,-0.353,-0.424,0.00
103.05283,-0.353,0.348,0.00
103.06871,-0.353,0.348,0.00
103.07953,-0.353,0.348,0.00
103.09654,-0.360,0.552,0.00
103.10816,-0.360,0.015,0.00
103.11863,-0.360,-0.592,0.00
103.13561,-0.368,-0.592,0.00
103.15359,-0.368,-1.775,0.00
103.16484,-0.358,-2.363,0.00
103.17500,-0.358,-2.363,0.00
103.18594,-0.350,-2.774,0.00
103.20333,-0.350,-2.774,0.00
103.21466,-0.340,-3.096,0.00
103.23115,-0.337,-3.335,0.00
103.24133,-0.339,-3.335,0.00
103.25915,-0.339,-3.579,0.00
103.26962,-0.340,-3.579,0.00
103.28018,-0.346,-3.579,0.00
103.33243,-0.367,-3.579,0.00
103.34335,-0.367,-3.557,0.00
103.39163,-0.367,-3.486,0.00
103.40427,-0.535,-3.486,0.00
103.41472,-0.535,-2.383,0.00
103.42493,-0.564,-2.397,0.00
103.43533,-0.564,-2.397,0.00
103.44545,-0.585,-2.429,0.00
103.45565,-0.585,-2.429,0.00
103.46581,-0.605,-2.457,0.00
103.47598,-0.605,-2.457,0.00
103.48632,-0.631,-2.465,0.00
103.49659,-0.631,-2.465,0.00
103.50675,-0.660,-2.447,0.00
103.51691,-0.660,-2.447,0.00
103.52708,-0.683,-2.408,0.00
103.53724,-0.683,-2.408,0.00
103.54739,-0.703,-2.364,0.00
103.55856,-0.703,-2.364,0.00
103.56889,-0.726,-2.309,0.00
103.57925,-0.750,-2.249,0.00
103.58944,-0.750,-2.249,0.00
103.59961,-0.770,-2.198,0.00
103.60978,-0.770,-2.198,0.00
103.62048,-0.783,-2.165,0.00
103.63104,-0.783,-2.165,0.00
103.64120,-0.783,-2.139,0.00
103.65136,-0.794,-2.139,0.00
103.66180,-0.794,-2.125,0.00
103.67211,-0.798,-2.125,0.00
103.68251,-0.806,-2.123,0.00
103.69287,-0.806,-2.123,0.00
103.70305,-0.806,-2.123,0.00
103.71331,-0.821,-2.134,0.00
103.72336,-0.842,-2.152,0.00
103.73357,-0.842,-2.152,0.00
103.74457,-0.866,-2.171,0.00
103.75478,-0.866,-2.171,0.00
103.76520,-0.890,-2.183,0.00
103.77556,-0.890,-2.183,0.00
103.78572,-0.909,-2.188,0.00
103.79607,-0.909,-2.188,0.00
103.80624,-0.920,-2.185,0.00
103.81672,-0.920,-2.185,0.00
103.82688,-0.920,-2.185,0.00
103.83720,-0.920,-2.185,0.00
103.84761,-0.920,-2.185,0.00
103.85776,-0.920,-2.169,0.00
103.86832,-0.943,-2.169,0.00
103.87849,-0.943,-2.169,0.00
103.88865,-0.943,-2.169,0.00
103.89880,-0.968,-2.142,0.00
103.90895,-0.980,-2.116,0.00
103.91930,-0.995,-2.091,0.00
103.92968,-0.995,-2.091,0.00
103.94030,-0.995,-2.073,0.00
103.95046,-1.002,-2.073,0.00
103.96062,-1.002,-2.073,0.00
103.97079,-0.999,-2.056,0.00
103.98099,-1.000,-2.042,0.00
103.99119,-1.008,-2.034,0.00
104.00136,-1.008,-2.034,0.00
104.01151,-1.024,-2.032,0.00
104.02166,-1.024,-2.032,0.00
104.03188,-1.024,-2.032,0.00
104.04204,-1.024,-2.032,0.00
104.05220,-1.037,-2.030,0.00
104.06235,-1.056,-2.030,0.00
104.07252,-1.056,-2.030,0.00
104.08266,-1.077,-2.030,0.00
104.09283,-1.077,-2.030,0.00
104.10302,-1.107,-2.025,0.00
104.11336,-1.107,-2.025,0.00
104.12342,-1.137,-2.015,0.00
104.13360,-1.137,-2.015,0.00
104.14376,-1.163,-2.015,0.00
104.15393,-1.163,-2.003,0.00
104.16408,-1.163,-2.003,0.00
104.17424,-1.163,-2.003,0.00
104.18450,-1.163,-2.003,0.00
104.19475,-1.181,-1.990,0.00
104.20521,-1.181,-1.990,0.00
104.21536,-1.181,-1.990,0.00
104.22552,-1.181,-1.990,0.00
104.23567,-1.181,-1.990,0.00
104.24583,-1.181,-1.990,0.00
104.25600,-1.181,-1.990,0.00
104.26617,-1.181,-1.990,0.00
104.27633,-1.181,-1.990,0.00
104.28649,-1.181,-1.990,0.00
104.29675,-1.181,-1.990,0.00
104.30692,-1.181,-1.990,0.00
104.31709,-1.181,-1.990,0.00
104.32742,-1.181,-1.990,0.00
104.33768,-1.181,-1.990,0.00
104.34810,-1.181,-1.990,0.00
104.35850,-1.181,-1.990,0.00
104.36867,-1.181,-1.990,0.00
104.37887,-1.181,-1.990,0.00
104.38903,-1.181,-1.990,0.00
104.39919,-1.181,-1.990,0.00
104.40936,-1.181,-1.990,0.00
104.41989,-1.181,-1.990,0.00
104.43012,-1.181,-1.990,0.00
104.44083,-1.181,-1.990,0.00
104.45104,-1.199,-1.974,0.00
104.46120,-1.220,-1.962,0.00
104.47136,-1.263,-1.934,0.00
104.48152,-1.270,-1.924,0.00
104.49169,-1.267,-1.900,0.00
104.50212,-1.264,-1.891,0.00
104.51228,-1.264,-1.874,0.00
104.52257,-1.262,-1.864,0.00
104.53279,-1.265,-1.856,0.00
104.54313,-1.264,-1.850,0.00
104.55337,-1.269,-1.848,0.00
104.56352,-1.264,-1.850,0.00
104.57391,-1.258,-1.858,0.00
104.58406,-1.262,-1.863,0.00
104.59426,-1.269,-1.874,0.00
104.60442,-1.276,-1.878,0.00
104.61458,-1.275,-1.883,0.00
104.62477,-1.268,-1.885,0.00
104.63493,-1.274,-1.892,0.00
104.64508,-1.274,-1.900,0.00
104.65524,-1.282,-1.908,0.00
104.66541,-1.301,-1.914,0.00
104.67555,-1.301,-1.914,0.00
104.68576,-1.315,-1.921,0.00
104.69642,-1.315,-1.921,0.00
104.70676,-1.332,-1.927,0.00
104.71720,-1.332,-1.927,0.00
104.72758,-1.356,-1.933,0.00
104.73792,-1.356,-1.941,0.00
104.74826,-1.369,-1.941,0.00
104.75841,-1.369,-1.941,0.00
104.76857,-1.377,-1.950,0.00
104.77890,-1.377,-1.950,0.00
104.78904,-1.392,-1.949,0.00
104.79920,-1.407,-1.949,0.00
104.80937,-1.407,-1.952,0.00
104.81952,-1.418,-1.952,0.00
104.82965,-1.418,-1.955,0.00
104.83997,-1.421,-1.961,0.00
104.85014,-1.421,-1.961,0.00
104.86030,-1.417,-1.966,0.00
104.87045,-1.417,-1.966,0.00
104.88061,-1.409,-1.967,0.00
104.89093,-1.409,-1.967,0.00
104.90124,-1.409,-1.969,0.00
104.91141,-1.405,-1.969,0.00
104.92201,-1.405,-1.977,0.00
104.93218,-1.401,-1.977,0.00
104.94245,-1.401,-1.986,0.00
104.95263,-1.394,-1.986,0.00
104.96281,-1.385,-1.990,0.00
104.97297,-1.385,-1.990,0.00
104.98339,-1.374,-1.992,0.00
104.99356,-1.374,-1.992,0.00
105.00372,-1.367,-1.997,0.00
105.01387,-1.367,-1.997,0.00
105.02438,-1.361,-2.001,0.00
105.03459,-1.361,-2.001,0.00
105.04476,-1.354,-2.009,0.00
105.05503,-1.354,-2.009,0.00
105.06518,-1.338,-2.015,0.00
105.07568,-1.338,-2.015,0.00
105.08584,-1.319,-2.021,0.00
105.09680,-1.319,-2.021,0.00
105.10730,-1.305,-2.023,0.00
105.11852,-1.305,-2.023,0.00
105.12928,-1.292,-2.028,0.00
105.13946,-1.292,-2.028,0.00
105.14962,-1.267,-2.035,0.00
105.15985,-1.240,-2.038,0.00
105.17006,-1.240,-2.038,0.00
105.18023,-1.204,-2.042,0.00
105.19050,-1.204,-2.042,0.00
105.20068,-1.204,-2.044,0.00
105.21083,-1.156,-2.044,0.00
105.22099,-1.097,-2.045,0.00
105.23122,-1.097,-2.045,0.00
105.24136,-1.097,-2.047,0.00
105.25152,-1.018,-2.047,0.00
105.26168,-1.018,-2.047,0.00
105.27197,-1.018,-2.047,0.00
105.28271,-0.851,-2.052,0.00
105.29290,-0.851,-2.052,0.00
105.30307,-0.720,-2.054,0.00
105.31327,-0.720,-2.054,0.00
105.32344,-0.531,-2.057,0.00
105.33366,-0.531,-2.057,0.00
105.34393,-0.276,-2.057,0.00
105.35408,-0.276,-2.057,0.00
105.36425,-0.276,-2.057,0.00
105.37447,-0.043,-2.056,0.00
105.38462,0.205,-2.053,0.00
105.39477,0.205,-2.053,0.00
105.40535,0.470,-2.052,0.00
105.41612,0.470,-2.052,0.00
105.42638,0.740,-2.048,0.00
105.43657,0.740,-2.048,0.00
105.44673,1.025,-2.045,0.00
105.45694,1.025,-2.045,0.00
105.46709,1.336,-2.043,0.00
105.47726,1.336,-2.043,0.00
105.48742,1.697,-2.043,0.00
105.49758,1.697,-2.046,0.00
105.50774,2.096,-2.046,0.00
105.51848,2.096,-2.046,0.00
105.52884,2.535,-2.047,0.00
105.53909,3.027,-2.048,0.00
105.54956,3.027,-2.048,0.00
105.55966,3.542,-2.048,0.00
105.56981,3.542,-2.049,0.00
105.58020,3.542,-2.049,0.00
105.59036,4.084,-2.047,0.00
105.60052,4.669,-2.044,0.00
105.61067,4.669,-2.044,0.00
105.62083,5.304,-2.044,0.00
105.63099,5.304,-2.035,0.00
105.64115,5.970,-2.027,0.00
105.65141,5.970,-2.027,0.00
105.66156,5.970,-2.017,0.00
105.67173,6.641,-2.017,0.00
105.68190,7.321,-2.002,0.00
105.69206,7.321,-2.002,0.00
105.70222,8.026,-1.993,0.00
105.71251,8.026,-1.993,0.00
105.72267,8.739,-1.993,0.00
105.73284,8.739,-1.983,0.00
105.74299,9.428,-1.974,0.00
105.75358,9.428,-1.974,0.00
105.76573,10.077,-1.968,0.00
105.78464,10.686,-1.966,0.00
105.79484,10.686,-1.966,0.00
105.81822,10.686,-1.966,8.00
105.82839,11.762,-1.960,8.00
105.84737,11.762,-1.960,8.00
105.85766,12.205,-1.954,8.00
105.88091,12.577,-1.936,8.00
105.89110,12.851,-1.936,8.00
105.91135,12.980,-1.926,8.00
105.92157,12.971,-1.926,8.00
105.93173,12.971,-1.919,8.00
105.94366,12.844,-1.919,8.00
105.95518,12.844,-1.913,8.00
105.96537,12.621,-1.907,8.00
105.97570,12.621,-1.907,8.00
105.98631,12.330,-1.902,8.00
105.99646,12.330,-1.898,8.00
106.00804,11.960,-1.898,8.00
106.01831,11.495,-1.898,8.00
106.02847,11.495,-1.894,8.00
106.04118,10.947,-1.890,8.00
106.05134,10.947,-1.890,8.00
106.06206,10.316,-1.883,8.00
106.07304,10.316,-1.883,8.00
106.08356,9.624,-1.881,8.00
106.09618,9.624,-1.881,8.00
106.12044,8.149,-1.884,8.00
106.13062,8.149,-1.884,8.00
106.15243,7.361,-1.897,8.00
106.16259,7.361,-1.951,8.00
106.18791,6.546,-1.951,8.00
106.19808,5.745,-2.077,8.00
106.21725,4.982,-2.301,8.00
106.22753,4.253,-2.509,8.00
106.24762,4.253,-2.509,8.50
106.25780,3.556,-2.802,8.50
106.26796,2.872,-2.998,8.50
106.28019,2.254,-3.118,8.50
106.29037,2.254,-3.118,8.50
106.30053,2.254,-3.230,8.50
106.31261,1.720,-3.230,8.50
106.32298,1.246,-3.340,8.50
106.33317,1.246,-3.340,8.50
106.34473,1.246,-3.340,8.50
106.35526,0.829,-3.473,8.50
106.36543,0.417,-3.634,8.50
106.39139,0.417,-3.634,8.50
106.40156,-0.297,-3.791,8.50
106.42373,-0.371,-3.956,8.50
106.43398,-0.371,-4.092,8.50
106.45709,-0.372,-4.237,8.50
106.46725,-0.369,-4.387,8.50
106.48875,-0.310,-4.549,8.50
106.49894,-0.310,-4.549,8.50
106.52012,-0.217,-4.709,8.50
106.53029,-0.068,-4.833,8.50
106.54047,-0.068,-4.833,8.50
106.55198,0.131,-4.915,8.50
106.56215,0.312,-4.961,8.50
106.57261,0.312,-4.961,8.50
106.58471,0.447,-4.968,9.00
106.59698,0.555,-4.968,9.00
106.60726,0.555,-4.971,9.00
106.61759,0.555,-4.971,9.00
106.62900,0.675,-4.923,9.00
106.64017,0.675,-4.923,9.00
106.65050,0.835,-4.841,9.00
106.66067,1.020,-4.698,9.00
106.67082,1.020,-4.698,9.00
106.69607,1.020,-4.549,9.00
106.70626,1.278,-4.366,9.00
106.72813,1.349,-4.128,9.00
106.73841,1.349,-3.898,9.00
106.76069,1.383,-3.898,9.00
106.77100,1.378,-3.659,9.00
106.79219,1.339,-3.659,9.00
106.80251,1.280,-3.164,9.00
106.81272,1.280,-3.164,9.00
106.82408,1.280,-2.921,9.00
106.83473,1.200,-2.921,9.00
106.84488,1.200,-2.921,9.00
106.85591,1.104,-2.681,9.50
106.86624,0.984,-2.464,9.50
106.87735,0.984,-2.464,9.50
106.88807,0.844,-2.222,9.50
106.89828,0.844,-2.222,9.50
106.90863,0.714,-2.017,9.50
106.92125,0.602,-1.820,9.50
106.93141,0.602,-1.820,9.50
106.94156,0.470,-1.626,9.50
106.95207,0.470,-1.626,9.50
106.96229,0.346,-1.433,9.50
106.97241,0.346,-1.433,9.50
107.00042,0.054,-0.792,9.50
107.01058,0.054,-0.792,9.50
107.03183,0.054,-0.361,9.50
107.04201,-0.247,0.152,9.50
107.06500,-0.372,0.620,10.00
107.07524,-0.372,0.620,10.00
107.09542,-0.481,1.098,10.00
107.10592,-0.566,1.553,10.00
107.11626,-0.566,1.553,10.00
107.12791,-0.637,1.991,10.00
107.13809,-0.637,1.991,10.00
107.14823,-0.683,2.391,10.00
107.15971,-0.707,2.391,10.00
107.17004,-0.707,2.774,10.00
107.18046,-0.707,2.774,10.00
107.19189,-0.722,3.094,10.00
107.20212,-0.720,3.094,10.00
107.21249,-0.720,3.386,10.00
107.24047,-0.656,3.814,10.00
107.25069,-0.656,4.405,10.00
107.27250,-0.605,5.106,10.00
107.28303,-0.552,5.800,10.00
107.30508,-0.478,6.442,10.50
107.31532,-0.478,6.442,10.50
107.33599,-0.404,7.049,10.50
107.34615,-0.326,7.580,10.50
107.37227,-0.232,7.580,10.50
107.38243,-0.132,8.370,10.50
107.40008,-0.031,8.370,10.50
107.41045,-0.031,8.626,10.50
107.42076,0.064,8.626,10.50
107.43271,0.064,8.862,10.50
107.44295,0.148,9.082,10.50
107.45319,0.148,9.082,10.50
107.46431,0.229,9.364,10.50
107.47467,0.229,9.364,10.50
107.48511,0.302,9.678,10.50
107.49601,0.302,9.678,11.00
107.50631,0.385,9.995,11.00
107.51654,0.385,9.995,11.00
107.54342,0.458,10.320,11.00
107.55357,0.510,10.702,11.00
107.57726,0.557,11.575,11.00
107.58743,0.557,11.575,11.00
107.60739,0.557,11.575,11.00
107.61756,0.567,12.070,11.00
107.63950,0.558,12.585,11.00
107.64968,0.531,13.095,11.00
107.65993,0.505,13.622,11.00
107.67207,0.505,13.622,11.00
107.68264,0.470,14.108,11.00
107.69314,0.470,14.108,11.00
107.70500,0.433,14.658,11.00
107.71521,0.433,14.658,11.00
107.72538,0.386,15.157,11.00
107.73664,0.335,15.668,11.00
107.74680,0.335,15.668,11.00
107.75720,0.335,16.175,11.00
107.78769,0.235,16.664,11.50
107.81722,0.235,16.664,11.50
107.82739,0.126,17.782,11.50
107.84742,0.126,17.782,11.50
107.85759,0.085,18.349,11.50
107.88210,0.013,19.512,11.50
107.89246,0.013,19.512,11.50
107.91142,0.013,19.512,11.50
107.92194,-0.015,20.025,11.50
107.93210,-0.015,20.025,11.50
107.94353,-0.015,20.025,11.50
107.95373,-0.071,20.477,11.50
107.96434,-0.094,20.878,11.50
107.97628,-0.094,20.878,11.50
107.98662,-0.107,21.359,11.50
107.99693,-0.117,21.794,11.50
108.00926,-0.117,21.794,11.50
108.01945,-0.117,21.794,11.50
108.02960,-0.111,22.262,11.50
108.04087,-0.111,22.806,11.50
108.05124,-0.101,22.806,11.50
108.06254,-0.086,23.305,11.50
108.08775,-0.086,23.813,11.50
108.09815,-0.071,24.301,11.50
108.12128,-0.043,24.801,12.00
108.13173,-0.043,24.801,12.00
108.15136,-0.043,24.801,12.00
108.16154,-0.023,25.719,12.00
108.17170,-0.023,25.719,12.00
108.18400,-0.023,26.152,12.00
108.19416,-0.007,26.152,12.00
108.20438,0.012,26.628,12.00
108.21891,0.015,27.063,12.00
108.22909,0.015,27.063,12.00
108.25217,0.030,27.508,12.00
108.26260,0.037,27.941,12.00
108.28109,0.037,28.377,12.00
108.29158,0.044,28.377,12.00
108.30253,0.050,28.817,12.00
108.31270,0.050,28.817,12.00
108.32341,0.052,29.262,12.00
108.33381,0.052,29.262,12.00
108.34410,0.053,29.725,12.00
108.35430,0.053,29.725,12.00
108.36468,0.058,30.254,12.00
108.37553,0.058,30.254,12.00
108.38571,0.060,30.730,12.00
108.39587,0.060,30.730,12.00
108.40622,0.055,31.188,12.00
108.42373,0.055,31.631,12.00
108.43670,0.046,31.631,12.00
108.45608,0.036,32.037,12.00
108.46650,0.022,32.424,12.00
108.48824,0.018,32.800,12.00
108.49839,0.003,33.186,12.00
108.50871,0.003,33.186,12.00
108.51992,-0.033,33.186,12.00
108.53008,-0.033,33.609,12.00
108.54024,-0.033,33.609,12.00
108.55188,-0.035,33.989,12.00
108.56211,-0.035,34.403,12.00
108.57246,-0.045,34.403,12.00
108.58564,-0.045,34.403,12.00
108.59582,-0.062,34.786,12.00
108.60608,-0.070,35.171,12.00
108.61661,-0.070,35.171,12.00
108.62674,-0.070,35.579,12.00
108.63705,-0.070,35.579,12.00
108.64810,-0.065,35.947,12.00
108.65826,-0.065,35.947,12.00
108.66842,-0.057,36.324,12.00
108.69622,-0.050,36.324,12.00
108.70654,-0.047,37.117,12.00
108.72800,-0.047,37.519,12.00
108.73817,-0.038,37.912,12.00
108.76066,0.019,37.912,12.00
108.77085,0.019,38.311,12.00
108.78102,0.057,38.709,12.00
108.79209,0.057,38.709,12.00
108.80228,0.099,38.709,12.00
108.81419,0.099,39.110,12.00
108.82661,0.138,39.500,12.00
108.83728,0.138,39.500,12.00
108.84744,0.173,39.946,12.00
108.86043,0.173,39.946,12.00
108.87065,0.203,40.362,12.00
108.88112,0.244,40.732,12.00
108.90428,0.284,41.134,12.00
108.91455,0.284,41.134,12.00
108.92486,0.302,41.520,0.00
108.93515,0.302,41.520,0.00
108.94540,0.354,41.888,0.00
108.95562,0.354,41.888,0.00
108.96578,0.415,42.247,0.00
108.97598,0.415,42.247,0.00
108.98614,0.469,42.558,0.00
108.99648,0.469,42.558,0.00
109.00707,0.502,42.893,0.00
109.01723,0.502,42.893,0.00
109.02746,0.520,43.215,0.00
109.03770,0.520,43.215,0.00
109.04786,0.528,43.543,0.00
109.05802,0.528,43.543,0.00
109.06818,0.549,43.820,0.00
109.07834,0.549,43.820,0.00
109.08850,0.596,44.045,0.00
109.09866,0.596,44.045,0.00
109.10882,0.642,44.297,0.00
109.11903,0.642,44.297,0.00
109.12926,0.656,44.553,0.00
109.13941,0.656,44.824,0.00
109.14976,0.632,44.824,0.00
109.16015,0.632,45.079,0.00
109.17047,0.593,45.079,0.00
109.18063,0.553,45.079,0.00
109.19077,0.553,45.276,0.00
109.20092,0.507,45.495,0.00
109.21108,0.507,45.495,0.00
109.22136,0.457,45.495,0.00
109.23151,0.457,45.701,0.00
109.24167,0.414,45.891,0.00
109.25193,0.414,45.891,0.00
109.26210,0.370,46.079,0.00
109.27225,0.370,46.079,0.00
109.28242,0.313,46.320,0.00
109.29262,0.313,46.320,0.00
109.30279,0.276,46.602,0.00
109.31302,0.276,46.602,0.00
109.32407,0.259,46.897,0.00
109.33464,0.259,46.897,0.00
109.34484,0.227,47.156,0.00
109.35556,0.227,47.156,0.00
109.36572,0.160,47.380,0.00
109.37629,0.160,47.380,0.00
109.38659,0.016,47.500,0.00
109.39674,0.016,47.500,0.00
109.40702,-0.141,47.570,0.00
109.41718,-0.141,47.570,0.00
109.42734,-0.248,47.631,0.00
109.43750,-0.248,47.631,0.00
109.44766,-0.279,47.720,0.00
109.45782,-0.279,47.720,0.00
109.46797,-0.308,47.820,0.00
109.47814,-0.308,47.820,0.00
109.48829,-0.328,47.923,0.00
109.50034,-0.328,47.923,0.00
109.51064,-0.324,47.987,0.00
109.52080,-0.324,47.987,0.00
109.53106,-0.345,48.031,0.00
109.54234,-0.382,48.047,0.00
109.55250,-0.382,48.047,0.00
109.56415,-0.396,48.007,0.00
109.57427,-0.396,48.007,0.00
109.58444,-0.366,47.880,0.00
109.59460,-0.366,47.880,0.00
109.60476,-0.294,47.673,0.00
109.61520,-0.294,47.673,0.00
109.62549,-0.202,47.399,0.00
109.63571,-0.202,47.399,0.00
109.64587,-0.102,47.027,0.00
109.65603,-0.102,47.027,0.00
109.66620,-0.006,46.663,0.00
109.67642,-0.006,46.663,0.00
109.68666,0.090,46.286,0.00
109.69682,0.090,46.286,0.00
109.70737,0.182,45.851,0.00
109.71753,0.182,45.851,0.00
109.72769,0.251,45.283,0.00
109.73786,0.251,45.283,0.00
109.74801,0.292,44.450,0.00
109.75823,0.292,44.450,0.00
109.76871,0.329,43.369,0.00
109.77905,0.377,43.369,0.00
109.78945,0.377,42.348,0.00
109.79968,0.456,41.236,0.00
109.81017,0.456,41.236,0.00
109.82043,0.456,39.654,0.00
109.83068,0.555,39.654,0.00
109.84084,0.555,37.873,0.00
109.85103,0.646,37.873,0.00
109.86119,0.646,37.873,0.00
109.87133,0.735,35.868,0.00
109.88149,0.830,33.786,0.00
109.89193,0.830,33.786,0.00
109.90192,0.908,31.658,0.00
109.91208,0.908,31.658,0.00
109.92224,0.972,29.533,0.00
109.94418,0.972,27.474,0.00
109.96090,1.091,25.221,0.00
109.97153,1.091,25.221,0.00
109.98412,1.091,25.221,0.00
109.99443,1.091,25.221,0.00
110.00466,1.144,25.221,0.00
110.01495,1.144,23.237,0.00
110.02664,1.215,21.187,0.00
110.03683,1.215,19.027,0.00
110.04812,1.215,16.890,0.00
110.06098,1.271,14.779,0.00
110.07734,1.271,14.779,0.00
110.08762,1.280,12.632,0.00
110.09964,1.280,12.632,0.00
110.11106,1.280,10.365,0.00
110.12649,1.235,10.365,0.00
110.13810,1.235,7.997,0.00
110.16599,1.098,2.814,0.00
110.17742,1.098,2.814,0.00
110.18886,1.003,0.450,0.00
110.20795,0.903,-1.738,0.00
110.21844,0.781,-1.738,0.00
110.22865,0.781,-1.738,0.00
110.24996,0.781,-5.404,0.00
110.26133,0.643,-5.404,0.00
110.27258,0.499,-5.404,0.00
110.28868,0.371,-7.648,0.00
110.29891,0.371,-7.648,0.00
110.31039,0.371,-7.648,0.00
110.32729,0.263,-7.837,0.00
110.34279,0.160,-7.437,0.00
110.36218,0.160,-7.437,0.00
110.38021,0.149,-6.820,0.00
110.39153,0.149,-6.036,0.00
110.40233,0.124,-6.036,0.00
110.41809,0.098,-5.170,0.00
110.42956,0.068,-4.309,0.00
110.44013,0.021,-4.309,0.00
110.45160,0.021,-3.520,0.00
110.46858,-0.032,-2.671,0.00
110.48972,-0.078,-2.029,0.00
110.50074,-0.132,-2.029,0.00
110.51122,-0.132,-2.029,0.00
110.52248,-0.132,-1.387,0.00
110.53324,-0.197,-1.387,0.00
110.55683,-0.197,-1.387,0.00
110.57537,-0.362,0.190,0.00
110.59261,-0.447,0.645,0.00
110.60429,-0.501,0.645,0.00
110.62611,-0.501,1.372,0.00
110.63869,-0.519,1.372,0.00
110.65409,-0.507,1.272,0.00
110.66973,-0.473,1.011,0.00
110.68056,-0.473,1.011,0.00
110.69158,-0.473,0.643,0.00
110.70310,-0.423,0.643,0.00
110.71545,-0.368,0.202,0.00
110.73034,-0.320,-0.238,0.00
110.74055,-0.320,-0.238,0.00
110.75220,-0.278,-0.657,0.00
110.76535,-0.278,-0.657,0.00
110.78089,-0.229,-0.657,0.00
110.79169,-0.229,-1.486,0.00
110.80324,-0.173,-1.737,0.00
110.81343,-0.173,-1.737,0.00
110.82418,-0.152,-1.880,0.00
110.83439,-0.152,-1.880,0.00
110.85659,-0.148,-1.957,0.00
110.86750,-0.148,-1.957,0.00
110.88326,-0.148,-1.963,0.00
110.89430,-0.148,-1.963,0.00
110.91095,-0.165,-1.963,0.00
110.92676,-0.181,-1.963,0.00
110.97697,-0.214,-1.963,0.00
110.98731,-0.224,-2.223,0.00
111.03138,-0.235,-2.223,0.00
111.04180,-0.235,-2.318,0.00
111.05259,-0.313,-1.661,0.00
111.06321,-0.313,-1.616,0.00
111.07348,-0.321,-1.616,0.00
111.08421,-0.331,-1.543,0.00
111.09439,-0.331,-1.543,0.00
111.10459,-0.345,-1.463,0.00
111.11541,-0.345,-1.463,0.00
111.12557,-0.364,-1.411,0.00
111.13595,-0.364,-1.411,0.00
111.14589,-0.384,-1.372,0.00
111.15665,-0.384,-1.372,0.00
111.16681,-0.405,-1.361,0.00
111.17774,-0.405,-1.361,0.00
111.18791,-0.430,-1.373,0.00
111.19819,-0.462,-1.395,0.00
111.20870,-0.462,-1.395,0.00
111.21886,-0.496,-1.395,0.00
111.22901,-0.496,-1.417,0.00
111.23922,-0.524,-1.417,0.00
111.24955,-0.524,-1.440,0.00
111.25994,-0.554,-1.440,0.00
111.27019,-0.554,-1.464,0.00
111.28053,-0.578,-1.477,0.00
111.29094,-0.578,-1.477,0.00
111.30152,-0.591,-1.473,0.00
111.31183,-0.591,-1.473,0.00
111.32259,-0.607,-1.462,0.00
111.33275,-0.607,-1.462,0.00
111.34291,-0.607,-1.454,0.00
111.35308,-0.620,-1.454,0.00
111.36323,-0.623,-1.441,0.00
111.37341,-0.623,-1.441,0.00
111.38357,-0.628,-1.430,0.00
111.39420,-0.628,-1.430,0.00
111.40436,-0.640,-1.423,0.00
111.41452,-0.640,-1.423,0.00
111.42468,-0.643,-1.420,0.00
111.43483,-0.643,-1.420,0.00
111.44512,-0.643,-1.420,0.00
111.45531,-0.643,-1.420,0.00
111.46551,-0.646,-1.420,0.00
111.47604,-0.646,-1.420,0.00
111.48621,-0.659,-1.416,0.00
111.49773,-0.659,-1.416,0.00
111.50797,-0.669,-1.408,0.00
111.51812,-0.681,-1.408,0.00
111.52847,-0.681,-1.395,0.00
111.53886,-0.689,-1.395,0.00
111.54902,-0.689,-1.378,0.00
111.55962,-0.689,-1.362,0.00
111.56979,-0.706,-1.362,0.00
111.57994,-0.706,-1.349,0.00
111.59009,-0.721,-1.349,0.00
111.60025,-0.717,-1.349,0.00
111.61041,-0.717,-1.349,0.00
111.62057,-0.712,-1.360,0.00
111.63072,-0.712,-1.360,0.00
111.64092,-0.715,-1.374,0.00
111.65121,-0.715,-1.374,0.00
111.66222,-0.718,-1.374,0.00
111.67264,-0.718,-1.391,0.00
111.68281,-0.716,-1.400,0.00
111.69297,-0.716,-1.400,0.00
111.70342,-0.716,-1.409,0.00
111.71359,-0.716,-1.409,0.00
111.72389,-0.713,-1.410,0.00
111.73405,-0.713,-1.410,0.00
111.74421,-0.709,-1.409,0.00
111.75488,-0.709,-1.409,0.00
111.76506,-0.708,-1.405,0.00
111.77539,-0.708,-1.405,0.00
111.78555,-0.709,-1.403,0.00
111.79608,-0.709,-1.403,0.00
111.80591,-0.711,-1.400,0.00
111.81651,-0.711,-1.400,0.00
111.82704,-0.709,-1.400,0.00
111.83718,-0.709,-1.400,0.00
111.84735,-0.705,-1.399,0.00
111.85763,-0.705,-1.399,0.00
111.86785,-0.699,-1.399,0.00
111.87801,-0.694,-1.399,0.00
111.88833,-0.694,-1.397,0.00
111.89880,-0.696,-1.397,0.00
111.90915,-0.696,-1.394,0.00
111.91952,-0.693,-1.391,0.00
111.92989,-0.693,-1.391,0.00
111.94009,-0.686,-1.394,0.00
111.95025,-0.686,-1.394,0.00
111.96047,-0.686,-1.394,0.00
111.97069,-0.686,-1.394,0.00
111.98086,-0.685,-1.389,0.00
111.99102,-0.685,-1.389,0.00
112.00118,-0.685,-1.384,0.00
112.01134,-0.685,-1.384,0.00
112.02150,-0.689,-1.378,0.00
112.03204,-0.689,-1.378,0.00
112.04252,-0.694,-1.374,0.00
112.05305,-0.694,-1.374,0.00
112.06313,-0.692,-1.366,0.00
112.07335,-0.692,-1.366,0.00
112.08351,-0.693,-1.358,0.00
112.09367,-0.693,-1.358,0.00
112.10423,-0.701,-1.352,0.00
112.11445,-0.701,-1.352,0.00
112.12462,-0.717,-1.346,0.00
112.13483,-0.717,-1.346,0.00
112.14501,-0.733,-1.342,0.00
112.15521,-0.733,-1.342,0.00
112.16538,-0.749,-1.336,0.00
112.17554,-0.749,-1.336,0.00
112.18589,-0.759,-1.333,0.00
112.19621,-0.759,-1.333,0.00
112.20636,-0.777,-1.329,0.00
112.21661,-0.777,-1.329,0.00
112.22679,-0.802,-1.325,0.00
112.23706,-0.817,-1.323,0.00
112.24722,-0.817,-1.323,0.00
112.25787,-0.817,-1.323,0.00
112.26814,-0.831,-1.322,0.00
112.27831,-0.831,-1.322,0.00
112.28899,-0.847,-1.324,0.00
112.29913,-0.847,-1.324,0.00
112.30929,-0.863,-1.329,0.00
112.31951,-0.863,-1.329,0.00
112.32967,-0.880,-1.329,0.00
112.33983,-0.880,-1.333,0.00
112.35001,-0.896,-1.333,0.00
112.36017,-0.916,-1.338,0.00
112.37034,-0.916,-1.338,0.00
112.38053,-0.935,-1.344,0.00
112.39070,-0.935,-1.344,0.00
112.40086,-0.949,-1.344,0.00
112.41102,-0.949,-1.350,0.00
112.42119,-0.963,-1.355,0.00
112.43134,-0.963,-1.355,0.00
112.44150,-0.979,-1.361,0.00
112.45165,-0.979,-1.361,0.00
112.46241,-0.993,-1.369,0.00
112.47257,-0.993,-1.369,0.00
112.48272,-1.003,-1.377,0.00
112.49287,-1.003,-1.377,0.00
112.50303,-1.009,-1.384,0.00
112.51335,-1.009,-1.384,0.00
112.52360,-1.017,-1.392,0.00
112.53386,-1.017,-1.392,0.00
112.54410,-1.020,-1.401,0.00
112.55449,-1.020,-1.401,0.00
112.56477,-1.009,-1.411,0.00
112.57507,-1.009,-1.411,0.00
112.58533,-0.993,-1.426,0.00
112.59559,-0.993,-1.426,0.00
112.60575,-0.979,-1.440,0.00
112.61680,-0.979,-1.440,0.00
112.62704,-0.967,-1.453,0.00
112.63736,-0.967,-1.453,0.00
112.64753,-0.956,-1.462,0.00
112.65777,-0.956,-1.462,0.00
112.66788,-0.946,-1.470,0.00
112.67804,-0.931,-1.470,0.00
112.68820,-0.931,-1.478,0.00
112.69836,-0.908,-1.478,0.00
112.70852,-0.908,-1.485,0.00
112.71898,-0.894,-1.485,0.00
112.72937,-0.894,-1.494,0.00
112.73953,-0.894,-1.500,0.00
112.74973,-0.889,-1.500,0.00
112.76010,-0.889,-1.500,0.00
112.77027,-0.888,-1.508,0.00
112.78044,-0.888,-1.518,0.00
112.79060,-0.893,-1.518,0.00
112.80075,-0.893,-1.527,0.00
112.81091,-0.898,-1.527,0.00
112.82115,-0.898,-1.535,0.00
112.83130,-0.897,-1.535,0.00
112.84146,-0.897,-1.544,0.00
112.85173,-0.897,-1.544,0.00
112.86228,-0.906,-1.551,0.00
112.87256,-0.906,-1.551,0.00
112.88290,-0.916,-1.555,0.00
112.89328,-0.916,-1.555,0.00
112.90360,-0.918,-1.561,0.00
112.91384,-0.918,-1.561,0.00
112.92401,-0.916,-1.567,0.00
112.93434,-0.916,-1.567,0.00
112.94470,-0.912,-1.575,0.00
112.95499,-0.912,-1.575,0.00
112.96536,-0.909,-1.576,0.00
112.97828,-0.909,-1.576,0.00
112.98845,-0.906,-1.581,0.00
112.99863,-0.905,-1.581,0.00
113.00887,-0.905,-1.582,0.00
113.01902,-0.905,-1.581,0.00
113.02918,-0.905,-1.581,0.00
113.03934,-0.905,-1.585,0.00
113.04949,-0.903,-1.585,0.00
113.05964,-0.901,-1.585,0.00
113.06978,-0.901,-1.594,0.00
113.07996,-0.900,-1.594,0.00
113.09024,-0.900,-1.604,0.00
113.10042,-0.900,-1.604,0.00
113.11059,-0.897,-1.614,0.00
113.12075,-0.891,-1.626,0.00
113.13091,-0.891,-1.626,0.00
113.14109,-0.891,-1.635,0.00
113.15141,-0.870,-1.635,0.00
113.16158,-0.841,-1.647,0.00
113.17174,-0.841,-1.647,0.00
113.18234,-0.803,-1.656,0.00
113.19291,-0.803,-1.656,0.00
113.20311,-0.766,-1.664,0.00
113.21333,-0.766,-1.664,0.00
113.22348,-0.734,-1.669,0.00
113.23374,-0.734,-1.669,0.00
113.24400,-0.698,-1.674,0.00
113.25422,-0.698,-1.674,0.00
113.26439,-0.647,-1.682,0.00
113.27457,-0.647,-1.682,0.00
113.28473,-0.582,-1.688,0.00
113.29543,-0.582,-1.688,0.00
113.30559,-0.510,-1.693,0.00
113.31586,-0.510,-1.693,0.00
113.32593,-0.437,-1.698,0.00
113.33691,-0.437,-1.698,0.00
113.34707,-0.370,-1.699,0.00
113.35727,-0.370,-1.699,0.00
113.36743,-0.295,-1.698,0.00
113.37762,-0.295,-1.698,0.00
113.38790,-0.200,-1.699,0.00
113.39800,-0.082,-1.698,0.00
113.40846,-0.082,-1.698,0.00
113.41861,0.039,-1.698,0.00
113.42890,0.039,-1.697,0.00
113.43909,0.039,-1.697,0.00
113.44927,0.161,-1.696,0.00
113.45942,0.161,-1.697,0.00
113.46959,0.302,-1.697,0.00
113.47975,0.302,-1.696,0.00
113.48991,0.480,-1.696,0.00
113.50006,0.682,-1.694,0.00
113.51023,0.682,-1.694,0.00
113.52039,0.945,-1.690,0.00
113.53070,0.945,-1.690,0.00
113.54086,1.304,-1.690,0.00
113.55102,1.304,-1.688,0.00
113.56120,1.304,-1.688,0.00
113.57136,1.705,-1.686,0.00
113.58224,2.139,-1.684,0.00
113.59240,2.139,-1.684,0.00
113.60256,2.591,-1.685,0.00
113.61272,2.591,-1.685,0.00
113.62289,3.069,-1.680,0.00
113.63306,3.069,-1.680,0.00
113.64367,3.549,-1.679,0.00
113.65383,3.549,-1.679,0.00
113.66417,4.027,-1.679,0.00
113.67430,4.027,-1.679,0.00
113.68447,4.513,-1.685,0.00
113.69465,4.513,-1.685,0.00
113.70503,4.994,-1.686,0.00
113.71529,4.994,-1.686,0.00
113.72550,5.479,-1.679,0.00
113.73609,5.479,-1.679,0.00
113.74635,6.046,-1.670,0.00
113.75656,6.046,-1.670,0.00
113.76665,6.762,-1.664,0.00
113.77713,7.566,-1.664,0.00
113.78735,7.566,-1.657,0.00
113.79751,7.566,-1.657,0.00
113.80767,8.380,-1.648,0.00
113.81806,8.380,-1.648,0.00
113.82822,9.182,-1.636,0.00
113.83838,9.182,-1.620,0.00
113.84873,9.975,-1.620,0.00
113.85888,9.975,-1.605,0.00
113.88071,10.773,-1.605,0.00
113.89093,11.560,-1.597,0.00
113.90111,11.560,-1.597,0.00
113.91221,12.318,-1.587,8.00
113.92237,13.049,-1.587,8.00
113.93253,13.049,-1.581,8.00
113.94338,13.049,-1.576,8.00
113.95356,13.737,-1.576,8.00
113.96372,14.369,-1.570,8.00
113.97598,14.369,-1.570,8.00
113.98617,14.941,-1.570,8.00
113.99768,14.941,-1.566,8.00
114.00789,15.415,-1.559,8.00
114.01852,15.415,-1.559,8.00
114.02869,15.752,-1.552,8.00
114.05697,15.925,-1.545,8.00
114.06712,15.917,-1.539,8.00
114.08755,15.793,-1.539,8.00
114.09790,15.611,-1.531,8.00
114.12107,15.345,-1.512,8.00
114.13146,15.345,-1.512,8.00
114.15153,15.345,-1.501,8.00
114.16184,14.557,-1.491,8.00
114.17235,14.557,-1.491,8.00
114.18466,14.050,-1.491,8.00
114.19486,14.050,-1.484,8.00
114.20503,13.460,-1.483,8.00
114.21889,13.460,-1.483,8.00
114.22920,12.800,-1.489,8.00
114.23934,12.073,-1.501,8.00
114.24974,12.073,-1.501,8.00
114.25994,11.272,-1.516,8.00
114.27025,11.272,-1.516,8.00
114.29767,10.430,-1.533,8.00
114.30807,9.533,-1.541,8.00
114.32821,8.582,-1.572,8.00
114.33873,8.582,-1.572,8.00
114.35930,8.582,-1.531,8.50
114.36948,6.764,-1.523,8.50
114.39207,5.984,-1.546,8.50
114.40239,5.127,-1.581,8.50
114.42487,4.310,-1.656,8.50
114.43525,4.310,-1.656,8.50
114.44575,3.542,-1.815,8.50
114.45782,2.836,-2.039,8.50
114.46830,2.836,-2.039,8.50
114.47870,2.173,-2.309,8.50
114.49038,2.173,-2.309,8.50
114.50053,1.511,-2.567,8.50
114.51067,1.511,-2.567,8.50
114.52105,0.875,-2.803,8.50
114.53121,0.875,-2.803,8.50
114.54138,0.306,-2.944,8.50
114.55221,0.306,-2.944,8.50
114.56240,-0.082,-3.076,8.50
114.57267,-0.082,-3.076,8.50
114.60020,-0.186,-3.183,8.50
114.61037,-0.186,-3.317,8.50
114.63322,-0.196,-3.489,8.50
114.64337,-0.158,-3.677,8.50
114.66326,-0.158,-3.677,8.50
114.67344,-0.032,-3.844,8.50
114.69689,0.103,-4.070,9.00
114.70725,0.311,-4.070,9.00
114.72974,0.564,-4.192,9.00
114.74024,0.768,-4.192,9.00
114.76063,0.933,-4.399,9.00
114.77102,0.933,-4.399,9.00
114.78118,1.067,-4.399,9.00
114.79214,1.067,-4.384,9.00
114.80244,1.206,-4.384,9.00
114.81278,1.206,-4.293,9.00
114.82494,1.379,-4.077,9.00
114.83770,1.542,-4.077,9.00
114.84788,1.542,-3.887,9.00
114.85900,1.542,-3.887,9.00
114.86916,1.659,-3.632,9.00
114.87964,1.659,-3.300,9.00
114.90374,1.727,-3.300,9.00
114.91392,1.768,-2.881,9.00
114.93682,1.786,-2.417,9.00
114.94706,1.777,-1.927,9.00
114.96764,1.722,-1.927,9.50
114.97799,1.722,-1.434,9.50
114.99954,1.619,-0.289,9.50
115.00991,1.492,-0.289,9.50
115.02116,1.356,0.267,9.50
115.03150,1.356,0.267,9.50
115.04168,1.194,0.830,9.50
115.05196,1.194,0.830,9.50
115.06607,1.010,0.830,9.50
115.07929,1.010,1.907,9.50
115.09815,0.824,1.907,9.50
115.10833,0.652,2.490,9.50
115.11847,0.481,2.490,9.50
115.12884,0.481,3.146,9.50
115.13901,0.296,3.976,9.50
115.14916,0.296,3.976,9.50
115.17622,0.110,4.742,10.00
115.18638,-0.092,5.512,10.00
115.20983,-0.092,5.512,10.00
115.22002,-0.294,6.271,10.00
115.24018,-0.630,7.014,10.00
115.25037,-0.630,7.743,10.00
115.26092,-0.630,7.743,10.00
115.27199,-0.736,8.435,10.00
115.28215,-0.805,9.073,10.00
115.29242,-0.805,9.073,10.00
115.30417,-0.837,9.728,10.00
115.31453,-0.837,9.728,10.00
115.32474,-0.870,10.262,10.00
115.33716,-0.870,10.262,10.00
115.34799,-0.891,10.778,10.00
115.35861,-0.908,11.260,10.00
115.38349,-0.922,11.260,10.50
115.39384,-0.922,11.750,10.50
115.41792,-0.917,12.226,10.50
115.42823,-0.899,12.749,10.50
115.44786,-0.899,12.749,10.50
115.45819,-0.863,13.447,10.50
115.48042,-0.809,14.536,10.50
115.49061,-0.749,15.566,10.50
115.51124,-0.749,15.566,10.50
115.52143,-0.671,16.481,10.50
115.53164,-0.586,17.286,10.50
115.54340,-0.586,17.286,10.50
115.55358,-0.504,17.986,10.50
115.56417,-0.425,18.543,10.50
115.57746,-0.425,18.543,10.50
115.58808,-0.351,18.995,10.50
115.59860,-0.351,18.995,10.50
115.60884,-0.278,19.318,11.00
115.61899,-0.214,19.610,11.00
115.62937,-0.214,19.610,11.00
115.64024,-0.214,19.610,11.00
115.65042,-0.155,19.851,11.00
115.66058,-0.155,19.851,11.00
115.68846,-0.106,20.136,11.00
115.69838,-0.048,20.477,11.00
115.71996,0.060,21.191,11.00
115.73064,0.060,21.191,11.00
115.75111,0.060,21.527,11.00
115.76129,0.091,21.856,11.00
115.77158,0.098,21.856,11.00
115.78426,0.084,22.233,11.00
115.79695,0.084,22.607,11.00
115.81657,-0.019,22.607,11.00
115.82675,-0.019,23.053,11.00
115.83698,-0.019,23.053,11.00
115.85214,-0.075,23.536,11.00
115.86250,-0.125,24.072,11.00
115.87268,-0.125,24.072,11.00
115.88288,-0.165,24.616,11.50
115.89304,-0.165,24.616,11.50
115.90330,-0.205,25.174,11.50
115.91345,-0.205,25.174,11.50
115.92366,-0.267,25.733,11.50
115.93772,-0.267,26.312,11.50
115.95921,-0.336,26.312,11.50
115.96940,-0.409,26.810,11.50
115.99162,-0.409,27.248,11.50
116.00181,-0.545,27.666,11.50
116.02445,-0.585,28.050,11.50
116.03567,-0.585,28.050,11.50
116.04615,-0.613,28.380,11.50
116.05658,-0.613,28.380,11.50
116.06677,-0.633,28.733,11.50
116.07714,-0.633,28.733,11.50
116.08789,-0.636,29.128,11.50
116.09961,-0.638,29.574,11.50
116.10975,-0.638,29.574,11.50
116.12061,-0.642,29.957,11.50
116.13090,-0.642,29.957,11.50
116.14117,-0.640,30.296,11.50
116.15255,-0.640,30.296,11.50
116.16280,-0.643,30.586,11.50
116.17312,-0.643,30.586,11.50
116.20026,-0.640,31.085,11.50
116.21057,-0.640,31.085,11.50
116.23242,-0.640,31.361,12.00
116.24350,-0.619,31.705,12.00
116.26317,-0.619,31.705,12.00
116.27335,-0.605,32.166,12.00
116.29664,-0.605,32.595,12.00
116.30703,-0.544,33.055,12.00
116.32737,-0.544,33.055,12.00
116.33756,-0.514,33.487,12.00
116.34772,-0.478,33.880,12.00
116.36033,-0.478,33.880,12.00
116.37048,-0.438,34.251,12.00
116.38078,-0.438,34.601,12.00
116.39163,-0.398,34.601,12.00
116.40199,-0.364,34.933,12.00
116.41231,-0.364,34.933,12.00
116.42591,-0.331,35.249,12.00
116.43696,-0.331,35.525,12.00
116.44729,-0.299,35.525,12.00
116.45749,-0.268,35.807,12.00
116.46765,-0.268,35.807,12.00
116.47860,-0.268,35.807,12.00
116.48875,-0.246,36.088,12.00
116.49955,-0.219,36.412,12.00
116.50971,-0.219,36.412,12.00
116.53515,-0.219,36.412,12.00
116.54533,-0.178,37.144,12.00
116.56774,-0.178,37.506,12.00
116.57796,-0.182,37.895,12.00
116.60347,-0.208,37.895,12.00
116.61399,-0.208,38.245,12.00
116.63173,-0.208,38.545,12.00
116.64208,-0.231,38.545,12.00
116.66432,-0.233,39.137,12.00
116.67454,-0.233,39.137,12.00
116.68479,-0.232,39.381,12.00
116.69566,-0.232,39.381,12.00
116.70594,-0.240,39.613,12.00
116.71610,-0.240,39.613,12.00
116.72795,-0.253,39.820,12.00
116.73815,-0.262,39.820,12.00
116.74832,-0.262,40.039,12.00
116.75974,-0.262,40.290,12.00
116.77200,-0.260,40.290,12.00
116.78217,-0.260,40.536,12.00
116.79311,-0.260,40.536,12.00
116.80326,-0.265,40.780,12.00
116.81342,-0.265,40.780,12.00
116.82607,-0.274,41.039,12.00
116.83624,-0.274,41.039,12.00
116.84640,-0.283,41.365,12.00
116.87117,-0.283,41.365,12.00
116.88135,-0.258,42.089,12.00
116.90392,-0.240,42.089,12.00
116.91409,-0.240,42.448,12.00
116.93700,-0.192,42.960,12.00
116.94716,-0.192,42.960,12.00
116.96803,-0.161,42.960,12.00
116.97827,-0.124,43.137,12.00
116.99963,-0.124,43.442,12.00
117.01006,-0.086,43.442,12.00
117.02042,-0.086,43.588,12.00
117.03075,-0.049,43.588,0.00
117.04179,-0.019,43.747,0.00
117.05217,-0.019,43.747,0.00
117.06248,-0.019,43.906,0.00
117.07287,0.015,43.906,0.00
117.08323,0.062,44.109,0.00
117.09352,0.062,44.109,0.00
117.10396,0.100,44.339,0.00
117.11414,0.100,44.339,0.00
117.12452,0.119,44.620,0.00
117.13497,0.119,44.620,0.00
117.14513,0.135,44.905,0.00
117.15565,0.135,44.905,0.00
117.16684,0.141,45.149,0.00
117.17699,0.141,45.149,0.00
117.18715,0.147,45.354,0.00
117.19736,0.147,45.354,0.00
117.20751,0.146,45.508,0.00
117.21768,0.146,45.508,0.00
117.22784,0.133,45.648,0.00
117.23801,0.133,45.648,0.00
117.24817,0.123,45.783,0.00
117.25858,0.123,45.869,0.00
117.26873,0.111,45.869,0.00
117.27889,0.094,45.869,0.00
117.28906,0.094,45.952,0.00
117.29927,0.063,45.952,0.00
117.30943,0.063,46.037,0.00
117.31959,0.030,46.124,0.00
117.32975,0.030,46.124,0.00
117.34013,0.009,46.225,0.00
117.35032,0.009,46.225,0.00
117.36354,-0.005,46.329,0.00
117.37370,-0.005,46.329,0.00
117.38395,-0.052,46.457,0.00
117.39419,-0.052,46.457,0.00
117.40437,-0.166,46.607,0.00
117.41712,-0.166,46.727,0.00
117.42728,-0.278,46.727,0.00
117.43749,-0.278,46.727,0.00
117.44766,-0.326,46.838,0.00
117.45810,-0.326,46.838,0.00
117.46826,-0.362,46.922,0.00
117.47841,-0.431,46.922,0.00
117.48857,-0.431,46.941,0.00
117.49873,-0.515,46.941,0.00
117.50889,-0.515,46.908,0.00
117.52070,-0.515,46.908,0.00
117.53087,-0.596,46.851,0.00
117.54102,-0.674,46.851,0.00
117.55122,-0.674,46.771,0.00
117.56138,-0.753,46.642,0.00
117.57153,-0.753,46.642,0.00
117.58170,-0.800,46.501,0.00
117.59187,-0.800,46.501,0.00
117.60206,-0.814,46.335,0.00
117.61239,-0.814,46.335,0.00
117.62255,-0.828,46.155,0.00
117.63301,-0.828,46.155,0.00
117.64318,-0.854,45.947,0.00
117.65341,-0.854,45.947,0.00
117.66358,-0.876,45.688,0.00
117.67384,-0.876,45.688,0.00
117.68400,-0.872,45.383,0.00
117.69417,-0.872,45.383,0.00
117.70432,-0.855,45.056,0.00
117.71451,-0.855,45.056,0.00
117.72481,-0.829,44.640,0.00
117.73503,-0.829,44.640,0.00
117.74597,-0.803,44.136,0.00
117.75634,-0.803,44.136,0.00
117.76650,-0.769,43.387,0.00
117.77671,-0.769,43.387,0.00
117.78706,-0.738,42.520,0.00
117.79749,-0.711,42.520,0.00
117.80764,-0.711,41.719,0.00
117.81783,-0.711,41.719,0.00
117.82810,-0.678,40.867,0.00
117.83833,-0.678,39.816,0.00
117.84917,-0.626,39.816,0.00
117.85933,-0.626,38.524,0.00
117.86949,-0.554,38.524,0.00
117.87964,-0.554,38.524,0.00
117.88979,-0.554,38.524,0.00
117.90000,-0.554,36.915,0.00
117.91117,-0.368,35.435,0.00
117.92154,-0.368,33.893,0.00
117.93197,-0.257,33.893,0.00
117.94246,-0.145,32.231,0.00
117.95414,-0.145,32.231,0.00
117.96430,-0.022,30.429,0.00
117.97613,-0.022,30.429,0.00
117.98633,0.106,28.524,0.00
117.99649,0.106,28.524,0.00
118.00664,0.211,26.597,0.00
118.01681,0.211,26.597,0.00
118.02699,0.291,24.729,0.00
118.03906,0.291,24.729,0.00
118.05454,0.371,22.691,0.00
118.07142,0.455,20.781,0.00
118.08318,0.455,20.781,0.00
118.09975,0.555,18.760,0.00
118.11661,0.555,18.760,0.00
118.12790,0.636,18.760,0.00
118.14137,0.780,12.086,0.00
118.16007,0.827,12.086,0.00
118.17031,0.827,12.086,0.00
118.18252,0.863,12.086,0.00
118.19839,0.863,5.457,0.00
118.20883,0.889,5.457,0.00
118.22208,0.908,3.459,0.00
118.24040,0.920,3.459,0.00
118.25614,0.920,-0.522,0.00
118.26822,0.912,-0.522,0.00
118.28412,0.890,-2.296,0.00
118.29435,0.890,-2.296,0.00
118.31129,0.858,-3.755,0.00
118.32213,0.858,-3.755,0.00
118.33899,0.810,-4.837,0.00
118.34996,0.732,-5.602,0.00
118.36264,0.643,-6.119,0.00
118.37922,0.643,-6.200,0.00
118.39049,0.548,-6.200,0.00
118.40071,0.446,-6.200,0.00
118.41738,0.446,-5.955,0.00
118.42943,0.352,-5.433,0.00
118.44813,0.267,-4.697,0.00
118.46034,0.267,-4.697,0.00
118.47233,0.267,-3.868,0.00
118.48503,0.191,-3.868,0.00
118.50129,0.191,-3.868,0.00
118.51797,0.191,-2.962,0.00
118.52918,-0.037,-1.075,0.00
118.53940,-0.037,-0.271,0.00
118.55088,-0.095,-0.271,0.00
118.57109,-0.095,-0.271,0.00
118.58255,-0.216,0.984,0.00
118.59285,-0.216,0.984,0.00
118.60839,-0.216,0.984,0.00
118.61987,-0.311,1.777,0.00
118.63014,-0.311,1.777,0.00
118.64666,-0.322,1.994,0.00
118.65880,-0.322,1.994,0.00
118.67743,-0.322,2.080,0.00
118.69347,-0.324,1.976,0.00
118.70474,-0.324,1.976,0.00
118.71566,-0.336,1.736,0.00
118.73166,-0.357,1.459,0.00
118.74185,-0.380,1.459,0.00
118.75249,-0.380,1.105,0.00
118.76340,-0.389,0.661,0.00
118.77425,-0.389,0.661,0.00
118.79099,-0.407,0.661,0.00
118.80723,-0.436,-0.260,0.00
118.82339,-0.436,-0.260,0.00
118.83931,-0.473,-0.674,0.00
118.86410,-0.495,-1.025,0.00
118.87564,-0.505,-1.202,0.00
118.88580,-0.505,-1.202,0.00
118.89715,-0.498,-1.297,0.00
118.90861,-0.474,-1.297,0.00
118.92006,-0.446,-1.278,0.00
118.93022,-0.446,-1.278,0.00
118.94343,-0.413,-1.278,0.00
118.95383,-0.413,-1.136,0.00
118.96432,-0.377,-1.136,0.00
118.97916,-0.346,-0.416,0.00
118.98947,-0.346,-0.416,0.00
118.99971,-0.346,-0.416,0.00
119.01565,-0.316,0.152,0.00
119.02699,-0.316,0.710,0.00
119.08258,-0.288,0.799,0.00
119.15077,-0.279,0.799,0.00
119.16234,-0.242,-0.118,0.00
119.17266,-0.242,-0.023,0.00
119.18282,-0.238,-0.043,0.00
119.19301,-0.238,-0.043,0.00
119.20339,-0.231,0.055,0.00
119.21362,-0.231,0.055,0.00
119.22388,-0.222,0.218,0.00
119.23404,-0.222,0.218,0.00
119.24424,-0.209,0.384,0.00
119.25445,-0.209,0.384,0.00
119.26461,-0.190,0.534,0.00
119.27533,-0.190,0.534,0.00
119.28552,-0.170,0.602,0.00
119.29642,-0.170,0.602,0.00
119.30658,-0.160,0.628,0.00
119.31703,-0.163,0.604,0.00
119.32718,-0.163,0.604,0.00
119.33760,-0.163,0.521,0.00
119.34823,-0.177,0.521,0.00
119.35840,-0.177,0.456,0.00
119.36864,-0.187,0.456,0.00
119.37881,-0.187,0.456,0.00
119.38897,-0.209,0.432,0.00
119.39914,-0.209,0.432,0.00
119.40929,-0.230,0.442,0.00
119.41947,-0.247,0.442,0.00
119.42963,-0.247,0.469,0.00
119.43989,-0.256,0.469,0.00
119.45005,-0.256,0.508,0.00
119.46024,-0.256,0.508,0.00
119.47042,-0.256,0.556,0.00
119.48057,-0.257,0.609,0.00
119.49073,-0.257,0.609,0.00
119.50089,-0.261,0.656,0.00
119.51104,-0.261,0.656,0.00
119.52120,-0.253,0.674,0.00
119.53135,-0.253,0.674,0.00
119.54150,-0.244,0.669,0.00
119.55194,-0.244,0.669,0.00
119.56209,-0.234,0.640,0.00
119.57279,-0.234,0.640,0.00
119.58294,-0.226,0.605,0.00
119.59316,-0.226,0.605,0.00
119.60335,-0.223,0.571,0.00
119.61389,-0.223,0.571,0.00
119.62404,-0.224,0.540,0.00
119.63436,-0.224,0.540,0.00
119.64453,-0.226,0.527,0.00
119.65473,-0.226,0.527,0.00
119.66499,-0.221,0.548,0.00
119.67561,-0.221,0.548,0.00
119.68586,-0.215,0.568,0.00
119.69612,-0.215,0.568,0.00
119.70629,-0.215,0.610,0.00
119.71702,-0.215,0.610,0.00
119.72689,-0.230,0.653,0.00
119.73744,-0.230,0.653,0.00
119.74761,-0.244,0.692,0.00
119.75799,-0.244,0.692,0.00
119.76820,-0.251,0.742,0.00
119.77839,-0.258,0.767,0.00
119.78856,-0.258,0.767,0.00
119.79874,-0.258,0.817,0.00
119.80890,-0.258,0.817,0.00
119.81907,-0.269,0.765,0.00
119.82923,-0.269,0.765,0.00
119.83943,-0.269,0.765,0.00
119.84959,-0.287,0.721,0.00
119.85985,-0.287,0.721,0.00
119.87001,-0.306,0.725,0.00
119.88017,-0.306,0.725,0.00
119.89033,-0.325,0.738,0.00
119.90083,-0.325,0.738,0.00
119.91099,-0.339,0.737,0.00
119.92116,-0.339,0.737,0.00
119.93133,-0.351,0.738,0.00
119.94214,-0.358,0.772,0.00
119.95229,-0.358,0.772,0.00
119.96246,-0.370,0.831,0.00
119.97261,-0.370,0.831,0.00
119.98276,-0.386,0.874,0.00
119.99292,-0.386,0.874,0.00
120.00334,-0.401,0.909,0.00
120.01350,-0.401,0.909,0.00
120.02388,-0.410,0.950,0.00
120.03416,-0.410,0.950,0.00
120.04462,-0.418,0.956,0.00
120.05495,-0.418,0.956,0.00
120.06535,-0.430,0.939,0.00
120.07567,-0.430,0.939,0.00
120.08594,-0.457,0.914,0.00
120.09625,-0.457,0.914,0.00
120.10657,-0.483,0.843,0.00
120.11677,-0.483,0.843,0.00
120.12693,-0.504,0.745,0.00
120.13709,-0.504,0.745,0.00
120.14725,-0.516,0.687,0.00
120.15741,-0.516,0.687,0.00
120.16758,-0.516,0.656,0.00
120.17777,-0.516,0.656,0.00
120.18805,-0.515,0.696,0.00
120.19824,-0.510,0.728,0.00
120.20837,-0.510,0.728,0.00
120.21863,-0.513,0.693,0.00
120.22878,-0.513,0.693,0.00
120.23893,-0.528,0.721,0.00
120.24907,-0.528,0.721,0.00
120.25933,-0.533,0.837,0.00
120.26968,-0.533,0.837,0.00
120.28038,-0.525,0.837,0.00
120.29053,-0.525,0.971,0.00
120.30069,-0.507,0.978,0.00
120.31085,-0.507,0.978,0.00
120.32122,-0.489,0.955,0.00
120.33138,-0.489,0.955,0.00
120.34153,-0.489,0.971,0.00
120.35172,-0.479,0.971,0.00
120.36192,-0.468,0.959,0.00
120.37239,-0.468,0.959,0.00
120.38269,-0.465,0.905,0.00
120.39283,-0.465,0.905,0.00
120.40299,-0.471,0.838,0.00
120.41315,-0.471,0.838,0.00
120.42331,-0.487,0.787,0.00
120.43345,-0.487,0.787,0.00
120.44362,-0.509,0.757,0.00
120.45378,-0.509,0.757,0.00
120.46400,-0.545,0.709,0.00
120.47639,-0.545,0.661,0.00
120.48657,-0.598,0.661,0.00
120.49673,-0.598,0.661,0.00
120.50689,-0.637,0.664,0.00
120.51706,-0.637,0.664,0.00
120.52739,-0.661,0.766,0.00
120.53784,-0.661,0.766,0.00
120.54818,-0.676,0.894,0.00
120.55868,-0.676,0.894,0.00
120.56885,-0.698,0.984,0.00
120.57902,-0.723,0.984,0.00
120.58917,-0.723,0.977,0.00
120.59934,-0.723,0.977,0.00
120.60950,-0.735,0.832,0.00
120.61966,-0.739,0.832,0.00
120.62982,-0.739,0.619,0.00
120.64014,-0.739,0.514,0.00
120.65042,-0.737,0.514,0.00
120.66063,-0.737,0.478,0.00
120.67080,-0.729,0.478,0.00
120.68096,-0.729,0.455,0.00
120.69112,-0.727,0.455,0.00
120.70130,-0.737,0.482,0.00
120.71147,-0.737,0.482,0.00
120.72193,-0.753,0.623,0.00
120.73209,-0.753,0.623,0.00
120.74226,-0.754,0.741,0.00
120.75241,-0.754,0.741,0.00
120.76258,-0.739,0.754,0.00
120.77273,-0.739,0.754,0.00
120.78289,-0.734,0.718,0.00
120.79304,-0.734,0.718,0.00
120.80320,-0.739,0.714,0.00
120.81343,-0.739,0.714,0.00
120.82458,-0.739,0.713,0.00
120.83476,-0.739,0.713,0.00
120.84493,-0.720,0.667,0.00
120.85516,-0.720,0.667,0.00
120.86545,-0.673,0.619,0.00
120.87561,-0.673,0.619,0.00
120.88576,-0.636,0.588,0.00
120.89601,-0.636,0.588,0.00
120.90619,-0.594,0.554,0.00
120.91678,-0.594,0.554,0.00
120.92695,-0.499,0.517,0.00
120.93726,-0.499,0.517,0.00
120.94742,-0.316,0.471,0.00
120.95907,-0.316,0.477,0.00
120.96942,-0.033,0.477,0.00
120.97999,0.291,0.478,0.00
120.99032,0.291,0.478,0.00
121.00074,0.291,0.473,0.00
121.01100,0.620,0.473,0.00
121.02162,0.926,0.494,0.00
121.03187,0.926,0.494,0.00
121.04203,0.926,0.555,0.00
121.05221,1.204,0.555,0.00
121.06236,1.529,0.654,0.00
121.07259,1.529,0.654,0.00
121.08363,1.893,0.743,0.00
121.09378,1.893,0.743,0.00
121.10398,2.260,0.806,0.00
121.11414,2.260,0.806,0.00
121.12430,2.654,0.830,0.00
121.13454,2.654,0.830,0.00
121.14470,3.098,0.823,0.00
121.15498,3.098,0.823,0.00
121.16511,3.608,0.789,0.00
121.17587,3.608,0.789,0.00
121.18596,4.168,0.743,0.00
121.19757,4.168,0.705,0.00
121.20774,4.773,0.705,0.00
121.21795,4.773,0.705,0.00
121.22811,5.398,0.687,0.00
121.23826,6.033,0.687,0.00
121.24845,6.033,0.687,0.00
121.25860,6.033,0.687,0.00
121.26877,6.718,0.704,0.00
121.27891,6.718,0.704,0.00
121.28931,7.454,0.718,0.00
121.29947,7.454,0.728,0.00
121.30963,8.171,0.728,0.00
121.31989,8.171,0.728,0.00
121.33005,8.870,0.726,0.00
121.34021,8.870,0.717,0.00
121.35036,9.565,0.717,0.00
121.36054,9.565,0.702,0.00
121.38486,10.222,0.688,0.00
121.39678,10.852,0.688,0.00
121.41606,11.482,0.682,8.00
121.42651,12.079,0.685,8.00
121.43677,12.079,0.685,8.00
121.44795,12.650,0.696,8.00
121.45808,13.205,0.696,8.00
121.46847,13.205,0.717,8.00
121.48159,13.205,0.717,8.00
121.49189,13.684,0.744,8.00
121.50205,14.028,0.780,8.00
121.51245,14.028,0.780,8.00
121.52271,14.251,0.820,8.00
121.53288,14.251,0.820,8.00
121.54424,14.363,0.857,8.00
121.55593,14.363,0.857,8.00
121.56609,14.357,0.885,8.00
121.57803,14.357,0.885,8.00
121.58934,14.240,0.894,8.00
121.59950,14.240,0.887,8.00
121.61022,14.024,0.887,8.00
121.62044,13.742,0.887,8.00
121.63061,13.742,0.883,8.00
121.65557,13.393,0.883,8.00
121.66605,12.970,0.885,8.00
121.68788,12.455,0.877,8.00
121.69812,12.455,0.865,8.00
121.71975,11.135,0.851,8.00
121.72992,11.135,0.851,8.00
121.75139,10.381,0.851,8.00
121.76158,10.381,0.841,8.00
121.77174,9.586,0.829,8.00
121.78624,8.765,0.829,8.00
121.79655,8.765,0.801,8.00
121.80672,8.039,0.759,8.00
121.81863,8.039,0.759,8.00
121.82879,7.232,0.692,8.00
121.83900,6.472,0.707,8.00
121.84942,6.472,0.707,8.50
121.85975,5.734,0.608,8.50
121.87018,5.734,0.608,8.50
121.89870,5.734,0.536,8.50
121.90888,4.345,0.466,8.50
121.92736,4.345,0.466,8.50
121.93754,3.769,0.182,8.50
121.96046,3.237,-0.049,8.50
121.97105,2.737,-0.049,8.50
121.99186,2.280,-0.328,8.50
122.00204,1.883,-0.591,8.50
122.01220,1.883,-0.591,8.50
122.02352,1.883,-0.822,8.50
122.03386,1.537,-0.822,8.50
122.04420,1.223,-1.041,8.50
122.05549,1.223,-1.041,8.50
122.06631,0.898,-1.217,8.50
122.07670,0.898,-1.413,8.50
122.08871,0.647,-1.413,8.50
122.09905,0.568,-1.598,8.50
122.10999,0.568,-1.598,8.50
122.12080,0.571,-1.737,8.50
122.13097,0.571,-1.737,8.50
122.14144,0.558,-1.879,8.50
122.15173,0.558,-1.879,8.50
122.16191,0.558,-1.879,8.50
122.17207,0.543,-2.022,8.50
122.20362,0.543,-2.194,9.00
122.21381,0.648,-2.375,9.00
122.23251,0.648,-2.530,9.00
122.24278,0.925,-2.662,9.00
122.25318,0.925,-2.662,9.00
122.26395,1.064,-2.728,9.00
122.27438,1.064,-2.728,9.00
122.28471,1.189,-2.745,9.00
122.29612,1.189,-2.745,9.00
122.30645,1.328,-2.729,9.00
122.31668,1.328,-2.729,9.00
122.32784,1.479,-2.682,9.00
122.33829,1.616,-2.594,9.00
122.34855,1.616,-2.594,9.00
122.36057,1.730,-2.486,9.00
122.37076,1.730,-2.486,9.00
122.38093,1.830,-2.374,9.00
122.39219,1.830,-2.374,9.00
122.40282,1.923,-2.221,9.00
122.41306,1.923,-2.221,9.00
122.44068,1.989,-2.070,9.50
122.45105,2.023,-1.908,9.50
122.47197,2.028,-1.735,9.50
122.48298,2.007,-1.541,9.50
122.50535,1.966,-1.343,9.50
122.51574,1.966,-1.343,9.50
122.53564,1.900,-1.144,9.50
122.54595,1.828,-0.992,9.50
122.57033,1.828,-0.992,9.50
122.58051,1.743,-0.776,9.50
122.59067,1.635,-0.564,9.50
122.60112,1.532,-0.314,9.50
122.61129,1.532,-0.314,9.50
122.62156,1.532,-0.314,9.50
122.64714,1.436,-0.026,9.50
122.65732,1.342,0.309,9.50
122.66749,1.234,0.669,10.00
122.67765,1.234,0.669,10.00
122.68792,1.120,1.059,10.00
122.71206,0.986,1.439,10.00
122.72226,0.851,1.885,10.00
122.74424,0.744,2.293,10.00
122.75639,0.744,2.293,10.00
122.77661,0.658,2.693,10.00
122.78678,0.579,3.090,10.00
122.79740,0.579,3.090,10.00
122.80900,0.512,3.469,10.00
122.81918,0.512,3.469,10.00
122.82934,0.451,3.848,10.00
122.84063,0.393,4.267,10.00
122.85102,0.393,4.267,10.00
122.86117,0.393,4.267,10.00
122.87195,0.334,4.704,10.50
122.88279,0.293,5.217,10.50
122.89325,0.293,5.217,10.50
122.90376,0.293,5.624,10.50
122.91404,0.273,5.624,10.50
122.92438,0.272,5.997,10.50
122.93647,0.272,5.997,10.50
122.94700,0.291,6.426,10.50
122.95715,0.291,6.426,10.50
122.98452,0.314,7.525,10.50
122.99502,0.343,7.525,10.50
123.01715,0.378,8.066,10.50
123.02734,0.409,8.540,10.50
123.04705,0.409,8.540,10.50
123.05721,0.444,8.978,10.50
123.06738,0.473,9.286,10.50
123.08079,0.505,9.514,10.50
123.09098,0.505,9.514,10.50
123.10237,0.546,9.748,11.00
123.11274,0.546,9.748,11.00
123.12317,0.586,10.003,11.00
123.13392,0.586,10.003,11.00
123.14753,0.634,10.295,11.00
123.15855,0.634,10.295,11.00
123.16873,0.680,10.650,11.00
123.17889,0.718,11.018,11.00
123.18904,0.718,11.018,11.00
123.19940,0.754,11.370,11.00
123.21015,0.754,11.370,11.00
123.22059,0.783,11.656,11.00
123.23150,0.783,11.656,11.00
123.25822,0.813,12.117,11.00
123.26858,0.813,12.117,11.00
123.28769,0.807,12.333,11.00
123.29797,0.807,12.333,11.00
123.32323,0.780,12.575,11.00
123.33361,0.745,12.852,11.00
123.35210,0.713,13.127,11.00
123.36274,0.679,13.480,11.00
123.37524,0.679,13.480,11.50
123.38615,0.651,13.833,11.50
123.39638,0.651,13.833,11.50
123.40677,0.621,14.237,11.50
123.41923,0.621,14.237,11.50
123.42939,0.588,14.668,11.50
123.43954,0.550,15.097,11.50
123.45014,0.550,15.097,11.50
123.46031,0.504,15.561,11.50
123.47047,0.504,15.561,11.50
123.49537,0.464,15.561,11.50
123.50558,0.431,16.435,11.50
123.52733,0.431,16.435,11.50
123.53794,0.406,16.877,11.50
123.56011,0.375,17.586,11.50
123.57045,0.341,17.586,11.50
123.59162,0.309,17.586,11.50
123.60177,0.290,17.931,11.50
123.62392,0.274,18.639,11.50
123.63434,0.274,18.639,11.50
123.64454,0.258,18.946,11.50
123.65562,0.258,18.946,11.50
123.66594,0.254,19.256,11.50
123.67738,0.254,19.256,11.50
123.68797,0.254,19.546,11.50
123.69833,0.248,19.546,11.50
123.70853,0.248,19.890,11.50
123.72162,0.248,20.197,12.00
123.73192,0.248,20.197,12.00
123.74203,0.252,20.490,12.00
123.75394,0.252,20.490,12.00
123.76458,0.265,20.803,12.00
123.77538,0.265,20.803,12.00
123.79968,0.272,21.093,12.00
123.81002,0.276,21.394,12.00
123.83240,0.283,21.394,12.00
123.84279,0.281,21.852,12.00
123.86310,0.281,21.852,12.00
123.87334,0.283,22.098,12.00
123.89551,0.292,22.314,12.00
123.90585,0.302,22.538,12.00
123.92866,0.309,22.754,12.00
123.93954,0.319,23.014,12.00
123.95902,0.319,23.014,12.00
123.96938,0.323,23.302,12.00
123.97956,0.323,23.302,12.00
123.99286,0.328,23.593,12.00
124.00315,0.325,23.593,12.00
124.01340,0.325,23.888,12.00
124.02393,0.326,24.205,12.00
124.03589,0.335,24.205,12.00
124.04612,0.335,24.531,12.00
124.05702,0.335,24.531,12.00
124.06719,0.357,24.836,12.00
124.07744,0.382,24.836,12.00
124.08757,0.382,25.136,12.00
124.09789,0.401,25.136,12.00
124.10806,0.401,25.452,12.00
124.13543,0.401,25.452,12.00
124.14567,0.441,26.105,12.00
124.16969,0.452,26.429,12.00
124.18037,0.452,26.780,12.00
124.20016,0.469,27.087,12.00
124.21027,0.487,27.087,12.00
124.23263,0.487,27.322,12.00
124.24280,0.471,27.564,12.00
124.25325,0.471,27.564,12.00
124.26447,0.463,27.791,12.00
124.27612,0.451,27.791,12.00
124.28630,0.451,28.022,12.00
124.29689,0.451,28.022,12.00
124.30711,0.437,28.247,12.00
124.31728,0.437,28.445,12.00
124.32753,0.426,28.445,12.00
124.33774,0.426,28.445,12.00
124.34794,0.415,28.675,12.00
124.36111,0.403,28.675,12.00
124.37131,0.403,28.870,12.00
124.38147,0.403,29.050,12.00
124.39253,0.403,29.050,12.00
124.40271,0.374,29.247,12.00
124.41286,0.374,29.247,12.00
124.42314,0.356,29.445,12.00
124.43332,0.356,29.445,12.00
124.44351,0.348,29.685,12.00
124.45368,0.348,29.685,12.00
124.47195,0.339,29.921,12.00
124.48256,0.336,30.199,12.00
124.50430,0.341,30.519,12.00
124.51480,0.341,30.519,12.00
124.52479,0.328,30.795,0.00
124.53543,0.328,30.795,0.00
124.54582,0.324,31.088,0.00
124.55637,0.324,31.088,0.00
124.56667,0.336,31.379,0.00
124.57761,0.336,31.379,0.00
124.58788,0.352,31.646,0.00
124.59822,0.352,31.646,0.00
124.60857,0.366,31.903,0.00
124.61878,0.366,31.903,0.00
124.62913,0.366,32.129,0.00
124.63931,0.366,32.129,0.00
124.64945,0.360,32.354,0.00
124.65962,0.360,32.354,0.00
124.66978,0.362,32.607,0.00
124.68007,0.362,32.607,0.00
124.69022,0.373,32.841,0.00
124.70039,0.385,33.081,0.00
124.71055,0.385,33.081,0.00
124.72072,0.385,33.081,0.00
124.73088,0.405,33.342,0.00
124.74106,0.430,33.629,0.00
124.75122,0.430,33.629,0.00
124.76139,0.429,33.812,0.00
124.77155,0.429,33.812,0.00
124.78170,0.429,34.105,0.00
124.79196,0.413,34.105,0.00
124.80297,0.402,34.439,0.00
124.81314,0.402,34.439,0.00
124.82339,0.392,34.847,0.00
124.83381,0.392,34.847,0.00
124.84387,0.394,35.116,0.00
124.85413,0.394,35.116,0.00
124.86437,0.395,35.335,0.00
124.87466,0.395,35.335,0.00
124.88482,0.405,35.521,0.00
124.89515,0.405,35.521,0.00
124.90522,0.416,35.661,0.00
124.91542,0.416,35.661,0.00
124.92566,0.416,35.792,0.00
124.93757,0.388,35.792,0.00
124.94772,0.388,35.957,0.00
124.95789,0.388,35.957,0.00
124.96804,0.353,36.103,0.00
124.97821,0.353,36.103,0.00
124.98837,0.318,36.228,0.00
124.99853,0.277,36.326,0.00
125.00869,0.277,36.326,0.00
125.01885,0.246,36.410,0.00
125.02901,0.246,36.410,0.00
125.04012,0.227,36.410,0.00
125.05028,0.227,36.495,0.00
125.06049,0.229,36.587,0.00
125.07064,0.229,36.587,0.00
125.08081,0.238,36.696,0.00
125.09100,0.238,36.696,0.00
125.10117,0.247,36.813,0.00
125.11133,0.247,36.813,0.00
125.12212,0.247,36.813,0.00
125.13230,0.222,36.929,0.00
125.14270,0.151,37.025,0.00
125.15318,0.151,37.025,0.00
125.16337,0.049,37.093,0.00
125.17435,0.049,37.093,0.00
125.18487,-0.056,37.145,0.00
125.19511,-0.056,37.145,0.00
125.20545,-0.141,37.198,0.00
125.21594,-0.141,37.198,0.00
125.22613,-0.207,37.253,0.00
125.23633,-0.207,37.253,0.00
125.24649,-0.252,37.246,0.00
125.25669,-0.252,37.246,0.00
125.26715,-0.280,37.213,0.00
125.27735,-0.280,37.213,0.00
125.28751,-0.281,37.128,0.00
125.29772,-0.281,37.128,0.00
125.30807,-0.252,36.952,0.00
125.31822,-0.216,36.735,0.00
125.32837,-0.216,36.735,0.00
125.33862,-0.181,36.510,0.00
125.34894,-0.181,36.510,0.00
125.35932,-0.144,36.269,0.00
125.36963,-0.144,36.269,0.00
125.38012,-0.119,35.968,0.00
125.39038,-0.119,35.968,0.00
125.40069,-0.119,35.968,0.00
125.41100,-0.079,35.624,0.00
125.42140,-0.016,35.264,0.00
125.43176,-0.016,35.264,0.00
125.44193,0.079,35.264,0.00
125.45210,0.079,34.872,0.00
125.46232,0.165,34.872,0.00
125.47278,0.165,34.349,0.00
125.48370,0.231,33.694,0.00
125.49385,0.231,33.694,0.00
125.50419,0.307,32.813,0.00
125.51469,0.307,32.813,0.00
125.52487,0.401,31.740,0.00
125.53620,0.401,31.740,0.00
125.57217,0.573,29.136,0.00
125.58331,0.573,29.136,0.00
125.60045,0.658,27.657,0.00
125.64019,0.813,24.332,0.00
125.66309,0.977,21.334,0.00
125.67966,0.977,21.334,0.00
125.70529,1.050,19.906,0.00
125.72967,1.169,16.885,0.00
125.74598,1.224,16.885,0.00
125.75817,1.224,15.203,0.00
125.77464,1.265,13.479,0.00
125.79002,1.283,11.545,0.00
125.81808,1.297,9.792,0.00
125.83448,1.297,8.130,0.00
125.84996,1.336,6.524,0.00
125.86652,1.350,4.932,0.00
125.87815,1.350,4.932,0.00
125.88932,1.346,3.363,0.00
125.91083,1.323,3.363,0.00
125.92751,1.277,0.324,0.00
125.95261,1.277,-1.264,0.00
125.97618,1.151,-2.537,0.00
125.99276,1.091,-2.537,0.00
126.00409,1.022,-2.537,0.00
126.01829,1.022,-4.511,0.00
126.03396,0.944,-5.096,0.00
126.04982,0.869,-5.374,0.00
126.05999,0.869,-5.374,0.00
126.07601,0.786,-5.374,0.00
126.08628,0.689,-5.341,0.00
126.11040,0.586,-5.092,0.00
126.12741,0.487,-3.998,0.00
126.14316,0.381,-3.998,0.00
126.16027,0.381,-2.517,0.00
126.17795,0.282,-2.517,0.00
126.18976,0.204,-1.719,0.00
126.20050,0.204,-1.719,0.00
126.21123,0.136,-1.063,0.00
126.23334,0.098,-0.415,0.00
126.24749,0.098,-0.415,0.00
126.25775,0.066,0.247,0.00
126.26809,0.066,0.944,0.00
126.28820,0.077,1.581,0.00
126.29873,0.077,1.932,0.00
126.33573,0.120,2.203,0.00
126.35172,0.131,2.306,0.00
126.37343,0.143,2.095,0.00
126.38887,0.158,2.095,0.00
126.39985,0.176,1.703,0.00
126.41556,0.176,1.703,0.00
126.43266,0.198,0.986,0.00
126.44945,0.226,0.688,0.00
126.46036,0.255,0.688,0.00
126.47933,0.255,0.688,0.00
126.48950,0.272,0.484,0.00
126.50496,0.307,0.484,0.00
126.51627,0.307,0.514,0.00
126.52649,0.344,0.514,0.00
126.58981,0.448,1.223,0.00
126.60031,0.448,1.223,0.00
126.65363,0.559,1.223,0.00
126.66405,0.590,1.298,0.00
126.67433,-0.068,-0.642,0.00
126.68462,-0.041,-0.789,0.00
126.69575,-0.041,-0.789,0.00
126.70681,-0.025,-0.927,0.00
126.71697,-0.025,-0.927,0.00
126.72712,-0.021,-1.025,0.00
126.73727,-0.021,-1.025,0.00
126.74752,-0.024,-1.062,0.00
126.75767,-0.048,-1.038,0.00
126.76817,-0.048,-1.038,0.00
126.77848,-0.095,-0.966,0.00
126.78878,-0.095,-0.966,0.00
126.79894,-0.095,-0.878,0.00
126.80910,-0.140,-0.878,0.00
126.81928,-0.140,-0.813,0.00
126.82974,-0.182,-0.813,0.00
126.83990,-0.182,-0.813,0.00
126.85010,-0.229,-0.782,0.00
126.86031,-0.279,-0.782,0.00
126.87046,-0.279,-0.780,0.00
126.88062,-0.324,-0.785,0.00
126.89078,-0.324,-0.785,0.00
126.90095,-0.361,-0.801,0.00
126.91128,-0.361,-0.801,0.00
126.92149,-0.388,-0.807,0.00
126.93165,-0.388,-0.807,0.00
126.94182,-0.416,-0.793,0.00
126.95355,-0.416,-0.793,0.00
126.96371,-0.439,-0.764,0.00
126.97392,-0.439,-0.764,0.00
126.98407,-0.461,-0.725,0.00
126.99423,-0.461,-0.725,0.00
127.00441,-0.484,-0.686,0.00
127.01462,-0.484,-0.686,0.00
127.02479,-0.510,-0.652,0.00
127.03496,-0.510,-0.652,0.00
127.04512,-0.536,-0.623,0.00
127.05535,-0.536,-0.623,0.00
127.06551,-0.569,-0.601,0.00
127.07652,-0.569,-0.601,0.00
127.08670,-0.606,-0.594,0.00
127.09770,-0.606,-0.594,0.00
127.10798,-0.642,-0.598,0.00
127.11814,-0.681,-0.598,0.00
127.12831,-0.681,-0.602,0.00
127.13851,-0.681,-0.602,0.00
127.14897,-0.711,-0.612,0.00
127.15913,-0.711,-0.621,0.00
127.16931,-0.736,-0.621,0.00
127.17949,-0.736,-0.630,0.00
127.18964,-0.759,-0.630,0.00
127.20000,-0.784,-0.630,0.00
127.21016,-0.784,-0.635,0.00
127.22125,-0.809,-0.635,0.00
127.23139,-0.809,-0.640,0.00
127.24155,-0.822,-0.640,0.00
127.25171,-0.822,-0.648,0.00
127.26187,-0.834,-0.654,0.00
127.27210,-0.834,-0.654,0.00
127.28225,-0.852,-0.657,0.00
127.29240,-0.852,-0.657,0.00
127.30255,-0.874,-0.659,0.00
127.31305,-0.874,-0.659,0.00
127.32336,-0.901,-0.659,0.00
127.33388,-0.901,-0.659,0.00
127.34431,-0.923,-0.664,0.00
127.35479,-0.923,-0.664,0.00
127.36496,-0.942,-0.665,0.00
127.37522,-0.942,-0.665,0.00
127.38550,-0.959,-0.667,0.00
127.39594,-0.959,-0.667,0.00
127.40602,-0.968,-0.669,0.00
127.41618,-0.968,-0.669,0.00
127.42634,-0.983,-0.666,0.00
127.43669,-0.983,-0.666,0.00
127.44701,-1.001,-0.660,0.00
127.45749,-1.001,-0.660,0.00
127.46764,-1.012,-0.658,0.00
127.47789,-1.012,-0.658,0.00
127.48804,-1.018,-0.658,0.00
127.49823,-1.018,-0.661,0.00
127.50839,-1.024,-0.661,0.00
127.51854,-1.036,-0.661,0.00
127.52870,-1.036,-0.661,0.00
127.53885,-1.050,-0.661,0.00
127.54899,-1.050,-0.658,0.00
127.55917,-1.050,-0.658,0.00
127.56933,-1.061,-0.652,0.00
127.57949,-1.061,-0.652,0.00
127.58966,-1.072,-0.648,0.00
127.59984,-1.072,-0.648,0.00
127.61004,-1.082,-0.644,0.00
127.62020,-1.082,-0.644,0.00
127.63036,-1.093,-0.645,0.00
127.64088,-1.093,-0.649,0.00
127.65103,-1.107,-0.649,0.00
127.66118,-1.107,-0.654,0.00
127.67133,-1.115,-0.654,0.00
127.68148,-1.122,-0.657,0.00
127.69166,-1.122,-0.657,0.00
127.70186,-1.125,-0.660,0.00
127.71202,-1.125,-0.660,0.00
127.72218,-1.126,-0.663,0.00
127.73343,-1.126,-0.663,0.00
127.74365,-1.130,-0.664,0.00
127.75381,-1.130,-0.664,0.00
127.76434,-1.130,-0.670,0.00
127.77453,-1.130,-0.670,0.00
127.78489,-1.131,-0.674,0.00
127.79515,-1.131,-0.674,0.00
127.80532,-1.124,-0.686,0.00
127.81561,-1.124,-0.686,0.00
127.82578,-1.117,-0.695,0.00
127.83598,-1.117,-0.695,0.00
127.84615,-1.119,-0.703,0.00
127.85635,-1.119,-0.703,0.00
127.86645,-1.126,-0.709,0.00
127.87660,-1.126,-0.717,0.00
127.88708,-1.133,-0.717,0.00
127.89756,-1.131,-0.722,0.00
127.90771,-1.131,-0.722,0.00
127.91834,-1.129,-0.728,0.00
127.92848,-1.129,-0.728,0.00
127.93886,-1.128,-0.731,0.00
127.94919,-1.128,-0.731,0.00
127.95935,-1.127,-0.731,0.00
127.97012,-1.127,-0.731,0.00
127.98030,-1.133,-0.728,0.00
127.99045,-1.133,-0.728,0.00
128.00171,-1.142,-0.723,0.00
128.01188,-1.142,-0.723,0.00
128.02203,-1.152,-0.722,0.00
128.03219,-1.152,-0.722,0.00
128.04234,-1.159,-0.724,0.00
128.05260,-1.159,-0.724,0.00
128.06283,-1.163,-0.726,0.00
128.07308,-1.163,-0.726,0.00
128.08333,-1.174,-0.730,0.00
128.09528,-1.174,-0.730,0.00
128.10554,-1.180,-0.732,0.00
128.11573,-1.180,-0.732,0.00
128.12600,-1.174,-0.734,0.00
128.13694,-1.174,-0.734,0.00
128.14891,-1.167,-0.735,0.00
128.15909,-1.167,-0.735,0.00
128.16924,-1.162,-0.737,0.00
128.17939,-1.162,-0.737,0.00
128.18955,-1.163,-0.739,0.00
128.19970,-1.168,-0.739,0.00
128.20987,-1.168,-0.739,0.00
128.22003,-1.169,-0.735,0.00
128.23019,-1.169,-0.735,0.00
128.24036,-1.169,-0.731,0.00
128.25052,-1.169,-0.731,0.00
128.26071,-1.169,-0.726,0.00
128.27102,-1.171,-0.726,0.00
128.28122,-1.171,-0.726,0.00
128.29137,-1.170,-0.720,0.00
128.30154,-1.166,-0.720,0.00
128.31174,-1.166,-0.716,0.00
128.32193,-1.170,-0.714,0.00
128.33208,-1.170,-0.714,0.00
128.34225,-1.176,-0.714,0.00
128.35303,-1.176,-0.714,0.00
128.36319,-1.179,-0.714,0.00
128.37402,-1.179,-0.716,0.00
128.38418,-1.182,-0.718,0.00
128.39523,-1.182,-0.718,0.00
128.40532,-1.181,-0.721,0.00
128.41557,-1.181,-0.721,0.00
128.42576,-1.178,-0.724,0.00
128.43733,-1.178,-0.724,0.00
128.44749,-1.175,-0.722,0.00
128.45764,-1.180,-0.727,0.00
128.46792,-1.180,-0.727,0.00
128.47904,-1.180,-0.727,0.00
128.48938,-1.179,-0.734,0.00
128.49952,-1.175,-0.739,0.00
128.50970,-1.175,-0.739,0.00
128.52003,-1.175,-0.745,0.00
128.53028,-1.171,-0.745,0.00
128.54043,-1.171,-0.757,0.00
128.55059,-1.172,-0.757,0.00
128.56075,-1.175,-0.770,0.00
128.57092,-1.175,-0.770,0.00
128.58164,-1.172,-0.780,0.00
128.59189,-1.172,-0.780,0.00
128.60266,-1.166,-0.789,0.00
128.61287,-1.166,-0.789,0.00
128.62303,-1.156,-0.796,0.00
128.63349,-1.156,-0.796,0.00
128.64366,-1.148,-0.800,0.00
128.65382,-1.148,-0.800,0.00
128.66404,-1.145,-0.805,0.00
128.67420,-1.145,-0.805,0.00
128.68509,-1.145,-0.805,0.00
128.69546,-1.145,-0.805,0.00
128.70561,-1.138,-0.806,0.00
128.71589,-1.138,-0.806,0.00
128.72614,-1.134,-0.809,0.00
128.73659,-1.134,-0.809,0.00
128.74678,-1.126,-0.810,0.00
128.75694,-1.126,-0.810,0.00
128.76710,-1.112,-0.816,0.00
128.77728,-1.112,-0.816,0.00
128.78746,-1.088,-0.820,0.00
128.79788,-1.063,-0.820,0.00
128.80817,-1.063,-0.827,0.00
128.81837,-1.063,-0.827,0.00
128.82856,-1.034,-0.837,0.00
128.83877,-1.034,-0.837,0.00
128.84894,-1.004,-0.844,0.00
128.85910,-1.004,-0.844,0.00
128.86925,-0.969,-0.852,0.00
128.87941,-0.969,-0.856,0.00
128.88956,-0.925,-0.856,0.00
128.90000,-0.925,-0.858,0.00
128.91019,-0.870,-0.858,0.00
128.92034,-0.870,-0.858,0.00
128.93051,-0.808,-0.862,0.00
128.94066,-0.731,-0.866,0.00
128.95087,-0.731,-0.866,0.00
128.96101,-0.603,-0.867,0.00
128.97115,-0.603,-0.867,0.00
128.98130,-0.603,-0.864,0.00
128.99146,-0.439,-0.864,0.00
129.00167,-0.439,-0.861,0.00
129.01202,-0.261,-0.861,0.00
129.02247,-0.063,-0.864,0.00
129.03337,-0.063,-0.864,0.00
129.04363,0.126,-0.867,0.00
129.05389,0.126,-0.867,0.00
129.06406,0.333,-0.871,0.00
129.07425,0.333,-0.871,0.00
129.08451,0.571,-0.877,0.00
129.09474,0.571,-0.877,0.00
129.10490,0.849,-0.881,0.00
129.11512,0.849,-0.881,0.00
129.12531,1.155,-0.878,0.00
129.13564,1.155,-0.878,0.00
129.14581,1.469,-0.877,0.00
129.15625,1.469,-0.877,0.00
129.16632,1.804,-0.870,0.00
129.17659,1.804,-0.870,0.00
129.18676,2.182,-0.858,0.00
129.19697,2.182,-0.858,0.00
129.20723,2.576,-0.844,0.00
129.21775,2.970,-0.833,0.00
129.22798,2.970,-0.833,0.00
129.23815,2.970,-0.833,0.00
129.24832,3.321,-0.819,0.00
129.25848,3.321,-0.819,0.00
129.26920,3.726,-0.798,0.00
129.27935,3.726,-0.798,0.00
129.28950,4.133,-0.771,0.00
129.29966,4.133,-0.771,0.00
129.30982,4.549,-0.742,0.00
129.31997,4.549,-0.710,0.00
129.33013,4.993,-0.710,0.00
129.34029,5.442,-0.666,0.00
129.35045,5.442,-0.666,0.00
129.36252,5.884,-0.629,0.00
129.37410,5.884,-0.629,0.00
129.38447,6.306,-0.598,0.00
129.39496,6.306,-0.598,0.00
129.40524,6.704,-0.576,0.00
129.41572,6.704,-0.576,0.00
129.42588,7.066,-0.560,0.00
129.43664,7.066,-0.560,0.00
129.44680,7.373,-0.546,0.00
129.45695,7.373,-0.546,0.00
129.46711,7.610,-0.531,0.00
129.47737,7.610,-0.531,0.00
129.48753,7.757,-0.517,0.00
129.49768,7.757,-0.517,0.00
129.50784,7.784,-0.496,0.00
129.51867,7.784,-0.496,0.00
129.52906,7.704,-0.478,0.00
129.53944,7.704,-0.463,0.00
129.54960,7.586,-0.463,0.00
129.55975,7.586,-0.441,0.00
129.56990,7.439,-0.441,0.00
129.58005,7.283,-0.426,0.00
129.59021,7.283,-0.426,0.00
129.60037,7.092,-0.414,0.00
129.61052,7.092,-0.414,0.00
129.62084,6.839,-0.403,0.00
129.63115,6.839,-0.403,0.00
129.64148,6.546,-0.387,0.00
129.65202,6.546,-0.387,0.00
129.66220,6.192,-0.371,0.00
129.67234,6.192,-0.371,0.00
129.68250,5.841,-0.368,0.00
129.69267,5.841,-0.368,0.00
129.70285,5.841,-0.385,0.00
129.71301,5.496,-0.385,0.00
129.72317,5.100,-0.411,0.00
129.73377,5.100,-0.411,0.00
129.74441,4.681,-0.433,0.00
129.75688,4.303,-0.453,0.00
129.76725,4.303,-0.453,0.00
129.77759,4.303,-0.496,0.00
129.78791,4.015,-0.496,0.00
129.79852,4.015,-0.496,0.00
129.80870,3.798,-0.575,0.00
129.81904,3.641,-0.691,0.00
129.82937,3.641,-0.691,0.00
129.83955,3.525,-0.691,0.00
129.84973,3.525,-0.779,0.00
129.85994,3.469,-0.779,0.00
129.87010,3.469,-0.862,0.00
129.88025,3.469,-0.862,0.00
129.89041,3.471,-0.945,0.00
129.90056,3.471,-1.041,0.00
129.91072,3.555,-1.041,0.00
129.92090,3.701,-1.158,0.00
129.93120,3.701,-1.158,0.00
129.94136,3.913,-1.311,0.00
129.95152,3.913,-1.311,0.00
129.96168,4.210,-1.471,0.00
129.97204,4.210,-1.471,0.00
129.98219,4.603,-1.592,0.00
129.99234,4.603,-1.592,0.00
130.00251,5.066,-1.682,0.00
130.01545,5.066,-1.682,0.00
130.02561,5.632,-1.761,0.00
130.03595,5.632,-1.761,0.00
130.04611,6.323,-1.827,0.00
130.05628,6.323,-1.827,0.00
130.06670,7.090,-1.878,0.00
130.07688,7.090,-1.878,0.00
130.08705,7.920,-1.926,0.00
130.09722,7.920,-1.926,0.00
130.10756,8.818,-1.980,0.00
130.11782,9.772,-2.030,0.00
130.12799,9.772,-2.030,0.00
130.13819,10.765,-2.076,0.00
130.15156,10.765,-2.076,0.00
130.16189,11.797,-2.122,0.00
130.17224,11.797,-2.122,0.00
130.18364,12.860,-2.170,8.00
130.19380,12.860,-2.170,8.00
130.20413,13.956,-2.215,8.00
130.21662,13.956,-2.215,8.00
130.22680,15.098,-2.240,8.00
130.23710,15.098,-2.240,8.00
130.24764,16.228,-2.242,8.00
130.25795,16.228,-2.242,8.00
130.26817,17.314,-2.236,8.00
130.29490,17.314,-2.236,8.00
130.30507,19.254,-2.179,8.00
130.32772,19.254,-2.139,8.00
130.33806,20.034,-2.104,8.00
130.35965,21.221,-2.074,8.00
130.36996,21.221,-2.074,8.00
130.39186,21.632,-2.074,8.00
130.40309,21.887,-2.037,8.00
130.42386,21.959,-2.020,8.00
130.43414,21.959,-2.020,8.00
130.44458,21.818,-2.005,8.00
130.45542,21.818,-2.005,8.00
130.46563,21.479,-1.990,8.00
130.47606,21.479,-1.970,8.00
130.48772,20.962,-1.970,8.00
130.49788,20.298,-1.970,8.00
130.50805,20.298,-1.954,8.00
130.53520,20.298,-1.954,8.00
130.54539,18.646,-1.947,8.00
130.56694,18.646,-1.947,8.00
130.57715,17.618,-1.953,8.00
130.59948,15.187,-1.960,8.00
130.60966,15.187,-1.988,8.00
130.63187,13.837,-1.973,8.50
130.64203,13.837,-1.970,8.50
130.65220,12.476,-1.970,8.50
130.66337,11.090,-1.970,8.50
130.67357,11.090,-1.951,8.50
130.68406,9.635,-1.935,8.50
130.69535,9.635,-1.935,8.50
130.70571,8.207,-1.946,8.50
130.71720,8.207,-1.946,8.50
130.72757,6.832,-1.990,8.50
130.73811,5.483,-1.990,8.50
130.74827,5.483,-2.063,8.50
130.76281,4.138,-2.063,8.50
130.77297,4.138,-2.156,8.50
130.78312,2.836,-2.301,8.50
130.79342,2.836,-2.301,8.50
130.80376,1.726,-2.466,8.50
130.81609,1.726,-2.466,8.50
130.84038,0.810,-2.765,8.50
130.85057,-0.057,-2.765,8.50
130.87099,-0.057,-2.765,8.50
130.88119,-1.725,-2.978,8.50
130.90390,-1.725,-2.978,8.50
130.91409,-2.342,-3.081,8.50
130.93712,-2.484,-3.209,8.50
130.94733,-2.203,-3.342,8.50
130.97174,-1.844,-3.513,9.00
130.98229,-1.529,-3.668,9.00
131.00016,-1.529,-3.668,9.00
131.01035,-1.187,-3.818,9.00
131.02051,-0.987,-3.964,9.00
131.03139,-0.987,-3.964,9.00
131.04174,-0.857,-3.964,9.00
131.05239,-0.857,-4.101,9.00
131.06544,-0.575,-4.202,9.00
131.07566,-0.575,-4.202,9.00
131.08583,-0.271,-4.264,9.00
131.09654,-0.271,-4.264,9.00
131.10671,-0.068,-4.280,9.00
131.11702,0.019,-4.260,9.00
131.14290,0.019,-4.260,9.00
131.15307,0.045,-4.207,9.00
131.17695,0.083,-4.134,9.00
131.18821,0.152,-4.068,9.00
131.20699,0.152,-4.068,9.50
131.21725,0.175,-3.998,9.50
131.22766,0.128,-3.909,9.50
131.23934,0.128,-3.909,9.50
131.24968,0.128,-3.909,9.50
131.25998,0.038,-3.815,9.50
131.27219,-0.082,-3.686,9.50
131.28267,-0.219,-3.528,9.50
131.29294,-0.219,-3.528,9.50
131.30330,-0.397,-3.528,9.50
131.31512,-0.397,-3.370,9.50
131.32556,-0.603,-3.194,9.50
131.33607,-0.603,-3.194,9.50
131.34623,-0.798,-2.974,9.50
131.35649,-0.798,-2.974,9.50
131.38502,-1.221,-2.449,9.50
131.39518,-1.221,-2.449,9.50
131.41721,-1.221,-2.129,9.50
131.42752,-1.667,-1.788,9.50
131.44732,-1.667,-1.386,10.00
131.45768,-1.903,-1.010,10.00
131.46805,-2.147,-1.010,10.00
131.48013,-2.277,-1.010,10.00
131.49034,-2.277,-0.616,10.00
131.50126,-2.334,-0.212,10.00
131.51224,-2.334,-0.212,10.00
131.52260,-2.333,0.194,10.00
131.53275,-2.333,0.194,10.00
131.54504,-2.252,0.568,10.00
131.55527,-2.252,0.568,10.00
131.56561,-2.144,0.941,10.00
131.59091,-2.144,0.941,10.00
131.60109,-2.032,1.636,10.00
131.62411,-1.923,1.636,10.00
131.63431,-1.837,1.987,10.00
131.65573,-1.837,1.987,10.50
131.66590,-1.751,2.669,10.50
131.68853,-1.748,3.007,10.50
131.69869,-1.751,3.366,10.50
131.72144,-1.751,3.782,10.50
131.73235,-1.748,3.782,10.50
131.75128,-1.761,4.196,10.50
131.76145,-1.796,4.689,10.50
131.77161,-1.796,4.689,10.50
131.78330,-1.847,5.112,10.50
131.79360,-1.847,5.112,10.50
131.80387,-1.917,5.513,10.50
131.83120,-1.996,5.513,10.50
131.84140,-2.077,6.202,10.50
131.86607,-2.077,6.202,10.50
131.87623,-2.159,6.512,10.50
131.89516,-2.263,6.825,11.00
131.90533,-2.341,7.124,11.00
131.92747,-2.380,7.124,11.00
131.93765,-2.380,7.401,11.00
131.94799,-2.391,7.627,11.00
131.95928,-2.391,7.627,11.00
131.96946,-2.355,7.907,11.00
131.97961,-2.291,8.170,11.00
131.99186,-2.291,8.170,11.00
132.00202,-2.234,8.376,11.00
132.01236,-2.234,8.376,11.00
132.02334,-2.234,8.510,11.00
132.03354,-2.201,8.510,11.00
132.04406,-2.169,8.633,11.00
132.05824,-2.126,8.755,11.00
132.06842,-2.126,8.755,11.00
132.07857,-2.126,8.902,11.00
132.10385,-2.059,9.073,11.00
132.11809,-2.050,9.073,11.00
132.13633,-2.058,9.516,11.00
132.14652,-2.058,9.516,11.00
132.16690,-2.058,9.516,11.50
132.17708,-2.066,9.816,11.50
132.18724,-2.090,10.099,11.50
132.19952,-2.090,10.413,11.50
132.20984,-2.128,10.413,11.50
132.22004,-2.169,10.413,11.50
132.23238,-2.169,10.711,11.50
132.24279,-2.210,11.030,11.50
132.25341,-2.210,11.030,11.50
132.26482,-2.256,11.266,11.50
132.27503,-2.256,11.266,11.50
132.28560,-2.301,11.532,11.50
132.29618,-2.301,11.532,11.50
132.30636,-2.323,11.859,11.50
132.31664,-2.323,11.859,11.50
132.32852,-2.311,12.153,11.50
132.33869,-2.274,12.446,11.50
132.34884,-2.274,12.446,11.50
132.37898,-2.223,12.691,11.50
132.38915,-2.182,12.941,11.50
132.40742,-2.148,12.941,11.50
132.41806,-2.148,13.225,11.50
132.44089,-2.073,13.776,11.50
132.45107,-2.073,13.776,11.50
132.47118,-2.050,13.776,11.50
132.48137,-2.050,14.132,11.50
132.49155,-2.053,14.559,11.50
132.50411,-2.049,14.990,12.00
132.51559,-2.049,14.990,12.00
132.52574,-2.054,15.399,12.00
132.53824,-2.054,15.399,12.00
132.54841,-2.076,15.827,12.00
132.55858,-2.085,16.220,12.00
132.56937,-2.085,16.220,12.00
132.58009,-2.085,16.529,12.00
132.59050,-2.087,16.529,12.00
132.60135,-2.100,16.770,12.00
132.61151,-2.100,16.770,12.00
132.62174,-2.100,17.005,12.00
132.63246,-2.117,17.005,12.00
132.64281,-2.137,17.267,12.00
132.65308,-2.137,17.267,12.00
132.66487,-2.146,17.531,12.00
132.67505,-2.146,17.531,12.00
132.68521,-2.140,17.875,12.00
132.71223,-2.140,18.263,12.00
132.72243,-2.098,18.774,12.00
132.74371,-2.098,19.254,12.00
132.75395,-2.080,19.254,12.00
132.77559,-2.065,19.669,12.00
132.78609,-2.056,20.057,12.00
132.80856,-2.056,20.057,12.00
132.81874,-2.083,20.408,12.00
132.83894,-2.083,20.771,12.00
132.84912,-2.088,21.097,12.00
132.85928,-2.094,21.097,12.00
132.87212,-2.094,21.381,12.00
132.88229,-2.104,21.719,12.00
132.89261,-2.104,21.719,12.00
132.90354,-2.113,21.719,12.00
132.91392,-2.113,22.103,12.00
132.92431,-2.112,22.474,12.00
132.93835,-2.109,22.474,12.00
132.94851,-2.109,22.853,12.00
132.95869,-2.109,22.853,12.00
132.97049,-2.128,23.260,12.00
132.98065,-2.138,23.698,12.00
132.99083,-2.138,23.698,12.00
133.01552,-2.140,24.128,12.00
133.02599,-2.141,24.578,12.00
133.04713,-2.141,24.578,12.00
133.05731,-2.140,25.032,12.00
133.08015,-2.142,25.952,12.00
133.09046,-2.142,25.952,12.00
133.11091,-2.142,25.952,12.00
133.12111,-2.155,26.706,12.00
133.13127,-2.155,26.706,12.00
133.14374,-2.156,26.993,12.00
133.15792,-2.156,26.993,12.00
133.16901,-2.174,27.253,12.00
133.17934,-2.174,27.253,12.00
133.18950,-2.216,27.527,12.00
133.20027,-2.282,27.798,12.00
133.20983,-2.282,27.798,12.00
133.22022,-2.387,28.186,12.00
133.23033,-2.387,28.186,12.00
133.24206,-2.534,28.599,12.00
133.25236,-2.534,28.599,12.00
133.26252,-2.659,29.081,12.00
133.27276,-2.659,29.081,12.00
133.28291,-2.736,29.549,12.00
133.29324,-2.736,29.549,12.00
133.30434,-2.787,29.977,0.00
133.31462,-2.787,29.977,0.00
133.32507,-2.803,30.358,0.00
133.33646,-2.803,30.358,0.00
133.34663,-2.786,30.675,0.00
133.35810,-2.786,30.675,0.00
133.36827,-2.755,30.964,0.00
133.37842,-2.746,31.239,0.00
133.38858,-2.746,31.239,0.00
133.39875,-2.746,31.239,0.00
133.40889,-2.726,31.436,0.00
133.41904,-2.737,31.623,0.00
133.42919,-2.737,31.623,0.00
133.43934,-2.742,31.807,0.00
133.44968,-2.742,31.807,0.00
133.45989,-2.731,31.996,0.00
133.47004,-2.731,31.996,0.00
133.48085,-2.725,32.209,0.00
133.49101,-2.725,32.209,0.00
133.50120,-2.739,32.444,0.00
133.51136,-2.739,32.444,0.00
133.52152,-2.776,32.731,0.00
133.53168,-2.776,32.731,0.00
133.54193,-2.830,33.092,0.00
133.55218,-2.830,33.092,0.00
133.56234,-2.888,33.466,0.00
133.57250,-2.888,33.466,0.00
133.58266,-2.937,33.847,0.00
133.59282,-2.937,33.847,0.00
133.60297,-2.982,34.193,0.00
133.61312,-2.982,34.193,0.00
133.62328,-3.019,34.497,0.00
133.63378,-3.019,34.497,0.00
133.64395,-3.019,34.497,0.00
133.65416,-3.051,34.721,0.00
133.66432,-3.069,34.896,0.00
133.67463,-3.069,34.896,0.00
133.68500,-3.071,35.050,0.00
133.69516,-3.071,35.050,0.00
133.70533,-3.064,35.221,0.00
133.71559,-3.064,35.221,0.00
133.72576,-3.062,35.385,0.00
133.73604,-3.062,35.385,0.00
133.74619,-3.075,35.538,0.00
133.75690,-3.075,35.538,0.00
133.76706,-3.118,35.669,0.00
133.77723,-3.118,35.669,0.00
133.78770,-3.177,35.771,0.00
133.79786,-3.243,35.903,0.00
133.80801,-3.243,35.903,0.00
133.81834,-3.330,36.072,0.00
133.82861,-3.330,36.072,0.00
133.83877,-3.414,36.072,0.00
133.84922,-3.414,36.224,0.00
133.85937,-3.470,36.224,0.00
133.86971,-3.470,36.351,0.00
133.88016,-3.514,36.351,0.00
133.89054,-3.514,36.439,0.00
133.90091,-3.517,36.439,0.00
133.91128,-3.517,36.508,0.00
133.92200,-3.478,36.551,0.00
133.93219,-3.478,36.551,0.00
133.94255,-3.478,36.551,0.00
133.95286,-3.431,36.563,0.00
133.96401,-3.363,36.535,0.00
133.97421,-3.363,36.535,0.00
133.98438,-3.293,36.462,0.00
133.99453,-3.293,36.462,0.00
134.00469,-3.228,36.335,0.00
134.01485,-3.228,36.335,0.00
134.02501,-3.164,36.118,0.00
134.03520,-3.164,36.118,0.00
134.04535,-3.101,35.894,0.00
134.05553,-3.101,35.894,0.00
134.06567,-3.050,35.634,0.00
134.07606,-3.050,35.634,0.00
134.08622,-3.000,35.318,0.00
134.09645,-3.000,35.318,0.00
134.10661,-2.929,34.912,0.00
134.11677,-2.929,34.366,0.00
134.12710,-2.852,34.366,0.00
134.13727,-2.852,34.366,0.00
134.14743,-2.810,33.563,0.00
134.15759,-2.810,33.563,0.00
134.16776,-2.782,32.424,0.00
134.17841,-2.782,32.424,0.00
134.18857,-2.733,30.722,0.00
134.19872,-2.733,30.722,0.00
134.20889,-2.675,28.893,0.00
134.21905,-2.639,28.893,0.00
134.22920,-2.639,26.939,0.00
134.23935,-2.613,24.962,0.00
134.24950,-2.613,24.962,0.00
134.25965,-2.595,24.962,0.00
134.26982,-2.595,23.004,0.00
134.27997,-2.595,21.031,0.00
134.29013,-2.575,21.031,0.00
134.30028,-2.528,19.047,0.00
134.31271,-2.528,19.047,0.00
134.32398,-2.468,17.085,0.00
134.33424,-2.468,17.085,0.00
134.34488,-2.425,14.934,0.00
134.35569,-2.425,14.934,0.00
134.36622,-2.376,13.065,0.00
134.37974,-2.376,13.065,0.00
134.38989,-2.344,13.065,0.00
134.40050,-2.335,11.178,0.00
134.41126,-2.335,9.204,0.00
134.42955,-2.333,7.277,0.00
134.43992,-2.333,7.277,0.00
134.45037,-2.342,7.277,0.00
134.46058,-2.342,5.400,0.00
134.47725,-2.405,1.823,0.00
134.50019,-2.405,1.823,0.00
134.51373,-2.453,-0.165,0.00
134.52394,-2.507,-1.866,0.00
134.53428,-2.507,-1.866,0.00
134.55003,-2.507,-3.456,0.00
134.56047,-2.507,-3.456,0.00
134.57455,-2.657,-4.926,0.00
134.58531,-2.718,-6.280,0.00
134.59657,-2.718,-6.280,0.00
134.61873,-2.773,-7.491,0.00
134.62903,-2.773,-8.437,0.00
134.64055,-2.817,-9.216,0.00
134.65747,-2.841,-9.216,0.00
134.68325,-2.842,-9.946,0.00
134.69396,-2.842,-9.946,0.00
134.71108,-2.831,-9.920,0.00
134.72835,-2.831,-9.728,0.00
134.74004,-2.819,-9.383,0.00
134.75296,-2.805,-9.383,0.00
134.77729,-2.787,-8.904,0.00
134.78772,-2.787,-8.904,0.00
134.80669,-2.770,-7.700,0.00
134.81806,-2.759,-7.700,0.00
134.83295,-2.759,-7.048,0.00
134.84917,-2.754,-6.454,0.00
134.86833,-2.775,-5.911,0.00
134.89588,-2.796,-5.365,0.00
134.91161,-2.801,-4.781,0.00
134.93666,-2.803,-4.179,0.00
134.95290,-2.809,-3.590,0.00
134.96312,-2.809,-2.980,0.00
134.97591,-2.824,-2.980,0.00
134.99130,-2.824,-2.405,0.00
135.00164,-2.824,-1.784,0.00
135.01576,-2.835,-1.784,0.00
135.03351,-2.840,-1.236,0.00
135.04943,-2.832,-0.771,0.00
135.06366,-2.832,-0.523,0.00
135.08723,-2.805,-0.523,0.00
135.09749,-2.805,-0.456,0.00
135.11432,-2.793,-0.636,0.00
135.13128,-2.779,-0.962,0.00
135.14284,-2.779,-0.962,0.00
135.15328,-2.762,-1.287,0.00
135.16901,-2.740,-1.608,0.00
135.18106,-2.722,-1.842,0.00
135.19142,-2.722,-1.842,0.00
135.20815,-2.722,-1.842,0.00
135.21912,-2.722,-2.123,0.00
135.22959,-2.722,-2.123,0.00
135.24001,-2.722,-2.123,0.00
135.25099,-2.722,-2.196,0.00
135.26489,-2.666,-2.196,0.00
135.27573,-2.666,-2.239,0.00
135.28788,-2.666,-2.269,0.00
135.30898,-2.626,-2.295,0.00
135.36425,-2.626,-2.289,0.00
135.37443,-2.580,-2.289,0.00
135.43404,-2.580,-2.289,0.00
135.44452,-2.607,-2.076,0.00
135.45507,0.155,0.120,0.00
135.46506,0.148,0.226,0.00
135.47530,0.148,0.226,0.00
135.48570,0.140,0.341,0.00
135.49596,0.140,0.341,0.00
135.50608,0.134,0.438,0.00
135.51623,0.134,0.520,0.00
135.52639,0.133,0.520,0.00
135.53657,0.134,0.578,0.00
135.54673,0.134,0.578,0.00
135.55707,0.134,0.578,0.00
135.56724,0.131,0.602,0.00
135.57748,0.124,0.602,0.00
135.58763,0.124,0.600,0.00
135.59779,0.124,0.600,0.00
135.60797,0.121,0.574,0.00
135.61813,0.121,0.574,0.00
135.62831,0.121,0.539,0.00
135.63844,0.121,0.539,0.00
135.64870,0.121,0.504,0.00
135.65884,0.120,0.504,0.00
135.66926,0.120,0.480,0.00
135.67943,0.115,0.480,0.00
135.68958,0.115,0.470,0.00
135.69974,0.106,0.470,0.00
135.70991,0.106,0.469,0.00
135.72008,0.106,0.469,0.00
135.73023,0.098,0.464,0.00
135.74071,0.094,0.457,0.00
135.75090,0.094,0.457,0.00
135.76106,0.094,0.457,0.00
135.77121,0.093,0.457,0.00
135.78136,0.099,0.463,0.00
135.79153,0.099,0.463,0.00
135.80170,0.099,0.471,0.00
135.81353,0.099,0.471,0.00
135.82427,0.099,0.477,0.00
135.83444,0.099,0.477,0.00
135.84472,0.103,0.488,0.00
135.85598,0.103,0.488,0.00
135.86585,0.110,0.501,0.00
135.87606,0.110,0.501,0.00
135.88622,0.114,0.521,0.00
135.89638,0.114,0.521,0.00
135.90654,0.110,0.545,0.00
135.91678,0.110,0.545,0.00
135.92695,0.106,0.575,0.00
135.93742,0.106,0.575,0.00
135.94760,0.100,0.601,0.00
135.95945,0.100,0.601,0.00
135.96970,0.099,0.624,0.00
135.97995,0.107,0.639,0.00
135.99011,0.107,0.639,0.00
136.00032,0.112,0.648,0.00
136.01075,0.112,0.648,0.00
136.02094,0.106,0.646,0.00
136.03126,0.106,0.646,0.00
136.04144,0.097,0.646,0.00
136.05160,0.097,0.636,0.00
136.06175,0.090,0.621,0.00
136.07195,0.090,0.621,0.00
136.08211,0.090,0.621,0.00
136.09264,0.083,0.607,0.00
136.10312,0.078,0.589,0.00
136.11339,0.078,0.589,0.00
136.12355,0.075,0.577,0.00
136.13385,0.075,0.577,0.00
136.14400,0.069,0.570,0.00
136.15431,0.069,0.570,0.00
136.16447,0.066,0.564,0.00
136.17464,0.066,0.564,0.00
136.18479,0.064,0.559,0.00
136.19681,0.064,0.559,0.00
136.20697,0.065,0.556,0.00
136.21713,0.065,0.556,0.00
136.22730,0.065,0.551,0.00
136.23748,0.066,0.551,0.00
136.24804,0.066,0.555,0.00
136.25834,0.065,0.555,0.00
136.26869,0.065,0.559,0.00
136.27883,0.065,0.559,0.00
136.28898,0.063,0.569,0.00
136.29914,0.061,0.574,0.00
136.30929,0.061,0.574,0.00
136.31949,0.059,0.583,0.00
136.32964,0.059,0.583,0.00
136.33988,0.057,0.594,0.00
136.35004,0.057,0.594,0.00
136.36038,0.060,0.596,0.00
136.37054,0.060,0.596,0.00
136.38072,0.064,0.596,0.00
136.39088,0.064,0.596,0.00
136.40106,0.062,0.596,0.00
136.41124,0.062,0.596,0.00
136.42160,0.059,0.596,0.00
136.43206,0.059,0.595,0.00
136.44222,0.059,0.595,0.00
136.45348,0.059,0.595,0.00
136.46257,0.061,0.593,0.00
136.47282,0.061,0.590,0.00
136.48299,0.059,0.592,0.00
136.49315,0.059,0.592,0.00
136.50332,0.057,0.594,0.00
136.51348,0.057,0.594,0.00
136.52364,0.048,0.599,0.00
136.53436,0.048,0.599,0.00
136.54451,0.039,0.602,0.00
136.55467,0.039,0.602,0.00
136.56520,0.020,0.612,0.00
136.57535,0.020,0.612,0.00
136.58553,-0.007,0.625,0.00
136.59604,-0.007,0.625,0.00
136.60620,-0.018,0.632,0.00
136.61758,-0.020,0.632,0.00
136.62798,-0.020,0.636,0.00
136.63873,-0.020,0.636,0.00
136.64890,-0.016,0.638,0.00
136.65906,-0.006,0.639,0.00
136.66923,-0.006,0.639,0.00
136.67955,0.006,0.639,0.00
136.68971,0.006,0.639,0.00
136.69994,0.014,0.638,0.00
136.71012,0.014,0.638,0.00
136.72029,0.018,0.636,0.00
136.73044,0.018,0.636,0.00
136.74061,0.030,0.634,0.00
136.75093,0.030,0.634,0.00
136.76108,0.044,0.634,0.00
136.77124,0.044,0.628,0.00
136.78139,0.044,0.620,0.00
136.79155,0.044,0.620,0.00
136.80171,0.043,0.614,0.00
136.81187,0.043,0.614,0.00
136.82203,0.040,0.607,0.00
136.83218,0.040,0.607,0.00
136.84234,0.034,0.599,0.00
136.85249,0.034,0.599,0.00
136.86274,0.034,0.594,0.00
136.87320,0.034,0.594,0.00
136.88334,0.045,0.590,0.00
136.89354,0.045,0.590,0.00
136.90371,0.063,0.588,0.00
136.91412,0.063,0.588,0.00
136.92428,0.077,0.591,0.00
136.93556,0.086,0.591,0.00
136.94572,0.086,0.598,0.00
136.95590,0.086,0.598,0.00
136.96636,0.099,0.609,0.00
136.97652,0.099,0.623,0.00
136.98668,0.107,0.623,0.00
136.99690,0.107,0.623,0.00
137.00707,0.116,0.635,0.00
137.01736,0.116,0.659,0.00
137.02756,0.122,0.659,0.00
137.03786,0.122,0.659,0.00
137.04819,0.125,0.678,0.00
137.05854,0.125,0.682,0.00
137.06889,0.120,0.682,0.00
137.07923,0.112,0.669,0.00
137.08963,0.112,0.669,0.00
137.09991,0.104,0.669,0.00
137.11006,0.104,0.651,0.00
137.12030,0.096,0.636,0.00
137.13045,0.096,0.636,0.00
137.14065,0.093,0.617,0.00
137.15081,0.093,0.617,0.00
137.16096,0.101,0.597,0.00
137.17111,0.101,0.597,0.00
137.18127,0.113,0.583,0.00
137.19141,0.113,0.583,0.00
137.20157,0.127,0.571,0.00
137.21210,0.127,0.571,0.00
137.22226,0.143,0.561,0.00
137.23248,0.143,0.561,0.00
137.24285,0.160,0.545,0.00
137.25329,0.160,0.545,0.00
137.26374,0.171,0.537,0.00
137.27432,0.171,0.537,0.00
137.28470,0.186,0.527,0.00
137.29516,0.186,0.527,0.00
137.30534,0.217,0.514,0.00
137.31562,0.217,0.514,0.00
137.32583,0.239,0.507,0.00
137.33614,0.239,0.510,0.00
137.34634,0.250,0.510,0.00
137.35694,0.250,0.510,0.00
137.36728,0.264,0.518,0.00
137.37801,0.264,0.525,0.00
137.38818,0.275,0.525,0.00
137.39834,0.275,0.532,0.00
137.40863,0.284,0.532,0.00
137.41892,0.284,0.544,0.00
137.42924,0.298,0.544,0.00
137.43959,0.326,0.558,0.00
137.44987,0.326,0.558,0.00
137.46019,0.326,0.569,0.00
137.47058,0.348,0.569,0.00
137.48074,0.361,0.579,0.00
137.49090,0.361,0.579,0.00
137.50109,0.377,0.590,0.00
137.51136,0.377,0.590,0.00
137.52152,0.391,0.598,0.00
137.53168,0.391,0.598,0.00
137.54201,0.405,0.609,0.00
137.55216,0.405,0.609,0.00
137.56232,0.425,0.617,0.00
137.57439,0.425,0.617,0.00
137.58484,0.437,0.624,0.00
137.59502,0.437,0.624,0.00
137.60520,0.443,0.635,0.00
137.61558,0.443,0.635,0.00
137.62590,0.452,0.643,0.00
137.63688,0.452,0.643,0.00
137.64703,0.460,0.655,0.00
137.65717,0.466,0.663,0.00
137.66732,0.466,0.663,0.00
137.67750,0.466,0.663,0.00
137.68795,0.474,0.671,0.00
137.69813,0.474,0.671,0.00
137.70829,0.488,0.678,0.00
137.71844,0.488,0.682,0.00
137.72860,0.503,0.682,0.00
137.73874,0.503,0.691,0.00
137.74890,0.519,0.691,0.00
137.75907,0.519,0.697,0.00
137.76921,0.537,0.697,0.00
137.77938,0.552,0.705,0.00
137.78952,0.552,0.705,0.00
137.79968,0.566,0.705,0.00
137.81011,0.566,0.709,0.00
137.82028,0.585,0.709,0.00
137.83043,0.585,0.712,0.00
137.84059,0.603,0.712,0.00
137.85208,0.603,0.710,0.00
137.86334,0.625,0.701,0.00
137.87345,0.625,0.701,0.00
137.88362,0.673,0.696,0.00
137.89378,0.673,0.696,0.00
137.90395,0.775,0.690,0.00
137.91411,0.775,0.690,0.00
137.92443,0.872,0.684,0.00
137.93499,0.872,0.684,0.00
137.94516,0.999,0.676,0.00
137.95537,0.999,0.676,0.00
137.96553,1.192,0.663,0.00
137.97597,1.192,0.663,0.00
137.98613,1.390,0.654,0.00
137.99684,1.390,0.654,0.00
138.00700,1.531,0.646,0.00
138.01764,1.662,0.646,0.00
138.02791,1.662,0.642,0.00
138.03811,1.662,0.642,0.00
138.04826,1.886,0.639,0.00
138.05842,2.161,0.638,0.00
138.06856,2.161,0.638,0.00
138.07872,2.477,0.641,0.00
138.08887,2.477,0.641,0.00
138.09987,2.477,0.641,0.00
138.11001,2.885,0.644,0.00
138.12016,3.348,0.644,0.00
138.13033,3.348,0.651,0.00
138.14048,3.827,0.651,0.00
138.15065,3.827,0.659,0.00
138.16232,3.827,0.659,0.00
138.17254,4.373,0.664,0.00
138.18271,4.974,0.671,0.00
138.19286,4.974,0.671,0.00
138.20302,5.610,0.678,0.00
138.21318,5.610,0.678,0.00
138.22334,6.281,0.685,0.00
138.23351,6.281,0.685,0.00
138.24371,6.971,0.690,0.00
138.25387,6.971,0.690,0.00
138.26405,7.674,0.694,0.00
138.27427,7.674,0.694,0.00
138.28437,8.379,0.698,0.00
138.29567,8.379,0.698,0.00
138.30590,9.096,0.700,0.00
138.31761,9.096,0.700,0.00
138.32792,9.843,0.700,0.00
138.33888,9.843,0.701,0.00
138.36345,11.297,0.701,0.00
138.37409,11.297,0.701,0.00
138.39141,11.937,0.696,8.00
138.40162,12.498,0.696,8.00
138.41196,12.498,0.689,8.00
138.42494,13.036,0.685,8.00
138.43561,13.036,0.685,8.00
138.44591,13.675,0.690,8.00
138.45692,13.675,0.696,8.00
138.46713,14.417,0.696,8.00
138.47730,14.417,0.696,8.00
138.48747,15.144,0.706,8.00
138.49787,15.710,0.706,8.00
138.50804,15.710,0.718,8.00
138.53903,15.710,0.732,8.00
138.56735,16.791,0.765,8.00
138.57814,17.184,0.774,8.00
138.59926,17.607,0.774,8.00
138.60959,17.607,0.779,8.00
138.63493,17.675,0.784,8.00
138.64508,17.686,0.788,8.00
138.66364,17.510,0.789,8.00
138.67381,17.510,0.789,8.00
138.68432,17.115,0.773,8.00
138.69563,17.115,0.773,8.00
138.70611,16.590,0.719,8.00
138.71687,16.590,0.719,8.00
138.73158,16.009,0.617,8.00
138.74219,15.381,0.484,8.00
138.75418,15.381,0.484,8.00
138.77605,14.680,0.354,8.00
138.78621,13.901,0.226,8.00
138.80729,13.901,0.064,8.00
138.81747,13.061,0.064,8.00
138.83911,12.163,-0.073,8.50
138.84929,11.201,-0.234,8.50
138.87272,10.198,-0.283,8.50
138.88310,9.183,-0.339,8.50
138.90329,9.183,-0.399,8.50
138.91365,8.151,-0.399,8.50
138.92394,7.137,-0.492,8.50
138.93725,7.137,-0.492,8.50
138.94745,6.160,-0.613,8.50
138.95769,6.160,-0.760,8.50
138.96785,5.170,-0.760,8.50
138.97899,4.196,-0.937,8.50
138.98915,4.196,-0.937,8.50
139.01641,3.275,-1.088,8.50
139.02667,2.450,-1.278,8.50
139.04714,1.786,-1.278,8.50
139.05735,1.786,-1.412,8.50
139.07953,1.042,-1.523,8.50
139.08972,0.373,-1.609,8.50
139.11134,-0.164,-1.609,8.50
139.12175,-0.234,-1.744,8.50
139.14573,-0.234,-1.744,8.50
139.15633,-0.069,-1.812,8.50
139.16636,0.121,-1.913,9.00
139.17827,0.121,-1.913,9.00
139.18842,0.429,-1.994,9.00
139.19864,0.747,-2.087,9.00
139.20907,0.747,-2.087,9.00
139.21922,1.004,-2.162,9.00
139.22948,1.004,-2.162,9.00
139.25525,1.004,-2.162,9.00
139.26583,1.445,-2.188,9.00
139.28727,1.527,-2.188,9.00
139.29747,1.527,-2.141,9.00
139.31908,1.552,-1.946,9.00
139.32943,1.559,-1.946,9.00
139.35154,1.591,-1.791,9.00
139.36197,1.654,-1.611,9.00
139.38370,1.715,-1.419,9.00
139.39532,1.715,-1.419,9.00
139.41535,1.712,-1.221,9.50
139.42563,1.653,-1.010,9.50
139.43607,1.653,-1.010,9.50
139.44754,1.653,-1.010,9.50
139.45778,1.564,-0.773,9.50
139.46798,1.454,-0.522,9.50
139.48036,1.340,-0.260,9.50
139.49082,1.340,-0.260,9.50
139.50118,1.194,0.020,9.50
139.51235,1.194,0.020,9.50
139.52257,1.034,0.275,9.50
139.53334,1.034,0.275,9.50
139.54351,0.873,0.546,9.50
139.55369,0.873,0.546,9.50
139.56394,0.707,0.840,9.50
139.59144,0.541,0.840,9.50
139.60162,0.347,1.500,9.50
139.62332,0.161,1.500,9.50
139.63352,0.161,1.841,9.50
139.65663,0.016,2.200,10.00
139.66679,-0.119,2.578,10.00
139.68755,-0.119,2.578,10.00
139.69858,-0.256,2.980,10.00
139.71918,-0.365,3.335,10.00
139.72937,-0.432,3.683,10.00
139.73953,-0.432,3.683,10.00
139.75961,-0.438,3.683,10.00
139.76980,-0.388,4.353,10.00
139.78274,-0.388,4.353,10.00
139.79297,-0.314,4.693,10.00
139.80311,-0.244,5.041,10.00
139.81635,-0.167,5.382,10.00
139.82652,-0.167,5.382,10.00
139.83675,-0.167,5.382,10.00
139.84805,-0.071,5.787,10.50
139.85862,0.022,6.182,10.50
139.86878,0.022,6.182,10.50
139.87915,0.022,6.182,10.50
139.88933,0.096,6.585,10.50
139.89949,0.096,6.585,10.50
139.92708,0.161,7.435,10.50
139.93728,0.221,7.435,10.50
139.95934,0.318,7.842,10.50
139.96954,0.318,8.081,10.50
139.99103,0.318,8.081,10.50
140.00129,0.411,8.508,10.50
140.02827,0.451,9.604,10.50
140.03872,0.451,9.604,10.50
140.05611,0.482,10.026,10.50
140.06639,0.519,10.418,10.50
140.07680,0.519,10.418,10.50
140.08873,0.524,10.779,11.00
140.09896,0.497,11.096,11.00
140.10927,0.497,11.096,11.00
140.12001,0.458,11.096,11.00
140.13031,0.458,11.362,11.00
140.14047,0.409,11.621,11.00
140.15099,0.409,11.621,11.00
140.16115,0.364,11.909,11.00
140.17130,0.364,11.909,11.00
140.18148,0.340,12.166,11.00
140.20093,0.340,12.166,11.00
140.21111,0.324,12.457,11.00
140.23072,0.324,12.457,11.00
140.24089,0.309,13.041,11.00
140.26311,0.275,13.041,11.00
140.27377,0.275,13.371,11.00
140.28396,0.249,13.759,11.00
140.29537,0.249,13.759,11.00
140.30564,0.241,14.218,11.00
140.31608,0.241,14.738,11.00
140.32762,0.253,14.738,11.00
140.33778,0.238,14.738,11.00
140.34815,0.238,15.212,11.00
140.35960,0.223,15.709,11.50
140.36978,0.223,15.709,11.50
140.38015,0.223,16.196,11.50
140.39456,0.209,16.196,11.50
140.40475,0.201,16.675,11.50
140.41491,0.201,16.675,11.50
140.42507,0.209,17.099,11.50
140.43523,0.209,17.099,11.50
140.44597,0.211,17.487,11.50
140.47113,0.211,17.821,11.50
140.48146,0.235,18.174,11.50
140.50341,0.235,18.536,11.50
140.51360,0.270,18.536,11.50
140.53555,0.320,18.910,11.50
140.54652,0.375,19.356,11.50
140.56883,0.375,19.356,11.50
140.57902,0.430,19.831,11.50
140.59868,0.461,20.349,11.50
140.60887,0.513,20.857,11.50
140.61902,0.565,20.857,11.50
140.63200,0.565,21.321,11.50
140.64232,0.603,21.792,11.50
140.65308,0.603,21.792,11.50
140.66407,0.617,22.134,11.50
140.67548,0.617,22.134,11.50
140.68563,0.617,22.427,11.50
140.69599,0.617,22.427,12.00
140.70618,0.619,22.668,12.00
140.71633,0.619,22.668,12.00
140.74341,0.628,23.054,12.00
140.75406,0.658,23.054,12.00
140.77754,0.703,23.243,12.00
140.78769,0.739,23.467,12.00
140.80674,0.739,23.467,12.00
140.81692,0.752,23.728,12.00
140.83939,0.746,23.980,12.00
140.84957,0.746,24.321,12.00
140.87134,0.746,24.686,12.00
140.88152,0.739,25.119,12.00
140.89215,0.736,25.119,12.00
140.90314,0.727,25.119,12.00
140.91454,0.727,25.528,12.00
140.92482,0.704,25.990,12.00
140.93523,0.704,25.990,12.00
140.94540,0.696,26.404,12.00
140.95572,0.696,26.404,12.00
140.96783,0.686,26.919,12.00
140.97800,0.686,27.320,12.00
140.98838,0.688,27.320,12.00
141.01476,0.688,27.320,12.00
141.02495,0.728,28.084,12.00
141.04699,0.728,28.084,12.00
141.05720,0.749,28.434,12.00
141.07884,0.755,28.751,12.00
141.08902,0.740,29.099,12.00
141.11397,0.751,29.466,12.00
141.12436,0.760,29.946,12.00
141.14317,0.760,30.412,12.00
141.15350,0.773,30.412,12.00
141.16367,0.800,30.875,12.00
141.17595,0.800,30.875,12.00
141.18614,0.809,31.332,12.00
141.19647,0.812,31.332,12.00
141.20754,0.812,31.721,12.00
141.21805,0.812,31.721,12.00
141.22858,0.814,32.050,12.00
141.24152,0.814,32.330,12.00
141.25170,0.812,32.330,12.00
141.26186,0.804,32.572,12.00
141.28681,0.804,32.572,12.00
141.29703,0.807,32.856,12.00
141.31933,0.830,33.084,12.00
141.32951,0.836,33.364,12.00
141.35176,0.836,33.760,12.00
141.36227,0.852,34.172,12.00
141.37244,0.852,34.172,12.00
141.38419,0.853,34.633,12.00
141.39530,0.853,34.633,12.00
141.40545,0.844,35.053,12.00
141.41560,0.844,35.466,12.00
141.42576,0.844,35.466,12.00
141.43593,0.844,35.466,12.00
141.44726,0.844,35.870,12.00
141.45743,0.845,36.218,12.00
141.46991,0.851,36.218,12.00
141.48016,0.866,36.218,12.00
141.49034,0.866,36.517,12.00
141.50061,0.889,36.793,12.00
141.51129,0.889,36.793,0.00
141.52213,0.909,37.093,0.00
141.53229,0.909,37.093,0.00
141.54260,0.929,37.396,0.00
141.55286,0.929,37.396,0.00
141.56311,0.943,37.690,0.00
141.57386,0.943,37.690,0.00
141.58403,0.944,37.929,0.00
141.59424,0.944,37.929,0.00
141.60456,0.898,38.196,0.00
141.61495,0.898,38.196,0.00
141.62552,0.874,38.432,0.00
141.63610,0.874,38.432,0.00
141.64623,0.848,38.638,0.00
141.65645,0.848,38.638,0.00
141.66662,0.816,38.867,0.00
141.67772,0.816,38.867,0.00
141.68819,0.780,39.132,0.00
141.69835,0.752,39.132,0.00
141.70849,0.752,39.480,0.00
141.71869,0.713,39.887,0.00
141.72907,0.713,39.887,0.00
141.73923,0.666,40.268,0.00
141.74939,0.666,40.268,0.00
141.75994,0.620,40.616,0.00
141.77033,0.620,40.616,0.00
141.78074,0.560,40.868,0.00
141.79113,0.560,40.868,0.00
141.80129,0.493,41.094,0.00
141.81145,0.493,41.094,0.00
141.82176,0.423,41.342,0.00
141.83225,0.423,41.342,0.00
141.84237,0.372,41.623,0.00
141.85254,0.372,41.623,0.00
141.86270,0.343,41.968,0.00
141.87285,0.343,41.968,0.00
141.88302,0.323,42.322,0.00
141.89318,0.323,42.322,0.00
141.90334,0.316,42.681,0.00
141.91375,0.316,42.681,0.00
141.92395,0.316,43.039,0.00
141.93443,0.316,43.039,0.00
141.94460,0.321,43.412,0.00
141.95482,0.321,43.412,0.00
141.96498,0.338,43.665,0.00
141.97550,0.338,43.665,0.00
141.98565,0.378,43.853,0.00
141.99718,0.378,43.853,0.00
142.00735,0.436,44.020,0.00
142.01770,0.436,44.020,0.00
142.02787,0.498,44.161,0.00
142.03838,0.498,44.161,0.00
142.04854,0.565,44.262,0.00
142.05871,0.565,44.262,0.00
142.06919,0.621,44.331,0.00
142.07935,0.660,44.385,0.00
142.08986,0.660,44.385,0.00
142.10033,0.691,44.429,0.00
142.11049,0.691,44.429,0.00
142.12065,0.713,44.437,0.00
142.13086,0.713,44.437,0.00
142.14195,0.734,44.406,0.00
142.15235,0.734,44.406,0.00
142.16252,0.734,44.406,0.00
142.17267,0.760,44.339,0.00
142.18283,0.777,44.241,0.00
142.19305,0.777,44.241,0.00
142.20321,0.774,44.135,0.00
142.21369,0.774,44.135,0.00
142.22395,0.749,43.998,0.00
142.23424,0.749,43.998,0.00
142.24433,0.692,43.813,0.00
142.25460,0.692,43.813,0.00
142.26476,0.613,43.569,0.00
142.27496,0.613,43.569,0.00
142.28513,0.523,43.354,0.00
142.29541,0.523,43.354,0.00
142.30589,0.434,43.113,0.00
142.31613,0.434,43.113,0.00
142.32629,0.368,42.848,0.00
142.33658,0.368,42.848,0.00
142.34672,0.297,42.560,0.00
142.35687,0.297,42.560,0.00
142.36702,0.234,42.281,0.00
142.37761,0.234,42.281,0.00
142.38786,0.184,42.006,0.00
142.39792,0.131,42.006,0.00
142.40824,0.131,41.743,0.00
142.41845,0.131,41.743,0.00
142.42862,0.083,41.471,0.00
142.43878,0.083,41.471,0.00
142.44895,0.028,41.260,0.00
142.45911,0.028,41.073,0.00
142.46928,-0.010,41.073,0.00
142.47957,-0.010,41.073,0.00
142.48973,-0.056,40.907,0.00
142.49990,-0.120,40.758,0.00
142.51004,-0.120,40.758,0.00
142.52040,-0.152,40.628,0.00
142.53639,-0.152,40.628,0.00
142.54675,-0.167,40.514,0.00
142.55814,-0.167,40.514,0.00
142.57491,-0.181,40.397,0.00
142.59093,-0.188,40.245,0.00
142.60126,-0.163,40.245,0.00
142.61392,-0.163,40.078,0.00
142.62996,-0.134,39.842,0.00
142.64082,-0.118,39.589,0.00
142.65110,-0.118,39.589,0.00
142.66160,-0.099,39.589,0.00
142.67244,-0.099,39.324,0.00
142.68271,-0.076,39.324,0.00
142.69308,-0.076,38.983,0.00
142.70346,-0.068,38.983,0.00
142.71388,-0.068,38.602,0.00
142.72427,-0.072,38.602,0.00
142.73628,-0.072,38.255,0.00
142.74670,-0.072,37.866,0.00
142.75683,-0.057,37.866,0.00
142.76768,-0.037,37.866,0.00
142.77811,-0.037,37.182,0.00
142.78849,-0.043,37.182,0.00
142.79888,-0.043,36.861,0.00
142.80928,-0.063,36.861,0.00
142.82151,-0.063,36.861,0.00
142.83862,-0.050,36.861,0.00
142.84951,-0.049,36.280,0.00
142.86052,-0.065,35.982,0.00
142.87089,-0.065,35.982,0.00
142.88106,-0.065,35.693,0.00
142.89143,-0.064,35.693,0.00
142.90205,-0.064,35.404,0.00
142.91244,-0.040,35.404,0.00
142.92288,-0.040,35.152,0.00
142.93326,-0.019,35.152,0.00
142.94372,0.003,34.924,0.00
142.95505,0.003,34.924,0.00
142.97121,0.036,34.735,0.00
142.98148,0.069,34.735,0.00
142.99189,0.069,34.582,0.00
143.00261,0.097,34.457,0.00
143.01278,0.097,34.457,0.00
143.02384,0.097,34.457,0.00
143.03418,0.097,34.365,0.00
143.04498,0.163,34.319,0.00
143.05575,0.163,34.309,0.00
143.06593,0.196,34.309,0.00
143.07613,0.196,34.309,0.00
143.08644,0.237,34.309,0.00
143.09799,0.237,34.299,0.00
143.11401,0.273,34.286,0.00
143.12455,0.294,34.263,0.00
143.13572,0.294,34.263,0.00
143.15171,0.310,34.220,0.00
143.16191,0.332,34.220,0.00
143.17263,0.332,34.144,0.00
143.18313,0.332,34.065,0.00
143.19387,0.354,34.065,0.00
143.21297,0.368,33.980,0.00
143.23413,0.376,33.859,0.00
143.24959,0.384,33.754,0.00
143.26070,0.376,33.754,0.00
143.27689,0.376,33.660,0.00
143.28820,0.356,33.660,0.00
143.30161,0.339,33.493,0.00
143.31201,0.339,33.493,0.00
143.32750,0.339,33.493,0.00
143.34549,0.322,33.402,0.00
143.36340,0.281,33.302,0.00
143.37535,0.281,33.194,0.00
143.39088,0.257,33.065,0.00
143.42649,0.212,32.850,0.00
143.43797,0.201,32.759,0.00
143.45414,0.201,32.759,0.00
143.46950,0.186,32.759,0.00
143.48095,0.177,32.598,0.00
143.49771,0.177,32.598,0.00
143.50873,0.177,32.598,0.00
143.57200,0.175,32.522,0.00
143.58221,0.229,32.131,0.00
143.63477,0.305,31.892,0.00
143.64513,0.355,31.743,0.00
143.65732,0.286,-2.839,0.00
143.66765,0.337,-3.019,0.00
143.67829,0.337,-3.019,0.00
143.68847,0.382,-3.210,0.00
143.69885,0.382,-3.451,0.00
143.70900,0.427,-3.451,0.00
143.71917,0.471,-3.451,0.00
143.72932,0.471,-3.698,0.00
143.73949,0.513,-3.979,0.00
143.74992,0.513,-3.979,0.00
143.76007,0.541,-3.979,0.00
143.77023,0.541,-4.286,0.00
143.78040,0.566,-4.590,0.00
143.79055,0.566,-4.590,0.00
143.80071,0.566,-4.590,0.00
143.81088,0.592,-4.877,0.00
143.82102,0.608,-5.154,0.00
143.83182,0.608,-5.154,0.00
143.84251,0.616,-5.440,0.00
143.85288,0.616,-5.440,0.00
143.86307,0.614,-5.756,0.00
143.87362,0.614,-5.756,0.00
143.88405,0.593,-6.023,0.00
143.89678,0.593,-6.023,0.00
143.90699,0.559,-6.268,0.00
143.91715,0.559,-6.510,0.00
143.92731,0.540,-6.510,0.00
143.93747,0.540,-6.510,0.00
143.94762,0.527,-6.756,0.00
143.95778,0.527,-6.756,0.00
143.96793,0.513,-6.997,0.00
143.97814,0.491,-7.218,0.00
143.98831,0.491,-7.218,0.00
143.99864,0.474,-7.408,0.00
144.00897,0.474,-7.408,0.00
144.01935,0.463,-7.586,0.00
144.02975,0.463,-7.586,0.00
144.03993,0.447,-7.586,0.00
144.05015,0.447,-7.712,0.00
144.06124,0.436,-7.809,0.00
144.07144,0.436,-7.809,0.00
144.08231,0.415,-7.869,0.00
144.09267,0.415,-7.869,0.00
144.10302,0.391,-7.896,0.00
144.11521,0.391,-7.896,0.00
144.12536,0.371,-7.896,0.00
144.13565,0.371,-7.896,0.00
144.14579,0.358,-7.873,0.00
144.15595,0.358,-7.873,0.00
144.16610,0.345,-7.835,0.00
144.17722,0.345,-7.835,0.00
144.18740,0.334,-7.793,0.00
144.19756,0.334,-7.743,0.00
144.20773,0.324,-7.743,0.00
144.21800,0.314,-7.743,0.00
144.22829,0.314,-7.702,0.00
144.23861,0.308,-7.702,0.00
144.24897,0.308,-7.671,0.00
144.25931,0.305,-7.671,0.00
144.26965,0.305,-7.645,0.00
144.27990,0.299,-7.638,0.00
144.29019,0.299,-7.638,0.00
144.30111,0.281,-7.636,0.00
144.31127,0.281,-7.636,0.00
144.32199,0.266,-7.629,0.00
144.33214,0.266,-7.629,0.00
144.34284,0.249,-7.630,0.00
144.35301,0.249,-7.630,0.00
144.36317,0.239,-7.639,0.00
144.37336,0.239,-7.639,0.00
144.38355,0.236,-7.648,0.00
144.39371,0.236,-7.648,0.00
144.40398,0.238,-7.661,0.00
144.41420,0.238,-7.661,0.00
144.42430,0.259,-7.673,0.00
144.43451,0.259,-7.673,0.00
144.44467,0.291,-7.685,0.00
144.45486,0.291,-7.685,0.00
144.46518,0.312,-7.707,0.00
144.47602,0.312,-7.707,0.00
144.48645,0.310,-7.749,0.00
144.49688,0.310,-7.749,0.00
144.50704,0.292,-7.816,0.00
144.51720,0.292,-7.921,0.00
144.52737,0.267,-7.921,0.00
144.53770,0.267,-7.921,0.00
144.54811,0.263,-8.020,0.00
144.55827,0.278,-8.020,0.00
144.56845,0.278,-8.130,0.00
144.57862,0.286,-8.130,0.00
144.58878,0.286,-8.269,0.00
144.59894,0.286,-8.269,0.00
144.60922,0.292,-8.434,0.00
144.61989,0.292,-8.629,0.00
144.63007,0.285,-8.629,0.00
144.64024,0.285,-8.908,0.00
144.65057,0.285,-8.908,0.00
144.66164,0.319,-9.348,0.00
144.67188,0.319,-9.348,0.00
144.68204,0.378,-10.006,0.00
144.69264,0.378,-10.006,0.00
144.70280,0.442,-10.659,0.00
144.71296,0.442,-10.659,0.00
144.72314,0.486,-11.364,0.00
144.73352,0.486,-11.364,0.00
144.74375,0.523,-12.179,0.00
144.75549,0.523,-12.179,0.00
144.76566,0.550,-13.118,0.00
144.77633,0.550,-14.117,0.00
144.78649,0.580,-14.117,0.00
144.79791,0.580,-14.117,0.00
144.80806,0.611,-15.129,0.00
144.81821,0.654,-16.235,0.00
144.82871,0.654,-16.235,0.00
144.83914,0.654,-16.235,0.00
144.84963,0.707,-17.622,0.00
144.85990,0.759,-17.622,0.00
144.87005,0.759,-18.816,0.00
144.88023,0.810,-18.816,0.00
144.89039,0.810,-20.015,0.00
144.90054,0.859,-21.299,0.00
144.91068,0.859,-21.299,0.00
144.92084,0.859,-22.720,0.00
144.93100,0.879,-22.720,0.00
144.94116,0.858,-24.258,0.00
144.95132,0.858,-24.258,0.00
144.96150,0.801,-25.851,0.00
144.97168,0.801,-25.851,0.00
144.98201,0.801,-27.474,0.00
144.99228,0.721,-27.474,0.00
145.00256,0.617,-29.280,0.00
145.01292,0.617,-29.280,0.00
145.02309,0.524,-30.797,0.00
145.03335,0.524,-30.797,0.00
145.04365,0.448,-32.221,0.00
145.05430,0.448,-32.221,0.00
145.06446,0.367,-33.501,0.00
145.07520,0.367,-33.501,0.00
145.08529,0.289,-34.661,0.00
145.09545,0.289,-34.661,0.00
145.10577,0.224,-35.679,0.00
145.11596,0.224,-35.679,0.00
145.12613,0.159,-36.513,0.00
145.13641,0.159,-36.513,0.00
145.14656,0.091,-37.167,0.00
145.15680,0.091,-37.167,0.00
145.16706,0.032,-37.718,0.00
145.17724,0.032,-37.718,0.00
145.18741,-0.020,-38.179,0.00
145.19763,-0.020,-38.179,0.00
145.20786,-0.064,-38.439,0.00
145.21807,-0.064,-38.439,0.00
145.22822,-0.073,-38.543,0.00
145.23838,-0.065,-38.491,0.00
145.24868,-0.065,-38.491,0.00
145.25904,-0.065,-38.491,0.00
145.26948,-0.057,-38.311,0.00
145.27964,-0.057,-37.997,0.00
145.28998,-0.057,-37.997,0.00
145.30021,-0.057,-37.590,0.00
145.31038,-0.080,-37.590,0.00
145.32074,-0.080,-36.937,0.00
145.33103,-0.123,-36.937,0.00
145.34143,-0.165,-36.365,0.00
145.35215,-0.165,-36.365,0.00
145.36232,-0.210,-35.705,0.00
145.37258,-0.210,-35.705,0.00
145.38275,-0.256,-35.082,0.00
145.39316,-0.256,-35.082,0.00
145.40351,-0.300,-34.540,0.00
145.41398,-0.300,-34.540,0.00
145.42424,-0.341,-33.922,0.00
145.43454,-0.341,-33.922,0.00
145.44488,-0.394,-33.280,0.00
145.45550,-0.394,-33.280,0.00
145.46603,-0.394,-33.280,0.00
145.47731,-0.449,-32.639,0.00
145.48771,-0.496,-31.900,0.00
145.49805,-0.535,-31.521,0.00
145.50843,-0.535,-31.521,0.00
145.51857,-0.535,-31.385,0.00
145.52873,-0.557,-31.385,0.00
145.53905,-0.557,-31.385,0.00
145.54918,-0.564,-31.530,0.00
145.55935,-0.564,-31.922,0.00
145.56951,-0.554,-31.922,0.00
145.57972,-0.554,-31.922,0.00
145.58986,-0.532,-32.376,0.00
145.60003,-0.532,-32.376,0.00
145.61016,-0.500,-32.785,0.00
145.62031,-0.457,-32.785,0.00
145.63046,-0.457,-33.164,0.00
145.64066,-0.457,-33.522,0.00
145.65081,-0.408,-33.522,0.00
145.66097,-0.408,-33.522,0.00
145.67112,-0.364,-33.747,0.00
145.68151,-0.364,-33.747,0.00
145.69257,-0.325,-33.870,0.00
145.70282,-0.295,-33.908,0.00
145.71302,-0.295,-33.908,0.00
145.72327,-0.265,-33.893,0.00
145.73522,-0.265,-33.893,0.00
145.74547,-0.257,-33.843,0.00
145.75569,-0.257,-33.843,0.00
145.76584,-0.273,-33.749,0.00
145.77682,-0.273,-33.749,0.00
145.78689,-0.283,-33.614,0.00
145.79704,-0.283,-33.614,0.00
145.80731,-0.287,-33.423,0.00
145.81753,-0.287,-33.423,0.00
145.82768,-0.294,-33.257,0.00
145.83799,-0.294,-33.257,0.00
145.84815,-0.297,-33.122,0.00
145.85831,-0.297,-33.122,0.00
145.86847,-0.297,-33.063,0.00
145.87878,-0.298,-33.063,0.00
145.88893,-0.298,-33.086,0.00
145.89909,-0.298,-33.086,0.00
145.90929,-0.292,-33.192,0.00
145.91945,-0.292,-33.192,0.00
145.92961,-0.284,-33.331,0.00
145.93987,-0.284,-33.446,0.00
145.95006,-0.276,-33.446,0.00
145.96021,-0.276,-33.505,0.00
145.97038,-0.264,-33.505,0.00
145.98054,-0.264,-33.504,0.00
145.99071,-0.245,-33.504,0.00
146.00087,-0.239,-33.504,0.00
146.01105,-0.239,-33.474,0.00
146.02128,-0.239,-33.474,0.00
146.03143,-0.236,-33.428,0.00
146.04159,-0.233,-33.372,0.00
146.05205,-0.233,-33.372,0.00
146.06224,-0.232,-33.372,0.00
146.07239,-0.232,-33.329,0.00
146.08271,-0.231,-33.313,0.00
146.09286,-0.231,-33.313,0.00
146.10323,-0.236,-33.312,0.00
146.11339,-0.236,-33.312,0.00
146.12355,-0.245,-33.320,0.00
146.13371,-0.245,-33.320,0.00
146.14391,-0.255,-33.322,0.00
146.15406,-0.255,-33.322,0.00
146.16422,-0.267,-33.313,0.00
146.17437,-0.267,-33.313,0.00
146.18457,-0.274,-33.294,0.00
146.19518,-0.274,-33.294,0.00
146.20534,-0.275,-33.248,0.00
146.21550,-0.275,-33.248,0.00
146.22566,-0.278,-33.181,0.00
146.23590,-0.278,-33.181,0.00
146.24608,-0.282,-33.113,0.00
146.25697,-0.282,-33.113,0.00
146.26716,-0.278,-33.058,0.00
146.27732,-0.278,-33.027,0.00
146.28770,-0.273,-33.027,0.00
146.29804,-0.273,-33.027,0.00
146.30839,-0.267,-33.028,0.00
146.31874,-0.267,-33.028,0.00
146.32889,-0.260,-33.050,0.00
146.33905,-0.258,-33.050,0.00
146.34920,-0.258,-33.084,0.00
146.35938,-0.258,-33.084,0.00
146.36953,-0.263,-33.117,0.00
146.37970,-0.262,-33.142,0.00
146.38987,-0.262,-33.142,0.00
146.40002,-0.270,-33.153,0.00
146.41019,-0.270,-33.153,0.00
146.42045,-0.270,-33.153,0.00
146.43078,-0.278,-33.153,0.00
146.44095,-0.294,-33.150,0.00
146.45133,-0.294,-33.150,0.00
146.46164,-0.302,-33.147,0.00
146.47222,-0.302,-33.147,0.00
146.48256,-0.303,-33.150,0.00
146.49282,-0.303,-33.150,0.00
146.50319,-0.295,-33.156,0.00
146.51376,-0.295,-33.156,0.00
146.52419,-0.287,-33.157,0.00
146.53463,-0.287,-33.157,0.00
146.54510,-0.283,-33.156,0.00
146.55526,-0.283,-33.156,0.00
146.56551,-0.281,-33.149,0.00
146.57649,-0.281,-33.149,0.00
146.58665,-0.276,-33.145,0.00
146.59684,-0.276,-33.145,0.00
146.60699,-0.281,-33.142,0.00
146.61714,-0.281,-33.142,0.00
146.62730,-0.278,-33.137,0.00
146.63745,-0.280,-33.137,0.00
146.64761,-0.280,-33.134,0.00
146.65828,-0.280,-33.134,0.00
146.66844,-0.285,-33.137,0.00
146.67859,-0.293,-33.144,0.00
146.68875,-0.293,-33.144,0.00
146.69922,-0.293,-33.153,0.00
146.70975,-0.302,-33.153,0.00
146.72014,-0.302,-33.164,0.00
146.73056,-0.319,-33.164,0.00
146.74072,-0.319,-33.174,0.00
146.75195,-0.337,-33.174,0.00
146.76234,-0.347,-33.183,0.00
146.77284,-0.347,-33.183,0.00
146.78321,-0.353,-33.194,0.00
146.79342,-0.353,-33.194,0.00
146.80396,-0.353,-33.201,0.00
146.81416,-0.358,-33.201,0.00
146.82434,-0.359,-33.207,0.00
146.83450,-0.359,-33.207,0.00
146.84466,-0.348,-33.204,0.00
146.85601,-0.348,-33.204,0.00
146.86608,-0.335,-33.202,0.00
146.87630,-0.335,-33.202,0.00
146.88647,-0.322,-33.199,0.00
146.89670,-0.322,-33.199,0.00
146.90690,-0.314,-33.201,0.00
146.91706,-0.314,-33.201,0.00
146.92721,-0.305,-33.199,0.00
146.93738,-0.305,-33.199,0.00
146.94754,-0.284,-33.194,0.00
146.95770,-0.284,-33.194,0.00
146.96793,-0.251,-33.196,0.00
146.97832,-0.251,-33.196,0.00
146.98847,-0.221,-33.202,0.00
146.99881,-0.221,-33.202,0.00
147.00897,-0.202,-33.202,0.00
147.01913,-0.202,-33.202,0.00
147.02929,-0.182,-33.205,0.00
147.04197,-0.182,-33.205,0.00
147.05222,-0.158,-33.206,0.00
147.06246,-0.129,-33.206,0.00
147.07261,-0.129,-33.206,0.00
147.08287,-0.056,-33.205,0.00
147.09306,-0.056,-33.205,0.00
147.10322,0.077,-33.206,0.00
147.11339,0.077,-33.206,0.00
147.12365,0.274,-33.206,0.00
147.13387,0.274,-33.206,0.00
147.14402,0.500,-33.205,0.00
147.15428,0.500,-33.205,0.00
147.16454,0.744,-33.203,0.00
147.17552,0.744,-33.203,0.00
147.18569,0.998,-33.204,0.00
147.19598,0.998,-33.204,0.00
147.20618,1.316,-33.204,0.00
147.21648,1.316,-33.204,0.00
147.22664,1.716,-33.206,0.00
147.23680,2.156,-33.213,0.00
147.24708,2.156,-33.213,0.00
147.25723,2.156,-33.213,0.00
147.26740,2.582,-33.223,0.00
147.27773,2.582,-33.223,0.00
147.28795,3.026,-33.232,0.00
147.29811,3.026,-33.232,0.00
147.30827,3.509,-33.240,0.00
147.31845,3.509,-33.245,0.00
147.32861,4.042,-33.245,0.00
147.33880,4.042,-33.248,0.00
147.34895,4.616,-33.248,0.00
147.35933,4.616,-33.244,0.00
147.36966,5.207,-33.244,0.00
147.38012,5.818,-33.238,0.00
147.39037,5.818,-33.238,0.00
147.40073,6.497,-33.223,0.00
147.41108,6.497,-33.223,0.00
147.42146,7.247,-33.210,0.00
147.43164,7.247,-33.210,0.00
147.44182,8.021,-33.210,0.00
147.45310,8.021,-33.195,0.00
147.46326,8.807,-33.176,0.00
147.47427,8.807,-33.176,0.00
147.48442,9.603,-33.153,0.00
147.49624,9.603,-33.153,0.00
147.51296,10.406,-33.129,0.00
147.52323,11.211,-33.107,0.00
147.53367,11.211,-33.107,0.00
147.54395,12.032,-33.089,8.00
147.55451,12.032,-33.089,8.00
147.56477,12.839,-33.076,8.00
147.57683,12.839,-33.062,8.00
147.58720,13.614,-33.062,8.00
147.59767,13.614,-33.062,8.00
147.62286,14.347,-33.053,8.00
147.63304,15.048,-33.042,8.00
147.65521,15.048,-33.032,8.00
147.66562,16.225,-33.018,8.00
147.68723,16.645,-33.018,8.00
147.69751,16.988,-33.003,8.00
147.71954,16.988,-32.988,8.00
147.72973,17.204,-32.976,8.00
147.75102,17.320,-32.976,8.00
147.76123,17.326,-32.957,8.00
147.77139,17.326,-32.957,8.00
147.78295,17.238,-32.957,8.00
147.79323,17.238,-32.948,8.00
147.80339,17.063,-32.936,8.00
147.81530,17.063,-32.936,8.00
147.82544,16.785,-32.924,8.00
147.83634,16.785,-32.924,8.00
147.86263,16.385,-32.913,8.00
147.87281,15.872,-32.898,8.00
147.89746,15.277,-32.898,8.00
147.90786,14.596,-32.890,8.00
147.92971,13.797,-32.905,8.00
147.93989,12.885,-32.922,8.00
147.96014,12.885,-32.922,8.00
147.97030,11.928,-32.977,8.00
147.99066,11.928,-32.977,8.50
148.00094,10.935,-32.998,8.50
148.01109,9.904,-32.988,8.50
148.02347,8.863,-32.896,8.50
148.03686,8.863,-32.896,8.50
148.05607,7.798,-32.849,8.50
148.06629,6.755,-32.865,8.50
148.07873,6.755,-32.921,8.50
148.08907,5.783,-32.921,8.50
148.09931,5.783,-33.046,8.50
148.10946,4.877,-33.046,8.50
148.11973,4.009,-33.233,8.50
148.13007,4.009,-33.233,8.50
148.14042,3.162,-33.448,8.50
148.15204,3.162,-33.448,8.50
148.16223,2.402,-33.633,8.50
148.17239,2.402,-33.633,8.50
148.20056,1.018,-33.921,8.50
148.21072,1.018,-33.921,8.50
148.23067,1.018,-33.921,8.50
148.24091,0.418,-33.982,8.50
148.26316,-0.214,-34.024,8.50
148.27304,-0.713,-34.025,8.50
148.29895,-0.719,-34.084,8.50
148.30931,-0.719,-34.211,8.50
148.32671,-0.719,-34.211,9.00
148.33719,-0.536,-34.366,9.00
148.34736,-0.292,-34.503,9.00
148.35892,-0.292,-34.615,9.00
148.36909,0.017,-34.615,9.00
148.37926,0.017,-34.615,9.00
148.39095,0.302,-34.751,9.00
148.40114,0.514,-34.849,9.00
148.41135,0.514,-34.849,9.00
148.42286,0.705,-34.883,9.00
148.43312,0.705,-34.883,9.00
148.44329,0.862,-34.890,9.00
148.47130,0.954,-34.820,9.00
148.48170,1.045,-34.743,9.00
148.50315,1.045,-34.635,9.00
148.51348,1.145,-34.635,9.00
148.53784,1.367,-34.533,9.00
148.54803,1.367,-34.395,9.00
148.55953,1.367,-34.257,9.50
148.56979,1.444,-34.257,9.50
148.58005,1.490,-34.116,9.50
148.59901,1.490,-34.116,9.50
148.60931,1.490,-34.116,9.50
148.61947,1.529,-33.959,9.50
148.63079,1.529,-33.786,9.50
148.64133,1.544,-33.786,9.50
148.65149,1.534,-33.597,9.50
148.66272,1.534,-33.597,9.50
148.67292,1.502,-33.438,9.50
148.68359,1.466,-33.227,9.50
148.69486,1.466,-33.227,9.50
148.70505,1.420,-33.026,9.50
148.71644,1.420,-33.026,9.50
148.74369,1.279,-32.485,9.50
148.75385,1.279,-32.485,9.50
148.77756,1.089,-31.940,9.50
148.78772,1.089,-31.940,9.50
148.80672,1.089,-31.940,10.00
148.81692,0.993,-31.649,10.00
148.82707,0.880,-31.330,10.00
148.83925,0.880,-30.991,10.00
148.84941,0.764,-30.991,10.00
148.85974,0.764,-30.654,10.00
148.87135,0.651,-30.654,10.00
148.88166,0.553,-30.272,10.00
148.89210,0.553,-30.272,10.00
148.90346,0.553,-30.272,10.00
148.91365,0.484,-29.941,10.00
148.92437,0.484,-29.941,10.00
148.93469,0.432,-29.610,10.00
148.94488,0.394,-29.272,10.00
148.95504,0.394,-29.272,10.00
148.96668,0.371,-28.955,10.00
148.97687,0.371,-28.955,10.00
148.98712,0.356,-28.635,10.00
149.01462,0.356,-28.635,10.00
149.02481,0.365,-28.304,10.00
149.04686,0.382,-27.971,10.50
149.05724,0.412,-27.575,10.50
149.07951,0.453,-27.221,10.50
149.08967,0.506,-26.841,10.50
149.11380,0.576,-26.447,10.50
149.12397,0.647,-25.985,10.50
149.14303,0.647,-25.488,10.50
149.15323,0.714,-25.488,10.50
149.16356,0.786,-24.968,10.50
149.17478,0.786,-24.968,10.50
149.18496,0.864,-24.439,10.50
149.19586,0.864,-24.439,10.50
149.20767,0.922,-23.892,10.50
149.21806,0.922,-23.444,10.50
149.22824,0.978,-23.444,10.50
149.23991,1.041,-23.052,11.00
149.25022,1.041,-23.052,11.00
149.26042,1.106,-23.052,11.00
149.27359,1.106,-22.666,11.00
149.28439,1.175,-22.290,11.00
149.29455,1.175,-22.290,11.00
149.32235,1.231,-21.648,11.00
149.33251,1.282,-21.648,11.00
149.35194,1.338,-21.376,11.00
149.36221,1.384,-21.376,11.00
149.38351,1.421,-20.815,11.00
149.39400,1.421,-20.815,11.00
149.41680,1.444,-20.578,11.00
149.42705,1.457,-20.338,11.00
149.43770,1.456,-20.338,11.00
149.44791,1.456,-20.091,11.00
149.45807,1.434,-19.788,11.00
149.46821,1.434,-19.788,11.00
149.47966,1.434,-19.788,11.00
149.48953,1.407,-19.415,11.00
149.49969,1.407,-19.001,11.00
149.51411,1.364,-19.001,11.50
149.52449,1.327,-18.495,11.50
149.53465,1.327,-18.495,11.50
149.54532,1.301,-18.035,11.50
149.55697,1.301,-18.035,11.50
149.56724,1.278,-17.562,11.50
149.59188,1.256,-17.074,11.50
149.60208,1.223,-16.605,11.50
149.62343,1.223,-16.605,11.50
149.63362,1.193,-16.149,11.50
149.65800,1.176,-15.716,11.50
149.66828,1.160,-15.279,11.50
149.68682,1.160,-15.279,11.50
149.69701,1.143,-14.819,11.50
149.70718,1.114,-14.416,11.50
149.71946,1.114,-14.416,11.50
149.72964,1.076,-13.982,11.50
149.74013,1.028,-13.982,11.50
149.76694,0.985,-13.546,11.50
149.77730,0.985,-13.038,11.50
149.80078,0.925,-13.038,11.50
149.81119,0.925,-11.992,11.50
149.83098,0.923,-11.992,11.50
149.84135,0.927,-10.989,11.50
149.85169,0.927,-10.989,11.50
149.86359,0.932,-10.557,12.00
149.87377,0.932,-10.557,12.00
149.88415,0.936,-10.154,12.00
149.89749,0.936,-10.154,12.00
149.90768,0.944,-9.742,12.00
149.91784,0.962,-9.742,12.00
149.92869,0.962,-9.341,12.00
149.93910,0.962,-9.341,12.00
149.94933,0.986,-8.979,12.00
149.97504,0.986,-8.979,12.00
149.98543,1.058,-8.277,12.00
150.00711,1.092,-8.277,12.00
150.01730,1.121,-7.810,12.00
150.03945,1.145,-6.879,12.00
150.04963,1.145,-6.879,12.00
150.07210,1.178,-6.399,12.00
150.08234,1.204,-5.952,12.00
150.10262,1.204,-5.952,12.00
150.11280,1.241,-5.498,12.00
150.12297,1.290,-5.131,12.00
150.13505,1.290,-5.131,12.00
150.14524,1.348,-4.775,12.00
150.15559,1.348,-4.775,12.00
150.16743,1.394,-4.433,12.00
150.17769,1.394,-4.125,12.00
150.18827,1.427,-4.125,12.00
150.19904,1.447,-4.125,12.00
150.20939,1.447,-3.797,12.00
150.21974,1.460,-3.797,12.00
150.23141,1.460,-3.502,12.00
150.24162,1.460,-3.502,12.00
150.25210,1.470,-3.185,12.00
150.26343,1.470,-2.878,12.00
150.27372,1.477,-2.878,12.00
150.28392,1.476,-2.540,12.00
150.29784,1.476,-2.540,12.00
150.31235,1.476,-2.540,12.00
150.32275,1.497,-1.754,12.00
150.34274,1.497,-1.754,12.00
150.35303,1.522,-1.274,12.00
150.37736,1.576,-0.190,12.00
150.38753,1.576,-0.190,12.00
150.40881,1.601,0.358,12.00
150.41919,1.624,0.883,12.00
150.42937,1.624,0.883,12.00
150.43984,1.644,1.341,12.00
150.45022,1.644,1.341,12.00
150.46038,1.667,1.341,12.00
150.47121,1.667,1.762,12.00
150.48137,1.687,1.762,12.00
150.49161,1.687,2.190,12.00
150.50480,1.687,2.190,12.00
150.51534,1.694,2.560,12.00
150.52550,1.685,2.948,12.00
150.53573,1.685,2.948,12.00
150.54588,1.686,3.333,12.00
150.55625,1.686,3.333,12.00
150.56680,1.683,3.688,12.00
150.57698,1.683,3.688,12.00
150.58714,1.673,4.030,12.00
150.59753,1.673,4.030,12.00
150.61647,1.673,4.030,12.00
150.62723,1.674,4.616,12.00
150.64694,1.676,4.616,12.00
150.65713,1.676,4.921,12.00
150.66742,1.683,5.216,0.00
150.67760,1.683,5.216,0.00
150.68787,1.681,5.568,0.00
150.69793,1.681,5.568,0.00
150.70810,1.669,5.981,0.00
150.71825,1.669,5.981,0.00
150.72842,1.658,6.444,0.00
150.73857,1.637,6.881,0.00
150.74886,1.637,6.881,0.00
150.75915,1.637,7.302,0.00
150.76953,1.599,7.302,0.00
150.77969,1.568,7.692,0.00
150.78986,1.568,7.692,0.00
150.80002,1.553,8.103,0.00
150.81018,1.553,8.103,0.00
150.82034,1.550,8.493,0.00
150.83050,1.550,8.493,0.00
150.84066,1.557,8.872,0.00
150.85082,1.557,8.872,0.00
150.86115,1.546,9.236,0.00
150.87155,1.546,9.236,0.00
150.88195,1.503,9.586,0.00
150.89231,1.503,9.586,0.00
150.90287,1.432,9.926,0.00
150.91350,1.432,9.926,0.00
150.92401,1.345,10.260,0.00
150.93469,1.345,10.260,0.00
150.94486,1.252,10.564,0.00
150.95539,1.252,10.564,0.00
150.96555,1.161,10.926,0.00
150.97572,1.161,10.926,0.00
150.98588,1.094,11.407,0.00
150.99605,1.094,11.407,0.00
151.00621,1.040,11.854,0.00
151.01689,1.040,11.854,0.00
151.02704,0.989,12.318,0.00
151.03721,0.989,12.318,0.00
151.04737,0.941,12.764,0.00
151.05762,0.891,12.764,0.00
151.06827,0.891,13.165,0.00
151.07856,0.853,13.520,0.00
151.08881,0.853,13.520,0.00
151.09944,0.834,13.814,0.00
151.10963,0.834,13.814,0.00
151.12020,0.816,14.017,0.00
151.13035,0.816,14.017,0.00
151.14072,0.778,14.166,0.00
151.15107,0.778,14.166,0.00
151.16123,0.778,14.292,0.00
151.17140,0.747,14.292,0.00
151.18156,0.771,14.439,0.00
151.19209,0.771,14.439,0.00
151.20238,0.868,14.620,0.00
151.21324,0.868,14.620,0.00
151.22363,0.953,14.803,0.00
151.23479,0.953,14.803,0.00
151.24503,0.986,14.956,0.00
151.25533,0.986,14.956,0.00
151.26548,0.983,15.069,0.00
151.27564,0.983,15.069,0.00
151.28580,0.973,15.144,0.00
151.29623,0.973,15.175,0.00
151.30639,0.959,15.175,0.00
151.31662,0.959,15.125,0.00
151.32693,0.961,15.125,0.00
151.33782,0.961,15.125,0.00
151.34801,1.025,15.014,0.00
151.35816,1.025,14.847,0.00
151.36852,1.128,14.847,0.00
151.37866,1.128,14.847,0.00
151.38881,1.247,14.566,0.00
151.39897,1.247,14.566,0.00
151.40914,1.387,14.197,0.00
151.41931,1.508,14.197,0.00
151.42947,1.508,13.760,0.00
151.43974,1.632,13.760,0.00
151.44990,1.632,13.268,0.00
151.46007,1.712,12.642,0.00
151.47023,1.712,12.642,0.00
151.48039,1.759,12.023,0.00
151.49053,1.759,12.023,0.00
151.50069,1.782,11.275,0.00
151.51085,1.782,11.275,0.00
151.52101,1.793,10.331,0.00
151.53129,1.793,10.331,0.00
151.54144,1.805,9.365,0.00
151.55158,1.805,9.365,0.00
151.56173,1.822,8.372,0.00
151.57190,1.822,8.372,0.00
151.58206,1.854,7.175,0.00
151.59261,1.854,7.175,0.00
151.60269,1.854,5.565,0.00
151.61360,1.892,5.565,0.00
151.62386,1.935,3.411,0.00
151.63432,1.935,3.411,0.00
151.64458,1.979,1.429,0.00
151.65488,1.979,1.429,0.00
151.66505,2.014,-0.614,0.00
151.67920,2.014,-0.614,0.00
151.70129,2.039,-2.776,0.00
151.71908,2.068,-5.032,0.00
151.73561,2.115,-7.218,0.00
151.74823,2.115,-7.218,0.00
151.76405,2.168,-11.146,0.00
151.78125,2.210,-13.215,0.00
151.79263,2.244,-13.215,0.00
151.80281,2.244,-13.215,0.00
151.82142,2.325,-16.967,0.00
151.83192,2.325,-16.967,0.00
151.84507,2.387,-18.982,0.00
151.85528,2.387,-18.982,0.00
151.87124,2.442,-21.117,0.00
151.88142,2.442,-23.345,0.00
151.89536,2.484,-23.345,0.00
151.91129,2.509,-25.582,0.00
151.92174,2.509,-25.582,0.00
151.94743,2.500,-30.386,0.00
151.95991,2.500,-32.538,0.00
151.97586,2.469,-32.538,0.00
151.99155,2.434,-34.523,0.00
152.00729,2.380,-36.278,0.00
152.02297,2.322,-36.278,0.00
152.03398,2.322,-37.802,0.00
152.04448,2.322,-39.023,0.00
152.06269,2.195,-39.023,0.00
152.07991,2.195,-39.864,0.00
152.09066,2.129,-40.264,0.00
152.10128,2.129,-40.264,0.00
152.16669,1.978,-39.418,0.00
152.17733,1.918,-39.418,0.00
152.18752,1.855,-37.682,0.00
152.20301,1.855,-37.682,0.00
152.22129,1.789,-36.737,0.00
152.23207,1.789,-35.992,0.00
152.24808,1.714,-35.992,0.00
152.25870,1.714,-35.992,0.00
152.27649,1.714,-35.992,0.00
152.29789,1.631,-35.992,0.00
152.31097,1.631,-35.295,0.00
152.33418,1.370,-33.548,0.00
152.35210,1.240,-32.768,0.00
152.36862,1.204,-32.368,0.00
152.38016,1.187,-32.040,0.00
152.39038,1.187,-32.040,0.00
152.40321,1.187,-32.040,0.00
152.41393,1.187,-32.040,0.00
152.42492,1.187,-32.040,0.00
152.44758,1.239,-32.199,0.00
152.45793,1.239,-32.199,0.00
152.47537,1.257,-32.571,0.00
152.49508,1.291,-33.069,0.00
152.51088,1.291,-33.567,0.00
152.52763,1.365,-33.988,0.00
152.54809,1.365,-33.988,0.00
152.55877,1.396,-33.988,0.00
152.56998,1.438,-34.550,0.00
152.58610,1.473,-34.550,0.00
152.60185,1.502,-34.692,0.00
152.61763,1.502,-34.744,0.00
152.62905,1.526,-34.762,0.00
152.64451,1.526,-34.762,0.00
152.66049,1.526,-34.762,0.00
152.72279,1.563,-34.762,0.00
152.73343,1.548,-34.353,0.00
152.79153,1.460,-34.538,0.00
152.80204,1.460,-34.642,0.00
152.81221,-0.358,-1.075,0.00
152.82252,-0.358,-1.148,0.00
152.83267,-0.388,-1.148,0.00
152.84301,-0.423,-1.167,0.00
152.85348,-0.423,-1.167,0.00
152.86384,-0.458,-1.137,0.00
152.87431,-0.458,-1.137,0.00
152.88455,-0.495,-1.071,0.00
152.89481,-0.495,-1.071,0.00
152.90524,-0.538,-0.981,0.00
152.91575,-0.538,-0.981,0.00
152.92650,-0.580,-0.904,0.00
152.93664,-0.580,-0.904,0.00
152.94679,-0.621,-0.849,0.00
152.95695,-0.621,-0.849,0.00
152.96711,-0.663,-0.824,0.00
152.97725,-0.663,-0.824,0.00
152.98741,-0.708,-0.822,0.00
152.99756,-0.708,-0.822,0.00
153.00772,-0.750,-0.835,0.00
153.01792,-0.750,-0.835,0.00
153.02807,-0.784,-0.853,0.00
153.03823,-0.784,-0.853,0.00
153.04846,-0.819,-0.869,0.00
153.05862,-0.819,-0.875,0.00
153.06878,-0.850,-0.875,0.00
153.07894,-0.850,-0.879,0.00
153.08909,-0.874,-0.879,0.00
153.09941,-0.874,-0.879,0.00
153.10957,-0.900,-0.879,0.00
153.11975,-0.900,-0.879,0.00
153.12990,-0.927,-0.878,0.00
153.14007,-0.927,-0.878,0.00
153.15025,-0.949,-0.879,0.00
153.16040,-0.965,-0.879,0.00
153.17055,-0.965,-0.878,0.00
153.18070,-0.991,-0.873,0.00
153.19084,-0.991,-0.873,0.00
153.20109,-0.991,-0.873,0.00
153.21139,-0.991,-0.873,0.00
153.22226,-1.026,-0.873,0.00
153.23241,-1.072,-0.861,0.00
153.24259,-1.072,-0.861,0.00
153.25292,-1.072,-0.861,0.00
153.26324,-1.072,-0.861,0.00
153.27382,-1.124,-0.856,0.00
153.28446,-1.124,-0.856,0.00
153.29462,-1.124,-0.856,0.00
153.30493,-1.182,-0.856,0.00
153.31509,-1.182,-0.857,0.00
153.32525,-1.182,-0.857,0.00
153.33541,-1.182,-0.857,0.00
153.34557,-1.182,-0.857,0.00
153.35574,-1.182,-0.857,0.00
153.36654,-1.182,-0.857,0.00
153.37669,-1.182,-0.857,0.00
153.38684,-1.182,-0.857,0.00
153.39699,-1.182,-0.857,0.00
153.40714,-1.182,-0.857,0.00
153.41740,-1.182,-0.857,0.00
153.42756,-1.182,-0.857,0.00
153.43771,-1.182,-0.857,0.00
153.44795,-1.182,-0.857,0.00
153.45812,-1.241,-0.859,0.00
153.46828,-1.340,-0.863,0.00
153.47844,-1.340,-0.866,0.00
153.48861,-1.415,-0.872,0.00
153.49902,-1.436,-0.872,0.00
153.50929,-1.461,-0.866,0.00
153.51947,-1.489,-0.864,0.00
153.52964,-1.486,-0.867,0.00
153.54015,-1.486,-0.871,0.00
153.55031,-1.467,-0.878,0.00
153.56047,-1.461,-0.902,0.00
153.57084,-1.439,-0.916,0.00
153.58109,-1.414,-0.916,0.00
153.59128,-1.414,-0.923,0.00
153.60145,-1.414,-0.923,0.00
153.61161,-1.395,-0.932,0.00
153.62178,-1.388,-0.943,0.00
153.63196,-1.388,-0.943,0.00
153.64213,-1.388,-0.943,0.00
153.65228,-1.385,-0.958,0.00
153.66314,-1.382,-0.976,0.00
153.67330,-1.382,-0.976,0.00
153.68356,-1.380,-0.989,0.00
153.69380,-1.380,-0.989,0.00
153.70403,-1.376,-1.004,0.00
153.71423,-1.376,-1.004,0.00
153.72439,-1.375,-1.011,0.00
153.73484,-1.375,-1.011,0.00
153.74537,-1.370,-1.019,0.00
153.75610,-1.370,-1.019,0.00
153.76636,-1.356,-1.029,0.00
153.77709,-1.356,-1.029,0.00
153.78726,-1.339,-1.040,0.00
153.79803,-1.339,-1.040,0.00
153.80848,-1.323,-1.048,0.00
153.81878,-1.316,-1.048,0.00
153.82910,-1.316,-1.051,0.00
153.83945,-1.316,-1.051,0.00
153.84963,-1.316,-1.054,0.00
153.85988,-1.316,-1.054,0.00
153.87006,-1.323,-1.050,0.00
153.88022,-1.323,-1.050,0.00
153.89040,-1.329,-1.045,0.00
153.90057,-1.328,-1.045,0.00
153.91071,-1.328,-1.043,0.00
153.92088,-1.331,-1.043,0.00
153.93104,-1.331,-1.043,0.00
153.94121,-1.331,-1.040,0.00
153.95136,-1.327,-1.040,0.00
153.96151,-1.327,-1.032,0.00
153.97166,-1.322,-1.032,0.00
153.98195,-1.325,-1.015,0.00
153.99229,-1.325,-1.015,0.00
154.00249,-1.336,-0.997,0.00
154.01265,-1.336,-0.997,0.00
154.02310,-1.348,-0.986,0.00
154.03337,-1.348,-0.986,0.00
154.04353,-1.360,-0.985,0.00
154.05375,-1.360,-0.985,0.00
154.06396,-1.379,-0.986,0.00
154.07431,-1.379,-0.986,0.00
154.08458,-1.391,-0.983,0.00
154.09545,-1.391,-0.983,0.00
154.10525,-1.399,-0.976,0.00
154.11555,-1.399,-0.976,0.00
154.12573,-1.411,-0.971,0.00
154.13602,-1.411,-0.971,0.00
154.14617,-1.428,-0.961,0.00
154.15703,-1.428,-0.961,0.00
154.16710,-1.439,-0.952,0.00
154.17726,-1.445,-0.943,0.00
154.18741,-1.445,-0.943,0.00
154.19797,-1.445,-0.943,0.00
154.20816,-1.455,-0.939,0.00
154.21835,-1.469,-0.939,0.00
154.22851,-1.469,-0.943,0.00
154.23867,-1.469,-0.943,0.00
154.24883,-1.469,-0.954,0.00
154.25899,-1.467,-0.954,0.00
154.26915,-1.467,-0.968,0.00
154.27931,-1.471,-0.968,0.00
154.28948,-1.471,-0.977,0.00
154.29964,-1.471,-0.977,0.00
154.30979,-1.476,-0.978,0.00
154.31995,-1.476,-0.978,0.00
154.33010,-1.479,-0.974,0.00
154.34026,-1.478,-0.974,0.00
154.35042,-1.478,-0.974,0.00
154.36058,-1.478,-0.980,0.00
154.37072,-1.469,-0.980,0.00
154.38087,-1.455,-0.992,0.00
154.39101,-1.455,-0.992,0.00
154.40116,-1.455,-0.992,0.00
154.41169,-1.444,-1.006,0.00
154.42188,-1.437,-1.017,0.00
154.43203,-1.437,-1.017,0.00
154.44220,-1.425,-1.024,0.00
154.45236,-1.425,-1.024,0.00
154.46254,-1.407,-1.024,0.00
154.47281,-1.407,-1.029,0.00
154.48315,-1.391,-1.037,0.00
154.49366,-1.391,-1.037,0.00
154.50402,-1.369,-1.049,0.00
154.51458,-1.369,-1.049,0.00
154.52485,-1.346,-1.065,0.00
154.53514,-1.346,-1.065,0.00
154.54555,-1.329,-1.065,0.00
154.55619,-1.329,-1.078,0.00
154.56636,-1.315,-1.093,0.00
154.57667,-1.297,-1.093,0.00
154.58704,-1.297,-1.107,0.00
154.59738,-1.274,-1.107,0.00
154.60755,-1.274,-1.115,0.00
154.61774,-1.274,-1.115,0.00
154.62795,-1.254,-1.115,0.00
154.63817,-1.254,-1.115,0.00
154.64832,-1.243,-1.111,0.00
154.65902,-1.243,-1.111,0.00
154.66924,-1.231,-1.110,0.00
154.67939,-1.231,-1.110,0.00
154.68955,-1.220,-1.108,0.00
154.69971,-1.208,-1.110,0.00
154.70988,-1.208,-1.110,0.00
154.72007,-1.208,-1.110,0.00
154.73023,-1.204,-1.110,0.00
154.74115,-1.198,-1.108,0.00
154.75130,-1.198,-1.108,0.00
154.76202,-1.189,-1.107,0.00
154.77218,-1.189,-1.107,0.00
154.78266,-1.184,-1.101,0.00
154.79288,-1.184,-1.101,0.00
154.80298,-1.184,-1.093,0.00
154.81314,-1.184,-1.093,0.00
154.82388,-1.186,-1.081,0.00
154.83609,-1.186,-1.081,0.00
154.84632,-1.184,-1.068,0.00
154.85648,-1.184,-1.068,0.00
154.86658,-1.188,-1.058,0.00
154.87712,-1.188,-1.058,0.00
154.88725,-1.195,-1.048,0.00
154.89765,-1.193,-1.048,0.00
154.90811,-1.193,-1.033,0.00
154.91835,-1.193,-1.019,0.00
154.92852,-1.193,-1.019,0.00
154.93876,-1.193,-1.006,0.00
154.94892,-1.198,-1.006,0.00
154.95908,-1.198,-1.006,0.00
154.96919,-1.199,-0.994,0.00
154.97936,-1.199,-0.994,0.00
154.98951,-1.195,-0.984,0.00
154.99967,-1.195,-0.984,0.00
155.00981,-1.195,-0.969,0.00
155.01998,-1.195,-0.969,0.00
155.03014,-1.203,-0.952,0.00
155.04034,-1.218,-0.938,0.00
155.05049,-1.218,-0.938,0.00
155.06067,-1.218,-0.926,0.00
155.07106,-1.239,-0.926,0.00
155.08123,-1.239,-0.915,0.00
155.09156,-1.254,-0.915,0.00
155.10249,-1.270,-0.905,0.00
155.11309,-1.270,-0.905,0.00
155.12324,-1.270,-0.894,0.00
155.13340,-1.291,-0.894,0.00
155.14356,-1.315,-0.884,0.00
155.15381,-1.315,-0.884,0.00
155.16397,-1.328,-0.877,0.00
155.17427,-1.328,-0.877,0.00
155.18528,-1.345,-0.879,0.00
155.19561,-1.345,-0.879,0.00
155.20568,-1.361,-0.881,0.00
155.21584,-1.361,-0.881,0.00
155.22599,-1.361,-0.881,0.00
155.23614,-1.361,-0.881,0.00
155.24629,-1.361,-0.881,0.00
155.25703,-1.361,-0.881,0.00
155.26720,-1.361,-0.881,0.00
155.27752,-1.361,-0.881,0.00
155.28767,-1.361,-0.881,0.00
155.29783,-1.370,-0.878,0.00
155.30800,-1.372,-0.873,0.00
155.31827,-1.367,-0.869,0.00
155.32844,-1.354,-0.864,0.00
155.33861,-1.330,-0.860,0.00
155.34898,-1.330,-0.857,0.00
155.35936,-1.330,-0.857,0.00
155.36964,-1.330,-0.857,0.00
155.37995,-1.330,-0.857,0.00
155.39015,-1.330,-0.857,0.00
155.40032,-1.310,-0.853,0.00
155.41066,-1.288,-0.849,0.00
155.42106,-1.288,-0.849,0.00
155.43122,-1.262,-0.846,0.00
155.44142,-1.262,-0.846,0.00
155.45158,-1.231,-0.836,0.00
155.46174,-1.201,-0.824,0.00
155.47206,-1.201,-0.824,0.00
155.48223,-1.125,-0.794,0.00
155.49283,-1.081,-0.782,0.00
155.50320,-1.011,-0.773,0.00
155.51336,-1.011,-0.773,0.00
155.52352,-0.891,-0.761,0.00
155.53368,-0.891,-0.761,0.00
155.54410,-0.745,-0.744,0.00
155.55434,-0.745,-0.744,0.00
155.56449,-0.576,-0.734,0.00
155.57474,-0.576,-0.734,0.00
155.58503,-0.358,-0.734,0.00
155.59589,-0.358,-0.734,0.00
155.60608,-0.117,-0.730,0.00
155.61630,0.145,-0.730,0.00
155.62667,0.145,-0.724,0.00
155.63796,0.145,-0.724,0.00
155.64813,0.423,-0.717,0.00
155.65830,0.423,-0.717,0.00
155.66847,0.741,-0.710,0.00
155.67862,1.095,-0.705,0.00
155.68878,1.095,-0.705,0.00
155.69894,1.487,-0.705,0.00
155.70909,1.487,-0.700,0.00
155.72002,1.487,-0.700,0.00
155.73086,1.926,-0.690,0.00
155.74103,2.414,-0.683,0.00
155.75122,2.414,-0.683,0.00
155.76230,2.941,-0.677,0.00
155.77247,2.941,-0.677,0.00
155.78262,2.941,-0.677,0.00
155.79358,2.941,-0.677,0.00
155.80397,4.091,-0.674,0.00
155.81576,4.091,-0.674,0.00
155.82593,4.725,-0.672,0.00
155.83619,4.725,-0.672,0.00
155.84638,5.385,-0.665,0.00
155.85653,6.059,-0.665,0.00
155.86666,6.059,-0.658,0.00
155.87701,6.730,-0.658,0.00
155.88721,6.730,-0.645,0.00
155.89736,6.730,-0.645,0.00
155.90753,7.414,-0.627,0.00
155.91768,7.414,-0.627,0.00
155.92804,8.102,-0.604,0.00
155.93819,8.102,-0.604,0.00
155.94835,8.773,-0.580,0.00
155.95855,8.773,-0.580,0.00
155.96872,9.427,-0.559,0.00
155.97887,9.427,-0.559,0.00
155.99155,10.071,-0.541,0.00
156.00173,10.688,-0.525,0.00
156.01202,10.688,-0.525,0.00
156.02399,11.249,-0.509,8.00
156.03429,11.249,-0.509,8.00
156.04461,11.765,-0.491,8.00
156.07155,11.765,-0.474,8.00
156.08191,12.702,-0.464,8.00
156.10324,13.080,-0.464,8.00
156.11341,13.080,-0.459,8.00
156.13893,13.331,-0.457,8.00
156.14912,13.431,-0.458,8.00
156.16834,13.387,-0.456,8.00
156.17849,13.230,-0.460,8.00
156.19899,13.230,-0.460,8.00
156.20917,12.993,-0.464,8.00
156.21933,12.705,-0.465,8.00
156.23109,12.705,-0.465,8.00
156.24202,12.705,-0.465,8.00
156.25360,12.357,-0.466,8.00
156.26392,12.357,-0.466,8.00
156.27438,11.933,-0.467,8.00
156.28455,11.415,-0.466,8.00
156.29527,11.415,-0.466,8.00
156.30544,10.798,-0.468,8.00
156.31569,10.798,-0.468,8.00
156.32659,10.122,-0.468,8.00
156.33681,10.122,-0.468,8.00
156.34717,9.404,-0.464,8.00
156.35741,9.404,-0.464,8.00
156.37658,9.404,-0.464,8.00
156.38679,7.814,-0.447,8.00
156.40645,7.814,-0.447,8.00
156.41663,6.905,-0.438,8.00
156.43914,5.002,-0.427,8.00
156.44933,5.002,-0.427,8.00
156.47198,4.088,-0.461,8.50
156.48213,3.168,-0.426,8.50
156.49231,3.168,-0.426,8.50
156.50301,2.246,-0.426,8.50
156.51345,2.246,-0.454,8.50
156.52387,1.363,-0.399,8.50
156.53809,1.363,-0.399,8.50
156.54832,0.632,-0.418,8.50
156.55847,-0.006,-0.418,8.50
156.56879,-0.006,-0.430,8.50
156.57911,-0.515,-0.515,8.50
156.58927,-0.515,-0.515,8.50
156.60110,-0.515,-0.515,8.50
156.61130,-1.047,-0.611,8.50
156.62146,-1.519,-0.713,8.50
156.63282,-1.519,-0.713,8.50
156.64321,-1.884,-0.901,8.50
156.65364,-1.884,-0.901,8.50
156.66470,-1.962,-1.104,8.50
156.67568,-1.962,-1.104,8.50
156.68590,-1.829,-1.244,8.50
156.71076,-1.658,-1.244,8.50
156.72094,-1.658,-1.375,8.50
156.74267,-1.423,-1.487,8.50
156.75297,-1.157,-1.626,8.50
156.77780,-0.921,-2.007,8.50
156.78796,-0.766,-2.007,8.50
156.80805,-0.766,-2.007,9.00
156.81823,-0.581,-2.246,9.00
156.82839,-0.440,-2.463,9.00
156.83866,-0.440,-2.463,9.00
156.84885,-0.375,-2.662,9.00
156.85901,-0.375,-2.662,9.00
156.87299,-0.320,-2.852,9.00
156.88362,-0.247,-3.014,9.00
156.89390,-0.247,-3.014,9.00
156.90470,-0.150,-3.140,9.00
156.91486,-0.150,-3.140,9.00
156.92502,-0.047,-3.167,9.00
156.95063,-0.047,-3.167,9.00
156.96087,0.037,-3.165,9.00
156.98320,0.070,-3.003,9.00
156.99338,0.079,-3.003,9.00
157.01609,0.064,-2.896,9.00
157.02758,0.007,-2.709,9.00
157.04755,0.007,-2.709,9.00
157.05816,-0.084,-2.500,9.00
157.08105,-0.315,-2.044,9.50
157.09124,-0.315,-2.044,9.50
157.10152,-0.315,-2.044,9.50
157.11194,-0.471,-1.798,9.50
157.12210,-0.639,-1.483,9.50
157.13339,-0.639,-1.483,9.50
157.14386,-0.820,-1.190,9.50
157.15403,-0.820,-1.190,9.50
157.16433,-1.024,-0.879,9.50
157.17588,-1.024,-0.879,9.50
157.18607,-1.234,-0.545,9.50
157.19685,-1.438,-0.180,9.50
157.20799,-1.438,-0.180,9.50
157.21841,-1.438,-0.180,9.50
157.22862,-1.629,0.203,9.50
157.25635,-1.629,1.105,9.50
157.26654,-1.962,1.105,9.50
157.28721,-1.962,1.666,10.00
157.29740,-2.109,2.165,10.00
157.31996,-2.246,2.669,10.00
157.33023,-2.246,2.669,10.00
157.35088,-2.272,3.170,10.00
157.36123,-2.304,3.647,10.00
157.38349,-2.328,4.103,10.00
157.39384,-2.328,4.103,10.00
157.40423,-2.350,4.527,10.00
157.41534,-2.350,4.527,10.00
157.42570,-2.355,4.928,10.00
157.43635,-2.351,5.313,10.00
157.44683,-2.351,5.313,10.00
157.45699,-2.351,5.313,10.00
157.46714,-2.329,5.717,10.00
157.47876,-2.286,5.717,10.00
157.48910,-2.286,6.067,10.00
157.49925,-2.286,6.067,10.00
157.51101,-2.241,6.400,10.50
157.52119,-2.199,6.736,10.50
157.53135,-2.199,6.736,10.50
157.54152,-2.149,7.057,10.50
157.56066,-2.149,7.057,10.50
157.57081,-2.086,7.356,10.50
157.59123,-2.001,7.674,10.50
157.60140,-1.920,7.674,10.50
157.61201,-1.920,7.954,10.50
157.62321,-1.830,8.085,10.50
157.63397,-1.830,8.085,10.50
157.64413,-1.748,8.461,10.50
157.65739,-1.682,9.016,10.50
157.66772,-1.682,9.016,10.50
157.67788,-1.635,9.016,10.50
157.68821,-1.635,9.689,10.50
157.69863,-1.586,9.689,10.50
157.70883,-1.586,10.280,10.50
157.72033,-1.539,10.842,11.00
157.73048,-1.539,10.842,11.00
157.74063,-1.502,10.842,11.00
157.75117,-1.502,11.387,11.00
157.76137,-1.468,11.895,11.00
157.77153,-1.468,11.895,11.00
157.79998,-1.404,12.702,11.00
157.81020,-1.404,12.702,11.00
157.83053,-1.404,12.702,11.00
157.84104,-1.385,13.287,11.00
157.86316,-1.382,13.622,11.00
157.87347,-1.382,13.622,11.00
157.89752,-1.393,13.994,11.00
157.90948,-1.413,14.375,11.00
157.92749,-1.423,14.768,11.00
157.93782,-1.439,14.768,11.00
157.96130,-1.439,15.194,11.00
157.97149,-1.461,15.584,11.00
157.99060,-1.461,15.584,11.50
158.00078,-1.507,15.973,11.50
158.01094,-1.507,16.328,11.50
158.02677,-1.507,16.686,11.50
158.03824,-1.514,16.686,11.50
158.04841,-1.502,17.048,11.50
158.05857,-1.502,17.048,11.50
158.06872,-1.484,17.443,11.50
158.07890,-1.484,17.443,11.50
158.10457,-1.461,18.368,11.50
158.11608,-1.461,18.368,11.50
158.13878,-1.438,19.289,11.50
158.14916,-1.438,19.289,11.50
158.16701,-1.422,19.289,11.50
158.17720,-1.422,19.782,11.50
158.19994,-1.404,20.747,11.50
158.21035,-1.404,20.747,11.50
158.23050,-1.391,20.747,11.50
158.24071,-1.391,21.208,11.50
158.25087,-1.366,21.636,11.50
158.26305,-1.321,21.636,11.50
158.27328,-1.321,22.117,11.50
158.28344,-1.321,22.620,11.50
158.29510,-1.296,22.620,11.50
158.30529,-1.277,23.079,11.50
158.31544,-1.277,23.079,11.50
158.33001,-1.255,23.512,12.00
158.34017,-1.255,23.512,12.00
158.35035,-1.250,23.899,12.00
158.36150,-1.261,24.278,12.00
158.37189,-1.261,24.278,12.00
158.38204,-1.266,24.576,12.00
158.40666,-1.266,24.576,12.00
158.41686,-1.280,24.851,12.00
158.43930,-1.281,25.179,12.00
158.44965,-1.276,25.478,12.00
158.47097,-1.276,25.836,12.00
158.48135,-1.289,26.240,12.00
158.50321,-1.303,26.746,12.00
158.51406,-1.303,26.746,12.00
158.52424,-1.333,27.272,12.00
158.53471,-1.333,27.272,12.00
158.54490,-1.355,27.780,12.00
158.55504,-1.355,27.780,12.00
158.56737,-1.360,28.282,12.00
158.57754,-1.369,28.780,12.00
158.58798,-1.369,28.780,12.00
158.59974,-1.388,29.181,12.00
158.61011,-1.388,29.181,12.00
158.62026,-1.392,29.549,12.00
158.63197,-1.392,29.549,12.00
158.64313,-1.383,29.923,12.00
158.65328,-1.383,29.923,12.00
158.67886,-1.385,29.923,12.00
158.68918,-1.385,30.717,12.00
158.71134,-1.385,31.136,12.00
158.72152,-1.357,31.573,12.00
158.74287,-1.367,31.573,12.00
158.75305,-1.367,32.043,12.00
158.77757,-1.363,32.844,12.00
158.78794,-1.356,32.844,12.00
158.80729,-1.340,33.245,12.00
158.81860,-1.340,33.245,12.00
158.82879,-1.326,33.642,12.00
158.83895,-1.326,33.642,12.00
158.84966,-1.307,34.025,12.00
158.85996,-1.307,34.404,12.00
158.87210,-1.281,34.404,12.00
158.88226,-1.275,34.780,12.00
158.89239,-1.275,34.780,12.00
158.90330,-1.259,35.203,12.00
158.91351,-1.259,35.203,12.00
158.92394,-1.224,35.533,12.00
158.93492,-1.224,35.533,12.00
158.94509,-1.196,35.841,12.00
158.95525,-1.196,35.841,12.00
158.98355,-1.138,36.174,12.00
158.99375,-1.138,36.522,12.00
159.01511,-1.129,36.863,12.00
159.02543,-1.111,37.191,12.00
159.04906,-1.111,37.571,12.00
159.05923,-1.095,38.007,12.00
159.07898,-1.079,38.007,12.00
159.08987,-1.043,38.404,12.00
159.11038,-1.013,38.404,12.00
159.12056,-0.991,39.208,12.00
159.13077,-0.991,39.208,12.00
159.14102,-0.953,39.598,0.00
159.15117,-0.953,39.598,0.00
159.16134,-0.919,39.962,0.00
159.17149,-0.919,39.962,0.00
159.18166,-0.919,39.962,0.00
159.19198,-0.886,40.323,0.00
159.20213,-0.869,40.668,0.00
159.21287,-0.869,40.668,0.00
159.22295,-0.876,41.008,0.00
159.23523,-0.876,41.008,0.00
159.24564,-0.881,41.271,0.00
159.25588,-0.881,41.271,0.00
159.26604,-0.882,41.497,0.00
159.27631,-0.882,41.497,0.00
159.28655,-0.878,41.734,0.00
159.29670,-0.865,41.987,0.00
159.30699,-0.865,41.987,0.00
159.31729,-0.865,41.987,0.00
159.32745,-0.864,42.289,0.00
159.33761,-0.864,42.289,0.00
159.34799,-0.874,42.581,0.00
159.35802,-0.894,42.888,0.00
159.36824,-0.894,42.888,0.00
159.37840,-0.894,42.888,0.00
159.38856,-0.915,43.243,0.00
159.39872,-0.939,43.543,0.00
159.40888,-0.939,43.543,0.00
159.41904,-0.956,43.834,0.00
159.42963,-0.956,43.834,0.00
159.44002,-0.954,44.136,0.00
159.45034,-0.954,44.136,0.00
159.46067,-0.944,44.408,0.00
159.47100,-0.944,44.408,0.00
159.48140,-0.931,44.652,0.00
159.49170,-0.931,44.652,0.00
159.50187,-0.925,44.652,0.00
159.51207,-0.925,44.888,0.00
159.52223,-0.918,45.127,0.00
159.53238,-0.918,45.127,0.00
159.54320,-0.912,45.377,0.00
159.55429,-0.912,45.377,0.00
159.56456,-0.906,45.567,0.00
159.57505,-0.906,45.567,0.00
159.58521,-0.895,45.769,0.00
159.59537,-0.895,45.769,0.00
159.60553,-0.881,45.951,0.00
159.61569,-0.881,45.951,0.00
159.62593,-0.865,46.137,0.00
159.63681,-0.865,46.137,0.00
159.64709,-0.852,46.327,0.00
159.65752,-0.850,46.468,0.00
159.67097,-0.850,46.468,0.00
159.68113,-0.846,46.591,0.00
159.69125,-0.846,46.591,0.00
159.70148,-0.834,46.649,0.00
159.71168,-0.834,46.649,0.00
159.72184,-0.823,46.626,0.00
159.73251,-0.823,46.626,0.00
159.74283,-0.824,46.573,0.00
159.75303,-0.824,46.573,0.00
159.76420,-0.833,46.496,0.00
159.77495,-0.833,46.496,0.00
159.78500,-0.834,46.385,0.00
159.79516,-0.834,46.385,0.00
159.80535,-0.844,46.233,0.00
159.81550,-0.844,46.233,0.00
159.82564,-0.860,46.054,0.00
159.83652,-0.860,46.054,0.00
159.84688,-0.884,45.862,0.00
159.85703,-0.945,45.620,0.00
159.86719,-0.945,45.620,0.00
159.87736,-1.030,45.369,0.00
159.88751,-1.030,45.369,0.00
159.89787,-1.109,45.101,0.00
159.90825,-1.109,45.101,0.00
159.91872,-1.175,45.101,0.00
159.92890,-1.175,44.811,0.00
159.93908,-1.175,44.811,0.00
159.94928,-1.237,44.503,0.00
159.95945,-1.237,44.503,0.00
159.96960,-1.301,44.188,0.00
159.97988,-1.301,44.188,0.00
159.98992,-1.301,44.188,0.00
160.00041,-1.394,43.875,0.00
160.01057,-1.394,43.875,0.00
160.02116,-1.458,43.548,0.00
160.03131,-1.458,43.548,0.00
160.04147,-1.513,43.220,0.00
160.05166,-1.513,43.220,0.00
160.06230,-1.548,42.828,0.00
160.07244,-1.548,42.828,0.00
160.08263,-1.559,42.477,0.00
160.09278,-1.559,42.477,0.00
160.10294,-1.564,42.126,0.00
160.11312,-1.564,42.126,0.00
160.12432,-1.573,41.758,0.00
160.13522,-1.573,41.758,0.00
160.15056,-1.591,41.385,0.00
160.16234,-1.591,41.385,0.00
160.17952,-1.630,40.982,0.00
160.19064,-1.679,40.523,0.00
160.20256,-1.679,40.523,0.00
160.21362,-1.698,40.043,0.00
160.22535,-1.698,40.043,0.00
160.23641,-1.672,39.503,0.00
160.24740,-1.672,38.945,0.00
160.25762,-1.672,38.945,0.00
160.26803,-1.672,38.197,0.00
160.27839,-1.545,38.197,0.00
160.28873,-1.545,37.281,0.00
160.30479,-1.504,36.296,0.00
160.31507,-1.504,36.296,0.00
160.32524,-1.504,35.275,0.00
160.33565,-1.455,35.275,0.00
160.34637,-1.373,34.204,0.00
160.36261,-1.269,33.011,0.00
160.37321,-1.269,33.011,0.00
160.38477,-1.269,33.011,0.00
160.39593,-1.158,31.493,0.00
160.40724,-1.061,31.493,0.00
160.41776,-1.061,30.036,0.00
160.42874,-0.969,28.528,0.00
160.43897,-0.969,27.023,0.00
160.44931,-0.858,27.023,0.00
160.45952,-0.745,25.532,0.00
160.46988,-0.745,25.532,0.00
160.48051,-0.745,25.532,0.00
160.49088,-0.643,25.532,0.00
160.50163,-0.643,23.963,0.00
160.51265,-0.519,22.218,0.00
160.52296,-0.519,22.218,0.00
160.53383,-0.404,20.231,0.00
160.54470,-0.305,17.646,0.00
160.55629,-0.230,15.202,0.00
160.57228,-0.230,15.202,0.00
160.58252,-0.162,15.202,0.00
160.59290,-0.162,12.718,0.00
160.60422,-0.162,10.277,0.00
160.61493,-0.082,10.277,0.00
160.62514,-0.082,7.924,0.00
160.63564,-0.014,7.924,0.00
160.64621,-0.014,5.617,0.00
160.65687,0.037,5.617,0.00
160.66727,0.037,3.383,0.00
160.67771,0.084,3.383,0.00
160.68841,0.126,1.263,0.00
160.69874,0.126,1.263,0.00
160.72247,0.152,-2.560,0.00
160.73316,0.152,-2.560,0.00
160.74554,0.140,-2.560,0.00
160.76102,0.140,-3.829,0.00
160.77791,0.114,-4.741,0.00
160.79628,0.003,-5.691,0.00
160.80663,0.003,-5.691,0.00
160.81855,0.003,-5.691,0.00
160.83594,-0.085,-5.683,0.00
160.85159,-0.181,-5.355,0.00
160.86355,-0.181,-5.355,0.00
160.88949,-0.383,-3.970,0.00
160.90976,-0.454,-3.225,0.00
160.92461,-0.454,-3.225,0.00
160.93632,-0.513,-2.467,0.00
160.94733,-0.513,-1.767,0.00
160.95820,-0.562,-1.767,0.00
160.97076,-0.602,-1.072,0.00
160.99489,-0.628,-0.466,0.00
161.00551,-0.637,0.050,0.00
161.01851,-0.637,0.050,0.00
161.03678,-0.625,1.035,0.00
161.05280,-0.591,1.035,0.00
