time,contralateral_sh_el_deg,sh_el_deg,stim_curr
0.00161,-3.114,4.829,0.00
0.01184,-3.113,4.826,0.00
0.02201,-3.112,4.826,0.00
0.03219,-3.112,4.826,0.00
0.04456,-3.112,4.824,0.00
0.05476,-3.114,4.821,0.00
0.06530,-3.114,4.821,0.00
0.07569,-3.114,4.819,0.00
0.08612,-3.114,4.819,0.00
0.09642,-3.114,4.817,0.00
0.10678,-3.114,4.814,0.00
0.11743,-3.113,4.814,0.00
0.12759,-3.113,4.814,0.00
0.13823,-3.113,4.814,0.00
0.14827,-3.114,4.812,0.00
0.16086,-3.115,4.812,0.00
0.17279,-3.115,4.812,0.00
0.18285,-3.116,4.810,0.00
0.19302,-3.118,4.806,0.00
0.20538,-3.118,4.803,0.00
0.21566,-3.121,4.803,0.00
0.22592,-3.121,4.803,0.00
0.23609,-3.124,4.794,0.00
0.24626,-3.127,4.794,0.00
0.25643,-3.127,4.787,0.00
0.26671,-3.130,4.787,0.00
0.27714,-3.130,4.781,0.00
0.28751,-3.132,4.777,0.00
0.29772,-3.132,4.777,0.00
0.30791,-3.136,4.770,0.00
0.32220,-3.136,4.770,0.00
0.33425,-3.139,4.762,0.00
0.34452,-3.139,4.762,0.00
0.35649,-3.141,4.758,0.00
0.36732,-3.141,4.758,0.00
0.37903,-3.144,4.754,0.00
0.38938,-3.149,4.749,0.00
0.39982,-3.149,4.749,0.00
0.40998,-3.154,4.747,0.00
0.42016,-3.154,4.747,0.00
0.43241,-3.154,4.745,0.00
0.44279,-3.158,4.745,0.00
0.45311,-3.158,4.745,0.00
0.46313,-3.161,4.743,0.00
0.47330,-3.161,4.743,0.00
0.48347,-3.162,4.739,0.00
0.49361,-3.161,4.732,0.00
0.50560,-3.161,4.732,0.00
0.51611,-3.159,4.725,0.00
0.52651,-3.156,4.725,0.00
0.53694,-3.156,4.716,0.00
0.54711,-3.156,4.716,0.00
0.55743,-3.149,4.704,0.00
0.56881,-3.149,4.704,0.00
0.57887,-3.144,4.692,0.00
0.58903,-3.144,4.679,0.00
0.59935,-3.138,4.679,0.00
0.60953,-3.138,4.679,0.00
0.61974,-3.138,4.679,0.00
0.62994,-3.138,4.679,0.00
0.64018,-3.121,4.664,0.00
0.65094,-3.121,4.664,0.00
0.66116,-3.114,4.650,0.00
0.67135,-3.114,4.650,0.00
0.68152,-3.108,4.639,0.00
0.69171,-3.108,4.639,0.00
0.70218,-3.103,4.629,0.00
0.71312,-3.098,4.615,0.00
0.72339,-3.098,4.615,0.00
0.73358,-3.092,4.603,0.00
0.74375,-3.092,4.603,0.00
0.75394,-3.085,4.593,0.00
0.76435,-3.085,4.593,0.00
0.77483,-3.078,4.586,0.00
0.78519,-3.072,4.571,0.00
0.79548,-3.072,4.571,0.00
0.80583,-3.066,4.569,0.00
0.81670,-3.066,4.569,0.00
0.82706,-3.063,4.567,0.00
0.83731,-3.063,4.567,0.00
0.84770,-3.063,4.567,0.00
0.85785,-3.063,4.566,0.00
0.86802,-3.061,4.569,0.00
0.87825,-3.060,4.569,0.00
0.88841,-3.059,4.578,0.00
0.89856,-3.059,4.578,0.00
0.90872,-3.059,4.590,0.00
0.91905,-3.057,4.590,0.00
0.92931,-3.053,4.601,0.00
0.93948,-3.053,4.601,0.00
0.94964,-3.053,4.601,0.00
0.95981,-3.053,4.601,0.00
0.96997,-3.050,4.613,0.00
0.98024,-3.046,4.628,0.00
0.99040,-3.041,4.640,0.00
1.00067,-3.041,4.640,0.00
1.01092,-3.037,4.648,0.00
1.02199,-3.037,4.648,0.00
1.03215,-3.037,4.661,0.00
1.04274,-3.037,4.661,0.00
1.05294,-3.037,4.676,0.00
1.06322,-3.037,4.676,0.00
1.07339,-3.038,4.694,0.00
1.08385,-3.041,4.694,0.00
1.09401,-3.041,4.711,0.00
1.10418,-3.041,4.711,0.00
1.11440,-3.047,4.730,0.00
1.12456,-3.047,4.730,0.00
1.13472,-3.055,4.748,0.00
1.14488,-3.063,4.769,0.00
1.15505,-3.063,4.769,0.00
1.16537,-3.063,4.769,0.00
1.17553,-3.073,4.792,0.00
1.18569,-3.073,4.792,0.00
1.19639,-3.084,4.817,0.00
1.20683,-3.093,4.843,0.00
1.21700,-3.093,4.843,0.00
1.22718,-3.101,4.870,0.00
1.23734,-3.101,4.870,0.00
1.24762,-3.107,4.899,0.00
1.25779,-3.107,4.899,0.00
1.26805,-3.107,4.899,0.00
1.27821,-3.111,4.935,0.00
1.28841,-3.111,4.935,0.00
1.29856,-3.115,4.967,0.00
1.30872,-3.119,4.995,0.00
1.31888,-3.119,4.995,0.00
1.32983,-3.127,5.020,0.00
1.34030,-3.127,5.020,0.00
1.35061,-3.136,5.020,0.00
1.36080,-3.136,5.042,0.00
1.37113,-3.146,5.063,0.00
1.38222,-3.146,5.063,0.00
1.39267,-3.155,5.079,0.00
1.40299,-3.164,5.079,0.00
1.41338,-3.164,5.090,0.00
1.42371,-3.169,5.090,0.00
1.43402,-3.169,5.096,0.00
1.44453,-3.169,5.096,0.00
1.45508,-3.176,5.101,0.00
1.46550,-3.176,5.101,0.00
1.47565,-3.181,5.105,0.00
1.48580,-3.181,5.104,0.00
1.49596,-3.186,5.104,0.00
1.50640,-3.186,5.104,0.00
1.51660,-3.190,5.104,0.00
1.52677,-3.193,5.108,0.00
1.53741,-3.193,5.108,0.00
1.54756,-3.193,5.105,0.00
1.55793,-3.195,5.105,0.00
1.56838,-3.195,5.105,0.00
1.57874,-3.195,5.097,0.00
1.58915,-3.192,5.090,0.00
1.59933,-3.192,5.090,0.00
1.60949,-3.191,5.081,0.00
1.61980,-3.191,5.081,0.00
1.63073,-3.190,5.072,0.00
1.64092,-3.190,5.072,0.00
1.65108,-3.190,5.062,0.00
1.66125,-3.190,5.062,0.00
1.67153,-3.190,5.062,0.00
1.68181,-3.189,5.048,0.00
1.69226,-3.184,5.038,0.00
1.70256,-3.184,5.038,0.00
1.71276,-3.181,5.021,0.00
1.72377,-3.181,5.021,0.00
1.73401,-3.176,5.003,0.00
1.74416,-3.176,4.989,0.00
1.75445,-3.171,4.989,0.00
1.76461,-3.171,4.989,0.00
1.77665,-3.171,4.989,0.00
1.78683,-3.166,4.970,0.00
1.79699,-3.159,4.952,0.00
1.80715,-3.153,4.938,0.00
1.81730,-3.153,4.938,0.00
1.82750,-3.153,4.938,0.00
1.83769,-3.146,4.925,0.00
1.84784,-3.140,4.907,0.00
1.85801,-3.140,4.907,0.00
1.86817,-3.131,4.889,0.00
1.87835,-3.131,4.889,0.00
1.88850,-3.123,4.872,0.00
1.89875,-3.123,4.872,0.00
1.90892,-3.118,4.857,0.00
1.91914,-3.118,4.857,0.00
1.92930,-3.115,4.845,0.00
1.93946,-3.115,4.845,0.00
1.94962,-3.112,4.834,0.00
1.95983,-3.112,4.834,0.00
1.97002,-3.108,4.825,0.00
1.98018,-3.108,4.825,0.00
1.99106,-3.104,4.814,0.00
2.00169,-3.104,4.814,0.00
2.01203,-3.100,4.803,0.00
2.02249,-3.100,4.796,0.00
2.03278,-3.094,4.796,0.00
2.04328,-3.094,4.796,0.00
2.05355,-3.089,4.796,0.00
2.06375,-3.086,4.796,0.00
2.07469,-3.086,4.809,0.00
2.08563,-3.086,4.809,0.00
2.09578,-3.084,4.825,0.00
2.10611,-3.084,4.825,0.00
2.11619,-3.083,4.832,0.00
2.12636,-3.082,4.826,0.00
2.13651,-3.082,4.826,0.00
2.14668,-3.079,4.820,0.00
2.15688,-3.079,4.820,0.00
2.16705,-3.074,4.812,0.00
2.17725,-3.074,4.812,0.00
2.18744,-3.074,4.821,0.00
2.19759,-3.072,4.821,0.00
2.20775,-3.072,4.831,0.00
2.21792,-3.070,4.831,0.00
2.22833,-3.069,4.839,0.00
2.23862,-3.069,4.839,0.00
2.24907,-3.068,4.846,0.00
2.25935,-3.068,4.846,0.00
2.26952,-3.067,4.868,0.00
2.27967,-3.067,4.868,0.00
2.28984,-3.066,4.868,0.00
2.30000,-3.066,4.904,0.00
2.31037,-3.066,4.904,0.00
2.32060,-3.067,4.947,0.00
2.33076,-3.069,5.001,0.00
2.34093,-3.069,5.001,0.00
2.35109,-3.070,5.074,0.00
2.36136,-3.070,5.074,0.00
2.37162,-3.070,5.074,0.00
2.38216,-3.072,5.148,0.00
2.39234,-3.072,5.148,0.00
2.40261,-3.073,5.227,0.00
2.41277,-3.073,5.227,0.00
2.42312,-3.073,5.227,0.00
2.43325,-3.077,5.317,0.00
2.44341,-3.077,5.406,0.00
2.45366,-3.079,5.406,0.00
2.46382,-3.079,5.498,0.00
2.47430,-3.081,5.498,0.00
2.48464,-3.081,5.498,0.00
2.49480,-3.082,5.498,0.00
2.50500,-3.085,5.598,0.00
2.51515,-3.085,5.692,0.00
2.52532,-3.088,5.692,0.00
2.53555,-3.088,5.786,0.00
2.54571,-3.092,5.786,0.00
2.55587,-3.092,5.856,0.00
2.56624,-3.096,5.946,0.00
2.57674,-3.096,5.946,0.00
2.58728,-3.096,5.946,0.00
2.59754,-3.100,6.038,0.00
2.60846,-3.107,6.116,0.00
2.61862,-3.107,6.116,0.00
2.62891,-3.116,6.185,0.00
2.63907,-3.116,6.185,0.00
2.64923,-3.126,6.235,0.00
2.65941,-3.126,6.235,0.00
2.66960,-3.126,6.276,0.00
2.67990,-3.137,6.276,0.00
2.69032,-3.137,6.276,0.00
2.70066,-3.150,6.308,0.00
2.71098,-3.163,6.319,0.00
2.72127,-3.163,6.319,0.00
2.73185,-3.171,6.313,0.00
2.74237,-3.171,6.309,0.00
2.75276,-3.181,6.309,0.00
2.76303,-3.181,6.309,0.00
2.77322,-3.191,6.304,0.00
2.78337,-3.191,6.304,0.00
2.79353,-3.203,6.293,0.00
2.80415,-3.203,6.293,0.00
2.81432,-3.215,6.275,0.00
2.82448,-3.215,6.275,0.00
2.83463,-3.228,6.241,0.00
2.84478,-3.228,6.199,0.00
2.85512,-3.240,6.199,0.00
2.86528,-3.240,6.199,0.00
2.87545,-3.250,6.153,0.00
2.88576,-3.258,6.153,0.00
2.89591,-3.258,6.101,0.00
2.90715,-3.258,6.101,0.00
2.91739,-3.262,6.040,0.00
2.92758,-3.267,5.973,0.00
2.93847,-3.267,5.973,0.00
2.94866,-3.272,5.905,0.00
2.95893,-3.272,5.905,0.00
2.96910,-3.277,5.826,0.00
2.97937,-3.277,5.826,0.00
2.98985,-3.283,5.734,0.00
3.00004,-3.283,5.734,0.00
3.01043,-3.296,5.619,0.00
3.02081,-3.296,5.619,0.00
3.03166,-3.268,5.480,0.00
3.04198,-3.268,5.480,0.00
3.05215,-3.122,5.322,0.00
3.06232,-3.122,5.322,0.00
3.07248,-2.853,5.135,0.00
3.08267,-2.853,5.135,0.00
3.09283,-2.392,4.976,0.00
3.10300,-2.392,4.976,0.00
3.11347,-1.667,4.802,0.00
3.12363,-1.667,4.802,0.00
3.13380,-0.786,4.629,0.00
3.14414,0.456,4.629,0.00
3.15449,0.456,4.469,0.00
3.16466,0.456,4.318,0.00
3.17488,1.804,4.318,0.00
3.18625,1.804,4.318,0.00
3.19652,3.492,4.164,0.00
3.20669,3.492,4.164,0.00
3.21687,3.492,4.010,0.00
3.22710,7.459,3.874,0.00
3.23727,7.459,3.874,0.00
3.24766,9.652,3.772,0.00
3.25786,9.652,3.772,0.00
3.28316,11.856,3.772,0.00
3.29334,13.948,3.626,0.00
3.31743,15.845,3.601,9.00
3.32778,17.479,3.592,9.00
3.35137,18.859,3.592,9.00
3.36200,18.859,3.603,9.00
3.38104,20.115,3.660,9.00
3.39120,21.172,3.741,9.00
3.40137,21.172,3.741,9.00
3.41274,21.172,3.741,9.00
3.42312,21.859,3.846,9.00
3.43339,22.091,3.942,9.00
3.44510,22.091,3.942,9.00
3.45526,22.131,4.009,9.00
3.46541,22.022,4.009,9.00
3.47712,22.022,4.023,9.00
3.48728,21.545,4.013,9.00
3.49743,21.545,4.013,9.00
3.50779,21.545,4.013,9.00
3.52054,20.733,3.992,9.00
3.53094,19.387,3.946,9.00
3.55565,17.568,3.905,9.00
3.56618,15.472,3.862,9.00
3.58697,15.472,3.862,9.00
3.59719,13.586,3.836,9.00
3.61975,13.586,3.836,9.00
3.62995,11.520,3.820,9.00
3.64073,9.373,3.797,9.00
3.65136,7.383,3.797,9.50
3.66233,7.383,3.779,9.50
3.67265,5.588,3.768,9.50
3.68397,3.731,3.768,9.50
3.69441,3.731,3.709,9.50
3.70461,1.983,3.709,9.50
3.71636,1.983,3.447,9.50
3.72696,1.983,3.447,9.50
3.73713,0.436,2.993,9.50
3.74791,0.436,2.993,9.50
3.75814,-0.879,2.676,9.50
3.76833,-1.917,2.363,9.50
3.79668,-2.656,2.087,9.50
3.80692,-2.978,1.919,9.50
3.82704,-2.978,1.919,10.00
3.83722,-2.930,1.784,10.00
3.85905,-2.930,1.784,10.00
3.86929,-2.459,1.764,10.00
3.89193,-2.607,1.805,10.50
3.90231,-2.607,1.805,10.50
3.91248,-2.799,1.810,10.50
3.92347,-2.799,1.810,10.50
3.93470,-2.906,1.809,10.50
3.94504,-2.906,1.809,10.50
3.95714,-3.003,1.774,11.00
3.96741,-3.062,1.720,11.00
3.97758,-3.062,1.720,11.00
3.98773,-3.062,1.635,11.50
3.99875,-3.055,1.635,11.50
4.00892,-3.011,1.554,11.50
4.01936,-3.011,1.554,12.00
4.02989,-3.011,1.455,12.00
4.04004,-2.942,1.455,12.00
4.07025,-2.862,1.329,12.50
4.08054,-2.784,1.246,12.50
4.10160,-2.697,1.174,13.00
4.11233,-2.622,1.115,13.00
4.13121,-2.622,1.115,13.50
4.14141,-2.575,1.099,13.50
4.16434,-2.550,1.055,14.00
4.17448,-2.560,1.059,14.00
4.19492,-2.603,1.068,15.00
4.20525,-2.603,1.068,15.00
4.21562,-2.651,1.033,15.00
4.22790,-2.651,1.033,15.50
4.23815,-2.651,1.033,15.50
4.24848,-2.714,0.960,15.50
4.26115,-2.774,0.960,16.00
4.27134,-2.821,0.927,16.00
4.28150,-2.821,0.927,16.00
4.29177,-2.857,0.845,17.00
4.30193,-2.857,0.845,17.00
4.31214,-2.874,0.780,17.00
4.32337,-2.874,0.780,17.50
4.33370,-2.884,0.780,17.50
4.34387,-2.884,0.695,17.50
4.37111,-2.889,0.590,18.00
4.38130,-2.889,0.590,18.00
4.40309,-2.898,0.404,18.50
4.41346,-2.898,0.404,18.50
4.43509,-2.898,0.404,19.00
4.44527,-2.896,0.330,19.00
4.46745,-2.890,0.248,19.00
4.47837,-2.892,0.157,19.00
4.50392,-2.897,0.063,19.50
4.51416,-2.902,-0.079,19.50
4.53131,-2.902,-0.079,20.00
4.54149,-2.909,-0.204,20.00
4.55167,-2.909,-0.204,20.00
4.56337,-2.910,-0.367,20.00
4.57371,-2.913,-0.502,20.00
4.58387,-2.913,-0.502,20.00
4.59520,-2.921,-0.627,20.00
4.60538,-2.921,-0.627,20.00
4.61555,-2.927,-0.756,20.00
4.62752,-2.927,-0.756,20.50
4.63964,-2.932,-0.900,20.50
4.64988,-2.927,-1.035,20.50
4.66085,-2.927,-1.035,20.50
4.67101,-2.919,-1.165,20.50
4.68115,-2.919,-1.165,20.50
4.70784,-2.887,-1.298,20.50
4.71836,-2.887,-1.298,20.50
4.73937,-2.875,-1.333,20.50
4.74956,-2.875,-1.333,20.50
4.77128,-2.860,-1.362,20.50
4.78154,-2.851,-1.404,20.50
4.79185,-2.842,-1.426,20.50
4.80616,-2.842,-1.426,21.00
4.81619,-2.836,-1.401,21.00
4.82635,-2.836,-1.401,21.00
4.83649,-2.836,-1.401,21.00
4.84675,-2.836,-1.401,21.00
4.85691,-2.836,-1.401,21.00
4.87124,-2.836,-1.401,21.00
4.88177,-2.838,-1.353,21.00
4.89193,-2.852,-1.209,21.00
4.91609,-2.861,-1.142,21.00
4.92628,-2.873,-1.040,21.00
4.94882,-2.873,-1.040,21.00
4.95898,-2.890,-0.914,21.00
4.98053,-2.890,-0.914,21.00
4.99078,-2.890,-0.914,21.00
5.01187,-2.898,-0.584,21.00
5.02203,-2.900,-0.394,21.00
5.04291,-2.905,-0.209,21.00
5.05309,-2.905,-0.209,21.00
5.06394,-2.919,-0.012,21.00
5.07565,-2.935,0.216,21.00
5.08723,-2.946,0.216,21.00
5.09739,-2.946,0.428,21.00
5.10873,-2.956,0.644,21.00
5.11974,-2.956,0.644,21.00
5.12991,-2.965,0.853,21.00
5.14039,-2.965,0.853,21.00
5.15058,-2.965,0.853,21.00
5.16092,-2.981,1.045,21.00
5.17189,-3.000,1.231,21.00
5.18220,-3.000,1.231,21.00
5.19256,-3.014,1.396,21.00
5.22041,-3.031,1.396,21.00
5.23058,-3.042,1.626,21.00
5.25097,-3.042,1.805,21.00
5.26131,-3.055,1.997,21.00
5.28368,-3.065,2.237,21.00
5.29416,-3.073,2.464,21.00
5.30432,-3.078,2.464,21.00
5.31577,-3.078,2.757,21.00
5.32596,-3.081,3.086,21.00
5.33631,-3.081,3.086,21.00
5.34867,-3.081,3.086,21.00
5.35885,-3.085,3.098,21.00
5.36901,-3.087,3.169,21.00
5.37957,-3.087,3.169,21.00
5.38993,-3.094,4.207,21.00
5.40048,-3.094,4.207,21.00
5.41181,-3.105,4.032,21.00
5.42197,-3.105,4.032,21.00
5.43216,-3.114,4.299,21.00
5.44313,-3.114,4.299,21.00
5.45336,-3.124,4.620,21.00
5.46351,-3.124,4.620,21.00
5.47367,-3.127,4.905,21.00
5.48458,-3.127,4.905,0.00
5.49476,-3.131,5.192,0.00
5.50492,-3.137,5.466,0.00
5.51508,-3.137,5.466,0.00
5.52593,-3.148,5.743,0.00
5.53635,-3.148,5.743,0.00
5.54651,-3.161,6.013,0.00
5.55671,-3.161,6.013,0.00
5.56687,-3.161,6.220,0.00
5.57722,-3.179,6.220,0.00
5.58769,-3.179,6.220,0.00
5.59845,-3.193,6.452,0.00
5.60881,-3.193,6.555,0.00
5.61908,-3.194,6.555,0.00
5.62925,-3.180,6.637,0.00
5.63950,-3.180,6.637,0.00
5.64990,-3.139,6.751,0.00
5.66019,-3.139,6.751,0.00
5.67071,-3.037,6.782,0.00
5.68091,-3.037,6.782,0.00
5.69110,-3.037,6.782,0.00
5.70136,-2.898,6.848,0.00
5.71151,-2.782,6.895,0.00
5.72168,-2.782,6.895,0.00
5.73192,-2.709,6.963,0.00
5.74222,-2.709,6.963,0.00
5.75259,-2.682,7.037,0.00
5.76282,-2.682,7.037,0.00
5.77299,-2.682,7.037,0.00
5.78323,-2.673,7.078,0.00
5.79339,-2.650,7.141,0.00
5.80355,-2.650,7.161,0.00
5.81372,-2.576,7.161,0.00
5.82560,-2.576,7.161,0.00
5.83577,-2.472,7.185,0.00
5.84594,-2.386,7.206,0.00
5.85609,-2.386,7.206,0.00
5.86624,-2.386,7.206,0.00
5.87647,-2.328,7.216,0.00
5.88663,-2.328,7.216,0.00
5.89679,-2.283,7.262,0.00
5.90715,-2.283,7.262,0.00
5.91752,-2.269,7.245,0.00
5.92768,-2.303,7.268,0.00
5.93784,-2.303,7.268,0.00
5.94801,-2.397,7.131,0.00
5.95818,-2.397,7.131,0.00
5.96927,-2.397,7.131,0.00
5.97945,-2.522,6.925,0.00
5.98961,-2.626,6.437,0.00
5.99977,-2.626,6.437,0.00
6.00994,-2.626,5.892,0.00
6.02060,-2.707,5.892,0.00
6.03076,-2.765,5.527,0.00
6.04140,-2.765,5.527,0.00
6.05157,-2.822,5.612,0.00
6.06173,-2.822,5.612,0.00
6.07210,-2.822,5.612,0.00
6.08234,-2.875,5.804,0.00
6.09273,-2.914,5.991,0.00
6.10290,-2.937,5.991,0.00
6.11306,-2.937,6.316,0.00
6.12321,-2.937,6.316,0.00
6.13338,-2.944,6.681,0.00
6.14368,-2.928,6.681,0.00
6.15421,-2.928,6.969,0.00
6.16441,-2.928,6.969,0.00
6.17471,-2.928,6.969,0.00
6.18490,-2.894,7.133,0.00
6.19505,-2.854,7.021,0.00
6.20527,-2.854,6.718,0.00
6.21542,-2.810,6.718,0.00
6.22558,-2.810,6.718,0.00
6.23581,-2.767,6.672,0.00
6.24645,-2.767,6.672,0.00
6.25671,-2.736,6.755,0.00
6.26737,-2.716,7.219,0.00
6.27753,-2.716,7.219,0.00
6.28769,-2.716,7.219,0.00
6.29784,-2.708,7.612,0.00
6.30798,-2.707,7.612,0.00
6.31835,-2.707,7.603,0.00
6.32851,-2.717,7.044,0.00
6.33872,-2.717,7.044,0.00
6.34887,-2.717,7.044,0.00
6.36047,-2.728,7.311,0.00
6.37073,-2.740,7.556,0.00
6.38089,-2.740,7.556,0.00
6.39109,-2.752,7.556,0.00
6.40127,-2.752,7.199,0.00
6.41164,-2.761,7.096,0.00
6.42184,-2.761,7.096,0.00
6.43221,-2.764,7.212,0.00
6.44252,-2.764,7.212,0.00
6.45268,-2.765,7.371,0.00
6.46284,-2.765,7.542,0.00
6.47301,-2.768,7.542,0.00
6.48342,-2.768,7.542,0.00
6.49416,-2.768,7.553,0.00
6.50432,-2.768,7.553,0.00
6.51447,-2.768,7.691,0.00
6.52470,-2.767,7.812,0.00
6.53486,-2.767,7.812,0.00
6.54579,-2.767,7.863,0.00
6.55731,-2.766,7.863,0.00
6.56747,-2.762,7.871,0.00
6.57763,-2.762,7.871,0.00
6.58779,-2.762,7.871,0.00
6.59853,-2.757,7.840,0.00
6.60868,-2.756,7.734,0.00
6.61885,-2.756,7.734,0.00
6.62924,-2.759,7.558,0.00
6.63940,-2.759,7.558,0.00
6.64965,-2.762,7.337,0.00
6.66008,-2.762,7.337,0.00
6.67025,-2.766,7.094,0.00
6.68047,-2.766,7.094,0.00
6.69063,-2.774,7.094,0.00
6.70073,-2.774,6.931,0.00
6.71089,-2.774,6.931,0.00
6.72135,-2.787,6.819,0.00
6.73151,-2.787,6.819,0.00
6.74168,-2.787,6.819,0.00
6.75183,-2.820,6.775,0.00
6.76225,-2.820,6.775,0.00
6.77241,-2.837,6.771,0.00
6.78258,-2.837,6.771,0.00
6.79275,-2.855,6.770,0.00
6.80291,-2.855,6.770,0.00
6.81306,-2.869,6.751,0.00
6.82322,-2.869,6.751,0.00
6.83338,-2.869,6.751,0.00
6.84353,-2.881,6.695,0.00
6.85416,-2.894,6.622,0.00
6.86433,-2.894,6.622,0.00
6.87456,-2.894,6.622,0.00
6.88471,-2.904,6.622,0.00
6.89488,-2.904,6.517,0.00
6.90528,-2.911,6.517,0.00
6.91543,-2.913,6.486,0.00
6.92561,-2.913,6.506,0.00
6.93579,-2.915,6.506,0.00
6.94594,-2.915,6.506,0.00
6.95619,-2.915,6.533,0.00
6.96634,-2.917,6.561,0.00
6.97651,-2.917,6.561,0.00
6.99964,-2.920,6.603,0.00
7.01849,-2.924,6.667,0.00
7.02888,-2.924,6.716,0.00
7.03954,-2.928,6.716,0.00
7.05555,-2.932,6.761,0.00
7.06677,-2.932,6.800,0.00
7.07906,-2.933,6.800,0.00
7.09457,-2.936,6.842,0.00
7.10629,-2.936,6.842,0.00
7.11662,-2.936,6.842,0.00
7.13032,-2.937,6.904,0.00
7.15221,-2.942,6.931,0.00
7.16239,-2.942,6.931,0.00
7.17305,-2.942,6.931,0.00
7.18369,-2.942,6.959,0.00
7.20049,-2.947,6.977,0.00
7.21675,-2.948,6.987,0.00
7.22831,-2.948,6.987,0.00
7.24041,-2.948,6.987,0.00
7.25150,-2.950,7.003,0.00
7.26201,-2.950,7.003,0.00
7.27843,-2.952,7.007,0.00
7.29416,-2.952,7.004,0.00
7.31097,-2.953,7.004,0.00
7.32126,-2.953,7.004,0.00
7.33149,-2.954,7.004,0.00
7.34907,-2.956,7.006,0.00
7.36557,-2.956,7.006,0.00
7.38102,-2.956,7.010,0.00
7.39946,-2.957,7.013,0.00
7.41851,-2.958,7.016,0.00
7.43001,-2.958,7.024,0.00
7.44050,-2.961,7.024,0.00
7.45163,-2.965,7.040,0.00
7.46940,-2.965,7.040,0.00
7.48517,-2.965,7.063,0.00
7.49573,-2.968,7.084,0.00
7.50595,-2.968,7.084,0.00
7.51757,-2.971,7.102,0.00
7.53550,-2.973,7.102,0.00
7.55325,-2.978,7.113,0.00
7.56714,-2.978,7.113,0.00
7.58860,-2.973,7.111,0.00
7.59893,-2.973,7.111,0.00
7.60932,-2.973,7.111,0.00
7.61995,-2.973,7.105,0.00
7.63387,-2.974,7.098,0.00
7.65601,-2.972,7.098,0.00
7.67177,-2.970,7.087,0.00
7.68341,-2.970,7.084,0.00
7.69919,-2.966,7.084,0.00
7.71211,-2.966,7.084,0.00
7.72234,-2.966,7.084,0.00
7.75626,-2.962,7.062,0.00
7.77777,-2.964,7.058,0.00
7.78967,-2.964,7.049,0.00
7.80144,-2.960,7.049,0.00
7.81921,-2.958,7.049,0.00
7.83547,-2.958,7.049,0.00
7.84612,-2.958,7.016,0.00
7.85933,-2.958,7.002,0.00
7.86957,-2.958,7.002,0.00
7.88447,-2.958,7.002,0.00
7.90614,-2.964,6.977,0.00
7.91777,-2.964,6.977,0.00
7.92875,-2.967,6.966,0.00
7.97022,-2.974,6.948,0.00
8.02904,-2.996,6.905,0.00
8.03938,-2.996,6.905,0.00
8.04957,-2.996,6.905,0.00
8.09998,-3.000,6.899,0.00
8.11019,-3.006,6.897,0.00
8.12313,-0.051,-0.107,0.00
8.13359,-0.053,-0.102,0.00
8.14386,-0.053,-0.102,0.00
8.15439,-0.056,-0.098,0.00
8.16455,-0.056,-0.098,0.00
8.17471,-0.059,-0.092,0.00
8.18549,-0.059,-0.092,0.00
8.19572,-0.061,-0.090,0.00
8.20586,-0.064,-0.083,0.00
8.21601,-0.064,-0.083,0.00
8.22617,-0.067,-0.083,0.00
8.23632,-0.067,-0.083,0.00
8.24646,-0.067,-0.083,0.00
8.25694,-0.067,-0.083,0.00
8.26710,-0.067,-0.083,0.00
8.27735,-0.067,-0.083,0.00
8.28890,-0.065,-0.069,0.00
8.29927,-0.067,-0.061,0.00
8.30943,-0.069,-0.053,0.00
8.31959,-0.069,-0.053,0.00
8.32977,-0.069,-0.053,0.00
8.34242,-0.070,-0.045,0.00
8.35260,-0.070,-0.034,0.00
8.36276,-0.070,-0.034,0.00
8.37292,-0.070,-0.034,0.00
8.38308,-0.067,-0.023,0.00
8.39326,-0.063,-0.016,0.00
8.40352,-0.060,-0.016,0.00
8.41370,-0.060,-0.009,0.00
8.42395,-0.060,-0.009,0.00
8.43412,-0.057,-0.002,0.00
8.44464,-0.057,-0.002,0.00
8.45480,-0.056,0.007,0.00
8.46499,-0.056,0.007,0.00
8.47518,-0.051,0.018,0.00
8.48533,-0.047,0.027,0.00
8.49730,-0.047,0.027,0.00
8.50750,-0.047,0.037,0.00
8.51762,-0.044,0.037,0.00
8.52788,-0.044,0.037,0.00
8.53814,-0.041,0.047,0.00
8.54830,-0.039,0.054,0.00
8.55919,-0.039,0.054,0.00
8.56992,-0.039,0.054,0.00
8.58028,-0.039,0.058,0.00
8.59061,-0.038,0.062,0.00
8.60078,-0.038,0.062,0.00
8.61096,-0.037,0.067,0.00
8.62112,-0.037,0.067,0.00
8.63128,-0.037,0.067,0.00
8.64163,-0.036,0.065,0.00
8.65179,-0.036,0.064,0.00
8.66196,-0.036,0.064,0.00
8.67223,-0.035,0.064,0.00
8.68238,-0.035,0.065,0.00
8.69255,-0.035,0.060,0.00
8.70275,-0.035,0.060,0.00
8.71293,-0.033,0.056,0.00
8.72308,-0.033,0.056,0.00
8.73323,-0.030,0.052,0.00
8.74338,-0.030,0.043,0.00
8.75352,-0.027,0.043,0.00
8.76378,-0.027,0.034,0.00
8.77397,-0.025,0.034,0.00
8.78414,-0.025,0.034,0.00
8.79436,-0.023,0.025,0.00
8.80517,-0.023,0.025,0.00
8.81544,-0.022,0.019,0.00
8.82589,-0.022,0.019,0.00
8.83606,-0.020,0.014,0.00
8.84628,-0.019,0.008,0.00
8.85652,-0.019,0.008,0.00
8.86668,-0.019,0.008,0.00
8.87913,-0.019,0.004,0.00
8.88931,-0.019,0.004,0.00
8.89947,-0.017,0.004,0.00
8.90968,-0.016,0.000,0.00
8.91985,-0.016,0.000,0.00
8.93002,-0.016,0.000,0.00
8.94018,-0.016,0.000,0.00
8.95039,-0.018,0.011,0.00
8.96055,-0.016,0.011,0.00
8.97071,-0.016,0.011,0.00
8.98090,-0.014,0.015,0.00
8.99105,-0.013,0.018,0.00
9.00125,-0.013,0.018,0.00
9.01145,-0.014,0.020,0.00
9.02173,-0.014,0.020,0.00
9.03185,-0.014,0.025,0.00
9.04201,-0.014,0.025,0.00
9.05217,-0.016,0.030,0.00
9.06276,-0.016,0.030,0.00
9.07298,-0.013,0.030,0.00
9.08314,-0.011,0.037,0.00
9.09330,-0.011,0.043,0.00
9.10374,-0.011,0.043,0.00
9.11431,-0.009,0.050,0.00
9.12453,-0.009,0.050,0.00
9.13470,-0.007,0.061,0.00
9.14547,-0.007,0.061,0.00
9.15563,-0.007,0.071,0.00
9.16586,-0.007,0.071,0.00
9.17635,-0.004,0.082,0.00
9.18671,0.000,0.092,0.00
9.19758,0.000,0.092,0.00
9.20830,0.002,0.107,0.00
9.21894,0.002,0.107,0.00
9.22979,0.005,0.120,0.00
9.23996,0.005,0.120,0.00
9.25039,0.008,0.129,0.00
9.26088,0.008,0.129,0.00
9.27117,0.010,0.136,0.00
9.28157,0.010,0.136,0.00
9.29174,0.010,0.136,0.00
9.30201,0.012,0.150,0.00
9.31218,0.013,0.160,0.00
9.32233,0.013,0.167,0.00
9.33249,0.015,0.167,0.00
9.34265,0.015,0.167,0.00
9.35282,0.015,0.176,0.00
9.36326,0.015,0.176,0.00
9.37343,0.015,0.185,0.00
9.38408,0.015,0.185,0.00
9.39720,0.015,0.193,0.00
9.40744,0.017,0.193,0.00
9.41783,0.017,0.200,0.00
9.42805,0.018,0.207,0.00
9.43823,0.018,0.207,0.00
9.44849,0.018,0.207,0.00
9.45874,0.019,0.211,0.00
9.46890,0.019,0.209,0.00
9.47904,0.019,0.209,0.00
9.48921,0.019,0.207,0.00
9.50006,0.019,0.207,0.00
9.51021,0.018,0.205,0.00
9.52043,0.018,0.205,0.00
9.53059,0.016,0.204,0.00
9.54092,0.016,0.204,0.00
9.55123,0.017,0.201,0.00
9.56150,0.017,0.201,0.00
9.57167,0.016,0.197,0.00
9.58201,0.016,0.197,0.00
9.59217,0.014,0.191,0.00
9.60246,0.014,0.191,0.00
9.61262,0.013,0.185,0.00
9.62277,0.013,0.182,0.00
9.63294,0.012,0.182,0.00
9.64331,0.012,0.182,0.00
9.65347,0.008,0.182,0.00
9.66363,0.008,0.182,0.00
9.67375,0.008,0.182,0.00
9.68409,0.008,0.182,0.00
9.69447,0.007,0.182,0.00
9.70462,0.008,0.176,0.00
9.71478,0.007,0.171,0.00
9.72495,0.007,0.171,0.00
9.73511,0.007,0.171,0.00
9.74526,0.007,0.171,0.00
9.75543,0.007,0.171,0.00
9.76566,0.007,0.171,0.00
9.77582,0.002,0.165,0.00
9.78629,0.002,0.165,0.00
9.79717,-0.002,0.159,0.00
9.80736,-0.012,0.150,0.00
9.81753,-0.015,0.133,0.00
9.82769,-0.015,0.123,0.00
9.83783,-0.019,0.123,0.00
9.84798,-0.023,0.114,0.00
9.85820,-0.023,0.114,0.00
9.86835,-0.029,0.106,0.00
9.87853,-0.029,0.106,0.00
9.88865,-0.029,0.106,0.00
9.89881,-0.033,0.106,0.00
9.90899,-0.036,0.096,0.00
9.91915,-0.036,0.096,0.00
9.92931,-0.041,0.092,0.00
9.93948,-0.041,0.092,0.00
9.94984,-0.046,0.088,0.00
9.96005,-0.046,0.088,0.00
9.97031,-0.052,0.088,0.00
9.98086,-0.052,0.083,0.00
9.99102,-0.058,0.080,0.00
10.00119,-0.058,0.080,0.00
10.01136,-0.064,0.078,0.00
10.02152,-0.064,0.078,0.00
10.03168,-0.068,0.079,0.00
10.04184,-0.068,0.079,0.00
10.05200,-0.072,0.084,0.00
10.06226,-0.072,0.084,0.00
10.07242,-0.076,0.084,0.00
10.08271,-0.080,0.088,0.00
10.09287,-0.080,0.088,0.00
10.10302,-0.080,0.088,0.00
10.11330,-0.083,0.095,0.00
10.12348,-0.083,0.095,0.00
10.13364,-0.086,0.094,0.00
10.14423,-0.086,0.096,0.00
10.15439,-0.090,0.096,0.00
10.16456,-0.090,0.096,0.00
10.17481,-0.090,0.096,0.00
10.18501,-0.099,0.099,0.00
10.19529,-0.099,0.099,0.00
10.20564,-0.105,0.096,0.00
10.21644,-0.105,0.096,0.00
10.22665,-0.111,0.097,0.00
10.23741,-0.111,0.097,0.00
10.24758,-0.117,0.099,0.00
10.25773,-0.117,0.099,0.00
10.26789,-0.117,0.099,0.00
10.27939,-0.122,0.099,0.00
10.28976,-0.128,0.097,0.00
10.30012,-0.128,0.093,0.00
10.31047,-0.132,0.086,0.00
10.32090,-0.132,0.086,0.00
10.33128,-0.136,0.078,0.00
10.34147,-0.136,0.078,0.00
10.35197,-0.143,0.067,0.00
10.36243,-0.143,0.067,0.00
10.37258,-0.149,0.060,0.00
10.38274,-0.149,0.060,0.00
10.39291,-0.152,0.052,0.00
10.40307,-0.152,0.052,0.00
10.41324,-0.153,0.041,0.00
10.42340,-0.153,0.030,0.00
10.43357,-0.155,0.030,0.00
10.44373,-0.155,0.019,0.00
10.45402,-0.158,0.019,0.00
10.46419,-0.158,0.019,0.00
10.47532,-0.163,0.013,0.00
10.48571,-0.166,0.007,0.00
10.49587,-0.166,0.007,0.00
10.50627,-0.168,-0.001,0.00
10.51729,-0.168,-0.001,0.00
10.52772,-0.168,-0.007,0.00
10.53789,-0.168,-0.007,0.00
10.54805,-0.170,-0.013,0.00
10.55849,-0.170,-0.013,0.00
10.56899,-0.170,-0.013,0.00
10.57989,-0.174,-0.016,0.00
10.59012,-0.177,-0.021,0.00
10.60027,-0.177,-0.021,0.00
10.61066,-0.177,-0.025,0.00
10.62114,-0.177,-0.025,0.00
10.63144,-0.178,-0.029,0.00
10.64165,-0.178,-0.029,0.00
10.65239,-0.179,-0.028,0.00
10.66258,-0.179,-0.028,0.00
10.67274,-0.180,-0.029,0.00
10.68290,-0.180,-0.029,0.00
10.69308,-0.180,-0.028,0.00
10.70324,-0.180,-0.028,0.00
10.71347,-0.182,-0.028,0.00
10.72511,-0.183,-0.022,0.00
10.73531,-0.183,-0.022,0.00
10.74551,-0.183,-0.022,0.00
10.75567,-0.182,-0.013,0.00
10.76583,-0.182,-0.013,0.00
10.77599,-0.182,-0.012,0.00
10.78617,-0.181,-0.012,0.00
10.79632,-0.181,-0.007,0.00
10.80671,-0.181,-0.007,0.00
10.81697,-0.177,0.009,0.00
10.82721,-0.177,0.019,0.00
10.83736,-0.174,0.019,0.00
10.84753,-0.174,0.019,0.00
10.85768,-0.171,0.029,0.00
10.86844,-0.169,0.039,0.00
10.87861,-0.169,0.039,0.00
10.88888,-0.169,0.039,0.00
10.89904,-0.165,0.049,0.00
10.90920,-0.163,0.060,0.00
10.91936,-0.163,0.060,0.00
10.92952,-0.160,0.071,0.00
10.93969,-0.160,0.071,0.00
10.94984,-0.156,0.079,0.00
10.96000,-0.156,0.079,0.00
10.97019,-0.156,0.089,0.00
10.98036,-0.153,0.089,0.00
10.99070,-0.153,0.089,0.00
11.00132,-0.150,0.098,0.00
11.01166,-0.144,0.106,0.00
11.02191,-0.144,0.120,0.00
11.03237,-0.139,0.120,0.00
11.04261,-0.139,0.126,0.00
11.05304,-0.134,0.126,0.00
11.06320,-0.129,0.126,0.00
11.07336,-0.129,0.140,0.00
11.08361,-0.129,0.140,0.00
11.09377,-0.126,0.151,0.00
11.10393,-0.119,0.163,0.00
11.11419,-0.119,0.163,0.00
11.12442,-0.119,0.163,0.00
11.13450,-0.110,0.168,0.00
11.14469,-0.107,0.170,0.00
11.15512,-0.107,0.170,0.00
11.16537,-0.107,0.170,0.00
11.17594,-0.107,0.170,0.00
11.18634,-0.105,0.172,0.00
11.19650,-0.102,0.171,0.00
11.20670,-0.102,0.171,0.00
11.21707,-0.098,0.163,0.00
11.22731,-0.098,0.163,0.00
11.23748,-0.093,0.157,0.00
11.24765,-0.088,0.150,0.00
11.25781,-0.088,0.150,0.00
11.26896,-0.083,0.143,0.00
11.27960,-0.083,0.143,0.00
11.29071,-0.079,0.137,0.00
11.30086,-0.079,0.137,0.00
11.31102,-0.075,0.132,0.00
11.32117,-0.075,0.132,0.00
11.33142,-0.070,0.127,0.00
11.34179,-0.070,0.122,0.00
11.35208,-0.064,0.122,0.00
11.36227,-0.062,0.122,0.00
11.37246,-0.062,0.119,0.00
11.38295,-0.062,0.119,0.00
11.39327,-0.059,0.118,0.00
11.40617,-0.059,0.118,0.00
11.41634,-0.058,0.116,0.00
11.42650,-0.058,0.116,0.00
11.43676,-0.056,0.115,0.00
11.44691,-0.055,0.115,0.00
11.45713,-0.055,0.112,0.00
11.46743,-0.056,0.114,0.00
11.47763,-0.056,0.114,0.00
11.48797,-0.057,0.119,0.00
11.49823,-0.057,0.119,0.00
11.50839,-0.057,0.120,0.00
11.51853,-0.057,0.120,0.00
11.52870,-0.057,0.120,0.00
11.53885,-0.057,0.125,0.00
11.54901,-0.057,0.125,0.00
11.55917,-0.057,0.131,0.00
11.56933,-0.057,0.134,0.00
11.57953,-0.057,0.134,0.00
11.58985,-0.057,0.141,0.00
11.60079,-0.057,0.141,0.00
11.61097,-0.056,0.147,0.00
11.62112,-0.056,0.147,0.00
11.63128,-0.057,0.152,0.00
11.64145,-0.057,0.152,0.00
11.65189,-0.058,0.155,0.00
11.66211,-0.058,0.155,0.00
11.67223,-0.057,0.160,0.00
11.68242,-0.057,0.160,0.00
11.69309,-0.057,0.169,0.00
11.70346,-0.057,0.169,0.00
11.71369,-0.057,0.169,0.00
11.72385,-0.055,0.179,0.00
11.73402,-0.054,0.187,0.00
11.74418,-0.054,0.187,0.00
11.75477,-0.053,0.192,0.00
11.76494,-0.052,0.201,0.00
11.77510,-0.052,0.201,0.00
11.78539,-0.052,0.201,0.00
11.79556,-0.053,0.207,0.00
11.80573,-0.053,0.207,0.00
11.81623,-0.054,0.219,0.00
11.82745,-0.055,0.231,0.00
11.83766,-0.055,0.231,0.00
11.84782,-0.055,0.241,0.00
11.85830,-0.055,0.241,0.00
11.86839,-0.057,0.250,0.00
11.87922,-0.057,0.250,0.00
11.88936,-0.062,0.258,0.00
11.89982,-0.062,0.258,0.00
11.91055,-0.062,0.258,0.00
11.92116,-0.065,0.267,0.00
11.93173,-0.069,0.275,0.00
11.94327,-0.069,0.282,0.00
11.95364,-0.072,0.282,0.00
11.96379,-0.072,0.282,0.00
11.97469,-0.075,0.286,0.00
11.98485,-0.078,0.286,0.00
11.99511,-0.078,0.291,0.00
12.00526,-0.078,0.291,0.00
12.01546,-0.078,0.291,0.00
12.02562,-0.083,0.294,0.00
12.03596,-0.083,0.298,0.00
12.04614,-0.083,0.298,0.00
12.05640,-0.087,0.301,0.00
12.06706,-0.087,0.301,0.00
12.07733,-0.089,0.303,0.00
12.08768,-0.091,0.307,0.00
12.09825,-0.091,0.307,0.00
12.10859,-0.093,0.308,0.00
12.11875,-0.093,0.308,0.00
12.12891,-0.095,0.307,0.00
12.13919,-0.095,0.307,0.00
12.14936,-0.098,0.307,0.00
12.15949,-0.098,0.307,0.00
12.16965,-0.100,0.304,0.00
12.17980,-0.100,0.304,0.00
12.19013,-0.102,0.302,0.00
12.20018,-0.102,0.302,0.00
12.21077,-0.103,0.304,0.00
12.22099,-0.103,0.304,0.00
12.23116,-0.103,0.299,0.00
12.24131,-0.103,0.299,0.00
12.25148,-0.104,0.298,0.00
12.26181,-0.104,0.298,0.00
12.27298,-0.104,0.295,0.00
12.28371,-0.104,0.295,0.00
12.29391,-0.105,0.288,0.00
12.30406,-0.105,0.281,0.00
12.31423,-0.104,0.281,0.00
12.32444,-0.103,0.281,0.00
12.33476,-0.103,0.276,0.00
12.34488,-0.103,0.276,0.00
12.35504,-0.101,0.271,0.00
12.36522,-0.100,0.271,0.00
12.37542,-0.100,0.262,0.00
12.38559,-0.100,0.262,0.00
12.39577,-0.100,0.258,0.00
12.40593,-0.098,0.258,0.00
12.41619,-0.097,0.258,0.00
12.42643,-0.097,0.258,0.00
12.43746,-0.097,0.258,0.00
12.44776,-0.096,0.261,0.00
12.45801,-0.097,0.261,0.00
12.46826,-0.103,0.259,0.00
12.47908,-0.103,0.259,0.00
12.48925,-0.153,0.264,0.00
12.49996,-0.153,0.264,0.00
12.51029,-0.250,0.266,0.00
12.52202,-0.250,0.266,0.00
12.53234,-0.379,0.275,0.00
12.54249,-0.379,0.275,0.00
12.55266,-0.379,0.275,0.00
12.56286,-0.366,0.287,0.00
12.57302,-0.133,0.294,0.00
12.58319,0.349,0.298,0.00
12.59366,0.349,0.298,0.00
12.60416,0.349,0.298,0.00
12.61484,1.104,0.302,0.00
12.62509,1.104,0.302,0.00
12.63529,2.384,0.307,0.00
12.64545,3.858,0.307,0.00
12.65561,3.858,0.315,0.00
12.66577,5.554,0.321,0.00
12.67597,5.554,0.321,0.00
12.68614,7.161,0.321,0.00
12.69677,7.161,0.328,0.00
12.70741,7.161,0.328,0.00
12.71828,8.703,0.330,0.00
12.72880,8.703,0.330,0.00
12.74076,10.157,0.330,0.00
12.75106,10.157,0.330,0.00
12.76122,10.157,0.330,0.00
12.78690,12.596,0.326,9.00
12.79707,13.650,0.324,9.00
12.81969,13.650,0.324,9.00
12.82988,14.527,0.322,9.00
12.85218,15.438,0.313,9.00
12.86299,15.438,0.313,9.00
12.88340,15.473,0.307,9.00
12.89373,15.255,0.304,9.00
12.90389,15.255,0.304,9.00
12.91529,14.778,0.304,9.00
12.92550,14.178,0.311,9.00
12.93584,14.178,0.324,9.00
12.94902,14.178,0.324,9.00
12.95946,13.265,0.323,9.00
12.96964,12.260,0.334,9.00
12.97980,12.260,0.334,9.00
12.99001,12.260,0.334,9.00
13.00119,10.636,0.335,9.00
13.01181,8.791,0.310,9.00
13.02199,8.791,0.310,9.00
13.03229,7.173,0.281,9.00
13.04354,7.173,0.281,9.00
13.05377,5.599,0.215,9.00
13.06406,4.125,0.215,9.00
13.09130,2.885,0.154,9.00
13.10152,1.803,0.108,9.00
13.12449,1.803,0.066,9.00
13.13492,0.918,0.024,9.00
13.15481,0.918,0.024,9.00
13.16499,0.149,-0.013,9.00
13.18737,0.149,-0.013,9.00
13.19773,-0.411,-0.115,9.00
13.21981,-0.310,-0.187,9.00
13.23073,-0.161,-0.510,9.00
13.24088,-0.161,-0.510,9.00
13.25109,-0.161,-0.510,9.00
13.26126,-0.116,-0.879,9.00
13.27143,-0.171,-1.302,9.00
13.28299,-0.171,-1.302,9.50
13.29317,-0.255,-1.502,9.50
13.30338,-0.255,-1.502,9.50
13.31543,-0.308,-1.804,9.50
13.32579,-0.322,-1.954,9.50
13.33622,-0.322,-1.954,9.50
13.34795,-0.322,-1.954,9.50
13.35894,-0.308,-1.958,9.50
13.36963,-0.308,-1.958,9.50
13.39523,-0.291,-1.858,10.00
13.40552,-0.287,-1.858,10.00
13.42773,-0.257,-1.865,10.50
13.43790,-0.257,-1.865,10.50
13.46012,-0.208,-1.923,11.00
13.47041,-0.154,-2.027,11.00
13.49077,-0.154,-2.027,11.50
13.50109,-0.110,-2.135,11.50
13.51171,-0.070,-2.259,11.50
13.52350,-0.070,-2.374,12.50
13.53385,-0.035,-2.374,12.50
13.54415,-0.035,-2.374,12.50
13.55607,-0.015,-2.448,13.50
13.56624,-0.008,-2.516,13.50
13.57643,-0.008,-2.516,13.50
13.58677,-0.008,-2.516,14.50
13.59696,-0.001,-2.549,14.50
13.60800,0.012,-2.604,14.50
13.61958,0.012,-2.604,16.00
13.63075,0.015,-2.628,16.00
13.64095,0.015,-2.628,16.00
13.65142,0.015,-2.628,17.50
13.66186,0.006,-2.651,17.50
13.67205,-0.012,-2.691,17.50
13.69914,-0.034,-2.691,19.00
13.70943,-0.051,-2.696,19.00
13.73109,-0.051,-2.696,21.00
13.74132,-0.075,-2.720,21.00
13.76298,-0.075,-2.720,22.00
13.77317,-0.098,-2.757,22.00
13.79546,-0.099,-2.734,23.50
13.80565,-0.099,-2.731,23.50
13.81583,-0.088,-2.731,23.50
13.82771,-0.088,-2.731,24.50
13.83792,-0.073,-2.750,24.50
13.84809,-0.056,-2.817,24.50
13.85919,-0.056,-2.817,25.00
13.86938,-0.038,-2.905,25.00
13.88072,-0.038,-2.905,25.00
13.89120,-0.022,-2.998,26.00
13.90139,-0.022,-2.998,26.00
13.91156,-0.007,-3.172,26.00
13.92458,0.003,-3.312,26.50
13.93515,0.003,-3.312,26.50
13.94557,0.016,-3.312,26.50
13.97175,0.025,-3.653,26.50
13.98393,0.025,-3.653,26.50
14.00501,0.049,-4.132,27.00
14.01560,0.049,-4.132,27.00
14.03557,0.059,-4.375,27.00
14.04572,0.066,-4.375,27.00
14.06797,0.066,-4.623,27.00
14.07823,0.066,-4.890,27.00
14.08839,0.071,-4.890,27.00
14.09877,0.071,-4.890,27.50
14.10897,0.071,-5.240,27.50
14.11913,0.075,-5.589,27.50
14.13167,0.077,-5.973,27.50
14.14185,0.077,-5.973,27.50
14.15223,0.084,-6.344,27.50
14.16362,0.084,-6.632,27.50
14.17382,0.087,-6.632,27.50
14.18399,0.087,-6.632,27.50
14.19556,0.092,-6.903,27.50
14.20574,0.092,-6.903,27.50
14.21595,0.102,-7.018,27.50
14.24303,0.102,-6.905,27.50
14.25343,0.131,-7.169,27.50
14.27632,0.131,-7.135,27.50
14.28675,0.144,-7.135,27.50
14.30688,0.144,-6.927,27.50
14.31727,0.185,-6.582,27.50
14.34145,0.197,-6.198,27.50
14.35160,0.213,-5.672,27.50
14.37161,0.213,-5.672,27.50
14.38221,0.223,-5.112,27.50
14.39256,0.237,-4.387,27.50
14.40291,0.237,-4.387,27.50
14.41307,0.242,-3.606,27.50
14.42323,0.242,-3.606,27.50
14.43500,0.243,-2.700,27.50
14.44554,0.243,-2.700,27.50
14.45562,0.239,-1.771,27.50
14.46935,0.239,-0.688,27.50
14.47962,0.232,-0.688,27.50
14.48977,0.226,0.280,27.50
14.51471,0.226,0.280,27.50
14.52504,0.216,1.192,27.50
14.54775,0.196,2.938,27.50
14.55791,0.196,2.938,27.50
14.58005,0.189,3.765,27.50
14.59040,0.186,4.605,27.50
14.61359,0.186,4.605,27.50
14.62378,0.175,5.312,27.50
14.64330,0.165,6.726,27.50
14.65362,0.145,6.726,27.50
14.66464,0.145,6.726,27.50
14.67506,0.145,6.726,27.50
14.68545,0.124,7.349,27.50
14.69572,0.101,7.969,27.50
14.70791,0.101,7.969,27.50
14.71823,0.074,8.493,27.50
14.72839,0.046,9.029,27.50
14.73960,0.046,9.029,27.50
14.74981,0.019,9.478,27.50
14.76014,0.019,9.478,27.50
14.77151,0.019,9.478,27.50
14.78169,-0.002,9.920,27.50
14.79186,-0.022,10.344,27.50
14.81917,-0.022,10.344,27.50
14.82939,-0.038,10.589,27.50
14.85154,-0.055,11.047,27.50
14.86169,-0.055,11.047,27.50
14.88380,-0.056,11.173,27.50
14.89467,-0.056,11.364,27.50
14.91501,-0.056,11.364,27.50
14.92525,-0.053,11.536,27.50
14.93543,-0.048,11.698,27.50
14.94560,-0.048,11.698,0.00
14.95577,-0.044,11.886,0.00
14.96598,-0.044,11.886,0.00
14.97721,-0.042,12.076,0.00
14.98755,-0.039,12.229,0.00
14.99821,-0.039,12.229,0.00
15.00887,-0.039,12.229,0.00
15.01905,-0.039,12.345,0.00
15.02922,-0.052,12.435,0.00
15.03943,-0.052,12.435,0.00
15.04958,-0.083,12.455,0.00
15.05974,-0.083,12.455,0.00
15.06990,-0.106,12.533,0.00
15.08035,-0.106,12.533,0.00
15.09058,-0.090,12.602,0.00
15.10112,-0.090,12.602,0.00
15.11138,-0.088,12.436,0.00
15.12257,-0.088,12.436,0.00
15.13285,-0.073,12.458,0.00
15.14301,-0.006,12.297,0.00
15.15317,-0.006,12.297,0.00
15.16385,-0.006,12.297,0.00
15.17401,0.095,12.247,0.00
15.18473,0.095,12.247,0.00
15.19489,0.178,12.090,0.00
15.20506,0.251,11.950,0.00
15.21542,0.251,11.950,0.00
15.22558,0.334,11.950,0.00
15.23575,0.334,11.808,0.00
15.24591,0.334,11.808,0.00
15.25607,0.456,11.808,0.00
15.26660,0.597,11.437,0.00
15.27745,0.597,11.437,0.00
15.28843,0.597,11.437,0.00
15.29864,0.597,11.437,0.00
15.30948,0.732,11.437,0.00
15.31982,0.843,11.267,0.00
15.33003,0.843,11.125,0.00
15.34147,0.929,10.966,0.00
15.35164,0.975,10.801,0.00
15.36183,0.975,10.801,0.00
15.37207,0.995,10.675,0.00
15.38222,0.995,10.675,0.00
15.39240,0.995,10.675,0.00
15.40380,1.002,10.558,0.00
15.41397,0.956,10.484,0.00
15.42414,0.956,10.484,0.00
15.43476,0.825,10.273,0.00
15.44492,0.698,10.021,0.00
15.45509,0.698,10.021,0.00
15.46558,0.633,9.219,0.00
15.47594,0.633,9.219,0.00
15.48650,0.657,8.018,0.00
15.49669,0.657,8.018,0.00
15.50685,0.729,7.532,0.00
15.51701,0.729,7.532,0.00
15.52774,0.759,7.302,0.00
15.53797,0.759,7.302,0.00
15.54824,0.765,6.562,0.00
15.55840,0.765,6.562,0.00
15.56857,0.786,5.811,0.00
15.57872,0.786,5.811,0.00
15.58893,0.837,5.311,0.00
15.59908,0.837,5.311,0.00
15.60924,0.879,4.673,0.00
15.61976,0.879,4.673,0.00
15.62993,0.891,4.673,0.00
15.64030,0.891,4.155,0.00
15.65046,0.880,3.456,0.00
15.66064,0.880,3.456,0.00
15.67092,0.877,2.493,0.00
15.68108,0.877,2.493,0.00
15.69123,0.901,1.400,0.00
15.70153,0.901,1.400,0.00
15.71155,0.944,0.602,0.00
15.72170,0.944,0.602,0.00
15.73211,0.990,-0.088,0.00
15.74236,0.990,-0.088,0.00
15.75253,1.024,-0.197,0.00
15.76270,1.024,-0.197,0.00
15.77285,1.045,0.160,0.00
15.78304,1.045,0.160,0.00
15.79320,1.059,1.360,0.00
15.80335,1.059,1.360,0.00
15.81351,1.082,1.763,0.00
15.82383,1.082,1.763,0.00
15.83429,1.104,1.744,0.00
15.84446,1.104,1.458,0.00
15.85461,1.107,1.458,0.00
15.86479,1.107,1.458,0.00
15.87496,1.087,1.361,0.00
15.88512,1.055,1.329,0.00
15.89527,1.055,1.329,0.00
15.90543,1.012,1.394,0.00
15.91560,1.012,1.394,0.00
15.92576,1.012,1.394,0.00
15.93624,1.012,1.394,0.00
15.94681,0.941,0.924,0.00
15.95702,0.941,0.924,0.00
15.96744,0.896,0.888,0.00
15.97780,0.896,0.888,0.00
15.98879,0.843,1.129,0.00
15.99895,0.843,1.129,0.00
16.00911,0.843,1.129,0.00
16.01943,0.843,1.129,0.00
16.02967,0.793,1.518,0.00
16.04028,0.761,1.751,0.00
16.05064,0.744,1.808,0.00
16.06080,0.744,1.808,0.00
16.07096,0.732,1.816,0.00
16.08113,0.732,1.816,0.00
16.09130,0.715,1.824,0.00
16.10167,0.715,1.824,0.00
16.11202,0.699,1.800,0.00
16.12247,0.699,1.800,0.00
16.13284,0.691,1.724,0.00
16.14318,0.691,1.724,0.00
16.15334,0.690,1.607,0.00
16.16351,0.690,1.607,0.00
16.17367,0.702,1.495,0.00
16.18389,0.702,1.495,0.00
16.19472,0.726,1.390,0.00
16.20500,0.726,1.390,0.00
16.21523,0.755,1.341,0.00
16.22549,0.755,1.333,0.00
16.23564,0.784,1.333,0.00
16.24581,0.784,1.367,0.00
16.25596,0.822,1.367,0.00
16.26615,0.822,1.405,0.00
16.27643,0.866,1.405,0.00
16.28677,0.904,1.561,0.00
16.29715,0.904,1.561,0.00
16.30750,0.904,1.561,0.00
16.31781,0.945,1.611,0.00
16.32798,0.945,1.611,0.00
16.33824,0.993,1.579,0.00
16.34841,1.042,1.511,0.00
16.35964,1.042,1.511,0.00
16.36980,1.081,1.409,0.00
16.37999,1.081,1.409,0.00
16.39106,1.083,1.335,0.00
16.40128,1.083,1.335,0.00
16.41144,1.071,1.182,0.00
16.42159,1.071,1.182,0.00
16.43175,1.039,1.038,0.00
16.44563,1.039,1.038,0.00
16.46266,1.005,0.954,0.00
16.47822,0.978,0.879,0.00
16.49072,0.943,0.879,0.00
16.50140,0.943,0.771,0.00
16.51715,0.909,0.771,0.00
16.52810,0.876,0.771,0.00
16.54352,0.876,0.712,0.00
16.55505,0.861,0.611,0.00
16.58095,0.869,0.437,0.00
16.59982,0.869,0.234,0.00
16.61733,0.864,0.234,0.00
16.63283,0.855,-0.035,0.00
16.68092,0.836,-1.117,0.00
16.69599,0.836,-1.117,0.00
16.70701,0.817,-1.525,0.00
16.71877,0.794,-1.912,0.00
16.72926,0.764,-1.912,0.00
16.73988,0.764,-2.324,0.00
16.75051,0.764,-2.324,0.00
16.76164,0.764,-2.693,0.00
16.77200,0.707,-3.050,0.00
16.78247,0.707,-3.050,0.00
16.79918,0.679,-3.386,0.00
16.81576,0.679,-3.708,0.00
16.82634,0.656,-4.025,0.00
16.83722,0.634,-4.025,0.00
16.84904,0.610,-4.025,0.00
16.86535,0.610,-4.637,0.00
16.87616,0.581,-4.637,0.00
16.88665,0.567,-4.637,0.00
16.90265,0.567,-5.273,0.00
16.91387,0.551,-5.273,0.00
16.93449,0.551,-5.273,0.00
16.94569,0.551,-5.567,0.00
16.96195,0.551,-5.850,0.00
16.98231,0.551,-5.850,0.00
16.99866,0.551,-6.252,0.00
17.00890,0.551,-6.252,0.00
17.02534,0.518,-6.391,0.00
17.04651,0.554,-6.601,0.00
17.05755,0.554,-6.601,0.00
17.07397,0.564,-6.601,0.00
17.08434,0.602,-6.698,0.00
17.09475,0.602,-6.698,0.00
17.10502,0.649,-6.698,0.00
17.12114,0.649,-6.718,0.00
17.13298,0.694,-6.703,0.00
17.14368,0.746,-6.641,0.00
17.15584,0.746,-6.641,0.00
17.16721,0.746,-6.641,0.00
17.17743,0.746,-6.641,0.00
17.19321,0.803,-6.517,0.00
17.20426,0.893,-6.401,0.00
17.22703,0.893,-6.401,0.00
17.23956,0.940,-6.266,0.00
17.25861,0.940,-6.122,0.00
17.27030,0.972,-5.998,0.00
17.28055,0.989,-5.998,0.00
17.29685,0.989,-5.876,0.00
17.30703,0.971,-5.745,0.00
17.32149,0.971,-5.745,0.00
17.33519,0.948,-5.605,0.00
17.35715,0.913,-5.526,0.00
17.37075,0.913,-5.526,0.00
17.38807,0.761,-5.424,0.00
17.40085,0.736,-5.388,0.00
17.41125,0.736,-5.388,0.00
17.42144,0.736,-5.388,0.00
17.43241,0.735,-5.396,0.00
17.52450,0.994,-5.661,0.00
17.60194,1.292,-5.801,0.00
17.61225,1.378,-6.362,0.00
17.62621,1.378,-6.362,0.00
17.63639,0.699,-1.080,0.00
17.64658,0.699,-1.080,0.00
17.65750,0.774,-1.182,0.00
17.66810,0.812,-1.244,0.00
17.67827,0.812,-1.244,0.00
17.68927,0.812,-1.244,0.00
17.69951,0.846,-1.291,0.00
17.71001,0.867,-1.265,0.00
17.72017,0.867,-1.265,0.00
17.73046,0.850,-1.174,0.00
17.74065,0.850,-1.174,0.00
17.75107,0.789,-0.991,0.00
17.76163,0.789,-0.991,0.00
17.77183,0.789,-0.991,0.00
17.78197,0.730,-0.750,0.00
17.79214,0.687,-0.383,0.00
17.80310,0.687,-0.383,0.00
17.81329,0.630,0.055,0.00
17.82367,0.598,0.485,0.00
17.83399,0.598,0.485,0.00
17.84427,0.598,0.485,0.00
17.85502,0.598,0.485,0.00
17.86520,0.569,0.904,0.00
17.87538,0.521,1.343,0.00
17.88553,0.521,1.343,0.00
17.89570,0.446,1.766,0.00
17.90587,0.357,2.001,0.00
17.91602,0.357,2.001,0.00
17.92620,0.269,2.054,0.00
17.93637,0.269,2.054,0.00
17.94709,0.188,1.948,0.00
17.95729,0.188,1.948,0.00
17.96745,0.106,1.935,0.00
17.97760,0.106,1.935,0.00
17.98777,0.106,1.935,0.00
17.99857,0.022,1.841,0.00
18.00873,-0.071,1.732,0.00
18.01888,-0.071,1.732,0.00
18.02903,-0.071,1.732,0.00
18.03918,-0.163,1.566,0.00
18.04949,-0.163,1.566,0.00
18.05984,-0.240,1.464,0.00
18.07019,-0.303,1.467,0.00
18.08035,-0.303,1.467,0.00
18.09061,-0.360,1.558,0.00
18.10081,-0.360,1.558,0.00
18.11103,-0.413,1.589,0.00
18.12120,-0.413,1.589,0.00
18.13136,-0.460,1.590,0.00
18.14151,-0.460,1.590,0.00
18.15166,-0.488,1.567,0.00
18.16182,-0.488,1.567,0.00
18.17196,-0.499,1.611,0.00
18.18225,-0.499,1.611,0.00
18.19242,-0.503,1.579,0.00
18.20258,-0.503,1.547,0.00
18.21307,-0.503,1.547,0.00
18.22324,-0.493,1.547,0.00
18.23344,-0.493,1.517,0.00
18.24381,-0.473,1.517,0.00
18.25430,-0.473,1.491,0.00
18.26447,-0.473,1.491,0.00
18.27462,-0.447,1.516,0.00
18.28477,-0.447,1.516,0.00
18.29505,-0.415,1.584,0.00
18.30563,-0.415,1.584,0.00
18.31598,-0.386,1.685,0.00
18.32617,-0.386,1.685,0.00
18.33634,-0.366,1.799,0.00
18.34650,-0.351,1.919,0.00
18.35666,-0.351,1.919,0.00
18.36682,-0.344,2.049,0.00
18.37698,-0.344,2.049,0.00
18.38756,-0.343,2.197,0.00
18.39772,-0.343,2.197,0.00
18.40788,-0.347,2.351,0.00
18.41815,-0.347,2.351,0.00
18.42842,-0.347,2.507,0.00
18.44115,-0.347,2.507,0.00
18.45131,-0.349,2.658,0.00
18.46167,-0.349,2.658,0.00
18.47205,-0.354,2.802,0.00
18.48223,-0.354,2.963,0.00
18.49241,-0.361,2.963,0.00
18.50345,-0.372,2.963,0.00
18.51379,-0.372,3.139,0.00
18.52428,-0.386,3.288,0.00
18.53528,-0.386,3.288,0.00
18.54577,-0.386,3.288,0.00
18.55593,-0.402,3.420,0.00
18.56641,-0.416,3.552,0.00
18.57685,-0.416,3.552,0.00
18.58701,-0.430,3.666,0.00
18.59716,-0.430,3.666,0.00
18.60732,-0.430,3.758,0.00
18.61747,-0.448,3.758,0.00
18.62777,-0.468,3.832,0.00
18.63796,-0.468,3.832,0.00
18.64829,-0.489,3.883,0.00
18.65861,-0.489,3.883,0.00
18.66895,-0.489,3.907,0.00
18.67929,-0.509,3.907,0.00
18.68960,-0.526,3.918,0.00
18.69992,-0.526,3.918,0.00
18.71035,-0.535,3.913,0.00
18.72050,-0.535,3.913,0.00
18.73066,-0.542,3.889,0.00
18.74083,-0.542,3.889,0.00
18.75098,-0.549,3.857,0.00
18.76113,-0.549,3.857,0.00
18.77128,-0.560,3.824,0.00
18.78144,-0.560,3.824,0.00
18.79187,-0.572,3.789,0.00
18.80381,-0.572,3.789,0.00
18.81397,-0.580,3.753,0.00
18.82413,-0.587,3.723,0.00
18.83601,-0.587,3.723,0.00
18.84697,-0.591,3.695,0.00
18.85713,-0.591,3.695,0.00
18.86727,-0.591,3.695,0.00
18.87831,-0.591,3.668,0.00
18.88857,-0.597,3.642,0.00
18.89889,-0.597,3.642,0.00
18.90905,-0.602,3.613,0.00
18.91921,-0.602,3.613,0.00
18.92937,-0.608,3.592,0.00
18.93963,-0.608,3.592,0.00
18.94980,-0.605,3.570,0.00
18.95996,-0.605,3.570,0.00
18.97021,-0.605,3.570,0.00
18.98056,-0.602,3.552,0.00
18.99072,-0.601,3.548,0.00
19.00087,-0.601,3.548,0.00
19.01103,-0.600,3.555,0.00
19.02124,-0.600,3.555,0.00
19.03152,-0.612,3.569,0.00
19.04169,-0.674,3.594,0.00
19.05204,-0.674,3.594,0.00
19.06250,-0.729,3.605,0.00
19.07281,-0.729,3.605,0.00
19.08305,-0.729,3.605,0.00
19.09323,-1.042,3.633,0.00
19.10338,-1.042,3.633,0.00
19.11358,-1.146,3.669,0.00
19.12397,-1.146,3.669,0.00
19.13414,-1.164,3.708,0.00
19.14429,-0.966,3.766,0.00
19.15445,-0.966,3.766,0.00
19.16463,-0.329,3.833,0.00
19.17479,-0.329,3.833,0.00
19.18495,0.801,3.903,0.00
19.19511,0.801,3.903,0.00
19.20525,0.801,3.903,0.00
19.21548,2.385,3.966,0.00
19.22562,4.155,4.024,0.00
19.23584,4.155,4.024,0.00
19.24600,5.998,4.024,0.00
19.25627,5.998,4.084,0.00
19.26635,7.847,4.142,0.00
19.27652,7.847,4.142,0.00
19.28700,9.664,4.191,0.00
19.29721,9.664,4.191,0.00
19.30737,9.664,4.191,0.00
19.31758,11.342,4.238,0.00
19.32774,12.858,4.283,0.00
19.33789,12.858,4.283,0.00
19.36300,14.193,4.316,9.00
19.37321,15.257,4.343,9.00
19.39557,15.943,4.343,9.00
19.40581,16.385,4.358,9.00
19.42799,16.843,4.366,9.00
19.43834,16.843,4.365,9.00
19.45894,16.843,4.356,9.00
19.46934,17.160,4.356,9.00
19.47951,17.042,4.350,9.00
19.49146,17.042,4.350,9.00
19.50174,16.594,4.336,9.00
19.51198,16.039,4.326,9.00
19.52499,16.039,4.326,9.00
19.53531,15.038,4.321,9.00
19.54541,15.038,4.321,9.00
19.55565,13.425,4.315,9.00
19.56571,11.451,4.300,9.00
19.57586,11.451,4.300,9.00
19.58855,9.548,4.254,9.00
19.59915,9.548,4.254,9.00
19.60931,7.672,4.158,9.00
19.63663,7.672,4.158,9.00
19.64688,4.411,4.067,9.00
19.66742,4.411,3.978,9.00
19.67771,2.911,3.904,9.00
19.70021,1.547,3.904,9.00
19.71036,1.547,3.810,9.00
19.73081,1.547,3.810,9.00
19.74105,0.437,3.716,9.00
19.75127,-0.483,3.618,9.00
19.76348,-1.085,3.535,9.00
19.77372,-1.106,3.448,9.00
19.78421,-1.106,3.448,9.00
19.79635,-0.708,3.448,9.00
19.80668,-0.139,2.865,9.00
19.81685,-0.139,2.865,9.00
19.82712,0.397,2.865,9.00
19.83739,0.397,2.388,9.00
19.84813,0.397,2.388,9.00
19.85912,0.397,2.388,9.00
19.86950,0.934,1.656,9.00
19.87966,0.934,1.656,9.00
19.89393,0.934,1.398,9.50
19.90424,0.772,1.305,9.50
19.91440,0.469,1.305,9.50
19.92457,0.207,1.334,9.50
19.93474,0.207,1.334,9.50
19.94502,0.011,1.357,9.50
19.97070,0.011,1.357,9.50
19.98088,-0.106,1.448,9.50
20.00284,-0.106,1.448,10.00
20.01322,-0.106,1.448,10.00
20.03597,0.028,1.539,10.50
20.04628,0.143,1.596,10.50
20.06725,0.252,1.562,11.00
20.07767,0.252,1.562,11.00
20.08802,0.383,1.516,11.00
20.09956,0.383,1.516,12.00
20.10977,0.511,1.503,12.00
20.12010,0.511,1.503,12.00
20.13468,0.614,1.508,13.50
20.14523,0.702,1.489,13.50
20.15549,0.702,1.489,13.50
20.16565,0.755,1.499,14.50
20.17581,0.755,1.499,14.50
20.18599,0.754,1.492,14.50
20.21103,0.754,1.461,16.50
20.22123,0.711,1.461,16.50
20.24357,0.549,1.383,18.50
20.25390,0.549,1.383,18.50
20.27633,0.549,1.360,20.50
20.28652,0.370,1.298,20.50
20.30675,0.370,1.298,22.50
20.31714,0.296,1.246,22.50
20.32732,0.296,1.246,22.50
20.33909,0.296,1.181,24.00
20.34956,0.195,1.063,24.00
20.35984,0.195,1.063,24.00
20.37132,0.154,0.992,25.50
20.38149,0.154,0.902,25.50
20.39163,0.140,0.902,25.50
20.40309,0.140,0.902,26.50
20.41456,0.127,0.844,26.50
20.42476,0.140,0.767,26.50
20.43493,0.140,0.767,26.50
20.45235,0.172,0.616,27.50
20.46250,0.234,0.497,27.50
20.48299,0.234,0.497,28.00
20.49316,0.313,0.291,28.00
20.50333,0.313,0.291,28.00
20.51575,0.384,0.088,28.50
20.52593,0.436,-0.222,28.50
20.53691,0.436,-0.222,28.50
20.54912,0.483,-0.222,29.00
20.55941,0.483,-0.597,29.00
20.56986,0.533,-0.990,29.00
20.58002,0.533,-0.990,29.00
20.59018,0.575,-1.430,29.00
20.60032,0.575,-1.430,29.00
20.61141,0.575,-1.430,29.00
20.62173,0.612,-1.858,29.00
20.63206,0.612,-2.237,29.00
20.64556,0.612,-2.237,29.50
20.65580,0.613,-2.615,29.50
20.66596,0.627,-3.009,29.50
20.69126,0.650,-3.009,29.50
20.70188,0.650,-3.445,29.50
20.72336,0.706,-4.126,29.50
20.73375,0.706,-4.126,29.50
20.75504,0.706,-4.126,29.50
20.76523,0.757,-4.728,29.50
20.78706,0.870,-4.728,29.50
20.79737,0.870,-4.780,29.50
20.80770,0.924,-4.681,29.50
20.81950,0.924,-4.681,29.50
20.82970,0.980,-4.681,29.50
20.83986,0.980,-4.423,29.50
20.85206,0.980,-4.423,29.50
20.86229,1.023,-4.011,29.50
20.87248,1.074,-3.408,29.50
20.88327,1.122,-3.408,29.50
20.89363,1.122,-2.698,29.50
20.90385,1.122,-2.698,29.50
20.91560,1.159,-1.833,29.50
20.92747,1.159,-1.833,29.50
20.93766,1.193,-0.908,29.50
20.94873,1.193,-0.908,29.50
20.95890,1.210,0.215,29.50
20.96910,1.220,1.287,29.50
20.99461,1.220,1.287,29.50
21.00480,1.229,2.400,29.50
21.02728,1.239,3.621,29.50
21.03786,1.255,4.832,29.50
21.05971,1.271,6.014,29.50
21.06989,1.292,7.160,29.50
21.09067,1.292,7.160,29.50
21.10084,1.314,8.242,29.50
21.11100,1.339,9.422,29.50
21.12346,1.339,9.422,29.50
21.13382,1.339,9.422,29.50
21.14399,1.357,10.398,29.50
21.15640,1.357,11.219,29.50
21.16655,1.356,11.969,29.50
21.17671,1.356,11.969,29.50
21.18699,1.356,11.969,29.50
21.19753,1.337,11.969,29.50
21.20802,1.337,12.616,29.50
21.21891,1.301,12.616,29.50
21.22920,1.301,13.212,29.50
21.23948,1.301,13.212,29.50
21.25118,1.261,13.693,29.50
21.26270,1.261,13.693,29.50
21.27284,1.218,14.171,29.50
21.30081,1.131,14.927,29.50
21.31087,1.087,15.347,29.50
21.33090,1.087,15.347,29.50
21.34109,1.038,15.604,29.50
21.36433,0.996,15.958,29.50
21.37474,0.962,16.239,29.50
21.39491,0.962,16.435,29.50
21.40522,0.924,16.447,29.50
21.41559,0.898,16.447,29.50
21.42703,0.898,16.447,29.50
21.43737,0.898,16.447,29.50
21.44773,0.871,16.523,29.50
21.46067,0.852,16.523,29.50
21.47083,0.829,16.505,29.50
21.48098,0.829,16.440,29.50
21.49154,0.806,16.440,29.50
21.50184,0.806,16.440,29.50
21.51199,0.788,16.398,29.50
21.52225,0.788,16.398,0.00
21.53252,0.788,16.398,0.00
21.54282,0.788,16.398,0.00
21.55329,0.772,16.245,0.00
21.56345,0.754,16.202,0.00
21.57368,0.719,16.079,0.00
21.58386,0.719,15.982,0.00
21.59403,0.685,15.982,0.00
21.60419,0.637,15.930,0.00
21.61439,0.637,15.930,0.00
21.62457,0.620,15.930,0.00
21.63475,0.620,15.794,0.00
21.64494,0.620,15.794,0.00
21.65510,0.668,15.776,0.00
21.66526,0.668,15.776,0.00
21.67542,0.710,15.701,0.00
21.68558,0.806,15.673,0.00
21.69590,0.806,15.673,0.00
21.70615,1.029,15.708,0.00
21.71646,1.029,15.708,0.00
21.72723,1.313,15.643,0.00
21.73739,1.313,15.643,0.00
21.74809,1.313,15.643,0.00
21.75824,1.545,15.775,0.00
21.76840,1.704,15.757,0.00
21.77861,1.704,15.757,0.00
21.78976,1.844,15.853,0.00
21.80032,1.844,15.853,0.00
21.81048,1.977,15.787,0.00
21.82065,1.977,15.787,0.00
21.83081,1.977,15.787,0.00
21.84098,2.106,16.007,0.00
21.85114,2.203,16.167,0.00
21.86130,2.203,16.167,0.00
21.87146,2.256,16.354,0.00
21.88194,2.241,16.437,0.00
21.89234,2.241,16.437,0.00
21.90266,2.241,16.437,0.00
21.91283,2.178,16.369,0.00
21.92319,2.074,16.369,0.00
21.93353,2.074,16.477,0.00
21.94423,2.074,16.477,0.00
21.95444,1.939,16.519,0.00
21.96473,1.807,16.519,0.00
21.97557,1.807,16.543,0.00
21.98646,1.807,16.543,0.00
21.99663,1.670,16.587,0.00
22.00679,1.512,16.419,0.00
22.01695,1.512,16.419,0.00
22.02711,1.257,16.317,0.00
22.03727,1.257,16.317,0.00
22.04748,1.257,16.317,0.00
22.05766,1.019,15.743,0.00
22.06783,1.019,14.484,0.00
22.07816,0.784,14.484,0.00
22.08833,0.594,14.144,0.00
22.09861,0.594,14.144,0.00
22.10900,0.459,13.801,0.00
22.11922,0.459,13.801,0.00
22.12938,0.310,12.866,0.00
22.13955,0.310,12.866,0.00
22.14986,0.310,12.866,0.00
22.16002,0.177,11.704,0.00
22.17032,0.093,10.546,0.00
22.18057,0.093,10.546,0.00
22.19082,0.064,9.304,0.00
22.20108,0.064,9.304,0.00
22.21123,0.071,7.936,0.00
22.22139,0.087,7.936,0.00
22.23157,0.087,6.702,0.00
22.24178,0.087,6.702,0.00
22.25215,0.100,5.406,0.00
22.26249,0.112,5.406,0.00
22.27280,0.112,4.138,0.00
22.28377,0.129,4.138,0.00
22.29393,0.129,3.024,0.00
22.30411,0.168,2.141,0.00
22.31459,0.168,2.141,0.00
22.32495,0.240,2.141,0.00
22.33557,0.240,1.646,0.00
22.34578,0.329,2.044,0.00
22.35627,0.329,2.044,0.00
22.36649,0.411,2.922,0.00
22.37680,0.411,2.922,0.00
22.38695,0.483,4.028,0.00
22.39712,0.483,4.028,0.00
22.40727,0.533,4.681,0.00
22.41746,0.533,4.681,0.00
22.42762,0.555,3.552,0.00
22.43779,0.555,3.552,0.00
22.44797,0.555,3.552,0.00
22.45825,0.559,3.373,0.00
22.46852,0.544,3.138,0.00
22.47886,0.544,3.138,0.00
22.48907,0.544,3.138,0.00
22.49935,0.512,3.221,0.00
22.50950,0.466,3.134,0.00
22.51972,0.466,3.134,0.00
22.52990,0.423,2.980,0.00
22.54016,0.423,2.980,0.00
22.55048,0.390,2.774,0.00
22.56066,0.390,2.774,0.00
22.57186,0.364,2.737,0.00
22.58215,0.364,2.737,0.00
22.59235,0.329,2.890,0.00
22.60255,0.329,2.890,0.00
22.61272,0.284,3.066,0.00
22.62288,0.251,3.113,0.00
22.63315,0.251,3.113,0.00
22.64373,0.242,3.090,0.00
22.65389,0.242,3.090,0.00
22.66430,0.245,3.148,0.00
22.67507,0.245,3.148,0.00
22.68547,0.245,3.148,0.00
22.69566,0.246,3.240,0.00
22.70585,0.238,3.240,0.00
22.71600,0.238,3.322,0.00
22.72617,0.224,3.322,0.00
22.73633,0.224,3.359,0.00
22.74649,0.209,3.361,0.00
22.75664,0.209,3.361,0.00
22.76699,0.191,3.361,0.00
22.77734,0.191,3.382,0.00
22.78751,0.176,3.430,0.00
22.79776,0.176,3.430,0.00
22.80814,0.163,3.486,0.00
22.81847,0.163,3.486,0.00
22.82866,0.156,3.520,0.00
22.83882,0.156,3.520,0.00
22.84898,0.156,3.520,0.00
22.85914,0.156,3.520,0.00
22.86929,0.172,3.627,0.00
22.87951,0.172,3.627,0.00
22.88976,0.191,3.727,0.00
22.90047,0.191,3.727,0.00
22.91062,0.205,3.912,0.00
22.92156,0.215,4.025,0.00
22.93154,0.215,4.025,0.00
22.94200,0.215,4.146,0.00
22.95216,0.225,4.146,0.00
22.96455,0.225,4.146,0.00
22.97471,0.233,4.211,0.00
22.98487,0.233,4.266,0.00
22.99511,0.243,4.266,0.00
23.00535,0.252,4.295,0.00
23.01550,0.252,4.295,0.00
23.03382,0.262,4.295,0.00
23.04520,0.275,4.265,0.00
23.05677,0.275,4.265,0.00
23.06873,0.275,4.258,0.00
23.08461,0.275,4.272,0.00
23.09584,0.298,4.272,0.00
23.10718,0.309,4.272,0.00
23.11855,0.309,4.272,0.00
23.12924,0.316,4.311,0.00
23.13994,0.316,4.311,0.00
23.15166,0.322,4.315,0.00
23.16183,0.322,4.315,0.00
23.17241,0.322,4.315,0.00
23.18817,0.336,4.332,0.00
23.19933,0.336,4.347,0.00
23.21361,0.340,4.354,0.00
23.22411,0.347,4.354,0.00
23.23723,0.347,4.346,0.00
23.27271,0.371,4.335,0.00
23.28304,0.371,4.335,0.00
23.29887,0.387,4.296,0.00
23.30980,0.387,4.279,0.00
23.32553,0.404,4.258,0.00
23.34158,0.420,4.258,0.00
23.35682,0.436,4.239,0.00
23.37026,0.456,4.239,0.00
23.38622,0.456,4.229,0.00
23.40226,0.473,4.229,0.00
23.41786,0.487,4.229,0.00
23.42994,0.500,4.242,0.00
23.44885,0.500,4.242,0.00
23.46471,0.503,4.242,0.00
23.48750,0.503,4.270,0.00
23.49826,0.503,4.284,0.00
23.50858,0.500,4.284,0.00
23.52314,0.496,4.324,0.00
23.53348,0.496,4.324,0.00
23.54376,0.496,4.324,0.00
23.55468,0.489,4.339,0.00
23.57628,0.486,4.353,0.00
23.58656,0.486,4.353,0.00
23.60249,0.477,4.371,0.00
23.61303,0.477,4.371,0.00
23.62344,0.477,4.390,0.00
23.63385,0.452,4.390,0.00
23.64428,0.452,4.430,0.00
23.65523,0.437,4.430,0.00
23.66586,0.437,4.446,0.00
23.67631,0.424,4.446,0.00
23.68703,0.424,4.453,0.00
23.69745,0.419,4.453,0.00
23.71356,0.417,4.456,0.00
23.72393,0.417,4.456,0.00
23.73425,0.417,4.456,0.00
23.75708,0.407,4.455,0.00
23.77288,0.407,4.453,0.00
23.78345,0.407,4.453,0.00
23.79894,0.407,4.454,0.00
23.81583,0.408,4.451,0.00
23.82766,0.408,4.451,0.00
23.84348,0.409,4.441,0.00
23.86040,0.409,4.432,0.00
23.88402,0.410,4.419,0.00
23.90759,0.411,4.413,0.00
23.92385,0.412,4.407,0.00
23.93890,0.412,4.411,0.00
23.95430,0.406,4.419,0.00
23.96506,0.406,4.419,0.00
23.97631,0.400,4.426,0.00
23.99036,0.400,4.426,0.00
24.00212,0.400,4.441,0.00
24.01270,0.400,4.441,0.00
24.02648,0.388,4.441,0.00
24.06505,0.366,4.441,0.00
24.10992,0.356,4.486,0.00
24.12285,-0.068,0.155,0.00
24.13302,-0.082,0.164,0.00
24.14354,-0.096,0.172,0.00
24.15371,-0.096,0.172,0.00
24.16392,-0.106,0.176,0.00
24.17424,-0.106,0.176,0.00
24.18441,-0.106,0.176,0.00
24.19459,-0.106,0.176,0.00
24.20494,-0.127,0.167,0.00
24.21511,-0.127,0.167,0.00
24.22539,-0.127,0.167,0.00
24.23635,-0.139,0.153,0.00
24.24651,-0.151,0.138,0.00
24.25694,-0.151,0.138,0.00
24.26720,-0.151,0.138,0.00
24.27778,-0.163,0.124,0.00
24.28806,-0.173,0.109,0.00
24.29822,-0.173,0.109,0.00
24.30838,-0.179,0.094,0.00
24.31854,-0.179,0.094,0.00
24.32870,-0.179,0.094,0.00
24.33885,-0.183,0.081,0.00
24.34901,-0.186,0.074,0.00
24.35965,-0.186,0.074,0.00
24.36979,-0.189,0.066,0.00
24.38016,-0.189,0.066,0.00
24.39021,-0.189,0.056,0.00
24.40044,-0.189,0.056,0.00
24.41059,-0.185,0.049,0.00
24.42075,-0.185,0.049,0.00
24.43091,-0.185,0.049,0.00
24.44253,-0.178,0.039,0.00
24.45269,-0.178,0.039,0.00
24.46285,-0.173,0.039,0.00
24.47303,-0.173,0.038,0.00
24.48318,-0.173,0.038,0.00
24.49334,-0.168,0.042,0.00
24.50348,-0.168,0.042,0.00
24.51364,-0.166,0.049,0.00
24.52380,-0.166,0.049,0.00
24.53396,-0.166,0.062,0.00
24.54413,-0.165,0.083,0.00
24.55530,-0.165,0.083,0.00
24.56635,-0.165,0.109,0.00
24.57650,-0.165,0.109,0.00
24.58666,-0.164,0.129,0.00
24.59682,-0.164,0.129,0.00
24.60698,-0.163,0.142,0.00
24.61714,-0.163,0.142,0.00
24.62729,-0.163,0.155,0.00
24.63743,-0.163,0.155,0.00
24.64762,-0.159,0.155,0.00
24.65794,-0.159,0.155,0.00
24.66822,-0.155,0.151,0.00
24.67868,-0.155,0.151,0.00
24.68894,-0.152,0.143,0.00
24.69912,-0.152,0.143,0.00
24.70962,-0.152,0.143,0.00
24.71978,-0.152,0.143,0.00
24.72995,-0.151,0.129,0.00
24.74023,-0.151,0.129,0.00
24.75039,-0.151,0.123,0.00
24.76073,-0.148,0.123,0.00
24.77099,-0.147,0.118,0.00
24.78118,-0.147,0.110,0.00
24.79134,-0.150,0.110,0.00
24.80150,-0.150,0.110,0.00
24.81173,-0.150,0.110,0.00
24.82188,-0.146,0.092,0.00
24.83204,-0.145,0.076,0.00
24.84223,-0.145,0.076,0.00
24.85239,-0.145,0.076,0.00
24.86394,-0.145,0.076,0.00
24.87412,-0.150,0.057,0.00
24.88427,-0.153,0.042,0.00
24.89459,-0.153,0.027,0.00
24.90551,-0.157,0.027,0.00
24.91578,-0.157,0.013,0.00
24.92594,-0.157,0.001,0.00
24.93610,-0.156,0.001,0.00
24.94627,-0.153,-0.006,0.00
24.95647,-0.153,-0.006,0.00
24.96680,-0.152,-0.012,0.00
24.97850,-0.152,-0.012,0.00
24.98868,-0.154,-0.018,0.00
24.99893,-0.154,-0.018,0.00
25.00922,-0.154,-0.026,0.00
25.01948,-0.154,-0.026,0.00
25.02982,-0.151,-0.034,0.00
25.03996,-0.151,-0.034,0.00
25.05014,-0.147,-0.038,0.00
25.06031,-0.147,-0.038,0.00
25.07050,-0.143,-0.042,0.00
25.08066,-0.143,-0.042,0.00
25.09082,-0.141,-0.045,0.00
25.10110,-0.141,-0.045,0.00
25.11126,-0.143,-0.047,0.00
25.12144,-0.143,-0.047,0.00
25.13186,-0.143,-0.046,0.00
25.14224,-0.143,-0.046,0.00
25.15255,-0.140,-0.047,0.00
25.16276,-0.140,-0.047,0.00
25.17300,-0.139,-0.048,0.00
25.18318,-0.139,-0.043,0.00
25.19358,-0.138,-0.043,0.00
25.20400,-0.138,-0.044,0.00
25.21424,-0.137,-0.044,0.00
25.22441,-0.137,-0.044,0.00
25.23457,-0.134,-0.044,0.00
25.24489,-0.134,-0.044,0.00
25.25495,-0.132,-0.043,0.00
25.26510,-0.127,-0.045,0.00
25.27602,-0.127,-0.045,0.00
25.28618,-0.121,-0.046,0.00
25.29637,-0.121,-0.046,0.00
25.30652,-0.115,-0.044,0.00
25.31668,-0.115,-0.044,0.00
25.32684,-0.108,-0.041,0.00
25.33704,-0.108,-0.041,0.00
25.34730,-0.108,-0.037,0.00
25.35769,-0.101,-0.037,0.00
25.36795,-0.095,-0.029,0.00
25.37876,-0.095,-0.029,0.00
25.38996,-0.094,-0.020,0.00
25.40022,-0.094,-0.020,0.00
25.41048,-0.120,-0.011,0.00
25.42065,-0.120,-0.011,0.00
25.43143,-0.179,-0.004,0.00
25.44170,-0.179,-0.004,0.00
25.45187,-0.314,0.003,0.00
25.46259,-0.314,0.003,0.00
25.47276,-0.646,0.013,0.00
25.48316,-0.646,0.013,0.00
25.49344,-0.975,0.028,0.00
25.50360,-0.975,0.041,0.00
25.51376,-1.265,0.041,0.00
25.52397,-1.265,0.041,0.00
25.53421,-1.514,0.057,0.00
25.54455,-1.505,0.072,0.00
25.55471,-1.505,0.072,0.00
25.56489,-1.132,0.072,0.00
25.57512,-1.132,0.089,0.00
25.58533,-0.312,0.089,0.00
25.59549,-0.312,0.107,0.00
25.60569,0.696,0.124,0.00
25.61603,0.696,0.124,0.00
25.62695,0.696,0.124,0.00
25.63713,1.907,0.135,0.00
25.64730,3.234,0.147,0.00
25.65762,3.234,0.147,0.00
25.66796,4.655,0.147,0.00
25.67845,4.655,0.156,0.00
25.68890,6.182,0.164,0.00
25.69931,6.182,0.164,0.00
25.70967,7.849,0.169,0.00
25.71985,7.849,0.169,0.00
25.73047,9.532,0.176,0.00
25.74106,9.532,0.176,0.00
25.76437,11.215,0.179,0.00
25.77457,12.774,0.182,0.00
25.79618,14.180,0.182,9.00
25.80651,15.384,0.177,9.00
25.81687,15.384,0.177,9.00
25.82765,16.436,0.170,9.00
25.83817,16.436,0.170,9.00
25.84833,17.360,0.167,9.00
25.86081,17.360,0.167,9.00
25.87100,17.360,0.167,9.00
25.88117,18.165,0.155,9.00
25.89133,18.754,0.147,9.00
25.90229,18.754,0.147,9.00
25.91254,19.013,0.143,9.00
25.92295,19.013,0.143,9.00
25.93310,18.959,0.143,9.00
25.94326,18.959,0.143,9.00
25.97081,18.311,0.127,9.00
25.98104,18.311,0.108,9.00
26.00582,16.816,0.039,9.00
26.01728,16.816,0.039,9.00
26.03552,15.645,-0.016,9.00
26.04569,15.645,-0.016,9.00
26.06708,14.339,-0.117,9.00
26.07954,12.852,-0.117,9.00
26.10033,11.136,-0.175,9.00
26.11055,9.313,-0.235,9.00
26.12073,9.313,-0.235,9.00
26.13197,7.435,-0.235,9.00
26.14226,5.523,-0.297,9.00
26.15274,5.523,-0.377,9.00
26.16294,5.523,-0.377,9.00
26.17315,3.758,-0.452,9.00
26.18334,3.758,-0.452,9.00
26.21092,0.575,-0.532,9.00
26.22112,0.575,-0.605,9.00
26.24450,-0.607,-0.676,9.00
26.25481,-1.310,-0.759,9.00
26.27534,-1.458,-0.759,9.00
26.28532,-0.827,-1.519,9.00
26.30751,0.079,-1.870,9.50
26.31767,0.079,-1.870,9.50
26.32785,1.064,-2.176,9.50
26.33885,1.064,-2.176,9.50
26.34922,1.064,-2.176,9.50
26.35940,1.923,-2.441,9.50
26.37089,1.923,-2.632,9.50
26.38135,2.184,-2.632,9.50
26.39151,1.691,-2.736,9.50
26.40501,1.091,-2.819,10.00
26.41539,1.091,-2.819,10.00
26.42571,0.699,-2.810,10.00
26.43587,0.699,-2.810,10.00
26.44603,0.699,-2.810,10.00
26.45627,0.328,-2.730,10.00
26.48694,-0.014,-2.654,10.50
26.49723,-0.014,-2.564,10.50
26.51480,-0.014,-2.564,11.50
26.52497,0.071,-2.472,11.50
26.54689,0.071,-2.457,12.50
26.55784,0.180,-2.457,12.50
26.57951,0.296,-2.461,13.50
26.58968,0.407,-2.421,13.50
26.61147,0.482,-2.419,15.00
26.62165,0.482,-2.379,15.00
26.63197,0.534,-2.379,15.00
26.64565,0.534,-2.379,17.00
26.65594,0.566,-2.331,17.00
26.66619,0.566,-2.331,17.00
26.67634,0.577,-2.305,18.50
26.68659,0.557,-2.246,18.50
26.69688,0.557,-2.246,18.50
26.70716,0.511,-2.260,20.50
26.71740,0.511,-2.260,20.50
26.72767,0.453,-2.232,20.50
26.75687,0.373,-2.248,22.50
26.76705,0.277,-2.274,22.50
26.78705,0.277,-2.274,24.50
26.79725,0.142,-2.331,24.50
26.81926,-0.006,-2.407,25.50
26.82967,-0.146,-2.442,25.50
26.83983,-0.146,-2.442,25.50
26.85100,-0.146,-2.488,26.50
26.86149,-0.281,-2.488,26.50
26.87185,-0.388,-2.493,26.50
26.88341,-0.388,-2.493,27.50
26.89448,-0.473,-2.531,27.50
26.90493,-0.473,-2.531,27.50
26.91596,-0.473,-2.581,28.00
26.92728,-0.578,-2.631,28.00
26.93755,-0.578,-2.631,28.00
26.96247,-0.578,-2.631,28.50
26.97320,-0.624,-3.050,28.50
26.99667,-0.641,-3.362,29.00
27.00702,-0.649,-3.703,29.00
27.02772,-0.649,-3.703,29.00
27.03790,-0.653,-4.075,29.00
27.05957,-0.664,-4.495,29.00
27.07030,-0.669,-4.857,29.00
27.09194,-0.674,-5.367,29.50
27.10219,-0.674,-5.886,29.50
27.11268,-0.662,-5.886,29.50
27.12347,-0.662,-5.886,29.50
27.13364,-0.642,-6.317,29.50
27.14398,-0.642,-6.317,29.50
27.15531,-0.642,-6.317,29.50
27.16548,-0.642,-6.317,29.50
27.17685,-0.611,-6.731,29.50
27.18840,-0.611,-7.069,29.50
27.19867,-0.524,-7.331,29.50
27.20895,-0.524,-7.506,29.50
27.21953,-0.467,-7.506,29.50
27.22998,-0.405,-7.555,29.50
27.24013,-0.348,-7.555,29.50
27.26797,-0.296,-7.282,29.50
27.27823,-0.296,-7.282,29.50
27.29864,-0.248,-6.933,29.50
27.30882,-0.248,-6.933,29.50
27.33062,-0.186,-6.453,29.50
27.34199,-0.127,-5.771,29.50
27.36363,-0.067,-4.986,29.50
27.37378,-0.067,-4.986,29.50
27.38397,-0.012,-4.986,29.50
27.39563,-0.012,-3.012,29.50
27.40695,0.029,-3.012,29.50
27.41721,0.085,-1.920,29.50
27.42747,0.130,-0.740,29.50
27.43763,0.130,-0.740,29.50
27.44779,0.161,0.599,29.50
27.45934,0.161,0.599,29.50
27.46968,0.186,1.885,29.50
27.48153,0.186,1.885,29.50
27.49168,0.207,3.147,29.50
27.50184,0.207,3.147,29.50
27.51218,0.234,4.395,29.50
27.53906,0.234,5.574,29.50
27.54936,0.256,6.693,29.50
27.57136,0.240,7.669,29.50
27.58168,0.240,7.669,29.50
27.60318,0.207,8.526,29.50
27.61355,0.169,9.445,29.50
27.63527,0.122,10.134,29.50
27.64562,0.076,10.735,29.50
27.66726,0.076,10.735,29.50
27.67754,0.031,11.294,29.50
27.68769,-0.009,11.766,29.50
27.69913,-0.009,11.766,29.50
27.70932,-0.042,12.264,29.50
27.71965,-0.042,12.264,29.50
27.73107,-0.079,12.264,29.50
27.74147,-0.118,12.740,29.50
27.75179,-0.118,13.188,29.50
27.76416,-0.161,13.555,29.50
27.77454,-0.161,13.555,29.50
27.78496,-0.201,13.713,29.50
27.81050,-0.201,13.713,29.50
27.82066,-0.241,13.916,29.50
27.84302,-0.283,14.141,29.50
27.85345,-0.319,14.141,29.50
27.87555,-0.356,14.195,29.50
27.88860,-0.356,14.195,29.50
27.90767,-0.385,14.171,29.50
27.91787,-0.410,14.138,29.50
27.92808,-0.433,13.978,29.50
27.93851,-0.433,13.978,0.00
27.94887,-0.447,13.820,0.00
27.95920,-0.447,13.820,0.00
27.96954,-0.468,13.820,0.00
27.98007,-0.468,13.739,0.00
27.99050,-0.468,13.739,0.00
28.00066,-0.493,13.563,0.00
28.01083,-0.519,13.525,0.00
28.02099,-0.519,13.525,0.00
28.03117,-0.550,13.354,0.00
28.04133,-0.550,13.354,0.00
28.05149,-0.518,13.266,0.00
28.06164,-0.518,13.152,0.00
28.07180,-0.451,13.152,0.00
28.08193,-0.451,13.152,0.00
28.09210,-0.451,13.152,0.00
28.10253,-0.383,12.965,0.00
28.11281,-0.233,12.965,0.00
28.12311,-0.233,12.965,0.00
28.13354,0.086,12.854,0.00
28.14412,0.086,12.814,0.00
28.15527,0.463,12.814,0.00
28.16544,0.463,12.739,0.00
28.17639,0.771,12.739,0.00
28.18655,0.771,12.739,0.00
28.19710,1.024,12.727,0.00
28.20727,1.206,12.738,0.00
28.21743,1.206,12.738,0.00
28.22759,1.206,12.671,0.00
28.23776,1.291,12.671,0.00
28.24809,1.297,12.732,0.00
28.25828,1.297,12.732,0.00
28.26843,1.275,12.730,0.00
28.27874,1.275,12.730,0.00
28.28893,1.238,12.745,0.00
28.29908,1.238,12.745,0.00
28.30924,1.150,12.787,0.00
28.31941,1.150,12.787,0.00
28.32961,1.024,12.729,0.00
28.34022,1.024,12.729,0.00
28.35040,0.886,12.788,0.00
28.36070,0.886,12.788,0.00
28.37085,0.745,12.752,0.00
28.38172,0.745,12.752,0.00
28.39186,0.580,12.803,0.00
28.40248,0.580,12.803,0.00
28.41265,0.410,12.817,0.00
28.42283,0.232,12.657,0.00
28.43310,0.232,12.657,0.00
28.44346,0.004,12.505,0.00
28.45378,0.004,12.505,0.00
28.46397,0.004,12.260,0.00
28.47436,-0.244,12.260,0.00
28.48455,-0.244,11.308,0.00
28.49487,-0.475,11.308,0.00
28.50534,-0.475,10.241,0.00
28.51550,-0.630,10.241,0.00
28.52566,-0.630,9.848,0.00
28.53582,-0.742,9.848,0.00
28.54598,-0.849,9.185,0.00
28.55647,-0.849,9.185,0.00
28.56663,-0.849,7.999,0.00
28.57736,-0.931,7.999,0.00
28.58752,-0.986,6.813,0.00
28.59788,-0.986,6.813,0.00
28.60829,-1.013,5.636,0.00
28.61864,-1.013,5.636,0.00
28.62880,-1.013,5.636,0.00
28.63931,-1.019,4.321,0.00
28.64946,-1.018,2.930,0.00
28.65968,-1.018,2.930,0.00
28.66994,-1.012,1.552,0.00
28.68032,-1.012,1.552,0.00
28.69048,-1.012,1.552,0.00
28.70064,-0.995,-0.042,0.00
28.71079,-0.995,-0.042,0.00
28.72097,-0.995,-0.042,0.00
28.73114,-0.953,-2.809,0.00
28.74134,-0.883,-2.809,0.00
28.75151,-0.788,-3.369,0.00
28.76166,-0.788,-3.369,0.00
28.77183,-0.691,-3.341,0.00
28.78198,-0.691,-2.430,0.00
28.79214,-0.608,-2.430,0.00
28.80236,-0.608,-2.430,0.00
28.81252,-0.537,-1.140,0.00
28.82269,-0.537,-1.140,0.00
28.83286,-0.480,-0.201,0.00
28.84303,-0.480,-0.201,0.00
28.85318,-0.443,0.286,0.00
28.86335,-0.443,0.286,0.00
28.87352,-0.418,-0.786,0.00
28.88395,-0.418,-0.786,0.00
28.89532,-0.420,-0.786,0.00
28.90557,-0.420,-1.102,0.00
28.91576,-0.452,-1.322,0.00
28.92603,-0.517,-1.523,0.00
28.93618,-0.517,-1.523,0.00
28.94634,-0.517,-1.523,0.00
28.95649,-0.615,-1.793,0.00
28.96669,-0.724,-2.162,0.00
28.97685,-0.724,-2.162,0.00
28.98703,-0.816,-2.474,0.00
28.99733,-0.816,-2.474,0.00
29.00759,-0.892,-2.588,0.00
29.01784,-0.892,-2.588,0.00
29.02817,-0.959,-2.576,0.00
29.03833,-0.959,-2.576,0.00
29.04847,-1.023,-2.534,0.00
29.05873,-1.023,-2.534,0.00
29.06890,-1.076,-2.538,0.00
29.07911,-1.076,-2.538,0.00
29.08932,-1.120,-2.470,0.00
29.09948,-1.120,-2.470,0.00
29.11082,-1.120,-2.470,0.00
29.12113,-1.153,-2.333,0.00
29.13129,-1.167,-2.203,0.00
29.14145,-1.167,-2.203,0.00
29.15161,-1.166,-2.112,0.00
29.16178,-1.166,-2.112,0.00
29.17194,-1.159,-2.009,0.00
29.18220,-1.159,-2.009,0.00
29.19236,-1.140,-1.865,0.00
29.20251,-1.140,-1.865,0.00
29.21267,-1.106,-1.695,0.00
29.22282,-1.106,-1.695,0.00
29.23302,-1.068,-1.518,0.00
29.24319,-1.068,-1.518,0.00
29.25336,-1.068,-1.518,0.00
29.26353,-1.022,-1.330,0.00
29.27373,-0.976,-1.117,0.00
29.28389,-0.976,-1.117,0.00
29.29415,-0.946,-0.842,0.00
29.30458,-0.933,-0.641,0.00
29.31581,-0.933,-0.641,0.00
29.32597,-0.933,-0.447,0.00
29.33616,-0.926,-0.447,0.00
29.34632,-0.932,-0.291,0.00
29.35647,-0.932,-0.291,0.00
29.36759,-0.953,-0.209,0.00
29.37796,-0.953,-0.209,0.00
29.38850,-0.953,-0.300,0.00
29.39887,-0.981,-0.300,0.00
29.40931,-0.981,-0.402,0.00
29.41986,-1.006,-0.402,0.00
29.43023,-1.033,-0.488,0.00
29.44416,-1.033,-0.488,0.00
29.45490,-1.033,-0.558,0.00
29.47633,-1.033,-0.626,0.00
29.49216,-1.076,-0.669,0.00
29.51456,-1.102,-0.729,0.00
29.52472,-1.108,-0.729,0.00
29.53620,-1.108,-0.764,0.00
29.55286,-1.108,-0.780,0.00
29.56857,-1.101,-0.780,0.00
29.59107,-1.096,-0.911,0.00
29.60238,-1.096,-0.911,0.00
29.61360,-1.090,-0.988,0.00
29.62974,-1.081,-1.048,0.00
29.65999,-1.075,-1.109,0.00
29.67099,-1.072,-1.164,0.00
29.69016,-1.073,-1.164,0.00
29.70737,-1.073,-1.213,0.00
29.71870,-1.073,-1.246,0.00
29.72916,-1.071,-1.246,0.00
29.75109,-1.069,-1.261,0.00
29.76304,-1.064,-1.234,0.00
29.77425,-1.064,-1.234,0.00
29.78460,-1.064,-1.181,0.00
29.79685,-1.058,-1.181,0.00
29.80807,-1.050,-1.181,0.00
29.81985,-1.050,-1.107,0.00
29.83685,-1.041,-1.030,0.00
29.84758,-1.041,-1.030,0.00
29.86305,-1.034,-1.030,0.00
29.87379,-1.034,-1.030,0.00
29.88451,-1.029,-1.030,0.00
29.89551,-1.029,-0.796,0.00
29.91169,-1.015,-0.726,0.00
29.92212,-1.015,-0.726,0.00
29.93241,-1.015,-0.663,0.00
29.94280,-1.000,-0.663,0.00
29.95320,-1.000,-0.602,0.00
29.96407,-1.000,-0.602,0.00
29.97423,-0.997,-0.550,0.00
29.98473,-0.994,-0.498,0.00
29.99630,-0.994,-0.498,0.00
30.00681,-0.994,-0.448,0.00
30.01849,-0.991,-0.448,0.00
30.03474,-0.988,-0.385,0.00
30.04590,-0.988,-0.385,0.00
30.05607,-0.987,-0.385,0.00
30.06835,-0.987,-0.331,0.00
30.07926,-0.987,-0.281,0.00
30.09055,-0.985,-0.233,0.00
30.10116,-0.985,-0.233,0.00
30.11215,-0.981,-0.186,0.00
30.12268,-0.981,-0.186,0.00
30.13341,-0.974,-0.142,0.00
30.14412,-0.974,-0.142,0.00
30.15523,-0.966,-0.106,0.00
30.16543,-0.966,-0.076,0.00
30.18167,-0.961,-0.076,0.00
30.19214,-0.961,-0.045,0.00
30.20246,-0.959,-0.045,0.00
30.21284,-0.959,-0.015,0.00
30.22323,-0.962,-0.015,0.00
30.23366,-0.962,0.007,0.00
30.24654,-0.970,0.031,0.00
30.25728,-0.970,0.031,0.00
30.26815,-0.970,0.052,0.00
30.27929,-0.977,0.052,0.00
30.29538,-0.980,0.072,0.00
30.30582,-0.980,0.072,0.00
30.31612,-0.984,0.090,0.00
30.32628,-0.989,0.090,0.00
30.33670,-0.989,0.108,0.00
30.34701,-0.995,0.108,0.00
30.35741,-0.995,0.115,0.00
30.36804,-0.995,0.115,0.00
30.37839,-0.995,0.114,0.00
30.38871,-1.008,0.114,0.00
30.40465,-1.015,0.086,0.00
30.41501,-1.015,0.086,0.00
30.43095,-1.022,0.071,0.00
30.47719,-1.037,0.071,0.00
30.53340,-1.058,-0.047,0.00
30.54403,-0.052,0.451,0.00
30.55469,-0.054,0.428,0.00
30.56504,-0.054,0.428,0.00
30.57534,-0.056,0.403,0.00
30.58559,-0.056,0.380,0.00
30.59603,-0.057,0.380,0.00
30.60657,-0.057,0.380,0.00
30.61686,-0.060,0.360,0.00
30.62726,-0.063,0.340,0.00
30.63742,-0.063,0.340,0.00
30.64784,-0.064,0.323,0.00
30.65844,-0.064,0.323,0.00
30.66859,-0.065,0.314,0.00
30.67880,-0.065,0.314,0.00
30.68896,-0.065,0.302,0.00
30.69977,-0.065,0.302,0.00
30.71016,-0.065,0.290,0.00
30.72048,-0.065,0.290,0.00
30.73066,-0.064,0.283,0.00
30.74104,-0.064,0.283,0.00
30.75120,-0.064,0.283,0.00
30.76138,-0.062,0.278,0.00
30.77154,-0.061,0.276,0.00
30.78176,-0.061,0.276,0.00
30.79200,-0.061,0.274,0.00
30.80230,-0.061,0.274,0.00
30.81245,-0.060,0.275,0.00
30.82326,-0.060,0.275,0.00
30.83364,-0.060,0.275,0.00
30.84415,-0.060,0.275,0.00
30.85446,-0.060,0.276,0.00
30.86463,-0.060,0.276,0.00
30.87479,-0.060,0.276,0.00
30.88495,-0.056,0.276,0.00
30.89509,-0.056,0.279,0.00
30.90540,-0.056,0.279,0.00
30.91557,-0.055,0.282,0.00
30.92582,-0.053,0.284,0.00
30.93598,-0.053,0.284,0.00
30.94622,-0.052,0.284,0.00
30.95639,-0.052,0.280,0.00
30.96656,-0.052,0.280,0.00
30.97672,-0.047,0.279,0.00
30.98688,-0.047,0.279,0.00
30.99705,-0.044,0.277,0.00
31.00721,-0.043,0.277,0.00
31.01737,-0.043,0.277,0.00
31.02754,-0.045,0.278,0.00
31.03881,-0.045,0.278,0.00
31.04897,-0.048,0.275,0.00
31.05967,-0.048,0.275,0.00
31.06983,-0.051,0.271,0.00
31.07999,-0.051,0.271,0.00
31.09095,-0.051,0.267,0.00
31.10190,-0.051,0.267,0.00
31.11207,-0.053,0.264,0.00
31.12237,-0.053,0.264,0.00
31.13272,-0.053,0.262,0.00
31.14313,-0.053,0.262,0.00
31.15334,-0.055,0.258,0.00
31.16356,-0.055,0.258,0.00
31.17371,-0.056,0.255,0.00
31.18391,-0.056,0.255,0.00
31.19415,-0.053,0.257,0.00
31.20436,-0.051,0.258,0.00
31.21499,-0.051,0.258,0.00
31.22579,-0.049,0.259,0.00
31.23621,-0.049,0.259,0.00
31.24653,-0.050,0.259,0.00
31.25683,-0.050,0.259,0.00
31.26719,-0.053,0.260,0.00
31.27756,-0.053,0.260,0.00
31.28770,-0.053,0.258,0.00
31.29786,-0.058,0.258,0.00
31.30830,-0.059,0.256,0.00
31.31866,-0.059,0.256,0.00
31.32887,-0.061,0.250,0.00
31.33920,-0.061,0.250,0.00
31.34980,-0.060,0.249,0.00
31.36011,-0.060,0.249,0.00
31.37029,-0.060,0.248,0.00
31.38045,-0.060,0.248,0.00
31.39079,-0.060,0.248,0.00
31.40095,-0.061,0.243,0.00
31.41107,-0.063,0.236,0.00
31.42124,-0.066,0.236,0.00
31.43140,-0.066,0.231,0.00
31.44176,-0.070,0.231,0.00
31.45181,-0.070,0.222,0.00
31.46246,-0.070,0.222,0.00
31.47279,-0.074,0.212,0.00
31.48296,-0.078,0.198,0.00
31.49342,-0.078,0.198,0.00
31.50412,-0.078,0.198,0.00
31.51434,-0.081,0.185,0.00
31.52458,-0.085,0.177,0.00
31.53496,-0.085,0.177,0.00
31.54552,-0.086,0.171,0.00
31.55569,-0.086,0.171,0.00
31.56616,-0.086,0.166,0.00
31.57667,-0.086,0.166,0.00
31.58686,-0.086,0.162,0.00
31.59702,-0.086,0.162,0.00
31.60762,-0.085,0.159,0.00
31.61777,-0.085,0.159,0.00
31.62793,-0.069,0.152,0.00
31.63854,-0.069,0.152,0.00
31.64862,-0.040,0.149,0.00
31.65878,-0.040,0.149,0.00
31.67067,-0.026,0.149,0.00
31.68083,-0.026,0.146,0.00
31.69099,-0.081,0.148,0.00
31.70119,-0.081,0.148,0.00
31.71129,-0.065,0.148,0.00
31.72181,-0.065,0.148,0.00
31.73195,-0.060,0.149,0.00
31.74217,-0.060,0.151,0.00
31.75252,-0.073,0.151,0.00
31.76269,-0.073,0.151,0.00
31.77284,-0.111,0.153,0.00
31.78303,-0.111,0.153,0.00
31.79320,-0.163,0.151,0.00
31.80347,-0.163,0.151,0.00
31.81386,-0.180,0.149,0.00
31.82401,-0.180,0.149,0.00
31.83422,-0.051,0.146,0.00
31.84438,0.358,0.145,0.00
31.85453,0.358,0.145,0.00
31.86470,1.048,0.145,0.00
31.87491,1.048,0.144,0.00
31.88524,2.047,0.144,0.00
31.89598,2.047,0.144,0.00
31.90633,3.242,0.144,0.00
31.91661,3.242,0.144,0.00
31.92700,4.567,0.144,0.00
31.93756,4.567,0.143,0.00
31.94776,5.875,0.143,0.00
31.95831,5.875,0.143,0.00
31.96847,7.214,0.144,0.00
31.97865,7.214,0.144,0.00
31.98980,8.543,0.148,0.00
31.99996,8.543,0.148,0.00
32.01019,8.543,0.148,0.00
32.02046,8.543,0.148,0.00
32.03065,9.888,0.148,0.00
32.05093,11.200,0.148,0.00
32.06170,12.411,0.148,0.00
32.08351,13.592,0.150,9.00
32.09378,14.552,0.148,9.00
32.10395,15.215,0.148,9.00
32.11590,15.215,0.147,9.00
32.12623,15.704,0.143,9.00
32.13652,15.704,0.143,9.00
32.14728,16.059,0.136,9.00
32.15762,16.059,0.136,9.00
32.16778,16.059,0.136,9.00
32.18042,16.179,0.134,9.00
32.19064,15.983,0.131,9.00
32.20123,15.983,0.131,9.00
32.22682,15.167,0.131,9.00
32.23714,15.167,0.120,9.00
32.25921,14.488,0.120,9.00
32.27040,13.575,0.150,9.00
32.29440,12.436,0.150,9.00
32.30457,11.171,0.134,9.00
32.32498,11.171,0.134,9.00
32.33537,9.745,0.105,9.00
32.34554,8.189,0.082,9.00
32.35571,8.189,0.082,9.00
32.36587,6.606,0.068,9.00
32.37614,6.606,0.068,9.00
32.38809,5.016,0.051,9.00
32.39928,5.016,0.051,9.00
32.40945,5.016,0.051,9.00
32.41960,3.568,0.029,9.00
32.42977,2.180,0.000,9.00
32.43993,2.180,0.000,9.00
32.46732,0.188,-0.070,9.00
32.47777,0.188,-0.070,9.00
32.49891,0.188,-0.070,9.00
32.50910,-0.085,-0.156,9.00
32.53230,0.208,-0.212,9.00
32.54298,0.715,-0.271,9.00
32.56352,0.715,-0.271,9.00
32.57379,1.155,-0.571,9.00
32.59699,1.502,-0.571,9.50
32.60741,1.609,-1.026,9.50
32.62750,1.357,-1.446,9.50
32.63781,1.357,-1.688,9.50
32.64797,1.357,-2.054,9.50
32.65900,0.956,-2.054,9.50
32.67031,0.956,-2.054,9.50
32.68125,0.956,-2.054,9.50
32.69140,0.303,-2.319,10.00
32.70222,0.303,-2.319,10.00
32.71247,0.108,-2.374,10.00
32.72277,0.108,-2.374,10.00
32.73293,0.051,-2.370,10.00
32.74308,0.051,-2.370,10.00
32.77250,0.192,-2.359,10.50
32.78265,0.296,-2.359,10.50
32.80408,0.296,-2.363,11.50
32.81427,0.367,-2.400,11.50
32.83441,0.367,-2.400,12.00
32.84459,0.490,-2.428,12.00
32.86685,0.549,-2.509,13.50
32.87729,0.549,-2.570,13.50
32.88771,0.588,-2.570,13.50
32.89892,0.588,-2.654,15.00
32.90926,0.618,-2.654,15.00
32.91947,0.618,-2.714,15.00
32.93075,0.618,-2.714,16.50
32.94092,0.617,-2.731,16.50
32.95119,0.617,-2.731,16.50
32.96260,0.599,-2.776,18.50
32.97279,0.565,-2.768,18.50
32.98302,0.565,-2.768,18.50
32.99318,0.487,-2.779,18.50
33.01058,0.487,-2.779,21.00
33.02078,0.361,-2.794,21.00
33.04336,0.147,-2.816,22.50
33.05372,0.147,-2.881,22.50
33.07518,0.147,-2.907,24.50
33.08549,0.074,-2.997,24.50
33.09583,0.020,-2.997,24.50
33.10852,-0.038,-3.039,26.00
33.12118,-0.038,-3.039,26.00
33.13969,-0.079,-3.078,27.00
33.14995,-0.112,-3.126,27.00
33.16015,-0.112,-3.126,27.00
33.17057,-0.144,-3.117,27.50
33.18088,-0.144,-3.117,27.50
33.19125,-0.159,-3.173,27.50
33.20329,-0.159,-3.173,28.00
33.21362,-0.167,-3.186,28.00
33.22398,-0.167,-3.186,28.00
33.23584,-0.157,-3.240,28.50
33.24590,-0.141,-3.240,28.50
33.25700,-0.141,-3.349,28.50
33.28233,-0.126,-3.470,29.00
33.29273,-0.101,-3.824,29.00
33.31542,-0.101,-3.824,29.00
33.32562,-0.061,-4.099,29.00
33.34746,-0.007,-4.534,29.00
33.35762,-0.007,-4.534,29.00
33.36782,-0.007,-4.534,29.00
33.38186,0.113,-4.534,29.50
33.39207,0.176,-5.834,29.50
33.41089,0.176,-5.834,29.50
33.42289,0.280,-6.289,29.50
33.43312,0.280,-6.803,29.50
33.44328,0.280,-6.803,29.50
33.45358,0.330,-7.372,29.50
33.46409,0.378,-7.881,29.50
33.47500,0.378,-7.881,29.50
33.48560,0.378,-7.881,29.50
33.49575,0.427,-8.363,29.50
33.50638,0.470,-8.782,29.50
33.51674,0.470,-8.782,29.50
33.52690,0.527,-8.782,29.50
33.53706,0.527,-9.128,29.50
33.55436,0.527,-9.128,29.50
33.56472,0.582,-9.389,29.50
33.58694,0.649,-9.507,29.50
33.59714,0.696,-9.507,29.50
33.61871,0.696,-9.215,29.50
33.62904,0.809,-8.780,29.50
33.63943,0.809,-8.780,29.50
33.65441,0.881,-8.780,29.50
33.66457,0.881,-7.337,29.50
33.68363,1.039,-6.405,29.50
33.69455,1.039,-6.405,29.50
33.70471,1.112,-5.274,29.50
33.71492,1.112,-5.274,29.50
33.72523,1.177,-5.274,29.50
33.73545,1.177,-4.067,29.50
33.74760,1.177,-4.067,29.50
33.75778,1.220,-2.805,29.50
33.76793,1.244,-1.342,29.50
33.77933,1.244,-1.342,29.50
33.78958,1.246,-1.342,29.50
33.79996,1.246,-0.081,29.50
33.81231,1.233,1.187,29.50
33.82266,1.233,1.187,29.50
33.83283,1.210,2.385,29.50
33.85848,1.210,2.385,29.50
33.86867,1.120,4.752,29.50
33.89122,1.070,5.757,29.50
33.90150,1.070,5.757,29.50
33.91166,1.022,6.712,29.50
33.92328,1.022,6.712,29.50
33.93345,0.966,7.576,29.50
33.94369,0.966,7.576,29.50
33.95514,0.907,8.366,29.50
33.96532,0.907,8.981,29.50
33.97566,0.849,8.981,29.50
33.98704,0.795,8.981,29.50
33.99736,0.795,9.479,29.50
34.00992,0.795,9.479,29.50
34.02019,0.738,9.843,29.50
34.03048,0.678,10.103,29.50
34.04108,0.618,10.450,29.50
34.05122,0.618,10.450,29.50
34.06152,0.618,10.450,29.50
34.07168,0.560,10.638,29.50
34.09883,0.560,10.638,29.50
34.10940,0.443,11.033,29.50
34.13090,0.443,11.033,29.50
34.14118,0.383,11.025,29.50
34.16414,0.320,10.930,29.50
34.17454,0.262,10.930,29.50
34.19881,0.262,10.812,29.50
34.20898,0.152,10.674,29.50
34.22671,0.152,10.674,29.50
34.23704,0.105,10.467,29.50
34.24721,0.056,10.386,29.50
34.25737,0.056,10.386,0.00
34.26759,0.010,10.181,0.00
34.27784,0.010,10.181,0.00
34.28795,-0.035,10.057,0.00
34.29812,-0.035,10.057,0.00
34.30827,-0.082,9.915,0.00
34.31851,-0.082,9.915,0.00
34.32866,-0.123,9.701,0.00
34.34006,-0.123,9.701,0.00
34.35022,-0.175,9.635,0.00
34.36038,-0.175,9.635,0.00
34.37054,-0.205,9.469,0.00
34.38173,-0.205,9.469,0.00
34.39189,-0.193,9.452,0.00
34.40274,-0.193,9.452,0.00
34.41289,-0.176,9.389,0.00
34.42340,-0.176,9.323,0.00
34.43356,-0.124,9.323,0.00
34.44402,-0.006,9.288,0.00
34.45447,-0.006,9.288,0.00
34.46480,-0.006,9.191,0.00
34.47545,0.168,9.191,0.00
34.48570,0.168,9.220,0.00
34.49660,0.316,9.220,0.00
34.50677,0.420,9.118,0.00
34.51715,0.420,9.118,0.00
34.52732,0.520,9.133,0.00
34.53826,0.520,9.133,0.00
34.54845,0.601,9.243,0.00
34.55861,0.601,9.243,0.00
34.56886,0.601,9.243,0.00
34.58016,0.661,9.165,0.00
34.59055,0.730,9.132,0.00
34.60222,0.730,9.132,0.00
34.61260,0.803,9.102,0.00
34.62276,0.803,9.013,0.00
34.63290,0.860,9.013,0.00
34.64306,0.860,9.013,0.00
34.65321,0.860,9.013,0.00
34.66338,0.904,9.038,0.00
34.67355,0.948,8.914,0.00
34.68371,0.948,8.914,0.00
34.69387,0.989,8.944,0.00
34.70404,1.024,8.944,0.00
34.71422,1.024,8.818,0.00
34.72447,1.024,8.818,0.00
34.73464,1.026,8.726,0.00
34.74480,1.026,8.726,0.00
34.75502,0.942,8.672,0.00
34.76528,0.744,8.452,0.00
34.77545,0.744,8.452,0.00
34.78575,0.541,8.310,0.00
34.79607,0.541,8.310,0.00
34.80644,0.383,7.983,0.00
34.81662,0.383,7.983,0.00
34.82679,0.270,7.060,0.00
34.83695,0.270,7.060,0.00
34.84717,0.270,7.060,0.00
34.85818,0.164,5.853,0.00
34.86834,0.080,5.411,0.00
34.87849,0.080,5.411,0.00
34.88865,0.034,5.411,0.00
34.89887,0.034,4.853,0.00
34.90903,0.015,3.826,0.00
34.91928,0.015,3.826,0.00
34.92935,0.015,2.847,0.00
34.93951,0.015,2.847,0.00
34.94967,0.020,1.817,0.00
34.95986,0.020,1.817,0.00
34.97002,0.027,0.935,0.00
34.98034,0.027,0.935,0.00
34.99050,0.036,0.030,0.00
35.00066,0.036,0.030,0.00
35.01081,0.057,-1.019,0.00
35.02168,0.057,-1.019,0.00
35.03183,0.097,-2.008,0.00
35.04198,0.097,-2.008,0.00
35.05214,0.161,-2.845,0.00
35.06231,0.161,-2.845,0.00
35.07247,0.243,-3.217,0.00
35.08278,0.243,-3.217,0.00
35.09318,0.332,-3.250,0.00
35.10334,0.332,-2.978,0.00
35.11351,0.416,-2.978,0.00
35.12367,0.416,-2.010,0.00
35.13401,0.491,-2.010,0.00
35.14417,0.491,-2.010,0.00
35.15435,0.551,-0.637,0.00
35.16451,0.551,-0.637,0.00
35.17467,0.596,0.541,0.00
35.18484,0.596,0.541,0.00
35.19500,0.628,0.785,0.00
35.20516,0.634,-0.291,0.00
35.21533,0.634,-0.291,0.00
35.22549,0.600,-0.291,0.00
35.23587,0.600,-0.683,0.00
35.24639,0.543,-0.683,0.00
35.25655,0.543,-1.044,0.00
35.26680,0.543,-1.044,0.00
35.27701,0.482,-1.401,0.00
35.28718,0.482,-1.401,0.00
35.29745,0.417,-1.726,0.00
35.30762,0.347,-2.072,0.00
35.31779,0.347,-2.072,0.00
35.32805,0.286,-2.294,0.00
35.33832,0.286,-2.294,0.00
35.34851,0.243,-2.269,0.00
35.35878,0.243,-2.269,0.00
35.36895,0.223,-2.101,0.00
35.37913,0.223,-2.101,0.00
35.38933,0.223,-2.101,0.00
35.39985,0.213,-1.922,0.00
35.41036,0.204,-1.848,0.00
35.42062,0.204,-1.848,0.00
35.43081,0.198,-1.712,0.00
35.44106,0.198,-1.712,0.00
35.45130,0.193,-1.522,0.00
35.46145,0.198,-1.522,0.00
35.47160,0.198,-1.340,0.00
35.48178,0.198,-1.340,0.00
35.49207,0.208,-1.171,0.00
35.50228,0.208,-1.171,0.00
35.51244,0.225,-1.005,0.00
35.52261,0.225,-1.005,0.00
35.53276,0.254,-0.824,0.00
35.54291,0.254,-0.824,0.00
35.55315,0.291,-0.661,0.00
35.56342,0.291,-0.661,0.00
35.57358,0.320,-0.419,0.00
35.58373,0.343,-0.419,0.00
35.59403,0.343,-0.172,0.00
35.60435,0.361,0.129,0.00
35.61468,0.361,0.129,0.00
35.62487,0.361,0.363,0.00
35.63513,0.374,0.363,0.00
35.64528,0.374,0.363,0.00
35.65544,0.381,0.534,0.00
35.66561,0.381,0.534,0.00
35.67577,0.377,0.505,0.00
35.68594,0.363,0.505,0.00
35.69610,0.363,0.379,0.00
35.70628,0.334,0.379,0.00
35.71649,0.334,0.260,0.00
35.72668,0.296,0.148,0.00
35.73691,0.296,0.148,0.00
35.74708,0.296,0.148,0.00
35.75980,0.260,0.065,0.00
35.77051,0.233,0.013,0.00
35.78121,0.233,0.013,0.00
35.79692,0.233,-0.027,0.00
35.80751,0.233,-0.048,0.00
35.82114,0.188,-0.048,0.00
35.83734,0.172,-0.027,0.00
35.84751,0.172,0.014,0.00
35.85975,0.163,0.014,0.00
35.87569,0.157,0.024,0.00
35.88740,0.157,0.023,0.00
35.90362,0.157,0.023,0.00
35.91383,0.157,0.029,0.00
35.92422,0.155,0.030,0.00
35.93444,0.160,0.030,0.00
35.94580,0.167,0.035,0.00
35.95686,0.167,0.035,0.00
35.97260,0.167,0.048,0.00
35.99207,0.179,0.048,0.00
36.00405,0.179,0.064,0.00
36.01449,0.178,0.076,0.00
36.02465,0.178,0.083,0.00
36.03510,0.173,0.083,0.00
36.04537,0.173,0.083,0.00
36.06195,0.168,0.091,0.00
36.07824,0.154,0.099,0.00
36.09403,0.135,0.106,0.00
36.11029,0.135,0.106,0.00
36.12635,0.114,0.089,0.00
36.13672,0.093,0.089,0.00
36.16357,0.067,-0.004,0.00
36.18455,0.059,-0.064,0.00
36.19498,0.059,-0.064,0.00
36.21146,0.059,-0.064,0.00
36.22925,0.053,-0.128,0.00
36.24122,0.046,-0.176,0.00
36.25655,0.040,-0.176,0.00
36.27352,0.038,-0.219,0.00
36.28671,0.038,-0.252,0.00
36.30105,0.037,-0.274,0.00
36.31195,0.040,-0.274,0.00
36.32297,0.045,-0.301,0.00
36.33399,0.045,-0.301,0.00
36.34943,0.047,-0.313,0.00
36.36261,0.047,-0.313,0.00
36.37423,0.045,-0.322,0.00
36.38812,0.045,-0.326,0.00
36.40069,0.040,-0.326,0.00
36.41710,0.032,-0.325,0.00
36.42751,0.032,-0.319,0.00
36.43769,0.022,-0.319,0.00
36.45101,0.022,-0.319,0.00
36.46289,0.014,-0.301,0.00
36.48065,0.007,-0.287,0.00
36.49393,0.002,-0.276,0.00
36.50689,0.002,-0.276,0.00
36.51915,-0.003,-0.268,0.00
36.53246,-0.003,-0.268,0.00
36.54340,-0.008,-0.265,0.00
36.55381,-0.012,-0.265,0.00
36.56450,-0.012,-0.265,0.00
36.58655,-0.015,-0.267,0.00
36.60740,-0.017,-0.272,0.00
36.62421,-0.017,-0.280,0.00
36.63451,-0.017,-0.280,0.00
36.64658,-0.018,-0.280,0.00
36.65758,-0.018,-0.280,0.00
36.66805,-0.018,-0.279,0.00
36.67896,-0.016,-0.279,0.00
36.69501,-0.013,-0.279,0.00
36.71133,-0.012,-0.264,0.00
36.72334,-0.012,-0.264,0.00
36.74268,-0.012,-0.252,0.00
36.80703,-0.016,-0.190,0.00
36.86873,-0.031,-0.190,0.00
36.87917,-0.031,-0.141,0.00
36.88934,-0.099,-0.092,0.00
36.89951,-0.099,-0.082,0.00
36.90993,-0.097,-0.080,0.00
36.92008,-0.097,-0.080,0.00
36.93024,-0.097,-0.080,0.00
36.94134,-0.095,-0.083,0.00
36.95154,-0.092,-0.088,0.00
36.96171,-0.092,-0.088,0.00
36.97187,-0.091,-0.093,0.00
36.98232,-0.091,-0.093,0.00
36.99221,-0.089,-0.099,0.00
37.00242,-0.089,-0.099,0.00
37.01255,-0.087,-0.108,0.00
37.02341,-0.087,-0.108,0.00
37.03357,-0.087,-0.110,0.00
37.04420,-0.087,-0.110,0.00
37.05445,-0.085,-0.112,0.00
37.06466,-0.086,-0.113,0.00
37.07498,-0.086,-0.113,0.00
37.08514,-0.087,-0.114,0.00
37.09564,-0.087,-0.114,0.00
37.10578,-0.088,-0.112,0.00
37.11641,-0.088,-0.112,0.00
37.12679,-0.088,-0.112,0.00
37.13709,-0.090,-0.112,0.00
37.14724,-0.092,-0.105,0.00
37.15757,-0.092,-0.105,0.00
37.16774,-0.095,-0.098,0.00
37.17794,-0.095,-0.098,0.00
37.18820,-0.098,-0.096,0.00
37.19958,-0.098,-0.096,0.00
37.20975,-0.101,-0.089,0.00
37.22067,-0.101,-0.089,0.00
37.23084,-0.106,-0.082,0.00
37.24101,-0.106,-0.082,0.00
37.25119,-0.110,-0.079,0.00
37.26136,-0.110,-0.079,0.00
37.27152,-0.113,-0.080,0.00
37.28189,-0.113,-0.080,0.00
37.29206,-0.114,-0.084,0.00
37.30222,-0.114,-0.084,0.00
37.31237,-0.114,-0.084,0.00
37.32252,-0.117,-0.086,0.00
37.33274,-0.117,-0.086,0.00
37.34453,-0.120,-0.091,0.00
37.35471,-0.125,-0.095,0.00
37.36487,-0.129,-0.096,0.00
37.37509,-0.129,-0.096,0.00
37.38526,-0.134,-0.098,0.00
37.39542,-0.134,-0.098,0.00
37.40596,-0.138,-0.098,0.00
37.41612,-0.138,-0.102,0.00
37.42629,-0.138,-0.102,0.00
37.43657,-0.142,-0.107,0.00
37.44676,-0.142,-0.107,0.00
37.45692,-0.146,-0.112,0.00
37.46708,-0.153,-0.118,0.00
37.47728,-0.153,-0.118,0.00
37.48762,-0.159,-0.116,0.00
37.49779,-0.159,-0.116,0.00
37.50819,-0.159,-0.116,0.00
37.51935,-0.160,-0.116,0.00
37.52960,-0.164,-0.116,0.00
37.53990,-0.164,-0.116,0.00
37.55015,-0.170,-0.116,0.00
37.56039,-0.170,-0.116,0.00
37.57054,-0.176,-0.118,0.00
37.58069,-0.176,-0.118,0.00
37.59112,-0.181,-0.119,0.00
37.60155,-0.181,-0.119,0.00
37.61186,-0.185,-0.119,0.00
37.62203,-0.185,-0.122,0.00
37.63216,-0.187,-0.125,0.00
37.64233,-0.187,-0.125,0.00
37.65248,-0.189,-0.126,0.00
37.66266,-0.189,-0.126,0.00
37.67293,-0.190,-0.125,0.00
37.68335,-0.195,-0.120,0.00
37.69352,-0.195,-0.120,0.00
37.70369,-0.198,-0.120,0.00
37.71386,-0.198,-0.114,0.00
37.72402,-0.198,-0.114,0.00
37.73434,-0.198,-0.105,0.00
37.74449,-0.198,-0.097,0.00
37.75465,-0.200,-0.097,0.00
37.76586,-0.200,-0.087,0.00
37.77603,-0.202,-0.087,0.00
37.78622,-0.202,-0.078,0.00
37.79639,-0.204,-0.078,0.00
37.80655,-0.207,-0.067,0.00
37.81677,-0.207,-0.067,0.00
37.82694,-0.211,-0.055,0.00
37.83711,-0.211,-0.055,0.00
37.84744,-0.211,-0.055,0.00
37.85761,-0.212,-0.051,0.00
37.86776,-0.213,-0.043,0.00
37.87795,-0.213,-0.043,0.00
37.88814,-0.212,-0.037,0.00
37.89833,-0.212,-0.037,0.00
37.90848,-0.212,-0.032,0.00
37.91864,-0.212,-0.032,0.00
37.92879,-0.212,-0.024,0.00
37.93895,-0.212,-0.024,0.00
37.94922,-0.212,-0.016,0.00
37.95938,-0.212,-0.016,0.00
37.96974,-0.212,-0.009,0.00
37.97990,-0.213,-0.009,0.00
37.99018,-0.215,-0.003,0.00
38.00034,-0.215,-0.003,0.00
38.01068,-0.221,0.003,0.00
38.02104,-0.221,0.010,0.00
38.03120,-0.241,0.010,0.00
38.04139,-0.241,0.010,0.00
38.05155,-0.258,0.013,0.00
38.06171,-0.258,0.013,0.00
38.07188,-0.311,0.016,0.00
38.08229,-0.415,0.016,0.00
38.09252,-0.415,0.022,0.00
38.10302,-0.415,0.022,0.00
38.11319,-0.493,0.027,0.00
38.12336,-0.493,0.027,0.00
38.13352,-0.553,0.031,0.00
38.14368,-0.554,0.036,0.00
38.15392,-0.554,0.036,0.00
38.16407,-0.371,0.040,0.00
38.17429,-0.371,0.040,0.00
38.18444,0.090,0.040,0.00
38.19466,0.090,0.040,0.00
38.20668,0.090,0.040,0.00
38.21692,0.935,0.042,0.00
38.22714,0.935,0.042,0.00
38.23730,1.999,0.045,0.00
38.24747,3.371,0.047,0.00
38.25771,3.371,0.047,0.00
38.26810,4.964,0.046,0.00
38.27855,4.964,0.046,0.00
38.28893,6.655,0.044,0.00
38.29925,6.655,0.044,0.00
38.30957,8.504,0.039,0.00
38.31989,8.504,0.039,0.00
38.33014,10.459,0.032,0.00
38.34028,10.459,0.032,0.00
38.35039,12.230,0.024,0.00
38.36251,12.230,0.024,0.00
38.37267,14.290,0.017,9.00
38.38282,16.342,0.008,9.00
38.39304,16.342,0.008,9.00
38.40320,16.342,0.008,9.00
38.41726,16.342,0.008,9.00
38.42870,18.296,0.003,9.00
38.45112,21.707,-0.011,9.00
38.46129,21.707,-0.011,9.00
38.48334,21.707,-0.019,9.00
38.49352,24.516,-0.020,9.00
38.51528,25.749,-0.020,9.00
38.52567,26.623,-0.028,9.00
38.54834,27.024,-0.024,9.00
38.55857,27.024,-0.024,9.00
38.58076,26.977,-0.019,9.00
38.59094,26.577,-0.015,9.00
38.60109,26.577,-0.015,9.00
38.61125,25.855,-0.019,9.00
38.62157,25.855,-0.019,9.00
38.63198,24.797,-0.020,9.00
38.64459,23.502,-0.019,9.00
38.65497,23.502,-0.019,9.00
38.66888,23.502,-0.019,9.00
38.67917,22.025,-0.028,9.00
38.68961,20.386,-0.046,9.00
38.69978,20.386,-0.046,9.00
38.72433,18.520,-0.083,9.00
38.73462,16.447,-0.121,9.00
38.75433,16.447,-0.121,9.00
38.76452,14.411,-0.160,9.00
38.78754,12.399,-0.263,9.00
38.79771,10.199,-0.263,9.00
38.81977,8.016,-0.322,9.00
38.83055,6.009,-0.386,9.00
38.84084,6.009,-0.386,9.00
38.85097,4.101,-0.386,9.00
38.86113,4.101,-0.480,9.00
38.87131,2.478,-0.480,9.00
38.88258,2.478,-0.959,9.00
38.89277,1.287,-1.443,9.00
38.90293,1.287,-1.443,9.00
38.91496,0.573,-1.770,9.50
38.92510,0.300,-2.075,9.50
38.93542,0.300,-2.075,9.50
38.94702,0.300,-2.075,9.50
38.95722,0.580,-2.414,9.50
38.96738,1.132,-2.588,9.50
38.99525,1.701,-2.588,10.00
39.00566,1.701,-2.650,10.00
39.02830,2.849,-2.687,10.00
39.03848,2.849,-2.687,10.00
39.05942,2.827,-2.662,10.50
39.06971,2.566,-2.632,10.50
39.09092,2.566,-2.569,11.50
39.10136,2.303,-2.534,11.50
39.11175,2.074,-2.534,11.50
39.12408,2.074,-2.534,12.00
39.13428,1.827,-2.480,12.00
39.14458,1.827,-2.480,12.00
39.15557,1.827,-2.480,13.50
39.16708,1.827,-2.480,13.50
39.17733,1.443,-2.457,13.50
39.18749,1.315,-2.411,15.00
39.19765,1.315,-2.411,15.00
39.20781,1.249,-2.402,15.00
39.21894,1.249,-2.402,16.50
39.22916,1.242,-2.402,16.50
39.23932,1.242,-2.402,16.50
39.26677,1.242,-2.404,18.50
39.27696,1.263,-2.404,18.50
39.30196,1.251,-2.449,20.50
39.31234,1.251,-2.449,20.50
39.33136,1.184,-2.449,22.50
39.34154,1.184,-2.435,22.50
39.36324,0.995,-2.442,24.00
39.37357,0.995,-2.442,24.00
39.38416,0.872,-2.442,24.00
39.39492,0.872,-2.462,25.50
39.40661,0.872,-2.462,25.50
39.41755,0.745,-2.554,25.50
39.42806,0.628,-2.635,26.50
39.43918,0.628,-2.635,26.50
39.44935,0.628,-2.635,26.50
39.46065,0.531,-2.784,27.50
39.47306,0.444,-2.904,27.50
39.48323,0.444,-2.904,27.50
39.49339,0.444,-2.904,28.00
39.50353,0.300,-3.162,28.00
39.51369,0.300,-3.162,28.00
39.53848,0.235,-3.162,28.50
39.54866,0.207,-3.407,28.50
39.57034,0.207,-3.407,29.00
39.58051,0.197,-3.500,29.00
39.60235,0.193,-3.765,29.00
39.61254,0.196,-4.085,29.00
39.62274,0.196,-4.085,29.00
39.63516,0.201,-4.377,29.00
39.64532,0.201,-4.770,29.00
39.65570,0.209,-4.770,29.00
39.66664,0.209,-4.770,29.50
39.67682,0.209,-5.074,29.50
39.68697,0.209,-5.074,29.50
39.69915,0.215,-5.491,29.50
39.70934,0.215,-5.886,29.50
39.71962,0.240,-5.886,29.50
39.73124,0.255,-6.322,29.50
39.74146,0.255,-6.322,29.50
39.75182,0.275,-6.795,29.50
39.76311,0.278,-7.305,29.50
39.77348,0.278,-7.305,29.50
39.78393,0.278,-7.305,29.50
39.81039,0.278,-7.305,29.50
39.82083,0.267,-8.264,29.50
39.84317,0.267,-8.720,29.50
39.85337,0.285,-9.131,29.50
39.87517,0.315,-9.451,29.50
39.88535,0.364,-9.679,29.50
39.90711,0.425,-9.798,29.50
39.91737,0.425,-9.798,29.50
39.93928,0.492,-9.768,29.50
39.94947,0.492,-9.768,29.50
39.95963,0.555,-9.646,29.50
39.97098,0.555,-9.646,29.50
39.98130,0.607,-9.369,29.50
39.99169,0.658,-8.962,29.50
40.00380,0.658,-8.962,29.50
40.01424,0.701,-8.455,29.50
40.02439,0.729,-7.744,29.50
40.03457,0.729,-7.744,29.50
40.04491,0.729,-7.744,29.50
40.05508,0.751,-6.975,29.50
40.06748,0.751,-6.975,29.50
40.07787,0.760,-6.071,29.50
40.08802,0.762,-5.030,29.50
40.09884,0.762,-5.030,29.50
40.10900,0.762,-4.088,29.50
40.11927,0.761,-4.088,29.50
40.14682,0.735,-2.066,29.50
40.15717,0.706,-2.066,29.50
40.17855,0.706,-2.066,29.50
40.18872,0.663,0.031,29.50
40.21084,0.663,0.031,29.50
40.22136,0.663,0.031,29.50
40.23179,0.634,1.010,29.50
40.24620,0.634,1.010,29.50
40.25643,0.617,1.887,29.50
40.27525,0.597,2.731,29.50
40.28537,0.577,2.731,29.50
40.29580,0.577,3.471,29.50
40.30676,0.555,4.085,29.50
40.31760,0.555,4.085,29.50
40.32780,0.528,4.585,29.50
40.35569,0.528,5.049,29.50
40.36597,0.458,5.394,29.50
40.38639,0.458,5.394,29.50
40.39656,0.420,5.905,29.50
40.40672,0.420,5.905,29.50
40.41923,0.420,6.223,29.50
40.43094,0.342,6.607,29.50
40.45038,0.342,6.867,29.50
40.46055,0.300,6.867,29.50
40.47071,0.261,6.958,29.50
40.48331,0.261,7.043,29.50
40.49372,0.224,7.043,29.50
40.50448,0.224,7.043,29.50
40.51534,0.189,7.021,29.50
40.52549,0.162,7.043,29.50
40.53596,0.162,7.043,29.50
40.54649,0.126,7.067,0.00
40.55729,0.126,7.067,0.00
40.56747,0.126,6.976,0.00
40.57787,0.092,6.976,0.00
40.58790,0.053,6.963,0.00
40.59820,0.053,6.963,0.00
40.60836,0.053,6.963,0.00
40.61852,0.023,6.863,0.00
40.62907,-0.010,6.774,0.00
40.63934,-0.010,6.774,0.00
40.64951,-0.023,6.648,0.00
40.65987,-0.023,6.648,0.00
40.66995,0.032,6.498,0.00
40.68020,0.032,6.498,0.00
40.69036,0.094,6.520,0.00
40.70051,0.094,6.520,0.00
40.71076,0.134,6.391,0.00
40.72091,0.240,6.391,0.00
40.73107,0.240,6.333,0.00
40.74177,0.462,6.333,0.00
40.75193,0.462,6.327,0.00
40.76216,0.462,6.327,0.00
40.77231,0.700,6.258,0.00
40.78248,0.700,6.258,0.00
40.79275,0.833,6.293,0.00
40.80337,0.833,6.293,0.00
40.81353,0.883,6.206,0.00
40.82389,0.883,6.202,0.00
40.83439,0.893,6.202,0.00
40.84455,0.842,6.202,0.00
40.85470,0.842,6.167,0.00
40.86492,0.842,6.167,0.00
40.87509,0.748,6.190,0.00
40.88530,0.748,6.190,0.00
40.89547,0.668,6.293,0.00
40.90584,0.612,6.291,0.00
40.91601,0.612,6.291,0.00
40.92682,0.556,6.418,0.00
40.93704,0.556,6.418,0.00
40.94751,0.498,6.343,0.00
40.95786,0.498,6.343,0.00
40.96863,0.498,6.343,0.00
40.97880,0.468,6.414,0.00
40.98901,0.468,6.414,0.00
40.99916,0.456,6.428,0.00
41.00933,0.451,6.454,0.00
41.01950,0.451,6.454,0.00
41.02966,0.415,6.506,0.00
41.03983,0.415,6.506,0.00
41.04998,0.311,6.421,0.00
41.06054,0.311,6.421,0.00
41.07070,0.176,6.479,0.00
41.08084,0.057,6.286,0.00
41.09120,0.057,6.286,0.00
41.10144,0.057,6.286,0.00
41.11198,-0.014,6.221,0.00
41.12227,-0.014,6.221,0.00
41.13255,-0.047,5.831,0.00
41.14289,-0.047,4.828,0.00
41.15321,-0.075,4.828,0.00
41.16340,-0.075,4.828,0.00
41.17361,-0.091,3.927,0.00
41.18377,-0.091,3.927,0.00
41.19393,-0.091,3.927,0.00
41.20409,-0.091,3.445,0.00
41.21429,-0.080,2.921,0.00
41.22445,-0.080,2.921,0.00
41.23461,-0.050,2.118,0.00
41.24477,-0.009,0.976,0.00
41.25522,-0.009,0.976,0.00
41.26538,0.038,0.035,0.00
41.27568,0.038,0.035,0.00
41.28584,0.094,-0.953,0.00
41.29601,0.094,-0.953,0.00
41.30618,0.163,-2.121,0.00
41.31657,0.163,-2.121,0.00
41.32672,0.255,-3.379,0.00
41.33689,0.255,-3.379,0.00
41.34706,0.368,-4.423,0.00
41.35722,0.368,-4.423,0.00
41.36739,0.488,-5.099,0.00
41.37759,0.488,-5.099,0.00
41.38775,0.609,-5.242,0.00
41.39791,0.609,-5.242,0.00
41.40808,0.716,-4.732,0.00
41.41825,0.716,-4.732,0.00
41.42843,0.716,-4.732,0.00
41.43861,0.784,-3.807,0.00
41.44894,0.810,-3.807,0.00
41.45915,0.810,-2.449,0.00
41.46976,0.791,-0.947,0.00
41.48001,0.791,-0.947,0.00
41.49017,0.728,0.524,0.00
41.50055,0.728,0.524,0.00
41.51107,0.648,0.211,0.00
41.52123,0.648,0.211,0.00
41.53139,0.574,-0.411,0.00
41.54164,0.574,-0.411,0.00
41.55171,0.531,-1.023,0.00
41.56221,0.531,-1.023,0.00
41.57209,0.511,-1.442,0.00
41.58224,0.511,-1.442,0.00
41.59238,0.501,-2.029,0.00
41.60316,0.501,-2.029,0.00
41.61324,0.488,-2.529,0.00
41.62397,0.488,-2.529,0.00
41.63444,0.473,-2.985,0.00
41.64491,0.469,-2.985,0.00
41.65557,0.469,-3.131,0.00
41.66573,0.480,-3.131,0.00
41.67606,0.480,-3.072,0.00
41.68649,0.496,-3.072,0.00
41.69682,0.496,-2.925,0.00
41.70780,0.509,-2.925,0.00
41.71822,0.509,-2.801,0.00
41.72839,0.512,-2.647,0.00
41.73895,0.512,-2.647,0.00
41.74911,0.513,-2.406,0.00
41.75961,0.513,-2.406,0.00
41.77041,0.513,-2.124,0.00
41.78063,0.513,-2.124,0.00
41.79079,0.508,-1.873,0.00
41.80097,0.508,-1.873,0.00
41.81114,0.508,-1.660,0.00
41.82141,0.493,-1.660,0.00
41.83160,0.474,-1.462,0.00
41.84187,0.474,-1.462,0.00
41.85204,0.457,-1.261,0.00
41.86223,0.457,-1.261,0.00
41.87239,0.447,-1.043,0.00
41.88275,0.447,-1.043,0.00
41.89290,0.433,-0.781,0.00
41.90306,0.433,-0.781,0.00
41.91323,0.426,-0.520,0.00
41.92339,0.419,-0.277,0.00
41.93356,0.419,-0.277,0.00
41.94416,0.419,-0.080,0.00
41.95432,0.409,-0.080,0.00
41.96449,0.409,-0.080,0.00
41.97464,0.398,0.053,0.00
41.98481,0.398,0.053,0.00
41.99506,0.386,0.017,0.00
42.00625,0.372,-0.060,0.00
42.01640,0.372,-0.060,0.00
42.02656,0.358,-0.060,0.00
42.03672,0.358,-0.145,0.00
42.04689,0.340,-0.145,0.00
42.06487,0.340,-0.221,0.00
42.08408,0.319,-0.221,0.00
42.09874,0.294,-0.221,0.00
42.11002,0.266,-0.274,0.00
42.12190,0.239,-0.274,0.00
42.13218,0.239,-0.283,0.00
42.14769,0.239,-0.283,0.00
42.16478,0.219,-0.249,0.00
42.18146,0.203,-0.207,0.00
42.19760,0.192,-0.181,0.00
42.20991,0.192,-0.173,0.00
42.22017,0.180,-0.173,0.00
42.24652,0.167,-0.159,0.00
42.26283,0.137,-0.139,0.00
42.27398,0.137,-0.109,0.00
42.30422,0.137,-0.077,0.00
42.32001,0.114,-0.055,0.00
42.33262,0.114,-0.040,0.00
42.35267,0.087,-0.040,0.00
42.38961,0.046,-0.021,0.00
42.40157,0.028,0.023,0.00
42.41183,0.028,0.023,0.00
42.42825,0.028,0.023,0.00
42.43960,0.015,0.023,0.00
42.45166,0.008,0.077,0.00
42.47226,0.008,0.077,0.00
42.48526,0.003,0.076,0.00
42.51888,-0.004,0.060,0.00
42.55722,-0.006,0.049,0.00
42.57310,-0.006,0.049,0.00
42.58465,-0.006,0.005,0.00
42.60336,-0.004,-0.009,0.00
42.61694,-0.004,-0.009,0.00
42.62888,-0.004,-0.022,0.00
42.65011,-0.008,-0.030,0.00
42.66254,-0.013,-0.030,0.00
42.67723,-0.019,-0.036,0.00
42.68794,-0.019,-0.036,0.00
42.69865,-0.019,-0.036,0.00
42.71024,-0.025,-0.035,0.00
42.72240,-0.030,-0.022,0.00
42.73639,-0.030,-0.003,0.00
42.74860,-0.038,-0.003,0.00
42.75905,-0.038,0.017,0.00
42.77882,-0.038,0.017,0.00
42.79244,-0.044,0.046,0.00
42.81266,-0.044,0.046,0.00
42.82424,-0.047,0.061,0.00
42.83461,-0.049,0.061,0.00
42.84501,-0.049,0.082,0.00
42.85540,-0.049,0.082,0.00
42.86718,-0.049,0.082,0.00
42.87892,-0.050,0.082,0.00
42.88979,-0.049,0.076,0.00
42.90497,-0.047,0.076,0.00
42.92664,-0.047,0.065,0.00
42.94337,-0.043,0.065,0.00
42.95367,-0.039,0.059,0.00
42.96482,-0.032,0.059,0.00
42.98097,-0.032,0.059,0.00
42.99762,-0.032,0.053,0.00
43.01376,-0.032,0.052,0.00
43.02433,-0.032,0.053,0.00
43.04018,-0.019,0.053,0.00
43.05287,-0.021,0.057,0.00
43.10797,-0.018,0.073,0.00
43.11823,-0.018,0.073,0.00
43.12860,-0.019,0.082,0.00
43.20133,-0.019,0.108,0.00
43.21443,-0.030,0.112,0.00
43.22784,-0.030,0.112,0.00
43.23803,-0.030,0.126,0.00
43.24819,-0.033,0.134,0.00
43.25834,-0.033,0.134,0.00
43.26855,-0.033,0.134,0.00
43.27877,-0.038,0.142,0.00
43.28893,-0.044,0.147,0.00
43.29918,-0.044,0.147,0.00
43.30934,-0.049,0.154,0.00
43.31962,-0.049,0.154,0.00
43.32978,-0.054,0.162,0.00
43.33998,-0.054,0.162,0.00
43.35021,-0.058,0.168,0.00
43.36272,-0.058,0.168,0.00
43.37288,-0.062,0.174,0.00
43.38306,-0.065,0.178,0.00
43.39320,-0.065,0.178,0.00
43.40341,-0.065,0.178,0.00
43.41392,-0.070,0.182,0.00
43.42409,-0.070,0.182,0.00
43.43433,-0.070,0.182,0.00
43.44468,-0.070,0.182,0.00
43.45505,-0.072,0.177,0.00
43.46520,-0.071,0.170,0.00
43.47543,-0.071,0.170,0.00
43.48558,-0.071,0.161,0.00
43.49653,-0.071,0.161,0.00
43.50671,-0.070,0.150,0.00
43.51703,-0.070,0.150,0.00
43.52716,-0.068,0.139,0.00
43.53735,-0.068,0.139,0.00
43.54772,-0.066,0.129,0.00
43.55820,-0.066,0.129,0.00
43.56836,-0.064,0.117,0.00
43.57852,-0.064,0.117,0.00
43.58869,-0.063,0.113,0.00
43.59893,-0.063,0.113,0.00
43.60915,-0.061,0.110,0.00
43.61960,-0.061,0.110,0.00
43.62985,-0.058,0.106,0.00
43.64049,-0.058,0.107,0.00
43.65068,-0.059,0.107,0.00
43.66221,-0.059,0.107,0.00
43.67232,-0.058,0.111,0.00
43.68253,-0.058,0.111,0.00
43.69273,-0.052,0.117,0.00
43.70289,-0.052,0.117,0.00
43.71323,-0.046,0.121,0.00
43.72339,-0.044,0.129,0.00
43.73360,-0.044,0.129,0.00
43.74372,-0.044,0.140,0.00
43.75386,-0.044,0.140,0.00
43.76401,-0.043,0.152,0.00
43.77418,-0.043,0.152,0.00
43.78439,-0.043,0.152,0.00
43.79466,-0.040,0.161,0.00
43.80489,-0.040,0.161,0.00
43.81523,-0.036,0.166,0.00
43.82620,-0.033,0.172,0.00
43.83635,-0.033,0.172,0.00
43.84672,-0.032,0.178,0.00
43.85687,-0.032,0.178,0.00
43.86703,-0.030,0.180,0.00
43.87739,-0.030,0.180,0.00
43.88748,-0.030,0.180,0.00
43.89764,-0.029,0.178,0.00
43.90780,-0.025,0.174,0.00
43.91795,-0.025,0.174,0.00
43.92847,-0.020,0.171,0.00
43.93863,-0.020,0.171,0.00
43.94889,-0.016,0.168,0.00
43.95973,-0.016,0.168,0.00
43.96995,-0.010,0.164,0.00
43.98005,-0.010,0.164,0.00
43.99038,-0.005,0.157,0.00
44.00055,-0.005,0.157,0.00
44.01071,-0.002,0.153,0.00
44.02093,-0.002,0.153,0.00
44.03109,0.002,0.149,0.00
44.04236,0.002,0.149,0.00
44.05274,0.007,0.144,0.00
44.06296,0.007,0.144,0.00
44.07313,0.011,0.137,0.00
44.08329,0.011,0.137,0.00
44.09440,0.015,0.132,0.00
44.10461,0.021,0.129,0.00
44.11476,0.021,0.129,0.00
44.12491,0.027,0.123,0.00
44.13508,0.027,0.123,0.00
44.14553,0.027,0.123,0.00
44.15575,0.034,0.114,0.00
44.16631,0.039,0.113,0.00
44.17649,0.039,0.113,0.00
44.18692,0.030,0.106,0.00
44.19724,0.030,0.106,0.00
44.20744,0.030,0.102,0.00
44.21767,0.039,0.102,0.00
44.22793,-0.096,0.097,0.00
44.23816,-0.096,0.097,0.00
44.24832,-0.274,0.091,0.00
44.25862,-0.274,0.091,0.00
44.26874,-0.274,0.091,0.00
44.27890,-0.370,0.085,0.00
44.28906,-0.509,0.079,0.00
44.30028,-0.509,0.079,0.00
44.31043,-0.542,0.077,0.00
44.32066,-0.542,0.077,0.00
44.33082,-0.373,0.077,0.00
44.34107,-0.373,0.077,0.00
44.35141,0.199,0.077,0.00
44.36157,0.199,0.077,0.00
44.37172,1.212,0.080,0.00
44.38190,1.212,0.084,0.00
44.39231,2.421,0.084,0.00
44.40269,2.421,0.085,0.00
44.41306,3.866,0.085,0.00
44.42322,5.361,0.085,0.00
44.43338,5.361,0.091,0.00
44.44355,6.951,0.091,0.00
44.45370,6.951,0.100,0.00
44.46386,6.951,0.100,0.00
44.47400,8.557,0.100,0.00
44.48441,10.176,0.119,0.00
44.49839,10.176,0.119,0.00
44.50856,11.793,0.127,0.00
44.51890,11.793,0.127,0.00
44.53039,13.364,0.135,9.00
44.54058,13.364,0.135,9.00
44.55073,14.816,0.141,9.00
44.57866,16.187,0.141,9.00
44.58911,17.409,0.147,9.00
44.61078,17.409,0.148,9.00
44.62096,18.373,0.148,9.00
44.64254,19.402,0.150,9.00
44.65288,19.402,0.154,9.00
44.67469,19.555,0.154,9.00
44.68502,19.460,0.158,9.00
44.70706,19.460,0.167,9.00
44.71733,18.966,0.177,9.00
44.72758,18.127,0.191,9.00
44.73894,18.127,0.191,9.00
44.74909,17.079,0.211,9.00
44.75926,17.079,0.211,9.00
44.77093,15.830,0.222,9.00
44.78236,15.830,0.222,9.00
44.79268,14.411,0.224,9.00
44.80324,14.411,0.224,9.00
44.81345,12.868,0.206,9.00
44.82381,12.868,0.201,9.00
44.83519,11.290,0.201,9.00
44.84544,9.640,0.206,9.00
44.85571,9.640,0.206,9.00
44.86748,7.917,0.199,9.00
44.87957,7.917,0.199,9.00
44.88986,6.235,0.172,9.00
44.91464,4.697,0.172,9.00
44.92499,3.258,0.140,9.00
44.94851,3.258,0.093,9.00
44.95885,1.987,0.037,9.00
44.97879,1.077,0.037,9.00
44.98912,0.401,-0.078,9.00
45.01111,-0.078,-0.141,9.00
45.02146,-0.078,-0.141,9.00
45.03189,-0.078,-0.141,9.00
45.04328,-0.374,-0.234,9.00
45.05347,-0.371,-0.652,9.00
45.06364,-0.150,-0.652,9.00
45.07465,-0.150,-1.086,9.50
45.08497,-0.150,-1.086,9.50
45.09531,0.242,-1.395,9.50
45.10682,0.242,-1.629,9.50
45.11712,0.742,-1.629,9.50
45.12733,1.132,-1.870,9.50
45.15470,1.132,-1.870,10.00
45.16489,1.314,-1.935,10.00
45.18634,1.356,-1.904,10.00
45.19655,1.250,-1.863,10.00
45.20671,1.054,-1.771,10.00
45.21875,1.054,-1.771,10.50
45.22893,0.823,-1.675,10.50
45.23909,0.823,-1.675,10.50
45.25118,0.600,-1.610,11.50
45.26164,0.386,-1.574,11.50
45.27196,0.386,-1.574,11.50
45.28247,0.386,-1.574,12.50
45.29266,0.234,-1.574,12.50
45.30282,0.234,-1.587,12.50
45.31460,0.151,-1.581,13.50
45.32497,0.118,-1.581,13.50
45.33538,0.118,-1.585,13.50
45.34671,0.100,-1.591,15.00
45.35699,0.100,-1.591,15.00
45.36715,0.082,-1.558,15.00
45.39528,0.071,-1.558,16.50
45.40546,0.061,-1.543,16.50
45.42679,0.044,-1.507,18.50
45.43698,0.044,-1.461,18.50
45.45905,0.017,-1.422,20.50
45.46924,-0.005,-1.395,20.50
45.49040,-0.005,-1.395,22.50
45.50057,-0.027,-1.413,22.50
45.51074,-0.048,-1.411,22.50
45.52314,-0.076,-1.453,24.00
45.53349,-0.076,-1.453,24.00
45.54392,-0.076,-1.453,24.00
45.55605,-0.124,-1.453,25.50
45.56663,-0.180,-1.545,25.50
45.57704,-0.180,-1.545,25.50
45.58721,-0.241,-1.646,26.50
45.59742,-0.241,-1.646,26.50
45.60771,-0.286,-1.684,26.50
45.61878,-0.286,-1.684,27.50
45.62908,-0.286,-1.763,27.50
45.63938,-0.314,-1.763,27.50
45.65127,-0.336,-1.840,28.00
45.66172,-0.336,-1.840,28.00
45.67195,-0.348,-1.933,28.00
45.70029,-0.348,-2.044,28.50
45.71049,-0.358,-2.104,28.50
45.73065,-0.358,-2.299,29.00
45.74094,-0.370,-2.299,29.00
45.76333,-0.376,-2.450,29.00
45.77367,-0.377,-2.833,29.00
45.79429,-0.377,-3.114,29.00
45.80448,-0.372,-3.114,29.00
45.81466,-0.361,-3.453,29.00
45.82694,-0.361,-3.453,29.50
45.83723,-0.350,-3.775,29.50
45.84761,-0.336,-4.091,29.50
45.85944,-0.336,-4.091,29.50
45.86960,-0.323,-4.499,29.50
45.87994,-0.323,-4.499,29.50
45.89043,-0.306,-4.856,29.50
45.90061,-0.306,-4.856,29.50
45.91078,-0.281,-5.324,29.50
45.92230,-0.281,-5.324,29.50
45.93246,-0.255,-5.821,29.50
45.94263,-0.255,-5.821,29.50
45.97161,-0.194,-6.983,29.50
45.98238,-0.194,-6.983,29.50
46.00286,-0.164,-7.574,29.50
46.01303,-0.130,-8.129,29.50
46.03509,-0.099,-8.129,29.50
46.04542,-0.064,-8.897,29.50
46.06676,-0.064,-8.897,29.50
46.07693,-0.035,-9.154,29.50
46.08811,-0.035,-9.154,29.50
46.10015,-0.006,-9.281,29.50
46.11070,0.019,-9.214,29.50
46.12114,0.019,-9.214,29.50
46.13150,0.041,-9.020,29.50
46.14182,0.041,-9.020,29.50
46.15215,0.058,-8.629,29.50
46.17875,0.058,-8.629,29.50
46.18893,0.058,-8.629,29.50
46.21134,0.065,-6.516,29.50
46.22168,0.065,-6.516,29.50
46.24324,0.062,-5.590,29.50
46.25355,0.055,-4.540,29.50
46.27540,0.043,-3.304,29.50
46.28556,0.032,-2.191,29.50
46.30686,0.032,-1.057,29.50
46.31708,0.015,-1.057,29.50
46.32724,-0.002,0.028,29.50
46.33860,-0.002,0.028,29.50
46.34905,-0.024,1.100,29.50
46.35921,-0.024,1.100,29.50
46.37103,-0.051,2.090,29.50
46.38126,-0.051,2.982,29.50
46.39142,-0.078,2.982,29.50
46.40301,-0.110,3.822,29.50
46.41325,-0.110,3.822,29.50
46.42363,-0.110,3.822,29.50
46.43472,-0.138,4.645,29.50
46.44487,-0.138,4.645,29.50
46.45506,-0.166,5.312,29.50
46.48240,-0.194,5.840,29.50
46.49258,-0.194,5.840,29.50
46.51435,-0.218,6.249,29.50
46.52454,-0.244,6.639,29.50
46.54652,-0.244,6.639,29.50
46.55670,-0.244,6.639,29.50
46.57855,-0.268,6.875,29.50
46.58874,-0.335,7.554,29.50
46.61055,-0.335,7.554,29.50
46.62075,-0.335,7.554,29.50
46.63091,-0.353,7.626,29.50
46.64245,-0.366,7.613,29.50
46.65264,-0.381,7.602,29.50
46.66279,-0.381,7.602,29.50
46.67516,-0.381,7.602,29.50
46.68535,-0.394,7.462,29.50
46.69551,-0.404,7.418,29.50
46.70567,-0.404,7.418,0.00
46.71584,-0.404,7.230,0.00
46.72600,-0.415,7.230,0.00
46.73617,-0.423,7.077,0.00
46.74635,-0.434,6.903,0.00
46.75673,-0.434,6.903,0.00
46.76705,-0.442,6.668,0.00
46.77736,-0.442,6.668,0.00
46.78773,-0.454,6.563,0.00
46.79823,-0.454,6.563,0.00
46.80839,-0.466,6.362,0.00
46.81856,-0.466,6.362,0.00
46.82872,-0.466,6.362,0.00
46.83887,-0.449,6.362,0.00
46.84904,-0.411,6.168,0.00
46.85921,-0.411,6.168,0.00
46.86937,-0.364,6.013,0.00
46.88103,-0.364,6.013,0.00
46.89152,-0.251,5.996,0.00
46.90195,-0.251,5.996,0.00
46.91227,-0.031,5.881,0.00
46.92274,-0.031,5.881,0.00
46.93289,0.240,5.848,0.00
46.94304,0.479,5.848,0.00
46.95319,0.479,5.861,0.00
46.96334,0.663,5.861,0.00
46.97360,0.663,5.843,0.00
46.98376,0.810,5.958,0.00
46.99398,0.810,5.958,0.00
47.00413,0.899,5.958,0.00
47.01436,0.899,5.940,0.00
47.02451,0.899,5.940,0.00
47.03467,0.946,5.981,0.00
47.04495,0.946,5.981,0.00
47.05511,0.983,6.035,0.00
47.06527,1.005,6.057,0.00
47.07546,1.005,6.057,0.00
47.08568,1.006,6.219,0.00
47.09583,1.006,6.219,0.00
47.10624,1.000,6.221,0.00
47.11639,1.000,6.221,0.00
47.12656,1.011,6.221,0.00
47.13672,1.011,6.310,0.00
47.14688,1.024,6.350,0.00
47.15705,1.024,6.350,0.00
47.16722,1.024,6.350,0.00
47.17739,1.024,6.350,0.00
47.18755,1.040,6.364,0.00
47.19825,1.003,6.480,0.00
47.20841,0.846,6.450,0.00
47.21857,0.846,6.450,0.00
47.22873,0.664,6.523,0.00
47.23895,0.664,6.523,0.00
47.24931,0.524,6.381,0.00
47.25964,0.524,6.381,0.00
47.27016,0.423,6.326,0.00
47.28048,0.333,6.326,0.00
47.29064,0.333,5.924,0.00
47.30080,0.333,5.924,0.00
47.31097,0.255,5.004,0.00
47.32112,0.255,5.004,0.00
47.33127,0.198,4.233,0.00
47.34159,0.198,4.233,0.00
47.35175,0.156,3.839,0.00
47.36197,0.156,3.839,0.00
47.37225,0.134,3.240,0.00
47.38260,0.134,2.352,0.00
47.39299,0.130,2.352,0.00
47.40315,0.122,2.352,0.00
47.41344,0.122,1.549,0.00
47.42361,0.111,1.549,0.00
47.43376,0.111,0.684,0.00
47.44392,0.111,0.684,0.00
47.45421,0.112,-0.079,0.00
47.46467,0.112,-0.079,0.00
47.47485,0.140,-0.960,0.00
47.48501,0.183,-0.960,0.00
47.49533,0.183,-2.123,0.00
47.50562,0.239,-3.309,0.00
47.51577,0.239,-3.309,0.00
47.52595,0.289,-4.052,0.00
47.53631,0.289,-4.052,0.00
47.54672,0.329,-4.246,0.00
47.55712,0.329,-4.246,0.00
47.56744,0.351,-3.883,0.00
47.57760,0.351,-3.883,0.00
47.58776,0.351,-3.883,0.00
47.59880,0.357,-3.080,0.00
47.60899,0.355,-1.880,0.00
47.61918,0.355,-1.880,0.00
47.62934,0.353,-0.826,0.00
47.63951,0.353,-0.826,0.00
47.64967,0.353,0.194,0.00
47.66038,0.353,0.194,0.00
47.67055,0.334,-0.619,0.00
47.68082,0.334,-0.619,0.00
47.69117,0.292,-0.884,0.00
47.70134,0.239,-1.350,0.00
47.71204,0.239,-1.350,0.00
47.72251,0.198,-1.662,0.00
47.73267,0.198,-1.662,0.00
47.74284,0.198,-1.662,0.00
47.75301,0.198,-2.123,0.00
47.76318,0.172,-2.123,0.00
47.77344,0.149,-2.483,0.00
47.78361,0.149,-2.483,0.00
47.79396,0.128,-2.852,0.00
47.80434,0.128,-2.913,0.00
47.81467,0.116,-2.913,0.00
47.82484,0.116,-2.913,0.00
47.83511,0.115,-2.834,0.00
47.84528,0.115,-2.834,0.00
47.85546,0.125,-2.709,0.00
47.86563,0.140,-2.692,0.00
47.87587,0.140,-2.692,0.00
47.88625,0.140,-2.692,0.00
47.89641,0.153,-2.650,0.00
47.90689,0.170,-2.510,0.00
47.91711,0.170,-2.510,0.00
47.92748,0.192,-2.343,0.00
47.93788,0.192,-2.343,0.00
47.94805,0.220,-2.179,0.00
47.95824,0.220,-2.179,0.00
47.96841,0.251,-2.179,0.00
47.97890,0.251,-1.995,0.00
47.98941,0.285,-1.764,0.00
47.99959,0.285,-1.764,0.00
48.01027,0.316,-1.503,0.00
48.02044,0.316,-1.503,0.00
48.03062,0.332,-1.239,0.00
48.04080,0.329,-1.239,0.00
48.05094,0.329,-0.920,0.00
48.06121,0.311,-0.578,0.00
48.07137,0.311,-0.578,0.00
48.08154,0.311,-0.578,0.00
48.09169,0.280,-0.198,0.00
48.10185,0.280,-0.198,0.00
48.11201,0.243,0.072,0.00
48.12221,0.243,0.072,0.00
48.13238,0.203,0.339,0.00
48.14253,0.165,0.291,0.00
48.15273,0.165,0.291,0.00
48.16288,0.130,0.143,0.00
48.17304,0.130,0.143,0.00
48.18319,0.130,0.143,0.00
48.19333,0.099,-0.038,0.00
48.20922,0.073,-0.191,0.00
48.21948,0.073,-0.191,0.00
48.23067,0.058,-0.322,0.00
48.24089,0.058,-0.322,0.00
48.25229,0.049,-0.322,0.00
48.26803,0.050,-0.322,0.00
48.27821,0.050,-0.322,0.00
48.29313,0.055,-0.412,0.00
48.30576,0.065,-0.375,0.00
48.32055,0.065,-0.375,0.00
48.33224,0.075,-0.327,0.00
48.34815,0.088,-0.294,0.00
48.36383,0.088,-0.294,0.00
48.38071,0.096,-0.270,0.00
48.39317,0.096,-0.270,0.00
48.40514,0.098,-0.213,0.00
48.41535,0.098,-0.213,0.00
48.43351,0.078,-0.164,0.00
48.45019,0.060,-0.117,0.00
48.46614,0.060,-0.117,0.00
48.48345,0.039,-0.036,0.00
48.49423,0.018,-0.036,0.00
48.50576,0.002,0.010,0.00
48.52104,0.002,0.010,0.00
48.53679,-0.011,0.040,0.00
48.54820,-0.021,0.036,0.00
48.55881,-0.021,0.036,0.00
48.56922,-0.026,0.036,0.00
48.57997,-0.026,-0.001,0.00
48.59190,-0.027,-0.048,0.00
48.61481,-0.027,-0.099,0.00
48.62614,-0.023,-0.146,0.00
48.63881,-0.019,-0.146,0.00
48.65438,-0.016,-0.194,0.00
48.68412,-0.017,-0.223,0.00
48.70110,-0.016,-0.248,0.00
48.71780,-0.016,-0.263,0.00
48.73567,-0.025,-0.280,0.00
48.74694,-0.039,-0.280,0.00
48.76320,-0.039,-0.291,0.00
48.78042,-0.039,-0.291,0.00
48.79603,-0.063,-0.316,0.00
48.81457,-0.071,-0.332,0.00
48.82628,-0.071,-0.332,0.00
48.84358,-0.075,-0.356,0.00
48.85619,-0.078,-0.391,0.00
48.87582,-0.081,-0.436,0.00
48.89239,-0.082,-0.494,0.00
48.90901,-0.082,-0.494,0.00
48.92034,-0.081,-0.552,0.00
48.93670,-0.082,-0.609,0.00
48.95222,-0.083,-0.658,0.00
48.96888,-0.083,-0.695,0.00
48.98584,-0.083,-0.695,0.00
48.99868,-0.082,-0.721,0.00
49.01693,-0.083,-0.737,0.00
49.02783,-0.085,-0.743,0.00
49.04464,-0.085,-0.744,0.00
49.05511,-0.087,-0.744,0.00
49.06529,-0.087,-0.744,0.00
49.07579,-0.087,-0.744,0.00
49.09281,-0.086,-0.739,0.00
49.10341,-0.086,-0.739,0.00
49.11431,-0.085,-0.733,0.00
49.13076,-0.081,-0.730,0.00
49.14735,-0.077,-0.732,0.00
49.15848,-0.077,-0.732,0.00
49.17859,-0.072,-0.741,0.00
49.20323,-0.072,-0.754,0.00
49.25562,-0.056,-0.754,0.00
49.31502,-0.051,-0.758,0.00
49.32520,-0.050,-0.758,0.00
49.33545,-0.023,-0.426,0.00
49.34563,-0.023,-0.416,0.00
49.35583,-0.019,-0.416,0.00
49.36620,-0.016,-0.403,0.00
49.37635,-0.016,-0.403,0.00
49.38687,-0.016,-0.403,0.00
49.39702,-0.012,-0.388,0.00
49.40718,-0.005,-0.381,0.00
49.41734,-0.005,-0.381,0.00
49.42799,0.000,-0.373,0.00
49.43815,0.000,-0.373,0.00
49.44832,0.000,-0.362,0.00
49.45859,0.003,-0.362,0.00
49.46876,0.003,-0.347,0.00
49.47892,0.003,-0.347,0.00
49.48908,0.003,-0.347,0.00
49.49939,0.005,-0.329,0.00
49.50955,0.007,-0.316,0.00
49.51971,0.007,-0.316,0.00
49.52998,0.011,-0.304,0.00
49.54016,0.011,-0.304,0.00
49.55048,0.014,-0.293,0.00
49.56064,0.014,-0.293,0.00
49.57080,0.018,-0.285,0.00
49.58097,0.018,-0.285,0.00
49.59113,0.021,-0.278,0.00
49.60225,0.021,-0.278,0.00
49.61242,0.025,-0.274,0.00
49.62260,0.025,-0.274,0.00
49.63429,0.025,-0.274,0.00
49.64436,0.031,-0.267,0.00
49.65452,0.034,-0.260,0.00
49.66468,0.034,-0.260,0.00
49.67484,0.039,-0.251,0.00
49.68500,0.039,-0.251,0.00
49.69520,0.039,-0.251,0.00
49.70539,0.044,-0.246,0.00
49.71553,0.048,-0.239,0.00
49.72569,0.050,-0.233,0.00
49.73612,0.050,-0.233,0.00
49.74629,0.051,-0.226,0.00
49.75697,0.051,-0.226,0.00
49.76713,0.052,-0.226,0.00
49.77731,0.052,-0.221,0.00
49.78746,0.052,-0.215,0.00
49.79762,0.052,-0.215,0.00
49.80790,0.052,-0.215,0.00
49.81836,0.052,-0.215,0.00
49.82941,0.052,-0.215,0.00
49.83957,0.051,-0.209,0.00
49.84979,0.050,-0.203,0.00
49.85994,0.050,-0.203,0.00
49.87019,0.047,-0.201,0.00
49.88036,0.047,-0.198,0.00
49.89112,0.045,-0.198,0.00
49.90134,0.045,-0.198,0.00
49.91150,0.046,-0.196,0.00
49.92167,0.046,-0.196,0.00
49.93189,0.046,-0.199,0.00
49.94232,0.048,-0.199,0.00
49.95255,0.048,-0.202,0.00
49.96291,0.048,-0.202,0.00
49.97327,0.048,-0.209,0.00
49.98362,0.049,-0.209,0.00
49.99392,0.049,-0.217,0.00
50.00443,0.049,-0.217,0.00
50.01459,0.050,-0.227,0.00
50.02476,0.050,-0.227,0.00
50.03507,0.052,-0.233,0.00
50.04523,0.052,-0.233,0.00
50.05553,0.054,-0.238,0.00
50.06624,0.054,-0.241,0.00
50.07641,0.054,-0.241,0.00
50.08661,0.054,-0.240,0.00
50.09677,0.056,-0.240,0.00
50.10695,0.050,-0.241,0.00
50.11718,0.050,-0.241,0.00
50.12755,0.050,-0.241,0.00
50.13770,0.023,-0.243,0.00
50.14786,-0.003,-0.246,0.00
50.15810,-0.003,-0.246,0.00
50.16826,-0.202,-0.246,0.00
50.17841,-0.202,-0.246,0.00
50.18856,-0.461,-0.245,0.00
50.19871,-0.461,-0.245,0.00
50.20906,-0.461,-0.245,0.00
50.22032,-0.545,-0.245,0.00
50.23054,-0.550,-0.245,0.00
50.24084,-0.550,-0.245,0.00
50.25094,-0.309,-0.246,0.00
50.26167,-0.309,-0.246,0.00
50.27182,0.295,-0.246,0.00
50.28257,1.273,-0.248,0.00
50.29308,1.273,-0.248,0.00
50.30323,1.273,-0.248,0.00
50.31441,2.580,-0.247,0.00
50.32457,4.060,-0.249,0.00
50.33473,4.060,-0.249,0.00
50.34487,5.615,-0.246,0.00
50.35507,5.615,-0.246,0.00
50.36521,7.238,-0.241,0.00
50.37537,7.238,-0.241,0.00
50.38583,8.854,-0.238,0.00
50.39613,8.854,-0.238,0.00
50.40645,8.854,-0.238,0.00
50.41930,10.473,-0.235,0.00
50.42988,12.068,-0.231,0.00
50.44024,12.068,-0.231,0.00
50.46731,15.050,-0.223,9.00
50.47747,15.050,-0.223,9.00
50.50257,16.364,-0.223,9.00
50.51274,17.498,-0.225,9.00
50.53272,18.389,-0.226,9.00
50.54366,18.389,-0.226,9.00
50.56268,19.027,-0.231,9.00
50.57301,19.308,-0.231,9.00
50.58348,19.308,-0.232,9.00
50.59629,19.186,-0.232,9.00
50.60649,19.186,-0.235,9.00
50.61702,18.785,-0.235,9.00
50.62965,18.785,-0.231,9.00
50.64019,18.136,-0.231,9.00
50.65053,17.245,-0.222,9.00
50.67443,17.245,-0.222,9.00
50.68479,16.047,-0.197,9.00
50.70756,12.892,-0.189,9.00
50.71793,12.892,-0.189,9.00
50.73951,10.970,-0.189,9.00
50.74986,10.970,-0.191,9.00
50.76031,8.977,-0.197,9.00
50.77067,8.977,-0.232,9.00
50.78141,6.998,-0.232,9.00
50.79159,5.117,-0.271,9.00
50.80280,5.117,-0.271,9.00
50.81309,5.117,-0.271,9.00
50.82323,5.117,-0.271,9.00
50.83710,3.364,-0.318,9.00
50.85038,1.841,-0.318,9.00
50.86056,0.708,-0.366,9.00
50.88269,-0.321,-0.423,9.00
50.89300,-0.321,-0.487,9.00
50.91464,-0.167,-0.487,9.00
50.92499,-0.167,-0.543,9.00
50.94717,0.245,-0.605,9.00
50.95735,0.750,-0.667,9.00
50.96752,0.750,-0.667,9.00
50.98043,1.136,-0.743,9.50
50.99060,1.280,-1.175,9.50
51.00155,1.280,-1.175,9.50
51.01169,1.187,-1.587,9.50
51.02202,1.187,-1.587,9.50
51.03237,0.895,-1.873,9.50
51.04392,0.895,-1.873,9.50
51.05428,0.590,-2.059,9.50
51.06461,0.321,-2.260,9.50
51.09024,0.321,-2.260,10.00
51.10058,0.152,-2.328,10.00
51.12293,0.067,-2.303,10.50
51.13478,0.067,-2.221,10.50
51.15417,0.034,-2.221,11.00
51.16435,0.042,-2.100,11.00
51.18662,0.075,-2.008,11.50
51.19681,0.113,-1.911,11.50
51.20698,0.149,-1.836,11.50
51.21908,0.149,-1.836,12.50
51.22937,0.198,-1.797,12.50
51.23991,0.198,-1.797,12.50
51.25029,0.198,-1.797,14.00
51.26047,0.243,-1.745,14.00
51.27064,0.243,-1.745,14.00
51.28292,0.284,-1.676,15.50
51.29326,0.284,-1.676,15.50
51.30364,0.277,-1.646,15.50
51.31483,0.277,-1.646,17.50
51.32506,0.295,-1.646,17.50
51.33544,0.295,-1.605,17.50
51.34697,0.300,-1.555,19.50
51.35740,0.300,-1.555,19.50
51.36756,0.261,-1.543,19.50
51.39518,0.204,-1.494,21.50
51.40574,0.130,-1.514,21.50
51.42685,0.130,-1.514,23.00
51.43708,0.037,-1.512,23.00
51.45894,-0.057,-1.573,24.50
51.46910,-0.137,-1.573,24.50
51.49125,-0.207,-1.630,26.00
51.50159,-0.258,-1.665,26.00
51.51176,-0.258,-1.717,26.00
51.52300,-0.258,-1.716,27.00
51.53315,-0.283,-1.716,27.00
51.54331,-0.283,-1.716,27.00
51.55495,-0.300,-1.798,27.50
51.56518,-0.312,-1.853,27.50
51.57553,-0.312,-1.853,27.50
51.58894,-0.310,-1.921,28.00
51.59931,-0.294,-1.996,28.00
51.60952,-0.294,-1.996,28.00
51.61968,-0.294,-1.996,28.50
51.62984,-0.281,-2.051,28.50
51.64030,-0.281,-2.204,28.50
51.66672,-0.248,-2.204,29.00
51.67694,-0.248,-2.281,29.00
51.69889,-0.236,-2.281,29.00
51.70925,-0.218,-2.578,29.00
51.73092,-0.204,-2.756,29.00
51.74112,-0.204,-2.756,29.00
51.76223,-0.183,-2.985,29.50
51.77248,-0.183,-2.985,29.50
51.78345,-0.146,-3.156,29.50
51.79576,-0.146,-3.507,29.50
51.80629,-0.131,-3.744,29.50
51.81657,-0.131,-3.744,29.50
51.82689,-0.121,-3.744,29.50
51.83719,-0.121,-4.042,29.50
51.84735,-0.121,-4.412,29.50
51.85905,-0.111,-4.412,29.50
51.86927,-0.111,-4.783,29.50
51.87942,-0.104,-4.783,29.50
51.89067,-0.090,-4.783,29.50
51.90084,-0.090,-5.346,29.50
51.91101,-0.070,-5.852,29.50
51.93921,-0.048,-6.508,29.50
51.94938,-0.048,-7.177,29.50
51.97096,-0.021,-7.784,29.50
51.98329,-0.021,-8.354,29.50
52.00332,0.003,-8.354,29.50
52.01350,0.048,-8.858,29.50
52.03430,0.107,-9.275,29.50
52.04447,0.107,-9.275,29.50
52.05463,0.176,-9.608,29.50
52.06785,0.176,-9.608,29.50
52.07815,0.239,-9.779,29.50
52.08842,0.239,-9.779,29.50
52.09864,0.239,-9.800,29.50
52.10894,0.341,-9.616,29.50
52.11939,0.341,-9.616,29.50
52.13078,0.392,-9.616,29.50
52.14131,0.392,-9.222,29.50
52.15162,0.392,-9.222,29.50
52.16702,0.432,-8.689,29.50
52.17769,0.473,-8.005,29.50
52.18784,0.514,-7.195,29.50
52.19800,0.514,-7.195,29.50
52.20817,0.552,-6.298,29.50
52.21832,0.552,-6.298,29.50
52.24232,0.579,-6.298,29.50
52.25249,0.604,-4.277,29.50
52.27575,0.604,-4.277,29.50
52.28660,0.606,-3.102,29.50
52.30767,0.586,-1.047,29.50
52.31783,0.586,-1.047,29.50
52.33891,0.554,-0.042,29.50
52.34909,0.534,0.848,29.50
52.35985,0.534,0.848,29.50
52.37177,0.503,1.709,29.50
52.38193,0.503,1.709,29.50
52.39212,0.503,1.709,29.50
52.40231,0.503,1.709,29.50
52.41251,0.448,3.282,29.50
52.42268,0.448,3.282,29.50
52.43496,0.420,4.001,29.50
52.44546,0.390,4.469,29.50
52.45651,0.390,4.469,29.50
52.48659,0.390,4.964,29.50
52.49688,0.331,5.248,29.50
52.51458,0.331,5.248,29.50
52.52479,0.265,5.724,29.50
52.54750,0.229,6.074,29.50
52.55787,0.229,6.074,29.50
52.58049,0.191,6.327,29.50
52.59087,0.159,6.562,29.50
52.60111,0.159,6.562,29.50
52.61132,0.127,6.804,0.00
52.62148,0.127,6.804,0.00
52.63165,0.098,6.889,0.00
52.64182,0.098,6.889,0.00
52.65198,0.060,6.885,0.00
52.66293,0.060,6.937,0.00
52.67309,0.029,6.937,0.00
52.68325,0.029,6.937,0.00
52.69342,-0.010,6.859,0.00
52.70377,-0.010,6.859,0.00
52.71401,-0.040,6.908,0.00
52.72421,-0.005,6.908,0.00
52.73435,-0.005,6.846,0.00
52.74452,0.058,6.719,0.00
52.75467,0.058,6.719,0.00
52.76532,0.058,6.719,0.00
52.77558,0.112,6.719,0.00
52.78595,0.267,6.740,0.00
52.79630,0.267,6.624,0.00
52.80646,0.533,6.624,0.00
52.81680,0.533,6.578,0.00
52.82730,0.780,6.578,0.00
52.83752,0.780,6.513,0.00
52.84774,0.956,6.443,0.00
52.85790,0.956,6.443,0.00
52.86807,1.069,6.443,0.00
52.87933,1.069,6.510,0.00
52.88969,1.115,6.480,0.00
52.90041,1.115,6.480,0.00
52.91055,1.109,6.582,0.00
52.92070,1.109,6.582,0.00
52.93086,1.089,6.574,0.00
52.94111,1.089,6.574,0.00
52.95148,1.062,6.533,0.00
52.96181,1.062,6.533,0.00
52.97213,1.062,6.576,0.00
52.98286,1.029,6.576,0.00
52.99338,0.986,6.499,0.00
53.00354,0.986,6.629,0.00
53.01371,0.941,6.629,0.00
53.02387,0.941,6.629,0.00
53.03416,0.904,6.553,0.00
53.04422,0.859,6.553,0.00
53.05457,0.859,6.605,0.00
53.06474,0.819,6.552,0.00
53.07496,0.819,6.552,0.00
53.08521,0.790,6.533,0.00
53.09537,0.790,6.533,0.00
53.10565,0.695,6.583,0.00
53.11581,0.695,6.583,0.00
53.12596,0.541,6.486,0.00
53.13673,0.541,6.486,0.00
53.14710,0.380,6.499,0.00
53.15737,0.380,6.499,0.00
53.16777,0.259,6.296,0.00
53.17835,0.259,6.296,0.00
53.18855,0.162,6.205,0.00
53.19871,0.162,6.205,0.00
53.20919,0.064,5.867,0.00
53.21960,0.064,5.867,0.00
53.22977,-0.010,5.012,0.00
53.23994,-0.010,5.012,0.00
53.25020,-0.049,4.031,0.00
53.26038,-0.049,4.031,0.00
53.27055,-0.063,3.629,0.00
53.28071,-0.063,3.629,0.00
53.29103,-0.053,3.036,0.00
53.30138,-0.053,3.036,0.00
53.31169,-0.028,2.125,0.00
53.32194,-0.028,2.125,0.00
53.33222,-0.003,1.214,0.00
53.34238,-0.003,0.360,0.00
53.35254,0.025,0.360,0.00
53.36326,0.025,0.360,0.00
53.37342,0.067,-0.487,0.00
53.38361,0.067,-0.487,0.00
53.39384,0.129,-1.454,0.00
53.40400,0.129,-1.454,0.00
53.41421,0.129,-1.454,0.00
53.42436,0.288,-3.853,0.00
53.43452,0.288,-3.853,0.00
53.44469,0.364,-4.683,0.00
53.45616,0.364,-4.683,0.00
53.46632,0.428,-4.992,0.00
53.47647,0.428,-4.992,0.00
53.48663,0.474,-4.694,0.00
53.49678,0.474,-4.694,0.00
53.50700,0.474,-4.694,0.00
53.51733,0.510,-3.748,0.00
53.52769,0.539,-2.334,0.00
53.53801,0.539,-2.334,0.00
53.54834,0.550,-1.078,0.00
53.55907,0.550,-1.078,0.00
53.56940,0.521,0.060,0.00
53.57972,0.521,0.060,0.00
53.59033,0.459,-0.422,0.00
53.60061,0.459,-0.422,0.00
53.61075,0.397,-0.659,0.00
53.62124,0.397,-0.659,0.00
53.63139,0.356,-1.110,0.00
53.64168,0.356,-1.110,0.00
53.65187,0.322,-1.169,0.00
53.66215,0.322,-1.169,0.00
53.67238,0.284,-1.731,0.00
53.68254,0.284,-1.731,0.00
53.69271,0.250,-2.091,0.00
53.70288,0.250,-2.091,0.00
53.71304,0.231,-2.532,0.00
53.72329,0.231,-2.532,0.00
53.73346,0.226,-2.717,0.00
53.74363,0.231,-2.623,0.00
53.75379,0.231,-2.623,0.00
53.76396,0.234,-2.623,0.00
53.77528,0.234,-2.434,0.00
53.78563,0.234,-2.434,0.00
53.79585,0.233,-2.359,0.00
53.80601,0.233,-2.359,0.00
53.81661,0.235,-2.346,0.00
53.82776,0.235,-2.346,0.00
53.83824,0.244,-2.237,0.00
53.84816,0.259,-2.057,0.00
53.85842,0.259,-2.057,0.00
53.86918,0.270,-1.867,0.00
53.87942,0.270,-1.867,0.00
53.88966,0.271,-1.647,0.00
53.89981,0.271,-1.647,0.00
53.90998,0.260,-1.437,0.00
53.92124,0.260,-1.437,0.00
53.93152,0.238,-1.197,0.00
53.94189,0.206,-0.933,0.00
53.95221,0.206,-0.933,0.00
53.96276,0.206,-0.933,0.00
53.97307,0.172,-0.643,0.00
53.98345,0.142,-0.343,0.00
53.99378,0.142,-0.343,0.00
54.00440,0.142,-0.343,0.00
54.01478,0.116,-0.117,0.00
54.02518,0.116,0.156,0.00
54.03554,0.095,0.156,0.00
54.04596,0.078,0.218,0.00
54.05627,0.078,0.218,0.00
54.06700,0.078,0.063,0.00
54.07770,0.067,0.063,0.00
54.08792,0.061,-0.100,0.00
54.09833,0.061,-0.100,0.00
54.11378,0.061,-0.100,0.00
54.12483,0.059,-0.219,0.00
54.13627,0.059,-0.357,0.00
54.14672,0.071,-0.357,0.00
54.15711,0.071,-0.457,0.00
54.16781,0.085,-0.457,0.00
54.17843,0.085,-0.507,0.00
54.18883,0.101,-0.507,0.00
54.19998,0.117,-0.513,0.00
54.21041,0.117,-0.513,0.00
54.22105,0.117,-0.513,0.00
54.23259,0.117,-0.460,0.00
54.24404,0.133,-0.420,0.00
54.25630,0.133,-0.420,0.00
54.27285,0.134,-0.381,0.00
54.28875,0.131,-0.329,0.00
54.30626,0.128,-0.329,0.00
54.32195,0.128,-0.276,0.00
54.33296,0.124,-0.220,0.00
54.34562,0.124,-0.220,0.00
54.35865,0.121,-0.167,0.00
54.37374,0.118,-0.167,0.00
54.38592,0.120,-0.043,0.00
54.40231,0.120,-0.043,0.00
54.41793,0.127,-0.022,0.00
54.42843,0.127,-0.022,0.00
54.44336,0.135,-0.022,0.00
54.45718,0.143,-0.077,0.00
54.46831,0.143,-0.133,0.00
54.47878,0.153,-0.133,0.00
54.49197,0.168,-0.188,0.00
54.50765,0.168,-0.188,0.00
54.52865,0.204,-0.188,0.00
54.54005,0.204,-0.289,0.00
54.55033,0.204,-0.312,0.00
54.56096,0.220,-0.312,0.00
54.57721,0.235,-0.314,0.00
54.58743,0.235,-0.308,0.00
54.59781,0.243,-0.308,0.00
54.60921,0.248,-0.308,0.00
54.62010,0.248,-0.294,0.00
54.63117,0.248,-0.280,0.00
54.64152,0.254,-0.280,0.00
54.65241,0.254,-0.280,0.00
54.66347,0.258,-0.241,0.00
54.67447,0.265,-0.241,0.00
54.68475,0.265,-0.224,0.00
54.69550,0.277,-0.224,0.00
54.70668,0.289,-0.213,0.00
54.71735,0.289,-0.213,0.00
54.72790,0.289,-0.213,0.00
54.74537,0.303,-0.213,0.00
54.76045,0.318,-0.227,0.00
54.77264,0.333,-0.227,0.00
54.78356,0.351,-0.248,0.00
54.79452,0.351,-0.278,0.00
54.80542,0.365,-0.278,0.00
54.81599,0.365,-0.302,0.00
54.82819,0.365,-0.302,0.00
54.84412,0.396,-0.326,0.00
54.86129,0.409,-0.328,0.00
54.87188,0.409,-0.328,0.00
54.88292,0.409,-0.328,0.00
54.89386,0.409,-0.322,0.00
54.90525,0.419,-0.322,0.00
54.91615,0.426,-0.315,0.00
54.92731,0.426,-0.315,0.00
54.93836,0.434,-0.303,0.00
54.95003,0.434,-0.303,0.00
54.96659,0.446,-0.287,0.00
54.97724,0.446,-0.287,0.00
54.99380,0.450,-0.280,0.00
55.01012,0.454,-0.276,0.00
55.02054,0.454,-0.276,0.00
55.03072,0.456,-0.272,0.00
55.04143,0.456,-0.272,0.00
55.05417,0.456,-0.272,0.00
55.08698,0.458,-0.285,0.00
55.10182,0.458,-0.295,0.00
55.16043,0.458,-0.295,0.00
55.17060,0.433,-0.321,0.00
55.22042,0.433,-0.321,0.00
55.23176,0.410,-0.313,0.00
55.24287,0.165,-0.026,0.00
55.25318,0.158,-0.026,0.00
55.26456,0.158,-0.020,0.00
55.27510,0.153,-0.020,0.00
55.28526,0.153,-0.017,0.00
55.29551,0.146,-0.017,0.00
55.30566,0.146,-0.017,0.00
55.31581,0.140,-0.017,0.00
55.32629,0.140,-0.017,0.00
55.33620,0.137,-0.015,0.00
55.34636,0.132,-0.015,0.00
55.35657,0.132,-0.015,0.00
55.36673,0.126,-0.015,0.00
55.37688,0.126,-0.015,0.00
55.38731,0.122,-0.014,0.00
55.39747,0.122,-0.014,0.00
55.40763,0.122,-0.014,0.00
55.41778,0.119,-0.014,0.00
55.42792,0.119,-0.014,0.00
55.43819,0.115,-0.009,0.00
55.44836,0.110,0.000,0.00
55.45852,0.110,0.000,0.00
55.46882,0.110,0.000,0.00
55.47898,0.107,0.008,0.00
55.48945,0.107,0.015,0.00
55.49965,0.107,0.015,0.00
55.50981,0.107,0.022,0.00
55.51996,0.107,0.029,0.00
55.53109,0.107,0.029,0.00
55.54125,0.107,0.029,0.00
55.55145,0.107,0.040,0.00
55.56166,0.107,0.040,0.00
55.57191,0.106,0.044,0.00
55.58226,0.106,0.044,0.00
55.59242,0.104,0.047,0.00
55.60257,0.104,0.047,0.00
55.61272,0.104,0.053,0.00
55.62287,0.104,0.053,0.00
55.63303,0.105,0.056,0.00
55.64363,0.105,0.056,0.00
55.65388,0.107,0.061,0.00
55.66404,0.108,0.067,0.00
55.67419,0.108,0.067,0.00
55.68436,0.108,0.067,0.00
55.69452,0.107,0.067,0.00
55.70469,0.107,0.067,0.00
55.71550,0.107,0.067,0.00
55.72558,0.108,0.068,0.00
55.73588,0.108,0.068,0.00
55.74617,0.107,0.071,0.00
55.75634,0.107,0.071,0.00
55.76650,0.104,0.071,0.00
55.77666,0.104,0.075,0.00
55.78686,0.101,0.077,0.00
55.79716,0.101,0.077,0.00
55.80731,0.101,0.080,0.00
55.81783,0.101,0.080,0.00
55.82843,0.101,0.085,0.00
55.83859,0.101,0.085,0.00
55.84886,0.101,0.085,0.00
55.85902,0.094,0.087,0.00
55.86921,0.094,0.088,0.00
55.87937,0.088,0.088,0.00
55.88952,0.082,0.091,0.00
55.90028,0.082,0.091,0.00
55.91051,0.079,0.095,0.00
55.92067,0.079,0.095,0.00
55.93086,0.078,0.096,0.00
55.94105,0.078,0.096,0.00
55.95119,0.075,0.098,0.00
55.96135,0.075,0.098,0.00
55.97151,0.069,0.099,0.00
55.98187,0.063,0.102,0.00
55.99203,0.063,0.102,0.00
56.00249,0.047,0.103,0.00
56.01285,0.047,0.103,0.00
56.02325,0.011,0.106,0.00
56.03358,0.011,0.106,0.00
56.04396,-0.043,0.110,0.00
56.05461,-0.043,0.110,0.00
56.06476,-0.139,0.115,0.00
56.07502,-0.139,0.115,0.00
56.08555,-0.139,0.115,0.00
56.09572,-0.139,0.115,0.00
56.10586,-0.139,0.115,0.00
56.11618,-0.139,0.115,0.00
56.12635,-0.472,0.120,0.00
56.13650,-0.472,0.120,0.00
56.14666,-0.472,0.120,0.00
56.15682,-0.472,0.120,0.00
56.16698,-0.634,0.124,0.00
56.17714,-0.634,0.124,0.00
56.18729,-0.766,0.129,0.00
56.19746,-0.809,0.134,0.00
56.20764,-0.063,0.144,0.00
56.21780,-0.063,0.144,0.00
56.22796,-0.063,0.144,0.00
56.23814,0.998,0.152,0.00
56.24829,0.998,0.152,0.00
56.25866,0.998,0.159,0.00
56.26972,3.971,0.166,0.00
56.27996,3.971,0.166,0.00
56.29022,5.716,0.173,0.00
56.30038,5.716,0.173,0.00
56.31056,5.716,0.186,0.00
56.32072,7.469,0.186,0.00
56.33088,7.469,0.186,0.00
56.34105,9.216,0.197,0.00
56.35120,9.216,0.205,0.00
56.36995,10.935,0.205,0.00
56.38231,12.560,0.216,0.00
56.39251,12.560,0.227,0.00
56.40275,12.560,0.227,9.00
56.41293,15.532,0.236,9.00
56.42309,15.532,0.236,9.00
56.43459,16.853,0.245,9.00
56.44479,17.915,0.253,9.00
56.45496,17.915,0.253,9.00
56.46698,18.661,0.258,9.00
56.47713,18.661,0.258,9.00
56.48729,18.661,0.265,9.00
56.50042,19.131,0.265,9.00
56.51058,19.334,0.270,9.00
56.52104,19.334,0.270,9.00
56.53168,19.182,0.273,9.00
56.54294,19.182,0.273,9.00
56.55309,18.721,0.274,9.00
56.57813,18.721,0.274,9.00
56.58822,16.772,0.292,9.00
56.61077,15.278,0.306,9.00
56.62109,15.278,0.306,9.00
56.64316,11.715,0.340,9.00
56.65367,11.715,0.340,9.00
56.67402,9.753,0.340,9.00
56.68418,9.753,0.345,9.00
56.69448,7.907,0.351,9.00
56.70698,6.033,0.340,9.00
56.71947,6.033,0.340,9.00
56.72971,4.328,0.316,9.00
56.73987,4.328,0.316,9.00
56.75041,2.856,0.291,9.00
56.76057,2.856,0.291,9.00
56.77081,1.523,0.262,9.00
56.78112,1.523,0.262,9.00
56.79149,0.463,0.225,9.00
56.80254,-0.293,0.225,9.00
56.81270,-0.293,0.168,9.00
56.82289,-0.713,0.168,9.00
56.85108,-0.827,0.049,9.00
56.86202,-0.827,0.049,9.00
56.88242,-0.707,-0.008,9.00
56.89259,-0.707,-0.065,9.00
56.91679,-0.184,-0.134,9.00
56.92713,0.072,-0.365,9.00
56.94671,0.072,-0.365,9.50
56.95686,0.072,-0.742,9.50
56.96719,0.171,-0.742,9.50
56.98122,0.060,-1.090,9.50
56.99138,0.060,-1.090,9.50
57.00164,0.060,-1.090,9.50
57.01180,-0.053,-1.205,10.00
57.02196,-0.148,-1.205,10.00
57.03220,-0.148,-1.198,10.00
57.04257,-0.148,-1.198,10.00
57.05318,-0.243,-1.127,10.00
57.06333,-0.243,-1.127,10.00
57.09043,-0.243,-1.127,10.50
57.10071,-0.243,-1.127,10.50
57.12295,-0.315,-0.819,11.50
57.13343,-0.348,-0.731,11.50
57.15539,-0.328,-0.731,12.50
57.16558,-0.328,-0.671,12.50
57.18601,-0.328,-0.671,13.50
57.19621,-0.296,-0.614,13.50
57.20638,-0.296,-0.614,13.50
57.21909,-0.296,-0.614,15.00
57.22926,-0.296,-0.614,15.00
57.23953,-0.296,-0.614,15.00
57.25526,-0.296,-0.614,16.50
57.26545,-0.266,-0.543,16.50
57.28582,-0.221,-0.367,18.50
57.29616,-0.202,-0.331,18.50
57.30649,-0.187,-0.302,18.50
57.31670,-0.187,-0.323,20.50
57.32694,-0.172,-0.341,20.50
57.33723,-0.172,-0.341,20.50
57.36211,-0.172,-0.341,22.50
57.37230,-0.168,-0.416,22.50
57.39468,-0.194,-0.416,24.00
57.40502,-0.194,-0.457,24.00
57.42662,-0.233,-0.565,25.50
57.43680,-0.274,-0.565,25.50
57.45846,-0.307,-0.605,26.50
57.46874,-0.325,-0.649,26.50
57.47899,-0.325,-0.649,26.50
57.49126,-0.325,-0.649,27.50
57.50186,-0.343,-0.696,27.50
57.51233,-0.353,-0.756,27.50
57.52391,-0.355,-0.791,28.00
57.53496,-0.355,-0.791,28.00
57.54637,-0.350,-0.904,28.00
57.55652,-0.350,-0.904,28.50
57.56668,-0.348,-0.930,28.50
57.57685,-0.348,-0.930,28.50
57.58701,-0.347,-0.979,29.00
57.59718,-0.347,-0.979,29.00
57.60746,-0.347,-0.979,29.00
57.61981,-0.344,-1.114,29.00
57.63023,-0.346,-1.234,29.00
57.64056,-0.343,-1.488,29.00
57.66804,-0.337,-1.678,29.00
57.67823,-0.337,-1.678,29.00
57.69872,-0.330,-2.066,29.50
57.70910,-0.314,-2.356,29.50
57.73163,-0.314,-2.356,29.50
57.74186,-0.300,-2.707,29.50
57.76214,-0.283,-3.060,29.50
57.77234,-0.263,-3.444,29.50
57.78251,-0.263,-3.444,29.50
57.79462,-0.243,-3.897,29.50
57.80481,-0.223,-3.897,29.50
57.81497,-0.223,-4.320,29.50
57.82702,-0.223,-4.320,29.50
57.83721,-0.201,-4.854,29.50
57.84737,-0.167,-5.441,29.50
57.85876,-0.167,-5.441,29.50
57.86912,-0.133,-6.029,29.50
57.87930,-0.133,-6.029,29.50
57.89319,-0.105,-6.623,29.50
57.90360,-0.105,-6.623,29.50
57.91377,-0.079,-7.126,29.50
57.92392,-0.079,-7.126,29.50
57.93792,-0.079,-7.126,29.50
57.94817,-0.028,-8.171,29.50
57.97019,-0.028,-8.171,29.50
57.98049,0.002,-8.494,29.50
57.99065,0.002,-8.494,29.50
58.00327,0.054,-8.718,29.50
58.01383,0.103,-8.849,29.50
58.02398,0.145,-8.849,29.50
58.03463,0.145,-8.818,29.50
58.04516,0.180,-8.679,29.50
58.05536,0.180,-8.679,29.50
58.06660,0.180,-8.357,29.50
58.07675,0.200,-8.357,29.50
58.08702,0.200,-8.357,29.50
58.09903,0.213,-7.899,29.50
58.10923,0.211,-7.241,29.50
58.11940,0.211,-7.241,29.50
58.14645,0.211,-5.683,29.50
58.15664,0.188,-5.683,29.50
58.17995,0.172,-5.683,29.50
58.19011,0.154,-3.782,29.50
58.21111,0.125,-2.820,29.50
58.22168,0.125,-2.820,29.50
58.23206,0.092,-1.799,29.50
58.24252,0.092,-0.855,29.50
58.25285,0.039,-0.855,29.50
58.26328,0.039,0.174,29.50
58.27495,-0.017,0.174,29.50
58.28603,-0.070,0.174,29.50
58.29625,-0.070,1.036,29.50
58.30651,-0.070,1.036,29.50
58.31671,-0.124,1.827,29.50
58.32687,-0.124,1.827,29.50
58.33872,-0.175,2.638,29.50
58.34904,-0.223,3.344,29.50
58.35937,-0.223,3.344,29.50
58.37153,-0.267,4.010,29.50
58.38186,-0.309,4.010,29.50
58.39215,-0.309,4.508,29.50
58.41800,-0.309,4.508,29.50
58.42819,-0.347,4.903,29.50
58.45041,-0.380,5.259,29.50
58.46390,-0.414,5.259,29.50
58.48457,-0.446,5.475,29.50
58.49521,-0.472,5.551,29.50
58.51493,-0.496,5.725,29.50
58.52522,-0.496,5.725,29.50
58.53633,-0.512,5.767,29.50
58.54811,-0.529,5.790,29.50
58.56034,-0.529,5.790,29.50
58.57070,-0.542,5.798,0.00
58.58127,-0.542,5.798,0.00
58.59144,-0.555,5.667,0.00
58.60190,-0.555,5.658,0.00
58.61205,-0.565,5.658,0.00
58.62223,-0.565,5.658,0.00
58.63239,-0.579,5.530,0.00
58.64256,-0.592,5.530,0.00
58.65357,-0.592,5.437,0.00
58.66373,-0.614,5.437,0.00
58.67388,-0.614,5.362,0.00
58.68404,-0.614,5.362,0.00
58.69422,-0.635,5.217,0.00
58.70437,-0.635,5.217,0.00
58.71470,-0.623,5.228,0.00
58.72487,-0.597,5.066,0.00
58.73503,-0.597,5.066,0.00
58.74519,-0.561,5.052,0.00
58.75547,-0.561,5.052,0.00
58.76580,-0.467,4.968,0.00
58.77601,-0.467,4.968,0.00
58.78639,-0.317,4.879,0.00
58.79693,-0.317,4.879,0.00
58.80718,-0.173,4.848,0.00
58.81751,-0.173,4.848,0.00
58.82768,-0.064,4.736,0.00
58.83783,-0.064,4.736,0.00
58.84800,0.024,4.763,0.00
58.85880,0.024,4.763,0.00
58.86899,0.077,4.726,0.00
58.87925,0.077,4.726,0.00
58.88931,0.109,4.705,0.00
58.89948,0.109,4.705,0.00
58.90964,0.109,4.705,0.00
58.92116,0.135,4.774,0.00
58.93132,0.141,4.689,0.00
58.94148,0.141,4.689,0.00
58.95165,0.116,4.723,0.00
58.96182,0.116,4.723,0.00
58.97198,0.094,4.690,0.00
58.98241,0.101,4.707,0.00
58.99337,0.101,4.707,0.00
59.00354,0.122,4.771,0.00
59.01370,0.122,4.771,0.00
59.02386,0.122,4.771,0.00
59.03423,0.132,4.728,0.00
59.04439,0.146,4.728,0.00
59.05462,0.146,4.798,0.00
59.06509,0.088,4.727,0.00
59.07525,0.088,4.727,0.00
59.08614,-0.033,4.697,0.00
59.09641,-0.033,4.697,0.00
59.10659,-0.033,4.697,0.00
59.11685,-0.172,4.710,0.00
59.12714,-0.172,4.710,0.00
59.13733,-0.276,4.570,0.00
59.14753,-0.276,4.570,0.00
59.15773,-0.336,4.482,0.00
59.16790,-0.393,4.304,0.00
59.17816,-0.393,4.304,0.00
59.18842,-0.437,3.833,0.00
59.19877,-0.437,3.833,0.00
59.20887,-0.455,2.950,0.00
59.21913,-0.455,2.950,0.00
59.22938,-0.451,2.422,0.00
59.23953,-0.451,2.422,0.00
59.24994,-0.451,2.028,0.00
59.26028,-0.437,2.028,0.00
59.27071,-0.428,1.331,0.00
59.28087,-0.428,1.331,0.00
59.29104,-0.421,0.540,0.00
59.30119,-0.421,0.540,0.00
59.31178,-0.409,-0.244,0.00
59.32197,-0.381,-0.244,0.00
59.33213,-0.381,-0.960,0.00
59.34232,-0.381,-0.960,0.00
59.35258,-0.381,-0.960,0.00
59.36275,-0.332,-1.731,0.00
59.37290,-0.272,-2.538,0.00
59.38306,-0.272,-3.535,0.00
59.39362,-0.212,-3.535,0.00
59.40383,-0.154,-4.073,0.00
59.41399,-0.154,-4.073,0.00
59.42421,-0.096,-4.073,0.00
59.43438,-0.096,-4.178,0.00
59.44454,-0.096,-4.178,0.00
59.45486,-0.044,-3.891,0.00
59.46491,0.001,-3.220,0.00
59.47511,0.001,-3.220,0.00
59.48548,0.041,-3.220,0.00
59.49571,0.041,-1.909,0.00
59.50594,0.070,-0.514,0.00
59.51610,0.070,-0.514,0.00
59.52627,0.079,-0.514,0.00
59.53655,0.079,0.360,0.00
59.54706,0.089,0.271,0.00
59.55722,0.089,0.271,0.00
59.56744,0.113,-0.357,0.00
59.57771,0.113,-0.357,0.00
59.58788,0.146,-0.778,0.00
59.59818,0.146,-0.778,0.00
59.60833,0.170,-0.985,0.00
59.61849,0.170,-0.985,0.00
59.62885,0.170,-0.985,0.00
59.63923,0.155,-1.512,0.00
59.64939,0.110,-1.997,0.00
59.65955,0.110,-1.997,0.00
59.66971,0.073,-2.453,0.00
59.67986,0.073,-2.453,0.00
59.69002,0.065,-2.642,0.00
59.70025,0.065,-2.642,0.00
59.71054,0.065,-2.642,0.00
59.72068,0.065,-2.642,0.00
59.73100,0.065,-2.642,0.00
59.74117,0.065,-2.642,0.00
59.75134,0.077,-2.574,0.00
59.76150,0.085,-2.360,0.00
59.77167,0.085,-2.360,0.00
59.78184,0.085,-2.360,0.00
59.79201,0.085,-2.360,0.00
59.80217,0.085,-2.360,0.00
59.81235,0.085,-2.360,0.00
59.82250,0.085,-2.360,0.00
59.83265,0.085,-2.360,0.00
59.84297,0.085,-2.360,0.00
59.85303,0.081,-2.197,0.00
59.86394,0.072,-2.089,0.00
59.87410,0.068,-1.682,0.00
59.88426,0.068,-1.442,0.00
59.89447,0.056,-1.202,0.00
59.90465,0.038,-0.939,0.00
59.91499,0.024,-0.616,0.00
59.92547,0.018,-0.301,0.00
59.93563,0.018,-0.301,0.00
59.94595,0.018,-0.301,0.00
59.95985,0.018,-0.301,0.00
59.97018,0.018,-0.301,0.00
59.98046,0.018,-0.301,0.00
59.99062,0.031,0.398,0.00
60.00078,0.039,0.735,0.00
60.01094,0.041,0.999,0.00
60.02113,0.039,0.999,0.00
60.03128,0.035,0.764,0.00
60.04159,0.035,0.764,0.00
60.05173,0.030,0.518,0.00
60.06188,0.030,0.518,0.00
60.07265,0.030,0.320,0.00
60.08602,0.012,0.320,0.00
60.10058,0.012,0.128,0.00
60.12291,0.002,-0.002,0.00
60.13399,0.002,-0.002,0.00
60.14440,0.002,-0.002,0.00
60.15541,0.002,-0.002,0.00
60.17214,-0.011,-0.078,0.00
60.18342,-0.011,-0.078,0.00
60.19887,-0.034,-0.092,0.00
60.21045,-0.034,0.019,0.00
60.23187,-0.051,0.095,0.00
60.24757,-0.051,0.095,0.00
60.26300,-0.056,0.173,0.00
60.27487,-0.056,0.173,0.00
60.28665,-0.056,0.255,0.00
60.31470,-0.066,0.408,0.00
60.34222,-0.066,0.408,0.00
60.35366,-0.066,0.408,0.00
60.37245,-0.081,0.560,0.00
60.38390,-0.087,0.579,0.00
60.40488,-0.096,0.579,0.00
60.42046,-0.096,0.526,0.00
60.43477,-0.096,0.526,0.00
60.44698,-0.104,0.526,0.00
60.46923,-0.124,0.391,0.00
60.48949,-0.131,0.276,0.00
60.50268,-0.131,0.246,0.00
60.51469,-0.139,0.232,0.00
60.52723,-0.139,0.232,0.00
60.53824,-0.145,0.237,0.00
60.55235,-0.145,0.237,0.00
60.56327,-0.145,0.237,0.00
60.57418,-0.145,0.237,0.00
60.58513,-0.145,0.252,0.00
60.59892,-0.147,0.252,0.00
60.60926,-0.149,0.280,0.00
60.62276,-0.152,0.293,0.00
60.63949,-0.154,0.298,0.00
60.65958,-0.156,0.298,0.00
60.67545,-0.156,0.277,0.00
60.69175,-0.155,0.249,0.00
60.70813,-0.155,0.213,0.00
60.72366,-0.155,0.213,0.00
60.73458,-0.156,0.213,0.00
60.75103,-0.156,0.177,0.00
60.76564,-0.156,0.145,0.00
60.78148,-0.156,0.122,0.00
60.79271,-0.155,0.110,0.00
60.80835,-0.154,0.110,0.00
60.82811,-0.149,0.109,0.00
60.84309,-0.149,0.123,0.00
60.86253,-0.144,0.123,0.00
60.89740,-0.142,0.138,0.00
60.90871,-0.143,0.147,0.00
60.91997,-0.143,0.147,0.00
60.93897,-0.143,0.164,0.00
60.95721,-0.140,0.166,0.00
60.96809,-0.140,0.161,0.00
60.98116,-0.140,0.161,0.00
60.99285,-0.139,0.161,0.00
61.00578,-0.141,0.145,0.00
61.02011,-0.141,0.145,0.00
61.03030,-0.144,0.135,0.00
61.04068,-0.144,0.126,0.00
61.05116,-0.143,0.126,0.00
61.06176,-0.143,0.126,0.00
61.08142,-0.143,0.117,0.00
61.11914,-0.140,0.117,0.00
61.16871,-0.139,0.124,0.00
61.17928,0.002,0.124,0.00
61.18977,0.002,-0.049,0.00
61.20019,0.003,-0.045,0.00
61.21036,0.003,-0.045,0.00
61.22052,0.011,-0.046,0.00
61.23076,0.011,-0.045,0.00
61.24109,0.016,-0.045,0.00
61.25142,0.016,-0.049,0.00
61.26193,0.016,-0.049,0.00
61.27226,0.020,-0.046,0.00
61.28263,0.025,-0.040,0.00
61.29298,0.025,-0.040,0.00
61.30337,0.031,-0.036,0.00
61.31367,0.031,-0.036,0.00
61.32384,0.031,-0.033,0.00
61.33423,0.038,-0.033,0.00
61.34517,0.045,-0.023,0.00
61.35533,0.045,-0.023,0.00
61.36681,0.045,-0.023,0.00
61.37697,0.054,-0.014,0.00
61.38728,0.054,-0.002,0.00
61.39748,0.062,-0.002,0.00
61.40763,0.071,0.010,0.00
61.41779,0.071,0.010,0.00
61.42801,0.080,0.019,0.00
61.43853,0.080,0.019,0.00
61.44895,0.089,0.031,0.00
61.45913,0.089,0.031,0.00
61.46946,0.089,0.042,0.00
61.47967,0.099,0.042,0.00
61.48984,0.107,0.054,0.00
61.50002,0.107,0.054,0.00
61.51033,0.114,0.068,0.00
61.52051,0.114,0.068,0.00
61.53079,0.123,0.083,0.00
61.54096,0.130,0.083,0.00
61.55113,0.130,0.098,0.00
61.56133,0.134,0.098,0.00
61.57147,0.134,0.115,0.00
61.58190,0.138,0.115,0.00
61.59206,0.138,0.130,0.00
61.60223,0.138,0.130,0.00
61.61238,0.142,0.151,0.00
61.62255,0.142,0.168,0.00
61.63271,0.147,0.168,0.00
61.64286,0.155,0.182,0.00
61.65301,0.155,0.182,0.00
61.66316,0.162,0.182,0.00
61.67331,0.162,0.196,0.00
61.68349,0.162,0.196,0.00
61.69369,0.167,0.210,0.00
61.70390,0.169,0.210,0.00
61.71424,0.169,0.221,0.00
61.72440,0.168,0.230,0.00
61.73543,0.168,0.230,0.00
61.74595,0.171,0.234,0.00
61.75625,0.171,0.234,0.00
61.76724,0.172,0.235,0.00
61.77741,0.172,0.235,0.00
61.78758,0.172,0.237,0.00
61.79773,0.172,0.237,0.00
61.80788,0.171,0.237,0.00
61.81840,0.171,0.235,0.00
61.82856,0.168,0.231,0.00
61.83872,0.168,0.231,0.00
61.84888,0.164,0.228,0.00
61.85968,0.164,0.228,0.00
61.86992,0.161,0.224,0.00
61.88008,0.161,0.224,0.00
61.89040,0.156,0.217,0.00
61.90094,0.156,0.217,0.00
61.91264,0.156,0.217,0.00
61.92286,0.151,0.210,0.00
61.93299,0.151,0.202,0.00
61.94314,0.151,0.202,0.00
61.95330,0.151,0.202,0.00
61.96344,0.144,0.189,0.00
61.97362,0.144,0.189,0.00
61.98378,0.144,0.189,0.00
61.99393,0.138,0.181,0.00
62.00409,0.138,0.181,0.00
62.01431,0.132,0.171,0.00
62.02448,0.132,0.171,0.00
62.03464,0.127,0.162,0.00
62.04480,0.125,0.162,0.00
62.05499,0.125,0.155,0.00
62.06515,0.123,0.155,0.00
62.07531,0.123,0.148,0.00
62.08548,0.123,0.148,0.00
62.09572,0.118,0.140,0.00
62.10805,0.118,0.140,0.00
62.11822,0.118,0.140,0.00
62.12838,0.067,0.135,0.00
62.14035,0.067,0.128,0.00
62.15051,-0.057,0.121,0.00
62.16067,-0.057,0.121,0.00
62.17084,-0.378,0.117,0.00
62.18102,-0.378,0.117,0.00
62.19143,-0.544,0.114,0.00
62.20160,-0.544,0.114,0.00
62.21175,-0.625,0.113,0.00
62.22190,-0.395,0.111,0.00
62.23206,-0.395,0.111,0.00
62.24333,-0.395,0.111,0.00
62.25360,0.172,0.106,0.00
62.26385,0.172,0.106,0.00
62.27418,1.057,0.108,0.00
62.28442,1.057,0.108,0.00
62.29467,2.332,0.108,0.00
62.30523,2.332,0.108,0.00
62.31541,3.899,0.113,0.00
62.32557,5.606,0.118,0.00
62.33596,5.606,0.118,0.00
62.34613,7.351,0.123,0.00
62.35629,7.351,0.123,0.00
62.36644,9.069,0.127,0.00
62.37784,9.069,0.127,0.00
62.38801,9.069,0.127,0.00
62.40237,10.689,0.130,0.00
62.41261,12.170,0.130,0.00
62.42294,12.170,0.130,0.00
62.43659,13.491,0.130,9.00
62.44698,14.628,0.128,9.00
62.45753,14.628,0.128,9.00
62.46842,15.561,0.128,9.00
62.47878,15.561,0.127,9.00
62.48911,16.132,0.128,9.00
62.49948,16.132,0.128,9.00
62.50966,16.373,0.131,9.00
62.51990,16.373,0.131,9.00
62.54705,16.319,0.133,9.00
62.55733,16.319,0.133,9.00
62.57917,16.319,0.136,9.00
62.58935,15.073,0.142,9.00
62.61079,14.042,0.147,9.00
62.62095,14.042,0.147,9.00
62.64227,14.042,0.147,9.00
62.65248,11.406,0.155,9.00
62.66265,11.406,0.155,9.00
62.67587,9.444,0.171,9.00
62.68602,7.548,0.190,9.00
62.69622,7.548,0.190,9.00
62.70700,5.835,0.190,9.00
62.71720,5.835,0.205,9.00
62.72819,5.835,0.205,9.00
62.73844,5.835,0.220,9.00
62.74908,2.581,0.219,9.00
62.75965,2.581,0.219,9.00
62.77061,1.299,0.219,9.00
62.78132,1.299,0.216,9.00
62.79160,0.342,0.176,9.00
62.80279,0.342,0.176,9.00
62.81307,-0.301,0.092,9.00
62.82339,-0.301,0.092,9.00
62.83465,-0.643,0.036,9.00
62.84481,-0.640,-0.011,9.00
62.85496,-0.640,-0.011,9.00
62.88360,-0.466,-0.052,9.00
62.89395,-0.199,-0.101,9.00
62.91426,-0.199,-0.101,9.00
62.92445,0.142,-0.178,9.00
62.94748,0.111,-0.227,9.00
62.95980,0.111,-0.227,9.00
62.97924,-0.012,-0.312,9.50
62.98942,-0.158,-0.689,9.50
62.99958,-0.158,-0.689,9.50
63.01180,-0.306,-1.004,9.50
63.02197,-0.426,-1.004,9.50
63.03213,-0.426,-1.204,9.50
63.04251,-0.426,-1.204,10.00
63.05279,-0.499,-1.314,10.00
63.06295,-0.542,-1.314,10.00
63.07521,-0.542,-1.409,10.00
63.08561,-0.556,-1.407,10.00
63.09652,-0.556,-1.407,10.00
63.10670,-0.547,-1.309,10.50
63.11689,-0.547,-1.309,10.50
63.12713,-0.530,-1.216,10.50
63.15418,-0.530,-1.216,11.00
63.16433,-0.505,-1.082,11.00
63.18691,-0.477,-0.999,12.00
63.19715,-0.447,-0.945,12.00
63.21844,-0.419,-0.945,13.50
63.22953,-0.397,-0.848,13.50
63.23980,-0.397,-0.848,13.50
63.25089,-0.397,-0.848,15.00
63.26127,-0.379,-0.788,15.00
63.27143,-0.379,-0.730,15.00
63.28286,-0.363,-0.730,16.50
63.29303,-0.354,-0.666,16.50
63.30320,-0.354,-0.583,16.50
63.31551,-0.342,-0.583,18.50
63.32569,-0.322,-0.554,18.50
63.33589,-0.322,-0.554,18.50
63.34798,-0.300,-0.531,20.50
63.35817,-0.300,-0.531,20.50
63.36896,-0.279,-0.542,20.50
63.38026,-0.279,-0.575,22.50
63.39042,-0.265,-0.575,22.50
63.40115,-0.265,-0.613,22.50
63.42601,-0.258,-0.613,24.00
63.43634,-0.265,-0.680,24.00
63.46176,-0.291,-0.680,25.50
63.47207,-0.330,-0.766,25.50
63.49022,-0.381,-0.766,26.50
63.50065,-0.381,-0.790,26.50
63.52329,-0.427,-0.802,27.50
63.53347,-0.464,-0.855,27.50
63.55390,-0.464,-0.855,28.00
63.56422,-0.492,-0.877,28.00
63.57454,-0.515,-0.908,28.00
63.58710,-0.535,-0.908,28.50
63.59726,-0.535,-0.933,28.50
63.60744,-0.547,-0.952,28.50
63.61868,-0.547,-0.952,29.00
63.62901,-0.547,-0.952,29.00
63.63937,-0.557,-0.992,29.00
63.65179,-0.565,-1.003,29.00
63.66202,-0.565,-1.112,29.00
63.67218,-0.569,-1.112,29.00
63.68267,-0.569,-1.112,29.00
63.69283,-0.575,-1.215,29.00
63.70314,-0.581,-1.342,29.00
63.71329,-0.581,-1.342,29.00
63.72999,-0.581,-1.342,29.50
63.74017,-0.584,-1.536,29.50
63.76307,-0.575,-2.056,29.50
63.77328,-0.575,-2.056,29.50
63.79484,-0.575,-2.056,29.50
63.80555,-0.554,-2.715,29.50
63.83051,-0.554,-2.715,29.50
63.84200,-0.545,-3.094,29.50
63.85788,-0.533,-3.530,29.50
63.86809,-0.516,-4.053,29.50
63.87824,-0.516,-4.053,29.50
63.89012,-0.496,-4.053,29.50
63.90041,-0.496,-4.564,29.50
63.91080,-0.470,-5.180,29.50
63.92229,-0.470,-5.180,29.50
63.93252,-0.470,-5.705,29.50
63.94274,-0.450,-5.705,29.50
63.95382,-0.430,-6.326,29.50
63.96400,-0.430,-6.326,29.50
63.97438,-0.407,-6.873,29.50
63.98451,-0.379,-7.347,29.50
64.00247,-0.379,-7.347,29.50
64.01264,-0.345,-7.838,29.50
64.03467,-0.312,-8.252,29.50
64.04585,-0.312,-8.252,29.50
64.06642,-0.271,-8.608,29.50
64.07659,-0.233,-8.871,29.50
64.10072,-0.197,-9.028,29.50
64.11091,-0.163,-9.063,29.50
64.13116,-0.138,-8.990,29.50
64.14131,-0.117,-8.990,29.50
64.15159,-0.117,-8.771,29.50
64.16566,-0.117,-8.771,29.50
64.17583,-0.102,-8.436,29.50
64.18623,-0.102,-8.436,29.50
64.19677,-0.094,-7.992,29.50
64.20690,-0.088,-7.386,29.50
64.21704,-0.088,-7.386,29.50
64.22719,-0.086,-6.743,29.50
64.23746,-0.086,-6.743,29.50
64.24762,-0.090,-5.978,29.50
64.26076,-0.090,-5.978,29.50
64.27094,-0.104,-5.083,29.50
64.28133,-0.104,-5.083,29.50
64.30597,-0.116,-4.237,29.50
64.31618,-0.129,-3.354,29.50
64.33861,-0.129,-3.354,29.50
64.34879,-0.167,-1.717,29.50
64.37061,-0.167,-1.717,29.50
64.38077,-0.198,-0.961,29.50
64.40485,-0.229,-0.199,29.50
64.41510,-0.263,0.558,29.50
64.43396,-0.295,1.289,29.50
64.44416,-0.295,1.903,29.50
64.45432,-0.324,1.903,29.50
64.46624,-0.324,1.903,29.50
64.47651,-0.352,1.903,29.50
64.48667,-0.375,2.911,29.50
64.49848,-0.375,2.911,29.50
64.50888,-0.397,3.295,29.50
64.51940,-0.397,3.295,29.50
64.53046,-0.413,3.535,29.50
64.54089,-0.413,3.535,29.50
64.55134,-0.431,3.862,29.50
64.57997,-0.449,4.004,29.50
64.59064,-0.459,4.159,29.50
64.60106,-0.470,4.233,0.00
64.61121,-0.470,4.233,0.00
64.62165,-0.470,4.233,0.00
64.63182,-0.476,4.301,0.00
64.64222,-0.476,4.301,0.00
64.65247,-0.476,4.380,0.00
64.66263,-0.485,4.380,0.00
64.67279,-0.492,4.344,0.00
64.68295,-0.492,4.385,0.00
64.69309,-0.505,4.385,0.00
64.70325,-0.527,4.358,0.00
64.71340,-0.527,4.358,0.00
64.72367,-0.527,4.358,0.00
64.73382,-0.535,4.366,0.00
64.74424,-0.535,4.366,0.00
64.75438,-0.525,4.351,0.00
64.76454,-0.506,4.351,0.00
64.77486,-0.506,4.251,0.00
64.78502,-0.460,4.247,0.00
64.79519,-0.460,4.247,0.00
64.80536,-0.359,4.187,0.00
64.81551,-0.359,4.187,0.00
64.82568,-0.359,4.187,0.00
64.83583,-0.214,4.147,0.00
64.84599,-0.214,4.147,0.00
64.85615,-0.092,4.140,0.00
64.86630,-0.009,4.051,0.00
64.87646,-0.009,4.051,0.00
64.88698,0.040,4.049,0.00
64.89715,0.040,4.049,0.00
64.90733,0.051,3.977,0.00
64.91750,0.051,3.977,0.00
64.92766,0.052,3.954,0.00
64.93817,0.052,3.954,0.00
64.94845,0.054,4.001,0.00
64.95878,0.054,4.001,0.00
64.96911,0.054,3.952,0.00
64.97945,0.054,3.952,0.00
64.98983,0.063,3.952,0.00
65.00021,0.063,4.017,0.00
65.01052,0.094,3.988,0.00
65.02138,0.094,3.988,0.00
65.03155,0.135,4.036,0.00
65.04172,0.182,4.036,0.00
65.05189,0.182,4.086,0.00
65.06230,0.175,4.086,0.00
65.07247,0.175,4.091,0.00
65.08284,0.175,4.091,0.00
65.09331,0.087,4.091,0.00
65.10333,0.087,4.094,0.00
65.11352,-0.007,4.094,0.00
65.12369,-0.089,4.131,0.00
65.13387,-0.089,4.131,0.00
65.14426,-0.133,4.091,0.00
65.15491,-0.133,4.091,0.00
65.16569,-0.177,4.036,0.00
65.17599,-0.177,4.036,0.00
65.18645,-0.177,3.934,0.00
65.19674,-0.242,3.934,0.00
65.20708,-0.242,3.815,0.00
65.21737,-0.289,3.815,0.00
65.22773,-0.303,3.488,0.00
65.23826,-0.303,3.488,0.00
65.24868,-0.282,2.603,0.00
65.25902,-0.282,2.603,0.00
65.26919,-0.252,1.966,0.00
65.27953,-0.252,1.966,0.00
65.28968,-0.252,1.966,0.00
65.29990,-0.229,1.545,0.00
65.31012,-0.213,1.050,0.00
65.32027,-0.213,1.050,0.00
65.33044,-0.186,0.429,0.00
65.34060,-0.186,0.429,0.00
65.35076,-0.142,-0.338,0.00
65.36133,-0.142,-0.338,0.00
65.37150,-0.082,-0.919,0.00
65.38170,-0.082,-0.919,0.00
65.39197,-0.082,-0.919,0.00
65.40312,-0.017,-1.513,0.00
65.41327,0.049,-2.322,0.00
65.42343,0.049,-2.322,0.00
65.43368,0.116,-3.050,0.00
65.44375,0.116,-3.050,0.00
65.45389,0.176,-3.479,0.00
65.46407,0.176,-3.479,0.00
65.47433,0.232,-3.377,0.00
65.48456,0.277,-2.783,0.00
65.49480,0.277,-2.783,0.00
65.50503,0.306,-1.811,0.00
65.51557,0.306,-1.811,0.00
65.52572,0.321,-0.333,0.00
65.53588,0.321,-0.333,0.00
65.54679,0.334,0.903,0.00
65.55713,0.334,0.903,0.00
65.56745,0.358,1.304,0.00
65.57972,0.358,1.304,0.00
65.59002,0.388,0.438,0.00
65.60123,0.388,0.438,0.00
65.61137,0.413,0.156,0.00
65.62171,0.426,0.156,0.00
65.63187,0.426,-0.278,0.00
65.64203,0.426,-0.278,0.00
65.65217,0.407,-0.572,0.00
65.66233,0.407,-0.572,0.00
65.67261,0.363,-1.229,0.00
65.68313,0.363,-1.229,0.00
65.69340,0.328,-1.634,0.00
65.70370,0.328,-2.045,0.00
65.71465,0.306,-2.045,0.00
65.72472,0.290,-2.045,0.00
65.73507,0.290,-2.107,0.00
65.74527,0.290,-2.107,0.00
65.75543,0.274,-1.921,0.00
65.76559,0.274,-1.921,0.00
65.77589,0.261,-1.726,0.00
65.78615,0.261,-1.726,0.00
65.79620,0.245,-1.674,0.00
65.80637,0.245,-1.674,0.00
65.81659,0.236,-1.637,0.00
65.82667,0.230,-1.506,0.00
65.83683,0.230,-1.506,0.00
65.84699,0.221,-1.315,0.00
65.85740,0.221,-1.315,0.00
65.86762,0.205,-1.117,0.00
65.87779,0.205,-1.117,0.00
65.88809,0.186,-0.897,0.00
65.89824,0.186,-0.897,0.00
65.90997,0.168,-0.696,0.00
65.92015,0.168,-0.696,0.00
65.93031,0.156,-0.478,0.00
65.94046,0.156,-0.478,0.00
65.95062,0.153,-0.207,0.00
65.96085,0.153,-0.207,0.00
65.97151,0.156,0.070,0.00
65.98185,0.156,0.070,0.00
65.99200,0.156,0.291,0.00
66.00225,0.156,0.291,0.00
66.01241,0.153,0.553,0.00
66.02257,0.153,0.553,0.00
66.03278,0.150,0.498,0.00
66.04298,0.150,0.498,0.00
66.05314,0.145,0.246,0.00
66.06330,0.145,0.246,0.00
66.07368,0.137,0.056,0.00
66.08385,0.137,0.056,0.00
66.09399,0.128,-0.124,0.00
66.11736,0.122,-0.307,0.00
66.13312,0.122,-0.307,0.00
66.15705,0.109,-0.520,0.00
66.17435,0.109,-0.520,0.00
66.18582,0.089,-0.482,0.00
66.19693,0.089,-0.482,0.00
66.21383,0.074,-0.422,0.00
66.22401,0.074,-0.351,0.00
66.24788,0.056,-0.351,0.00
66.26437,0.030,-0.179,0.00
66.27522,0.030,-0.179,0.00
66.28559,0.019,-0.179,0.00
66.29627,0.019,-0.095,0.00
66.30717,0.019,-0.019,0.00
66.31995,0.005,-0.019,0.00
66.33595,-0.009,0.066,0.00
66.34619,-0.019,0.066,0.00
66.35655,-0.019,0.157,0.00
66.36797,-0.019,0.157,0.00
66.37884,-0.029,0.238,0.00
66.38992,-0.043,0.238,0.00
66.41182,-0.043,0.269,0.00
66.42299,-0.071,0.242,0.00
66.44260,-0.071,0.187,0.00
66.45335,-0.071,0.187,0.00
66.46497,-0.084,0.135,0.00
66.48044,-0.094,0.135,0.00
66.50759,-0.102,-0.014,0.00
66.52993,-0.120,-0.036,0.00
66.54035,-0.120,-0.036,0.00
66.55097,-0.129,-0.043,0.00
66.56132,-0.129,-0.043,0.00
66.57174,-0.136,-0.035,0.00
66.58225,-0.136,-0.035,0.00
66.59245,-0.143,-0.017,0.00
66.60471,-0.148,-0.000,0.00
66.61521,-0.148,-0.000,0.00
66.62537,-0.148,-0.000,0.00
66.63575,-0.153,-0.000,0.00
66.64624,-0.153,0.034,0.00
66.66306,-0.163,0.051,0.00
66.67336,-0.163,0.051,0.00
66.68405,-0.169,0.051,0.00
66.69431,-0.169,0.063,0.00
66.70452,-0.169,0.063,0.00
66.71467,-0.175,0.060,0.00
66.73074,-0.181,0.044,0.00
66.74187,-0.181,0.010,0.00
66.75429,-0.186,0.010,0.00
66.78042,-0.190,-0.033,0.00
66.79096,-0.190,-0.074,0.00
66.80145,-0.195,-0.074,0.00
66.81218,-0.201,-0.074,0.00
66.82805,-0.207,-0.074,0.00
66.84352,-0.207,-0.144,0.00
66.86026,-0.212,-0.175,0.00
66.87575,-0.215,-0.175,0.00
66.89273,-0.219,-0.228,0.00
66.91556,-0.219,-0.228,0.00
66.92765,-0.222,-0.228,0.00
66.94977,-0.222,-0.274,0.00
66.97002,-0.225,-0.274,0.00
66.98623,-0.226,-0.290,0.00
67.00515,-0.229,-0.304,0.00
67.01947,-0.229,-0.319,0.00
67.03509,-0.230,-0.319,0.00
67.05570,-0.226,-0.319,0.00
67.07175,-0.220,-0.378,0.00
67.08314,-0.220,-0.378,0.00
67.09978,-0.221,-0.396,0.00
67.14743,-0.218,-0.432,0.00
67.15776,-0.213,-0.441,0.00
67.20245,-0.200,-0.441,0.00
67.21263,-0.193,-0.457,0.00
67.22351,-0.046,-0.384,0.00
67.23327,-0.042,-0.381,0.00
67.24345,-0.042,-0.381,0.00
67.25360,-0.040,-0.379,0.00
67.26382,-0.040,-0.379,0.00
67.27422,-0.037,-0.379,0.00
67.28447,-0.037,-0.379,0.00
67.29463,-0.036,-0.379,0.00
67.30479,-0.036,-0.379,0.00
67.31500,-0.036,-0.376,0.00
67.32519,-0.036,-0.376,0.00
67.33535,-0.038,-0.373,0.00
67.34566,-0.038,-0.373,0.00
67.35582,-0.043,-0.370,0.00
67.36601,-0.048,-0.362,0.00
67.37624,-0.048,-0.362,0.00
67.38651,-0.048,-0.362,0.00
67.39668,-0.053,-0.355,0.00
67.40696,-0.053,-0.355,0.00
67.41715,-0.058,-0.350,0.00
67.42756,-0.063,-0.344,0.00
67.43772,-0.063,-0.344,0.00
67.44841,-0.063,-0.344,0.00
67.45857,-0.066,-0.337,0.00
67.46873,-0.070,-0.329,0.00
67.47888,-0.070,-0.329,0.00
67.48904,-0.074,-0.316,0.00
67.50034,-0.074,-0.316,0.00
67.51049,-0.078,-0.310,0.00
67.52071,-0.078,-0.310,0.00
67.53095,-0.081,-0.308,0.00
67.54194,-0.081,-0.308,0.00
67.55210,-0.082,-0.299,0.00
67.56294,-0.082,-0.299,0.00
67.57310,-0.082,-0.295,0.00
67.58326,-0.081,-0.295,0.00
67.59464,-0.081,-0.289,0.00
67.60488,-0.079,-0.289,0.00
67.61507,-0.079,-0.283,0.00
67.62522,-0.078,-0.283,0.00
67.63539,-0.078,-0.277,0.00
67.64698,-0.078,-0.277,0.00
67.65716,-0.074,-0.271,0.00
67.66756,-0.070,-0.261,0.00
67.67771,-0.070,-0.261,0.00
67.68798,-0.064,-0.253,0.00
67.69880,-0.064,-0.253,0.00
67.70886,-0.060,-0.245,0.00
67.71982,-0.060,-0.245,0.00
67.73018,-0.056,-0.236,0.00
67.74034,-0.056,-0.236,0.00
67.75080,-0.047,-0.224,0.00
67.76152,-0.038,-0.224,0.00
67.77166,-0.038,-0.210,0.00
67.78186,-0.031,-0.202,0.00
67.79214,-0.031,-0.202,0.00
67.80252,-0.031,-0.202,0.00
67.81291,-0.025,-0.186,0.00
67.82312,-0.025,-0.186,0.00
67.83397,-0.021,-0.169,0.00
67.84432,-0.021,-0.169,0.00
67.85445,-0.015,-0.156,0.00
67.86471,-0.005,-0.145,0.00
67.87554,-0.005,-0.145,0.00
67.88571,0.004,-0.139,0.00
67.89676,0.004,-0.139,0.00
67.90683,0.011,-0.130,0.00
67.91699,0.011,-0.130,0.00
67.92715,0.011,-0.124,0.00
67.93782,0.018,-0.124,0.00
67.94800,0.016,-0.122,0.00
67.95818,0.016,-0.122,0.00
67.96835,-0.003,-0.122,0.00
67.97851,-0.003,-0.122,0.00
67.98887,-0.003,-0.122,0.00
67.99905,-0.037,-0.123,0.00
68.00940,-0.095,-0.121,0.00
68.01955,-0.095,-0.121,0.00
68.03027,-0.179,-0.118,0.00
68.04042,-0.179,-0.118,0.00
68.05058,-0.242,-0.115,0.00
68.06074,-0.242,-0.115,0.00
68.07089,-0.289,-0.110,0.00
68.08106,-0.289,-0.104,0.00
68.09121,-0.366,-0.104,0.00
68.10176,-0.366,-0.104,0.00
68.11260,-0.455,-0.095,0.00
68.12315,-0.455,-0.095,0.00
68.13349,-0.509,-0.088,0.00
68.14365,-0.552,-0.088,0.00
68.15379,-0.552,-0.082,0.00
68.16395,-0.543,-0.077,0.00
68.17431,-0.543,-0.077,0.00
68.18441,-0.459,-0.077,0.00
68.19456,-0.459,-0.070,0.00
68.20484,-0.459,-0.070,0.00
68.21698,-0.203,-0.060,0.00
68.22715,-0.203,-0.060,0.00
68.23732,0.301,-0.059,0.00
68.24764,1.101,-0.056,0.00
68.25798,1.101,-0.056,0.00
68.26831,2.077,-0.052,0.00
68.27875,2.077,-0.052,0.00
68.28893,3.253,-0.051,0.00
68.30042,3.253,-0.051,0.00
68.31059,4.506,-0.051,0.00
68.32176,4.506,-0.051,0.00
68.33202,5.877,-0.051,0.00
68.34260,5.877,-0.051,0.00
68.35293,7.378,-0.052,0.00
68.36322,7.378,-0.052,0.00
68.37338,7.378,-0.050,0.00
68.38355,8.908,-0.050,0.00
68.40327,10.457,-0.050,0.00
68.41346,11.964,-0.051,0.00
68.42362,13.376,-0.051,0.00
68.43475,13.376,-0.048,9.00
68.44497,13.376,-0.048,9.00
68.45513,14.687,-0.052,9.00
68.46712,14.687,-0.052,9.00
68.47960,15.852,-0.055,9.00
68.48977,16.814,-0.052,9.00
68.50014,16.814,-0.052,9.00
68.51031,17.494,-0.057,9.00
68.52131,17.494,-0.057,9.00
68.53150,17.769,-0.053,9.00
68.54167,17.749,-0.051,9.00
68.55209,17.749,-0.051,9.00
68.57851,17.749,-0.045,9.00
68.58884,17.559,-0.044,9.00
68.61032,17.066,-0.044,9.00
68.62125,17.066,-0.047,9.00
68.64178,16.242,-0.045,9.00
68.65212,16.242,-0.045,9.00
68.67413,15.185,-0.029,9.00
68.68431,13.847,0.003,9.00
68.69450,12.114,0.023,9.00
68.70616,12.114,0.047,9.00
68.71665,10.262,0.047,9.00
68.72687,8.433,0.047,9.00
68.73799,8.433,0.076,9.00
68.74838,6.677,0.101,9.00
68.75854,6.677,0.101,9.00
68.77119,5.074,0.119,9.00
68.78142,3.666,0.119,9.00
68.79163,3.666,0.142,9.00
68.81892,3.666,0.161,9.00
68.82911,1.494,0.165,9.00
68.85152,0.715,0.153,9.00
68.86170,0.715,0.135,9.00
68.88175,0.115,0.135,9.00
68.89194,-0.410,0.111,9.00
68.90219,-0.410,0.111,9.00
68.91522,-0.410,0.111,9.00
68.92542,-0.559,0.082,9.00
68.93558,-0.559,0.082,9.00
68.94676,-0.559,0.082,9.00
68.95710,-0.343,0.052,9.00
68.96729,0.121,-0.035,9.00
68.97884,0.703,-0.035,9.50
68.98911,1.276,-0.332,9.50
68.99939,1.276,-0.332,9.50
69.01054,1.637,-0.614,9.50
69.02138,1.637,-0.614,9.50
69.03171,1.716,-0.836,9.50
69.06017,1.598,-0.995,10.00
69.07053,1.389,-0.995,10.00
69.09116,1.132,-1.014,10.00
69.10135,0.904,-0.974,10.00
69.12523,0.731,-0.974,10.50
69.13609,0.731,-0.897,10.50
69.15706,0.642,-0.791,11.50
69.16725,0.630,-0.692,11.50
69.18669,0.650,-0.636,12.00
69.19915,0.650,-0.636,12.00
69.21903,0.682,-0.587,13.50
69.22957,0.730,-0.551,13.50
69.23979,0.730,-0.551,13.50
69.25074,0.754,-0.504,15.00
69.26238,0.745,-0.504,15.00
69.27253,0.745,-0.460,15.00
69.28893,0.745,-0.460,16.50
69.29911,0.712,-0.417,16.50
69.30927,0.683,-0.364,16.50
69.32968,0.683,-0.364,18.50
69.33987,0.662,-0.346,18.50
69.36248,0.643,-0.322,21.00
69.37296,0.622,-0.358,21.00
69.39528,0.580,-0.358,22.50
69.40546,0.520,-0.467,22.50
69.42566,0.520,-0.467,24.50
69.43608,0.457,-0.553,24.50
69.44626,0.391,-0.637,24.50
69.46025,0.391,-0.637,25.50
69.47043,0.326,-0.717,25.50
69.48090,0.326,-0.717,25.50
69.49108,0.270,-0.771,26.50
69.50123,0.270,-0.771,26.50
69.51142,0.225,-0.813,26.50
69.52306,0.185,-0.861,27.50
69.53322,0.185,-0.861,27.50
69.54437,0.185,-0.861,27.50
69.57172,0.144,-0.952,28.00
69.58203,0.144,-0.952,28.00
69.60235,0.137,-1.012,28.50
69.61260,0.137,-1.012,28.50
69.63750,0.135,-1.178,29.00
69.64766,0.147,-1.223,29.00
69.66655,0.157,-1.365,29.00
69.67688,0.157,-1.365,29.00
69.68709,0.157,-1.471,29.00
69.69836,0.167,-1.471,29.00
69.70879,0.175,-1.716,29.00
69.71902,0.175,-1.716,29.00
69.73080,0.175,-1.716,29.50
69.74098,0.185,-1.948,29.50
69.75112,0.202,-2.255,29.50
69.76233,0.202,-2.255,29.50
69.77268,0.219,-2.688,29.50
69.78283,0.219,-3.062,29.50
69.79461,0.241,-3.062,29.50
69.80478,0.241,-3.585,29.50
69.81594,0.262,-3.585,29.50
69.84556,0.286,-4.087,29.50
69.85572,0.313,-4.729,29.50
69.87432,0.313,-5.383,29.50
69.88454,0.338,-5.383,29.50
69.90704,0.367,-6.059,29.50
69.91728,0.367,-6.059,29.50
69.93916,0.426,-6.806,29.50
69.94935,0.462,-7.513,29.50
69.97268,0.462,-7.513,29.50
69.98289,0.544,-8.284,29.50
69.99316,0.544,-8.835,29.50
70.00337,0.544,-8.835,29.50
70.01359,0.590,-9.332,29.50
70.02378,0.640,-9.702,29.50
70.03451,0.640,-9.702,29.50
70.04467,0.690,-9.890,29.50
70.05486,0.690,-9.890,29.50
70.08415,0.783,-9.737,29.50
70.09431,0.783,-9.737,29.50
70.11545,0.817,-9.363,29.50
70.12574,0.817,-8.772,29.50
70.14612,0.844,-8.047,29.50
70.15631,0.855,-8.047,29.50
70.16668,0.855,-8.047,29.50
70.17908,0.855,-8.047,29.50
70.18925,0.861,-7.167,29.50
70.19946,0.855,-6.210,29.50
70.21118,0.842,-5.117,29.50
70.22154,0.829,-4.036,29.50
70.23200,0.829,-4.036,29.50
70.24228,0.829,-4.036,29.50
70.25244,0.801,-2.898,29.50
70.26278,0.769,-2.898,29.50
70.27439,0.769,-1.776,29.50
70.28457,0.726,-1.776,29.50
70.29493,0.726,-0.615,29.50
70.32346,0.726,0.405,29.50
70.33395,0.629,1.346,29.50
70.35372,0.629,1.346,29.50
70.36409,0.575,2.249,29.50
70.38658,0.522,3.090,29.50
70.39719,0.470,3.818,29.50
70.41848,0.420,4.501,29.50
70.42874,0.372,5.034,29.50
70.45425,0.372,5.515,29.50
70.46442,0.286,5.802,29.50
70.48268,0.245,5.923,29.50
70.49284,0.245,5.923,29.50
70.50300,0.245,5.923,29.50
70.51449,0.245,6.069,29.50
70.52490,0.178,6.020,29.50
70.53610,0.178,6.020,29.50
70.54680,0.148,6.086,29.50
70.55702,0.148,6.086,29.50
70.56859,0.126,5.984,29.50
70.57876,0.126,5.984,0.00
70.58893,0.102,5.947,0.00
70.59924,0.102,5.947,0.00
70.60951,0.081,5.960,0.00
70.61967,0.081,5.960,0.00
70.62984,0.054,5.856,0.00
70.63999,0.054,5.856,0.00
70.65031,0.054,5.856,0.00
70.66047,0.054,5.856,0.00
70.67064,0.006,5.811,0.00
70.68079,0.006,5.811,0.00
70.69095,-0.026,5.621,0.00
70.70138,-0.026,5.621,0.00
70.71138,-0.023,5.511,0.00
70.72155,0.007,5.511,0.00
70.73175,0.007,5.317,0.00
70.74190,0.007,5.317,0.00
70.75206,0.047,5.215,0.00
70.76223,0.137,5.215,0.00
70.77240,0.137,5.106,0.00
70.78290,0.137,5.106,0.00
70.79328,0.303,5.106,0.00
70.80369,0.490,4.949,0.00
70.81414,0.490,4.877,0.00
70.82450,0.642,4.877,0.00
70.83503,0.642,4.765,0.00
70.84529,0.732,4.765,0.00
70.85597,0.732,4.741,0.00
70.86710,0.774,4.791,0.00
70.87742,0.774,4.791,0.00
70.88796,0.774,4.791,0.00
70.89823,0.795,4.769,0.00
70.90859,0.779,4.821,0.00
70.91936,0.779,4.821,0.00
70.92981,0.749,4.793,0.00
70.94007,0.749,4.793,0.00
70.95026,0.744,4.855,0.00
70.96059,0.744,4.855,0.00
70.97080,0.756,4.888,0.00
70.98113,0.756,4.888,0.00
70.99146,0.756,4.888,0.00
71.00181,0.771,4.888,0.00
71.01241,0.804,4.997,0.00
71.02258,0.804,4.997,0.00
71.03284,0.845,4.982,0.00
71.04317,0.875,4.982,0.00
71.05332,0.875,5.051,0.00
71.06352,0.875,5.051,0.00
71.07375,0.799,5.072,0.00
71.08392,0.799,5.072,0.00
71.09423,0.643,5.077,0.00
71.10449,0.643,5.077,0.00
71.11454,0.488,5.117,0.00
71.12480,0.488,5.117,0.00
71.13498,0.381,5.054,0.00
71.14514,0.381,5.098,0.00
71.15542,0.314,5.098,0.00
71.16557,0.246,5.063,0.00
71.17581,0.246,5.063,0.00
71.18598,0.246,5.063,0.00
71.19634,0.188,4.943,0.00
71.20650,0.166,4.943,0.00
71.21664,0.166,4.794,0.00
71.22696,0.166,4.794,0.00
71.23718,0.174,4.636,0.00
71.24753,0.202,4.216,0.00
71.25783,0.202,4.216,0.00
71.26812,0.254,3.243,0.00
71.27911,0.254,3.243,0.00
71.28927,0.307,2.499,0.00
71.29944,0.307,2.499,0.00
71.30960,0.307,2.499,0.00
71.31976,0.357,1.988,0.00
71.32993,0.357,1.988,0.00
71.34014,0.415,1.344,0.00
71.35062,0.489,0.538,0.00
71.36077,0.489,0.538,0.00
71.37093,0.580,-0.117,0.00
71.38110,0.580,-0.117,0.00
71.39127,0.676,-0.687,0.00
71.40149,0.676,-0.687,0.00
71.41165,0.765,-1.365,0.00
71.42183,0.840,-2.165,0.00
71.43211,0.840,-2.165,0.00
71.44385,0.840,-3.057,0.00
71.45416,0.905,-3.057,0.00
71.46433,0.905,-3.057,0.00
71.47450,0.967,-3.820,0.00
71.48467,1.028,-4.299,0.00
71.49483,1.028,-4.299,0.00
71.50499,1.028,-4.299,0.00
71.51537,1.076,-4.208,0.00
71.52588,1.091,-3.479,0.00
71.53625,1.091,-3.479,0.00
71.54642,1.091,-2.418,0.00
71.55662,1.075,-2.418,0.00
71.56694,1.045,-1.089,0.00
71.57823,1.045,-1.089,0.00
71.58841,1.010,0.448,0.00
71.59856,1.010,0.448,0.00
71.60872,1.010,0.448,0.00
71.61952,0.972,0.757,0.00
71.62969,0.918,0.050,0.00
71.63986,0.918,0.050,0.00
71.65003,0.873,-0.433,0.00
71.66046,0.873,-0.744,0.00
71.67087,0.848,-0.744,0.00
71.68107,0.848,-0.744,0.00
71.69123,0.846,-1.186,0.00
71.70140,0.846,-1.186,0.00
71.71177,0.852,-1.743,0.00
71.72565,0.852,-1.743,0.00
71.73584,0.862,-2.223,0.00
71.74640,0.874,-2.525,0.00
71.75700,0.874,-2.525,0.00
71.76708,0.889,-2.472,0.00
71.77751,0.889,-2.472,0.00
71.78768,0.909,-2.245,0.00
71.79834,0.909,-2.245,0.00
71.80861,0.931,-2.052,0.00
71.81896,0.931,-2.052,0.00
71.82912,0.957,-1.959,0.00
71.83929,0.957,-1.959,0.00
71.84946,0.957,-1.959,0.00
71.85975,0.978,-1.802,0.00
71.86992,0.984,-1.550,0.00
71.88008,0.984,-1.274,0.00
71.89025,0.975,-1.274,0.00
71.90042,0.954,-1.274,0.00
71.91057,0.954,-1.023,0.00
71.92074,0.954,-1.023,0.00
71.93110,0.921,-0.750,0.00
71.94137,0.921,-0.750,0.00
71.95154,0.886,-0.522,0.00
71.96202,0.886,-0.522,0.00
71.97218,0.846,-0.300,0.00
71.98289,0.846,-0.300,0.00
71.99305,0.803,-0.052,0.00
72.00321,0.759,0.198,0.00
72.01338,0.759,0.198,0.00
72.02359,0.759,0.198,0.00
72.03374,0.723,0.418,0.00
72.04395,0.723,0.418,0.00
72.05436,0.702,0.678,0.00
72.06470,0.689,0.757,0.00
72.07505,0.689,0.757,0.00
72.09574,0.680,0.617,0.00
72.11640,0.680,0.617,0.00
72.13665,0.675,0.485,0.00
72.15043,0.678,0.361,0.00
72.16769,0.687,0.104,0.00
72.18122,0.701,0.036,0.00
72.19224,0.714,0.036,0.00
72.20488,0.726,0.036,0.00
72.21537,0.726,0.004,0.00
72.22560,0.726,0.004,0.00
72.23787,0.732,0.023,0.00
72.24966,0.725,0.071,0.00
72.26227,0.725,0.071,0.00
72.27814,0.714,0.105,0.00
72.29864,0.714,0.148,0.00
72.32024,0.679,0.148,0.00
72.33065,0.679,0.212,0.00
72.34132,0.661,0.212,0.00
72.35712,0.661,0.337,0.00
72.37916,0.635,0.394,0.00
72.39503,0.629,0.450,0.00
72.41078,0.629,0.511,0.00
72.42143,0.626,0.511,0.00
72.44341,0.626,0.522,0.00
72.45359,0.635,0.487,0.00
72.46410,0.635,0.487,0.00
72.47614,0.641,0.431,0.00
72.49190,0.641,0.356,0.00
72.50244,0.641,0.278,0.00
72.51289,0.646,0.278,0.00
72.52365,0.646,0.278,0.00
72.53962,0.646,0.218,0.00
72.55064,0.646,0.218,0.00
72.56146,0.636,0.162,0.00
72.58182,0.636,0.122,0.00
72.59753,0.618,0.099,0.00
72.60801,0.618,0.088,0.00
72.61905,0.606,0.088,0.00
72.63599,0.598,0.086,0.00
72.65175,0.598,0.086,0.00
72.66231,0.598,0.097,0.00
72.68418,0.579,0.097,0.00
72.69436,0.571,0.106,0.00
72.71015,0.571,0.108,0.00
72.72162,0.565,0.104,0.00
72.73206,0.565,0.104,0.00
72.74358,0.565,0.104,0.00
72.76005,0.563,0.090,0.00
72.77045,0.558,0.064,0.00
72.78097,0.558,0.029,0.00
72.80423,0.541,0.029,0.00
72.82100,0.532,-0.037,0.00
72.83163,0.532,-0.037,0.00
72.84230,0.532,-0.037,0.00
72.85285,0.521,-0.037,0.00
72.86473,0.521,-0.037,0.00
72.88273,0.521,-0.087,0.00
72.90110,0.521,-0.093,0.00
72.91733,0.494,-0.092,0.00
72.93778,0.494,-0.079,0.00
72.95357,0.487,-0.058,0.00
72.96403,0.487,-0.058,0.00
72.97478,0.480,-0.058,0.00
72.98839,0.480,-0.010,0.00
72.99907,0.477,-0.010,0.00
73.00983,0.472,0.009,0.00
73.02215,0.472,0.022,0.00
73.03235,0.472,0.022,0.00
73.04263,0.469,0.022,0.00
73.05341,0.466,0.022,0.00
73.06914,0.466,0.038,0.00
73.08092,0.466,0.038,0.00
73.12679,0.466,0.038,0.00
73.18584,0.449,-0.010,0.00
73.19910,-0.168,-0.109,0.00
73.20921,-0.170,-0.114,0.00
73.21947,-0.170,-0.114,0.00
73.22968,-0.172,-0.115,0.00
73.23987,-0.172,-0.115,0.00
73.25014,-0.173,-0.116,0.00
73.26021,-0.173,-0.116,0.00
73.27037,-0.169,-0.116,0.00
73.28055,-0.169,-0.115,0.00
73.29071,-0.163,-0.110,0.00
73.30088,-0.163,-0.110,0.00
73.31104,-0.161,-0.112,0.00
73.32122,-0.157,-0.112,0.00
73.33145,-0.157,-0.118,0.00
73.34176,-0.157,-0.118,0.00
73.35255,-0.151,-0.121,0.00
73.36295,-0.143,-0.121,0.00
73.37334,-0.143,-0.130,0.00
73.38353,-0.143,-0.130,0.00
73.39379,-0.135,-0.142,0.00
73.40411,-0.135,-0.142,0.00
73.41442,-0.132,-0.154,0.00
73.42467,-0.133,-0.164,0.00
73.43491,-0.133,-0.164,0.00
73.44507,-0.135,-0.166,0.00
73.45523,-0.135,-0.166,0.00
73.46539,-0.133,-0.164,0.00
73.47559,-0.133,-0.164,0.00
73.48576,-0.132,-0.162,0.00
73.49595,-0.132,-0.162,0.00
73.50623,-0.133,-0.156,0.00
73.51639,-0.133,-0.156,0.00
73.52707,-0.134,-0.147,0.00
73.53852,-0.134,-0.147,0.00
73.54885,-0.138,-0.131,0.00
73.55965,-0.138,-0.131,0.00
73.56982,-0.142,-0.115,0.00
73.57998,-0.142,-0.115,0.00
73.59028,-0.144,-0.098,0.00
73.60145,-0.144,-0.098,0.00
73.61192,-0.144,-0.084,0.00
73.62218,-0.146,-0.070,0.00
73.63234,-0.146,-0.070,0.00
73.64273,-0.146,-0.070,0.00
73.65322,-0.147,-0.053,0.00
73.66338,-0.147,-0.053,0.00
73.67385,-0.147,-0.041,0.00
73.68458,-0.147,-0.041,0.00
73.69487,-0.140,-0.034,0.00
73.70503,-0.131,-0.024,0.00
73.71519,-0.131,-0.024,0.00
73.72585,-0.122,-0.024,0.00
73.73687,-0.122,-0.012,0.00
73.74704,-0.110,-0.000,0.00
73.75764,-0.110,-0.000,0.00
73.76802,-0.092,-0.000,0.00
73.77862,-0.092,0.011,0.00
73.78911,-0.076,0.021,0.00
73.79971,-0.076,0.021,0.00
73.81033,-0.069,0.036,0.00
73.82059,-0.069,0.036,0.00
73.83075,-0.088,0.057,0.00
73.84095,-0.088,0.057,0.00
73.85111,-0.138,0.070,0.00
73.86127,-0.138,0.070,0.00
73.87153,-0.138,0.070,0.00
73.88172,-0.261,0.090,0.00
73.89189,-0.670,0.100,0.00
73.90213,-0.670,0.114,0.00
73.91229,-0.916,0.114,0.00
73.92259,-0.916,0.114,0.00
73.93292,-1.095,0.129,0.00
73.94326,-1.095,0.134,0.00
73.95369,-1.117,0.134,0.00
73.96404,-1.117,0.134,0.00
73.97456,-0.793,0.139,0.00
73.98490,-0.081,0.144,0.00
73.99537,-0.081,0.144,0.00
74.00557,0.958,0.149,0.00
74.01573,0.958,0.149,0.00
74.02590,2.280,0.151,0.00
74.03619,2.280,0.151,0.00
74.04635,3.765,0.154,0.00
74.05651,3.765,0.154,0.00
74.06682,3.765,0.154,0.00
74.07739,5.298,0.159,0.00
74.08773,6.808,0.168,0.00
74.09831,6.808,0.168,0.00
74.10847,8.272,0.168,0.00
74.11863,8.272,0.178,0.00
74.12879,9.640,0.186,0.00
74.13895,9.640,0.186,0.00
74.16176,10.845,0.186,0.00
74.17194,10.845,0.192,0.00
74.18211,12.859,0.198,0.00
74.19376,12.859,0.198,9.00
74.20395,12.859,0.204,9.00
74.21434,13.393,0.203,9.00
74.22782,13.393,0.203,9.00
74.23829,13.882,0.199,9.00
74.24843,14.474,0.191,9.00
74.25859,14.474,0.191,9.00
74.26876,14.474,0.191,9.00
74.28072,14.998,0.191,9.00
74.29090,15.222,0.182,9.00
74.30107,15.041,0.182,9.00
74.31122,15.041,0.170,9.00
74.33826,15.041,0.156,9.00
74.34854,13.111,0.134,9.00
74.37041,13.111,0.134,9.00
74.38061,11.654,0.120,9.00
74.40238,7.556,0.104,9.00
74.41256,7.556,0.104,9.00
74.42285,7.556,0.111,9.00
74.43433,7.556,0.111,9.00
74.44465,3.787,0.122,9.00
74.45481,3.787,0.122,9.00
74.46752,2.252,0.122,9.00
74.47823,2.252,0.139,9.00
74.48815,1.001,0.169,9.00
74.49843,1.001,0.169,9.00
74.50885,-0.050,0.169,9.00
74.52018,-0.050,0.166,9.00
74.53049,-0.804,0.155,9.00
74.54078,-0.804,0.155,9.00
74.55096,-1.106,0.115,9.00
74.56352,-1.106,0.115,9.00
74.57369,-1.002,0.078,9.00
74.58398,-1.002,0.078,9.00
74.61032,-0.270,0.048,9.00
74.62057,-0.270,0.015,9.00
74.64271,-0.057,-0.069,9.00
74.65310,-0.016,-0.069,9.00
74.67444,-0.130,-0.069,9.00
74.68556,-0.277,-0.121,9.00
74.70580,-0.277,-0.167,9.50
74.71608,-0.277,-0.215,9.50
74.72618,-0.428,-0.215,9.50
74.74101,-0.539,-0.268,9.50
74.75124,-0.600,-0.334,9.50
74.76142,-0.600,-0.334,9.50
74.77157,-0.584,-0.415,9.50
74.78173,-0.584,-0.769,9.50
74.79189,-0.491,-0.769,9.50
74.80211,-0.491,-0.769,10.00
74.81234,-0.491,-1.002,10.00
74.82251,-0.340,-1.002,10.00
74.83356,-0.163,-1.187,10.00
74.84429,-0.163,-1.187,10.00
74.85445,0.005,-1.257,10.00
74.88160,0.005,-1.257,10.50
74.89177,0.251,-1.168,10.50
74.91423,0.296,-1.168,11.50
74.92449,0.296,-1.030,11.50
74.94707,0.253,-0.842,12.00
74.95760,0.253,-0.842,12.00
74.97856,0.217,-0.747,13.50
74.98921,0.182,-0.665,13.50
75.01152,0.146,-0.585,15.00
75.02169,0.146,-0.521,15.00
75.04285,0.126,-0.521,16.50
75.05314,0.126,-0.521,16.50
75.06330,0.078,-0.438,16.50
75.07561,0.078,-0.438,18.50
75.08586,0.080,-0.343,18.50
75.09692,0.080,-0.343,18.50
75.10779,0.079,-0.254,20.50
75.11795,0.079,-0.254,20.50
75.12893,0.079,-0.173,20.50
75.13914,0.079,-0.173,22.50
75.14932,0.068,-0.137,22.50
75.16020,0.068,-0.137,22.50
75.17046,0.068,-0.116,24.00
75.18156,0.060,-0.116,24.00
75.19172,0.054,-0.136,24.00
75.21774,0.054,-0.136,25.50
75.22806,0.040,-0.170,25.50
75.25240,0.025,-0.203,26.50
75.26259,0.005,-0.255,26.50
75.28173,-0.009,-0.272,27.50
75.29204,-0.009,-0.272,27.50
75.30245,-0.022,-0.303,27.50
75.31913,-0.035,-0.339,28.00
75.32968,-0.039,-0.383,28.00
75.34669,-0.039,-0.383,28.50
75.35696,-0.036,-0.444,28.50
75.36713,-0.030,-0.470,28.50
75.39389,-0.021,-0.470,29.00
75.40409,-0.021,-0.512,29.00
75.42637,-0.010,-0.548,29.00
75.43665,-0.002,-0.586,29.00
75.45909,0.007,-0.625,29.00
75.46926,0.023,-0.666,29.00
75.48958,0.023,-0.666,29.50
75.49977,0.038,-0.835,29.50
75.51024,0.056,-1.030,29.50
75.52163,0.056,-1.030,29.50
75.53190,0.069,-1.273,29.50
75.54217,0.069,-1.273,29.50
75.55664,0.079,-1.499,29.50
75.56682,0.088,-1.749,29.50
75.57719,0.088,-1.749,29.50
75.58723,0.091,-2.090,29.50
75.59739,0.091,-2.090,29.50
75.60757,0.101,-2.409,29.50
75.61976,0.101,-2.409,29.50
75.63020,0.115,-2.409,29.50
75.64046,0.115,-2.862,29.50
75.65061,0.130,-3.274,29.50
75.66078,0.130,-3.274,29.50
75.67094,0.144,-3.785,29.50
75.68109,0.144,-3.785,29.50
75.69934,0.144,-3.785,29.50
75.70951,0.154,-4.372,29.50
75.72960,0.175,-4.949,29.50
75.73983,0.196,-5.697,29.50
75.76174,0.223,-6.357,29.50
75.77193,0.239,-7.011,29.50
75.78215,0.239,-7.011,29.50
75.79540,0.257,-7.612,29.50
75.80556,0.257,-7.612,29.50
75.81572,0.291,-8.147,29.50
75.82806,0.327,-8.669,29.50
75.83860,0.327,-8.669,29.50
75.84877,0.346,-9.029,29.50
75.85897,0.346,-9.029,29.50
75.86914,0.369,-9.221,29.50
75.87930,0.369,-9.221,29.50
75.89011,0.386,-9.282,29.50
75.90055,0.386,-9.282,29.50
75.91115,0.386,-9.202,29.50
75.93813,0.390,-9.202,29.50
75.94901,0.387,-8.535,29.50
75.97110,0.374,-7.908,29.50
75.98125,0.357,-7.069,29.50
76.00288,0.357,-7.069,29.50
76.01308,0.336,-6.202,29.50
76.03431,0.336,-5.289,29.50
76.04451,0.281,-4.292,29.50
76.05473,0.281,-4.292,29.50
76.06752,0.248,-4.292,29.50
76.07785,0.248,-3.208,29.50
76.08807,0.215,-2.202,29.50
76.09924,0.215,-2.202,29.50
76.10940,0.179,-1.155,29.50
76.12237,0.179,-1.155,29.50
76.13253,0.143,-0.173,29.50
76.14274,0.143,-0.173,29.50
76.15290,0.111,0.878,29.50
76.16326,0.111,0.878,29.50
76.17344,0.075,1.777,29.50
76.18472,0.048,2.559,29.50
76.21031,0.025,3.283,29.50
76.22064,0.025,3.283,29.50
76.24303,0.008,3.879,29.50
76.25355,-0.009,4.268,29.50
76.27433,-0.031,4.268,29.50
76.28451,-0.048,4.620,29.50
76.30590,-0.048,4.911,29.50
76.31642,-0.064,5.159,29.50
76.32815,-0.073,5.278,29.50
76.33856,-0.073,5.278,0.00
76.35002,-0.073,5.278,0.00
76.36001,-0.077,5.536,0.00
76.37024,-0.084,5.536,0.00
76.38039,-0.084,5.536,0.00
76.39054,-0.090,5.618,0.00
76.40074,-0.090,5.618,0.00
76.41090,-0.090,5.731,0.00
76.42121,-0.090,5.731,0.00
76.43137,-0.099,5.710,0.00
76.44154,-0.099,5.710,0.00
76.45214,-0.099,5.710,0.00
76.46269,-0.059,5.556,0.00
76.47319,-0.059,5.556,0.00
76.48425,-0.059,5.556,0.00
76.49440,0.014,5.386,0.00
76.50486,0.014,5.386,0.00
76.51500,0.102,5.316,0.00
76.52523,0.267,5.130,0.00
76.53561,0.267,5.130,0.00
76.54600,0.267,5.130,0.00
76.55628,0.267,5.064,0.00
76.56645,0.733,4.916,0.00
76.57661,0.733,4.916,0.00
76.58677,0.733,4.832,0.00
76.59693,0.921,4.832,0.00
76.60737,1.047,4.783,0.00
76.61773,1.047,4.783,0.00
76.62819,1.153,4.783,0.00
76.63839,1.153,4.655,0.00
76.64854,1.218,4.600,0.00
76.65893,1.218,4.600,0.00
76.66919,1.239,4.523,0.00
76.67938,1.239,4.523,0.00
76.68963,1.256,4.489,0.00
76.69990,1.256,4.489,0.00
76.70995,1.273,4.511,0.00
76.72021,1.273,4.511,0.00
76.73038,1.273,4.511,0.00
76.74054,1.271,4.464,0.00
76.75117,1.280,4.531,0.00
76.76133,1.280,4.531,0.00
76.77148,1.308,4.495,0.00
76.78165,1.308,4.495,0.00
76.79181,1.308,4.495,0.00
76.80196,1.323,4.495,0.00
76.81212,1.284,4.658,0.00
76.82229,1.284,4.658,0.00
76.83244,1.132,4.697,0.00
76.84261,0.929,4.697,0.00
76.85277,0.929,4.825,0.00
76.86293,0.929,4.825,0.00
76.87309,0.929,4.825,0.00
76.88327,0.745,4.816,0.00
76.89345,0.617,4.931,0.00
76.90370,0.617,4.931,0.00
76.91398,0.520,4.952,0.00
76.92422,0.416,4.986,0.00
76.93438,0.416,4.986,0.00
76.94454,0.319,5.080,0.00
76.95470,0.319,5.080,0.00
76.96488,0.265,5.013,0.00
76.97523,0.265,5.013,0.00
76.98624,0.249,5.025,0.00
76.99640,0.249,5.025,0.00
77.00656,0.261,4.904,0.00
77.01679,0.261,4.904,0.00
77.02696,0.288,4.521,0.00
77.03713,0.288,4.521,0.00
77.04729,0.314,3.699,0.00
77.05765,0.314,3.699,0.00
77.06781,0.336,3.208,0.00
77.07798,0.336,3.208,0.00
77.08815,0.366,2.861,0.00
77.09839,0.366,2.861,0.00
77.10874,0.415,2.394,0.00
77.11901,0.415,2.394,0.00
77.12917,0.476,1.659,0.00
77.13934,0.476,1.659,0.00
77.14956,0.540,1.045,0.00
77.15973,0.540,1.045,0.00
77.16989,0.593,0.630,0.00
77.18004,0.593,0.630,0.00
77.19022,0.630,0.079,0.00
77.20038,0.630,0.079,0.00
77.21058,0.652,-0.697,0.00
77.22097,0.652,-0.697,0.00
77.23133,0.667,-1.509,0.00
77.24166,0.667,-1.509,0.00
77.25182,0.662,-1.509,0.00
77.26201,0.625,-2.291,0.00
77.27217,0.625,-2.799,0.00
77.28232,0.555,-2.799,0.00
77.29248,0.555,-2.593,0.00
77.30266,0.555,-2.593,0.00
77.31299,0.479,-2.072,0.00
77.32332,0.479,-2.072,0.00
77.33368,0.479,-2.072,0.00
77.34401,0.479,-2.072,0.00
77.35448,0.479,-2.072,0.00
77.36485,0.426,-1.157,0.00
77.37501,0.394,0.043,0.00
77.38517,0.362,1.006,0.00
77.39545,0.327,0.770,0.00
77.40561,0.292,0.459,0.00
77.41585,0.292,0.459,0.00
77.42615,0.271,-0.022,0.00
77.43632,0.271,-0.022,0.00
77.44659,0.271,-0.022,0.00
77.45676,0.265,-0.115,0.00
77.46692,0.260,-0.508,0.00
77.47708,0.260,-0.508,0.00
77.48724,0.255,-0.807,0.00
77.49740,0.255,-0.807,0.00
77.50757,0.257,-1.202,0.00
77.51783,0.257,-1.202,0.00
77.52825,0.261,-1.371,0.00
77.53844,0.261,-1.371,0.00
77.54859,0.273,-1.371,0.00
77.55909,0.273,-1.303,0.00
77.56956,0.283,-1.105,0.00
77.57973,0.283,-1.105,0.00
77.58998,0.284,-0.992,0.00
77.60013,0.284,-0.992,0.00
77.61036,0.273,-1.004,0.00
77.62054,0.273,-1.004,0.00
77.63070,0.253,-0.954,0.00
77.64085,0.253,-0.954,0.00
77.65139,0.253,-0.954,0.00
77.66155,0.199,-0.852,0.00
77.67171,0.199,-0.722,0.00
77.68226,0.199,-0.722,0.00
77.69255,0.174,-0.585,0.00
77.70289,0.174,-0.585,0.00
77.71323,0.174,-0.585,0.00
77.72359,0.174,-0.585,0.00
77.73441,0.122,-0.438,0.00
77.74497,0.099,-0.266,0.00
77.75847,0.099,-0.049,0.00
77.76866,0.081,-0.049,0.00
77.77891,0.081,0.212,0.00
77.78923,0.081,0.212,0.00
77.79942,0.067,0.374,0.00
77.80957,0.055,0.567,0.00
77.81984,0.055,0.567,0.00
77.84532,0.058,0.621,0.00
77.86427,0.058,0.450,0.00
77.89145,0.076,0.318,0.00
77.90460,0.076,0.318,0.00
77.92418,0.086,0.076,0.00
77.93545,0.086,0.076,0.00
77.94596,0.089,0.022,0.00
77.96200,0.089,0.030,0.00
77.97418,0.089,0.030,0.00
77.98587,0.082,0.030,0.00
78.00157,0.082,0.161,0.00
78.01204,0.071,0.161,0.00
78.02509,0.062,0.161,0.00
78.03977,0.062,0.161,0.00
78.05139,0.053,0.352,0.00
78.06157,0.053,0.352,0.00
78.07774,0.043,0.352,0.00
78.09158,0.043,0.463,0.00
78.11270,0.025,0.679,0.00
78.12287,0.025,0.758,0.00
78.13418,0.019,0.758,0.00
78.15548,0.019,0.827,0.00
78.16575,0.019,0.827,0.00
78.18238,0.015,0.893,0.00
78.19838,0.017,0.893,0.00
78.21417,0.018,0.940,0.00
78.22989,0.020,0.974,0.00
78.24567,0.020,0.954,0.00
78.25633,0.020,0.954,0.00
78.26697,0.020,0.925,0.00
78.27749,0.015,0.925,0.00
78.28771,0.015,0.925,0.00
78.30072,0.008,0.893,0.00
78.31107,0.008,0.855,0.00
78.32180,-0.004,0.855,0.00
78.33224,-0.016,0.823,0.00
78.34792,-0.029,0.797,0.00
78.35896,-0.029,0.797,0.00
78.37555,-0.044,0.797,0.00
78.39175,-0.058,0.784,0.00
78.40747,-0.072,0.780,0.00
78.41871,-0.072,0.780,0.00
78.44738,-0.086,0.798,0.00
78.45957,-0.097,0.798,0.00
78.47213,-0.103,0.798,0.00
78.48786,-0.103,0.835,0.00
78.49894,-0.106,0.835,0.00
78.51468,-0.106,0.845,0.00
78.52566,-0.106,0.845,0.00
78.54671,-0.121,0.820,0.00
78.56315,-0.121,0.820,0.00
78.57529,-0.121,0.820,0.00
78.59150,-0.119,0.730,0.00
78.60775,-0.121,0.730,0.00
78.62138,-0.121,0.686,0.00
78.63159,-0.121,0.644,0.00
78.64202,-0.125,0.609,0.00
78.65252,-0.130,0.609,0.00
78.66350,-0.130,0.609,0.00
78.67390,-0.132,0.584,0.00
78.68464,-0.131,0.565,0.00
78.70038,-0.131,0.565,0.00
78.71704,-0.131,0.558,0.00
78.72723,-0.123,0.558,0.00
78.74412,-0.123,0.552,0.00
78.76010,-0.120,0.553,0.00
78.77102,-0.117,0.556,0.00
78.78238,-0.117,0.564,0.00
78.79297,-0.117,0.564,0.00
78.80437,-0.114,0.564,0.00
78.81613,-0.114,0.576,0.00
78.83207,-0.112,0.585,0.00
78.87626,-0.112,0.585,0.00
78.94264,-0.104,0.599,0.00
78.95305,-0.103,0.598,0.00
78.96322,-0.087,-0.132,0.00
78.97451,-0.086,-0.130,0.00
78.98483,-0.086,-0.130,0.00
78.99500,-0.085,-0.123,0.00
79.00516,-0.085,-0.123,0.00
79.01606,-0.085,-0.116,0.00
79.02622,-0.085,-0.110,0.00
79.03637,-0.085,-0.110,0.00
79.04653,-0.082,-0.107,0.00
79.05696,-0.082,-0.107,0.00
79.06712,-0.076,-0.106,0.00
79.07748,-0.076,-0.106,0.00
79.08794,-0.076,-0.106,0.00
79.09868,-0.070,-0.102,0.00
79.10904,-0.066,-0.094,0.00
79.11943,-0.066,-0.095,0.00
79.12959,-0.062,-0.095,0.00
79.13978,-0.062,-0.095,0.00
79.14995,-0.057,-0.098,0.00
79.16174,-0.057,-0.098,0.00
79.17206,-0.054,-0.103,0.00
79.18221,-0.054,-0.103,0.00
79.19238,-0.053,-0.119,0.00
79.20255,-0.053,-0.119,0.00
79.21270,-0.044,-0.135,0.00
79.22286,-0.044,-0.135,0.00
79.23322,-0.036,-0.155,0.00
79.24360,-0.036,-0.155,0.00
79.25381,-0.031,-0.179,0.00
79.26462,-0.029,-0.200,0.00
79.27478,-0.029,-0.200,0.00
79.28505,-0.029,-0.200,0.00
79.29521,-0.026,-0.221,0.00
79.30541,-0.022,-0.240,0.00
79.31557,-0.022,-0.240,0.00
79.32632,-0.022,-0.240,0.00
79.33648,-0.013,-0.256,0.00
79.34695,-0.003,-0.271,0.00
79.35710,-0.003,-0.271,0.00
79.36725,0.002,-0.284,0.00
79.37740,0.002,-0.284,0.00
79.38762,0.002,-0.284,0.00
79.39790,0.006,-0.295,0.00
79.40807,0.006,-0.309,0.00
79.41822,0.009,-0.309,0.00
79.42843,0.009,-0.313,0.00
79.43879,0.015,-0.313,0.00
79.44912,0.019,-0.317,0.00
79.45954,0.019,-0.317,0.00
79.46968,0.020,-0.316,0.00
79.47983,0.020,-0.316,0.00
79.49024,0.020,-0.316,0.00
79.50045,0.020,-0.316,0.00
79.51061,0.020,-0.316,0.00
79.52077,0.019,-0.312,0.00
79.53094,0.019,-0.308,0.00
79.54111,0.019,-0.308,0.00
79.55127,0.019,-0.305,0.00
79.56143,0.018,-0.305,0.00
79.57159,0.018,-0.305,0.00
79.58190,0.016,-0.305,0.00
79.59221,0.016,-0.303,0.00
79.60236,0.016,-0.298,0.00
79.61254,0.017,-0.298,0.00
79.62291,0.017,-0.298,0.00
79.63307,0.016,-0.290,0.00
79.64335,0.016,-0.290,0.00
79.65361,0.015,-0.279,0.00
79.66386,0.017,-0.266,0.00
79.67423,0.017,-0.266,0.00
79.68416,0.017,-0.266,0.00
79.69437,0.020,-0.259,0.00
79.70452,0.020,-0.259,0.00
79.71468,0.026,-0.250,0.00
79.72484,0.026,-0.250,0.00
79.73500,0.031,-0.238,0.00
79.74515,0.039,-0.227,0.00
79.75554,0.039,-0.227,0.00
79.76559,0.047,-0.216,0.00
79.77597,0.047,-0.216,0.00
79.78624,0.047,-0.216,0.00
79.79700,0.052,-0.205,0.00
79.80722,0.052,-0.205,0.00
79.81751,0.055,-0.199,0.00
79.82781,0.046,-0.194,0.00
79.83838,0.046,-0.194,0.00
79.84894,-0.016,-0.186,0.00
79.85925,-0.016,-0.186,0.00
79.86942,-0.115,-0.180,0.00
79.87958,-0.115,-0.180,0.00
79.88976,-0.358,-0.181,0.00
79.90015,-0.358,-0.181,0.00
79.91022,-0.666,-0.181,0.00
79.92038,-0.666,-0.181,0.00
79.93055,-0.799,-0.182,0.00
79.94089,-0.799,-0.182,0.00
79.95134,-0.917,-0.183,0.00
79.96150,-0.996,-0.187,0.00
79.97180,-0.996,-0.187,0.00
79.98236,-0.980,-0.195,0.00
79.99273,-0.980,-0.195,0.00
80.00301,-0.980,-0.195,0.00
80.01331,-0.715,-0.197,0.00
80.02398,-0.715,-0.197,0.00
80.03454,-0.102,-0.201,0.00
80.04472,0.735,-0.201,0.00
80.05490,0.735,-0.201,0.00
80.06507,1.749,-0.201,0.00
80.07534,1.749,-0.201,0.00
80.08560,2.985,-0.200,0.00
80.09609,2.985,-0.200,0.00
80.10626,2.985,-0.200,0.00
80.11653,4.285,-0.200,0.00
80.12674,5.650,-0.197,0.00
80.13686,5.650,-0.197,0.00
80.14738,7.057,-0.196,0.00
80.15759,7.057,-0.196,0.00
80.16774,8.481,-0.196,0.00
80.17797,8.481,-0.196,0.00
80.18813,9.963,-0.194,0.00
80.19829,9.963,-0.194,0.00
80.20845,9.963,-0.194,0.00
80.21928,11.333,-0.193,0.00
80.22948,11.333,-0.193,0.00
80.23995,12.581,-0.192,0.00
80.25022,13.600,-0.192,0.00
80.26036,13.600,-0.192,9.00
80.27053,14.353,-0.193,9.00
80.28069,14.839,-0.193,9.00
80.30579,14.839,-0.194,9.00
80.31609,14.839,-0.194,9.00
80.33835,14.997,-0.200,9.00
80.34870,14.710,-0.209,9.00
80.36997,14.315,-0.209,9.00
80.38024,14.315,-0.221,9.00
80.39065,13.919,-0.234,9.00
80.40296,13.919,-0.234,9.00
80.41314,13.309,-0.243,9.00
80.42366,13.309,-0.243,9.00
80.43449,12.502,-0.254,9.00
80.44464,11.531,-0.254,9.00
80.45499,11.531,-0.261,9.00
80.46603,11.531,-0.261,9.00
80.47675,10.302,-0.259,9.00
80.48690,8.909,-0.264,9.00
80.49796,8.909,-0.264,9.00
80.50846,7.464,-0.265,9.00
80.51862,7.464,-0.265,9.00
80.53061,5.943,-0.258,9.00
80.54078,5.943,-0.258,9.00
80.55111,4.426,-0.272,9.00
80.56176,4.426,-0.272,9.00
80.57194,3.071,-0.302,9.00
80.58226,3.071,-0.302,9.00
80.59244,1.908,-0.344,9.00
80.61040,0.904,-0.365,9.00
80.62063,0.904,-0.365,9.00
80.64225,0.904,-0.368,9.00
80.65250,-0.509,-0.366,9.00
80.67447,-0.509,-0.393,9.00
80.68469,-1.060,-0.436,9.00
80.69506,-1.060,-0.436,9.00
80.70710,-1.060,-0.436,9.00
80.71822,-1.074,-0.477,9.00
80.72849,-1.074,-0.477,9.00
80.74006,-1.074,-0.519,9.00
80.75043,-0.909,-0.558,9.00
80.76060,-0.909,-0.558,9.00
80.77076,-0.774,-0.605,9.00
80.78092,-0.774,-0.605,9.00
80.79108,-0.618,-0.653,9.00
80.80243,-0.618,-0.653,9.50
80.81260,-0.467,-0.699,9.50
80.82299,-0.467,-0.699,9.50
80.85051,-0.278,-0.802,9.50
80.86075,-0.278,-0.802,9.50
80.88345,-0.229,-0.952,10.00
80.89365,-0.207,-1.274,10.00
80.91367,-0.183,-1.274,10.00
80.92383,-0.183,-1.496,10.00
80.93398,-0.183,-1.496,10.00
80.94601,-0.183,-1.714,10.50
80.95621,-0.223,-1.714,10.50
80.96650,-0.223,-1.764,10.50
80.97868,-0.207,-1.764,11.50
80.98892,-0.193,-1.787,11.50
80.99913,-0.193,-1.787,11.50
81.00999,-0.170,-1.787,12.00
81.02029,-0.170,-1.732,12.00
81.03060,-0.170,-1.732,12.00
81.04196,-0.143,-1.653,13.50
81.05230,-0.119,-1.565,13.50
81.06271,-0.105,-1.565,13.50
81.07368,-0.105,-1.452,15.00
81.08386,-0.105,-1.452,15.00
81.09417,-0.110,-1.360,15.00
81.12235,-0.168,-1.216,16.50
81.13253,-0.168,-1.216,16.50
81.15435,-0.168,-1.164,18.50
81.16470,-0.214,-1.164,18.50
81.18668,-0.258,-1.089,20.50
81.19702,-0.305,-1.026,20.50
81.21754,-0.348,-0.956,22.50
81.22783,-0.379,-0.896,22.50
81.23800,-0.379,-0.896,22.50
81.25056,-0.402,-0.884,24.00
81.26102,-0.402,-0.884,24.00
81.27098,-0.406,-0.904,24.00
81.28276,-0.406,-0.904,25.50
81.29304,-0.417,-0.959,25.50
81.30321,-0.417,-1.044,25.50
81.31448,-0.431,-1.044,26.50
81.32473,-0.444,-1.044,26.50
81.33489,-0.444,-1.130,26.50
81.34703,-0.444,-1.130,27.50
81.35719,-0.458,-1.210,27.50
81.36751,-0.458,-1.210,27.50
81.37766,-0.462,-1.275,28.00
81.38787,-0.467,-1.346,28.00
81.39823,-0.467,-1.346,28.00
81.42568,-0.460,-1.426,28.50
81.43583,-0.445,-1.506,28.50
81.45817,-0.445,-1.576,29.00
81.46887,-0.429,-1.618,29.00
81.49162,-0.416,-1.618,29.00
81.50179,-0.407,-1.693,29.00
81.52145,-0.396,-1.730,29.00
81.53163,-0.388,-1.779,29.00
81.54184,-0.388,-1.779,29.00
81.55347,-0.388,-1.779,29.50
81.56365,-0.378,-1.976,29.50
81.57385,-0.363,-1.976,29.50
81.58648,-0.350,-2.250,29.50
81.59682,-0.350,-2.250,29.50
81.60700,-0.329,-2.499,29.50
81.62246,-0.307,-2.866,29.50
81.63262,-0.307,-2.866,29.50
81.64279,-0.307,-2.866,29.50
81.65295,-0.282,-3.314,29.50
81.66327,-0.282,-3.314,29.50
81.67456,-0.259,-3.892,29.50
81.68472,-0.241,-4.518,29.50
81.69493,-0.241,-4.518,29.50
81.70529,-0.219,-5.201,29.50
81.73057,-0.219,-5.201,29.50
81.74076,-0.195,-5.952,29.50
81.76366,-0.195,-5.952,29.50
81.77396,-0.165,-6.610,29.50
81.79355,-0.130,-7.971,29.50
81.80373,-0.098,-9.367,29.50
81.81390,-0.056,-9.367,29.50
81.82646,-0.011,-9.931,29.50
81.83683,-0.011,-9.931,29.50
81.84717,-0.011,-9.931,29.50
81.86119,-0.011,-10.457,29.50
81.87137,0.114,-10.866,29.50
81.88153,0.114,-10.866,29.50
81.89169,0.175,-11.120,29.50
81.90185,0.224,-11.195,29.50
81.91221,0.224,-11.195,29.50
81.92246,0.224,-11.195,29.50
81.93267,0.259,-11.068,29.50
81.94319,0.259,-11.068,29.50
81.97000,0.313,-10.702,29.50
81.98152,0.313,-10.056,29.50
82.00397,0.333,-9.246,29.50
82.01416,0.341,-8.262,29.50
82.03345,0.343,-8.262,29.50
82.04364,0.343,-7.209,29.50
82.05381,0.349,-6.051,29.50
82.06594,0.349,-4.916,29.50
82.07637,0.341,-4.916,29.50
82.08801,0.328,-3.712,29.50
82.09953,0.328,-3.712,29.50
82.11017,0.306,-2.553,29.50
82.13001,0.278,-2.553,29.50
82.14036,0.257,-1.315,29.50
82.15081,0.257,-0.236,29.50
82.16225,0.257,-0.236,29.50
82.17251,0.229,0.729,29.50
82.18299,0.229,0.729,29.50
82.19391,0.204,1.660,29.50
82.20409,0.204,1.660,29.50
82.21428,0.178,2.477,29.50
82.24176,0.178,2.477,29.50
82.25193,0.137,3.869,29.50
82.27498,0.118,3.869,29.50
82.28515,0.118,4.376,29.50
82.30679,0.088,4.941,29.50
82.31696,0.088,4.941,29.50
82.33782,0.080,5.083,29.50
82.34800,0.080,5.083,29.50
82.35828,0.073,5.134,29.50
82.37074,0.073,5.134,29.50
82.38091,0.072,5.148,29.50
82.39107,0.075,5.148,29.50
82.40252,0.077,5.135,29.50
82.41272,0.077,5.135,29.50
82.42288,0.077,5.218,29.50
82.43357,0.086,5.218,0.00
82.44378,0.096,5.244,0.00
82.45416,0.096,5.244,0.00
82.46433,0.096,5.244,0.00
82.47580,0.107,5.202,0.00
82.48596,0.115,5.147,0.00
82.49612,0.115,5.147,0.00
82.50628,0.119,4.955,0.00
82.51644,0.119,4.955,0.00
82.52661,0.109,4.827,0.00
82.53681,0.109,4.827,0.00
82.54697,0.078,4.666,0.00
82.55718,0.078,4.666,0.00
82.56735,0.078,4.666,0.00
82.57751,0.081,4.508,0.00
82.58767,0.119,4.438,0.00
82.59794,0.119,4.438,0.00
82.60811,0.154,4.271,0.00
82.61839,0.154,4.271,0.00
82.62858,0.198,4.258,0.00
82.63897,0.198,4.258,0.00
82.64912,0.278,4.163,0.00
82.65929,0.278,4.163,0.00
82.66946,0.278,4.163,0.00
82.67961,0.395,4.116,0.00
82.68977,0.503,4.128,0.00
82.70041,0.503,4.128,0.00
82.71066,0.583,4.066,0.00
82.72083,0.583,4.066,0.00
82.73099,0.654,4.142,0.00
82.74122,0.654,4.142,0.00
82.75201,0.729,4.125,0.00
82.76278,0.729,4.171,0.00
82.77293,0.782,4.171,0.00
82.78308,0.825,4.171,0.00
82.79325,0.825,4.243,0.00
82.80345,0.873,4.210,0.00
82.81362,0.873,4.210,0.00
82.82400,0.923,4.298,0.00
82.83460,0.923,4.298,0.00
82.84479,0.957,4.292,0.00
82.85536,0.957,4.292,0.00
82.86563,0.983,4.345,0.00
82.87612,0.983,4.345,0.00
82.88643,1.006,4.404,0.00
82.89674,1.006,4.404,0.00
82.90709,1.006,4.396,0.00
82.91752,1.033,4.396,0.00
82.92794,1.026,4.445,0.00
82.93832,1.026,4.445,0.00
82.94850,0.896,4.374,0.00
82.95864,0.896,4.374,0.00
82.96886,0.757,4.428,0.00
82.97902,0.757,4.428,0.00
82.98919,0.671,4.376,0.00
82.99942,0.671,4.376,0.00
83.00958,0.622,4.324,0.00
83.01983,0.622,4.324,0.00
83.03050,0.576,4.327,0.00
83.04190,0.576,4.327,0.00
83.05206,0.501,4.186,0.00
83.06221,0.439,4.186,0.00
83.07237,0.439,4.114,0.00
83.08253,0.400,4.114,0.00
83.09270,0.400,3.906,0.00
83.10286,0.400,3.906,0.00
83.11307,0.400,3.425,0.00
83.12324,0.411,2.570,0.00
83.13339,0.429,2.570,0.00
83.14357,0.429,2.085,0.00
83.15374,0.435,2.085,0.00
83.16390,0.435,1.841,0.00
83.17417,0.431,1.841,0.00
83.18434,0.431,1.841,0.00
83.19526,0.433,1.387,0.00
83.20540,0.440,0.787,0.00
83.21557,0.440,0.787,0.00
83.22580,0.458,0.150,0.00
83.23620,0.458,0.150,0.00
83.24642,0.485,-0.501,0.00
83.25658,0.485,-0.501,0.00
83.26674,0.517,-1.025,0.00
83.27691,0.517,-1.025,0.00
83.28713,0.517,-1.025,0.00
83.29777,0.555,-1.702,0.00
83.30819,0.590,-2.418,0.00
83.31845,0.590,-2.418,0.00
83.32888,0.621,-3.188,0.00
83.33908,0.621,-3.188,0.00
83.34933,0.654,-3.759,0.00
83.35949,0.654,-3.759,0.00
83.36965,0.681,-3.789,0.00
83.37987,0.681,-3.789,0.00
83.39002,0.681,-3.365,0.00
83.40018,0.681,-2.663,0.00
83.41035,0.658,-2.663,0.00
83.42050,0.658,-2.663,0.00
83.43078,0.628,-1.730,0.00
83.44095,0.628,-1.730,0.00
83.45114,0.595,-0.541,0.00
83.46129,0.595,-0.541,0.00
83.47145,0.564,0.644,0.00
83.48160,0.564,0.644,0.00
83.49173,0.527,0.203,0.00
83.50188,0.527,-0.147,0.00
83.51203,0.482,-0.147,0.00
83.52271,0.482,-0.147,0.00
83.53287,0.440,-0.609,0.00
83.54305,0.418,-0.603,0.00
83.55341,0.418,-0.603,0.00
83.56358,0.411,-0.603,0.00
83.57393,0.411,-1.008,0.00
83.58428,0.411,-1.008,0.00
83.59452,0.410,-1.008,0.00
83.60479,0.401,-1.543,0.00
83.61495,0.401,-1.543,0.00
83.62510,0.401,-1.543,0.00
83.63531,0.386,-1.667,0.00
83.64547,0.373,-1.667,0.00
83.65583,0.373,-1.542,0.00
83.66584,0.363,-1.325,0.00
83.67599,0.363,-1.325,0.00
83.68614,0.363,-1.325,0.00
83.69652,0.361,-1.161,0.00
83.70669,0.363,-1.122,0.00
83.71685,0.363,-1.122,0.00
83.72701,0.363,-1.044,0.00
83.73716,0.363,-1.044,0.00
83.74731,0.363,-0.921,0.00
83.75748,0.363,-0.921,0.00
83.76784,0.361,-0.801,0.00
83.78104,0.361,-0.801,0.00
83.79124,0.355,-0.692,0.00
83.80140,0.355,-0.692,0.00
83.81156,0.349,-0.600,0.00
83.82171,0.349,-0.600,0.00
83.83186,0.349,-0.474,0.00
83.84202,0.349,-0.313,0.00
83.85216,0.356,-0.313,0.00
83.86232,0.356,-0.143,0.00
83.87253,0.360,-0.143,0.00
83.88269,0.357,-0.143,0.00
83.89285,0.357,-0.020,0.00
83.90300,0.357,-0.020,0.00
83.91315,0.348,0.159,0.00
83.92330,0.348,0.159,0.00
83.93346,0.341,0.291,0.00
83.94805,0.341,0.223,0.00
83.95835,0.341,0.223,0.00
83.97402,0.342,0.083,0.00
83.99211,0.342,0.083,0.00
84.00868,0.342,-0.056,0.00
84.01964,0.343,-0.224,0.00
84.03323,0.343,-0.224,0.00
84.05269,0.341,-0.464,0.00
84.07034,0.335,-0.523,0.00
84.08154,0.335,-0.523,0.00
84.09797,0.325,-0.531,0.00
84.10925,0.325,-0.531,0.00
84.12497,0.314,-0.492,0.00
84.13736,0.305,-0.492,0.00
84.17068,0.297,-0.378,0.00
84.19382,0.292,-0.254,0.00
84.20403,0.292,-0.254,0.00
84.22132,0.292,-0.195,0.00
84.23704,0.296,-0.136,0.00
84.25341,0.299,-0.079,0.00
84.26467,0.299,-0.041,0.00
84.28510,0.301,-0.012,0.00
84.29631,0.303,-0.012,0.00
84.30685,0.302,-0.003,0.00
84.31712,0.302,-0.003,0.00
84.32882,0.302,-0.022,0.00
84.34092,0.299,-0.022,0.00
84.35732,0.299,-0.058,0.00
84.36752,0.299,-0.058,0.00
84.37864,0.289,-0.103,0.00
84.39548,0.279,-0.151,0.00
84.40990,0.279,-0.151,0.00
84.42310,0.260,-0.225,0.00
84.43352,0.260,-0.225,0.00
84.44450,0.260,-0.225,0.00
84.46897,0.241,-0.253,0.00
84.48100,0.241,-0.257,0.00
84.49136,0.232,-0.257,0.00
84.50151,0.232,-0.252,0.00
84.51198,0.224,-0.252,0.00
84.52412,0.224,-0.252,0.00
84.53545,0.217,-0.237,0.00
84.54658,0.208,-0.220,0.00
84.55759,0.208,-0.220,0.00
84.57350,0.208,-0.201,0.00
84.58421,0.208,-0.178,0.00
84.59444,0.208,-0.178,0.00
84.61207,0.182,-0.155,0.00
84.63382,0.175,-0.143,0.00
84.64447,0.170,-0.140,0.00
84.65502,0.170,-0.140,0.00
84.66519,0.170,-0.147,0.00
84.67614,0.163,-0.147,0.00
84.68794,0.163,-0.147,0.00
84.70421,0.152,-0.165,0.00
84.72067,0.152,-0.199,0.00
84.73112,0.144,-0.199,0.00
84.74759,0.133,-0.199,0.00
84.76340,0.121,-0.203,0.00
84.77930,0.121,-0.204,0.00
84.79321,0.109,-0.200,0.00
84.80342,0.109,-0.192,0.00
84.81615,0.098,-0.192,0.00
84.82743,0.098,-0.176,0.00
84.83878,0.085,-0.176,0.00
84.85646,0.085,-0.163,0.00
84.87346,0.085,-0.148,0.00
84.88593,0.044,-0.136,0.00
84.90727,0.032,-0.136,0.00
84.91819,0.032,-0.131,0.00
84.93392,0.024,-0.122,0.00
84.98652,0.011,-0.127,0.00
84.99674,0.005,-0.127,0.00
85.04133,-0.001,-0.144,0.00
85.05440,-0.003,-0.151,0.00
85.06724,-0.262,0.024,0.00
85.07749,-0.262,0.024,0.00
85.08782,-0.262,0.020,0.00
85.09813,-0.262,0.020,0.00
85.10828,-0.263,0.018,0.00
85.11844,-0.263,0.018,0.00
85.12964,-0.263,0.016,0.00
85.13993,-0.260,0.016,0.00
85.15019,-0.253,0.013,0.00
85.16035,-0.253,0.013,0.00
85.17062,-0.249,0.011,0.00
85.18082,-0.249,0.011,0.00
85.19100,-0.243,0.007,0.00
85.20123,-0.243,0.007,0.00
85.21139,-0.237,-0.003,0.00
85.22156,-0.237,-0.003,0.00
85.23173,-0.231,-0.015,0.00
85.24189,-0.231,-0.033,0.00
85.25205,-0.225,-0.033,0.00
85.26236,-0.225,-0.033,0.00
85.27254,-0.220,-0.048,0.00
85.28269,-0.214,-0.048,0.00
85.29286,-0.214,-0.060,0.00
85.30323,-0.210,-0.060,0.00
85.31419,-0.210,-0.076,0.00
85.32440,-0.210,-0.076,0.00
85.33470,-0.203,-0.090,0.00
85.34503,-0.196,-0.090,0.00
85.35545,-0.196,-0.100,0.00
85.36568,-0.196,-0.100,0.00
85.37599,-0.196,-0.100,0.00
85.38644,-0.187,-0.108,0.00
85.39662,-0.182,-0.111,0.00
85.40686,-0.182,-0.119,0.00
85.41702,-0.177,-0.119,0.00
85.42718,-0.177,-0.119,0.00
85.43733,-0.173,-0.120,0.00
85.44759,-0.170,-0.124,0.00
85.45790,-0.170,-0.124,0.00
85.46808,-0.170,-0.122,0.00
85.47828,-0.170,-0.122,0.00
85.48876,-0.169,-0.120,0.00
85.49923,-0.169,-0.120,0.00
85.50941,-0.170,-0.117,0.00
85.51960,-0.170,-0.117,0.00
85.52977,-0.178,-0.108,0.00
85.53992,-0.178,-0.108,0.00
85.55014,-0.187,-0.105,0.00
85.56029,-0.187,-0.105,0.00
85.57053,-0.197,-0.105,0.00
85.58094,-0.197,-0.098,0.00
85.59110,-0.208,-0.092,0.00
85.60127,-0.208,-0.092,0.00
85.61145,-0.216,-0.083,0.00
85.62162,-0.216,-0.083,0.00
85.63178,-0.223,-0.074,0.00
85.64193,-0.223,-0.074,0.00
85.65209,-0.231,-0.063,0.00
85.66229,-0.231,-0.063,0.00
85.67245,-0.240,-0.053,0.00
85.68266,-0.240,-0.053,0.00
85.69282,-0.250,-0.045,0.00
85.70297,-0.250,-0.038,0.00
85.71318,-0.260,-0.038,0.00
85.72387,-0.260,-0.038,0.00
85.73403,-0.268,-0.032,0.00
85.74418,-0.279,-0.032,0.00
85.75443,-0.279,-0.029,0.00
85.76475,-0.279,-0.029,0.00
85.77491,-0.289,-0.029,0.00
85.78508,-0.299,-0.022,0.00
85.79596,-0.299,-0.022,0.00
85.80664,-0.308,-0.017,0.00
85.81680,-0.308,-0.017,0.00
85.82696,-0.317,-0.010,0.00
85.83714,-0.317,-0.010,0.00
85.84735,-0.327,-0.003,0.00
85.85757,-0.327,-0.003,0.00
85.86774,-0.336,0.004,0.00
85.87789,-0.336,0.004,0.00
85.88837,-0.336,0.010,0.00
85.89876,-0.347,0.010,0.00
85.90900,-0.358,0.017,0.00
85.91915,-0.358,0.017,0.00
85.92931,-0.371,0.025,0.00
85.93957,-0.371,0.025,0.00
85.94975,-0.386,0.027,0.00
85.95998,-0.386,0.027,0.00
85.97024,-0.401,0.030,0.00
85.98041,-0.401,0.030,0.00
85.99057,-0.415,0.035,0.00
86.00073,-0.415,0.035,0.00
86.01089,-0.428,0.037,0.00
86.02114,-0.428,0.037,0.00
86.03130,-0.428,0.037,0.00
86.04145,-0.441,0.038,0.00
86.05161,-0.452,0.039,0.00
86.06177,-0.452,0.039,0.00
86.07195,-0.465,0.034,0.00
86.08212,-0.491,0.034,0.00
86.09227,-0.491,0.026,0.00
86.10304,-0.491,0.026,0.00
86.11320,-0.526,0.013,0.00
86.12337,-0.575,-0.009,0.00
86.13361,-0.575,-0.009,0.00
86.14374,-0.575,-0.009,0.00
86.15399,-0.699,-0.034,0.00
86.16472,-0.699,-0.034,0.00
86.17494,-0.868,-0.063,0.00
86.18507,-1.029,-0.088,0.00
86.19647,-1.029,-0.088,0.00
86.20685,-1.186,-0.113,0.00
86.21700,-1.186,-0.113,0.00
86.22716,-1.306,-0.144,0.00
86.23738,-1.306,-0.144,0.00
86.24772,-1.345,-0.175,0.00
86.25826,-1.345,-0.175,0.00
86.26841,-1.228,-0.203,0.00
86.27866,-1.228,-0.203,0.00
86.28895,-0.894,-0.234,0.00
86.29991,-0.894,-0.234,0.00
86.31017,-0.355,-0.259,0.00
86.32056,0.294,-0.284,0.00
86.33072,0.294,-0.284,0.00
86.34087,0.294,-0.304,0.00
86.35103,1.037,-0.304,0.00
86.36126,1.037,-0.304,0.00
86.37142,1.905,-0.321,0.00
86.38157,1.905,-0.321,0.00
86.39177,2.867,-0.332,0.00
86.40201,2.867,-0.332,0.00
86.41217,3.910,-0.341,0.00
86.42248,5.041,-0.348,0.00
86.43265,5.041,-0.348,0.00
86.44281,6.212,-0.354,0.00
86.45296,6.212,-0.354,0.00
86.46311,7.414,-0.355,0.00
86.47345,7.414,-0.355,0.00
86.48362,7.414,-0.355,0.00
86.49382,8.621,-0.353,0.00
86.50398,9.826,-0.347,0.00
86.51416,9.826,-0.347,0.00
86.52432,11.040,-0.336,0.00
86.54539,11.040,-0.336,0.00
86.55556,12.238,-0.323,0.00
86.57844,13.383,-0.307,9.00
86.58867,14.448,-0.288,9.00
86.60968,14.448,-0.288,9.00
86.62007,15.433,-0.247,9.00
86.64237,17.170,-0.224,9.00
86.65261,17.170,-0.224,9.00
86.66301,17.830,-0.207,9.00
86.67466,17.830,-0.207,9.00
86.68517,17.830,-0.207,9.00
86.69528,18.355,-0.189,9.00
86.70626,18.695,-0.169,9.00
86.71651,18.695,-0.169,9.00
86.72695,18.726,-0.151,9.00
86.73914,18.726,-0.151,9.00
86.74921,18.525,-0.131,9.00
86.76092,18.525,-0.131,9.00
86.77108,18.185,-0.108,9.00
86.78126,17.718,-0.108,9.00
86.79142,17.718,-0.090,9.00
86.81879,17.718,-0.090,9.00
86.82901,16.405,-0.082,9.00
86.85035,15.548,-0.079,9.00
86.86052,15.548,-0.079,9.00
86.88227,13.441,-0.077,9.00
86.89243,13.441,-0.077,9.00
86.91619,12.155,-0.083,9.00
86.92635,10.895,-0.098,9.00
86.94645,10.895,-0.098,9.00
86.95673,9.570,-0.123,9.00
86.97930,8.176,-0.155,9.00
86.98974,6.810,-0.198,9.00
87.00050,6.810,-0.198,9.00
87.01065,5.518,-0.236,9.00
87.02085,4.243,-0.236,9.00
87.03113,4.243,-0.285,9.00
87.04236,3.041,-0.332,9.00
87.05267,3.041,-0.332,9.00
87.06298,3.041,-0.332,9.00
87.07516,2.065,-0.382,9.00
87.08531,1.204,-0.436,9.00
87.09557,1.204,-0.436,9.00
87.12230,1.204,-0.494,9.50
87.13257,-0.293,-0.549,9.50
87.15516,-0.849,-0.626,9.50
87.16534,-1.143,-0.970,9.50
87.18538,-1.143,-0.970,10.00
87.19556,-1.143,-0.970,10.00
87.21786,-1.305,-0.970,10.00
87.22804,-1.145,-1.447,10.00
87.23839,-1.145,-1.607,10.00
87.24981,-1.145,-1.607,10.50
87.26003,-1.145,-1.736,10.50
87.27022,-0.946,-1.736,10.50
87.28317,-0.946,-1.736,11.00
87.29339,-0.742,-1.834,11.00
87.30380,-0.579,-1.864,11.00
87.31386,-0.435,-1.863,12.00
87.32406,-0.435,-1.863,12.00
87.33432,-0.321,-1.812,12.00
87.36188,-0.321,-1.746,13.50
87.37212,-0.197,-1.682,13.50
87.39551,-0.147,-1.608,15.00
87.40576,-0.130,-1.608,15.00
87.42735,-0.130,-1.520,16.50
87.43754,-0.136,-1.520,16.50
87.45761,-0.158,-1.486,18.50
87.46785,-0.166,-1.438,18.50
87.47801,-0.166,-1.438,18.50
87.48971,-0.166,-1.438,20.50
87.49990,-0.188,-1.377,20.50
87.51017,-0.206,-1.321,20.50
87.52203,-0.228,-1.321,22.50
87.53237,-0.228,-1.245,22.50
87.54281,-0.270,-1.245,22.50
87.55548,-0.270,-1.164,24.00
87.56577,-0.306,-1.120,24.00
87.57592,-0.306,-1.120,24.00
87.58625,-0.348,-1.094,25.50
87.59690,-0.348,-1.094,25.50
87.60731,-0.395,-1.109,25.50
87.63504,-0.454,-1.140,26.50
87.64520,-0.512,-1.184,26.50
87.66918,-0.512,-1.239,27.50
87.67938,-0.575,-1.239,27.50
87.69959,-0.575,-1.239,28.00
87.70957,-0.699,-1.327,28.00
87.72938,-0.699,-1.327,28.50
87.73954,-0.736,-1.387,28.50
87.74971,-0.768,-1.444,28.50
87.76243,-0.768,-1.444,29.00
87.77259,-0.798,-1.518,29.00
87.78295,-0.798,-1.518,29.00
87.79417,-0.825,-1.588,29.00
87.80573,-0.825,-1.588,29.00
87.81609,-0.847,-1.703,29.00
87.83097,-0.847,-1.789,29.00
87.84121,-0.879,-1.975,29.00
87.85163,-0.909,-1.975,29.00
87.86182,-0.909,-1.975,29.50
87.87196,-0.933,-2.149,29.50
87.88221,-0.933,-2.149,29.50
87.89252,-0.933,-2.149,29.50
87.90270,-0.944,-2.311,29.50
87.91285,-0.950,-2.590,29.50
87.93994,-0.941,-2.590,29.50
87.95023,-0.922,-3.325,29.50
87.96961,-0.922,-3.325,29.50
87.97980,-0.907,-3.645,29.50
88.00164,-0.889,-4.078,29.50
88.01192,-0.872,-4.465,29.50
88.03502,-0.853,-4.465,29.50
88.04547,-0.827,-5.344,29.50
88.05627,-0.827,-5.344,29.50
88.06653,-0.827,-5.344,29.50
88.07669,-0.795,-5.763,29.50
88.08685,-0.795,-5.763,29.50
88.09757,-0.795,-5.763,29.50
88.10798,-0.756,-6.354,29.50
88.11822,-0.717,-6.930,29.50
88.12971,-0.674,-6.930,29.50
88.14011,-0.674,-7.461,29.50
88.15056,-0.625,-7.940,29.50
88.17815,-0.625,-8.369,29.50
88.18830,-0.525,-8.756,29.50
88.21258,-0.525,-9.038,29.50
88.22426,-0.480,-9.038,29.50
88.24250,-0.405,-9.136,29.50
88.25267,-0.405,-9.136,29.50
88.27401,-0.405,-8.924,29.50
88.28432,-0.378,-8.924,29.50
88.29485,-0.378,-8.924,29.50
88.30659,-0.378,-8.924,29.50
88.31721,-0.324,-8.103,29.50
88.32761,-0.312,-7.435,29.50
88.33841,-0.312,-7.435,29.50
88.34862,-0.312,-7.435,29.50
88.36217,-0.312,-7.435,29.50
88.37257,-0.299,-5.864,29.50
88.38273,-0.299,-5.864,29.50
88.39292,-0.304,-4.958,29.50
88.40307,-0.304,-4.958,29.50
88.41332,-0.304,-4.958,29.50
88.42348,-0.319,-4.063,29.50
88.43371,-0.339,-2.969,29.50
88.44389,-0.339,-2.969,29.50
88.45429,-0.339,-2.969,29.50
88.46448,-0.368,-2.030,29.50
88.48239,-0.403,-1.063,29.50
88.49260,-0.443,-0.107,29.50
88.51433,-0.443,0.753,29.50
88.52452,-0.488,0.753,29.50
88.54654,-0.533,1.622,29.50
88.55729,-0.533,1.622,29.50
88.57914,-0.621,3.063,29.50
88.58936,-0.663,3.756,29.50
88.61042,-0.663,3.756,29.50
88.62248,-0.708,4.226,29.50
88.63269,-0.752,4.718,29.50
88.64369,-0.752,4.718,29.50
88.65387,-0.800,5.090,29.50
88.66449,-0.800,5.090,29.50
88.67465,-0.838,5.395,29.50
88.68491,-0.838,5.395,29.50
88.69522,-0.874,5.539,29.50
88.70627,-0.904,5.539,29.50
88.71647,-0.904,5.544,29.50
88.72671,-0.904,5.544,29.50
88.73687,-0.929,5.742,0.00
88.74704,-0.946,5.817,0.00
88.75721,-0.946,5.817,0.00
88.76737,-0.958,5.946,0.00
88.77753,-0.958,5.946,0.00
88.78769,-0.974,5.895,0.00
88.79793,-0.974,5.895,0.00
88.80809,-0.986,5.819,0.00
88.81828,-0.986,5.819,0.00
88.82844,-1.004,5.759,0.00
88.83866,-1.004,5.759,0.00
88.84876,-1.024,5.597,0.00
88.86008,-1.024,5.597,0.00
88.87019,-1.024,5.541,0.00
88.88143,-1.024,5.541,0.00
88.89159,-0.983,5.413,0.00
88.90174,-0.926,5.392,0.00
88.91190,-0.926,5.392,0.00
88.92218,-0.926,5.392,0.00
88.93235,-0.812,5.301,0.00
88.94254,-0.597,5.181,0.00
88.95271,-0.597,5.181,0.00
88.96305,-0.329,5.136,0.00
88.97338,-0.329,5.136,0.00
88.98354,-0.109,5.136,0.00
88.99373,-0.109,5.049,0.00
89.00389,0.036,5.047,0.00
89.01416,0.036,5.047,0.00
89.02432,0.036,5.047,0.00
89.03448,0.128,5.015,0.00
89.04464,0.128,5.015,0.00
89.05488,0.180,4.949,0.00
89.06499,0.182,4.949,0.00
89.07515,0.182,5.006,0.00
89.08533,0.172,4.969,0.00
89.09550,0.172,4.969,0.00
89.10617,0.190,5.012,0.00
89.11621,0.190,5.012,0.00
89.12637,0.190,5.076,0.00
89.13654,0.220,5.076,0.00
89.14670,0.220,5.078,0.00
89.15702,0.242,5.078,0.00
89.16737,0.281,5.133,0.00
89.17835,0.281,5.133,0.00
89.18844,0.332,5.108,0.00
89.19922,0.332,5.108,0.00
89.20937,0.381,5.215,0.00
89.21952,0.381,5.215,0.00
89.22988,0.369,5.197,0.00
89.24045,0.369,5.197,0.00
89.25072,0.228,5.196,0.00
89.26092,0.228,5.196,0.00
89.27108,0.228,5.196,0.00
89.28124,0.050,5.240,0.00
89.29140,-0.094,5.165,0.00
89.30159,-0.094,5.165,0.00
89.31173,-0.208,5.209,0.00
89.32195,-0.208,5.209,0.00
89.33210,-0.305,5.183,0.00
89.34227,-0.305,5.183,0.00
89.35242,-0.432,5.166,0.00
89.36257,-0.534,5.069,0.00
89.37282,-0.534,5.069,0.00
89.38315,-0.584,4.975,0.00
89.39331,-0.584,4.975,0.00
89.40371,-0.584,4.629,0.00
89.41419,-0.594,4.629,0.00
89.42457,-0.594,4.629,0.00
89.43493,-0.594,3.844,0.00
89.44509,-0.559,3.048,0.00
89.45525,-0.559,3.048,0.00
89.46541,-0.548,2.656,0.00
89.47557,-0.548,2.656,0.00
89.48573,-0.544,2.171,0.00
89.49611,-0.544,2.171,0.00
89.50627,-0.528,1.419,0.00
89.51642,-0.528,1.419,0.00
89.52658,-0.528,1.419,0.00
89.53674,-0.500,0.691,0.00
89.54708,-0.500,0.691,0.00
89.55724,-0.461,-0.048,0.00
89.56741,-0.421,-0.800,0.00
89.57837,-0.421,-0.800,0.00
89.58854,-0.387,-1.476,0.00
89.59931,-0.387,-1.476,0.00
89.60948,-0.362,-2.326,0.00
89.61963,-0.362,-2.326,0.00
89.62979,-0.334,-3.100,0.00
89.64054,-0.334,-3.100,0.00
89.65073,-0.300,-3.648,0.00
89.66089,-0.300,-3.648,0.00
89.67109,-0.264,-3.806,0.00
89.68124,-0.264,-3.806,0.00
89.69152,-0.225,-3.535,0.00
89.70193,-0.200,-3.111,0.00
89.71238,-0.200,-3.111,0.00
89.72254,-0.202,-2.169,0.00
89.73270,-0.202,-2.169,0.00
89.74287,-0.222,-1.035,0.00
89.75320,-0.222,-1.035,0.00
89.76336,-0.246,-0.159,0.00
89.77351,-0.246,-0.159,0.00
89.78368,-0.246,-0.159,0.00
89.79436,-0.261,-0.156,0.00
89.80471,-0.265,-0.526,0.00
89.81519,-0.265,-0.526,0.00
89.82535,-0.262,-0.864,0.00
89.83550,-0.262,-0.864,0.00
89.84566,-0.258,-0.908,0.00
89.85582,-0.258,-0.908,0.00
89.86598,-0.247,-0.936,0.00
89.87638,-0.247,-0.936,0.00
89.88717,-0.236,-1.026,0.00
89.89733,-0.236,-1.026,0.00
89.90750,-0.227,-1.177,0.00
89.91770,-0.227,-1.177,0.00
89.92786,-0.223,-1.180,0.00
89.93838,-0.223,-1.180,0.00
89.94832,-0.225,-1.040,0.00
89.95848,-0.225,-1.040,0.00
89.96862,-0.225,-1.040,0.00
89.97895,-0.232,-0.792,0.00
89.98911,-0.236,-0.550,0.00
89.99944,-0.236,-0.550,0.00
90.00960,-0.233,-0.468,0.00
90.01976,-0.233,-0.468,0.00
90.02992,-0.225,-0.423,0.00
90.04009,-0.225,-0.423,0.00
90.05028,-0.217,-0.344,0.00
90.06044,-0.217,-0.344,0.00
90.07067,-0.214,-0.269,0.00
90.08103,-0.214,-0.269,0.00
90.09138,-0.218,-0.184,0.00
90.10154,-0.218,-0.114,0.00
90.11170,-0.227,-0.114,0.00
90.12185,-0.227,-0.036,0.00
90.13201,-0.242,-0.036,0.00
90.14265,-0.242,0.075,0.00
90.15327,-0.259,0.075,0.00
90.16343,-0.280,0.075,0.00
90.17361,-0.280,0.244,0.00
90.18383,-0.297,0.244,0.00
90.19402,-0.297,0.446,0.00
90.20439,-0.309,0.652,0.00
90.21485,-0.309,0.652,0.00
90.22558,-0.316,0.772,0.00
90.23592,-0.316,0.772,0.00
90.24856,-0.316,0.772,0.00
90.25883,-0.316,0.772,0.00
90.27041,-0.316,0.772,0.00
90.28416,-0.326,0.933,0.00
90.30169,-0.331,0.721,0.00
90.31324,-0.331,0.721,0.00
90.32950,-0.332,0.576,0.00
90.33991,-0.332,0.576,0.00
90.35438,-0.332,0.576,0.00
90.37101,-0.334,0.353,0.00
90.38770,-0.335,0.296,0.00
90.40426,-0.335,0.296,0.00
90.42153,-0.336,0.279,0.00
90.43728,-0.334,0.279,0.00
90.44861,-0.334,0.279,0.00
90.46467,-0.334,0.291,0.00
90.47931,-0.334,0.311,0.00
90.49042,-0.335,0.311,0.00
90.50227,-0.335,0.322,0.00
90.51332,-0.336,0.343,0.00
90.52498,-0.340,0.373,0.00
90.53618,-0.340,0.373,0.00
90.54634,-0.340,0.373,0.00
90.55727,-0.344,0.410,0.00
90.56768,-0.349,0.457,0.00
90.58751,-0.353,0.505,0.00
90.59960,-0.353,0.505,0.00
90.61403,-0.358,0.553,0.00
90.63496,-0.358,0.586,0.00
90.65069,-0.366,0.606,0.00
90.66346,-0.368,0.612,0.00
90.68082,-0.368,0.601,0.00
90.69655,-0.368,0.601,0.00
90.70706,-0.368,0.581,0.00
90.71769,-0.369,0.581,0.00
90.73893,-0.369,0.515,0.00
90.75315,-0.371,0.515,0.00
90.76528,-0.369,0.478,0.00
90.77625,-0.369,0.478,0.00
90.78672,-0.369,0.451,0.00
90.79693,-0.362,0.451,0.00
90.81265,-0.362,0.451,0.00
90.82444,-0.342,0.451,0.00
90.83665,-0.342,0.432,0.00
90.84711,-0.331,0.423,0.00
90.86261,-0.331,0.423,0.00
90.87374,-0.318,0.418,0.00
90.89059,-0.307,0.418,0.00
90.90611,-0.307,0.418,0.00
90.91679,-0.307,0.421,0.00
90.93912,-0.289,0.423,0.00
90.95035,-0.289,0.427,0.00
90.96978,-0.282,0.427,0.00
90.98019,-0.282,0.431,0.00
90.99033,-0.276,0.431,0.00
91.00334,-0.269,0.440,0.00
91.01988,-0.255,0.445,0.00
91.03055,-0.255,0.445,0.00
91.04151,-0.256,0.445,0.00
91.05217,-0.256,0.444,0.00
91.06319,-0.256,0.440,0.00
91.07353,-0.260,0.440,0.00
91.08394,-0.260,0.435,0.00
91.09459,-0.265,0.435,0.00
91.10583,-0.272,0.427,0.00
91.11616,-0.272,0.427,0.00
91.12632,-0.272,0.418,0.00
91.13706,-0.281,0.418,0.00
91.14730,-0.281,0.409,0.00
91.15763,-0.292,0.409,0.00
91.16871,-0.292,0.407,0.00
91.17965,-0.303,0.407,0.00
91.18983,-0.303,0.410,0.00
91.20069,-0.323,0.415,0.00
91.21120,-0.323,0.415,0.00
91.22220,-0.323,0.422,0.00
91.23261,-0.330,0.422,0.00
91.28821,-0.346,0.422,0.00
91.29855,-0.346,0.455,0.00
91.35077,-0.370,0.455,0.00
91.36111,-0.370,0.489,0.00
91.37158,-0.038,0.061,0.00
91.38214,-0.038,0.061,0.00
91.39221,-0.055,0.073,0.00
91.40237,-0.055,0.073,0.00
91.41253,-0.065,0.077,0.00
91.42270,-0.065,0.077,0.00
91.43287,-0.075,0.074,0.00
91.44302,-0.075,0.074,0.00
91.45318,-0.084,0.074,0.00
91.46337,-0.095,0.069,0.00
91.47354,-0.095,0.069,0.00
91.48456,-0.095,0.069,0.00
91.49483,-0.109,0.062,0.00
91.50499,-0.124,0.062,0.00
91.51516,-0.124,0.062,0.00
91.52545,-0.137,0.060,0.00
91.53622,-0.137,0.060,0.00
91.54638,-0.146,0.059,0.00
91.55654,-0.146,0.059,0.00
91.56670,-0.151,0.058,0.00
91.57718,-0.151,0.058,0.00
91.58754,-0.156,0.055,0.00
91.59770,-0.156,0.055,0.00
91.60787,-0.160,0.054,0.00
91.61819,-0.160,0.054,0.00
91.62855,-0.163,0.053,0.00
91.63873,-0.163,0.053,0.00
91.64916,-0.168,0.046,0.00
91.65933,-0.168,0.046,0.00
91.66971,-0.168,0.046,0.00
91.67989,-0.168,0.046,0.00
91.69227,-0.167,0.037,0.00
91.70262,-0.166,0.022,0.00
91.71278,-0.163,0.008,0.00
91.72324,-0.163,0.008,0.00
91.73362,-0.159,-0.005,0.00
91.74379,-0.156,-0.019,0.00
91.75394,-0.156,-0.019,0.00
91.76429,-0.155,-0.029,0.00
91.77462,-0.155,-0.029,0.00
91.78494,-0.153,-0.029,0.00
91.79533,-0.153,-0.036,0.00
91.80575,-0.149,-0.039,0.00
91.81608,-0.149,-0.039,0.00
91.82641,-0.146,-0.042,0.00
91.83669,-0.146,-0.042,0.00
91.84722,-0.142,-0.046,0.00
91.85792,-0.142,-0.046,0.00
91.86809,-0.136,-0.047,0.00
91.87850,-0.136,-0.047,0.00
91.88891,-0.131,-0.045,0.00
91.89906,-0.131,-0.045,0.00
91.90946,-0.131,-0.045,0.00
91.91995,-0.127,-0.043,0.00
91.93011,-0.124,-0.043,0.00
91.94030,-0.124,-0.043,0.00
91.95045,-0.120,-0.043,0.00
91.96060,-0.116,-0.037,0.00
91.97075,-0.116,-0.031,0.00
91.98133,-0.116,-0.031,0.00
91.99157,-0.112,-0.026,0.00
92.00217,-0.107,-0.026,0.00
92.01250,-0.107,-0.024,0.00
92.02267,-0.107,-0.024,0.00
92.03294,-0.106,-0.024,0.00
92.04309,-0.105,-0.025,0.00
92.05324,-0.105,-0.025,0.00
92.06340,-0.103,-0.025,0.00
92.07354,-0.103,-0.028,0.00
92.08414,-0.103,-0.028,0.00
92.09429,-0.101,-0.031,0.00
92.10444,-0.101,-0.035,0.00
92.11653,-0.098,-0.035,0.00
92.12668,-0.098,-0.037,0.00
92.13911,-0.097,-0.037,0.00
92.14909,-0.097,-0.037,0.00
92.15924,-0.097,-0.037,0.00
92.16945,-0.095,-0.033,0.00
92.17960,-0.095,-0.033,0.00
92.18974,-0.095,-0.033,0.00
92.20022,-0.092,-0.031,0.00
92.21040,-0.090,-0.025,0.00
92.22056,-0.090,-0.025,0.00
92.23073,-0.090,-0.022,0.00
92.24122,-0.090,-0.022,0.00
92.25138,-0.092,-0.018,0.00
92.26186,-0.092,-0.018,0.00
92.27219,-0.095,-0.014,0.00
92.28235,-0.095,-0.012,0.00
92.29256,-0.094,-0.012,0.00
92.30490,-0.094,-0.012,0.00
92.31515,-0.091,-0.010,0.00
92.32532,-0.088,-0.012,0.00
92.33548,-0.088,-0.012,0.00
92.34564,-0.089,-0.015,0.00
92.35605,-0.089,-0.015,0.00
92.36624,-0.089,-0.018,0.00
92.37641,-0.089,-0.018,0.00
92.38656,-0.093,-0.021,0.00
92.39673,-0.093,-0.021,0.00
92.40690,-0.093,-0.026,0.00
92.41716,-0.093,-0.026,0.00
92.42732,-0.093,-0.032,0.00
92.43747,-0.093,-0.032,0.00
92.44813,-0.093,-0.032,0.00
92.45838,-0.093,-0.039,0.00
92.47032,-0.093,-0.040,0.00
92.48059,-0.093,-0.040,0.00
92.49075,-0.094,-0.040,0.00
92.50103,-0.094,-0.040,0.00
92.51186,-0.098,-0.040,0.00
92.52201,-0.098,-0.040,0.00
92.53216,-0.102,-0.041,0.00
92.54230,-0.102,-0.041,0.00
92.55245,-0.102,-0.041,0.00
92.56260,-0.102,-0.041,0.00
92.57276,-0.102,-0.041,0.00
92.58293,-0.102,-0.041,0.00
92.59322,-0.106,-0.037,0.00
92.60388,-0.111,-0.031,0.00
92.61415,-0.111,-0.031,0.00
92.62419,-0.116,-0.022,0.00
92.63471,-0.121,-0.015,0.00
92.64516,-0.144,-0.004,0.00
92.65580,-0.144,-0.004,0.00
92.66618,-0.144,-0.004,0.00
92.67635,-0.162,0.004,0.00
92.68650,-0.186,0.009,0.00
92.69668,-0.186,0.009,0.00
92.70702,-0.214,0.012,0.00
92.71734,-0.214,0.012,0.00
92.72788,-0.258,0.015,0.00
92.73890,-0.258,0.015,0.00
92.74906,-0.366,0.018,0.00
92.75964,-0.366,0.018,0.00
92.76981,-0.428,0.024,0.00
92.77996,-0.428,0.024,0.00
92.79015,-0.510,0.027,0.00
92.80031,-0.510,0.027,0.00
92.81047,-0.605,0.026,0.00
92.82065,-0.605,0.026,0.00
92.83081,-0.747,0.027,0.00
92.84097,-0.747,0.027,0.00
92.85112,-0.888,0.025,0.00
92.86132,-0.888,0.025,0.00
92.87148,-0.930,0.022,0.00
92.88217,-0.930,0.022,0.00
92.89233,-0.818,0.022,0.00
92.90249,-0.818,0.022,0.00
92.91278,-0.466,0.020,0.00
92.92304,-0.466,0.016,0.00
92.93341,0.311,0.016,0.00
92.94379,1.328,0.013,0.00
92.95438,1.328,0.013,0.00
92.96457,2.563,0.009,0.00
92.97503,2.563,0.009,0.00
92.98519,3.998,0.006,0.00
92.99544,3.998,0.006,0.00
93.00565,3.998,0.006,0.00
93.01623,5.484,0.000,0.00
93.02640,7.050,0.000,0.00
93.03671,7.050,-0.004,0.00
93.04710,8.785,-0.006,0.00
93.05730,8.785,-0.006,0.00
93.06749,8.785,-0.006,0.00
93.09094,12.683,-0.013,0.00
93.10126,14.743,-0.018,0.00
93.12155,14.743,-0.018,9.00
93.13174,16.670,-0.022,9.00
93.15375,16.670,-0.026,9.00
93.16412,18.474,-0.029,9.00
93.17458,20.034,-0.029,9.00
93.18720,21.316,-0.031,9.00
93.19773,21.316,-0.031,9.00
93.20788,22.182,-0.034,9.00
93.21830,22.182,-0.034,9.00
93.23059,22.182,-0.034,9.00
93.24075,22.846,-0.039,9.00
93.25091,23.119,-0.042,9.00
93.26122,23.119,-0.041,9.00
93.27153,23.083,-0.041,9.00
93.28295,22.860,-0.041,9.00
93.29333,22.860,-0.038,9.00
93.30383,22.359,-0.033,9.00
93.33010,22.359,-0.029,9.00
93.34031,21.611,-0.029,9.00
93.36305,20.645,-0.019,9.00
93.37322,19.389,-0.001,9.00
93.39472,17.968,0.018,9.00
93.40510,16.343,0.018,9.00
93.42543,16.343,0.049,9.00
93.43562,14.512,0.072,9.00
93.44577,14.512,0.072,9.00
93.45907,14.512,0.107,9.00
93.46916,10.305,0.145,9.00
93.47932,10.305,0.145,9.00
93.48955,8.121,0.145,9.00
93.49973,8.121,0.170,9.00
93.50989,5.994,0.182,9.00
93.52262,5.994,0.182,9.00
93.53281,3.993,0.177,9.00
93.54297,3.993,0.177,9.00
93.57038,2.230,0.156,9.00
93.58057,0.736,0.129,9.00
93.60190,-0.274,0.129,9.00
93.61209,-0.779,0.095,9.00
93.63400,-0.779,0.039,9.00
93.64433,-0.563,-0.019,9.00
93.66735,-0.563,-0.019,9.50
93.67767,-0.146,-0.091,9.50
93.69773,0.319,-0.168,9.50
93.70807,0.694,-0.257,9.50
93.71857,0.694,-0.257,9.50
93.73046,0.694,-0.257,10.00
93.74079,0.848,-0.551,10.00
93.75129,0.922,-0.848,10.00
93.76233,0.922,-0.848,10.00
93.77253,0.952,-1.111,10.00
93.78279,0.952,-1.111,10.00
93.79618,0.846,-1.277,10.50
93.80633,0.669,-1.437,10.50
93.81649,0.669,-1.437,10.50
93.84338,0.299,-1.522,11.50
93.85376,0.299,-1.522,11.50
93.87427,0.172,-1.520,12.50
93.88459,0.133,-1.461,12.50
93.90715,0.143,-1.461,13.50
93.91757,0.143,-1.393,13.50
93.93902,0.175,-1.318,15.00
93.94937,0.213,-1.267,15.00
93.96928,0.213,-1.267,16.50
93.97946,0.246,-1.241,16.50
93.98963,0.270,-1.212,16.50
94.00319,0.284,-1.192,18.50
94.01335,0.284,-1.192,18.50
94.02403,0.293,-1.146,18.50
94.03427,0.293,-1.146,20.50
94.04452,0.293,-1.146,20.50
94.05466,0.304,-1.085,20.50
94.06575,0.304,-1.085,22.50
94.07615,0.312,-1.040,22.50
94.08632,0.312,-0.973,22.50
94.11348,0.321,-0.973,24.00
94.12366,0.321,-0.951,24.00
94.14679,0.300,-0.885,25.50
94.15696,0.300,-0.885,25.50
94.17789,0.253,-0.885,26.50
94.18809,0.189,-0.926,26.50
94.20927,0.189,-0.926,27.50
94.21944,0.124,-0.992,27.50
94.22960,0.089,-1.046,27.50
94.24399,0.089,-1.046,28.00
94.25425,0.072,-1.128,28.00
94.26441,0.072,-1.128,28.00
94.27862,0.071,-1.128,28.50
94.28948,0.074,-1.237,28.50
94.30055,0.074,-1.336,28.50
94.32540,0.073,-1.336,29.00
94.33576,0.073,-1.504,29.00
94.35353,0.073,-1.504,29.00
94.36372,0.075,-1.606,29.00
94.38588,0.086,-1.606,29.00
94.39613,0.093,-1.763,29.00
94.41743,0.102,-1.914,29.50
94.42761,0.102,-1.914,29.50
94.44967,0.113,-2.231,29.50
94.45990,0.120,-2.231,29.50
94.47019,0.132,-2.406,29.50
94.48158,0.142,-2.406,29.50
94.49177,0.142,-2.639,29.50
94.50203,0.142,-2.639,29.50
94.51396,0.149,-2.874,29.50
94.52433,0.161,-3.090,29.50
94.53470,0.161,-3.090,29.50
94.54734,0.178,-3.090,29.50
94.55767,0.178,-3.404,29.50
94.56799,0.204,-3.638,29.50
94.59372,0.222,-3.638,29.50
94.60392,0.222,-4.432,29.50
94.62583,0.245,-4.432,29.50
94.63604,0.266,-4.893,29.50
94.65817,0.286,-5.420,29.50
94.66844,0.309,-5.963,29.50
94.68961,0.327,-5.963,29.50
94.70191,0.327,-6.592,29.50
94.72458,0.353,-7.101,29.50
94.73474,0.378,-7.610,29.50
94.74489,0.403,-8.049,29.50
94.75504,0.403,-8.049,29.50
94.76519,0.428,-8.049,29.50
94.77544,0.428,-8.463,29.50
94.78599,0.445,-8.463,29.50
94.79618,0.445,-8.740,29.50
94.80705,0.463,-8.924,29.50
94.82149,0.463,-8.924,29.50
94.83169,0.475,-9.009,29.50
94.84186,0.475,-9.009,29.50
94.86582,0.496,-8.995,29.50
94.87622,0.496,-8.812,29.50
94.88638,0.496,-8.501,29.50
94.89773,0.496,-8.501,29.50
94.90791,0.477,-8.089,29.50
94.91837,0.477,-8.089,29.50
94.93087,0.477,-8.089,29.50
94.94107,0.459,-7.447,29.50
94.95123,0.433,-6.849,29.50
94.96180,0.433,-6.849,29.50
94.97199,0.398,-6.086,29.50
94.98222,0.398,-6.086,29.50
94.99466,0.367,-5.251,29.50
95.00482,0.367,-4.365,29.50
95.01498,0.332,-4.365,29.50
95.02571,0.332,-3.467,29.50
95.03603,0.288,-3.467,29.50
95.04639,0.288,-2.655,29.50
95.07441,0.193,-1.842,29.50
95.08545,0.193,-1.842,29.50
95.10553,0.193,-1.842,29.50
95.11571,0.098,-0.299,29.50
95.13784,0.054,0.419,29.50
95.14833,0.013,1.043,29.50
95.17015,-0.032,1.708,29.50
95.18051,-0.032,1.708,29.50
95.20152,-0.032,1.708,29.50
95.21192,-0.110,2.734,29.50
95.22224,-0.139,3.135,29.50
95.23371,-0.139,3.135,29.50
95.24390,-0.139,3.505,29.50
95.25437,-0.166,3.505,29.50
95.26453,-0.166,3.505,0.00
95.27597,-0.188,3.816,0.00
95.28613,-0.205,3.978,0.00
95.29644,-0.205,3.978,0.00
95.30684,-0.224,4.119,0.00
95.31700,-0.224,4.119,0.00
95.32715,-0.243,4.098,0.00
95.33731,-0.243,4.098,0.00
95.34774,-0.263,3.893,0.00
95.35803,-0.263,3.893,0.00
95.36846,-0.263,3.775,0.00
95.37911,-0.294,3.775,0.00
95.38930,-0.312,3.603,0.00
95.39955,-0.312,3.603,0.00
95.40971,-0.293,3.464,0.00
95.41988,-0.293,3.464,0.00
95.43003,-0.258,3.325,0.00
95.44021,-0.258,3.325,0.00
95.45072,-0.177,3.329,0.00
95.46088,-0.177,3.329,0.00
95.47104,-0.022,3.300,0.00
95.48120,-0.022,3.300,0.00
95.49136,0.187,3.179,0.00
95.50152,0.187,3.179,0.00
95.51167,0.392,3.131,0.00
95.52183,0.554,2.968,0.00
95.53346,0.554,2.968,0.00
95.54366,0.655,2.968,0.00
95.55381,0.655,2.964,0.00
95.56396,0.655,2.964,0.00
95.57451,0.713,2.874,0.00
95.58467,0.713,2.874,0.00
95.59702,0.767,2.812,0.00
95.60719,0.767,2.812,0.00
95.61735,0.812,2.844,0.00
95.62751,0.840,2.765,0.00
95.63767,0.840,2.765,0.00
95.64787,0.857,2.834,0.00
95.65816,0.857,2.834,0.00
95.66829,0.875,2.799,0.00
95.67847,0.875,2.799,0.00
95.68872,0.875,2.799,0.00
95.69888,0.889,2.837,0.00
95.70908,0.893,2.873,0.00
95.71928,0.893,2.873,0.00
95.72942,0.873,2.875,0.00
95.73962,0.873,2.875,0.00
95.75001,0.737,2.991,0.00
95.76167,0.737,2.991,0.00
95.77192,0.737,2.991,0.00
95.78217,0.507,2.991,0.00
95.79234,0.307,3.021,0.00
95.80249,0.307,3.021,0.00
95.81266,0.307,3.021,0.00
95.82283,0.307,3.021,0.00
95.83300,0.307,3.021,0.00
95.84316,0.150,3.078,0.00
95.85376,-0.089,3.177,0.00
95.86423,-0.213,3.144,0.00
95.87467,-0.213,3.144,0.00
95.88512,-0.213,3.144,0.00
95.89525,-0.297,3.185,0.00
95.90572,-0.297,3.185,0.00
95.91606,-0.297,3.185,0.00
95.92659,-0.297,3.185,0.00
95.93721,-0.357,3.016,0.00
95.94756,-0.370,2.800,0.00
95.95791,-0.370,2.800,0.00
95.96831,-0.386,2.141,0.00
95.97847,-0.386,2.141,0.00
95.98863,-0.406,1.331,0.00
95.99878,-0.406,1.331,0.00
96.00894,-0.423,0.907,0.00
96.01910,-0.423,0.907,0.00
96.02926,-0.420,0.544,0.00
96.03942,-0.420,0.044,0.00
96.04970,-0.392,0.044,0.00
96.06019,-0.356,0.044,0.00
96.07037,-0.356,-0.597,0.00
96.08056,-0.356,-0.597,0.00
96.09142,-0.321,-1.223,0.00
96.10159,-0.321,-1.223,0.00
96.11175,-0.284,-1.771,0.00
96.12203,-0.284,-1.771,0.00
96.13218,-0.248,-2.334,0.00
96.14354,-0.248,-2.334,0.00
96.15370,-0.213,-2.935,0.00
96.16389,-0.213,-2.935,0.00
96.17448,-0.174,-3.526,0.00
96.18499,-0.174,-3.526,0.00
96.19517,-0.138,-3.886,0.00
96.20533,-0.120,-3.886,0.00
96.21553,-0.120,-3.960,0.00
96.22568,-0.120,-3.960,0.00
96.23583,-0.124,-3.471,0.00
96.24600,-0.132,-2.720,0.00
96.25616,-0.132,-2.720,0.00
96.26661,-0.133,-1.598,0.00
96.27678,-0.133,-1.598,0.00
96.28697,-0.120,-1.598,0.00
96.29963,-0.120,-0.548,0.00
96.30981,-0.104,-0.440,0.00
96.32000,-0.104,-0.440,0.00
96.33017,-0.094,-0.933,0.00
96.34203,-0.094,-1.268,0.00
96.35238,-0.086,-1.268,0.00
96.36255,-0.070,-1.268,0.00
96.37308,-0.070,-1.662,0.00
96.38328,-0.070,-1.662,0.00
96.39345,-0.044,-1.662,0.00
96.40361,-0.018,-2.147,0.00
96.41486,-0.018,-2.147,0.00
96.42505,-0.005,-2.147,0.00
96.43522,-0.005,-2.434,0.00
96.44571,0.000,-2.730,0.00
96.45673,0.000,-2.730,0.00
96.46688,0.000,-2.730,0.00
96.47704,0.009,-2.837,0.00
96.48723,0.009,-2.837,0.00
96.49742,0.025,-2.728,0.00
96.50763,0.045,-2.728,0.00
96.51845,0.045,-2.510,0.00
96.52879,0.060,-2.390,0.00
96.53897,0.060,-2.390,0.00
96.54914,0.066,-2.385,0.00
96.55929,0.066,-2.385,0.00
96.56980,0.064,-2.345,0.00
96.57999,0.064,-2.345,0.00
96.59018,0.063,-2.246,0.00
96.60037,0.063,-2.246,0.00
96.61088,0.069,-2.120,0.00
96.62118,0.069,-2.120,0.00
96.63166,0.085,-1.994,0.00
96.64182,0.085,-1.994,0.00
96.65198,0.102,-1.857,0.00
96.66229,0.102,-1.857,0.00
96.67254,0.119,-1.684,0.00
96.68272,0.133,-1.458,0.00
96.69287,0.133,-1.458,0.00
96.70306,0.133,-1.458,0.00
96.71322,0.143,-1.101,0.00
96.72338,0.143,-0.823,0.00
96.73362,0.148,-0.823,0.00
96.74394,0.148,-0.606,0.00
96.75455,0.148,-0.606,0.00
96.77078,0.147,-0.606,0.00
96.78120,0.147,-0.426,0.00
96.79852,0.146,-0.501,0.00
96.80967,0.146,-0.675,0.00
96.82496,0.143,-0.675,0.00
96.83535,0.143,-0.675,0.00
96.85577,0.143,-0.675,0.00
96.87346,0.137,-0.844,0.00
96.89382,0.121,-1.192,0.00
96.91065,0.098,-1.309,0.00
96.92719,0.098,-1.309,0.00
96.94448,0.090,-1.260,0.00
96.95613,0.085,-1.260,0.00
96.96689,0.084,-1.077,0.00
96.97723,0.084,-1.077,0.00
96.99534,0.081,-0.974,0.00
97.00686,0.081,-0.851,0.00
97.02282,0.079,-0.851,0.00
97.03546,0.076,-0.716,0.00
97.05093,0.071,-0.617,0.00
97.06276,0.071,-0.617,0.00
97.08000,0.060,-0.544,0.00
97.09894,0.060,-0.485,0.00
97.11380,0.060,-0.485,0.00
97.12876,0.056,-0.444,0.00
97.14057,0.053,-0.444,0.00
97.15679,0.048,-0.467,0.00
97.16704,0.048,-0.524,0.00
97.17738,0.045,-0.524,0.00
97.19416,0.042,-0.588,0.00
97.20599,0.042,-0.588,0.00
97.21709,0.042,-0.641,0.00
97.23422,0.042,-0.682,0.00
97.25133,0.042,-0.682,0.00
97.26975,0.047,-0.723,0.00
97.28844,0.047,-0.723,0.00
97.31509,0.056,-0.726,0.00
97.33218,0.061,-0.726,0.00
97.34625,0.061,-0.726,0.00
97.36956,0.070,-0.722,0.00
97.38125,0.092,-0.718,0.00
97.39175,0.092,-0.713,0.00
97.40255,0.092,-0.713,0.00
97.42104,0.103,-0.716,0.00
97.43707,0.115,-0.716,0.00
97.44839,0.127,-0.780,0.00
97.45919,0.139,-0.780,0.00
97.47064,0.139,-0.810,0.00
97.48087,0.139,-0.810,0.00
97.49898,0.151,-0.836,0.00
97.52453,0.182,-0.855,0.00
97.54000,0.182,-0.856,0.00
97.55646,0.199,-0.856,0.00
97.56755,0.199,-0.842,0.00
97.59453,0.226,-0.830,0.00
97.60527,0.226,-0.830,0.00
97.61637,0.238,-0.816,0.00
97.62757,0.238,-0.816,0.00
97.65288,0.251,-0.799,0.00
97.66949,0.276,-0.760,0.00
97.69087,0.284,-0.743,0.00
97.70918,0.284,-0.729,0.00
97.71958,0.294,-0.729,0.00
97.73549,0.297,-0.715,0.00
97.74835,0.297,-0.715,0.00
97.76409,0.299,-0.677,0.00
97.80412,0.293,-0.628,0.00
97.84963,0.293,-0.596,0.00
97.86067,0.185,0.161,0.00
97.87149,0.178,0.189,0.00
97.88178,0.171,0.217,0.00
97.89213,0.171,0.217,0.00
97.90253,0.161,0.242,0.00
97.91280,0.161,0.242,0.00
97.92296,0.150,0.265,0.00
97.93355,0.150,0.265,0.00
97.94405,0.139,0.287,0.00
97.95510,0.139,0.287,0.00
97.96526,0.128,0.306,0.00
97.97606,0.128,0.306,0.00
97.98694,0.116,0.328,0.00
97.99710,0.116,0.328,0.00
98.00725,0.101,0.349,0.00
98.01741,0.101,0.349,0.00
98.02757,0.101,0.349,0.00
98.03773,0.090,0.371,0.00
98.04797,0.080,0.390,0.00
98.05835,0.080,0.390,0.00
98.06861,0.070,0.408,0.00
98.07891,0.070,0.408,0.00
98.08914,0.064,0.425,0.00
98.09933,0.064,0.425,0.00
98.10952,0.058,0.438,0.00
98.11969,0.058,0.438,0.00
98.12984,0.053,0.438,0.00
98.14000,0.053,0.451,0.00
98.15034,0.050,0.463,0.00
98.16049,0.050,0.463,0.00
98.17065,0.048,0.469,0.00
98.18128,0.048,0.469,0.00
98.19196,0.047,0.473,0.00
98.20232,0.044,0.476,0.00
98.21247,0.044,0.476,0.00
98.22264,0.041,0.476,0.00
98.23279,0.041,0.477,0.00
98.24295,0.038,0.480,0.00
98.25312,0.038,0.480,0.00
98.26329,0.035,0.484,0.00
98.27350,0.035,0.484,0.00
98.28367,0.031,0.491,0.00
98.29383,0.031,0.491,0.00
98.30427,0.026,0.503,0.00
98.31501,0.026,0.503,0.00
98.32529,0.026,0.503,0.00
98.33546,0.023,0.510,0.00
98.34562,0.023,0.510,0.00
98.35578,0.022,0.519,0.00
98.36595,0.023,0.528,0.00
98.37631,0.023,0.528,0.00
98.38651,0.024,0.536,0.00
98.39739,0.024,0.536,0.00
98.40755,0.026,0.544,0.00
98.41791,0.026,0.544,0.00
98.42945,0.028,0.548,0.00
98.43962,0.028,0.548,0.00
98.44977,0.025,0.552,0.00
98.46010,0.025,0.552,0.00
98.47026,0.025,0.552,0.00
98.48042,0.024,0.549,0.00
98.49058,0.024,0.549,0.00
98.50073,0.029,0.544,0.00
98.51089,0.034,0.538,0.00
98.52107,0.034,0.538,0.00
98.53122,0.041,0.534,0.00
98.54142,0.046,0.534,0.00
98.55160,0.046,0.528,0.00
98.56176,0.046,0.528,0.00
98.57192,0.050,0.524,0.00
98.58220,0.055,0.524,0.00
98.59234,0.055,0.521,0.00
98.60250,0.061,0.519,0.00
98.61276,0.061,0.519,0.00
98.62280,0.065,0.517,0.00
98.63302,0.065,0.517,0.00
98.64315,0.065,0.515,0.00
98.65344,0.069,0.515,0.00
98.66355,0.069,0.515,0.00
98.67394,0.073,0.513,0.00
98.68480,0.073,0.513,0.00
98.69506,0.076,0.511,0.00
98.70532,0.076,0.506,0.00
98.71553,0.077,0.506,0.00
98.72569,0.077,0.504,0.00
98.73608,0.077,0.504,0.00
98.74663,0.077,0.504,0.00
98.75751,0.074,0.503,0.00
98.76764,0.069,0.503,0.00
98.77776,0.069,0.497,0.00
98.78791,0.055,0.489,0.00
98.79819,0.055,0.489,0.00
98.80848,0.012,0.487,0.00
98.81864,0.012,0.487,0.00
98.82880,-0.065,0.487,0.00
98.83910,-0.065,0.481,0.00
98.84947,-0.250,0.481,0.00
98.85962,-0.250,0.477,0.00
98.86982,-0.473,0.469,0.00
98.87998,-0.473,0.469,0.00
98.89022,-0.664,0.462,0.00
98.90038,-0.664,0.455,0.00
98.91062,-0.862,0.455,0.00
98.92078,-0.862,0.449,0.00
98.93124,-0.947,0.449,0.00
98.94140,-0.947,0.449,0.00
98.95161,-0.812,0.444,0.00
98.96179,-0.812,0.444,0.00
98.97195,-0.248,0.439,0.00
98.98228,-0.248,0.439,0.00
98.99244,0.682,0.435,0.00
99.00261,1.705,0.435,0.00
99.01278,1.705,0.433,0.00
99.02309,2.960,0.433,0.00
99.03335,2.960,0.433,0.00
99.04358,2.960,0.433,0.00
99.05388,2.960,0.433,0.00
99.06405,5.953,0.437,0.00
99.07422,5.953,0.437,0.00
99.08438,7.583,0.443,0.00
99.09457,7.583,0.443,0.00
99.10508,9.255,0.443,0.00
99.11542,9.255,0.450,0.00
99.14013,12.405,0.459,0.00
99.15030,12.405,0.463,0.00
99.17156,13.819,0.467,9.00
99.18266,13.819,0.467,9.00
99.20117,15.106,0.471,9.00
99.21135,16.247,0.474,9.00
99.22152,16.247,0.474,9.00
99.23386,17.196,0.479,9.00
99.24409,17.876,0.479,9.00
99.25489,17.876,0.479,9.00
99.26578,18.225,0.479,9.00
99.27595,18.225,0.481,9.00
99.28610,18.225,0.481,9.00
99.29926,18.402,0.487,9.00
99.30940,18.538,0.487,9.00
99.32005,18.538,0.487,9.00
99.33022,18.446,0.491,9.00
99.34056,18.446,0.491,9.00
99.35072,18.028,0.495,9.00
99.37835,17.272,0.503,9.00
99.38851,16.227,0.514,9.00
99.40935,16.227,0.514,9.00
99.41975,14.874,0.525,9.00
99.44173,11.433,0.536,9.00
99.45204,11.433,0.559,9.00
99.47425,9.583,0.583,9.00
99.48471,7.750,0.598,9.00
99.49485,7.750,0.598,9.00
99.50842,7.750,0.598,9.00
99.51858,6.043,0.608,9.00
99.52874,4.356,0.617,9.00
99.53897,4.356,0.617,9.00
99.54916,2.800,0.617,9.00
99.55943,2.800,0.617,9.00
99.57017,1.472,0.614,9.00
99.58058,0.283,0.600,9.00
99.59092,0.283,0.600,9.00
99.60259,0.283,0.574,9.00
99.61287,-0.575,0.574,9.00
99.62303,-1.035,0.544,9.00
99.63330,-1.035,0.544,9.00
99.64356,-1.035,0.544,9.00
99.65372,-1.096,0.491,9.00
99.66389,-1.096,0.491,9.00
99.68181,-1.096,0.356,9.00
99.69200,-0.577,0.356,9.00
99.71504,-0.577,0.356,9.50
99.72525,0.014,0.189,9.50
99.74530,0.014,0.189,9.50
99.75549,0.128,0.054,9.50
99.76566,0.128,0.054,9.50
99.77775,0.128,0.054,9.50
99.78816,0.097,-0.342,9.50
99.79843,0.097,-0.616,9.50
99.81023,-0.040,-0.770,10.00
99.82043,-0.040,-0.770,10.00
99.83067,-0.196,-0.936,10.00
99.84177,-0.196,-0.936,10.50
99.85213,-0.318,-1.005,10.50
99.86256,-0.318,-1.005,10.50
99.87369,-0.403,-1.005,11.00
99.88436,-0.403,-1.056,11.00
99.89452,-0.446,-1.046,11.00
99.90536,-0.446,-1.046,12.00
99.91554,-0.452,-0.994,12.00
99.92569,-0.430,-0.919,12.00
99.93587,-0.430,-0.919,12.00
99.95349,-0.399,-0.919,13.50
99.96367,-0.399,-0.833,13.50
99.98721,-0.379,-0.797,15.00
99.99740,-0.366,-0.768,15.00
100.01745,-0.366,-0.768,16.50
100.02786,-0.354,-0.735,16.50
100.05021,-0.337,-0.636,18.50
100.06048,-0.337,-0.636,18.50
100.07083,-0.331,-0.601,18.50
100.08521,-0.326,-0.547,20.50
100.09557,-0.326,-0.547,20.50
100.11345,-0.326,-0.547,22.50
100.12399,-0.307,-0.491,22.50
100.13436,-0.307,-0.477,22.50
100.14571,-0.307,-0.469,24.00
100.15605,-0.298,-0.469,24.00
100.16644,-0.293,-0.493,24.00
100.17835,-0.293,-0.493,25.50
100.18854,-0.306,-0.493,25.50
100.19889,-0.306,-0.521,25.50
100.20954,-0.340,-0.586,26.50
100.21973,-0.340,-0.586,26.50
100.22988,-0.379,-0.665,26.50
100.25829,-0.415,-0.665,27.50
100.26846,-0.415,-0.743,27.50
100.29041,-0.448,-0.882,28.00
100.30057,-0.448,-0.882,28.00
100.32176,-0.448,-0.882,28.50
100.33209,-0.453,-0.965,28.50
100.35624,-0.444,-1.113,29.00
100.36643,-0.430,-1.184,29.00
100.38568,-0.430,-1.229,29.00
100.39621,-0.416,-1.229,29.00
100.40639,-0.416,-1.296,29.00
100.41824,-0.404,-1.296,29.00
100.42856,-0.398,-1.397,29.00
100.43889,-0.398,-1.397,29.00
100.45000,-0.392,-1.397,29.50
100.46030,-0.392,-1.512,29.50
100.47067,-0.384,-1.703,29.50
100.48222,-0.384,-1.703,29.50
100.49240,-0.381,-1.844,29.50
100.50262,-0.381,-1.844,29.50
100.51425,-0.372,-2.106,29.50
100.52441,-0.372,-2.348,29.50
100.53456,-0.363,-2.348,29.50
100.56498,-0.349,-2.348,29.50
100.57517,-0.332,-3.155,29.50
100.59345,-0.332,-3.155,29.50
100.60365,-0.309,-3.494,29.50
100.62618,-0.246,-4.388,29.50
100.63859,-0.246,-4.388,29.50
100.65836,-0.214,-4.970,29.50
100.66853,-0.181,-5.554,29.50
100.67932,-0.181,-5.554,29.50
100.69045,-0.181,-5.554,29.50
100.70102,-0.109,-6.962,29.50
100.71134,-0.109,-6.962,29.50
100.72150,-0.109,-6.962,29.50
100.73186,-0.075,-7.763,29.50
100.74252,-0.075,-7.763,29.50
100.75413,-0.032,-8.440,29.50
100.76450,0.015,-8.990,29.50
100.77466,0.015,-8.990,29.50
100.78583,0.060,-9.472,29.50
100.79602,0.060,-9.472,29.50
100.80620,0.093,-9.846,29.50
100.81773,0.093,-9.846,29.50
100.82789,0.119,-10.049,29.50
100.83816,0.119,-10.049,29.50
100.86697,0.160,-9.892,29.50
100.87831,0.188,-9.892,29.50
100.89792,0.202,-9.535,29.50
100.91088,0.221,-9.535,29.50
100.92947,0.221,-8.297,29.50
100.93999,0.224,-7.476,29.50
100.96116,0.220,-7.476,29.50
100.97132,0.208,-6.601,29.50
100.98150,0.182,-5.612,29.50
100.99366,0.182,-5.612,29.50
101.00413,0.182,-5.612,29.50
101.01456,0.151,-4.564,29.50
101.02875,0.113,-3.504,29.50
101.03933,0.113,-3.504,29.50
101.04967,0.067,-2.342,29.50
101.06004,0.067,-2.342,29.50
101.07062,0.014,-1.127,29.50
101.08079,0.014,-1.127,29.50
101.09094,-0.044,-0.045,29.50
101.10110,-0.101,0.959,29.50
101.11125,-0.101,0.959,29.50
101.14028,-0.155,1.896,29.50
101.15044,-0.207,2.803,29.50
101.16974,-0.262,2.803,29.50
101.17990,-0.262,3.590,29.50
101.20598,-0.262,4.337,29.50
101.21626,-0.360,4.992,29.50
101.23362,-0.399,4.992,29.50
101.24407,-0.399,5.645,29.50
101.25450,-0.435,6.163,29.50
101.26552,-0.435,6.163,29.50
101.27569,-0.469,6.545,29.50
101.28616,-0.495,6.921,29.50
101.29770,-0.495,6.921,29.50
101.30788,-0.495,6.921,29.50
101.31831,-0.513,7.124,29.50
101.32847,-0.523,7.166,0.00
101.33904,-0.523,7.166,0.00
101.34921,-0.528,7.173,0.00
101.35942,-0.528,7.173,0.00
101.36964,-0.534,7.013,0.00
101.37981,-0.534,7.013,0.00
101.39025,-0.536,6.854,0.00
101.40041,-0.536,6.854,0.00
101.41057,-0.538,6.632,0.00
101.42074,-0.538,6.632,0.00
101.43090,-0.551,6.435,0.00
101.44116,-0.560,6.435,0.00
101.45133,-0.560,6.176,0.00
101.46156,-0.532,6.176,0.00
101.47190,-0.532,5.927,0.00
101.48365,-0.532,5.927,0.00
101.49386,-0.499,5.788,0.00
101.50402,-0.499,5.788,0.00
101.51423,-0.433,5.788,0.00
101.52439,-0.298,5.598,0.00
101.53454,-0.298,5.494,0.00
101.54470,-0.110,5.494,0.00
101.55497,-0.110,5.390,0.00
101.56516,-0.110,5.390,0.00
101.57534,0.119,5.253,0.00
101.58550,0.119,5.237,0.00
101.59566,0.342,5.237,0.00
101.60582,0.489,5.115,0.00
101.61603,0.489,5.115,0.00
101.62617,0.570,5.095,0.00
101.63637,0.570,5.095,0.00
101.64659,0.639,5.076,0.00
101.65676,0.639,5.076,0.00
101.66763,0.660,5.039,0.00
101.67823,0.660,5.039,0.00
101.68840,0.630,5.039,0.00
101.69865,0.630,5.120,0.00
101.70886,0.611,5.126,0.00
101.71909,0.611,5.126,0.00
101.72925,0.615,5.170,0.00
101.73948,0.615,5.170,0.00
101.74964,0.639,5.210,0.00
101.75997,0.639,5.210,0.00
101.77019,0.647,5.256,0.00
101.78035,0.641,5.403,0.00
101.79052,0.641,5.403,0.00
101.80084,0.641,5.403,0.00
101.81110,0.572,5.430,0.00
101.82123,0.380,5.430,0.00
101.83137,0.380,5.545,0.00
101.84153,0.380,5.545,0.00
101.85190,0.160,5.536,0.00
101.86235,-0.032,5.536,0.00
101.87263,-0.032,5.552,0.00
101.88282,-0.032,5.588,0.00
101.89300,-0.177,5.588,0.00
101.90318,-0.177,5.588,0.00
101.91334,-0.177,5.588,0.00
101.92362,-0.295,5.530,0.00
101.93378,-0.414,5.567,0.00
101.94410,-0.414,5.567,0.00
101.95438,-0.497,5.417,0.00
101.96464,-0.534,5.417,0.00
101.97480,-0.534,5.378,0.00
101.98497,-0.548,5.378,0.00
101.99519,-0.548,5.194,0.00
102.00536,-0.556,4.729,0.00
102.01555,-0.556,4.729,0.00
102.02570,-0.570,3.686,0.00
102.03588,-0.570,3.686,0.00
102.04631,-0.570,3.048,0.00
102.05647,-0.587,3.048,0.00
102.06664,-0.602,2.299,0.00
102.07684,-0.602,2.299,0.00
102.08701,-0.598,1.492,0.00
102.09717,-0.598,1.492,0.00
102.10733,-0.574,0.881,0.00
102.11749,-0.574,0.881,0.00
102.12765,-0.533,0.067,0.00
102.13780,-0.533,0.067,0.00
102.14796,-0.490,-0.709,0.00
102.15826,-0.490,-0.709,0.00
102.16851,-0.450,-1.209,0.00
102.18023,-0.415,-1.209,0.00
102.19039,-0.415,-1.803,0.00
102.20055,-0.415,-1.803,0.00
102.21071,-0.385,-2.576,0.00
102.22092,-0.385,-2.576,0.00
102.23108,-0.353,-3.150,0.00
102.24124,-0.322,-3.642,0.00
102.25139,-0.322,-3.642,0.00
102.26257,-0.322,-3.642,0.00
102.27275,-0.299,-3.730,0.00
102.28293,-0.299,-3.369,0.00
102.29310,-0.297,-3.369,0.00
102.30361,-0.297,-2.521,0.00
102.31462,-0.313,-2.521,0.00
102.32480,-0.327,-1.505,0.00
102.33632,-0.327,-1.505,0.00
102.34671,-0.341,-0.896,0.00
102.35703,-0.341,-0.896,0.00
102.36735,-0.346,-1.175,0.00
102.37782,-0.346,-1.175,0.00
102.38847,-0.352,-1.262,0.00
102.39897,-0.352,-1.262,0.00
102.40926,-0.360,-1.557,0.00
102.41943,-0.360,-1.557,0.00
102.42958,-0.360,-1.557,0.00
102.43974,-0.367,-1.557,0.00
102.44990,-0.367,-1.620,0.00
102.46017,-0.371,-1.896,0.00
102.47034,-0.367,-1.975,0.00
102.48051,-0.358,-1.975,0.00
102.49075,-0.358,-2.240,0.00
102.50095,-0.358,-2.240,0.00
102.51115,-0.351,-2.384,0.00
102.52149,-0.351,-2.384,0.00
102.53157,-0.349,-2.354,0.00
102.54179,-0.349,-2.354,0.00
102.55196,-0.345,-2.159,0.00
102.56216,-0.345,-2.159,0.00
102.57233,-0.339,-1.987,0.00
102.58263,-0.339,-1.987,0.00
102.59280,-0.330,-1.952,0.00
102.60296,-0.323,-1.925,0.00
102.61312,-0.323,-1.925,0.00
102.62366,-0.320,-1.830,0.00
102.63397,-0.320,-1.830,0.00
102.64460,-0.320,-1.830,0.00
102.65478,-0.328,-1.720,0.00
102.66515,-0.338,-1.600,0.00
102.67533,-0.338,-1.600,0.00
102.68676,-0.345,-1.451,0.00
102.69701,-0.345,-1.451,0.00
102.70718,-0.345,-1.289,0.00
102.71748,-0.345,-1.289,0.00
102.72868,-0.342,-1.092,0.00
102.73884,-0.342,-1.092,0.00
102.74900,-0.336,-0.840,0.00
102.75917,-0.336,-0.840,0.00
102.76933,-0.331,-0.840,0.00
102.77948,-0.324,-0.625,0.00
102.78964,-0.324,-0.436,0.00
102.79984,-0.324,-0.436,0.00
102.81000,-0.316,-0.266,0.00
102.82027,-0.316,-0.266,0.00
102.83413,-0.307,-0.153,0.00
102.84844,-0.307,-0.153,0.00
102.86003,-0.307,-0.214,0.00
102.87784,-0.287,-0.335,0.00
102.88805,-0.287,-0.465,0.00
102.89878,-0.278,-0.465,0.00
102.90899,-0.278,-0.591,0.00
102.92059,-0.270,-0.591,0.00
102.93099,-0.264,-0.682,0.00
102.94280,-0.264,-0.682,0.00
102.95884,-0.258,-0.713,0.00
102.96997,-0.258,-0.713,0.00
102.98598,-0.256,-0.693,0.00
102.99638,-0.256,-0.693,0.00
103.00657,-0.259,-0.693,0.00
103.01813,-0.259,-0.617,0.00
103.03338,-0.259,-0.617,0.00
103.04797,-0.265,-0.545,0.00
103.06520,-0.274,-0.393,0.00
103.07585,-0.283,-0.393,0.00
103.09160,-0.283,-0.306,0.00
103.10213,-0.283,-0.227,0.00
103.11282,-0.283,-0.227,0.00
103.12343,-0.301,-0.227,0.00
103.13418,-0.301,-0.152,0.00
103.16292,-0.304,-0.076,0.00
103.17836,-0.304,-0.076,0.00
103.19485,-0.314,0.022,0.00
103.23138,-0.318,0.029,0.00
103.24159,-0.318,0.029,0.00
103.25770,-0.322,0.001,0.00
103.28680,-0.325,-0.083,0.00
103.29700,-0.325,-0.083,0.00
103.31101,-0.325,-0.083,0.00
103.33758,-0.324,-0.191,0.00
103.34942,-0.318,-0.232,0.00
103.35997,-0.318,-0.264,0.00
103.37976,-0.315,-0.264,0.00
103.41164,-0.311,-0.284,0.00
103.43029,-0.305,-0.299,0.00
103.44577,-0.299,-0.309,0.00
103.46397,-0.294,-0.324,0.00
103.47467,-0.294,-0.324,0.00
103.49080,-0.294,-0.330,0.00
103.50098,-0.294,-0.330,0.00
103.51436,-0.292,-0.326,0.00
103.52570,-0.292,-0.326,0.00
103.53875,-0.291,-0.326,0.00
103.55443,-0.291,-0.331,0.00
103.57160,-0.289,-0.331,0.00
103.58813,-0.289,-0.349,0.00
103.59860,-0.290,-0.349,0.00
103.65022,-0.296,-0.383,0.00
103.66342,-0.296,-0.383,0.00
103.68445,-0.302,-0.396,0.00
103.69943,-0.302,-0.405,0.00
103.70962,-0.302,-0.405,0.00
103.72108,-0.302,-0.402,0.00
103.73826,-0.302,-0.396,0.00
103.74910,-0.302,-0.387,0.00
103.75975,-0.302,-0.387,0.00
103.78351,-0.300,-0.365,0.00
103.80339,-0.300,-0.365,0.00
103.81541,-0.300,-0.349,0.00
103.82629,-0.300,-0.349,0.00
103.88169,-0.294,-0.299,0.00
103.89185,-0.292,-0.299,0.00
103.94621,-0.292,-0.276,0.00
103.95641,-0.292,-0.264,0.00
103.96802,0.007,0.062,0.00
103.98013,0.009,0.081,0.00
103.99021,0.009,0.096,0.00
104.00038,0.009,0.096,0.00
104.01055,0.009,0.096,0.00
104.02071,0.007,0.111,0.00
104.03087,0.005,0.129,0.00
104.04102,0.005,0.129,0.00
104.05117,0.003,0.147,0.00
104.06134,0.003,0.147,0.00
104.07151,0.000,0.162,0.00
104.08167,0.000,0.162,0.00
104.09195,-0.003,0.179,0.00
104.10213,-0.003,0.179,0.00
104.11237,-0.006,0.197,0.00
104.12253,-0.006,0.215,0.00
104.13270,-0.008,0.215,0.00
104.14286,-0.008,0.230,0.00
104.15302,-0.013,0.230,0.00
104.16337,-0.018,0.240,0.00
104.17384,-0.018,0.240,0.00
104.18401,-0.022,0.240,0.00
104.19424,-0.022,0.253,0.00
104.20440,-0.022,0.253,0.00
104.21458,-0.023,0.253,0.00
104.22484,-0.020,0.274,0.00
104.23507,-0.020,0.274,0.00
104.24513,-0.018,0.284,0.00
104.25533,-0.018,0.284,0.00
104.26549,-0.018,0.294,0.00
104.27573,-0.017,0.294,0.00
104.28580,-0.014,0.303,0.00
104.29595,-0.014,0.303,0.00
104.30621,-0.010,0.313,0.00
104.31638,-0.010,0.313,0.00
104.32692,-0.005,0.325,0.00
104.33713,-0.005,0.325,0.00
104.34742,0.001,0.334,0.00
104.35769,0.001,0.334,0.00
104.36785,0.006,0.341,0.00
104.37800,0.006,0.341,0.00
104.38888,0.011,0.344,0.00
104.39904,0.011,0.344,0.00
104.40955,0.015,0.346,0.00
104.41991,0.015,0.348,0.00
104.43016,0.019,0.348,0.00
104.44045,0.019,0.348,0.00
104.45061,0.020,0.349,0.00
104.46077,0.020,0.349,0.00
104.47091,0.021,0.348,0.00
104.48169,0.021,0.348,0.00
104.49220,0.021,0.345,0.00
104.50246,0.021,0.345,0.00
104.51284,0.019,0.340,0.00
104.52294,0.018,0.340,0.00
104.53323,0.018,0.334,0.00
104.54340,0.018,0.327,0.00
104.55358,0.016,0.327,0.00
104.56374,0.016,0.327,0.00
104.57389,0.014,0.321,0.00
104.58412,0.009,0.316,0.00
104.59427,0.009,0.316,0.00
104.60450,0.009,0.316,0.00
104.61466,0.003,0.312,0.00
104.62488,0.003,0.312,0.00
104.63511,-0.002,0.307,0.00
104.64528,-0.007,0.300,0.00
104.65551,-0.007,0.300,0.00
104.66572,-0.012,0.292,0.00
104.67590,-0.012,0.292,0.00
104.68617,-0.017,0.292,0.00
104.69633,-0.017,0.285,0.00
104.70649,-0.022,0.279,0.00
104.71664,-0.022,0.279,0.00
104.72680,-0.025,0.271,0.00
104.73752,-0.025,0.271,0.00
104.74767,-0.028,0.260,0.00
104.75786,-0.028,0.260,0.00
104.76803,-0.032,0.247,0.00
104.77861,-0.032,0.247,0.00
104.78879,-0.039,0.236,0.00
104.79897,-0.039,0.236,0.00
104.80914,-0.044,0.229,0.00
104.81933,-0.044,0.229,0.00
104.82966,-0.044,0.225,0.00
104.83983,-0.048,0.225,0.00
104.85021,-0.055,0.219,0.00
104.86084,-0.055,0.219,0.00
104.87102,-0.064,0.215,0.00
104.88119,-0.064,0.215,0.00
104.89150,-0.064,0.215,0.00
104.90179,-0.064,0.215,0.00
104.91197,-0.078,0.208,0.00
104.92222,-0.078,0.208,0.00
104.93240,-0.081,0.208,0.00
104.94255,-0.081,0.208,0.00
104.95280,-0.084,0.210,0.00
104.96299,-0.087,0.213,0.00
104.97315,-0.087,0.213,0.00
104.98333,-0.089,0.214,0.00
104.99368,-0.089,0.214,0.00
105.00417,-0.090,0.214,0.00
105.01439,-0.090,0.213,0.00
105.02457,-0.090,0.213,0.00
105.03472,-0.093,0.217,0.00
105.04488,-0.094,0.219,0.00
105.05509,-0.094,0.219,0.00
105.06524,-0.102,0.216,0.00
105.07548,-0.102,0.216,0.00
105.08564,-0.130,0.214,0.00
105.09591,-0.130,0.214,0.00
105.10638,-0.170,0.215,0.00
105.11668,-0.170,0.215,0.00
105.12686,-0.170,0.215,0.00
105.13702,-0.297,0.215,0.00
105.14719,-0.361,0.218,0.00
105.15736,-0.361,0.218,0.00
105.16752,-0.374,0.219,0.00
105.17766,-0.374,0.219,0.00
105.18831,-0.495,0.221,0.00
105.20069,-0.495,0.221,0.00
105.21084,-0.640,0.224,0.00
105.22099,-0.640,0.224,0.00
105.23115,-0.741,0.228,0.00
105.24131,-0.741,0.232,0.00
105.25147,-0.678,0.232,0.00
105.26254,-0.340,0.238,0.00
105.27283,-0.340,0.238,0.00
105.28321,-0.340,0.242,0.00
105.29352,0.383,0.242,0.00
105.30468,0.383,0.242,0.00
105.31557,1.244,0.248,0.00
105.32573,2.237,0.250,0.00
105.33607,2.237,0.250,0.00
105.34633,3.387,0.255,0.00
105.35679,3.387,0.255,0.00
105.36768,4.640,0.264,0.00
105.37784,4.640,0.264,0.00
105.38799,4.640,0.264,0.00
105.39837,4.640,0.264,0.00
105.40865,5.948,0.264,0.00
105.41881,7.333,0.278,0.00
105.42902,8.788,0.278,0.00
105.44159,8.788,0.284,0.00
105.45820,10.377,0.287,0.00
105.46835,10.377,0.287,0.00
105.47851,12.003,0.288,0.00
105.48926,13.655,0.291,9.00
105.50019,13.655,0.291,9.00
105.51036,15.231,0.294,9.00
105.53777,16.734,0.298,9.00
105.54823,16.734,0.298,9.00
105.56998,19.397,0.305,9.00
105.58014,19.397,0.305,9.00
105.60221,20.429,0.307,9.00
105.61337,21.269,0.307,9.00
105.63338,21.269,0.308,9.00
105.64357,21.881,0.312,9.00
105.65373,22.220,0.317,9.00
105.66576,22.211,0.322,9.00
105.67656,22.211,0.322,9.00
105.68685,21.972,0.322,9.00
105.69757,21.972,0.326,9.00
105.70790,21.972,0.326,9.00
105.71918,21.579,0.332,9.00
105.73119,20.980,0.332,9.00
105.74140,20.980,0.341,9.00
105.75155,20.230,0.355,9.00
105.76174,20.230,0.355,9.00
105.77190,19.351,0.354,9.00
105.78222,18.304,0.354,9.00
105.79560,18.304,0.348,9.00
105.80628,18.304,0.348,9.00
105.81644,16.989,0.346,9.00
105.84139,13.811,0.346,9.00
105.85175,13.811,0.323,9.00
105.87320,13.811,0.323,9.00
105.88337,11.956,0.293,9.00
105.90593,8.128,0.250,9.00
105.91653,8.128,0.201,9.00
105.93828,6.213,0.155,9.00
105.94846,4.262,0.104,9.00
105.95875,4.262,0.104,9.00
105.97049,4.262,0.047,9.00
105.98134,2.463,0.047,9.00
105.99149,1.180,-0.011,9.00
106.00217,-0.054,-0.079,9.00
106.01235,-0.054,-0.079,9.00
106.02299,-0.054,-0.079,9.00
106.03354,-0.699,-0.150,9.50
106.04389,-0.699,-0.150,9.50
106.05420,-0.699,-0.150,9.50
106.06741,-0.649,-0.220,9.50
106.07770,-0.137,-0.278,9.50
106.08818,0.607,-0.593,9.50
106.11343,0.607,-0.593,10.00
106.12361,1.218,-0.844,10.00
106.14518,1.369,-1.058,10.00
106.15547,1.383,-1.192,10.00
106.16564,1.239,-1.192,10.00
106.17922,1.239,-1.192,10.50
106.18965,0.923,-1.491,10.50
106.20990,0.584,-1.554,11.50
106.22007,0.584,-1.554,11.50
106.23084,0.279,-1.599,11.50
106.24126,0.279,-1.599,12.00
106.25144,0.031,-1.595,12.00
106.26160,0.031,-1.595,12.00
106.27324,-0.084,-1.571,13.50
106.28343,-0.113,-1.550,13.50
106.29359,-0.113,-1.550,13.50
106.30529,-0.113,-1.550,15.00
106.31547,-0.074,-1.511,15.00
106.32563,0.024,-1.511,15.00
106.33579,0.024,-1.470,15.00
106.35522,0.024,-1.470,16.50
106.36597,0.209,-1.373,16.50
106.38698,0.243,-1.342,18.50
106.39726,0.243,-1.342,18.50
106.41723,0.243,-1.289,20.50
106.42741,0.243,-1.289,20.50
106.43758,0.240,-1.260,20.50
106.44992,0.221,-1.194,22.50
106.46188,0.221,-1.130,22.50
106.48126,0.194,-1.130,24.00
106.49151,0.170,-1.077,24.00
106.50167,0.170,-1.077,24.00
106.51347,0.159,-1.000,25.50
106.52383,0.159,-1.000,25.50
106.53553,0.159,-0.934,25.50
106.54691,0.170,-0.871,26.50
106.55878,0.170,-0.871,26.50
106.56916,0.191,-0.888,26.50
106.57948,0.191,-0.888,27.50
106.58965,0.199,-0.896,27.50
106.59981,0.199,-0.896,27.50
106.60997,0.199,-0.896,28.00
106.62015,0.187,-0.903,28.00
106.63036,0.187,-0.903,28.00
106.65782,0.149,-1.032,28.50
106.66838,0.095,-1.123,28.50
106.68957,0.054,-1.194,29.00
106.69974,0.023,-1.194,29.00
106.72202,0.004,-1.278,29.00
106.73228,-0.019,-1.365,29.00
106.74264,-0.043,-1.414,29.00
106.75444,-0.043,-1.414,29.00
106.76493,-0.067,-1.518,29.00
106.77539,-0.067,-1.518,29.00
106.78625,-0.081,-1.600,29.50
106.79781,-0.081,-1.600,29.50
106.80797,-0.082,-1.781,29.50
106.82017,-0.083,-1.781,29.50
106.83036,-0.083,-1.954,29.50
106.84096,-0.083,-1.954,29.50
106.86511,-0.084,-2.185,29.50
106.87530,-0.084,-2.185,29.50
106.89728,-0.084,-2.185,29.50
106.90769,-0.090,-3.342,29.50
106.91816,-0.090,-3.342,29.50
106.92961,-0.090,-3.342,29.50
106.93994,-0.082,-3.703,29.50
106.95039,-0.063,-4.145,29.50
106.96202,-0.063,-4.145,29.50
106.97232,-0.041,-4.555,29.50
106.98410,-0.041,-4.555,29.50
106.99425,-0.014,-4.989,29.50
107.00448,0.022,-5.553,29.50
107.01552,0.022,-5.553,29.50
107.02571,0.022,-6.062,29.50
107.03588,0.062,-6.062,29.50
107.04630,0.108,-6.713,29.50
107.07383,0.147,-7.236,29.50
107.08399,0.147,-7.747,29.50
107.10539,0.235,-7.747,29.50
107.11576,0.235,-8.396,29.50
107.13952,0.275,-8.863,29.50
107.14993,0.317,-9.137,29.50
107.16945,0.345,-9.137,29.50
107.17972,0.345,-9.247,29.50
107.20228,0.387,-8.955,29.50
107.21245,0.387,-8.955,29.50
107.22273,0.387,-8.955,29.50
107.23468,0.396,-8.584,29.50
107.24509,0.396,-8.584,29.50
107.25704,0.396,-7.994,29.50
107.26728,0.385,-7.307,29.50
107.27838,0.385,-7.307,29.50
107.28853,0.375,-6.482,29.50
107.29868,0.375,-6.482,29.50
107.30883,0.360,-5.623,29.50
107.31933,0.360,-5.623,29.50
107.34770,0.347,-4.729,29.50
107.35794,0.328,-3.747,29.50
107.37837,0.328,-3.747,29.50
107.38858,0.284,-1.672,29.50
107.41002,0.254,-0.756,29.50
107.42146,0.254,-0.756,29.50
107.44112,0.226,0.138,29.50
107.45131,0.226,0.138,29.50
107.46150,0.202,0.988,29.50
107.47441,0.183,1.748,29.50
107.48513,0.171,2.521,29.50
107.49528,0.171,2.521,29.50
107.50551,0.162,2.521,29.50
107.51577,0.162,3.114,29.50
107.52602,0.154,3.699,29.50
107.53973,0.154,3.699,29.50
107.54988,0.154,3.699,29.50
107.56006,0.154,3.699,29.50
107.57025,0.140,4.334,29.50
107.58041,0.140,4.334,29.50
107.59061,0.140,4.334,29.50
107.60262,0.133,4.643,29.50
107.61304,0.133,4.643,29.50
107.62334,0.132,4.675,29.50
107.63359,0.132,4.675,0.00
107.64462,0.130,4.675,0.00
107.65479,0.130,4.547,0.00
107.66494,0.130,4.475,0.00
107.67510,0.130,4.475,0.00
107.68525,0.130,4.475,0.00
107.69561,0.123,4.392,0.00
107.70597,0.119,4.327,0.00
107.71613,0.119,4.327,0.00
107.72629,0.107,4.340,0.00
107.73657,0.107,4.340,0.00
107.74673,0.066,4.269,0.00
107.75696,0.066,4.269,0.00
107.76732,0.066,4.269,0.00
107.77747,0.031,4.294,0.00
107.78762,0.034,4.287,0.00
107.79780,0.034,4.287,0.00
107.80801,0.048,4.239,0.00
107.81838,0.048,4.239,0.00
107.82855,0.073,4.219,0.00
107.83885,0.073,4.219,0.00
107.84900,0.159,4.110,0.00
107.85920,0.159,4.110,0.00
107.86936,0.311,4.119,0.00
107.87951,0.311,4.119,0.00
107.88979,0.477,4.097,0.00
107.90015,0.620,4.096,0.00
107.91054,0.620,4.096,0.00
107.92092,0.620,4.193,0.00
107.93111,0.738,4.193,0.00
107.94128,0.846,4.193,0.00
107.95168,0.846,4.161,0.00
107.96215,0.846,4.161,0.00
107.97264,0.942,4.200,0.00
107.98304,0.942,4.200,0.00
107.99342,1.004,4.200,0.00
108.00377,1.058,4.124,0.00
108.01447,1.058,4.115,0.00
108.02463,1.117,4.160,0.00
108.03491,1.117,4.160,0.00
108.04541,1.117,4.160,0.00
108.05571,1.189,4.145,0.00
108.06588,1.189,4.275,0.00
108.07634,1.255,4.275,0.00
108.08650,1.313,4.237,0.00
108.09669,1.313,4.237,0.00
108.10685,1.278,4.255,0.00
108.11701,1.278,4.255,0.00
108.12715,1.278,4.255,0.00
108.13816,1.278,4.255,0.00
108.14844,1.117,4.277,0.00
108.15861,0.945,4.248,0.00
108.16877,0.802,4.304,0.00
108.17913,0.802,4.304,0.00
108.18930,0.802,4.304,0.00
108.19946,0.682,4.239,0.00
108.20962,0.682,4.239,0.00
108.22282,0.564,4.231,0.00
108.23370,0.438,4.182,0.00
108.24395,0.438,4.182,0.00
108.25412,0.337,4.068,0.00
108.26428,0.337,4.068,0.00
108.27453,0.337,4.068,0.00
108.28469,0.302,4.068,0.00
108.29488,0.314,3.847,0.00
108.30504,0.314,3.847,0.00
108.31519,0.329,3.559,0.00
108.32534,0.324,2.866,0.00
108.33560,0.324,2.866,0.00
108.34577,0.317,2.087,0.00
108.35615,0.317,2.087,0.00
108.36728,0.317,2.087,0.00
108.37781,0.315,1.765,0.00
108.38798,0.326,1.269,0.00
108.39860,0.326,1.269,0.00
108.40876,0.350,0.545,0.00
108.41896,0.350,0.545,0.00
108.42912,0.382,-0.087,0.00
108.43986,0.409,-0.087,0.00
108.45030,0.409,-0.502,0.00
108.46021,0.434,-0.953,0.00
108.47047,0.434,-0.953,0.00
108.48063,0.434,-1.450,0.00
108.49078,0.461,-1.450,0.00
108.50093,0.461,-2.084,0.00
108.51135,0.496,-2.084,0.00
108.52171,0.496,-2.562,0.00
108.53203,0.530,-2.562,0.00
108.54250,0.530,-2.776,0.00
108.55286,0.565,-2.776,0.00
108.56342,0.565,-2.565,0.00
108.57378,0.589,-2.565,0.00
108.58410,0.589,-1.895,0.00
108.59450,0.584,-1.895,0.00
108.60468,0.559,-1.895,0.00
108.61484,0.559,-0.865,0.00
108.62506,0.551,0.028,0.00
108.63525,0.551,0.028,0.00
108.64541,0.558,0.366,0.00
108.65557,0.558,0.366,0.00
108.66570,0.570,-0.293,0.00
108.67586,0.570,-0.293,0.00
108.68602,0.581,-0.505,0.00
108.69634,0.581,-0.505,0.00
108.70650,0.581,-0.958,0.00
108.71671,0.584,-0.958,0.00
108.72690,0.584,-0.984,0.00
108.73744,0.584,-0.984,0.00
108.74760,0.584,-1.418,0.00
108.75775,0.589,-1.418,0.00
108.76805,0.602,-1.759,0.00
108.77847,0.602,-1.759,0.00
108.78885,0.602,-2.132,0.00
108.79918,0.616,-2.132,0.00
108.80951,0.616,-2.253,0.00
108.82011,0.622,-2.165,0.00
108.83027,0.618,-2.165,0.00
108.84043,0.618,-2.165,0.00
108.85092,0.617,-2.032,0.00
108.86123,0.617,-2.032,0.00
108.87143,0.620,-2.014,0.00
108.88160,0.620,-2.014,0.00
108.89176,0.624,-2.012,0.00
108.90195,0.622,-2.012,0.00
108.91253,0.622,-1.952,0.00
108.92287,0.609,-1.834,0.00
108.93311,0.609,-1.834,0.00
108.94338,0.587,-1.718,0.00
108.95349,0.587,-1.718,0.00
108.96471,0.587,-1.718,0.00
108.97492,0.568,-1.604,0.00
108.98508,0.568,-1.604,0.00
108.99524,0.561,-1.449,0.00
109.00540,0.567,-1.271,0.00
109.01555,0.567,-1.271,0.00
109.02585,0.567,-1.271,0.00
109.03612,0.579,-1.031,0.00
109.04628,0.592,-0.727,0.00
109.05648,0.592,-0.727,0.00
109.06664,0.606,-0.332,0.00
109.07679,0.606,-0.332,0.00
109.08696,0.606,-0.332,0.00
109.09712,0.623,0.039,0.00
109.10728,0.641,0.354,0.00
109.11744,0.641,0.354,0.00
109.12766,0.660,0.519,0.00
109.14376,0.679,0.309,0.00
109.15777,0.679,0.309,0.00
109.16797,0.699,0.309,0.00
109.17860,0.699,0.058,0.00
109.18919,0.699,0.058,0.00
109.20021,0.699,0.058,0.00
109.21076,0.699,-0.338,0.00
109.22687,0.752,-0.338,0.00
109.23745,0.752,-0.338,0.00
109.24827,0.752,-0.562,0.00
109.26385,0.756,-0.562,0.00
109.27530,0.754,-0.567,0.00
109.28554,0.754,-0.507,0.00
109.30126,0.744,-0.507,0.00
109.31194,0.744,-0.408,0.00
109.32423,0.744,-0.408,0.00
109.34072,0.735,-0.318,0.00
109.35917,0.728,-0.221,0.00
109.37621,0.721,-0.094,0.00
109.38661,0.715,0.036,0.00
109.39682,0.715,0.036,0.00
109.41132,0.715,0.154,0.00
109.42775,0.708,0.154,0.00
109.44807,0.700,0.154,0.00
109.46433,0.690,0.335,0.00
109.47568,0.680,0.407,0.00
109.49138,0.673,0.407,0.00
109.50187,0.666,0.407,0.00
109.51234,0.666,0.391,0.00
109.52342,0.666,0.391,0.00
109.54443,0.652,0.269,0.00
109.55468,0.652,0.269,0.00
109.57061,0.646,0.213,0.00
109.58114,0.646,0.213,0.00
109.59247,0.642,0.162,0.00
109.60318,0.642,0.162,0.00
109.62436,0.641,0.137,0.00
109.63472,0.641,0.140,0.00
109.65055,0.641,0.156,0.00
109.66641,0.642,0.156,0.00
109.68847,0.641,0.210,0.00
109.70026,0.641,0.210,0.00
109.71070,0.641,0.242,0.00
109.72129,0.641,0.242,0.00
109.73265,0.639,0.271,0.00
109.74431,0.639,0.271,0.00
109.77486,0.627,0.300,0.00
109.78556,0.627,0.356,0.00
109.80128,0.622,0.356,0.00
109.81756,0.622,0.361,0.00
109.83377,0.604,0.361,0.00
109.84947,0.588,0.361,0.00
109.86045,0.588,0.314,0.00
109.87171,0.573,0.314,0.00
109.88688,0.573,0.246,0.00
109.90546,0.558,0.246,0.00
109.91629,0.558,0.217,0.00
109.93215,0.544,0.217,0.00
109.94764,0.532,0.217,0.00
109.96593,0.507,0.188,0.00
109.98235,0.507,0.179,0.00
109.99792,0.495,0.176,0.00
110.00821,0.479,0.174,0.00
110.02498,0.479,0.174,0.00
110.03622,0.468,0.174,0.00
110.04641,0.468,0.174,0.00
110.05774,0.456,0.174,0.00
110.07323,0.456,0.174,0.00
110.09561,0.442,0.172,0.00
110.11342,0.442,0.172,0.00
110.12527,0.439,0.168,0.00
110.13723,0.436,0.162,0.00
110.18512,0.431,0.145,0.00
110.19530,0.431,0.145,0.00
110.24644,0.431,0.145,0.00
110.25718,0.433,0.161,0.00
110.26737,-0.209,0.002,0.00
110.27753,-0.209,0.002,0.00
110.28770,-0.207,0.023,0.00
110.29790,-0.207,0.023,0.00
110.30806,-0.204,0.038,0.00
110.31851,-0.204,0.038,0.00
110.32866,-0.201,0.055,0.00
110.33914,-0.201,0.055,0.00
110.34952,-0.198,0.068,0.00
110.36150,-0.198,0.068,0.00
110.37169,-0.192,0.077,0.00
110.38185,-0.188,0.077,0.00
110.39201,-0.188,0.085,0.00
110.40255,-0.184,0.085,0.00
110.41271,-0.184,0.090,0.00
110.42291,-0.184,0.089,0.00
110.43303,-0.183,0.089,0.00
110.44330,-0.183,0.089,0.00
110.45348,-0.184,0.086,0.00
110.46365,-0.188,0.083,0.00
110.47381,-0.188,0.083,0.00
110.48396,-0.188,0.083,0.00
110.49446,-0.188,0.082,0.00
110.50480,-0.188,0.086,0.00
110.51517,-0.188,0.086,0.00
110.52534,-0.188,0.086,0.00
110.53646,-0.190,0.086,0.00
110.54696,-0.190,0.086,0.00
110.55723,-0.194,0.086,0.00
110.56763,-0.198,0.098,0.00
110.57792,-0.198,0.098,0.00
110.58809,-0.199,0.099,0.00
110.59829,-0.199,0.099,0.00
110.60846,-0.199,0.104,0.00
110.61916,-0.199,0.104,0.00
110.62941,-0.199,0.109,0.00
110.63960,-0.199,0.109,0.00
110.65038,-0.200,0.114,0.00
110.66055,-0.202,0.120,0.00
110.67071,-0.202,0.120,0.00
110.68103,-0.202,0.120,0.00
110.69145,-0.203,0.121,0.00
110.70170,-0.203,0.121,0.00
110.71198,-0.206,0.122,0.00
110.72225,-0.206,0.122,0.00
110.73252,-0.206,0.122,0.00
110.74272,-0.207,0.123,0.00
110.75288,-0.209,0.123,0.00
110.76310,-0.209,0.123,0.00
110.77327,-0.210,0.121,0.00
110.78342,-0.210,0.121,0.00
110.79368,-0.212,0.120,0.00
110.80385,-0.215,0.122,0.00
110.81418,-0.215,0.122,0.00
110.82435,-0.215,0.122,0.00
110.83458,-0.218,0.126,0.00
110.84471,-0.220,0.130,0.00
110.85486,-0.220,0.130,0.00
110.86518,-0.223,0.130,0.00
110.87540,-0.223,0.130,0.00
110.88557,-0.223,0.132,0.00
110.89609,-0.223,0.132,0.00
110.90709,-0.226,0.133,0.00
110.91747,-0.226,0.133,0.00
110.92765,-0.232,0.132,0.00
110.93783,-0.232,0.132,0.00
110.94801,-0.238,0.128,0.00
110.95818,-0.238,0.128,0.00
110.96834,-0.252,0.125,0.00
110.97853,-0.252,0.125,0.00
110.98872,-0.269,0.125,0.00
110.99888,-0.269,0.125,0.00
111.00904,-0.282,0.119,0.00
111.01924,-0.282,0.119,0.00
111.02950,-0.295,0.112,0.00
111.03975,-0.295,0.112,0.00
111.04991,-0.308,0.107,0.00
111.06013,-0.308,0.107,0.00
111.07042,-0.319,0.101,0.00
111.08058,-0.319,0.101,0.00
111.09075,-0.327,0.094,0.00
111.10164,-0.327,0.094,0.00
111.11180,-0.345,0.086,0.00
111.12199,-0.345,0.086,0.00
111.13214,-0.393,0.072,0.00
111.14235,-0.393,0.072,0.00
111.15252,-0.480,0.058,0.00
111.16269,-0.480,0.058,0.00
111.17289,-0.568,0.048,0.00
111.18335,-0.589,0.039,0.00
111.19352,-0.589,0.039,0.00
111.20449,-0.589,0.039,0.00
111.21467,-0.621,0.033,0.00
111.22483,-0.710,0.029,0.00
111.23543,-0.710,0.029,0.00
111.24596,-0.829,0.026,0.00
111.25654,-0.829,0.026,0.00
111.26670,-0.960,0.026,0.00
111.27687,-0.960,0.027,0.00
111.28704,-1.053,0.027,0.00
111.29763,-1.053,0.029,0.00
111.30780,-1.086,0.035,0.00
111.31935,-1.017,0.035,0.00
111.32964,-1.017,0.042,0.00
111.33983,-1.017,0.042,0.00
111.35025,-1.017,0.042,0.00
111.36041,-0.730,0.048,0.00
111.37057,-0.730,0.052,0.00
111.38087,-0.181,0.052,0.00
111.39103,0.538,0.054,0.00
111.40129,0.538,0.054,0.00
111.41144,1.482,0.057,0.00
111.42160,1.482,0.057,0.00
111.43198,2.660,0.062,0.00
111.44236,2.660,0.062,0.00
111.45252,3.856,0.067,0.00
111.46268,5.359,0.073,0.00
111.47284,5.359,0.073,0.00
111.48318,6.907,0.079,0.00
111.49340,6.907,0.079,0.00
111.50357,6.907,0.087,0.00
111.51423,8.501,0.087,0.00
111.52446,8.501,0.087,0.00
111.55461,11.731,0.104,0.00
111.56485,13.298,0.111,0.00
111.58525,13.298,0.111,9.00
111.59571,14.781,0.118,9.00
111.61749,16.147,0.118,9.00
111.62853,17.396,0.128,9.00
111.65067,18.506,0.127,9.00
111.66084,18.506,0.127,9.00
111.67100,18.506,0.127,9.00
111.68252,18.506,0.126,9.00
111.69271,20.052,0.129,9.00
111.70289,20.052,0.129,9.00
111.71382,20.479,0.129,9.00
111.72414,20.653,0.129,9.00
111.73446,20.653,0.134,9.00
111.74765,20.554,0.134,9.00
111.75785,20.554,0.136,9.00
111.76800,20.244,0.140,9.00
111.77821,20.244,0.140,9.00
111.78842,19.660,0.146,9.00
111.79921,19.660,0.146,9.00
111.80937,18.856,0.144,9.00
111.81960,18.856,0.144,9.00
111.83097,17.963,0.140,9.00
111.85838,17.963,0.136,9.00
111.86883,15.710,0.128,9.00
111.88895,15.710,0.128,9.00
111.89913,14.212,0.115,9.00
111.92147,11.108,0.102,9.00
111.93192,11.108,0.068,9.00
111.95346,9.369,0.042,9.00
111.96386,7.577,0.009,9.00
111.97444,7.577,0.009,9.00
111.98673,5.875,-0.029,9.00
111.99732,5.875,-0.029,9.00
112.00745,4.029,-0.077,9.00
112.01777,4.029,-0.077,9.00
112.02806,2.251,-0.146,9.00
112.03834,2.251,-0.146,9.00
112.04967,0.760,-0.214,9.00
112.05984,0.760,-0.214,9.00
112.07030,-0.472,-0.281,9.00
112.08200,-0.472,-0.281,9.00
112.09222,-1.312,-0.281,9.00
112.10257,-1.517,-0.405,9.00
112.11353,-1.517,-0.405,9.50
112.12383,-1.339,-0.481,9.50
112.13442,-1.339,-0.481,9.50
112.16261,-1.339,-0.549,9.50
112.17426,-0.898,-0.802,9.50
112.19306,-0.334,-0.802,9.50
112.20325,0.287,-1.092,9.50
112.22509,0.669,-1.359,10.00
112.23527,0.736,-1.532,10.00
112.25768,0.697,-1.717,10.50
112.26842,0.527,-1.799,10.50
112.28983,0.293,-1.830,11.00
112.29995,0.293,-1.830,11.00
112.31012,0.062,-1.834,11.00
112.32247,0.062,-1.834,12.00
112.33264,-0.169,-1.783,12.00
112.34279,-0.169,-1.783,12.00
112.35320,-0.312,-1.729,13.00
112.36340,-0.312,-1.729,13.00
112.37480,-0.345,-1.638,13.00
112.40285,-0.236,-1.638,14.50
112.41306,-0.236,-1.469,14.50
112.43294,-0.236,-1.469,16.50
112.44312,-0.158,-1.326,16.50
112.46561,-0.110,-1.326,18.50
112.47579,-0.088,-1.259,18.50
112.50038,-0.079,-1.198,20.50
112.51052,-0.085,-1.139,20.50
112.52891,-0.085,-1.139,22.50
112.53910,-0.108,-1.038,22.50
112.54927,-0.125,-0.968,22.50
112.56096,-0.125,-0.968,24.00
112.57113,-0.138,-0.926,24.00
112.58129,-0.131,-0.872,24.00
112.59386,-0.131,-0.872,25.50
112.60404,-0.131,-0.872,25.50
112.61425,-0.131,-0.872,25.50
112.62647,-0.131,-0.872,26.50
112.63662,-0.131,-0.872,26.50
112.64683,-0.121,-0.861,26.50
112.67304,-0.137,-0.862,27.50
112.68384,-0.339,-0.916,27.50
112.70530,-0.405,-0.966,28.00
112.71582,-0.405,-1.053,28.00
112.73718,-0.405,-1.053,28.50
112.74736,-0.498,-1.125,28.50
112.75763,-0.498,-1.225,28.50
112.76925,-0.498,-1.302,29.00
112.77964,-0.536,-1.302,29.00
112.79011,-0.536,-1.375,29.00
112.80279,-0.552,-1.375,29.00
112.81298,-0.575,-1.472,29.00
112.82315,-0.575,-1.472,29.00
112.83544,-0.602,-1.528,29.00
112.84559,-0.622,-1.647,29.00
112.85574,-0.622,-1.647,29.00
112.86590,-0.640,-1.747,29.50
112.87605,-0.640,-1.747,29.50
112.88675,-0.651,-1.918,29.50
112.91298,-0.651,-1.918,29.50
112.92334,-0.659,-2.094,29.50
112.94862,-0.656,-2.672,29.50
112.95888,-0.656,-2.672,29.50
112.97785,-0.646,-3.000,29.50
112.98846,-0.625,-3.473,29.50
113.00903,-0.625,-3.473,29.50
113.02003,-0.599,-3.880,29.50
113.03018,-0.566,-4.420,29.50
113.04176,-0.566,-4.420,29.50
113.05198,-0.531,-4.979,29.50
113.06247,-0.496,-5.500,29.50
113.07348,-0.496,-5.500,29.50
113.08383,-0.496,-5.500,29.50
113.09413,-0.454,-6.110,29.50
113.10580,-0.412,-6.668,29.50
113.11612,-0.412,-6.668,29.50
113.12640,-0.368,-7.270,29.50
113.13791,-0.368,-7.270,29.50
113.14825,-0.328,-7.804,29.50
113.15877,-0.328,-7.804,29.50
113.16899,-0.328,-8.323,29.50
113.17918,-0.285,-8.323,29.50
113.18935,-0.242,-8.797,29.50
113.19951,-0.242,-8.797,29.50
113.21848,-0.206,-9.264,29.50
113.22900,-0.166,-9.528,29.50
113.24931,-0.166,-9.528,29.50
113.25949,-0.126,-9.641,29.50
113.28237,-0.088,-9.572,29.50
113.29335,-0.054,-9.383,29.50
113.31297,-0.054,-9.383,29.50
113.32315,-0.032,-9.031,29.50
113.33331,-0.019,-8.490,29.50
113.34567,-0.019,-7.841,29.50
113.35590,-0.015,-7.841,29.50
113.36636,-0.011,-6.903,29.50
113.37735,-0.011,-6.903,29.50
113.38753,-0.011,-6.903,29.50
113.39769,-0.024,-6.038,29.50
113.40920,-0.037,-5.111,29.50
113.41986,-0.037,-5.111,29.50
113.43036,-0.055,-4.103,29.50
113.45802,-0.055,-3.111,29.50
113.46838,-0.111,-2.037,29.50
113.48988,-0.111,-1.057,29.50
113.50012,-0.149,-1.057,29.50
113.52178,-0.184,-0.083,29.50
113.53219,-0.221,0.924,29.50
113.55383,-0.261,1.727,29.50
113.56421,-0.296,2.479,29.50
113.58773,-0.335,3.093,29.50
113.59794,-0.335,3.093,29.50
113.61703,-0.369,3.680,29.50
113.62719,-0.405,4.183,29.50
113.63735,-0.405,4.183,29.50
113.65222,-0.405,4.183,29.50
113.66241,-0.442,4.639,29.50
113.67261,-0.471,5.050,29.50
113.68277,-0.498,5.357,29.50
113.69293,-0.498,5.357,29.50
113.70352,-0.519,5.599,29.50
113.72900,-0.519,5.599,29.50
113.73925,-0.542,5.680,29.50
113.74941,-0.563,5.579,0.00
113.75957,-0.563,5.579,0.00
113.76975,-0.580,5.556,0.00
113.78026,-0.580,5.556,0.00
113.79047,-0.595,5.385,0.00
113.80062,-0.595,5.385,0.00
113.81078,-0.611,5.233,0.00
113.82095,-0.611,5.233,0.00
113.83113,-0.611,5.233,0.00
113.84157,-0.631,4.986,0.00
113.85173,-0.663,4.986,0.00
113.86189,-0.704,4.986,0.00
113.87206,-0.704,4.981,0.00
113.88223,-0.711,4.981,0.00
113.89240,-0.711,4.892,0.00
113.90256,-0.687,4.892,0.00
113.91272,-0.687,4.855,0.00
113.92288,-0.687,4.855,0.00
113.93353,-0.650,4.855,0.00
113.94390,-0.548,4.678,0.00
113.95502,-0.548,4.678,0.00
113.96537,-0.360,4.593,0.00
113.97561,-0.360,4.593,0.00
113.98591,-0.360,4.593,0.00
113.99607,-0.134,4.496,0.00
114.00622,0.089,4.496,0.00
114.01642,0.089,4.494,0.00
114.02659,0.258,4.420,0.00
114.03687,0.258,4.420,0.00
114.04716,0.258,4.420,0.00
114.05733,0.341,4.470,0.00
114.06749,0.380,4.482,0.00
114.07766,0.380,4.482,0.00
114.08782,0.383,4.568,0.00
114.09798,0.383,4.568,0.00
114.10841,0.383,4.568,0.00
114.11840,0.337,4.531,0.00
114.12857,0.284,4.640,0.00
114.13873,0.277,4.640,0.00
114.14891,0.277,4.657,0.00
114.15918,0.277,4.657,0.00
114.16933,0.307,4.677,0.00
114.17987,0.307,4.677,0.00
114.19003,0.353,4.729,0.00
114.20047,0.353,4.729,0.00
114.21166,0.388,4.708,0.00
114.22168,0.388,4.708,0.00
114.23195,0.402,4.795,0.00
114.24222,0.370,4.784,0.00
114.25238,0.370,4.784,0.00
114.26254,0.242,4.813,0.00
114.27335,0.242,4.813,0.00
114.28350,0.023,4.803,0.00
114.29509,0.023,4.803,0.00
114.30552,0.023,4.803,0.00
114.31620,-0.179,4.718,0.00
114.32600,-0.338,4.722,0.00
114.33633,-0.338,4.722,0.00
114.34674,-0.468,4.554,0.00
114.35703,-0.468,4.554,0.00
114.36783,-0.574,4.496,0.00
114.37819,-0.574,4.496,0.00
114.38836,-0.645,4.327,0.00
114.39863,-0.645,4.327,0.00
114.40880,-0.678,3.941,0.00
114.41896,-0.678,3.941,0.00
114.42923,-0.688,3.115,0.00
114.43940,-0.688,3.115,0.00
114.44957,-0.694,2.481,0.00
114.45984,-0.694,2.481,0.00
114.47000,-0.699,1.968,0.00
114.48017,-0.699,1.968,0.00
114.49034,-0.704,1.344,0.00
114.50097,-0.704,1.344,0.00
114.51114,-0.708,0.637,0.00
114.52130,-0.708,0.637,0.00
114.53147,-0.706,-0.017,0.00
114.54163,-0.706,-0.017,0.00
114.55180,-0.696,-0.728,0.00
114.56196,-0.696,-0.728,0.00
114.57222,-0.675,-1.362,0.00
114.58238,-0.675,-1.362,0.00
114.59253,-0.649,-1.916,0.00
114.60277,-0.621,-2.713,0.00
114.61308,-0.621,-2.713,0.00
114.62347,-0.621,-2.713,0.00
114.63352,-0.596,-3.322,0.00
114.64416,-0.596,-3.322,0.00
114.65439,-0.570,-3.814,0.00
114.66472,-0.538,-3.936,0.00
114.67501,-0.538,-3.936,0.00
114.68517,-0.538,-3.936,0.00
114.69535,-0.508,-3.626,0.00
114.70552,-0.508,-3.626,0.00
114.71577,-0.484,-3.026,0.00
114.72585,-0.484,-3.026,0.00
114.73599,-0.477,-2.331,0.00
114.74617,-0.477,-2.331,0.00
114.75753,-0.477,-2.331,0.00
114.76774,-0.489,-1.618,0.00
114.77793,-0.489,-1.618,0.00
114.78809,-0.497,-1.079,0.00
114.79835,-0.497,-1.079,0.00
114.80857,-0.497,-0.777,0.00
114.81885,-0.497,-0.777,0.00
114.82913,-0.486,-1.026,0.00
114.83929,-0.486,-1.026,0.00
114.84945,-0.471,-1.259,0.00
114.85961,-0.471,-1.259,0.00
114.86978,-0.454,-1.451,0.00
114.87999,-0.454,-1.451,0.00
114.89020,-0.440,-1.741,0.00
114.90035,-0.440,-1.741,0.00
114.91051,-0.421,-1.920,0.00
114.92067,-0.421,-1.920,0.00
114.93084,-0.393,-2.134,0.00
114.94127,-0.367,-2.134,0.00
114.95158,-0.367,-2.278,0.00
114.96201,-0.348,-2.322,0.00
114.97236,-0.348,-2.322,0.00
114.98276,-0.328,-2.247,0.00
114.99329,-0.328,-2.247,0.00
115.00365,-0.328,-2.247,0.00
115.01381,-0.310,-2.189,0.00
115.02428,-0.310,-2.189,0.00
115.03444,-0.290,-2.179,0.00
115.04461,-0.270,-2.115,0.00
115.05478,-0.270,-2.115,0.00
115.06493,-0.270,-2.115,0.00
115.07510,-0.246,-2.000,0.00
115.08527,-0.227,-1.862,0.00
115.09565,-0.227,-1.862,0.00
115.10564,-0.215,-1.733,0.00
115.11580,-0.215,-1.733,0.00
115.12622,-0.215,-1.733,0.00
115.13638,-0.209,-1.610,0.00
115.14654,-0.203,-1.440,0.00
115.15674,-0.203,-1.440,0.00
115.16692,-0.195,-1.254,0.00
115.17709,-0.195,-1.254,0.00
115.18738,-0.191,-1.032,0.00
115.19938,-0.191,-1.032,0.00
115.20956,-0.185,-0.775,0.00
115.21973,-0.185,-0.775,0.00
115.22989,-0.185,-0.553,0.00
115.24005,-0.177,-0.553,0.00
115.25559,-0.168,-0.375,0.00
115.26705,-0.168,-0.375,0.00
115.27723,-0.162,-0.375,0.00
115.29569,-0.157,-0.245,0.00
115.31172,-0.148,-0.284,0.00
115.32202,-0.138,-0.284,0.00
115.33242,-0.138,-0.370,0.00
115.34305,-0.128,-0.370,0.00
115.35347,-0.128,-0.458,0.00
115.36451,-0.128,-0.546,0.00
115.37514,-0.121,-0.546,0.00
115.38675,-0.118,-0.546,0.00
115.39758,-0.118,-0.614,0.00
115.40790,-0.122,-0.614,0.00
115.41867,-0.122,-0.630,0.00
115.42936,-0.131,-0.630,0.00
115.44011,-0.131,-0.626,0.00
115.45064,-0.141,-0.626,0.00
115.46092,-0.141,-0.611,0.00
115.47114,-0.155,-0.611,0.00
115.48147,-0.155,-0.586,0.00
115.49439,-0.173,-0.551,0.00
115.51098,-0.192,-0.514,0.00
115.52148,-0.212,-0.486,0.00
115.53181,-0.212,-0.486,0.00
115.54249,-0.231,-0.486,0.00
115.55298,-0.231,-0.454,0.00
115.56325,-0.231,-0.454,0.00
115.57645,-0.231,-0.454,0.00
115.58937,-0.246,-0.420,0.00
115.60239,-0.265,-0.376,0.00
115.61829,-0.265,-0.327,0.00
115.62849,-0.265,-0.327,0.00
115.63984,-0.265,-0.327,0.00
115.65254,-0.268,-0.274,0.00
115.66342,-0.275,-0.241,0.00
115.67386,-0.275,-0.215,0.00
115.68486,-0.279,-0.210,0.00
115.69578,-0.279,-0.210,0.00
115.70704,-0.279,-0.210,0.00
115.72543,-0.283,-0.224,0.00
115.74286,-0.271,-0.224,0.00
115.75613,-0.271,-0.246,0.00
115.76772,-0.271,-0.272,0.00
115.77892,-0.261,-0.272,0.00
115.79897,-0.247,-0.302,0.00
115.81503,-0.231,-0.321,0.00
115.83099,-0.221,-0.330,0.00
115.84454,-0.221,-0.330,0.00
115.86130,-0.196,-0.342,0.00
115.87190,-0.196,-0.342,0.00
115.88293,-0.196,-0.345,0.00
115.89353,-0.185,-0.345,0.00
115.90416,-0.185,-0.346,0.00
115.91482,-0.181,-0.346,0.00
115.92557,-0.181,-0.345,0.00
115.93590,-0.180,-0.345,0.00
115.94835,-0.181,-0.343,0.00
115.95920,-0.181,-0.343,0.00
115.98191,-0.183,-0.347,0.00
116.00468,-0.184,-0.353,0.00
116.02360,-0.184,-0.353,0.00
116.05087,-0.196,-0.363,0.00
116.06128,-0.206,-0.363,0.00
116.07718,-0.206,-0.366,0.00
116.08737,-0.206,-0.366,0.00
116.09779,-0.206,-0.366,0.00
116.10816,-0.206,-0.366,0.00
116.12410,-0.226,-0.374,0.00
116.13445,-0.226,-0.374,0.00
116.14475,-0.226,-0.374,0.00
116.15506,-0.226,-0.374,0.00
116.16549,-0.226,-0.374,0.00
116.17584,-0.226,-0.374,0.00
116.18955,-0.237,-0.374,0.00
116.20285,-0.237,-0.374,0.00
116.21640,-0.264,-0.342,0.00
116.22745,-0.285,-0.305,0.00
116.23889,-0.294,-0.284,0.00
116.24903,-0.294,-0.284,0.00
116.29900,-0.318,-0.221,0.00
116.30991,-0.342,-0.182,0.00
116.36195,-0.471,-0.060,0.00
116.37216,-0.646,-0.018,0.00
116.38266,-0.440,0.335,0.00
116.39305,-0.493,0.374,0.00
116.40352,-0.493,0.374,0.00
116.41377,-0.561,0.415,0.00
116.42392,-0.806,0.453,0.00
116.43420,-0.806,0.453,0.00
116.44496,-0.806,0.453,0.00
116.45536,-0.806,0.453,0.00
116.46578,-0.806,0.453,0.00
116.47594,-1.049,0.525,0.00
116.48695,-1.200,0.525,0.00
116.49737,-1.169,0.560,0.00
116.50761,-0.813,0.592,0.00
116.51788,-0.813,0.592,0.00
116.52807,-0.039,0.623,0.00
116.53835,-0.039,0.623,0.00
116.54841,0.909,0.651,0.00
116.55856,0.909,0.651,0.00
116.56873,2.082,0.677,0.00
116.57939,2.082,0.677,0.00
116.58979,3.455,0.699,0.00
116.60005,3.455,0.699,0.00
116.61030,4.956,0.721,0.00
116.62047,4.956,0.721,0.00
116.63064,4.956,0.733,0.00
116.64079,6.571,0.733,0.00
116.65094,8.289,0.736,0.00
116.66122,8.289,0.736,0.00
116.68914,10.042,0.733,0.00
116.69934,11.749,0.724,0.00
116.72105,13.364,0.716,9.00
116.73124,14.894,0.705,9.00
116.75300,14.894,0.705,9.00
116.76319,16.296,0.691,9.00
116.78710,17.543,0.673,9.00
116.79729,18.613,0.662,9.00
116.81780,19.411,0.650,9.00
116.82799,19.764,0.639,9.00
116.83821,19.764,0.639,9.00
116.84936,19.764,0.626,9.00
116.85954,19.865,0.626,9.00
116.86971,19.887,0.626,9.00
116.88227,19.887,0.611,9.00
116.89246,19.597,0.597,9.00
116.90270,19.045,0.597,9.00
116.91427,19.045,0.587,9.00
116.92443,19.045,0.587,9.00
116.93461,18.244,0.586,9.00
116.94525,17.134,0.587,9.00
116.95540,17.134,0.587,9.00
116.96555,16.022,0.601,9.00
116.97571,16.022,0.601,9.00
116.99492,16.022,0.601,9.00
117.00510,13.091,0.628,9.00
117.02492,13.091,0.628,9.00
117.03511,11.398,0.647,9.00
117.06111,7.996,0.665,9.00
117.07127,7.996,0.665,9.00
117.08950,7.996,0.645,9.00
117.09977,6.341,0.645,9.00
117.11027,4.797,0.613,9.00
117.12620,3.317,0.568,9.00
117.13646,3.317,0.568,9.00
117.15356,1.965,0.528,9.00
117.16415,1.965,0.474,9.00
117.17527,0.869,0.474,9.00
117.18585,-0.042,0.401,9.00
117.19599,-0.042,0.401,9.00
117.20666,-0.806,0.326,9.00
117.21938,-1.199,0.246,9.00
117.23049,-1.199,0.246,9.00
117.24091,-1.199,0.246,9.00
117.25116,-1.225,0.145,9.50
117.26132,-1.078,0.048,9.50
117.27148,-1.078,0.048,9.50
117.29765,-1.078,0.048,9.50
117.30841,-0.790,-0.068,9.50
117.32885,-0.443,-0.392,10.00
117.33918,-0.082,-0.642,10.00
117.36303,0.199,-0.867,10.00
117.37330,0.394,-1.024,10.00
117.38364,0.546,-1.181,10.00
117.39392,0.546,-1.181,10.50
117.40408,0.670,-1.236,10.50
117.41469,0.670,-1.236,10.50
117.42637,0.765,-1.236,11.50
117.43661,0.765,-1.232,11.50
117.44682,0.831,-1.204,11.50
117.45704,0.831,-1.204,12.50
117.46733,0.814,-1.134,12.50
117.47750,0.814,-1.134,12.50
117.48767,0.755,-1.042,12.50
117.50625,0.631,-1.042,13.50
117.51651,0.631,-0.952,13.50
117.53681,0.631,-0.952,15.00
117.54704,0.421,-0.805,15.00
117.56892,0.421,-0.805,17.00
117.57911,0.337,-0.710,17.00
117.60160,0.203,-0.521,18.50
117.61190,0.203,-0.521,18.50
117.62224,0.143,-0.521,18.50
117.63354,0.143,-0.419,20.50
117.64373,0.091,-0.329,20.50
117.65522,0.091,-0.329,20.50
117.66644,0.037,-0.236,22.50
117.67659,0.037,-0.236,22.50
117.68953,0.037,-0.236,22.50
117.69981,-0.002,-0.161,24.00
117.70997,-0.035,-0.118,24.00
117.72029,-0.035,-0.118,24.00
117.73045,-0.071,-0.109,25.50
117.74062,-0.093,-0.155,25.50
117.75101,-0.093,-0.155,25.50
117.77858,-0.116,-0.203,26.50
117.78884,-0.138,-0.274,26.50
117.81049,-0.163,-0.370,27.50
117.82109,-0.183,-0.481,27.50
117.84144,-0.183,-0.481,28.00
117.85169,-0.203,-0.579,28.00
117.87334,-0.203,-0.648,28.50
117.88378,-0.217,-0.648,28.50
117.90585,-0.216,-0.740,29.00
117.91614,-0.212,-0.992,29.00
117.92661,-0.212,-0.992,29.00
117.93685,-0.212,-0.992,29.00
117.94701,-0.198,-1.215,29.00
117.95723,-0.198,-1.215,29.00
117.96949,-0.198,-1.359,29.00
117.98067,-0.200,-1.359,29.00
117.99083,-0.197,-1.518,29.00
118.00125,-0.197,-1.518,29.50
118.01223,-0.193,-1.766,29.50
118.02249,-0.193,-1.766,29.50
118.03418,-0.182,-2.061,29.50
118.04458,-0.172,-2.345,29.50
118.05474,-0.172,-2.345,29.50
118.08153,-0.172,-2.731,29.50
118.09173,-0.134,-3.091,29.50
118.11352,-0.134,-3.646,29.50
118.12370,-0.115,-3.646,29.50
118.14585,-0.115,-4.170,29.50
118.15601,-0.050,-4.810,29.50
118.17728,-0.005,-5.462,29.50
118.18748,0.044,-5.462,29.50
118.19762,0.044,-6.139,29.50
118.21395,0.044,-6.941,29.50
118.22413,0.099,-6.941,29.50
118.24133,0.159,-7.557,29.50
118.25186,0.227,-8.259,29.50
118.26226,0.227,-8.820,29.50
118.27358,0.300,-8.820,29.50
118.28388,0.300,-8.820,29.50
118.29403,0.372,-9.222,29.50
118.30564,0.436,-9.450,29.50
118.31626,0.436,-9.450,29.50
118.32653,0.492,-9.493,29.50
118.33702,0.492,-9.493,29.50
118.34718,0.541,-9.304,29.50
118.35735,0.541,-9.304,29.50
118.36902,0.587,-8.898,29.50
118.37984,0.587,-8.898,29.50
118.39030,0.624,-8.333,29.50
118.41722,0.624,-8.333,29.50
118.42821,0.654,-6.723,29.50
118.44985,0.654,-5.677,29.50
118.46006,0.649,-5.677,29.50
118.48338,0.634,-3.381,29.50
118.49390,0.606,-3.381,29.50
118.51527,0.564,-2.170,29.50
118.52543,0.514,-0.833,29.50
118.54501,0.514,-0.833,29.50
118.55525,0.452,0.367,29.50
118.56541,0.381,1.466,29.50
118.57849,0.381,1.466,29.50
118.58868,0.305,2.561,29.50
118.59885,0.305,2.561,29.50
118.61285,0.305,2.561,29.50
118.62305,0.228,3.540,29.50
118.63321,0.150,4.412,29.50
118.64342,0.150,4.412,29.50
118.65359,0.069,5.252,29.50
118.66380,0.069,5.252,29.50
118.67398,-0.007,5.970,29.50
118.68426,-0.079,6.744,29.50
118.69453,-0.079,6.744,29.50
118.72223,-0.079,6.744,29.50
118.73307,-0.202,7.733,29.50
118.75480,-0.262,7.733,29.50
118.76511,-0.262,8.012,29.50
118.78551,-0.309,8.012,29.50
118.79569,-0.361,8.403,29.50
118.81785,-0.361,8.498,29.50
118.82813,-0.443,8.594,29.50
118.83830,-0.443,8.594,29.50
118.85016,-0.472,8.594,29.50
118.86034,-0.472,8.648,29.50
118.87152,-0.495,8.575,29.50
118.88177,-0.495,8.575,0.00
118.89193,-0.517,8.544,0.00
118.90232,-0.517,8.544,0.00
118.91248,-0.530,8.372,0.00
118.92266,-0.530,8.372,0.00
118.93282,-0.548,8.228,0.00
118.94298,-0.560,8.043,0.00
118.95316,-0.560,8.043,0.00
118.96333,-0.574,7.807,0.00
118.97348,-0.574,7.807,0.00
118.98370,-0.598,7.606,0.00
118.99385,-0.598,7.606,0.00
119.00428,-0.598,7.606,0.00
119.01468,-0.599,7.330,0.00
119.02535,-0.566,7.168,0.00
119.03581,-0.566,7.168,0.00
119.04625,-0.566,7.168,0.00
119.05678,-0.529,6.968,0.00
119.06708,-0.448,6.768,0.00
119.07754,-0.448,6.768,0.00
119.08786,-0.287,6.643,0.00
119.09865,-0.287,6.643,0.00
119.10888,-0.095,6.500,0.00
119.11908,-0.095,6.500,0.00
119.12952,0.081,6.456,0.00
119.13972,0.081,6.456,0.00
119.14988,0.243,6.472,0.00
119.16024,0.350,6.472,0.00
119.17057,0.350,6.423,0.00
119.18072,0.350,6.423,0.00
119.19088,0.385,6.467,0.00
119.20102,0.385,6.467,0.00
119.21118,0.396,6.409,0.00
119.22144,0.396,6.409,0.00
119.23184,0.415,6.415,0.00
119.24244,0.415,6.447,0.00
119.25289,0.447,6.447,0.00
119.26385,0.488,6.431,0.00
119.27445,0.488,6.431,0.00
119.28462,0.488,6.559,0.00
119.29477,0.556,6.559,0.00
119.30493,0.556,6.559,0.00
119.31509,0.630,6.530,0.00
119.32524,0.630,6.530,0.00
119.33541,0.630,6.530,0.00
119.34560,0.710,6.588,0.00
119.35586,0.710,6.631,0.00
119.36632,0.695,6.592,0.00
119.37670,0.695,6.592,0.00
119.38692,0.549,6.627,0.00
119.39735,0.549,6.627,0.00
119.40765,0.314,6.522,0.00
119.41816,0.314,6.522,0.00
119.42987,0.314,6.522,0.00
119.44013,0.153,6.535,0.00
119.45031,0.056,6.501,0.00
119.46047,-0.019,6.465,0.00
119.47062,-0.019,6.465,0.00
119.48089,-0.112,6.363,0.00
119.49106,-0.112,6.363,0.00
119.50127,-0.112,6.224,0.00
119.51143,-0.196,6.224,0.00
119.52185,-0.196,5.914,0.00
119.53222,-0.236,5.914,0.00
119.54263,-0.236,5.137,0.00
119.55299,-0.240,5.137,0.00
119.56333,-0.240,4.214,0.00
119.57366,-0.233,4.214,0.00
119.58381,-0.223,3.734,0.00
119.59397,-0.223,3.734,0.00
119.60420,-0.223,3.734,0.00
119.61439,-0.199,2.949,0.00
119.62456,-0.162,1.957,0.00
119.63478,-0.162,1.957,0.00
119.64494,-0.114,1.089,0.00
119.65510,-0.114,1.089,0.00
119.66526,-0.114,1.089,0.00
119.67542,-0.048,0.001,0.00
119.68582,-0.048,-1.145,0.00
119.69604,0.025,-1.145,0.00
119.70629,0.101,-2.163,0.00
119.71651,0.101,-2.163,0.00
119.72669,0.167,-3.256,0.00
119.73686,0.167,-3.256,0.00
119.74702,0.222,-4.317,0.00
119.75718,0.222,-4.317,0.00
119.76734,0.222,-4.317,0.00
119.77771,0.279,-5.041,0.00
119.78800,0.338,-5.422,0.00
119.79899,0.338,-5.422,0.00
119.80915,0.391,-5.314,0.00
119.81945,0.420,-5.314,0.00
119.82966,0.420,-4.496,0.00
119.83986,0.420,-4.496,0.00
119.85180,0.425,-3.334,0.00
119.86196,0.425,-3.334,0.00
119.87239,0.430,-3.334,0.00
119.88287,0.449,-0.407,0.00
119.89324,0.449,-0.407,0.00
119.90355,0.449,-0.022,0.00
119.91379,0.474,-0.022,0.00
119.92399,0.474,-0.820,0.00
119.93424,0.487,-0.820,0.00
119.94440,0.487,-1.345,0.00
119.95461,0.481,-1.345,0.00
119.96478,0.481,-1.780,0.00
119.97510,0.451,-1.780,0.00
119.98557,0.423,-2.222,0.00
119.99741,0.423,-2.222,0.00
120.00758,0.423,-2.743,0.00
120.01773,0.415,-2.743,0.00
120.02789,0.412,-3.207,0.00
120.03826,0.412,-3.207,0.00
120.04842,0.400,-3.478,0.00
120.05870,0.400,-3.478,0.00
120.06889,0.375,-3.377,0.00
120.07931,0.375,-3.377,0.00
120.08948,0.348,-3.092,0.00
120.09963,0.323,-3.092,0.00
120.10979,0.323,-2.827,0.00
120.12009,0.323,-2.827,0.00
120.13029,0.303,-2.655,0.00
120.14046,0.303,-2.655,0.00
120.15067,0.274,-2.375,0.00
120.16127,0.274,-2.375,0.00
120.17169,0.237,-2.035,0.00
120.18185,0.237,-2.035,0.00
120.19202,0.205,-1.682,0.00
120.20224,0.205,-1.682,0.00
120.21240,0.181,-1.372,0.00
120.22260,0.165,-1.103,0.00
120.23277,0.165,-1.103,0.00
120.24294,0.165,-1.103,0.00
120.25354,0.150,-0.831,0.00
120.26390,0.150,-0.831,0.00
120.27433,0.150,-0.831,0.00
120.28461,0.132,-0.536,0.00
120.29488,0.113,-0.216,0.00
120.30539,0.113,0.023,0.00
120.31557,0.095,0.023,0.00
120.32574,0.075,0.228,0.00
120.33596,0.075,0.228,0.00
120.34613,0.075,0.228,0.00
120.35653,0.055,0.289,0.00
120.36670,0.032,0.144,0.00
120.37688,0.032,0.144,0.00
120.39231,0.009,-0.041,0.00
120.40382,0.009,-0.041,0.00
120.42775,-0.014,-0.196,0.00
120.44348,-0.038,-0.336,0.00
120.45643,-0.059,-0.426,0.00
120.47245,-0.075,-0.478,0.00
120.48285,-0.089,-0.478,0.00
120.50533,-0.089,-0.503,0.00
120.52638,-0.109,-0.492,0.00
120.53703,-0.109,-0.424,0.00
120.54830,-0.109,-0.424,0.00
120.56065,-0.109,-0.348,0.00
120.58007,-0.114,-0.283,0.00
120.59053,-0.114,-0.283,0.00
120.60152,-0.114,-0.283,0.00
120.61708,-0.112,-0.132,0.00
120.63899,-0.114,-0.132,0.00
120.65099,-0.118,0.028,0.00
120.66707,-0.122,0.100,0.00
120.68621,-0.122,0.126,0.00
120.69737,-0.124,0.126,0.00
120.72193,-0.124,0.106,0.00
120.73850,-0.121,0.069,0.00
120.74992,-0.121,0.029,0.00
120.76683,-0.114,0.029,0.00
120.77760,-0.114,0.029,0.00
120.80914,-0.087,-0.056,0.00
120.82520,-0.087,-0.056,0.00
120.83622,-0.080,-0.056,0.00
120.85262,-0.071,-0.056,0.00
120.86284,-0.071,-0.056,0.00
120.87689,-0.071,-0.056,0.00
120.88946,-0.071,-0.053,0.00
120.91680,-0.055,-0.069,0.00
120.92968,-0.046,-0.069,0.00
120.95581,-0.028,-0.147,0.00
120.97154,-0.022,-0.147,0.00
120.99675,-0.018,-0.293,0.00
121.01109,-0.018,-0.293,0.00
121.02178,-0.013,-0.293,0.00
121.03512,-0.007,-0.424,0.00
121.05721,-0.004,-0.424,0.00
121.06823,-0.004,-0.477,0.00
121.08388,-0.004,-0.477,0.00
121.10142,-0.001,-0.548,0.00
121.11276,-0.001,-0.563,0.00
121.12928,-0.009,-0.570,0.00
121.14666,-0.009,-0.570,0.00
121.15756,-0.009,-0.584,0.00
121.17901,-0.017,-0.621,0.00
121.19669,-0.017,-0.621,0.00
121.21853,-0.041,-0.667,0.00
121.22877,-0.041,-0.667,0.00
121.24116,-0.041,-0.667,0.00
121.25304,-0.047,-0.688,0.00
121.26928,-0.053,-0.699,0.00
121.29083,-0.053,-0.698,0.00
121.30115,-0.053,-0.698,0.00
121.31935,-0.070,-0.687,0.00
121.33707,-0.077,-0.671,0.00
121.34783,-0.077,-0.671,0.00
121.36009,-0.086,-0.646,0.00
121.43689,-0.094,-0.617,0.00
121.44707,-0.135,-0.484,0.00
121.50599,-0.160,-0.437,0.00
121.51811,-0.160,-0.013,0.00
121.52831,-0.101,0.014,0.00
121.53846,-0.111,0.041,0.00
121.54867,-0.111,0.041,0.00
121.55882,-0.122,0.070,0.00
121.56898,-0.135,0.101,0.00
121.58003,-0.135,0.101,0.00
121.59015,-0.148,0.132,0.00
121.60043,-0.148,0.132,0.00
121.61087,-0.160,0.168,0.00
121.62126,-0.160,0.168,0.00
121.63163,-0.170,0.201,0.00
121.64203,-0.170,0.231,0.00
121.65243,-0.185,0.231,0.00
121.66260,-0.200,0.257,0.00
121.67275,-0.200,0.257,0.00
121.68296,-0.200,0.257,0.00
121.69313,-0.213,0.279,0.00
121.70328,-0.221,0.304,0.00
121.71343,-0.221,0.304,0.00
121.72368,-0.228,0.327,0.00
121.73390,-0.228,0.327,0.00
121.74406,-0.228,0.327,0.00
121.75450,-0.231,0.344,0.00
121.76475,-0.231,0.360,0.00
121.77491,-0.235,0.360,0.00
121.78538,-0.235,0.370,0.00
121.79554,-0.240,0.370,0.00
121.80570,-0.245,0.376,0.00
121.81585,-0.245,0.376,0.00
121.82601,-0.245,0.376,0.00
121.83617,-0.246,0.377,0.00
121.84698,-0.245,0.376,0.00
121.85714,-0.245,0.376,0.00
121.86730,-0.244,0.372,0.00
121.87788,-0.244,0.372,0.00
121.88826,-0.244,0.372,0.00
121.90061,-0.243,0.369,0.00
121.91078,-0.242,0.365,0.00
121.92095,-0.242,0.365,0.00
121.93111,-0.241,0.363,0.00
121.94126,-0.241,0.363,0.00
121.95140,-0.240,0.359,0.00
121.96157,-0.240,0.359,0.00
121.97175,-0.240,0.355,0.00
121.98220,-0.240,0.355,0.00
121.99238,-0.240,0.350,0.00
122.00274,-0.239,0.350,0.00
122.01312,-0.240,0.344,0.00
122.02329,-0.240,0.344,0.00
122.03350,-0.241,0.336,0.00
122.04366,-0.241,0.336,0.00
122.05383,-0.242,0.329,0.00
122.06401,-0.242,0.329,0.00
122.07480,-0.245,0.323,0.00
122.08498,-0.245,0.323,0.00
122.09513,-0.247,0.319,0.00
122.10528,-0.251,0.313,0.00
122.11566,-0.251,0.313,0.00
122.12586,-0.253,0.306,0.00
122.13611,-0.253,0.306,0.00
122.14660,-0.255,0.299,0.00
122.15676,-0.255,0.299,0.00
122.16691,-0.255,0.290,0.00
122.17713,-0.255,0.290,0.00
122.18729,-0.255,0.280,0.00
122.19748,-0.255,0.280,0.00
122.20764,-0.253,0.270,0.00
122.21780,-0.253,0.270,0.00
122.22796,-0.251,0.257,0.00
122.23816,-0.251,0.257,0.00
122.24834,-0.246,0.240,0.00
122.25850,-0.246,0.240,0.00
122.26866,-0.246,0.232,0.00
122.27883,-0.244,0.232,0.00
122.28910,-0.240,0.222,0.00
122.29934,-0.240,0.222,0.00
122.30969,-0.233,0.213,0.00
122.31986,-0.233,0.213,0.00
122.33002,-0.229,0.204,0.00
122.34019,-0.229,0.204,0.00
122.35037,-0.230,0.194,0.00
122.36053,-0.230,0.194,0.00
122.37080,-0.231,0.189,0.00
122.38109,-0.233,0.189,0.00
122.39125,-0.233,0.184,0.00
122.40161,-0.233,0.184,0.00
122.41178,-0.232,0.183,0.00
122.42194,-0.232,0.183,0.00
122.43273,-0.229,0.183,0.00
122.44289,-0.229,0.183,0.00
122.45317,-0.226,0.183,0.00
122.46334,-0.226,0.181,0.00
122.47355,-0.226,0.181,0.00
122.48372,-0.226,0.179,0.00
122.49388,-0.226,0.179,0.00
122.50410,-0.226,0.177,0.00
122.51573,-0.226,0.177,0.00
122.52621,-0.227,0.175,0.00
122.53760,-0.227,0.175,0.00
122.54777,-0.235,0.173,0.00
122.55824,-0.235,0.173,0.00
122.56841,-0.265,0.169,0.00
122.57857,-0.265,0.169,0.00
122.58873,-0.322,0.170,0.00
122.59888,-0.322,0.170,0.00
122.60903,-0.440,0.170,0.00
122.61968,-0.440,0.170,0.00
122.62986,-0.730,0.171,0.00
122.64146,-0.730,0.171,0.00
122.65163,-0.870,0.172,0.00
122.66278,-0.870,0.172,0.00
122.67304,-1.016,0.176,0.00
122.68320,-1.016,0.176,0.00
122.69336,-1.135,0.180,0.00
122.70353,-1.135,0.180,0.00
122.71378,-1.104,0.183,0.00
122.72413,-0.714,0.181,0.00
122.73443,-0.714,0.181,0.00
122.74475,-0.714,0.181,0.00
122.75495,0.082,0.181,0.00
122.76512,1.140,0.181,0.00
122.77528,1.140,0.181,0.00
122.78586,1.140,0.181,0.00
122.79603,2.509,0.183,0.00
122.80621,2.509,0.183,0.00
122.81709,4.041,0.183,0.00
122.82729,5.720,0.184,0.00
122.83748,5.720,0.184,0.00
122.84763,7.592,0.189,0.00
122.85784,7.592,0.189,0.00
122.86822,9.534,0.191,0.00
122.87840,9.534,0.191,0.00
122.89771,11.488,0.190,0.00
122.90973,11.488,0.190,0.00
122.92974,15.327,0.184,9.00
122.94065,15.327,0.184,9.00
122.95084,17.203,0.179,9.00
122.96160,19.015,0.179,9.00
122.97218,19.015,0.173,9.00
122.98234,19.015,0.173,9.00
122.99361,20.767,0.170,9.00
123.00385,22.412,0.168,9.00
123.01429,22.412,0.168,9.00
123.02536,23.808,0.164,9.00
123.03573,23.808,0.164,9.00
123.04688,24.912,0.156,9.00
123.07353,25.638,0.152,9.00
123.08409,25.948,0.147,9.00
123.10518,25.873,0.147,9.00
123.11663,25.873,0.147,9.00
123.13693,25.873,0.147,9.00
123.14712,25.441,0.148,9.00
123.16897,24.681,0.147,9.00
123.17916,23.621,0.151,9.00
123.18933,22.330,0.156,9.00
123.20189,22.330,0.156,9.00
123.21209,20.898,0.171,9.00
123.22225,20.898,0.171,9.00
123.23953,19.299,0.171,9.00
123.24972,19.299,0.166,9.00
123.26484,17.514,0.147,9.00
123.27510,15.670,0.117,9.00
123.28526,15.670,0.090,9.00
123.31300,13.749,0.090,9.00
123.32319,11.710,0.068,9.00
123.34583,9.680,-0.004,9.00
123.35602,7.712,-0.004,9.00
123.37749,5.827,-0.004,9.00
123.38771,4.015,-0.164,9.00
123.40981,2.505,-0.251,9.00
123.42018,2.505,-0.251,9.00
123.43039,2.505,-0.340,9.00
123.44186,1.209,-0.340,9.00
123.45222,0.074,-0.440,9.00
123.46325,0.074,-0.440,9.00
123.47384,-0.764,-0.544,9.50
123.48428,-1.147,-0.680,9.50
123.49447,-1.147,-0.680,9.50
123.52486,-1.189,-1.042,9.50
123.53524,-1.018,-1.324,9.50
123.55319,-1.018,-1.568,10.00
123.56333,-0.716,-1.568,10.00
123.58558,-0.336,-1.750,10.00
123.59578,0.001,-1.854,10.00
123.61730,0.256,-1.890,10.50
123.62748,0.256,-1.890,10.50
123.63775,0.380,-1.849,10.50
123.65037,0.374,-1.779,11.50
123.66217,0.374,-1.779,11.50
123.67245,0.284,-1.667,11.50
123.68268,0.284,-1.667,12.50
123.69282,0.135,-1.530,12.50
123.70298,0.135,-1.530,12.50
123.71333,-0.057,-1.530,13.50
123.72349,-0.057,-1.367,13.50
123.73366,-0.057,-1.367,13.50
123.76072,-0.244,-1.210,15.00
123.77089,-0.468,-0.929,15.00
123.79288,-0.468,-0.929,17.00
123.80306,-0.485,-0.788,17.00
123.82517,-0.473,-0.608,19.00
123.83537,-0.455,-0.608,19.00
123.85727,-0.443,-0.608,21.00
123.86748,-0.432,-0.534,21.00
123.87775,-0.432,-0.534,21.00
123.88927,-0.420,-0.534,23.00
123.89957,-0.420,-0.520,23.00
123.90997,-0.393,-0.541,23.00
123.92555,-0.372,-0.541,24.50
123.93588,-0.372,-0.545,24.50
123.95297,-0.372,-0.563,26.00
123.96337,-0.354,-0.563,26.00
123.97354,-0.333,-0.598,26.00
123.98514,-0.333,-0.644,27.00
123.99585,-0.312,-0.644,27.00
124.00611,-0.281,-0.683,27.00
124.01749,-0.281,-0.683,27.50
124.02766,-0.281,-0.683,27.50
124.03785,-0.250,-0.739,27.50
124.04898,-0.217,-0.832,28.00
124.05915,-0.217,-0.832,28.00
124.06932,-0.195,-0.904,28.00
124.07948,-0.195,-0.904,28.00
124.09766,-0.189,-0.904,28.50
124.10793,-0.185,-1.042,28.50
124.12969,-0.185,-1.141,29.00
124.13999,-0.185,-1.141,29.00
124.16161,-0.181,-1.232,29.00
124.17177,-0.175,-1.232,29.00
124.18194,-0.175,-1.298,29.00
124.19353,-0.175,-1.421,29.00
124.20388,-0.148,-1.544,29.00
124.21415,-0.148,-1.544,29.00
124.22565,-0.141,-1.798,29.50
124.23581,-0.141,-1.798,29.50
124.24628,-0.133,-2.036,29.50
124.26216,-0.133,-2.036,29.50
124.27232,-0.118,-2.339,29.50
124.28269,-0.104,-2.681,29.50
124.29286,-0.104,-2.681,29.50
124.30301,-0.086,-3.018,29.50
124.31322,-0.086,-3.018,29.50
124.32338,-0.072,-3.464,29.50
124.33354,-0.072,-3.464,29.50
124.34383,-0.072,-3.464,29.50
124.36870,-0.055,-3.838,29.50
124.37893,-0.035,-4.294,29.50
124.40455,-0.010,-4.294,29.50
124.41474,0.024,-5.348,29.50
124.43285,0.024,-5.348,29.50
124.44305,0.060,-5.986,29.50
124.46506,0.099,-6.559,29.50
124.47529,0.136,-7.147,29.50
124.48553,0.178,-7.597,29.50
124.49699,0.178,-7.597,29.50
124.52062,0.216,-8.395,29.50
124.52074,0.216,-8.395,29.50
124.53091,0.252,-8.395,29.50
124.54107,0.252,-8.395,29.50
124.55139,0.289,-8.395,29.50
124.56157,0.323,-8.647,29.50
124.57186,0.323,-8.776,29.50
124.58230,0.358,-8.776,29.50
124.59496,0.358,-8.785,29.50
124.60516,0.387,-8.628,29.50
124.61531,0.387,-8.628,29.50
124.64072,0.387,-8.338,29.50
124.65091,0.417,-8.338,29.50
124.67295,0.445,-7.927,29.50
124.68328,0.467,-7.283,29.50
124.69368,0.483,-6.631,29.50
124.70599,0.485,-6.631,29.50
124.71619,0.485,-5.841,29.50
124.72639,0.485,-5.841,29.50
124.73968,0.484,-4.956,29.50
124.74987,0.471,-4.030,29.50
124.76221,0.471,-4.030,29.50
124.77242,0.452,-3.018,29.50
124.78259,0.452,-2.069,29.50
124.79274,0.426,-2.069,29.50
124.80294,0.392,-1.065,29.50
124.81309,0.392,-1.065,29.50
124.82325,0.354,0.007,29.50
124.83349,0.354,0.007,29.50
124.84393,0.309,0.914,29.50
124.85471,0.309,0.914,29.50
124.88081,0.262,0.914,29.50
124.89100,0.212,2.560,29.50
124.91367,0.212,3.302,29.50
124.92387,0.162,3.954,29.50
124.94551,0.064,4.531,29.50
124.95567,0.064,4.531,29.50
124.97763,0.022,5.101,29.50
124.98811,-0.016,5.559,29.50
124.99989,-0.016,5.559,29.50
125.01011,-0.048,5.882,29.50
125.02027,-0.048,6.086,29.50
125.03053,-0.081,6.086,29.50
125.04291,-0.109,6.350,29.50
125.05320,-0.109,6.350,29.50
125.06336,-0.130,6.488,29.50
125.07387,-0.130,6.488,0.00
125.08404,-0.149,6.513,0.00
125.09423,-0.149,6.513,0.00
125.10439,-0.164,6.513,0.00
125.11488,-0.164,6.607,0.00
125.12499,-0.181,6.607,0.00
125.13514,-0.181,6.523,0.00
125.14530,-0.184,6.463,0.00
125.15555,-0.184,6.463,0.00
125.16571,-0.184,6.463,0.00
125.17606,-0.197,6.310,0.00
125.18624,-0.228,6.167,0.00
125.19669,-0.228,6.167,0.00
125.20715,-0.225,6.065,0.00
125.21732,-0.225,6.065,0.00
125.22748,-0.185,5.871,0.00
125.23763,-0.185,5.871,0.00
125.24780,-0.145,5.736,0.00
125.25797,-0.145,5.736,0.00
125.26813,-0.047,5.591,0.00
125.27829,-0.047,5.591,0.00
125.28850,0.130,5.591,0.00
125.29866,0.130,5.517,0.00
125.30882,0.340,5.474,0.00
125.32075,0.544,5.474,0.00
125.33096,0.544,5.353,0.00
125.34143,0.544,5.360,0.00
125.35169,0.741,5.360,0.00
125.36185,0.741,5.360,0.00
125.37205,0.741,5.247,0.00
125.38223,0.901,5.221,0.00
125.39238,1.020,5.221,0.00
125.40257,1.020,5.281,0.00
125.41291,1.111,5.281,0.00
125.42308,1.111,5.281,0.00
125.43333,1.182,5.251,0.00
125.44357,1.237,5.326,0.00
125.45373,1.237,5.326,0.00
125.46389,1.237,5.326,0.00
125.47416,1.237,5.326,0.00
125.48431,1.291,5.280,0.00
125.49446,1.384,5.357,0.00
125.50462,1.497,5.404,0.00
125.51482,1.497,5.404,0.00
125.52497,1.572,5.426,0.00
125.53535,1.572,5.426,0.00
125.54554,1.496,5.426,0.00
125.55572,1.496,5.543,0.00
125.56588,1.496,5.543,0.00
125.57608,1.496,5.543,0.00
125.58625,1.095,5.640,0.00
125.59641,1.095,5.640,0.00
125.60661,0.919,5.655,0.00
125.61788,0.919,5.655,0.00
125.62813,0.757,5.692,0.00
125.63838,0.757,5.692,0.00
125.64872,0.595,5.716,0.00
125.65886,0.595,5.716,0.00
125.66928,0.428,5.606,0.00
125.67970,0.428,5.606,0.00
125.68975,0.428,5.592,0.00
125.69991,0.306,5.592,0.00
125.71018,0.243,5.491,0.00
125.72038,0.243,5.491,0.00
125.73054,0.221,5.198,0.00
125.74068,0.221,5.198,0.00
125.75085,0.204,4.411,0.00
125.76101,0.204,4.411,0.00
125.77117,0.181,3.728,0.00
125.78133,0.181,3.728,0.00
125.79148,0.151,3.196,0.00
125.80162,0.151,3.196,0.00
125.81178,0.129,3.196,0.00
125.82194,0.125,1.625,0.00
125.83510,0.125,1.625,0.00
125.84525,0.149,0.972,0.00
125.85542,0.149,0.972,0.00
125.86572,0.149,0.972,0.00
125.87588,0.185,0.386,0.00
125.88603,0.185,0.386,0.00
125.89620,0.220,-0.209,0.00
125.90638,0.220,-0.209,0.00
125.91653,0.253,-0.741,0.00
125.92669,0.281,-1.444,0.00
125.93683,0.281,-1.444,0.00
125.94699,0.281,-1.444,0.00
125.95729,0.301,-2.042,0.00
125.96745,0.320,-2.208,0.00
125.97763,0.320,-2.208,0.00
125.98807,0.343,-1.978,0.00
125.99842,0.343,-1.978,0.00
126.00860,0.350,-1.487,0.00
126.01948,0.350,-1.487,0.00
126.02963,0.325,-0.418,0.00
126.04057,0.325,-0.418,0.00
126.05072,0.287,0.404,0.00
126.06088,0.287,0.404,0.00
126.07105,0.267,0.550,0.00
126.08121,0.267,0.550,0.00
126.09136,0.272,0.149,0.00
126.10151,0.284,-0.143,0.00
126.11182,0.284,-0.143,0.00
126.12225,0.293,-0.570,0.00
126.13246,0.293,-0.570,0.00
126.14280,0.290,-0.550,0.00
126.15326,0.290,-0.550,0.00
126.16342,0.283,-0.734,0.00
126.17359,0.283,-0.734,0.00
126.18414,0.283,-0.734,0.00
126.19431,0.280,-0.904,0.00
126.20456,0.276,-1.082,0.00
126.21485,0.276,-1.082,0.00
126.22501,0.276,-1.082,0.00
126.23570,0.267,-1.104,0.00
126.24586,0.251,-0.939,0.00
126.25601,0.251,-0.939,0.00
126.26628,0.234,-0.704,0.00
126.27709,0.234,-0.704,0.00
126.28732,0.234,-0.704,0.00
126.29765,0.223,-0.578,0.00
126.30772,0.216,-0.587,0.00
126.31800,0.216,-0.587,0.00
126.32817,0.210,-0.593,0.00
126.33833,0.210,-0.593,0.00
126.34849,0.199,-0.549,0.00
126.35912,0.199,-0.549,0.00
126.36912,0.179,-0.486,0.00
126.37942,0.179,-0.486,0.00
126.38957,0.152,-0.406,0.00
126.40062,0.119,-0.406,0.00
126.41078,0.119,-0.294,0.00
126.42094,0.119,-0.294,0.00
126.43111,0.088,-0.134,0.00
126.44130,0.071,0.105,0.00
126.45151,0.071,0.105,0.00
126.46175,0.071,0.105,0.00
126.47190,0.066,0.420,0.00
126.48217,0.066,0.699,0.00
126.49233,0.070,0.699,0.00
126.50263,0.070,0.699,0.00
126.51271,0.076,0.905,0.00
126.52286,0.079,1.071,0.00
126.53302,0.079,1.071,0.00
126.54318,0.080,1.081,0.00
126.55351,0.080,1.081,0.00
126.56358,0.075,0.920,0.00
126.57981,0.075,0.920,0.00
126.59051,0.075,0.721,0.00
126.60658,0.073,0.502,0.00
126.62768,0.076,0.333,0.00
126.63828,0.079,0.333,0.00
126.65483,0.079,0.244,0.00
126.66538,0.079,0.244,0.00
126.68827,0.083,0.198,0.00
126.69914,0.083,0.198,0.00
126.70954,0.083,0.247,0.00
126.72014,0.082,0.247,0.00
126.73075,0.082,0.247,0.00
126.74122,0.082,0.317,0.00
126.75238,0.070,0.367,0.00
126.76883,0.070,0.409,0.00
126.78443,0.059,0.476,0.00
126.80255,0.046,0.476,0.00
126.81967,0.046,0.538,0.00
126.83722,0.025,0.593,0.00
126.85366,0.015,0.649,0.00
126.86947,0.007,0.699,0.00
126.87970,0.007,0.699,0.00
126.89125,0.002,0.738,0.00
126.90142,0.002,0.738,0.00
126.91442,0.002,0.738,0.00
126.93083,-0.002,0.766,0.00
126.94669,-0.005,0.754,0.00
126.95929,-0.006,0.754,0.00
126.97360,-0.011,0.731,0.00
126.98468,-0.021,0.708,0.00
127.00153,-0.021,0.708,0.00
127.01280,-0.021,0.691,0.00
127.02331,-0.039,0.691,0.00
127.03379,-0.039,0.691,0.00
127.04646,-0.046,0.681,0.00
127.05883,-0.057,0.681,0.00
127.07465,-0.057,0.700,0.00
127.08596,-0.057,0.700,0.00
127.09700,-0.069,0.700,0.00
127.10853,-0.069,0.759,0.00
127.12474,-0.079,0.783,0.00
127.14071,-0.086,0.783,0.00
127.15468,-0.086,0.805,0.00
127.17018,-0.091,0.805,0.00
127.18996,-0.096,0.833,0.00
127.20708,-0.098,0.863,0.00
127.22026,-0.100,0.863,0.00
127.23639,-0.100,0.926,0.00
127.24763,-0.103,0.954,0.00
127.25779,-0.103,0.954,0.00
