time,contralateral_sh_el_deg,sh_el_deg,stim_curr
0.00225,0.480,6.425,0.00
0.01443,0.480,6.436,0.00
0.02470,0.474,6.436,0.00
0.03477,0.474,6.445,0.00
0.04494,0.477,6.445,0.00
0.05511,0.491,6.444,0.00
0.06526,0.491,6.444,0.00
0.07563,0.515,6.432,0.00
0.08610,0.515,6.432,0.00
0.09626,0.551,6.420,0.00
0.10643,0.551,6.420,0.00
0.11657,0.581,6.411,0.00
0.12674,0.581,6.411,0.00
0.13692,0.595,6.400,0.00
0.14728,0.595,6.400,0.00
0.15831,0.614,6.391,0.00
0.16858,0.614,6.391,0.00
0.17864,0.628,6.383,0.00
0.18888,0.628,6.383,0.00
0.19918,0.646,6.375,0.00
0.20969,0.646,6.375,0.00
0.21995,0.670,6.371,0.00
0.23099,0.670,6.371,0.00
0.24115,0.689,6.370,0.00
0.25147,0.689,6.370,0.00
0.26185,0.693,6.376,0.00
0.27216,0.693,6.376,0.00
0.28241,0.689,6.386,0.00
0.29257,0.689,6.386,0.00
0.30283,0.699,6.397,0.00
0.31300,0.699,6.397,0.00
0.32320,0.711,6.404,0.00
0.33384,0.711,6.404,0.00
0.34401,0.718,6.404,0.00
0.35461,0.718,6.403,0.00
0.36501,0.719,6.403,0.00
0.37518,0.717,6.403,0.00
0.38533,0.717,6.401,0.00
0.39548,0.700,6.389,0.00
0.40563,0.700,6.389,0.00
0.41716,0.666,6.379,0.00
0.42740,0.666,6.379,0.00
0.43777,0.637,6.369,0.00
0.44812,0.637,6.369,0.00
0.45843,0.637,6.369,0.00
0.46935,0.606,6.355,0.00
0.47953,0.592,6.349,0.00
0.48985,0.592,6.349,0.00
0.50036,0.589,6.347,0.00
0.51146,0.589,6.347,0.00
0.52156,0.583,6.343,0.00
0.53184,0.583,6.343,0.00
0.54197,0.577,6.343,0.00
0.55352,0.581,6.343,0.00
0.56370,0.581,6.331,0.00
0.57385,0.590,6.331,0.00
0.58400,0.590,6.319,0.00
0.59417,0.590,6.295,0.00
0.60434,0.601,6.295,0.00
0.61448,0.604,6.272,0.00
0.62472,0.604,6.272,0.00
0.63486,0.583,6.252,0.00
0.64524,0.583,6.252,0.00
0.65539,0.561,6.241,0.00
0.66559,0.561,6.241,0.00
0.67628,0.555,6.241,0.00
0.68654,0.555,6.233,0.00
0.69700,0.546,6.232,0.00
0.70716,0.546,6.232,0.00
0.71731,0.532,6.229,0.00
0.72744,0.532,6.229,0.00
0.73837,0.519,6.224,0.00
0.74851,0.519,6.224,0.00
0.75865,0.519,6.218,0.00
0.76978,0.519,6.218,0.00
0.78004,0.517,6.211,0.00
0.79023,0.517,6.211,0.00
0.80038,0.522,6.203,0.00
0.81184,0.522,6.203,0.00
0.82200,0.529,6.195,0.00
0.83217,0.529,6.195,0.00
0.84233,0.538,6.191,0.00
0.85365,0.538,6.191,0.00
0.86380,0.566,6.186,0.00
0.87394,0.606,6.187,0.00
0.88409,0.606,6.187,0.00
0.89424,0.641,6.191,0.00
0.90439,0.641,6.191,0.00
0.91454,0.667,6.197,0.00
0.92516,0.667,6.197,0.00
0.93531,0.699,6.197,0.00
0.94571,0.699,6.203,0.00
0.95592,0.699,6.203,0.00
0.96606,0.731,6.210,0.00
0.97621,0.731,6.222,0.00
0.98635,0.767,6.222,0.00
0.99650,0.808,6.239,0.00
1.00664,0.808,6.239,0.00
1.01683,0.839,6.253,0.00
1.02699,0.839,6.253,0.00
1.03714,0.868,6.270,0.00
1.04727,0.868,6.270,0.00
1.05743,0.894,6.289,0.00
1.06756,0.894,6.289,0.00
1.07770,0.928,6.307,0.00
1.08783,0.928,6.307,0.00
1.09799,0.963,6.321,0.00
1.10822,0.963,6.321,0.00
1.11845,0.989,6.327,0.00
1.12997,0.989,6.327,0.00
1.14011,1.014,6.333,0.00
1.15032,1.014,6.333,0.00
1.16048,1.029,6.337,0.00
1.17062,1.029,6.337,0.00
1.18078,1.044,6.344,0.00
1.19093,1.044,6.344,0.00
1.20109,1.059,6.353,0.00
1.21134,1.059,6.353,0.00
1.22151,1.075,6.364,0.00
1.23175,1.075,6.364,0.00
1.24190,1.090,6.372,0.00
1.25206,1.090,6.372,0.00
1.26221,1.103,6.376,0.00
1.27239,1.114,6.376,0.00
1.28250,1.114,6.375,0.00
1.29437,1.114,6.375,0.00
1.30453,1.128,6.373,0.00
1.31469,1.128,6.373,0.00
1.32484,1.139,6.366,0.00
1.33499,1.144,6.366,0.00
1.34513,1.144,6.349,0.00
1.35527,1.144,6.349,0.00
1.36541,1.144,6.333,0.00
1.37555,1.138,6.321,0.00
1.38570,1.138,6.321,0.00
1.39589,1.129,6.314,0.00
1.40602,1.129,6.314,0.00
1.41618,1.122,6.304,0.00
1.42631,1.122,6.304,0.00
1.43648,1.110,6.304,0.00
1.44662,1.110,6.295,0.00
1.45691,1.110,6.295,0.00
1.46721,1.100,6.285,0.00
1.47743,1.100,6.285,0.00
1.48759,1.087,6.278,0.00
1.49774,1.087,6.278,0.00
1.50789,1.078,6.268,0.00
1.51804,1.075,6.258,0.00
1.52819,1.075,6.258,0.00
1.53834,1.070,6.250,0.00
1.54848,1.070,6.250,0.00
1.55863,1.061,6.241,0.00
1.56878,1.061,6.241,0.00
1.57961,1.049,6.231,0.00
1.58981,1.049,6.231,0.00
1.59996,1.025,6.220,0.00
1.61034,1.025,6.220,0.00
1.62049,0.998,6.212,0.00
1.63071,0.998,6.212,0.00
1.64086,0.986,6.207,0.00
1.65101,0.986,6.207,0.00
1.66116,0.972,6.200,0.00
1.67136,0.972,6.200,0.00
1.68153,0.948,6.192,0.00
1.69173,0.948,6.192,0.00
1.70187,0.921,6.185,0.00
1.71203,0.921,6.185,0.00
1.72218,0.899,6.182,0.00
1.73259,0.899,6.182,0.00
1.74274,0.880,6.179,0.00
1.75301,0.880,6.179,0.00
1.76328,0.880,6.178,0.00
1.77343,0.880,6.182,0.00
1.78358,0.876,6.182,0.00
1.79374,0.876,6.182,0.00
1.80388,0.865,6.182,0.00
1.81401,0.865,6.186,0.00
1.82420,0.832,6.186,0.00
1.83437,0.832,6.186,0.00
1.84452,0.794,6.191,0.00
1.85477,0.794,6.193,0.00
1.86492,0.759,6.193,0.00
1.87509,0.735,6.189,0.00
1.88547,0.735,6.189,0.00
1.89563,0.721,6.189,0.00
1.90578,0.721,6.182,0.00
1.91593,0.719,6.182,0.00
1.92610,0.719,6.175,0.00
1.93624,0.725,6.173,0.00
1.94639,0.725,6.173,0.00
1.95654,0.731,6.170,0.00
1.96669,0.731,6.170,0.00
1.97685,0.730,6.164,0.00
1.98700,0.730,6.164,0.00
1.99716,0.729,6.159,0.00
2.00744,0.729,6.159,0.00
2.01782,0.728,6.161,0.00
2.02813,0.728,6.161,0.00
2.03828,0.710,6.160,0.00
2.04850,0.710,6.160,0.00
2.05865,0.682,6.160,0.00
2.06884,0.682,6.160,0.00
2.07899,0.660,6.157,0.00
2.08915,0.660,6.157,0.00
2.09930,0.642,6.152,0.00
2.10949,0.642,6.152,0.00
2.11964,0.638,6.144,0.00
2.12980,0.638,6.144,0.00
2.13995,0.643,6.143,0.00
2.15009,0.643,6.143,0.00
2.16023,0.647,6.143,0.00
2.17158,0.647,6.143,0.00
2.18228,0.651,6.141,0.00
2.19242,0.651,6.141,0.00
2.20256,0.650,6.139,0.00
2.21272,0.657,6.139,0.00
2.22286,0.657,6.138,0.00
2.23300,0.653,6.138,0.00
2.24333,0.653,6.137,0.00
2.25372,0.649,6.137,0.00
2.26403,0.649,6.141,0.00
2.27417,0.649,6.141,0.00
2.28434,0.646,6.147,0.00
2.29451,0.646,6.151,0.00
2.30480,0.642,6.151,0.00
2.31495,0.642,6.152,0.00
2.32511,0.626,6.152,0.00
2.33526,0.626,6.152,0.00
2.34540,0.613,6.152,0.00
2.35555,0.606,6.151,0.00
2.36570,0.606,6.151,0.00
2.37585,0.610,6.155,0.00
2.38599,0.610,6.155,0.00
2.39614,0.616,6.161,0.00
2.40628,0.616,6.161,0.00
2.41643,0.620,6.161,0.00
2.42656,0.620,6.164,0.00
2.43671,0.625,6.164,0.00
2.44685,0.625,6.164,0.00
2.45700,0.633,6.159,0.00
2.46716,0.633,6.159,0.00
2.47780,0.640,6.162,0.00
2.48793,0.640,6.162,0.00
2.49809,0.646,6.163,0.00
2.50827,0.646,6.163,0.00
2.51841,0.649,6.175,0.00
2.52891,0.649,6.175,0.00
2.53906,0.650,6.194,0.00
2.54932,0.650,6.194,0.00
2.55966,0.642,6.218,0.00
2.56995,0.642,6.218,0.00
2.58026,0.644,6.244,0.00
2.59063,0.644,6.244,0.00
2.60096,0.647,6.268,0.00
2.61142,0.647,6.293,0.00
2.62156,0.645,6.293,0.00
2.63201,0.645,6.293,0.00
2.64216,0.643,6.313,0.00
2.65273,0.643,6.313,0.00
2.66288,0.636,6.332,0.00
2.67309,0.634,6.344,0.00
2.68344,0.634,6.344,0.00
2.69377,0.630,6.347,0.00
2.70412,0.630,6.347,0.00
2.71449,0.630,6.347,0.00
2.72482,0.620,6.345,0.00
2.73496,0.610,6.345,0.00
2.74530,0.610,6.345,0.00
2.75562,0.605,6.350,0.00
2.76591,0.605,6.350,0.00
2.77682,0.602,6.368,0.00
2.78698,0.602,6.368,0.00
2.79714,0.595,6.385,0.00
2.80730,0.595,6.385,0.00
2.81746,0.590,6.385,0.00
2.82766,0.590,6.389,0.00
2.83782,0.584,6.387,0.00
2.84798,0.584,6.387,0.00
2.85831,0.578,6.387,0.00
2.86848,0.578,6.387,0.00
2.87867,0.578,6.390,0.00
2.88884,0.592,6.390,0.00
2.89900,0.609,6.389,0.00
2.90915,0.609,6.389,0.00
2.91938,0.617,6.385,0.00
2.92959,0.617,6.385,0.00
2.93976,0.689,6.381,0.00
2.94989,0.689,6.381,0.00
2.96011,0.790,6.381,0.00
2.97030,0.790,6.381,0.00
2.98047,0.857,6.378,0.00
2.99070,0.857,6.378,0.00
3.00087,0.916,6.370,0.00
3.01107,0.916,6.370,0.00
3.02125,0.979,6.360,0.00
3.03140,0.979,6.360,0.00
3.04202,0.979,6.360,0.00
3.05224,1.009,6.351,0.00
3.06239,1.013,6.343,0.00
3.07253,1.013,6.343,0.00
3.08269,0.971,6.343,0.00
3.09289,0.971,6.334,0.00
3.10304,0.924,6.324,0.00
3.11319,0.894,6.324,0.00
3.12333,0.894,6.306,0.00
3.13366,0.886,6.306,0.00
3.14396,0.886,6.300,0.00
3.15454,0.886,6.300,0.00
3.16471,0.898,6.300,0.00
3.17511,0.931,6.300,0.00
3.18526,0.931,6.314,0.00
3.19544,0.931,6.314,0.00
3.20558,1.000,6.327,0.00
3.21575,1.000,6.362,0.00
3.22590,1.117,6.362,0.00
3.23607,1.117,6.362,0.00
3.24623,1.268,6.391,0.00
3.25639,1.268,6.391,0.00
3.26656,1.369,6.415,0.00
3.27679,1.369,6.436,0.00
3.28694,1.467,6.436,0.00
3.29711,1.467,6.436,0.00
3.30726,1.610,6.454,0.00
3.31742,1.753,6.467,0.00
3.32757,1.753,6.467,0.00
3.33772,1.845,6.477,0.00
3.34787,1.845,6.477,0.00
3.35803,2.001,6.483,0.00
3.36818,2.001,6.483,0.00
3.37834,2.185,6.493,0.00
3.38849,2.185,6.493,0.00
3.39876,2.410,6.499,0.00
3.40907,2.410,6.499,0.00
3.41938,2.734,6.489,0.00
3.42968,2.734,6.489,0.00
3.43983,3.195,6.489,0.00
3.45000,3.195,6.470,0.00
3.46015,3.652,6.446,0.00
3.47035,3.652,6.446,0.00
3.48050,4.219,6.427,0.00
3.49118,4.219,6.427,0.00
3.50161,4.896,6.416,0.00
3.51181,4.896,6.416,0.00
3.52196,5.629,6.418,0.00
3.53215,5.629,6.418,0.00
3.54230,6.432,6.428,0.00
3.55247,6.432,6.428,0.00
3.56263,7.310,6.438,0.00
3.57278,7.310,6.438,0.00
3.58294,8.248,6.447,0.00
3.59317,8.248,6.447,0.00
3.60330,9.245,6.450,0.00
3.61346,9.245,6.450,0.00
3.63240,10.258,6.459,0.00
3.64258,11.297,6.477,0.00
3.65283,11.297,6.477,0.00
3.66533,12.380,6.502,12.50
3.67550,13.471,6.502,12.50
3.68565,13.471,6.540,12.50
3.69700,13.471,6.540,12.50
3.70718,14.546,6.589,12.50
3.71734,14.546,6.639,12.50
3.73031,15.597,6.639,12.50
3.74076,16.662,6.685,12.50
3.75100,16.662,6.685,12.50
3.76261,16.662,6.717,12.50
3.77304,17.695,6.717,12.50
3.78319,18.649,6.729,12.50
3.79380,18.649,6.729,12.50
3.80394,19.497,6.729,12.50
3.81409,19.497,6.729,12.50
3.84117,20.239,6.713,12.50
3.85136,20.854,6.713,12.50
3.87378,21.326,6.495,12.50
3.88400,21.615,6.226,12.50
3.90454,21.615,6.226,12.50
3.91480,21.662,6.042,12.50
3.92503,21.497,5.822,12.50
3.93811,21.214,5.660,13.00
3.94841,21.214,5.660,13.00
3.95860,20.874,5.493,13.00
3.97016,20.874,5.493,13.00
3.98031,20.874,5.493,13.00
3.99054,20.419,5.337,13.00
4.00136,19.826,5.233,13.00
4.01202,19.112,5.233,13.00
4.02216,19.112,5.083,13.00
4.03337,19.112,5.083,13.00
4.04371,18.279,4.956,13.00
4.05400,18.279,4.821,13.00
4.06575,17.352,4.821,13.00
4.07608,16.352,4.664,13.00
4.08640,16.352,4.664,13.00
4.11351,14.108,4.393,13.00
4.12398,14.108,4.393,13.00
4.14429,14.108,4.393,13.00
4.15445,12.890,4.223,13.00
4.17650,11.654,3.958,13.00
4.18677,10.417,3.643,13.00
4.20839,9.226,3.299,13.00
4.21857,8.095,2.893,13.00
4.22871,8.095,2.893,13.00
4.24094,8.095,2.426,13.00
4.25109,7.058,2.426,13.00
4.26128,6.116,1.974,13.00
4.27295,6.116,1.974,13.00
4.28314,5.259,1.519,13.00
4.29357,5.259,1.519,13.00
4.30539,4.458,1.090,13.00
4.31555,3.632,0.667,13.00
4.32571,3.632,0.667,13.00
4.33789,2.846,0.296,13.00
4.34806,2.846,0.296,13.00
4.35823,2.079,-0.062,13.00
4.36981,2.079,-0.062,13.00
4.37996,1.523,-0.363,13.00
4.39032,1.523,-0.363,13.00
4.41703,1.429,-0.872,13.50
4.42731,1.612,-0.872,13.50
4.44937,1.845,-1.028,13.50
4.45965,2.113,-1.118,13.50
4.48198,2.408,-1.135,13.50
4.49214,2.408,-1.135,13.50
4.51253,2.626,-1.067,13.50
4.52270,2.786,-0.929,13.50
4.54445,2.786,-0.929,13.50
4.55462,2.970,-0.732,13.50
4.56483,3.073,-0.411,13.50
4.57702,3.075,-0.411,13.50
4.58738,3.075,-0.097,13.50
4.59753,3.075,0.277,13.50
4.60978,3.040,0.277,13.50
4.62000,3.010,0.678,13.50
4.63013,3.010,0.678,13.50
4.64041,3.010,0.678,13.50
4.65061,2.991,1.077,13.50
4.66087,2.964,1.526,13.50
4.67551,2.964,1.526,13.50
4.68577,2.912,1.925,13.50
4.69592,2.844,2.361,13.50
4.70612,2.844,2.361,13.50
4.71626,2.755,2.809,13.50
4.72642,2.755,2.809,13.50
4.75328,2.655,3.175,13.50
4.76407,2.544,3.586,13.50
4.78444,2.544,3.586,13.50
4.79460,2.422,3.925,13.50
4.81671,2.156,4.313,13.50
4.82697,2.156,4.665,13.50
4.84897,2.156,4.665,14.00
4.85927,1.885,4.988,14.00
4.88043,1.885,4.988,14.00
4.89061,1.734,5.361,14.00
4.90078,1.580,5.689,14.00
4.91232,1.580,5.689,14.00
4.92249,1.448,6.004,14.00
4.93272,1.448,6.004,14.00
4.94494,1.448,6.295,14.00
4.95529,1.319,6.566,14.00
4.96562,1.197,6.566,14.00
4.97769,1.197,6.566,14.00
4.98795,1.081,6.886,14.00
4.99811,0.984,7.124,14.00
5.00895,0.984,7.124,14.00
5.01924,0.984,7.124,14.00
5.02942,0.899,7.421,14.00
5.04306,0.826,7.663,14.00
5.05475,0.784,7.950,14.00
5.06489,0.784,7.950,14.00
5.08858,0.758,8.294,14.00
5.09901,0.757,8.535,14.00
5.12126,0.782,8.854,14.00
5.13230,0.816,8.854,14.00
5.15236,0.816,9.107,14.00
5.16255,0.870,9.366,14.00
5.17273,0.870,9.642,14.00
5.18501,0.937,9.642,14.00
5.19518,0.937,9.642,14.00
5.20536,1.006,9.832,14.00
5.21681,1.006,10.088,14.00
5.22698,1.079,10.088,14.00
5.23731,1.079,10.308,14.00
5.24904,1.158,10.308,14.00
5.25949,1.234,10.511,14.00
5.26964,1.234,10.511,14.00
5.28180,1.234,10.721,14.00
5.29197,1.307,10.721,14.00
5.30214,1.387,10.865,14.00
5.31306,1.387,10.865,14.50
5.32322,1.466,10.865,14.50
5.33348,1.543,11.056,14.50
5.34570,1.543,11.153,14.50
5.35605,1.621,11.153,14.50
5.36648,1.621,11.309,14.50
5.39312,1.621,11.422,14.50
5.40329,1.777,11.544,14.50
5.42500,1.844,11.544,14.50
5.43518,1.902,11.706,14.50
5.45807,1.943,11.916,14.50
5.46841,1.943,11.916,14.50
5.48961,1.963,12.004,14.50
5.49979,1.967,12.096,14.50
5.52031,1.967,12.096,14.50
5.53046,1.954,12.236,14.50
5.54070,1.929,12.319,14.50
5.55516,1.929,12.319,14.50
5.56544,1.896,12.494,14.50
5.57580,1.896,12.638,14.50
5.58608,1.851,12.638,14.50
5.59623,1.796,12.776,14.50
5.60637,1.796,12.776,14.50
5.61654,1.796,12.776,14.50
5.62672,1.753,12.961,14.50
5.63689,1.692,13.093,14.50
5.64920,1.692,13.093,14.50
5.65946,1.625,13.332,14.50
5.66961,1.625,13.332,14.50
5.68093,1.625,13.332,14.50
5.69134,1.625,13.536,14.50
5.70150,1.496,13.773,14.50
5.72952,1.436,14.069,14.50
5.73968,1.400,14.265,14.50
5.76029,1.400,14.265,14.50
5.77050,1.368,14.541,14.50
5.79377,1.343,14.764,14.50
5.80389,1.341,15.007,14.50
5.82599,1.352,15.272,14.50
5.83616,1.376,15.272,14.50
5.84701,1.376,15.465,14.50
5.85681,1.418,15.465,14.50
5.86711,1.418,15.735,14.50
5.87726,1.448,15.963,14.50
5.88747,1.448,15.963,0.00
5.89763,1.516,16.174,0.00
5.90777,1.516,16.174,0.00
5.91793,1.604,16.401,0.00
5.92807,1.604,16.401,0.00
5.93822,1.683,16.555,0.00
5.94836,1.683,16.555,0.00
5.95851,1.762,16.787,0.00
5.96867,1.762,16.787,0.00
5.97881,1.848,16.955,0.00
5.98908,1.848,16.955,0.00
5.99923,1.909,17.200,0.00
6.00942,1.909,17.200,0.00
6.01956,1.973,17.423,0.00
6.02983,1.973,17.423,0.00
6.04026,2.051,17.665,0.00
6.05040,2.051,17.665,0.00
6.06055,2.106,17.972,0.00
6.07080,2.106,17.972,0.00
6.08097,2.154,18.224,0.00
6.09128,2.154,18.224,0.00
6.10144,2.204,18.579,0.00
6.11163,2.204,18.579,0.00
6.12177,2.253,18.865,0.00
6.13205,2.253,18.865,0.00
6.14254,2.272,19.016,0.00
6.15308,2.272,19.016,0.00
6.16335,2.271,19.016,0.00
6.17366,2.303,19.016,0.00
6.18383,2.303,18.961,0.00
6.19398,2.349,18.961,0.00
6.20412,2.349,18.898,0.00
6.21427,2.351,18.898,0.00
6.22443,2.351,18.829,0.00
6.23458,2.314,18.829,0.00
6.24485,2.314,18.683,0.00
6.25510,2.347,18.683,0.00
6.26543,2.347,18.446,0.00
6.27582,2.414,18.103,0.00
6.28615,2.414,18.103,0.00
6.29654,2.439,17.520,0.00
6.30687,2.439,17.520,0.00
6.31723,2.324,16.754,0.00
6.32754,2.324,16.754,0.00
6.33790,2.254,16.754,0.00
6.34823,2.254,16.078,0.00
6.35862,2.287,16.078,0.00
6.36897,2.287,15.195,0.00
6.37932,2.262,15.195,0.00
6.38970,2.262,14.162,0.00
6.40008,2.212,12.683,0.00
6.41037,2.212,12.683,0.00
6.42081,2.224,11.437,0.00
6.43117,2.224,11.437,0.00
6.44144,2.249,10.067,0.00
6.45187,2.251,10.067,0.00
6.46219,2.251,8.536,0.00
6.47257,2.251,8.536,0.00
6.48289,2.250,6.469,0.00
6.49325,2.297,6.469,0.00
6.50356,2.297,4.072,0.00
6.51392,2.361,4.072,0.00
6.52423,2.361,1.747,0.00
6.53461,2.412,1.747,0.00
6.54486,2.412,-0.271,0.00
6.55530,2.446,-0.271,0.00
6.56559,2.446,-1.818,0.00
6.57595,2.523,-1.818,0.00
6.58627,2.523,-2.086,0.00
6.59643,2.523,-0.949,0.00
6.60658,2.634,-0.949,0.00
6.61674,2.634,-0.949,0.00
6.62688,2.728,0.977,0.00
6.63704,2.728,0.977,0.00
6.64721,2.775,3.275,0.00
6.65737,2.775,3.275,0.00
6.66752,2.754,5.660,0.00
6.67769,2.708,7.835,0.00
6.68784,2.708,7.835,0.00
6.69801,2.644,8.833,0.00
6.70816,2.644,8.833,0.00
6.71852,2.541,8.811,0.00
6.72888,2.541,8.811,0.00
6.73911,2.444,7.529,0.00
6.74944,2.444,7.529,0.00
6.75977,2.409,6.227,0.00
6.77016,2.409,6.227,0.00
6.78044,2.439,5.328,0.00
6.79082,2.439,5.328,0.00
6.80108,2.495,4.862,0.00
6.81145,2.495,4.862,0.00
6.82173,2.528,4.261,0.00
6.83267,2.528,4.261,0.00
6.84285,2.507,3.810,0.00
6.85300,2.507,3.810,0.00
6.86319,2.449,3.351,0.00
6.87341,2.449,3.351,0.00
6.88358,2.359,2.913,0.00
6.89620,2.359,2.913,0.00
6.91223,2.254,2.463,0.00
6.92353,2.254,2.099,0.00
6.93840,2.150,2.099,0.00
6.94954,2.063,1.903,0.00
6.96148,2.063,1.850,0.00
6.97253,2.004,1.850,0.00
6.98483,1.974,1.955,0.00
7.00555,1.950,2.197,0.00
7.02133,1.903,2.610,0.00
7.03688,1.903,2.610,0.00
7.04840,1.903,3.072,0.00
7.05928,1.787,3.072,0.00
7.07048,1.787,3.072,0.00
7.08624,1.798,4.079,0.00
7.09761,1.792,4.613,0.00
7.11364,1.792,4.613,0.00
7.12382,1.792,4.613,0.00
7.13465,1.769,5.173,0.00
7.14487,1.769,5.173,0.00
7.15565,1.731,5.771,0.00
7.17166,1.694,6.410,0.00
7.18302,1.655,6.930,0.00
7.20358,1.655,6.930,0.00
7.21443,1.595,6.888,0.00
7.23044,1.543,6.549,0.00
7.24207,1.505,6.181,0.00
7.25967,1.500,5.766,0.00
7.26983,1.500,5.766,0.00
7.28001,1.500,5.766,0.00
7.29088,1.500,5.403,0.00
7.30128,1.563,5.403,0.00
7.31169,1.563,5.082,0.00
7.32210,1.601,5.082,0.00
7.33389,1.625,4.796,0.00
7.34469,1.625,4.528,0.00
7.35503,1.663,4.528,0.00
7.37126,1.663,4.335,0.00
7.38786,1.710,4.192,0.00
7.40442,1.762,4.128,0.00
7.41773,1.762,4.128,0.00
7.43148,1.762,4.147,0.00
7.44324,1.840,4.220,0.00
7.45345,1.840,4.220,0.00
7.47587,1.863,4.339,0.00
7.49407,1.856,4.478,0.00
7.50903,1.828,4.478,0.00
7.51991,1.828,4.671,0.00
7.53535,1.783,4.879,0.00
7.54785,1.729,5.110,0.00
7.55891,1.729,5.353,0.00
7.58146,1.667,5.353,0.00
7.59687,1.627,5.601,0.00
7.60825,1.591,5.857,0.00
7.62351,1.591,6.042,0.00
7.63945,1.579,6.161,0.00
7.65577,1.559,6.149,0.00
7.66602,1.559,6.149,0.00
7.67626,1.559,6.149,0.00
7.68659,1.559,6.010,0.00
7.69809,1.533,6.010,0.00
7.71486,1.533,5.830,0.00
7.73137,1.530,5.830,0.00
7.74711,1.530,5.479,0.00
7.76282,1.551,5.330,0.00
7.77316,1.551,5.330,0.00
7.78947,1.546,5.198,0.00
7.80542,1.534,5.082,0.00
7.81564,1.534,5.082,0.00
7.82679,1.531,4.977,0.00
7.84717,1.523,4.977,0.00
7.85813,1.523,4.897,0.00
7.87426,1.526,4.897,0.00
7.94530,1.544,5.057,0.00
7.95556,1.552,5.148,0.00
8.02014,1.544,5.436,0.00
8.03432,1.557,5.436,0.00
8.04501,-0.104,0.519,0.00
8.05518,-0.104,0.519,0.00
8.06534,-0.095,0.552,0.00
8.07550,-0.095,0.552,0.00
8.08609,-0.095,0.552,0.00
8.09625,-0.095,0.552,0.00
8.10640,-0.087,0.518,0.00
8.11654,-0.084,0.454,0.00
8.12671,-0.084,0.454,0.00
8.13686,-0.087,0.365,0.00
8.14701,-0.087,0.365,0.00
8.15717,-0.094,0.282,0.00
8.16731,-0.094,0.282,0.00
8.17745,-0.101,0.206,0.00
8.18760,-0.101,0.206,0.00
8.19776,-0.100,0.145,0.00
8.20789,-0.100,0.145,0.00
8.21804,-0.093,0.102,0.00
8.22838,-0.093,0.102,0.00
8.23854,-0.085,0.083,0.00
8.24888,-0.085,0.083,0.00
8.25902,-0.090,0.092,0.00
8.26931,-0.090,0.092,0.00
8.27953,-0.101,0.117,0.00
8.28978,-0.101,0.117,0.00
8.30000,-0.105,0.156,0.00
8.31024,-0.105,0.156,0.00
8.32047,-0.099,0.199,0.00
8.33072,-0.099,0.199,0.00
8.34095,-0.097,0.245,0.00
8.35119,-0.097,0.245,0.00
8.36141,-0.109,0.291,0.00
8.37160,-0.109,0.291,0.00
8.38184,-0.111,0.329,0.00
8.39197,-0.111,0.329,0.00
8.40211,-0.102,0.359,0.00
8.41252,-0.102,0.359,0.00
8.42258,-0.086,0.376,0.00
8.43273,-0.086,0.376,0.00
8.44288,-0.072,0.382,0.00
8.45303,-0.054,0.382,0.00
8.46317,-0.054,0.377,0.00
8.47332,-0.054,0.377,0.00
8.48347,-0.032,0.353,0.00
8.49362,-0.023,0.353,0.00
8.50376,-0.023,0.323,0.00
8.51415,-0.023,0.323,0.00
8.52432,-0.029,0.298,0.00
8.53447,-0.029,0.298,0.00
8.54472,-0.040,0.286,0.00
8.55487,-0.040,0.286,0.00
8.56503,-0.050,0.284,0.00
8.57518,-0.050,0.291,0.00
8.58533,-0.060,0.291,0.00
8.59548,-0.060,0.291,0.00
8.60563,-0.068,0.307,0.00
8.61577,-0.068,0.307,0.00
8.62592,-0.081,0.326,0.00
8.63607,-0.081,0.347,0.00
8.64640,-0.095,0.347,0.00
8.65655,-0.095,0.372,0.00
8.66685,-0.103,0.372,0.00
8.67719,-0.107,0.397,0.00
8.68750,-0.107,0.397,0.00
8.69787,-0.096,0.415,0.00
8.70836,-0.096,0.415,0.00
8.71852,-0.085,0.420,0.00
8.72914,-0.085,0.420,0.00
8.73949,-0.077,0.414,0.00
8.74984,-0.077,0.414,0.00
8.75999,-0.074,0.396,0.00
8.77028,-0.074,0.396,0.00
8.78042,-0.073,0.370,0.00
8.79069,-0.073,0.370,0.00
8.80085,-0.076,0.343,0.00
8.81100,-0.076,0.343,0.00
8.82119,-0.074,0.327,0.00
8.83137,-0.074,0.327,0.00
8.84154,-0.075,0.317,0.00
8.85173,-0.075,0.317,0.00
8.86188,-0.078,0.314,0.00
8.87207,-0.074,0.314,0.00
8.88230,-0.074,0.318,0.00
8.89245,-0.069,0.318,0.00
8.90260,-0.069,0.328,0.00
8.91300,-0.069,0.328,0.00
8.92316,-0.068,0.343,0.00
8.93335,-0.068,0.343,0.00
8.94351,-0.021,0.359,0.00
8.95365,-0.021,0.359,0.00
8.96380,0.046,0.383,0.00
8.97395,0.046,0.404,0.00
8.98410,0.116,0.404,0.00
8.99425,0.116,0.416,0.00
9.00439,0.258,0.416,0.00
9.01454,0.258,0.425,0.00
9.02477,0.427,0.425,0.00
9.03492,0.427,0.429,0.00
9.04522,0.665,0.429,0.00
9.05556,0.986,0.428,0.00
9.06571,0.986,0.428,0.00
9.07587,1.270,0.428,0.00
9.08602,1.270,0.426,0.00
9.09617,1.530,0.426,0.00
9.10633,1.530,0.421,0.00
9.11648,1.806,0.419,0.00
9.12663,1.806,0.419,0.00
9.13679,2.160,0.420,0.00
9.14692,2.160,0.420,0.00
9.15707,2.561,0.420,0.00
9.16722,2.561,0.420,0.00
9.17737,3.028,0.416,0.00
9.18753,3.028,0.416,0.00
9.19768,3.552,0.413,0.00
9.20785,3.552,0.413,0.00
9.21800,4.106,0.413,0.00
9.22815,4.106,0.410,0.00
9.23855,4.695,0.407,0.00
9.24880,4.695,0.407,0.00
9.25897,5.314,0.405,0.00
9.26909,5.314,0.405,0.00
9.27925,5.934,0.408,0.00
9.28937,5.934,0.408,0.00
9.29953,6.559,0.417,0.00
9.30976,6.559,0.417,0.00
9.31991,7.215,0.428,0.00
9.33009,7.215,0.428,0.00
9.34025,7.893,0.446,0.00
9.35039,7.893,0.446,0.00
9.36054,8.587,0.471,0.00
9.37071,8.587,0.471,0.00
9.38088,9.292,0.499,0.00
9.39102,9.292,0.499,0.00
9.40117,9.994,0.527,0.00
9.41133,9.994,0.527,0.00
9.42426,10.675,0.558,0.00
9.43444,10.675,0.558,0.00
9.44469,11.310,0.591,0.00
9.45804,11.310,0.591,12.00
9.46821,11.935,0.617,12.00
9.47836,12.531,0.643,12.00
9.48932,12.531,0.643,12.00
9.49968,13.094,0.663,12.00
9.50988,13.094,0.663,12.00
9.52164,13.646,0.678,12.00
9.53258,13.646,0.678,12.00
9.54258,14.192,0.686,12.00
9.56960,14.692,0.690,12.00
9.57979,15.092,0.692,12.00
9.60033,15.092,0.692,12.00
9.61145,15.377,0.692,12.00
9.63354,15.551,0.689,12.00
9.64369,15.609,0.711,12.00
9.66472,15.538,0.711,12.50
9.67504,15.338,0.650,12.50
9.69716,15.030,0.254,12.50
9.70735,15.030,0.254,12.50
9.72859,15.030,0.254,12.50
9.73876,14.089,-0.011,12.50
9.74893,14.089,-0.011,12.50
9.76123,13.422,-0.180,12.50
9.77150,13.422,-0.180,12.50
9.78214,12.646,-0.311,12.50
9.79245,12.646,-0.311,12.50
9.80280,11.806,-0.464,12.50
9.81295,11.806,-0.464,12.50
9.82497,10.920,-0.574,12.50
9.83517,10.920,-0.656,12.50
9.84532,9.945,-0.656,12.50
9.85782,9.945,-0.752,12.50
9.86794,8.869,-0.752,12.50
9.87822,7.736,-0.821,12.50
9.90545,6.595,-0.821,12.50
9.91564,5.517,-0.995,12.50
9.93750,4.556,-1.065,13.00
9.94766,4.556,-1.065,13.00
9.96933,3.702,-1.176,13.00
9.97949,2.921,-1.262,13.00
10.00079,2.921,-1.434,13.00
10.01171,2.189,-1.434,13.00
10.03222,1.447,-1.607,13.50
10.04238,0.785,-1.799,13.50
10.05276,0.785,-1.799,13.50
10.06453,0.019,-2.025,13.50
10.07487,-0.652,-2.025,13.50
10.08517,-0.652,-2.266,13.50
10.09698,-0.843,-2.527,13.50
10.10713,-0.843,-2.527,13.50
10.11729,-0.721,-2.527,13.50
10.12920,-0.721,-2.760,14.00
10.13937,-0.505,-3.020,14.00
10.14952,-0.505,-3.020,14.00
10.16053,-0.265,-3.288,14.00
10.17158,-0.265,-3.288,14.00
10.18175,0.029,-3.537,14.00
10.20875,0.029,-3.817,14.50
10.21896,0.663,-4.059,14.50
10.24052,0.663,-4.059,14.50
10.25078,0.855,-4.369,14.50
10.27288,0.953,-4.631,15.00
10.28306,0.997,-4.860,15.00
10.29321,0.997,-4.860,15.50
10.30451,1.022,-4.860,15.50
10.31478,1.022,-5.097,15.50
10.32495,1.064,-5.270,15.50
10.33655,1.064,-5.270,15.50
10.34674,1.119,-5.471,15.50
10.35690,1.169,-5.630,15.50
10.36989,1.169,-5.630,16.00
10.38043,1.198,-5.779,16.00
10.39067,1.198,-5.779,16.00
10.40197,1.193,-5.779,16.50
10.41246,1.193,-5.933,16.50
10.42265,1.151,-6.038,16.50
10.43389,1.092,-6.151,17.00
10.44420,1.092,-6.151,17.00
10.45483,1.001,-6.229,17.00
10.46696,1.001,-6.229,17.00
10.47771,0.890,-6.298,17.00
10.48834,0.890,-6.298,17.00
10.51292,0.749,-6.290,17.50
10.52309,0.590,-6.290,17.50
10.54515,0.430,-6.206,18.00
10.55536,0.220,-6.206,18.00
10.57751,0.008,-5.871,18.00
10.58767,0.008,-5.871,18.00
10.60912,-0.187,-5.651,18.50
10.61948,-0.379,-5.410,18.50
10.64088,-0.379,-5.117,18.50
10.65106,-0.564,-5.117,18.50
10.66123,-0.739,-4.804,18.50
10.67401,-0.739,-4.804,19.00
10.68419,-0.889,-4.465,19.00
10.69434,-0.889,-4.465,19.00
10.70527,-0.889,-4.465,19.00
10.71543,-1.119,-4.087,19.00
10.72562,-1.119,-3.699,19.00
10.73842,-1.186,-3.193,19.50
10.74881,-1.186,-3.193,19.50
10.75929,-1.245,-2.739,19.50
10.78432,-1.245,-2.739,19.50
10.79450,-1.282,-2.234,19.50
10.81648,-1.298,-1.780,20.00
10.82664,-1.301,-1.322,20.00
10.84944,-1.291,-0.828,20.00
10.85981,-1.270,-0.352,20.00
10.88092,-1.270,0.186,20.00
10.89110,-1.240,0.186,20.00
10.91347,-1.194,0.741,20.00
10.92361,-1.121,1.315,20.00
10.93436,-1.121,1.315,20.00
10.94523,-1.121,1.869,20.50
10.95543,-1.037,1.869,20.50
10.96559,-0.956,2.419,20.50
10.97863,-0.887,3.073,20.50
10.98902,-0.887,3.073,20.50
10.99925,-0.816,3.629,20.50
11.00945,-0.816,3.629,20.50
11.01962,-0.745,4.334,20.50
11.03144,-0.745,4.334,20.50
11.04161,-0.683,4.930,20.50
11.05236,-0.618,5.735,20.50
11.06250,-0.618,5.735,20.50
11.08833,-0.618,5.735,20.50
11.09851,-0.503,7.168,20.50
11.12048,-0.456,7.168,20.50
11.13077,-0.456,8.033,20.50
11.15309,-0.376,8.033,20.50
11.16324,-0.376,9.559,20.50
11.18502,-0.342,10.328,21.00
11.19519,-0.342,11.030,21.00
11.21688,-0.325,11.030,21.00
11.22707,-0.316,11.958,21.00
11.23730,-0.321,12.645,21.00
11.24868,-0.321,12.645,21.00
11.25901,-0.330,13.406,21.00
11.26924,-0.330,13.406,21.00
11.28103,-0.355,14.084,21.00
11.29155,-0.355,14.084,21.00
11.30170,-0.374,14.698,21.00
11.31571,-0.374,15.369,21.00
11.32586,-0.391,15.369,21.00
11.33601,-0.414,15.900,21.00
11.34617,-0.414,15.900,21.00
11.35631,-0.439,16.516,21.00
11.36762,-0.439,16.516,21.00
11.39280,-0.474,16.516,21.00
11.40298,-0.511,17.614,21.00
11.42486,-0.537,17.614,21.00
11.43514,-0.565,18.207,21.00
11.45656,-0.565,18.648,21.00
11.46672,-0.577,19.266,21.00
11.48964,-0.586,19.266,21.00
11.49981,-0.595,20.296,21.00
11.52019,-0.595,20.296,21.00
11.53128,-0.593,20.858,21.00
11.55455,-0.580,21.366,21.00
11.56473,-0.555,21.937,21.00
11.58522,-0.528,22.410,21.00
11.59537,-0.503,22.410,21.00
11.60552,-0.503,22.890,21.00
11.61740,-0.503,23.434,21.00
11.62768,-0.470,23.434,21.00
11.63801,-0.447,23.813,21.00
11.65105,-0.447,23.813,21.00
11.66120,-0.413,24.345,21.00
11.67135,-0.413,24.345,21.00
11.68155,-0.380,24.748,0.00
11.69184,-0.380,24.748,0.00
11.70200,-0.332,25.265,0.00
11.71217,-0.332,25.795,0.00
11.72233,-0.285,25.795,0.00
11.73250,-0.285,25.795,0.00
11.74266,-0.227,26.163,0.00
11.75297,-0.227,26.163,0.00
11.76300,-0.191,26.628,0.00
11.77320,-0.191,26.628,0.00
11.78336,-0.167,27.010,0.00
11.79352,-0.167,27.010,0.00
11.80367,-0.130,27.470,0.00
11.81382,-0.076,27.961,0.00
11.82402,-0.076,27.961,0.00
11.83420,-0.076,28.323,0.00
11.84437,-0.036,28.323,0.00
11.85478,-0.036,28.323,0.00
11.86496,0.005,28.861,0.00
11.87557,0.005,29.244,0.00
11.88572,0.040,29.244,0.00
11.89588,0.040,29.626,0.00
11.90622,0.052,29.626,0.00
11.91637,0.047,29.926,0.00
11.92652,0.047,29.926,0.00
11.93679,0.047,29.926,0.00
11.94695,0.026,30.259,0.00
11.95715,0.026,30.259,0.00
11.96730,-0.034,30.627,0.00
11.97746,-0.034,30.627,0.00
11.98762,-0.116,31.028,0.00
11.99777,-0.211,31.351,0.00
12.00792,-0.211,31.351,0.00
12.01807,-0.266,31.609,0.00
12.02822,-0.266,31.609,0.00
12.03838,-0.266,31.609,0.00
12.04852,-0.222,31.648,0.00
12.05878,-0.210,31.320,0.00
12.06898,-0.210,31.320,0.00
12.07913,-0.343,30.813,0.00
12.08933,-0.343,30.813,0.00
12.09942,-0.458,30.350,0.00
12.10964,-0.458,30.350,0.00
12.11978,-0.403,29.673,0.00
12.12992,-0.403,29.673,0.00
12.14005,-0.335,28.625,0.00
12.15020,-0.335,28.625,0.00
12.16039,-0.376,27.039,0.00
12.17099,-0.376,27.039,0.00
12.18203,-0.531,24.909,0.00
12.19218,-0.531,24.909,0.00
12.20233,-0.555,23.319,0.00
12.21248,-0.555,23.319,0.00
12.22316,-0.449,21.147,0.00
12.23343,-0.449,21.147,0.00
12.24358,-0.358,18.307,0.00
12.25372,-0.358,18.307,0.00
12.26385,-0.382,14.328,0.00
12.27400,-0.382,11.737,0.00
12.28414,-0.385,11.737,0.00
12.29450,-0.385,8.987,0.00
12.30474,-0.348,8.987,0.00
12.31489,-0.348,8.987,0.00
12.32503,-0.246,5.657,0.00
12.33518,-0.246,5.657,0.00
12.34534,-0.184,1.419,0.00
12.35548,-0.184,1.419,0.00
12.36563,-0.142,-3.063,0.00
12.37578,0.020,-5.854,0.00
12.38592,0.020,-5.854,0.00
12.39607,0.220,-7.180,0.00
12.40621,0.220,-7.180,0.00
12.41659,0.338,-3.117,0.00
12.42674,0.338,-3.117,0.00
12.43726,0.338,0.393,0.00
12.44740,0.430,0.393,0.00
12.45754,0.430,2.510,0.00
12.46768,0.456,2.510,0.00
12.47783,0.456,4.178,0.00
12.48820,0.439,4.178,0.00
12.49836,0.408,1.966,0.00
12.50849,0.408,1.966,0.00
12.51865,0.310,0.107,0.00
12.52889,0.310,0.107,0.00
12.53903,0.235,-1.320,0.00
12.54930,0.235,-1.320,0.00
12.55945,0.269,-1.380,0.00
12.56961,0.269,-1.380,0.00
12.57975,0.384,-1.775,0.00
12.59001,0.384,-1.775,0.00
12.60016,0.503,-2.181,0.00
12.61031,0.503,-2.181,0.00
12.62045,0.503,-2.181,0.00
12.63143,0.503,-2.181,0.00
12.64161,0.599,-2.623,0.00
12.65218,0.677,-2.623,0.00
12.66251,0.737,-3.133,0.00
12.67297,0.741,-3.133,0.00
12.68937,0.741,-3.581,0.00
12.70548,0.701,-3.858,0.00
12.72212,0.643,-3.910,0.00
12.73892,0.643,-3.767,0.00
12.74943,0.601,-3.767,0.00
12.77741,0.580,-3.456,0.00
12.79853,0.548,-2.990,0.00
12.80924,0.548,-2.399,0.00
12.81993,0.548,-2.399,0.00
12.83099,0.507,-1.628,0.00
12.84709,0.507,-0.936,0.00
12.86833,0.356,-0.936,0.00
12.87997,0.294,0.412,0.00
12.89761,0.294,0.412,0.00
12.90917,0.244,1.145,0.00
12.92487,0.207,1.689,0.00
12.93628,0.172,1.662,0.00
12.94647,0.172,1.662,0.00
12.95794,0.106,1.662,0.00
12.96870,0.106,1.211,0.00
12.99543,0.005,0.051,0.00
13.01345,0.000,-0.426,0.00
13.02855,0.000,-0.426,0.00
13.04021,0.020,-0.824,0.00
13.07388,0.064,-1.360,0.00
13.09010,0.064,-1.360,0.00
13.10059,0.086,-1.532,0.00
13.12816,0.111,-1.624,0.00
13.14396,0.111,-1.618,0.00
13.15485,0.165,-1.518,0.00
13.17217,0.165,-1.339,0.00
13.18786,0.208,-1.339,0.00
13.19833,0.254,-1.339,0.00
13.20944,0.254,-1.339,0.00
13.22513,0.293,-1.339,0.00
13.25240,0.327,-0.465,0.00
13.26767,0.357,-0.465,0.00
13.30743,0.435,0.580,0.00
13.35510,0.452,0.484,0.00
13.37336,0.465,0.255,0.00
13.38356,0.465,0.255,0.00
13.39536,0.465,0.255,0.00
13.40679,0.476,0.024,0.00
13.41839,0.485,-0.145,0.00
13.43876,0.485,-0.145,0.00
13.44980,0.486,-0.145,0.00
13.46659,0.485,-0.326,0.00
13.47796,0.487,-0.354,0.00
13.50882,0.490,-0.334,0.00
13.52054,0.492,-0.274,0.00
13.53566,0.492,-0.274,0.00
13.56987,0.459,-0.067,0.00
13.58496,0.445,-0.067,0.00
13.59801,0.445,0.198,0.00
13.60951,0.445,0.198,0.00
13.62121,0.410,0.331,0.00
13.64159,0.410,0.331,0.00
13.65700,0.394,0.392,0.00
13.66898,0.381,0.371,0.00
13.68408,0.371,0.300,0.00
13.74813,0.367,0.300,0.00
13.75891,0.381,0.028,0.00
13.81969,0.381,0.028,0.00
13.83002,0.412,0.042,0.00
13.84029,-0.003,0.359,0.00
13.85151,-0.003,0.359,0.00
13.86176,-0.013,0.410,0.00
13.87229,-0.013,0.410,0.00
13.88269,-0.016,0.464,0.00
13.89302,-0.016,0.499,0.00
13.90317,-0.013,0.499,0.00
13.91351,-0.013,0.512,0.00
13.92366,-0.015,0.512,0.00
13.93382,-0.015,0.512,0.00
13.94398,-0.022,0.494,0.00
13.95414,-0.022,0.494,0.00
13.96429,-0.034,0.460,0.00
13.97446,-0.034,0.460,0.00
13.98476,-0.044,0.417,0.00
13.99493,-0.044,0.417,0.00
14.00508,-0.052,0.376,0.00
14.01524,-0.052,0.376,0.00
14.02540,-0.058,0.340,0.00
14.03556,-0.065,0.320,0.00
14.04571,-0.065,0.320,0.00
14.05586,-0.081,0.320,0.00
14.06602,-0.081,0.313,0.00
14.07617,-0.105,0.323,0.00
14.08632,-0.105,0.323,0.00
14.09647,-0.135,0.345,0.00
14.10673,-0.135,0.345,0.00
14.11714,-0.162,0.364,0.00
14.12741,-0.162,0.364,0.00
14.13784,-0.162,0.364,0.00
14.14823,-0.189,0.374,0.00
14.15862,-0.215,0.373,0.00
14.16878,-0.215,0.373,0.00
14.17897,-0.215,0.359,0.00
14.18916,-0.235,0.359,0.00
14.19931,-0.256,0.338,0.00
14.21015,-0.256,0.338,0.00
14.22030,-0.278,0.313,0.00
14.23052,-0.278,0.313,0.00
14.24077,-0.294,0.290,0.00
14.25105,-0.294,0.290,0.00
14.26120,-0.313,0.273,0.00
14.27144,-0.313,0.273,0.00
14.28160,-0.331,0.262,0.00
14.29191,-0.331,0.262,0.00
14.30204,-0.351,0.256,0.00
14.31246,-0.351,0.256,0.00
14.32261,-0.370,0.259,0.00
14.33276,-0.370,0.259,0.00
14.34290,-0.388,0.264,0.00
14.35304,-0.388,0.264,0.00
14.36318,-0.413,0.272,0.00
14.37334,-0.440,0.276,0.00
14.38348,-0.440,0.276,0.00
14.39362,-0.468,0.276,0.00
14.40399,-0.468,0.275,0.00
14.41413,-0.468,0.272,0.00
14.42427,-0.500,0.272,0.00
14.43445,-0.500,0.264,0.00
14.44455,-0.528,0.264,0.00
14.45470,-0.528,0.264,0.00
14.46485,-0.547,0.255,0.00
14.47517,-0.547,0.243,0.00
14.48535,-0.560,0.243,0.00
14.49549,-0.569,0.243,0.00
14.50563,-0.569,0.235,0.00
14.51576,-0.574,0.226,0.00
14.52591,-0.574,0.226,0.00
14.53605,-0.584,0.226,0.00
14.54621,-0.584,0.226,0.00
14.55635,-0.597,0.226,0.00
14.56649,-0.597,0.225,0.00
14.57673,-0.615,0.226,0.00
14.58687,-0.615,0.226,0.00
14.59702,-0.647,0.225,0.00
14.60728,-0.647,0.225,0.00
14.61771,-0.686,0.223,0.00
14.62786,-0.686,0.223,0.00
14.63830,-0.719,0.222,0.00
14.64912,-0.719,0.222,0.00
14.65930,-0.743,0.219,0.00
14.66944,-0.743,0.219,0.00
14.67975,-0.761,0.216,0.00
14.69038,-0.761,0.216,0.00
14.70052,-0.769,0.217,0.00
14.71077,-0.769,0.217,0.00
14.72114,-0.769,0.219,0.00
14.73170,-0.774,0.219,0.00
14.74199,-0.774,0.220,0.00
14.75241,-0.774,0.219,0.00
14.76258,-0.775,0.219,0.00
14.77274,-0.775,0.219,0.00
14.78290,-0.779,0.224,0.00
14.79306,-0.779,0.224,0.00
14.80321,-0.798,0.231,0.00
14.81337,-0.823,0.231,0.00
14.82351,-0.823,0.229,0.00
14.83365,-0.836,0.229,0.00
14.84379,-0.836,0.219,0.00
14.85394,-0.850,0.219,0.00
14.86408,-0.850,0.214,0.00
14.87424,-0.850,0.211,0.00
14.88439,-0.872,0.211,0.00
14.89452,-0.890,0.214,0.00
14.90481,-0.890,0.214,0.00
14.91496,-0.891,0.221,0.00
14.92512,-0.891,0.221,0.00
14.93525,-0.877,0.231,0.00
14.94539,-0.877,0.231,0.00
14.95554,-0.845,0.244,0.00
14.96568,-0.845,0.244,0.00
14.97582,-0.790,0.260,0.00
14.98597,-0.790,0.260,0.00
14.99699,-0.695,0.277,0.00
15.00713,-0.695,0.277,0.00
15.01730,-0.574,0.288,0.00
15.02744,-0.574,0.288,0.00
15.03760,-0.403,0.297,0.00
15.04774,-0.403,0.297,0.00
15.05790,-0.232,0.305,0.00
15.06805,-0.232,0.305,0.00
15.07820,-0.070,0.312,0.00
15.08834,-0.070,0.312,0.00
15.09849,0.000,0.315,0.00
15.10859,0.000,0.315,0.00
15.11896,-0.005,0.317,0.00
15.12910,-0.005,0.317,0.00
15.13925,-0.023,0.317,0.00
15.14939,-0.023,0.324,0.00
15.15953,-0.056,0.332,0.00
15.16969,-0.056,0.332,0.00
15.17984,-0.104,0.340,0.00
15.18999,-0.104,0.340,0.00
15.20017,-0.132,0.340,0.00
15.21031,-0.132,0.352,0.00
15.22082,-0.132,0.352,0.00
15.23167,-0.140,0.365,0.00
15.24183,-0.135,0.386,0.00
15.25198,-0.135,0.386,0.00
15.26214,-0.119,0.398,0.00
15.27227,-0.119,0.398,0.00
15.28243,-0.094,0.408,0.00
15.29256,-0.094,0.408,0.00
15.30270,-0.069,0.424,0.00
15.31291,-0.045,0.434,0.00
15.32304,-0.045,0.434,0.00
15.33319,-0.031,0.439,0.00
15.34340,-0.031,0.439,0.00
15.35478,-0.029,0.441,0.00
15.36494,-0.029,0.441,0.00
15.37508,-0.041,0.447,0.00
15.38521,-0.041,0.447,0.00
15.39536,-0.054,0.455,0.00
15.40550,-0.054,0.455,0.00
15.41564,-0.058,0.460,0.00
15.42577,-0.058,0.460,0.00
15.43612,-0.059,0.464,0.00
15.44643,-0.059,0.464,0.00
15.45693,-0.044,0.468,0.00
15.46722,-0.044,0.468,0.00
15.47750,0.025,0.469,0.00
15.48765,0.025,0.469,0.00
15.49780,0.130,0.468,0.00
15.50800,0.130,0.468,0.00
15.51815,0.263,0.471,0.00
15.52831,0.263,0.471,0.00
15.53846,0.416,0.478,0.00
15.54871,0.416,0.478,0.00
15.55886,0.594,0.486,0.00
15.56901,0.594,0.486,0.00
15.57916,0.812,0.498,0.00
15.58936,0.812,0.498,0.00
15.59952,1.065,0.515,0.00
15.60967,1.065,0.515,0.00
15.61982,1.348,0.531,0.00
15.62997,1.348,0.531,0.00
15.64011,1.659,0.547,0.00
15.65058,1.659,0.547,0.00
15.66076,2.011,0.561,0.00
15.67125,2.011,0.561,0.00
15.68144,2.405,0.571,0.00
15.69159,2.405,0.571,0.00
15.70175,2.841,0.580,0.00
15.71199,2.841,0.580,0.00
15.72215,3.311,0.585,0.00
15.73229,3.311,0.585,0.00
15.74245,3.813,0.590,0.00
15.75259,3.813,0.590,0.00
15.76272,4.346,0.594,0.00
15.77287,4.346,0.594,0.00
15.78300,4.909,0.607,0.00
15.79315,4.909,0.607,0.00
15.80329,5.495,0.619,0.00
15.81344,5.495,0.636,0.00
15.82357,6.107,0.636,0.00
15.83369,6.759,0.636,0.00
15.84382,6.759,0.650,0.00
15.85396,7.403,0.650,0.00
15.86410,7.403,0.661,0.00
15.87425,8.032,0.661,0.00
15.88439,8.032,0.667,0.00
15.89650,8.032,0.667,0.00
15.90677,8.662,0.671,0.00
15.91710,9.265,0.671,0.00
15.92724,9.265,0.666,0.00
15.93740,9.265,0.659,0.00
15.94754,9.831,0.659,0.00
15.96813,10.373,0.652,0.00
15.97830,10.867,0.644,0.00
15.98845,10.867,0.644,0.00
16.00022,10.867,0.644,12.00
16.01040,11.308,0.640,12.00
16.02057,11.662,0.640,12.00
16.03420,11.923,0.640,12.00
16.04438,11.923,0.634,12.00
16.05453,11.923,0.634,12.00
16.06475,12.135,0.633,12.00
16.07494,12.328,0.633,12.00
16.08508,12.328,0.632,12.00
16.09722,12.458,0.632,12.00
16.10740,12.458,0.625,12.00
16.11858,12.497,0.619,12.00
16.14426,12.497,0.619,12.00
16.15443,12.462,0.579,12.00
16.17648,12.356,0.410,12.00
16.18766,12.177,0.410,12.00
16.20807,12.177,0.410,12.50
16.21827,11.677,0.113,12.50
16.24012,11.677,0.113,12.50
16.25031,11.358,-0.014,12.50
16.27280,10.971,-0.118,12.50
16.28306,10.514,-0.210,12.50
16.29336,10.514,-0.210,12.50
16.30448,10.514,-0.305,12.50
16.31490,9.982,-0.305,12.50
16.32506,9.390,-0.354,12.50
16.33825,9.390,-0.412,12.50
16.34842,8.721,-0.412,12.50
16.35859,8.066,-0.489,12.50
16.36896,8.066,-0.489,12.50
16.37949,7.305,-0.528,12.50
16.38978,7.305,-0.528,12.50
16.40089,6.565,-0.618,12.50
16.41106,6.565,-0.618,12.50
16.42124,5.836,-0.685,12.50
16.43327,5.836,-0.685,12.50
16.44346,5.089,-0.818,12.50
16.45362,5.089,-0.971,12.50
16.46669,4.340,-0.971,13.00
16.47686,3.658,-0.971,13.00
16.48700,3.658,-1.125,13.00
16.51217,3.658,-1.125,13.00
16.52235,2.474,-1.499,13.00
16.54491,1.944,-1.708,13.00
16.55527,1.456,-1.927,13.00
16.57705,1.005,-1.927,13.50
16.58723,1.005,-2.139,13.50
16.60852,0.577,-2.374,13.50
16.61934,0.197,-2.584,13.50
16.64193,-0.124,-2.827,13.50
16.65297,-0.391,-2.827,13.50
16.66311,-0.391,-3.056,13.50
16.67347,-0.391,-3.056,14.00
16.68363,-0.627,-3.307,14.00
16.69381,-0.811,-3.307,14.00
16.70467,-0.811,-3.548,14.00
16.71515,-0.811,-3.760,14.00
16.72541,-0.911,-3.760,14.00
16.73628,-0.911,-3.760,14.50
16.74646,-0.956,-3.986,14.50
16.75671,-0.936,-4.181,14.50
16.76707,-0.936,-4.181,14.50
16.78428,-0.936,-4.181,14.50
16.79445,-0.879,-4.355,14.50
16.81698,-0.767,-4.654,15.00
16.82728,-0.767,-4.654,15.00
16.84842,-0.705,-4.804,15.50
16.85873,-0.637,-4.895,15.50
16.88043,-0.637,-4.962,15.50
16.89067,-0.589,-4.962,15.50
16.90090,-0.557,-5.005,16.00
16.91301,-0.533,-5.013,16.00
16.92320,-0.533,-5.013,16.00
16.93354,-0.533,-5.013,16.00
16.94536,-0.510,-5.014,16.50
16.95553,-0.475,-4.988,16.50
16.96568,-0.475,-4.988,16.50
16.97682,-0.475,-4.950,17.00
16.98745,-0.436,-4.950,17.00
16.99759,-0.403,-4.877,17.00
17.00858,-0.403,-4.877,17.00
17.01877,-0.379,-4.802,17.00
17.03071,-0.379,-4.802,17.00
17.04119,-0.369,-4.708,17.50
17.05168,-0.369,-4.708,17.50
17.06201,-0.367,-4.603,17.50
17.07340,-0.371,-4.471,18.00
17.08375,-0.371,-4.471,18.00
17.09392,-0.371,-4.471,18.00
17.12202,-0.399,-4.140,18.00
17.13283,-0.399,-4.140,18.00
17.15495,-0.434,-3.611,18.50
17.16512,-0.484,-3.611,18.50
17.18416,-0.484,-3.611,18.50
17.19433,-0.555,-2.918,18.50
17.20448,-0.643,-2.918,18.50
17.21781,-0.730,-2.512,19.00
17.22796,-0.730,-2.512,19.00
17.23811,-0.826,-2.070,19.00
17.24898,-0.826,-2.070,19.00
17.25924,-0.904,-1.637,19.00
17.27016,-0.904,-1.637,19.00
17.28147,-0.904,-1.158,19.50
17.29188,-1.034,-1.158,19.50
17.30208,-1.034,-0.739,19.50
17.31276,-1.034,-0.739,19.50
17.32309,-1.095,-0.216,19.50
17.33323,-1.095,-0.216,19.50
17.34431,-1.155,0.282,20.00
17.35448,-1.155,0.282,20.00
17.36478,-1.199,0.718,20.00
17.37625,-1.199,0.718,20.00
17.38643,-1.243,1.293,20.00
17.39659,-1.276,1.795,20.00
17.40675,-1.276,1.795,20.00
17.42445,-1.276,2.427,20.00
17.43490,-1.293,2.957,20.00
17.45732,-1.308,3.589,20.00
17.46748,-1.308,3.589,20.00
17.48871,-1.308,4.278,20.50
17.49887,-1.309,4.824,20.50
17.50908,-1.309,4.824,20.50
17.52141,-1.309,5.446,20.50
17.53159,-1.289,5.446,20.50
17.54174,-1.260,5.965,20.50
17.55271,-1.260,5.965,20.50
17.56292,-1.226,6.514,20.50
17.57336,-1.226,6.514,20.50
17.58532,-1.206,7.101,20.50
17.59550,-1.173,7.585,20.50
17.60566,-1.173,7.585,20.50
17.61731,-1.134,8.171,20.50
17.62884,-1.134,8.171,20.50
17.63899,-1.092,8.628,20.50
17.66485,-1.057,9.311,20.50
17.67503,-1.035,9.311,20.50
17.69720,-1.007,10.451,20.50
17.70737,-1.007,10.451,20.50
17.72936,-0.984,11.110,21.00
17.73969,-0.955,11.646,21.00
17.76039,-0.923,11.646,21.00
17.77127,-0.923,12.353,21.00
17.79390,-0.908,13.577,21.00
17.80407,-0.883,13.577,21.00
17.81422,-0.883,13.577,21.00
17.82477,-0.873,14.314,21.00
17.83508,-0.873,14.812,21.00
17.84543,-0.882,14.812,21.00
17.85640,-0.887,14.812,21.00
17.86681,-0.887,15.439,21.00
17.87699,-0.898,15.909,21.00
17.88848,-0.898,15.909,21.00
17.89868,-0.913,16.407,21.00
17.90881,-0.913,16.407,21.00
17.92038,-0.929,16.866,21.00
17.93053,-0.929,16.866,21.00
17.94071,-0.933,17.184,21.00
17.95332,-0.933,17.184,21.00
17.96347,-0.942,17.659,21.00
17.97363,-0.942,17.659,21.00
18.00115,-0.977,18.385,21.00
18.01227,-0.977,18.385,21.00
18.03223,-0.982,18.739,21.00
18.04283,-0.983,19.004,21.00
18.06520,-0.989,19.451,21.00
18.07560,-0.993,19.687,21.00
18.09606,-0.993,19.687,21.00
18.10619,-0.989,20.058,21.00
18.11635,-0.993,20.058,21.00
18.12827,-0.993,20.368,21.00
18.13888,-1.003,20.657,21.00
18.14908,-1.003,20.657,21.00
18.16036,-1.005,20.657,21.00
18.17056,-1.005,21.107,21.00
18.18081,-0.998,21.359,21.00
18.19451,-0.998,21.359,21.00
18.20471,-0.989,21.731,21.00
18.21487,-0.989,22.061,21.00
18.22508,-0.982,22.061,0.00
18.23524,-0.982,22.300,0.00
18.24560,-0.965,22.300,0.00
18.25581,-0.965,22.300,0.00
18.26592,-0.957,22.701,0.00
18.27607,-0.931,22.701,0.00
18.28621,-0.931,22.893,0.00
18.29635,-0.908,22.893,0.00
18.30650,-0.908,23.292,0.00
18.31742,-0.893,23.607,0.00
18.32757,-0.893,23.607,0.00
18.33773,-0.893,23.607,0.00
18.34789,-0.885,23.857,0.00
18.35805,-0.873,24.262,0.00
18.36821,-0.873,24.262,0.00
18.37835,-0.873,24.262,0.00
18.38850,-0.873,24.262,0.00
18.39866,-0.868,24.452,0.00
18.40887,-0.868,24.452,0.00
18.41903,-0.881,24.880,0.00
18.42930,-0.881,24.880,0.00
18.43947,-0.873,25.092,0.00
18.44963,-0.873,25.092,0.00
18.45978,-0.899,25.334,0.00
18.46997,-0.899,25.334,0.00
18.48082,-0.983,25.683,0.00
18.49097,-0.983,25.683,0.00
18.50121,-1.063,25.999,0.00
18.51227,-1.063,25.999,0.00
18.52256,-1.154,26.386,0.00
18.53276,-1.154,26.386,0.00
18.54291,-1.264,26.664,0.00
18.55306,-1.430,26.827,0.00
18.56323,-1.430,26.827,0.00
18.57340,-1.564,26.772,0.00
18.58357,-1.564,26.772,0.00
18.59373,-1.564,26.772,0.00
18.60395,-1.568,26.187,0.00
18.61412,-1.584,24.756,0.00
18.62441,-1.584,24.756,0.00
18.63473,-1.682,23.799,0.00
18.64508,-1.682,23.799,0.00
18.65538,-1.723,22.491,0.00
18.66568,-1.723,22.491,0.00
18.67597,-1.690,20.802,0.00
18.68628,-1.690,20.802,0.00
18.69672,-1.648,18.040,0.00
18.70689,-1.648,18.040,0.00
18.71720,-1.648,15.146,0.00
18.72749,-1.648,15.146,0.00
18.73780,-1.652,12.688,0.00
18.74809,-1.652,12.688,0.00
18.75826,-1.652,9.593,0.00
18.76845,-1.625,9.593,0.00
18.77872,-1.565,5.726,0.00
18.78888,-1.565,5.726,0.00
18.79927,-1.523,0.921,0.00
18.80961,-1.523,0.921,0.00
18.81995,-1.437,-2.497,0.00
18.83031,-1.437,-2.497,0.00
18.84071,-1.317,-5.480,0.00
18.85086,-1.317,-5.480,0.00
18.86125,-1.317,-7.000,0.00
18.87162,-1.093,-7.000,0.00
18.88192,-0.828,-6.072,0.00
18.89223,-0.828,-6.072,0.00
18.90259,-0.663,-3.565,0.00
18.91292,-0.663,-0.625,0.00
18.92325,-0.560,-0.625,0.00
18.93358,-0.560,1.348,0.00
18.94391,-0.445,1.348,0.00
18.95425,-0.445,3.134,0.00
18.96456,-0.347,3.134,0.00
18.97489,-0.347,2.524,0.00
18.98520,-0.271,2.524,0.00
18.99564,-0.271,0.232,0.00
19.00593,-0.256,0.232,0.00
19.01629,-0.256,-1.502,0.00
19.02662,-0.296,-1.502,0.00
19.03699,-0.296,-1.926,0.00
19.04730,-0.276,-1.926,0.00
19.05762,-0.196,-2.082,0.00
19.06793,-0.196,-2.082,0.00
19.07827,-0.092,-2.797,0.00
19.08871,-0.092,-2.797,0.00
19.09893,0.007,-3.321,0.00
19.10932,0.007,-3.321,0.00
19.11961,0.103,-3.859,0.00
19.13002,0.103,-3.859,0.00
19.14018,0.176,-4.375,0.00
19.15054,0.176,-4.375,0.00
19.16094,0.223,-4.805,0.00
19.17126,0.223,-4.805,0.00
19.18157,0.227,-5.032,0.00
19.19190,0.227,-5.032,0.00
19.20225,0.204,-5.026,0.00
19.21257,0.204,-4.865,0.00
19.22290,0.179,-4.865,0.00
19.23840,0.179,-4.865,0.00
19.24905,0.163,-4.865,0.00
19.26043,0.161,-4.338,0.00
19.27658,0.161,-4.338,0.00
19.29328,0.159,-3.900,0.00
19.30389,0.159,-3.900,0.00
19.32052,0.099,-2.979,0.00
19.33127,0.099,-2.979,0.00
19.34250,0.061,-2.979,0.00
19.35310,0.061,-2.511,0.00
19.36374,0.061,-2.511,0.00
19.37447,0.017,-2.511,0.00
19.38509,0.017,-2.511,0.00
19.39572,-0.001,-2.511,0.00
19.40634,0.012,-2.511,0.00
19.41699,0.012,-2.511,0.00
19.42761,0.019,-2.511,0.00
19.44296,0.005,-2.511,0.00
19.45372,0.005,0.621,0.00
19.46982,-0.036,1.087,0.00
19.49023,-0.088,1.087,0.00
19.50565,-0.156,1.065,0.00
19.51628,-0.156,1.065,0.00
19.53288,-0.213,0.403,0.00
19.54846,-0.229,0.403,0.00
19.56026,-0.229,-0.478,0.00
19.57071,-0.203,-0.478,0.00
19.59235,-0.148,-0.823,0.00
19.60267,-0.090,-0.823,0.00
19.61870,-0.090,-1.146,0.00
19.62944,-0.090,-1.490,0.00
19.64487,-0.090,-1.751,0.00
19.65615,0.074,-1.926,0.00
19.66631,0.074,-1.926,0.00
19.68095,0.124,-1.926,0.00
19.69181,0.124,-2.004,0.00
19.70776,0.170,-2.004,0.00
19.71791,0.222,-2.004,0.00
19.72872,0.222,-1.961,0.00
19.73959,0.283,-1.875,0.00
19.75031,0.283,-1.875,0.00
19.76629,0.342,-1.743,0.00
19.78795,0.388,-1.538,0.00
19.79869,0.388,-1.538,0.00
19.82024,0.435,-1.538,0.00
19.83594,0.468,-0.824,0.00
19.84672,0.477,-0.824,0.00
19.85778,0.497,-0.542,0.00
19.87289,0.497,-0.542,0.00
19.88363,0.497,-0.542,0.00
19.90603,0.547,0.061,0.00
19.92081,0.560,0.359,0.00
19.93744,0.564,0.359,0.00
19.94789,0.564,0.598,0.00
19.95830,0.559,0.598,0.00
19.96923,0.559,0.697,0.00
19.98510,0.560,0.675,0.00
19.99569,0.560,0.675,0.00
20.00588,0.560,0.555,0.00
20.01719,0.553,0.555,0.00
20.03578,0.553,0.393,0.00
20.04753,0.543,0.219,0.00
20.06305,0.543,0.219,0.00
20.07435,0.518,-0.084,0.00
20.08973,0.518,-0.084,0.00
20.10076,0.518,-0.205,0.00
20.12130,0.497,-0.205,0.00
20.13239,0.481,-0.299,0.00
20.14816,0.460,-0.299,0.00
20.15920,0.460,-0.296,0.00
20.16993,0.439,-0.296,0.00
20.18570,0.417,-0.269,0.00
20.20622,0.397,-0.269,0.00
20.21813,0.397,-0.219,0.00
20.28934,0.397,-0.155,0.00
20.29999,0.286,0.284,0.00
20.36619,0.286,0.284,0.00
20.37644,0.188,0.619,0.00
20.38661,-0.009,1.200,0.00
20.39677,-0.040,1.183,0.00
20.40691,-0.040,1.183,0.00
20.41748,-0.056,1.112,0.00
20.42763,-0.056,1.112,0.00
20.43779,-0.062,1.021,0.00
20.44794,-0.062,1.021,0.00
20.45809,-0.084,0.919,0.00
20.46840,-0.084,0.919,0.00
20.47856,-0.106,0.816,0.00
20.48879,-0.106,0.816,0.00
20.49895,-0.120,0.716,0.00
20.50917,-0.120,0.716,0.00
20.51934,-0.134,0.621,0.00
20.52951,-0.134,0.621,0.00
20.53967,-0.150,0.544,0.00
20.54990,-0.150,0.544,0.00
20.56007,-0.159,0.487,0.00
20.57076,-0.159,0.487,0.00
20.58140,-0.168,0.453,0.00
20.59244,-0.168,0.453,0.00
20.60296,-0.186,0.449,0.00
20.61324,-0.186,0.449,0.00
20.62338,-0.208,0.476,0.00
20.63355,-0.208,0.476,0.00
20.64372,-0.229,0.521,0.00
20.65389,-0.229,0.521,0.00
20.66406,-0.212,0.580,0.00
20.67423,-0.230,0.580,0.00
20.68440,-0.230,0.642,0.00
20.69457,-0.242,0.703,0.00
20.70474,-0.242,0.703,0.00
20.71491,-0.250,0.750,0.00
20.72508,-0.250,0.750,0.00
20.73524,-0.261,0.778,0.00
20.74541,-0.261,0.778,0.00
20.75558,-0.268,0.776,0.00
20.76575,-0.268,0.776,0.00
20.77594,-0.268,0.752,0.00
20.78610,-0.273,0.752,0.00
20.79627,-0.273,0.714,0.00
20.80644,-0.268,0.714,0.00
20.81684,-0.268,0.714,0.00
20.82701,-0.253,0.677,0.00
20.83717,-0.229,0.637,0.00
20.84734,-0.229,0.637,0.00
20.85751,-0.210,0.598,0.00
20.86768,-0.210,0.598,0.00
20.87785,-0.197,0.567,0.00
20.88800,-0.197,0.567,0.00
20.89823,-0.191,0.542,0.00
20.90843,-0.191,0.542,0.00
20.91859,-0.187,0.527,0.00
20.92876,-0.187,0.527,0.00
20.93903,-0.180,0.525,0.00
20.94919,-0.180,0.525,0.00
20.95936,-0.170,0.533,0.00
20.96952,-0.170,0.533,0.00
20.97990,-0.158,0.550,0.00
20.99007,-0.158,0.550,0.00
21.00022,-0.145,0.572,0.00
21.01071,-0.145,0.572,0.00
21.02092,-0.136,0.599,0.00
21.03115,-0.136,0.599,0.00
21.04134,-0.110,0.624,0.00
21.05151,-0.110,0.624,0.00
21.06173,-0.087,0.644,0.00
21.07195,-0.087,0.644,0.00
21.08225,-0.081,0.655,0.00
21.09246,-0.081,0.655,0.00
21.10262,-0.071,0.657,0.00
21.11280,-0.071,0.657,0.00
21.12297,-0.066,0.648,0.00
21.13314,-0.066,0.632,0.00
21.14331,-0.062,0.632,0.00
21.15348,-0.062,0.632,0.00
21.16365,-0.055,0.616,0.00
21.17392,-0.055,0.601,0.00
21.18420,-0.048,0.601,0.00
21.19436,-0.048,0.601,0.00
21.20454,-0.041,0.588,0.00
21.21481,-0.041,0.588,0.00
21.22492,-0.044,0.583,0.00
21.23508,-0.044,0.583,0.00
21.24524,-0.055,0.586,0.00
21.25573,-0.055,0.586,0.00
21.26595,-0.069,0.588,0.00
21.27670,-0.076,0.588,0.00
21.28687,-0.076,0.593,0.00
21.29706,-0.076,0.593,0.00
21.30736,-0.076,0.593,0.00
21.31752,-0.040,0.621,0.00
21.32768,-0.040,0.621,0.00
21.33784,-0.022,0.634,0.00
21.34801,-0.022,0.634,0.00
21.35818,-0.022,0.634,0.00
21.36835,0.004,0.644,0.00
21.37851,0.024,0.655,0.00
21.38873,0.024,0.655,0.00
21.39903,0.029,0.661,0.00
21.40925,0.029,0.661,0.00
21.41940,0.005,0.661,0.00
21.42961,0.005,0.661,0.00
21.43982,-0.047,0.657,0.00
21.45004,-0.047,0.657,0.00
21.46021,-0.125,0.650,0.00
21.47090,-0.125,0.650,0.00
21.48108,-0.220,0.637,0.00
21.49180,-0.220,0.637,0.00
21.50197,-0.334,0.627,0.00
21.51258,-0.334,0.627,0.00
21.52276,-0.446,0.615,0.00
21.53299,-0.446,0.615,0.00
21.54316,-0.546,0.603,0.00
21.55332,-0.635,0.603,0.00
21.56349,-0.635,0.593,0.00
21.57371,-0.635,0.593,0.00
21.58392,-0.713,0.590,0.00
21.59409,-0.774,0.590,0.00
21.60426,-0.774,0.591,0.00
21.61443,-0.774,0.591,0.00
21.62473,-0.798,0.591,0.00
21.63489,-0.798,0.591,0.00
21.64506,-0.784,0.587,0.00
21.65523,-0.784,0.585,0.00
21.66540,-0.724,0.585,0.00
21.67557,-0.724,0.585,0.00
21.68587,-0.608,0.585,0.00
21.69604,-0.446,0.581,0.00
21.70623,-0.446,0.581,0.00
21.71640,-0.249,0.576,0.00
21.72657,-0.249,0.576,0.00
21.73675,-0.058,0.569,0.00
21.74692,-0.058,0.569,0.00
21.75723,0.155,0.558,0.00
21.76755,0.155,0.558,0.00
21.77784,0.422,0.548,0.00
21.78815,0.422,0.548,0.00
21.79831,0.724,0.548,0.00
21.80849,0.724,0.542,0.00
21.81865,1.065,0.535,0.00
21.82943,1.065,0.535,0.00
21.83952,1.420,0.535,0.00
21.85002,1.420,0.525,0.00
21.86032,1.878,0.525,0.00
21.87077,1.878,0.513,0.00
21.88116,2.366,0.513,0.00
21.89132,2.366,0.505,0.00
21.90161,2.923,0.498,0.00
21.91176,2.923,0.498,0.00
21.92193,3.624,0.491,0.00
21.93209,3.624,0.491,0.00
21.94224,4.481,0.486,0.00
21.95239,4.481,0.486,0.00
21.96256,5.418,0.483,0.00
21.97280,5.418,0.483,0.00
21.98302,6.393,0.489,0.00
21.99319,6.393,0.489,0.00
22.00334,7.427,0.499,0.00
22.01350,7.427,0.499,0.00
22.02371,8.535,0.514,0.00
22.03388,8.535,0.514,0.00
22.04405,9.697,0.541,0.00
22.05426,9.697,0.541,0.00
22.06583,10.891,0.575,0.00
22.07594,12.098,0.575,0.00
22.08626,12.098,0.619,0.00
22.11293,13.296,0.663,12.00
22.12310,14.531,0.709,12.00
22.14496,15.756,0.757,12.00
22.15513,16.919,0.757,12.00
22.17648,16.919,0.846,12.00
22.18663,18.034,0.846,12.00
22.20928,19.088,0.887,12.00
22.22050,20.031,0.915,12.00
22.24011,20.031,0.915,12.00
22.25027,20.843,0.933,12.00
22.26043,21.528,0.958,12.00
22.27412,21.528,0.958,12.00
22.28431,22.071,0.933,12.00
22.29518,22.071,0.933,12.00
22.30545,22.427,0.765,12.50
22.31729,22.427,0.765,12.50
22.32747,22.578,0.535,12.50
22.33827,22.578,0.535,12.50
22.34851,22.540,0.462,12.50
22.35884,22.352,0.294,12.50
22.36961,22.352,0.294,12.50
22.37986,21.963,0.155,12.50
22.39004,21.963,0.155,12.50
22.40040,21.360,0.001,12.50
22.41059,21.360,0.001,12.50
22.42148,20.586,-0.164,12.50
22.44883,19.682,-0.281,12.50
22.45900,18.647,-0.419,12.50
22.48096,17.433,-0.564,12.50
22.49210,17.433,-0.564,12.50
22.51447,16.027,-0.746,12.50
22.52579,14.522,-0.973,12.50
22.54487,13.014,-1.156,12.50
22.55504,11.512,-1.406,12.50
22.56521,11.512,-1.406,12.50
22.57650,11.512,-1.656,13.00
22.58677,9.995,-1.656,13.00
22.59693,8.496,-1.937,13.00
22.60870,8.496,-1.937,13.00
22.61875,7.104,-2.236,13.00
22.62919,7.104,-2.236,13.00
22.64049,7.104,-2.536,13.00
22.65085,5.818,-2.536,13.00
22.66115,4.579,-2.870,13.00
22.67238,4.579,-2.870,13.50
22.68287,3.373,-3.228,13.50
22.69320,2.158,-3.228,13.50
22.70458,2.158,-3.574,13.50
22.71480,0.996,-3.912,13.50
22.72496,0.996,-3.912,13.50
22.75278,-0.937,-4.230,13.50
22.76294,-0.937,-4.558,13.50
22.78434,-1.779,-4.558,14.00
22.79583,-2.499,-5.132,14.00
22.81612,-2.499,-5.132,14.00
22.82631,-3.175,-5.381,14.00
22.84835,-3.490,-5.623,14.50
22.85853,-3.423,-5.623,14.50
22.86873,-3.423,-5.796,14.50
22.88034,-3.423,-5.899,14.50
22.89172,-3.268,-5.899,14.50
22.90200,-3.111,-5.955,14.50
22.91224,-3.111,-5.955,15.00
22.92240,-2.940,-5.962,15.00
22.93254,-2.940,-5.962,15.00
22.94543,-2.750,-5.930,15.50
22.95560,-2.750,-5.839,15.50
22.96575,-2.547,-5.839,15.50
22.97819,-2.318,-5.712,15.50
22.98841,-2.318,-5.712,15.50
22.99855,-2.207,-5.502,15.50
23.02499,-2.207,-5.296,16.00
23.03531,-2.249,-5.031,16.00
23.05788,-2.430,-4.704,16.50
23.06798,-2.430,-4.704,16.50
23.08816,-2.430,-4.704,17.00
23.09861,-2.579,-3.973,17.00
23.12096,-2.579,-3.569,17.00
23.13121,-2.653,-3.569,17.00
23.15318,-2.900,-3.106,17.50
23.16335,-2.900,-2.651,17.50
23.17349,-3.037,-2.651,17.50
23.18435,-3.037,-2.171,18.00
23.19451,-3.037,-2.171,18.00
23.20470,-3.158,-1.699,18.00
23.21716,-3.158,-1.699,18.00
23.22734,-3.275,-1.283,18.00
23.23750,-3.354,-0.817,18.00
23.24904,-3.354,-0.817,18.50
23.25922,-3.419,-0.390,18.50
23.26936,-3.419,-0.390,18.50
23.28121,-3.455,0.065,18.50
23.29338,-3.455,0.065,18.50
23.30355,-3.508,0.543,18.50
23.31524,-3.508,0.543,19.00
23.32540,-3.548,0.977,19.00
23.33555,-3.604,1.526,19.00
23.36092,-3.642,1.989,19.00
23.37163,-3.642,1.989,19.00
23.39319,-3.731,3.182,19.50
23.40339,-3.731,3.182,19.50
23.42452,-3.763,3.182,19.50
23.43481,-3.763,3.787,19.50
23.45637,-3.778,5.115,20.00
23.46667,-3.788,5.115,20.00
23.47707,-3.789,5.115,20.00
23.48846,-3.789,5.841,20.00
23.49882,-3.771,6.639,20.00
23.51023,-3.771,6.639,20.00
23.52140,-3.739,7.290,20.00
23.53178,-3.739,7.290,20.00
23.54192,-3.687,8.034,20.00
23.55217,-3.687,8.034,20.00
23.56236,-3.619,8.611,20.00
23.57253,-3.619,8.611,20.00
23.58507,-3.554,9.289,20.50
23.59530,-3.497,9.873,20.50
23.60562,-3.497,9.873,20.50
23.61740,-3.465,10.404,20.50
23.62771,-3.465,10.404,20.50
23.63786,-3.442,10.979,20.50
23.66448,-3.442,11.499,20.50
23.67487,-3.415,12.055,20.50
23.69623,-3.380,12.055,20.50
23.70642,-3.380,12.478,20.50
23.72848,-3.380,12.914,20.50
23.73867,-3.341,13.351,20.50
23.76021,-3.320,13.351,20.50
23.77048,-3.320,13.641,20.50
23.78114,-3.304,14.066,20.50
23.79305,-3.279,14.368,20.50
23.80322,-3.279,14.368,20.50
23.81361,-3.279,14.756,20.50
23.82501,-3.260,14.756,21.00
23.83516,-3.248,14.756,21.00
23.84530,-3.248,15.139,21.00
23.85712,-3.252,15.398,21.00
23.86735,-3.252,15.398,21.00
23.87756,-3.261,15.398,21.00
23.88838,-3.261,15.846,21.00
23.89866,-3.273,16.162,21.00
23.90889,-3.273,16.162,21.00
23.92092,-3.273,16.545,21.00
23.93110,-3.285,16.545,21.00
23.94128,-3.285,16.545,21.00
23.96886,-3.335,17.285,21.00
23.97920,-3.365,17.841,21.00
24.00084,-3.378,18.187,21.00
24.01127,-3.378,18.187,21.00
24.03484,-3.378,18.594,21.00
24.04504,-3.403,19.007,21.00
24.06473,-3.407,19.292,21.00
24.07492,-3.407,19.729,21.00
24.09703,-3.428,19.961,21.00
24.10724,-3.428,19.961,21.00
24.11765,-3.445,20.284,21.00
24.12872,-3.445,20.284,21.00
24.13899,-3.442,20.620,21.00
24.14929,-3.442,20.620,21.00
24.16068,-3.427,20.786,21.00
24.17161,-3.427,20.786,21.00
24.18178,-3.416,21.146,21.00
24.19323,-3.398,21.323,21.00
24.20354,-3.398,21.323,21.00
24.21368,-3.398,21.639,21.00
24.22618,-3.406,21.639,21.00
24.23644,-3.406,21.876,21.00
24.24671,-3.397,21.876,21.00
24.25716,-3.381,22.003,21.00
24.26728,-3.381,22.003,21.00
24.27744,-3.355,22.284,21.00
24.30433,-3.336,22.284,21.00
24.31463,-3.336,22.430,21.00
24.32471,-3.320,22.731,0.00
24.33487,-3.320,22.731,0.00
24.34512,-3.320,22.731,0.00
24.35526,-3.293,22.937,0.00
24.36542,-3.263,23.108,0.00
24.37557,-3.232,23.448,0.00
24.38571,-3.232,23.448,0.00
24.39586,-3.232,23.448,0.00
24.40600,-3.236,23.607,0.00
24.41615,-3.258,23.971,0.00
24.42629,-3.258,23.971,0.00
24.43644,-3.280,24.201,0.00
24.44658,-3.280,24.201,0.00
24.45676,-3.285,24.201,0.00
24.46690,-3.285,24.483,0.00
24.47705,-3.283,24.877,0.00
24.48719,-3.283,24.877,0.00
24.49734,-3.287,25.092,0.00
24.50749,-3.287,25.092,0.00
24.51764,-3.306,25.494,0.00
24.52779,-3.306,25.494,0.00
24.53793,-3.325,25.668,0.00
24.54808,-3.325,25.668,0.00
24.55823,-3.362,25.856,0.00
24.56836,-3.362,25.856,0.00
24.57851,-3.402,26.132,0.00
24.58879,-3.402,26.132,0.00
24.59893,-3.472,26.425,0.00
24.60909,-3.472,26.425,0.00
24.61923,-3.543,26.779,0.00
24.62982,-3.543,26.779,0.00
24.64012,-3.636,26.991,0.00
24.65033,-3.636,26.991,0.00
24.66048,-3.679,27.079,0.00
24.67078,-3.679,27.079,0.00
24.68094,-3.615,26.925,0.00
24.69115,-3.615,26.925,0.00
24.70129,-3.530,26.001,0.00
24.71208,-3.530,26.001,0.00
24.72238,-3.578,24.973,0.00
24.73281,-3.578,24.973,0.00
24.74305,-3.617,24.169,0.00
24.75321,-3.617,24.169,0.00
24.76336,-3.515,22.964,0.00
24.77351,-3.515,22.964,0.00
24.78365,-3.385,21.089,0.00
24.79381,-3.385,21.089,0.00
24.80394,-3.370,19.031,0.00
24.81414,-3.370,19.031,0.00
24.82437,-3.477,17.226,0.00
24.83450,-3.477,17.226,0.00
24.84466,-3.469,15.129,0.00
24.85546,-3.469,15.129,0.00
24.86575,-3.294,12.333,0.00
24.87589,-3.294,8.724,0.00
24.88604,-3.105,8.724,0.00
24.89619,-3.059,6.109,0.00
24.90633,-3.059,6.109,0.00
24.91648,-3.059,3.560,0.00
24.92675,-3.049,3.560,0.00
24.93691,-2.983,0.323,0.00
24.94705,-2.983,0.323,0.00
24.95720,-2.887,-2.890,0.00
24.96735,-2.887,-2.890,0.00
24.97749,-2.826,-5.440,0.00
24.98764,-2.826,-5.440,0.00
24.99779,-2.748,-6.183,0.00
25.00793,-2.748,-6.183,0.00
25.01809,-2.612,-5.266,0.00
25.02824,-2.612,-5.266,0.00
25.03838,-2.472,-3.317,0.00
25.04852,-2.472,-3.317,0.00
25.05883,-2.368,-0.529,0.00
25.06970,-2.368,-0.529,0.00
25.07985,-2.266,2.162,0.00
25.09069,-2.266,2.162,0.00
25.10086,-2.178,3.721,0.00
25.11110,-2.178,3.721,0.00
25.12134,-2.116,2.708,0.00
25.13152,-2.116,2.708,0.00
25.14168,-2.084,1.175,0.00
25.15188,-2.084,1.175,0.00
25.16203,-2.048,-0.406,0.00
25.17218,-2.048,-0.406,0.00
25.18231,-1.934,-1.188,0.00
25.19249,-1.934,-1.188,0.00
25.20263,-1.768,-1.750,0.00
25.21278,-1.768,-1.750,0.00
25.22291,-1.597,-2.344,0.00
25.23334,-1.597,-2.344,0.00
25.24346,-1.448,-2.648,0.00
25.25369,-1.448,-2.648,0.00
25.26376,-1.351,-2.790,0.00
25.27392,-1.269,-2.790,0.00
25.28406,-1.269,-2.954,0.00
25.29420,-1.269,-2.954,0.00
25.30434,-1.229,-3.140,0.00
25.31448,-1.229,-3.140,0.00
25.33072,-1.225,-3.282,0.00
25.34651,-1.255,-3.327,0.00
25.35720,-1.255,-3.252,0.00
25.36768,-1.270,-3.252,0.00
25.37831,-1.270,-3.030,0.00
25.38942,-1.235,-3.030,0.00
25.40518,-1.189,-2.638,0.00
25.41579,-1.189,-2.084,0.00
25.42605,-1.162,-2.084,0.00
25.44208,-1.163,-1.360,0.00
25.45922,-1.163,-1.360,0.00
25.47962,-1.212,-0.691,0.00
25.51074,-1.212,0.750,0.00
25.52613,-1.246,1.562,0.00
25.53719,-1.271,1.562,0.00
25.54737,-1.271,1.975,0.00
25.55890,-1.271,1.975,0.00
25.57259,-1.299,1.833,0.00
25.60011,-1.365,0.967,0.00
25.61029,-1.365,0.967,0.00
25.62144,-1.365,0.967,0.00
25.63341,-1.380,0.550,0.00
25.64364,-1.367,0.550,0.00
25.65905,-1.333,-0.141,0.00
25.67010,-1.333,-0.141,0.00
25.68137,-1.293,-0.390,0.00
25.70764,-1.255,-0.551,0.00
25.71886,-1.232,-0.647,0.00
25.72906,-1.232,-0.647,0.00
25.74046,-1.225,-0.675,0.00
25.75144,-1.225,-0.675,0.00
25.76312,-1.224,-0.617,0.00
25.77334,-1.224,-0.617,0.00
25.78428,-1.228,-0.494,0.00
25.79450,-1.228,-0.494,0.00
25.80537,-1.228,-0.322,0.00
25.82080,-1.228,-0.322,0.00
25.83238,-1.226,-0.096,0.00
25.84839,-1.226,-0.096,0.00
25.85987,-1.241,0.472,0.00
25.87069,-1.241,0.472,0.00
25.88247,-1.262,0.472,0.00
25.89820,-1.282,1.107,0.00
25.90844,-1.282,1.107,0.00
25.91958,-1.304,1.107,0.00
25.93044,-1.304,1.355,0.00
25.94083,-1.326,1.355,0.00
25.95633,-1.326,1.439,0.00
25.96712,-1.359,1.369,0.00
25.98262,-1.359,1.369,0.00
25.99365,-1.417,1.186,0.00
26.00403,-1.417,0.971,0.00
26.01453,-1.438,0.971,0.00
26.02549,-1.438,0.760,0.00
26.03569,-1.438,0.760,0.00
26.05169,-1.450,0.578,0.00
26.06233,-1.461,0.578,0.00
26.07781,-1.461,0.431,0.00
26.08894,-1.479,0.310,0.00
26.10007,-1.496,0.246,0.00
26.11151,-1.496,0.246,0.00
26.12397,-1.511,0.226,0.00
26.13806,-1.528,0.226,0.00
26.14924,-1.528,0.246,0.00
26.16520,-1.532,0.299,0.00
26.17637,-1.532,0.299,0.00
26.18740,-1.534,0.385,0.00
26.20343,-1.551,0.497,0.00
26.21358,-1.551,0.497,0.00
26.22502,-1.551,0.497,0.00
26.23690,-1.570,0.623,0.00
26.25277,-1.588,0.761,0.00
26.26317,-1.605,0.761,0.00
26.27368,-1.615,0.865,0.00
26.28409,-1.615,0.936,0.00
26.29466,-1.625,0.936,0.00
26.31036,-1.625,0.966,0.00
26.32072,-1.625,0.966,0.00
26.38631,-1.672,0.712,0.00
26.39648,-1.683,0.603,0.00
26.46221,-1.718,0.436,0.00
26.47256,-1.718,0.423,0.00
26.48336,-0.425,0.038,0.00
26.49543,-0.425,0.038,0.00
26.50560,-0.429,0.046,0.00
26.51577,-0.429,0.070,0.00
26.52592,-0.437,0.070,0.00
26.53606,-0.437,0.104,0.00
26.54621,-0.451,0.104,0.00
26.55730,-0.466,0.149,0.00
26.56744,-0.466,0.149,0.00
26.57760,-0.466,0.185,0.00
26.58775,-0.484,0.185,0.00
26.59790,-0.498,0.213,0.00
26.60803,-0.498,0.213,0.00
26.61835,-0.508,0.237,0.00
26.62852,-0.508,0.237,0.00
26.63898,-0.513,0.250,0.00
26.64947,-0.513,0.250,0.00
26.65963,-0.513,0.245,0.00
26.67024,-0.513,0.245,0.00
26.68086,-0.507,0.228,0.00
26.69135,-0.507,0.228,0.00
26.70158,-0.497,0.198,0.00
26.71214,-0.497,0.198,0.00
26.72231,-0.487,0.159,0.00
26.73278,-0.487,0.122,0.00
26.74292,-0.477,0.122,0.00
26.75343,-0.477,0.122,0.00
26.76358,-0.473,0.090,0.00
26.77373,-0.473,0.069,0.00
26.78405,-0.469,0.069,0.00
26.79421,-0.469,0.069,0.00
26.80437,-0.465,0.058,0.00
26.81453,-0.465,0.058,0.00
26.82478,-0.452,0.058,0.00
26.83493,-0.452,0.058,0.00
26.84506,-0.438,0.064,0.00
26.85523,-0.438,0.064,0.00
26.86539,-0.432,0.078,0.00
26.87554,-0.434,0.098,0.00
26.88568,-0.434,0.098,0.00
26.89583,-0.436,0.124,0.00
26.90597,-0.436,0.124,0.00
26.91612,-0.431,0.145,0.00
26.92627,-0.431,0.145,0.00
26.93643,-0.420,0.164,0.00
26.94663,-0.420,0.164,0.00
26.95679,-0.405,0.176,0.00
26.96694,-0.405,0.176,0.00
26.97709,-0.395,0.182,0.00
26.98739,-0.395,0.182,0.00
26.99754,-0.395,0.182,0.00
27.00779,-0.396,0.182,0.00
27.01794,-0.402,0.178,0.00
27.02808,-0.402,0.178,0.00
27.03823,-0.409,0.173,0.00
27.04836,-0.409,0.173,0.00
27.05852,-0.410,0.169,0.00
27.06872,-0.410,0.169,0.00
27.07887,-0.406,0.170,0.00
27.08902,-0.406,0.170,0.00
27.09917,-0.407,0.174,0.00
27.10938,-0.407,0.174,0.00
27.11953,-0.405,0.181,0.00
27.13021,-0.405,0.181,0.00
27.14037,-0.395,0.192,0.00
27.15082,-0.395,0.192,0.00
27.16097,-0.379,0.208,0.00
27.17112,-0.379,0.208,0.00
27.18127,-0.366,0.223,0.00
27.19161,-0.366,0.223,0.00
27.20177,-0.354,0.236,0.00
27.21195,-0.354,0.236,0.00
27.22212,-0.347,0.248,0.00
27.23233,-0.347,0.248,0.00
27.24249,-0.343,0.256,0.00
27.25273,-0.343,0.256,0.00
27.26289,-0.337,0.261,0.00
27.27319,-0.337,0.261,0.00
27.28333,-0.331,0.264,0.00
27.29349,-0.331,0.264,0.00
27.30362,-0.324,0.265,0.00
27.31377,-0.324,0.265,0.00
27.32392,-0.313,0.260,0.00
27.33408,-0.313,0.260,0.00
27.34421,-0.301,0.260,0.00
27.35436,-0.290,0.261,0.00
27.36449,-0.290,0.261,0.00
27.37465,-0.290,0.263,0.00
27.38480,-0.280,0.263,0.00
27.39499,-0.280,0.263,0.00
27.40514,-0.271,0.267,0.00
27.41530,-0.263,0.267,0.00
27.42544,-0.263,0.273,0.00
27.43561,-0.258,0.273,0.00
27.44577,-0.258,0.279,0.00
27.45593,-0.257,0.287,0.00
27.46607,-0.257,0.287,0.00
27.47624,-0.257,0.295,0.00
27.48638,-0.257,0.295,0.00
27.49724,-0.245,0.301,0.00
27.50755,-0.245,0.301,0.00
27.51787,-0.245,0.305,0.00
27.52803,-0.245,0.305,0.00
27.53820,-0.256,0.306,0.00
27.54835,-0.256,0.306,0.00
27.55851,-0.268,0.307,0.00
27.56867,-0.268,0.307,0.00
27.57882,-0.278,0.307,0.00
27.58897,-0.278,0.307,0.00
27.59912,-0.279,0.308,0.00
27.60927,-0.279,0.308,0.00
27.61942,-0.276,0.305,0.00
27.62957,-0.276,0.305,0.00
27.63990,-0.271,0.304,0.00
27.65033,-0.271,0.304,0.00
27.66049,-0.272,0.299,0.00
27.67113,-0.272,0.299,0.00
27.68130,-0.283,0.300,0.00
27.69145,-0.283,0.300,0.00
27.70161,-0.287,0.300,0.00
27.71178,-0.287,0.300,0.00
27.72194,-0.293,0.300,0.00
27.73211,-0.293,0.300,0.00
27.74226,-0.294,0.302,0.00
27.75241,-0.296,0.302,0.00
27.76257,-0.296,0.304,0.00
27.77274,-0.296,0.304,0.00
27.78289,-0.301,0.302,0.00
27.79338,-0.301,0.302,0.00
27.80354,-0.304,0.301,0.00
27.81370,-0.304,0.301,0.00
27.82386,-0.307,0.301,0.00
27.83401,-0.307,0.301,0.00
27.84416,-0.301,0.300,0.00
27.85548,-0.301,0.300,0.00
27.86564,-0.297,0.293,0.00
27.87639,-0.291,0.286,0.00
27.88653,-0.291,0.286,0.00
27.89726,-0.285,0.279,0.00
27.90741,-0.285,0.279,0.00
27.91757,-0.284,0.274,0.00
27.92772,-0.284,0.274,0.00
27.93787,-0.285,0.265,0.00
27.94802,-0.285,0.265,0.00
27.95832,-0.284,0.261,0.00
27.96867,-0.284,0.261,0.00
27.97908,-0.271,0.256,0.00
27.98959,-0.271,0.256,0.00
27.99993,-0.249,0.253,0.00
28.01033,-0.249,0.253,0.00
28.02097,-0.247,0.253,0.00
28.03134,-0.247,0.253,0.00
28.04161,-0.257,0.253,0.00
28.05194,-0.279,0.253,0.00
28.06223,-0.279,0.255,0.00
28.07256,-0.307,0.255,0.00
28.08286,-0.307,0.257,0.00
28.09302,-0.307,0.257,0.00
28.10320,-0.336,0.259,0.00
28.11336,-0.336,0.259,0.00
28.12352,-0.371,0.258,0.00
28.13368,-0.371,0.255,0.00
28.14383,-0.382,0.255,0.00
28.15397,-0.382,0.255,0.00
28.16412,-0.362,0.255,0.00
28.17426,-0.326,0.250,0.00
28.18441,-0.326,0.250,0.00
28.19455,-0.277,0.245,0.00
28.20500,-0.277,0.245,0.00
28.21543,-0.195,0.242,0.00
28.22557,-0.195,0.242,0.00
28.23572,-0.087,0.244,0.00
28.24586,-0.087,0.244,0.00
28.25601,0.030,0.246,0.00
28.26615,0.030,0.246,0.00
28.27721,0.173,0.249,0.00
28.28736,0.173,0.249,0.00
28.29816,0.328,0.255,0.00
28.30830,0.328,0.255,0.00
28.31892,0.485,0.261,0.00
28.32906,0.485,0.261,0.00
28.33921,0.633,0.266,0.00
28.34937,0.633,0.266,0.00
28.35952,0.807,0.271,0.00
28.37050,0.807,0.271,0.00
28.38066,1.039,0.276,0.00
28.39086,1.039,0.276,0.00
28.40101,1.328,0.282,0.00
28.41171,1.328,0.282,0.00
28.42186,1.686,0.283,0.00
28.43285,1.686,0.283,0.00
28.44300,2.108,0.284,0.00
28.45357,2.108,0.284,0.00
28.46372,2.551,0.286,0.00
28.47388,2.551,0.286,0.00
28.48403,3.037,0.290,0.00
28.49420,3.568,0.302,0.00
28.50435,3.568,0.302,0.00
28.51451,4.132,0.324,0.00
28.52466,4.132,0.324,0.00
28.53539,4.132,0.324,0.00
28.54555,4.724,0.357,0.00
28.55569,5.385,0.395,0.00
28.56585,5.385,0.395,0.00
28.57600,6.088,0.434,0.00
28.58614,6.088,0.434,0.00
28.59628,6.803,0.476,0.00
28.60643,6.803,0.476,0.00
28.61688,7.534,0.517,0.00
28.62734,7.534,0.517,0.00
28.63753,8.271,0.544,0.00
28.64767,8.271,0.544,0.00
28.65785,9.007,0.559,0.00
28.66799,9.007,0.559,0.00
28.67815,9.738,0.568,0.00
28.68831,9.738,0.568,0.00
28.69847,9.738,0.568,0.00
28.72016,10.486,0.570,0.00
28.73034,11.241,0.570,0.00
28.75356,11.967,0.564,12.00
28.76372,12.652,0.559,12.00
28.78390,12.652,0.559,12.00
28.79410,13.305,0.553,12.00
28.81598,13.953,0.550,12.00
28.82616,14.586,0.551,12.00
28.83632,14.586,0.551,12.00
28.84802,14.586,0.557,12.00
28.85820,15.667,0.557,12.00
28.86837,15.667,0.566,12.00
28.88001,15.667,0.566,12.00
28.89017,16.068,0.576,12.00
28.90033,16.361,0.597,12.00
28.91276,16.520,0.602,12.00
28.92297,16.520,0.602,12.00
28.93312,16.520,0.602,12.00
28.94416,16.550,0.464,12.50
28.95434,16.550,0.464,12.50
28.96448,16.467,0.267,12.50
28.97626,16.467,0.267,12.50
28.98643,16.291,0.167,12.50
28.99658,16.291,0.167,12.50
29.02480,15.652,0.008,12.50
29.03494,15.138,-0.102,12.50
29.05850,14.510,-0.377,12.50
29.06886,14.510,-0.377,12.50
29.09206,13.799,-0.624,12.50
29.10220,13.021,-0.624,12.50
29.12090,12.154,-0.741,12.50
29.13119,12.154,-0.741,12.50
29.14148,11.190,-0.892,12.50
29.15249,11.190,-0.892,12.50
29.16288,10.159,-1.080,12.50
29.17303,10.159,-1.080,12.50
29.18425,10.159,-1.080,12.50
29.19445,9.218,-1.236,12.50
29.20473,8.110,-1.438,12.50
29.21627,8.110,-1.438,13.00
29.22641,7.030,-1.632,13.00
29.23744,5.983,-1.879,13.00
29.24832,5.983,-1.879,13.00
29.25866,4.980,-2.128,13.00
29.26892,4.980,-2.128,13.00
29.29679,3.998,-2.696,13.00
29.30704,3.061,-2.696,13.00
29.32870,2.190,-3.017,13.50
29.33921,1.368,-3.334,13.50
29.36180,0.563,-3.641,13.50
29.37223,0.563,-3.641,13.50
29.39193,-0.250,-3.944,13.50
29.40210,-0.250,-3.944,13.50
29.41267,-1.066,-4.250,13.50
29.42559,-1.383,-4.546,14.00
29.43596,-1.145,-4.858,14.00
29.44626,-1.145,-4.858,14.00
29.45686,-0.791,-5.121,14.00
29.46698,-0.791,-5.121,14.00
29.47744,-0.295,-5.416,14.00
29.48894,-0.295,-5.416,14.50
29.49939,0.217,-5.655,14.50
29.50966,0.217,-5.655,14.50
29.52048,0.635,-5.849,15.00
29.53085,0.635,-5.849,15.00
29.54120,0.896,-6.011,15.00
29.56855,0.896,-6.109,15.00
29.57967,1.325,-6.175,15.00
29.59981,1.325,-6.175,15.50
29.61013,1.359,-6.177,15.50
29.63251,1.322,-6.120,15.50
29.64281,1.283,-5.967,15.50
29.66424,1.246,-5.967,16.00
29.67448,1.202,-5.790,16.00
29.69643,1.132,-5.237,16.50
29.70659,1.132,-5.237,16.50
29.71716,1.132,-5.237,17.00
29.72824,1.041,-4.889,17.00
29.73859,0.957,-4.518,17.00
29.74888,0.957,-4.518,17.00
29.76049,0.865,-4.189,17.00
29.77106,0.865,-4.189,17.00
29.78124,0.818,-3.825,17.00
29.79329,0.818,-3.825,17.50
29.80348,0.737,-3.433,17.50
29.81394,0.576,-3.044,17.50
29.82468,0.576,-3.044,18.00
29.83490,0.576,-3.044,18.00
29.84505,0.474,-2.626,18.00
29.85652,0.392,-2.626,18.00
29.86685,0.392,-2.235,18.00
29.87720,0.338,-1.800,18.00
29.88920,0.338,-1.800,18.50
29.89938,0.277,-1.310,18.50
29.90965,0.277,-1.310,18.50
29.93604,0.277,-1.310,18.50
29.94620,0.054,-0.144,18.50
29.96787,-0.111,0.525,19.00
29.97814,-0.280,1.177,19.00
29.99985,-0.280,1.177,19.00
30.01016,-0.438,1.734,19.00
30.03471,-0.690,2.363,19.50
30.04487,-0.690,2.996,19.50
30.06393,-0.690,2.996,19.50
30.07411,-0.773,3.634,19.50
30.08425,-0.821,4.254,19.50
30.09739,-0.839,4.254,20.00
30.10756,-0.839,4.822,20.00
30.11791,-0.846,5.540,20.00
30.12844,-0.846,5.540,20.00
30.13879,-0.828,5.540,20.00
30.14910,-0.828,6.056,20.00
30.16001,-0.815,6.600,20.00
30.17023,-0.815,6.600,20.00
30.18038,-0.782,7.117,20.00
30.19205,-0.782,7.117,20.00
30.20225,-0.733,7.553,20.00
30.21241,-0.733,7.553,20.00
30.22414,-0.675,8.061,20.50
30.23433,-0.675,8.061,20.50
30.24447,-0.614,8.398,20.50
30.27279,-0.614,8.398,20.50
30.28306,-0.508,9.155,20.50
30.30393,-0.508,9.155,20.50
30.31411,-0.442,9.475,20.50
30.33653,-0.367,10.215,20.50
30.34686,-0.271,10.215,20.50
30.36891,-0.178,10.626,20.50
30.37889,-0.091,11.046,20.50
30.38905,-0.091,11.046,20.50
30.40055,-0.016,11.465,20.50
30.41097,-0.016,11.465,20.50
30.42135,0.055,12.027,20.50
30.43406,0.123,12.027,20.50
30.44423,0.123,12.488,20.50
30.45439,0.123,12.488,20.50
30.46456,0.178,13.153,21.00
30.47496,0.229,13.772,21.00
30.48525,0.229,13.772,21.00
30.49641,0.270,13.772,21.00
30.50672,0.270,14.295,21.00
30.51704,0.283,14.979,21.00
30.52937,0.283,14.979,21.00
30.53975,0.285,15.503,21.00
30.54986,0.285,15.503,21.00
30.57623,0.276,16.114,21.00
30.58642,0.276,16.663,21.00
30.60808,0.276,17.146,21.00
30.61826,0.244,17.776,21.00
30.64021,0.244,18.175,21.00
30.65043,0.229,18.175,21.00
30.67282,0.187,18.645,21.00
30.68313,0.187,19.039,21.00
30.70478,0.163,19.422,21.00
30.71505,0.150,19.902,21.00
30.72537,0.150,19.902,21.00
30.73623,0.150,20.190,21.00
30.74652,0.136,20.190,21.00
30.75668,0.136,20.190,21.00
30.76800,0.114,20.652,21.00
30.77822,0.102,21.031,21.00
30.78847,0.102,21.031,21.00
30.80020,0.102,21.346,21.00
30.81047,0.092,21.346,21.00
30.82070,0.083,21.777,21.00
30.83319,0.082,22.036,21.00
30.84336,0.082,22.036,21.00
30.85351,0.082,22.036,21.00
30.88011,0.107,22.475,21.00
30.89082,0.107,22.814,21.00
30.91439,0.160,23.163,21.00
30.92458,0.160,23.603,21.00
30.94379,0.160,23.603,21.00
30.95397,0.187,23.927,21.00
30.96421,0.213,24.356,0.00
30.97436,0.213,24.356,0.00
30.98451,0.254,24.682,0.00
30.99465,0.254,25.008,0.00
31.00481,0.291,25.008,0.00
31.01496,0.291,25.008,0.00
31.02512,0.347,25.406,0.00
31.03547,0.347,25.714,0.00
31.04561,0.395,25.714,0.00
31.05576,0.448,26.164,0.00
31.06591,0.448,26.164,0.00
31.07606,0.486,26.443,0.00
31.08621,0.486,26.443,0.00
31.09635,0.510,26.850,0.00
31.10650,0.510,26.850,0.00
31.11666,0.529,27.246,0.00
31.12681,0.529,27.246,0.00
31.13712,0.529,27.489,0.00
31.14728,0.539,27.489,0.00
31.15759,0.534,27.884,0.00
31.16794,0.534,27.884,0.00
31.17832,0.534,28.047,0.00
31.18867,0.526,28.047,0.00
31.19890,0.490,28.223,0.00
31.20907,0.490,28.223,0.00
31.21921,0.490,28.223,0.00
31.22936,0.457,28.479,0.00
31.23951,0.424,28.738,0.00
31.24970,0.424,28.738,0.00
31.25986,0.393,29.017,0.00
31.27004,0.393,29.017,0.00
31.28018,0.339,29.156,0.00
31.29030,0.339,29.156,0.00
31.30044,0.276,29.163,0.00
31.31060,0.276,29.163,0.00
31.32076,0.277,28.957,0.00
31.33093,0.277,28.957,0.00
31.34109,0.192,28.499,0.00
31.35122,0.192,28.499,0.00
31.36137,0.014,27.817,0.00
31.37153,0.014,27.817,0.00
31.38167,-0.141,27.109,0.00
31.39184,-0.141,27.109,0.00
31.40199,-0.234,26.026,0.00
31.41215,-0.335,24.181,0.00
31.42229,-0.335,24.181,0.00
31.43242,-0.335,24.181,0.00
31.44258,-0.525,22.621,0.00
31.45276,-0.525,22.621,0.00
31.46293,-0.727,21.012,0.00
31.47309,-0.727,21.012,0.00
31.48324,-0.823,18.942,0.00
31.49340,-0.823,18.942,0.00
31.50357,-0.850,15.969,0.00
31.51371,-0.850,15.969,0.00
31.52385,-0.899,13.254,0.00
31.53399,-0.899,13.254,0.00
31.54414,-0.990,11.122,0.00
31.55430,-1.068,8.826,0.00
31.56444,-1.068,8.826,0.00
31.57459,-1.068,8.826,0.00
31.58477,-1.027,5.739,0.00
31.59491,-0.997,2.279,0.00
31.60507,-0.997,2.279,0.00
31.61522,-1.015,-0.570,0.00
31.62537,-1.015,-0.570,0.00
31.63551,-1.076,-3.046,0.00
31.64570,-1.076,-3.046,0.00
31.65601,-1.102,-5.111,0.00
31.66617,-1.102,-5.111,0.00
31.67633,-1.102,-6.494,0.00
31.68664,-1.043,-6.494,0.00
31.69708,-1.043,-5.940,0.00
31.70738,-0.927,-5.940,0.00
31.71777,-0.824,-4.120,0.00
31.72808,-0.824,-4.120,0.00
31.73855,-0.824,-1.674,0.00
31.74906,-0.761,-1.674,0.00
31.75924,-0.758,0.542,0.00
31.76939,-0.758,0.542,0.00
31.77954,-0.791,2.303,0.00
31.78971,-0.791,2.303,0.00
31.79986,-0.841,2.812,0.00
31.80997,-0.841,2.812,0.00
31.82012,-0.890,1.259,0.00
31.83028,-0.890,1.259,0.00
31.84043,-0.908,-0.363,0.00
31.85058,-0.908,-0.363,0.00
31.86073,-0.849,-1.895,0.00
31.87093,-0.849,-1.895,0.00
31.88109,-0.712,-2.442,0.00
31.89123,-0.712,-2.442,0.00
31.90147,-0.523,-3.317,0.00
31.91169,-0.523,-3.317,0.00
31.92201,-0.322,-3.773,0.00
31.93229,-0.322,-3.773,0.00
31.94243,-0.157,-4.068,0.00
31.95281,-0.157,-4.068,0.00
31.96296,-0.040,-4.232,0.00
31.97855,-0.040,-4.232,0.00
31.99248,0.044,-4.274,0.00
32.00850,0.089,-4.274,0.00
32.01905,0.112,-4.108,0.00
32.03007,0.112,-3.700,0.00
32.04567,0.134,-3.120,0.00
32.06108,0.134,-3.120,0.00
32.07845,0.191,-1.839,0.00
32.08943,0.191,-1.839,0.00
32.10511,0.203,-1.278,0.00
32.11538,0.203,-1.278,0.00
32.12627,0.203,-0.636,0.00
32.13650,0.203,-0.636,0.00
32.15214,0.186,-0.200,0.00
32.16931,0.142,0.175,0.00
32.19685,0.026,0.441,0.00
32.21528,-0.015,0.651,0.00
32.23073,-0.015,0.651,0.00
32.24159,-0.015,0.607,0.00
32.25789,-0.042,0.216,0.00
32.26889,-0.071,0.216,0.00
32.28475,-0.103,-0.447,0.00
32.30053,-0.103,-0.680,0.00
32.32856,-0.135,-0.887,0.00
32.33938,-0.135,-0.995,0.00
32.35070,-0.152,-0.995,0.00
32.36604,-0.158,-0.995,0.00
32.38129,-0.160,-0.903,0.00
32.39156,-0.160,-0.903,0.00
32.40257,-0.164,-0.838,0.00
32.41341,-0.164,-0.838,0.00
32.43013,-0.164,-0.817,0.00
32.44030,-0.160,-0.791,0.00
32.46393,-0.143,-0.752,0.00
32.48056,-0.143,-0.752,0.00
32.50300,-0.143,-0.559,0.00
32.51356,-0.095,-0.559,0.00
32.52420,-0.095,-0.559,0.00
32.53485,-0.095,-0.559,0.00
32.54548,-0.084,-0.559,0.00
32.55616,-0.067,-0.559,0.00
32.56745,-0.043,-0.163,0.00
32.57768,-0.013,-0.163,0.00
32.59339,-0.013,-0.248,0.00
32.60385,0.013,-0.248,0.00
32.61450,0.013,-0.308,0.00
32.62472,0.037,-0.308,0.00
32.63673,0.037,-0.380,0.00
32.64740,0.065,-0.380,0.00
32.65818,0.065,-0.447,0.00
32.66875,0.065,-0.447,0.00
32.67920,0.087,-0.486,0.00
32.69969,0.101,-0.486,0.00
32.71544,0.114,-0.492,0.00
32.73135,0.128,-0.492,0.00
32.74797,0.136,-0.423,0.00
32.76365,0.147,-0.378,0.00
32.78556,0.160,-0.336,0.00
32.80124,0.155,-0.303,0.00
32.81225,0.155,-0.303,0.00
32.82374,0.157,-0.289,0.00
32.84020,0.155,-0.289,0.00
32.85123,0.155,-0.297,0.00
32.86158,0.147,-0.297,0.00
32.87288,0.147,-0.297,0.00
32.88637,0.147,-0.353,0.00
32.90849,0.112,-0.395,0.00
32.91889,0.096,-0.436,0.00
32.92965,0.096,-0.436,0.00
32.94014,0.096,-0.472,0.00
32.95131,0.078,-0.472,0.00
32.96733,0.053,-0.501,0.00
33.02768,0.053,-0.518,0.00
33.03793,-0.014,-0.518,0.00
33.10155,-0.030,-0.509,0.00
33.11183,-0.076,-0.537,0.00
33.12203,-0.159,-0.093,0.00
33.13217,-0.159,-0.122,0.00
33.14231,-0.180,-0.122,0.00
33.15274,-0.180,-0.148,0.00
33.16288,-0.202,-0.148,0.00
33.17403,-0.224,-0.169,0.00
33.18417,-0.224,-0.169,0.00
33.19433,-0.255,-0.182,0.00
33.20456,-0.255,-0.182,0.00
33.21471,-0.288,-0.182,0.00
33.22488,-0.288,-0.186,0.00
33.23503,-0.318,-0.186,0.00
33.24518,-0.318,-0.179,0.00
33.25532,-0.342,-0.179,0.00
33.26545,-0.342,-0.167,0.00
33.27586,-0.361,-0.167,0.00
33.28599,-0.361,-0.155,0.00
33.29614,-0.361,-0.155,0.00
33.30628,-0.382,-0.149,0.00
33.31722,-0.406,-0.151,0.00
33.32736,-0.406,-0.151,0.00
33.33755,-0.430,-0.160,0.00
33.34770,-0.430,-0.160,0.00
33.35786,-0.462,-0.171,0.00
33.36801,-0.462,-0.171,0.00
33.37816,-0.499,-0.185,0.00
33.38835,-0.499,-0.185,0.00
33.39850,-0.533,-0.197,0.00
33.40870,-0.533,-0.197,0.00
33.41885,-0.560,-0.203,0.00
33.42948,-0.560,-0.203,0.00
33.43964,-0.581,-0.200,0.00
33.45087,-0.581,-0.200,0.00
33.46102,-0.607,-0.192,0.00
33.47130,-0.607,-0.192,0.00
33.48146,-0.627,-0.178,0.00
33.49188,-0.627,-0.178,0.00
33.50205,-0.647,-0.164,0.00
33.51239,-0.647,-0.164,0.00
33.52254,-0.672,-0.152,0.00
33.53284,-0.685,-0.152,0.00
33.54298,-0.685,-0.149,0.00
33.55313,-0.690,-0.149,0.00
33.56326,-0.690,-0.149,0.00
33.57365,-0.697,-0.155,0.00
33.58378,-0.697,-0.155,0.00
33.59399,-0.697,-0.155,0.00
33.60413,-0.709,-0.161,0.00
33.61427,-0.709,-0.169,0.00
33.62440,-0.718,-0.169,0.00
33.63455,-0.718,-0.169,0.00
33.64470,-0.722,-0.177,0.00
33.65486,-0.719,-0.179,0.00
33.66500,-0.719,-0.179,0.00
33.67517,-0.719,-0.179,0.00
33.68621,-0.711,-0.179,0.00
33.69668,-0.709,-0.175,0.00
33.70702,-0.709,-0.175,0.00
33.71742,-0.704,-0.171,0.00
33.72780,-0.704,-0.171,0.00
33.73794,-0.704,-0.172,0.00
33.74808,-0.695,-0.172,0.00
33.75822,-0.695,-0.180,0.00
33.76902,-0.683,-0.180,0.00
33.77917,-0.670,-0.188,0.00
33.78942,-0.670,-0.188,0.00
33.79957,-0.654,-0.195,0.00
33.81003,-0.654,-0.195,0.00
33.82026,-0.642,-0.204,0.00
33.83052,-0.642,-0.204,0.00
33.84111,-0.631,-0.212,0.00
33.85135,-0.631,-0.212,0.00
33.86158,-0.616,-0.219,0.00
33.87181,-0.616,-0.219,0.00
33.88204,-0.600,-0.221,0.00
33.89259,-0.585,-0.223,0.00
33.90266,-0.585,-0.223,0.00
33.91298,-0.570,-0.223,0.00
33.92331,-0.570,-0.223,0.00
33.93348,-0.560,-0.223,0.00
33.94361,-0.560,-0.221,0.00
33.95377,-0.560,-0.221,0.00
33.96391,-0.556,-0.217,0.00
33.97410,-0.556,-0.217,0.00
33.98423,-0.543,-0.214,0.00
33.99439,-0.543,-0.214,0.00
34.00453,-0.513,-0.209,0.00
34.01468,-0.473,-0.206,0.00
34.02481,-0.473,-0.206,0.00
34.03495,-0.434,-0.204,0.00
34.04510,-0.434,-0.204,0.00
34.05524,-0.411,-0.203,0.00
34.06539,-0.411,-0.203,0.00
34.07564,-0.431,-0.203,0.00
34.08594,-0.431,-0.203,0.00
34.09631,-0.473,-0.204,0.00
34.10661,-0.473,-0.204,0.00
34.11752,-0.498,-0.201,0.00
34.12869,-0.498,-0.201,0.00
34.13874,-0.510,-0.201,0.00
34.14888,-0.510,-0.201,0.00
34.15905,-0.540,-0.198,0.00
34.16981,-0.540,-0.198,0.00
34.17997,-0.588,-0.197,0.00
34.19013,-0.588,-0.197,0.00
34.20034,-0.667,-0.197,0.00
34.21097,-0.667,-0.197,0.00
34.22112,-0.757,-0.194,0.00
34.23228,-0.757,-0.194,0.00
34.24246,-0.821,-0.192,0.00
34.25270,-0.821,-0.192,0.00
34.26274,-0.859,-0.192,0.00
34.27317,-0.859,-0.192,0.00
34.28351,-0.869,-0.189,0.00
34.29398,-0.869,-0.189,0.00
34.30415,-0.846,-0.184,0.00
34.31447,-0.846,-0.181,0.00
34.32471,-0.808,-0.181,0.00
34.33486,-0.808,-0.181,0.00
34.34501,-0.748,-0.183,0.00
34.35516,-0.676,-0.183,0.00
34.36530,-0.676,-0.191,0.00
34.37545,-0.676,-0.191,0.00
34.38559,-0.604,-0.200,0.00
34.39574,-0.558,-0.204,0.00
34.40587,-0.558,-0.204,0.00
34.41603,-0.532,-0.204,0.00
34.42620,-0.532,-0.207,0.00
34.43634,-0.532,-0.207,0.00
34.44649,-0.501,-0.208,0.00
34.45767,-0.501,-0.203,0.00
34.46810,-0.469,-0.203,0.00
34.47826,-0.469,-0.203,0.00
34.48853,-0.455,-0.197,0.00
34.49864,-0.440,-0.194,0.00
34.50889,-0.440,-0.194,0.00
34.51912,-0.400,-0.198,0.00
34.52933,-0.400,-0.198,0.00
34.53964,-0.317,-0.205,0.00
34.55041,-0.317,-0.205,0.00
34.56153,-0.154,-0.217,0.00
34.57198,-0.154,-0.217,0.00
34.58212,0.068,-0.232,0.00
34.59258,0.068,-0.232,0.00
34.60290,0.335,-0.249,0.00
34.61306,0.335,-0.249,0.00
34.62319,0.628,-0.268,0.00
34.63334,0.628,-0.268,0.00
34.64347,0.962,-0.279,0.00
34.65362,0.962,-0.283,0.00
34.66375,1.346,-0.283,0.00
34.67391,1.776,-0.282,0.00
34.68406,1.776,-0.282,0.00
34.69422,2.181,-0.282,0.00
34.70437,2.181,-0.278,0.00
34.71472,2.677,-0.278,0.00
34.72487,2.677,-0.272,0.00
34.73502,2.677,-0.272,0.00
34.74518,3.218,-0.267,0.00
34.75532,3.218,-0.259,0.00
34.76548,3.805,-0.259,0.00
34.77573,3.805,-0.249,0.00
34.78589,4.430,-0.249,0.00
34.79604,5.090,-0.249,0.00
34.80621,5.090,-0.249,0.00
34.81636,5.781,-0.249,0.00
34.82662,5.781,-0.249,0.00
34.83677,6.494,-0.252,0.00
34.84691,6.494,-0.252,0.00
34.85728,7.216,-0.250,0.00
34.86761,7.216,-0.250,0.00
34.87839,7.216,-0.250,0.00
34.88858,7.943,-0.239,0.00
34.89883,8.697,-0.223,0.00
34.90901,8.697,-0.223,0.00
34.91940,9.459,-0.208,0.00
34.92953,9.459,-0.208,0.00
34.93968,10.210,-0.199,0.00
34.95980,10.210,-0.199,0.00
34.96997,10.944,-0.195,0.00
34.99253,11.702,-0.193,12.00
35.00269,12.447,-0.193,12.00
35.02415,13.146,-0.193,12.00
35.03429,13.146,-0.196,12.00
35.05625,13.858,-0.203,12.00
35.06644,13.858,-0.210,12.00
35.07675,14.544,-0.218,12.00
35.08939,15.173,-0.218,12.00
35.09953,15.735,-0.229,12.00
35.10982,15.735,-0.229,12.00
35.12052,16.203,-0.244,12.00
35.13251,16.203,-0.244,12.00
35.14265,16.569,-0.254,12.00
35.15283,16.569,-0.288,12.00
35.16299,16.826,-0.288,12.00
35.17321,16.826,-0.288,12.00
35.18457,16.961,-0.480,12.50
35.19507,16.961,-0.480,12.50
35.20522,16.975,-0.666,12.50
35.21772,16.975,-0.759,12.50
35.22789,16.904,-0.759,12.50
35.23804,16.764,-0.876,12.50
35.26453,16.510,-0.876,12.50
35.27491,16.510,-1.098,12.50
35.29689,15.615,-1.194,12.50
35.30693,15.615,-1.194,12.50
35.32907,14.987,-1.251,12.50
35.33925,14.280,-1.308,12.50
35.35980,14.280,-1.308,12.50
35.36997,13.507,-1.350,12.50
35.39331,12.661,-1.415,12.50
35.40350,11.754,-1.493,12.50
35.42380,11.754,-1.584,12.50
35.43397,9.807,-1.584,12.50
35.44413,9.807,-1.752,12.50
35.45814,8.866,-1.961,13.00
35.46831,8.866,-1.961,13.00
35.47850,7.958,-2.215,13.00
35.48887,7.958,-2.215,13.00
35.49904,7.054,-2.513,13.00
35.50918,7.054,-2.513,13.00
35.52225,6.147,-2.841,13.00
35.53282,5.305,-2.841,13.00
35.54302,5.305,-3.217,13.00
35.56799,5.305,-3.217,13.50
35.57816,3.970,-3.935,13.50
35.60009,3.970,-3.935,13.50
35.61027,3.419,-4.284,13.50
35.63233,2.932,-4.652,13.50
35.64252,2.518,-4.984,13.50
35.66406,2.518,-5.270,14.00
35.67426,2.189,-5.270,14.00
35.69749,1.916,-5.797,14.00
35.70645,1.676,-5.797,14.00
35.71723,1.463,-6.013,14.00
35.72824,1.463,-6.013,14.50
35.73850,1.278,-6.197,14.50
35.74958,1.278,-6.197,14.50
35.76077,1.151,-6.323,14.50
35.77180,1.151,-6.323,14.50
35.78199,1.066,-6.403,14.50
35.79225,1.015,-6.403,15.00
35.80251,1.015,-6.405,15.00
35.81268,1.015,-6.405,15.00
35.82445,0.971,-6.353,15.50
35.83463,0.971,-6.353,15.50
35.84479,0.941,-6.237,15.50
35.87286,0.941,-6.237,15.50
35.88304,0.954,-5.837,15.50
35.90518,0.989,-5.585,16.00
35.91542,1.035,-5.252,16.00
35.93579,1.035,-5.252,16.50
35.94597,1.098,-4.895,16.50
35.96880,1.175,-4.487,17.00
35.97897,1.265,-4.043,17.00
36.00153,1.382,-3.644,17.00
36.01250,1.382,-3.644,17.00
36.03179,1.517,-3.185,17.50
36.04197,1.674,-2.734,17.50
36.05222,1.674,-2.734,17.50
36.06475,1.835,-2.301,18.00
36.07490,1.835,-1.836,18.00
36.08504,2.019,-1.836,18.00
36.09610,2.205,-1.836,18.00
36.10640,2.205,-1.434,18.00
36.11686,2.391,-1.434,18.00
36.12826,2.391,-0.945,18.50
36.13860,2.571,-0.552,18.50
36.14885,2.571,-0.552,18.50
36.15997,2.731,-0.107,18.50
36.17030,2.731,-0.107,18.50
36.18045,2.873,0.417,18.50
36.20908,2.873,0.417,19.00
36.21926,3.097,1.439,19.00
36.24042,3.177,1.976,19.00
36.25142,3.177,1.976,19.00
36.27208,3.233,2.573,19.50
36.28226,3.253,3.244,19.50
36.30426,3.253,3.244,19.50
36.31444,3.237,3.789,19.50
36.33610,3.203,4.428,20.00
36.34641,3.203,4.947,20.00
36.35685,3.147,5.601,20.00
36.36822,3.147,5.601,20.00
36.37854,3.084,6.160,20.00
36.38886,3.084,6.160,20.00
36.40026,3.005,6.703,20.00
36.41162,2.916,6.703,20.00
36.42201,2.916,7.288,20.00
36.43258,2.916,7.288,20.00
36.44419,2.825,7.811,20.00
36.45436,2.825,7.811,20.00
36.46480,2.726,8.408,20.50
36.47496,2.629,8.863,20.50
36.48540,2.629,8.863,20.50
36.51332,2.629,9.345,20.50
36.52352,2.456,9.839,20.50
36.54378,2.456,9.839,20.50
36.55395,2.393,10.268,20.50
36.57673,2.271,11.268,20.50
36.58690,2.271,11.268,20.50
36.60769,2.218,11.268,20.50
36.61825,2.172,12.407,20.50
36.62848,2.172,12.407,20.50
36.64056,2.145,12.866,20.50
36.65169,2.145,13.478,20.50
36.66184,2.122,13.478,20.50
36.67198,2.122,13.478,20.50
36.68214,2.104,14.000,20.50
36.69229,2.104,14.000,20.50
36.70411,2.077,14.621,21.00
36.71429,2.077,14.621,21.00
36.72442,2.055,15.233,21.00
36.73728,2.053,15.738,21.00
36.74751,2.053,15.738,21.00
36.75837,2.057,16.434,21.00
36.77199,2.075,16.434,21.00
36.78214,2.075,16.920,21.00
36.79227,2.092,17.482,21.00
36.81619,2.125,17.482,21.00
36.82647,2.125,18.000,21.00
36.84837,2.125,18.432,21.00
36.85953,2.201,18.966,21.00
36.87984,2.201,18.966,21.00
36.89003,2.237,19.382,21.00
36.91249,2.273,19.382,21.00
36.92314,2.318,20.448,21.00
36.94371,2.318,20.448,21.00
36.95388,2.353,20.835,21.00
36.96404,2.384,21.391,21.00
36.97734,2.417,21.775,21.00
36.98749,2.417,21.775,21.00
36.99763,2.443,22.284,21.00
37.00824,2.443,22.284,21.00
37.01842,2.466,22.678,21.00
37.02857,2.466,22.678,21.00
37.04081,2.466,23.113,21.00
37.05099,2.480,23.113,21.00
37.06125,2.493,23.630,21.00
37.07252,2.493,23.630,21.00
37.08271,2.512,24.045,21.00
37.09286,2.512,24.045,21.00
37.10487,2.532,24.523,21.00
37.11504,2.558,24.523,21.00
37.12518,2.558,24.931,21.00
37.15393,2.586,25.782,21.00
37.16409,2.586,25.782,21.00
37.18432,2.605,25.782,21.00
37.19449,2.617,26.093,21.00
37.20477,2.617,26.571,0.00
37.21511,2.628,26.571,0.00
37.22545,2.628,26.922,0.00
37.23580,2.631,27.353,0.00
37.24593,2.631,27.353,0.00
37.25607,2.650,27.818,0.00
37.26622,2.650,27.818,0.00
37.27637,2.664,28.122,0.00
37.28654,2.664,28.122,0.00
37.29670,2.660,28.590,0.00
37.30685,2.660,28.590,0.00
37.31701,2.639,28.879,0.00
37.32716,2.639,28.879,0.00
37.33731,2.609,29.262,0.00
37.34746,2.609,29.262,0.00
37.35761,2.575,29.608,0.00
37.36776,2.575,29.608,0.00
37.37791,2.517,29.866,0.00
37.38806,2.517,29.866,0.00
37.39821,2.451,30.303,0.00
37.40836,2.451,30.303,0.00
37.41850,2.388,30.437,0.00
37.42867,2.388,30.437,0.00
37.43882,2.307,30.512,0.00
37.44899,2.307,30.512,0.00
37.45913,2.190,30.589,0.00
37.46942,2.190,30.589,0.00
37.47957,2.050,30.676,0.00
37.48987,2.050,30.676,0.00
37.50002,1.928,30.748,0.00
37.51016,1.928,30.748,0.00
37.52030,1.795,30.748,0.00
37.53086,1.795,30.748,0.00
37.54099,1.621,30.560,0.00
37.55124,1.621,30.560,0.00
37.56140,1.467,30.106,0.00
37.57163,1.467,30.106,0.00
37.58187,1.369,29.325,0.00
37.59216,1.369,29.325,0.00
37.60238,1.326,28.391,0.00
37.61253,1.326,28.391,0.00
37.62276,1.200,27.455,0.00
37.63291,1.200,27.455,0.00
37.64305,1.074,26.247,0.00
37.65320,1.074,26.247,0.00
37.66334,1.037,24.516,0.00
37.67348,1.037,24.516,0.00
37.68363,1.074,21.957,0.00
37.69377,1.074,20.055,0.00
37.70419,1.072,20.055,0.00
37.71433,1.072,20.055,0.00
37.72447,1.015,17.601,0.00
37.73462,1.015,17.601,0.00
37.74478,1.007,15.292,0.00
37.75497,1.007,15.292,0.00
37.76513,1.073,12.248,0.00
37.77533,1.073,12.248,0.00
37.78548,1.172,9.156,0.00
37.79563,1.172,9.156,0.00
37.80578,1.230,6.688,0.00
37.81592,1.287,6.688,0.00
37.82606,1.287,4.035,0.00
37.83648,1.392,4.035,0.00
37.84663,1.392,1.262,0.00
37.85678,1.392,-1.631,0.00
37.86693,1.518,-1.631,0.00
37.87710,1.591,-3.851,0.00
37.88724,1.591,-3.851,0.00
37.89739,1.642,-5.773,0.00
37.90752,1.642,-5.773,0.00
37.91767,1.754,-6.160,0.00
37.92782,1.754,-6.160,0.00
37.93796,1.911,-4.933,0.00
37.94810,1.911,-4.933,0.00
37.95834,2.045,-2.698,0.00
37.96854,2.045,-2.698,0.00
37.97868,2.109,-0.277,0.00
37.98957,2.109,-0.277,0.00
37.99994,2.105,1.675,0.00
38.01019,2.105,1.675,0.00
38.02042,2.074,2.770,0.00
38.03067,2.074,2.770,0.00
38.04091,2.018,2.168,0.00
38.05111,2.018,2.168,0.00
38.06127,1.947,0.640,0.00
38.07143,1.947,0.640,0.00
38.08159,1.884,-0.706,0.00
38.09187,1.884,-0.706,0.00
38.10203,1.861,-1.414,0.00
38.11230,1.861,-1.414,0.00
38.12251,1.892,-2.063,0.00
38.13267,1.892,-2.063,0.00
38.14280,1.934,-2.648,0.00
38.15300,1.934,-2.648,0.00
38.16315,1.955,-2.921,0.00
38.17330,1.953,-3.063,0.00
38.18344,1.953,-3.063,0.00
38.19373,1.953,-3.063,0.00
38.20955,1.911,-3.113,0.00
38.22532,1.826,-3.071,0.00
38.23597,1.826,-2.841,0.00
38.24615,1.826,-2.841,0.00
38.25793,1.737,-2.841,0.00
38.26824,1.737,-2.841,0.00
38.28385,1.603,-1.889,0.00
38.29447,1.603,-1.889,0.00
38.30512,1.603,-1.319,0.00
38.31607,1.603,-1.319,0.00
38.32670,1.603,-0.689,0.00
38.33765,1.603,-0.689,0.00
38.34892,1.489,-0.134,0.00
38.36019,1.434,-0.134,0.00
38.37768,1.434,0.286,0.00
38.38929,1.380,0.665,0.00
38.40434,1.380,0.848,0.00
38.41493,1.380,0.628,0.00
38.43066,1.274,0.628,0.00
38.44305,1.274,0.628,0.00
38.45463,1.226,-0.322,0.00
38.46528,1.226,-0.322,0.00
38.47548,1.226,-0.636,0.00
38.48563,1.226,-0.636,0.00
38.49586,1.226,-0.636,0.00
38.51293,1.238,-0.884,0.00
38.52929,1.253,-1.079,0.00
38.53975,1.262,-1.166,0.00
38.55012,1.262,-1.166,0.00
38.56050,1.270,-1.132,0.00
38.57118,1.270,-1.132,0.00
38.58230,1.279,-1.043,0.00
38.59259,1.295,-0.959,0.00
38.60826,1.295,-0.959,0.00
38.62474,1.295,-0.959,0.00
38.64010,1.318,-0.794,0.00
38.65122,1.318,-0.794,0.00
38.66922,1.397,-0.700,0.00
38.68282,1.436,-0.700,0.00
38.69958,1.470,-0.393,0.00
38.71035,1.470,-0.393,0.00
38.72732,1.498,-0.223,0.00
38.74345,1.516,-0.223,0.00
38.76567,1.523,-0.163,0.00
38.78330,1.533,-0.260,0.00
38.79444,1.533,-0.371,0.00
38.80609,1.542,-0.371,0.00
38.81837,1.542,-0.371,0.00
38.83039,1.543,-0.477,0.00
38.84704,1.540,-0.564,0.00
38.85838,1.534,-0.623,0.00
38.86891,1.534,-0.623,0.00
38.88013,1.512,-0.631,0.00
38.89252,1.512,-0.603,0.00
38.91020,1.483,-0.603,0.00
38.92440,1.483,-0.554,0.00
38.93560,1.443,-0.554,0.00
38.94624,1.400,-0.554,0.00
38.95870,1.400,-0.431,0.00
38.96949,1.357,-0.431,0.00
38.98608,1.357,-0.372,0.00
39.00046,1.270,-0.372,0.00
39.01207,1.270,-0.322,0.00
39.02852,1.270,-0.304,0.00
39.05120,1.168,-0.316,0.00
39.06414,1.119,-0.316,0.00
39.07480,1.119,-0.316,0.00
39.08581,1.119,-0.316,0.00
39.12056,1.028,-0.430,0.00
39.13192,0.988,-0.430,0.00
39.14273,0.953,-0.442,0.00
39.15980,0.953,-0.442,0.00
39.17718,0.920,-0.437,0.00
39.18881,0.888,-0.415,0.00
39.20391,0.888,-0.386,0.00
39.27654,0.888,-0.386,0.00
39.28673,0.786,-0.321,0.00
39.35628,0.766,-0.399,0.00
39.36643,0.766,-0.399,0.00
39.37809,-0.619,0.029,0.00
39.38836,-0.619,0.029,0.00
39.39852,-0.624,0.031,0.00
39.40868,-0.624,0.031,0.00
39.41884,-0.627,0.039,0.00
39.42897,-0.627,0.039,0.00
39.43927,-0.636,0.054,0.00
39.44967,-0.636,0.054,0.00
39.45983,-0.646,0.064,0.00
39.47020,-0.646,0.064,0.00
39.48051,-0.658,0.067,0.00
39.49082,-0.658,0.067,0.00
39.50096,-0.674,0.065,0.00
39.51184,-0.688,0.056,0.00
39.52209,-0.688,0.056,0.00
39.53287,-0.706,0.049,0.00
39.54321,-0.706,0.049,0.00
39.55337,-0.731,0.049,0.00
39.56351,-0.731,0.038,0.00
39.57389,-0.757,0.038,0.00
39.58404,-0.757,0.030,0.00
39.59419,-0.757,0.030,0.00
39.60432,-0.781,0.027,0.00
39.61448,-0.781,0.027,0.00
39.62476,-0.810,0.029,0.00
39.63491,-0.810,0.029,0.00
39.64506,-0.848,0.032,0.00
39.65520,-0.848,0.038,0.00
39.66535,-0.880,0.038,0.00
39.67549,-0.880,0.038,0.00
39.68564,-0.915,0.044,0.00
39.69580,-0.953,0.049,0.00
39.70595,-0.953,0.049,0.00
39.71609,-0.993,0.054,0.00
39.72624,-0.993,0.054,0.00
39.73674,-1.033,0.054,0.00
39.74688,-1.033,0.054,0.00
39.75704,-1.071,0.054,0.00
39.76718,-1.071,0.051,0.00
39.77733,-1.105,0.044,0.00
39.78757,-1.105,0.044,0.00
39.79779,-1.132,0.042,0.00
39.80803,-1.132,0.042,0.00
39.81825,-1.158,0.039,0.00
39.82839,-1.158,0.039,0.00
39.83866,-1.185,0.040,0.00
39.84885,-1.185,0.040,0.00
39.85900,-1.215,0.040,0.00
39.86914,-1.215,0.040,0.00
39.87933,-1.237,0.044,0.00
39.88956,-1.237,0.044,0.00
39.89988,-1.256,0.048,0.00
39.91012,-1.256,0.048,0.00
39.92035,-1.270,0.056,0.00
39.93063,-1.270,0.056,0.00
39.94079,-1.280,0.063,0.00
39.95103,-1.280,0.063,0.00
39.96133,-1.282,0.071,0.00
39.97187,-1.282,0.071,0.00
39.98202,-1.279,0.076,0.00
39.99286,-1.279,0.076,0.00
40.00300,-1.275,0.080,0.00
40.01316,-1.275,0.087,0.00
40.02351,-1.267,0.087,0.00
40.03365,-1.267,0.087,0.00
40.04378,-1.257,0.095,0.00
40.05393,-1.244,0.095,0.00
40.06406,-1.244,0.105,0.00
40.07420,-1.231,0.105,0.00
40.08477,-1.231,0.114,0.00
40.09492,-1.231,0.121,0.00
40.10506,-1.219,0.121,0.00
40.11520,-1.219,0.121,0.00
40.12535,-1.202,0.128,0.00
40.13549,-1.202,0.128,0.00
40.14563,-1.189,0.132,0.00
40.15578,-1.189,0.132,0.00
40.16593,-1.181,0.136,0.00
40.17607,-1.170,0.140,0.00
40.18621,-1.170,0.140,0.00
40.19640,-1.148,0.142,0.00
40.20651,-1.148,0.142,0.00
40.21667,-1.117,0.142,0.00
40.22681,-1.117,0.142,0.00
40.23696,-1.092,0.144,0.00
40.24713,-1.092,0.144,0.00
40.25768,-1.072,0.146,0.00
40.26805,-1.072,0.146,0.00
40.27840,-1.083,0.148,0.00
40.28888,-1.083,0.148,0.00
40.29904,-1.121,0.146,0.00
40.30948,-1.121,0.146,0.00
40.31982,-1.176,0.149,0.00
40.33015,-1.176,0.149,0.00
40.34030,-1.234,0.149,0.00
40.35103,-1.234,0.149,0.00
40.36125,-1.298,0.147,0.00
40.37153,-1.298,0.147,0.00
40.38171,-1.371,0.143,0.00
40.39197,-1.371,0.143,0.00
40.40206,-1.455,0.136,0.00
40.41220,-1.455,0.136,0.00
40.42235,-1.539,0.131,0.00
40.43250,-1.539,0.131,0.00
40.44264,-1.635,0.129,0.00
40.45279,-1.635,0.129,0.00
40.46292,-1.754,0.131,0.00
40.47308,-1.754,0.131,0.00
40.48321,-1.874,0.136,0.00
40.49339,-1.874,0.136,0.00
40.50353,-1.967,0.141,0.00
40.51367,-2.009,0.143,0.00
40.52384,-2.009,0.143,0.00
40.53398,-2.020,0.143,0.00
40.54412,-2.020,0.143,0.00
40.55430,-2.013,0.143,0.00
40.56443,-2.013,0.144,0.00
40.57457,-1.990,0.144,0.00
40.58478,-1.990,0.143,0.00
40.59508,-1.990,0.143,0.00
40.60524,-1.961,0.143,0.00
40.61538,-1.961,0.143,0.00
40.62552,-1.926,0.139,0.00
40.63567,-1.926,0.141,0.00
40.64581,-1.881,0.141,0.00
40.65595,-1.841,0.148,0.00
40.66610,-1.841,0.148,0.00
40.67624,-1.806,0.155,0.00
40.68638,-1.806,0.155,0.00
40.69655,-1.779,0.160,0.00
40.70669,-1.779,0.160,0.00
40.71759,-1.761,0.165,0.00
40.72782,-1.761,0.165,0.00
40.73797,-1.753,0.166,0.00
40.74811,-1.753,0.166,0.00
40.75844,-1.752,0.162,0.00
40.76932,-1.752,0.162,0.00
40.77971,-1.761,0.156,0.00
40.78994,-1.761,0.156,0.00
40.80117,-1.779,0.151,0.00
40.81203,-1.797,0.151,0.00
40.82217,-1.797,0.153,0.00
40.83245,-1.816,0.153,0.00
40.84255,-1.816,0.160,0.00
40.85410,-1.824,0.168,0.00
40.86426,-1.824,0.168,0.00
40.87442,-1.799,0.168,0.00
40.88459,-1.799,0.180,0.00
40.89477,-1.732,0.193,0.00
40.90493,-1.732,0.193,0.00
40.91509,-1.615,0.204,0.00
40.92525,-1.615,0.204,0.00
40.93540,-1.455,0.210,0.00
40.94556,-1.455,0.210,0.00
40.95571,-1.246,0.215,0.00
40.96586,-1.246,0.215,0.00
40.97635,-0.982,0.220,0.00
40.98652,-0.982,0.220,0.00
40.99668,-0.690,0.224,0.00
41.00683,-0.690,0.224,0.00
41.01699,-0.366,0.229,0.00
41.02715,-0.366,0.229,0.00
41.03743,-0.029,0.238,0.00
41.04773,-0.029,0.238,0.00
41.05788,0.336,0.251,0.00
41.06807,0.336,0.251,0.00
41.07821,0.740,0.263,0.00
41.08839,0.740,0.263,0.00
41.09853,1.181,0.277,0.00
41.10899,1.181,0.277,0.00
41.11915,1.657,0.287,0.00
41.12929,1.657,0.287,0.00
41.13945,2.169,0.289,0.00
41.14960,2.169,0.289,0.00
41.15977,2.734,0.283,0.00
41.17004,2.734,0.283,0.00
41.18021,3.334,0.273,0.00
41.19036,3.334,0.273,0.00
41.20053,3.950,0.261,0.00
41.21068,3.950,0.261,0.00
41.22082,4.584,0.247,0.00
41.23095,4.584,0.247,0.00
41.24110,5.227,0.237,0.00
41.25126,5.227,0.237,0.00
41.26155,5.862,0.231,0.00
41.27170,5.862,0.231,0.00
41.28187,6.498,0.223,0.00
41.29202,6.498,0.223,0.00
41.30219,7.128,0.218,0.00
41.31233,7.128,0.218,0.00
41.32249,7.722,0.213,0.00
41.33301,8.276,0.207,0.00
41.34338,8.276,0.207,0.00
41.35363,8.803,0.200,0.00
41.36390,8.803,0.200,0.00
41.37401,9.305,0.200,0.00
41.38419,9.305,0.195,0.00
41.39457,9.769,0.195,0.00
41.40510,9.769,0.194,0.00
41.41527,10.176,0.194,0.00
41.42542,10.176,0.191,0.00
41.43556,10.579,0.195,0.00
41.44571,10.579,0.195,0.00
41.45703,10.965,0.195,12.00
41.46721,10.965,0.204,12.00
41.47750,11.297,0.212,12.00
41.50418,11.297,0.221,12.00
41.51494,11.581,0.221,12.00
41.53646,12.044,0.236,12.00
41.54658,12.044,0.236,12.00
41.56807,12.044,0.236,12.00
41.57845,12.342,0.252,12.00
41.60012,12.342,0.258,12.00
41.61057,12.385,0.258,12.00
41.63302,12.352,0.267,12.00
41.64317,12.259,0.223,12.00
41.66424,12.130,0.051,12.50
41.67452,11.969,-0.082,12.50
41.68506,11.969,-0.082,12.50
41.69964,11.969,-0.082,12.50
41.70978,11.740,-0.162,12.50
41.72801,11.391,-0.243,12.50
41.73832,10.923,-0.313,12.50
41.74859,10.923,-0.313,12.50
41.76040,10.384,-0.389,12.50
41.77072,10.384,-0.389,12.50
41.78087,9.801,-0.443,12.50
41.79247,9.801,-0.443,12.50
41.80277,9.128,-0.469,12.50
41.81294,8.346,-0.469,12.50
41.82403,8.346,-0.478,12.50
41.83419,8.346,-0.478,12.50
41.84432,7.552,-0.484,12.50
41.87181,7.552,-0.484,12.50
41.88198,5.993,-0.472,12.50
41.90422,5.993,-0.466,12.50
41.91440,5.176,-0.510,12.50
41.93589,4.377,-0.510,13.00
41.94607,3.627,-0.614,13.00
41.96766,3.627,-0.614,13.00
41.97784,2.266,-0.934,13.00
41.98808,2.266,-0.934,13.00
41.99996,2.266,-1.112,13.00
42.01250,1.690,-1.112,13.00
42.03213,1.166,-1.512,13.50
42.04232,0.691,-1.512,13.50
42.05258,0.691,-1.721,13.50
42.06375,0.316,-1.721,13.50
42.07394,0.316,-1.721,13.50
42.08410,-0.043,-1.943,13.50
42.09840,-0.301,-2.174,13.50
42.10878,-0.301,-2.174,13.50
42.11923,-0.475,-2.412,13.50
42.12947,-0.475,-2.412,14.00
42.13964,-0.610,-2.659,14.00
42.14980,-0.610,-2.659,14.00
42.16126,-0.729,-2.916,14.00
42.17271,-0.729,-3.180,14.00
42.18286,-0.828,-3.180,14.00
42.20776,-0.828,-3.180,14.50
42.21793,-0.958,-3.687,14.50
42.23983,-0.958,-3.687,14.50
42.25004,-1.009,-3.922,14.50
42.27165,-1.043,-4.193,15.00
42.28183,-1.068,-4.436,15.00
42.29194,-1.068,-4.436,15.00
42.30378,-1.099,-4.633,15.50
42.31395,-1.099,-4.633,15.50
42.32410,-1.119,-4.847,15.50
42.33581,-1.119,-4.847,15.50
42.34599,-1.115,-5.022,15.50
42.35614,-1.072,-5.179,15.50
42.36797,-1.072,-5.179,16.00
42.37827,-1.009,-5.311,16.00
42.38878,-1.009,-5.311,16.00
42.40005,-0.939,-5.407,16.50
42.41085,-0.939,-5.407,16.50
42.42106,-0.860,-5.498,16.50
42.43246,-0.860,-5.498,17.00
42.44261,-0.764,-5.530,17.00
42.45284,-0.764,-5.530,17.00
42.48107,-0.515,-5.510,17.00
42.49138,-0.515,-5.510,17.00
42.51159,-0.515,-5.510,17.50
42.52173,-0.259,-5.362,17.50
42.54391,-0.128,-5.362,18.00
42.55422,0.005,-5.249,18.00
42.57603,0.005,-4.825,18.00
42.58643,0.135,-4.825,18.00
42.60767,0.253,-4.552,18.50
42.61785,0.365,-4.201,18.50
42.62817,0.365,-4.201,18.50
42.64109,0.463,-3.850,18.50
42.65154,0.533,-3.414,18.50
42.66169,0.533,-3.414,18.50
42.67483,0.533,-3.414,19.00
42.68498,0.588,-2.946,19.00
42.69514,0.624,-2.426,19.00
42.70529,0.624,-2.426,19.00
42.71562,0.637,-1.822,19.00
42.72592,0.637,-1.822,19.00
42.73633,0.622,-1.822,19.50
42.74664,0.622,-1.134,19.50
42.75680,0.622,-1.134,19.50
42.78393,0.575,-0.421,19.50
42.79412,0.429,0.225,19.50
42.81616,0.429,0.882,20.00
42.82640,0.348,1.505,20.00
42.84802,0.266,2.091,20.00
42.85839,0.191,2.753,20.00
42.88002,0.130,2.753,20.00
42.89032,0.130,3.337,20.00
42.90223,0.064,4.026,20.00
42.91302,0.064,4.026,20.00
42.92319,0.008,4.573,20.00
42.94449,-0.046,5.127,20.50
42.95489,-0.091,5.639,20.50
42.96517,-0.091,5.639,20.50
42.97616,-0.091,6.075,20.50
42.98653,-0.132,6.075,20.50
42.99687,-0.132,6.617,20.50
43.01088,-0.162,6.617,20.50
43.02124,-0.177,7.028,20.50
43.03143,-0.177,7.028,20.50
43.04159,-0.188,7.564,20.50
43.05186,-0.188,8.177,20.50
43.06199,-0.195,8.177,20.50
43.07253,-0.195,8.177,20.50
43.08287,-0.191,8.688,20.50
43.09313,-0.179,8.688,20.50
43.10484,-0.179,9.354,20.50
43.11501,-0.158,9.354,20.50
43.12516,-0.158,9.936,20.50
43.15280,-0.128,10.677,20.50
43.16297,-0.093,11.443,20.50
43.18359,-0.093,11.443,21.00
43.19377,-0.060,12.121,21.00
43.21565,-0.026,12.949,21.00
43.22582,0.023,13.599,21.00
43.24938,0.070,14.402,21.00
43.25947,0.123,15.096,21.00
43.28054,0.123,15.096,21.00
43.29093,0.183,15.641,21.00
43.30183,0.243,16.294,21.00
43.31205,0.243,16.294,21.00
43.32239,0.243,16.294,21.00
43.33288,0.243,16.294,21.00
43.34405,0.372,16.294,21.00
43.35423,0.372,17.293,21.00
43.36439,0.436,17.764,21.00
43.37677,0.436,18.143,21.00
43.38662,0.494,18.143,21.00
43.39681,0.494,18.143,21.00
43.40847,0.494,18.143,21.00
43.41929,0.541,19.037,21.00
43.42950,0.590,19.037,21.00
43.44006,0.631,19.442,21.00
43.45036,0.631,19.442,21.00
43.46051,0.671,19.876,21.00
43.48835,0.702,19.876,21.00
43.49883,0.727,20.631,21.00
43.52004,0.753,20.631,21.00
43.53181,0.767,20.891,21.00
43.55183,0.767,21.355,21.00
43.56201,0.776,21.742,21.00
43.57216,0.776,21.742,21.00
43.58482,0.778,22.046,21.00
43.59497,0.778,22.507,21.00
43.60524,0.783,22.507,21.00
43.61558,0.783,22.507,21.00
43.62578,0.779,22.830,21.00
43.63592,0.759,23.296,21.00
43.64785,0.759,23.296,21.00
43.65804,0.741,23.678,21.00
43.66823,0.741,23.678,21.00
43.67838,0.721,24.022,0.00
43.68858,0.721,24.022,0.00
43.69892,0.691,24.503,0.00
43.70908,0.691,24.503,0.00
43.71977,0.667,24.857,0.00
43.72999,0.667,24.857,0.00
43.74016,0.663,25.292,0.00
43.75038,0.663,25.292,0.00
43.76054,0.663,25.646,0.00
43.77146,0.663,25.646,0.00
43.78155,0.654,26.004,0.00
43.79179,0.654,26.004,0.00
43.80194,0.637,26.435,0.00
43.81242,0.637,26.435,0.00
43.82376,0.610,26.711,0.00
43.83395,0.610,26.711,0.00
43.84433,0.565,27.154,0.00
43.85452,0.565,27.154,0.00
43.86469,0.509,27.445,0.00
43.87483,0.464,27.850,0.00
43.88498,0.464,27.850,0.00
43.89515,0.424,28.050,0.00
43.90552,0.424,28.050,0.00
43.91597,0.424,28.267,0.00
43.92628,0.360,28.267,0.00
43.93643,0.360,28.267,0.00
43.94661,0.277,28.561,0.00
43.95677,0.188,28.859,0.00
43.96692,0.188,28.859,0.00
43.97709,0.100,29.154,0.00
43.98724,0.100,29.154,0.00
43.99739,-0.021,29.356,0.00
44.00754,-0.021,29.356,0.00
44.01768,-0.150,29.385,0.00
44.02786,-0.150,29.385,0.00
44.03844,-0.221,29.059,0.00
44.04878,-0.221,29.059,0.00
44.05902,-0.215,28.294,0.00
44.06921,-0.215,28.294,0.00
44.07938,-0.267,27.618,0.00
44.08959,-0.267,27.618,0.00
44.09974,-0.370,26.833,0.00
44.10989,-0.370,26.833,0.00
44.12004,-0.405,25.683,0.00
44.13020,-0.405,25.683,0.00
44.14035,-0.349,23.888,0.00
44.15118,-0.349,23.888,0.00
44.16134,-0.310,21.974,0.00
44.17153,-0.310,21.974,0.00
44.18169,-0.397,20.383,0.00
44.19186,-0.397,20.383,0.00
44.20202,-0.435,18.156,0.00
44.21217,-0.379,15.682,0.00
44.22253,-0.379,15.682,0.00
44.23270,-0.379,15.682,0.00
44.24286,-0.296,12.776,0.00
44.25323,-0.296,10.605,0.00
44.26354,-0.299,10.605,0.00
44.27398,-0.299,8.196,0.00
44.28427,-0.337,8.196,0.00
44.29462,-0.278,5.489,0.00
44.30509,-0.278,5.489,0.00
44.31543,-0.278,2.312,0.00
44.32573,-0.173,2.312,0.00
44.33605,-0.100,-0.122,0.00
44.34640,-0.100,-0.122,0.00
44.35693,-0.046,-2.532,0.00
44.36722,-0.046,-2.532,0.00
44.37739,-0.046,-2.532,0.00
44.38753,0.016,-4.382,0.00
44.39768,0.165,-5.369,0.00
44.40783,0.165,-5.369,0.00
44.41818,0.376,-4.573,0.00
44.42838,0.376,-4.573,0.00
44.43852,0.559,-2.775,0.00
44.44869,0.559,-2.775,0.00
44.45885,0.626,-0.856,0.00
44.46915,0.626,-0.856,0.00
44.47930,0.626,1.053,0.00
44.48969,0.626,1.053,0.00
44.49984,0.571,2.399,0.00
44.51002,0.571,2.399,0.00
44.52018,0.486,2.540,0.00
44.53032,0.486,2.540,0.00
44.54048,0.404,0.985,0.00
44.55064,0.404,0.985,0.00
44.56080,0.360,-0.362,0.00
44.57096,0.360,-0.362,0.00
44.58112,0.381,-1.213,0.00
44.59127,0.381,-1.213,0.00
44.60144,0.459,-1.494,0.00
44.61159,0.459,-1.494,0.00
44.62175,0.546,-2.167,0.00
44.63190,0.546,-2.167,0.00
44.64206,0.612,-2.319,0.00
44.65221,0.612,-2.319,0.00
44.66237,0.644,-2.371,0.00
44.67253,0.644,-2.321,0.00
44.68826,0.641,-2.321,0.00
44.70467,0.641,-2.321,0.00
44.71554,0.615,-1.927,0.00
44.72594,0.580,-1.927,0.00
44.73654,0.580,-1.927,0.00
44.74734,0.550,-1.927,0.00
44.75767,0.542,-0.816,0.00
44.76849,0.542,-0.816,0.00
44.77879,0.557,-0.157,0.00
44.78948,0.557,-0.157,0.00
44.82284,0.589,0.747,0.00
44.83358,0.589,0.931,0.00
44.85060,0.571,0.931,0.00
44.86214,0.522,1.060,0.00
44.88247,0.459,1.060,0.00
44.89360,0.403,0.740,0.00
44.90378,0.403,0.740,0.00
44.91468,0.354,0.354,0.00
44.93340,0.354,0.354,0.00
44.94670,0.319,0.164,0.00
44.95740,0.319,0.164,0.00
44.96889,0.319,0.042,0.00
44.97998,0.300,-0.086,0.00
45.01242,0.252,-0.181,0.00
45.03428,0.201,-0.177,0.00
45.04444,0.201,-0.177,0.00
45.05645,0.186,-0.109,0.00
45.07350,0.186,-0.109,0.00
45.09004,0.181,-0.031,0.00
45.10036,0.184,0.048,0.00
45.11100,0.184,0.048,0.00
45.12183,0.196,0.108,0.00
45.13237,0.196,0.108,0.00
45.14271,0.208,0.157,0.00
45.20609,0.212,0.286,0.00
45.21832,0.215,0.331,0.00
45.25011,0.212,0.352,0.00
45.26589,0.200,0.361,0.00
45.28836,0.178,0.373,0.00
45.30409,0.150,0.397,0.00
45.31429,0.120,0.437,0.00
45.33232,0.120,0.437,0.00
45.34401,0.082,0.499,0.00
45.35728,0.031,0.499,0.00
45.37228,0.031,0.561,0.00
45.38363,-0.030,0.619,0.00
45.40527,-0.084,0.674,0.00
45.43811,-0.195,0.748,0.00
45.45270,-0.195,0.748,0.00
45.46407,-0.248,0.753,0.00
45.47499,-0.307,0.740,0.00
45.49377,-0.361,0.720,0.00
45.51032,-0.361,0.720,0.00
45.52510,-0.361,0.705,0.00
45.53926,-0.463,0.689,0.00
45.55337,-0.463,0.682,0.00
45.56602,-0.463,0.682,0.00
45.57901,-0.555,0.688,0.00
45.59616,-0.555,0.703,0.00
45.60697,-0.594,0.703,0.00
45.61730,-0.594,0.725,0.00
45.63153,-0.629,0.725,0.00
45.64494,-0.681,0.747,0.00
45.67647,-0.781,0.764,0.00
45.73999,-0.915,0.744,0.00
45.75182,-0.915,0.744,0.00
45.81127,-1.009,0.723,0.00
45.82167,-1.025,0.713,0.00
45.83182,-1.221,0.317,0.00
45.84204,-1.236,0.325,0.00
45.85219,-1.236,0.325,0.00
45.86233,-1.249,0.330,0.00
45.87247,-1.249,0.325,0.00
45.88263,-1.263,0.325,0.00
45.89278,-1.263,0.325,0.00
45.90292,-1.263,0.325,0.00
45.91366,-1.263,0.325,0.00
45.92380,-1.310,0.313,0.00
45.93395,-1.336,0.297,0.00
45.94410,-1.336,0.297,0.00
45.95435,-1.370,0.294,0.00
45.96466,-1.370,0.294,0.00
45.97492,-1.402,0.297,0.00
45.98520,-1.402,0.297,0.00
45.99534,-1.402,0.304,0.00
46.00548,-1.425,0.304,0.00
46.01563,-1.440,0.305,0.00
46.02577,-1.440,0.305,0.00
46.03592,-1.453,0.297,0.00
46.04606,-1.453,0.297,0.00
46.05643,-1.472,0.283,0.00
46.06670,-1.472,0.283,0.00
46.07685,-1.488,0.269,0.00
46.08700,-1.488,0.269,0.00
46.09714,-1.506,0.266,0.00
46.10729,-1.506,0.266,0.00
46.11744,-1.520,0.264,0.00
46.12758,-1.520,0.264,0.00
46.13774,-1.528,0.266,0.00
46.14918,-1.528,0.266,0.00
46.15942,-1.532,0.272,0.00
46.16960,-1.532,0.272,0.00
46.17975,-1.536,0.283,0.00
46.19001,-1.536,0.283,0.00
46.20023,-1.533,0.298,0.00
46.21100,-1.533,0.298,0.00
46.22392,-1.534,0.318,0.00
46.23407,-1.534,0.318,0.00
46.24423,-1.543,0.334,0.00
46.25438,-1.543,0.344,0.00
46.26452,-1.551,0.344,0.00
46.27489,-1.551,0.349,0.00
46.28503,-1.554,0.349,0.00
46.29519,-1.561,0.348,0.00
46.30533,-1.561,0.348,0.00
46.31548,-1.568,0.340,0.00
46.32572,-1.568,0.340,0.00
46.33587,-1.576,0.341,0.00
46.34603,-1.576,0.341,0.00
46.35618,-1.585,0.343,0.00
46.36634,-1.585,0.343,0.00
46.37649,-1.589,0.344,0.00
46.38664,-1.589,0.344,0.00
46.39679,-1.596,0.344,0.00
46.40693,-1.596,0.344,0.00
46.41707,-1.602,0.343,0.00
46.42721,-1.602,0.343,0.00
46.43785,-1.608,0.338,0.00
46.44801,-1.608,0.338,0.00
46.45842,-1.615,0.336,0.00
46.46872,-1.615,0.336,0.00
46.47888,-1.621,0.335,0.00
46.48909,-1.621,0.335,0.00
46.49925,-1.626,0.331,0.00
46.50940,-1.626,0.331,0.00
46.51955,-1.636,0.322,0.00
46.52972,-1.636,0.322,0.00
46.53987,-1.650,0.311,0.00
46.55191,-1.650,0.311,0.00
46.56208,-1.668,0.299,0.00
46.57223,-1.668,0.299,0.00
46.58239,-1.682,0.292,0.00
46.59254,-1.682,0.292,0.00
46.60269,-1.700,0.294,0.00
46.61285,-1.722,0.294,0.00
46.62300,-1.722,0.300,0.00
46.63317,-1.742,0.303,0.00
46.64360,-1.742,0.303,0.00
46.65374,-1.742,0.304,0.00
46.66388,-1.755,0.304,0.00
46.67403,-1.755,0.309,0.00
46.68423,-1.762,0.309,0.00
46.69437,-1.762,0.309,0.00
46.70451,-1.766,0.315,0.00
46.71465,-1.766,0.315,0.00
46.72481,-1.767,0.322,0.00
46.73496,-1.769,0.325,0.00
46.74510,-1.769,0.325,0.00
46.75525,-1.773,0.325,0.00
46.76540,-1.773,0.328,0.00
46.77555,-1.774,0.333,0.00
46.78569,-1.774,0.333,0.00
46.79584,-1.771,0.333,0.00
46.80598,-1.771,0.342,0.00
46.81613,-1.771,0.342,0.00
46.82628,-1.758,0.352,0.00
46.83644,-1.746,0.361,0.00
46.84658,-1.746,0.361,0.00
46.85674,-1.734,0.380,0.00
46.86687,-1.734,0.380,0.00
46.87702,-1.718,0.395,0.00
46.88717,-1.718,0.395,0.00
46.89731,-1.699,0.412,0.00
46.90771,-1.699,0.412,0.00
46.91789,-1.678,0.421,0.00
46.92800,-1.678,0.421,0.00
46.93815,-1.659,0.426,0.00
46.94841,-1.659,0.426,0.00
46.95856,-1.631,0.435,0.00
46.96902,-1.631,0.435,0.00
46.97916,-1.596,0.448,0.00
46.98960,-1.596,0.448,0.00
47.00008,-1.567,0.463,0.00
47.01032,-1.567,0.463,0.00
47.02045,-1.539,0.485,0.00
47.03073,-1.539,0.485,0.00
47.04089,-1.516,0.511,0.00
47.05127,-1.516,0.511,0.00
47.06141,-1.502,0.534,0.00
47.07154,-1.502,0.534,0.00
47.08169,-1.486,0.551,0.00
47.09201,-1.486,0.551,0.00
47.10215,-1.465,0.567,0.00
47.11232,-1.465,0.591,0.00
47.12265,-1.447,0.591,0.00
47.13297,-1.436,0.619,0.00
47.14329,-1.436,0.619,0.00
47.15362,-1.436,0.619,0.00
47.16393,-1.430,0.640,0.00
47.17424,-1.433,0.658,0.00
47.18455,-1.433,0.658,0.00
47.19487,-1.438,0.673,0.00
47.20518,-1.438,0.673,0.00
47.21550,-1.443,0.690,0.00
47.22580,-1.443,0.690,0.00
47.23612,-1.451,0.711,0.00
47.24645,-1.451,0.711,0.00
47.25689,-1.465,0.727,0.00
47.26704,-1.465,0.727,0.00
47.27740,-1.485,0.734,0.00
47.28776,-1.485,0.734,0.00
47.29804,-1.508,0.736,0.00
47.30839,-1.508,0.736,0.00
47.31853,-1.537,0.737,0.00
47.32884,-1.537,0.737,0.00
47.33897,-1.575,0.735,0.00
47.34910,-1.575,0.735,0.00
47.35931,-1.616,0.732,0.00
47.36945,-1.616,0.732,0.00
47.37960,-1.650,0.730,0.00
47.38973,-1.650,0.730,0.00
47.39988,-1.683,0.734,0.00
47.41017,-1.683,0.734,0.00
47.42031,-1.731,0.742,0.00
47.43045,-1.731,0.742,0.00
47.44069,-1.774,0.750,0.00
47.45069,-1.774,0.750,0.00
47.46082,-1.823,0.752,0.00
47.47101,-1.823,0.752,0.00
47.48111,-1.880,0.752,0.00
47.49129,-1.880,0.752,0.00
47.50143,-1.924,0.747,0.00
47.51189,-1.924,0.747,0.00
47.52216,-1.958,0.736,0.00
47.53253,-1.958,0.736,0.00
47.54269,-1.977,0.731,0.00
47.55285,-1.977,0.725,0.00
47.56299,-1.983,0.725,0.00
47.57320,-1.983,0.713,0.00
47.58337,-1.982,0.713,0.00
47.59352,-1.982,0.690,0.00
47.60365,-1.983,0.690,0.00
47.61380,-1.983,0.675,0.00
47.62393,-1.984,0.675,0.00
47.63426,-1.984,0.665,0.00
47.64457,-1.989,0.665,0.00
47.65470,-1.992,0.665,0.00
47.66493,-1.992,0.652,0.00
47.67506,-1.994,0.652,0.00
47.68520,-1.994,0.641,0.00
47.69535,-1.995,0.640,0.00
47.70550,-1.995,0.640,0.00
47.71564,-1.990,0.651,0.00
47.72579,-1.990,0.651,0.00
47.73594,-1.990,0.651,0.00
47.74608,-1.976,0.665,0.00
47.75622,-1.976,0.676,0.00
47.76637,-1.954,0.676,0.00
47.77651,-1.954,0.676,0.00
47.78664,-1.934,0.690,0.00
47.79680,-1.922,0.709,0.00
47.80695,-1.922,0.709,0.00
47.81711,-1.912,0.726,0.00
47.82725,-1.912,0.726,0.00
47.83741,-1.907,0.735,0.00
47.84756,-1.907,0.735,0.00
47.85769,-1.902,0.735,0.00
47.86808,-1.902,0.744,0.00
47.87824,-1.895,0.757,0.00
47.88855,-1.895,0.757,0.00
47.89871,-1.889,0.768,0.00
47.90893,-1.889,0.768,0.00
47.91907,-1.887,0.780,0.00
47.92934,-1.887,0.780,0.00
47.93949,-1.891,0.782,0.00
47.94991,-1.891,0.782,0.00
47.96005,-1.893,0.783,0.00
47.97047,-1.893,0.783,0.00
47.98071,-1.896,0.788,0.00
47.99094,-1.896,0.788,0.00
48.00109,-1.891,0.795,0.00
48.01123,-1.891,0.795,0.00
48.02200,-1.879,0.797,0.00
48.03215,-1.879,0.797,0.00
48.04229,-1.866,0.798,0.00
48.05244,-1.866,0.798,0.00
48.06260,-1.860,0.802,0.00
48.07276,-1.862,0.804,0.00
48.08291,-1.862,0.804,0.00
48.09335,-1.862,0.804,0.00
48.10347,-1.871,0.805,0.00
48.11363,-1.871,0.805,0.00
48.12377,-1.878,0.808,0.00
48.13392,-1.879,0.808,0.00
48.14407,-1.879,0.814,0.00
48.15423,-1.879,0.816,0.00
48.16437,-1.869,0.816,0.00
48.17452,-1.869,0.822,0.00
48.18468,-1.860,0.822,0.00
48.19482,-1.861,0.827,0.00
48.20497,-1.861,0.827,0.00
48.21517,-1.861,0.827,0.00
48.22531,-1.856,0.828,0.00
48.23546,-1.845,0.819,0.00
48.24561,-1.845,0.819,0.00
48.25612,-1.837,0.808,0.00
48.26641,-1.837,0.808,0.00
48.27684,-1.821,0.800,0.00
48.28714,-1.821,0.800,0.00
48.29730,-1.804,0.800,0.00
48.30754,-1.804,0.803,0.00
48.31778,-1.795,0.799,0.00
48.32801,-1.795,0.799,0.00
48.33825,-1.786,0.795,0.00
48.34922,-1.786,0.795,0.00
48.35938,-1.776,0.791,0.00
48.37025,-1.776,0.791,0.00
48.38050,-1.763,0.790,0.00
48.39082,-1.763,0.790,0.00
48.40114,-1.753,0.784,0.00
48.41136,-1.753,0.784,0.00
48.42150,-1.748,0.781,0.00
48.43164,-1.748,0.781,0.00
48.44177,-1.737,0.780,0.00
48.45205,-1.737,0.780,0.00
48.46225,-1.726,0.777,0.00
48.47239,-1.726,0.777,0.00
48.48255,-1.712,0.772,0.00
48.49270,-1.712,0.772,0.00
48.50284,-1.693,0.764,0.00
48.51304,-1.693,0.764,0.00
48.52317,-1.679,0.754,0.00
48.53333,-1.679,0.754,0.00
48.54347,-1.665,0.746,0.00
48.55362,-1.665,0.746,0.00
48.56376,-1.651,0.746,0.00
48.57391,-1.641,0.746,0.00
48.58409,-1.641,0.746,0.00
48.59441,-1.635,0.746,0.00
48.60445,-1.635,0.744,0.00
48.61459,-1.624,0.744,0.00
48.62479,-1.624,0.744,0.00
48.63494,-1.624,0.744,0.00
48.64532,-1.609,0.745,0.00
48.65567,-1.595,0.749,0.00
48.66598,-1.595,0.749,0.00
48.67646,-1.584,0.754,0.00
48.68671,-1.584,0.754,0.00
48.69717,-1.575,0.761,0.00
48.70743,-1.575,0.761,0.00
48.71792,-1.570,0.772,0.00
48.72818,-1.570,0.772,0.00
48.73866,-1.569,0.788,0.00
48.74915,-1.569,0.788,0.00
48.75942,-1.568,0.801,0.00
48.76979,-1.568,0.801,0.00
48.78011,-1.567,0.813,0.00
48.79046,-1.567,0.813,0.00
48.80091,-1.572,0.820,0.00
48.81132,-1.572,0.820,0.00
48.82156,-1.577,0.827,0.00
48.83189,-1.577,0.827,0.00
48.84225,-1.579,0.834,0.00
48.85281,-1.579,0.834,0.00
48.86294,-1.587,0.838,0.00
48.87337,-1.598,0.838,0.00
48.88367,-1.598,0.838,0.00
48.89383,-1.598,0.832,0.00
48.90396,-1.611,0.832,0.00
48.91411,-1.611,0.832,0.00
48.92424,-1.614,0.828,0.00
48.93438,-1.614,0.827,0.00
48.94452,-1.604,0.827,0.00
48.95495,-1.594,0.826,0.00
48.96508,-1.594,0.826,0.00
48.97522,-1.594,0.826,0.00
48.98537,-1.584,0.828,0.00
48.99552,-1.584,0.828,0.00
49.00565,-1.578,0.826,0.00
49.01580,-1.575,0.823,0.00
49.02594,-1.575,0.823,0.00
49.03609,-1.575,0.823,0.00
49.04624,-1.575,0.823,0.00
49.05639,-1.574,0.829,0.00
49.06653,-1.574,0.829,0.00
49.07668,-1.578,0.836,0.00
49.08681,-1.578,0.836,0.00
49.09702,-1.586,0.845,0.00
49.10716,-1.586,0.845,0.00
49.11735,-1.593,0.855,0.00
49.12760,-1.593,0.855,0.00
49.13775,-1.604,0.860,0.00
49.14799,-1.604,0.860,0.00
49.15822,-1.616,0.867,0.00
49.16838,-1.616,0.867,0.00
49.17872,-1.636,0.869,0.00
49.18984,-1.636,0.869,0.00
49.19990,-1.655,0.864,0.00
49.21015,-1.655,0.864,0.00
49.22029,-1.656,0.853,0.00
49.23055,-1.656,0.853,0.00
49.24078,-1.659,0.846,0.00
49.25091,-1.659,0.846,0.00
49.26107,-1.664,0.841,0.00
49.27134,-1.664,0.841,0.00
49.28143,-1.663,0.834,0.00
49.29159,-1.663,0.834,0.00
49.30182,-1.663,0.825,0.00
49.31197,-1.663,0.825,0.00
49.32210,-1.657,0.816,0.00
49.33225,-1.652,0.816,0.00
49.34258,-1.652,0.812,0.00
49.35279,-1.652,0.812,0.00
49.36293,-1.649,0.812,0.00
49.37308,-1.649,0.812,0.00
49.38322,-1.656,0.813,0.00
49.39337,-1.656,0.810,0.00
49.40351,-1.660,0.810,0.00
49.41365,-1.660,0.810,0.00
49.42396,-1.658,0.810,0.00
49.43413,-1.658,0.810,0.00
49.44427,-1.655,0.820,0.00
49.45441,-1.655,0.820,0.00
49.46454,-1.652,0.832,0.00
49.47469,-1.652,0.832,0.00
49.48485,-1.648,0.842,0.00
49.49501,-1.644,0.848,0.00
49.50515,-1.644,0.848,0.00
49.51530,-1.636,0.853,0.00
49.52544,-1.636,0.853,0.00
49.53559,-1.627,0.857,0.00
49.54573,-1.627,0.857,0.00
49.55587,-1.624,0.863,0.00
49.56602,-1.624,0.863,0.00
49.57629,-1.624,0.870,0.00
49.58643,-1.624,0.870,0.00
49.59657,-1.624,0.873,0.00
49.60672,-1.624,0.873,0.00
49.61687,-1.624,0.875,0.00
49.62701,-1.624,0.875,0.00
49.63716,-1.627,0.881,0.00
49.64730,-1.627,0.881,0.00
49.65745,-1.629,0.893,0.00
49.66770,-1.629,0.893,0.00
49.67792,-1.638,0.901,0.00
49.68825,-1.638,0.901,0.00
49.69857,-1.647,0.910,0.00
49.70882,-1.647,0.910,0.00
49.71936,-1.659,0.919,0.00
49.72963,-1.659,0.919,0.00
49.73978,-1.682,0.931,0.00
49.75004,-1.682,0.931,0.00
49.76026,-1.703,0.942,0.00
49.77049,-1.703,0.942,0.00
49.78083,-1.722,0.950,0.00
49.79101,-1.722,0.950,0.00
49.80117,-1.740,0.958,0.00
49.81141,-1.740,0.958,0.00
49.82162,-1.763,0.964,0.00
49.83177,-1.763,0.964,0.00
49.84190,-1.788,0.974,0.00
49.85241,-1.788,0.974,0.00
49.86275,-1.816,0.979,0.00
49.87290,-1.816,0.983,0.00
49.88308,-1.857,0.983,0.00
49.89323,-1.857,0.988,0.00
49.90336,-1.901,0.988,0.00
49.91351,-1.901,0.991,0.00
49.92365,-1.926,0.991,0.00
49.93380,-1.962,1.000,0.00
49.94393,-1.962,1.000,0.00
49.95407,-2.010,1.000,0.00
49.96420,-2.010,1.005,0.00
49.97445,-2.055,1.005,0.00
49.98458,-2.055,1.005,0.00
49.99473,-2.097,1.005,0.00
50.00487,-2.097,1.007,0.00
50.01502,-2.133,1.015,0.00
50.02516,-2.133,1.015,0.00
50.03556,-2.162,1.017,0.00
50.04570,-2.162,1.017,0.00
50.05588,-2.166,1.027,0.00
50.06603,-2.166,1.027,0.00
50.07617,-2.169,1.038,0.00
50.08632,-2.169,1.038,0.00
50.09675,-2.179,1.040,0.00
50.10688,-2.179,1.040,0.00
50.11704,-2.188,1.040,0.00
50.12719,-2.188,1.040,0.00
50.13736,-2.199,1.028,0.00
50.14751,-2.199,1.028,0.00
50.15769,-2.207,1.012,0.00
50.16786,-2.207,1.012,0.00
50.17804,-2.205,1.002,0.00
50.18834,-2.205,1.002,0.00
50.19869,-2.202,1.002,0.00
50.20884,-2.202,1.002,0.00
50.21901,-2.202,1.016,0.00
50.22916,-2.202,1.016,0.00
50.23932,-2.205,1.023,0.00
50.24983,-2.205,1.023,0.00
50.25999,-2.199,1.019,0.00
50.27116,-2.199,1.019,0.00
50.28133,-2.184,1.015,0.00
50.29152,-2.184,1.015,0.00
50.30170,-2.169,1.012,0.00
50.31196,-2.169,1.012,0.00
50.32215,-2.153,1.012,0.00
50.33318,-2.135,1.010,0.00
50.34351,-2.135,1.010,0.00
50.35368,-2.135,1.010,0.00
50.36386,-2.120,1.006,0.00
50.37404,-2.120,1.006,0.00
50.38419,-2.109,0.999,0.00
50.39436,-2.100,0.994,0.00
50.40451,-2.100,0.994,0.00
50.41467,-2.100,0.994,0.00
50.42482,-2.091,0.994,0.00
50.43497,-2.082,0.994,0.00
50.44511,-2.082,0.994,0.00
50.45525,-2.074,0.993,0.00
50.46542,-2.074,0.993,0.00
50.47558,-2.074,0.993,0.00
50.48573,-2.063,0.995,0.00
50.49588,-2.059,0.997,0.00
50.50602,-2.059,0.997,0.00
50.51655,-2.051,0.994,0.00
50.52670,-2.051,0.994,0.00
50.53715,-2.038,0.991,0.00
50.54727,-2.038,0.991,0.00
50.55742,-2.042,0.985,0.00
50.56757,-2.042,0.985,0.00
50.57778,-2.053,0.976,0.00
50.58827,-2.053,0.976,0.00
50.59844,-2.062,0.964,0.00
50.60859,-2.062,0.964,0.00
50.61875,-2.065,0.951,0.00
50.62891,-2.065,0.951,0.00
50.63906,-2.069,0.942,0.00
50.64924,-2.069,0.942,0.00
50.65939,-2.081,0.930,0.00
50.66952,-2.081,0.930,0.00
50.67989,-2.092,0.917,0.00
50.69027,-2.092,0.917,0.00
50.70045,-2.105,0.910,0.00
50.71075,-2.105,0.910,0.00
50.72125,-2.119,0.902,0.00
50.73184,-2.119,0.902,0.00
50.74198,-2.129,0.897,0.00
50.75236,-2.129,0.897,0.00
50.76251,-2.136,0.891,0.00
50.77267,-2.136,0.891,0.00
50.78283,-2.138,0.883,0.00
50.79298,-2.138,0.883,0.00
50.80312,-2.140,0.870,0.00
50.81329,-2.140,0.870,0.00
50.82343,-2.140,0.862,0.00
50.83358,-2.140,0.862,0.00
50.84373,-2.135,0.850,0.00
50.85430,-2.135,0.850,0.00
50.86443,-2.135,0.843,0.00
50.87457,-2.135,0.837,0.00
50.88479,-2.135,0.837,0.00
50.89494,-2.126,0.831,0.00
50.90509,-2.126,0.831,0.00
50.91524,-2.117,0.828,0.00
50.92538,-2.117,0.828,0.00
50.93568,-2.112,0.830,0.00
50.94584,-2.112,0.830,0.00
50.95598,-2.112,0.829,0.00
50.96629,-2.111,0.829,0.00
50.97758,-2.111,0.828,0.00
50.98772,-2.111,0.828,0.00
50.99788,-2.116,0.825,0.00
51.00803,-2.116,0.825,0.00
51.01819,-2.119,0.822,0.00
51.02855,-2.119,0.822,0.00
51.03893,-2.123,0.815,0.00
51.04977,-2.123,0.815,0.00
51.05992,-2.130,0.794,0.00
51.07019,-2.130,0.794,0.00
51.08035,-2.138,0.778,0.00
51.09069,-2.138,0.778,0.00
51.10092,-2.152,0.772,0.00
51.11113,-2.152,0.772,0.00
51.12140,-2.170,0.762,0.00
51.13155,-2.170,0.762,0.00
51.14195,-2.185,0.753,0.00
51.15211,-2.185,0.753,0.00
51.16225,-2.202,0.753,0.00
51.17240,-2.202,0.738,0.00
51.18266,-2.227,0.738,0.00
51.19315,-2.227,0.738,0.00
51.20341,-2.249,0.716,0.00
51.21377,-2.249,0.698,0.00
51.22407,-2.269,0.698,0.00
51.23445,-2.269,0.690,0.00
51.24485,-2.287,0.690,0.00
51.25501,-2.295,0.660,0.00
51.26537,-2.295,0.660,0.00
51.27570,-2.300,0.643,0.00
51.28586,-2.300,0.643,0.00
51.29601,-2.314,0.673,0.00
51.30615,-2.314,0.673,0.00
51.31630,-2.325,0.645,0.00
51.32646,-2.325,0.645,0.00
51.33670,-2.332,0.624,0.00
51.34674,-2.332,0.624,0.00
51.35690,-2.337,0.614,0.00
51.36705,-2.337,0.614,0.00
51.37720,-2.340,0.587,0.00
51.38734,-2.340,0.587,0.00
51.39770,-2.344,0.581,0.00
51.40817,-2.344,0.581,0.00
51.41842,-2.357,0.559,0.00
51.42903,-2.357,0.559,0.00
51.43925,-2.371,0.555,0.00
51.44962,-2.371,0.555,0.00
51.45997,-2.385,0.544,0.00
51.47025,-2.399,0.544,0.00
51.48042,-2.399,0.527,0.00
51.49181,-2.407,0.527,0.00
51.50194,-2.407,0.512,0.00
51.51222,-2.418,0.512,0.00
51.52255,-2.418,0.494,0.00
51.53337,-2.418,0.494,0.00
51.54371,-2.432,0.471,0.00
51.55414,-2.451,0.451,0.00
51.56443,-2.451,0.451,0.00
51.57457,-2.451,0.435,0.00
51.58477,-2.473,0.435,0.00
51.59492,-2.473,0.419,0.00
51.60609,-2.494,0.419,0.00
51.61630,-2.494,0.407,0.00
51.62647,-2.512,0.407,0.00
51.63769,-2.527,0.400,0.00
51.64787,-2.527,0.400,0.00
51.65806,-2.536,0.393,0.00
51.66828,-2.536,0.393,0.00
51.67845,-2.540,0.389,0.00
51.68867,-2.540,0.389,0.00
51.69884,-2.544,0.391,0.00
51.70942,-2.544,0.391,0.00
51.71961,-2.550,0.391,0.00
51.73002,-2.550,0.391,0.00
51.74027,-2.552,0.386,0.00
51.75090,-2.552,0.386,0.00
51.76107,-2.545,0.381,0.00
51.77153,-2.545,0.375,0.00
51.78170,-2.537,0.375,0.00
51.79229,-2.537,0.370,0.00
51.80247,-2.530,0.370,0.00
51.81273,-2.530,0.365,0.00
51.82291,-2.526,0.365,0.00
51.83315,-2.526,0.365,0.00
51.84331,-2.519,0.355,0.00
51.85348,-2.519,0.355,0.00
51.86363,-2.519,0.355,0.00
51.87379,-2.519,0.355,0.00
51.88394,-2.507,0.347,0.00
51.89410,-2.499,0.340,0.00
51.90426,-2.499,0.340,0.00
51.91444,-2.488,0.340,0.00
51.92459,-2.488,0.330,0.00
51.93476,-2.488,0.330,0.00
51.94492,-2.489,0.322,0.00
51.95508,-2.489,0.322,0.00
51.96524,-2.486,0.315,0.00
51.97535,-2.484,0.309,0.00
51.98550,-2.484,0.309,0.00
51.99565,-2.486,0.302,0.00
52.00580,-2.486,0.302,0.00
52.01595,-2.484,0.301,0.00
52.02609,-2.484,0.301,0.00
52.03624,-2.480,0.307,0.00
52.04639,-2.480,0.307,0.00
52.05654,-2.471,0.313,0.00
52.06669,-2.471,0.313,0.00
52.07709,-2.464,0.320,0.00
52.08752,-2.464,0.320,0.00
52.09769,-2.460,0.329,0.00
52.10789,-2.460,0.329,0.00
52.11808,-2.461,0.333,0.00
52.12826,-2.461,0.333,0.00
52.13841,-2.462,0.327,0.00
52.14859,-2.462,0.327,0.00
52.15875,-2.456,0.337,0.00
52.16912,-2.456,0.337,0.00
52.17941,-2.447,0.353,0.00
52.18956,-2.447,0.353,0.00
52.19975,-2.440,0.355,0.00
52.20995,-2.440,0.355,0.00
52.22012,-2.438,0.354,0.00
52.23035,-2.438,0.354,0.00
52.24051,-2.438,0.374,0.00
52.25096,-2.438,0.374,0.00
52.26121,-2.440,0.383,0.00
52.27194,-2.440,0.377,0.00
52.28213,-2.439,0.377,0.00
52.29230,-2.439,0.378,0.00
52.30247,-2.434,0.378,0.00
52.31292,-2.434,0.386,0.00
52.32309,-2.433,0.386,0.00
52.33326,-2.438,0.386,0.00
52.34345,-2.438,0.393,0.00
52.35363,-2.438,0.393,0.00
52.36379,-2.446,0.401,0.00
52.37394,-2.450,0.401,0.00
52.38411,-2.450,0.410,0.00
52.39428,-2.453,0.410,0.00
52.40443,-2.453,0.421,0.00
52.41458,-2.455,0.421,0.00
52.42481,-2.455,0.433,0.00
52.43496,-2.455,0.442,0.00
52.44511,-2.462,0.442,0.00
52.45527,-2.470,0.451,0.00
52.46543,-2.470,0.451,0.00
52.47559,-2.478,0.459,0.00
52.48574,-2.478,0.459,0.00
52.49590,-2.495,0.476,0.00
52.50606,-2.495,0.476,0.00
52.51622,-2.503,0.475,0.00
52.52637,-2.503,0.475,0.00
52.53653,-2.509,0.468,0.00
52.54679,-2.509,0.468,0.00
52.55695,-2.522,0.487,0.00
52.56710,-2.522,0.487,0.00
52.57725,-2.528,0.495,0.00
52.58740,-2.528,0.495,0.00
52.59756,-2.538,0.529,0.00
52.60771,-2.538,0.529,0.00
52.61787,-2.547,0.540,0.00
52.62807,-2.547,0.540,0.00
52.63822,-2.558,0.545,0.00
52.64838,-2.558,0.545,0.00
52.65853,-2.554,0.556,0.00
52.66873,-2.554,0.556,0.00
52.67889,-2.554,0.561,0.00
52.68904,-2.554,0.561,0.00
52.69919,-2.556,0.565,0.00
52.70958,-2.556,0.565,0.00
52.71973,-2.559,0.561,0.00
52.73004,-2.559,0.561,0.00
52.74020,-2.558,0.544,0.00
52.75037,-2.558,0.544,0.00
52.76104,-2.551,0.524,0.00
52.77129,-2.551,0.524,0.00
52.78158,-2.544,0.503,0.00
52.79193,-2.541,0.503,0.00
52.80208,-2.541,0.488,0.00
52.81234,-2.541,0.488,0.00
52.82252,-2.536,0.471,0.00
52.83268,-2.536,0.450,0.00
52.84284,-2.538,0.450,0.00
52.85300,-2.538,0.427,0.00
52.86319,-2.546,0.427,0.00
52.87357,-2.546,0.403,0.00
52.88384,-2.561,0.403,0.00
52.89422,-2.561,0.376,0.00
52.90449,-2.576,0.376,0.00
52.91486,-2.576,0.348,0.00
52.92515,-2.591,0.348,0.00
52.93548,-2.610,0.328,0.00
52.94586,-2.610,0.328,0.00
52.95602,-2.635,0.311,0.00
52.96616,-2.635,0.311,0.00
52.97634,-2.655,0.292,0.00
52.98649,-2.655,0.292,0.00
52.99675,-2.661,0.271,0.00
53.00691,-2.661,0.271,0.00
53.01707,-2.658,0.271,0.00
53.02724,-2.658,0.250,0.00
53.03740,-2.648,0.238,0.00
53.04759,-2.648,0.238,0.00
53.05774,-2.637,0.238,0.00
53.06793,-2.637,0.238,0.00
53.07807,-2.630,0.242,0.00
53.08821,-2.630,0.242,0.00
53.09837,-2.625,0.242,0.00
53.10856,-2.625,0.242,0.00
53.11897,-2.622,0.243,0.00
53.12913,-2.622,0.243,0.00
53.13927,-2.613,0.238,0.00
53.14948,-2.613,0.238,0.00
53.15962,-2.591,0.219,0.00
53.16977,-2.591,0.219,0.00
53.17992,-2.565,0.229,0.00
53.19016,-2.565,0.229,0.00
53.20030,-2.539,0.231,0.00
53.21051,-2.539,0.231,0.00
53.22067,-2.505,0.230,0.00
53.23082,-2.505,0.229,0.00
53.24096,-2.466,0.229,0.00
53.25120,-2.466,0.229,0.00
53.26135,-2.425,0.249,0.00
53.27148,-2.387,0.249,0.00
53.28162,-2.387,0.267,0.00
53.29179,-2.387,0.267,0.00
53.30192,-2.343,0.263,0.00
53.31210,-2.343,0.263,0.00
53.32227,-2.298,0.278,0.00
53.33242,-2.298,0.278,0.00
53.34257,-2.262,0.298,0.00
53.35273,-2.262,0.298,0.00
53.36288,-2.227,0.319,0.00
53.37303,-2.227,0.336,0.00
53.38316,-2.196,0.336,0.00
53.39330,-2.196,0.352,0.00
53.40344,-2.166,0.352,0.00
53.41376,-2.166,0.369,0.00
53.42419,-2.142,0.369,0.00
53.43451,-2.129,0.393,0.00
53.44499,-2.129,0.393,0.00
53.45519,-2.119,0.420,0.00
53.46551,-2.119,0.420,0.00
53.47588,-2.103,0.443,0.00
53.48621,-2.103,0.443,0.00
53.49657,-2.085,0.463,0.00
53.50688,-2.085,0.463,0.00
53.51726,-2.079,0.482,0.00
53.52778,-2.079,0.482,0.00
53.53796,-2.081,0.499,0.00
53.54841,-2.081,0.499,0.00
53.55869,-2.085,0.517,0.00
53.56904,-2.085,0.517,0.00
53.57942,-2.091,0.536,0.00
53.58972,-2.091,0.536,0.00
53.59999,-2.093,0.555,0.00
53.61149,-2.093,0.569,0.00
53.62179,-2.098,0.569,0.00
53.63210,-2.098,0.569,0.00
53.64247,-2.108,0.584,0.00
53.65401,-2.111,0.596,0.00
53.66415,-2.111,0.596,0.00
53.67430,-2.108,0.607,0.00
53.68444,-2.108,0.607,0.00
53.69459,-2.099,0.619,0.00
53.70490,-2.099,0.619,0.00
53.71504,-2.087,0.629,0.00
53.72539,-2.087,0.629,0.00
53.73572,-2.075,0.636,0.00
53.74614,-2.075,0.636,0.00
53.75645,-2.082,0.640,0.00
53.76677,-2.082,0.640,0.00
53.77693,-2.095,0.640,0.00
53.78709,-2.095,0.640,0.00
53.79726,-2.127,0.641,0.00
53.80741,-2.127,0.641,0.00
53.81770,-2.176,0.641,0.00
53.82785,-2.176,0.641,0.00
53.83801,-2.267,0.642,0.00
53.84816,-2.267,0.642,0.00
53.85863,-2.267,0.639,0.00
53.86891,-2.370,0.639,0.00
53.87928,-2.431,0.637,0.00
53.88941,-2.431,0.637,0.00
53.89988,-2.459,0.630,0.00
53.91063,-2.459,0.630,0.00
53.92113,-2.473,0.622,0.00
53.93144,-2.473,0.622,0.00
53.94158,-2.479,0.610,0.00
53.95252,-2.479,0.596,0.00
53.96276,-2.469,0.596,0.00
53.97313,-2.469,0.583,0.00
53.98328,-2.458,0.583,0.00
53.99343,-2.458,0.583,0.00
54.00358,-2.471,0.572,0.00
54.01375,-2.480,0.567,0.00
54.02388,-2.480,0.567,0.00
54.03404,-2.466,0.562,0.00
54.04418,-2.466,0.562,0.00
54.05433,-2.441,0.554,0.00
54.06447,-2.441,0.554,0.00
54.07461,-2.404,0.542,0.00
54.08480,-2.404,0.542,0.00
54.09520,-2.349,0.528,0.00
54.10537,-2.349,0.528,0.00
54.11552,-2.349,0.515,0.00
54.12566,-2.298,0.515,0.00
54.13580,-2.298,0.506,0.00
54.14623,-2.249,0.506,0.00
54.15639,-2.190,0.494,0.00
54.16655,-2.190,0.494,0.00
54.17673,-2.126,0.477,0.00
54.18688,-2.126,0.477,0.00
54.19787,-2.069,0.462,0.00
54.20807,-2.069,0.462,0.00
54.21824,-2.022,0.448,0.00
54.22840,-2.022,0.448,0.00
54.23855,-1.980,0.431,0.00
54.24879,-1.980,0.431,0.00
54.25896,-1.948,0.414,0.00
54.26917,-1.948,0.414,0.00
54.27933,-1.937,0.397,0.00
54.28983,-1.937,0.397,0.00
54.29994,-1.938,0.385,0.00
54.31034,-1.938,0.385,0.00
54.32050,-1.949,0.379,0.00
54.33071,-1.949,0.379,0.00
54.34090,-1.963,0.377,0.00
54.35117,-1.963,0.377,0.00
54.36135,-1.981,0.378,0.00
54.37150,-1.981,0.378,0.00
54.38172,-2.006,0.380,0.00
54.39197,-2.006,0.380,0.00
54.40216,-2.030,0.381,0.00
54.41236,-2.030,0.381,0.00
54.42254,-2.051,0.382,0.00
54.43272,-2.051,0.382,0.00
54.44290,-2.061,0.385,0.00
54.45307,-2.061,0.385,0.00
54.46325,-2.056,0.387,0.00
54.47341,-2.056,0.387,0.00
54.48356,-2.045,0.390,0.00
54.49373,-2.030,0.389,0.00
54.50390,-2.030,0.389,0.00
54.51407,-2.003,0.387,0.00
54.52424,-2.003,0.387,0.00
54.53440,-2.003,0.387,0.00
54.54486,-1.975,0.387,0.00
54.55519,-1.954,0.390,0.00
54.56534,-1.954,0.390,0.00
54.57552,-1.932,0.390,0.00
54.58565,-1.932,0.396,0.00
54.59589,-1.915,0.396,0.00
54.60632,-1.915,0.400,0.00
54.61652,-1.915,0.400,0.00
54.62679,-1.909,0.405,0.00
54.63697,-1.918,0.411,0.00
54.64712,-1.918,0.411,0.00
54.65728,-1.935,0.413,0.00
54.66743,-1.935,0.413,0.00
54.67802,-1.949,0.413,0.00
54.68822,-1.949,0.413,0.00
54.69839,-1.970,0.415,0.00
54.70858,-1.970,0.415,0.00
54.71874,-1.994,0.422,0.00
54.72912,-1.994,0.422,0.00
54.73928,-2.015,0.432,0.00
54.74942,-2.015,0.432,0.00
54.75958,-2.039,0.442,0.00
54.76973,-2.039,0.442,0.00
54.77998,-2.055,0.445,0.00
54.79013,-2.055,0.445,0.00
54.80029,-2.066,0.449,0.00
54.81047,-2.066,0.449,0.00
54.82073,-2.071,0.452,0.00
54.83115,-2.071,0.452,0.00
54.84131,-2.075,0.453,0.00
54.85178,-2.075,0.453,0.00
54.86193,-2.072,0.450,0.00
54.87228,-2.067,0.446,0.00
54.88243,-2.067,0.446,0.00
54.89316,-2.067,0.446,0.00
54.90330,-2.068,0.442,0.00
54.91348,-2.068,0.442,0.00
54.92364,-2.070,0.438,0.00
54.93379,-2.076,0.438,0.00
54.94393,-2.076,0.432,0.00
54.95422,-2.076,0.432,0.00
54.96447,-2.089,0.427,0.00
54.97464,-2.089,0.423,0.00
54.98479,-2.103,0.423,0.00
54.99494,-2.115,0.421,0.00
55.00509,-2.115,0.421,0.00
55.01526,-2.115,0.421,0.00
55.02542,-2.130,0.419,0.00
55.03558,-2.152,0.413,0.00
55.04573,-2.152,0.413,0.00
55.05588,-2.162,0.409,0.00
55.06603,-2.162,0.409,0.00
55.07617,-2.166,0.405,0.00
55.08632,-2.166,0.405,0.00
55.09672,-2.164,0.402,0.00
55.10694,-2.164,0.402,0.00
55.11709,-2.156,0.402,0.00
55.12723,-2.156,0.402,0.00
55.13739,-2.149,0.403,0.00
55.14753,-2.149,0.403,0.00
55.15768,-2.149,0.405,0.00
55.16783,-2.149,0.405,0.00
55.17798,-2.147,0.408,0.00
55.18812,-2.147,0.408,0.00
55.19827,-2.143,0.417,0.00
55.20842,-2.143,0.417,0.00
55.21858,-2.145,0.424,0.00
55.22891,-2.145,0.424,0.00
55.23905,-2.150,0.430,0.00
55.24932,-2.150,0.430,0.00
55.25947,-2.158,0.436,0.00
55.27136,-2.158,0.436,0.00
55.28152,-2.171,0.439,0.00
55.29218,-2.171,0.446,0.00
55.30232,-2.192,0.446,0.00
55.31247,-2.192,0.449,0.00
55.32261,-2.215,0.449,0.00
55.33277,-2.215,0.452,0.00
55.34291,-2.241,0.452,0.00
55.35422,-2.241,0.452,0.00
55.36472,-2.268,0.460,0.00
55.37488,-2.268,0.471,0.00
55.38502,-2.286,0.471,0.00
55.39518,-2.299,0.483,0.00
55.40532,-2.299,0.483,0.00
55.41546,-2.309,0.493,0.00
55.42560,-2.309,0.493,0.00
55.43575,-2.316,0.502,0.00
55.44590,-2.316,0.502,0.00
55.45630,-2.326,0.509,0.00
55.46645,-2.326,0.509,0.00
55.47659,-2.334,0.514,0.00
55.48673,-2.334,0.514,0.00
55.49689,-2.346,0.514,0.00
55.50703,-2.346,0.520,0.00
55.51718,-2.364,0.527,0.00
55.52732,-2.364,0.527,0.00
55.53747,-2.373,0.536,0.00
55.54773,-2.373,0.536,0.00
55.55787,-2.381,0.544,0.00
55.57004,-2.381,0.544,0.00
55.58018,-2.396,0.554,0.00
55.59033,-2.396,0.554,0.00
55.60048,-2.408,0.565,0.00
55.61091,-2.413,0.565,0.00
55.62106,-2.413,0.577,0.00
55.63121,-2.413,0.577,0.00
55.64135,-2.419,0.589,0.00
55.65150,-2.419,0.589,0.00
55.66175,-2.433,0.596,0.00
55.67190,-2.433,0.601,0.00
55.68206,-2.443,0.601,0.00
55.69220,-2.443,0.601,0.00
55.70234,-2.442,0.606,0.00
55.71249,-2.442,0.611,0.00
55.72264,-2.447,0.611,0.00
55.73281,-2.447,0.613,0.00
55.74305,-2.451,0.613,0.00
55.75349,-2.451,0.615,0.00
55.76379,-2.453,0.615,0.00
55.77394,-2.454,0.615,0.00
55.78411,-2.454,0.617,0.00
55.79426,-2.457,0.617,0.00
55.80439,-2.457,0.621,0.00
55.81454,-2.460,0.621,0.00
55.82477,-2.460,0.623,0.00
55.83491,-2.462,0.623,0.00
55.84505,-2.462,0.627,0.00
55.85521,-2.462,0.627,0.00
55.86535,-2.467,0.625,0.00
55.87550,-2.467,0.625,0.00
55.88564,-2.480,0.622,0.00
55.89579,-2.496,0.623,0.00
55.90593,-2.496,0.623,0.00
55.91607,-2.517,0.623,0.00
55.92621,-2.517,0.623,0.00
55.93636,-2.539,0.626,0.00
55.94651,-2.539,0.626,0.00
55.95666,-2.551,0.633,0.00
55.96681,-2.551,0.633,0.00
55.97695,-2.563,0.645,0.00
55.98709,-2.563,0.645,0.00
55.99728,-2.568,0.663,0.00
56.00755,-2.568,0.663,0.00
56.01789,-2.570,0.676,0.00
56.02831,-2.570,0.676,0.00
56.03861,-2.571,0.680,0.00
56.04903,-2.571,0.680,0.00
56.05939,-2.565,0.681,0.00
56.06965,-2.565,0.681,0.00
56.07981,-2.561,0.686,0.00
56.09003,-2.561,0.686,0.00
56.10012,-2.555,0.690,0.00
56.11028,-2.555,0.690,0.00
56.12044,-2.547,0.694,0.00
56.13088,-2.547,0.694,0.00
56.14124,-2.535,0.696,0.00
56.15201,-2.535,0.696,0.00
56.16217,-2.525,0.699,0.00
56.17234,-2.523,0.699,0.00
56.18265,-2.523,0.708,0.00
56.19300,-2.523,0.708,0.00
56.20328,-2.523,0.717,0.00
56.21402,-2.523,0.717,0.00
56.22418,-2.523,0.722,0.00
56.23456,-2.524,0.722,0.00
56.24557,-2.524,0.724,0.00
56.25571,-2.520,0.724,0.00
56.26585,-2.520,0.724,0.00
56.27600,-2.516,0.724,0.00
56.28616,-2.516,0.721,0.00
56.29688,-2.513,0.720,0.00
56.30704,-2.513,0.720,0.00
56.31717,-2.507,0.720,0.00
56.32731,-2.507,0.720,0.00
56.33822,-2.505,0.718,0.00
56.34837,-2.505,0.718,0.00
56.35853,-2.502,0.714,0.00
56.36874,-2.502,0.714,0.00
56.37889,-2.496,0.714,0.00
56.38910,-2.496,0.714,0.00
56.39924,-2.493,0.717,0.00
56.40939,-2.493,0.717,0.00
56.41954,-2.491,0.720,0.00
56.42972,-2.491,0.720,0.00
56.43987,-2.485,0.720,0.00
56.45003,-2.485,0.720,0.00
56.46020,-2.478,0.721,0.00
56.47040,-2.478,0.721,0.00
56.48056,-2.477,0.714,0.00
56.49077,-2.477,0.714,0.00
56.50093,-2.464,0.710,0.00
56.51135,-2.464,0.710,0.00
56.52150,-2.389,0.705,0.00
56.53181,-2.389,0.705,0.00
56.54197,-2.321,0.698,0.00
56.55279,-2.321,0.698,0.00
56.56276,-2.250,0.692,0.00
56.57294,-2.250,0.692,0.00
56.58311,-2.159,0.687,0.00
56.59327,-2.068,0.682,0.00
56.60344,-2.068,0.682,0.00
56.61378,-1.962,0.676,0.00
56.62408,-1.962,0.676,0.00
56.63438,-1.857,0.670,0.00
56.64475,-1.857,0.670,0.00
56.65493,-1.857,0.661,0.00
56.66517,-1.757,0.661,0.00
56.67539,-1.757,0.650,0.00
56.68556,-1.650,0.650,0.00
56.69571,-1.650,0.634,0.00
56.70588,-1.531,0.634,0.00
56.71604,-1.531,0.634,0.00
56.72636,-1.531,0.634,0.00
56.73730,-1.531,0.634,0.00
56.74747,-1.422,0.602,0.00
56.75763,-1.123,0.588,0.00
56.76855,-1.123,0.588,0.00
56.77867,-0.906,0.573,0.00
56.78920,-0.906,0.573,0.00
56.79937,-0.634,0.567,0.00
56.80975,-0.634,0.567,0.00
56.81992,-0.323,0.574,0.00
56.83055,-0.323,0.574,0.00
56.84073,0.026,0.591,0.00
56.85149,0.026,0.591,0.00
56.86166,0.409,0.609,0.00
56.87218,0.409,0.629,0.00
56.88235,0.849,0.629,0.00
56.89300,0.849,0.647,0.00
56.90318,1.355,0.647,0.00
56.91351,1.355,0.662,0.00
56.92381,1.892,0.662,0.00
56.93398,1.892,0.662,0.00
56.94417,2.454,0.675,0.00
56.95435,2.454,0.675,0.00
56.96450,3.065,0.686,0.00
56.97466,3.065,0.686,0.00
56.98484,3.716,0.696,0.00
56.99501,4.396,0.705,0.00
57.00517,4.396,0.705,0.00
57.01536,5.131,0.713,0.00
57.02552,5.131,0.713,0.00
57.03568,5.886,0.720,0.00
57.04585,5.886,0.720,0.00
57.05604,6.665,0.727,0.00
57.06633,6.665,0.727,0.00
57.07721,7.469,0.732,0.00
57.08744,7.469,0.732,0.00
57.09792,8.296,0.740,0.00
57.10847,8.296,0.740,0.00
57.11863,9.135,0.742,0.00
57.12946,9.135,0.742,0.00
57.13963,9.956,0.744,0.00
57.15041,9.956,0.744,0.00
57.16902,10.757,0.741,0.00
57.17917,11.536,0.737,0.00
57.19031,11.536,0.737,0.00
57.20104,12.267,0.733,12.00
57.21125,12.917,0.727,12.00
57.22159,12.917,0.727,12.00
57.23200,12.917,0.727,12.00
57.24216,13.505,0.722,12.00
57.25246,14.040,0.715,12.00
57.26476,14.040,0.715,12.00
57.27516,14.506,0.708,12.00
57.28550,14.506,0.708,12.00
57.31241,14.875,0.694,12.00
57.32255,15.125,0.678,12.00
57.34423,15.260,0.659,12.00
57.35460,15.284,0.644,12.00
57.37634,15.228,0.579,12.00
57.38648,15.228,0.579,12.00
57.41283,15.085,0.067,12.50
57.42299,14.833,0.067,12.50
57.44011,14.833,0.067,12.50
57.45033,14.412,-0.086,12.50
57.46080,13.840,-0.271,12.50
57.47288,13.169,-0.467,12.50
57.48303,13.169,-0.467,12.50
57.49370,12.415,-0.601,12.50
57.50431,12.415,-0.601,12.50
57.51447,12.415,-0.725,12.50
57.52484,11.531,-0.725,12.50
57.53587,10.564,-0.725,12.50
57.54603,10.564,-0.800,12.50
57.55672,9.601,-0.888,12.50
57.56757,9.601,-0.888,12.50
57.57776,8.648,-1.004,12.50
57.58796,8.648,-1.004,12.50
57.59936,7.670,-1.132,12.50
57.60954,7.670,-1.132,12.50
57.61968,6.682,-1.319,12.50
57.63054,6.682,-1.319,12.50
57.64784,5.709,-1.319,12.50
57.65816,5.709,-1.492,12.50
57.68086,5.709,-1.492,13.00
57.69204,3.829,-1.948,13.00
57.71241,2.114,-2.500,13.00
57.72277,2.114,-2.500,13.00
57.74378,2.114,-2.785,13.00
57.75396,1.364,-3.120,13.00
57.76429,0.671,-3.120,13.00
57.77570,0.077,-3.120,13.50
57.78601,0.077,-3.424,13.50
57.79616,-0.435,-3.774,13.50
57.80776,-0.435,-3.774,13.50
57.81813,-0.875,-4.090,13.50
57.82830,-0.875,-4.090,13.50
57.83962,-0.875,-4.364,13.50
57.84987,-1.270,-4.364,13.50
57.86024,-1.615,-4.672,13.50
57.87204,-1.615,-4.672,14.00
57.88221,-1.907,-4.935,14.00
57.89244,-1.907,-4.935,14.00
57.90355,-2.183,-5.193,14.00
57.91374,-2.183,-5.193,14.00
57.92387,-2.367,-5.410,14.00
57.93535,-2.367,-5.588,14.50
57.94553,-2.421,-5.588,14.50
57.95568,-2.415,-5.775,14.50
57.96582,-2.415,-5.775,14.50
57.98438,-2.416,-5.882,14.50
57.99453,-2.416,-5.952,14.50
58.01544,-2.374,-5.952,15.00
58.02561,-2.258,-5.968,15.00
58.04756,-2.128,-5.938,15.50
58.05774,-1.986,-5.847,15.50
58.08021,-1.837,-5.717,15.50
58.09064,-1.837,-5.717,15.50
58.10081,-1.708,-5.528,16.00
58.11338,-1.708,-5.528,16.00
58.12355,-1.585,-5.270,16.00
58.13369,-1.457,-5.270,16.00
58.14387,-1.457,-5.039,16.50
58.15401,-1.457,-5.039,16.50
58.16420,-1.326,-4.738,16.50
58.17561,-1.200,-4.738,17.00
58.18578,-1.200,-4.464,17.00
58.19596,-1.200,-4.464,17.00
58.20812,-1.100,-4.121,17.00
58.21830,-1.014,-3.772,17.00
58.22850,-1.014,-3.772,17.00
58.25561,-0.939,-3.398,17.50
58.26579,-0.870,-2.964,17.50
58.28800,-0.870,-2.530,18.00
58.29817,-0.818,-2.040,18.00
58.32020,-0.753,-1.580,18.00
58.33097,-0.753,-1.580,18.00
58.35216,-0.729,-1.013,18.50
58.36233,-0.719,-0.411,18.50
58.38351,-0.719,-0.411,18.50
58.39370,-0.721,0.170,18.50
58.40384,-0.744,0.868,18.50
58.41636,-0.788,1.482,19.00
58.42662,-0.788,1.482,19.00
58.43676,-0.848,2.296,19.00
58.44802,-0.848,2.296,19.00
58.45817,-0.911,3.014,19.00
58.46833,-0.911,3.014,19.00
58.47984,-0.911,3.014,19.50
58.49016,-0.985,3.738,19.50
58.50031,-1.065,4.555,19.50
58.51211,-1.065,5.232,19.50
58.52228,-1.141,5.232,19.50
58.53241,-1.141,5.232,19.50
58.54435,-1.209,5.976,20.00
58.55450,-1.285,6.664,20.00
58.56482,-1.285,6.664,20.00
58.57635,-1.361,7.383,20.00
58.58650,-1.361,7.383,20.00
58.59667,-1.416,8.178,20.00
58.62346,-1.416,8.178,20.00
58.63364,-1.453,8.831,20.00
58.65579,-1.485,9.603,20.00
58.66606,-1.485,10.228,20.00
58.68784,-1.476,10.228,20.50
58.69800,-1.463,11.581,20.50
58.72097,-1.445,12.223,20.50
58.73294,-1.445,12.223,20.50
58.75210,-1.421,12.976,20.50
58.76227,-1.391,13.749,20.50
58.77241,-1.391,13.749,20.50
58.78450,-1.365,14.468,20.50
58.79489,-1.332,15.257,20.50
58.80519,-1.332,15.257,20.50
58.81696,-1.285,15.941,20.50
58.82710,-1.285,15.941,20.50
58.83726,-1.238,16.738,20.50
58.84906,-1.238,16.738,20.50
58.85924,-1.187,17.375,20.50
58.87040,-1.187,17.375,20.50
58.88079,-1.141,18.085,20.50
58.89095,-1.141,18.085,20.50
58.90108,-1.092,18.763,20.50
58.92855,-1.044,19.451,21.00
58.93881,-1.007,20.151,21.00
58.96009,-1.007,20.668,21.00
58.97025,-0.947,20.668,21.00
58.99198,-0.947,21.256,21.00
59.00251,-0.916,21.814,21.00
59.02385,-0.916,22.294,21.00
59.03402,-0.886,22.294,21.00
59.04442,-0.872,22.841,21.00
59.05581,-0.872,23.222,21.00
59.06599,-0.851,23.222,21.00
59.07633,-0.840,23.770,21.00
59.09012,-0.840,23.770,21.00
59.10027,-0.830,24.212,21.00
59.11146,-0.830,24.212,21.00
59.12161,-0.838,24.574,21.00
59.13175,-0.838,24.574,21.00
59.14195,-0.844,25.058,21.00
59.15235,-0.844,25.058,21.00
59.16282,-0.844,25.351,21.00
59.17298,-0.844,25.351,21.00
59.18415,-0.852,25.803,21.00
59.19434,-0.859,26.127,21.00
59.20477,-0.859,26.127,21.00
59.21639,-0.868,26.465,21.00
59.22691,-0.868,26.465,21.00
59.23706,-0.874,26.833,21.00
59.26371,-0.872,26.833,21.00
59.27396,-0.876,27.067,21.00
59.29618,-0.876,27.736,21.00
59.30637,-0.872,27.736,21.00
59.32809,-0.862,28.022,21.00
59.33848,-0.841,28.326,21.00
59.35972,-0.813,28.326,21.00
59.37117,-0.813,28.468,21.00
59.39147,-0.788,28.770,21.00
59.40168,-0.764,28.882,21.00
59.41195,-0.764,28.882,21.00
59.42213,-0.735,29.042,0.00
59.43278,-0.735,29.042,0.00
59.44295,-0.702,29.202,0.00
59.45313,-0.674,29.202,0.00
59.46328,-0.674,29.162,0.00
59.47343,-0.643,29.285,0.00
59.48360,-0.643,29.285,0.00
59.49373,-0.643,29.285,0.00
59.50388,-0.605,29.217,0.00
59.51406,-0.571,29.278,0.00
59.52423,-0.571,29.278,0.00
59.53439,-0.556,29.332,0.00
59.54456,-0.556,29.332,0.00
59.55473,-0.556,29.286,0.00
59.56489,-0.536,29.286,0.00
59.57519,-0.536,29.401,0.00
59.58625,-0.521,29.401,0.00
59.59645,-0.503,29.401,0.00
59.60661,-0.503,29.401,0.00
59.61701,-0.503,29.454,0.00
59.62733,-0.450,29.454,0.00
59.63777,-0.450,29.403,0.00
59.64873,-0.465,29.403,0.00
59.65890,-0.537,29.361,0.00
59.66989,-0.537,29.361,0.00
59.68007,-0.628,29.386,0.00
59.69025,-0.628,29.386,0.00
59.70042,-0.756,29.359,0.00
59.71116,-0.756,29.359,0.00
59.72133,-0.947,29.326,0.00
59.73183,-0.947,29.326,0.00
59.74200,-1.164,29.141,0.00
59.75288,-1.164,29.141,0.00
59.76307,-1.307,28.740,0.00
59.77323,-1.307,28.740,0.00
59.78341,-1.334,27.608,0.00
59.79359,-1.334,27.608,0.00
59.80376,-1.369,26.078,0.00
59.81393,-1.369,26.078,0.00
59.82410,-1.478,25.233,0.00
59.83428,-1.478,25.233,0.00
59.84444,-1.538,23.821,0.00
59.85460,-1.538,23.821,0.00
59.86478,-1.502,22.079,0.00
59.87495,-1.447,22.079,0.00
59.88512,-1.447,19.618,0.00
59.89529,-1.509,17.477,0.00
59.90545,-1.509,17.477,0.00
59.91577,-1.564,15.282,0.00
59.92608,-1.564,15.282,0.00
59.93644,-1.552,12.679,0.00
59.94677,-1.552,12.679,0.00
59.95713,-1.503,9.382,0.00
59.96748,-1.503,9.382,0.00
59.97790,-1.482,6.541,0.00
59.98859,-1.482,6.541,0.00
59.99874,-1.472,3.754,0.00
60.00964,-1.472,3.754,0.00
60.01976,-1.391,1.053,0.00
60.03037,-1.391,1.053,0.00
60.04053,-1.270,-1.979,0.00
60.05112,-1.270,-1.979,0.00
60.06130,-1.188,-4.799,0.00
60.07145,-1.188,-4.799,0.00
60.08163,-1.120,-6.188,0.00
60.09180,-1.120,-6.188,0.00
60.10202,-1.003,-6.130,0.00
60.11224,-1.003,-6.130,0.00
60.12244,-0.870,-4.676,0.00
60.13271,-0.870,-2.379,0.00
60.14278,-0.757,-2.379,0.00
60.15293,-0.757,-2.379,0.00
60.16312,-0.696,-0.120,0.00
60.17330,-0.696,-0.120,0.00
60.18347,-0.690,1.707,0.00
60.19365,-0.690,1.707,0.00
60.20381,-0.724,2.693,0.00
60.21398,-0.724,2.693,0.00
60.22415,-0.792,1.905,0.00
60.23433,-0.870,1.905,0.00
60.24450,-0.870,0.567,0.00
60.25465,-0.870,0.567,0.00
60.26483,-0.900,-0.676,0.00
60.27500,-0.853,-0.676,0.00
60.28518,-0.853,-1.201,0.00
60.29535,-0.759,-1.629,0.00
60.30549,-0.759,-1.629,0.00
60.31596,-0.672,-1.794,0.00
60.32614,-0.672,-1.794,0.00
60.33652,-0.591,-1.794,0.00
60.34682,-0.591,-1.794,0.00
60.35715,-0.552,-1.798,0.00
60.36745,-0.552,-1.798,0.00
60.37788,-0.555,-1.887,0.00
60.38868,-0.555,-1.887,0.00
60.39885,-0.577,-1.984,0.00
60.40972,-0.577,-1.984,0.00
60.41988,-0.606,-1.926,0.00
60.43549,-0.606,-1.926,0.00
60.45132,-0.613,-1.630,0.00
60.46152,-0.613,-1.630,0.00
60.47259,-0.589,-0.556,0.00
60.48282,-0.589,-0.556,0.00
60.49834,-0.544,-0.556,0.00
60.51378,-0.544,0.176,0.00
60.52919,-0.498,0.890,0.00
60.54616,-0.501,1.392,0.00
60.55686,-0.501,1.392,0.00
60.56757,-0.501,1.586,0.00
60.57848,-0.490,1.586,0.00
60.58949,-0.490,1.376,0.00
60.60020,-0.503,0.862,0.00
60.61681,-0.503,0.426,0.00
60.62738,-0.520,0.426,0.00
60.64275,-0.531,0.111,0.00
60.65422,-0.544,-0.142,0.00
60.66441,-0.544,-0.142,0.00
60.67577,-0.558,-0.311,0.00
60.68595,-0.558,-0.311,0.00
60.69750,-0.581,-0.428,0.00
60.71386,-0.606,-0.428,0.00
60.72935,-0.606,-0.471,0.00
60.74023,-0.634,-0.471,0.00
60.75682,-0.634,-0.449,0.00
60.76779,-0.662,-0.388,0.00
60.77805,-0.662,-0.388,0.00
60.78910,-0.694,-0.288,0.00
60.79980,-0.723,-0.288,0.00
60.81124,-0.723,-0.150,0.00
60.82509,-0.751,0.012,0.00
60.83680,-0.751,0.012,0.00
60.84778,-0.785,0.180,0.00
60.86322,-0.829,0.180,0.00
60.87475,-0.880,0.313,0.00
60.88494,-0.880,0.313,0.00
60.89631,-0.928,0.249,0.00
60.90650,-0.928,0.249,0.00
60.92244,-0.928,0.134,0.00
60.93794,-1.009,0.010,0.00
60.94902,-1.009,0.010,0.00
60.95969,-1.042,0.010,0.00
60.99062,-1.042,-0.161,0.00
61.00215,-1.084,-0.200,0.00
61.01240,-1.084,-0.200,0.00
61.02315,-1.115,-0.202,0.00
61.03471,-1.115,-0.202,0.00
61.04647,-1.131,-0.170,0.00
61.05790,-1.145,-0.124,0.00
61.07337,-1.145,-0.124,0.00
61.08415,-1.152,-0.061,0.00
61.09953,-1.152,0.010,0.00
61.11042,-1.162,0.010,0.00
61.12111,-1.162,0.076,0.00
61.13259,-1.176,0.076,0.00
61.14702,-1.185,0.076,0.00
61.15732,-1.185,0.110,0.00
61.16847,-1.189,0.106,0.00
61.20151,-1.197,0.073,0.00
61.21733,-1.193,0.025,0.00
61.22760,-1.193,-0.012,0.00
61.23901,-1.188,-0.045,0.00
61.25312,-1.183,-0.064,0.00
61.26335,-1.183,-0.064,0.00
61.27876,-1.183,-0.064,0.00
61.29037,-1.173,-0.065,0.00
61.30610,-1.168,-0.054,0.00
61.31640,-1.168,-0.054,0.00
61.32718,-1.168,-0.037,0.00
61.34181,-1.169,-0.037,0.00
61.35332,-1.169,-0.037,0.00
61.36528,-1.179,0.015,0.00
61.38051,-1.189,0.036,0.00
61.39149,-1.189,0.036,0.00
61.40261,-1.189,0.047,0.00
61.41309,-1.219,0.047,0.00
61.42358,-1.219,0.045,0.00
61.49579,-1.219,0.009,0.00
61.50660,-1.283,-0.000,0.00
61.57950,-1.283,-0.000,0.00
61.58971,-1.365,0.023,0.00
61.59989,-0.419,0.028,0.00
61.61007,-0.419,0.028,0.00
61.62022,-0.439,0.039,0.00
61.63110,-0.439,0.039,0.00
61.64126,-0.455,0.044,0.00
61.65144,-0.455,0.044,0.00
61.66161,-0.464,0.044,0.00
61.67184,-0.464,0.044,0.00
61.68198,-0.469,0.037,0.00
61.69213,-0.468,0.037,0.00
61.70227,-0.468,0.030,0.00
61.71247,-0.468,0.030,0.00
61.72262,-0.461,0.027,0.00
61.73280,-0.461,0.032,0.00
61.74301,-0.451,0.032,0.00
61.75381,-0.451,0.032,0.00
61.76396,-0.435,0.042,0.00
61.77412,-0.435,0.042,0.00
61.78428,-0.414,0.053,0.00
61.79443,-0.393,0.063,0.00
61.80458,-0.393,0.063,0.00
61.81474,-0.386,0.073,0.00
61.82488,-0.386,0.073,0.00
61.83503,-0.377,0.084,0.00
61.84608,-0.377,0.084,0.00
61.85622,-0.361,0.090,0.00
61.86638,-0.361,0.090,0.00
61.87703,-0.344,0.095,0.00
61.88717,-0.344,0.095,0.00
61.89746,-0.321,0.099,0.00
61.90765,-0.321,0.099,0.00
61.91776,-0.303,0.106,0.00
61.92792,-0.303,0.106,0.00
61.93807,-0.289,0.116,0.00
61.94844,-0.289,0.116,0.00
61.95860,-0.275,0.124,0.00
61.96880,-0.275,0.124,0.00
61.97894,-0.261,0.135,0.00
61.98912,-0.261,0.135,0.00
61.99936,-0.249,0.147,0.00
62.00962,-0.249,0.147,0.00
62.01984,-0.244,0.156,0.00
62.03007,-0.244,0.156,0.00
62.04022,-0.251,0.164,0.00
62.05050,-0.251,0.164,0.00
62.06056,-0.263,0.169,0.00
62.07082,-0.263,0.169,0.00
62.08098,-0.274,0.174,0.00
62.09152,-0.274,0.174,0.00
62.10160,-0.281,0.178,0.00
62.11182,-0.281,0.178,0.00
62.12234,-0.289,0.182,0.00
62.13236,-0.289,0.182,0.00
62.14250,-0.297,0.186,0.00
62.15275,-0.304,0.189,0.00
62.16291,-0.304,0.189,0.00
62.17370,-0.304,0.189,0.00
62.18386,-0.315,0.191,0.00
62.19424,-0.315,0.195,0.00
62.20436,-0.327,0.195,0.00
62.21450,-0.327,0.195,0.00
62.22476,-0.337,0.200,0.00
62.23490,-0.337,0.200,0.00
62.24506,-0.344,0.201,0.00
62.25520,-0.344,0.201,0.00
62.26535,-0.353,0.202,0.00
62.27550,-0.364,0.202,0.00
62.28564,-0.364,0.202,0.00
62.29579,-0.371,0.201,0.00
62.30593,-0.371,0.201,0.00
62.31608,-0.378,0.202,0.00
62.32622,-0.378,0.202,0.00
62.33637,-0.384,0.204,0.00
62.34651,-0.384,0.204,0.00
62.35667,-0.390,0.209,0.00
62.36680,-0.390,0.209,0.00
62.37694,-0.392,0.209,0.00
62.38709,-0.392,0.209,0.00
62.39723,-0.390,0.211,0.00
62.40770,-0.390,0.211,0.00
62.41794,-0.388,0.212,0.00
62.42827,-0.388,0.212,0.00
62.43844,-0.383,0.212,0.00
62.44858,-0.383,0.211,0.00
62.45872,-0.380,0.206,0.00
62.46892,-0.380,0.206,0.00
62.47916,-0.372,0.203,0.00
62.48941,-0.372,0.203,0.00
62.49963,-0.360,0.202,0.00
62.50983,-0.360,0.202,0.00
62.52011,-0.357,0.204,0.00
62.53158,-0.357,0.204,0.00
62.54172,-0.359,0.209,0.00
62.55197,-0.359,0.212,0.00
62.56210,-0.367,0.212,0.00
62.57224,-0.367,0.212,0.00
62.58238,-0.373,0.215,0.00
62.59252,-0.373,0.215,0.00
62.60278,-0.372,0.220,0.00
62.61294,-0.372,0.220,0.00
62.62308,-0.377,0.225,0.00
62.63324,-0.377,0.225,0.00
62.64337,-0.388,0.232,0.00
62.65353,-0.388,0.232,0.00
62.66368,-0.407,0.233,0.00
62.67384,-0.407,0.233,0.00
62.68398,-0.430,0.236,0.00
62.69413,-0.446,0.237,0.00
62.70446,-0.446,0.237,0.00
62.71494,-0.459,0.234,0.00
62.72535,-0.459,0.234,0.00
62.73552,-0.459,0.230,0.00
62.74567,-0.478,0.230,0.00
62.75582,-0.496,0.229,0.00
62.76596,-0.496,0.229,0.00
62.77630,-0.502,0.226,0.00
62.78644,-0.502,0.226,0.00
62.79658,-0.502,0.228,0.00
62.80673,-0.502,0.228,0.00
62.81689,-0.501,0.231,0.00
62.82703,-0.501,0.231,0.00
62.83718,-0.499,0.230,0.00
62.84732,-0.499,0.230,0.00
62.85746,-0.513,0.225,0.00
62.86760,-0.513,0.225,0.00
62.87774,-0.528,0.221,0.00
62.88789,-0.528,0.221,0.00
62.89803,-0.539,0.222,0.00
62.90831,-0.539,0.222,0.00
62.91846,-0.543,0.228,0.00
62.92874,-0.543,0.228,0.00
62.93888,-0.542,0.232,0.00
62.94917,-0.542,0.232,0.00
62.95931,-0.522,0.235,0.00
62.96947,-0.522,0.235,0.00
62.97961,-0.466,0.238,0.00
62.98977,-0.466,0.238,0.00
62.99992,-0.338,0.240,0.00
63.01020,-0.152,0.240,0.00
63.02033,-0.152,0.244,0.00
63.03061,-0.152,0.244,0.00
63.04106,0.059,0.248,0.00
63.05123,0.059,0.248,0.00
63.06153,0.286,0.254,0.00
63.07188,0.286,0.254,0.00
63.08204,0.545,0.257,0.00
63.09219,0.545,0.257,0.00
63.10233,0.842,0.261,0.00
63.11247,1.156,0.261,0.00
63.12261,1.156,0.272,0.00
63.13277,1.532,0.272,0.00
63.14290,1.532,0.287,0.00
63.15329,1.956,0.287,0.00
63.16362,1.956,0.300,0.00
63.17397,2.424,0.310,0.00
63.18429,2.424,0.310,0.00
63.19443,2.424,0.320,0.00
63.20475,2.937,0.320,0.00
63.21490,2.937,0.330,0.00
63.22504,3.512,0.330,0.00
63.23518,3.512,0.330,0.00
63.24532,4.120,0.338,0.00
63.25545,4.120,0.338,0.00
63.26561,4.749,0.347,0.00
63.27575,4.749,0.347,0.00
63.28588,5.411,0.361,0.00
63.29604,6.108,0.381,0.00
63.30619,6.108,0.381,0.00
63.31634,6.827,0.403,0.00
63.32657,6.827,0.403,0.00
63.33676,6.827,0.428,0.00
63.34691,7.552,0.428,0.00
63.35705,8.288,0.455,0.00
63.36744,8.288,0.455,0.00
63.37763,9.038,0.480,0.00
63.38789,9.038,0.480,0.00
63.39804,9.773,0.504,0.00
63.40835,9.773,0.504,0.00
63.42332,10.483,0.504,0.00
63.43351,10.483,0.523,0.00
63.44365,11.184,0.544,0.00
63.45545,11.184,0.544,12.00
63.46567,11.849,0.564,12.00
63.47582,12.487,0.581,12.00
63.48822,12.487,0.581,12.00
63.49841,13.100,0.599,12.00
63.50964,13.100,0.599,12.00
63.52017,13.100,0.623,12.00
63.53049,13.684,0.623,12.00
63.54078,14.249,0.645,12.00
63.55229,14.776,0.645,12.00
63.56246,14.776,0.663,12.00
63.57286,14.776,0.663,12.00
63.58548,15.240,0.676,12.00
63.59558,15.630,0.676,12.00
63.60571,15.630,0.685,12.00
63.63180,15.932,0.701,12.00
63.64209,16.134,0.632,12.00
63.66448,16.231,0.632,12.50
63.67465,16.263,0.503,12.50
63.69527,16.263,0.397,12.50
63.70549,16.209,0.321,12.50
63.72771,16.209,0.253,12.50
63.73788,15.689,0.170,12.50
63.74818,15.689,0.170,12.50
63.76034,15.233,0.112,12.50
63.77069,14.671,0.112,12.50
63.78107,14.671,0.039,12.50
63.79203,14.671,0.039,12.50
63.80283,14.028,-0.055,12.50
63.81318,14.028,-0.055,12.50
63.82427,13.337,-0.147,12.50
63.83465,13.337,-0.147,12.50
63.84503,12.592,-0.266,12.50
63.85648,11.774,-0.266,12.50
63.86665,11.774,-0.375,12.50
63.87740,10.887,-0.516,12.50
63.88768,10.887,-0.516,12.50
63.89796,9.967,-0.668,12.50
63.90821,9.967,-0.668,12.50
63.93561,8.192,-0.856,13.00
63.94580,8.192,-1.104,13.00
63.96759,7.321,-1.304,13.00
63.97801,6.453,-1.547,13.00
63.99972,6.453,-1.775,13.00
64.01093,5.586,-1.775,13.00
64.03122,4.736,-2.029,13.50
64.04140,3.902,-2.297,13.50
64.05158,3.902,-2.297,13.50
64.06359,3.902,-2.562,13.50
64.07376,3.119,-2.562,13.50
64.08391,2.436,-2.843,13.50
64.09614,1.947,-3.133,13.50
64.10629,1.947,-3.133,13.50
64.11698,1.478,-3.404,13.50
64.12767,1.478,-3.404,14.00
64.13834,1.055,-3.679,14.00
64.14847,1.055,-3.679,14.00
64.16035,0.640,-3.931,14.00
64.17219,0.640,-3.931,14.00
64.18236,0.171,-4.192,14.00
64.19424,-0.333,-4.192,14.50
64.20442,-0.333,-4.421,14.50
64.21459,-0.333,-4.421,14.50
64.22576,-0.765,-4.656,14.50
64.23594,-1.009,-4.856,14.50
64.24610,-1.009,-4.856,14.50
64.27154,-1.193,-4.856,15.00
64.28173,-1.335,-5.214,15.00
64.30412,-1.358,-5.337,15.50
64.31431,-1.291,-5.443,15.50
64.33560,-1.291,-5.508,15.50
64.34593,-1.110,-5.508,15.50
64.36946,-0.878,-5.539,16.00
64.37962,-0.689,-5.547,16.00
64.39967,-0.569,-5.522,16.50
64.41122,-0.569,-5.522,16.50
64.42138,-0.529,-5.460,16.50
64.43205,-0.475,-5.376,17.00
64.44237,-0.475,-5.376,17.00
64.45279,-0.410,-5.289,17.00
64.46587,-0.410,-5.289,17.00
64.47601,-0.353,-5.169,17.00
64.48628,-0.353,-5.169,17.00
64.49739,-0.307,-5.043,17.50
64.50754,-0.307,-5.043,17.50
64.51770,-0.290,-4.889,17.50
64.52838,-0.290,-4.889,18.00
64.53854,-0.290,-4.726,18.00
64.54869,-0.290,-4.726,18.00
64.57589,-0.299,-4.294,18.00
64.58620,-0.307,-4.294,18.00
64.60761,-0.318,-4.087,18.50
64.61779,-0.330,-3.795,18.50
64.63943,-0.330,-3.795,18.50
64.64980,-0.334,-3.483,18.50
64.67278,-0.334,-3.122,19.00
64.68313,-0.349,-2.700,19.00
64.70319,-0.349,-2.700,19.00
64.71338,-0.372,-2.302,19.00
64.72351,-0.430,-1.801,19.00
64.73549,-0.430,-1.801,19.50
64.74580,-0.457,-1.323,19.50
64.75614,-0.515,-0.696,19.50
64.76911,-0.515,-0.696,19.50
64.77928,-0.591,-0.122,19.50
64.79177,-0.591,-0.122,19.50
64.80192,-0.651,0.483,20.00
64.81224,-0.651,0.483,20.00
64.82279,-0.707,1.175,20.00
64.83294,-0.762,1.778,20.00
64.84321,-0.762,1.778,20.00
64.85337,-0.809,2.515,20.00
64.87976,-0.836,2.515,20.00
64.88989,-0.836,3.197,20.00
64.91178,-0.850,3.960,20.00
64.92196,-0.854,4.815,20.00
64.94402,-0.849,5.482,20.50
64.95415,-0.849,6.271,20.50
64.97702,-0.828,6.271,20.50
64.98725,-0.796,6.946,20.50
65.00718,-0.770,6.946,20.50
65.01736,-0.732,8.427,20.50
65.02762,-0.732,8.427,20.50
65.04012,-0.685,9.112,20.50
65.05025,-0.685,9.112,20.50
65.06180,-0.632,9.909,20.50
65.07522,-0.632,10.663,20.50
65.08538,-0.566,10.663,20.50
65.09553,-0.510,11.419,20.50
65.10568,-0.510,11.419,20.50
65.11583,-0.447,12.174,20.50
65.12597,-0.447,12.174,20.50
65.13828,-0.447,12.846,20.50
65.14846,-0.390,12.846,20.50
65.15860,-0.342,13.660,20.50
65.18362,-0.342,14.320,21.00
65.19381,-0.289,14.320,21.00
65.21635,-0.193,15.106,21.00
65.22650,-0.193,15.750,21.00
65.24776,-0.146,16.413,21.00
65.25808,-0.100,17.073,21.00
65.27930,-0.100,17.073,21.00
65.28947,-0.061,17.524,21.00
65.29964,-0.026,18.100,21.00
65.31196,-0.026,18.100,21.00
65.32233,0.004,18.530,21.00
65.33267,0.004,18.958,21.00
65.34402,0.028,18.958,21.00
65.35422,0.046,18.958,21.00
65.36452,0.046,19.417,21.00
65.37640,0.053,19.417,21.00
65.38658,0.053,19.736,21.00
65.39711,0.047,20.253,21.00
65.40773,0.047,20.253,21.00
65.41811,0.042,20.558,21.00
65.42826,0.042,20.558,21.00
65.44037,0.042,20.558,21.00
65.45085,0.037,20.893,21.00
65.46128,0.026,21.283,21.00
65.47313,0.026,21.283,21.00
65.48329,0.010,21.535,21.00
65.49344,0.010,21.535,21.00
65.52059,-0.007,22.265,21.00
65.53091,-0.007,22.265,21.00
65.55131,-0.012,22.651,21.00
65.56149,-0.000,23.070,21.00
65.58357,0.021,23.070,21.00
65.59413,0.021,23.326,21.00
65.61599,0.053,24.067,21.00
65.62613,0.053,24.067,21.00
65.63648,0.068,24.438,21.00
65.64791,0.068,24.438,21.00
65.65817,0.076,24.797,21.00
65.66854,0.076,24.797,21.00
65.67878,0.068,25.071,0.00
65.68907,0.068,25.071,0.00
65.69948,0.059,25.490,0.00
65.70969,0.059,25.490,0.00
65.72000,0.082,25.776,0.00
65.73019,0.082,25.776,0.00
65.74035,0.121,26.109,0.00
65.75050,0.121,26.109,0.00
65.76066,0.151,26.379,0.00
65.77169,0.151,26.379,0.00
65.78185,0.182,26.573,0.00
65.79302,0.182,26.573,0.00
65.80317,0.213,26.896,0.00
65.81333,0.213,26.896,0.00
65.82349,0.248,27.006,0.00
65.83364,0.248,27.259,0.00
65.84379,0.271,27.259,0.00
65.85469,0.271,27.259,0.00
65.86486,0.299,27.380,0.00
65.87501,0.327,27.474,0.00
65.88515,0.327,27.474,0.00
65.89529,0.318,27.425,0.00
65.90543,0.318,27.425,0.00
65.91558,0.275,27.392,0.00
65.92574,0.275,27.392,0.00
65.93589,0.223,27.405,0.00
65.94604,0.223,27.405,0.00
65.95620,0.170,27.425,0.00
65.96635,0.170,27.425,0.00
65.97650,0.088,27.414,0.00
65.98665,0.088,27.414,0.00
65.99744,-0.002,27.293,0.00
66.00781,-0.002,27.293,0.00
66.01797,-0.045,26.960,0.00
66.02811,-0.045,26.960,0.00
66.03825,-0.029,26.160,0.00
66.04855,-0.029,26.160,0.00
66.05871,-0.065,25.403,0.00
66.06887,-0.065,25.403,0.00
66.07902,-0.199,24.563,0.00
66.08919,-0.199,24.563,0.00
66.09934,-0.252,23.484,0.00
66.10951,-0.252,23.484,0.00
66.11966,-0.220,21.902,0.00
66.12984,-0.220,21.902,0.00
66.13999,-0.189,20.109,0.00
66.15013,-0.189,20.109,0.00
66.16028,-0.304,18.583,0.00
66.17045,-0.304,18.583,0.00
66.18069,-0.388,16.711,0.00
66.19077,-0.388,16.711,0.00
66.20092,-0.328,13.909,0.00
66.21108,-0.328,13.909,0.00
66.22124,-0.257,10.411,0.00
66.23134,-0.257,10.411,0.00
66.24151,-0.298,7.927,0.00
66.25172,-0.298,7.927,0.00
66.26380,-0.345,5.362,0.00
66.27394,-0.310,2.619,0.00
66.28409,-0.310,2.619,0.00
66.29425,-0.223,-0.749,0.00
66.30439,-0.223,-0.749,0.00
66.31453,-0.181,-3.687,0.00
66.32469,-0.181,-3.687,0.00
66.33484,-0.199,-5.436,0.00
66.34499,-0.199,-5.436,0.00
66.35514,-0.098,-6.022,0.00
66.36530,-0.098,-6.022,0.00
66.37545,0.081,-4.605,0.00
66.38559,0.081,-4.605,0.00
66.39575,0.231,-2.250,0.00
66.40588,0.231,-2.250,0.00
66.41630,0.280,0.137,0.00
66.42648,0.280,0.137,0.00
66.43674,0.268,0.137,0.00
66.44695,0.268,1.955,0.00
66.45711,0.219,1.955,0.00
66.46732,0.219,3.127,0.00
66.47749,0.170,2.068,0.00
66.48765,0.170,2.068,0.00
66.49797,0.102,0.360,0.00
66.50835,0.102,0.360,0.00
66.51862,0.078,-1.082,0.00
66.52904,0.078,-1.082,0.00
66.53920,0.142,-1.575,0.00
66.54972,0.142,-1.575,0.00
66.56003,0.269,-1.888,0.00
66.57019,0.269,-1.888,0.00
66.58034,0.383,-2.143,0.00
66.59053,0.383,-2.143,0.00
66.60069,0.469,-2.245,0.00
66.61085,0.469,-2.245,0.00
66.62101,0.539,-2.478,0.00
66.63115,0.539,-2.478,0.00
66.64131,0.580,-2.858,0.00
66.65147,0.580,-2.858,0.00
66.66163,0.568,-3.257,0.00
66.67182,0.568,-3.257,0.00
66.68496,0.537,-3.503,0.00
66.70039,0.537,-3.503,0.00
66.71152,0.514,-3.494,0.00
66.72259,0.517,-3.299,0.00
66.73369,0.517,-3.299,0.00
66.74456,0.517,-2.986,0.00
66.75999,0.551,-2.986,0.00
66.77167,0.605,-2.592,0.00
66.78763,0.643,-2.139,0.00
66.80885,0.643,-1.641,0.00
66.82036,0.663,-1.147,0.00
66.84581,0.659,-0.645,0.00
66.86156,0.655,-0.645,0.00
66.87739,0.655,0.514,0.00
66.89355,0.629,0.514,0.00
66.90493,0.629,0.947,0.00
66.92020,0.626,0.947,0.00
66.93053,0.626,1.002,0.00
66.94351,0.611,1.002,0.00
66.95900,0.611,0.777,0.00
66.97550,0.590,0.447,0.00
66.98657,0.581,0.134,0.00
67.01786,0.589,-0.152,0.00
67.03552,0.612,-0.682,0.00
67.05169,0.692,-0.682,0.00
67.07252,0.692,-0.894,0.00
67.08277,0.692,-0.894,0.00
67.09854,0.734,-1.189,0.00
67.10925,0.755,-1.189,0.00
67.12119,0.759,-1.225,0.00
67.13295,0.759,-1.225,0.00
67.14389,0.771,-1.176,0.00
67.15914,0.771,-1.051,0.00
67.17185,0.788,-1.051,0.00
67.18759,0.794,-0.837,0.00
67.20383,0.794,-0.589,0.00
67.22039,0.788,-0.311,0.00
67.23237,0.788,-0.311,0.00
67.24556,0.761,-0.024,0.00
67.26127,0.724,0.233,0.00
67.27192,0.724,0.233,0.00
67.28304,0.684,0.424,0.00
67.30351,0.684,0.424,0.00
67.31461,0.648,0.486,0.00
67.32647,0.648,0.486,0.00
67.33845,0.583,0.292,0.00
67.35040,0.583,0.292,0.00
67.36630,0.556,0.119,0.00
67.37649,0.556,0.119,0.00
67.38742,0.529,-0.050,0.00
67.39817,0.505,-0.050,0.00
67.40919,0.505,-0.050,0.00
67.42021,0.478,-0.301,0.00
67.43674,0.478,-0.301,0.00
67.44812,0.445,-0.376,0.00
67.46379,0.423,-0.420,0.00
67.47950,0.416,-0.420,0.00
67.50159,0.408,-0.422,0.00
67.53886,0.392,-0.376,0.00
67.55234,0.386,-0.312,0.00
67.56822,0.391,-0.244,0.00
67.57871,0.391,-0.179,0.00
67.59002,0.384,-0.179,0.00
67.60019,0.384,-0.125,0.00
67.61047,0.370,-0.125,0.00
67.63307,0.367,-0.097,0.00
67.64377,0.367,-0.097,0.00
67.65435,0.381,-0.125,0.00
67.67506,0.401,-0.163,0.00
67.74022,0.401,-0.163,0.00
67.75040,0.478,-0.292,0.00
67.81612,0.478,-0.292,0.00
67.82629,0.489,-0.326,0.00
67.83670,-0.118,0.005,0.00
67.84676,-0.118,0.005,0.00
67.85691,-0.110,0.030,0.00
67.86705,-0.110,0.030,0.00
67.87721,-0.098,0.060,0.00
67.88752,-0.098,0.060,0.00
67.89768,-0.100,0.089,0.00
67.90791,-0.100,0.089,0.00
67.91814,-0.103,0.111,0.00
67.92838,-0.103,0.111,0.00
67.93869,-0.111,0.126,0.00
67.94892,-0.111,0.126,0.00
67.95906,-0.126,0.124,0.00
67.96931,-0.126,0.124,0.00
67.97954,-0.144,0.113,0.00
67.99049,-0.144,0.113,0.00
68.00072,-0.160,0.102,0.00
68.01116,-0.160,0.102,0.00
68.02122,-0.172,0.089,0.00
68.03200,-0.172,0.089,0.00
68.04204,-0.184,0.074,0.00
68.05245,-0.196,0.062,0.00
68.06280,-0.196,0.062,0.00
68.07350,-0.207,0.050,0.00
68.08381,-0.207,0.050,0.00
68.09421,-0.220,0.050,0.00
68.10435,-0.220,0.043,0.00
68.11449,-0.220,0.043,0.00
68.12474,-0.221,0.043,0.00
68.13489,-0.213,0.047,0.00
68.14505,-0.213,0.047,0.00
68.15520,-0.215,0.056,0.00
68.16555,-0.215,0.056,0.00
68.17610,-0.216,0.068,0.00
68.18625,-0.216,0.068,0.00
68.19704,-0.203,0.078,0.00
68.20727,-0.203,0.078,0.00
68.21745,-0.194,0.086,0.00
68.22771,-0.194,0.086,0.00
68.23798,-0.187,0.092,0.00
68.24822,-0.187,0.092,0.00
68.25869,-0.180,0.096,0.00
68.26890,-0.180,0.096,0.00
68.27908,-0.175,0.097,0.00
68.28924,-0.175,0.097,0.00
68.29939,-0.173,0.093,0.00
68.31143,-0.173,0.093,0.00
68.32161,-0.170,0.084,0.00
68.33191,-0.167,0.084,0.00
68.34206,-0.167,0.078,0.00
68.35300,-0.167,0.078,0.00
68.36315,-0.170,0.074,0.00
68.37352,-0.171,0.074,0.00
68.38381,-0.171,0.074,0.00
68.39397,-0.171,0.073,0.00
68.40414,-0.175,0.073,0.00
68.41430,-0.175,0.070,0.00
68.42444,-0.175,0.070,0.00
68.43473,-0.175,0.070,0.00
68.44488,-0.174,0.070,0.00
68.45503,-0.171,0.073,0.00
68.46518,-0.171,0.073,0.00
68.47551,-0.166,0.082,0.00
68.48566,-0.166,0.082,0.00
68.49602,-0.172,0.089,0.00
68.50617,-0.172,0.089,0.00
68.51635,-0.176,0.092,0.00
68.52650,-0.176,0.092,0.00
68.53666,-0.176,0.092,0.00
68.54681,-0.176,0.092,0.00
68.55698,-0.173,0.091,0.00
68.56714,-0.173,0.091,0.00
68.57730,-0.177,0.089,0.00
68.58745,-0.177,0.089,0.00
68.59764,-0.182,0.087,0.00
68.60779,-0.182,0.087,0.00
68.61796,-0.181,0.084,0.00
68.62812,-0.181,0.084,0.00
68.63852,-0.174,0.081,0.00
68.64944,-0.174,0.081,0.00
68.65961,-0.174,0.081,0.00
68.67017,-0.161,0.081,0.00
68.68033,-0.148,0.085,0.00
68.69051,-0.148,0.085,0.00
68.70077,-0.133,0.090,0.00
68.71094,-0.133,0.090,0.00
68.72112,-0.118,0.095,0.00
68.73128,-0.118,0.095,0.00
68.74146,-0.113,0.101,0.00
68.75194,-0.113,0.101,0.00
68.76212,-0.110,0.107,0.00
68.77228,-0.102,0.107,0.00
68.78245,-0.102,0.113,0.00
68.79271,-0.102,0.113,0.00
68.80288,-0.096,0.116,0.00
68.81353,-0.096,0.116,0.00
68.82370,-0.088,0.118,0.00
68.83397,-0.088,0.118,0.00
68.84426,-0.079,0.118,0.00
68.85446,-0.079,0.121,0.00
68.86475,-0.077,0.121,0.00
68.87491,-0.077,0.120,0.00
68.88508,-0.084,0.120,0.00
68.89524,-0.082,0.121,0.00
68.90539,-0.082,0.121,0.00
68.91555,-0.088,0.124,0.00
68.92570,-0.088,0.124,0.00
68.93597,-0.100,0.126,0.00
68.94628,-0.100,0.126,0.00
68.95673,-0.115,0.131,0.00
68.96720,-0.115,0.131,0.00
68.97747,-0.135,0.136,0.00
68.98926,-0.135,0.136,0.00
68.99942,-0.150,0.138,0.00
69.00959,-0.150,0.138,0.00
69.01974,-0.164,0.146,0.00
69.03052,-0.164,0.146,0.00
69.04068,-0.178,0.153,0.00
69.05146,-0.178,0.153,0.00
69.06161,-0.190,0.161,0.00
69.07177,-0.190,0.167,0.00
69.08191,-0.205,0.167,0.00
69.09208,-0.205,0.174,0.00
69.10234,-0.209,0.174,0.00
69.11253,-0.209,0.174,0.00
69.12293,-0.215,0.178,0.00
69.13309,-0.215,0.178,0.00
69.14325,-0.221,0.178,0.00
69.15347,-0.221,0.178,0.00
69.16362,-0.223,0.180,0.00
69.17378,-0.223,0.180,0.00
69.18393,-0.222,0.183,0.00
69.19409,-0.222,0.183,0.00
69.20423,-0.221,0.184,0.00
69.21449,-0.221,0.184,0.00
69.22473,-0.233,0.184,0.00
69.23489,-0.252,0.184,0.00
69.24503,-0.252,0.184,0.00
69.25518,-0.252,0.184,0.00
69.26533,-0.270,0.186,0.00
69.27548,-0.298,0.193,0.00
69.28562,-0.298,0.193,0.00
69.29588,-0.320,0.198,0.00
69.30618,-0.320,0.198,0.00
69.31657,-0.321,0.201,0.00
69.32689,-0.321,0.201,0.00
69.33727,-0.318,0.201,0.00
69.34758,-0.318,0.201,0.00
69.35796,-0.300,0.204,0.00
69.36827,-0.300,0.204,0.00
69.37884,-0.275,0.204,0.00
69.38900,-0.275,0.204,0.00
69.39936,-0.254,0.203,0.00
69.40967,-0.254,0.203,0.00
69.41981,-0.229,0.202,0.00
69.42996,-0.229,0.202,0.00
69.44031,-0.211,0.205,0.00
69.45048,-0.211,0.205,0.00
69.46075,-0.208,0.206,0.00
69.47095,-0.208,0.206,0.00
69.48111,-0.206,0.206,0.00
69.49126,-0.206,0.206,0.00
69.50141,-0.201,0.207,0.00
69.51155,-0.201,0.207,0.00
69.52171,-0.201,0.206,0.00
69.53187,-0.201,0.206,0.00
69.54200,-0.216,0.204,0.00
69.55219,-0.216,0.204,0.00
69.56232,-0.232,0.206,0.00
69.57251,-0.232,0.206,0.00
69.58275,-0.244,0.207,0.00
69.59291,-0.244,0.207,0.00
69.60304,-0.246,0.212,0.00
69.61319,-0.248,0.220,0.00
69.62332,-0.248,0.220,0.00
69.63383,-0.248,0.220,0.00
69.64426,-0.240,0.229,0.00
69.65442,-0.240,0.237,0.00
69.66456,-0.204,0.237,0.00
69.67471,-0.204,0.244,0.00
69.68486,-0.138,0.244,0.00
69.69500,-0.138,0.253,0.00
69.70525,-0.062,0.253,0.00
69.71559,-0.062,0.261,0.00
69.72576,0.070,0.261,0.00
69.73592,0.070,0.261,0.00
69.74607,0.248,0.265,0.00
69.75621,0.248,0.265,0.00
69.76636,0.443,0.273,0.00
69.77651,0.635,0.279,0.00
69.78665,0.635,0.279,0.00
69.79682,0.859,0.285,0.00
69.80696,0.859,0.285,0.00
69.81711,1.140,0.291,0.00
69.82725,1.140,0.291,0.00
69.83741,1.473,0.296,0.00
69.84765,1.473,0.296,0.00
69.85788,1.835,0.302,0.00
69.86818,1.835,0.302,0.00
69.87834,2.197,0.308,0.00
69.88948,2.197,0.308,0.00
69.89976,2.543,0.312,0.00
69.90997,2.543,0.312,0.00
69.92015,2.928,0.315,0.00
69.93040,2.928,0.315,0.00
69.94073,3.384,0.321,0.00
69.95091,3.384,0.321,0.00
69.96116,3.845,0.324,0.00
69.97131,3.845,0.324,0.00
69.98147,4.326,0.329,0.00
69.99162,4.326,0.329,0.00
70.00178,4.804,0.337,0.00
70.01193,4.804,0.348,0.00
70.02209,5.292,0.348,0.00
70.03224,5.292,0.348,0.00
70.04240,5.811,0.365,0.00
70.05256,6.331,0.387,0.00
70.06271,6.331,0.387,0.00
70.07287,6.874,0.408,0.00
70.08320,6.874,0.408,0.00
70.09347,7.461,0.430,0.00
70.10376,7.461,0.430,0.00
70.11391,7.461,0.430,0.00
70.12408,8.053,0.447,0.00
70.13423,8.053,0.447,0.00
70.14437,8.631,0.458,0.00
70.15452,9.204,0.461,0.00
70.16478,9.204,0.461,0.00
70.17489,9.774,0.458,0.00
70.18504,9.774,0.458,0.00
70.20803,10.345,0.452,0.00
70.21825,10.895,0.442,0.00
70.22958,10.895,0.442,12.00
70.24037,11.414,0.432,12.00
70.25079,11.414,0.432,12.00
70.26095,11.870,0.418,12.00
70.27119,11.870,0.418,12.00
70.28139,12.255,0.405,12.00
70.29154,12.255,0.405,12.00
70.30410,12.605,0.393,12.00
70.31429,12.605,0.393,12.00
70.32443,12.919,0.381,12.00
70.33524,12.919,0.381,12.00
70.34545,13.152,0.376,12.00
70.35561,13.291,0.369,12.00
70.38361,13.338,0.369,12.00
70.39395,13.296,0.361,12.00
70.41599,13.296,0.286,12.00
70.42616,13.188,0.286,12.00
70.44705,13.038,0.286,12.50
70.45724,12.834,0.056,12.50
70.47928,12.834,0.056,12.50
70.48948,12.539,-0.008,12.50
70.51210,12.119,-0.089,12.50
70.52235,11.582,-0.187,12.50
70.54419,10.958,-0.271,12.50
70.55434,10.256,-0.271,12.50
70.56449,10.256,-0.358,12.50
70.57546,10.256,-0.426,12.50
70.58563,9.421,-0.426,12.50
70.59579,8.521,-0.479,12.50
70.60708,8.521,-0.479,12.50
70.61725,7.652,-0.544,12.50
70.62750,7.652,-0.544,12.50
70.64058,7.652,-0.601,12.50
70.65129,6.826,-0.601,12.50
70.66143,6.038,-0.689,12.50
70.67272,5.283,-0.764,12.50
70.68289,5.283,-0.764,12.50
70.69304,4.568,-0.764,12.50
70.72047,3.920,-0.870,13.00
70.73076,3.920,-0.986,13.00
70.75257,2.842,-0.986,13.00
70.76276,2.842,-1.307,13.00
70.78321,2.842,-1.307,13.00
70.79340,2.405,-1.476,13.00
70.81543,2.023,-1.874,13.50
70.82562,1.672,-1.874,13.50
70.84958,1.355,-2.096,13.50
70.85974,1.082,-2.335,13.50
70.88028,0.880,-2.548,13.50
70.89058,0.880,-2.548,13.50
70.90086,0.733,-2.805,13.50
70.91123,0.733,-2.805,14.00
70.92141,0.733,-2.805,14.00
70.93166,0.733,-2.805,14.00
70.94396,0.402,-3.235,14.00
70.95411,0.402,-3.451,14.00
70.96429,0.345,-3.451,14.00
70.97547,0.345,-3.451,14.50
70.98566,0.321,-3.642,14.50
70.99580,0.321,-3.849,14.50
71.00772,0.267,-3.849,14.50
71.01798,0.212,-4.031,14.50
71.02823,0.212,-4.031,14.50
71.05548,0.232,-4.213,15.00
71.06563,0.232,-4.418,15.00
71.08777,0.305,-4.418,15.50
71.09803,0.383,-4.729,15.50
71.12004,0.383,-4.853,15.50
71.13022,0.462,-4.853,15.50
71.15315,0.544,-4.954,16.00
71.16340,0.638,-5.027,16.00
71.17365,0.760,-5.063,16.50
71.18400,0.760,-5.063,16.50
71.19415,0.884,-5.072,16.50
71.20429,0.884,-5.072,16.50
71.21568,0.993,-5.072,17.00
71.22585,0.993,-5.031,17.00
71.23604,0.993,-5.031,17.00
71.24800,1.064,-4.962,17.00
71.25817,1.126,-4.853,17.00
71.26889,1.126,-4.853,17.00
71.27973,1.178,-4.853,17.50
71.29153,1.178,-4.717,17.50
71.30171,1.217,-4.546,17.50
71.31208,1.242,-4.369,18.00
71.32222,1.242,-4.369,18.00
71.33239,1.242,-4.369,18.00
71.35941,1.251,-3.886,18.00
71.36989,1.249,-3.886,18.00
71.39377,1.220,-3.190,18.50
71.40407,1.220,-3.190,18.50
71.42368,1.198,-3.190,18.50
71.43388,1.198,-2.817,18.50
71.45559,1.159,-1.958,19.00
71.46576,1.108,-1.958,19.00
71.48733,1.038,-1.512,19.00
71.49764,0.961,-1.033,19.00
71.50813,0.961,-1.033,19.00
71.51933,0.961,-1.033,19.50
71.52952,0.883,-0.577,19.50
71.53989,0.796,0.026,19.50
71.55303,0.722,0.026,19.50
71.56346,0.722,0.513,19.50
71.57406,0.722,0.513,19.50
71.58507,0.644,1.030,20.00
71.59523,0.576,1.549,20.00
71.60539,0.576,1.549,20.00
71.63119,0.519,1.549,20.00
71.64140,0.473,2.465,20.00
71.66376,0.473,2.891,20.00
71.67396,0.434,3.390,20.00
71.69563,0.385,3.390,20.00
71.70645,0.385,3.906,20.00
71.72724,0.373,4.304,20.50
71.73745,0.365,4.752,20.50
71.76044,0.369,5.142,20.50
71.77059,0.369,5.142,20.50
71.79114,0.382,5.662,20.50
71.80134,0.415,6.017,20.50
71.81151,0.415,6.017,20.50
71.82316,0.453,6.444,20.50
71.83439,0.496,6.851,20.50
71.84504,0.496,6.851,20.50
71.85608,0.548,7.251,20.50
71.86639,0.548,7.251,20.50
71.87688,0.607,7.804,20.50
71.88769,0.607,7.804,20.50
71.89789,0.674,8.259,20.50
71.90808,0.674,8.259,20.50
71.91931,0.739,8.778,20.50
71.92948,0.739,8.778,20.50
71.93966,0.811,9.370,20.50
71.96783,0.881,9.904,21.00
71.97820,0.957,10.596,21.00
71.99987,1.033,11.165,21.00
72.01091,1.033,11.165,21.00
72.03105,1.100,11.884,21.00
72.04125,1.162,12.629,21.00
72.06382,1.216,13.199,21.00
72.07398,1.266,13.199,21.00
72.08426,1.266,13.909,21.00
72.09632,1.266,14.450,21.00
72.10568,1.317,14.450,21.00
72.11646,1.364,15.077,21.00
72.12777,1.364,15.077,21.00
72.13830,1.411,15.628,21.00
72.14890,1.411,15.628,21.00
72.15917,1.411,16.146,21.00
72.16935,1.440,16.146,21.00
72.17952,1.461,16.764,21.00
72.19196,1.461,17.280,21.00
72.20211,1.475,17.280,21.00
72.21226,1.475,17.847,21.00
72.22357,1.476,17.847,21.00
72.23398,1.476,18.309,21.00
72.24435,1.474,18.309,21.00
72.25553,1.474,18.309,21.00
72.26573,1.460,18.744,21.00
72.27589,1.440,19.270,21.00
72.28702,1.440,19.270,21.00
72.30357,1.440,19.614,21.00
72.31375,1.413,20.128,21.00
72.33776,1.332,20.482,21.00
72.34916,1.332,20.482,21.00
72.36841,1.275,20.939,21.00
72.37858,1.216,21.396,21.00
72.39898,1.216,21.396,21.00
72.40930,1.156,21.660,21.00
72.41945,1.102,22.077,21.00
72.43326,1.102,22.077,21.00
72.44340,1.060,22.365,21.00
72.45392,1.024,22.663,0.00
72.46407,1.024,22.663,0.00
72.47420,0.996,22.663,0.00
72.48435,0.996,22.982,0.00
72.49477,0.979,22.982,0.00
72.50516,0.979,23.155,0.00
72.51561,0.978,23.564,0.00
72.52588,0.978,23.564,0.00
72.53621,0.978,23.564,0.00
72.54657,0.978,23.754,0.00
72.55700,0.971,23.754,0.00
72.56753,0.971,24.040,0.00
72.57774,0.971,24.040,0.00
72.58799,0.942,24.345,0.00
72.59815,0.913,24.561,0.00
72.60838,0.913,24.561,0.00
72.61853,0.862,24.959,0.00
72.62878,0.862,24.959,0.00
72.63884,0.790,25.196,0.00
72.64908,0.790,25.196,0.00
72.65925,0.725,25.568,0.00
72.66951,0.725,25.568,0.00
72.67974,0.652,25.766,0.00
72.68999,0.652,25.766,0.00
72.70022,0.566,25.924,0.00
72.71039,0.566,25.924,0.00
72.72072,0.500,26.102,0.00
72.73088,0.500,26.102,0.00
72.74120,0.454,26.285,0.00
72.75138,0.454,26.285,0.00
72.76162,0.364,26.443,0.00
72.77204,0.364,26.443,0.00
72.78240,0.267,26.495,0.00
72.79306,0.267,26.495,0.00
72.80321,0.203,26.404,0.00
72.81365,0.171,26.039,0.00
72.82394,0.171,26.039,0.00
72.83408,0.171,25.325,0.00
72.84422,0.073,25.325,0.00
72.85438,0.073,25.325,0.00
72.86453,-0.054,24.618,0.00
72.87479,-0.054,24.618,0.00
72.88494,-0.114,23.679,0.00
72.89509,-0.114,23.679,0.00
72.90525,-0.093,22.190,0.00
72.91541,-0.060,20.432,0.00
72.92556,-0.060,20.432,0.00
72.93570,-0.060,20.432,0.00
72.94586,-0.115,18.886,0.00
72.95601,-0.104,17.072,0.00
72.96616,-0.104,17.072,0.00
72.97631,0.000,14.670,0.00
72.98646,0.000,14.670,0.00
72.99671,0.094,11.222,0.00
73.00686,0.094,11.222,0.00
73.01702,0.097,9.179,0.00
73.02716,0.097,9.179,0.00
73.03731,0.107,6.754,0.00
73.04746,0.107,6.754,0.00
73.05761,0.195,4.236,0.00
73.06775,0.195,4.236,0.00
73.07790,0.308,0.960,0.00
73.08804,0.308,0.960,0.00
73.09818,0.400,-1.788,0.00
73.10833,0.400,-1.788,0.00
73.11847,0.484,-3.876,0.00
73.12875,0.484,-3.876,0.00
73.13890,0.637,-5.372,0.00
73.14912,0.637,-5.372,0.00
73.15925,0.851,-5.319,0.00
73.17011,0.851,-5.319,0.00
73.18080,1.060,-3.647,0.00
73.19166,1.060,-3.647,0.00
73.20196,1.220,-1.572,0.00
73.21212,1.220,-1.572,0.00
73.22227,1.318,0.497,0.00
73.23256,1.318,0.497,0.00
73.24272,1.360,1.986,0.00
73.25287,1.360,1.986,0.00
73.26302,1.371,2.650,0.00
73.27317,1.371,2.650,0.00
73.28331,1.370,1.431,0.00
73.29345,1.370,1.431,0.00
73.30360,1.378,0.022,0.00
73.31376,1.429,0.022,0.00
73.32389,1.429,-1.204,0.00
73.33404,1.526,-1.352,0.00
73.34418,1.526,-1.352,0.00
73.35498,1.526,-1.352,0.00
73.36540,1.650,-1.725,0.00
73.37556,1.650,-1.844,0.00
73.38570,1.770,-1.844,0.00
73.39598,1.770,-1.844,0.00
73.40623,1.867,-1.954,0.00
73.41637,1.928,-2.183,0.00
73.42652,1.928,-2.183,0.00
73.43667,1.928,-2.480,0.00
73.44681,1.933,-2.480,0.00
73.46799,1.901,-2.731,0.00
73.48872,1.901,-2.814,0.00
73.52136,1.768,-2.461,0.00
73.53735,1.768,-2.461,0.00
73.55333,1.745,-1.192,0.00
73.57008,1.732,-1.192,0.00
73.59108,1.717,-0.686,0.00
73.60651,1.680,-0.182,0.00
73.62254,1.680,-0.182,0.00
73.63967,1.628,0.956,0.00
73.65006,1.628,0.956,0.00
73.66109,1.572,0.956,0.00
73.67316,1.521,1.376,0.00
73.68933,1.471,1.411,0.00
73.70499,1.415,1.411,0.00
73.71581,1.415,1.173,0.00
73.73126,1.342,0.814,0.00
73.74205,1.258,0.484,0.00
73.75901,1.180,0.484,0.00
73.76973,1.180,0.182,0.00
73.79068,1.126,-0.081,0.00
73.81139,1.092,-0.348,0.00
73.82752,1.064,-0.561,0.00
73.83765,1.064,-0.561,0.00
73.84937,1.031,-0.748,0.00
73.86489,0.995,-0.748,0.00
73.87821,0.957,-0.894,0.00
73.89368,0.957,-0.967,0.00
73.90487,0.921,-0.959,0.00
73.92545,0.895,-0.886,0.00
73.94170,0.875,-0.766,0.00
73.95385,0.875,-0.766,0.00
73.97031,0.871,-0.574,0.00
73.98167,0.871,-0.367,0.00
74.00225,0.877,-0.131,0.00
74.02317,0.882,0.131,0.00
74.03339,0.889,0.131,0.00
74.04388,0.889,0.394,0.00
74.05930,0.889,0.394,0.00
74.07025,0.903,0.582,0.00
74.08125,0.910,0.678,0.00
74.09682,0.910,0.678,0.00
74.10789,0.911,0.648,0.00
74.11927,0.907,0.486,0.00
74.12969,0.907,0.486,0.00
74.14095,0.899,0.309,0.00
74.15226,0.899,0.309,0.00
74.17022,0.893,0.135,0.00
74.19131,0.895,-0.024,0.00
74.20322,0.902,-0.024,0.00
74.21469,0.905,-0.261,0.00
74.22490,0.905,-0.261,0.00
74.23627,0.900,-0.332,0.00
74.24647,0.900,-0.332,0.00
74.26197,0.900,-0.332,0.00
74.27294,0.890,-0.366,0.00
74.28358,0.874,-0.358,0.00
74.29950,0.856,-0.358,0.00
74.30982,0.856,-0.313,0.00
74.32517,0.836,-0.236,0.00
74.33671,0.812,-0.141,0.00
74.35800,0.812,-0.141,0.00
74.36897,0.793,-0.026,0.00
74.37922,0.793,-0.026,0.00
74.39026,0.772,0.086,0.00
74.40122,0.772,0.086,0.00
74.41272,0.726,0.234,0.00
74.42287,0.726,0.234,0.00
74.43829,0.726,0.234,0.00
74.44920,0.706,0.251,0.00
74.46035,0.685,0.222,0.00
74.52004,0.685,0.222,0.00
74.53032,0.658,0.010,0.00
74.59710,0.658,0.010,0.00
74.60731,0.643,-0.205,0.00
74.61749,-0.273,-0.049,0.00
74.62768,-0.273,-0.049,0.00
74.63783,-0.283,-0.030,0.00
74.64802,-0.283,-0.030,0.00
74.65817,-0.302,0.006,0.00
74.66857,-0.302,0.006,0.00
74.67872,-0.346,0.049,0.00
74.68887,-0.346,0.049,0.00
74.69902,-0.411,0.096,0.00
74.70916,-0.411,0.096,0.00
74.71931,-0.502,0.135,0.00
74.72949,-0.502,0.135,0.00
74.73993,-0.594,0.168,0.00
74.75013,-0.594,0.168,0.00
74.76030,-0.654,0.194,0.00
74.77044,-0.654,0.194,0.00
74.78058,-0.716,0.201,0.00
74.79157,-0.716,0.201,0.00
74.80179,-0.762,0.196,0.00
74.81200,-0.762,0.196,0.00
74.82226,-0.804,0.183,0.00
74.83242,-0.804,0.183,0.00
74.84269,-0.839,0.172,0.00
74.85286,-0.839,0.172,0.00
74.86302,-0.854,0.168,0.00
74.87318,-0.854,0.168,0.00
74.88333,-0.865,0.168,0.00
74.89348,-0.865,0.179,0.00
74.90363,-0.884,0.179,0.00
74.91413,-0.884,0.194,0.00
74.92427,-0.918,0.194,0.00
74.93443,-0.918,0.194,0.00
74.94459,-0.959,0.212,0.00
74.95475,-0.996,0.212,0.00
74.96490,-0.996,0.232,0.00
74.97506,-0.996,0.232,0.00
74.98522,-1.024,0.251,0.00
74.99538,-1.047,0.265,0.00
75.00552,-1.047,0.265,0.00
75.01567,-1.069,0.274,0.00
75.02581,-1.069,0.274,0.00
75.03648,-1.075,0.281,0.00
75.04663,-1.075,0.281,0.00
75.05678,-1.078,0.288,0.00
75.06694,-1.078,0.288,0.00
75.07709,-1.077,0.293,0.00
75.08723,-1.077,0.293,0.00
75.09811,-1.069,0.296,0.00
75.10830,-1.069,0.296,0.00
75.11846,-1.050,0.298,0.00
75.12867,-1.050,0.298,0.00
75.13884,-1.031,0.301,0.00
75.14906,-1.031,0.301,0.00
75.15921,-1.012,0.304,0.00
75.17031,-1.012,0.304,0.00
75.18051,-0.993,0.303,0.00
75.19076,-0.993,0.303,0.00
75.20093,-0.972,0.297,0.00
75.21110,-0.952,0.297,0.00
75.22125,-0.952,0.282,0.00
75.23142,-0.952,0.282,0.00
75.24176,-0.945,0.267,0.00
75.25210,-0.936,0.267,0.00
75.26237,-0.936,0.252,0.00
75.27287,-0.929,0.252,0.00
75.28303,-0.929,0.241,0.00
75.29339,-0.926,0.241,0.00
75.30367,-0.926,0.230,0.00
75.31384,-0.926,0.228,0.00
75.32400,-0.927,0.228,0.00
75.33418,-0.927,0.228,0.00
75.34433,-0.929,0.228,0.00
75.35449,-0.929,0.238,0.00
75.36476,-0.939,0.238,0.00
75.37493,-0.951,0.244,0.00
75.38508,-0.951,0.244,0.00
75.39524,-0.951,0.244,0.00
75.40541,-0.961,0.249,0.00
75.41592,-0.968,0.254,0.00
75.42606,-0.968,0.254,0.00
75.43622,-0.968,0.258,0.00
75.44639,-0.979,0.258,0.00
75.45655,-0.996,0.258,0.00
75.46675,-0.996,0.258,0.00
75.47692,-1.015,0.252,0.00
75.48709,-1.015,0.252,0.00
75.49746,-1.028,0.243,0.00
75.50814,-1.028,0.243,0.00
75.51830,-1.040,0.234,0.00
75.52846,-1.040,0.234,0.00
75.53873,-1.050,0.228,0.00
75.54889,-1.050,0.228,0.00
75.55910,-1.059,0.224,0.00
75.56931,-1.059,0.224,0.00
75.57948,-1.070,0.221,0.00
75.59015,-1.070,0.221,0.00
75.60031,-1.077,0.221,0.00
75.61108,-1.084,0.221,0.00
75.62123,-1.084,0.222,0.00
75.63175,-1.084,0.222,0.00
75.64189,-1.093,0.229,0.00
75.65206,-1.093,0.229,0.00
75.66221,-1.105,0.236,0.00
75.67238,-1.105,0.236,0.00
75.68254,-1.114,0.241,0.00
75.69272,-1.114,0.241,0.00
75.70286,-1.119,0.244,0.00
75.71303,-1.119,0.244,0.00
75.72319,-1.120,0.246,0.00
75.73336,-1.120,0.246,0.00
75.74353,-1.118,0.245,0.00
75.75370,-1.114,0.242,0.00
75.76387,-1.114,0.242,0.00
75.77402,-1.108,0.239,0.00
75.78417,-1.108,0.239,0.00
75.79452,-1.101,0.235,0.00
75.80497,-1.101,0.235,0.00
75.81532,-1.093,0.233,0.00
75.82559,-1.093,0.233,0.00
75.83589,-1.082,0.232,0.00
75.84622,-1.082,0.232,0.00
75.85638,-1.063,0.232,0.00
75.86657,-1.063,0.235,0.00
75.87676,-1.059,0.239,0.00
75.88693,-1.059,0.239,0.00
75.89711,-1.064,0.246,0.00
75.90728,-1.064,0.246,0.00
75.91746,-1.060,0.254,0.00
75.92761,-1.060,0.254,0.00
75.93779,-1.046,0.265,0.00
75.94802,-1.046,0.265,0.00
75.95819,-1.031,0.273,0.00
75.96868,-1.031,0.273,0.00
75.97891,-1.011,0.285,0.00
75.98979,-1.011,0.285,0.00
75.99995,-0.995,0.289,0.00
76.01016,-0.995,0.289,0.00
76.02046,-0.989,0.298,0.00
76.03086,-0.989,0.298,0.00
76.04104,-0.989,0.298,0.00
76.05125,-0.989,0.307,0.00
76.06144,-0.994,0.314,0.00
76.07160,-0.994,0.314,0.00
76.08176,-1.014,0.320,0.00
76.09193,-1.014,0.327,0.00
76.10210,-1.042,0.327,0.00
76.11227,-1.042,0.332,0.00
76.12244,-1.080,0.332,0.00
76.13290,-1.080,0.332,0.00
76.14307,-1.130,0.335,0.00
76.15324,-1.130,0.338,0.00
76.16354,-1.181,0.338,0.00
76.17416,-1.181,0.343,0.00
76.18447,-1.233,0.343,0.00
76.19506,-1.233,0.347,0.00
76.20521,-1.288,0.347,0.00
76.21564,-1.341,0.353,0.00
76.22584,-1.341,0.353,0.00
76.23600,-1.341,0.353,0.00
76.24616,-1.402,0.354,0.00
76.25631,-1.449,0.356,0.00
76.26646,-1.449,0.356,0.00
76.27673,-1.461,0.358,0.00
76.28689,-1.461,0.358,0.00
76.29727,-1.470,0.359,0.00
76.30743,-1.470,0.359,0.00
76.31759,-1.474,0.359,0.00
76.32775,-1.474,0.359,0.00
76.33791,-1.480,0.358,0.00
76.34818,-1.480,0.358,0.00
76.35839,-1.496,0.357,0.00
76.36854,-1.496,0.357,0.00
76.37883,-1.509,0.354,0.00
76.38904,-1.509,0.354,0.00
76.39918,-1.525,0.348,0.00
76.40932,-1.525,0.348,0.00
76.41947,-1.528,0.340,0.00
76.42984,-1.528,0.340,0.00
76.44015,-1.520,0.333,0.00
76.45051,-1.520,0.333,0.00
76.46100,-1.511,0.327,0.00
76.47154,-1.511,0.321,0.00
76.48167,-1.490,0.321,0.00
76.49186,-1.490,0.321,0.00
76.50201,-1.452,0.313,0.00
76.51220,-1.452,0.313,0.00
76.52235,-1.400,0.306,0.00
76.53280,-1.400,0.306,0.00
76.54294,-1.341,0.298,0.00
76.55310,-1.269,0.298,0.00
76.56324,-1.269,0.288,0.00
76.57339,-1.179,0.288,0.00
76.58354,-1.179,0.278,0.00
76.59369,-1.064,0.278,0.00
76.60387,-1.064,0.271,0.00
76.61413,-0.922,0.271,0.00
76.62444,-0.922,0.264,0.00
76.63487,-0.761,0.259,0.00
76.64518,-0.761,0.259,0.00
76.65532,-0.761,0.256,0.00
76.66547,-0.591,0.256,0.00
76.67560,-0.591,0.252,0.00
76.68574,-0.394,0.252,0.00
76.69589,-0.175,0.253,0.00
76.70603,-0.175,0.253,0.00
76.71618,0.074,0.256,0.00
76.72632,0.074,0.256,0.00
76.73647,0.355,0.261,0.00
76.74664,0.355,0.261,0.00
76.75676,0.677,0.261,0.00
76.76690,0.677,0.264,0.00
76.77704,1.031,0.273,0.00
76.78719,1.031,0.273,0.00
76.79734,1.401,0.283,0.00
76.80763,1.401,0.283,0.00
76.81778,1.812,0.293,0.00
76.82856,1.812,0.293,0.00
76.83902,2.254,0.301,0.00
76.84929,2.254,0.301,0.00
76.85944,2.733,0.308,0.00
76.86960,2.733,0.308,0.00
76.87976,3.237,0.316,0.00
76.89090,3.237,0.316,0.00
76.90104,3.784,0.326,0.00
76.91209,3.784,0.326,0.00
76.92223,4.366,0.336,0.00
76.93238,4.889,0.336,0.00
76.94252,4.889,0.344,0.00
76.95267,5.498,0.344,0.00
76.96282,5.498,0.349,0.00
76.97299,5.498,0.356,0.00
76.98312,6.121,0.356,0.00
76.99329,6.121,0.365,0.00
77.00353,6.760,0.365,0.00
77.01369,6.760,0.377,0.00
77.02382,7.407,0.377,0.00
77.03466,7.407,0.388,0.00
77.04480,8.051,0.388,0.00
77.05496,8.677,0.397,0.00
77.06510,8.677,0.397,0.00
77.07526,9.294,0.407,0.00
77.08560,9.294,0.407,0.00
77.09575,9.894,0.407,0.00
77.10590,9.894,0.415,0.00
77.11605,10.463,0.415,0.00
77.13603,10.988,0.432,0.00
77.14635,10.988,0.432,0.00
77.17075,11.913,0.438,12.00
77.18097,11.913,0.445,12.00
77.19977,12.293,0.453,12.00
77.20995,12.293,0.453,12.00
77.23207,12.852,0.468,12.00
77.24248,12.852,0.468,12.00
77.25272,12.852,0.474,12.00
77.26385,13.005,0.474,12.00
77.27403,13.070,0.482,12.00
77.28436,13.070,0.482,12.00
77.29549,13.070,0.482,12.00
77.30580,13.069,0.494,12.00
77.31611,13.006,0.466,12.00
77.32803,13.006,0.466,12.00
77.33828,12.864,0.321,12.00
77.34853,12.864,0.321,12.00
77.36019,12.657,0.143,12.50
77.37040,12.657,0.143,12.50
77.38057,12.371,0.101,12.50
77.40758,11.978,0.101,12.50
77.41778,11.493,-0.058,12.50
77.43957,11.493,-0.131,12.50
77.44975,10.934,-0.131,12.50
77.47144,9.686,-0.207,12.50
77.48176,9.686,-0.228,12.50
77.50383,9.020,-0.242,12.50
77.51417,8.314,-0.240,12.50
77.53580,7.600,-0.261,12.50
77.54597,7.600,-0.261,12.50
77.55706,6.922,-0.310,12.50
77.57051,6.289,-0.310,12.50
77.58104,6.289,-0.357,12.50
77.59129,5.683,-0.357,12.50
77.60147,5.683,-0.441,12.50
77.61162,5.075,-0.441,12.50
77.62192,5.075,-0.527,12.50
77.63224,5.075,-0.527,13.00
77.64239,4.494,-0.635,13.00
77.65256,3.971,-0.762,13.00
77.66500,3.971,-0.762,13.00
77.67519,3.524,-0.908,13.00
77.68536,3.524,-0.908,13.00
77.71098,3.524,-0.908,13.00
77.72116,2.750,-1.258,13.00
77.74299,2.750,-1.258,13.50
77.75319,2.399,-1.449,13.50
77.77551,2.077,-1.828,13.50
77.78568,1.804,-1.828,13.50
77.80734,1.566,-2.038,13.50
77.81778,1.380,-2.238,13.50
77.82835,1.380,-2.238,14.00
77.84059,1.235,-2.482,14.00
77.85073,1.235,-2.482,14.00
77.86099,1.112,-2.685,14.00
77.87181,1.112,-2.685,14.00
77.88211,1.000,-2.879,14.00
77.89226,0.908,-2.879,14.00
77.90393,0.908,-3.095,14.50
77.91406,0.908,-3.287,14.50
77.92420,0.848,-3.287,14.50
77.93570,0.812,-3.287,14.50
77.94587,0.812,-3.486,14.50
77.95603,0.779,-3.658,14.50
77.96761,0.779,-3.658,15.00
77.97781,0.747,-3.825,15.00
77.98809,0.747,-3.825,15.00
78.01584,0.715,-4.149,15.50
78.02600,0.715,-4.149,15.50
78.04824,0.731,-4.282,15.50
78.05840,0.771,-4.393,15.50
78.07948,0.825,-4.393,16.00
78.08992,0.825,-4.497,16.00
78.11305,0.889,-4.583,16.50
78.12319,0.969,-4.640,16.50
78.14294,0.969,-4.640,17.00
78.15313,1.056,-4.695,17.00
78.16327,1.153,-4.719,17.00
78.17526,1.153,-4.716,17.00
78.18557,1.257,-4.716,17.00
78.19573,1.352,-4.687,17.00
78.20742,1.352,-4.687,17.50
78.21780,1.438,-4.632,17.50
78.22810,1.438,-4.632,17.50
78.23978,1.438,-4.545,18.00
78.25023,1.514,-4.545,18.00
78.26039,1.581,-4.414,18.00
78.27291,1.581,-4.414,18.00
78.28307,1.643,-4.222,18.00
78.29324,1.693,-3.971,18.00
78.31990,1.742,-3.644,18.50
78.33120,1.742,-3.279,18.50
78.35332,1.742,-2.891,18.50
78.36349,1.799,-2.891,18.50
78.38357,1.799,-2.433,19.00
78.39390,1.813,-1.945,19.00
78.41553,1.810,-1.420,19.00
78.42592,1.792,-1.420,19.00
78.43642,1.792,-0.855,19.00
78.44766,1.745,-0.855,19.50
78.45810,1.678,-0.336,19.50
78.46983,1.678,-0.336,19.50
78.48040,1.678,0.312,19.50
78.49071,1.591,0.312,19.50
78.50108,1.493,0.838,19.50
78.51181,1.493,0.838,20.00
78.52237,1.403,1.387,20.00
78.53293,1.403,1.904,20.00
78.54493,1.304,1.904,20.00
78.55513,1.207,2.379,20.00
78.56542,1.207,2.379,20.00
78.57783,1.110,2.885,20.00
78.58809,1.110,2.885,20.00
78.59816,1.004,3.316,20.00
78.62299,1.004,3.316,20.00
78.63317,0.902,3.806,20.00
78.65535,0.808,4.701,20.50
78.66559,0.717,4.701,20.50
78.68716,0.717,4.701,20.50
78.69734,0.538,5.388,20.50
78.71899,0.538,5.388,20.50
78.72918,0.462,5.781,20.50
78.73933,0.391,6.069,20.50
78.75186,0.391,6.069,20.50
78.76197,0.343,6.486,20.50
78.77212,0.343,6.486,20.50
78.78362,0.292,6.906,20.50
78.79393,0.292,7.371,20.50
78.80422,0.261,7.371,20.50
78.81766,0.261,7.371,20.50
78.82790,0.236,7.931,20.50
78.83808,0.211,8.451,20.50
78.84825,0.211,8.451,20.50
78.85840,0.193,9.057,20.50
78.86883,0.193,9.057,20.50
78.88092,0.178,9.691,21.00
78.89185,0.174,10.263,21.00
78.90215,0.174,10.263,21.00
78.92768,0.174,10.263,21.00
78.93771,0.194,11.528,21.00
78.96005,0.194,12.204,21.00
78.97161,0.231,12.204,21.00
78.99238,0.314,13.405,21.00
79.00271,0.314,13.405,21.00
79.02361,0.363,14.056,21.00
79.03398,0.423,14.522,21.00
79.04491,0.423,14.522,21.00
79.05709,0.482,15.106,21.00
79.06732,0.482,15.106,21.00
79.07766,0.529,15.628,21.00
79.08909,0.529,15.628,21.00
79.09924,0.575,16.110,21.00
79.10976,0.575,16.110,21.00
79.12012,0.610,16.661,21.00
79.13090,0.610,16.661,21.00
79.14108,0.652,17.089,21.00
79.15209,0.652,17.089,21.00
79.16224,0.689,17.594,21.00
79.17241,0.721,17.594,21.00
79.18396,0.721,18.040,21.00
79.19439,0.755,18.040,21.00
79.20500,0.755,18.417,21.00
79.23324,0.777,18.872,21.00
79.24340,0.800,19.159,21.00
79.26304,0.800,19.159,21.00
79.27321,0.822,19.638,21.00
79.29518,0.836,19.942,21.00
79.30537,0.844,20.352,21.00
79.32775,0.841,20.704,21.00
79.33790,0.840,20.921,21.00
79.35977,0.835,21.316,21.00
79.37009,0.835,21.316,21.00
79.38030,0.826,21.562,21.00
79.39048,0.826,21.562,0.00
79.40073,0.818,21.858,0.00
79.41088,0.818,21.858,0.00
79.42103,0.805,22.176,0.00
79.43148,0.805,22.176,0.00
79.44164,0.811,22.392,0.00
79.45223,0.811,22.786,0.00
79.46239,0.807,22.786,0.00
79.47266,0.807,23.021,0.00
79.48295,0.793,23.021,0.00
79.49311,0.762,23.021,0.00
79.50326,0.762,23.295,0.00
79.51341,0.728,23.295,0.00
79.52355,0.728,23.597,0.00
79.53371,0.696,23.797,0.00
79.54387,0.696,23.797,0.00
79.55456,0.696,23.797,0.00
79.56551,0.696,23.797,0.00
79.57566,0.592,24.167,0.00
79.58588,0.592,24.167,0.00
79.59602,0.554,24.323,0.00
79.60617,0.554,24.323,0.00
79.61632,0.503,24.452,0.00
79.62646,0.503,24.452,0.00
79.63670,0.409,24.669,0.00
79.64684,0.409,24.669,0.00
79.65730,0.314,24.894,0.00
79.66837,0.314,24.894,0.00
79.67852,0.234,25.129,0.00
79.68920,0.234,25.129,0.00
79.69935,0.150,25.288,0.00
79.70949,0.150,25.288,0.00
79.71963,0.047,25.310,0.00
79.72989,0.047,25.310,0.00
79.73995,-0.029,25.133,0.00
79.75013,-0.029,25.133,0.00
79.76028,-0.057,24.607,0.00
79.77047,-0.057,24.607,0.00
79.78070,-0.089,23.983,0.00
79.79093,-0.089,23.983,0.00
79.80107,-0.194,23.332,0.00
79.81124,-0.194,23.332,0.00
79.82162,-0.248,22.527,0.00
79.83179,-0.248,22.527,0.00
79.84194,-0.225,21.318,0.00
79.85215,-0.225,21.318,0.00
79.86232,-0.147,19.583,0.00
79.87247,-0.161,19.583,0.00
79.88296,-0.161,18.302,0.00
79.89326,-0.194,18.302,0.00
79.90358,-0.194,16.700,0.00
79.91402,-0.122,16.700,0.00
79.92433,-0.122,14.764,0.00
79.93482,0.002,14.764,0.00
79.94507,0.002,12.110,0.00
79.95567,0.048,12.110,0.00
79.96580,0.048,9.617,0.00
79.97615,0.041,7.512,0.00
79.98649,0.041,7.512,0.00
79.99701,0.103,7.512,0.00
80.00716,0.103,5.376,0.00
80.01765,0.239,2.663,0.00
80.02796,0.239,2.663,0.00
80.03839,0.363,-0.161,0.00
80.04884,0.363,-0.161,0.00
80.05902,0.430,-2.235,0.00
80.06919,0.430,-2.235,0.00
80.07939,0.509,-4.010,0.00
80.08957,0.509,-4.010,0.00
80.09972,0.618,-5.274,0.00
80.10989,0.618,-5.274,0.00
80.12005,0.758,-5.196,0.00
80.13023,0.758,-5.196,0.00
80.14037,0.890,-3.885,0.00
80.15048,0.890,-3.885,0.00
80.16072,1.017,-2.211,0.00
80.17089,1.017,-2.211,0.00
80.18105,1.108,-0.392,0.00
80.19116,1.108,-0.392,0.00
80.20132,1.141,1.663,0.00
80.21143,1.141,1.663,0.00
80.22159,1.130,3.340,0.00
80.23174,1.130,3.340,0.00
80.24189,1.092,3.375,0.00
80.25202,1.092,3.375,0.00
80.26217,1.046,2.180,0.00
80.27246,1.003,0.825,0.00
80.28264,1.003,0.825,0.00
80.29389,0.992,0.825,0.00
80.30415,0.992,0.034,0.00
80.31432,0.992,0.034,0.00
80.32449,1.031,-0.491,0.00
80.33465,1.031,-0.491,0.00
80.34481,1.086,-1.079,0.00
80.35495,1.086,-1.561,0.00
80.36511,1.121,-1.561,0.00
80.37526,1.121,-2.031,0.00
80.38539,1.128,-2.031,0.00
80.40166,1.106,-2.503,0.00
80.41780,1.106,-2.948,0.00
80.43458,1.058,-2.948,0.00
80.44581,1.003,-3.343,0.00
80.45600,1.003,-3.555,0.00
80.46678,0.952,-3.555,0.00
80.47710,0.952,-3.661,0.00
80.49103,0.909,-3.661,0.00
80.50331,0.872,-3.681,0.00
80.51351,0.872,-3.681,0.00
80.54037,0.781,-3.451,0.00
80.55777,0.781,-3.451,0.00
80.58250,0.661,-3.230,0.00
80.59751,0.661,-2.977,0.00
80.60820,0.610,-2.977,0.00
80.61950,0.610,-2.977,0.00
80.63029,0.560,-2.977,0.00
80.64732,0.523,-1.931,0.00
80.65798,0.523,-1.931,0.00
80.66879,0.495,-1.931,0.00
80.68550,0.468,-1.044,0.00
80.70216,0.438,-0.554,0.00
80.71287,0.438,-0.554,0.00
80.72401,0.396,-0.039,0.00
80.73430,0.351,-0.039,0.00
80.74491,0.351,-0.039,0.00
80.75510,0.351,-0.039,0.00
80.77122,0.298,1.056,0.00
80.78277,0.240,1.637,0.00
80.79759,0.175,1.637,0.00
80.81876,0.175,1.447,0.00
80.83586,0.021,1.447,0.00
80.85755,0.021,1.078,0.00
80.87307,-0.044,0.685,0.00
80.88446,-0.095,0.338,0.00
80.89603,-0.095,-0.016,0.00
80.91681,-0.132,-0.354,0.00
80.93233,-0.164,-0.354,0.00
80.94328,-0.200,-0.695,0.00
80.95381,-0.200,-0.959,0.00
80.96417,-0.241,-0.959,0.00
80.97620,-0.293,-1.168,0.00
80.98637,-0.293,-1.168,0.00
81.00413,-0.293,-1.319,0.00
81.01953,-0.338,-1.319,0.00
81.03073,-0.375,-1.421,0.00
81.04148,-0.413,-1.475,0.00
81.05299,-0.413,-1.475,0.00
81.06437,-0.446,-1.482,0.00
81.08532,-0.481,-1.456,0.00
81.09811,-0.513,-1.401,0.00
81.10980,-0.513,-1.401,0.00
81.12426,-0.513,-1.321,0.00
81.14035,-0.513,-1.321,0.00
81.15684,-0.562,-1.215,0.00
81.16749,-0.562,-1.215,0.00
81.17853,-0.562,-1.089,0.00
81.18922,-0.578,-1.089,0.00
81.20041,-0.578,-0.937,0.00
81.21184,-0.578,-0.763,0.00
81.24156,-0.617,-0.363,0.00
81.26311,-0.625,-0.111,0.00
81.27372,-0.625,0.115,0.00
81.28397,-0.625,0.115,0.00
81.30265,-0.654,0.335,0.00
81.31910,-0.654,0.488,0.00
81.33597,-0.674,0.488,0.00
81.34695,-0.695,0.524,0.00
81.35776,-0.721,0.471,0.00
81.36805,-0.721,0.471,0.00
81.37944,-0.750,0.361,0.00
81.38982,-0.750,0.361,0.00
81.45035,-0.834,-0.140,0.00
81.46075,-0.860,-0.276,0.00
81.52434,-0.944,-0.500,0.00
81.53458,-0.944,-0.520,0.00
81.54483,-0.868,0.525,0.00
81.55564,-0.875,0.530,0.00
81.56579,-0.875,0.530,0.00
81.57681,-0.879,0.567,0.00
81.58695,-0.879,0.567,0.00
81.59711,-0.890,0.620,0.00
81.60726,-0.890,0.620,0.00
81.61743,-0.898,0.684,0.00
81.62769,-0.898,0.684,0.00
81.63796,-0.898,0.762,0.00
81.64810,-0.898,0.762,0.00
81.65828,-0.888,0.854,0.00
81.66894,-0.888,0.854,0.00
81.67911,-0.867,0.958,0.00
81.69129,-0.867,0.958,0.00
81.70148,-0.848,1.073,0.00
81.71237,-0.848,1.073,0.00
81.72250,-0.837,1.189,0.00
81.73292,-0.837,1.189,0.00
81.74328,-0.833,1.299,0.00
81.75343,-0.827,1.299,0.00
81.76356,-0.827,1.353,0.00
81.77372,-0.827,1.366,0.00
81.78385,-0.825,1.366,0.00
81.79402,-0.825,1.366,0.00
81.80415,-0.821,1.337,0.00
81.81428,-0.821,1.337,0.00
81.82443,-0.816,1.273,0.00
81.83459,-0.817,1.189,0.00
81.84485,-0.817,1.189,0.00
81.85500,-0.815,1.100,0.00
81.86514,-0.815,1.100,0.00
81.87529,-0.809,1.021,0.00
81.88544,-0.809,1.021,0.00
81.89559,-0.803,0.950,0.00
81.90596,-0.803,0.950,0.00
81.91612,-0.808,0.950,0.00
81.92628,-0.808,0.902,0.00
81.93643,-0.828,0.902,0.00
81.94657,-0.828,0.869,0.00
81.95675,-0.852,0.852,0.00
81.96690,-0.852,0.852,0.00
81.97707,-0.852,0.852,0.00
81.98725,-0.878,0.858,0.00
81.99743,-0.908,0.876,0.00
82.00758,-0.908,0.876,0.00
82.01774,-0.944,0.907,0.00
82.02821,-0.944,0.907,0.00
82.03838,-0.980,0.946,0.00
82.04852,-0.980,0.946,0.00
82.05878,-1.013,1.000,0.00
82.06893,-1.013,1.000,0.00
82.07908,-1.042,1.047,0.00
82.08930,-1.042,1.047,0.00
82.09945,-1.064,1.093,0.00
82.10994,-1.064,1.093,0.00
82.12011,-1.077,1.133,0.00
82.13029,-1.077,1.133,0.00
82.14044,-1.085,1.160,0.00
82.15058,-1.085,1.160,0.00
82.16076,-1.092,1.172,0.00
82.17093,-1.092,1.172,0.00
82.18110,-1.098,1.166,0.00
82.19157,-1.098,1.166,0.00
82.20176,-1.113,1.146,0.00
82.21212,-1.129,1.146,0.00
82.22239,-1.129,1.113,0.00
82.23285,-1.141,1.113,0.00
82.24319,-1.141,1.080,0.00
82.25336,-1.141,1.080,0.00
82.26355,-1.144,1.047,0.00
82.27373,-1.144,1.047,0.00
82.28388,-1.142,1.018,0.00
82.29404,-1.142,1.018,0.00
82.30420,-1.143,0.997,0.00
82.31435,-1.144,0.985,0.00
82.32450,-1.144,0.985,0.00
82.33464,-1.148,0.983,0.00
82.34480,-1.148,0.983,0.00
82.35495,-1.156,0.991,0.00
82.36510,-1.156,0.991,0.00
82.37527,-1.167,0.991,0.00
82.38543,-1.167,1.009,0.00
82.39558,-1.167,1.029,0.00
82.40576,-1.183,1.029,0.00
82.41593,-1.183,1.029,0.00
82.42609,-1.201,1.057,0.00
82.43626,-1.222,1.086,0.00
82.44641,-1.222,1.086,0.00
82.45658,-1.245,1.112,0.00
82.46673,-1.245,1.112,0.00
82.47691,-1.259,1.132,0.00
82.48706,-1.259,1.132,0.00
82.49721,-1.275,1.146,0.00
82.50736,-1.275,1.146,0.00
82.51751,-1.289,1.152,0.00
82.52766,-1.289,1.152,0.00
82.53781,-1.289,1.146,0.00
82.54795,-1.289,1.146,0.00
82.55825,-1.292,1.133,0.00
82.56888,-1.292,1.133,0.00
82.57904,-1.289,1.117,0.00
82.58919,-1.289,1.117,0.00
82.59934,-1.307,1.095,0.00
82.61143,-1.307,1.095,0.00
82.62161,-1.366,1.078,0.00
82.63175,-1.443,1.078,0.00
82.64190,-1.443,1.065,0.00
82.65205,-1.508,1.065,0.00
82.66219,-1.508,1.052,0.00
82.67233,-1.570,1.052,0.00
82.68271,-1.570,1.044,0.00
82.69288,-1.570,1.044,0.00
82.70301,-1.621,1.044,0.00
82.71317,-1.621,1.044,0.00
82.72331,-1.652,1.054,0.00
82.73346,-1.652,1.054,0.00
82.74360,-1.667,1.066,0.00
82.75374,-1.667,1.082,0.00
82.76388,-1.661,1.082,0.00
82.77404,-1.629,1.102,0.00
82.78418,-1.629,1.102,0.00
82.79432,-1.578,1.122,0.00
82.80446,-1.578,1.122,0.00
82.81460,-1.529,1.140,0.00
82.82477,-1.529,1.140,0.00
82.83492,-1.474,1.153,0.00
82.84506,-1.474,1.153,0.00
82.85520,-1.474,1.153,0.00
82.86535,-1.410,1.153,0.00
82.87551,-1.340,1.149,0.00
82.88565,-1.340,1.149,0.00
82.89586,-1.275,1.148,0.00
82.90600,-1.275,1.148,0.00
82.91636,-1.220,1.144,0.00
82.92650,-1.220,1.144,0.00
82.93672,-1.188,1.143,0.00
82.94686,-1.188,1.143,0.00
82.95713,-1.180,1.147,0.00
82.96773,-1.180,1.147,0.00
82.97780,-1.196,1.155,0.00
82.98806,-1.196,1.155,0.00
82.99821,-1.224,1.171,0.00
83.01096,-1.224,1.171,0.00
83.02104,-1.258,1.190,0.00
83.03131,-1.258,1.190,0.00
83.04186,-1.286,1.209,0.00
83.05204,-1.286,1.224,0.00
83.06219,-1.312,1.224,0.00
83.07236,-1.312,1.224,0.00
83.08251,-1.332,1.233,0.00
83.09268,-1.332,1.243,0.00
83.10283,-1.345,1.243,0.00
83.11299,-1.353,1.253,0.00
83.12319,-1.353,1.253,0.00
83.13334,-1.348,1.274,0.00
83.14348,-1.348,1.274,0.00
83.15365,-1.338,1.301,0.00
83.16379,-1.338,1.301,0.00
83.17396,-1.325,1.301,0.00
83.18411,-1.325,1.329,0.00
83.19423,-1.325,1.329,0.00
83.20438,-1.325,1.352,0.00
83.21454,-1.293,1.367,0.00
83.22476,-1.293,1.367,0.00
83.23491,-1.293,1.384,0.00
83.24506,-1.280,1.384,0.00
83.25521,-1.280,1.401,0.00
83.26535,-1.269,1.401,0.00
83.27551,-1.267,1.413,0.00
83.28565,-1.267,1.413,0.00
83.29606,-1.269,1.427,0.00
83.30621,-1.269,1.427,0.00
83.31636,-1.274,1.439,0.00
83.32651,-1.274,1.439,0.00
83.33723,-1.281,1.450,0.00
83.34751,-1.281,1.450,0.00
83.35784,-1.282,1.458,0.00
83.36810,-1.282,1.458,0.00
83.37825,-1.284,1.462,0.00
83.38841,-1.284,1.462,0.00
83.39854,-1.285,1.462,0.00
83.40880,-1.285,1.462,0.00
83.41911,-1.287,1.462,0.00
83.42968,-1.287,1.462,0.00
83.43983,-1.274,1.462,0.00
83.44998,-1.274,1.462,0.00
83.46022,-1.260,1.463,0.00
83.47049,-1.260,1.463,0.00
83.48067,-1.246,1.466,0.00
83.49165,-1.246,1.466,0.00
83.50165,-1.227,1.468,0.00
83.51179,-1.227,1.468,0.00
83.52195,-1.204,1.474,0.00
83.53218,-1.204,1.474,0.00
83.54235,-1.180,1.478,0.00
83.55250,-1.180,1.478,0.00
83.56266,-1.153,1.481,0.00
83.57282,-1.153,1.486,0.00
83.58296,-1.121,1.486,0.00
83.59312,-1.121,1.486,0.00
83.60326,-1.085,1.488,0.00
83.61341,-1.085,1.488,0.00
83.62355,-1.038,1.493,0.00
83.63370,-1.038,1.497,0.00
83.64384,-0.968,1.497,0.00
83.65398,-0.881,1.497,0.00
83.66421,-0.881,1.497,0.00
83.67437,-0.777,1.502,0.00
83.68450,-0.777,1.502,0.00
83.69490,-0.660,1.503,0.00
83.70503,-0.660,1.503,0.00
83.71518,-0.519,1.503,0.00
83.72533,-0.519,1.503,0.00
83.73548,-0.362,1.503,0.00
83.74564,-0.362,1.503,0.00
83.75582,-0.362,1.503,0.00
83.76597,-0.197,1.506,0.00
83.77611,-0.197,1.506,0.00
83.78626,-0.019,1.517,0.00
83.79641,0.182,1.530,0.00
83.80656,0.182,1.530,0.00
83.81671,0.424,1.545,0.00
83.82685,0.424,1.545,0.00
83.83701,0.722,1.564,0.00
83.84715,0.722,1.564,0.00
83.85730,1.082,1.580,0.00
83.86745,1.082,1.580,0.00
83.87759,1.490,1.598,0.00
83.88773,1.490,1.598,0.00
83.89802,1.935,1.611,0.00
83.90833,1.935,1.611,0.00
83.91856,2.421,1.620,0.00
83.92888,2.421,1.620,0.00
83.93903,2.964,1.627,0.00
83.94918,2.964,1.627,0.00
83.95936,3.542,1.630,0.00
83.96954,3.542,1.630,0.00
83.97986,4.148,1.630,0.00
83.99015,4.148,1.630,0.00
84.00029,4.777,1.622,0.00
84.01091,4.777,1.622,0.00
84.02110,5.426,1.613,0.00
84.03132,5.426,1.613,0.00
84.04147,6.073,1.602,0.00
84.05161,6.073,1.602,0.00
84.06176,6.720,1.590,0.00
84.07190,6.720,1.590,0.00
84.08205,7.374,1.578,0.00
84.09228,7.374,1.578,0.00
84.10269,8.033,1.568,0.00
84.11286,8.033,1.559,0.00
84.12301,8.684,1.559,0.00
84.13317,8.684,1.553,0.00
84.14332,9.319,1.553,0.00
84.15348,9.319,1.549,0.00
84.16378,9.923,1.549,0.00
84.17393,9.923,1.549,0.00
84.19210,10.494,1.551,0.00
84.20227,11.032,1.555,0.00
84.21243,11.032,1.555,0.00
84.22346,11.032,1.561,12.00
84.23363,11.538,1.561,12.00
84.24379,12.002,1.571,12.00
84.25527,12.002,1.571,12.00
84.26560,12.426,1.583,12.00
84.27576,12.810,1.598,12.00
84.28775,12.810,1.598,12.00
84.29799,13.145,1.618,12.00
84.30812,13.145,1.618,12.00
84.31997,13.392,1.642,12.00
84.33202,13.392,1.642,12.00
84.34219,13.612,1.656,12.00
84.36784,13.612,1.668,12.00
84.37801,13.762,1.681,12.00
84.39957,13.831,1.661,12.00
84.40989,13.831,1.661,12.00
84.43320,13.756,1.580,12.50
84.44361,13.637,1.471,12.50
84.46373,13.441,1.408,12.50
84.47389,13.441,1.408,12.50
84.48409,13.139,1.304,12.50
84.49718,13.139,1.304,12.50
84.50765,12.730,1.191,12.50
84.51789,12.236,1.102,12.50
84.52952,12.236,1.102,12.50
84.53967,11.684,0.989,12.50
84.54985,11.684,0.989,12.50
84.56038,11.075,0.895,12.50
84.57085,11.075,0.895,12.50
84.58122,10.405,0.790,12.50
84.59187,10.405,0.790,12.50
84.60206,9.701,0.684,12.50
84.61222,9.701,0.684,12.50
84.62333,8.970,0.561,12.50
84.63362,8.970,0.561,12.50
84.64379,8.200,0.412,12.50
84.67118,8.200,0.412,12.50
84.68139,6.665,0.091,12.50
84.70335,5.928,0.091,13.00
84.71354,5.201,-0.069,13.00
84.73509,5.201,-0.454,13.00
84.74547,4.492,-0.454,13.00
84.76764,3.817,-0.642,13.00
84.77796,3.177,-0.847,13.00
84.79902,3.177,-0.847,13.50
84.80925,2.587,-1.041,13.50
84.81941,2.054,-1.268,13.50
84.83288,1.578,-1.463,13.50
84.84322,1.578,-1.463,13.50
84.85363,1.144,-1.652,13.50
84.86378,1.144,-1.652,13.50
84.87393,0.777,-1.652,13.50
84.88445,0.777,-1.854,13.50
84.89647,0.471,-2.040,14.00
84.90662,0.471,-2.040,14.00
84.91700,0.210,-2.230,14.00
84.92729,0.210,-2.230,14.00
84.93744,-0.050,-2.400,14.00
84.94760,-0.050,-2.400,14.00
84.95912,-0.296,-2.565,14.50
84.97050,-0.296,-2.758,14.50
84.98072,-0.417,-2.758,14.50
85.00780,-0.450,-2.914,14.50
85.01796,-0.464,-3.072,14.50
85.03909,-0.464,-3.072,15.00
85.04931,-0.455,-3.203,15.00
85.07110,-0.415,-3.321,15.50
85.08130,-0.333,-3.428,15.50
85.10292,-0.333,-3.428,15.50
85.11310,-0.202,-3.501,15.50
85.12325,-0.068,-3.548,15.50
85.13526,-0.068,-3.555,16.00
85.14543,0.046,-3.555,16.00
85.15557,0.152,-3.539,16.00
85.16708,0.152,-3.539,16.50
85.17742,0.265,-3.496,16.50
85.18783,0.265,-3.496,16.50
85.19975,0.381,-3.496,17.00
85.20991,0.381,-3.427,17.00
85.22008,0.505,-3.320,17.00
85.23316,0.505,-3.320,17.00
85.24357,0.621,-3.179,17.00
85.25375,0.716,-3.179,17.00
85.26391,0.716,-2.991,17.50
85.27407,0.716,-2.766,17.50
85.28421,0.796,-2.766,17.50
85.31234,0.862,-2.517,18.00
85.32251,0.903,-2.223,18.00
85.34284,0.903,-2.223,18.00
85.35301,0.918,-1.570,18.00
85.37594,0.922,-1.190,18.50
85.38615,0.922,-1.190,18.50
85.40748,0.910,-1.190,18.50
85.41780,0.895,-0.398,18.50
85.42899,0.895,-0.398,19.00
85.44020,0.863,0.030,19.00
85.45045,0.863,0.030,19.00
85.46069,0.811,0.571,19.00
85.47316,0.811,0.571,19.00
85.48350,0.750,1.028,19.00
85.49366,0.675,1.478,19.00
85.50395,0.675,1.478,19.50
85.51408,0.593,1.478,19.50
85.52424,0.593,1.933,19.50
85.55087,0.593,1.933,19.50
85.56105,0.436,2.782,19.50
85.57120,0.436,2.782,20.00
85.58136,0.367,3.246,20.00
85.59153,0.367,3.725,20.00
85.61481,0.288,3.725,20.00
85.62499,0.218,4.178,20.00
85.64703,0.218,4.178,20.00
85.65722,0.115,5.053,20.00
85.67908,0.115,5.053,20.00
85.68926,0.078,5.435,20.00
85.71287,0.044,5.884,20.50
85.72306,0.024,6.293,20.50
85.74295,0.024,6.293,20.50
85.75320,0.014,6.667,20.50
85.76343,0.013,7.054,20.50
85.77554,0.029,7.450,20.50
85.78617,0.029,7.450,20.50
85.79631,0.055,7.871,20.50
85.80754,0.055,7.871,20.50
85.81784,0.097,8.204,20.50
85.82813,0.097,8.204,20.50
85.84074,0.097,8.557,20.50
85.85148,0.149,8.557,20.50
85.86163,0.210,8.989,20.50
85.87362,0.210,8.989,20.50
85.88415,0.296,9.340,20.50
85.89430,0.379,9.866,20.50
85.90445,0.379,9.866,20.50
85.91460,0.478,10.331,20.50
85.92478,0.478,10.331,20.50
85.95316,0.666,11.574,21.00
85.96334,0.666,11.574,21.00
85.98283,0.666,11.574,21.00
85.99302,0.853,12.134,21.00
86.01605,0.942,13.532,21.00
86.02620,0.942,13.532,21.00
86.04736,1.018,14.206,21.00
86.05753,1.078,14.906,21.00
86.07884,1.078,14.906,21.00
86.08903,1.127,15.499,21.00
86.09918,1.172,16.307,21.00
86.11201,1.172,16.307,21.00
86.12380,1.213,16.841,21.00
86.13396,1.234,17.368,21.00
86.14414,1.234,17.368,21.00
86.15430,1.256,17.929,21.00
86.16447,1.256,17.929,21.00
86.17526,1.256,18.330,21.00
86.18552,1.273,18.330,21.00
86.19608,1.275,18.848,21.00
86.20762,1.275,18.848,21.00
86.21798,1.280,19.195,21.00
86.22816,1.280,19.195,21.00
86.23936,1.271,19.595,21.00
86.24983,1.271,19.595,21.00
86.25999,1.257,19.935,21.00
86.28722,1.257,20.226,21.00
86.29740,1.199,20.625,21.00
86.31913,1.199,20.849,21.00
86.32956,1.157,20.849,21.00
86.35147,1.104,21.199,21.00
86.36164,1.062,21.486,21.00
86.38356,1.062,21.706,21.00
86.39374,1.021,21.706,21.00
86.40389,0.980,22.060,21.00
86.41532,0.940,22.060,21.00
86.42551,0.940,22.242,21.00
86.43567,0.897,22.575,21.00
86.44583,0.897,22.575,0.00
86.45690,0.868,22.837,0.00
86.46705,0.868,22.837,0.00
86.47721,0.844,23.011,0.00
86.48736,0.844,23.011,0.00
86.49752,0.839,23.352,0.00
86.50766,0.839,23.352,0.00
86.51781,0.845,23.527,0.00
86.52796,0.845,23.527,0.00
86.53811,0.844,23.839,0.00
86.54826,0.844,23.839,0.00
86.55841,0.830,24.053,0.00
86.56966,0.830,24.053,0.00
86.57980,0.807,24.236,0.00
86.58995,0.807,24.236,0.00
86.60010,0.789,24.547,0.00
86.61052,0.789,24.547,0.00
86.62068,0.772,24.654,0.00
86.63171,0.772,24.654,0.00
86.64183,0.758,24.932,0.00
86.65198,0.735,24.932,0.00
86.66213,0.735,24.978,0.00
86.67227,0.645,24.978,0.00
86.68258,0.645,24.980,0.00
86.69277,0.645,24.980,0.00
86.70292,0.539,24.984,0.00
86.71309,0.539,24.984,0.00
86.72324,0.436,25.060,0.00
86.73341,0.436,25.142,0.00
86.74355,0.331,25.142,0.00
86.75370,0.331,25.154,0.00
86.76385,0.168,25.154,0.00
86.77399,0.019,25.040,0.00
86.78414,0.019,25.040,0.00
86.79429,-0.043,24.619,0.00
86.80478,-0.043,24.619,0.00
86.81493,-0.040,23.451,0.00
86.82508,-0.040,23.451,0.00
86.83523,-0.112,22.541,0.00
86.84538,-0.112,22.541,0.00
86.85622,-0.185,21.601,0.00
86.86637,-0.185,21.601,0.00
86.87652,-0.182,20.437,0.00
86.88677,-0.182,20.437,0.00
86.89693,-0.144,18.553,0.00
86.90707,-0.144,18.553,0.00
86.91759,-0.141,16.357,0.00
86.92774,-0.141,16.357,0.00
86.93789,-0.211,14.631,0.00
86.94804,-0.211,14.631,0.00
86.95819,-0.226,12.686,0.00
86.96834,-0.226,12.686,0.00
86.97848,-0.193,10.080,0.00
86.98874,-0.193,10.080,0.00
86.99888,-0.193,10.080,0.00
87.00904,-0.193,10.080,0.00
87.01918,-0.164,7.041,0.00
87.02937,-0.160,4.810,0.00
87.03954,-0.137,2.401,0.00
87.04970,-0.137,2.401,0.00
87.06004,-0.137,2.401,0.00
87.07054,-0.066,0.073,0.00
87.08072,0.001,-2.339,0.00
87.09122,0.001,-2.339,0.00
87.10139,0.070,-3.382,0.00
87.11156,0.070,-3.382,0.00
87.12173,0.167,-3.226,0.00
87.13206,0.167,-3.226,0.00
87.14238,0.285,-2.084,0.00
87.15285,0.403,-0.300,0.00
87.16302,0.403,-0.300,0.00
87.17334,0.488,1.690,0.00
87.18364,0.488,1.690,0.00
87.19400,0.540,3.442,0.00
87.20430,0.540,3.442,0.00
87.21468,0.559,4.568,0.00
87.22503,0.559,4.568,0.00
87.23532,0.556,3.467,0.00
87.24548,0.556,3.467,0.00
87.25566,0.532,3.467,0.00
87.26584,0.532,2.070,0.00
87.27604,0.502,0.785,0.00
87.28630,0.502,0.785,0.00
87.29659,0.511,0.253,0.00
87.30690,0.511,0.253,0.00
87.31723,0.578,-0.309,0.00
87.32738,0.578,-0.309,0.00
87.33757,0.651,-0.803,0.00
87.34772,0.651,-0.803,0.00
87.35788,0.711,-1.227,0.00
87.36804,0.711,-1.227,0.00
87.37820,0.748,-1.647,0.00
87.38835,0.748,-1.647,0.00
87.39852,0.763,-2.159,0.00
87.40868,0.763,-2.159,0.00
87.41885,0.751,-2.635,0.00
87.42901,0.751,-2.635,0.00
87.44640,0.710,-3.046,0.00
87.46247,0.710,-3.046,0.00
87.47397,0.663,-3.569,0.00
87.48992,0.663,-3.569,0.00
87.50139,0.663,-3.662,0.00
87.51177,0.663,-3.662,0.00
87.52382,0.629,-3.635,0.00
87.53397,0.592,-3.635,0.00
87.54457,0.592,-3.511,0.00
87.55832,0.592,-3.303,0.00
87.57016,0.547,-3.303,0.00
87.58170,0.497,-3.091,0.00
87.59233,0.452,-2.864,0.00
87.60253,0.452,-2.864,0.00
87.61838,0.452,-2.612,0.00
87.65035,0.383,-2.314,0.00
87.66605,0.358,-1.938,0.00
87.68321,0.323,-1.446,0.00
87.69352,0.290,-0.854,0.00
87.70371,0.290,-0.854,0.00
87.71453,0.271,-0.854,0.00
87.72503,0.271,-0.087,0.00
87.73565,0.271,0.632,0.00
87.74604,0.260,0.632,0.00
87.75673,0.260,1.379,0.00
87.77332,0.216,1.379,0.00
87.78354,0.216,2.182,0.00
87.79377,0.216,2.802,0.00
87.80396,0.216,2.802,0.00
87.81938,0.197,2.802,0.00
87.83073,0.161,3.112,0.00
87.84631,0.161,2.945,0.00
87.86173,0.112,2.945,0.00
87.87763,0.061,2.483,0.00
87.89619,0.017,1.875,0.00
87.90746,0.014,1.440,0.00
87.92244,0.041,1.440,0.00
87.93306,0.062,1.081,0.00
87.94406,0.062,0.708,0.00
87.95946,0.062,0.708,0.00
87.97201,0.075,0.359,0.00
87.98374,0.073,0.042,0.00
87.99396,0.073,0.042,0.00
88.00499,0.056,-0.248,0.00
88.01567,0.031,-0.248,0.00
88.03326,0.014,-0.478,0.00
88.04910,0.014,-0.645,0.00
88.06040,0.014,-0.771,0.00
88.07280,-0.020,-0.839,0.00
88.08799,-0.020,-0.839,0.00
88.10004,-0.031,-0.864,0.00
88.11139,-0.031,-0.864,0.00
88.13303,-0.044,-0.841,0.00
88.14994,-0.053,-0.781,0.00
88.16047,-0.058,-0.781,0.00
88.17175,-0.058,-0.687,0.00
88.18242,-0.064,-0.687,0.00
88.19270,-0.064,-0.687,0.00
88.20372,-0.065,-0.401,0.00
88.21968,-0.065,-0.175,0.00
88.23582,-0.065,-0.175,0.00
88.24714,-0.063,0.059,0.00
88.26366,-0.064,0.317,0.00
88.27905,-0.064,0.317,0.00
88.28971,-0.064,0.317,0.00
88.30150,-0.067,0.878,0.00
88.31704,-0.067,0.878,0.00
88.32769,-0.057,0.878,0.00
88.34273,-0.038,1.447,0.00
88.36602,-0.038,1.720,0.00
88.37729,-0.019,1.720,0.00
88.39976,0.002,1.992,0.00
88.41059,0.002,1.992,0.00
88.42524,0.002,1.944,0.00
88.43767,0.002,1.836,0.00
88.50325,0.063,1.349,0.00
88.51361,0.063,1.176,0.00
88.57370,0.079,1.176,0.00
88.58771,0.107,0.925,0.00
88.59788,0.054,0.829,0.00
88.60813,0.054,0.829,0.00
88.61830,0.053,0.760,0.00
88.62852,0.053,0.760,0.00
88.63869,0.048,0.717,0.00
88.64900,0.048,0.717,0.00
88.65910,0.035,0.693,0.00
88.66935,0.035,0.693,0.00
88.67962,0.020,0.687,0.00
88.68979,0.020,0.687,0.00
88.69996,0.010,0.702,0.00
88.71033,0.010,0.702,0.00
88.72048,0.005,0.735,0.00
88.73073,0.005,0.735,0.00
88.74090,-0.000,0.789,0.00
88.75203,-0.000,0.789,0.00
88.76220,-0.015,0.862,0.00
88.77233,-0.028,0.862,0.00
88.78267,-0.028,0.953,0.00
88.79282,-0.028,1.054,0.00
88.80296,-0.042,1.054,0.00
88.81309,-0.042,1.164,0.00
88.82323,-0.055,1.164,0.00
88.83339,-0.055,1.164,0.00
88.84352,-0.073,1.282,0.00
88.85367,-0.073,1.282,0.00
88.86381,-0.096,1.414,0.00
88.87396,-0.096,1.525,0.00
88.88409,-0.122,1.525,0.00
88.89425,-0.150,1.525,0.00
88.90439,-0.150,1.628,0.00
88.91453,-0.174,1.628,0.00
88.92480,-0.174,1.718,0.00
88.93496,-0.174,1.718,0.00
88.94511,-0.188,1.785,0.00
88.95526,-0.208,1.817,0.00
88.96541,-0.208,1.817,0.00
88.97556,-0.231,1.819,0.00
88.98570,-0.231,1.819,0.00
88.99598,-0.235,1.793,0.00
89.00616,-0.235,1.793,0.00
89.01627,-0.241,1.740,0.00
89.02641,-0.241,1.740,0.00
89.03656,-0.251,1.686,0.00
89.04670,-0.251,1.686,0.00
89.05686,-0.250,1.629,0.00
89.06731,-0.250,1.629,0.00
89.07727,-0.245,1.568,0.00
89.08753,-0.245,1.568,0.00
89.09767,-0.241,1.509,0.00
89.10793,-0.241,1.509,0.00
89.11809,-0.238,1.453,0.00
89.12824,-0.238,1.453,0.00
89.13838,-0.228,1.411,0.00
89.14969,-0.228,1.411,0.00
89.16002,-0.214,1.374,0.00
89.17081,-0.214,1.374,0.00
89.18099,-0.210,1.347,0.00
89.19119,-0.210,1.347,0.00
89.20135,-0.213,1.335,0.00
89.21152,-0.213,1.335,0.00
89.22168,-0.219,1.338,0.00
89.23182,-0.219,1.338,0.00
89.24198,-0.223,1.351,0.00
89.25224,-0.223,1.351,0.00
89.26238,-0.232,1.372,0.00
89.27254,-0.232,1.372,0.00
89.28267,-0.241,1.396,0.00
89.29283,-0.247,1.427,0.00
89.30298,-0.247,1.427,0.00
89.31371,-0.247,1.427,0.00
89.32405,-0.253,1.466,0.00
89.33440,-0.261,1.520,0.00
89.34484,-0.261,1.520,0.00
89.35509,-0.274,1.570,0.00
89.36541,-0.274,1.570,0.00
89.37577,-0.287,1.615,0.00
89.38611,-0.287,1.615,0.00
89.39647,-0.303,1.653,0.00
89.40679,-0.303,1.653,0.00
89.41719,-0.320,1.678,0.00
89.42766,-0.320,1.678,0.00
89.43790,-0.341,1.691,0.00
89.44886,-0.341,1.691,0.00
89.45903,-0.360,1.692,0.00
89.46987,-0.360,1.692,0.00
89.48006,-0.379,1.676,0.00
89.49064,-0.379,1.676,0.00
89.50082,-0.397,1.646,0.00
89.51177,-0.397,1.646,0.00
89.52200,-0.408,1.614,0.00
89.53217,-0.408,1.578,0.00
89.54233,-0.410,1.578,0.00
89.55249,-0.410,1.545,0.00
89.56263,-0.409,1.545,0.00
89.57279,-0.409,1.545,0.00
89.58293,-0.411,1.512,0.00
89.59309,-0.411,1.512,0.00
89.60323,-0.411,1.484,0.00
89.61340,-0.411,1.484,0.00
89.62354,-0.414,1.463,0.00
89.63370,-0.414,1.463,0.00
89.64385,-0.423,1.450,0.00
89.65401,-0.423,1.450,0.00
89.66415,-0.436,1.444,0.00
89.67431,-0.443,1.445,0.00
89.68446,-0.443,1.445,0.00
89.69537,-0.444,1.457,0.00
89.70551,-0.444,1.457,0.00
89.71565,-0.447,1.472,0.00
89.72580,-0.447,1.472,0.00
89.73643,-0.452,1.493,0.00
89.74658,-0.452,1.493,0.00
89.75674,-0.464,1.515,0.00
89.76688,-0.464,1.515,0.00
89.77768,-0.482,1.536,0.00
89.78782,-0.482,1.536,0.00
89.79799,-0.501,1.555,0.00
89.80813,-0.501,1.555,0.00
89.81840,-0.521,1.570,0.00
89.82869,-0.521,1.570,0.00
89.83911,-0.544,1.577,0.00
89.84940,-0.544,1.577,0.00
89.85970,-0.566,1.576,0.00
89.87005,-0.566,1.576,0.00
89.88038,-0.586,1.566,0.00
89.89073,-0.586,1.566,0.00
89.90107,-0.605,1.552,0.00
89.91156,-0.605,1.552,0.00
89.92189,-0.622,1.538,0.00
89.93219,-0.622,1.538,0.00
89.94248,-0.654,1.517,0.00
89.95289,-0.654,1.517,0.00
89.96305,-0.701,1.496,0.00
89.97317,-0.701,1.496,0.00
89.98334,-0.758,1.478,0.00
89.99367,-0.817,1.478,0.00
90.00398,-0.817,1.460,0.00
90.01432,-0.876,1.451,0.00
90.02472,-0.876,1.451,0.00
90.03484,-0.876,1.451,0.00
90.04500,-0.937,1.448,0.00
90.05516,-0.937,1.450,0.00
90.06530,-1.003,1.450,0.00
90.07545,-1.003,1.456,0.00
90.08559,-1.075,1.456,0.00
90.09575,-1.145,1.469,0.00
90.10590,-1.145,1.469,0.00
90.11605,-1.209,1.481,0.00
90.12618,-1.209,1.481,0.00
90.13636,-1.256,1.497,0.00
90.14650,-1.256,1.497,0.00
90.15676,-1.272,1.515,0.00
90.16690,-1.272,1.515,0.00
90.17705,-1.250,1.528,0.00
90.18720,-1.250,1.528,0.00
90.19749,-1.183,1.536,0.00
90.20803,-1.183,1.536,0.00
90.21820,-1.089,1.544,0.00
90.22834,-1.089,1.544,0.00
90.23850,-0.996,1.545,0.00
90.24867,-0.996,1.545,0.00
90.25882,-0.932,1.543,0.00
90.26964,-0.932,1.543,0.00
90.27978,-0.884,1.538,0.00
90.29030,-0.884,1.538,0.00
90.30046,-0.829,1.537,0.00
90.31128,-0.785,1.537,0.00
90.32143,-0.785,1.536,0.00
90.33159,-0.757,1.536,0.00
90.34190,-0.757,1.535,0.00
90.35207,-0.757,1.535,0.00
90.36222,-0.739,1.533,0.00
90.37237,-0.739,1.533,0.00
90.38252,-0.734,1.531,0.00
90.39267,-0.734,1.531,0.00
90.40283,-0.737,1.532,0.00
90.41299,-0.737,1.537,0.00
90.42314,-0.745,1.537,0.00
90.43328,-0.745,1.542,0.00
90.44343,-0.763,1.542,0.00
90.45356,-0.763,1.546,0.00
90.46371,-0.797,1.546,0.00
90.47387,-0.846,1.552,0.00
90.48401,-0.846,1.552,0.00
90.49417,-0.901,1.557,0.00
90.50431,-0.901,1.557,0.00
90.51447,-0.962,1.558,0.00
90.52476,-0.962,1.558,0.00
90.53486,-1.022,1.561,0.00
90.54514,-1.022,1.561,0.00
90.55556,-1.078,1.565,0.00
90.56585,-1.078,1.565,0.00
90.57615,-1.125,1.571,0.00
90.58647,-1.125,1.571,0.00
90.59757,-1.165,1.574,0.00
90.60772,-1.165,1.574,0.00
90.61786,-1.179,1.579,0.00
90.62801,-1.179,1.579,0.00
90.63816,-1.169,1.588,0.00
90.64853,-1.169,1.588,0.00
90.65885,-1.143,1.598,0.00
90.66980,-1.143,1.598,0.00
90.67995,-1.077,1.606,0.00
90.69090,-1.077,1.606,0.00
90.70107,-1.003,1.615,0.00
90.71121,-1.003,1.615,0.00
90.72136,-0.947,1.626,0.00
90.73151,-0.947,1.626,0.00
90.74166,-0.887,1.636,0.00
90.75180,-0.887,1.636,0.00
90.76217,-0.815,1.642,0.00
90.77257,-0.724,1.647,0.00
90.78287,-0.724,1.647,0.00
90.79304,-0.608,1.647,0.00
90.80321,-0.608,1.648,0.00
90.81340,-0.480,1.648,0.00
90.82355,-0.480,1.645,0.00
90.83369,-0.345,1.645,0.00
90.84391,-0.345,1.644,0.00
90.85407,-0.345,1.644,0.00
90.86421,-0.192,1.642,0.00
90.87440,-0.192,1.642,0.00
90.88455,-0.009,1.636,0.00
90.89471,-0.009,1.636,0.00
90.90487,0.206,1.626,0.00
90.91503,0.206,1.626,0.00
90.92519,0.440,1.617,0.00
90.93533,0.696,1.610,0.00
90.94545,0.696,1.610,0.00
90.95598,0.979,1.598,0.00
90.96613,0.979,1.598,0.00
90.97635,1.293,1.589,0.00
90.98649,1.293,1.589,0.00
90.99678,1.636,1.581,0.00
91.00693,1.636,1.581,0.00
91.01783,2.004,1.573,0.00
91.02798,2.004,1.573,0.00
91.03864,2.406,1.565,0.00
91.04878,2.406,1.565,0.00
91.05894,2.838,1.557,0.00
91.06909,2.838,1.557,0.00
91.07923,3.288,1.546,0.00
91.09005,3.288,1.546,0.00
91.10019,3.755,1.532,0.00
91.11109,3.755,1.532,0.00
91.12124,4.230,1.521,0.00
91.13140,4.230,1.521,0.00
91.14155,4.712,1.516,0.00
91.15184,4.712,1.516,0.00
91.16199,5.195,1.512,0.00
91.17219,5.195,1.512,0.00
91.18235,5.685,1.506,0.00
91.19251,5.685,1.506,0.00
91.20277,6.192,1.497,0.00
91.21293,6.707,1.489,0.00
91.22307,6.707,1.489,0.00
91.23322,7.200,1.487,0.00
91.24336,7.200,1.487,0.00
91.25351,7.690,1.481,0.00
91.26385,7.690,1.481,0.00
91.27399,8.193,1.481,0.00
91.28413,8.193,1.470,0.00
91.29427,8.699,1.470,0.00
91.30481,8.699,1.466,0.00
91.31495,9.176,1.466,0.00
91.32526,9.176,1.464,0.00
91.33563,9.633,1.464,0.00
91.34595,9.633,1.460,0.00
91.35629,10.071,1.460,0.00
91.37633,10.477,1.445,0.00
91.38651,10.477,1.445,0.00
91.40675,10.477,1.445,12.00
91.41694,11.157,1.435,12.00
91.42710,11.157,1.435,12.00
91.43908,11.157,1.429,12.00
91.44948,11.443,1.429,12.00
91.45978,11.692,1.425,12.00
91.47122,11.692,1.425,12.00
91.48138,11.882,1.422,12.00
91.49154,11.882,1.422,12.00
91.50306,12.014,1.419,12.00
91.51344,12.014,1.416,12.00
91.52377,12.083,1.416,12.00
91.53492,12.083,1.416,12.00
91.54509,12.092,1.419,12.00
91.55524,12.056,1.423,12.00
91.56687,12.056,1.423,12.00
91.57704,11.987,1.417,12.00
91.58720,11.987,1.417,12.00
91.59732,11.868,1.364,12.00
91.61492,11.868,1.364,12.50
91.62509,11.709,1.272,12.50
91.64693,11.709,1.227,12.50
91.65726,11.193,1.167,12.50
91.67927,11.193,1.167,12.50
91.68948,10.863,1.102,12.50
91.71123,10.402,1.042,12.50
91.72143,9.870,0.963,12.50
91.73157,9.870,0.963,12.50
91.74340,9.280,0.899,12.50
91.75359,9.280,0.821,12.50
91.76375,8.626,0.821,12.50
91.77676,7.911,0.725,12.50
91.78675,7.911,0.725,12.50
91.79692,7.168,0.620,12.50
91.80725,7.168,0.620,12.50
91.81761,6.418,0.487,12.50
91.82844,6.418,0.487,12.50
91.83911,5.685,0.368,12.50
91.84928,5.685,0.368,12.50
91.85944,4.977,0.225,12.50
91.87092,4.977,0.225,13.00
91.88111,4.297,0.094,13.00
91.89126,4.297,0.094,13.00
91.90143,3.658,-0.052,13.00
91.91970,3.072,-0.201,13.00
91.92987,3.072,-0.201,13.00
91.95189,2.100,-0.531,13.00
91.96206,2.100,-0.531,13.00
91.98366,1.709,-0.681,13.50
91.99430,1.371,-0.681,13.50
92.01481,1.371,-0.852,13.50
92.02500,1.058,-1.020,13.50
92.03518,0.760,-1.020,13.50
92.04708,0.760,-1.185,13.50
92.05726,0.513,-1.371,13.50
92.06743,0.513,-1.371,13.50
92.07926,0.513,-1.547,14.00
92.08956,0.283,-1.547,14.00
92.09973,0.059,-1.753,14.00
92.11298,-0.071,-1.926,14.00
92.12314,-0.071,-1.926,14.00
92.13331,-0.149,-1.926,14.00
92.14348,-0.149,-2.104,14.50
92.15391,-0.149,-2.292,14.50
92.16408,-0.236,-2.292,14.50
92.17525,-0.236,-2.463,14.50
92.18555,-0.326,-2.463,14.50
92.19576,-0.357,-2.636,14.50
92.22310,-0.351,-2.636,15.00
92.23342,-0.316,-2.784,15.00
92.25559,-0.266,-3.082,15.50
92.26574,-0.266,-3.082,15.50
92.28762,-0.224,-3.191,15.50
92.29777,-0.186,-3.285,15.50
92.31895,-0.146,-3.285,16.00
92.32926,-0.146,-3.347,16.00
92.35163,-0.089,-3.389,16.50
92.36182,-0.004,-3.404,16.50
92.37206,-0.004,-3.404,16.50
92.38328,0.076,-3.404,17.00
92.39346,0.130,-3.397,17.00
92.40373,0.130,-3.368,17.00
92.41556,0.157,-3.368,17.00
92.42572,0.157,-3.308,17.00
92.43614,0.164,-3.308,17.00
92.44720,0.164,-3.215,17.50
92.45741,0.151,-3.085,17.50
92.46757,0.151,-3.085,17.50
92.47891,0.119,-2.944,18.00
92.48908,0.119,-2.944,18.00
92.49925,0.075,-2.753,18.00
92.51344,0.010,-2.550,18.00
92.52374,0.010,-2.550,18.00
92.53415,0.010,-2.550,18.00
92.55871,-0.072,-2.275,18.50
92.57085,-0.156,-1.981,18.50
92.59076,-0.230,-1.981,18.50
92.60094,-0.308,-1.247,18.50
92.62357,-0.404,-0.921,19.00
92.63388,-0.510,-0.540,19.00
92.65536,-0.615,-0.179,19.00
92.66552,-0.615,-0.179,19.00
92.67596,-0.712,0.244,19.00
92.68748,-0.712,0.244,19.50
92.69812,-0.795,0.675,19.50
92.70838,-0.795,0.675,19.50
92.71949,-0.871,1.058,19.50
92.72984,-0.871,1.058,19.50
92.73999,-0.938,1.556,19.50
92.75132,-0.938,1.556,20.00
92.76162,-0.997,1.999,20.00
92.77173,-0.997,2.497,20.00
92.78315,-1.062,2.497,20.00
92.79332,-1.062,2.497,20.00
92.80348,-1.112,2.993,20.00
92.83218,-1.112,2.993,20.00
92.84239,-1.164,3.991,20.00
92.86272,-1.164,3.991,20.00
92.87291,-1.176,4.434,20.00
92.89519,-1.179,5.446,20.50
92.90538,-1.166,5.446,20.50
92.92702,-1.166,5.446,20.50
92.93720,-1.100,6.218,20.50
92.95982,-1.040,6.539,20.50
92.97000,-1.040,6.539,20.50
92.98013,-0.976,6.911,20.50
92.99116,-0.976,6.911,20.50
93.00153,-0.900,7.199,20.50
93.01188,-0.900,7.562,20.50
93.02314,-0.817,7.562,20.50
93.03332,-0.817,7.918,20.50
93.04346,-0.723,7.918,20.50
93.05502,-0.723,7.918,20.50
93.06520,-0.625,8.338,20.50
93.07533,-0.625,8.338,20.50
93.08805,-0.530,8.860,20.50
93.09836,-0.435,9.331,20.50
93.10855,-0.435,9.331,20.50
93.13516,-0.435,9.929,21.00
93.14533,-0.271,10.578,21.00
93.16730,-0.271,10.578,21.00
93.17780,-0.124,11.981,21.00
93.19911,-0.124,12.617,21.00
93.20942,-0.046,12.617,21.00
93.23192,0.021,13.441,21.00
93.24250,0.089,14.139,21.00
93.26265,0.089,14.139,21.00
93.27284,0.151,14.730,21.00
93.28300,0.207,15.411,21.00
93.29516,0.256,15.411,21.00
93.30535,0.256,15.932,21.00
93.31562,0.292,16.570,21.00
93.32824,0.292,16.570,21.00
93.33841,0.323,17.052,21.00
93.34954,0.323,17.052,21.00
93.36001,0.338,17.555,21.00
93.37022,0.338,18.145,21.00
93.38038,0.348,18.145,21.00
93.39118,0.348,18.145,21.00
93.40137,0.349,18.536,21.00
93.41153,0.349,18.536,21.00
93.42375,0.339,19.059,21.00
93.43396,0.339,19.059,21.00
93.44412,0.328,19.475,21.00
93.47305,0.328,19.475,21.00
93.48324,0.305,20.321,21.00
93.50413,0.278,20.635,21.00
93.51427,0.246,21.100,21.00
93.53563,0.209,21.396,21.00
93.54597,0.209,21.396,21.00
93.56706,0.171,21.396,21.00
93.57723,0.134,22.218,21.00
93.59926,0.105,22.484,21.00
93.61070,0.105,22.484,21.00
93.62097,0.081,22.893,21.00
93.63126,0.081,22.893,0.00
93.64140,0.060,23.126,0.00
93.65200,0.060,23.126,0.00
93.66231,0.038,23.453,0.00
93.67246,0.038,23.751,0.00
93.68261,0.038,23.751,0.00
93.69289,0.038,23.751,0.00
93.70295,0.049,23.982,0.00
93.71310,0.049,24.394,0.00
93.72324,0.053,24.394,0.00
93.73370,0.053,24.654,0.00
93.74400,0.038,24.654,0.00
93.75445,0.038,24.954,0.00
93.76492,0.020,24.954,0.00
93.77518,0.020,25.288,0.00
93.78549,-0.005,25.288,0.00
93.79564,-0.005,25.288,0.00
93.80581,-0.048,25.521,0.00
93.81596,-0.091,25.906,0.00
93.82610,-0.091,25.906,0.00
93.83625,-0.118,26.082,0.00
93.84640,-0.118,26.082,0.00
93.85655,-0.152,26.228,0.00
93.86669,-0.152,26.228,0.00
93.87685,-0.203,26.405,0.00
93.88700,-0.203,26.405,0.00
93.89716,-0.258,26.588,0.00
93.90740,-0.258,26.588,0.00
93.91763,-0.281,26.803,0.00
93.92787,-0.281,26.803,0.00
93.93811,-0.281,26.926,0.00
93.94826,-0.281,26.926,0.00
93.95859,-0.343,26.932,0.00
93.96884,-0.343,26.932,0.00
93.97908,-0.404,26.753,0.00
93.98926,-0.404,26.753,0.00
93.99939,-0.412,26.249,0.00
94.00954,-0.412,26.249,0.00
94.01968,-0.419,25.603,0.00
94.03012,-0.419,25.603,0.00
94.04027,-0.524,24.885,0.00
94.05041,-0.524,24.885,0.00
94.06081,-0.657,24.088,0.00
94.07155,-0.657,24.088,0.00
94.08176,-0.704,23.018,0.00
94.09191,-0.704,21.251,0.00
94.10206,-0.695,21.251,0.00
94.11221,-0.695,21.251,0.00
94.12237,-0.757,19.238,0.00
94.13252,-0.757,19.238,0.00
94.14268,-0.810,17.597,0.00
94.15284,-0.794,17.597,0.00
94.16298,-0.794,15.521,0.00
94.17337,-0.733,12.875,0.00
94.18353,-0.733,12.875,0.00
94.19369,-0.733,9.305,0.00
94.20385,-0.727,9.305,0.00
94.21401,-0.742,7.097,0.00
94.22415,-0.742,7.097,0.00
94.23430,-0.704,4.358,0.00
94.24445,-0.704,4.358,0.00
94.25461,-0.632,1.200,0.00
94.26486,-0.632,1.200,0.00
94.27501,-0.570,-1.583,0.00
94.28515,-0.570,-1.583,0.00
94.29531,-0.526,-3.423,0.00
94.30568,-0.526,-3.423,0.00
94.31599,-0.412,-4.304,0.00
94.32633,-0.412,-4.304,0.00
94.33674,-0.259,-3.635,0.00
94.34688,-0.259,-3.635,0.00
94.35731,-0.123,-1.416,0.00
94.36764,-0.123,-1.416,0.00
94.37799,-0.042,0.856,0.00
94.38833,-0.042,0.856,0.00
94.39872,0.006,2.689,0.00
94.40900,0.006,2.689,0.00
94.41942,0.031,4.142,0.00
94.42979,0.031,4.142,0.00
94.44007,0.033,3.899,0.00
94.45043,0.033,3.899,0.00
94.46088,0.030,2.052,0.00
94.47107,0.030,2.052,0.00
94.48144,0.020,0.457,0.00
94.49180,0.020,-0.323,0.00
94.50212,0.033,-0.323,0.00
94.51250,0.033,-0.659,0.00
94.52282,0.086,-0.659,0.00
94.53320,0.086,-1.145,0.00
94.54352,0.168,-1.145,0.00
94.55402,0.168,-1.422,0.00
94.56429,0.230,-1.422,0.00
94.57472,0.230,-1.809,0.00
94.58505,0.264,-1.809,0.00
94.59539,0.264,-2.325,0.00
94.60569,0.262,-2.325,0.00
94.61607,0.219,-2.854,0.00
94.62940,0.219,-2.854,0.00
94.64078,0.160,-3.267,0.00
94.65152,0.160,-3.267,0.00
94.66740,0.106,-3.520,0.00
94.68846,0.080,-3.695,0.00
94.70907,0.080,-3.719,0.00
94.72528,0.099,-3.612,0.00
94.74123,0.099,-3.384,0.00
94.75208,0.097,-3.384,0.00
94.76227,0.097,-3.071,0.00
94.77336,0.072,-3.071,0.00
94.79513,-0.018,-2.353,0.00
94.80532,-0.018,-2.353,0.00
94.81659,-0.018,-1.931,0.00
94.82734,-0.063,-1.931,0.00
94.83756,-0.088,-1.359,0.00
94.84781,-0.088,-1.359,0.00
94.86977,-0.106,-0.742,0.00
94.88231,-0.123,-0.049,0.00
94.89288,-0.123,-0.049,0.00
94.90816,-0.123,-0.049,0.00
94.91995,-0.169,1.502,0.00
94.93209,-0.169,1.502,0.00
94.94751,-0.187,2.326,0.00
94.95879,-0.187,2.511,0.00
94.96944,-0.212,2.511,0.00
94.98526,-0.247,2.161,0.00
94.99579,-0.293,2.161,0.00
95.01179,-0.293,1.056,0.00
95.02486,-0.293,1.056,0.00
95.03606,-0.352,0.566,0.00
95.04645,-0.352,0.566,0.00
95.05827,-0.343,0.185,0.00
95.06896,-0.343,0.185,0.00
95.07963,-0.313,-0.107,0.00
95.09067,-0.313,-0.107,0.00
95.10635,-0.287,-0.382,0.00
95.11703,-0.287,-0.645,0.00
95.13280,-0.270,-0.868,0.00
95.14873,-0.265,-0.868,0.00
95.16928,-0.262,-0.868,0.00
95.18120,-0.255,-1.024,0.00
95.19229,-0.255,-1.063,0.00
95.20782,-0.239,-1.024,0.00
95.21845,-0.239,-1.024,0.00
95.22954,-0.222,-1.024,0.00
95.24514,-0.211,-0.821,0.00
95.26016,-0.205,-0.678,0.00
95.27772,-0.205,-0.678,0.00
95.28849,-0.204,-0.678,0.00
95.29962,-0.204,-0.678,0.00
95.31023,-0.202,-0.678,0.00
95.32148,-0.202,-0.079,0.00
95.33202,-0.197,-0.079,0.00
95.34916,-0.190,0.206,0.00
95.37196,-0.190,0.484,0.00
95.38893,-0.192,0.484,0.00
95.40442,-0.204,1.092,0.00
95.42102,-0.214,1.325,0.00
95.43197,-0.214,1.325,0.00
95.44917,-0.224,1.386,0.00
95.46546,-0.234,1.279,0.00
95.47598,-0.239,1.109,0.00
95.48615,-0.239,1.109,0.00
95.49744,-0.235,0.899,0.00
95.55572,-0.249,0.367,0.00
95.56643,-0.249,0.367,0.00
95.58802,-0.255,0.243,0.00
95.60898,-0.262,0.157,0.00
95.62054,-0.265,0.110,0.00
95.68721,-0.265,0.199,0.00
95.69736,-0.291,0.278,0.00
95.75807,-0.291,0.278,0.00
95.76838,-0.314,0.627,0.00
95.77948,-0.112,0.844,0.00
95.78962,-0.112,0.844,0.00
95.79979,-0.115,0.976,0.00
95.81001,-0.115,0.976,0.00
95.82018,-0.116,1.098,0.00
95.83052,-0.116,1.098,0.00
95.84077,-0.119,1.162,0.00
95.85129,-0.119,1.162,0.00
95.86142,-0.126,1.168,0.00
95.87157,-0.126,1.122,0.00
95.88172,-0.124,1.122,0.00
95.89187,-0.124,1.046,0.00
95.90200,-0.114,1.046,0.00
95.91215,-0.114,0.951,0.00
95.92228,-0.100,0.951,0.00
95.93243,-0.100,0.851,0.00
95.94257,-0.091,0.851,0.00
95.95270,-0.091,0.851,0.00
95.96284,-0.089,0.760,0.00
95.97299,-0.089,0.760,0.00
95.98313,-0.097,0.682,0.00
95.99329,-0.110,0.682,0.00
96.00342,-0.110,0.636,0.00
96.01358,-0.123,0.636,0.00
96.02371,-0.123,0.616,0.00
96.03386,-0.143,0.618,0.00
96.04399,-0.143,0.618,0.00
96.05412,-0.160,0.637,0.00
96.06452,-0.160,0.637,0.00
96.07481,-0.160,0.637,0.00
96.08495,-0.182,0.672,0.00
96.09510,-0.214,0.718,0.00
96.10524,-0.214,0.718,0.00
96.11539,-0.247,0.774,0.00
96.12553,-0.247,0.774,0.00
96.13568,-0.286,0.842,0.00
96.14582,-0.286,0.842,0.00
96.15597,-0.332,0.900,0.00
96.16611,-0.332,0.900,0.00
96.17632,-0.377,0.900,0.00
96.18648,-0.377,0.947,0.00
96.19672,-0.419,0.984,0.00
96.20695,-0.419,0.984,0.00
96.21719,-0.466,1.006,0.00
96.22743,-0.466,1.006,0.00
96.23759,-0.511,1.009,0.00
96.24782,-0.511,1.009,0.00
96.25797,-0.549,0.991,0.00
96.26816,-0.549,0.991,0.00
96.27880,-0.589,0.961,0.00
96.28904,-0.589,0.961,0.00
96.29919,-0.619,0.920,0.00
96.31213,-0.619,0.920,0.00
96.32218,-0.646,0.884,0.00
96.33233,-0.646,0.884,0.00
96.34246,-0.670,0.848,0.00
96.35270,-0.670,0.848,0.00
96.36277,-0.681,0.818,0.00
96.37293,-0.681,0.818,0.00
96.38307,-0.684,0.801,0.00
96.39323,-0.684,0.798,0.00
96.40336,-0.686,0.798,0.00
96.41352,-0.686,0.804,0.00
96.42365,-0.690,0.804,0.00
96.43380,-0.693,0.819,0.00
96.44393,-0.693,0.819,0.00
96.45408,-0.691,0.840,0.00
96.46421,-0.691,0.840,0.00
96.47435,-0.692,0.865,0.00
96.48475,-0.692,0.865,0.00
96.49490,-0.690,0.865,0.00
96.50504,-0.690,0.895,0.00
96.51518,-0.685,0.895,0.00
96.52532,-0.685,0.924,0.00
96.53542,-0.685,0.924,0.00
96.54556,-0.685,0.943,0.00
96.55570,-0.685,0.954,0.00
96.56585,-0.686,0.954,0.00
96.57605,-0.686,0.954,0.00
96.58621,-0.683,0.955,0.00
96.59636,-0.680,0.950,0.00
96.60650,-0.680,0.950,0.00
96.61667,-0.675,0.942,0.00
96.62681,-0.675,0.942,0.00
96.63697,-0.676,0.931,0.00
96.64711,-0.676,0.931,0.00
96.65727,-0.685,0.918,0.00
96.66758,-0.685,0.918,0.00
96.67782,-0.697,0.907,0.00
96.68819,-0.697,0.907,0.00
96.69874,-0.717,0.900,0.00
96.70915,-0.717,0.900,0.00
96.71951,-0.739,0.898,0.00
96.72989,-0.739,0.898,0.00
96.74004,-0.756,0.902,0.00
96.75030,-0.756,0.902,0.00
96.76045,-0.770,0.909,0.00
96.77064,-0.770,0.909,0.00
96.78080,-0.787,0.922,0.00
96.79093,-0.787,0.922,0.00
96.80108,-0.810,0.938,0.00
96.81149,-0.810,0.938,0.00
96.82189,-0.836,0.954,0.00
96.83204,-0.836,0.954,0.00
96.84220,-0.860,0.971,0.00
96.85243,-0.860,0.971,0.00
96.86259,-0.889,0.988,0.00
96.87274,-0.889,0.988,0.00
96.88289,-0.915,1.001,0.00
96.89305,-0.915,1.001,0.00
96.90318,-0.939,1.007,0.00
96.91335,-0.939,1.010,0.00
96.92348,-0.960,1.010,0.00
96.93364,-0.960,1.006,0.00
96.94378,-0.972,1.006,0.00
96.95393,-0.973,0.996,0.00
96.96406,-0.973,0.996,0.00
96.97421,-0.973,0.986,0.00
96.98434,-0.973,0.986,0.00
96.99448,-0.974,0.973,0.00
97.00516,-0.974,0.973,0.00
97.01529,-0.976,0.963,0.00
97.02571,-0.976,0.963,0.00
97.03585,-0.976,0.963,0.00
97.04600,-0.976,0.957,0.00
97.05615,-0.975,0.957,0.00
97.06629,-0.975,0.950,0.00
97.07644,-0.975,0.947,0.00
97.08659,-0.975,0.947,0.00
97.09703,-0.975,0.947,0.00
97.10749,-0.975,0.947,0.00
97.11765,-0.977,0.946,0.00
97.12789,-0.977,0.946,0.00
97.13812,-0.972,0.946,0.00
97.14835,-0.972,0.946,0.00
97.15877,-0.964,0.948,0.00
97.16903,-0.964,0.948,0.00
97.17919,-0.959,0.950,0.00
97.18940,-0.959,0.950,0.00
97.19955,-0.952,0.952,0.00
97.20973,-0.952,0.952,0.00
97.21988,-0.949,0.952,0.00
97.23017,-0.949,0.952,0.00
97.24031,-0.957,0.954,0.00
97.25048,-0.957,0.954,0.00
97.26072,-0.966,0.955,0.00
97.27094,-0.966,0.955,0.00
97.28102,-0.973,0.953,0.00
97.29183,-0.973,0.953,0.00
97.30204,-0.972,0.950,0.00
97.31218,-0.972,0.950,0.00
97.32232,-0.975,0.948,0.00
97.33246,-0.975,0.950,0.00
97.34260,-0.975,0.950,0.00
97.35277,-0.975,0.950,0.00
97.36290,-0.978,0.950,0.00
97.37316,-0.985,0.950,0.00
97.38330,-0.985,0.952,0.00
97.39346,-0.991,0.952,0.00
97.40359,-0.991,0.957,0.00
97.41376,-0.991,0.957,0.00
97.42425,-1.004,0.962,0.00
97.43444,-1.004,0.962,0.00
97.44454,-1.014,0.970,0.00
97.45469,-1.014,0.970,0.00
97.46483,-1.023,0.975,0.00
97.47497,-1.038,0.981,0.00
97.48513,-1.038,0.981,0.00
97.49528,-1.044,0.988,0.00
97.50542,-1.044,0.988,0.00
97.51557,-1.041,0.992,0.00
97.52571,-1.041,0.992,0.00
97.53585,-1.038,0.994,0.00
97.54600,-1.038,0.994,0.00
97.55639,-1.034,0.996,0.00
97.56652,-1.034,0.996,0.00
97.57667,-1.033,0.995,0.00
97.58690,-1.033,0.995,0.00
97.59715,-1.034,0.990,0.00
97.60738,-1.034,0.990,0.00
97.61762,-1.034,0.987,0.00
97.62786,-1.034,0.987,0.00
97.63808,-1.033,0.984,0.00
97.64884,-1.033,0.984,0.00
97.65922,-1.036,0.983,0.00
97.66948,-1.036,0.983,0.00
97.68017,-1.040,0.981,0.00
97.69036,-1.040,0.981,0.00
97.70059,-1.045,0.979,0.00
97.71089,-1.045,0.979,0.00
97.72105,-1.044,0.980,0.00
97.73128,-1.044,0.980,0.00
97.74152,-1.038,0.983,0.00
97.75171,-1.038,0.983,0.00
97.76187,-1.032,0.989,0.00
97.77200,-1.032,0.989,0.00
97.78213,-1.033,0.996,0.00
97.79228,-1.033,1.001,0.00
97.80241,-1.016,1.001,0.00
97.81256,-1.016,1.005,0.00
97.82270,-0.999,1.005,0.00
97.83297,-0.997,1.010,0.00
97.84320,-0.997,1.010,0.00
97.85357,-0.991,1.016,0.00
97.86389,-0.991,1.016,0.00
97.87427,-0.984,1.020,0.00
97.88459,-0.984,1.020,0.00
97.89493,-0.974,1.021,0.00
97.90529,-0.974,1.021,0.00
97.91569,-0.960,1.026,0.00
97.92601,-0.960,1.026,0.00
97.93640,-0.938,1.031,0.00
97.94669,-0.938,1.031,0.00
97.95707,-0.918,1.035,0.00
97.96748,-0.918,1.035,0.00
97.97764,-0.901,1.039,0.00
97.98790,-0.901,1.039,0.00
97.99804,-0.888,1.044,0.00
98.00833,-0.888,1.044,0.00
98.01839,-0.874,1.046,0.00
98.02887,-0.874,1.046,0.00
98.03883,-0.856,1.052,0.00
98.04944,-0.856,1.052,0.00
98.05968,-0.849,1.057,0.00
98.06982,-0.849,1.057,0.00
98.07996,-0.848,1.060,0.00
98.09025,-0.848,1.060,0.00
98.10066,-0.848,1.060,0.00
98.11083,-0.848,1.060,0.00
98.12108,-0.848,1.060,0.00
98.13135,-0.848,1.060,0.00
98.14150,-0.839,1.062,0.00
98.15166,-0.839,1.062,0.00
98.16182,-0.840,1.064,0.00
98.17199,-0.840,1.064,0.00
98.18214,-0.849,1.067,0.00
98.19231,-0.849,1.068,0.00
98.20249,-0.858,1.068,0.00
98.21277,-0.858,1.068,0.00
98.22292,-0.874,1.070,0.00
98.23309,-0.892,1.074,0.00
98.24346,-0.892,1.074,0.00
98.25364,-0.912,1.074,0.00
98.26379,-0.912,1.079,0.00
98.27396,-0.937,1.079,0.00
98.28411,-0.937,1.083,0.00
98.29454,-0.961,1.083,0.00
98.30489,-0.961,1.088,0.00
98.31506,-0.961,1.088,0.00
98.32522,-0.980,1.094,0.00
98.33539,-0.980,1.094,0.00
98.34554,-1.002,1.100,0.00
98.35570,-1.002,1.100,0.00
98.36585,-1.020,1.106,0.00
98.37601,-1.039,1.112,0.00
98.38616,-1.039,1.112,0.00
98.39632,-1.050,1.116,0.00
98.40647,-1.050,1.116,0.00
98.41671,-1.063,1.119,0.00
98.42685,-1.063,1.119,0.00
98.43700,-1.091,1.121,0.00
98.44725,-1.091,1.121,0.00
98.45741,-1.107,1.125,0.00
98.46755,-1.107,1.125,0.00
98.47797,-1.115,1.124,0.00
98.48831,-1.115,1.124,0.00
98.49845,-1.109,1.122,0.00
98.50895,-1.109,1.122,0.00
98.51930,-1.096,1.118,0.00
98.52962,-1.096,1.118,0.00
98.53976,-1.093,1.121,0.00
98.54990,-1.093,1.121,0.00
98.56004,-1.095,1.120,0.00
98.57019,-1.095,1.120,0.00
98.58033,-1.095,1.120,0.00
98.59053,-1.095,1.120,0.00
98.60067,-1.134,1.120,0.00
98.61089,-1.134,1.120,0.00
98.62120,-1.153,1.119,0.00
98.63138,-1.153,1.119,0.00
98.64170,-1.169,1.122,0.00
98.65217,-1.169,1.122,0.00
98.66246,-1.190,1.124,0.00
98.67270,-1.190,1.128,0.00
98.68287,-1.211,1.128,0.00
98.69316,-1.211,1.128,0.00
98.70346,-1.212,1.128,0.00
98.71363,-1.212,1.128,0.00
98.72376,-1.169,1.125,0.00
98.73391,-1.169,1.125,0.00
98.74406,-1.081,1.124,0.00
98.75421,-0.928,1.124,0.00
98.76434,-0.928,1.124,0.00
98.77449,-0.928,1.124,0.00
98.78477,-0.734,1.122,0.00
98.79492,-0.734,1.122,0.00
98.80506,-0.526,1.117,0.00
98.81521,-0.526,1.110,0.00
98.82535,-0.288,1.110,0.00
98.83550,-0.011,1.108,0.00
98.84564,-0.011,1.108,0.00
98.85578,0.302,1.105,0.00
98.86593,0.302,1.105,0.00
98.87606,0.650,1.105,0.00
98.88648,0.650,1.105,0.00
98.89665,1.026,1.105,0.00
98.90680,1.026,1.105,0.00
98.91695,1.426,1.108,0.00
98.92723,1.426,1.108,0.00
98.93746,1.870,1.109,0.00
98.94760,1.870,1.109,0.00
98.95775,2.377,1.117,0.00
98.96822,2.377,1.117,0.00
98.97855,2.929,1.126,0.00
98.98882,2.929,1.126,0.00
98.99897,3.526,1.134,0.00
99.00918,3.526,1.134,0.00
99.01934,4.151,1.139,0.00
99.02953,4.151,1.139,0.00
99.03977,4.734,1.145,0.00
99.04990,4.734,1.145,0.00
99.06005,5.432,1.151,0.00
99.07029,5.432,1.151,0.00
99.08070,6.127,1.158,0.00
99.09089,6.127,1.158,0.00
99.10106,6.809,1.165,0.00
99.11121,6.809,1.165,0.00
99.12137,7.478,1.171,0.00
99.13159,7.478,1.171,0.00
99.14174,8.141,1.178,0.00
99.15196,8.141,1.178,0.00
99.16204,8.778,1.189,0.00
99.17284,8.778,1.189,0.00
99.18300,9.395,1.202,0.00
99.19315,9.990,1.202,0.00
99.20332,9.990,1.210,0.00
99.21349,10.532,1.210,0.00
99.23117,10.532,1.219,0.00
99.24132,11.024,1.228,0.00
99.26276,11.024,1.228,12.00
99.27295,11.861,1.242,12.00
99.29552,12.189,1.243,12.00
99.30586,12.189,1.243,12.00
99.31601,12.428,1.242,12.00
99.32806,12.428,1.242,12.00
99.33824,12.553,1.239,12.00
99.34966,12.553,1.239,12.00
99.36015,12.542,1.235,12.00
99.37146,12.542,1.235,12.00
99.38160,12.427,1.228,12.00
99.39195,12.427,1.228,12.00
99.40299,12.257,1.222,12.00
99.41315,12.042,1.216,12.00
99.42329,12.042,1.216,12.00
99.43344,12.042,1.223,12.00
99.44368,11.753,1.223,12.00
99.47173,11.369,1.223,12.50
99.48191,10.889,1.054,12.50
99.50312,10.889,0.958,12.50
99.51330,10.316,0.905,12.50
99.53574,9.683,0.851,12.50
99.54591,8.984,0.851,12.50
99.56753,8.205,0.762,12.50
99.57770,7.327,0.702,12.50
99.58795,7.327,0.702,12.50
99.59912,6.388,0.702,12.50
99.61166,6.388,0.630,12.50
99.63066,5.467,0.580,12.50
99.64085,4.617,0.526,12.50
99.65111,4.617,0.526,12.50
99.66341,3.837,0.441,12.50
99.67372,3.114,0.349,12.50
99.68402,3.114,0.349,12.50
99.69587,2.452,0.231,12.50
99.70600,2.452,0.231,12.50
99.71630,1.865,0.231,12.50
99.72750,1.865,0.122,13.00
99.73799,1.335,0.001,13.00
99.74810,1.335,0.001,13.00
99.75906,0.844,-0.122,13.00
99.76958,0.844,-0.122,13.00
99.77974,0.387,-0.251,13.00
99.80722,0.387,-0.385,13.00
99.81742,-0.327,-0.516,13.00
99.83897,-0.327,-0.516,13.50
99.84916,-0.626,-0.667,13.50
99.87215,-0.779,-0.811,13.50
99.88234,-0.801,-0.970,13.50
99.90257,-0.801,-0.970,13.50
99.91276,-0.804,-1.244,13.50
99.92294,-0.802,-1.244,13.50
99.93542,-0.716,-1.383,14.00
99.94557,-0.716,-1.383,14.00
99.95594,-0.563,-1.514,14.00
99.96814,-0.563,-1.514,14.00
99.97829,-0.404,-1.643,14.00
99.98931,-0.404,-1.643,14.00
99.99982,-0.260,-1.771,14.50
100.00999,-0.260,-1.771,14.50
100.02017,-0.134,-1.885,14.50
100.03178,-0.134,-1.885,14.50
100.04297,-0.060,-2.044,14.50
100.05313,-0.060,-2.177,14.50
100.06352,-0.033,-2.177,15.00
100.07382,-0.033,-2.298,15.00
100.08396,-0.018,-2.298,15.00
100.11314,0.051,-2.298,15.50
100.12350,0.051,-2.526,15.50
100.14351,0.065,-2.526,15.50
100.15369,0.054,-2.649,15.50
100.17618,0.018,-2.855,16.00
100.18633,0.018,-2.855,16.00
100.19737,-0.037,-2.855,16.50
100.20810,-0.037,-2.964,16.50
100.21840,-0.116,-3.050,16.50
100.22922,-0.116,-3.050,16.50
100.23934,-0.219,-3.143,17.00
100.24981,-0.219,-3.143,17.00
100.25998,-0.328,-3.213,17.00
100.27231,-0.328,-3.213,17.00
100.28245,-0.435,-3.275,17.00
100.29270,-0.542,-3.275,17.00
100.30448,-0.542,-3.301,17.50
100.31462,-0.653,-3.298,17.50
100.32494,-0.653,-3.298,17.50
100.35097,-0.653,-3.298,18.00
100.36116,-0.850,-3.183,18.00
100.38372,-0.947,-3.090,18.00
100.39394,-1.040,-3.090,18.00
100.41551,-1.128,-2.793,18.50
100.42567,-1.128,-2.793,18.50
100.44729,-1.210,-2.793,18.50
100.45773,-1.287,-2.362,18.50
100.47913,-1.287,-2.103,19.00
100.48967,-1.353,-2.103,19.00
100.51196,-1.411,-1.835,19.00
100.52222,-1.453,-1.453,19.00
100.53236,-1.453,-1.453,19.00
100.54291,-1.484,-1.062,19.50
100.55307,-1.484,-1.062,19.50
100.56323,-1.518,-0.657,19.50
100.57519,-1.539,-0.208,19.50
100.58538,-1.539,-0.208,19.50
100.59551,-1.555,0.206,19.50
100.60676,-1.555,0.206,20.00
100.61694,-1.555,0.720,20.00
100.62720,-1.555,0.720,20.00
100.63881,-1.545,1.205,20.00
100.64908,-1.545,1.205,20.00
100.65923,-1.534,1.722,20.00
100.68664,-1.534,1.722,20.00
100.69682,-1.497,2.852,20.00
100.72019,-1.497,2.852,20.00
100.73050,-1.472,3.433,20.00
100.75065,-1.443,3.433,20.50
100.76097,-1.443,3.924,20.50
100.78291,-1.371,4.427,20.50
100.79326,-1.322,4.883,20.50
100.81544,-1.274,5.751,20.50
100.82563,-1.274,5.751,20.50
100.84692,-1.274,6.079,20.50
100.85712,-1.175,6.535,20.50
100.86736,-1.175,6.535,20.50
100.87902,-1.175,6.879,20.50
100.88931,-1.125,6.879,20.50
100.89948,-1.067,7.231,20.50
100.91211,-1.003,7.231,20.50
100.92231,-1.003,7.679,20.50
100.93313,-1.003,7.679,20.50
100.95867,-0.948,8.046,20.50
100.96885,-0.891,8.566,20.50
100.99168,-0.891,8.566,21.00
101.00186,-0.815,9.595,21.00
101.02400,-0.788,10.328,21.00
101.03417,-0.759,10.906,21.00
101.05454,-0.759,10.906,21.00
101.06473,-0.735,11.588,21.00
101.08650,-0.715,12.244,21.00
101.09670,-0.699,12.833,21.00
101.10685,-0.699,12.833,21.00
101.11864,-0.699,12.833,21.00
101.12881,-0.692,13.490,21.00
101.13898,-0.684,13.998,21.00
101.15278,-0.669,13.998,21.00
101.16310,-0.669,14.642,21.00
101.17345,-0.673,14.642,21.00
101.18378,-0.673,15.160,21.00
101.19393,-0.678,15.697,21.00
101.20410,-0.678,15.697,21.00
101.21497,-0.678,16.235,21.00
101.22513,-0.684,16.235,21.00
101.23538,-0.684,16.655,21.00
101.24728,-0.691,16.655,21.00
101.25745,-0.698,17.169,21.00
101.26765,-0.698,17.169,21.00
101.27896,-0.721,17.512,21.00
101.28927,-0.721,17.512,21.00
101.29941,-0.740,17.930,21.00
101.32737,-0.750,17.930,21.00
101.33750,-0.770,18.647,21.00
101.35923,-0.784,19.065,21.00
101.37111,-0.803,19.065,21.00
101.39332,-0.803,19.291,21.00
101.40351,-0.816,19.611,21.00
101.42336,-0.829,19.924,21.00
101.43352,-0.844,20.145,21.00
101.44379,-0.844,20.145,21.00
101.45544,-0.849,20.464,21.00
101.46561,-0.849,20.464,21.00
101.47578,-0.853,20.662,21.00
101.48594,-0.853,20.662,0.00
101.49608,-0.847,20.999,0.00
101.50623,-0.847,20.999,0.00
101.51637,-0.839,21.276,0.00
101.52652,-0.839,21.276,0.00
101.53672,-0.806,21.453,0.00
101.54689,-0.806,21.453,0.00
101.55705,-0.776,21.777,0.00
101.56719,-0.776,21.777,0.00
101.57735,-0.748,21.914,0.00
101.58751,-0.748,21.914,0.00
101.59766,-0.739,22.203,0.00
101.60782,-0.739,22.203,0.00
101.61796,-0.742,22.408,0.00
101.62816,-0.742,22.408,0.00
101.63831,-0.754,22.603,0.00
101.64855,-0.754,22.603,0.00
101.65883,-0.783,22.941,0.00
101.66898,-0.783,22.941,0.00
101.67913,-0.815,23.062,0.00
101.69001,-0.815,23.062,0.00
101.70016,-0.847,23.364,0.00
101.71042,-0.847,23.364,0.00
101.72055,-0.873,23.459,0.00
101.73079,-0.873,23.459,0.00
101.74103,-0.907,23.537,0.00
101.75130,-0.907,23.537,0.00
101.76138,-0.961,23.634,0.00
101.77155,-0.961,23.634,0.00
101.78171,-0.995,23.745,0.00
101.79198,-0.995,23.745,0.00
101.80212,-1.001,23.911,0.00
101.81231,-1.001,23.911,0.00
101.82271,-1.029,24.012,0.00
101.83287,-1.029,24.016,0.00
101.84300,-1.077,24.016,0.00
101.85393,-1.077,24.016,0.00
101.86408,-1.080,23.917,0.00
101.87436,-1.049,23.917,0.00
101.88480,-1.049,23.631,0.00
101.89510,-1.068,23.631,0.00
101.90526,-1.068,23.150,0.00
101.91541,-1.140,23.150,0.00
101.92556,-1.140,22.408,0.00
101.93570,-1.150,21.755,0.00
101.94584,-1.150,21.755,0.00
101.95599,-1.109,20.797,0.00
101.96613,-1.109,20.797,0.00
101.97651,-1.048,19.372,0.00
101.98665,-1.048,19.372,0.00
101.99681,-1.078,17.599,0.00
102.00696,-1.078,17.599,0.00
102.01711,-1.093,16.055,0.00
102.02726,-1.093,16.055,0.00
102.03740,-1.041,14.352,0.00
102.04764,-1.041,14.352,0.00
102.05786,-0.985,12.220,0.00
102.06810,-0.985,12.220,0.00
102.07832,-0.968,9.402,0.00
102.08856,-0.968,9.402,0.00
102.09871,-0.940,7.254,0.00
102.10885,-0.940,7.254,0.00
102.11899,-0.886,5.155,0.00
102.12936,-0.886,5.155,0.00
102.13936,-0.830,2.851,0.00
102.14952,-0.830,2.851,0.00
102.15967,-0.775,0.415,0.00
102.16986,-0.775,0.415,0.00
102.18010,-0.715,-1.960,0.00
102.19097,-0.715,-1.960,0.00
102.20097,-0.584,-3.299,0.00
102.21119,-0.584,-3.299,0.00
102.22135,-0.433,-3.486,0.00
102.23161,-0.433,-3.486,0.00
102.24175,-0.313,-2.405,0.00
102.25190,-0.233,-2.405,0.00
102.26203,-0.233,-0.533,0.00
102.27244,-0.174,-0.533,0.00
102.28284,-0.174,1.506,0.00
102.29305,-0.174,1.506,0.00
102.30320,-0.144,3.121,0.00
102.31335,-0.144,3.121,0.00
102.32351,-0.142,4.619,0.00
102.33367,-0.142,4.619,0.00
102.34381,-0.159,4.044,0.00
102.35395,-0.159,4.044,0.00
102.36409,-0.193,2.278,0.00
102.37425,-0.218,0.727,0.00
102.38438,-0.218,0.727,0.00
102.39452,-0.190,0.113,0.00
102.40477,-0.190,0.113,0.00
102.41493,-0.190,0.113,0.00
102.42508,-0.134,-0.206,0.00
102.43522,-0.090,-0.598,0.00
102.44537,-0.090,-0.598,0.00
102.45551,-0.063,-0.860,0.00
102.46566,-0.063,-0.860,0.00
102.47607,-0.074,-1.245,0.00
102.49156,-0.074,-1.245,0.00
102.50717,-0.105,-1.691,0.00
102.52375,-0.146,-2.151,0.00
102.54070,-0.183,-2.509,0.00
102.56318,-0.198,-2.716,0.00
102.57377,-0.196,-2.716,0.00
102.58546,-0.196,-2.790,0.00
102.60116,-0.184,-2.715,0.00
102.61168,-0.184,-2.715,0.00
102.62236,-0.172,-2.501,0.00
102.63299,-0.172,-2.501,0.00
102.65783,-0.204,-1.723,0.00
102.66845,-0.204,-1.723,0.00
102.67879,-0.229,-1.723,0.00
102.68994,-0.229,-1.723,0.00
102.70185,-0.246,-0.816,0.00
102.71233,-0.246,-0.816,0.00
102.72786,-0.258,-0.816,0.00
102.73972,-0.273,0.295,0.00
102.77327,-0.357,1.622,0.00
102.78346,-0.357,1.622,0.00
102.79925,-0.416,1.622,0.00
102.81517,-0.484,1.622,0.00
102.82581,-0.484,2.728,0.00
102.83623,-0.553,2.412,0.00
102.86297,-0.608,1.865,0.00
102.96300,-0.651,-0.341,0.00
102.97382,-0.656,-0.616,0.00
102.98401,-0.656,-0.616,0.00
102.99559,-0.656,-0.852,0.00
103.00611,-0.657,-0.852,0.00
103.02254,-0.652,-1.016,0.00
103.05988,-0.608,-1.077,0.00
103.08004,-0.575,-1.077,0.00
103.09217,-0.542,-0.835,0.00
103.11358,-0.500,-0.644,0.00
103.12741,-0.500,-0.644,0.00
103.18098,-0.323,-0.017,0.00
103.19223,-0.261,0.244,0.00
103.20334,-0.261,0.244,0.00
103.22782,-0.202,0.536,0.00
103.24316,-0.202,0.850,0.00
103.25888,-0.112,0.850,0.00
103.26910,-0.112,0.850,0.00
103.28023,-0.112,1.370,0.00
103.29259,-0.014,1.437,0.00
103.30289,-0.014,1.437,0.00
103.32385,0.032,1.386,0.00
103.33954,0.032,1.256,0.00
103.35527,0.078,1.256,0.00
103.36670,0.125,1.100,0.00
103.38221,0.170,1.100,0.00
103.39359,0.205,0.948,0.00
103.41420,0.205,0.794,0.00
103.42488,0.225,0.794,0.00
103.43597,0.225,0.509,0.00
103.45157,0.240,0.509,0.00
103.46221,0.240,0.423,0.00
103.47883,0.249,0.384,0.00
103.54290,0.249,0.384,0.00
103.55309,0.189,0.524,0.00
103.61618,0.126,0.624,0.00
103.62637,0.126,0.993,0.00
103.63770,0.340,0.839,0.00
103.64793,0.340,0.839,0.00
103.65810,0.301,0.893,0.00
103.66831,0.301,0.893,0.00
103.67847,0.265,0.899,0.00
103.68873,0.265,0.899,0.00
103.69888,0.240,0.864,0.00
103.70907,0.240,0.864,0.00
103.71932,0.224,0.805,0.00
103.73018,0.224,0.805,0.00
103.74042,0.210,0.733,0.00
103.75058,0.210,0.733,0.00
103.76091,0.194,0.658,0.00
103.77110,0.194,0.658,0.00
103.78134,0.182,0.603,0.00
103.79155,0.182,0.603,0.00
103.80171,0.169,0.562,0.00
103.81187,0.149,0.562,0.00
103.82202,0.149,0.534,0.00
103.83249,0.149,0.534,0.00
103.84266,0.130,0.525,0.00
103.85309,0.105,0.525,0.00
103.86338,0.105,0.541,0.00
103.87388,0.082,0.541,0.00
103.88405,0.082,0.575,0.00
103.89422,0.082,0.614,0.00
103.90441,0.069,0.614,0.00
103.91458,0.069,0.614,0.00
103.92479,0.057,0.661,0.00
103.93496,0.057,0.661,0.00
103.94511,0.046,0.704,0.00
103.95528,0.046,0.704,0.00
103.96545,0.031,0.745,0.00
103.97561,0.009,0.773,0.00
103.98578,0.009,0.773,0.00
103.99594,-0.016,0.785,0.00
104.00612,-0.016,0.785,0.00
104.01629,-0.029,0.777,0.00
104.02646,-0.029,0.777,0.00
104.03673,-0.035,0.752,0.00
104.04688,-0.035,0.752,0.00
104.05716,-0.046,0.716,0.00
104.06761,-0.046,0.716,0.00
104.07780,-0.061,0.676,0.00
104.08855,-0.061,0.676,0.00
104.09874,-0.081,0.632,0.00
104.10955,-0.081,0.632,0.00
104.11970,-0.103,0.597,0.00
104.12985,-0.103,0.597,0.00
104.14001,-0.120,0.570,0.00
104.15024,-0.120,0.570,0.00
104.16048,-0.127,0.553,0.00
104.17063,-0.127,0.553,0.00
104.18080,-0.145,0.543,0.00
104.19118,-0.145,0.543,0.00
104.20155,-0.168,0.545,0.00
104.21180,-0.168,0.545,0.00
104.22195,-0.191,0.555,0.00
104.23222,-0.191,0.555,0.00
104.24238,-0.206,0.572,0.00
104.25290,-0.206,0.572,0.00
104.26307,-0.215,0.591,0.00
104.27323,-0.215,0.608,0.00
104.28337,-0.222,0.608,0.00
104.29353,-0.236,0.608,0.00
104.30366,-0.236,0.621,0.00
104.31383,-0.257,0.621,0.00
104.32395,-0.257,0.632,0.00
104.33411,-0.257,0.636,0.00
104.34425,-0.282,0.636,0.00
104.35440,-0.282,0.632,0.00
104.36453,-0.307,0.632,0.00
104.37478,-0.322,0.622,0.00
104.38492,-0.322,0.622,0.00
104.39507,-0.336,0.614,0.00
104.40524,-0.336,0.614,0.00
104.41554,-0.336,0.601,0.00
104.42568,-0.348,0.601,0.00
104.43583,-0.357,0.588,0.00
104.44597,-0.357,0.588,0.00
104.45612,-0.360,0.575,0.00
104.46626,-0.360,0.575,0.00
104.47639,-0.363,0.569,0.00
104.48667,-0.363,0.569,0.00
104.49683,-0.367,0.568,0.00
104.50709,-0.367,0.568,0.00
104.51725,-0.371,0.571,0.00
104.52755,-0.371,0.571,0.00
104.53768,-0.372,0.578,0.00
104.54822,-0.372,0.578,0.00
104.55856,-0.368,0.584,0.00
104.56910,-0.368,0.584,0.00
104.57926,-0.357,0.591,0.00
104.58955,-0.357,0.591,0.00
104.59992,-0.339,0.595,0.00
104.61019,-0.339,0.595,0.00
104.62034,-0.327,0.598,0.00
104.63075,-0.327,0.598,0.00
104.64091,-0.319,0.595,0.00
104.65106,-0.319,0.595,0.00
104.66122,-0.326,0.588,0.00
104.67159,-0.326,0.588,0.00
104.68175,-0.328,0.579,0.00
104.69200,-0.328,0.579,0.00
104.70249,-0.326,0.573,0.00
104.71273,-0.322,0.569,0.00
104.72287,-0.322,0.569,0.00
104.73302,-0.319,0.567,0.00
104.74316,-0.319,0.567,0.00
104.75332,-0.317,0.570,0.00
104.76360,-0.317,0.570,0.00
104.77397,-0.315,0.575,0.00
104.78424,-0.315,0.575,0.00
104.79461,-0.309,0.578,0.00
104.80498,-0.309,0.578,0.00
104.81513,-0.301,0.578,0.00
104.82527,-0.301,0.579,0.00
104.83555,-0.301,0.579,0.00
104.84586,-0.290,0.582,0.00
104.85601,-0.290,0.582,0.00
104.86631,-0.286,0.587,0.00
104.87647,-0.287,0.589,0.00
104.88661,-0.287,0.589,0.00
104.89679,-0.292,0.585,0.00
104.90703,-0.292,0.585,0.00
104.91720,-0.297,0.581,0.00
104.92746,-0.297,0.581,0.00
104.93763,-0.304,0.577,0.00
104.94783,-0.304,0.577,0.00
104.95802,-0.314,0.571,0.00
104.96825,-0.314,0.571,0.00
104.97843,-0.319,0.564,0.00
104.98876,-0.319,0.564,0.00
104.99893,-0.334,0.558,0.00
105.01003,-0.334,0.558,0.00
105.02018,-0.359,0.555,0.00
105.03078,-0.359,0.555,0.00
105.04101,-0.384,0.550,0.00
105.05158,-0.401,0.550,0.00
105.06172,-0.401,0.548,0.00
105.07186,-0.401,0.548,0.00
105.08200,-0.414,0.546,0.00
105.09228,-0.423,0.546,0.00
105.10264,-0.423,0.541,0.00
105.11280,-0.423,0.537,0.00
105.12297,-0.429,0.537,0.00
105.13312,-0.429,0.532,0.00
105.14325,-0.439,0.532,0.00
105.15340,-0.439,0.527,0.00
105.16373,-0.446,0.527,0.00
105.17388,-0.446,0.527,0.00
105.18401,-0.435,0.517,0.00
105.19415,-0.435,0.517,0.00
105.20429,-0.435,0.505,0.00
105.21443,-0.439,0.494,0.00
105.22459,-0.439,0.494,0.00
105.23475,-0.445,0.484,0.00
105.24490,-0.445,0.484,0.00
105.25505,-0.464,0.475,0.00
105.26520,-0.464,0.475,0.00
105.27536,-0.468,0.469,0.00
105.28551,-0.468,0.469,0.00
105.29566,-0.470,0.466,0.00
105.30581,-0.470,0.466,0.00
105.31596,-0.478,0.463,0.00
105.32610,-0.478,0.463,0.00
105.33624,-0.478,0.462,0.00
105.34638,-0.482,0.462,0.00
105.35655,-0.487,0.458,0.00
105.36670,-0.487,0.458,0.00
105.37686,-0.495,0.457,0.00
105.38703,-0.495,0.457,0.00
105.39718,-0.505,0.455,0.00
105.40742,-0.505,0.455,0.00
105.41767,-0.518,0.450,0.00
105.42790,-0.518,0.450,0.00
105.43813,-0.527,0.449,0.00
105.44828,-0.527,0.449,0.00
105.45852,-0.535,0.448,0.00
105.46885,-0.535,0.448,0.00
105.47900,-0.548,0.451,0.00
105.48962,-0.548,0.451,0.00
105.49977,-0.559,0.451,0.00
105.50997,-0.559,0.451,0.00
105.52015,-0.567,0.451,0.00
105.53043,-0.567,0.451,0.00
105.54049,-0.569,0.448,0.00
105.55066,-0.569,0.448,0.00
105.56082,-0.558,0.448,0.00
105.57111,-0.558,0.448,0.00
105.58134,-0.550,0.453,0.00
105.59152,-0.550,0.453,0.00
105.60167,-0.558,0.457,0.00
105.61182,-0.574,0.460,0.00
105.62216,-0.574,0.460,0.00
105.63283,-0.590,0.467,0.00
105.64298,-0.590,0.467,0.00
105.65344,-0.614,0.473,0.00
105.66369,-0.614,0.473,0.00
105.67385,-0.614,0.484,0.00
105.68400,-0.648,0.484,0.00
105.69415,-0.648,0.491,0.00
105.70429,-0.679,0.491,0.00
105.71444,-0.679,0.496,0.00
105.72457,-0.698,0.496,0.00
105.73477,-0.698,0.500,0.00
105.74510,-0.709,0.500,0.00
105.75525,-0.709,0.500,0.00
105.76550,-0.705,0.502,0.00
105.77566,-0.675,0.504,0.00
105.78580,-0.675,0.504,0.00
105.79596,-0.621,0.508,0.00
105.80611,-0.621,0.508,0.00
105.81626,-0.556,0.511,0.00
105.82641,-0.556,0.511,0.00
105.83656,-0.479,0.514,0.00
105.84671,-0.479,0.514,0.00
105.85687,-0.375,0.518,0.00
105.86702,-0.375,0.518,0.00
105.87717,-0.214,0.520,0.00
105.88734,-0.214,0.520,0.00
105.89750,-0.010,0.525,0.00
105.90783,-0.010,0.525,0.00
105.91814,0.222,0.525,0.00
105.92849,0.222,0.525,0.00
105.93881,0.515,0.525,0.00
105.94922,0.515,0.525,0.00
105.95937,0.883,0.527,0.00
105.96972,0.883,0.527,0.00
105.98002,1.294,0.528,0.00
105.99035,1.294,0.528,0.00
106.00066,1.739,0.535,0.00
106.01167,1.739,0.535,0.00
106.02181,2.231,0.543,0.00
106.03195,2.765,0.553,0.00
106.04214,2.765,0.553,0.00
106.05250,3.354,0.557,0.00
106.06277,3.354,0.557,0.00
106.07295,3.354,0.566,0.00
106.08314,3.988,0.566,0.00
106.09331,3.988,0.578,0.00
106.10348,4.679,0.578,0.00
106.11384,4.679,0.592,0.00
106.12414,5.409,0.592,0.00
106.13431,6.187,0.592,0.00
106.14448,6.187,0.605,0.00
106.15465,6.996,0.605,0.00
106.16483,6.996,0.614,0.00
106.17499,7.830,0.620,0.00
106.18516,7.830,0.620,0.00
106.19533,8.667,0.634,0.00
106.20548,8.667,0.634,0.00
106.21561,9.510,0.647,0.00
106.22576,9.510,0.647,0.00
106.23590,10.345,0.654,0.00
106.25466,10.345,0.654,0.00
106.26485,11.158,0.657,0.00
106.28655,11.158,0.657,12.00
106.29675,12.642,0.673,12.00
106.30690,12.642,0.673,12.00
106.31916,13.281,0.673,12.00
106.32936,13.281,0.683,12.00
106.33954,13.848,0.690,12.00
106.35352,13.848,0.690,12.00
106.36369,14.335,0.701,12.00
106.37396,14.720,0.715,12.00
106.38428,14.720,0.715,12.00
106.39444,14.720,0.715,12.00
106.40469,14.957,0.727,12.00
106.41478,15.117,0.727,12.00
106.42509,15.117,0.741,12.00
106.43527,15.117,0.755,12.00
106.44688,15.175,0.755,12.00
106.45728,15.147,0.772,12.00
106.46754,15.147,0.772,12.00
106.49486,14.766,0.768,12.50
106.50502,14.766,0.692,12.50
106.52685,14.395,0.692,12.50
106.53698,13.898,0.545,12.50
106.55951,13.284,0.477,12.50
106.57048,12.551,0.417,12.50
106.59358,12.551,0.417,12.50
106.60376,11.723,0.359,12.50
106.62239,10.840,0.359,12.50
106.63257,10.840,0.286,12.50
106.64271,9.923,0.286,12.50
106.65488,9.923,0.286,12.50
106.66521,8.969,0.264,12.50
106.67616,8.011,0.236,12.50
106.68712,8.011,0.236,12.50
106.69743,7.048,0.187,12.50
106.71006,7.048,0.187,12.50
106.72033,6.096,0.114,12.50
106.73106,6.096,0.114,12.50
106.74122,5.218,0.056,12.50
106.75241,4.400,-0.039,13.00
106.76267,4.400,-0.039,13.00
106.77299,3.648,-0.039,13.00
106.79849,3.648,-0.143,13.00
106.80866,2.944,-0.258,13.00
106.83114,1.735,-0.380,13.00
106.84142,1.735,-0.520,13.00
106.86338,1.255,-0.664,13.50
106.87355,0.808,-0.809,13.50
106.89524,0.358,-0.971,13.50
106.90540,0.358,-0.971,13.50
106.91559,-0.191,-1.142,13.50
106.92781,-0.191,-1.142,13.50
106.93799,-0.806,-1.308,13.50
106.94995,-0.806,-1.308,13.50
106.96028,-1.205,-1.501,14.00
106.97129,-1.205,-1.501,14.00
106.98144,-1.357,-1.683,14.00
106.99212,-1.357,-1.683,14.00
107.00227,-1.469,-1.896,14.00
107.01241,-1.549,-2.076,14.00
107.02266,-1.549,-2.076,14.50
107.03287,-1.549,-2.076,14.50
107.04302,-1.519,-2.240,14.50
107.05591,-1.379,-2.240,14.50
107.06609,-1.379,-2.414,14.50
107.07625,-1.379,-2.414,14.50
107.10250,-1.121,-2.558,15.00
107.11269,-0.823,-2.699,15.00
107.13461,-0.541,-2.806,15.50
107.14479,-0.377,-2.909,15.50
107.16658,-0.274,-3.017,15.50
107.17676,-0.148,-3.098,15.50
107.19853,-0.148,-3.098,16.00
107.20871,-0.023,-3.178,16.00
107.23084,0.095,-3.233,16.50
107.24106,0.188,-3.293,16.50
107.25122,0.188,-3.293,16.50
107.26238,0.234,-3.343,17.00
107.27254,0.234,-3.378,17.00
107.28268,0.238,-3.378,17.00
107.29484,0.238,-3.413,17.00
107.30515,0.210,-3.413,17.00
107.31608,0.160,-3.416,17.00
107.32707,0.160,-3.416,17.50
107.33757,0.098,-3.393,17.50
107.34779,0.098,-3.393,17.50
107.36021,0.019,-3.336,18.00
107.37117,-0.066,-3.255,18.00
107.38137,-0.066,-3.255,18.00
107.39379,-0.066,-3.157,18.00
107.40396,-0.146,-3.157,18.00
107.41410,-0.228,-3.045,18.00
107.43956,-0.311,-3.045,18.50
107.44972,-0.311,-2.911,18.50
107.47178,-0.399,-2.587,18.50
107.48196,-0.483,-2.587,18.50
107.50388,-0.568,-2.359,19.00
107.51403,-0.659,-2.359,19.00
107.53445,-0.659,-2.155,19.00
107.54474,-0.742,-1.904,19.00
107.56844,-0.817,-1.628,19.50
107.57859,-0.888,-1.315,19.50
107.58941,-0.888,-1.315,19.50
107.59976,-0.949,-0.951,19.50
107.61008,-0.949,-0.951,19.50
107.62023,-1.000,-0.601,19.50
107.63185,-1.000,-0.601,20.00
107.64288,-1.039,-0.133,20.00
107.65304,-1.039,0.340,20.00
107.66336,-1.075,0.340,20.00
107.67360,-1.075,0.863,20.00
107.68374,-1.093,0.863,20.00
107.69499,-1.093,1.386,20.00
107.70531,-1.094,1.386,20.00
107.71548,-1.088,1.927,20.00
107.72677,-1.088,1.927,20.00
107.73694,-1.067,2.559,20.00
107.74709,-1.067,2.559,20.00
107.75788,-1.039,3.051,20.00
107.77515,-0.999,3.644,20.50
107.78541,-0.999,3.644,20.50
107.80775,-0.954,4.170,20.50
107.81839,-0.889,4.744,20.50
107.83840,-0.889,4.744,20.50
107.84877,-0.789,5.217,20.50
107.87234,-0.693,5.632,20.50
107.88253,-0.592,6.128,20.50
107.89270,-0.484,6.128,20.50
107.90339,-0.484,6.560,20.50
107.91354,-0.484,6.994,20.50
107.92369,-0.375,6.994,20.50
107.93528,-0.268,7.481,20.50
107.94557,-0.268,7.481,20.50
107.95580,-0.168,7.928,20.50
107.96676,-0.168,7.928,20.50
107.97724,-0.066,8.662,20.50
107.98753,-0.066,8.662,20.50
108.00011,0.030,9.241,21.00
108.01112,0.113,9.241,21.00
108.02130,0.113,9.879,21.00
108.03160,0.187,9.879,21.00
108.04190,0.187,10.602,21.00
108.05219,0.253,10.602,21.00
108.06241,0.253,11.256,21.00
108.07920,0.253,12.069,21.00
108.09112,0.313,12.069,21.00
108.11218,0.392,12.069,21.00
108.12236,0.392,13.495,21.00
108.14361,0.415,13.495,21.00
108.15321,0.430,14.297,21.00
108.17482,0.430,15.565,21.00
108.18501,0.436,15.565,21.00
108.19651,0.423,16.063,21.00
108.20672,0.423,16.063,21.00
108.21703,0.406,16.569,21.00
108.22719,0.406,16.569,21.00
108.23960,0.376,16.569,21.00
108.24995,0.376,17.084,21.00
108.26040,0.344,17.488,21.00
108.27066,0.344,17.488,21.00
108.28105,0.300,17.990,21.00
108.29122,0.300,17.990,21.00
108.30426,0.249,18.336,21.00
108.31441,0.200,18.739,21.00
108.32455,0.200,18.739,21.00
108.35121,0.147,18.739,21.00
108.36170,0.101,19.422,21.00
108.38282,0.101,19.845,21.00
108.39300,0.056,19.845,21.00
108.41470,0.008,20.478,21.00
108.42506,-0.037,20.478,21.00
108.44814,-0.085,20.753,21.00
108.45845,-0.124,21.102,21.00
108.47878,-0.164,21.102,21.00
108.48926,-0.164,21.482,21.00
108.49952,-0.204,21.706,0.00
108.50980,-0.204,21.706,0.00
108.52013,-0.204,21.706,0.00
108.53044,-0.204,21.706,0.00
108.54058,-0.251,22.065,0.00
108.55071,-0.251,22.316,0.00
108.56087,-0.246,22.316,0.00
108.57114,-0.246,22.619,0.00
108.58206,-0.228,22.619,0.00
108.59222,-0.228,22.619,0.00
108.60236,-0.211,22.977,0.00
108.61251,-0.211,22.977,0.00
108.62276,-0.219,23.204,0.00
108.63293,-0.219,23.204,0.00
108.64309,-0.229,23.607,0.00
108.65325,-0.229,23.607,0.00
108.66340,-0.236,23.851,0.00
108.67355,-0.236,23.851,0.00
108.68381,-0.251,24.139,0.00
108.69395,-0.257,24.139,0.00
108.70409,-0.257,24.472,0.00
108.71424,-0.269,24.692,0.00
108.72438,-0.269,24.692,0.00
108.73453,-0.290,25.056,0.00
108.74478,-0.290,25.056,0.00
108.75493,-0.289,25.216,0.00
108.76504,-0.289,25.216,0.00
108.77519,-0.286,25.352,0.00
108.78536,-0.286,25.352,0.00
108.79549,-0.340,25.480,0.00
108.80564,-0.340,25.480,0.00
108.81579,-0.413,25.649,0.00
108.82593,-0.413,25.649,0.00
108.83606,-0.427,25.780,0.00
108.84623,-0.427,25.780,0.00
108.85638,-0.394,25.840,0.00
108.86651,-0.394,25.840,0.00
108.87702,-0.430,25.676,0.00
108.88715,-0.430,25.676,0.00
108.89732,-0.507,24.984,0.00
108.90747,-0.507,24.984,0.00
108.91762,-0.537,23.978,0.00
108.92782,-0.537,23.978,0.00
108.93798,-0.506,23.015,0.00
108.94813,-0.506,23.015,0.00
108.95827,-0.499,21.631,0.00
108.96842,-0.499,21.631,0.00
108.97858,-0.544,19.838,0.00
108.98874,-0.544,19.838,0.00
108.99889,-0.547,17.659,0.00
109.00909,-0.547,17.659,0.00
109.01923,-0.489,15.899,0.00
109.02943,-0.489,15.899,0.00
109.03957,-0.458,13.830,0.00
109.04972,-0.458,13.830,0.00
109.05991,-0.471,11.279,0.00
109.07006,-0.471,11.279,0.00
109.08022,-0.463,8.221,0.00
109.09036,-0.463,8.221,0.00
109.10056,-0.402,5.876,0.00
109.11072,-0.402,3.250,0.00
109.12087,-0.365,3.250,0.00
109.13103,-0.365,3.250,0.00
109.14121,-0.354,0.721,0.00
109.15136,-0.354,0.721,0.00
109.16150,-0.279,-1.645,0.00
109.17165,-0.279,-1.645,0.00
109.18181,-0.135,-3.220,0.00
109.19196,-0.135,-3.220,0.00
109.20210,-0.007,-3.676,0.00
109.21225,-0.007,-3.676,0.00
109.22241,0.078,-2.907,0.00
109.23256,0.078,-2.907,0.00
109.24270,0.131,-1.223,0.00
109.25285,0.131,-1.223,0.00
109.26300,0.164,0.947,0.00
109.27315,0.183,3.204,0.00
109.28330,0.183,3.204,0.00
109.29345,0.145,4.333,0.00
109.30360,0.145,4.333,0.00
109.31374,0.085,2.991,0.00
109.32389,0.085,2.991,0.00
109.33404,0.063,1.073,0.00
109.34437,0.063,1.073,0.00
109.35470,0.113,-0.119,0.00
109.36515,0.113,-0.119,0.00
109.37546,0.178,-0.693,0.00
109.38583,0.178,-0.693,0.00
109.39613,0.229,-1.211,0.00
109.40649,0.229,-1.211,0.00
109.41696,0.273,-1.572,0.00
109.42710,0.273,-1.572,0.00
109.43748,0.305,-1.855,0.00
109.44778,0.305,-1.855,0.00
109.45823,0.317,-2.272,0.00
109.46854,0.317,-2.272,0.00
109.47889,0.319,-2.710,0.00
109.48924,0.319,-2.710,0.00
109.49960,0.317,-3.097,0.00
109.50998,0.317,-3.097,0.00
109.52511,0.340,-3.097,0.00
109.53651,0.371,-3.432,0.00
109.55183,0.371,-3.432,0.00
109.56369,0.410,-3.383,0.00
109.57521,0.410,-3.383,0.00
109.58651,0.410,-3.200,0.00
109.59796,0.410,-2.902,0.00
109.61064,0.474,-2.902,0.00
109.62204,0.472,-2.467,0.00
109.64971,0.479,-2.041,0.00
109.66582,0.507,-1.589,0.00
109.67599,0.529,-1.589,0.00
109.68639,0.529,-1.077,0.00
109.70230,0.540,-0.479,0.00
109.71271,0.541,-0.479,0.00
109.72322,0.541,0.207,0.00
109.73378,0.531,0.971,0.00
109.74425,0.531,0.971,0.00
109.75464,0.495,0.971,0.00
109.76583,0.495,1.795,0.00
109.78309,0.438,2.428,0.00
109.80018,0.386,2.295,0.00
109.81831,0.386,2.295,0.00
109.82929,0.358,1.894,0.00
109.83964,0.350,1.894,0.00
109.85019,0.350,1.454,0.00
109.86587,0.356,1.029,0.00
109.87649,0.356,0.639,0.00
109.88685,0.355,0.639,0.00
109.90349,0.348,0.639,0.00
109.91412,0.348,0.057,0.00
109.93030,0.332,0.057,0.00
109.94095,0.323,-0.248,0.00
109.95178,0.323,-0.248,0.00
109.96945,0.339,-0.248,0.00
109.98525,0.339,-0.672,0.00
110.00367,0.386,-0.771,0.00
110.01594,0.410,-0.771,0.00
110.02615,0.410,-0.774,0.00
110.03642,0.410,-0.706,0.00
110.09537,0.436,-0.290,0.00
110.10614,0.436,-0.290,0.00
110.12921,0.437,-0.133,0.00
110.14994,0.437,-0.133,0.00
110.16128,0.423,0.035,0.00
110.17168,0.423,0.233,0.00
110.18220,0.406,0.233,0.00
110.19336,0.386,0.724,0.00
110.20352,0.386,0.724,0.00
110.21940,0.359,0.939,0.00
110.23109,0.359,0.939,0.00
110.24169,0.338,1.038,0.00
110.25305,0.338,1.038,0.00
110.26817,0.325,1.038,0.00
110.29102,0.316,0.849,0.00
110.30174,0.318,0.687,0.00
110.31192,0.318,0.687,0.00
110.32321,0.319,0.525,0.00
110.34477,0.323,0.375,0.00
110.35496,0.323,0.228,0.00
110.37173,0.330,0.228,0.00
110.38217,0.330,0.092,0.00
110.40451,0.325,-0.020,0.00
110.41997,0.321,-0.020,0.00
110.43684,0.321,-0.097,0.00
110.44699,0.321,-0.108,0.00
110.46391,0.296,-0.072,0.00
110.47454,0.296,-0.072,0.00
110.49079,0.272,0.001,0.00
110.50134,0.244,0.001,0.00
110.57727,0.105,0.587,0.00
110.58757,0.105,0.587,0.00
110.65218,0.081,0.637,0.00
110.66279,0.081,0.637,0.00
110.67310,-0.278,0.636,0.00
110.68323,-0.284,0.571,0.00
110.69339,-0.284,0.571,0.00
110.70353,-0.292,0.499,0.00
110.71369,-0.292,0.499,0.00
110.72382,-0.294,0.431,0.00
110.73397,-0.294,0.431,0.00
110.74412,-0.298,0.364,0.00
110.75427,-0.314,0.325,0.00
110.76440,-0.314,0.325,0.00
110.77455,-0.327,0.313,0.00
110.78471,-0.327,0.313,0.00
110.79486,-0.332,0.313,0.00
110.80500,-0.332,0.319,0.00
110.81515,-0.333,0.334,0.00
110.82530,-0.333,0.334,0.00
110.83566,-0.343,0.363,0.00
110.84594,-0.343,0.363,0.00
110.85627,-0.357,0.402,0.00
110.86673,-0.357,0.402,0.00
110.87707,-0.374,0.452,0.00
110.88738,-0.374,0.452,0.00
110.89773,-0.389,0.505,0.00
110.90826,-0.389,0.505,0.00
110.91841,-0.398,0.541,0.00
110.92895,-0.398,0.541,0.00
110.93910,-0.402,0.566,0.00
110.94967,-0.402,0.566,0.00
110.96001,-0.400,0.572,0.00
110.97019,-0.400,0.572,0.00
110.98054,-0.396,0.564,0.00
110.99085,-0.396,0.564,0.00
111.00126,-0.389,0.541,0.00
111.01157,-0.389,0.541,0.00
111.02173,-0.383,0.513,0.00
111.03188,-0.383,0.513,0.00
111.04202,-0.374,0.485,0.00
111.05224,-0.374,0.485,0.00
111.06240,-0.364,0.460,0.00
111.07255,-0.365,0.447,0.00
111.08269,-0.365,0.447,0.00
111.09284,-0.377,0.443,0.00
111.10298,-0.377,0.443,0.00
111.11313,-0.391,0.447,0.00
111.12340,-0.391,0.447,0.00
111.13358,-0.399,0.447,0.00
111.14373,-0.399,0.461,0.00
111.15391,-0.403,0.461,0.00
111.16405,-0.403,0.485,0.00
111.17419,-0.397,0.485,0.00
111.18457,-0.397,0.514,0.00
111.19473,-0.397,0.514,0.00
111.20489,-0.393,0.542,0.00
111.21503,-0.393,0.566,0.00
111.22519,-0.399,0.566,0.00
111.23535,-0.407,0.582,0.00
111.24555,-0.407,0.582,0.00
111.25570,-0.415,0.590,0.00
111.26585,-0.415,0.590,0.00
111.27601,-0.421,0.590,0.00
111.28615,-0.421,0.590,0.00
111.29630,-0.435,0.584,0.00
111.30644,-0.435,0.584,0.00
111.31766,-0.445,0.572,0.00
111.32791,-0.445,0.572,0.00
111.33806,-0.453,0.557,0.00
111.34819,-0.453,0.557,0.00
111.35835,-0.459,0.537,0.00
111.36947,-0.459,0.537,0.00
111.37962,-0.466,0.522,0.00
111.38979,-0.466,0.522,0.00
111.39994,-0.472,0.513,0.00
111.41056,-0.472,0.513,0.00
111.42072,-0.484,0.509,0.00
111.43115,-0.484,0.506,0.00
111.44131,-0.495,0.506,0.00
111.45148,-0.495,0.506,0.00
111.46166,-0.506,0.506,0.00
111.47182,-0.506,0.506,0.00
111.48197,-0.520,0.511,0.00
111.49214,-0.520,0.511,0.00
111.50229,-0.532,0.515,0.00
111.51247,-0.532,0.515,0.00
111.52273,-0.544,0.519,0.00
111.53292,-0.544,0.519,0.00
111.54307,-0.553,0.520,0.00
111.55324,-0.565,0.520,0.00
111.56340,-0.565,0.519,0.00
111.57355,-0.577,0.516,0.00
111.58368,-0.577,0.516,0.00
111.59384,-0.585,0.512,0.00
111.60398,-0.585,0.512,0.00
111.61467,-0.600,0.507,0.00
111.62505,-0.600,0.507,0.00
111.63538,-0.620,0.503,0.00
111.64577,-0.620,0.503,0.00
111.65591,-0.620,0.503,0.00
111.66605,-0.638,0.503,0.00
111.67619,-0.653,0.502,0.00
111.68633,-0.653,0.502,0.00
111.69648,-0.662,0.503,0.00
111.70662,-0.662,0.503,0.00
111.71678,-0.663,0.507,0.00
111.72692,-0.663,0.507,0.00
111.73708,-0.656,0.511,0.00
111.74727,-0.656,0.511,0.00
111.75741,-0.644,0.516,0.00
111.76770,-0.644,0.516,0.00
111.77786,-0.622,0.523,0.00
111.78803,-0.622,0.523,0.00
111.79818,-0.586,0.530,0.00
111.80830,-0.586,0.530,0.00
111.81850,-0.501,0.535,0.00
111.82875,-0.501,0.535,0.00
111.83889,-0.347,0.538,0.00
111.84921,-0.347,0.538,0.00
111.85935,-0.152,0.536,0.00
111.86951,-0.152,0.536,0.00
111.87965,-0.152,0.536,0.00
111.88995,-0.152,0.536,0.00
111.90009,0.082,0.539,0.00
111.91028,0.321,0.539,0.00
111.92043,0.690,0.538,0.00
111.93058,0.690,0.538,0.00
111.94073,0.988,0.542,0.00
111.95096,0.988,0.542,0.00
111.96112,1.365,0.544,0.00
111.97134,1.365,0.544,0.00
111.98149,1.791,0.547,0.00
111.99163,1.791,0.547,0.00
112.00179,2.255,0.554,0.00
112.01194,2.255,0.554,0.00
112.02209,2.754,0.558,0.00
112.03224,2.754,0.558,0.00
112.04239,3.293,0.562,0.00
112.05252,3.293,0.562,0.00
112.06316,3.861,0.562,0.00
112.07330,3.861,0.562,0.00
112.08343,4.451,0.562,0.00
112.09357,4.451,0.562,0.00
112.10371,5.069,0.562,0.00
112.11386,5.698,0.557,0.00
112.12399,5.698,0.557,0.00
112.13414,6.336,0.556,0.00
112.14436,6.336,0.556,0.00
112.15468,6.978,0.560,0.00
112.16503,6.978,0.560,0.00
112.17536,7.606,0.563,0.00
112.18566,7.606,0.563,0.00
112.19690,8.225,0.568,0.00
112.20708,8.225,0.568,0.00
112.21725,8.828,0.573,0.00
112.22739,8.828,0.573,0.00
112.23755,9.386,0.580,0.00
112.24776,9.386,0.580,0.00
112.25810,9.913,0.584,0.00
112.26871,9.913,0.584,0.00
112.28679,10.424,0.588,0.00
112.29699,10.905,0.591,0.00
112.30719,10.905,0.591,0.00
112.31868,11.337,0.595,12.00
112.32887,11.337,0.595,12.00
112.33903,11.709,0.601,12.00
112.35177,11.709,0.601,12.00
112.36194,12.002,0.607,12.00
112.37211,12.002,0.607,12.00
112.38300,12.241,0.614,12.00
112.39313,12.425,0.622,12.00
112.40329,12.425,0.622,12.00
112.41345,12.512,0.633,12.00
112.43132,12.503,0.633,12.00
112.44150,12.503,0.642,12.00
112.45166,12.503,0.649,12.00
112.46275,12.409,0.649,12.00
112.47317,12.248,0.649,12.00
112.49670,12.008,0.653,12.00
112.50675,12.008,0.653,12.00
112.52641,12.008,0.653,12.50
112.53728,11.322,0.629,12.50
112.54744,11.322,0.629,12.50
112.55877,10.877,0.629,12.50
112.57056,10.877,0.511,12.50
112.58075,10.354,0.377,12.50
112.59292,10.354,0.334,12.50
112.60309,9.770,0.334,12.50
112.61346,9.167,0.265,12.50
112.62410,9.167,0.265,12.50
112.63540,8.537,0.196,12.50
112.64554,8.537,0.196,12.50
112.65673,7.865,0.130,12.50
112.66688,7.865,0.130,12.50
112.67703,7.163,0.054,12.50
112.68723,7.163,0.054,12.50
112.69740,6.473,0.000,12.50
112.70754,6.473,0.000,12.50
112.73519,5.165,-0.224,12.50
112.74550,5.165,-0.224,12.50
112.76696,4.549,-0.379,12.50
112.77731,3.954,-0.545,12.50
112.79899,3.954,-0.698,13.00
112.80932,3.408,-0.698,13.00
112.83250,2.923,-0.894,13.00
112.84265,2.493,-1.120,13.00
112.86240,2.493,-1.120,13.00
112.87257,2.106,-1.325,13.00
112.88273,1.747,-1.523,13.00
112.89431,1.747,-1.523,13.50
112.90449,1.426,-1.719,13.50
112.91465,1.173,-1.931,13.50
112.92664,1.173,-1.931,13.50
112.93705,0.983,-2.132,13.50
112.94720,0.983,-2.132,13.50
112.95890,0.829,-2.132,13.50
112.96957,0.829,-2.338,13.50
112.97973,0.694,-2.539,13.50
112.99095,0.694,-2.539,14.00
113.00113,0.545,-2.729,14.00
113.01139,0.545,-2.729,14.00
113.03863,0.431,-2.949,14.00
113.04892,0.376,-3.117,14.00
113.07099,0.349,-3.275,14.50
113.08114,0.342,-3.408,14.50
113.10282,0.354,-3.408,14.50
113.11302,0.354,-3.519,14.50
113.13537,0.464,-3.696,15.00
113.14558,0.464,-3.696,15.00
113.16674,0.541,-3.753,15.50
113.17708,0.622,-3.785,15.50
113.18735,0.622,-3.785,15.50
113.19854,0.622,-3.785,15.50
113.20872,0.711,-3.789,15.50
113.21889,0.813,-3.765,15.50
113.23253,0.922,-3.765,16.00
113.24268,0.922,-3.716,16.00
113.25443,0.922,-3.716,16.00
113.26472,1.032,-3.640,16.50
113.27487,1.127,-3.541,16.50
113.28502,1.127,-3.541,16.50
113.29550,1.209,-3.409,17.00
113.30580,1.209,-3.409,17.00
113.31615,1.283,-3.254,17.00
113.32745,1.283,-3.254,17.00
113.33760,1.353,-3.094,17.00
113.34807,1.353,-3.094,17.00
113.37494,1.408,-2.746,17.50
113.38525,1.451,-2.746,17.50
113.40762,1.451,-2.746,18.00
113.41795,1.511,-2.270,18.00
113.43833,1.511,-2.270,18.00
113.44888,1.528,-2.048,18.00
113.47058,1.525,-1.772,18.50
113.48087,1.509,-1.504,18.50
113.49108,1.509,-1.504,18.50
113.50310,1.471,-1.153,18.50
113.51325,1.471,-0.791,18.50
113.52339,1.418,-0.791,18.50
113.53508,1.418,-0.791,19.00
113.54528,1.355,-0.463,19.00
113.55556,1.355,-0.463,19.00
113.56697,1.284,-0.086,19.00
113.57713,1.207,0.254,19.00
113.58728,1.207,0.254,19.00
113.59928,1.120,0.627,19.50
113.61027,1.120,0.627,19.50
113.62042,1.026,0.997,19.50
113.63075,1.026,0.997,19.50
113.64111,0.938,1.363,19.50
113.65126,0.938,1.363,19.50
113.66290,0.850,1.782,20.00
113.67309,0.850,2.134,20.00
113.68324,0.771,2.134,20.00
113.69339,0.771,2.134,20.00
113.71079,0.685,2.134,20.00
113.72106,0.604,2.949,20.00
113.74310,0.539,2.949,20.00
113.75324,0.477,3.716,20.00
113.77518,0.437,4.049,20.00
113.78554,0.437,4.049,20.00
113.80658,0.437,4.437,20.50
113.81679,0.382,4.783,20.50
113.82695,0.382,4.783,20.50
113.83867,0.367,4.783,20.50
113.84893,0.367,5.137,20.50
113.85925,0.363,5.476,20.50
113.87073,0.363,5.476,20.50
113.88119,0.374,5.825,20.50
113.89145,0.392,5.825,20.50
113.90258,0.392,6.239,20.50
113.91276,0.392,6.239,20.50
113.92291,0.428,6.576,20.50
113.93434,0.428,6.576,20.50
113.94452,0.475,6.982,20.50
113.95476,0.526,7.340,20.50
113.98254,0.526,7.340,20.50
113.99273,0.582,7.776,20.50
114.01449,0.632,8.274,20.50
114.02467,0.687,8.705,20.50
114.04700,0.732,9.302,21.00
114.05732,0.779,9.874,21.00
114.08031,0.839,10.450,21.00
114.09063,0.839,10.450,21.00
114.11145,0.894,11.122,21.00
114.12193,0.955,11.696,21.00
114.13211,0.955,12.460,21.00
114.14303,1.007,12.460,21.00
114.15315,1.007,13.058,21.00
114.16331,1.053,13.058,21.00
114.17472,1.053,13.058,21.00
114.18506,1.095,13.594,21.00
114.19520,1.132,14.184,21.00
114.20671,1.132,14.184,21.00
114.21702,1.172,14.650,21.00
114.22719,1.172,14.650,21.00
114.23899,1.202,15.226,21.00
114.25058,1.202,15.226,21.00
114.26083,1.231,15.668,21.00
114.27101,1.231,15.668,21.00
114.28237,1.253,16.138,21.00
114.29252,1.253,16.712,21.00
114.31921,1.277,17.108,21.00
114.32965,1.277,17.108,21.00
114.35087,1.275,17.628,21.00
114.36120,1.274,18.003,21.00
114.38310,1.263,18.435,21.00
114.39349,1.249,18.886,21.00
114.41507,1.235,19.269,21.00
114.42542,1.235,19.269,21.00
114.44655,1.217,19.269,21.00
114.45673,1.207,20.223,21.00
114.46690,1.207,20.223,21.00
114.47861,1.207,20.641,21.00
114.48883,1.197,20.641,21.00
114.49900,1.188,21.091,21.00
114.51062,1.188,21.091,21.00
114.52107,1.181,21.426,21.00
114.53142,1.176,21.426,21.00
114.54167,1.176,21.907,0.00
114.55185,1.176,21.907,0.00
114.56201,1.176,21.907,0.00
114.57216,1.176,21.907,0.00
114.58231,1.190,22.669,0.00
114.59246,1.190,22.669,0.00
114.60262,1.218,23.054,0.00
114.61277,1.218,23.054,0.00
114.62291,1.244,23.423,0.00
114.63307,1.244,23.423,0.00
114.64321,1.258,23.883,0.00
114.65348,1.258,23.883,0.00
114.66364,1.260,24.182,0.00
114.67379,1.275,24.565,0.00
114.68395,1.275,24.565,0.00
114.69409,1.295,24.918,0.00
114.70424,1.295,24.918,0.00
114.71439,1.305,25.232,0.00
114.72467,1.305,25.232,0.00
114.73481,1.318,25.232,0.00
114.74497,1.318,25.648,0.00
114.75512,1.329,25.648,0.00
114.76526,1.329,25.921,0.00
114.77542,1.315,25.921,0.00
114.78579,1.315,26.360,0.00
114.79597,1.298,26.538,0.00
114.80611,1.298,26.538,0.00
114.81626,1.298,26.674,0.00
114.82646,1.282,26.674,0.00
114.83726,1.282,26.674,0.00
114.84747,1.282,26.674,0.00
114.85764,1.258,26.838,0.00
114.86784,1.196,27.064,0.00
114.87808,1.121,27.269,0.00
114.88824,1.121,27.269,0.00
114.89840,1.101,27.390,0.00
114.90856,1.101,27.390,0.00
114.91873,1.101,27.390,0.00
114.92889,1.101,27.390,0.00
114.93905,1.126,27.365,0.00
114.94923,1.054,27.058,0.00
114.95938,0.926,26.208,0.00
114.96958,0.926,26.208,0.00
114.97975,0.902,25.459,0.00
114.98991,0.902,25.459,0.00
115.00007,0.922,24.703,0.00
115.01023,0.922,24.703,0.00
115.02047,0.904,23.580,0.00
115.03067,0.904,23.580,0.00
115.04084,0.819,21.942,0.00
115.05157,0.819,21.942,0.00
115.06174,0.776,19.925,0.00
115.07190,0.776,18.297,0.00
115.08220,0.821,18.297,0.00
115.09240,0.821,18.297,0.00
115.10259,0.855,16.285,0.00
115.11275,0.814,16.285,0.00
115.12299,0.814,13.328,0.00
115.13344,0.802,13.328,0.00
115.14375,0.802,9.846,0.00
115.15393,0.802,9.846,0.00
115.16413,0.857,7.496,0.00
115.17428,0.857,7.496,0.00
115.18443,0.895,4.851,0.00
115.19461,0.895,4.851,0.00
115.20478,0.919,2.092,0.00
115.21494,0.981,-1.054,0.00
115.22510,0.981,-1.054,0.00
115.23526,1.090,-3.335,0.00
115.24543,1.090,-3.335,0.00
115.25560,1.202,-4.388,0.00
115.26577,1.202,-4.388,0.00
115.27593,1.286,-3.693,0.00
115.28609,1.286,-3.693,0.00
115.29625,1.338,-1.603,0.00
115.30642,1.338,-1.603,0.00
115.31659,1.359,1.011,0.00
115.32675,1.359,1.011,0.00
115.33692,1.358,3.432,0.00
115.34714,1.358,3.432,0.00
115.35730,1.319,4.609,0.00
115.36747,1.319,4.609,0.00
115.37764,1.274,3.109,0.00
115.38784,1.274,3.109,0.00
115.39816,1.259,0.874,0.00
115.40918,1.259,0.874,0.00
115.41929,1.295,-0.294,0.00
115.42996,1.295,-0.294,0.00
115.44012,1.363,-0.975,0.00
115.45084,1.363,-0.975,0.00
115.46101,1.439,-1.521,0.00
115.47154,1.439,-1.521,0.00
115.48166,1.494,-1.858,0.00
115.49237,1.494,-1.858,0.00
115.50254,1.512,-2.083,0.00
115.51271,1.491,-2.442,0.00
115.52287,1.491,-2.442,0.00
115.53303,1.491,-2.442,0.00
115.55493,1.410,-2.922,0.00
115.56565,1.410,-3.389,0.00
115.58134,1.391,-3.723,0.00
115.59199,1.391,-3.723,0.00
115.60264,1.391,-3.723,0.00
115.61911,1.387,-3.957,0.00
115.63456,1.387,-3.957,0.00
115.64496,1.387,-3.957,0.00
115.66057,1.371,-3.853,0.00
115.67138,1.371,-3.853,0.00
115.68200,1.371,-3.853,0.00
115.69866,1.324,-3.308,0.00
115.71541,1.264,-2.915,0.00
115.72610,1.213,-2.915,0.00
115.74148,1.174,-2.915,0.00
115.75179,1.174,-1.989,0.00
115.76726,1.140,-1.989,0.00
115.78390,1.099,-0.660,0.00
115.80049,1.047,0.108,0.00
115.81136,1.047,0.108,0.00
115.82218,1.047,0.944,0.00
115.83855,0.983,0.944,0.00
115.84922,0.898,0.944,0.00
115.87120,0.795,2.398,0.00
115.88188,0.795,2.398,0.00
115.89801,0.694,2.398,0.00
115.91528,0.602,1.644,0.00
115.92597,0.531,1.644,0.00
115.93735,0.531,1.050,0.00
115.95288,0.476,1.050,0.00
115.96306,0.421,0.101,0.00
115.97902,0.364,-0.228,0.00
115.99053,0.364,-0.228,0.00
116.00604,0.304,-0.228,0.00
116.02273,0.248,-0.783,0.00
116.03937,0.248,-0.783,0.00
116.05517,0.191,-1.024,0.00
116.07149,0.147,-1.024,0.00
116.08216,0.147,-1.024,0.00
116.09360,0.070,-1.230,0.00
116.10944,0.070,-1.230,0.00
116.12006,0.070,-1.230,0.00
116.13715,0.006,-1.129,0.00
116.15366,-0.026,-0.983,0.00
116.16448,-0.026,-0.810,0.00
116.17987,-0.026,-0.810,0.00
116.19130,-0.053,-0.810,0.00
116.20667,-0.062,-0.362,0.00
116.22325,-0.056,-0.083,0.00
116.23393,-0.056,-0.083,0.00
116.25016,-0.053,0.287,0.00
116.26550,-0.060,0.646,0.00
116.28227,-0.074,0.976,0.00
116.29890,-0.082,1.104,0.00
116.30973,-0.082,1.104,0.00
116.33873,-0.075,0.991,0.00
116.35644,-0.045,0.776,0.00
116.37228,-0.013,0.315,0.00
116.38801,0.023,0.315,0.00
116.40206,0.023,0.075,0.00
116.41757,0.058,0.075,0.00
116.43070,0.073,-0.110,0.00
116.44611,0.086,-0.110,0.00
116.45759,0.097,-0.343,0.00
116.47022,0.097,-0.343,0.00
116.48110,0.097,-0.385,0.00
116.49147,0.109,-0.385,0.00
116.50222,0.109,-0.374,0.00
116.51271,0.122,-0.374,0.00
116.53061,0.133,-0.312,0.00
116.61640,0.140,-0.203,0.00
116.62658,0.159,0.460,0.00
116.70250,0.159,0.590,0.00
116.71274,0.188,0.612,0.00
116.72290,-0.044,0.883,0.00
116.73305,-0.026,0.883,0.00
116.74319,-0.026,0.763,0.00
116.75335,-0.009,0.656,0.00
116.76349,-0.009,0.656,0.00
116.77364,0.009,0.573,0.00
116.78378,0.009,0.573,0.00
116.79392,0.022,0.520,0.00
116.80417,0.022,0.520,0.00
116.81432,0.035,0.501,0.00
116.82446,0.035,0.501,0.00
116.83475,0.054,0.509,0.00
116.84490,0.054,0.509,0.00
116.85504,0.054,0.509,0.00
116.86519,0.068,0.549,0.00
116.87534,0.079,0.549,0.00
116.88548,0.079,0.611,0.00
116.89562,0.095,0.694,0.00
116.90576,0.095,0.694,0.00
116.91592,0.102,0.773,0.00
116.92608,0.102,0.773,0.00
116.93638,0.104,0.849,0.00
116.94652,0.104,0.849,0.00
116.95667,0.103,0.913,0.00
116.96695,0.103,0.913,0.00
116.97711,0.099,0.962,0.00
116.98738,0.099,0.962,0.00
116.99753,0.093,0.982,0.00
117.00768,0.093,0.982,0.00
117.01782,0.088,0.974,0.00
117.02807,0.088,0.974,0.00
117.03821,0.080,0.943,0.00
117.04880,0.080,0.943,0.00
117.05895,0.069,0.895,0.00
117.07058,0.069,0.895,0.00
117.08076,0.054,0.857,0.00
117.09097,0.054,0.857,0.00
117.10113,0.038,0.820,0.00
117.11127,0.032,0.820,0.00
117.12138,0.032,0.794,0.00
117.13153,0.017,0.794,0.00
117.14201,0.017,0.785,0.00
117.15216,0.017,0.785,0.00
117.16230,0.001,0.800,0.00
117.17313,-0.013,0.800,0.00
117.18329,-0.013,0.826,0.00
117.19343,-0.023,0.826,0.00
117.20372,-0.023,0.853,0.00
117.21409,-0.037,0.853,0.00
117.22441,-0.037,0.888,0.00
117.23475,-0.055,0.921,0.00
117.24503,-0.055,0.921,0.00
117.25518,-0.055,0.921,0.00
117.26533,-0.081,0.947,0.00
117.27548,-0.112,0.969,0.00
117.28563,-0.112,0.969,0.00
117.29578,-0.112,0.969,0.00
117.30593,-0.153,0.982,0.00
117.31608,-0.192,0.983,0.00
117.32623,-0.192,0.983,0.00
117.33637,-0.227,0.975,0.00
117.34652,-0.227,0.975,0.00
117.35668,-0.260,0.959,0.00
117.36688,-0.260,0.959,0.00
117.37704,-0.303,0.937,0.00
117.38723,-0.303,0.937,0.00
117.39738,-0.340,0.915,0.00
117.40755,-0.340,0.915,0.00
117.41772,-0.363,0.896,0.00
117.42793,-0.363,0.896,0.00
117.43808,-0.396,0.881,0.00
117.44823,-0.396,0.881,0.00
117.45861,-0.425,0.871,0.00
117.46907,-0.425,0.871,0.00
117.47934,-0.448,0.871,0.00
117.48971,-0.448,0.871,0.00
117.49998,-0.476,0.879,0.00
117.51032,-0.476,0.879,0.00
117.52067,-0.508,0.896,0.00
117.53098,-0.508,0.896,0.00
117.54131,-0.538,0.916,0.00
117.55165,-0.538,0.932,0.00
117.56180,-0.574,0.932,0.00
117.57195,-0.624,0.932,0.00
117.58209,-0.624,0.952,0.00
117.59241,-0.686,0.952,0.00
117.60259,-0.686,0.966,0.00
117.61275,-0.686,0.966,0.00
117.62295,-0.769,0.975,0.00
117.63311,-0.769,0.975,0.00
117.64327,-0.858,0.980,0.00
117.65403,-0.921,0.981,0.00
117.66417,-0.921,0.981,0.00
117.67433,-0.959,0.979,0.00
117.68449,-0.959,0.979,0.00
117.69464,-0.985,0.974,0.00
117.70478,-0.985,0.974,0.00
117.71495,-0.985,0.968,0.00
117.72509,-0.996,0.968,0.00
117.73524,-0.997,0.964,0.00
117.74539,-0.997,0.964,0.00
117.75554,-1.000,0.964,0.00
117.76568,-1.000,0.964,0.00
117.77583,-1.010,0.970,0.00
117.78598,-1.010,0.970,0.00
117.79613,-1.018,0.981,0.00
117.80640,-1.018,0.981,0.00
117.81655,-1.022,0.992,0.00
117.82669,-1.022,0.992,0.00
117.83684,-1.040,1.004,0.00
117.84699,-1.040,1.004,0.00
117.85715,-1.070,1.017,0.00
117.86728,-1.070,1.017,0.00
117.87755,-1.110,1.030,0.00
117.88770,-1.110,1.030,0.00
117.89785,-1.158,1.040,0.00
117.90798,-1.158,1.040,0.00
117.91827,-1.202,1.048,0.00
117.92880,-1.202,1.048,0.00
117.93897,-1.236,1.049,0.00
117.94910,-1.236,1.049,0.00
117.95926,-1.262,1.047,0.00
117.96942,-1.262,1.040,0.00
117.97957,-1.286,1.040,0.00
117.98972,-1.286,1.040,0.00
117.99988,-1.307,1.032,0.00
118.01003,-1.307,1.032,0.00
118.02018,-1.313,1.024,0.00
118.03032,-1.313,1.024,0.00
118.04046,-1.304,1.020,0.00
118.05059,-1.304,1.020,0.00
118.06076,-1.287,1.017,0.00
118.07089,-1.287,1.017,0.00
118.08104,-1.272,1.016,0.00
118.09119,-1.272,1.016,0.00
118.10135,-1.257,1.022,0.00
118.11154,-1.257,1.022,0.00
118.12168,-1.247,1.030,0.00
118.13183,-1.247,1.030,0.00
118.14204,-1.231,1.042,0.00
118.15217,-1.210,1.051,0.00
118.16246,-1.210,1.051,0.00
118.17286,-1.199,1.051,0.00
118.18300,-1.199,1.063,0.00
118.19326,-1.194,1.063,0.00
118.20343,-1.194,1.071,0.00
118.21375,-1.196,1.071,0.00
118.22403,-1.196,1.075,0.00
118.23439,-1.208,1.075,0.00
118.24491,-1.208,1.073,0.00
118.25606,-1.221,1.072,0.00
118.26638,-1.221,1.072,0.00
118.27711,-1.235,1.068,0.00
118.28729,-1.235,1.068,0.00
118.29764,-1.251,1.065,0.00
118.30778,-1.251,1.065,0.00
118.31800,-1.264,1.060,0.00
118.32815,-1.264,1.060,0.00
118.33831,-1.270,1.058,0.00
118.34848,-1.270,1.058,0.00
118.35867,-1.282,1.059,0.00
118.36957,-1.282,1.059,0.00
118.37974,-1.293,1.059,0.00
118.38991,-1.293,1.059,0.00
118.40010,-1.293,1.065,0.00
118.41029,-1.293,1.065,0.00
118.42044,-1.271,1.073,0.00
118.43061,-1.271,1.073,0.00
118.44079,-1.223,1.081,0.00
118.45122,-1.223,1.081,0.00
118.46140,-1.164,1.088,0.00
118.47171,-1.164,1.094,0.00
118.48198,-1.073,1.094,0.00
118.49213,-1.073,1.094,0.00
118.50231,-0.966,1.101,0.00
118.51248,-0.842,1.101,0.00
118.52264,-0.842,1.104,0.00
118.53282,-0.842,1.104,0.00
118.54299,-0.698,1.104,0.00
118.55317,-0.698,1.104,0.00
118.56334,-0.527,1.108,0.00
118.57351,-0.341,1.115,0.00
118.58367,-0.341,1.115,0.00
118.59422,-0.130,1.115,0.00
118.60439,-0.130,1.124,0.00
118.61455,0.111,1.135,0.00
118.62482,0.111,1.135,0.00
118.63516,0.364,1.144,0.00
118.64561,0.364,1.144,0.00
118.65598,0.640,1.161,0.00
118.66618,0.640,1.161,0.00
118.67637,0.640,1.177,0.00
118.68655,0.945,1.177,0.00
118.69673,1.271,1.189,0.00
118.70694,1.271,1.189,0.00
118.71709,1.609,1.201,0.00
118.72723,1.609,1.201,0.00
118.73744,1.971,1.210,0.00
118.74764,1.971,1.210,0.00
118.75780,2.372,1.217,0.00
118.76877,2.372,1.217,0.00
118.77878,2.792,1.221,0.00
118.78954,2.792,1.221,0.00
118.79970,3.233,1.223,0.00
118.80989,3.233,1.223,0.00
118.82008,3.690,1.225,0.00
118.83026,3.690,1.225,0.00
118.84049,4.155,1.227,0.00
118.85086,4.155,1.227,0.00
118.86104,4.630,1.227,0.00
118.87120,4.630,1.227,0.00
118.88138,5.115,1.229,0.00
118.89163,5.115,1.229,0.00
118.90191,5.622,1.227,0.00
118.91208,5.622,1.227,0.00
118.92223,6.123,1.230,0.00
118.93255,6.598,1.230,0.00
118.94285,6.598,1.230,0.00
118.95299,7.039,1.230,0.00
118.96314,7.039,1.223,0.00
118.97329,7.463,1.223,0.00
118.98385,7.463,1.215,0.00
118.99402,7.862,1.215,0.00
119.00417,7.862,1.212,0.00
119.01432,7.862,1.212,0.00
119.02449,8.222,1.210,0.00
119.03465,8.560,1.212,0.00
119.04496,8.560,1.212,0.00
119.05511,8.872,1.214,0.00
119.06526,8.872,1.214,0.00
119.07541,9.143,1.217,0.00
119.08556,9.143,1.217,0.00
119.09571,9.355,1.219,0.00
119.10585,9.355,1.219,0.00
119.11600,9.514,1.216,0.00
119.12615,9.514,1.216,0.00
119.13659,9.612,1.212,0.00
119.14673,9.612,1.212,0.00
119.15688,9.641,1.207,0.00
119.16703,9.641,1.207,0.00
119.17717,9.601,1.204,0.00
119.18736,9.601,1.204,0.00
119.19750,9.503,1.201,0.00
119.20780,9.503,1.201,0.00
119.21797,9.365,1.199,0.00
119.22837,9.365,1.199,0.00
119.23854,9.184,1.198,0.00
119.24896,9.184,1.198,0.00
119.25925,8.926,1.201,0.00
119.26951,8.926,1.201,0.00
119.27970,8.644,1.203,0.00
119.28988,8.644,1.203,0.00
119.30005,8.392,1.210,0.00
119.31023,8.392,1.210,0.00
119.32039,8.104,1.210,0.00
119.33054,8.104,1.210,0.00
119.34070,7.916,1.213,0.00
119.35175,7.916,1.213,0.00
119.36191,7.922,1.213,0.00
119.37207,7.922,1.213,0.00
119.38223,8.053,1.209,0.00
119.39237,8.053,1.209,0.00
119.40253,8.264,1.203,0.00
119.41269,8.517,1.192,0.00
119.42285,8.517,1.192,0.00
119.43302,8.812,1.192,0.00
119.44318,8.812,1.180,0.00
119.45334,9.188,1.164,0.00
119.46348,9.188,1.164,0.00
119.47363,9.664,1.147,0.00
119.48378,9.664,1.147,0.00
119.49394,9.664,1.147,0.00
119.51877,10.215,1.126,0.00
119.52892,10.828,1.106,0.00
119.55035,10.828,1.106,12.00
119.56054,12.182,1.066,12.00
119.58222,12.182,1.066,12.00
119.59239,13.635,1.050,12.00
119.61531,14.356,1.012,12.00
119.62561,14.356,1.012,12.00
119.64667,15.067,0.990,12.00
119.65693,15.740,0.965,12.00
119.66799,15.740,0.965,12.00
119.67832,15.740,0.965,12.00
119.68859,16.342,0.936,12.00
119.69874,16.867,0.908,12.00
119.71213,16.867,0.891,12.00
119.72232,17.302,0.891,12.00
119.73247,17.302,0.891,12.00
119.74275,17.632,0.883,12.50
119.75292,17.632,0.867,12.50
119.76307,17.835,0.867,12.50
119.77573,17.911,0.783,12.50
119.78591,17.911,0.783,12.50
119.79605,17.897,0.656,12.50
119.82256,17.764,0.656,12.50
119.83273,17.764,0.620,12.50
119.85538,17.463,0.507,12.50
119.86552,16.995,0.507,12.50
119.88665,16.416,0.454,12.50
119.89698,15.734,0.393,12.50
119.91882,15.734,0.369,12.50
119.93057,14.931,0.340,12.50
119.95037,14.015,0.340,12.50
119.96074,12.969,0.285,12.50
119.97105,12.969,0.285,12.50
119.98245,11.847,0.285,12.50
119.99273,11.847,0.102,12.50
120.00287,10.719,0.102,12.50
120.01448,10.719,0.025,13.00
120.02504,9.590,0.025,13.00
120.03514,9.590,-0.082,13.00
120.04616,8.447,-0.082,13.00
120.05633,7.275,-0.207,13.00
120.06658,7.275,-0.207,13.00
120.07864,7.275,-0.378,13.00
120.08881,6.117,-0.378,13.00
120.09906,5.018,-0.563,13.00
120.12725,3.973,-0.759,13.50
120.13744,2.939,-1.009,13.50
120.15901,1.892,-1.239,13.50
120.17011,1.892,-1.239,13.50
120.19116,0.948,-1.239,13.50
120.20126,0.209,-1.766,13.50
120.22272,0.209,-2.033,14.00
120.23303,-0.370,-2.318,14.00
120.25588,-0.828,-2.598,14.00
120.26602,-1.252,-2.598,14.00
120.28616,-1.709,-2.885,14.50
120.29633,-1.930,-3.168,14.50
120.30648,-1.930,-3.168,14.50
120.31971,-1.930,-3.168,14.50
120.32986,-1.930,-3.168,14.50
120.34002,-2.018,-3.392,14.50
120.35050,-2.018,-3.392,15.00
120.36073,-1.977,-3.588,15.00
120.37107,-1.977,-3.588,15.00
120.38306,-1.771,-3.734,15.50
120.39339,-1.508,-3.734,15.50
120.40369,-1.508,-3.832,15.50
120.43151,-1.508,-3.879,15.50
120.44169,-0.927,-3.884,15.50
120.46267,-0.653,-3.884,16.00
120.47294,-0.464,-3.836,16.00
120.49515,-0.322,-3.552,16.50
120.50531,-0.322,-3.552,16.50
120.52737,-0.207,-3.552,17.00
120.53789,-0.097,-3.089,17.00
120.55824,-0.097,-3.089,17.00
120.56974,0.017,-2.796,17.00
120.59089,0.103,-2.504,17.50
120.60123,0.140,-2.136,17.50
120.61160,0.140,-1.790,17.50
120.62295,0.136,-1.790,18.00
120.63315,0.099,-1.790,18.00
120.64345,0.099,-1.327,18.00
120.65502,0.032,-0.922,18.00
120.66517,0.032,-0.922,18.00
120.67532,-0.073,-0.559,18.00
120.68694,-0.073,-0.559,18.50
120.69733,-0.212,-0.131,18.50
120.70754,-0.212,-0.131,18.50
120.71869,-0.362,-0.131,18.50
120.72893,-0.362,0.257,18.50
120.73949,-0.494,0.741,18.50
120.76664,-0.617,0.741,19.00
120.77689,-0.751,1.706,19.00
120.79931,-0.891,2.277,19.00
120.81095,-0.891,2.277,19.00
120.83238,-1.027,2.678,19.50
120.84255,-1.027,2.678,19.50
120.86319,-1.337,3.117,19.50
120.87336,-1.504,3.580,19.50
120.89491,-1.664,4.053,20.00
120.90523,-1.664,4.053,20.00
120.91599,-1.816,4.553,20.00
120.92770,-1.816,4.553,20.00
120.93787,-1.955,4.932,20.00
120.94804,-1.955,4.932,20.00
120.95820,-1.955,4.932,20.00
120.96847,-2.095,5.399,20.00
120.97874,-2.237,5.889,20.00
120.99019,-2.237,5.889,20.00
121.00037,-2.371,6.287,20.00
121.01051,-2.371,6.287,20.00
121.02316,-2.500,6.662,20.50
121.03348,-2.589,6.942,20.50
121.04377,-2.589,6.942,20.50
121.07287,-2.627,6.942,20.50
121.08629,-2.626,7.534,20.50
121.09651,-2.587,7.876,20.50
121.10678,-2.587,7.876,20.50
121.11690,-2.536,8.105,20.50
121.13523,-2.482,8.341,20.50
121.14539,-2.482,8.341,20.50
121.16693,-2.405,8.596,20.50
121.17710,-2.323,8.789,20.50
121.19858,-2.323,8.789,20.50
121.20884,-2.239,9.081,20.50
121.23061,-2.170,9.318,20.50
121.24083,-2.100,9.597,20.50
121.25104,-2.100,9.597,20.50
121.26228,-2.100,9.597,21.00
121.27246,-2.043,9.942,21.00
121.28259,-2.011,10.209,21.00
121.29487,-2.011,10.209,21.00
121.30506,-1.988,10.671,21.00
121.31521,-1.952,11.097,21.00
121.32681,-1.952,11.097,21.00
121.33716,-1.899,11.529,21.00
121.34730,-1.899,11.529,21.00
121.35926,-1.842,12.084,21.00
121.36942,-1.842,12.084,21.00
121.37960,-1.780,12.571,21.00
121.39125,-1.718,12.571,21.00
121.40155,-1.718,13.176,21.00
121.41220,-1.718,13.176,21.00
121.43816,-1.718,13.176,21.00
121.44849,-1.616,13.753,21.00
121.47043,-1.616,13.753,21.00
121.48072,-1.508,15.083,21.00
121.50288,-1.456,15.593,21.00
121.51305,-1.414,15.593,21.00
121.53448,-1.414,16.720,21.00
121.54466,-1.381,16.720,21.00
121.55527,-1.351,17.279,21.00
121.56660,-1.351,17.279,21.00
121.57679,-1.332,17.853,21.00
121.58694,-1.332,17.853,21.00
121.59855,-1.327,17.853,21.00
121.60873,-1.327,18.338,21.00
121.61889,-1.328,18.964,21.00
121.63067,-1.328,18.964,21.00
121.64145,-1.325,19.549,21.00
121.65172,-1.325,20.089,21.00
121.66345,-1.321,20.089,21.00
121.67360,-1.321,20.675,21.00
121.68374,-1.309,20.675,21.00
121.71187,-1.309,20.675,21.00
121.72203,-1.276,21.736,21.00
121.74213,-1.276,21.736,21.00
121.75229,-1.257,22.212,21.00
121.76243,-1.234,22.771,0.00
121.77258,-1.234,22.771,0.00
121.78274,-1.207,23.291,0.00
121.79309,-1.207,23.291,0.00
121.80324,-1.182,23.741,0.00
121.81340,-1.182,24.348,0.00
121.82353,-1.132,24.348,0.00
121.83368,-1.075,24.756,0.00
121.84381,-1.075,24.756,0.00
121.85516,-1.075,24.756,0.00
121.86538,-1.025,25.268,0.00
121.87610,-0.998,25.663,0.00
121.88625,-0.998,25.663,0.00
121.89640,-0.993,26.082,0.00
121.90654,-0.993,26.082,0.00
121.91670,-1.014,26.577,0.00
121.92685,-1.014,26.577,0.00
121.93699,-1.064,26.902,0.00
121.94791,-1.064,26.902,0.00
121.95799,-1.128,27.370,0.00
121.96842,-1.128,27.370,0.00
121.97858,-1.194,27.696,0.00
121.98874,-1.194,27.696,0.00
121.99889,-1.244,28.009,0.00
122.00906,-1.244,28.009,0.00
122.01921,-1.312,28.388,0.00
122.02966,-1.312,28.388,0.00
122.03981,-1.385,28.638,0.00
122.05003,-1.385,28.638,0.00
122.06019,-1.452,29.041,0.00
122.07048,-1.452,29.227,0.00
122.08079,-1.482,29.227,0.00
122.09118,-1.482,29.347,0.00
122.10134,-1.498,29.347,0.00
122.11169,-1.498,29.347,0.00
122.12183,-1.491,29.416,0.00
122.13198,-1.491,29.416,0.00
122.14212,-1.450,29.490,0.00
122.15227,-1.401,29.490,0.00
122.16240,-1.401,29.496,0.00
122.17272,-1.367,29.496,0.00
122.18287,-1.367,29.330,0.00
122.19300,-1.385,28.756,0.00
122.20336,-1.385,28.756,0.00
122.21352,-1.385,27.845,0.00
122.22368,-1.381,27.845,0.00
122.23384,-1.381,26.773,0.00
122.24399,-1.337,26.773,0.00
122.25414,-1.337,25.576,0.00
122.26428,-1.306,25.576,0.00
122.27443,-1.306,24.171,0.00
122.28457,-1.335,24.171,0.00
122.29471,-1.335,22.545,0.00
122.30505,-1.330,22.545,0.00
122.31542,-1.272,20.874,0.00
122.32573,-1.272,20.874,0.00
122.33610,-1.187,18.996,0.00
122.34641,-1.187,18.996,0.00
122.35691,-1.134,17.013,0.00
122.36711,-1.134,17.013,0.00
122.37745,-1.069,14.923,0.00
122.38774,-1.069,14.923,0.00
122.39814,-0.968,12.686,0.00
122.40846,-0.968,12.686,0.00
122.41881,-0.852,10.342,0.00
122.42917,-0.852,10.342,0.00
122.43950,-0.722,7.718,0.00
122.44999,-0.722,7.718,0.00
122.46014,-0.599,4.946,0.00
122.47047,-0.599,2.625,0.00
122.48088,-0.502,2.625,0.00
122.49112,-0.502,0.296,0.00
122.50143,-0.414,0.296,0.00
122.51178,-0.414,-2.058,0.00
122.52209,-0.336,-2.058,0.00
122.53245,-0.336,-3.363,0.00
122.54275,-0.311,-3.363,0.00
122.55313,-0.311,-3.257,0.00
122.56344,-0.319,-3.257,0.00
122.57380,-0.319,-2.144,0.00
122.58415,-0.379,-2.144,0.00
122.59444,-0.468,-0.517,0.00
122.60487,-0.468,-0.517,0.00
122.61502,-0.530,1.848,0.00
122.62516,-0.530,1.848,0.00
122.63532,-0.523,3.071,0.00
122.64547,-0.523,3.071,0.00
122.65563,-0.485,1.701,0.00
122.66578,-0.485,1.701,0.00
122.67593,-0.464,-0.098,0.00
122.68609,-0.464,-0.098,0.00
122.69624,-0.452,-1.033,0.00
122.70640,-0.452,-1.033,0.00
122.71655,-0.461,-1.749,0.00
122.72676,-0.461,-1.749,0.00
122.73691,-0.509,-2.330,0.00
122.74711,-0.509,-2.330,0.00
122.75727,-0.581,-2.641,0.00
122.77421,-0.581,-2.641,0.00
122.78533,-0.638,-2.956,0.00
122.79607,-0.638,-3.270,0.00
122.80626,-0.638,-3.270,0.00
122.82197,-0.670,-3.637,0.00
122.83219,-0.701,-3.637,0.00
122.84339,-0.731,-3.980,0.00
122.85950,-0.767,-4.183,0.00
122.87296,-0.767,-4.256,0.00
122.88372,-0.831,-4.256,0.00
122.89394,-0.894,-4.256,0.00
122.91073,-0.894,-4.246,0.00
122.92650,-0.959,-4.190,0.00
122.94252,-0.959,-4.071,0.00
122.95397,-1.023,-4.071,0.00
122.97001,-1.023,-3.906,0.00
122.98665,-1.023,-3.684,0.00
122.99768,-1.025,-3.684,0.00
123.00911,-1.025,-3.411,0.00
123.01930,-1.025,-3.411,0.00
123.03030,-1.038,-3.065,0.00
123.04569,-1.073,-2.623,0.00
123.05989,-1.073,-2.623,0.00
123.07170,-1.073,-2.070,0.00
123.08649,-1.188,-1.384,0.00
123.10201,-1.188,-1.384,0.00
123.11289,-1.266,-0.479,0.00
123.12495,-1.266,0.420,0.00
123.14035,-1.321,0.420,0.00
123.15129,-1.342,1.380,0.00
123.16258,-1.338,1.968,0.00
123.17361,-1.338,1.871,0.00
123.18449,-1.322,1.871,0.00
123.19619,-1.322,1.871,0.00
123.21361,-1.311,0.935,0.00
123.22507,-1.307,0.935,0.00
123.24020,-1.307,0.455,0.00
123.25124,-1.313,0.455,0.00
123.26225,-1.313,0.039,0.00
123.27841,-1.359,-0.285,0.00
123.28868,-1.359,-0.285,0.00
123.29885,-1.359,-0.560,0.00
123.30946,-1.372,-0.560,0.00
123.31993,-1.381,-0.814,0.00
123.33059,-1.381,-0.814,0.00
123.34794,-1.382,-0.814,0.00
123.36348,-1.382,-1.179,0.00
123.38405,-1.385,-1.240,0.00
123.39468,-1.381,-1.240,0.00
123.41633,-1.361,-1.124,0.00
123.42652,-1.361,-1.124,0.00
123.43799,-1.361,-0.989,0.00
123.44902,-1.342,-0.989,0.00
123.46049,-1.332,-0.828,0.00
123.48119,-1.334,-0.656,0.00
123.54041,-1.436,0.062,0.00
123.55124,-1.436,0.062,0.00
123.56297,-1.471,0.393,0.00
123.58327,-1.471,0.800,0.00
123.59438,-1.491,1.094,0.00
123.60578,-1.504,1.094,0.00
123.62101,-1.508,1.094,0.00
123.63647,-1.508,1.158,0.00
123.64798,-1.500,1.076,0.00
123.66336,-1.496,1.076,0.00
123.68615,-1.499,0.765,0.00
123.70646,-1.503,0.605,0.00
123.71787,-1.497,0.464,0.00
123.73328,-1.497,0.464,0.00
123.74457,-1.484,0.348,0.00
123.75991,-1.484,0.258,0.00
123.82445,-1.462,0.258,0.00
123.83484,-1.340,0.265,0.00
123.89688,-1.305,0.265,0.00
123.90725,-1.212,0.582,0.00
123.92035,0.151,1.389,0.00
123.93051,0.151,1.389,0.00
123.94067,0.187,1.493,0.00
123.95082,0.187,1.493,0.00
123.96098,0.230,1.556,0.00
123.97113,0.230,1.564,0.00
123.98128,0.275,1.564,0.00
123.99143,0.275,1.516,0.00
124.00182,0.313,1.516,0.00
124.01197,0.313,1.516,0.00
124.02213,0.340,1.438,0.00
124.03228,0.340,1.438,0.00
124.04244,0.366,1.360,0.00
124.05259,0.388,1.360,0.00
124.06275,0.388,1.290,0.00
124.07292,0.414,1.290,0.00
124.08308,0.414,1.229,0.00
124.09325,0.441,1.229,0.00
124.10342,0.441,1.190,0.00
124.11359,0.469,1.175,0.00
124.12376,0.469,1.175,0.00
124.13405,0.491,1.182,0.00
124.14435,0.491,1.182,0.00
124.15508,0.512,1.205,0.00
124.16548,0.512,1.205,0.00
124.17566,0.512,1.205,0.00
124.18581,0.524,1.245,0.00
124.19597,0.530,1.292,0.00
124.20611,0.530,1.292,0.00
124.21706,0.541,1.348,0.00
124.22721,0.541,1.348,0.00
124.23742,0.553,1.403,0.00
124.24757,0.553,1.403,0.00
124.25773,0.564,1.440,0.00
124.26788,0.564,1.440,0.00
124.27804,0.569,1.462,0.00
124.28820,0.569,1.462,0.00
124.29835,0.575,1.463,0.00
124.30850,0.575,1.463,0.00
124.31867,0.583,1.444,0.00
124.32915,0.583,1.444,0.00
124.33930,0.575,1.418,0.00
124.34945,0.575,1.418,0.00
124.36016,0.560,1.390,0.00
124.37032,0.560,1.390,0.00
124.38049,0.542,1.364,0.00
124.39087,0.542,1.364,0.00
124.40109,0.527,1.343,0.00
124.41123,0.520,1.343,0.00
124.42137,0.520,1.335,0.00
124.43175,0.515,1.335,0.00
124.44193,0.515,1.337,0.00
124.45207,0.515,1.337,0.00
124.46221,0.506,1.350,0.00
124.47236,0.506,1.350,0.00
124.48250,0.503,1.368,0.00
124.49266,0.503,1.368,0.00
124.50280,0.503,1.390,0.00
124.51296,0.503,1.390,0.00
124.52309,0.507,1.414,0.00
124.53324,0.507,1.414,0.00
124.54341,0.507,1.414,0.00
124.55383,0.510,1.438,0.00
124.56412,0.516,1.455,0.00
124.57427,0.525,1.455,0.00
124.58440,0.525,1.464,0.00
124.59454,0.544,1.464,0.00
124.60481,0.544,1.462,0.00
124.61494,0.560,1.462,0.00
124.62527,0.560,1.450,0.00
124.63543,0.560,1.434,0.00
124.64557,0.574,1.434,0.00
124.65571,0.589,1.421,0.00
124.66586,0.589,1.421,0.00
124.67600,0.605,1.407,0.00
124.68614,0.605,1.407,0.00
124.69629,0.618,1.397,0.00
124.70654,0.618,1.397,0.00
124.71670,0.624,1.395,0.00
124.72686,0.624,1.395,0.00
124.73700,0.624,1.401,0.00
124.74729,0.624,1.401,0.00
124.75772,0.624,1.413,0.00
124.76798,0.624,1.413,0.00
124.77813,0.620,1.429,0.00
124.78845,0.620,1.429,0.00
124.79861,0.608,1.446,0.00
124.80890,0.608,1.446,0.00
124.81903,0.594,1.464,0.00
124.82931,0.594,1.464,0.00
124.83946,0.580,1.482,0.00
124.84966,0.580,1.482,0.00
124.86018,0.564,1.499,0.00
124.87084,0.564,1.499,0.00
124.88115,0.551,1.516,0.00
124.89214,0.551,1.531,0.00
124.90250,0.539,1.531,0.00
124.91294,0.525,1.538,0.00
124.92308,0.525,1.538,0.00
124.93324,0.516,1.538,0.00
124.94337,0.516,1.543,0.00
124.95352,0.517,1.543,0.00
124.96365,0.517,1.544,0.00
124.97387,0.513,1.544,0.00
124.98427,0.513,1.540,0.00
124.99441,0.513,1.540,0.00
125.00455,0.515,1.533,0.00
125.01472,0.515,1.533,0.00
125.02488,0.522,1.524,0.00
125.03505,0.529,1.513,0.00
125.04523,0.529,1.513,0.00
125.05606,0.531,1.504,0.00
125.06622,0.531,1.504,0.00
125.07653,0.517,1.502,0.00
125.08669,0.517,1.502,0.00
125.09698,0.502,1.497,0.00
125.10722,0.502,1.497,0.00
125.11745,0.498,1.492,0.00
125.12769,0.498,1.492,0.00
125.13792,0.499,1.488,0.00
125.14824,0.499,1.488,0.00
125.15830,0.498,1.483,0.00
125.16913,0.498,1.483,0.00
125.17965,0.493,1.475,0.00
125.18981,0.493,1.475,0.00
125.20006,0.489,1.465,0.00
125.21021,0.489,1.465,0.00
125.22035,0.489,1.458,0.00
125.23088,0.489,1.458,0.00
125.24104,0.487,1.460,0.00
125.25120,0.484,1.460,0.00
125.26134,0.484,1.467,0.00
125.27152,0.475,1.467,0.00
125.28166,0.475,1.477,0.00
125.29181,0.475,1.486,0.00
125.30197,0.463,1.486,0.00
125.31215,0.463,1.486,0.00
125.32230,0.455,1.495,0.00
125.33245,0.455,1.505,0.00
125.34258,0.440,1.505,0.00
125.35273,0.440,1.505,0.00
125.36286,0.422,1.510,0.00
125.37302,0.407,1.515,0.00
125.38315,0.407,1.515,0.00
125.39330,0.375,1.514,0.00
125.40343,0.375,1.514,0.00
125.41357,0.351,1.514,0.00
125.42371,0.351,1.517,0.00
125.43385,0.334,1.517,0.00
125.44399,0.334,1.517,0.00
125.45412,0.334,1.517,0.00
125.46426,0.313,1.513,0.00
125.47441,0.313,1.513,0.00
125.48455,0.285,1.508,0.00
125.49470,0.235,1.506,0.00
125.50485,0.235,1.506,0.00
125.51499,0.176,1.506,0.00
125.52513,0.176,1.506,0.00
125.53528,0.106,1.510,0.00
125.54543,0.106,1.510,0.00
125.55557,0.039,1.512,0.00
125.56572,0.039,1.512,0.00
125.57587,-0.034,1.517,0.00
125.58601,-0.034,1.517,0.00
125.59644,-0.101,1.523,0.00
125.60658,-0.101,1.523,0.00
125.61674,-0.101,1.523,0.00
125.62697,-0.101,1.523,0.00
125.63720,-0.153,1.530,0.00
125.64743,-0.186,1.537,0.00
125.65767,-0.199,1.541,0.00
125.66782,-0.199,1.541,0.00
125.67806,-0.201,1.541,0.00
125.68826,-0.201,1.541,0.00
125.69844,-0.190,1.540,0.00
125.70858,-0.190,1.540,0.00
125.71874,-0.158,1.535,0.00
125.72948,-0.158,1.535,0.00
125.73986,-0.113,1.528,0.00
125.75017,-0.113,1.528,0.00
125.76041,-0.049,1.525,0.00
125.77066,-0.049,1.525,0.00
125.78081,0.040,1.524,0.00
125.79101,0.040,1.524,0.00
125.80125,0.130,1.523,0.00
125.81157,0.130,1.523,0.00
125.82165,0.248,1.521,0.00
125.83179,0.248,1.521,0.00
125.84195,0.393,1.521,0.00
125.85210,0.393,1.521,0.00
125.86223,0.558,1.525,0.00
125.87238,0.558,1.532,0.00
125.88251,0.761,1.532,0.00
125.89267,0.992,1.539,0.00
125.90281,0.992,1.539,0.00
125.91295,1.238,1.544,0.00
125.92309,1.238,1.544,0.00
125.93323,1.492,1.544,0.00
125.94337,1.492,1.550,0.00
125.95355,1.763,1.550,0.00
125.96369,1.763,1.551,0.00
125.97383,2.082,1.551,0.00
125.98397,2.082,1.551,0.00
125.99416,2.472,1.551,0.00
126.00448,2.472,1.551,0.00
126.01463,2.472,1.551,0.00
126.02480,2.883,1.553,0.00
126.03494,3.291,1.559,0.00
126.04512,3.291,1.559,0.00
126.05527,3.756,1.570,0.00
126.06541,3.756,1.570,0.00
126.07554,4.269,1.577,0.00
126.08595,4.269,1.577,0.00
126.09608,4.812,1.587,0.00
126.10622,4.812,1.587,0.00
126.11637,5.380,1.595,0.00
126.12651,5.380,1.595,0.00
126.13666,5.977,1.601,0.00
126.14680,5.977,1.601,0.00
126.15696,6.615,1.607,0.00
126.16710,6.615,1.607,0.00
126.17724,7.285,1.615,0.00
126.18741,7.285,1.615,0.00
126.19756,7.975,1.618,0.00
126.20769,7.975,1.618,0.00
126.21784,8.661,1.621,0.00
126.22799,8.661,1.621,0.00
126.23813,9.368,1.630,0.00
126.24829,9.368,1.630,0.00
126.25844,9.368,1.630,0.00
126.27148,10.098,1.641,0.00
126.28184,10.836,1.654,0.00
126.29222,11.566,1.677,0.00
126.30333,11.566,1.677,12.00
126.31349,11.566,1.677,12.00
126.32365,12.256,1.702,12.00
126.35074,12.922,1.726,12.00
126.36213,13.575,1.742,12.00
126.38210,13.575,1.742,12.00
126.39228,14.185,1.756,12.00
126.41449,15.201,1.765,12.00
126.42492,15.201,1.772,12.00
126.44672,15.590,1.778,12.00
126.45693,15.895,1.786,12.00
126.47836,15.895,1.794,12.00
126.49087,16.229,1.801,12.00
126.51036,16.229,1.801,12.50
126.52078,16.270,1.804,12.50
126.53107,16.203,1.804,12.50
126.54247,16.203,1.805,12.50
126.55274,16.203,1.805,12.50
126.56289,16.014,1.811,12.50
126.57439,16.014,1.810,12.50
126.58456,15.699,1.810,12.50
126.59474,15.699,1.810,12.50
126.60610,15.261,1.728,12.50
126.61625,14.734,1.586,12.50
126.62640,14.734,1.586,12.50
126.63933,14.143,1.536,12.50
126.64968,14.143,1.536,12.50
126.65985,13.563,1.444,12.50
126.68736,12.830,1.394,12.50
126.69752,12.044,1.335,12.50
126.71861,12.044,1.266,12.50
126.72903,11.227,1.266,12.50
126.75137,11.227,1.266,12.50
126.76151,9.576,1.157,12.50
126.78300,8.774,1.094,13.00
126.79327,7.972,0.987,13.00
126.81471,7.201,0.838,13.00
126.82499,7.201,0.838,13.00
126.84679,6.460,0.713,13.00
126.85703,5.782,0.558,13.00
126.86725,5.782,0.558,13.00
126.87858,5.202,0.558,13.50
126.88906,4.697,0.399,13.50
126.89922,4.697,0.208,13.50
126.91152,4.248,0.208,13.50
126.92167,4.248,-0.005,13.50
126.93181,3.845,-0.005,13.50
126.94289,3.845,-0.229,13.50
126.95321,3.497,-0.475,13.50
126.96349,3.497,-0.475,13.50
126.97559,3.228,-0.745,14.00
126.98574,3.228,-0.745,14.00
126.99589,3.010,-0.996,14.00
127.02259,3.010,-1.237,14.00
127.03301,2.828,-1.475,14.00
127.05458,2.665,-1.718,14.50
127.06498,2.528,-1.718,14.50
127.08655,2.389,-1.948,14.50
127.09682,2.238,-2.177,14.50
127.11845,2.238,-2.374,15.00
127.12975,2.131,-2.374,15.00
127.15180,2.011,-2.729,15.50
127.16219,2.011,-2.729,15.50
127.18272,1.961,-2.845,15.50
127.19295,1.928,-2.845,15.50
127.20329,1.928,-2.934,15.50
127.21443,1.928,-2.934,16.00
127.22471,1.935,-2.986,16.00
127.23487,1.935,-3.012,16.00
127.24704,1.979,-3.012,16.50
127.25742,2.038,-3.005,16.50
127.26764,2.038,-3.005,16.50
127.27862,2.088,-2.968,17.00
127.28874,2.088,-2.968,17.00
127.29891,2.136,-2.897,17.00
127.32647,2.136,-2.785,17.00
127.33671,2.273,-2.637,17.00
127.35853,2.352,-2.637,17.50
127.36935,2.352,-2.446,17.50
127.39085,2.420,-1.970,18.00
127.40128,2.482,-1.970,18.00
127.42281,2.534,-1.689,18.00
127.43297,2.577,-1.689,18.00
127.45499,2.605,-0.976,18.50
127.46514,2.605,-0.976,18.50
127.47541,2.618,-0.570,18.50
127.48657,2.618,-0.570,18.50
127.49673,2.625,-0.182,18.50
127.50694,2.625,-0.182,18.50
127.51880,2.610,0.169,19.00
127.53107,2.610,0.169,19.00
127.54142,2.576,0.549,19.00
127.55164,2.532,0.895,19.00
127.56179,2.532,0.895,19.00
127.57194,2.532,0.895,19.00
127.58301,2.470,1.260,19.50
127.59316,2.470,1.260,19.50
127.60333,2.405,1.669,19.50
127.61500,2.405,1.669,19.50
127.62517,2.328,2.051,19.50
127.63530,2.328,2.051,19.50
127.66235,2.174,2.573,20.00
127.67255,2.174,3.034,20.00
127.69472,2.015,4.078,20.00
127.70507,2.015,4.078,20.00
127.72642,1.957,4.078,20.00
127.73659,1.908,5.186,20.00
127.75859,1.908,5.702,20.00
127.76979,1.863,5.702,20.00
127.79112,1.817,6.290,20.50
127.80128,1.776,6.837,20.50
127.81143,1.776,6.837,20.50
127.82246,1.739,7.305,20.50
127.83275,1.739,7.305,20.50
127.84291,1.717,7.829,20.50
127.85582,1.705,8.274,20.50
127.86609,1.705,8.274,20.50
127.87624,1.689,8.807,20.50
127.88708,1.689,8.807,20.50
127.89725,1.689,9.200,20.50
127.90747,1.690,9.200,20.50
127.91920,1.700,9.633,20.50
127.92938,1.700,9.633,20.50
127.93970,1.722,10.050,20.50
127.96622,1.722,10.050,20.50
127.97639,1.813,10.994,20.50
127.99844,1.866,10.994,20.50
128.00889,1.866,11.405,20.50
128.03146,1.913,11.882,21.00
128.04161,1.960,12.392,21.00
128.06207,1.960,12.392,21.00
128.07342,2.061,12.841,21.00
128.09461,2.061,13.963,21.00
128.10479,2.126,13.963,21.00
128.11495,2.184,14.638,21.00
128.12722,2.184,14.638,21.00
128.13765,2.249,15.232,21.00
128.14890,2.249,15.232,21.00
128.15976,2.309,15.732,21.00
128.17007,2.309,15.732,21.00
128.18022,2.373,16.357,21.00
128.19205,2.373,16.357,21.00
128.20213,2.445,16.840,21.00
128.21228,2.500,16.840,21.00
128.22422,2.500,17.439,21.00
128.23437,2.558,17.439,21.00
128.24450,2.558,17.977,21.00
128.27133,2.640,19.112,21.00
128.28164,2.640,19.112,21.00
128.30208,2.640,19.112,21.00
128.31225,2.672,19.540,21.00
128.33565,2.700,20.590,21.00
128.34588,2.700,20.590,21.00
128.36594,2.700,20.590,21.00
128.37613,2.675,21.611,21.00
128.40017,2.652,21.991,21.00
128.41039,2.652,21.991,21.00
128.43009,2.625,22.492,21.00
128.44045,2.592,22.969,21.00
128.45061,2.592,22.969,21.00
128.46249,2.543,22.969,21.00
128.47304,2.506,23.385,21.00
128.48328,2.506,23.860,21.00
128.49500,2.474,23.860,21.00
128.50519,2.474,24.175,21.00
128.51536,2.441,24.653,21.00
128.52641,2.441,24.653,0.00
128.53658,2.428,24.653,0.00
128.54675,2.428,24.998,0.00
128.55692,2.417,25.426,0.00
128.56718,2.417,25.426,0.00
128.57758,2.423,25.854,0.00
128.58801,2.423,25.854,0.00
128.59829,2.437,26.240,0.00
128.60875,2.437,26.240,0.00
128.61892,2.448,26.697,0.00
128.62934,2.448,26.697,0.00
128.63966,2.448,27.040,0.00
128.65005,2.443,27.040,0.00
128.66023,2.443,27.417,0.00
128.67038,2.443,27.417,0.00
128.68057,2.451,27.845,0.00
128.69071,2.451,27.845,0.00
128.70089,2.449,28.141,0.00
128.71106,2.449,28.141,0.00
128.72124,2.451,28.594,0.00
128.73143,2.451,28.594,0.00
128.74159,2.452,28.916,0.00
128.75175,2.452,28.916,0.00
128.76192,2.429,29.354,0.00
128.77209,2.429,29.354,0.00
128.78226,2.380,29.731,0.00
128.79243,2.380,29.731,0.00
128.80259,2.293,29.972,0.00
128.81277,2.184,30.355,0.00
128.82294,2.184,30.355,0.00
128.83311,2.081,30.549,0.00
128.84327,2.081,30.549,0.00
128.85344,2.022,30.549,0.00
128.86361,2.022,30.714,0.00
128.87378,1.987,30.944,0.00
128.88395,1.987,30.944,0.00
128.89412,1.928,31.309,0.00
128.90429,1.928,31.309,0.00
128.91445,1.872,31.839,0.00
128.92472,1.872,31.839,0.00
128.93495,1.862,31.839,0.00
128.94527,1.862,32.246,0.00
128.95543,1.880,32.548,0.00
128.96560,1.880,32.548,0.00
128.97576,1.828,32.695,0.00
128.98591,1.828,32.695,0.00
128.99607,1.761,32.606,0.00
129.00622,1.761,32.606,0.00
129.01639,1.783,32.338,0.00
129.02654,1.783,32.338,0.00
129.03670,1.837,31.843,0.00
129.04684,1.837,31.843,0.00
129.05700,1.814,31.122,0.00
129.06714,1.814,31.122,0.00
129.07730,1.788,30.141,0.00
129.08745,1.788,30.141,0.00
129.09760,1.805,28.776,0.00
129.10774,1.805,28.776,0.00
129.11814,1.882,27.217,0.00
129.12828,1.882,27.217,0.00
129.13854,1.962,25.059,0.00
129.14869,1.962,25.059,0.00
129.15892,2.013,22.852,0.00
129.16908,2.013,22.852,0.00
129.17923,2.099,20.870,0.00
129.18937,2.099,20.870,0.00
129.19952,2.237,18.630,0.00
129.20990,2.237,18.630,0.00
129.22006,2.332,15.752,0.00
129.23021,2.332,15.752,0.00
129.24035,2.413,12.421,0.00
129.25075,2.413,12.421,0.00
129.26090,2.508,9.512,0.00
129.27105,2.508,6.778,0.00
129.28135,2.631,6.778,0.00
129.29178,2.631,3.599,0.00
129.30220,2.748,3.599,0.00
129.31278,2.748,0.438,0.00
129.32328,2.826,0.438,0.00
129.33384,2.826,0.438,0.00
129.34409,2.847,-1.690,0.00
129.35447,2.847,-2.723,0.00
129.36491,2.823,-2.723,0.00
129.37507,2.751,-2.723,0.00
129.38523,2.751,-2.299,0.00
129.39538,2.630,-0.496,0.00
129.40566,2.630,-0.496,0.00
129.41581,2.503,2.237,0.00
129.42595,2.503,2.237,0.00
129.43610,2.503,2.237,0.00
129.44627,2.503,2.237,0.00
129.45642,2.413,4.927,0.00
129.46656,2.413,4.927,0.00
129.47672,2.445,2.824,0.00
129.48687,2.445,2.824,0.00
129.49703,2.465,0.676,0.00
129.50717,2.465,0.676,0.00
129.51732,2.458,-0.162,0.00
129.53524,2.415,-0.162,0.00
129.55096,2.415,-0.784,0.00
129.56739,2.415,-1.121,0.00
129.57774,2.215,-1.307,0.00
129.58798,2.215,-1.307,0.00
129.59834,2.110,-1.474,0.00
129.60877,2.110,-1.474,0.00
129.61907,2.022,-1.793,0.00
129.63485,2.022,-1.793,0.00
129.64590,1.968,-2.248,0.00
129.65708,1.930,-2.688,0.00
129.66844,1.930,-2.688,0.00
129.69092,1.876,-2.688,0.00
129.70887,1.791,-2.688,0.00
129.72456,1.791,-3.181,0.00
129.73475,1.791,-3.051,0.00
129.75128,1.557,-3.051,0.00
129.76682,1.455,-2.814,0.00
129.78272,1.397,-2.499,0.00
129.79927,1.360,-2.125,0.00
129.81768,1.360,-2.125,0.00
129.82925,1.316,-1.712,0.00
129.84438,1.242,-1.712,0.00
129.86009,1.153,-1.239,0.00
129.87077,1.153,-0.673,0.00
129.88116,1.057,-0.673,0.00
129.89157,1.057,0.010,0.00
129.90233,1.057,0.010,0.00
129.91918,0.921,0.911,0.00
129.93602,0.921,1.614,0.00
129.94729,0.896,1.911,0.00
129.96247,0.874,1.516,0.00
129.97267,0.843,1.516,0.00
129.98315,0.843,0.940,0.00
129.99359,0.807,0.940,0.00
130.00374,0.807,0.416,0.00
130.01494,0.761,-0.066,0.00
130.02561,0.761,-0.066,0.00
130.03605,0.718,-0.066,0.00
130.04655,0.718,-0.456,0.00
130.05717,0.682,-0.456,0.00
130.06776,0.682,-0.797,0.00
130.08344,0.653,-1.053,0.00
130.09405,0.653,-1.263,0.00
130.10993,0.639,-1.263,0.00
130.12015,0.639,-1.263,0.00
130.13415,0.625,-1.393,0.00
130.14763,0.625,-1.393,0.00
130.15790,0.625,-1.393,0.00
130.18270,0.640,-1.285,0.00
130.19339,0.663,-1.104,0.00
130.20388,0.663,-0.846,0.00
130.21447,0.663,-0.501,0.00
130.23093,0.687,-0.501,0.00
130.24655,0.706,-0.173,0.00
130.26330,0.706,-0.173,0.00
130.27494,0.729,0.572,0.00
130.28812,0.729,0.572,0.00
130.29918,0.729,0.899,0.00
130.31048,0.755,0.899,0.00
130.32602,0.789,1.109,0.00
130.33771,0.789,1.109,0.00
130.35317,0.829,1.026,0.00
130.36550,0.829,0.823,0.00
130.38051,0.857,0.823,0.00
130.39754,0.880,0.569,0.00
130.40948,0.903,0.345,0.00
130.42476,0.903,0.139,0.00
130.43507,0.923,0.139,0.00
130.44644,0.948,-0.030,0.00
130.46163,0.967,-0.030,0.00
130.47706,0.967,-0.132,0.00
130.50501,0.997,-0.182,0.00
130.51638,1.015,-0.094,0.00
130.52719,1.015,-0.094,0.00
130.59714,1.040,-0.094,0.00
130.60731,1.040,0.652,0.00
130.67384,1.040,0.652,0.00
130.68404,1.007,0.915,0.00
130.69478,0.056,1.328,0.00
130.70488,0.056,1.328,0.00
130.71504,0.056,1.232,0.00
130.72519,0.020,1.232,0.00
130.73538,0.020,1.232,0.00
130.74557,-0.021,1.134,0.00
130.75576,-0.062,1.055,0.00
130.76590,-0.062,1.055,0.00
130.77609,-0.105,1.005,0.00
130.78624,-0.105,1.005,0.00
130.79641,-0.154,0.982,0.00
130.80661,-0.154,0.982,0.00
130.81679,-0.203,0.991,0.00
130.82699,-0.203,0.991,0.00
130.83715,-0.249,1.037,0.00
130.84735,-0.249,1.037,0.00
130.85752,-0.296,1.111,0.00
130.86767,-0.296,1.111,0.00
130.87783,-0.345,1.182,0.00
130.88801,-0.345,1.182,0.00
130.89818,-0.392,1.246,0.00
130.90832,-0.392,1.246,0.00
130.91849,-0.432,1.291,0.00
130.92922,-0.432,1.291,0.00
130.93939,-0.462,1.315,0.00
130.94991,-0.493,1.315,0.00
130.96008,-0.493,1.308,0.00
130.97076,-0.519,1.308,0.00
130.98094,-0.519,1.274,0.00
130.99128,-0.542,1.274,0.00
131.00144,-0.542,1.222,0.00
131.01161,-0.542,1.222,0.00
131.02185,-0.551,1.163,0.00
131.03219,-0.551,1.092,0.00
131.04250,-0.562,1.092,0.00
131.05277,-0.562,1.092,0.00
131.06295,-0.571,1.035,0.00
131.07313,-0.571,1.035,0.00
131.08331,-0.585,0.997,0.00
131.09357,-0.585,0.997,0.00
131.10368,-0.591,0.980,0.00
131.11386,-0.591,0.979,0.00
131.12405,-0.591,0.979,0.00
131.13422,-0.590,0.986,0.00
131.14439,-0.590,0.986,0.00
131.15456,-0.590,0.999,0.00
131.16473,-0.590,0.999,0.00
131.17490,-0.595,1.012,0.00
131.18510,-0.595,1.012,0.00
131.19526,-0.603,1.012,0.00
131.20544,-0.603,1.021,0.00
131.21561,-0.603,1.021,0.00
131.22577,-0.617,1.023,0.00
131.23594,-0.635,1.012,0.00
131.24610,-0.635,1.012,0.00
131.25626,-0.663,0.993,0.00
131.26642,-0.663,0.993,0.00
131.27658,-0.692,0.967,0.00
131.28696,-0.692,0.967,0.00
131.29714,-0.720,0.940,0.00
131.30735,-0.720,0.940,0.00
131.31757,-0.744,0.919,0.00
131.32780,-0.744,0.919,0.00
131.33798,-0.765,0.902,0.00
131.34819,-0.765,0.902,0.00
131.35836,-0.788,0.890,0.00
131.36854,-0.788,0.890,0.00
131.37884,-0.809,0.885,0.00
131.38921,-0.809,0.885,0.00
131.39956,-0.825,0.890,0.00
131.41051,-0.825,0.890,0.00
131.42067,-0.843,0.901,0.00
131.43120,-0.843,0.901,0.00
131.44146,-0.868,0.917,0.00
131.45181,-0.898,0.932,0.00
131.46213,-0.898,0.932,0.00
131.47251,-0.927,0.943,0.00
131.48264,-0.927,0.943,0.00
131.49279,-0.951,0.943,0.00
131.50293,-0.951,0.945,0.00
131.51313,-0.972,0.945,0.00
131.52347,-0.972,0.938,0.00
131.53364,-0.972,0.938,0.00
131.54378,-0.988,0.924,0.00
131.55394,-0.988,0.924,0.00
131.56407,-1.000,0.908,0.00
131.57423,-1.020,0.892,0.00
131.58436,-1.020,0.892,0.00
131.59450,-1.034,0.883,0.00
131.60476,-1.034,0.883,0.00
131.61490,-1.062,0.877,0.00
131.62511,-1.062,0.877,0.00
131.63554,-1.094,0.875,0.00
131.64568,-1.094,0.875,0.00
131.65579,-1.135,0.878,0.00
131.66593,-1.135,0.878,0.00
131.67608,-1.180,0.883,0.00
131.68622,-1.180,0.883,0.00
131.69637,-1.241,0.891,0.00
131.70650,-1.241,0.891,0.00
131.71666,-1.312,0.896,0.00
131.72680,-1.312,0.896,0.00
131.73696,-1.376,0.903,0.00
131.74710,-1.376,0.903,0.00
131.75722,-1.432,0.908,0.00
131.76745,-1.432,0.908,0.00
131.77768,-1.475,0.913,0.00
131.78782,-1.475,0.913,0.00
131.79797,-1.520,0.916,0.00
131.80825,-1.520,0.916,0.00
131.81840,-1.573,0.916,0.00
131.82854,-1.573,0.916,0.00
131.83868,-1.633,0.919,0.00
131.84968,-1.633,0.919,0.00
131.85983,-1.690,0.920,0.00
131.87002,-1.690,0.920,0.00
131.88026,-1.725,0.923,0.00
131.89052,-1.725,0.923,0.00
131.90069,-1.731,0.924,0.00
131.91089,-1.731,0.924,0.00
131.92105,-1.724,0.922,0.00
131.93126,-1.724,0.922,0.00
131.94148,-1.697,0.920,0.00
131.95171,-1.697,0.920,0.00
131.96195,-1.622,0.916,0.00
131.97214,-1.515,0.916,0.00
131.98228,-1.515,0.911,0.00
131.99243,-1.515,0.911,0.00
132.00258,-1.389,0.908,0.00
132.01317,-1.389,0.908,0.00
132.02349,-1.243,0.907,0.00
132.03363,-1.243,0.904,0.00
132.04377,-1.079,0.904,0.00
132.05392,-0.904,0.899,0.00
132.06405,-0.904,0.899,0.00
132.07419,-0.696,0.895,0.00
132.08433,-0.696,0.895,0.00
132.09449,-0.454,0.895,0.00
132.10494,-0.454,0.895,0.00
132.11508,-0.168,0.895,0.00
132.12523,-0.168,0.895,0.00
132.13541,0.163,0.896,0.00
132.14555,0.163,0.896,0.00
132.15574,0.468,0.894,0.00
132.16588,0.468,0.894,0.00
132.17601,0.834,0.899,0.00
132.18615,0.834,0.899,0.00
132.19630,1.201,0.905,0.00
132.20644,1.201,0.905,0.00
132.21659,1.580,0.913,0.00
132.22673,1.580,0.913,0.00
132.23688,1.975,0.917,0.00
132.24721,1.975,0.917,0.00
132.25737,2.390,0.920,0.00
132.26761,2.390,0.920,0.00
132.27783,2.827,0.924,0.00
132.28807,2.827,0.924,0.00
132.29829,3.278,0.928,0.00
132.30858,3.278,0.928,0.00
132.31873,3.747,0.938,0.00
132.32960,3.747,0.938,0.00
132.33975,4.233,0.949,0.00
132.35013,4.233,0.949,0.00
132.36020,4.726,0.964,0.00
132.37050,4.726,0.964,0.00
132.38072,5.241,0.984,0.00
132.39086,5.241,0.984,0.00
132.40102,5.785,1.005,0.00
132.41117,5.785,1.005,0.00
132.42133,6.326,1.031,0.00
132.43148,6.326,1.031,0.00
132.44161,6.859,1.054,0.00
132.45176,7.446,1.075,0.00
132.46190,7.446,1.075,0.00
132.47204,8.063,1.075,0.00
132.48218,8.063,1.101,0.00
132.49245,8.682,1.101,0.00
132.50260,8.682,1.123,0.00
132.51282,8.682,1.123,0.00
132.52295,9.317,1.142,0.00
132.53311,9.317,1.142,0.00
132.54324,9.945,1.154,0.00
132.55846,10.584,1.154,0.00
132.56892,10.584,1.164,0.00
132.57907,11.225,1.174,0.00
132.59121,11.225,1.174,12.00
132.60148,11.829,1.184,12.00
132.61163,11.829,1.184,12.00
132.63843,12.923,1.191,12.00
132.64859,12.923,1.199,12.00
132.67141,12.923,1.203,12.00
132.68179,13.783,1.216,12.00
132.70205,13.783,1.216,12.00
132.71223,14.089,1.227,12.00
132.73527,14.419,1.244,12.00
132.74543,14.419,1.244,12.00
132.76690,14.472,1.246,12.00
132.77708,14.464,1.248,12.00
132.78724,14.464,1.248,12.00
132.79861,14.372,1.250,12.50
132.81048,14.372,1.250,12.50
132.82067,14.149,1.246,12.50
132.83231,13.767,1.237,12.50
132.84262,13.767,1.237,12.50
132.85317,13.272,1.232,12.50
132.86350,13.272,1.232,12.50
132.87378,13.272,1.172,12.50
132.88411,12.698,1.172,12.50
132.91023,12.043,1.172,12.50
132.92071,11.290,0.978,12.50
132.94250,11.290,0.915,12.50
132.95295,10.466,0.845,12.50
132.97499,8.692,0.765,12.50
132.98517,8.692,0.765,12.50
133.00599,8.692,0.765,12.50
133.01616,7.789,0.696,12.50
133.02632,6.887,0.616,12.50
133.03806,6.887,0.616,12.50
133.04964,5.960,0.525,12.50
133.05978,5.045,0.406,12.50
133.07060,5.045,0.300,13.00
133.08078,4.194,0.300,13.00
133.09094,4.194,0.300,13.00
133.10281,3.421,0.157,13.00
133.11297,2.698,0.157,13.00
133.12313,2.698,0.006,13.00
133.13565,2.041,-0.189,13.00
133.14580,2.041,-0.189,13.00
133.15607,1.475,-0.386,13.00
133.16689,1.475,-0.386,13.50
133.17714,0.988,-0.571,13.50
133.18758,0.988,-0.571,13.50
133.19851,0.581,-0.744,13.50
133.20877,0.581,-0.744,13.50
133.21903,0.253,-0.911,13.50
133.24740,-0.024,-1.070,13.50
133.25755,-0.269,-1.240,13.50
133.27876,-0.551,-1.240,14.00
133.28992,-0.551,-1.404,14.00
133.31011,-0.867,-1.591,14.00
133.32026,-1.046,-1.757,14.00
133.33075,-1.046,-1.757,14.50
133.34216,-1.046,-1.757,14.50
133.35234,-1.133,-1.906,14.50
133.36250,-1.265,-2.046,14.50
133.37398,-1.265,-2.046,14.50
133.38414,-1.407,-2.152,14.50
133.39430,-1.472,-2.230,14.50
133.40635,-1.472,-2.230,15.00
133.41652,-1.505,-2.273,15.00
133.42677,-1.505,-2.273,15.00
133.43922,-1.456,-2.273,15.50
133.45175,-1.456,-2.285,15.50
133.46192,-1.302,-2.258,15.50
133.47251,-1.144,-2.191,15.50
133.48266,-1.144,-2.191,15.50
133.49332,-1.144,-2.191,15.50
133.50439,-1.001,-2.095,16.00
133.51456,-0.849,-1.975,16.00
133.52568,-0.849,-1.975,16.00
133.54990,-0.690,-1.855,16.50
133.56008,-0.518,-1.697,16.50
133.58197,-0.518,-1.697,17.00
133.59215,-0.351,-1.533,17.00
133.61430,-0.121,-1.341,17.00
133.62470,-0.121,-1.115,17.00
133.64675,-0.045,-0.910,17.50
133.65710,0.017,-0.662,17.50
133.67884,0.038,-0.426,18.00
133.68920,0.038,-0.426,18.00
133.69951,0.028,-0.152,18.00
133.71179,0.007,0.119,18.00
133.72195,0.007,0.119,18.00
133.73256,0.007,0.119,18.00
133.74272,0.007,0.383,18.50
133.75287,-0.025,0.713,18.50
133.76300,-0.065,0.713,18.50
133.77621,-0.110,1.039,18.50
133.78639,-0.110,1.039,18.50
133.79653,-0.159,1.379,18.50
133.80683,-0.159,1.379,19.00
133.81698,-0.217,1.728,19.00
133.82714,-0.217,1.728,19.00
133.85482,-0.370,2.471,19.00
133.86518,-0.370,2.471,19.00
133.88627,-0.458,2.823,19.50
133.89643,-0.552,3.215,19.50
133.91794,-0.552,3.215,19.50
133.92812,-0.634,3.564,19.50
133.94987,-0.704,3.989,20.00
133.96006,-0.760,4.438,20.00
133.98197,-0.760,4.438,20.00
133.99222,-0.816,4.806,20.00
134.00238,-0.864,5.248,20.00
134.01400,-0.864,5.248,20.00
134.02417,-0.896,5.631,20.00
134.03431,-0.912,6.043,20.00
134.04692,-0.912,6.043,20.00
134.05722,-0.908,6.444,20.00
134.06767,-0.908,6.444,20.00
134.07879,-0.908,6.797,20.50
134.08900,-0.891,6.797,20.50
134.09919,-0.866,7.204,20.50
134.11066,-0.866,7.204,20.50
134.12097,-0.829,7.458,20.50
134.13116,-0.829,7.458,20.50
134.14237,-0.795,7.765,20.50
134.15254,-0.795,7.765,20.50
134.16268,-0.761,7.976,20.50
134.17281,-0.761,7.976,20.50
134.19298,-0.731,8.243,20.50
134.20313,-0.689,8.527,20.50
134.22393,-0.689,8.761,20.50
134.23411,-0.638,8.761,20.50
134.25403,-0.587,9.135,20.50
134.26420,-0.527,9.541,20.50
134.28618,-0.527,9.541,20.50
134.29637,-0.411,10.442,20.50
134.31790,-0.411,10.442,21.00
134.32812,-0.350,10.877,21.00
134.33829,-0.290,11.425,21.00
134.34989,-0.290,11.425,21.00
134.36007,-0.222,11.955,21.00
134.37023,-0.222,11.955,21.00
134.38207,-0.160,12.539,21.00
134.39226,-0.160,12.539,21.00
134.40241,-0.096,13.220,21.00
134.41387,-0.096,13.220,21.00
134.42404,-0.035,13.817,21.00
134.43420,0.020,14.601,21.00
134.44947,0.020,14.601,21.00
134.45836,0.065,15.230,21.00
134.46960,0.065,15.230,21.00
134.47976,0.096,15.913,21.00
134.49230,0.096,15.913,21.00
134.50248,0.123,16.650,21.00
134.52681,0.148,17.305,21.00
134.53698,0.172,18.051,21.00
134.55826,0.172,18.695,21.00
134.56882,0.197,18.695,21.00
134.59098,0.209,19.425,21.00
134.60128,0.227,20.272,21.00
134.62267,0.227,20.272,21.00
134.63285,0.257,21.680,21.00
134.65447,0.257,21.680,21.00
134.66467,0.269,22.325,21.00
134.67492,0.265,23.029,21.00
134.68641,0.265,23.029,21.00
134.69681,0.264,23.740,21.00
134.70707,0.264,23.740,21.00
134.71830,0.266,23.740,21.00
134.72876,0.266,24.370,21.00
134.73912,0.283,25.098,21.00
134.75060,0.283,25.098,21.00
134.76091,0.309,25.745,21.00
134.77105,0.309,25.745,21.00
134.78234,0.325,26.449,21.00
134.79270,0.343,26.449,21.00
134.80292,0.343,27.148,21.00
134.81331,0.358,27.756,0.00
134.82364,0.358,27.756,0.00
134.83379,0.358,28.414,0.00
134.84397,0.392,28.414,0.00
134.85412,0.392,28.955,0.00
134.86426,0.434,28.955,0.00
134.87441,0.483,29.632,0.00
134.88456,0.483,29.632,0.00
134.89471,0.483,29.632,0.00
134.90485,0.537,30.247,0.00
134.91500,0.579,30.896,0.00
134.92514,0.579,30.896,0.00
134.93529,0.602,31.531,0.00
134.94544,0.602,31.531,0.00
134.95558,0.618,32.032,0.00
134.96573,0.618,32.032,0.00
134.97588,0.624,32.624,0.00
134.98621,0.624,32.624,0.00
134.99656,0.626,33.120,0.00
135.00709,0.626,33.120,0.00
135.01717,0.638,33.547,0.00
135.02797,0.638,33.547,0.00
135.03826,0.615,33.955,0.00
135.04858,0.615,33.955,0.00
135.05873,0.579,33.955,0.00
135.06981,0.579,34.170,0.00
135.08005,0.538,34.459,0.00
135.09049,0.538,34.459,0.00
135.10074,0.503,34.656,0.00
135.11162,0.503,34.656,0.00
135.12188,0.422,34.921,0.00
135.13214,0.328,34.965,0.00
135.14247,0.328,34.965,0.00
135.15271,0.296,34.965,0.00
135.16286,0.296,34.945,0.00
135.17301,0.343,34.945,0.00
135.18316,0.343,34.934,0.00
135.19358,0.362,34.934,0.00
135.20375,0.362,34.870,0.00
135.21387,0.362,34.870,0.00
135.22403,0.287,34.765,0.00
135.23420,0.287,34.533,0.00
135.24435,0.295,34.533,0.00
135.25453,0.295,34.087,0.00
135.26474,0.369,34.087,0.00
135.27489,0.411,33.038,0.00
135.28503,0.411,33.038,0.00
135.29519,0.338,32.072,0.00
135.30534,0.338,32.072,0.00
135.31549,0.292,31.132,0.00
135.32563,0.292,31.132,0.00
135.33578,0.328,29.930,0.00
135.34593,0.328,29.930,0.00
135.35608,0.410,28.234,0.00
135.36635,0.410,28.234,0.00
135.37689,0.431,26.156,0.00
135.38719,0.431,26.156,0.00
135.39758,0.429,24.318,0.00
135.40800,0.429,24.318,0.00
135.41817,0.494,22.279,0.00
135.42835,0.494,22.279,0.00
135.43851,0.579,19.826,0.00
135.44873,0.579,19.826,0.00
135.45888,0.605,16.425,0.00
135.46902,0.605,16.425,0.00
135.47916,0.625,13.713,0.00
135.48926,0.625,13.713,0.00
135.49942,0.711,10.968,0.00
135.50991,0.711,10.968,0.00
135.52030,0.822,7.873,0.00
135.53063,0.905,7.873,0.00
135.54098,0.905,4.018,0.00
135.55134,0.953,4.018,0.00
135.56167,0.953,0.095,0.00
135.57201,0.967,0.095,0.00
135.58235,0.967,-2.382,0.00
135.59283,0.969,-2.382,0.00
135.60299,0.969,-3.184,0.00
135.61342,0.931,-3.184,0.00
135.62372,0.931,-1.997,0.00
135.63386,0.931,-1.997,0.00
135.64402,0.843,0.719,0.00
135.65417,0.843,0.719,0.00
135.66431,0.757,3.929,0.00
135.67447,0.732,6.156,0.00
135.68473,0.732,6.156,0.00
135.69474,0.777,5.902,0.00
135.70489,0.777,5.902,0.00
135.71504,0.841,2.881,0.00
135.72518,0.841,2.881,0.00
135.73533,0.886,1.096,0.00
135.74548,0.886,1.096,0.00
135.75563,0.902,0.473,0.00
135.76578,0.902,0.473,0.00
135.77593,0.865,-0.160,0.00
135.78607,0.865,-0.160,0.00
135.79649,0.793,-0.602,0.00
135.80664,0.793,-0.602,0.00
135.82027,0.793,-0.877,0.00
135.83162,0.701,-0.877,0.00
135.84258,0.701,-1.148,0.00
135.85408,0.642,-1.148,0.00
135.86520,0.618,-1.148,0.00
135.87572,0.618,-1.999,0.00
135.88612,0.620,-1.999,0.00
135.89651,0.620,-1.999,0.00
135.90721,0.621,-2.311,0.00
135.91741,0.621,-2.492,0.00
135.93359,0.551,-2.581,0.00
135.95131,0.551,-2.581,0.00
135.96751,0.482,-2.559,0.00
135.98008,0.421,-2.559,0.00
135.99757,0.390,-2.179,0.00
136.00795,0.390,-2.179,0.00
136.01813,0.390,-1.838,0.00
136.02850,0.391,-1.838,0.00
136.03906,0.415,-1.838,0.00
136.05195,0.415,-1.353,0.00
136.06596,0.431,-0.830,0.00
136.07619,0.431,-0.830,0.00
136.08826,0.420,-0.213,0.00
136.10374,0.386,0.489,0.00
136.11499,0.337,1.286,0.00
136.12549,0.337,1.286,0.00
136.14485,0.337,2.171,0.00
136.16587,0.295,2.830,0.00
136.17802,0.304,3.147,0.00
136.18821,0.304,3.147,0.00
136.20386,0.322,2.804,0.00
136.21451,0.322,2.193,0.00
136.22504,0.332,2.193,0.00
136.23561,0.332,1.684,0.00
136.25146,0.329,1.684,0.00
136.26303,0.329,1.162,0.00
136.27351,0.329,0.754,0.00
136.28399,0.324,0.754,0.00
136.29444,0.324,0.410,0.00
136.30505,0.323,0.410,0.00
136.31544,0.323,0.117,0.00
136.32592,0.314,0.117,0.00
136.33802,0.293,-0.110,0.00
136.35329,0.293,-0.241,0.00
136.36354,0.271,-0.241,0.00
136.37370,0.271,-0.235,0.00
136.38418,0.235,-0.235,0.00
136.39482,0.190,-0.107,0.00
136.40504,0.190,-0.107,0.00
136.41753,0.144,0.127,0.00
136.42873,0.144,0.127,0.00
136.45204,0.096,0.441,0.00
136.46855,0.035,0.793,0.00
136.47914,-0.031,1.154,0.00
136.49976,-0.031,1.533,0.00
136.51006,-0.031,1.533,0.00
136.52726,-0.149,1.843,0.00
136.54323,-0.149,2.045,0.00
136.58536,-0.308,1.838,0.00
136.59822,-0.344,1.838,0.00
136.61216,-0.384,1.559,0.00
136.62804,-0.384,1.270,0.00
136.63996,-0.422,0.978,0.00
136.65033,-0.422,0.978,0.00
136.66204,-0.422,0.978,0.00
136.67297,-0.518,0.744,0.00
136.68331,-0.518,0.580,0.00
136.69922,-0.566,0.490,0.00
136.70937,-0.566,0.490,0.00
136.72107,-0.566,0.490,0.00
136.73195,-0.605,0.498,0.00
136.74234,-0.645,0.498,0.00
136.75293,-0.645,0.581,0.00
136.76388,-0.689,0.735,0.00
136.77475,-0.689,0.735,0.00
136.78512,-0.689,0.735,0.00
136.79776,-0.689,1.125,0.00
136.80853,-0.689,1.125,0.00
136.87850,-0.682,1.125,0.00
136.89136,-0.682,1.420,0.00
136.95189,-0.682,1.336,0.00
136.96600,-0.657,0.530,0.00
136.97618,-0.952,0.470,0.00
136.98642,-0.961,0.470,0.00
136.99656,-0.971,0.450,0.00
137.00689,-0.971,0.450,0.00
137.01709,-0.978,0.477,0.00
137.02743,-0.978,0.477,0.00
137.03751,-0.972,0.538,0.00
137.04770,-0.972,0.538,0.00
137.05796,-0.963,0.616,0.00
137.06817,-0.963,0.616,0.00
137.07833,-0.965,0.686,0.00
137.08988,-0.965,0.686,0.00
137.09993,-0.972,0.735,0.00
137.11091,-0.972,0.735,0.00
137.12107,-0.984,0.762,0.00
137.13158,-0.984,0.762,0.00
137.14172,-1.012,0.767,0.00
137.15212,-1.012,0.767,0.00
137.16225,-1.038,0.741,0.00
137.17241,-1.052,0.741,0.00
137.18256,-1.052,0.698,0.00
137.19273,-1.071,0.698,0.00
137.20287,-1.071,0.656,0.00
137.21302,-1.093,0.656,0.00
137.22315,-1.093,0.615,0.00
137.23331,-1.110,0.615,0.00
137.24364,-1.110,0.585,0.00
137.25402,-1.123,0.585,0.00
137.26434,-1.123,0.573,0.00
137.27471,-1.136,0.573,0.00
137.28504,-1.136,0.580,0.00
137.29519,-1.142,0.596,0.00
137.30534,-1.142,0.596,0.00
137.31547,-1.134,0.620,0.00
137.32567,-1.134,0.620,0.00
137.33582,-1.119,0.650,0.00
137.34597,-1.119,0.650,0.00
137.35612,-1.104,0.676,0.00
137.36626,-1.104,0.676,0.00
137.37641,-1.093,0.692,0.00
137.38672,-1.093,0.692,0.00
137.39688,-1.087,0.692,0.00
137.40703,-1.087,0.692,0.00
137.41719,-1.092,0.674,0.00
137.42748,-1.092,0.674,0.00
137.43769,-1.093,0.653,0.00
137.44801,-1.093,0.653,0.00
137.45816,-1.084,0.630,0.00
137.46879,-1.084,0.630,0.00
137.47891,-1.079,0.604,0.00
137.48907,-1.079,0.604,0.00
137.49924,-1.065,0.580,0.00
137.50940,-1.065,0.580,0.00
137.51957,-1.040,0.565,0.00
137.52972,-1.040,0.565,0.00
137.53988,-1.025,0.558,0.00
137.55214,-1.025,0.558,0.00
137.56232,-1.018,0.564,0.00
137.57247,-1.018,0.579,0.00
137.58261,-1.012,0.579,0.00
137.59278,-1.012,0.597,0.00
137.60293,-0.999,0.597,0.00
137.61310,-0.999,0.621,0.00
137.62327,-0.986,0.621,0.00
137.63374,-0.986,0.641,0.00
137.64411,-0.976,0.641,0.00
137.65444,-0.976,0.659,0.00
137.66485,-0.973,0.659,0.00
137.67521,-0.976,0.668,0.00
137.68551,-0.976,0.668,0.00
137.69595,-0.983,0.668,0.00
137.70628,-0.983,0.668,0.00
137.71658,-0.994,0.663,0.00
137.72687,-0.994,0.663,0.00
137.73724,-1.001,0.656,0.00
137.74762,-1.001,0.656,0.00
137.75777,-1.015,0.651,0.00
137.76802,-1.015,0.651,0.00
137.77818,-1.036,0.652,0.00
137.78855,-1.036,0.652,0.00
137.79892,-1.047,0.654,0.00
137.80911,-1.047,0.654,0.00
137.81927,-1.051,0.659,0.00
137.82962,-1.051,0.659,0.00
137.83976,-1.059,0.667,0.00
137.85043,-1.059,0.667,0.00
137.86089,-1.072,0.676,0.00
137.87104,-1.087,0.676,0.00
137.88144,-1.087,0.682,0.00
137.89174,-1.098,0.682,0.00
137.90189,-1.098,0.689,0.00
137.91207,-1.098,0.696,0.00
137.92220,-1.108,0.696,0.00
137.93246,-1.108,0.696,0.00
137.94260,-1.121,0.700,0.00
137.95276,-1.121,0.704,0.00
137.96290,-1.131,0.704,0.00
137.97320,-1.131,0.703,0.00
137.98334,-1.129,0.703,0.00
137.99350,-1.129,0.703,0.00
138.00365,-1.131,0.697,0.00
138.01380,-1.131,0.697,0.00
138.02394,-1.114,0.693,0.00
138.03409,-1.078,0.690,0.00
138.04423,-1.078,0.690,0.00
138.05439,-1.030,0.688,0.00
138.06453,-1.030,0.688,0.00
138.07480,-0.969,0.686,0.00
138.08494,-0.969,0.686,0.00
138.09508,-0.933,0.689,0.00
138.10543,-0.933,0.689,0.00
138.11559,-0.913,0.694,0.00
138.12573,-0.913,0.694,0.00
138.13587,-0.891,0.698,0.00
138.14602,-0.891,0.698,0.00
138.15616,-0.875,0.703,0.00
138.16642,-0.875,0.703,0.00
138.17657,-0.864,0.706,0.00
138.18677,-0.864,0.706,0.00
138.19693,-0.878,0.709,0.00
138.20774,-0.878,0.709,0.00
138.21791,-0.920,0.709,0.00
138.22873,-0.920,0.709,0.00
138.23890,-0.954,0.710,0.00
138.24989,-0.954,0.710,0.00
138.26005,-0.972,0.711,0.00
138.27041,-0.972,0.710,0.00
138.28059,-0.995,0.710,0.00
138.29154,-0.995,0.710,0.00
138.30171,-1.023,0.712,0.00
138.31211,-1.023,0.711,0.00
138.32261,-1.028,0.711,0.00
138.33287,-1.028,0.711,0.00
138.34302,-1.025,0.714,0.00
138.35321,-1.022,0.714,0.00
138.36337,-1.022,0.719,0.00
138.37351,-1.014,0.719,0.00
138.38364,-1.014,0.725,0.00
138.39380,-1.008,0.725,0.00
138.40393,-1.008,0.733,0.00
138.41409,-1.003,0.736,0.00
138.42422,-1.003,0.736,0.00
138.43436,-0.997,0.739,0.00
138.44450,-0.997,0.739,0.00
138.45464,-0.967,0.740,0.00
138.46478,-0.967,0.740,0.00
138.47493,-0.892,0.742,0.00
138.48524,-0.892,0.742,0.00
138.49539,-0.892,0.742,0.00
138.50552,-0.791,0.740,0.00
138.51565,-0.648,0.739,0.00
138.52579,-0.648,0.739,0.00
138.53592,-0.490,0.742,0.00
138.54607,-0.490,0.742,0.00
138.55621,-0.298,0.747,0.00
138.56638,-0.298,0.747,0.00
138.57652,-0.082,0.747,0.00
138.58689,-0.082,0.747,0.00
138.59705,0.165,0.749,0.00
138.60720,0.165,0.749,0.00
138.61733,0.463,0.752,0.00
138.62766,0.463,0.752,0.00
138.63782,0.816,0.752,0.00
138.64806,0.816,0.752,0.00
138.65818,0.816,0.750,0.00
138.66832,1.208,0.750,0.00
138.67847,1.655,0.751,0.00
138.68871,1.655,0.751,0.00
138.69885,2.145,0.754,0.00
138.70900,2.145,0.754,0.00
138.71930,2.684,0.765,0.00
138.73025,2.684,0.765,0.00
138.74040,3.287,0.780,0.00
138.75056,3.287,0.780,0.00
138.76073,3.952,0.797,0.00
138.77089,3.952,0.797,0.00
138.78105,4.673,0.815,0.00
138.79121,4.673,0.815,0.00
138.80137,5.448,0.839,0.00
138.81152,6.260,0.862,0.00
138.82166,6.260,0.862,0.00
138.83198,7.093,0.881,0.00
138.84217,7.093,0.881,0.00
138.85233,7.093,0.901,0.00
138.86248,7.914,0.901,0.00
138.87273,7.914,0.901,0.00
138.88291,8.736,0.923,0.00
138.89306,9.569,0.923,0.00
138.90321,9.569,0.950,0.00
138.91349,10.383,0.950,0.00
138.92688,10.383,0.980,0.00
138.93705,11.186,1.016,0.00
138.95014,11.186,1.016,12.00
138.96031,11.960,1.057,12.00
138.97046,12.713,1.057,12.00
138.98088,12.713,1.085,12.00
138.99216,12.713,1.110,12.00
139.00233,13.407,1.110,12.00
139.01250,14.007,1.110,12.00
139.02301,14.007,1.131,12.00
139.03318,14.560,1.131,12.00
139.04333,14.560,1.143,12.00
139.05433,14.560,1.146,12.00
139.06450,15.035,1.146,12.00
139.07467,15.401,1.144,12.00
139.08648,15.401,1.144,12.00
139.09668,15.634,1.139,12.00
139.10682,15.634,1.139,12.00
139.11740,15.739,1.133,12.00
139.13425,15.733,1.133,12.00
139.14474,15.733,1.128,12.00
139.16641,15.733,1.124,12.50
139.17685,15.435,1.120,12.50
139.19807,15.127,1.120,12.50
139.20846,15.127,1.119,12.50
139.21933,14.657,1.122,12.50
139.23053,14.657,1.122,12.50
139.24071,14.058,1.080,12.50
139.25101,14.058,1.080,12.50
139.26297,13.359,0.943,12.50
139.27315,13.359,0.859,12.50
139.28329,12.578,0.859,12.50
139.29475,11.742,0.766,12.50
139.30492,11.742,0.766,12.50
139.31570,10.867,0.682,12.50
139.32701,10.867,0.682,12.50
139.33715,9.938,0.600,12.50
139.34745,9.938,0.600,12.50
139.35857,8.949,0.524,12.50
139.37010,7.950,0.524,12.50
139.38028,7.950,0.425,12.50
139.40580,7.950,0.425,12.50
139.41598,6.070,0.041,12.50
139.43794,6.070,0.041,13.00
139.44812,5.143,-0.160,13.00
139.47150,4.244,-0.330,13.00
139.48168,3.441,-0.514,13.00
139.50185,3.441,-0.514,13.00
139.51203,2.182,-0.675,13.00
139.53603,1.624,-0.875,13.50
139.54618,1.624,-1.075,13.50
139.56603,1.128,-1.075,13.50
139.57621,0.699,-1.444,13.50
139.58635,0.699,-1.444,13.50
139.59885,0.322,-1.444,13.50
139.60960,0.322,-1.668,13.50
139.61976,0.002,-1.878,13.50
139.63003,0.002,-1.878,14.00
139.64020,-0.258,-2.045,14.00
139.65035,-0.258,-2.170,14.00
139.66235,-0.489,-2.170,14.00
139.67249,-0.695,-2.170,14.00
139.68279,-0.695,-2.255,14.00
139.69438,-0.869,-2.255,14.50
139.70480,-0.869,-2.310,14.50
139.71511,-0.936,-2.310,14.50
139.74231,-0.922,-2.343,14.50
139.75259,-0.892,-2.350,14.50
139.77438,-0.839,-2.325,15.00
139.78475,-0.839,-2.258,15.00
139.80631,-0.732,-2.159,15.50
139.81704,-0.537,-1.974,15.50
139.83914,-0.537,-1.974,15.50
139.84963,-0.277,-1.735,15.50
139.86002,-0.006,-1.436,16.00
139.87035,-0.006,-1.120,16.00
139.88054,0.256,-1.120,16.00
139.89105,0.256,-0.806,16.00
139.90228,0.493,-0.806,16.50
139.91244,0.493,-0.806,16.50
139.92259,0.722,-0.432,16.50
139.93523,0.722,-0.432,17.00
139.94532,0.722,-0.432,17.00
139.95546,0.722,-0.023,17.00
139.96654,1.231,0.387,17.00
139.97669,1.486,0.806,17.00
139.98696,1.486,0.806,17.00
139.99815,1.729,1.218,17.50
140.00830,1.729,1.218,17.50
140.01844,1.978,1.676,17.50
140.04641,1.978,2.095,18.00
140.05685,2.394,2.554,18.00
140.07874,2.542,2.995,18.00
140.08891,2.542,2.995,18.00
140.11079,2.678,3.462,18.50
140.12097,2.791,3.915,18.50
140.14278,2.863,4.285,18.50
140.15294,2.863,4.712,18.50
140.17421,2.909,5.087,19.00
140.18453,2.930,5.087,19.00
140.19533,2.909,5.514,19.00
140.20636,2.909,5.514,19.00
140.21674,2.853,5.985,19.00
140.22691,2.853,5.985,19.00
140.23831,2.853,6.404,19.50
140.24851,2.774,6.404,19.50
140.25903,2.673,6.921,19.50
140.27132,2.673,7.336,19.50
140.28152,2.545,7.336,19.50
140.29167,2.545,7.336,19.50
140.31819,2.396,8.086,20.00
140.32837,2.226,8.086,20.00
140.35199,1.859,8.787,20.00
140.36215,1.859,8.787,20.00
140.38279,1.683,9.044,20.00
140.39298,1.520,9.044,20.00
140.41426,1.520,9.688,20.00
140.42457,1.383,9.688,20.00
140.44669,1.257,9.902,20.50
140.45698,1.141,10.162,20.50
140.46789,1.141,10.162,20.50
140.47885,1.034,10.162,20.50
140.48943,0.930,10.303,20.50
140.49989,0.930,10.481,20.50
140.51165,0.930,10.481,20.50
140.52183,0.846,10.509,20.50
140.53216,0.785,10.509,20.50
140.54242,0.785,10.599,20.50
140.55256,0.785,10.677,20.50
140.56285,0.751,10.677,20.50
140.57426,0.751,10.724,20.50
140.58444,0.731,10.724,20.50
140.59459,0.726,10.886,20.50
140.62193,0.726,10.886,20.50
140.63217,0.726,10.975,20.50
140.65500,0.749,11.156,20.50
140.66516,0.749,11.395,20.50
140.68656,0.773,11.637,21.00
140.69696,0.815,11.979,21.00
140.71897,0.815,12.264,21.00
140.72920,0.869,12.264,21.00
140.75246,0.926,12.738,21.00
140.76265,0.993,13.223,21.00
140.78284,1.066,13.685,21.00
140.79313,1.152,13.685,21.00
140.80372,1.152,14.265,21.00
140.81505,1.250,14.734,21.00
140.82523,1.250,14.734,21.00
140.83538,1.346,15.303,21.00
140.84634,1.346,15.303,21.00
140.85694,1.437,15.870,21.00
140.86710,1.437,15.870,21.00
140.87817,1.516,15.870,21.00
140.88839,1.516,16.383,21.00
140.89855,1.585,17.020,21.00
140.92608,1.585,17.020,21.00
140.93628,1.697,18.029,21.00
140.95800,1.697,18.029,21.00
140.96828,1.754,18.568,21.00
140.99144,1.800,19.704,21.00
141.00162,1.835,19.704,21.00
141.02176,1.835,19.704,21.00
141.03194,1.857,20.225,21.00
141.04210,1.873,20.907,21.00
141.05426,1.873,21.613,21.00
141.06446,1.885,21.613,21.00
141.07462,1.882,21.613,21.00
141.08668,1.882,22.208,21.00
141.09684,1.882,22.845,21.00
141.10700,1.882,22.845,21.00
141.11827,1.875,22.845,21.00
141.12847,1.875,23.360,21.00
141.13863,1.861,23.976,21.00
141.15084,1.861,23.976,21.00
141.16097,1.851,24.588,21.00
141.17111,1.851,24.588,21.00
141.18159,1.840,25.184,0.00
141.19175,1.840,25.184,0.00
141.20191,1.839,25.751,0.00
141.21206,1.839,25.751,0.00
141.22222,1.838,26.282,0.00
141.23240,1.838,26.282,0.00
141.24255,1.839,26.915,0.00
141.25270,1.839,27.421,0.00
141.26312,1.853,27.421,0.00
141.27328,1.858,27.421,0.00
141.28345,1.858,28.005,0.00
141.29361,1.839,28.005,0.00
141.30377,1.839,28.552,0.00
141.31391,1.815,29.067,0.00
141.32405,1.815,29.067,0.00
141.33454,1.815,29.067,0.00
141.34477,1.779,29.667,0.00
141.35492,1.734,30.175,0.00
141.36506,1.734,30.175,0.00
141.37706,1.668,30.832,0.00
141.38743,1.668,30.832,0.00
141.39781,1.600,31.353,0.00
141.40808,1.600,31.353,0.00
141.41823,1.536,31.918,0.00
141.42844,1.536,31.918,0.00
141.43860,1.467,32.530,0.00
141.44963,1.467,32.530,0.00
141.45980,1.390,33.029,0.00
141.47003,1.390,33.029,0.00
141.48018,1.309,33.642,0.00
141.49041,1.309,33.642,0.00
141.50058,1.225,34.101,0.00
141.51076,1.225,34.101,0.00
141.52092,1.142,34.510,0.00
141.53142,1.142,34.510,0.00
141.54157,1.051,34.983,0.00
141.55233,1.051,34.983,0.00
141.56248,0.977,35.557,0.00
141.57272,0.916,36.069,0.00
141.58287,0.916,36.069,0.00
141.59335,0.842,36.509,0.00
141.60361,0.842,36.509,0.00
141.61377,0.754,36.509,0.00
141.62391,0.754,36.771,0.00
141.63406,0.684,36.771,0.00
141.64420,0.684,36.825,0.00
141.65435,0.663,36.704,0.00
141.66449,0.663,36.704,0.00
141.67489,0.638,36.402,0.00
141.68503,0.638,36.402,0.00
141.69544,0.605,35.898,0.00
141.70559,0.605,35.898,0.00
141.71573,0.618,35.096,0.00
141.72587,0.618,35.096,0.00
141.73671,0.701,34.089,0.00
141.74686,0.701,34.089,0.00
141.75702,0.779,32.780,0.00
141.76717,0.779,32.780,0.00
141.77733,0.790,31.203,0.00
141.78748,0.790,31.203,0.00
141.79764,0.840,29.634,0.00
141.80853,0.840,29.634,0.00
141.81868,0.950,27.785,0.00
141.82967,0.950,27.785,0.00
141.83982,1.058,25.358,0.00
141.85075,1.058,25.358,0.00
141.86091,1.116,22.567,0.00
141.87108,1.116,22.567,0.00
141.88124,1.206,20.400,0.00
141.89140,1.206,20.400,0.00
141.90156,1.352,17.970,0.00
141.91173,1.352,17.970,0.00
141.92189,1.457,15.103,0.00
141.93211,1.457,15.103,0.00
141.94226,1.514,11.922,0.00
141.95242,1.514,9.587,0.00
141.96256,1.558,9.587,0.00
141.97271,1.628,9.587,0.00
141.98286,1.628,6.687,0.00
141.99302,1.690,3.577,0.00
142.00316,1.690,3.577,0.00
142.01331,1.725,0.373,0.00
142.02345,1.725,0.373,0.00
142.03360,1.718,-2.223,0.00
142.04374,1.718,-2.223,0.00
142.05391,1.663,-3.608,0.00
142.06406,1.663,-3.608,0.00
142.07421,1.560,-3.415,0.00
142.08435,1.560,-3.415,0.00
142.09479,1.399,-1.604,0.00
142.10490,1.399,-1.604,0.00
142.11517,1.218,0.753,0.00
142.12531,1.218,0.753,0.00
142.13604,1.077,3.015,0.00
142.14618,1.077,3.015,0.00
142.15707,0.987,3.779,0.00
142.16721,0.987,3.779,0.00
142.17737,0.930,1.734,0.00
142.19021,0.930,1.734,0.00
142.20595,0.888,-0.229,0.00
142.21641,0.888,-0.946,0.00
142.23317,0.842,-1.539,0.00
142.24359,0.754,-1.539,0.00
142.25413,0.619,-1.539,0.00
142.26995,0.619,-1.958,0.00
142.28614,0.455,-2.251,0.00
142.29723,0.316,-2.462,0.00
142.31301,0.227,-2.462,0.00
142.32323,0.227,-2.462,0.00
142.33444,0.176,-3.030,0.00
142.34504,0.176,-3.030,0.00
142.36087,0.155,-3.030,0.00
142.37135,0.155,-3.376,0.00
142.39299,0.115,-3.660,0.00
142.42045,0.085,-3.671,0.00
142.43155,0.085,-3.671,0.00
142.44943,0.065,-3.603,0.00
142.46493,0.084,-3.603,0.00
142.47559,0.084,-3.603,0.00
142.48682,0.146,-3.191,0.00
142.50280,0.227,-2.829,0.00
142.51873,0.227,-2.829,0.00
142.52951,0.308,-2.829,0.00
142.54636,0.367,-1.816,0.00
142.55741,0.403,-1.192,0.00
142.56877,0.403,-1.192,0.00
142.58388,0.425,-0.431,0.00
142.59448,0.425,0.580,0.00
142.61072,0.457,0.580,0.00
142.62654,0.506,0.580,0.00
142.63738,0.566,1.535,0.00
142.64970,0.566,1.535,0.00
142.68266,0.695,0.395,0.00
142.69327,0.695,-0.151,0.00
142.70580,0.742,-0.151,0.00
142.73212,0.784,-0.151,0.00
142.74804,0.813,-0.928,0.00
142.76403,0.844,-1.187,0.00
142.77520,0.844,-1.187,0.00
142.78631,0.880,-1.370,0.00
142.79785,0.907,-1.481,0.00
142.80849,0.907,-1.481,0.00
142.81878,0.917,-1.481,0.00
142.83102,0.917,-1.510,0.00
142.84142,0.917,-1.453,0.00
142.85177,0.917,-1.453,0.00
142.86216,0.917,-1.320,0.00
142.87256,0.909,-1.320,0.00
142.88276,0.909,-1.320,0.00
142.90376,0.895,-0.838,0.00
142.91446,0.873,-0.838,0.00
142.92510,0.848,-0.838,0.00
142.93609,0.848,-0.138,0.00
142.94656,0.819,-0.138,0.00
142.95675,0.819,-0.138,0.00
142.96809,0.783,0.232,0.00
142.98391,0.753,0.506,0.00
142.99920,0.728,0.506,0.00
143.01506,0.701,0.664,0.00
143.02555,0.701,0.583,0.00
143.03604,0.680,0.583,0.00
143.05156,0.680,0.419,0.00
143.09763,0.637,-0.005,0.00
143.10853,0.609,-0.221,0.00
143.13136,0.588,-0.406,0.00
143.15433,0.564,-0.541,0.00
143.18133,0.542,-0.615,0.00
143.24745,0.518,-0.280,0.00
143.25787,0.446,-0.117,0.00
143.32343,0.446,-0.117,0.00
143.33367,0.427,0.197,0.00
143.34384,-0.206,1.137,0.00
143.35402,-0.221,1.080,0.00
143.36416,-0.221,1.080,0.00
143.37431,-0.243,0.999,0.00
143.38445,-0.243,0.999,0.00
143.39536,-0.267,0.905,0.00
143.40550,-0.267,0.905,0.00
143.41566,-0.293,0.823,0.00
143.42581,-0.293,0.823,0.00
143.43597,-0.324,0.764,0.00
143.44614,-0.324,0.764,0.00
143.45629,-0.363,0.728,0.00
143.46643,-0.363,0.728,0.00
143.47658,-0.408,0.720,0.00
143.48682,-0.408,0.720,0.00
143.49705,-0.456,0.749,0.00
143.50726,-0.456,0.749,0.00
143.51743,-0.496,0.799,0.00
143.52766,-0.496,0.799,0.00
143.53781,-0.532,0.862,0.00
143.54876,-0.532,0.862,0.00
143.55890,-0.570,0.918,0.00
143.56933,-0.570,0.918,0.00
143.58002,-0.608,0.963,0.00
143.59036,-0.608,0.963,0.00
143.60045,-0.645,0.983,0.00
143.61060,-0.645,0.988,0.00
143.62076,-0.677,0.988,0.00
143.63092,-0.677,0.972,0.00
143.64108,-0.699,0.972,0.00
143.65158,-0.699,0.933,0.00
143.66174,-0.720,0.933,0.00
143.67205,-0.742,0.889,0.00
143.68237,-0.742,0.889,0.00
143.69283,-0.764,0.853,0.00
143.70297,-0.764,0.853,0.00
143.71339,-0.789,0.827,0.00
143.72367,-0.789,0.827,0.00
143.73383,-0.801,0.827,0.00
143.74398,-0.801,0.814,0.00
143.75415,-0.807,0.815,0.00
143.76432,-0.807,0.815,0.00
143.77495,-0.811,0.824,0.00
143.78510,-0.811,0.824,0.00
143.79524,-0.808,0.841,0.00
143.80581,-0.808,0.841,0.00
143.81596,-0.808,0.860,0.00
143.82610,-0.799,0.860,0.00
143.83624,-0.788,0.872,0.00
143.84639,-0.788,0.872,0.00
143.85730,-0.770,0.874,0.00
143.86747,-0.770,0.874,0.00
143.87764,-0.751,0.869,0.00
143.88779,-0.751,0.869,0.00
143.89794,-0.733,0.855,0.00
143.90809,-0.733,0.855,0.00
143.91825,-0.719,0.842,0.00
143.92840,-0.719,0.842,0.00
143.93855,-0.705,0.833,0.00
143.94956,-0.705,0.833,0.00
143.95973,-0.690,0.826,0.00
143.96989,-0.690,0.826,0.00
143.98004,-0.676,0.823,0.00
143.99044,-0.676,0.823,0.00
144.00059,-0.668,0.830,0.00
144.01148,-0.668,0.830,0.00
144.02163,-0.664,0.835,0.00
144.03192,-0.664,0.835,0.00
144.04209,-0.664,0.840,0.00
144.05223,-0.668,0.842,0.00
144.06238,-0.668,0.842,0.00
144.07253,-0.679,0.845,0.00
144.08268,-0.679,0.845,0.00
144.09283,-0.679,0.845,0.00
144.10298,-0.698,0.845,0.00
144.11312,-0.710,0.847,0.00
144.12327,-0.710,0.847,0.00
144.13360,-0.723,0.843,0.00
144.14376,-0.723,0.843,0.00
144.15390,-0.744,0.843,0.00
144.16404,-0.744,0.838,0.00
144.17441,-0.763,0.838,0.00
144.18458,-0.763,0.834,0.00
144.19480,-0.763,0.834,0.00
144.20495,-0.782,0.833,0.00
144.21511,-0.782,0.833,0.00
144.22528,-0.802,0.834,0.00
144.23573,-0.826,0.837,0.00
144.24587,-0.826,0.837,0.00
144.25642,-0.851,0.842,0.00
144.26657,-0.851,0.842,0.00
144.27694,-0.871,0.851,0.00
144.28710,-0.871,0.851,0.00
144.29728,-0.892,0.859,0.00
144.30745,-0.892,0.859,0.00
144.31758,-0.918,0.861,0.00
144.32772,-0.918,0.861,0.00
144.33787,-0.947,0.861,0.00
144.34801,-0.947,0.861,0.00
144.35816,-0.972,0.857,0.00
144.36903,-0.972,0.857,0.00
144.37923,-0.996,0.854,0.00
144.38943,-0.996,0.854,0.00
144.39958,-1.017,0.849,0.00
144.41038,-1.017,0.849,0.00
144.42053,-1.032,0.848,0.00
144.43126,-1.032,0.848,0.00
144.44140,-1.043,0.848,0.00
144.45153,-1.043,0.848,0.00
144.46184,-1.055,0.853,0.00
144.47199,-1.064,0.853,0.00
144.48215,-1.064,0.861,0.00
144.49230,-1.077,0.861,0.00
144.50244,-1.077,0.871,0.00
144.51259,-1.077,0.871,0.00
144.52273,-1.093,0.880,0.00
144.53329,-1.107,0.884,0.00
144.54343,-1.107,0.884,0.00
144.55360,-1.123,0.888,0.00
144.56376,-1.123,0.888,0.00
144.57391,-1.133,0.888,0.00
144.58405,-1.133,0.890,0.00
144.59463,-1.134,0.892,0.00
144.60508,-1.134,0.892,0.00
144.61553,-1.140,0.890,0.00
144.62567,-1.140,0.890,0.00
144.63603,-1.147,0.887,0.00
144.64636,-1.147,0.887,0.00
144.65684,-1.159,0.884,0.00
144.66711,-1.159,0.884,0.00
144.67755,-1.175,0.883,0.00
144.68770,-1.175,0.883,0.00
144.69786,-1.175,0.883,0.00
144.70802,-1.197,0.883,0.00
144.71821,-1.216,0.888,0.00
144.72835,-1.216,0.888,0.00
144.73852,-1.240,0.894,0.00
144.74885,-1.240,0.894,0.00
144.75902,-1.267,0.898,0.00
144.76917,-1.267,0.898,0.00
144.77935,-1.295,0.902,0.00
144.78978,-1.295,0.902,0.00
144.79993,-1.320,0.902,0.00
144.81009,-1.320,0.902,0.00
144.82023,-1.336,0.900,0.00
144.83040,-1.336,0.900,0.00
144.84055,-1.348,0.898,0.00
144.85069,-1.348,0.898,0.00
144.86084,-1.348,0.898,0.00
144.87103,-1.348,0.898,0.00
144.88119,-1.381,0.893,0.00
144.89135,-1.381,0.893,0.00
144.90151,-1.403,0.892,0.00
144.91171,-1.403,0.892,0.00
144.92185,-1.422,0.888,0.00
144.93199,-1.435,0.884,0.00
144.94214,-1.435,0.884,0.00
144.95234,-1.435,0.884,0.00
144.96248,-1.444,0.881,0.00
144.97274,-1.455,0.881,0.00
144.98288,-1.455,0.881,0.00
144.99321,-1.466,0.878,0.00
145.00334,-1.466,0.878,0.00
145.01350,-1.466,0.874,0.00
145.02364,-1.473,0.874,0.00
145.03379,-1.473,0.870,0.00
145.04406,-1.480,0.870,0.00
145.05441,-1.480,0.866,0.00
145.06495,-1.485,0.866,0.00
145.07510,-1.485,0.864,0.00
145.08534,-1.490,0.864,0.00
145.09564,-1.475,0.866,0.00
145.10597,-1.475,0.866,0.00
145.11629,-1.455,0.869,0.00
145.12684,-1.455,0.869,0.00
145.13717,-1.445,0.875,0.00
145.14758,-1.445,0.875,0.00
145.15789,-1.437,0.881,0.00
145.16827,-1.437,0.881,0.00
145.17859,-1.421,0.888,0.00
145.18905,-1.421,0.888,0.00
145.19945,-1.406,0.892,0.00
145.20966,-1.406,0.892,0.00
145.21981,-1.391,0.899,0.00
145.22997,-1.391,0.899,0.00
145.24018,-1.363,0.910,0.00
145.25039,-1.363,0.910,0.00
145.26054,-1.324,0.919,0.00
145.27069,-1.283,0.919,0.00
145.28097,-1.283,0.925,0.00
145.29130,-1.245,0.925,0.00
145.30167,-1.245,0.930,0.00
145.31180,-1.245,0.930,0.00
145.32196,-1.200,0.936,0.00
145.33210,-1.200,0.936,0.00
145.34225,-1.147,0.945,0.00
145.35240,-1.147,0.945,0.00
145.36254,-1.092,0.953,0.00
145.37272,-1.092,0.953,0.00
145.38286,-1.023,0.967,0.00
145.39302,-0.951,0.983,0.00
145.40316,-0.951,0.983,0.00
145.41332,-0.890,0.995,0.00
145.42345,-0.890,0.995,0.00
145.43360,-0.830,1.005,0.00
145.44375,-0.830,1.005,0.00
145.45471,-0.766,1.016,0.00
145.46485,-0.766,1.016,0.00
145.47501,-0.704,1.025,0.00
145.48516,-0.704,1.025,0.00
145.49604,-0.641,1.037,0.00
145.50618,-0.641,1.037,0.00
145.51632,-0.587,1.037,0.00
145.52646,-0.587,1.054,0.00
145.53671,-0.543,1.078,0.00
145.54687,-0.543,1.078,0.00
145.55704,-0.503,1.100,0.00
145.56719,-0.503,1.100,0.00
145.57736,-0.463,1.121,0.00
145.58751,-0.463,1.121,0.00
145.59768,-0.432,1.140,0.00
145.60843,-0.432,1.140,0.00
145.61859,-0.407,1.154,0.00
145.62947,-0.407,1.154,0.00
145.63964,-0.400,1.171,0.00
145.65047,-0.400,1.187,0.00
145.66074,-0.401,1.187,0.00
145.67090,-0.401,1.201,0.00
145.68108,-0.406,1.201,0.00
145.69125,-0.413,1.212,0.00
145.70142,-0.413,1.212,0.00
145.71176,-0.427,1.222,0.00
145.72213,-0.427,1.222,0.00
145.73230,-0.454,1.222,0.00
145.74247,-0.454,1.231,0.00
145.75273,-0.454,1.231,0.00
145.76288,-0.504,1.239,0.00
145.77304,-0.504,1.248,0.00
145.78319,-0.561,1.248,0.00
145.79334,-0.622,1.252,0.00
145.80349,-0.622,1.252,0.00
145.81365,-0.681,1.259,0.00
145.82379,-0.681,1.259,0.00
145.83394,-0.744,1.267,0.00
145.84409,-0.744,1.267,0.00
145.85426,-0.807,1.270,0.00
145.86457,-0.807,1.270,0.00
145.87472,-0.869,1.271,0.00
145.88487,-0.869,1.271,0.00
145.89503,-0.933,1.263,0.00
145.90518,-0.933,1.263,0.00
145.91536,-0.933,1.263,0.00
145.92551,-0.993,1.257,0.00
145.93567,-1.061,1.244,0.00
145.94582,-1.061,1.244,0.00
145.95598,-1.061,1.244,0.00
145.96614,-1.124,1.234,0.00
145.97630,-1.178,1.218,0.00
145.98646,-1.178,1.218,0.00
145.99671,-1.226,1.205,0.00
146.00686,-1.226,1.205,0.00
146.01702,-1.267,1.191,0.00
146.02768,-1.267,1.191,0.00
146.03786,-1.303,1.177,0.00
146.04801,-1.303,1.177,0.00
146.05823,-1.331,1.164,0.00
146.06838,-1.331,1.164,0.00
146.07854,-1.352,1.152,0.00
146.08877,-1.352,1.152,0.00
146.09892,-1.371,1.139,0.00
146.10908,-1.371,1.139,0.00
146.11922,-1.383,1.123,0.00
146.12940,-1.383,1.123,0.00
146.13955,-1.396,1.109,0.00
146.14970,-1.396,1.109,0.00
146.15999,-1.399,1.096,0.00
146.17030,-1.399,1.096,0.00
146.18045,-1.412,1.083,0.00
146.19061,-1.412,1.083,0.00
146.20077,-1.428,1.069,0.00
146.21093,-1.437,1.069,0.00
146.22109,-1.437,1.049,0.00
146.23126,-1.439,1.049,0.00
146.24141,-1.439,1.027,0.00
146.25156,-1.452,1.027,0.00
146.26183,-1.452,1.015,0.00
146.27224,-1.466,1.015,0.00
146.28255,-1.466,1.007,0.00
