time,contralateral_sh_el_deg,sh_el_deg,stim_curr
0.01584,0.437,2.778,0.00
0.03142,0.437,2.778,0.00
0.04160,0.437,2.777,0.00
0.05177,0.437,2.777,0.00
0.06193,0.436,2.776,0.00
0.07210,0.432,2.776,0.00
0.08227,0.432,2.776,0.00
0.09248,0.432,2.775,0.00
0.10266,0.419,2.769,0.00
0.11301,0.419,2.769,0.00
0.12317,0.419,2.769,0.00
0.13335,0.411,2.764,0.00
0.14351,0.408,2.759,0.00
0.15368,0.408,2.759,0.00
0.16386,0.407,2.753,0.00
0.17417,0.407,2.753,0.00
0.18655,0.407,2.753,0.00
0.19674,0.402,2.750,0.00
0.20691,0.402,2.750,0.00
0.21708,0.402,2.750,0.00
0.22726,0.402,2.750,0.00
0.23756,0.405,2.744,0.00
0.24773,0.405,2.739,0.00
0.25790,0.406,2.739,0.00
0.26907,0.406,2.739,0.00
0.28098,0.403,2.739,0.00
0.29115,0.395,2.740,0.00
0.30146,0.395,2.740,0.00
0.31161,0.388,2.739,0.00
0.32190,0.384,2.738,0.00
0.33207,0.384,2.738,0.00
0.34296,0.384,2.738,0.00
0.35481,0.381,2.735,0.00
0.36497,0.380,2.733,0.00
0.37514,0.380,2.733,0.00
0.38531,0.378,2.726,0.00
0.39548,0.378,2.726,0.00
0.40563,0.378,2.726,0.00
0.41595,0.378,2.723,0.00
0.42624,0.378,2.723,0.00
0.43684,0.376,2.723,0.00
0.44700,0.376,2.721,0.00
0.45717,0.375,2.721,0.00
0.46734,0.375,2.721,0.00
0.47754,0.375,2.721,0.00
0.48771,0.375,2.723,0.00
0.49788,0.375,2.723,0.00
0.50805,0.375,2.723,0.00
0.51888,0.376,2.722,0.00
0.52903,0.376,2.719,0.00
0.54149,0.376,2.719,0.00
0.55172,0.370,2.713,0.00
0.56217,0.370,2.713,0.00
0.57233,0.368,2.706,0.00
0.58291,0.371,2.706,0.00
0.59308,0.371,2.704,0.00
0.60324,0.371,2.704,0.00
0.61340,0.371,2.704,0.00
0.62356,0.388,2.703,0.00
0.63420,0.388,2.702,0.00
0.64452,0.405,2.702,0.00
0.65488,0.405,2.701,0.00
0.66505,0.424,2.701,0.00
0.67521,0.424,2.701,0.00
0.68537,0.437,2.705,0.00
0.69553,0.437,2.705,0.00
0.70569,0.448,2.709,0.00
0.71618,0.448,2.709,0.00
0.72635,0.454,2.710,0.00
0.73650,0.461,2.710,0.00
0.74692,0.461,2.711,0.00
0.75781,0.461,2.711,0.00
0.76800,0.471,2.711,0.00
0.77854,0.482,2.725,0.00
0.78869,0.482,2.725,0.00
0.79885,0.482,2.725,0.00
0.80902,0.485,2.729,0.00
0.81930,0.485,2.729,0.00
0.82946,0.486,2.738,0.00
0.83962,0.486,2.746,0.00
0.84984,0.486,2.746,0.00
0.86002,0.486,2.746,0.00
0.87014,0.485,2.751,0.00
0.88030,0.483,2.766,0.00
0.89051,0.483,2.766,0.00
0.90066,0.483,2.766,0.00
0.91084,0.477,2.785,0.00
0.92127,0.467,2.805,0.00
0.93143,0.467,2.805,0.00
0.94158,0.461,2.823,0.00
0.95178,0.461,2.823,0.00
0.96255,0.461,2.823,0.00
0.97284,0.454,2.841,0.00
0.98336,0.454,2.864,0.00
0.99354,0.448,2.864,0.00
1.00370,0.448,2.864,0.00
1.01390,0.438,2.889,0.00
1.02405,0.429,2.908,0.00
1.03422,0.429,2.908,0.00
1.04438,0.419,2.928,0.00
1.05458,0.419,2.928,0.00
1.06492,0.408,2.944,0.00
1.07634,0.408,2.944,0.00
1.08786,0.404,2.964,0.00
1.09801,0.404,2.964,0.00
1.10816,0.405,2.983,0.00
1.11915,0.405,2.983,0.00
1.12933,0.401,2.998,0.00
1.14077,0.401,2.998,0.00
1.15101,0.397,3.005,0.00
1.16126,0.397,3.005,0.00
1.17146,0.401,3.009,0.00
1.18171,0.401,3.009,0.00
1.19204,0.404,3.012,0.00
1.20217,0.412,3.012,0.00
1.21235,0.412,3.012,0.00
1.22263,0.420,3.011,0.00
1.23315,0.420,3.011,0.00
1.24326,0.423,3.005,0.00
1.25370,0.423,3.005,0.00
1.26386,0.423,3.005,0.00
1.27400,0.423,3.005,0.00
1.28415,0.437,2.992,0.00
1.29430,0.437,2.992,0.00
1.30445,0.441,2.992,0.00
1.31461,0.441,2.989,0.00
1.32496,0.442,2.985,0.00
1.33512,0.442,2.985,0.00
1.34528,0.446,2.983,0.00
1.35548,0.446,2.983,0.00
1.36571,0.457,2.983,0.00
1.37657,0.457,2.996,0.00
1.38699,0.476,2.996,0.00
1.39723,0.476,3.009,0.00
1.40738,0.500,3.009,0.00
1.41754,0.500,3.009,0.00
1.42770,0.524,3.018,0.00
1.43792,0.524,3.033,0.00
1.44812,0.545,3.033,0.00
1.45827,0.545,3.033,0.00
1.46856,0.566,3.047,0.00
1.47875,0.566,3.047,0.00
1.48890,0.585,3.053,0.00
1.49905,0.599,3.057,0.00
1.50926,0.599,3.057,0.00
1.51956,0.603,3.069,0.00
1.52987,0.603,3.069,0.00
1.53998,0.603,3.069,0.00
1.55014,0.603,3.069,0.00
1.56150,0.598,3.085,0.00
1.57166,0.585,3.101,0.00
1.58182,0.585,3.101,0.00
1.59198,0.574,3.121,0.00
1.60213,0.560,3.146,0.00
1.61235,0.560,3.146,0.00
1.62278,0.543,3.146,0.00
1.63317,0.543,3.171,0.00
1.64338,0.543,3.171,0.00
1.65353,0.521,3.196,0.00
1.66390,0.521,3.228,0.00
1.67456,0.491,3.228,0.00
1.68476,0.491,3.264,0.00
1.69492,0.459,3.264,0.00
1.70507,0.439,3.294,0.00
1.71523,0.439,3.294,0.00
1.72539,0.418,3.322,0.00
1.73566,0.418,3.322,0.00
1.74601,0.418,3.341,0.00
1.75633,0.396,3.341,0.00
1.76649,0.374,3.341,0.00
1.77665,0.374,3.349,0.00
1.78768,0.374,3.349,0.00
1.79785,0.343,3.348,0.00
1.80801,0.343,3.344,0.00
1.81816,0.343,3.344,0.00
1.82888,0.340,3.336,0.00
1.83907,0.343,3.318,0.00
1.84937,0.343,3.318,0.00
1.86038,0.350,3.293,0.00
1.87067,0.350,3.293,0.00
1.88082,0.356,3.262,0.00
1.89097,0.356,3.262,0.00
1.90112,0.353,3.223,0.00
1.91127,0.353,3.223,0.00
1.92143,0.340,3.183,0.00
1.93171,0.340,3.183,0.00
1.94187,0.328,3.140,0.00
1.95201,0.328,3.140,0.00
1.96230,0.328,3.140,0.00
1.97259,0.321,3.090,0.00
1.98275,0.315,3.032,0.00
1.99307,0.315,3.032,0.00
2.00322,0.315,2.976,0.00
2.01392,0.315,2.976,0.00
2.02458,0.316,2.925,0.00
2.03491,0.316,2.925,0.00
2.04498,0.320,2.875,0.00
2.05512,0.320,2.875,0.00
2.06531,0.320,2.875,0.00
2.07567,0.324,2.838,0.00
2.08582,0.328,2.804,0.00
2.09600,0.328,2.804,0.00
2.10625,0.334,2.771,0.00
2.11643,0.337,2.753,0.00
2.12685,0.337,2.753,0.00
2.13746,0.337,2.753,0.00
2.14740,0.333,2.748,0.00
2.15764,0.333,2.748,0.00
2.16779,0.324,2.744,0.00
2.17797,0.316,2.743,0.00
2.18816,0.316,2.743,0.00
2.19832,0.316,2.743,0.00
2.20849,0.308,2.747,0.00
2.21865,0.303,2.750,0.00
2.22881,0.303,2.750,0.00
2.23897,0.298,2.749,0.00
2.24913,0.298,2.749,0.00
2.25928,0.298,2.746,0.00
2.26948,0.288,2.746,0.00
2.27965,0.288,2.746,0.00
2.28982,0.270,2.746,0.00
2.29998,0.249,2.746,0.00
2.31035,0.249,2.743,0.00
2.32051,0.222,2.743,0.00
2.33077,0.222,2.743,0.00
2.34100,0.188,2.749,0.00
2.35127,0.188,2.749,0.00
2.36142,0.146,2.749,0.00
2.37173,0.146,2.755,0.00
2.38200,0.097,2.756,0.00
2.39232,0.097,2.756,0.00
2.40288,0.056,2.756,0.00
2.41318,0.056,2.757,0.00
2.42343,0.025,2.757,0.00
2.43391,0.025,2.757,0.00
2.44428,0.009,2.751,0.00
2.45487,0.009,2.751,0.00
2.46505,0.009,2.751,0.00
2.47520,0.003,2.742,0.00
2.48551,0.010,2.729,0.00
2.49573,0.010,2.729,0.00
2.50590,0.028,2.715,0.00
2.51606,0.049,2.703,0.00
2.52622,0.049,2.703,0.00
2.53639,0.049,2.703,0.00
2.54655,0.049,2.703,0.00
2.55706,0.049,2.703,0.00
2.56721,0.070,2.703,0.00
2.57736,0.070,2.686,0.00
2.58940,0.109,2.638,0.00
2.59959,0.109,2.638,0.00
2.60975,0.109,2.638,0.00
2.62006,0.122,2.599,0.00
2.63022,0.132,2.554,0.00
2.64037,0.132,2.554,0.00
2.65052,0.132,2.554,0.00
2.66068,0.147,2.498,0.00
2.67089,0.147,2.498,0.00
2.68105,0.147,2.498,0.00
2.69121,0.147,2.498,0.00
2.70138,0.163,2.435,0.00
2.71154,0.183,2.385,0.00
2.72178,0.200,2.335,0.00
2.73195,0.214,2.292,0.00
2.74217,0.214,2.292,0.00
2.75239,0.225,2.262,0.00
2.76255,0.235,2.240,0.00
2.77319,0.235,2.240,0.00
2.78378,0.243,2.226,0.00
2.79574,0.243,2.226,0.00
2.80644,0.244,2.223,0.00
2.81661,0.244,2.223,0.00
2.82695,0.245,2.233,0.00
2.83711,0.250,2.254,0.00
2.84728,0.250,2.254,0.00
2.85743,0.250,2.254,0.00
2.86760,0.261,2.281,0.00
2.87798,0.271,2.315,0.00
2.88814,0.271,2.315,0.00
2.89836,0.271,2.315,0.00
2.90885,0.271,2.315,0.00
2.91924,0.276,2.353,0.00
2.92955,0.274,2.395,0.00
2.94024,0.274,2.436,0.00
2.95040,0.276,2.436,0.00
2.96084,0.276,2.436,0.00
2.97102,0.281,2.473,0.00
2.98118,0.281,2.473,0.00
2.99134,0.284,2.508,0.00
3.00150,0.284,2.534,0.00
3.01193,0.279,2.534,0.00
3.02293,0.279,2.534,0.00
3.03374,0.270,2.559,0.00
3.04396,0.267,2.580,0.00
3.05423,0.267,2.580,0.00
3.06439,0.267,2.580,0.00
3.07476,0.267,2.580,0.00
3.08491,0.267,2.580,0.00
3.09506,0.267,2.580,0.00
3.10523,0.267,2.580,0.00
3.11544,0.267,2.580,0.00
3.12569,0.267,2.580,0.00
3.13589,0.269,2.600,0.00
3.14619,0.276,2.617,0.00
3.15635,0.285,2.633,0.00
3.16651,0.304,2.661,0.00
3.17673,0.306,2.675,0.00
3.18689,0.304,2.687,0.00
3.19705,0.304,2.687,0.00
3.20724,0.301,2.695,0.00
3.21878,0.301,2.695,0.00
3.22899,0.300,2.701,0.00
3.23927,0.304,2.710,0.00
3.24957,0.304,2.710,0.00
3.25972,0.304,2.710,0.00
3.26988,0.305,2.710,0.00
3.28005,0.305,2.717,0.00
3.29019,0.307,2.719,0.00
3.30079,0.305,2.729,0.00
3.31150,0.305,2.729,0.00
3.32165,0.304,2.729,0.00
3.33187,0.304,2.742,0.00
3.34213,0.302,2.749,0.00
3.35271,0.302,2.749,0.00
3.36356,0.302,2.758,0.00
3.37390,0.302,2.758,0.00
3.38412,0.302,2.758,0.00
3.39440,0.300,2.770,0.00
3.40448,0.298,2.782,0.00
3.41478,0.298,2.782,0.00
3.42493,0.293,2.790,0.00
3.43508,0.293,2.790,0.00
3.44524,0.293,2.790,0.00
3.45540,0.293,2.799,0.00
3.46597,0.287,2.799,0.00
3.47618,0.283,2.812,0.00
3.48634,0.278,2.820,0.00
3.49650,0.278,2.820,0.00
3.50666,0.278,2.820,0.00
3.51682,0.278,2.820,0.00
3.52714,0.278,2.820,0.00
3.53735,0.278,2.820,0.00
3.54752,0.273,2.829,0.00
3.55774,0.274,2.841,0.00
3.56790,0.274,2.852,0.00
3.57806,0.274,2.852,0.00
3.58822,0.274,2.852,0.00
3.59859,0.271,2.866,0.00
3.60971,0.271,2.866,0.00
3.61987,0.264,2.892,0.00
3.63030,0.264,2.892,0.00
3.64075,0.262,2.901,0.00
3.65100,0.250,2.901,0.00
3.66115,0.238,2.912,0.00
3.67417,0.238,2.912,0.00
3.68456,0.231,2.920,0.00
3.69479,0.231,2.920,0.00
3.70496,0.231,2.920,0.00
3.71516,0.231,2.924,0.00
3.72530,0.235,2.926,0.00
3.73544,0.235,2.926,0.00
3.74559,0.241,2.925,0.00
3.75594,0.241,2.925,0.00
3.76625,0.246,2.926,0.00
3.77766,0.246,2.926,0.00
3.78804,0.249,2.927,0.00
3.79847,0.249,2.927,0.00
3.80870,0.252,2.930,0.00
3.81907,0.252,2.930,0.00
3.82944,0.252,2.930,0.00
3.83986,0.252,2.930,0.00
3.85035,0.258,2.930,0.00
3.86046,0.267,2.933,0.00
3.87063,0.278,2.928,0.00
3.88119,0.278,2.928,0.00
3.89134,0.292,2.931,0.00
3.90155,0.305,2.932,0.00
3.91207,0.305,2.932,0.00
3.92224,0.313,2.930,0.00
3.93242,0.313,2.930,0.00
3.94258,0.322,2.933,0.00
3.95295,0.322,2.933,0.00
3.96312,0.337,2.928,0.00
3.97332,0.337,2.928,0.00
3.98449,0.357,2.921,0.00
3.99502,0.357,2.921,0.00
4.00518,0.376,2.920,0.00
4.01561,0.393,2.925,0.00
4.02571,0.393,2.925,0.00
4.03601,0.393,2.925,0.00
4.04608,0.411,2.924,0.00
4.05653,0.411,2.924,0.00
4.06674,0.430,2.925,0.00
4.07712,0.451,2.925,0.00
4.08729,0.451,2.930,0.00
4.09745,0.451,2.930,0.00
4.10761,0.470,2.937,0.00
4.11775,0.493,2.944,0.00
4.12790,0.493,2.944,0.00
4.13817,0.518,2.956,0.00
4.14850,0.518,2.956,0.00
4.15952,0.548,2.966,0.00
4.16999,0.548,2.966,0.00
4.18015,0.548,2.966,0.00
4.19031,0.577,2.975,0.00
4.20046,0.577,2.975,0.00
4.21116,0.604,2.988,0.00
4.22130,0.604,2.988,0.00
4.23146,0.630,3.004,0.00
4.24163,0.653,3.016,0.00
4.25181,0.653,3.016,0.00
4.26206,0.671,3.025,0.00
4.27222,0.671,3.025,0.00
4.28249,0.671,3.025,0.00
4.29264,0.682,3.039,0.00
4.30290,0.682,3.057,0.00
4.31346,0.697,3.057,0.00
4.32353,0.716,3.078,0.00
4.33419,0.716,3.078,0.00
4.34435,0.716,3.078,0.00
4.35458,0.716,3.078,0.00
4.36511,0.716,3.078,0.00
4.37549,0.735,3.120,0.00
4.38580,0.750,3.120,0.00
4.39596,0.766,3.140,0.00
4.40611,0.780,3.163,0.00
4.41667,0.780,3.163,0.00
4.42693,0.789,3.187,0.00
4.43709,0.789,3.187,0.00
4.44723,0.789,3.187,0.00
4.45750,0.789,3.215,0.00
4.46766,0.789,3.240,0.00
4.47781,0.790,3.261,0.00
4.48800,0.790,3.261,0.00
4.49816,0.790,3.261,0.00
4.50833,0.790,3.261,0.00
4.51849,0.790,3.261,0.00
4.52865,0.790,3.282,0.00
4.53887,0.787,3.309,0.00
4.54903,0.787,3.309,0.00
4.55939,0.787,3.309,0.00
4.56966,0.787,3.309,0.00
4.58002,0.782,3.329,0.00
4.59022,0.782,3.329,0.00
4.60043,0.782,3.329,0.00
4.61122,0.782,3.329,0.00
4.62138,0.774,3.346,0.00
4.63154,0.765,3.371,0.00
4.64168,0.765,3.371,0.00
4.65184,0.765,3.371,0.00
4.66199,0.765,3.371,0.00
4.67214,0.765,3.371,0.00
4.68381,0.762,3.393,0.00
4.69397,0.750,3.421,0.00
4.70417,0.750,3.421,0.00
4.71430,0.741,3.434,0.00
4.72454,0.741,3.434,0.00
4.73506,0.741,3.434,0.00
4.74523,0.741,3.434,0.00
4.75547,0.726,3.442,0.00
4.76579,0.711,3.445,0.00
4.77594,0.698,3.447,0.00
4.78637,0.691,3.448,0.00
4.79652,0.684,3.444,0.00
4.80678,0.683,3.441,0.00
4.81694,0.683,3.441,0.00
4.82711,0.687,3.434,0.00
4.83732,0.687,3.434,0.00
4.84747,0.690,3.428,0.00
4.85764,0.690,3.428,0.00
4.86785,0.690,3.423,0.00
4.87800,0.690,3.412,0.00
4.88816,0.694,3.412,0.00
4.89843,0.694,3.412,0.00
4.90876,0.696,3.397,0.00
4.91914,0.696,3.380,0.00
4.92948,0.696,3.380,0.00
4.93983,0.696,3.380,0.00
4.95000,0.689,3.380,0.00
4.96017,0.682,3.364,0.00
4.97033,0.682,3.347,0.00
4.98067,0.683,3.329,0.00
4.99087,0.683,3.329,0.00
5.00108,0.683,3.329,0.00
5.01139,0.688,3.313,0.00
5.02159,0.688,3.302,0.00
5.03175,0.694,3.302,0.00
5.04207,0.694,3.302,0.00
5.05222,0.694,3.293,0.00
5.06257,0.701,3.293,0.00
5.07282,0.701,3.287,0.00
5.08298,0.699,3.285,0.00
5.09317,0.699,3.285,0.00
5.10430,0.690,3.283,0.00
5.11467,0.690,3.283,0.00
5.12507,0.685,3.283,0.00
5.13544,0.685,3.283,0.00
5.14595,0.678,3.283,0.00
5.15619,0.678,3.283,0.00
5.16657,0.667,3.280,0.00
5.17688,0.667,3.280,0.00
5.18719,0.667,3.280,0.00
5.19735,0.660,3.279,0.00
5.20750,0.651,3.279,0.00
5.21767,0.642,3.275,0.00
5.22782,0.642,3.270,0.00
5.23803,0.642,3.270,0.00
5.24820,0.642,3.269,0.00
5.25836,0.634,3.269,0.00
5.26878,0.634,3.269,0.00
5.27899,0.629,3.268,0.00
5.28915,0.628,3.261,0.00
5.29939,0.628,3.261,0.00
5.30955,0.628,3.257,0.00
5.31975,0.624,3.257,0.00
5.32991,0.624,3.252,0.00
5.34017,0.624,3.252,0.00
5.35051,0.616,3.247,0.00
5.36067,0.616,3.247,0.00
5.37089,0.607,3.241,0.00
5.38107,0.602,3.241,0.00
5.39126,0.602,3.235,0.00
5.40161,0.597,3.222,0.00
5.41179,0.597,3.222,0.00
5.42197,0.597,3.222,0.00
5.43221,0.597,3.212,0.00
5.44246,0.596,3.201,0.00
5.45272,0.596,3.201,0.00
5.46287,0.592,3.190,0.00
5.47303,0.592,3.190,0.00
5.48319,0.592,3.190,0.00
5.49336,0.592,3.190,0.00
5.50353,0.592,3.190,0.00
5.51378,0.592,3.190,0.00
5.52393,0.578,3.169,0.00
5.53419,0.574,3.163,0.00
5.54436,0.567,3.155,0.00
5.55462,0.567,3.155,0.00
5.56480,0.562,3.144,0.00
5.57510,0.554,3.134,0.00
5.58545,0.554,3.134,0.00
5.59565,0.546,3.134,0.00
5.60596,0.546,3.128,0.00
5.61620,0.546,3.128,0.00
5.62637,0.537,3.120,0.00
5.63663,0.537,3.120,0.00
5.64688,0.525,3.113,0.00
5.65705,0.525,3.113,0.00
5.66721,0.520,3.106,0.00
5.67745,0.523,3.106,0.00
5.68761,0.523,3.103,0.00
5.69778,0.528,3.105,0.00
5.70793,0.528,3.105,0.00
5.71812,0.528,3.105,0.00
5.72829,0.532,3.112,0.00
5.73844,0.532,3.112,0.00
5.74904,0.535,3.117,0.00
5.75921,0.524,3.122,0.00
5.76936,0.524,3.122,0.00
5.77952,0.524,3.125,0.00
5.78966,0.502,3.125,0.00
5.79981,0.502,3.126,0.00
5.80996,0.481,3.126,0.00
5.82013,0.467,3.129,0.00
5.83055,0.467,3.129,0.00
5.84120,0.467,3.129,0.00
5.85152,0.467,3.128,0.00
5.86169,0.476,3.128,0.00
5.87256,0.476,3.131,0.00
5.88255,0.483,3.135,0.00
5.89270,0.483,3.135,0.00
5.90286,0.490,3.136,0.00
5.91312,0.490,3.136,0.00
5.92328,0.500,3.143,0.00
5.93366,0.500,3.143,0.00
5.94390,0.506,3.143,0.00
5.95408,0.506,3.153,0.00
5.96445,0.506,3.160,0.00
5.97489,0.506,3.160,0.00
5.98506,0.506,3.169,0.00
5.99537,0.497,3.169,0.00
6.00553,0.478,3.185,0.00
6.01568,0.478,3.185,0.00
6.02646,0.456,3.199,0.00
6.03671,0.456,3.199,0.00
6.04679,0.440,3.195,0.00
6.05694,0.440,3.195,0.00
6.06709,0.439,3.169,0.00
6.07724,0.439,3.169,0.00
6.08739,0.446,3.127,0.00
6.09759,0.450,3.082,0.00
6.10792,0.450,3.082,0.00
6.11809,0.456,3.082,0.00
6.12825,0.456,3.047,0.00
6.13842,0.456,3.047,0.00
6.14861,0.456,3.039,0.00
6.15882,0.467,3.039,0.00
6.16908,0.470,3.048,0.00
6.17926,0.464,3.064,0.00
6.18942,0.464,3.064,0.00
6.19958,0.456,3.088,0.00
6.20991,0.456,3.088,0.00
6.22030,0.453,3.122,0.00
6.23045,0.453,3.122,0.00
6.24061,0.456,3.142,0.00
6.25089,0.456,3.142,0.00
6.26105,0.464,3.150,0.00
6.27126,0.464,3.150,0.00
6.28141,0.476,3.148,0.00
6.29155,0.476,3.148,0.00
6.30171,0.489,3.136,0.00
6.31201,0.489,3.136,0.00
6.32217,0.508,3.114,0.00
6.33258,0.508,3.114,0.00
6.34264,0.537,3.093,0.00
6.35295,0.537,3.093,0.00
6.36317,0.585,3.079,0.00
6.37371,0.585,3.079,0.00
6.38403,0.654,3.073,0.00
6.39419,0.654,3.073,0.00
6.40438,0.736,3.076,0.00
6.41486,0.736,3.076,0.00
6.42475,0.817,3.083,0.00
6.43490,0.817,3.083,0.00
6.44506,0.881,3.091,0.00
6.45523,0.881,3.091,0.00
6.46539,0.930,3.100,0.00
6.47567,0.930,3.100,0.00
6.48574,0.969,3.109,0.00
6.49593,0.969,3.109,0.00
6.50607,0.994,3.113,0.00
6.51625,0.994,3.113,0.00
6.52644,1.007,3.116,0.00
6.53659,1.007,3.116,0.00
6.54675,1.007,3.128,0.00
6.55690,0.996,3.128,0.00
6.56704,0.996,3.140,0.00
6.57738,0.996,3.140,0.00
6.58761,1.026,3.158,0.00
6.59780,1.026,3.158,0.00
6.60795,1.079,3.192,0.00
6.61810,1.362,3.192,0.00
6.62838,1.362,3.237,0.00
6.63855,1.362,3.237,0.00
6.64870,1.362,3.291,0.00
6.65887,2.194,3.291,0.00
6.66903,2.856,3.365,0.00
6.67919,2.856,3.365,0.00
6.68935,3.640,3.454,0.00
6.69973,4.621,3.554,0.00
6.70990,4.621,3.554,0.00
6.72087,5.809,3.634,0.00
6.73106,5.809,3.634,0.00
6.74122,5.809,3.634,0.00
6.75139,7.460,3.710,0.00
6.76157,7.460,3.710,0.00
6.77172,7.460,3.710,0.00
6.78189,7.460,3.710,0.00
6.79211,11.600,3.801,0.00
6.80362,11.600,3.801,0.00
6.81419,11.600,3.801,0.00
6.82438,14.053,3.823,0.00
6.83532,16.774,3.834,10.50
6.84562,19.745,3.831,10.50
6.85669,19.745,3.831,10.50
6.88365,19.745,3.823,10.50
6.89403,25.765,3.823,10.50
6.92055,31.520,3.823,10.50
6.93086,31.520,3.821,10.50
6.94712,34.071,3.821,10.50
6.95748,34.071,3.828,10.50
6.98032,36.327,3.837,11.00
6.99058,38.334,3.834,11.00
7.01782,41.199,3.823,11.00
7.02802,41.199,3.807,11.00
7.04276,41.199,3.807,11.00
7.05340,42.206,3.799,11.00
7.06364,42.761,3.791,11.00
7.07585,42.761,3.791,11.50
7.08602,42.800,3.780,11.50
7.09635,42.800,3.780,11.50
7.10833,42.399,3.766,11.50
7.11852,42.399,3.743,11.50
7.12873,41.781,3.743,11.50
7.15539,40.761,3.743,12.00
7.16558,39.395,3.639,12.00
7.18744,37.978,3.578,13.00
7.19762,37.978,3.578,13.00
7.21933,33.857,3.438,13.50
7.22967,33.857,3.438,13.50
7.25117,31.267,3.325,14.50
7.26146,28.715,3.253,14.50
7.27194,28.715,3.253,14.50
7.28405,28.715,3.253,15.50
7.29423,25.984,3.226,15.50
7.30439,23.104,3.227,15.50
7.31503,23.104,3.227,16.50
7.32519,23.104,3.227,16.50
7.33563,20.332,3.281,16.50
7.34578,17.322,3.399,16.50
7.36340,13.980,3.526,17.50
7.37393,10.939,3.526,17.50
7.39563,10.939,3.659,18.00
7.40582,8.126,3.848,18.00
7.42663,8.126,3.848,18.50
7.43682,5.428,4.056,18.50
7.46104,3.261,4.241,19.00
7.47191,1.654,4.425,19.00
7.49218,0.378,4.577,19.50
7.50254,-0.312,4.743,19.50
7.51294,-0.312,4.743,19.50
7.52340,-0.271,4.743,20.00
7.53373,-0.143,4.911,20.00
7.54420,-0.143,5.097,20.00
7.55630,-0.143,5.097,20.00
7.56646,0.067,5.288,20.00
7.57703,0.067,5.288,20.00
7.58741,0.673,5.470,20.00
7.59765,1.373,5.470,20.00
7.60780,1.373,5.663,20.00
7.61943,1.888,5.880,20.50
7.62986,1.888,5.880,20.50
7.64001,2.189,6.187,20.50
7.66821,2.233,6.557,20.50
7.67849,2.233,6.557,20.50
7.69927,2.125,7.081,20.50
7.71020,1.981,7.594,20.50
7.73262,1.883,8.131,20.50
7.74279,1.879,8.791,20.50
7.76302,2.006,8.791,20.50
7.77343,2.006,9.476,20.50
7.78361,2.006,9.476,20.50
7.79491,2.006,9.476,20.50
7.80510,2.006,9.476,20.50
7.81527,2.181,10.365,20.50
7.83157,2.376,10.365,20.50
7.84195,2.376,11.444,20.50
7.85896,2.587,12.544,20.50
7.86942,2.720,15.079,20.50
7.87958,2.633,16.345,20.50
7.89123,2.633,16.345,20.50
7.90140,2.512,16.345,20.50
7.91177,2.512,17.639,20.50
7.92261,2.384,18.960,20.50
7.94066,2.384,18.960,20.50
7.95088,2.188,20.351,20.50
7.97064,2.188,20.351,20.50
7.98088,1.754,23.261,20.50
8.00358,1.508,25.029,20.50
8.01379,1.508,25.029,20.50
8.02414,1.227,26.630,20.50
8.03591,1.227,26.630,20.50
8.04629,0.963,28.220,20.50
8.05667,0.963,28.220,20.50
8.06703,0.710,29.774,0.00
8.07728,0.710,29.774,0.00
8.08761,0.470,31.286,0.00
8.09793,0.268,32.547,0.00
8.10833,0.268,32.547,0.00
8.11889,0.268,32.547,0.00
8.12920,0.100,34.109,0.00
8.13952,-0.059,35.663,0.00
8.14986,-0.059,35.663,0.00
8.16005,-0.059,35.663,0.00
8.17022,-0.162,37.298,0.00
8.18039,-0.186,37.298,0.00
8.19066,-0.186,38.713,0.00
8.20109,-0.142,40.074,0.00
8.21129,-0.142,40.074,0.00
8.22174,-0.094,41.396,0.00
8.23217,-0.094,41.396,0.00
8.24236,-0.040,42.717,0.00
8.25260,-0.040,42.717,0.00
8.26316,0.025,43.883,0.00
8.27332,0.025,43.883,0.00
8.28349,0.092,43.883,0.00
8.29374,0.158,44.987,0.00
8.30393,0.158,45.914,0.00
8.31506,0.158,45.914,0.00
8.32522,0.181,46.825,0.00
8.33601,0.181,46.825,0.00
8.34619,0.147,47.483,0.00
8.35798,0.147,47.483,0.00
8.36814,0.088,48.032,0.00
8.37830,0.088,48.032,0.00
8.38846,0.023,48.486,0.00
8.39861,-0.028,48.846,0.00
8.40882,-0.028,48.846,0.00
8.41898,-0.058,48.940,0.00
8.42936,-0.058,48.940,0.00
8.44016,-0.058,48.940,0.00
8.45089,-0.071,48.707,0.00
8.46184,-0.071,48.707,0.00
8.47202,-0.075,48.276,0.00
8.48253,-0.085,47.715,0.00
8.49269,-0.085,47.715,0.00
8.50284,-0.113,47.337,0.00
8.51305,-0.113,47.337,0.00
8.52321,-0.169,46.945,0.00
8.53459,-0.169,46.945,0.00
8.54504,-0.169,46.360,0.00
8.55519,-0.251,46.360,0.00
8.56535,-0.343,45.629,0.00
8.57550,-0.343,45.629,0.00
8.58564,-0.343,45.629,0.00
8.59579,-0.476,44.482,0.00
8.60607,-0.476,44.482,0.00
8.61622,-0.476,44.482,0.00
8.62639,-0.505,44.043,0.00
8.63660,-0.505,44.043,0.00
8.64680,-0.515,43.634,0.00
8.65697,-0.511,43.634,0.00
8.66733,-0.511,43.316,0.00
8.67764,-0.511,42.968,0.00
8.68795,-0.502,42.968,0.00
8.69811,-0.502,42.590,0.00
8.70825,-0.501,42.590,0.00
8.71841,-0.501,42.590,0.00
8.72857,-0.503,42.200,0.00
8.73889,-0.503,42.200,0.00
8.74905,-0.497,41.707,0.00
8.75921,-0.472,41.122,0.00
8.76937,-0.472,41.122,0.00
8.77953,-0.472,40.559,0.00
8.78971,-0.431,40.559,0.00
8.79988,-0.384,39.862,0.00
8.81004,-0.384,39.862,0.00
8.82019,-0.331,39.180,0.00
8.83033,-0.331,39.180,0.00
8.84048,-0.285,38.434,0.00
8.85062,-0.285,38.434,0.00
8.86082,-0.285,38.434,0.00
8.87157,-0.253,37.758,0.00
8.88172,-0.232,37.064,0.00
8.89242,-0.232,37.064,0.00
8.90289,-0.213,36.260,0.00
8.91368,-0.213,36.260,0.00
8.92384,-0.202,35.420,0.00
8.93399,-0.202,35.420,0.00
8.94417,-0.192,34.607,0.00
8.95548,-0.192,34.607,0.00
8.96563,-0.191,33.709,0.00
8.97577,-0.191,32.932,0.00
8.98592,-0.191,32.932,0.00
8.99625,-0.191,32.932,0.00
9.00635,-0.193,32.171,0.00
9.01651,-0.205,32.171,0.00
9.02700,-0.205,31.422,0.00
9.03707,-0.221,31.422,0.00
9.04722,-0.221,30.736,0.00
9.05737,-0.239,30.736,0.00
9.06752,-0.239,30.083,0.00
9.07774,-0.258,29.387,0.00
9.08791,-0.258,29.387,0.00
9.09808,-0.258,28.619,0.00
9.10824,-0.266,28.619,0.00
9.11840,-0.262,27.763,0.00
9.12857,-0.262,27.763,0.00
9.13881,-0.248,27.043,0.00
9.14900,-0.248,27.043,0.00
9.15916,-0.248,27.043,0.00
9.16943,-0.227,26.369,0.00
9.17960,-0.198,25.686,0.00
9.18993,-0.198,25.686,0.00
9.20015,-0.198,24.992,0.00
9.21041,-0.163,24.992,0.00
9.22057,-0.127,24.275,0.00
9.23094,-0.127,24.275,0.00
9.24122,-0.102,23.639,0.00
9.25171,-0.102,23.639,0.00
9.26197,-0.085,22.994,0.00
9.27259,-0.085,22.245,0.00
9.28266,-0.053,22.245,0.00
9.29315,-0.053,22.245,0.00
9.30340,-0.035,21.650,0.00
9.31383,-0.035,21.650,0.00
9.32406,-0.022,21.034,0.00
9.33424,-0.022,21.034,0.00
9.34441,0.001,20.428,0.00
9.35548,0.001,20.428,0.00
9.36582,0.017,19.916,0.00
9.37601,0.010,19.916,0.00
9.38620,0.010,19.407,0.00
9.39639,0.010,19.407,0.00
9.40655,0.002,18.951,0.00
9.41671,-0.009,18.951,0.00
9.42715,-0.009,18.546,0.00
9.43749,-0.010,18.546,0.00
9.44764,-0.010,18.124,0.00
9.45786,-0.010,18.124,0.00
9.46802,-0.001,17.722,0.00
9.47819,0.025,17.371,0.00
9.48845,0.025,17.371,0.00
9.49912,0.057,17.047,0.00
9.50943,0.057,17.047,0.00
9.51948,0.089,16.792,0.00
9.52964,0.089,16.792,0.00
9.53979,0.113,16.471,0.00
9.54995,0.113,16.471,0.00
9.56011,0.136,16.163,0.00
9.57331,0.136,16.163,0.00
9.58741,0.157,15.953,0.00
9.59880,0.175,15.953,0.00
9.61385,0.175,15.736,0.00
9.62948,0.187,15.442,0.00
9.64058,0.187,15.442,0.00
9.66420,0.196,15.206,0.00
9.68280,0.194,14.701,0.00
9.69982,0.188,14.350,0.00
9.71729,0.183,14.350,0.00
9.72751,0.183,14.051,0.00
9.74336,0.190,14.051,0.00
9.75368,0.190,13.784,0.00
9.76413,0.190,13.784,0.00
9.77639,0.196,13.438,0.00
9.79349,0.186,13.009,0.00
9.80500,0.177,12.677,0.00
9.83607,0.161,12.403,0.00
9.85279,0.161,12.138,0.00
9.86827,0.144,11.917,0.00
9.88451,0.144,11.917,0.00
9.89515,0.139,11.917,0.00
9.91212,0.134,11.590,0.00
9.93199,0.129,11.457,0.00
9.94767,0.128,11.307,0.00
9.96088,0.131,11.182,0.00
9.97763,0.131,11.182,0.00
9.99514,0.140,11.077,0.00
10.00667,0.151,11.002,0.00
10.01774,0.158,10.943,0.00
10.05537,0.158,10.891,0.00
10.07325,0.179,10.860,0.00
10.09113,0.182,10.860,0.00
10.10241,0.182,10.860,0.00
10.11348,0.175,10.860,0.00
10.12391,0.175,10.860,0.00
10.14031,0.167,10.889,0.00
10.15507,0.165,10.924,0.00
10.17153,0.162,10.968,0.00
10.19231,0.161,11.007,0.00
10.20955,0.163,11.040,0.00
10.22649,0.172,11.069,0.00
10.24305,0.173,11.104,0.00
10.25403,0.168,11.104,0.00
10.26466,0.168,11.151,0.00
10.28421,0.168,11.151,0.00
10.30114,0.157,11.194,0.00
10.31777,0.142,11.237,0.00
10.32902,0.142,11.237,0.00
10.33936,0.126,11.237,0.00
10.35635,0.124,11.325,0.00
10.37374,0.138,11.367,0.00
10.39115,0.138,11.406,0.00
10.40850,0.135,11.438,0.00
10.43413,0.134,11.460,0.00
10.44641,0.134,11.460,0.00
10.46608,0.126,11.474,0.00
10.47702,0.119,11.486,0.00
10.48758,0.119,11.497,0.00
10.50366,0.093,11.511,0.00
10.52060,0.093,11.511,0.00
10.53272,0.093,11.511,0.00
10.54967,0.038,11.521,0.00
10.56094,0.038,11.521,0.00
10.62061,0.036,11.515,0.00
10.63095,0.052,11.436,0.00
10.69449,0.024,11.300,0.00
10.70482,0.007,11.254,0.00
10.71509,0.007,11.254,0.00
10.72553,-0.164,-0.221,0.00
10.73581,-0.164,-0.221,0.00
10.74617,-0.171,-0.260,0.00
10.75633,-0.179,-0.295,0.00
10.76648,-0.179,-0.295,0.00
10.77664,-0.186,-0.337,0.00
10.78689,-0.186,-0.337,0.00
10.79707,-0.186,-0.337,0.00
10.80765,-0.188,-0.392,0.00
10.81802,-0.188,-0.451,0.00
10.82851,-0.186,-0.451,0.00
10.83892,-0.186,-0.451,0.00
10.84908,-0.189,-0.507,0.00
10.85942,-0.189,-0.507,0.00
10.86992,-0.194,-0.559,0.00
10.88030,-0.202,-0.613,0.00
10.89097,-0.202,-0.613,0.00
10.90114,-0.202,-0.613,0.00
10.91129,-0.214,-0.669,0.00
10.92146,-0.227,-0.707,0.00
10.93162,-0.227,-0.707,0.00
10.94199,-0.240,-0.740,0.00
10.95232,-0.240,-0.740,0.00
10.96311,-0.249,-0.774,0.00
10.97327,-0.249,-0.774,0.00
10.98344,-0.256,-0.816,0.00
10.99371,-0.256,-0.816,0.00
11.00414,-0.258,-0.843,0.00
11.01434,-0.258,-0.843,0.00
11.02482,-0.263,-0.854,0.00
11.03498,-0.263,-0.854,0.00
11.04518,-0.268,-0.859,0.00
11.05552,-0.273,-0.859,0.00
11.06584,-0.273,-0.859,0.00
11.07625,-0.273,-0.859,0.00
11.08641,-0.270,-0.860,0.00
11.09657,-0.270,-0.860,0.00
11.10683,-0.263,-0.855,0.00
11.11699,-0.263,-0.855,0.00
11.12714,-0.251,-0.853,0.00
11.13731,-0.251,-0.853,0.00
11.14777,-0.231,-0.857,0.00
11.15898,-0.210,-0.865,0.00
11.16912,-0.210,-0.865,0.00
11.17929,-0.188,-0.865,0.00
11.18957,-0.188,-0.877,0.00
11.19972,-0.166,-0.877,0.00
11.20986,-0.166,-0.896,0.00
11.22002,-0.151,-0.896,0.00
11.23277,-0.151,-0.907,0.00
11.24322,-0.140,-0.918,0.00
11.25337,-0.140,-0.918,0.00
11.26368,-0.140,-0.928,0.00
11.27383,-0.140,-0.928,0.00
11.28400,-0.135,-0.939,0.00
11.29429,-0.135,-0.939,0.00
11.30441,-0.135,-0.951,0.00
11.31478,-0.135,-0.963,0.00
11.32483,-0.136,-0.963,0.00
11.33603,-0.136,-0.963,0.00
11.34625,-0.149,-0.971,0.00
11.35641,-0.149,-0.973,0.00
11.36656,-0.157,-0.973,0.00
11.37675,-0.179,-0.971,0.00
11.38691,-0.179,-0.971,0.00
11.39819,-0.179,-0.971,0.00
11.40835,-0.195,-0.969,0.00
11.41866,-0.217,-0.965,0.00
11.42881,-0.217,-0.965,0.00
11.43916,-0.240,-0.964,0.00
11.44947,-0.240,-0.964,0.00
11.45971,-0.259,-0.976,0.00
11.46987,-0.259,-0.976,0.00
11.48005,-0.278,-0.998,0.00
11.49034,-0.278,-0.998,0.00
11.50050,-0.294,-1.030,0.00
11.51065,-0.294,-1.030,0.00
11.52085,-0.294,-1.030,0.00
11.53101,-0.303,-1.073,0.00
11.54123,-0.304,-1.129,0.00
11.55167,-0.304,-1.129,0.00
11.56200,-0.305,-1.200,0.00
11.57226,-0.305,-1.200,0.00
11.58252,-0.307,-1.264,0.00
11.59307,-0.307,-1.264,0.00
11.60333,-0.301,-1.335,0.00
11.61348,-0.294,-1.412,0.00
11.62376,-0.294,-1.412,0.00
11.63399,-0.294,-1.412,0.00
11.64415,-0.294,-1.485,0.00
11.65435,-0.288,-1.485,0.00
11.66451,-0.280,-1.560,0.00
11.67466,-0.280,-1.636,0.00
11.68482,-0.269,-1.636,0.00
11.69497,-0.269,-1.713,0.00
11.70543,-0.257,-1.713,0.00
11.71561,-0.257,-1.713,0.00
11.72574,-0.244,-1.781,0.00
11.73589,-0.229,-1.833,0.00
11.74603,-0.229,-1.833,0.00
11.75719,-0.229,-1.874,0.00
11.76737,-0.212,-1.874,0.00
11.77767,-0.212,-1.874,0.00
11.78782,-0.190,-1.903,0.00
11.79798,-0.166,-1.903,0.00
11.80813,-0.166,-1.909,0.00
11.81857,-0.142,-1.905,0.00
11.82895,-0.142,-1.905,0.00
11.83920,-0.142,-1.897,0.00
11.84949,-0.115,-1.897,0.00
11.85983,-0.115,-1.897,0.00
11.86999,-0.058,-1.878,0.00
11.88016,0.069,-1.843,0.00
11.89035,0.069,-1.843,0.00
11.90099,0.302,-1.808,0.00
11.91127,0.302,-1.808,0.00
11.92143,0.907,-1.776,0.00
11.93181,0.907,-1.776,0.00
11.94191,2.157,-1.740,0.00
11.95213,2.157,-1.740,0.00
11.96228,3.450,-1.691,0.00
11.97281,3.450,-1.691,0.00
11.98308,4.880,-1.633,0.00
11.99403,4.880,-1.633,0.00
12.00436,6.588,-1.569,0.00
12.01557,6.588,-1.569,0.00
12.02572,8.721,-1.500,0.00
12.03593,8.721,-1.500,0.00
12.05049,11.300,-1.420,0.00
12.06067,14.508,-1.353,0.00
12.07088,14.508,-1.353,0.00
12.08323,18.213,-1.292,10.50
12.09355,18.213,-1.292,10.50
12.10374,22.226,-1.292,10.50
12.11550,22.226,-1.238,10.50
12.12585,26.252,-1.194,10.50
12.13640,26.252,-1.194,10.50
12.16344,33.752,-1.135,10.50
12.17359,33.752,-1.135,10.50
12.19574,36.870,-1.113,10.50
12.20593,39.437,-1.087,10.50
12.22727,41.557,-1.087,10.50
12.23760,43.034,-1.066,10.50
12.24793,43.034,-1.040,10.50
12.26197,43.034,-1.040,10.50
12.27220,44.141,-1.025,10.50
12.28254,45.157,-1.019,10.50
12.29282,45.157,-1.019,11.00
12.30323,45.157,-1.036,11.00
12.31339,45.702,-1.036,11.00
12.32357,45.281,-1.079,11.00
12.33609,43.951,-1.079,11.00
12.34640,43.951,-1.129,11.00
12.35655,41.968,-1.191,11.50
12.36704,41.968,-1.191,11.50
12.37719,41.968,-1.271,11.50
12.38733,39.301,-1.271,12.00
12.39759,39.301,-1.340,12.00
12.40791,36.177,-1.340,12.00
12.43690,36.177,-1.340,12.50
12.44747,29.027,-1.558,12.50
12.46711,29.027,-1.558,14.00
12.47728,25.481,-1.778,14.00
12.49940,21.961,-1.994,15.00
12.50983,18.423,-2.126,15.00
12.53131,15.046,-2.184,16.50
12.54156,11.922,-2.186,16.50
12.55202,11.922,-2.186,16.50
12.56345,8.692,-2.136,18.00
12.57361,8.692,-2.136,18.00
12.58389,5.960,-2.051,18.00
12.59792,5.960,-2.051,19.50
12.60807,3.687,-1.918,19.50
12.61825,1.666,-1.733,19.50
12.62842,1.666,-1.733,21.00
12.64106,1.666,-1.733,21.00
12.65134,0.015,-1.541,21.00
12.66202,-0.954,-1.412,21.50
12.67217,-0.954,-1.412,21.50
12.68250,-1.406,-1.310,21.50
12.70688,-1.475,-1.310,22.50
12.71728,-1.509,-1.205,22.50
12.73912,-1.469,-0.935,23.00
12.74943,-1.469,-0.935,23.00
12.77284,-1.157,-0.782,23.00
12.78302,-0.657,-0.605,23.00
12.80251,-0.657,-0.605,23.00
12.81270,-0.278,-0.400,23.00
12.82286,-0.057,-0.192,23.00
12.83644,-0.057,-0.192,23.50
12.84689,0.051,-0.016,23.50
12.85713,0.092,0.128,23.50
12.86727,0.092,0.128,23.50
12.87752,0.082,0.265,23.50
12.88767,0.082,0.265,23.50
12.89948,0.092,0.412,23.50
12.90977,0.092,0.412,23.50
12.92017,0.180,0.584,23.50
12.93155,0.180,0.584,23.50
12.94174,0.180,0.584,23.50
12.95466,0.337,0.828,23.50
12.96484,0.566,1.198,23.50
12.97500,0.566,1.198,23.50
12.98517,0.829,1.701,23.50
13.01044,0.829,1.701,23.50
13.02067,1.349,3.310,23.50
13.04299,1.469,3.310,23.50
13.05354,1.520,4.360,23.50
13.07607,1.520,5.552,23.50
13.08622,1.557,6.846,23.50
13.10643,1.593,6.846,23.50
13.11728,1.593,9.977,23.50
13.12765,1.603,9.977,23.50
13.14096,1.603,9.977,23.50
13.15112,1.567,11.815,23.50
13.16128,1.484,13.789,23.50
13.17356,1.381,13.789,23.50
13.18372,1.381,16.225,23.50
13.19404,1.381,16.225,23.50
13.20419,1.255,18.358,23.50
13.21583,1.255,18.358,23.50
13.22602,1.134,20.536,23.50
13.25061,1.134,20.536,23.50
13.26104,1.017,22.704,23.50
13.28326,0.893,26.966,23.50
13.29366,0.780,26.966,23.50
13.30402,0.681,28.941,0.00
13.31417,0.681,28.941,0.00
13.32433,0.589,30.857,0.00
13.33449,0.502,30.857,0.00
13.34504,0.502,32.944,0.00
13.35533,0.422,34.774,0.00
13.36549,0.422,34.774,0.00
13.37568,0.364,34.774,0.00
13.38584,0.364,38.364,0.00
13.39614,0.364,38.364,0.00
13.40631,0.325,40.031,0.00
13.41645,0.325,41.512,0.00
13.42660,0.311,41.512,0.00
13.43676,0.311,42.899,0.00
13.44693,0.326,42.899,0.00
13.45710,0.326,44.103,0.00
13.46744,0.346,44.103,0.00
13.47777,0.346,44.103,0.00
13.48824,0.346,44.103,0.00
13.49859,0.346,45.245,0.00
13.50902,0.371,45.245,0.00
13.51950,0.371,45.245,0.00
13.53036,0.371,45.245,0.00
13.54052,0.402,46.874,0.00
13.55101,0.460,47.509,0.00
13.56179,0.481,47.977,0.00
13.57416,0.481,47.977,0.00
13.58435,0.478,48.388,0.00
13.59451,0.478,48.388,0.00
13.60468,0.478,48.748,0.00
13.61486,0.430,48.748,0.00
13.62507,0.341,48.986,0.00
13.63526,0.341,48.986,0.00
13.64542,0.236,48.962,0.00
13.65558,0.236,48.962,0.00
13.66573,0.143,47.822,0.00
13.67589,0.143,47.822,0.00
13.68692,0.071,46.919,0.00
13.69708,0.071,46.919,0.00
13.70724,0.014,46.051,0.00
13.71739,-0.010,45.130,0.00
13.72754,-0.010,45.130,0.00
13.73770,0.003,43.968,0.00
13.74785,0.003,43.968,0.00
13.75802,0.003,43.968,0.00
13.76840,0.019,42.589,0.00
13.77854,0.019,41.063,0.00
13.78903,0.033,41.063,0.00
13.79933,0.033,39.854,0.00
13.80980,0.055,39.854,0.00
13.82010,0.055,39.854,0.00
13.83044,0.055,38.785,0.00
13.84076,0.073,38.785,0.00
13.85093,0.102,37.774,0.00
13.86110,0.131,36.673,0.00
13.87142,0.131,36.673,0.00
13.88159,0.165,35.417,0.00
13.89183,0.165,35.417,0.00
13.90200,0.202,33.945,0.00
13.91219,0.202,33.945,0.00
13.92320,0.202,33.945,0.00
13.93332,0.245,32.546,0.00
13.94349,0.287,31.035,0.00
13.95383,0.287,31.035,0.00
13.96400,0.287,31.035,0.00
13.97490,0.347,29.666,0.00
13.98504,0.421,28.098,0.00
13.99519,0.498,28.098,0.00
14.00535,0.498,26.525,0.00
14.01597,0.498,26.525,0.00
14.02611,0.569,26.525,0.00
14.03626,0.569,24.953,0.00
14.04641,0.611,23.324,0.00
14.05659,0.611,21.646,0.00
14.06692,0.623,21.646,0.00
14.07708,0.623,21.646,0.00
14.08738,0.609,19.957,0.00
14.09771,0.592,17.997,0.00
14.10802,0.592,17.997,0.00
14.11832,0.575,16.144,0.00
14.12874,0.575,16.144,0.00
14.13894,0.561,16.144,0.00
14.14909,0.561,14.252,0.00
14.15924,0.540,12.431,0.00
14.16940,0.540,12.431,0.00
14.17955,0.524,10.804,0.00
14.18973,0.524,10.804,0.00
14.19997,0.506,9.392,0.00
14.21011,0.506,9.392,0.00
14.22026,0.481,8.098,0.00
14.23096,0.481,8.098,0.00
14.24127,0.453,6.929,0.00
14.25286,0.453,6.929,0.00
14.26315,0.422,5.720,0.00
14.27351,0.422,5.720,0.00
14.28386,0.402,4.761,0.00
14.29420,0.402,3.919,0.00
14.30453,0.385,3.919,0.00
14.31587,0.385,3.919,0.00
14.32595,0.369,3.121,0.00
14.33610,0.369,3.121,0.00
14.34624,0.369,3.121,0.00
14.35641,0.350,2.446,0.00
14.36659,0.322,1.762,0.00
14.37685,0.322,1.762,0.00
14.38717,0.286,1.762,0.00
14.39733,0.240,0.797,0.00
14.40750,0.240,0.797,0.00
14.41768,0.240,0.797,0.00
14.42805,0.187,0.368,0.00
14.43821,0.141,0.081,0.00
14.44842,0.141,0.081,0.00
14.45892,0.111,-0.171,0.00
14.46908,0.111,-0.171,0.00
14.47942,0.095,-0.384,0.00
14.48974,0.095,-0.384,0.00
14.50007,0.095,-0.529,0.00
14.51065,0.095,-0.529,0.00
14.52073,0.095,-0.608,0.00
14.53142,0.115,-0.608,0.00
14.54168,0.155,-0.640,0.00
14.55200,0.155,-0.640,0.00
14.56223,0.199,-0.661,0.00
14.57242,0.199,-0.661,0.00
14.58294,0.234,-0.649,0.00
14.59329,0.234,-0.649,0.00
14.60348,0.256,-0.585,0.00
14.61364,0.256,-0.585,0.00
14.62380,0.256,-0.585,0.00
14.63402,0.258,-0.504,0.00
14.64412,0.259,-0.404,0.00
14.65456,0.259,-0.404,0.00
14.66473,0.266,-0.294,0.00
14.67489,0.266,-0.294,0.00
14.68504,0.277,-0.172,0.00
14.69519,0.277,-0.044,0.00
14.70535,0.286,-0.044,0.00
14.71550,0.286,-0.044,0.00
14.72566,0.294,-0.044,0.00
14.73580,0.294,0.079,0.00
14.74616,0.305,0.079,0.00
14.75639,0.305,0.201,0.00
14.76655,0.318,0.336,0.00
14.77686,0.318,0.336,0.00
14.78725,0.318,0.336,0.00
14.79747,0.332,0.454,0.00
14.81355,0.348,0.583,0.00
14.82434,0.348,0.583,0.00
14.83548,0.348,0.583,0.00
14.84708,0.370,0.583,0.00
14.86341,0.370,0.842,0.00
14.87482,0.409,0.958,0.00
14.88621,0.409,0.958,0.00
14.89864,0.430,1.068,0.00
14.91605,0.459,1.167,0.00
14.94296,0.459,1.256,0.00
14.96484,0.507,1.322,0.00
14.98525,0.519,1.420,0.00
14.99643,0.516,1.420,0.00
15.01311,0.516,1.459,0.00
15.02741,0.516,1.492,0.00
15.04018,0.511,1.492,0.00
15.05655,0.516,1.523,0.00
15.07149,0.516,1.553,0.00
15.08388,0.516,1.577,0.00
15.09414,0.519,1.577,0.00
15.10551,0.525,1.598,0.00
15.12109,0.530,1.623,0.00
15.14467,0.537,1.623,0.00
15.15516,0.537,1.646,0.00
15.16571,0.537,1.646,0.00
15.17724,0.537,1.646,0.00
15.18825,0.546,1.646,0.00
15.19939,0.559,1.712,0.00
15.21179,0.572,1.712,0.00
15.22195,0.572,1.712,0.00
15.23766,0.572,1.730,0.00
15.26019,0.582,1.730,0.00
15.29316,0.589,1.751,0.00
15.30337,0.589,1.751,0.00
15.31919,0.597,1.745,0.00
15.32944,0.597,1.745,0.00
15.34216,0.594,1.745,0.00
15.35320,0.594,1.735,0.00
15.36945,0.594,1.725,0.00
15.38057,0.582,1.719,0.00
15.40358,0.536,1.719,0.00
15.42244,0.503,1.721,0.00
15.44857,0.503,1.733,0.00
15.45917,0.477,1.744,0.00
15.47034,0.454,1.744,0.00
15.49100,0.454,1.758,0.00
15.51847,0.428,1.782,0.00
15.52926,0.396,1.782,0.00
15.53941,0.396,1.787,0.00
15.55014,0.385,1.787,0.00
15.56561,0.378,1.787,0.00
15.57606,0.378,1.783,0.00
15.58723,0.369,1.783,0.00
15.60345,0.369,1.773,0.00
15.61526,0.364,1.773,0.00
15.63113,0.358,1.760,0.00
15.64156,0.358,1.750,0.00
15.65213,0.349,1.750,0.00
15.66299,0.338,1.750,0.00
15.67908,0.338,1.719,0.00
15.68976,0.332,1.719,0.00
15.70260,0.332,1.719,0.00
15.71457,0.329,1.702,0.00
15.72781,0.329,1.676,0.00
15.73820,0.319,1.676,0.00
15.74867,0.319,1.646,0.00
15.76027,0.321,1.619,0.00
15.77275,0.323,1.619,0.00
15.78439,0.323,1.597,0.00
15.80109,0.328,1.574,0.00
15.81141,0.328,1.574,0.00
15.86561,0.328,1.512,0.00
15.87603,0.360,1.488,0.00
15.92850,0.375,1.488,0.00
15.93892,0.375,1.453,0.00
15.94911,-0.132,-0.259,0.00
15.95970,-0.128,-0.275,0.00
15.96995,-0.126,-0.287,0.00
15.98011,-0.123,-0.295,0.00
15.99036,-0.123,-0.295,0.00
16.00059,-0.119,-0.301,0.00
16.01091,-0.119,-0.301,0.00
16.02109,-0.119,-0.301,0.00
16.03128,-0.118,-0.306,0.00
16.04144,-0.119,-0.307,0.00
16.05162,-0.119,-0.307,0.00
16.06186,-0.119,-0.307,0.00
16.07244,-0.120,-0.304,0.00
16.08255,-0.124,-0.303,0.00
16.09276,-0.124,-0.303,0.00
16.10292,-0.133,-0.301,0.00
16.11324,-0.133,-0.301,0.00
16.12342,-0.143,-0.297,0.00
16.13358,-0.143,-0.297,0.00
16.14373,-0.150,-0.289,0.00
16.15396,-0.150,-0.289,0.00
16.16411,-0.150,-0.289,0.00
16.17436,-0.153,-0.280,0.00
16.18485,-0.159,-0.271,0.00
16.19500,-0.159,-0.271,0.00
16.20518,-0.167,-0.261,0.00
16.21536,-0.167,-0.261,0.00
16.22552,-0.174,-0.250,0.00
16.23568,-0.174,-0.250,0.00
16.24584,-0.183,-0.238,0.00
16.25601,-0.183,-0.238,0.00
16.26617,-0.183,-0.238,0.00
16.27633,-0.183,-0.238,0.00
16.28660,-0.194,-0.228,0.00
16.29729,-0.205,-0.220,0.00
16.30747,-0.215,-0.214,0.00
16.31771,-0.215,-0.214,0.00
16.32788,-0.228,-0.210,0.00
16.33803,-0.228,-0.210,0.00
16.34819,-0.237,-0.209,0.00
16.35835,-0.237,-0.209,0.00
16.36851,-0.243,-0.209,0.00
16.37882,-0.248,-0.209,0.00
16.38899,-0.248,-0.212,0.00
16.39916,-0.248,-0.212,0.00
16.40932,-0.255,-0.224,0.00
16.41947,-0.260,-0.232,0.00
16.42974,-0.260,-0.232,0.00
16.43990,-0.264,-0.239,0.00
16.45023,-0.264,-0.239,0.00
16.46069,-0.268,-0.248,0.00
16.47150,-0.268,-0.248,0.00
16.48206,-0.273,-0.257,0.00
16.49243,-0.273,-0.257,0.00
16.50260,-0.273,-0.257,0.00
16.51284,-0.279,-0.266,0.00
16.52302,-0.282,-0.275,0.00
16.53318,-0.282,-0.275,0.00
16.54334,-0.281,-0.286,0.00
16.55350,-0.281,-0.286,0.00
16.56366,-0.281,-0.286,0.00
16.57387,-0.277,-0.295,0.00
16.58403,-0.277,-0.302,0.00
16.59419,-0.277,-0.302,0.00
16.60433,-0.278,-0.312,0.00
16.61449,-0.278,-0.312,0.00
16.62500,-0.278,-0.322,0.00
16.63516,-0.278,-0.322,0.00
16.64532,-0.276,-0.330,0.00
16.65548,-0.276,-0.330,0.00
16.66568,-0.276,-0.330,0.00
16.67595,-0.273,-0.338,0.00
16.68611,-0.269,-0.342,0.00
16.69648,-0.269,-0.342,0.00
16.70695,-0.267,-0.348,0.00
16.71723,-0.261,-0.351,0.00
16.72760,-0.261,-0.351,0.00
16.73786,-0.261,-0.351,0.00
16.74803,-0.258,-0.355,0.00
16.75830,-0.256,-0.357,0.00
16.76846,-0.256,-0.357,0.00
16.77862,-0.253,-0.358,0.00
16.78878,-0.253,-0.358,0.00
16.79893,-0.250,-0.356,0.00
16.80909,-0.250,-0.356,0.00
16.81926,-0.248,-0.355,0.00
16.82947,-0.248,-0.355,0.00
16.83962,-0.244,-0.353,0.00
16.84977,-0.244,-0.353,0.00
16.86022,-0.239,-0.346,0.00
16.87047,-0.239,-0.346,0.00
16.88063,-0.229,-0.336,0.00
16.89085,-0.229,-0.336,0.00
16.90100,-0.229,-0.336,0.00
16.91116,-0.218,-0.325,0.00
16.92132,-0.210,-0.316,0.00
16.93228,-0.210,-0.311,0.00
16.94242,-0.204,-0.311,0.00
16.95387,-0.204,-0.311,0.00
16.96403,-0.203,-0.302,0.00
16.97419,-0.203,-0.302,0.00
16.98435,-0.183,-0.287,0.00
16.99540,-0.182,-0.287,0.00
17.00568,-0.182,-0.275,0.00
17.01599,-0.182,-0.275,0.00
17.02654,0.363,-0.263,0.00
17.03670,1.429,-0.263,0.00
17.04687,1.429,-0.245,0.00
17.05703,2.246,-0.229,0.00
17.06723,2.246,-0.229,0.00
17.07743,2.246,-0.229,0.00
17.08759,3.256,-0.214,0.00
17.09774,4.283,-0.198,0.00
17.10788,4.283,-0.198,0.00
17.11803,4.283,-0.198,0.00
17.12876,4.283,-0.198,0.00
17.13909,5.631,-0.187,0.00
17.14941,7.552,-0.173,0.00
17.17257,10.102,-0.160,0.00
17.18314,10.102,-0.160,0.00
17.20295,16.185,-0.144,10.50
17.21317,16.185,-0.126,10.50
17.22356,19.496,-0.104,10.50
17.23914,22.759,-0.104,10.50
17.24948,22.759,-0.073,10.50
17.26747,25.811,-0.032,10.50
17.27764,28.489,0.022,10.50
17.28780,28.489,0.022,10.50
17.29910,30.806,0.022,10.50
17.30927,30.806,0.085,10.50
17.31941,32.743,0.144,10.50
17.33093,32.743,0.144,10.50
17.34134,34.298,0.194,10.50
17.35169,34.298,0.194,10.50
17.36296,35.517,0.223,10.50
17.37313,35.517,0.223,10.50
17.38356,36.260,0.238,10.50
17.41169,36.260,0.243,11.00
17.42189,36.170,0.230,11.00
17.44708,35.221,0.199,11.00
17.45740,33.637,0.145,11.00
17.47513,31.658,0.108,11.50
17.48588,31.658,0.108,11.50
17.50800,31.658,-0.006,12.00
17.52141,26.920,-0.175,12.00
17.53953,26.920,-0.175,12.50
17.54974,26.920,-0.353,12.50
17.56003,24.125,-0.490,12.50
17.57387,21.134,-0.588,13.50
17.58403,18.124,-0.588,13.50
17.59442,15.334,-0.588,13.50
17.60478,15.334,-0.628,15.00
17.61493,12.591,-0.653,15.00
17.62508,12.591,-0.653,15.00
17.63586,12.591,-0.653,17.00
17.64616,9.494,-0.658,17.00
17.65633,9.494,-0.658,17.00
17.66690,6.408,-0.595,19.00
17.67705,6.408,-0.595,19.00
17.68723,3.554,-0.489,19.00
17.71497,3.554,-0.247,20.50
17.72516,-0.928,-0.247,20.50
17.74762,-1.920,-0.134,22.00
17.75778,-1.962,-0.015,22.00
17.78008,-1.780,0.116,23.00
17.79027,-1.780,0.116,23.00
17.80043,-1.780,0.248,23.00
17.81241,-1.728,0.248,23.50
17.82256,-1.772,0.373,23.50
17.83434,-1.629,0.373,23.50
17.84454,-1.629,0.464,24.00
17.85482,-1.268,0.464,24.00
17.86498,-1.268,0.550,24.00
17.87728,-1.268,0.550,24.00
17.88743,-0.705,0.620,24.00
17.89766,-0.705,0.620,24.00
17.90782,-0.225,0.674,24.50
17.91818,-0.225,0.674,24.50
17.92836,0.036,0.721,24.50
17.95437,0.036,0.721,24.50
17.96455,0.236,0.795,24.50
17.98741,0.263,0.828,24.50
17.99757,0.263,0.828,24.50
18.02376,0.384,1.028,24.50
18.03543,0.384,1.828,24.50
18.05108,0.506,1.828,24.50
18.06125,0.654,2.487,24.50
18.07141,0.654,2.487,24.50
18.08328,0.820,3.402,24.50
18.09344,0.820,3.402,24.50
18.10360,0.820,3.402,24.50
18.11558,0.820,3.402,24.50
18.12749,0.962,4.560,24.50
18.13778,1.019,5.899,24.50
18.14792,1.007,7.626,24.50
18.15807,0.933,9.360,24.50
18.16832,0.933,9.360,24.50
18.19541,0.661,13.647,24.50
18.20589,0.661,13.647,24.50
18.22631,0.661,13.647,24.50
18.23649,0.373,18.397,24.50
18.24665,0.373,18.397,24.50
18.25915,0.240,20.899,24.50
18.26938,0.240,20.899,24.50
18.27968,0.118,23.358,24.50
18.29114,0.118,23.358,24.50
18.30133,0.015,26.058,24.50
18.31149,0.015,26.058,24.50
18.32320,-0.080,28.321,24.50
18.33400,-0.080,28.321,24.50
18.34434,-0.165,30.551,24.50
18.35645,-0.165,30.551,24.50
18.36664,-0.230,32.624,24.50
18.37680,-0.252,34.625,24.50
18.38695,-0.252,34.625,24.50
18.39714,-0.262,34.625,24.50
18.40767,-0.262,36.579,24.50
18.41823,-0.262,36.579,0.00
18.42852,-0.262,36.579,0.00
18.43955,-0.251,38.483,0.00
18.44973,-0.215,40.375,0.00
18.45990,-0.176,42.389,0.00
18.47005,-0.176,42.389,0.00
18.48021,-0.176,42.389,0.00
18.49037,-0.147,44.071,0.00
18.50053,-0.135,45.576,0.00
18.51107,-0.135,45.576,0.00
18.52147,-0.141,46.902,0.00
18.53311,-0.141,46.902,0.00
18.54353,-0.119,48.081,0.00
18.55370,-0.119,48.081,0.00
18.56459,-0.078,49.065,0.00
18.57480,-0.078,49.065,0.00
18.58503,-0.046,49.925,0.00
18.59519,-0.046,49.925,0.00
18.60535,-0.023,50.611,0.00
18.61552,-0.023,51.209,0.00
18.62569,-0.017,51.209,0.00
18.63585,-0.017,51.209,0.00
18.64602,-0.023,51.633,0.00
18.65618,-0.023,51.633,0.00
18.66634,-0.026,51.886,0.00
18.67649,-0.026,51.886,0.00
18.68719,-0.042,52.099,0.00
18.69789,-0.091,52.133,0.00
18.70804,-0.091,52.133,0.00
18.71829,-0.091,52.133,0.00
18.72846,-0.182,51.848,0.00
18.73864,-0.299,51.848,0.00
18.74881,-0.299,51.199,0.00
18.75936,-0.299,51.199,0.00
18.76952,-0.417,50.153,0.00
18.77985,-0.519,50.153,0.00
18.79032,-0.519,48.786,0.00
18.80052,-0.610,47.591,0.00
18.81087,-0.610,47.591,0.00
18.82083,-0.686,47.591,0.00
18.83176,-0.686,46.280,0.00
18.84192,-0.747,44.797,0.00
18.85208,-0.747,44.797,0.00
18.86224,-0.789,43.332,0.00
18.87240,-0.789,43.332,0.00
18.88285,-0.803,42.017,0.00
18.89456,-0.803,42.017,0.00
18.90470,-0.817,40.869,0.00
18.91576,-0.817,40.869,0.00
18.92592,-0.817,39.892,0.00
18.93619,-0.817,39.892,0.00
18.94635,-0.802,38.930,0.00
18.95742,-0.802,38.930,0.00
18.96758,-0.796,37.993,0.00
18.97774,-0.799,37.993,0.00
18.98790,-0.799,36.867,0.00
18.99806,-0.799,36.867,0.00
19.00821,-0.799,36.867,0.00
19.01838,-0.806,35.667,0.00
19.02853,-0.798,34.351,0.00
19.03879,-0.798,34.351,0.00
19.04896,-0.798,34.351,0.00
19.05912,-0.798,34.351,0.00
19.06928,-0.798,34.351,0.00
19.07944,-0.771,32.848,0.00
19.08960,-0.723,31.075,0.00
19.09975,-0.581,26.731,0.00
19.11001,-0.581,26.731,0.00
19.12018,-0.512,24.483,0.00
19.13045,-0.512,24.483,0.00
19.14083,-0.459,22.171,0.00
19.15111,-0.459,22.171,0.00
19.16146,-0.408,19.878,0.00
19.17186,-0.408,19.878,0.00
19.18203,-0.357,17.610,0.00
19.19255,-0.357,17.610,0.00
19.20290,-0.316,15.360,0.00
19.21308,-0.316,15.360,0.00
19.22325,-0.316,15.360,0.00
19.23341,-0.316,15.360,0.00
19.24390,-0.316,15.360,0.00
19.25406,-0.280,13.163,0.00
19.26422,-0.249,7.591,0.00
19.27443,-0.235,6.163,0.00
19.28469,-0.239,6.163,0.00
19.29488,-0.239,6.163,0.00
19.30506,-0.259,6.163,0.00
19.31529,-0.259,4.873,0.00
19.32546,-0.259,4.873,0.00
19.33562,-0.259,4.873,0.00
19.34578,-0.259,4.873,0.00
19.35593,-0.259,4.873,0.00
19.36610,-0.259,4.873,0.00
19.37627,-0.259,4.873,0.00
19.38644,-0.259,4.873,0.00
19.39659,-0.259,4.873,0.00
19.40694,-0.259,4.873,0.00
19.41735,-0.291,3.834,0.00
19.42770,-0.381,2.279,0.00
19.43829,-0.445,1.366,0.00
19.44845,-0.563,0.422,0.00
19.45908,-0.621,-1.023,0.00
19.46977,-0.644,-1.586,0.00
19.48016,-0.662,-2.156,0.00
19.49032,-0.662,-2.156,0.00
19.50048,-0.651,-2.571,0.00
19.51084,-0.651,-2.571,0.00
19.52122,-0.627,-2.844,0.00
19.53142,-0.627,-2.844,0.00
19.54158,-0.599,-3.004,0.00
19.55219,-0.599,-3.004,0.00
19.56244,-0.568,-3.087,0.00
19.57260,-0.568,-3.087,0.00
19.58333,-0.534,-3.059,0.00
19.59349,-0.534,-3.059,0.00
19.60365,-0.488,-3.059,0.00
19.61392,-0.488,-2.951,0.00
19.62425,-0.437,-2.782,0.00
19.63641,-0.437,-2.782,0.00
19.64684,-0.437,-2.782,0.00
19.65716,-0.437,-2.782,0.00
19.66750,-0.437,-2.782,0.00
19.67802,-0.437,-2.782,0.00
19.68824,-0.387,-2.556,0.00
19.69858,-0.333,-2.294,0.00
19.70890,-0.225,-1.734,0.00
19.71918,-0.165,-1.432,0.00
19.72948,-0.165,-1.432,0.00
19.73979,-0.165,-1.432,0.00
19.75013,-0.097,-1.195,0.00
19.76029,-0.097,-1.195,0.00
19.77045,-0.024,-0.993,0.00
19.78061,0.052,-0.787,0.00
19.79081,0.052,-0.787,0.00
19.80098,0.052,-0.787,0.00
19.81113,0.128,-0.557,0.00
19.82161,0.197,-0.557,0.00
19.83177,0.197,-0.346,0.00
19.84193,0.255,-0.201,0.00
19.85209,0.255,-0.201,0.00
19.86225,0.301,-0.124,0.00
19.87242,0.301,-0.124,0.00
19.88281,0.301,-0.124,0.00
19.89296,0.337,-0.070,0.00
19.90312,0.359,-0.016,0.00
19.91327,0.359,-0.016,0.00
19.93082,0.374,0.041,0.00
19.94118,0.374,0.041,0.00
19.95607,0.375,0.121,0.00
19.97947,0.364,0.331,0.00
19.99659,0.364,0.331,0.00
20.00683,0.352,0.429,0.00
20.02129,0.352,0.429,0.00
20.03605,0.334,0.499,0.00
20.04642,0.319,0.537,0.00
20.06440,0.319,0.551,0.00
20.07548,0.301,0.551,0.00
20.09188,0.301,0.551,0.00
20.11758,0.279,0.551,0.00
20.12799,0.279,0.534,0.00
20.14088,0.279,0.435,0.00
20.15778,0.236,0.297,0.00
20.16830,0.236,0.297,0.00
20.17916,0.236,0.297,0.00
20.19010,0.244,0.201,0.00
20.20096,0.244,0.201,0.00
20.21136,0.244,0.201,0.00
20.22214,0.255,0.100,0.00
20.23822,0.279,-0.086,0.00
20.24873,0.279,-0.086,0.00
20.26448,0.290,-0.145,0.00
20.28122,0.290,-0.145,0.00
20.29284,0.299,-0.145,0.00
20.30652,0.299,-0.145,0.00
20.32398,0.299,-0.167,0.00
20.34076,0.323,0.042,0.00
20.35108,0.335,0.042,0.00
20.36150,0.335,0.118,0.00
20.37305,0.348,0.118,0.00
20.38321,0.352,0.174,0.00
20.39388,0.352,0.174,0.00
20.40982,0.349,0.206,0.00
20.42010,0.349,0.206,0.00
20.43085,0.327,0.206,0.00
20.44832,0.327,0.182,0.00
20.45877,0.284,0.182,0.00
20.47743,0.224,0.151,0.00
20.49400,0.153,0.128,0.00
20.50417,0.079,0.128,0.00
20.51640,0.079,0.122,0.00
20.53233,0.003,0.133,0.00
20.54251,0.003,0.133,0.00
20.55292,0.003,0.156,0.00
20.56992,-0.075,0.156,0.00
20.58146,-0.146,0.197,0.00
20.59907,-0.301,0.187,0.00
20.60987,-0.301,0.187,0.00
20.62034,-0.372,0.187,0.00
20.63094,-0.372,0.154,0.00
20.64486,-0.372,0.101,0.00
20.66688,-0.436,0.020,0.00
20.67764,-0.500,0.020,0.00
20.69499,-0.568,-0.060,0.00
20.70896,-0.633,-0.060,0.00
20.71988,-0.689,-0.137,0.00
20.73029,-0.689,-0.212,0.00
20.74070,-0.738,-0.212,0.00
20.75131,-0.738,-0.288,0.00
20.76171,-0.738,-0.288,0.00
20.77197,-0.738,-0.288,0.00
20.78334,-0.780,-0.362,0.00
20.79388,-0.780,-0.492,0.00
20.81661,-0.803,-0.492,0.00
20.84680,-0.803,-0.599,0.00
20.85988,-0.800,-0.599,0.00
20.87556,-0.781,-0.644,0.00
20.88836,-0.751,-0.644,0.00
20.89909,-0.751,-0.688,0.00
20.91667,-0.714,-0.728,0.00
20.96891,-0.714,-0.728,0.00
21.02647,-0.413,-0.787,0.00
21.03688,-0.649,-0.909,0.00
21.04724,-0.615,-0.888,0.00
21.05739,-0.615,-0.861,0.00
21.06805,-0.589,-0.861,0.00
21.07867,-0.589,-0.861,0.00
21.08882,-0.567,-0.825,0.00
21.09899,-0.551,-0.779,0.00
21.10915,-0.551,-0.779,0.00
21.11930,-0.542,-0.779,0.00
21.12946,-0.542,-0.726,0.00
21.14014,-0.542,-0.726,0.00
21.15041,-0.537,-0.667,0.00
21.16057,-0.533,-0.615,0.00
21.17176,-0.533,-0.615,0.00
21.18191,-0.533,-0.563,0.00
21.19209,-0.533,-0.563,0.00
21.20248,-0.533,-0.514,0.00
21.21288,-0.539,-0.514,0.00
21.22310,-0.549,-0.466,0.00
21.23326,-0.549,-0.466,0.00
21.24342,-0.549,-0.415,0.00
21.25368,-0.563,-0.415,0.00
21.26385,-0.580,-0.361,0.00
21.27454,-0.580,-0.361,0.00
21.28495,-0.580,-0.303,0.00
21.29539,-0.596,-0.239,0.00
21.30555,-0.613,-0.239,0.00
21.31587,-0.613,-0.239,0.00
21.32603,-0.632,-0.189,0.00
21.33633,-0.632,-0.189,0.00
21.34682,-0.651,-0.148,0.00
21.35698,-0.651,-0.148,0.00
21.36714,-0.667,-0.115,0.00
21.37736,-0.667,-0.115,0.00
21.38755,-0.686,-0.095,0.00
21.39802,-0.712,-0.095,0.00
21.40817,-0.712,-0.086,0.00
21.41834,-0.712,-0.086,0.00
21.42850,-0.745,-0.080,0.00
21.43878,-0.745,-0.080,0.00
21.44894,-0.780,-0.076,0.00
21.45947,-0.808,-0.069,0.00
21.46970,-0.808,-0.069,0.00
21.47992,-0.838,-0.065,0.00
21.49020,-0.838,-0.065,0.00
21.50035,-0.864,-0.065,0.00
21.51050,-0.864,-0.064,0.00
21.52065,-0.864,-0.064,0.00
21.53301,-0.877,-0.063,0.00
21.54316,-0.880,-0.062,0.00
21.55332,-0.880,-0.062,0.00
21.56347,-0.877,-0.059,0.00
21.57495,-0.869,-0.057,0.00
21.58514,-0.869,-0.057,0.00
21.59529,-0.869,-0.057,0.00
21.60545,-0.847,-0.051,0.00
21.61559,-0.818,-0.051,0.00
21.62583,-0.818,-0.045,0.00
21.63599,-0.818,-0.045,0.00
21.64615,-0.783,-0.041,0.00
21.65630,-0.749,-0.041,0.00
21.66645,-0.749,-0.037,0.00
21.67677,-0.720,-0.037,0.00
21.68707,-0.720,-0.021,0.00
21.69738,-0.720,-0.021,0.00
21.70769,-0.696,-0.021,0.00
21.71805,-0.680,0.001,0.00
21.72890,-0.680,0.015,0.00
21.73986,-0.680,0.015,0.00
21.75006,-0.669,0.033,0.00
21.76022,-0.661,0.067,0.00
21.77039,-0.661,0.067,0.00
21.78053,-0.676,0.109,0.00
21.79079,-0.676,0.109,0.00
21.80096,-0.676,0.109,0.00
21.81149,-0.704,0.161,0.00
21.82167,-0.704,0.161,0.00
21.83240,-0.704,0.214,0.00
21.84246,-0.719,0.214,0.00
21.85264,-0.719,0.214,0.00
21.86290,-0.719,0.214,0.00
21.87308,-0.766,0.321,0.00
21.88326,-0.766,0.321,0.00
21.89359,-0.766,0.321,0.00
21.90386,-0.797,0.321,0.00
21.91423,-0.839,0.414,0.00
21.92438,-0.887,0.460,0.00
21.93463,-0.887,0.460,0.00
21.94477,-0.887,0.460,0.00
21.95493,-0.887,0.460,0.00
21.96513,-0.887,0.460,0.00
21.97577,-0.959,0.545,0.00
21.98592,-0.981,0.578,0.00
21.99630,-0.981,0.578,0.00
22.00644,-0.981,0.578,0.00
22.01672,-1.000,0.605,0.00
22.02687,-1.013,0.617,0.00
22.03703,-1.013,0.612,0.00
22.04719,-1.025,0.612,0.00
22.05735,-1.025,0.612,0.00
22.06750,-1.044,0.597,0.00
22.07774,-1.044,0.597,0.00
22.08792,-1.072,0.578,0.00
22.09819,-1.072,0.578,0.00
22.10853,-1.103,0.562,0.00
22.11877,-1.134,0.539,0.00
22.12889,-1.134,0.539,0.00
22.13915,-1.134,0.506,0.00
22.14929,-1.161,0.506,0.00
22.15963,-1.161,0.506,0.00
22.16969,-1.180,0.467,0.00
22.17985,-1.180,0.467,0.00
22.19001,-1.194,0.431,0.00
22.20050,-1.194,0.431,0.00
22.21127,-1.194,0.431,0.00
22.22142,-1.208,0.373,0.00
22.23158,-1.227,0.373,0.00
22.24173,-1.227,0.329,0.00
22.25196,-1.256,0.329,0.00
22.26214,-1.256,0.329,0.00
22.27228,-1.287,0.281,0.00
22.28247,-1.287,0.230,0.00
22.29268,-1.316,0.230,0.00
22.30329,-1.368,0.187,0.00
22.31370,-1.368,0.187,0.00
22.32392,-1.368,0.187,0.00
22.33413,-1.427,0.148,0.00
22.34429,-1.466,0.112,0.00
22.35466,-1.466,0.112,0.00
22.36538,-0.615,0.081,0.00
22.37586,-0.615,0.081,0.00
22.38623,0.029,0.055,0.00
22.39665,0.029,0.055,0.00
22.40772,0.029,0.055,0.00
22.41789,0.799,0.036,0.00
22.42813,0.799,0.019,0.00
22.43839,2.018,0.019,0.00
22.44890,2.018,0.019,0.00
22.45905,3.227,-0.012,0.00
22.46922,4.769,-0.012,0.00
22.47948,4.769,-0.012,0.00
22.48983,6.538,-0.012,0.00
22.50001,6.538,0.000,0.00
22.51035,9.132,0.000,0.00
22.52052,12.110,0.017,0.00
22.53095,12.110,0.017,0.00
22.54130,15.339,0.037,0.00
22.55149,15.339,0.037,0.00
22.57834,15.339,0.037,10.50
22.58853,21.621,0.072,10.50
22.61125,21.621,0.072,10.50
22.62144,24.432,0.042,10.50
22.64228,26.842,0.042,10.50
22.65248,28.868,-0.047,10.50
22.67634,30.476,-0.079,10.50
22.68652,31.713,-0.116,10.50
22.70627,32.625,-0.116,10.50
22.71645,32.625,-0.175,10.50
22.72661,33.116,-0.251,10.50
22.74124,33.116,-0.251,10.50
22.75160,33.108,-0.350,10.50
22.77022,32.806,-0.465,10.50
22.78041,32.806,-0.602,10.50
22.79063,32.181,-0.602,10.50
22.80339,32.181,-0.602,11.00
22.81355,30.970,-0.772,11.00
22.82372,29.176,-0.980,11.00
22.83493,29.176,-0.980,11.00
22.84516,27.158,-1.150,11.00
22.85560,27.158,-1.150,11.00
22.86626,27.158,-1.150,11.50
22.87642,24.576,-1.270,11.50
22.88658,21.333,-1.333,11.50
22.89703,21.333,-1.333,11.50
22.91495,21.333,-1.344,12.50
22.92513,15.123,-1.274,12.50
22.94687,12.105,-1.274,14.00
22.95719,9.049,-1.184,14.00
22.98125,9.049,-1.085,15.50
22.99146,5.991,-0.943,15.50
23.01051,3.119,-0.799,17.50
23.02088,0.522,-0.676,17.50
23.03106,0.522,-0.676,17.50
23.04504,-1.451,-0.588,19.50
23.05519,-1.451,-0.588,19.50
23.06538,-2.267,-0.483,19.50
23.07554,-1.596,-0.376,21.50
23.08651,-1.596,-0.376,21.50
23.09676,-0.827,-0.278,21.50
23.10710,-0.827,-0.278,23.00
23.11723,-0.827,-0.278,23.00
23.12739,-0.673,-0.204,23.00
23.15426,-0.673,-0.204,24.00
23.16444,-2.001,-0.115,24.00
23.18712,-2.001,-0.115,24.50
23.19732,-2.302,-0.150,24.50
23.21989,-2.261,-0.218,25.00
23.23009,-1.948,-0.302,25.00
23.25034,-1.780,-0.431,25.00
23.26051,-1.780,-0.431,25.00
23.27075,-1.734,-0.548,25.00
23.28288,-1.734,-0.569,25.50
23.29333,-1.757,-0.483,25.50
23.30351,-1.872,-0.483,25.50
23.31478,-2.033,-0.483,25.50
23.32498,-2.033,-0.283,25.50
23.33525,-2.033,-0.283,25.50
23.34717,-2.167,-0.283,25.50
23.35843,-2.243,0.756,25.50
23.36882,-2.243,0.756,25.50
23.37899,-2.297,0.756,25.50
23.38920,-2.297,1.713,25.50
23.39953,-2.340,2.812,25.50
23.42743,-2.370,4.191,25.50
23.43777,-2.370,4.191,25.50
23.45973,-2.383,4.191,25.50
23.47053,-2.387,7.246,25.50
23.49279,-2.384,9.300,25.50
23.50319,-2.377,11.560,25.50
23.52219,-2.377,11.560,25.50
23.53238,-2.384,13.952,25.50
23.54253,-2.384,13.952,25.50
23.55607,-2.407,18.891,25.50
23.56626,-2.423,18.891,25.50
23.57653,-2.423,18.891,25.50
23.58739,-2.431,18.891,25.50
23.59864,-2.431,21.825,25.50
23.60891,-2.433,24.512,25.50
23.61910,-2.433,24.512,25.50
23.62929,-2.415,27.148,25.50
23.63951,-2.415,27.148,25.50
23.65105,-2.389,29.707,25.50
23.66122,-2.389,32.077,25.50
23.67147,-2.378,32.077,25.50
23.68424,-2.379,36.580,25.50
23.69459,-2.384,38.788,25.50
23.70510,-2.384,38.788,25.50
23.73043,-2.384,38.788,25.50
23.74085,-2.390,41.199,25.50
23.76393,-2.388,43.250,25.50
23.77439,-2.388,45.197,25.50
23.78452,-2.385,46.955,0.00
23.79478,-2.385,46.955,0.00
23.80493,-2.387,48.568,0.00
23.81508,-2.387,48.568,0.00
23.82547,-2.391,49.989,0.00
23.83570,-2.391,49.989,0.00
23.84587,-2.399,51.195,0.00
23.85606,-2.399,51.195,0.00
23.86623,-2.399,51.195,0.00
23.87639,-2.402,52.251,0.00
23.88666,-2.397,53.213,0.00
23.89682,-2.397,53.213,0.00
23.90701,-2.384,53.920,0.00
23.91718,-2.384,53.920,0.00
23.92734,-2.364,54.497,0.00
23.93754,-2.364,54.497,0.00
23.94780,-2.341,54.914,0.00
23.95797,-2.341,54.914,0.00
23.96813,-2.324,55.241,0.00
23.97828,-2.324,55.241,0.00
23.98845,-2.317,55.419,0.00
23.99883,-2.317,55.419,0.00
24.00900,-2.317,55.291,0.00
24.01962,-2.321,54.811,0.00
24.02979,-2.321,54.811,0.00
24.03995,-2.321,54.811,0.00
24.05034,-2.327,53.831,0.00
24.06070,-2.338,52.717,0.00
24.07111,-2.338,52.717,0.00
24.08144,-2.354,51.502,0.00
24.09160,-2.354,51.502,0.00
24.10177,-2.371,50.160,0.00
24.11202,-2.371,50.160,0.00
24.12229,-2.389,48.634,0.00
24.13262,-2.389,48.634,0.00
24.14287,-2.407,47.016,0.00
24.15366,-2.407,47.016,0.00
24.16381,-2.423,45.470,0.00
24.17406,-2.423,45.470,0.00
24.18422,-2.431,44.094,0.00
24.19570,-2.431,44.094,0.00
24.20589,-2.435,42.673,0.00
24.21622,-2.435,42.673,0.00
24.22638,-2.436,41.328,0.00
24.23654,-2.433,39.769,0.00
24.24686,-2.433,39.769,0.00
24.25710,-2.433,39.769,0.00
24.26726,-2.425,38.077,0.00
24.27742,-2.410,36.273,0.00
24.28758,-2.410,36.273,0.00
24.29774,-2.410,36.273,0.00
24.30793,-2.389,34.220,0.00
24.31809,-2.368,34.220,0.00
24.32825,-2.368,31.906,0.00
24.33845,-2.347,29.425,0.00
24.34865,-2.347,29.425,0.00
24.35891,-2.347,29.425,0.00
24.36924,-2.329,26.488,0.00
24.37939,-2.310,23.841,0.00
24.38961,-2.310,23.841,0.00
24.39976,-2.310,23.841,0.00
24.41003,-2.292,21.144,0.00
24.42031,-2.273,18.473,0.00
24.43082,-2.273,18.473,0.00
24.44166,-2.253,15.910,0.00
24.45195,-2.253,15.910,0.00
24.46211,-2.227,13.542,0.00
24.47226,-2.227,13.542,0.00
24.48252,-2.227,11.363,0.00
24.49280,-2.189,11.363,0.00
24.50316,-2.142,9.353,0.00
24.51348,-2.142,9.353,0.00
24.52379,-2.142,7.313,0.00
24.53411,-2.102,7.313,0.00
24.54442,-2.102,7.313,0.00
24.55487,-2.102,7.313,0.00
24.56521,-2.102,5.695,0.00
24.57553,-2.063,4.392,0.00
24.58579,-2.068,3.398,0.00
24.59613,-2.068,3.398,0.00
24.60646,-2.074,2.512,0.00
24.61685,-2.083,1.529,0.00
24.62712,-2.083,1.529,0.00
24.63728,-2.090,0.476,0.00
24.64744,-2.090,0.476,0.00
24.65762,-2.090,0.476,0.00
24.66779,-2.083,-0.456,0.00
24.67796,-2.064,-1.452,0.00
24.68812,-2.064,-1.452,0.00
24.69826,-2.038,-2.104,0.00
24.70842,-2.038,-2.104,0.00
24.71861,-2.038,-2.104,0.00
24.72877,-2.038,-2.104,0.00
24.73892,-2.038,-2.104,0.00
24.74908,-2.003,-2.591,0.00
24.75926,-2.003,-2.591,0.00
24.76961,-1.961,-2.917,0.00
24.77977,-1.961,-2.917,0.00
24.79003,-1.961,-2.917,0.00
24.80018,-1.914,-2.976,0.00
24.81042,-1.807,-2.680,0.00
24.82510,-1.748,-2.502,0.00
24.83554,-1.748,-2.502,0.00
24.84570,-1.685,-2.261,0.00
24.85601,-1.685,-2.261,0.00
24.86638,-1.685,-2.261,0.00
24.87691,-1.545,-1.788,0.00
24.88707,-1.545,-1.788,0.00
24.89980,-1.545,-1.788,0.00
24.91014,-1.468,-1.576,0.00
24.92040,-1.393,-1.388,0.00
24.93092,-1.393,-1.388,0.00
24.94109,-1.318,-1.212,0.00
24.95133,-1.318,-1.212,0.00
24.96149,-1.253,-1.067,0.00
24.97164,-1.253,-1.067,0.00
24.98180,-1.253,-1.067,0.00
24.99220,-1.253,-0.965,0.00
25.00236,-1.198,-0.965,0.00
25.01270,-1.198,-0.965,0.00
25.02288,-1.179,-0.908,0.00
25.03347,-1.179,-0.908,0.00
25.04364,-1.162,-0.874,0.00
25.05396,-1.162,-0.874,0.00
25.06415,-1.159,-0.844,0.00
25.07431,-1.159,-0.844,0.00
25.08447,-1.167,-0.755,0.00
25.09463,-1.182,-0.755,0.00
25.10479,-1.182,-0.670,0.00
25.11574,-1.206,-0.530,0.00
25.12619,-1.206,-0.530,0.00
25.13634,-1.206,-0.530,0.00
25.14650,-1.244,-0.429,0.00
25.15666,-1.244,-0.334,0.00
25.16689,-1.284,-0.334,0.00
25.17705,-1.284,-0.334,0.00
25.18721,-1.284,-0.261,0.00
25.19736,-1.322,-0.238,0.00
25.20751,-1.365,-0.238,0.00
25.21780,-1.405,-0.257,0.00
25.22795,-1.405,-0.257,0.00
25.23828,-1.433,-0.257,0.00
25.24843,-1.433,-0.286,0.00
25.25858,-1.433,-0.286,0.00
25.26885,-1.452,-0.318,0.00
25.27900,-1.452,-0.318,0.00
25.29122,-1.465,-0.346,0.00
25.30277,-1.476,-0.346,0.00
25.31585,-1.487,-0.371,0.00
25.32613,-1.487,-0.371,0.00
25.35285,-1.498,-0.367,0.00
25.36899,-1.511,-0.359,0.00
25.37956,-1.511,-0.359,0.00
25.38969,-1.511,-0.359,0.00
25.40026,-1.526,-0.357,0.00
25.41629,-1.531,-0.358,0.00
25.42645,-1.531,-0.358,0.00
25.43688,-1.531,-0.359,0.00
25.44767,-1.530,-0.359,0.00
25.45854,-1.530,-0.359,0.00
25.46896,-1.530,-0.359,0.00
25.47937,-1.530,-0.359,0.00
25.49052,-1.522,-0.359,0.00
25.50445,-1.522,-0.365,0.00
25.51529,-1.492,-0.361,0.00
25.52626,-1.492,-0.353,0.00
25.53690,-1.454,-0.353,0.00
25.54753,-1.454,-0.342,0.00
25.55794,-1.454,-0.342,0.00
25.57001,-1.454,-0.342,0.00
25.58091,-1.437,-0.326,0.00
25.59148,-1.421,-0.326,0.00
25.60320,-1.421,-0.307,0.00
25.62060,-1.406,-0.282,0.00
25.63657,-1.395,-0.254,0.00
25.64682,-1.388,-0.254,0.00
25.65715,-1.388,-0.222,0.00
25.66765,-1.388,-0.222,0.00
25.67807,-1.388,-0.179,0.00
25.68858,-1.382,-0.179,0.00
25.69904,-1.382,-0.179,0.00
25.70943,-1.382,-0.179,0.00
25.72543,-1.382,-0.179,0.00
25.73564,-1.382,-0.179,0.00
25.74607,-1.382,-0.179,0.00
25.75639,-1.382,-0.179,0.00
25.76683,-1.382,-0.179,0.00
25.77966,-1.382,-0.179,0.00
25.79558,-1.382,-0.179,0.00
25.80613,-1.380,-0.137,0.00
25.81646,-1.380,-0.137,0.00
25.82699,-1.380,-0.137,0.00
25.83906,-1.380,-0.137,0.00
25.85205,-1.383,-0.094,0.00
25.86414,-1.398,-0.023,0.00
25.87509,-1.408,0.032,0.00
25.88819,-1.434,0.032,0.00
25.90164,-1.464,0.042,0.00
25.91427,-1.482,0.032,0.00
25.93548,-1.487,0.029,0.00
25.94581,-1.487,0.002,0.00
25.95617,-1.487,0.002,0.00
25.96708,-1.487,-0.013,0.00
25.97748,-1.483,-0.013,0.00
25.98761,-1.483,-0.036,0.00
25.99888,-1.483,-0.036,0.00
26.01675,-1.474,-0.056,0.00
26.02820,-1.463,-0.075,0.00
26.04371,-1.463,-0.075,0.00
26.06733,-1.437,-0.110,0.00
26.08389,-1.437,-0.110,0.00
26.10151,-1.421,-0.123,0.00
26.12020,-1.402,-0.134,0.00
26.13703,-1.384,-0.139,0.00
26.16256,-1.384,-0.139,0.00
26.17914,-1.384,-0.139,0.00
26.19899,-1.384,-0.139,0.00
26.21050,-1.384,-0.139,0.00
26.22309,-1.384,-0.139,0.00
26.23676,-1.338,-0.120,0.00
26.24967,-1.324,-0.102,0.00
26.26204,-1.304,-0.057,0.00
26.27312,-1.297,-0.034,0.00
26.28491,-1.297,-0.034,0.00
26.34650,-1.292,-0.011,0.00
26.35731,-1.293,0.055,0.00
26.42302,-1.311,0.110,0.00
26.43341,-1.311,0.110,0.00
26.44374,0.123,0.301,0.00
26.45410,0.116,0.301,0.00
26.46436,0.116,0.311,0.00
26.47481,0.109,0.319,0.00
26.48495,0.099,0.319,0.00
26.49532,0.099,0.319,0.00
26.50548,0.090,0.325,0.00
26.51572,0.090,0.325,0.00
26.52584,0.083,0.326,0.00
26.53599,0.083,0.326,0.00
26.54615,0.079,0.328,0.00
26.55633,0.079,0.328,0.00
26.56649,0.079,0.328,0.00
26.57665,0.075,0.329,0.00
26.58683,0.071,0.327,0.00
26.59699,0.071,0.327,0.00
26.60719,0.071,0.327,0.00
26.61740,0.068,0.327,0.00
26.62756,0.066,0.322,0.00
26.63771,0.066,0.322,0.00
26.64787,0.066,0.322,0.00
26.65807,0.066,0.322,0.00
26.66822,0.067,0.317,0.00
26.67843,0.074,0.310,0.00
26.68860,0.074,0.310,0.00
26.69890,0.074,0.310,0.00
26.70905,0.077,0.307,0.00
26.71921,0.077,0.307,0.00
26.72937,0.081,0.306,0.00
26.73953,0.085,0.304,0.00
26.74969,0.085,0.304,0.00
26.75985,0.090,0.304,0.00
26.77001,0.090,0.305,0.00
26.78017,0.096,0.304,0.00
26.79033,0.096,0.304,0.00
26.80049,0.096,0.306,0.00
26.81117,0.096,0.306,0.00
26.82123,0.096,0.306,0.00
26.83152,0.096,0.306,0.00
26.84171,0.096,0.304,0.00
26.85195,0.096,0.304,0.00
26.86235,0.095,0.307,0.00
26.87289,0.095,0.307,0.00
26.88305,0.093,0.308,0.00
26.89332,0.093,0.308,0.00
26.90381,0.093,0.309,0.00
26.91398,0.093,0.309,0.00
26.92479,0.092,0.309,0.00
26.93543,0.090,0.309,0.00
26.94558,0.090,0.309,0.00
26.95637,0.090,0.309,0.00
26.96685,0.086,0.303,0.00
26.97700,0.086,0.298,0.00
26.98716,0.081,0.298,0.00
26.99731,0.081,0.293,0.00
27.00747,0.073,0.293,0.00
27.01766,0.073,0.293,0.00
27.02787,0.073,0.293,0.00
27.03826,0.063,0.282,0.00
27.04845,0.053,0.282,0.00
27.05889,0.053,0.282,0.00
27.06874,0.044,0.278,0.00
27.07888,0.044,0.275,0.00
27.08903,0.035,0.275,0.00
27.09919,0.021,0.269,0.00
27.10933,0.021,0.269,0.00
27.11948,0.021,0.269,0.00
27.12965,0.017,0.260,0.00
27.14012,0.007,0.252,0.00
27.15128,0.007,0.252,0.00
27.16168,0.007,0.242,0.00
27.17216,-0.002,0.242,0.00
27.18248,-0.004,0.229,0.00
27.19266,-0.004,0.229,0.00
27.20305,-0.002,0.218,0.00
27.21342,-0.002,0.218,0.00
27.22365,0.003,0.214,0.00
27.23384,0.003,0.214,0.00
27.24403,0.007,0.209,0.00
27.25432,0.007,0.209,0.00
27.26471,0.007,0.204,0.00
27.27489,0.007,0.204,0.00
27.28505,0.007,0.203,0.00
27.29522,0.001,0.203,0.00
27.30536,-0.021,0.201,0.00
27.31551,-0.021,0.201,0.00
27.32567,-0.091,0.204,0.00
27.33583,-0.178,0.204,0.00
27.34599,-0.178,0.212,0.00
27.35614,-0.178,0.212,0.00
27.36631,-0.261,0.223,0.00
27.37648,-0.261,0.223,0.00
27.38663,-0.261,0.235,0.00
27.39684,-0.148,0.235,0.00
27.40701,0.770,0.249,0.00
27.41715,0.770,0.249,0.00
27.42773,0.770,0.249,0.00
27.43798,2.537,0.263,0.00
27.44813,4.574,0.283,0.00
27.45839,4.574,0.283,0.00
27.46873,4.574,0.283,0.00
27.47898,9.133,0.326,0.00
27.48926,9.133,0.326,0.00
27.49970,9.133,0.326,0.00
27.52291,14.302,0.358,0.00
27.53311,14.302,0.400,0.00
27.55408,14.302,0.400,10.50
27.56560,19.432,0.460,10.50
27.58642,19.432,0.527,10.50
27.59660,21.896,0.574,10.50
27.62086,24.184,0.595,10.50
27.63104,24.184,0.595,10.50
27.64121,26.186,0.595,10.50
27.65142,26.186,0.584,10.50
27.66256,27.789,0.584,10.50
27.67270,28.928,0.561,10.50
27.68316,29.668,0.530,10.50
27.69329,29.668,0.530,10.50
27.70545,29.668,0.530,10.50
27.71583,29.899,0.499,10.50
27.72605,29.899,0.460,10.50
27.73678,29.899,0.460,10.50
27.76420,28.458,0.286,10.50
27.77510,28.458,0.286,10.50
27.79490,27.068,0.286,11.00
27.80507,25.316,0.177,11.00
27.82698,25.316,0.122,11.50
27.83734,25.316,0.122,11.50
27.85908,23.443,0.102,12.00
27.87014,23.443,0.126,12.00
27.88044,19.239,0.174,12.00
27.89087,16.339,0.251,12.50
27.90116,16.339,0.251,12.50
27.91211,16.339,0.333,12.50
27.92280,10.994,0.333,14.00
27.93315,10.994,0.458,14.00
27.94444,10.994,0.458,14.00
27.95657,8.831,0.582,16.00
27.96685,6.757,0.698,16.00
27.97860,6.757,0.698,16.00
28.00266,4.831,0.914,18.00
28.01300,2.954,0.914,18.00
28.03623,-0.298,0.999,20.50
28.04655,-0.298,1.088,20.50
28.06701,-0.800,1.162,22.50
28.07720,-0.974,1.162,22.50
28.10070,-0.974,1.213,23.50
28.11084,-0.988,1.254,23.50
28.12104,-0.941,1.294,23.50
28.13619,-0.941,1.294,24.50
28.14659,-0.941,1.294,24.50
28.15689,-0.962,1.345,24.50
28.16705,-0.716,1.366,25.50
28.17721,-0.716,1.366,25.50
28.18894,-0.274,1.350,25.50
28.21153,0.170,1.332,25.50
28.22181,0.313,1.354,25.50
28.24218,0.313,1.354,26.00
28.25241,0.176,1.436,26.00
28.27541,-0.073,1.566,26.00
28.28559,-0.334,1.878,26.00
28.30709,-0.520,2.403,26.00
28.31729,-0.520,2.403,26.00
28.32770,-0.581,3.188,26.00
28.33854,-0.581,3.188,26.00
28.34941,-0.565,4.063,26.00
28.35959,-0.565,4.063,26.00
28.37108,-0.505,5.156,26.00
28.38126,-0.505,6.540,26.00
28.39144,-0.437,6.540,26.00
28.40265,-0.437,6.540,26.00
28.41311,-0.390,10.645,26.00
28.42329,-0.373,10.645,26.00
28.43432,-0.373,10.645,26.00
28.44446,-0.373,10.645,26.00
28.45465,-0.377,12.982,26.00
28.46504,-0.377,12.982,26.00
28.48238,-0.377,12.982,26.00
28.49255,-0.432,17.924,26.00
28.51603,-0.549,20.481,26.00
28.52642,-0.549,23.232,26.00
28.54620,-0.549,23.232,26.00
28.55648,-0.616,25.932,26.00
28.56665,-0.689,28.553,26.00
28.57968,-0.731,28.553,26.00
28.58984,-0.731,31.334,26.00
28.60002,-0.723,31.334,26.00
28.61094,-0.723,31.334,26.00
28.62121,-0.668,35.974,26.00
28.63137,-0.668,35.974,26.00
28.64153,-0.604,38.280,26.00
28.65981,-0.604,38.280,26.00
28.67004,-0.563,40.607,26.00
28.69108,-0.544,42.939,26.00
28.70136,-0.544,42.939,26.00
28.72282,-0.543,45.135,26.00
28.73389,-0.540,47.233,26.00
28.75440,-0.540,49.379,26.00
28.76470,-0.540,51.114,26.00
28.77499,-0.544,51.114,26.00
28.78517,-0.548,52.661,0.00
28.79548,-0.548,52.661,0.00
28.80563,-0.548,52.661,0.00
28.81605,-0.551,55.134,0.00
28.82619,-0.566,55.134,0.00
28.83632,-0.566,55.134,0.00
28.84648,-0.587,56.029,0.00
28.85663,-0.587,56.029,0.00
28.86678,-0.609,56.766,0.00
28.87694,-0.609,56.766,0.00
28.88710,-0.639,57.340,0.00
28.89765,-0.675,57.831,0.00
28.90779,-0.675,57.831,0.00
28.91821,-0.713,58.102,0.00
28.92841,-0.713,58.102,0.00
28.93881,-0.728,58.182,0.00
28.94902,-0.728,58.182,0.00
28.95933,-0.728,58.182,0.00
28.96966,-0.706,58.201,0.00
28.98015,-0.665,58.088,0.00
28.99087,-0.665,58.088,0.00
29.00104,-0.620,57.722,0.00
29.01123,-0.620,57.722,0.00
29.02138,-0.589,57.017,0.00
29.03164,-0.589,57.017,0.00
29.04179,-0.583,55.973,0.00
29.05201,-0.583,55.973,0.00
29.06218,-0.600,54.555,0.00
29.07239,-0.600,54.555,0.00
29.08257,-0.619,53.289,0.00
29.09340,-0.619,53.289,0.00
29.10356,-0.633,51.900,0.00
29.11372,-0.633,51.900,0.00
29.12390,-0.633,51.900,0.00
29.13407,-0.632,50.351,0.00
29.14423,-0.630,48.770,0.00
29.15438,-0.630,48.770,0.00
29.16469,-0.622,47.270,0.00
29.17542,-0.611,47.270,0.00
29.18565,-0.611,45.835,0.00
29.19593,-0.611,45.835,0.00
29.20615,-0.609,44.385,0.00
29.21631,-0.609,44.385,0.00
29.22648,-0.606,42.520,0.00
29.23663,-0.603,40.534,0.00
29.24683,-0.603,40.534,0.00
29.25697,-0.603,40.534,0.00
29.26712,-0.603,40.534,0.00
29.27739,-0.603,40.534,0.00
29.28819,-0.560,35.995,0.00
29.29835,-0.515,33.563,0.00
29.30850,-0.515,33.563,0.00
29.31866,-0.515,33.563,0.00
29.32882,-0.515,31.004,0.00
29.33898,-0.397,31.004,0.00
29.34913,-0.397,28.336,0.00
29.35962,-0.397,28.336,0.00
29.36978,-0.342,25.563,0.00
29.37993,-0.297,22.464,0.00
29.39021,-0.297,22.464,0.00
29.40036,-0.260,19.931,0.00
29.41052,-0.260,19.931,0.00
29.42078,-0.260,19.931,0.00
29.43093,-0.235,17.551,0.00
29.44115,-0.221,15.251,0.00
29.45158,-0.221,15.251,0.00
29.46290,-0.215,13.007,0.00
29.47315,-0.215,13.007,0.00
29.48360,-0.215,10.875,0.00
29.49374,-0.197,10.875,0.00
29.50439,-0.166,8.936,0.00
29.51454,-0.166,8.936,0.00
29.52470,-0.138,7.242,0.00
29.53486,-0.117,7.242,0.00
29.54502,-0.117,5.497,0.00
29.55529,-0.117,5.497,0.00
29.56545,-0.114,4.115,0.00
29.57572,-0.114,4.115,0.00
29.58597,-0.137,3.063,0.00
29.59629,-0.137,3.063,0.00
29.60647,-0.167,2.408,0.00
29.61663,-0.167,2.408,0.00
29.62679,-0.193,1.755,0.00
29.63695,-0.193,1.755,0.00
29.64721,-0.193,1.755,0.00
29.65739,-0.260,0.949,0.00
29.66755,-0.260,0.246,0.00
29.67775,-0.260,0.246,0.00
29.68800,-0.297,-0.342,0.00
29.69816,-0.297,-0.342,0.00
29.70831,-0.297,-0.342,0.00
29.71846,-0.321,-0.792,0.00
29.72862,-0.321,-1.111,0.00
29.73879,-0.334,-1.289,0.00
29.74894,-0.327,-1.289,0.00
29.75929,-0.318,-1.286,0.00
29.76944,-0.318,-1.286,0.00
29.77965,-0.318,-1.286,0.00
29.78983,-0.318,-1.286,0.00
29.79999,-0.259,-1.172,0.00
29.81030,-0.259,-1.116,0.00
29.82047,-0.259,-1.116,0.00
29.83078,-0.220,-1.063,0.00
29.84093,-0.220,-1.063,0.00
29.85109,-0.220,-1.063,0.00
29.86143,-0.181,-0.932,0.00
29.87223,-0.148,-0.766,0.00
29.88229,-0.148,-0.766,0.00
29.89306,-0.120,-0.609,0.00
29.90321,-0.091,-0.474,0.00
29.91398,-0.091,-0.474,0.00
29.92415,-0.091,-0.474,0.00
29.93451,-0.060,-0.307,0.00
29.94507,-0.036,-0.114,0.00
29.95523,-0.036,-0.114,0.00
29.96541,-0.036,-0.114,0.00
29.97559,-0.013,0.073,0.00
29.98583,-0.013,0.073,0.00
29.99592,-0.013,0.073,0.00
30.00611,-0.013,0.073,0.00
30.01632,0.053,0.324,0.00
30.02648,0.053,0.324,0.00
30.03667,0.087,0.387,0.00
30.04688,0.124,0.423,0.00
30.05703,0.158,0.443,0.00
30.06719,0.158,0.443,0.00
30.07757,0.158,0.443,0.00
30.08797,0.158,0.443,0.00
30.09817,0.194,0.460,0.00
30.10833,0.221,0.479,0.00
30.11878,0.221,0.479,0.00
30.12898,0.244,0.479,0.00
30.13931,0.244,0.523,0.00
30.14963,0.255,0.582,0.00
30.15981,0.255,0.582,0.00
30.16999,0.253,0.650,0.00
30.18023,0.253,0.650,0.00
30.19038,0.253,0.650,0.00
30.20054,0.253,0.650,0.00
30.21080,0.253,0.650,0.00
30.22096,0.253,0.650,0.00
30.23112,0.253,0.650,0.00
30.24128,0.253,0.650,0.00
30.25144,0.253,0.650,0.00
30.26220,0.246,0.716,0.00
30.27237,0.234,0.794,0.00
30.28252,0.205,0.794,0.00
30.30463,0.156,0.805,0.00
30.31587,0.156,0.803,0.00
30.33137,0.101,0.806,0.00
30.34203,0.101,0.806,0.00
30.35273,0.101,0.811,0.00
30.36350,0.101,0.811,0.00
30.37550,0.039,0.811,0.00
30.39098,0.039,0.813,0.00
30.40192,-0.005,0.813,0.00
30.41221,-0.005,0.812,0.00
30.42942,-0.025,0.805,0.00
30.44012,-0.025,0.805,0.00
30.45673,-0.044,0.803,0.00
30.46813,-0.060,0.796,0.00
30.48348,-0.060,0.780,0.00
30.49662,-0.060,0.780,0.00
30.50737,-0.091,0.780,0.00
30.51847,-0.091,0.745,0.00
30.52920,-0.099,0.745,0.00
30.54125,-0.103,0.729,0.00
30.55141,-0.103,0.729,0.00
30.56191,-0.103,0.729,0.00
30.57311,-0.103,0.729,0.00
30.58387,-0.103,0.729,0.00
30.60372,-0.106,0.729,0.00
30.61426,-0.106,0.712,0.00
30.62997,-0.106,0.700,0.00
30.64420,-0.108,0.700,0.00
30.65558,-0.099,0.694,0.00
30.66581,-0.099,0.694,0.00
30.68353,-0.091,0.673,0.00
30.69434,-0.091,0.673,0.00
30.70455,-0.095,0.666,0.00
30.72541,-0.102,0.666,0.00
30.73646,-0.102,0.664,0.00
30.74948,-0.102,0.664,0.00
30.76023,-0.109,0.664,0.00
30.77621,-0.123,0.668,0.00
30.78666,-0.123,0.668,0.00
30.79931,-0.129,0.679,0.00
30.81509,-0.132,0.679,0.00
30.82559,-0.132,0.679,0.00
30.83740,-0.132,0.679,0.00
30.84869,-0.132,0.673,0.00
30.86471,-0.141,0.664,0.00
30.87542,-0.141,0.664,0.00
30.89302,-0.152,0.659,0.00
30.90948,-0.158,0.654,0.00
30.92180,-0.163,0.654,0.00
30.94313,-0.164,0.645,0.00
30.95337,-0.164,0.645,0.00
30.96926,-0.164,0.645,0.00
30.98050,-0.164,0.645,0.00
30.99154,-0.164,0.641,0.00
31.00726,-0.162,0.639,0.00
31.02423,-0.143,0.639,0.00
31.03537,-0.143,0.630,0.00
31.04583,-0.143,0.630,0.00
31.05630,-0.136,0.630,0.00
31.06692,-0.136,0.622,0.00
31.08087,-0.132,0.622,0.00
31.09108,-0.130,0.610,0.00
31.10739,-0.125,0.604,0.00
31.13164,-0.117,0.605,0.00
31.15205,-0.110,0.606,0.00
31.16324,-0.105,0.611,0.00
31.17449,-0.105,0.611,0.00
31.19039,-0.098,0.620,0.00
31.20650,-0.086,0.630,0.00
31.21668,-0.086,0.630,0.00
31.23462,-0.086,0.630,0.00
31.24582,-0.061,0.655,0.00
31.25624,-0.048,0.655,0.00
31.26729,-0.048,0.668,0.00
31.27851,-0.048,0.668,0.00
31.33829,-0.037,0.668,0.00
31.34848,-0.016,0.721,0.00
31.42507,0.012,0.765,0.00
31.43523,0.012,0.765,0.00
31.44539,0.129,0.116,0.00
31.45637,0.145,0.137,0.00
31.46653,0.161,0.158,0.00
31.47677,0.193,0.195,0.00
31.48700,0.193,0.195,0.00
31.49716,0.204,0.217,0.00
31.50732,0.217,0.240,0.00
31.51752,0.217,0.240,0.00
31.52768,0.232,0.261,0.00
31.53856,0.232,0.261,0.00
31.54871,0.245,0.282,0.00
31.55912,0.260,0.282,0.00
31.56929,0.260,0.303,0.00
31.57945,0.260,0.303,0.00
31.58962,0.260,0.303,0.00
31.59978,0.273,0.341,0.00
31.60993,0.287,0.341,0.00
31.62009,0.287,0.341,0.00
31.63025,0.287,0.341,0.00
31.64046,0.304,0.365,0.00
31.65063,0.304,0.365,0.00
31.66110,0.316,0.390,0.00
31.67121,0.322,0.410,0.00
31.68157,0.330,0.425,0.00
31.69259,0.330,0.425,0.00
31.70275,0.337,0.435,0.00
31.71290,0.337,0.435,0.00
31.72305,0.337,0.435,0.00
31.73350,0.348,0.435,0.00
31.74388,0.354,0.457,0.00
31.75425,0.354,0.457,0.00
31.76556,0.357,0.457,0.00
31.77666,0.357,0.467,0.00
31.78686,0.361,0.474,0.00
31.79702,0.362,0.478,0.00
31.80727,0.362,0.478,0.00
31.81746,0.359,0.480,0.00
31.82760,0.359,0.480,0.00
31.83935,0.359,0.480,0.00
31.84944,0.356,0.484,0.00
31.85959,0.356,0.484,0.00
31.86988,0.348,0.484,0.00
31.88003,0.348,0.484,0.00
31.89020,0.337,0.482,0.00
31.90036,0.329,0.475,0.00
31.91061,0.329,0.475,0.00
31.92086,0.318,0.465,0.00
31.93121,0.318,0.465,0.00
31.94137,0.318,0.465,0.00
31.95154,0.303,0.457,0.00
31.96169,0.303,0.457,0.00
31.97195,0.303,0.457,0.00
31.98217,0.267,0.433,0.00
31.99248,0.267,0.433,0.00
32.00265,0.254,0.426,0.00
32.01310,0.254,0.426,0.00
32.02326,0.244,0.417,0.00
32.03342,0.244,0.417,0.00
32.04360,0.232,0.402,0.00
32.05391,0.232,0.402,0.00
32.06404,0.220,0.382,0.00
32.07432,0.220,0.382,0.00
32.08439,0.213,0.365,0.00
32.09482,0.213,0.365,0.00
32.10497,0.204,0.350,0.00
32.11517,0.204,0.333,0.00
32.12533,0.197,0.333,0.00
32.13553,0.197,0.333,0.00
32.14581,0.197,0.315,0.00
32.15638,0.193,0.315,0.00
32.16680,0.193,0.315,0.00
32.17695,0.193,0.315,0.00
32.18713,0.193,0.315,0.00
32.19749,0.193,0.315,0.00
32.20836,0.206,0.292,0.00
32.21858,0.220,0.280,0.00
32.22888,0.235,0.274,0.00
32.23909,0.235,0.274,0.00
32.24921,0.251,0.268,0.00
32.25936,0.267,0.262,0.00
32.26952,0.267,0.262,0.00
32.27968,0.279,0.262,0.00
32.28989,0.279,0.264,0.00
32.30010,0.279,0.264,0.00
32.31029,0.289,0.269,0.00
32.32046,0.295,0.274,0.00
32.33142,0.295,0.274,0.00
32.34160,0.295,0.274,0.00
32.35203,0.302,0.290,0.00
32.36214,0.306,0.310,0.00
32.37230,0.306,0.310,0.00
32.38246,0.306,0.310,0.00
32.39284,0.306,0.310,0.00
32.40387,0.308,0.331,0.00
32.41438,0.306,0.356,0.00
32.42454,0.303,0.381,0.00
32.43504,0.303,0.381,0.00
32.44604,0.303,0.381,0.00
32.45726,0.304,0.381,0.00
32.46743,0.302,0.430,0.00
32.47758,0.302,0.430,0.00
32.48779,0.299,0.452,0.00
32.49795,0.299,0.452,0.00
32.50846,0.292,0.467,0.00
32.51863,0.282,0.477,0.00
32.52897,0.282,0.477,0.00
32.53932,0.274,0.484,0.00
32.54948,0.274,0.484,0.00
32.55962,0.274,0.484,0.00
32.56978,0.270,0.490,0.00
32.58058,0.270,0.490,0.00
32.59092,0.267,0.491,0.00
32.60116,0.262,0.490,0.00
32.61139,0.262,0.490,0.00
32.62154,0.262,0.487,0.00
32.63180,0.259,0.487,0.00
32.64195,0.229,0.481,0.00
32.65211,0.229,0.481,0.00
32.66228,0.229,0.468,0.00
32.67248,0.197,0.468,0.00
32.68352,0.164,0.455,0.00
32.69372,0.164,0.455,0.00
32.70389,0.462,0.443,0.00
32.71406,0.462,0.433,0.00
32.72446,1.246,0.433,0.00
32.73522,1.246,0.433,0.00
32.74718,2.097,0.422,0.00
32.75733,2.097,0.422,0.00
32.76749,2.097,0.422,0.00
32.77764,4.714,0.405,0.00
32.78780,4.714,0.405,0.00
32.79795,6.648,0.403,0.00
32.80810,6.648,0.403,0.00
32.81827,8.815,0.412,0.00
32.82844,8.815,0.412,0.00
32.83886,8.815,0.412,0.00
32.84938,11.373,0.420,0.00
32.86732,14.039,0.444,0.00
32.87779,16.664,0.444,0.00
32.89798,16.664,0.481,10.50
32.90817,19.261,0.515,10.50
32.93030,19.261,0.534,10.50
32.94065,23.233,0.530,10.50
32.95107,23.233,0.530,10.50
32.96377,24.545,0.498,10.50
32.97392,24.545,0.449,10.50
32.98414,25.508,0.449,10.50
32.99433,25.508,0.449,10.50
33.00465,25.508,0.449,10.50
33.01489,26.261,0.386,10.50
33.02686,26.795,0.301,10.50
33.03706,26.795,0.207,10.50
33.04723,27.085,0.207,10.50
33.05858,27.085,0.088,10.50
33.06883,27.117,0.088,10.50
33.07927,27.117,-0.074,10.50
33.09194,26.516,-0.074,10.50
33.10211,25.151,-0.239,10.50
33.11232,25.151,-0.239,10.50
33.13801,23.072,-0.422,11.00
33.14818,20.335,-0.592,11.00
33.17031,20.335,-0.592,11.00
33.18050,14.083,-0.698,11.00
33.20254,14.083,-0.658,11.50
33.21322,11.240,-0.658,11.50
33.23488,6.228,-0.447,12.50
33.24504,6.228,-0.447,12.50
33.25541,6.228,-0.447,12.50
33.26734,4.208,-0.298,14.00
33.27750,4.208,-0.177,14.00
33.28783,2.404,-0.177,14.00
33.29867,2.404,-0.177,15.50
33.30915,0.803,-0.068,15.50
33.31955,-0.637,-0.068,15.50
33.33318,-0.637,0.032,18.00
33.34343,-0.872,0.117,18.00
33.35360,-0.872,0.117,18.00
33.36473,-0.872,0.117,20.00
33.37495,-0.762,0.206,20.00
33.38511,-0.804,0.303,20.00
33.41085,-0.804,0.303,22.00
33.42110,-0.606,0.466,22.00
33.44291,0.010,0.500,23.50
33.45332,0.010,0.500,23.50
33.47644,0.409,0.488,24.50
33.48660,0.483,0.447,24.50
33.50800,0.483,0.447,25.00
33.51915,0.386,0.397,25.00
33.53909,0.019,0.405,25.50
33.54984,0.019,0.405,25.50
33.56001,-0.142,0.462,25.50
33.57017,-0.142,0.462,25.50
33.58040,-0.250,0.655,25.50
33.59062,-0.250,0.655,25.50
33.60232,-0.340,0.655,26.00
33.61345,-0.340,0.995,26.00
33.62484,-0.409,1.513,26.00
33.63510,-0.409,1.513,26.00
33.64535,-0.451,1.513,26.00
33.65561,-0.451,2.153,26.00
33.68315,-0.514,3.918,26.00
33.69475,-0.514,3.918,26.00
33.71768,-0.509,4.974,26.00
33.72782,-0.476,6.255,26.00
33.74631,-0.476,7.831,26.00
33.75651,-0.439,7.831,26.00
33.77823,-0.437,10.051,26.00
33.78840,-0.458,12.354,26.00
33.79860,-0.458,12.354,26.00
33.81029,-0.458,14.776,26.00
33.82053,-0.459,17.268,26.00
33.83130,-0.459,17.268,26.00
33.84403,-0.439,17.268,26.00
33.85453,-0.439,19.813,26.00
33.86472,-0.413,22.442,26.00
33.87495,-0.413,22.442,26.00
33.88510,-0.401,25.239,26.00
33.89525,-0.405,25.239,26.00
33.90689,-0.405,28.215,26.00
33.91686,-0.405,31.440,26.00
33.92712,-0.415,31.440,26.00
33.93798,-0.415,31.440,26.00
33.94816,-0.437,34.164,26.00
33.95830,-0.437,34.164,26.00
33.98653,-0.437,34.164,26.00
33.99669,-0.516,41.700,26.00
34.01887,-0.563,41.700,26.00
34.03064,-0.605,44.044,26.00
34.05561,-0.640,46.204,26.00
34.06625,-0.670,48.158,26.00
34.08764,-0.670,50.132,26.00
34.09792,-0.690,50.132,26.00
34.10812,-0.694,51.666,0.00
34.11828,-0.694,51.666,0.00
34.12845,-0.686,53.045,0.00
34.13860,-0.686,53.045,0.00
34.14875,-0.674,54.246,0.00
34.15890,-0.670,55.270,0.00
34.16906,-0.670,55.270,0.00
34.17922,-0.670,55.270,0.00
34.18938,-0.678,56.172,0.00
34.19954,-0.689,56.935,0.00
34.20970,-0.689,56.935,0.00
34.21986,-0.711,57.612,0.00
34.23029,-0.711,57.612,0.00
34.24054,-0.729,58.228,0.00
34.25104,-0.729,58.228,0.00
34.26141,-0.736,58.636,0.00
34.27177,-0.736,58.636,0.00
34.28209,-0.730,58.905,0.00
34.29229,-0.730,58.905,0.00
34.30257,-0.718,59.006,0.00
34.31284,-0.718,59.006,0.00
34.32301,-0.718,58.910,0.00
34.33341,-0.708,58.910,0.00
34.34365,-0.705,58.535,0.00
34.35381,-0.705,58.535,0.00
34.36397,-0.718,57.833,0.00
34.37413,-0.718,57.833,0.00
34.38431,-0.718,57.833,0.00
34.39450,-0.736,56.985,0.00
34.40465,-0.743,55.932,0.00
34.41496,-0.736,54.900,0.00
34.42530,-0.736,54.900,0.00
34.43584,-0.722,53.717,0.00
34.44617,-0.722,53.717,0.00
34.45633,-0.702,52.428,0.00
34.46648,-0.702,52.428,0.00
34.47667,-0.702,52.428,0.00
34.48685,-0.682,51.148,0.00
34.49702,-0.656,49.907,0.00
34.50720,-0.656,49.907,0.00
34.51743,-0.632,48.702,0.00
34.52760,-0.632,48.702,0.00
34.53779,-0.612,47.351,0.00
34.54821,-0.612,47.351,0.00
34.55837,-0.593,45.463,0.00
34.56865,-0.593,45.463,0.00
34.57882,-0.580,43.476,0.00
34.58898,-0.580,43.476,0.00
34.59914,-0.580,41.421,0.00
34.60939,-0.563,41.421,0.00
34.61954,-0.537,39.387,0.00
34.62969,-0.537,39.387,0.00
34.63985,-0.490,37.243,0.00
34.65010,-0.490,37.243,0.00
34.66034,-0.433,34.927,0.00
34.67049,-0.433,34.927,0.00
34.68065,-0.374,32.529,0.00
34.69086,-0.374,32.529,0.00
34.70116,-0.319,32.529,0.00
34.71135,-0.319,30.078,0.00
34.72151,-0.319,30.078,0.00
34.73205,-0.319,30.078,0.00
34.74240,-0.219,27.244,0.00
34.75256,-0.219,27.244,0.00
34.76278,-0.177,24.716,0.00
34.77294,-0.177,24.716,0.00
34.78311,-0.138,24.716,0.00
34.79327,-0.138,22.221,0.00
34.80364,-0.104,19.792,0.00
34.81393,-0.104,19.792,0.00
34.82408,-0.104,19.792,0.00
34.83423,-0.104,19.792,0.00
34.84502,-0.104,15.004,0.00
34.85519,-0.104,15.004,0.00
34.86536,-0.124,12.755,0.00
34.87552,-0.161,10.559,0.00
34.88576,-0.161,10.559,0.00
34.89594,-0.161,10.559,0.00
34.90611,-0.203,8.216,0.00
34.91627,-0.246,8.216,0.00
34.92643,-0.246,6.268,0.00
34.93678,-0.246,6.268,0.00
34.94719,-0.288,4.592,0.00
34.95756,-0.288,4.592,0.00
34.96791,-0.338,3.150,0.00
34.97898,-0.407,1.841,0.00
34.98936,-0.407,1.841,0.00
34.99953,-0.407,1.841,0.00
35.00969,-0.407,1.841,0.00
35.02002,-0.546,-0.348,0.00
35.03022,-0.546,-0.348,0.00
35.04042,-0.546,-0.348,0.00
35.05056,-0.589,-0.940,0.00
35.06072,-0.589,-1.526,0.00
35.07123,-0.621,-1.526,0.00
35.08147,-0.647,-2.038,0.00
35.09164,-0.647,-2.038,0.00
35.10180,-0.647,-2.038,0.00
35.11240,-0.672,-2.340,0.00
35.12261,-0.676,-2.522,0.00
35.13276,-0.676,-2.522,0.00
35.14290,-0.676,-2.522,0.00
35.15318,-0.676,-2.522,0.00
35.16343,-0.681,-2.647,0.00
35.17375,-0.681,-2.647,0.00
35.18412,-0.681,-2.647,0.00
35.19430,-0.681,-2.647,0.00
35.20454,-0.681,-2.647,0.00
35.21480,-0.681,-2.647,0.00
35.22496,-0.681,-2.647,0.00
35.23513,-0.681,-2.647,0.00
35.24530,-0.681,-2.647,0.00
35.25549,-0.681,-2.647,0.00
35.26574,-0.681,-2.647,0.00
35.27598,-0.699,-2.666,0.00
35.28635,-0.714,-2.503,0.00
35.29651,-0.703,-2.422,0.00
35.30677,-0.684,-2.271,0.00
35.31694,-0.654,-2.079,0.00
35.32715,-0.553,-1.641,0.00
35.33731,-0.553,-1.641,0.00
35.34745,-0.553,-1.641,0.00
35.35775,-0.553,-1.641,0.00
35.36792,-0.553,-1.641,0.00
35.37808,-0.553,-1.641,0.00
35.38833,-0.553,-1.641,0.00
35.39851,-0.484,-1.422,0.00
35.40868,-0.413,-1.187,0.00
35.41898,-0.338,-0.918,0.00
35.42931,-0.261,-0.634,0.00
35.43947,-0.124,-0.317,0.00
35.44965,-0.124,-0.044,0.00
35.45981,-0.124,-0.044,0.00
35.46997,-0.124,-0.044,0.00
35.48014,-0.124,-0.044,0.00
35.49030,-0.124,-0.044,0.00
35.50046,-0.124,-0.044,0.00
35.51061,-0.124,-0.044,0.00
35.52079,-0.124,-0.044,0.00
35.53104,-0.124,-0.044,0.00
35.54111,-0.024,0.363,0.00
35.55133,-0.001,0.496,0.00
35.56149,-0.010,0.734,0.00
35.57164,-0.020,0.794,0.00
35.58180,-0.020,0.794,0.00
35.59196,-0.020,0.794,0.00
35.60212,-0.020,0.794,0.00
35.61538,-0.020,0.794,0.00
35.63646,-0.020,0.794,0.00
35.64784,-0.020,0.794,0.00
35.65903,-0.020,0.794,0.00
35.67536,-0.028,0.850,0.00
35.69802,-0.098,0.972,0.00
35.70926,-0.127,0.962,0.00
35.71948,-0.127,0.962,0.00
35.72971,-0.127,0.962,0.00
35.74699,-0.127,0.962,0.00
35.77480,-0.127,0.962,0.00
35.78594,-0.127,0.962,0.00
35.79646,-0.127,0.962,0.00
35.80982,-0.170,0.962,0.00
35.82976,-0.196,0.919,0.00
35.84708,-0.205,0.762,0.00
35.85894,-0.205,0.672,0.00
35.87080,-0.213,0.672,0.00
35.88337,-0.216,0.481,0.00
35.89404,-0.216,0.393,0.00
35.90496,-0.209,0.258,0.00
35.91591,-0.203,0.126,0.00
35.92619,-0.203,0.126,0.00
35.93701,-0.198,0.126,0.00
35.94876,-0.198,0.085,0.00
35.95976,-0.171,0.062,0.00
35.97028,-0.156,0.062,0.00
35.98641,-0.124,0.044,0.00
35.99791,-0.085,0.044,0.00
36.00859,-0.085,0.051,0.00
36.01947,-0.085,0.051,0.00
36.03059,-0.085,0.067,0.00
36.04178,-0.041,0.067,0.00
36.05210,-0.041,0.097,0.00
36.06248,0.037,0.097,0.00
36.07293,0.037,0.145,0.00
36.08333,0.070,0.145,0.00
36.09997,0.103,0.241,0.00
36.11578,0.103,0.300,0.00
36.12622,0.132,0.300,0.00
36.13710,0.132,0.300,0.00
36.15453,0.148,0.430,0.00
36.17247,0.159,0.430,0.00
36.18822,0.168,0.507,0.00
36.19920,0.174,0.507,0.00
36.22751,0.173,0.680,0.00
36.24324,0.173,0.680,0.00
36.25971,0.167,0.680,0.00
36.28015,0.167,0.680,0.00
36.29587,0.131,0.886,0.00
36.30635,0.131,0.886,0.00
36.31670,0.131,0.930,0.00
36.32693,0.131,0.930,0.00
36.34079,0.103,0.966,0.00
36.35348,0.103,0.991,0.00
36.37017,0.086,1.003,0.00
36.38292,0.070,1.004,0.00
36.39410,0.070,1.004,0.00
36.41060,0.053,1.004,0.00
36.42081,0.053,1.004,0.00
36.43321,0.037,0.996,0.00
36.45549,0.022,0.983,0.00
36.46577,0.022,0.983,0.00
36.47846,0.005,0.964,0.00
36.49572,-0.009,0.942,0.00
36.51254,-0.019,0.920,0.00
36.52314,-0.027,0.895,0.00
36.53815,-0.027,0.895,0.00
36.54908,-0.033,0.864,0.00
36.56068,-0.038,0.864,0.00
36.57329,-0.038,0.818,0.00
36.58479,-0.040,0.797,0.00
36.59515,-0.040,0.797,0.00
36.60534,-0.044,0.797,0.00
36.65975,-0.044,0.780,0.00
36.71958,-0.043,0.738,0.00
36.72978,-0.014,0.729,0.00
36.73993,0.006,-0.068,0.00
36.75008,0.020,-0.056,0.00
36.76024,0.029,-0.042,0.00
36.77039,0.029,-0.042,0.00
36.78055,0.032,-0.024,0.00
36.79109,0.032,-0.024,0.00
36.80163,0.030,-0.024,0.00
36.81206,0.030,0.001,0.00
36.82228,0.023,0.030,0.00
36.83274,0.023,0.030,0.00
36.84292,0.023,0.030,0.00
36.85307,0.016,0.068,0.00
36.86358,0.005,0.105,0.00
36.87378,0.005,0.105,0.00
36.88394,-0.009,0.143,0.00
36.89412,-0.009,0.143,0.00
36.90462,-0.021,0.178,0.00
36.91489,-0.021,0.178,0.00
36.92536,-0.031,0.209,0.00
36.93552,-0.031,0.209,0.00
36.94571,-0.031,0.209,0.00
36.95599,-0.041,0.237,0.00
36.96616,-0.053,0.261,0.00
36.97636,-0.067,0.276,0.00
36.98656,-0.067,0.276,0.00
36.99677,-0.067,0.276,0.00
37.00694,-0.082,0.286,0.00
37.01707,-0.082,0.286,0.00
37.02722,-0.096,0.290,0.00
37.03737,-0.110,0.290,0.00
37.04764,-0.110,0.288,0.00
37.05789,-0.110,0.288,0.00
37.06820,-0.124,0.287,0.00
37.07840,-0.136,0.283,0.00
37.08850,-0.136,0.283,0.00
37.09933,-0.136,0.283,0.00
37.10948,-0.146,0.275,0.00
37.11981,-0.157,0.266,0.00
37.13012,-0.157,0.266,0.00
37.14044,-0.157,0.266,0.00
37.15065,-0.169,0.258,0.00
37.16079,-0.169,0.258,0.00
37.17095,-0.169,0.258,0.00
37.18111,-0.181,0.245,0.00
37.19138,-0.181,0.245,0.00
37.20154,-0.194,0.224,0.00
37.21184,-0.206,0.200,0.00
37.22219,-0.216,0.175,0.00
37.23252,-0.216,0.175,0.00
37.24288,-0.216,0.175,0.00
37.25304,-0.224,0.151,0.00
37.26320,-0.224,0.151,0.00
37.27336,-0.233,0.124,0.00
37.28353,-0.245,0.095,0.00
37.29397,-0.255,0.068,0.00
37.30409,-0.255,0.068,0.00
37.31435,-0.255,0.068,0.00
37.32452,-0.255,0.068,0.00
37.33488,-0.264,0.042,0.00
37.34513,-0.264,0.042,0.00
37.35529,-0.274,0.014,0.00
37.36549,-0.274,0.014,0.00
37.37575,-0.281,-0.010,0.00
37.38598,-0.284,-0.035,0.00
37.39620,-0.284,-0.035,0.00
37.40659,-0.284,-0.060,0.00
37.41676,-0.284,-0.060,0.00
37.42691,-0.282,-0.079,0.00
37.43711,-0.282,-0.079,0.00
37.44728,-0.280,-0.100,0.00
37.45744,-0.280,-0.100,0.00
37.46760,-0.280,-0.100,0.00
37.47797,-0.280,-0.121,0.00
37.48815,-0.281,-0.136,0.00
37.50063,-0.281,-0.136,0.00
37.51085,-0.282,-0.155,0.00
37.52103,-0.281,-0.171,0.00
37.53124,-0.281,-0.171,0.00
37.54140,-0.282,-0.177,0.00
37.55156,-0.282,-0.177,0.00
37.56172,-0.282,-0.177,0.00
37.57211,-0.281,-0.178,0.00
37.58226,-0.281,-0.178,0.00
37.59246,-0.281,-0.179,0.00
37.60344,-0.281,-0.179,0.00
37.61283,-0.283,-0.174,0.00
37.62300,-0.284,-0.174,0.00
37.63395,-0.284,-0.170,0.00
37.64425,-0.283,-0.168,0.00
37.65441,-0.286,-0.168,0.00
37.66456,-0.286,-0.168,0.00
37.67481,-0.286,-0.168,0.00
37.68508,-0.286,-0.168,0.00
37.69537,-0.286,-0.168,0.00
37.70552,-0.287,-0.166,0.00
37.71568,-0.287,-0.164,0.00
37.72585,-0.290,-0.167,0.00
37.73599,-0.290,-0.167,0.00
37.74615,-0.290,-0.165,0.00
37.75641,-0.290,-0.160,0.00
37.76688,-0.288,-0.160,0.00
37.77707,-0.288,-0.156,0.00
37.78723,-0.285,-0.156,0.00
37.79744,-0.285,-0.156,0.00
37.80760,-0.283,-0.155,0.00
37.81818,-0.283,-0.155,0.00
37.82833,-0.285,-0.148,0.00
37.83852,-0.290,-0.143,0.00
37.84867,-0.290,-0.143,0.00
37.85886,-0.296,-0.139,0.00
37.86901,-0.296,-0.139,0.00
37.87923,-0.302,-0.139,0.00
37.88955,-0.302,-0.136,0.00
37.89975,-0.302,-0.136,0.00
37.91009,-0.302,-0.132,0.00
37.92026,-0.324,-0.132,0.00
37.93041,-0.293,-0.123,0.00
37.94057,-0.122,-0.115,0.00
37.95087,-0.122,-0.115,0.00
37.96103,0.660,-0.108,0.00
37.97119,0.660,-0.108,0.00
37.98134,0.660,-0.100,0.00
37.99163,1.588,-0.100,0.00
38.00195,2.573,-0.091,0.00
38.01239,2.573,-0.091,0.00
38.02261,3.751,-0.081,0.00
38.03277,3.751,-0.081,0.00
38.04293,3.751,-0.081,0.00
38.05310,3.751,-0.081,0.00
38.06324,3.751,-0.081,0.00
38.07340,6.895,-0.069,0.00
38.08356,9.060,-0.053,0.00
38.09376,9.060,-0.053,0.00
38.10392,11.606,-0.034,0.00
38.11644,14.420,-0.012,0.00
38.12694,14.420,-0.012,0.00
38.13719,14.420,-0.012,0.00
38.14733,17.393,0.019,10.50
38.15750,17.393,0.019,10.50
38.16796,20.363,0.061,10.50
38.17943,20.363,0.061,10.50
38.18959,23.220,0.085,10.50
38.19995,25.865,0.095,10.50
38.22684,28.225,0.097,10.50
38.23700,30.226,0.098,10.50
38.25911,30.226,0.098,10.50
38.26931,31.825,0.101,10.50
38.29022,31.825,0.101,10.50
38.30040,34.252,0.100,10.50
38.31084,34.252,0.089,10.50
38.32283,34.987,0.089,10.50
38.33299,34.987,0.068,10.50
38.34322,34.987,0.068,10.50
38.35648,35.279,-0.012,10.50
38.36689,35.279,-0.012,10.50
38.37707,35.279,-0.012,10.50
38.38743,35.279,-0.012,11.00
38.39759,34.777,-0.183,11.00
38.40775,33.650,-0.183,11.00
38.41811,33.650,-0.183,11.00
38.42821,31.989,-0.303,11.00
38.43837,31.989,-0.303,11.00
38.45089,31.989,-0.303,12.00
38.46123,29.966,-0.393,12.00
38.47191,29.966,-0.393,12.00
38.50034,25.104,-0.440,12.50
38.51061,22.470,-0.404,12.50
38.52989,22.470,-0.404,14.00
38.54007,16.944,-0.262,14.00
38.56289,14.217,-0.262,15.50
38.57317,14.217,-0.160,15.50
38.59455,11.736,-0.046,18.00
38.60496,9.239,-0.046,18.00
38.61516,9.239,0.076,18.00
38.62618,6.565,0.208,20.00
38.63653,6.565,0.208,20.00
38.64704,6.565,0.318,20.00
38.65820,4.165,0.430,22.00
38.66852,2.252,0.430,22.00
38.67894,0.799,0.532,22.00
38.69013,0.799,0.532,23.50
38.70029,0.799,0.532,23.50
38.71055,-0.057,0.622,23.50
38.72224,-0.082,0.706,24.50
38.73244,-0.082,0.706,24.50
38.74260,-0.131,0.778,24.50
38.77012,-0.131,0.778,25.00
38.78031,0.699,0.856,25.00
38.80220,0.699,0.851,25.50
38.81295,1.578,0.851,25.50
38.83464,2.035,0.846,25.50
38.84518,2.168,0.861,25.50
38.86701,2.131,0.901,26.00
38.87729,2.131,0.901,26.00
38.89840,1.999,1.002,26.00
38.90860,1.865,1.219,26.00
38.91877,1.796,1.659,26.00
38.93060,1.796,1.659,26.00
38.94115,1.804,2.374,26.00
38.95161,1.804,2.374,26.00
38.96341,1.906,3.335,26.00
38.97401,2.061,4.496,26.00
38.98417,2.061,4.496,26.00
38.99584,2.061,4.496,26.00
39.00618,2.207,5.679,26.00
39.01644,2.207,5.679,26.00
39.02663,2.304,7.176,26.00
39.03681,2.304,7.176,26.00
39.04715,2.360,9.125,26.00
39.05793,2.360,9.125,26.00
39.06810,2.381,11.411,26.00
39.07826,2.359,14.023,26.00
39.08840,2.359,14.023,26.00
39.10735,2.359,14.023,26.00
39.11773,2.277,16.797,26.00
39.13801,2.154,19.677,26.00
39.14820,2.032,22.982,26.00
39.17057,2.032,22.982,26.00
39.18096,1.565,28.702,26.00
39.20318,1.565,28.702,26.00
39.21345,1.276,31.385,26.00
39.23673,0.988,33.946,26.00
39.24737,0.731,36.353,26.00
39.26607,0.731,36.353,26.00
39.27624,0.528,40.967,26.00
39.28641,0.396,40.967,26.00
39.29831,0.396,40.967,26.00
39.30874,0.362,43.424,26.00
39.31912,0.443,45.500,26.00
39.33128,0.443,45.500,26.00
39.34255,0.582,45.500,26.00
39.35271,0.582,47.409,26.00
39.36292,0.582,47.409,0.00
39.37308,0.685,49.122,0.00
39.38324,0.711,50.697,0.00
39.39340,0.711,50.697,0.00
39.40355,0.711,50.697,0.00
39.41376,0.699,52.040,0.00
39.42409,0.676,53.212,0.00
39.43445,0.676,53.212,0.00
39.44478,0.648,54.241,0.00
39.45515,0.648,54.241,0.00
39.46547,0.648,55.214,0.00
39.47589,0.616,55.998,0.00
39.48624,0.585,55.998,0.00
39.49655,0.585,56.654,0.00
39.50712,0.566,56.654,0.00
39.51726,0.566,56.654,0.00
39.52751,0.564,57.240,0.00
39.53773,0.564,57.240,0.00
39.54789,0.579,57.742,0.00
39.55805,0.579,57.742,0.00
39.56822,0.602,58.097,0.00
39.57845,0.617,58.311,0.00
39.58861,0.617,58.311,0.00
39.59885,0.617,58.311,0.00
39.60900,0.617,58.374,0.00
39.61943,0.598,58.205,0.00
39.62975,0.598,58.205,0.00
39.63991,0.598,58.205,0.00
39.65012,0.562,57.784,0.00
39.66026,0.517,57.078,0.00
39.67046,0.517,57.078,0.00
39.68062,0.488,56.232,0.00
39.69084,0.488,56.232,0.00
39.70101,0.482,55.411,0.00
39.71118,0.482,55.411,0.00
39.72134,0.488,55.411,0.00
39.73152,0.488,54.534,0.00
39.74169,0.497,53.572,0.00
39.75184,0.497,53.572,0.00
39.76209,0.497,52.600,0.00
39.77345,0.497,52.600,0.00
39.78380,0.482,51.624,0.00
39.79436,0.452,51.624,0.00
39.80469,0.452,50.874,0.00
39.81487,0.452,50.874,0.00
39.82505,0.412,50.127,0.00
39.83534,0.412,50.127,0.00
39.84540,0.373,49.271,0.00
39.85566,0.373,49.271,0.00
39.86656,0.346,48.184,0.00
39.87683,0.346,48.184,0.00
39.88707,0.325,46.897,0.00
39.89722,0.325,45.455,0.00
39.90736,0.315,45.455,0.00
39.91761,0.315,45.455,0.00
39.92777,0.319,43.885,0.00
39.93793,0.326,41.949,0.00
39.94808,0.326,41.949,0.00
39.95824,0.329,41.949,0.00
39.96839,0.329,40.058,0.00
39.97855,0.329,40.058,0.00
39.98893,0.335,40.058,0.00
39.99928,0.335,36.170,0.00
40.00944,0.343,36.170,0.00
40.01960,0.343,36.170,0.00
40.02974,0.343,36.170,0.00
40.03990,0.350,32.172,0.00
40.05006,0.346,32.172,0.00
40.06047,0.324,30.080,0.00
40.07089,0.324,30.080,0.00
40.08105,0.324,27.970,0.00
40.09168,0.287,27.970,0.00
40.10184,0.229,25.590,0.00
40.11203,0.229,25.590,0.00
40.12219,0.229,25.590,0.00
40.13239,0.161,23.488,0.00
40.14256,0.101,21.395,0.00
40.15271,0.101,21.395,0.00
40.16290,0.048,19.320,0.00
40.17309,0.048,19.320,0.00
40.18326,0.048,19.320,0.00
40.19342,-0.005,17.240,0.00
40.20378,-0.060,15.140,0.00
40.21394,-0.060,13.117,0.00
40.22409,-0.107,13.117,0.00
40.23479,-0.107,11.186,0.00
40.24513,-0.133,11.186,0.00
40.25549,-0.133,11.186,0.00
40.26581,-0.146,9.106,0.00
40.27599,-0.146,9.106,0.00
40.28614,-0.149,7.365,0.00
40.29634,-0.146,5.792,0.00
40.30647,-0.146,5.792,0.00
40.31758,-0.146,5.792,0.00
40.32774,-0.147,4.416,0.00
40.33860,-0.159,3.141,0.00
40.34876,-0.159,3.141,0.00
40.35892,-0.159,3.141,0.00
40.36941,-0.173,2.018,0.00
40.37957,-0.189,1.055,0.00
40.38973,-0.189,1.055,0.00
40.40014,-0.207,0.310,0.00
40.41040,-0.207,0.310,0.00
40.42065,-0.228,-0.275,0.00
40.43085,-0.228,-0.275,0.00
40.44101,-0.228,-0.275,0.00
40.45117,-0.228,-0.275,0.00
40.46135,-0.257,-1.313,0.00
40.47152,-0.286,-1.313,0.00
40.48173,-0.296,-1.313,0.00
40.49201,-0.296,-1.642,0.00
40.50226,-0.292,-1.818,0.00
40.51240,-0.292,-1.818,0.00
40.52256,-0.292,-1.818,0.00
40.53281,-0.287,-1.921,0.00
40.54296,-0.287,-1.921,0.00
40.55322,-0.275,-1.914,0.00
40.56337,-0.254,-1.792,0.00
40.57361,-0.254,-1.792,0.00
40.58394,-0.217,-1.656,0.00
40.59418,-0.217,-1.656,0.00
40.60435,-0.170,-1.491,0.00
40.61455,-0.170,-1.491,0.00
40.62472,-0.110,-1.309,0.00
40.63534,-0.110,-1.309,0.00
40.64567,-0.110,-1.309,0.00
40.65601,-0.043,-1.091,0.00
40.66632,0.024,-0.856,0.00
40.67663,0.024,-0.613,0.00
40.68703,0.092,-0.613,0.00
40.69742,0.092,-0.613,0.00
40.70819,0.151,-0.368,0.00
40.71925,0.151,-0.368,0.00
40.72932,0.201,-0.122,0.00
40.74023,0.201,-0.122,0.00
40.75038,0.240,0.136,0.00
40.76053,0.270,0.421,0.00
40.77083,0.270,0.421,0.00
40.78194,0.270,0.421,0.00
40.79210,0.301,0.650,0.00
40.80225,0.340,0.835,0.00
40.81299,0.340,0.835,0.00
40.82316,0.374,0.978,0.00
40.83335,0.374,0.978,0.00
40.84350,0.374,0.978,0.00
40.85380,0.374,0.978,0.00
40.89065,0.431,1.182,0.00
40.90084,0.431,1.182,0.00
40.91158,0.431,1.182,0.00
40.93199,0.482,1.332,0.00
40.94850,0.482,1.332,0.00
40.96021,0.507,1.452,0.00
40.99039,0.507,1.452,0.00
41.00248,0.517,1.492,0.00
41.01348,0.517,1.492,0.00
41.02734,0.515,1.586,0.00
41.03776,0.515,1.586,0.00
41.05342,0.515,1.586,0.00
41.06413,0.515,1.586,0.00
41.07434,0.515,1.586,0.00
41.09091,0.504,1.584,0.00
41.10663,0.504,1.584,0.00
41.12266,0.504,1.581,0.00
41.13508,0.471,1.581,0.00
41.14689,0.448,1.580,0.00
41.15968,0.448,1.580,0.00
41.16991,0.423,1.576,0.00
41.18007,0.423,1.576,0.00
41.19024,0.423,1.572,0.00
41.20128,0.391,1.572,0.00
41.21264,0.358,1.572,0.00
41.22398,0.326,1.572,0.00
41.23507,0.326,1.556,0.00
41.24531,0.326,1.556,0.00
41.25730,0.298,1.546,0.00
41.27345,0.275,1.539,0.00
41.29561,0.255,1.539,0.00
41.31155,0.239,1.530,0.00
41.32203,0.239,1.527,0.00
41.33250,0.228,1.527,0.00
41.34315,0.228,1.523,0.00
41.35409,0.222,1.523,0.00
41.36429,0.222,1.521,0.00
41.37842,0.215,1.521,0.00
41.39457,0.210,1.517,0.00
41.40717,0.206,1.509,0.00
41.42719,0.206,1.502,0.00
41.43971,0.206,1.502,0.00
41.44992,0.206,1.502,0.00
41.46007,0.206,1.502,0.00
41.47575,0.226,1.496,0.00
41.49080,0.237,1.496,0.00
41.50324,0.237,1.496,0.00
41.52023,0.237,1.503,0.00
41.53597,0.269,1.515,0.00
41.54646,0.269,1.529,0.00
41.55691,0.284,1.529,0.00
41.56739,0.284,1.548,0.00
41.57803,0.298,1.548,0.00
41.59494,0.305,1.568,0.00
41.61137,0.305,1.582,0.00
41.62556,0.310,1.582,0.00
41.63824,0.311,1.593,0.00
41.65504,0.309,1.610,0.00
41.66879,0.309,1.630,0.00
41.67925,0.309,1.649,0.00
41.68991,0.304,1.649,0.00
41.70314,0.304,1.670,0.00
41.72354,0.305,1.670,0.00
41.73975,0.304,1.694,0.00
41.75120,0.304,1.721,0.00
41.76654,0.300,1.721,0.00
41.78237,0.295,1.743,0.00
41.79651,0.295,1.743,0.00
41.81257,0.295,1.743,0.00
41.82536,0.288,1.781,0.00
41.84587,0.278,1.819,0.00
41.85616,0.278,1.819,0.00
41.91548,0.247,1.819,0.00
41.97702,0.241,1.958,0.00
41.98833,0.212,0.404,0.00
41.99853,-0.093,0.404,0.00
42.00871,-0.106,0.414,0.00
42.01886,-0.106,0.414,0.00
42.02902,-0.106,0.414,0.00
42.03921,-0.148,0.422,0.00
42.04937,-0.148,0.428,0.00
42.05956,-0.148,0.428,0.00
42.06966,-0.148,0.428,0.00
42.07982,-0.183,0.426,0.00
42.08997,-0.183,0.426,0.00
42.10017,-0.183,0.420,0.00
42.11038,-0.192,0.420,0.00
42.12054,-0.194,0.410,0.00
42.13078,-0.194,0.410,0.00
42.14097,-0.196,0.401,0.00
42.15119,-0.196,0.401,0.00
42.16134,-0.200,0.385,0.00
42.17152,-0.200,0.385,0.00
42.18168,-0.206,0.385,0.00
42.19184,-0.206,0.367,0.00
42.20213,-0.212,0.347,0.00
42.21277,-0.212,0.347,0.00
42.22293,-0.216,0.323,0.00
42.23318,-0.224,0.323,0.00
42.24335,-0.224,0.305,0.00
42.25351,-0.226,0.305,0.00
42.26378,-0.226,0.292,0.00
42.27422,-0.226,0.292,0.00
42.28458,-0.228,0.280,0.00
42.29479,-0.228,0.280,0.00
42.30499,-0.230,0.265,0.00
42.31514,-0.230,0.265,0.00
42.32529,-0.237,0.252,0.00
42.33544,-0.237,0.252,0.00
42.34570,-0.248,0.247,0.00
42.35586,-0.248,0.243,0.00
42.36602,-0.260,0.243,0.00
42.37644,-0.274,0.240,0.00
42.38660,-0.274,0.240,0.00
42.39757,-0.289,0.238,0.00
42.40773,-0.289,0.238,0.00
42.41798,-0.300,0.238,0.00
42.42814,-0.300,0.238,0.00
42.43829,-0.310,0.237,0.00
42.44844,-0.310,0.237,0.00
42.45858,-0.310,0.238,0.00
42.46884,-0.316,0.238,0.00
42.47908,-0.321,0.238,0.00
42.48953,-0.321,0.238,0.00
42.49984,-0.324,0.232,0.00
42.51002,-0.324,0.232,0.00
42.52017,-0.324,0.232,0.00
42.53036,-0.324,0.232,0.00
42.54052,-0.328,0.227,0.00
42.55083,-0.332,0.220,0.00
42.56098,-0.333,0.211,0.00
42.57123,-0.333,0.211,0.00
42.58137,-0.333,0.202,0.00
42.59267,-0.334,0.202,0.00
42.60283,-0.342,0.191,0.00
42.61308,-0.342,0.191,0.00
42.62326,-0.347,0.183,0.00
42.63373,-0.347,0.183,0.00
42.64393,-0.353,0.176,0.00
42.65434,-0.356,0.176,0.00
42.66451,-0.356,0.169,0.00
42.67466,-0.356,0.169,0.00
42.68483,-0.356,0.163,0.00
42.69499,-0.358,0.155,0.00
42.70516,-0.359,0.155,0.00
42.71531,-0.357,0.142,0.00
42.72578,-0.357,0.142,0.00
42.73594,-0.357,0.132,0.00
42.74608,-0.356,0.132,0.00
42.75623,-0.356,0.126,0.00
42.76638,-0.356,0.126,0.00
42.77762,-0.356,0.114,0.00
42.78778,-0.360,0.114,0.00
42.79794,-0.363,0.103,0.00
42.80809,-0.363,0.103,0.00
42.81839,-0.363,0.103,0.00
42.82868,-0.364,0.095,0.00
42.83910,-0.364,0.080,0.00
42.84946,-0.365,0.080,0.00
42.85978,-0.368,0.070,0.00
42.87009,-0.368,0.070,0.00
42.88045,-0.368,0.070,0.00
42.89210,-0.368,0.070,0.00
42.90235,-0.368,0.070,0.00
42.91285,-0.368,0.070,0.00
42.92301,-0.368,0.070,0.00
42.93317,-0.368,0.070,0.00
42.94340,-0.368,0.070,0.00
42.95352,-0.375,0.068,0.00
42.96378,-0.379,0.067,0.00
42.97398,-0.381,0.068,0.00
42.98413,-0.384,0.068,0.00
42.99446,-0.386,0.068,0.00
43.00474,-0.389,0.069,0.00
43.01529,-0.389,0.069,0.00
43.02557,-0.389,0.068,0.00
43.03574,-0.389,0.068,0.00
43.04598,-0.389,0.066,0.00
43.05725,-0.389,0.066,0.00
43.06790,-0.388,0.065,0.00
43.07835,-0.386,0.066,0.00
43.08874,-0.386,0.066,0.00
43.09912,-0.382,0.066,0.00
43.10948,-0.382,0.065,0.00
43.11979,-0.382,0.065,0.00
43.13015,-0.376,0.062,0.00
43.14052,-0.370,0.060,0.00
43.15122,-0.370,0.060,0.00
43.16138,-0.365,0.057,0.00
43.17165,-0.365,0.057,0.00
43.18189,-0.360,0.057,0.00
43.19277,-0.360,0.051,0.00
43.20310,-0.360,0.051,0.00
43.21349,-0.354,0.046,0.00
43.22365,-0.354,0.042,0.00
43.23404,-0.356,0.042,0.00
43.24435,-0.356,0.042,0.00
43.25461,-0.356,0.042,0.00
43.26488,-0.356,0.046,0.00
43.27504,-0.356,0.046,0.00
43.28520,-0.356,0.046,0.00
43.29537,-0.355,0.053,0.00
43.30553,-0.349,0.061,0.00
43.31570,-0.344,0.068,0.00
43.32585,-0.344,0.068,0.00
43.33601,-0.344,0.068,0.00
43.34621,-0.338,0.078,0.00
43.35648,-0.332,0.078,0.00
43.36667,-0.332,0.084,0.00
43.37689,-0.332,0.084,0.00
43.38708,-0.332,0.084,0.00
43.39725,-0.327,0.095,0.00
43.40741,-0.324,0.105,0.00
43.41756,-0.323,0.112,0.00
43.42778,-0.323,0.112,0.00
43.43832,-0.322,0.122,0.00
43.44848,-0.322,0.122,0.00
43.45915,-0.318,0.127,0.00
43.46932,-0.318,0.127,0.00
43.47947,-0.315,0.129,0.00
43.48965,-0.315,0.129,0.00
43.49981,-0.312,0.129,0.00
43.50997,-0.312,0.138,0.00
43.52013,-0.311,0.143,0.00
43.53028,-0.311,0.143,0.00
43.54057,-0.307,0.147,0.00
43.55100,-0.307,0.147,0.00
43.56126,-0.305,0.147,0.00
43.57221,-0.305,0.154,0.00
43.58238,-0.304,0.157,0.00
43.59252,-0.304,0.157,0.00
43.60277,-0.302,0.160,0.00
43.61327,-0.302,0.160,0.00
43.62373,-0.298,0.163,0.00
43.63430,-0.298,0.163,0.00
43.64446,-0.298,0.168,0.00
43.65462,-0.293,0.172,0.00
43.66501,-0.285,0.172,0.00
43.67550,-0.271,0.172,0.00
43.68593,-0.271,0.172,0.00
43.69694,-0.247,0.172,0.00
43.70740,-0.247,0.174,0.00
43.71756,-0.247,0.174,0.00
43.72772,-0.150,0.178,0.00
43.73788,-0.150,0.178,0.00
43.74802,-0.150,0.178,0.00
43.75818,0.937,0.180,0.00
43.76850,0.937,0.180,0.00
43.77864,2.340,0.182,0.00
43.78895,2.340,0.182,0.00
43.79953,4.056,0.183,0.00
43.80977,4.056,0.183,0.00
43.82023,6.335,0.186,0.00
43.83039,6.335,0.186,0.00
43.84065,6.335,0.186,0.00
43.85213,8.868,0.191,0.00
43.87486,11.620,0.196,0.00
43.88505,14.647,0.206,0.00
43.89537,14.647,0.226,0.00
43.90647,17.737,0.226,10.50
43.91680,20.611,0.249,10.50
43.92708,20.611,0.249,10.50
43.93852,23.034,0.249,10.50
43.94886,23.034,0.271,10.50
43.95926,24.793,0.271,10.50
43.97035,24.793,0.295,10.50
43.98085,25.741,0.317,10.50
43.99169,25.741,0.317,10.50
44.01822,26.014,0.314,10.50
44.02855,26.044,0.314,10.50
44.05142,26.044,0.276,10.50
44.06182,26.219,0.276,10.50
44.08220,26.414,0.097,10.50
44.09251,26.169,0.097,10.50
44.11514,25.374,-0.050,10.50
44.12546,24.184,-0.176,10.50
44.14662,22.603,-0.370,11.00
44.15708,20.488,-0.370,11.00
44.16722,20.488,-0.601,11.00
44.17903,20.488,-0.805,11.00
44.18924,17.772,-0.805,11.00
44.19941,14.596,-0.907,11.00
44.21007,14.596,-0.907,11.50
44.22040,11.343,-0.898,11.50
44.23083,11.343,-0.898,11.50
44.24294,8.552,-0.794,12.50
44.25322,8.552,-0.794,12.50
44.26338,6.061,-0.622,12.50
44.27560,6.061,-0.430,14.00
44.28576,3.735,-0.430,14.00
44.29598,3.735,-0.430,14.00
44.30613,1.770,-0.266,15.50
44.31648,1.770,-0.266,15.50
44.32689,0.209,-0.120,15.50
44.35411,0.209,0.001,17.50
44.36445,-0.931,0.118,17.50
44.38608,-0.931,0.118,20.00
44.39632,-0.583,0.228,20.00
44.41810,-0.583,0.332,22.00
44.42845,-0.883,0.458,22.00
44.43926,-0.883,0.593,22.00
44.45055,-0.980,0.593,23.50
44.46072,-0.686,0.704,23.50
44.47099,-0.686,0.704,23.50
44.48236,-0.462,0.781,24.50
44.49278,-0.462,0.781,24.50
44.50330,-0.453,0.801,24.50
44.51479,-0.453,0.801,25.00
44.52504,-0.523,0.801,25.00
44.53537,-0.580,0.763,25.00
44.54566,-0.580,0.692,25.00
44.56295,-0.629,0.692,25.50
44.57317,-0.629,0.653,25.50
44.59402,-0.673,0.653,25.50
44.60421,-0.702,0.790,25.50
44.62724,-0.730,1.030,26.00
44.63745,-0.730,1.030,26.00
44.65858,-0.760,1.480,26.00
44.66893,-0.811,2.010,26.00
44.67925,-0.863,2.719,26.00
44.69211,-0.863,2.719,26.00
44.70246,-0.886,3.648,26.00
44.71273,-0.886,3.648,26.00
44.72289,-0.885,4.899,26.00
44.73414,-0.866,4.899,26.00
44.74451,-0.866,6.286,26.00
44.75467,-0.846,7.667,26.00
44.76482,-0.846,7.667,26.00
44.77525,-0.839,9.156,26.00
44.78628,-0.839,9.156,26.00
44.79659,-0.841,9.156,26.00
44.80730,-0.841,11.442,26.00
44.83413,-0.841,11.442,26.00
44.84431,-0.881,16.770,26.00
44.86655,-0.907,19.937,26.00
44.88238,-0.931,23.245,26.00
44.89940,-0.950,23.245,26.00
44.91060,-0.950,26.567,26.00
44.93116,-0.954,29.771,26.00
44.94151,-0.954,32.876,26.00
44.96232,-0.954,32.876,26.00
44.97300,-0.959,35.998,26.00
44.98297,-0.969,38.573,26.00
44.99515,-0.969,38.573,26.00
45.00580,-0.969,41.023,26.00
45.01595,-0.969,41.023,26.00
45.02645,-0.969,43.392,26.00
45.03665,-0.959,43.392,26.00
45.04686,-0.952,45.624,26.00
45.05832,-0.949,45.624,26.00
45.06861,-0.949,47.642,26.00
45.07878,-0.949,47.642,26.00
45.09275,-0.950,51.199,26.00
45.10329,-0.960,51.199,26.00
45.11356,-0.960,52.856,26.00
45.12373,-0.974,52.856,0.00
45.13388,-0.974,52.856,0.00
45.14404,-0.985,54.142,0.00
45.15419,-0.985,54.142,0.00
45.16433,-0.993,55.229,0.00
45.17448,-0.998,56.105,0.00
45.18464,-0.998,56.105,0.00
45.19667,-0.998,56.105,0.00
45.20683,-0.996,56.808,0.00
45.21798,-0.996,56.808,0.00
45.22814,-0.989,57.332,0.00
45.23842,-0.989,57.332,0.00
45.24880,-0.976,57.719,0.00
45.25895,-0.968,57.967,0.00
45.26912,-0.968,57.967,0.00
45.27928,-0.968,58.144,0.00
45.28989,-0.965,58.144,0.00
45.30033,-0.962,58.262,0.00
45.31051,-0.962,58.262,0.00
45.32066,-0.959,58.255,0.00
45.33083,-0.959,58.255,0.00
45.34110,-0.959,58.255,0.00
45.35174,-0.959,58.199,0.00
45.36190,-0.962,58.049,0.00
45.37207,-0.962,58.049,0.00
45.38223,-0.962,58.049,0.00
45.39238,-0.973,57.764,0.00
45.40306,-0.994,57.259,0.00
45.41322,-0.994,57.259,0.00
45.42347,-1.018,56.448,0.00
45.43362,-1.038,55.402,0.00
45.44377,-1.038,55.402,0.00
45.45394,-1.038,55.402,0.00
45.46410,-1.051,54.183,0.00
45.47625,-1.051,54.183,0.00
45.48642,-1.052,52.989,0.00
45.49659,-1.052,52.989,0.00
45.50676,-1.042,51.582,0.00
45.51691,-1.028,49.997,0.00
45.52707,-1.028,49.997,0.00
45.53722,-1.015,48.390,0.00
45.54737,-1.015,48.390,0.00
45.55753,-1.006,48.390,0.00
45.56769,-1.006,46.831,0.00
45.57857,-1.006,46.831,0.00
45.58873,-0.996,45.348,0.00
45.59903,-0.983,43.777,0.00
45.60919,-0.983,43.777,0.00
45.61936,-0.967,41.734,0.00
45.62952,-0.967,41.734,0.00
45.63968,-0.967,41.734,0.00
45.65002,-0.941,39.718,0.00
45.66001,-0.908,37.581,0.00
45.67087,-0.908,37.581,0.00
45.68106,-0.871,35.336,0.00
45.69122,-0.871,35.336,0.00
45.70137,-0.838,32.996,0.00
45.71154,-0.838,32.996,0.00
45.72171,-0.802,30.570,0.00
45.73187,-0.802,30.570,0.00
45.74202,-0.753,28.035,0.00
45.75218,-0.753,28.035,0.00
45.76234,-0.701,25.380,0.00
45.77251,-0.648,22.380,0.00
45.78267,-0.648,22.380,0.00
45.79434,-0.648,22.380,0.00
45.80450,-0.648,19.848,0.00
45.81466,-0.590,19.848,0.00
45.82481,-0.543,17.430,0.00
45.83558,-0.543,17.430,0.00
45.84575,-0.500,15.048,0.00
45.85624,-0.500,12.673,0.00
45.86640,-0.468,12.673,0.00
45.87665,-0.468,10.343,0.00
45.88710,-0.449,10.343,0.00
45.89733,-0.449,10.343,0.00
45.90763,-0.451,8.182,0.00
45.91833,-0.464,6.313,0.00
45.92851,-0.464,6.313,0.00
45.93901,-0.479,4.313,0.00
45.94949,-0.479,4.313,0.00
45.95980,-0.479,2.695,0.00
45.97013,-0.492,2.695,0.00
45.98045,-0.513,1.313,0.00
45.99136,-0.513,1.313,0.00
46.00157,-0.529,0.207,0.00
46.01175,-0.529,0.207,0.00
46.02216,-0.529,0.207,0.00
46.03243,-0.531,-1.351,0.00
46.04259,-0.527,-1.351,0.00
46.05276,-0.527,-1.351,0.00
46.06288,-0.519,-1.929,0.00
46.07304,-0.519,-1.929,0.00
46.08320,-0.495,-2.495,0.00
46.09341,-0.495,-2.495,0.00
46.10349,-0.462,-3.092,0.00
46.11365,-0.462,-3.092,0.00
46.12381,-0.414,-3.474,0.00
46.13397,-0.414,-3.474,0.00
46.14413,-0.365,-3.741,0.00
46.15428,-0.365,-3.741,0.00
46.16446,-0.365,-3.741,0.00
46.17462,-0.320,-3.890,0.00
46.18506,-0.271,-3.931,0.00
46.19523,-0.271,-3.931,0.00
46.20538,-0.211,-3.849,0.00
46.21554,-0.211,-3.849,0.00
46.22569,-0.148,-3.709,0.00
46.23590,-0.148,-3.709,0.00
46.24605,-0.086,-3.541,0.00
46.25620,-0.086,-3.541,0.00
46.26742,-0.086,-3.541,0.00
46.27889,-0.018,-3.291,0.00
46.28918,0.049,-2.996,0.00
46.29952,0.049,-2.996,0.00
46.30972,0.049,-2.688,0.00
46.31988,0.170,-2.407,0.00
46.33004,0.170,-2.407,0.00
46.34019,0.213,-2.154,0.00
46.35191,0.213,-2.154,0.00
46.36199,0.241,-1.910,0.00
46.37231,0.241,-1.910,0.00
46.38260,0.265,-1.669,0.00
46.39298,0.265,-1.669,0.00
46.40364,0.265,-1.669,0.00
46.41380,0.287,-1.244,0.00
46.42395,0.304,-1.244,0.00
46.43416,0.304,-1.136,0.00
46.44430,0.314,-1.136,0.00
46.45514,0.314,-1.136,0.00
46.46541,0.320,-1.077,0.00
46.47557,0.323,-1.040,0.00
46.48571,0.323,-1.040,0.00
46.49589,0.323,-1.040,0.00
46.50622,0.327,-1.017,0.00
46.51656,0.327,-1.004,0.00
46.52708,0.314,-1.004,0.00
46.53745,0.284,-0.996,0.00
46.54774,0.284,-0.996,0.00
46.55790,0.231,-0.981,0.00
46.56807,0.231,-0.981,0.00
46.57823,0.160,-0.981,0.00
46.58839,0.160,-0.965,0.00
46.59855,0.160,-0.965,0.00
46.60873,0.083,-0.955,0.00
46.61916,0.083,-0.955,0.00
46.63027,-0.008,-0.959,0.00
46.66867,-0.102,-1.016,0.00
46.67932,-0.187,-1.016,0.00
46.69024,-0.260,-1.016,0.00
46.70708,-0.323,-1.175,0.00
46.71809,-0.384,-1.175,0.00
46.72828,-0.384,-1.271,0.00
46.74386,-0.384,-1.271,0.00
46.77104,-0.488,-1.498,0.00
46.79803,-0.537,-1.603,0.00
46.80904,-0.537,-1.698,0.00
46.82441,-0.579,-1.698,0.00
46.84196,-0.618,-1.778,0.00
46.85293,-0.648,-1.778,0.00
46.86861,-0.666,-1.885,0.00
46.87938,-0.666,-1.885,0.00
46.89756,-0.674,-1.912,0.00
46.91454,-0.671,-1.908,0.00
46.92834,-0.671,-1.879,0.00
46.93931,-0.644,-1.879,0.00
46.96737,-0.629,-1.782,0.00
46.97809,-0.629,-1.782,0.00
47.00210,-0.615,-1.730,0.00
47.01396,-0.604,-1.730,0.00
47.06296,-0.598,-1.637,0.00
47.07943,-0.598,-1.578,0.00
47.09046,-0.598,-1.578,0.00
47.10183,-0.596,-1.578,0.00
47.11890,-0.593,-1.523,0.00
47.13920,-0.592,-1.491,0.00
47.15142,-0.595,-1.453,0.00
47.16775,-0.595,-1.411,0.00
47.17863,-0.600,-1.411,0.00
47.18929,-0.600,-1.411,0.00
47.19950,-0.600,-1.411,0.00
47.21580,-0.607,-1.369,0.00
47.23113,-0.616,-1.334,0.00
47.24733,-0.629,-1.281,0.00
47.26529,-0.635,-1.264,0.00
47.28645,-0.635,-1.255,0.00
47.31702,-0.649,-1.253,0.00
47.33484,-0.659,-1.256,0.00
47.34563,-0.668,-1.256,0.00
47.35637,-0.668,-1.256,0.00
47.36752,-0.668,-1.288,0.00
47.37798,-0.676,-1.288,0.00
47.39233,-0.686,-1.303,0.00
47.40775,-0.697,-1.303,0.00
47.41844,-0.697,-1.303,0.00
47.42936,-0.706,-1.303,0.00
47.44173,-0.706,-1.303,0.00
47.46486,-0.716,-1.369,0.00
47.48443,-0.726,-1.369,0.00
47.49785,-0.734,-1.403,0.00
47.51351,-0.739,-1.439,0.00
47.53197,-0.742,-1.478,0.00
47.54768,-0.744,-1.478,0.00
47.55790,-0.744,-1.478,0.00
47.57060,-0.743,-1.575,0.00
47.58580,-0.741,-1.618,0.00
47.59697,-0.741,-1.618,0.00
47.60903,-0.738,-1.618,0.00
47.62482,-0.737,-1.691,0.00
47.68451,-0.737,-1.771,0.00
47.74935,-0.734,-1.782,0.00
47.75971,-0.737,-1.776,0.00
47.76987,-0.108,-0.324,0.00
47.78030,-0.108,-0.311,0.00
47.79111,-0.111,-0.311,0.00
47.80130,-0.111,-0.311,0.00
47.81153,-0.113,-0.293,0.00
47.82169,-0.115,-0.276,0.00
47.83189,-0.115,-0.276,0.00
47.84205,-0.118,-0.260,0.00
47.85269,-0.118,-0.260,0.00
47.86306,-0.119,-0.243,0.00
47.87351,-0.119,-0.243,0.00
47.88366,-0.122,-0.221,0.00
47.89415,-0.122,-0.221,0.00
47.90432,-0.122,-0.221,0.00
47.91462,-0.127,-0.198,0.00
47.92477,-0.127,-0.176,0.00
47.93499,-0.127,-0.176,0.00
47.94540,-0.131,-0.155,0.00
47.95556,-0.131,-0.155,0.00
47.96571,-0.133,-0.135,0.00
47.97587,-0.136,-0.117,0.00
47.98601,-0.136,-0.117,0.00
47.99616,-0.136,-0.117,0.00
48.00632,-0.137,-0.101,0.00
48.01647,-0.137,-0.093,0.00
48.02686,-0.137,-0.093,0.00
48.03701,-0.137,-0.082,0.00
48.04717,-0.137,-0.082,0.00
48.05730,-0.137,-0.082,0.00
48.06746,-0.136,-0.072,0.00
48.07761,-0.134,-0.071,0.00
48.08780,-0.134,-0.071,0.00
48.09794,-0.132,-0.069,0.00
48.10808,-0.132,-0.069,0.00
48.11826,-0.132,-0.069,0.00
48.12843,-0.128,-0.067,0.00
48.13858,-0.128,-0.067,0.00
48.14874,-0.120,-0.069,0.00
48.15889,-0.120,-0.069,0.00
48.16904,-0.113,-0.071,0.00
48.17931,-0.102,-0.067,0.00
48.18965,-0.102,-0.067,0.00
48.19992,-0.093,-0.063,0.00
48.21024,-0.093,-0.063,0.00
48.22054,-0.085,-0.058,0.00
48.23083,-0.085,-0.058,0.00
48.24104,-0.085,-0.058,0.00
48.25124,-0.085,-0.058,0.00
48.26148,-0.085,-0.052,0.00
48.27186,-0.075,-0.047,0.00
48.28193,-0.075,-0.042,0.00
48.29398,-0.075,-0.035,0.00
48.30416,-0.077,-0.035,0.00
48.31432,-0.077,-0.023,0.00
48.32448,-0.081,-0.023,0.00
48.33494,-0.081,-0.009,0.00
48.34512,-0.085,-0.009,0.00
48.35529,-0.085,-0.009,0.00
48.36555,-0.089,0.004,0.00
48.37571,-0.089,0.004,0.00
48.38587,-0.092,0.018,0.00
48.39604,-0.094,0.030,0.00
48.40625,-0.094,0.030,0.00
48.41640,-0.094,0.030,0.00
48.42687,-0.094,0.036,0.00
48.43710,-0.094,0.036,0.00
48.44735,-0.092,0.041,0.00
48.45750,-0.089,0.041,0.00
48.46765,-0.089,0.041,0.00
48.47783,-0.089,0.041,0.00
48.48799,-0.085,0.034,0.00
48.49814,-0.080,0.022,0.00
48.50829,-0.080,0.022,0.00
48.51855,-0.077,0.022,0.00
48.52891,-0.077,0.005,0.00
48.53918,-0.075,-0.011,0.00
48.54953,-0.075,-0.011,0.00
48.56013,-0.075,-0.011,0.00
48.57200,-0.074,-0.021,0.00
48.58220,-0.074,-0.021,0.00
48.59262,-0.075,-0.029,0.00
48.60286,-0.075,-0.036,0.00
48.61315,-0.072,-0.036,0.00
48.62363,-0.072,-0.045,0.00
48.63394,-0.071,-0.045,0.00
48.64410,-0.070,-0.055,0.00
48.65426,-0.070,-0.055,0.00
48.66442,-0.067,-0.066,0.00
48.67464,-0.067,-0.066,0.00
48.68487,-0.063,-0.075,0.00
48.69501,-0.057,-0.085,0.00
48.70523,-0.057,-0.085,0.00
48.71540,-0.057,-0.085,0.00
48.72555,-0.049,-0.090,0.00
48.73571,-0.049,-0.090,0.00
48.74587,-0.043,-0.086,0.00
48.75660,-0.043,-0.086,0.00
48.76682,-0.039,-0.079,0.00
48.77698,-0.039,-0.079,0.00
48.78715,-0.032,-0.073,0.00
48.79748,-0.024,-0.063,0.00
48.80779,-0.024,-0.063,0.00
48.81824,-0.017,-0.055,0.00
48.82839,-0.017,-0.055,0.00
48.83854,-0.017,-0.050,0.00
48.84892,-0.011,-0.050,0.00
48.85925,-0.011,-0.042,0.00
48.87008,-0.006,-0.042,0.00
48.88023,-0.002,-0.034,0.00
48.89051,-0.002,-0.034,0.00
48.90074,-0.002,-0.034,0.00
48.91086,0.002,-0.027,0.00
48.92101,0.005,-0.018,0.00
48.93129,0.005,-0.018,0.00
48.94143,0.007,-0.007,0.00
48.95159,0.007,-0.007,0.00
48.96175,0.007,-0.007,0.00
48.97191,0.005,0.005,0.00
48.98209,0.004,0.019,0.00
48.99225,0.004,0.019,0.00
49.00240,0.003,0.035,0.00
49.01261,0.003,0.035,0.00
49.02301,0.005,0.050,0.00
49.03339,0.005,0.050,0.00
49.04375,0.010,0.061,0.00
49.05392,0.010,0.061,0.00
49.06407,0.010,0.074,0.00
49.07481,0.021,0.074,0.00
49.08498,0.046,0.086,0.00
49.09520,0.046,0.086,0.00
49.10535,0.069,0.092,0.00
49.11551,0.069,0.096,0.00
49.12571,0.087,0.096,0.00
49.13585,0.087,0.096,0.00
49.14601,0.105,0.103,0.00
49.15617,0.105,0.103,0.00
49.16633,0.105,0.103,0.00
49.17649,0.122,0.106,0.00
49.18666,0.173,0.107,0.00
49.19702,0.379,0.107,0.00
49.20736,0.379,0.111,0.00
49.21774,1.275,0.111,0.00
49.22798,1.275,0.116,0.00
49.23809,1.275,0.123,0.00
49.24825,3.081,0.123,0.00
49.25841,3.081,0.123,0.00
49.26872,4.383,0.129,0.00
49.27889,6.001,0.136,0.00
49.28909,6.001,0.136,0.00
49.29929,7.988,0.143,0.00
49.30945,7.988,0.143,0.00
49.31962,10.279,0.154,0.00
49.33167,10.279,0.154,0.00
49.34184,10.279,0.154,0.00
49.35326,12.886,0.176,0.00
49.36345,15.702,0.212,10.50
49.37374,15.702,0.212,10.50
49.38414,18.628,0.267,10.50
49.41575,21.418,0.404,10.50
49.44305,23.856,0.404,10.50
49.45326,25.790,0.476,10.50
49.47370,27.254,0.544,10.50
49.48389,28.298,0.592,10.50
49.50748,28.876,0.611,10.50
49.51766,29.088,0.592,10.50
49.53851,29.088,0.592,10.50
49.54871,29.088,0.592,10.50
49.55890,29.112,0.556,10.50
49.57007,29.112,0.510,10.50
49.58040,27.805,0.483,10.50
49.59056,27.805,0.483,10.50
49.60318,26.180,0.483,11.00
49.61481,26.180,0.397,11.00
49.62497,24.112,0.309,11.00
49.63556,24.112,0.309,11.00
49.64572,24.112,0.309,11.00
49.65623,21.388,0.159,11.00
49.66662,18.314,0.024,11.50
49.67794,18.314,0.024,11.50
49.68810,15.474,-0.059,11.50
49.71368,15.474,-0.059,12.50
49.72384,10.474,-0.111,12.50
49.74656,10.474,-0.111,14.00
49.75693,10.474,-0.111,14.00
49.77885,5.679,0.043,15.50
49.78908,3.334,0.043,15.50
49.81288,1.340,0.374,18.00
49.82303,-0.019,0.582,18.00
49.84320,-0.272,0.766,20.00
49.85339,-0.272,0.766,20.00
49.86356,-0.272,0.766,20.00
49.87461,-0.272,0.766,22.00
49.88494,-0.272,0.917,22.00
49.89537,-0.211,0.917,22.00
49.90764,-0.130,1.122,23.50
49.91810,-0.360,1.179,23.50
49.92852,-0.360,1.179,23.50
49.93896,-0.324,1.209,24.50
49.94919,-0.324,1.209,24.50
49.95958,-0.100,1.210,24.50
49.98650,-0.100,1.210,25.00
49.99690,-0.100,1.210,25.00
50.02059,-0.100,1.210,25.50
50.03076,0.221,1.102,25.50
50.05017,0.248,1.102,25.50
50.06037,0.248,1.025,25.50
50.08615,0.145,1.035,26.00
50.09634,0.145,1.085,26.00
50.11465,-0.006,1.770,26.00
50.12488,-0.006,1.770,26.00
50.13504,-0.046,1.770,26.00
50.14664,-0.046,2.492,26.00
50.15729,-0.077,3.400,26.00
50.16762,-0.077,3.400,26.00
50.17780,-0.077,3.400,26.00
50.18796,-0.099,4.472,26.00
50.19812,-0.099,5.683,26.00
50.21061,-0.099,5.683,26.00
50.22088,-0.099,5.683,26.00
50.23121,-0.069,7.012,26.00
50.26048,-0.030,10.428,26.00
50.27089,-0.030,10.428,26.00
50.28999,-0.033,12.401,26.00
50.30045,-0.051,15.311,26.00
50.32281,-0.097,18.180,26.00
50.33466,-0.097,18.180,26.00
50.35390,-0.176,21.172,26.00
50.36407,-0.176,24.313,26.00
50.37423,-0.262,24.313,26.00
50.38616,-0.262,27.539,26.00
50.39645,-0.336,27.539,26.00
50.40692,-0.387,30.726,26.00
50.41854,-0.387,33.678,26.00
50.42869,-0.413,33.678,26.00
50.43885,-0.414,36.417,26.00
50.45017,-0.414,36.417,26.00
50.46093,-0.401,36.417,26.00
50.47107,-0.401,38.902,26.00
50.48260,-0.386,41.535,26.00
50.49287,-0.386,41.535,26.00
50.50398,-0.374,43.797,26.00
50.51476,-0.362,45.899,26.00
50.52491,-0.362,45.899,26.00
50.53508,-0.362,45.899,26.00
50.56443,-0.351,47.822,26.00
50.57479,-0.347,49.569,26.00
50.58495,-0.344,51.133,0.00
50.59514,-0.344,51.133,0.00
50.60550,-0.342,52.518,0.00
50.61567,-0.342,53.725,0.00
50.62582,-0.344,53.725,0.00
50.63598,-0.344,53.725,0.00
50.64631,-0.354,54.913,0.00
50.65664,-0.354,54.913,0.00
50.66705,-0.354,54.913,0.00
50.67744,-0.384,56.520,0.00
50.68777,-0.384,56.520,0.00
50.69811,-0.388,57.095,0.00
50.70848,-0.388,57.095,0.00
50.71864,-0.383,57.538,0.00
50.72880,-0.383,57.538,0.00
50.73896,-0.376,57.538,0.00
50.74922,-0.376,57.861,0.00
50.75953,-0.376,58.094,0.00
50.76971,-0.363,58.094,0.00
50.77987,-0.345,58.198,0.00
50.79051,-0.345,58.198,0.00
50.80067,-0.345,58.198,0.00
50.81088,-0.323,58.280,0.00
50.82104,-0.300,58.252,0.00
50.83120,-0.300,58.252,0.00
50.84136,-0.282,58.055,0.00
50.85151,-0.282,58.055,0.00
50.86167,-0.272,57.651,0.00
50.87183,-0.272,57.651,0.00
50.88198,-0.269,57.021,0.00
50.89214,-0.269,57.021,0.00
50.90226,-0.271,56.270,0.00
50.91241,-0.271,56.270,0.00
50.92257,-0.279,55.446,0.00
50.93273,-0.279,55.446,0.00
50.94288,-0.289,54.533,0.00
50.95481,-0.289,54.533,0.00
50.96496,-0.301,53.369,0.00
50.97511,-0.317,53.369,0.00
50.98527,-0.317,52.235,0.00
50.99542,-0.338,52.235,0.00
51.00558,-0.338,51.082,0.00
51.01576,-0.361,49.955,0.00
51.02603,-0.361,49.955,0.00
51.03628,-0.361,49.955,0.00
51.04657,-0.381,48.809,0.00
51.05672,-0.381,47.547,0.00
51.06691,-0.407,47.547,0.00
51.07707,-0.433,46.067,0.00
51.08723,-0.433,46.067,0.00
51.09739,-0.451,44.453,0.00
51.10755,-0.451,44.453,0.00
51.11774,-0.451,44.453,0.00
51.12789,-0.459,42.563,0.00
51.13805,-0.461,40.765,0.00
51.14821,-0.461,40.765,0.00
51.15837,-0.457,38.791,0.00
51.16854,-0.457,38.791,0.00
51.17879,-0.457,38.791,0.00
51.18909,-0.447,36.719,0.00
51.19933,-0.435,34.582,0.00
51.20948,-0.435,34.582,0.00
51.21963,-0.422,34.582,0.00
51.22993,-0.422,32.365,0.00
51.24005,-0.406,32.365,0.00
51.25019,-0.406,30.029,0.00
51.26051,-0.392,27.566,0.00
51.27216,-0.392,27.566,0.00
51.28234,-0.379,24.798,0.00
51.29265,-0.379,24.798,0.00
51.30280,-0.369,22.393,0.00
51.31296,-0.369,22.393,0.00
51.32312,-0.360,20.018,0.00
51.33327,-0.360,20.018,0.00
51.34353,-0.349,17.652,0.00
51.35499,-0.349,17.652,0.00
51.36519,-0.340,15.336,0.00
51.37535,-0.340,15.336,0.00
51.38551,-0.338,13.105,0.00
51.39566,-0.338,10.928,0.00
51.40582,-0.337,10.928,0.00
51.41598,-0.337,10.928,0.00
51.42815,-0.337,8.843,0.00
51.43831,-0.339,6.652,0.00
51.44847,-0.339,6.652,0.00
51.45862,-0.341,4.874,0.00
51.46878,-0.341,4.874,0.00
51.47894,-0.342,3.301,0.00
51.48916,-0.342,3.301,0.00
51.49948,-0.337,1.917,0.00
51.50968,-0.337,1.917,0.00
51.51983,-0.326,0.695,0.00
51.52999,-0.326,0.695,0.00
51.54015,-0.307,-0.360,0.00
51.55033,-0.307,-0.360,0.00
51.56049,-0.282,-1.220,0.00
51.57182,-0.282,-1.220,0.00
51.58220,-0.247,-1.902,0.00
51.59436,-0.247,-1.902,0.00
51.60453,-0.208,-2.299,0.00
51.61479,-0.208,-2.569,0.00
51.62496,-0.165,-2.569,0.00
51.63513,-0.165,-2.569,0.00
51.64529,-0.122,-2.770,0.00
51.65545,-0.122,-2.770,0.00
51.66560,-0.082,-2.809,0.00
51.67577,-0.040,-2.701,0.00
51.68593,-0.040,-2.701,0.00
51.69610,0.006,-2.524,0.00
51.70627,0.006,-2.524,0.00
51.71642,0.053,-2.331,0.00
51.72659,0.053,-2.331,0.00
51.73686,0.113,-2.123,0.00
51.74703,0.113,-2.123,0.00
51.75719,0.113,-2.123,0.00
51.76752,0.188,-1.843,0.00
51.77767,0.188,-1.556,0.00
51.78785,0.276,-1.556,0.00
51.79801,0.276,-1.242,0.00
51.80819,0.371,-1.242,0.00
51.81865,0.470,-0.904,0.00
51.82917,0.470,-0.904,0.00
51.83957,0.470,-0.567,0.00
51.85020,0.572,-0.567,0.00
51.86048,0.666,-0.259,0.00
51.87252,0.744,-0.259,0.00
51.88292,0.744,0.028,0.00
51.89324,0.744,0.028,0.00
51.90336,0.812,0.303,0.00
51.91363,0.812,0.303,0.00
51.92379,0.868,0.626,0.00
51.93398,0.868,0.626,0.00
51.94416,0.905,0.862,0.00
51.95432,0.905,0.862,0.00
51.96476,0.905,0.862,0.00
51.97523,0.905,0.862,0.00
51.98545,0.905,0.862,0.00
51.99561,0.929,0.862,0.00
52.00576,0.943,1.065,0.00
52.01606,0.924,1.390,0.00
52.02622,0.924,1.510,0.00
52.03643,0.924,1.510,0.00
52.04654,0.902,1.601,0.00
52.05670,0.902,1.601,0.00
52.06686,0.865,1.678,0.00
52.07700,0.865,1.722,0.00
52.09194,0.818,1.722,0.00
52.10768,0.771,1.764,0.00
52.11840,0.771,1.794,0.00
52.13457,0.724,1.794,0.00
52.14495,0.681,1.810,0.00
52.15513,0.681,1.810,0.00
52.17201,0.637,1.807,0.00
52.18367,0.637,1.780,0.00
52.19482,0.637,1.780,0.00
52.21064,0.637,1.729,0.00
52.22795,0.497,1.654,0.00
52.23924,0.497,1.654,0.00
52.25003,0.451,1.654,0.00
52.26162,0.411,1.462,0.00
52.27389,0.411,1.364,0.00
52.29418,0.378,1.364,0.00
52.31917,0.330,1.364,0.00
52.33109,0.330,1.188,0.00
52.34755,0.309,1.114,0.00
52.35795,0.297,1.114,0.00
52.36842,0.297,1.041,0.00
52.39101,0.287,0.968,0.00
52.40678,0.287,0.905,0.00
52.42004,0.287,0.905,0.00
52.43813,0.272,0.852,0.00
52.45092,0.269,0.823,0.00
52.46719,0.272,0.823,0.00
52.47777,0.279,0.808,0.00
52.48897,0.279,0.810,0.00
52.50073,0.290,0.827,0.00
52.51404,0.290,0.827,0.00
52.53053,0.302,0.827,0.00
52.54633,0.302,0.882,0.00
52.55780,0.321,0.882,0.00
52.56828,0.321,0.909,0.00
52.57915,0.321,0.909,0.00
52.58990,0.323,0.909,0.00
52.60036,0.328,0.969,0.00
52.61118,0.328,0.969,0.00
52.65443,0.327,1.047,0.00
52.67040,0.327,1.093,0.00
52.68299,0.327,1.130,0.00
52.69396,0.330,1.160,0.00
52.71014,0.340,1.160,0.00
52.72117,0.349,1.201,0.00
52.74168,0.354,1.201,0.00
52.75304,0.354,1.249,0.00
52.76830,0.357,1.286,0.00
52.78135,0.357,1.286,0.00
52.79195,0.357,1.319,0.00
52.82390,0.361,1.338,0.00
52.83980,0.362,1.341,0.00
52.85595,0.362,1.340,0.00
52.86626,0.362,1.337,0.00
52.87654,0.362,1.337,0.00
52.88742,0.361,1.330,0.00
52.89782,0.361,1.316,0.00
52.90820,0.360,1.316,0.00
52.91895,0.360,1.316,0.00
52.93015,0.360,1.303,0.00
52.94041,0.360,1.283,0.00
52.95084,0.359,1.283,0.00
52.96221,0.355,1.283,0.00
52.97262,0.355,1.260,0.00
52.98856,0.350,1.234,0.00
52.99898,0.346,1.234,0.00
53.00928,0.346,1.205,0.00
53.02080,0.346,1.205,0.00
53.03106,0.347,1.174,0.00
53.04132,0.350,1.144,0.00
53.06286,0.350,1.144,0.00
53.07412,0.355,1.113,0.00
53.13188,0.355,1.113,0.00
53.19184,0.375,1.053,0.00
53.20585,0.392,-0.145,0.00
53.21603,0.041,-0.135,0.00
53.22619,0.045,-0.135,0.00
53.23635,0.052,-0.123,0.00
53.24652,0.052,-0.123,0.00
53.25668,0.060,-0.123,0.00
53.26687,0.060,-0.108,0.00
53.27716,0.060,-0.108,0.00
53.28731,0.070,-0.093,0.00
53.29748,0.082,-0.076,0.00
53.30769,0.082,-0.076,0.00
53.31781,0.100,-0.063,0.00
53.32798,0.100,-0.063,0.00
53.33815,0.100,-0.047,0.00
53.34833,0.120,-0.047,0.00
53.35850,0.120,-0.026,0.00
53.36865,0.138,-0.026,0.00
53.37894,0.138,-0.026,0.00
53.38911,0.155,-0.002,0.00
53.39957,0.155,0.018,0.00
53.41005,0.170,0.018,0.00
53.42070,0.185,0.039,0.00
53.43089,0.185,0.039,0.00
53.44105,0.200,0.057,0.00
53.45154,0.200,0.057,0.00
53.46170,0.214,0.071,0.00
53.47189,0.214,0.071,0.00
53.48204,0.224,0.087,0.00
53.49233,0.224,0.087,0.00
53.50253,0.227,0.087,0.00
53.51308,0.227,0.104,0.00
53.52348,0.225,0.119,0.00
53.53397,0.225,0.119,0.00
53.54423,0.221,0.139,0.00
53.55445,0.221,0.158,0.00
53.56461,0.215,0.158,0.00
53.57485,0.215,0.158,0.00
53.58501,0.203,0.179,0.00
53.59835,0.203,0.179,0.00
53.60854,0.189,0.194,0.00
53.61884,0.170,0.206,0.00
53.62912,0.170,0.206,0.00
53.63959,0.170,0.218,0.00
53.64987,0.151,0.218,0.00
53.66005,0.151,0.218,0.00
53.67023,0.133,0.231,0.00
53.68044,0.117,0.241,0.00
53.69066,0.117,0.241,0.00
53.70082,0.103,0.251,0.00
53.71103,0.103,0.251,0.00
53.72118,0.092,0.256,0.00
53.73135,0.092,0.256,0.00
53.74151,0.092,0.256,0.00
53.75241,0.084,0.255,0.00
53.76263,0.077,0.249,0.00
53.77282,0.077,0.249,0.00
53.78297,0.077,0.249,0.00
53.79312,0.071,0.240,0.00
53.80327,0.071,0.227,0.00
53.81349,0.066,0.227,0.00
53.82402,0.060,0.207,0.00
53.83418,0.060,0.188,0.00
53.84433,0.051,0.188,0.00
53.85460,0.051,0.188,0.00
53.86475,0.044,0.188,0.00
53.87491,0.044,0.168,0.00
53.88507,0.036,0.149,0.00
53.89522,0.030,0.149,0.00
53.90537,0.030,0.128,0.00
53.91552,0.030,0.128,0.00
53.92568,0.026,0.128,0.00
53.93602,0.026,0.104,0.00
53.94631,0.026,0.104,0.00
53.95663,0.024,0.081,0.00
53.96705,0.024,0.060,0.00
53.97728,0.024,0.060,0.00
53.98742,0.027,0.044,0.00
53.99758,0.027,0.032,0.00
54.00774,0.027,0.032,0.00
54.01789,0.027,0.032,0.00
54.02805,0.027,0.023,0.00
54.03821,0.026,0.023,0.00
54.04841,0.023,0.016,0.00
54.05861,0.023,0.016,0.00
54.06876,0.022,0.011,0.00
54.07893,0.021,0.004,0.00
54.08909,0.021,0.004,0.00
54.09926,0.020,0.004,0.00
54.10941,0.020,-0.005,0.00
54.11956,0.017,-0.011,0.00
54.13006,0.017,-0.011,0.00
54.14039,0.009,-0.014,0.00
54.15082,0.009,-0.014,0.00
54.16132,0.009,-0.014,0.00
54.17187,-0.001,-0.018,0.00
54.18202,-0.010,-0.023,0.00
54.19219,-0.010,-0.023,0.00
54.20235,-0.022,-0.031,0.00
54.21250,-0.022,-0.031,0.00
54.22267,-0.033,-0.039,0.00
54.23283,-0.033,-0.048,0.00
54.24299,-0.048,-0.048,0.00
54.25337,-0.048,-0.048,0.00
54.26353,-0.061,-0.053,0.00
54.27369,-0.061,-0.053,0.00
54.28384,-0.076,-0.062,0.00
54.29430,-0.076,-0.062,0.00
54.30471,-0.089,-0.073,0.00
54.31531,-0.089,-0.073,0.00
54.32564,-0.101,-0.085,0.00
54.33581,-0.101,-0.085,0.00
54.34612,-0.111,-0.100,0.00
54.35627,-0.111,-0.100,0.00
54.36641,-0.118,-0.121,0.00
54.37657,-0.118,-0.141,0.00
54.38684,-0.127,-0.141,0.00
54.39716,-0.127,-0.141,0.00
54.40733,-0.133,-0.159,0.00
54.41749,-0.133,-0.159,0.00
54.42765,-0.138,-0.179,0.00
54.43781,-0.138,-0.179,0.00
54.44802,-0.141,-0.200,0.00
54.45822,-0.141,-0.200,0.00
54.46839,-0.143,-0.217,0.00
54.47854,-0.146,-0.234,0.00
54.48870,-0.146,-0.234,0.00
54.49896,-0.153,-0.249,0.00
54.50917,-0.153,-0.249,0.00
54.51998,-0.153,-0.249,0.00
54.53013,-0.157,-0.261,0.00
54.54031,-0.162,-0.261,0.00
54.55057,-0.162,-0.270,0.00
54.56073,-0.169,-0.270,0.00
54.57127,-0.169,-0.276,0.00
54.58166,-0.174,-0.276,0.00
54.59236,-0.174,-0.282,0.00
54.60266,-0.174,-0.282,0.00
54.61298,-0.174,-0.283,0.00
54.62392,-0.174,-0.283,0.00
54.63432,-0.170,-0.284,0.00
54.64464,-0.165,-0.284,0.00
54.65485,-0.165,-0.282,0.00
54.66525,-0.165,-0.282,0.00
54.67541,-0.159,-0.274,0.00
54.68556,-0.157,-0.266,0.00
54.69571,-0.157,-0.266,0.00
54.70587,-0.153,-0.259,0.00
54.71616,-0.153,-0.259,0.00
54.72635,-0.150,-0.249,0.00
54.73650,-0.150,-0.249,0.00
54.74666,-0.146,-0.243,0.00
54.75684,-0.146,-0.243,0.00
54.76708,-0.144,-0.239,0.00
54.77739,-0.141,-0.228,0.00
54.78757,-0.141,-0.228,0.00
54.79798,-0.141,-0.228,0.00
54.80813,-0.139,-0.228,0.00
54.81832,-0.139,-0.214,0.00
54.82851,-0.135,-0.200,0.00
54.83899,-0.132,-0.200,0.00
54.84918,-0.132,-0.183,0.00
54.85957,-0.132,-0.183,0.00
54.86976,-0.132,-0.183,0.00
54.88004,-0.128,-0.158,0.00
54.89025,-0.124,-0.158,0.00
54.90046,-0.124,-0.150,0.00
54.91062,-0.121,-0.150,0.00
54.92465,-0.119,-0.139,0.00
54.93466,-0.119,-0.139,0.00
54.94486,-0.117,-0.129,0.00
54.95507,-0.117,-0.129,0.00
54.96555,-0.117,-0.120,0.00
54.97571,-0.117,-0.120,0.00
54.98586,-0.116,-0.108,0.00
54.99617,-0.114,-0.108,0.00
55.00633,-0.114,-0.091,0.00
55.01657,-0.114,-0.091,0.00
55.02696,-0.112,-0.080,0.00
55.03711,-0.112,-0.073,0.00
55.04726,-0.113,-0.073,0.00
55.05742,-0.113,-0.073,0.00
55.06758,-0.117,-0.066,0.00
55.07787,-0.117,-0.066,0.00
55.08825,-0.128,-0.061,0.00
55.09860,-0.128,-0.061,0.00
55.10892,-0.152,-0.057,0.00
55.11908,-0.166,-0.057,0.00
55.12924,-0.166,-0.052,0.00
55.13940,-0.129,-0.052,0.00
55.14955,-0.129,-0.049,0.00
55.15999,0.052,-0.047,0.00
55.17033,0.052,-0.047,0.00
55.18047,0.052,-0.047,0.00
55.19080,0.549,-0.043,0.00
55.20097,1.463,-0.035,0.00
55.21146,1.463,-0.035,0.00
55.22163,2.862,-0.027,0.00
55.23189,2.862,-0.027,0.00
55.24205,4.544,-0.016,0.00
55.25290,4.544,-0.016,0.00
55.26307,4.544,-0.016,0.00
55.27323,6.371,0.001,0.00
55.28338,6.371,0.001,0.00
55.29360,8.326,0.024,0.00
55.30421,10.350,0.053,0.00
55.31563,10.350,0.053,0.00
55.32586,12.466,0.089,0.00
55.33743,14.637,0.147,0.00
55.34758,14.637,0.147,10.50
55.35774,14.637,0.147,10.50
55.36816,16.869,0.205,10.50
55.38020,16.869,0.205,10.50
55.39052,19.073,0.253,10.50
55.40082,21.097,0.298,10.50
55.42565,21.097,0.298,10.50
55.43586,22.944,0.336,10.50
55.46527,26.111,0.336,10.50
55.47546,26.111,0.352,10.50
55.48958,26.111,0.352,10.50
55.49979,27.346,0.354,10.50
55.51011,28.222,0.362,10.50
55.52391,28.222,0.362,10.50
55.53407,28.608,0.383,10.50
55.54423,28.764,0.412,10.50
55.55545,28.764,0.412,10.50
55.56561,28.615,0.474,10.50
55.57575,28.120,0.476,10.50
55.58606,28.120,0.476,11.00
55.59636,28.120,0.476,11.00
55.60684,27.385,0.470,11.00
55.63466,26.420,0.398,11.50
55.64517,25.258,0.355,11.50
55.66582,25.258,0.355,12.00
55.67602,23.932,0.351,12.00
55.69953,22.477,0.346,12.50
55.71004,20.951,0.356,12.50
55.72955,20.951,0.356,14.00
55.73971,17.959,0.381,14.00
55.76196,17.959,0.403,16.00
55.77218,16.460,0.403,16.00
55.78234,14.882,0.403,16.00
55.79532,13.266,0.496,18.00
55.80562,13.266,0.496,18.00
55.81579,11.788,0.496,18.00
55.82596,11.788,0.571,20.00
55.83697,11.788,0.571,20.00
55.84726,10.474,0.637,20.00
55.85798,10.474,0.637,22.00
55.86836,9.308,0.718,22.00
55.87880,9.308,0.718,22.00
55.89009,9.308,0.791,23.50
55.90030,8.340,0.830,23.50
55.91047,7.567,0.830,23.50
55.92250,7.000,0.825,24.50
55.93317,7.000,0.825,24.50
55.94333,6.538,0.798,24.50
55.96960,6.538,0.798,25.00
55.97979,5.649,0.641,25.00
56.00174,5.649,0.641,25.50
56.01191,5.197,0.532,25.50
56.03455,4.706,0.467,25.50
56.04498,4.194,0.444,25.50
56.06756,3.681,0.486,26.00
56.07772,3.219,0.486,26.00
56.09808,2.884,0.651,26.00
56.10854,2.884,0.893,26.00
56.11919,2.690,0.893,26.00
56.13038,2.690,1.301,26.00
56.14054,2.690,2.052,26.00
56.15080,2.598,2.052,26.00
56.16212,2.598,3.007,26.00
56.17304,2.558,3.007,26.00
56.18333,2.575,4.036,26.00
56.19411,2.575,4.036,26.00
56.20448,2.654,5.159,26.00
56.21507,2.654,5.159,26.00
56.22605,2.745,6.615,26.00
56.23639,2.745,6.615,26.00
56.24688,2.745,8.388,26.00
56.27450,2.953,10.823,26.00
56.28486,3.084,13.636,26.00
56.30663,3.219,16.912,26.00
56.31680,3.219,16.912,26.00
56.33852,3.326,20.048,26.00
56.34893,3.326,20.048,26.00
56.36957,3.326,20.048,26.00
56.38013,3.410,23.193,26.00
56.40262,3.481,31.680,26.00
56.41310,3.481,34.123,26.00
56.42327,3.409,34.123,26.00
56.43448,3.317,36.538,26.00
56.44508,3.317,36.538,26.00
56.45551,3.317,36.538,26.00
56.46572,3.317,36.538,26.00
56.47592,3.206,39.504,26.00
56.48623,3.206,39.504,26.00
56.49828,3.206,39.504,26.00
56.50864,3.206,39.504,26.00
56.51901,3.206,39.504,26.00
56.53008,3.206,39.504,26.00
56.54075,3.206,39.504,26.00
56.55194,3.206,39.504,26.00
56.56213,3.109,39.504,0.00
56.57229,3.109,41.963,0.00
56.58244,3.109,44.322,0.00
56.59262,3.030,44.322,0.00
56.60282,3.030,44.322,0.00
56.61299,2.876,48.276,0.00
56.62315,2.876,48.276,0.00
56.63335,2.812,49.905,0.00
56.64351,2.643,52.637,0.00
56.65366,2.547,53.899,0.00
56.66381,2.310,55.562,0.00
56.67397,2.310,55.562,0.00
56.68411,2.176,56.091,0.00
56.69477,2.176,56.091,0.00
56.70506,2.043,56.430,0.00
56.71559,2.043,56.430,0.00
56.72593,1.940,56.621,0.00
56.73631,1.896,56.734,0.00
56.74662,1.896,56.734,0.00
56.75686,1.896,56.734,0.00
56.76703,1.889,56.774,0.00
56.77720,1.888,56.774,0.00
56.78739,1.888,56.778,0.00
56.79778,1.867,56.778,0.00
56.80812,1.867,56.679,0.00
56.81847,1.813,56.679,0.00
56.82879,1.813,56.461,0.00
56.83895,1.813,56.461,0.00
56.84914,1.744,56.055,0.00
56.85931,1.744,55.381,0.00
56.86946,1.689,55.381,0.00
56.87972,1.689,55.381,0.00
56.88990,1.666,54.485,0.00
56.90017,1.666,54.485,0.00
56.91045,1.655,53.533,0.00
56.92061,1.657,52.506,0.00
56.93090,1.657,52.506,0.00
56.94204,1.692,51.181,0.00
56.95229,1.692,51.181,0.00
56.96245,1.692,51.181,0.00
56.97261,1.732,49.872,0.00
56.98278,1.752,48.508,0.00
56.99298,1.752,48.508,0.00
57.00314,1.765,47.159,0.00
57.01330,1.765,47.159,0.00
57.02345,1.761,45.836,0.00
57.03361,1.761,45.836,0.00
57.04375,1.761,45.836,0.00
57.05426,1.733,44.394,0.00
57.06515,1.695,42.621,0.00
57.07532,1.664,40.657,0.00
57.08548,1.664,40.657,0.00
57.09564,1.643,38.450,0.00
57.10584,1.643,38.450,0.00
57.11607,1.643,38.450,0.00
57.12623,1.631,36.528,0.00
57.13639,1.631,36.528,0.00
57.14655,1.633,36.528,0.00
57.15670,1.633,34.502,0.00
57.16700,1.630,32.313,0.00
57.17733,1.630,32.313,0.00
57.18758,1.620,30.028,0.00
57.19775,1.620,30.028,0.00
57.20792,1.595,27.718,0.00
57.21808,1.546,25.356,0.00
57.22824,1.546,25.356,0.00
57.23860,1.494,22.981,0.00
57.25022,1.494,22.981,0.00
57.26043,1.440,20.615,0.00
57.27062,1.440,20.615,0.00
57.28079,1.440,20.615,0.00
57.29101,1.408,17.947,0.00
57.30117,1.422,15.600,0.00
57.31232,1.422,15.600,0.00
57.32248,1.443,13.359,0.00
57.33264,1.443,13.359,0.00
57.34299,1.418,11.245,0.00
57.35325,1.418,11.245,0.00
57.36354,1.418,11.245,0.00
57.37590,1.195,9.164,0.00
57.38606,1.195,7.141,0.00
57.39644,1.195,7.141,0.00
57.40660,1.022,5.274,0.00
57.41676,1.022,3.561,0.00
57.42693,0.835,3.561,0.00
57.43709,0.649,1.912,0.00
57.44726,0.649,1.912,0.00
57.45749,0.649,1.912,0.00
57.46791,0.488,0.695,0.00
57.47813,0.488,0.695,0.00
57.48828,0.488,0.695,0.00
57.49922,0.396,-0.371,0.00
57.50941,0.324,-1.354,0.00
57.51957,0.252,-2.143,0.00
57.52973,0.252,-2.143,0.00
57.53990,0.186,-2.718,0.00
57.55006,0.186,-2.718,0.00
57.56022,0.186,-2.718,0.00
57.57038,0.130,-3.113,0.00
57.58055,0.090,-3.370,0.00
57.59080,0.090,-3.370,0.00
57.60289,0.055,-3.554,0.00
57.61305,0.055,-3.554,0.00
57.62345,0.041,-3.610,0.00
57.63378,0.041,-3.610,0.00
57.64394,0.042,-3.610,0.00
57.65420,0.042,-3.506,0.00
57.66436,0.055,-3.376,0.00
57.67452,0.083,-3.376,0.00
57.68468,0.083,-3.278,0.00
57.69486,0.083,-3.278,0.00
57.70551,0.141,-3.157,0.00
57.71565,0.229,-3.157,0.00
57.72587,0.229,-2.984,0.00
57.73611,0.229,-2.777,0.00
57.74627,0.337,-2.777,0.00
57.75643,0.337,-2.777,0.00
57.76659,0.466,-2.539,0.00
57.77694,0.619,-2.315,0.00
57.78710,0.619,-2.315,0.00
57.79732,0.619,-2.315,0.00
57.80749,0.774,-2.078,0.00
57.81765,0.925,-1.815,0.00
57.82782,0.925,-1.815,0.00
57.83812,0.925,-1.815,0.00
57.84846,0.925,-1.815,0.00
57.85866,1.084,-1.529,0.00
57.86905,1.258,-1.223,0.00
57.87974,1.258,-1.223,0.00
57.88990,1.417,-0.899,0.00
57.90006,1.542,-0.588,0.00
57.91022,1.542,-0.588,0.00
57.92038,1.542,-0.588,0.00
57.93097,1.661,-0.311,0.00
57.94112,1.661,-0.116,0.00
57.95134,1.773,-0.116,0.00
57.96150,1.867,0.063,0.00
57.97176,1.867,0.063,0.00
57.98192,1.940,0.228,0.00
57.99219,1.940,0.228,0.00
58.00236,1.989,0.391,0.00
58.01262,1.989,0.391,0.00
58.02287,2.030,0.565,0.00
58.03311,2.030,0.565,0.00
58.04327,2.030,0.763,0.00
58.05356,2.057,0.763,0.00
58.07155,2.075,0.963,0.00
58.08251,2.086,0.963,0.00
58.09320,2.086,1.156,0.00
58.10353,2.086,1.156,0.00
58.11398,2.082,1.156,0.00
58.12459,2.059,1.307,0.00
58.13633,2.059,1.433,0.00
58.15264,2.018,1.520,0.00
58.16891,1.964,1.570,0.00
58.18460,1.964,1.570,0.00
58.20005,1.907,1.609,0.00
58.21166,1.907,1.609,0.00
58.22315,1.907,1.647,0.00
58.23517,1.907,1.676,0.00
58.24665,1.772,1.683,0.00
58.25802,1.750,1.667,0.00
58.27358,1.750,1.667,0.00
58.28998,1.730,1.637,0.00
58.30112,1.720,1.637,0.00
58.31205,1.720,1.596,0.00
58.32279,1.720,1.596,0.00
58.33930,1.707,1.544,0.00
58.35059,1.689,1.487,0.00
58.36126,1.689,1.487,0.00
58.37254,1.667,1.427,0.00
58.39377,1.645,1.427,0.00
58.40538,1.625,1.330,0.00
58.42286,1.612,1.330,0.00
58.43898,1.612,1.295,0.00
58.45146,1.597,1.258,0.00
58.46711,1.597,1.258,0.00
58.48183,1.597,1.258,0.00
58.49763,1.597,1.258,0.00
58.52552,1.581,1.223,0.00
58.53922,1.581,1.223,0.00
58.59398,1.566,1.130,0.00
58.61136,1.599,1.074,0.00
58.63401,1.708,1.018,0.00
58.64675,1.708,1.018,0.00
58.67036,1.737,0.999,0.00
58.68587,1.736,0.989,0.00
58.69606,1.738,0.983,0.00
58.73377,1.808,0.999,0.00
58.74958,1.808,1.012,0.00
58.76006,1.837,1.012,0.00
58.77698,1.856,1.025,0.00
58.78736,1.856,1.042,0.00
58.79949,1.856,1.042,0.00
58.80893,1.857,1.059,0.00
58.84030,1.838,1.080,0.00
58.86451,1.832,1.123,0.00
58.87486,1.832,1.142,0.00
58.89011,1.834,1.142,0.00
58.90027,1.834,1.163,0.00
58.91273,1.840,1.163,0.00
58.94178,1.835,1.174,0.00
58.96241,1.833,1.181,0.00
58.98564,1.812,1.183,0.00
58.99896,1.812,1.183,0.00
59.01449,1.801,1.180,0.00
59.02544,1.796,1.177,0.00
59.03654,1.796,1.177,0.00
59.06013,1.792,1.176,0.00
59.10786,1.792,1.176,0.00
59.16042,1.775,1.173,0.00
59.17082,-0.017,-0.038,0.00
59.18100,-0.023,-0.049,0.00
59.19126,-0.025,-0.059,0.00
59.20133,-0.025,-0.059,0.00
59.21149,-0.019,-0.066,0.00
59.22169,-0.019,-0.066,0.00
59.23216,-0.016,-0.071,0.00
59.24233,-0.010,-0.075,0.00
59.25256,-0.010,-0.075,0.00
59.26314,-0.008,-0.080,0.00
59.27385,-0.008,-0.080,0.00
59.28400,-0.008,-0.080,0.00
59.29420,-0.008,-0.080,0.00
59.30458,-0.008,-0.080,0.00
59.31494,-0.008,-0.080,0.00
59.32509,-0.008,-0.080,0.00
59.33525,-0.002,-0.080,0.00
59.34542,-0.005,-0.088,0.00
59.35672,-0.007,-0.104,0.00
59.36729,-0.008,-0.107,0.00
59.37777,-0.008,-0.110,0.00
59.38807,-0.008,-0.110,0.00
59.39830,-0.008,-0.107,0.00
59.40847,-0.008,-0.107,0.00
59.41863,-0.006,-0.099,0.00
59.42879,-0.006,-0.099,0.00
59.43895,-0.003,-0.091,0.00
59.44911,-0.003,-0.091,0.00
59.45926,-0.001,-0.089,0.00
59.46951,-0.001,-0.089,0.00
59.47995,-0.005,-0.089,0.00
59.49011,-0.005,-0.089,0.00
59.50038,-0.005,-0.089,0.00
59.51099,-0.006,-0.088,0.00
59.52103,-0.011,-0.091,0.00
59.53138,-0.011,-0.091,0.00
59.54191,-0.011,-0.091,0.00
59.55214,-0.012,-0.096,0.00
59.56248,-0.012,-0.096,0.00
59.57278,-0.012,-0.096,0.00
59.58294,-0.008,-0.097,0.00
59.59318,-0.008,-0.097,0.00
59.60341,-0.001,-0.099,0.00
59.61372,-0.001,-0.099,0.00
59.62373,0.005,-0.106,0.00
59.63419,0.005,-0.106,0.00
59.64434,0.008,-0.111,0.00
59.65450,0.003,-0.117,0.00
59.66472,0.003,-0.117,0.00
59.67492,0.003,-0.117,0.00
59.68524,-0.004,-0.126,0.00
59.69540,-0.009,-0.130,0.00
59.70556,-0.009,-0.130,0.00
59.71571,-0.009,-0.130,0.00
59.72587,-0.014,-0.134,0.00
59.73605,-0.014,-0.134,0.00
59.74631,-0.019,-0.139,0.00
59.75649,-0.019,-0.139,0.00
59.76677,-0.024,-0.137,0.00
59.77698,-0.028,-0.130,0.00
59.78719,-0.028,-0.130,0.00
59.79736,-0.032,-0.127,0.00
59.80754,-0.032,-0.127,0.00
59.81772,-0.032,-0.127,0.00
59.82789,-0.032,-0.129,0.00
59.83806,-0.039,-0.135,0.00
59.84823,-0.039,-0.135,0.00
59.85839,-0.053,-0.143,0.00
59.86855,-0.053,-0.143,0.00
59.87891,-0.074,-0.147,0.00
59.88907,-0.074,-0.147,0.00
59.89923,-0.074,-0.153,0.00
59.90939,-0.090,-0.153,0.00
59.91968,-0.090,-0.153,0.00
59.93006,-0.096,-0.160,0.00
59.94042,-0.095,-0.167,0.00
59.95064,-0.095,-0.167,0.00
59.96080,-0.098,-0.171,0.00
59.97190,-0.098,-0.171,0.00
59.98206,-0.102,-0.179,0.00
59.99223,-0.102,-0.179,0.00
60.00239,-0.108,-0.186,0.00
60.01256,-0.108,-0.186,0.00
60.02277,-0.120,-0.197,0.00
60.03324,-0.120,-0.197,0.00
60.04343,-0.132,-0.214,0.00
60.05358,-0.132,-0.214,0.00
60.06373,-0.138,-0.230,0.00
60.07394,-0.138,-0.230,0.00
60.08408,-0.140,-0.244,0.00
60.09502,-0.140,-0.244,0.00
60.10518,-0.142,-0.262,0.00
60.11549,-0.145,-0.262,0.00
60.12580,-0.145,-0.280,0.00
60.13639,-0.145,-0.280,0.00
60.14679,-0.150,-0.297,0.00
60.15758,-0.156,-0.297,0.00
60.16778,-0.156,-0.314,0.00
60.17794,-0.156,-0.333,0.00
60.18810,-0.162,-0.333,0.00
60.19828,-0.162,-0.333,0.00
60.20850,-0.171,-0.347,0.00
60.21867,-0.177,-0.362,0.00
60.22888,-0.177,-0.362,0.00
60.23905,-0.181,-0.375,0.00
60.24949,-0.181,-0.375,0.00
60.25975,-0.187,-0.389,0.00
60.27007,-0.187,-0.389,0.00
60.28039,-0.195,-0.401,0.00
60.29055,-0.195,-0.401,0.00
60.30073,-0.200,-0.411,0.00
60.31088,-0.200,-0.411,0.00
60.32163,-0.200,-0.411,0.00
60.33336,-0.201,-0.425,0.00
60.34421,-0.207,-0.440,0.00
60.35447,-0.207,-0.440,0.00
60.36491,-0.219,-0.453,0.00
60.37512,-0.245,-0.453,0.00
60.38534,-0.245,-0.463,0.00
60.39550,-0.280,-0.471,0.00
60.40587,-0.280,-0.471,0.00
60.41603,-0.280,-0.471,0.00
60.42619,-0.327,-0.481,0.00
60.43671,-0.327,-0.481,0.00
60.44686,-0.383,-0.495,0.00
60.45711,-0.460,-0.511,0.00
60.46737,-0.460,-0.511,0.00
60.47772,-0.551,-0.532,0.00
60.48803,-0.551,-0.532,0.00
60.49820,-0.551,-0.532,0.00
60.50840,-0.649,-0.559,0.00
60.51883,-0.737,-0.593,0.00
60.52902,-0.737,-0.593,0.00
60.53939,-0.824,-0.638,0.00
60.54956,-0.824,-0.638,0.00
60.55982,-0.891,-0.638,0.00
60.57016,-0.891,-0.692,0.00
60.58048,-0.963,-0.754,0.00
60.59129,-0.963,-0.754,0.00
60.60151,-1.029,-0.754,0.00
60.61261,-1.029,-0.818,0.00
60.62284,-1.102,-0.892,0.00
60.63307,-1.102,-0.892,0.00
60.64387,-1.169,-0.981,0.00
60.65401,-1.169,-0.981,0.00
60.66417,-1.240,-1.090,0.00
60.67433,-1.240,-1.090,0.00
60.68481,-1.304,-1.226,0.00
60.69502,-1.304,-1.226,0.00
60.70517,-1.359,-1.351,0.00
60.71533,-1.359,-1.351,0.00
60.72548,-1.408,-1.474,0.00
60.73570,-1.408,-1.474,0.00
60.74585,-1.452,-1.600,0.00
60.75600,-1.496,-1.718,0.00
60.76618,-1.496,-1.718,0.00
60.77703,-1.496,-1.718,0.00
60.78719,-1.534,-1.831,0.00
60.79736,-1.555,-1.945,0.00
60.80752,-1.555,-1.945,0.00
60.81768,-1.565,-2.051,0.00
60.82791,-1.565,-2.051,0.00
60.83806,-1.570,-2.051,0.00
60.84822,-1.570,-2.157,0.00
60.86016,-1.570,-2.157,0.00
60.87045,-1.575,-2.255,0.00
60.88061,-1.576,-2.356,0.00
60.89120,-1.576,-2.356,0.00
60.90138,-1.572,-2.447,0.00
60.91158,-1.572,-2.447,0.00
60.92173,-1.565,-2.531,0.00
60.93189,-1.565,-2.531,0.00
60.94222,-1.556,-2.613,0.00
60.95242,-1.556,-2.613,0.00
60.96259,-1.550,-2.686,0.00
60.97286,-1.550,-2.686,0.00
60.98302,-1.551,-2.736,0.00
60.99324,-1.551,-2.736,0.00
61.00340,-1.553,-2.773,0.00
61.01362,-1.553,-2.773,0.00
61.02378,-1.550,-2.784,0.00
61.03394,-1.550,-2.772,0.00
61.04410,-1.545,-2.772,0.00
61.05426,-1.545,-2.772,0.00
61.06440,-1.542,-2.737,0.00
61.07455,-1.539,-2.686,0.00
61.08469,-1.539,-2.686,0.00
61.09486,-1.539,-2.686,0.00
61.10527,-1.542,-2.625,0.00
61.11543,-1.550,-2.625,0.00
61.12562,-1.550,-2.557,0.00
61.13578,-1.554,-2.488,0.00
61.14626,-1.554,-2.488,0.00
61.15641,-1.554,-2.409,0.00
61.16657,-1.565,-2.409,0.00
61.17673,-1.565,-2.343,0.00
61.18692,-1.588,-2.343,0.00
61.19779,-1.611,-2.286,0.00
61.20795,-1.611,-2.286,0.00
61.21811,-1.593,-2.223,0.00
61.22827,-1.593,-2.223,0.00
61.23842,-1.526,-2.163,0.00
61.24856,-1.526,-2.163,0.00
61.25938,-0.813,-2.108,0.00
61.26966,-0.813,-2.108,0.00
61.27991,0.169,-2.057,0.00
61.29047,0.169,-2.057,0.00
61.30081,1.353,-2.013,0.00
61.31117,1.353,-2.013,0.00
61.32143,2.880,-1.976,0.00
61.33165,2.880,-1.976,0.00
61.34249,4.680,-1.951,0.00
61.35265,4.680,-1.951,0.00
61.36282,6.806,-1.951,0.00
61.37298,6.806,-1.937,0.00
61.38315,9.142,-1.936,0.00
61.39343,9.142,-1.936,0.00
61.40402,9.142,-1.936,0.00
61.41465,9.142,-1.936,0.00
61.42548,9.142,-1.936,0.00
61.44390,11.687,-1.945,0.00
61.45438,16.743,-1.970,0.00
61.46452,19.019,-1.983,0.00
61.47489,19.019,-1.983,10.50
61.48504,21.002,-1.993,10.50
61.49528,21.002,-1.993,10.50
61.50602,22.629,-1.986,10.50
61.51635,22.629,-1.986,10.50
61.52651,23.893,-1.994,10.50
61.53758,23.893,-1.994,10.50
61.54775,23.893,-1.994,10.50
61.55803,24.785,-2.047,10.50
61.56977,25.275,-2.124,10.50
61.58006,25.351,-2.124,10.50
61.59092,25.351,-2.216,10.50
61.61857,24.499,-2.440,10.50
61.62886,24.499,-2.440,10.50
61.65077,23.745,-2.583,10.50
61.66097,22.582,-2.728,10.50
61.68202,22.582,-2.728,10.50
61.69234,22.582,-2.728,10.50
61.71400,22.582,-2.728,11.00
61.72435,22.582,-2.728,11.00
61.74808,22.582,-2.728,11.00
61.75826,14.281,-3.299,11.00
61.77742,11.771,-3.428,11.50
61.78760,9.352,-3.521,11.50
61.79777,7.029,-3.521,11.50
61.80956,7.029,-3.588,12.50
61.81974,4.931,-3.582,12.50
61.82999,4.931,-3.582,12.50
61.84174,2.935,-3.582,13.50
61.85231,2.935,-3.545,13.50
61.86281,1.197,-3.477,13.50
61.87390,1.197,-3.477,15.50
61.88427,-0.043,-3.370,15.50
61.89457,-0.043,-3.231,15.50
61.90594,-0.946,-3.231,17.50
61.91634,-0.946,-3.088,17.50
61.92685,-1.478,-3.088,17.50
61.93728,-1.671,-2.942,17.50
61.95414,-1.671,-2.942,20.00
61.96461,-1.730,-2.786,20.00
61.98543,-1.730,-2.786,22.00
61.99563,-1.861,-2.646,22.00
62.00578,-1.837,-2.512,22.00
62.01819,-1.551,-2.387,23.50
62.02851,-1.551,-2.387,23.50
62.03910,-1.303,-2.287,23.50
62.04984,-1.303,-2.287,24.50
62.06049,-1.260,-2.287,24.50
62.07094,-1.260,-2.209,24.50
62.08255,-1.323,-2.185,25.00
62.09288,-1.323,-2.185,25.00
62.10370,-1.367,-2.208,25.00
62.11405,-1.367,-2.208,25.50
62.12420,-1.364,-2.234,25.50
62.13436,-1.364,-2.234,25.50
62.16234,-1.370,-2.235,25.50
62.17379,-1.370,-2.141,25.50
62.19927,-1.411,-1.542,26.00
62.20944,-1.411,-1.542,26.00
62.22692,-1.411,-1.542,26.00
62.23737,-1.520,-0.205,26.00
62.25824,-1.567,0.808,26.00
62.26842,-1.567,0.808,26.00
62.29013,-1.599,2.179,26.00
62.30031,-1.599,2.179,26.00
62.31052,-1.603,3.902,26.00
62.32240,-1.587,5.477,26.00
62.33377,-1.581,7.215,26.00
62.34410,-1.581,7.215,26.00
62.35590,-1.581,7.215,26.00
62.36607,-1.582,9.481,26.00
62.37623,-1.582,9.481,26.00
62.40226,-1.601,12.187,26.00
62.41244,-1.634,15.364,26.00
62.43583,-1.680,18.759,26.00
62.44618,-1.728,22.315,26.00
62.46700,-1.767,26.147,26.00
62.47742,-1.767,26.147,26.00
62.49755,-1.815,29.343,26.00
62.50773,-1.859,32.461,26.00
62.51789,-1.900,35.316,26.00
62.53515,-1.900,35.316,26.00
62.54533,-1.930,37.910,26.00
62.56231,-1.930,37.910,26.00
62.57253,-1.963,40.328,26.00
62.58278,-2.006,42.604,26.00
62.59521,-2.006,42.604,26.00
62.60538,-2.046,44.764,26.00
62.61553,-2.046,44.764,26.00
62.62594,-2.046,46.966,26.00
62.63613,-2.079,48.783,26.00
62.64630,-2.099,48.783,26.00
62.65753,-2.099,48.783,26.00
62.66771,-2.112,50.444,26.00
62.67787,-2.120,51.956,26.00
62.68879,-2.120,51.956,26.00
62.69842,-2.129,53.225,0.00
62.70858,-2.129,53.225,0.00
62.71878,-2.129,53.225,0.00
62.72911,-2.142,54.272,0.00
62.73945,-2.149,55.168,0.00
62.74993,-2.149,55.168,0.00
62.76019,-2.139,55.889,0.00
62.77048,-2.139,55.889,0.00
62.78083,-2.131,56.526,0.00
62.79151,-2.131,56.526,0.00
62.80168,-2.137,56.987,0.00
62.81196,-2.137,56.987,0.00
62.82212,-2.152,57.406,0.00
62.83233,-2.152,57.406,0.00
62.84265,-2.165,57.755,0.00
62.85295,-2.165,57.755,0.00
62.86315,-2.158,57.979,0.00
62.87448,-2.158,57.979,0.00
62.88478,-2.142,58.144,0.00
62.89519,-2.142,58.144,0.00
62.90533,-2.128,58.248,0.00
62.91578,-2.130,58.321,0.00
62.92602,-2.130,58.321,0.00
62.93619,-2.130,58.321,0.00
62.94688,-2.151,58.261,0.00
62.95704,-2.151,58.261,0.00
62.96719,-2.178,58.041,0.00
62.97735,-2.178,57.621,0.00
62.98754,-2.194,57.621,0.00
62.99770,-2.199,57.059,0.00
63.00804,-2.199,57.059,0.00
63.01836,-2.201,56.440,0.00
63.02868,-2.201,56.440,0.00
63.03915,-2.201,55.776,0.00
63.04972,-2.202,55.776,0.00
63.05987,-2.198,55.032,0.00
63.07014,-2.198,55.032,0.00
63.08045,-2.186,54.237,0.00
63.09095,-2.186,54.237,0.00
63.10113,-2.179,53.352,0.00
63.11136,-2.179,53.352,0.00
63.12152,-2.176,52.625,0.00
63.13248,-2.176,52.625,0.00
63.14264,-2.174,51.962,0.00
63.15280,-2.174,51.962,0.00
63.16296,-2.173,51.204,0.00
63.17311,-2.179,51.204,0.00
63.18326,-2.179,50.269,0.00
63.19360,-2.179,50.269,0.00
63.20463,-2.191,49.174,0.00
63.21479,-2.205,48.026,0.00
63.22494,-2.205,48.026,0.00
63.23533,-2.213,46.822,0.00
63.24549,-2.213,46.822,0.00
63.25565,-2.213,45.347,0.00
63.26581,-2.215,45.347,0.00
63.27609,-2.218,43.917,0.00
63.28638,-2.218,43.917,0.00
63.29733,-2.218,43.917,0.00
63.30765,-2.224,42.421,0.00
63.31780,-2.231,40.885,0.00
63.32796,-2.231,40.885,0.00
63.33838,-2.237,39.237,0.00
63.34854,-2.237,39.237,0.00
63.35912,-2.249,37.479,0.00
63.36929,-2.249,37.479,0.00
63.37946,-2.268,37.479,0.00
63.38971,-2.268,35.621,0.00
63.39988,-2.291,33.658,0.00
63.41018,-2.291,33.658,0.00
63.42035,-2.318,31.326,0.00
63.43052,-2.318,31.326,0.00
63.44097,-2.318,31.326,0.00
63.45115,-2.345,29.140,0.00
63.46131,-2.367,26.948,0.00
63.47214,-2.367,26.948,0.00
63.48229,-2.389,24.789,0.00
63.49251,-2.389,24.789,0.00
63.50297,-2.412,22.657,0.00
63.51313,-2.412,22.657,0.00
63.52343,-2.412,22.657,0.00
63.53388,-2.427,22.657,0.00
63.54422,-2.436,18.256,0.00
63.55476,-2.436,18.256,0.00
63.56492,-2.441,16.061,0.00
63.57541,-2.441,16.061,0.00
63.58562,-2.441,16.061,0.00
63.59578,-2.449,13.697,0.00
63.60682,-2.465,11.642,0.00
63.61697,-2.483,11.642,0.00
63.62712,-2.483,9.702,0.00
63.63728,-2.483,9.702,0.00
63.64744,-2.504,7.869,0.00
63.65760,-2.511,6.122,0.00
63.66775,-2.511,6.122,0.00
63.67792,-2.507,6.122,0.00
63.68824,-2.507,4.529,0.00
63.69836,-2.507,3.141,0.00
63.70852,-2.502,3.141,0.00
63.71886,-2.509,1.954,0.00
63.72883,-2.509,1.954,0.00
63.73899,-2.509,1.954,0.00
63.74914,-2.523,0.956,0.00
63.75933,-2.523,0.956,0.00
63.76951,-2.538,-0.012,0.00
63.77967,-2.546,-0.823,0.00
63.78990,-2.546,-0.823,0.00
63.80006,-2.550,-1.617,0.00
63.81027,-2.550,-1.617,0.00
63.82047,-2.550,-1.617,0.00
63.83063,-2.554,-2.188,0.00
63.84086,-2.554,-2.188,0.00
63.85109,-2.557,-2.604,0.00
63.86137,-2.564,-2.925,0.00
63.87179,-2.564,-2.925,0.00
63.88200,-2.564,-2.925,0.00
63.89236,-2.577,-3.181,0.00
63.90289,-2.577,-3.181,0.00
63.91319,-2.593,-3.288,0.00
63.92351,-2.593,-3.288,0.00
63.93390,-2.613,-3.302,0.00
63.94426,-2.628,-3.295,0.00
63.95458,-2.628,-3.295,0.00
63.96498,-2.637,-3.295,0.00
63.97536,-2.637,-3.229,0.00
63.98552,-2.644,-3.169,0.00
63.99568,-2.644,-3.169,0.00
64.00584,-2.648,-3.069,0.00
64.01729,-2.648,-2.918,0.00
64.02795,-2.650,-2.918,0.00
64.03810,-2.649,-2.769,0.00
64.04825,-2.649,-2.769,0.00
64.05842,-2.647,-2.575,0.00
64.06858,-2.647,-2.575,0.00
64.07874,-2.647,-2.575,0.00
64.08899,-2.646,-2.320,0.00
64.09929,-2.645,-2.320,0.00
64.10950,-2.645,-2.088,0.00
64.11967,-2.638,-1.843,0.00
64.12983,-2.638,-1.843,0.00
64.14000,-2.638,-1.843,0.00
64.15023,-2.634,-1.588,0.00
64.16040,-2.629,-1.350,0.00
64.17061,-2.629,-1.350,0.00
64.18077,-2.624,-1.131,0.00
64.19159,-2.624,-1.131,0.00
64.20181,-2.618,-0.928,0.00
64.21214,-2.613,-0.732,0.00
64.22333,-2.613,-0.732,0.00
64.24366,-2.613,-0.732,0.00
64.25955,-2.609,-0.542,0.00
64.27225,-2.607,-0.421,0.00
64.28242,-2.608,-0.421,0.00
64.29306,-2.608,-0.336,0.00
64.30711,-2.611,-0.336,0.00
64.33514,-2.616,-0.244,0.00
64.34535,-2.616,-0.244,0.00
64.35614,-2.616,-0.244,0.00
64.36694,-2.618,-0.235,0.00
64.37935,-2.618,-0.235,0.00
64.40144,-2.620,-0.262,0.00
64.41313,-2.620,-0.262,0.00
64.42516,-2.620,-0.262,0.00
64.43883,-2.619,-0.293,0.00
64.46422,-2.617,-0.399,0.00
64.47517,-2.617,-0.399,0.00
64.49041,-2.617,-0.399,0.00
64.50617,-2.617,-0.617,0.00
64.51914,-2.617,-0.617,0.00
64.53385,-2.624,-0.928,0.00
64.54819,-2.626,-0.928,0.00
64.57261,-2.626,-0.928,0.00
64.58885,-2.627,-1.134,0.00
64.59934,-2.627,-1.134,0.00
64.61065,-2.628,-1.327,0.00
64.62293,-2.628,-1.327,0.00
64.63352,-2.626,-1.735,0.00
64.64870,-2.626,-1.946,0.00
64.65958,-2.622,-1.946,0.00
64.66970,-2.622,-2.143,0.00
64.68061,-2.622,-2.143,0.00
64.69143,-2.619,-2.143,0.00
64.70179,-2.619,-2.464,0.00
64.71253,-2.618,-2.464,0.00
64.72340,-2.615,-2.464,0.00
64.73521,-2.613,-2.578,0.00
64.74604,-2.613,-2.622,0.00
64.75686,-2.613,-2.618,0.00
64.76736,-2.613,-2.618,0.00
64.77791,-2.611,-2.573,0.00
64.78809,-2.611,-2.573,0.00
64.80002,-2.609,-2.503,0.00
64.81048,-2.609,-2.503,0.00
64.82189,-2.609,-2.503,0.00
64.83275,-2.611,-2.422,0.00
64.84868,-2.610,-2.328,0.00
64.85901,-2.610,-2.328,0.00
64.86926,-2.609,-2.328,0.00
64.87967,-2.609,-2.151,0.00
64.89008,-2.608,-2.151,0.00
64.90166,-2.608,-2.151,0.00
64.91253,-2.608,-2.081,0.00
64.92302,-2.608,-2.081,0.00
64.93362,-2.608,-2.015,0.00
64.94559,-2.608,-1.944,0.00
64.95641,-2.606,-1.944,0.00
64.96821,-2.605,-1.944,0.00
64.97911,-2.605,-1.790,0.00
64.98956,-2.605,-1.790,0.00
65.00102,-2.605,-1.790,0.00
65.01719,-2.603,-1.709,0.00
65.02739,-2.603,-1.709,0.00
65.04347,-2.602,-1.634,0.00
65.05926,-2.596,-1.554,0.00
65.06984,-2.596,-1.496,0.00
65.08056,-2.592,-1.496,0.00
65.09141,-2.592,-1.451,0.00
65.10721,-2.589,-1.423,0.00
65.11737,-2.589,-1.423,0.00
65.13387,-2.586,-1.388,0.00
65.14959,-2.583,-1.388,0.00
65.16308,-2.583,-1.388,0.00
65.17412,-2.580,-1.388,0.00
65.18983,-2.577,-1.388,0.00
65.24979,-2.577,-1.356,0.00
65.25999,-2.565,-1.323,0.00
65.32118,-2.565,-1.323,0.00
65.33143,-2.557,-1.345,0.00
65.34267,0.054,0.044,0.00
65.35284,0.054,0.044,0.00
65.36372,0.054,0.026,0.00
65.37388,0.054,0.026,0.00
65.38409,0.055,0.012,0.00
65.39539,0.055,0.012,0.00
65.40556,0.055,0.003,0.00
65.41572,0.055,0.003,0.00
65.42587,0.055,0.003,0.00
65.43602,0.057,-0.017,0.00
65.44620,0.056,-0.017,0.00
65.45634,0.056,-0.017,0.00
65.46652,0.056,-0.033,0.00
65.47668,0.058,-0.047,0.00
65.48686,0.058,-0.047,0.00
65.49759,0.058,-0.047,0.00
65.50807,0.058,-0.057,0.00
65.51823,0.058,-0.065,0.00
65.52840,0.058,-0.065,0.00
65.53855,0.057,-0.065,0.00
65.54873,0.057,-0.066,0.00
65.55890,0.058,-0.066,0.00
65.56906,0.058,-0.061,0.00
65.57945,0.058,-0.061,0.00
65.58963,0.058,-0.061,0.00
65.59979,0.059,-0.061,0.00
65.61008,0.059,-0.061,0.00
65.62030,0.059,-0.060,0.00
65.63047,0.059,-0.054,0.00
65.64065,0.059,-0.043,0.00
65.65084,0.057,-0.043,0.00
65.66115,0.057,-0.029,0.00
65.67133,0.057,-0.029,0.00
65.68155,0.057,-0.018,0.00
65.69169,0.057,-0.018,0.00
65.70194,0.057,-0.018,0.00
65.71211,0.056,-0.010,0.00
65.72226,0.055,-0.005,0.00
65.73243,0.055,-0.005,0.00
65.74265,0.053,-0.005,0.00
65.75280,0.053,-0.005,0.00
65.76295,0.052,-0.000,0.00
65.77311,0.052,-0.000,0.00
65.78326,0.052,0.006,0.00
65.79342,0.052,0.006,0.00
65.80360,0.052,0.006,0.00
65.81391,0.052,0.009,0.00
65.82407,0.052,0.009,0.00
65.83437,0.053,0.012,0.00
65.84452,0.054,0.012,0.00
65.85486,0.054,0.012,0.00
65.86579,0.054,0.013,0.00
65.87595,0.054,0.013,0.00
65.88666,0.055,0.011,0.00
65.89728,0.055,0.011,0.00
65.90744,0.056,0.005,0.00
65.91760,0.056,0.005,0.00
65.92780,0.056,-0.002,0.00
65.93794,0.054,-0.002,0.00
65.94810,0.054,-0.011,0.00
65.95834,0.054,-0.011,0.00
65.96873,0.055,-0.020,0.00
65.97914,0.055,-0.030,0.00
65.98949,0.055,-0.030,0.00
65.99965,0.050,-0.037,0.00
66.00993,0.050,-0.037,0.00
66.02009,0.044,-0.039,0.00
66.03034,0.044,-0.039,0.00
66.04057,0.044,-0.040,0.00
66.05091,0.037,-0.040,0.00
66.06106,0.028,-0.040,0.00
66.07124,0.028,-0.040,0.00
66.08140,0.019,-0.041,0.00
66.09186,0.019,-0.041,0.00
66.10204,0.022,-0.043,0.00
66.11233,0.022,-0.043,0.00
66.12249,0.016,-0.048,0.00
66.13293,0.016,-0.048,0.00
66.14315,0.012,-0.060,0.00
66.15330,0.012,-0.060,0.00
66.16345,0.012,-0.060,0.00
66.17370,0.011,-0.078,0.00
66.18394,0.008,-0.101,0.00
66.19409,0.008,-0.101,0.00
66.20428,0.007,-0.128,0.00
66.21451,0.007,-0.128,0.00
66.22467,0.006,-0.158,0.00
66.23491,0.006,-0.158,0.00
66.24516,0.006,-0.195,0.00
66.25581,0.006,-0.195,0.00
66.26597,0.007,-0.240,0.00
66.27611,0.009,-0.292,0.00
66.28625,0.009,-0.292,0.00
66.29640,0.009,-0.292,0.00
66.30656,0.011,-0.345,0.00
66.31746,0.011,-0.345,0.00
66.32761,0.016,-0.407,0.00
66.33782,0.023,-0.407,0.00
66.34799,0.023,-0.473,0.00
66.35818,0.023,-0.473,0.00
66.36837,0.030,-0.522,0.00
66.37852,0.030,-0.558,0.00
66.38867,0.037,-0.558,0.00
66.39900,0.037,-0.595,0.00
66.40915,0.042,-0.595,0.00
66.41944,0.042,-0.595,0.00
66.42968,0.047,-0.632,0.00
66.43974,0.052,-0.661,0.00
66.44990,0.052,-0.661,0.00
66.46006,0.052,-0.661,0.00
66.47022,0.057,-0.679,0.00
66.48085,0.063,-0.675,0.00
66.49101,0.063,-0.675,0.00
66.50116,0.063,-0.675,0.00
66.51132,0.063,-0.675,0.00
66.52169,0.079,-0.624,0.00
66.53186,0.079,-0.624,0.00
66.54203,0.079,-0.624,0.00
66.55225,0.083,-0.596,0.00
66.56241,0.083,-0.596,0.00
66.57327,0.089,-0.563,0.00
66.58353,0.094,-0.527,0.00
66.59370,0.094,-0.527,0.00
66.60385,0.096,-0.496,0.00
66.61401,0.096,-0.496,0.00
66.62416,0.096,-0.496,0.00
66.63437,0.096,-0.459,0.00
66.64452,0.094,-0.419,0.00
66.65474,0.092,-0.419,0.00
66.66483,0.092,-0.374,0.00
66.67498,0.092,-0.374,0.00
66.68514,0.089,-0.336,0.00
66.69539,0.085,-0.295,0.00
66.70574,0.085,-0.295,0.00
66.71600,0.085,-0.295,0.00
66.72619,0.085,-0.295,0.00
66.73634,0.081,-0.216,0.00
66.74650,0.076,-0.216,0.00
66.75664,0.076,-0.216,0.00
66.76679,0.076,-0.180,0.00
66.77699,0.073,-0.180,0.00
66.78714,0.070,-0.147,0.00
66.79729,0.069,-0.127,0.00
66.80744,0.069,-0.127,0.00
66.81855,0.067,-0.116,0.00
66.82891,0.067,-0.116,0.00
66.83943,0.065,-0.098,0.00
66.84987,0.065,-0.098,0.00
66.86003,0.062,-0.081,0.00
66.87019,0.062,-0.081,0.00
66.88035,0.062,-0.081,0.00
66.89050,0.059,-0.071,0.00
66.90066,0.056,-0.065,0.00
66.91089,0.056,-0.065,0.00
66.92145,0.056,-0.065,0.00
66.93191,0.056,-0.065,0.00
66.94205,0.055,-0.072,0.00
66.95252,0.055,-0.072,0.00
66.96278,0.055,-0.086,0.00
66.97294,0.052,-0.086,0.00
66.98309,0.052,-0.086,0.00
66.99333,0.036,-0.107,0.00
67.00350,0.011,-0.127,0.00
67.01365,0.011,-0.127,0.00
67.02381,0.011,-0.127,0.00
67.03397,0.003,-0.127,0.00
67.04412,0.307,-0.164,0.00
67.05426,0.307,-0.164,0.00
67.06451,0.307,-0.164,0.00
67.07492,0.307,-0.164,0.00
67.08510,0.307,-0.164,0.00
67.09527,0.307,-0.179,0.00
67.10572,1.965,-0.193,0.00
67.11589,3.582,-0.207,0.00
67.12605,3.582,-0.207,0.00
67.13660,3.582,-0.207,0.00
67.14693,5.377,-0.236,0.00
67.15710,5.377,-0.236,0.00
67.16773,7.709,-0.236,0.00
67.18579,13.887,-0.336,0.00
67.19740,13.887,-0.374,0.00
67.20756,17.504,-0.415,0.00
67.21857,17.504,-0.415,10.50
67.22884,20.959,-0.446,10.50
67.23924,20.959,-0.446,10.50
67.25009,24.053,-0.446,10.50
67.26028,26.582,-0.459,10.50
67.27108,26.582,-0.459,10.50
67.28260,28.443,-0.448,10.50
67.29402,28.443,-0.448,10.50
67.30418,29.690,-0.454,10.50
67.31433,29.690,-0.454,10.50
67.32458,30.563,-0.486,10.50
67.33501,31.180,-0.486,10.50
67.36194,31.180,-0.525,10.50
67.37232,31.617,-0.577,10.50
67.39360,31.617,-0.577,10.50
67.40383,31.464,-0.747,10.50
67.42613,30.366,-0.853,10.50
67.43629,30.366,-0.853,10.50
67.45800,26.471,-1.059,11.00
67.46820,26.471,-1.059,11.00
67.48045,26.471,-1.059,11.00
67.49087,23.731,-1.270,11.00
67.50104,20.564,-1.428,11.00
67.51179,20.564,-1.428,11.00
67.52246,17.444,-1.485,12.00
67.53279,17.444,-1.485,12.00
67.54313,14.454,-1.497,12.00
67.55389,14.454,-1.497,12.50
67.56422,14.454,-1.440,12.50
67.57466,11.381,-1.317,12.50
67.60188,8.658,-1.149,14.00
67.61343,6.010,-1.149,14.00
67.63350,6.010,-0.975,15.50
67.64369,3.310,-0.975,15.50
67.66541,1.272,-0.801,18.00
67.67573,0.180,-0.657,18.00
67.69829,0.533,-0.498,20.00
67.70863,0.853,-0.341,20.00
67.71911,0.694,-0.193,20.00
67.73041,0.694,-0.193,22.00
67.74058,0.114,-0.016,22.00
67.76486,0.114,-0.016,23.50
67.77533,-0.027,0.220,23.50
67.78517,0.200,0.424,23.50
67.79578,0.200,0.424,24.50
67.80593,0.412,0.561,24.50
67.81609,0.437,0.561,24.50
67.82625,0.437,0.604,25.00
67.83679,0.437,0.604,25.00
67.84705,0.395,0.601,25.00
67.87856,0.395,0.535,25.50
67.88895,0.272,0.438,25.50
67.90634,0.196,0.390,25.50
67.91650,0.129,0.390,25.50
67.93793,0.129,0.572,26.00
67.94810,0.097,0.572,26.00
67.96960,0.097,0.572,26.00
67.97976,0.075,0.879,26.00
67.98992,0.066,1.343,26.00
68.00224,0.069,1.965,26.00
68.01254,0.069,1.965,26.00
68.02290,0.069,2.988,26.00
68.03506,0.080,2.988,26.00
68.04522,0.089,4.217,26.00
68.05696,0.089,4.217,26.00
68.06716,0.090,5.536,26.00
68.07734,0.090,7.151,26.00
68.08749,0.090,7.151,26.00
68.09779,0.094,7.151,26.00
68.10812,0.094,9.069,26.00
68.11845,0.092,11.604,26.00
68.12972,0.092,11.604,26.00
68.13996,0.092,11.604,26.00
68.15012,0.077,14.250,26.00
68.16027,0.077,14.250,26.00
68.17766,0.071,17.344,26.00
68.18785,0.085,20.824,26.00
68.20930,0.085,20.824,26.00
68.21948,0.129,24.348,26.00
68.24160,0.187,31.206,26.00
68.25180,0.242,31.206,26.00
68.26207,0.242,31.206,26.00
68.27598,0.242,31.206,26.00
68.28617,0.291,37.208,26.00
68.30540,0.291,37.208,26.00
68.31559,0.306,39.583,26.00
68.32575,0.338,42.290,26.00
68.33945,0.338,42.290,26.00
68.34963,0.368,44.659,26.00
68.35979,0.406,46.829,26.00
68.37013,0.406,46.829,26.00
68.38101,0.406,46.829,26.00
68.39149,0.445,48.926,26.00
68.40246,0.478,50.723,26.00
68.41262,0.478,50.723,26.00
68.42291,0.496,52.230,26.00
68.43450,0.496,52.230,0.00
68.44500,0.496,52.230,0.00
68.45568,0.501,53.831,0.00
68.46585,0.496,55.098,0.00
68.47615,0.491,56.112,0.00
68.48647,0.491,56.112,0.00
68.49678,0.498,56.828,0.00
68.50694,0.498,56.828,0.00
68.51724,0.498,56.828,0.00
68.52741,0.517,57.367,0.00
68.53759,0.554,57.713,0.00
68.54775,0.554,57.713,0.00
68.55824,0.620,57.917,0.00
68.56844,0.620,57.917,0.00
68.57861,0.698,58.048,0.00
68.58876,0.698,58.048,0.00
68.59892,0.698,58.048,0.00
68.60908,0.766,58.126,0.00
68.61924,0.816,58.210,0.00
68.62959,0.816,58.210,0.00
68.63996,0.848,58.303,0.00
68.65012,0.848,58.303,0.00
68.66034,0.848,58.303,0.00
68.67053,0.860,58.389,0.00
68.68078,0.854,58.406,0.00
68.69097,0.854,58.406,0.00
68.70113,0.824,58.272,0.00
68.71130,0.824,58.272,0.00
68.72145,0.765,57.853,0.00
68.73161,0.765,57.853,0.00
68.74176,0.685,57.138,0.00
68.75191,0.685,57.138,0.00
68.76208,0.598,56.144,0.00
68.77303,0.524,55.264,0.00
68.78335,0.524,55.264,0.00
68.79432,0.524,55.264,0.00
68.80461,0.465,54.285,0.00
68.81502,0.465,53.213,0.00
68.82518,0.410,53.213,0.00
68.83534,0.410,53.213,0.00
68.84550,0.356,52.152,0.00
68.85566,0.356,52.152,0.00
68.86582,0.307,51.140,0.00
68.87630,0.307,51.140,0.00
68.88645,0.268,50.177,0.00
68.89660,0.268,50.177,0.00
68.90677,0.240,49.267,0.00
68.91701,0.240,49.267,0.00
68.92716,0.222,48.291,0.00
68.93731,0.211,47.013,0.00
68.94746,0.211,47.013,0.00
68.95764,0.211,47.013,0.00
68.96779,0.204,45.839,0.00
68.97795,0.204,45.839,0.00
68.98811,0.202,44.669,0.00
68.99826,0.202,43.438,0.00
69.00861,0.198,43.438,0.00
69.01898,0.194,42.065,0.00
69.02918,0.194,42.065,0.00
69.03950,0.191,40.549,0.00
69.04967,0.191,40.549,0.00
69.05984,0.191,38.975,0.00
69.07103,0.191,38.975,0.00
69.08121,0.191,37.359,0.00
69.09200,0.191,37.359,0.00
69.10216,0.190,35.437,0.00
69.11241,0.190,35.437,0.00
69.12258,0.192,33.609,0.00
69.13368,0.192,33.609,0.00
69.14385,0.192,31.740,0.00
69.15401,0.203,31.740,0.00
69.16432,0.223,29.864,0.00
69.17464,0.223,27.959,0.00
69.18479,0.239,27.959,0.00
69.19495,0.239,27.959,0.00
69.20533,0.245,26.039,0.00
69.21548,0.245,26.039,0.00
69.22564,0.245,26.039,0.00
69.23580,0.241,24.160,0.00
69.24596,0.232,22.367,0.00
69.25612,0.232,22.367,0.00
69.26628,0.227,20.396,0.00
69.27643,0.227,20.396,0.00
69.28659,0.222,18.618,0.00
69.29682,0.222,16.850,0.00
69.30732,0.222,16.850,0.00
69.31748,0.222,16.850,0.00
69.32763,0.227,15.182,0.00
69.33789,0.227,15.182,0.00
69.34805,0.235,13.562,0.00
69.35825,0.253,11.920,0.00
69.36847,0.253,11.920,0.00
69.37863,0.270,10.323,0.00
69.38879,0.270,10.323,0.00
69.39895,0.277,8.868,0.00
69.40932,0.277,8.868,0.00
69.41949,0.275,7.244,0.00
69.42964,0.275,7.244,0.00
69.43986,0.275,7.244,0.00
69.45002,0.264,5.809,0.00
69.46017,0.253,5.809,0.00
69.47033,0.253,4.429,0.00
69.48049,0.243,3.211,0.00
69.49118,0.243,3.211,0.00
69.50134,0.242,2.041,0.00
69.51153,0.242,2.041,0.00
69.52178,0.248,1.006,0.00
69.53202,0.248,1.006,0.00
69.54218,0.265,0.042,0.00
69.55269,0.265,0.042,0.00
69.56285,0.285,-0.805,0.00
69.57302,0.285,-0.805,0.00
69.58317,0.305,-1.701,0.00
69.59339,0.305,-1.701,0.00
69.60354,0.326,-2.498,0.00
69.61408,0.326,-2.498,0.00
69.62452,0.352,-3.135,0.00
69.63496,0.352,-3.135,0.00
69.64514,0.386,-3.707,0.00
69.65531,0.420,-3.707,0.00
69.66545,0.420,-4.114,0.00
69.67561,0.420,-4.114,0.00
69.68577,0.458,-4.521,0.00
69.69604,0.502,-4.521,0.00
69.70619,0.502,-4.785,0.00
69.71634,0.558,-4.785,0.00
69.72650,0.558,-4.970,0.00
69.73693,0.619,-5.142,0.00
69.74709,0.619,-5.142,0.00
69.75726,0.619,-5.142,0.00
69.76744,0.670,-5.173,0.00
69.77762,0.670,-5.116,0.00
69.78778,0.715,-5.116,0.00
69.79795,0.715,-5.116,0.00
69.80812,0.756,-4.921,0.00
69.81867,0.756,-4.656,0.00
69.82889,0.793,-4.656,0.00
69.83905,0.819,-4.384,0.00
69.84947,0.819,-4.384,0.00
69.85993,0.846,-4.108,0.00
69.87015,0.846,-4.108,0.00
69.88031,0.868,-3.808,0.00
69.89048,0.868,-3.808,0.00
69.90133,0.892,-3.465,0.00
69.91150,0.892,-3.465,0.00
69.92166,0.892,-3.211,0.00
69.93214,0.910,-3.211,0.00
69.95424,0.915,-3.024,0.00
69.96561,0.915,-3.024,0.00
69.97711,0.919,-2.893,0.00
69.98761,0.919,-2.893,0.00
69.99930,0.918,-2.793,0.00
70.01100,0.918,-2.694,0.00
70.02682,0.918,-2.581,0.00
70.05556,0.919,-2.465,0.00
70.06625,0.919,-2.353,0.00
70.07680,0.915,-2.353,0.00
70.08829,0.915,-2.264,0.00
70.10047,0.918,-2.185,0.00
70.12084,0.918,-2.185,0.00
70.13395,0.920,-2.122,0.00
70.14893,0.917,-2.122,0.00
70.16018,0.916,-2.067,0.00
70.17050,0.916,-2.032,0.00
70.19198,0.922,-2.015,0.00
70.20337,0.922,-2.015,0.00
70.21691,0.948,-2.001,0.00
70.22711,0.948,-1.976,0.00
70.23751,0.970,-1.976,0.00
70.24844,0.970,-1.939,0.00
70.25966,0.970,-1.939,0.00
70.27549,0.985,-1.859,0.00
70.28645,0.985,-1.859,0.00
70.29782,0.997,-1.819,0.00
70.30841,0.997,-1.819,0.00
70.33596,1.013,-1.819,0.00
70.34824,1.017,-1.768,0.00
70.35972,1.013,-1.768,0.00
70.37104,1.013,-1.768,0.00
70.38712,1.002,-1.738,0.00
70.39753,1.001,-1.738,0.00
70.40899,1.001,-1.725,0.00
70.42539,1.001,-1.725,0.00
70.44199,0.997,-1.687,0.00
70.45956,0.998,-1.661,0.00
70.47154,0.998,-1.661,0.00
70.49646,1.001,-1.644,0.00
70.51106,1.013,-1.635,0.00
70.52230,1.027,-1.637,0.00
70.53252,1.027,-1.637,0.00
70.54799,1.045,-1.642,0.00
70.55993,1.045,-1.642,0.00
70.57231,1.059,-1.642,0.00
70.60252,1.097,-1.663,0.00
70.61854,1.117,-1.670,0.00
70.62929,1.117,-1.669,0.00
70.64091,1.117,-1.669,0.00
70.65364,1.139,-1.667,0.00
70.66911,1.139,-1.669,0.00
70.68044,1.158,-1.669,0.00
70.69848,1.191,-1.657,0.00
70.71658,1.206,-1.641,0.00
70.73243,1.206,-1.641,0.00
70.74387,1.206,-1.641,0.00
70.76061,1.206,-1.618,0.00
70.78150,1.224,-1.618,0.00
70.79598,1.224,-1.542,0.00
70.81314,1.235,-1.470,0.00
70.82494,1.242,-1.470,0.00
70.83543,1.242,-1.470,0.00
70.84589,1.242,-1.439,0.00
70.85665,1.246,-1.439,0.00
70.87247,1.248,-1.397,0.00
70.88548,1.248,-1.397,0.00
70.90128,1.250,-1.317,0.00
70.91334,1.250,-1.298,0.00
70.93765,1.248,-1.298,0.00
70.98303,1.243,-1.254,0.00
71.03430,1.243,-1.211,0.00
71.04449,0.219,0.459,0.00
71.05492,0.202,0.481,0.00
71.06508,0.202,0.481,0.00
71.07547,0.202,0.481,0.00
71.08574,0.202,0.481,0.00
71.09640,0.202,0.481,0.00
71.10798,0.168,0.538,0.00
71.11821,0.130,0.555,0.00
71.12835,0.112,0.573,0.00
71.13857,0.095,0.581,0.00
71.14874,0.095,0.581,0.00
71.15889,0.072,0.584,0.00
71.16906,0.072,0.584,0.00
71.17922,0.072,0.584,0.00
71.19096,0.049,0.581,0.00
71.20115,0.049,0.576,0.00
71.21132,0.020,0.576,0.00
71.22148,-0.012,0.563,0.00
71.23163,-0.012,0.563,0.00
71.24180,-0.039,0.549,0.00
71.25238,-0.039,0.549,0.00
71.26287,-0.068,0.535,0.00
71.27335,-0.099,0.521,0.00
71.28362,-0.099,0.521,0.00
71.29390,-0.130,0.509,0.00
71.30407,-0.130,0.509,0.00
71.31422,-0.130,0.509,0.00
71.32471,-0.162,0.494,0.00
71.33507,-0.162,0.494,0.00
71.34523,-0.195,0.468,0.00
71.35539,-0.233,0.432,0.00
71.36577,-0.233,0.432,0.00
71.37591,-0.233,0.393,0.00
71.38607,-0.272,0.393,0.00
71.39623,-0.309,0.355,0.00
71.40639,-0.309,0.355,0.00
71.41734,-0.309,0.355,0.00
71.42774,-0.348,0.321,0.00
71.43790,-0.348,0.321,0.00
71.44820,-0.380,0.286,0.00
71.45906,-0.380,0.286,0.00
71.46994,-0.406,0.245,0.00
71.48011,-0.406,0.245,0.00
71.49038,-0.406,0.245,0.00
71.50156,-0.429,0.211,0.00
71.51185,-0.446,0.180,0.00
71.52202,-0.455,0.180,0.00
71.53218,-0.455,0.143,0.00
71.54233,-0.454,0.108,0.00
71.55249,-0.454,0.108,0.00
71.56265,-0.454,0.065,0.00
71.57286,-0.454,0.065,0.00
71.58407,-0.456,0.022,0.00
71.59434,-0.456,0.022,0.00
71.60483,-0.460,-0.015,0.00
71.61557,-0.460,-0.015,0.00
71.62574,-0.460,-0.046,0.00
71.63612,-0.460,-0.071,0.00
71.64644,-0.460,-0.071,0.00
71.65684,-0.460,-0.071,0.00
71.66699,-0.460,-0.071,0.00
71.67715,-0.458,-0.071,0.00
71.68757,-0.456,-0.106,0.00
71.69773,-0.456,-0.106,0.00
71.70790,-0.454,-0.111,0.00
71.71806,-0.454,-0.111,0.00
71.72822,-0.454,-0.111,0.00
71.73837,-0.453,-0.111,0.00
71.74862,-0.452,-0.113,0.00
71.75886,-0.452,-0.113,0.00
71.76916,-0.450,-0.113,0.00
71.77942,-0.446,-0.109,0.00
71.78968,-0.446,-0.109,0.00
71.79996,-0.440,-0.102,0.00
71.81019,-0.440,-0.102,0.00
71.82046,-0.434,-0.093,0.00
71.83128,-0.434,-0.093,0.00
71.84142,-0.434,-0.093,0.00
71.85181,-0.434,-0.093,0.00
71.86212,-0.433,-0.077,0.00
71.87268,-0.433,-0.077,0.00
71.88293,-0.430,-0.061,0.00
71.89346,-0.430,-0.061,0.00
71.90373,-0.428,-0.045,0.00
71.91403,-0.428,-0.045,0.00
71.92408,-0.433,-0.027,0.00
71.93425,-0.433,-0.027,0.00
71.94440,-0.438,-0.009,0.00
71.95490,-0.438,-0.009,0.00
71.96600,-0.443,0.006,0.00
71.97616,-0.443,0.006,0.00
71.98632,-0.447,0.023,0.00
71.99662,-0.452,0.036,0.00
72.00688,-0.452,0.036,0.00
72.01708,-0.459,0.049,0.00
72.02739,-0.459,0.049,0.00
72.03754,-0.468,0.058,0.00
72.04770,-0.468,0.058,0.00
72.05784,-0.487,0.066,0.00
72.06800,-0.487,0.066,0.00
72.07817,-0.487,0.066,0.00
72.08841,-0.542,0.077,0.00
72.09863,-0.542,0.077,0.00
72.10884,-0.656,0.085,0.00
72.11900,-0.721,0.088,0.00
72.12915,-0.721,0.088,0.00
72.13949,-0.537,0.087,0.00
72.14967,-0.537,0.087,0.00
72.16003,0.737,0.090,0.00
72.17104,0.737,0.090,0.00
72.18125,2.643,0.089,0.00
72.19145,2.643,0.089,0.00
72.20162,2.643,0.089,0.00
72.21191,4.491,0.080,0.00
72.22207,6.851,0.080,0.00
72.23223,6.851,0.068,0.00
72.24241,9.345,0.058,0.00
72.25262,9.345,0.058,0.00
72.26346,12.128,0.050,0.00
72.27649,12.128,0.050,0.00
72.28691,15.207,0.042,0.00
72.29714,15.207,0.042,0.00
72.31002,18.293,0.038,10.50
72.32019,18.293,0.057,10.50
72.33036,21.312,0.057,10.50
72.34058,21.312,0.057,10.50
72.35075,23.965,0.102,10.50
72.36091,26.046,0.180,10.50
72.37107,26.046,0.180,10.50
72.38121,27.464,0.248,10.50
72.39287,27.464,0.248,10.50
72.40301,28.317,0.298,10.50
72.41327,28.317,0.298,10.50
72.42344,28.696,0.318,10.50
72.45165,28.800,0.317,10.50
72.46181,28.912,0.308,10.50
72.48135,28.912,0.308,10.50
72.49154,28.840,0.273,10.50
72.51446,26.566,0.130,10.50
72.52496,26.566,0.130,10.50
72.54533,26.566,0.130,11.00
72.55560,21.563,0.107,11.00
72.56593,21.563,0.044,11.00
72.57842,18.513,-0.052,11.00
72.58858,18.513,-0.052,11.00
72.59875,18.513,-0.052,11.00
72.61018,15.417,-0.187,11.50
72.62037,12.427,-0.252,11.50
72.63065,12.427,-0.252,11.50
72.64195,9.674,-0.272,12.50
72.65258,7.234,-0.272,12.50
72.66279,7.234,-0.238,12.50
72.68960,4.800,-0.238,14.00
72.69992,2.341,-0.113,14.00
72.72206,0.251,0.213,15.50
72.73240,0.251,0.213,15.50
72.75378,-1.056,0.374,18.00
72.76417,-0.785,0.514,18.00
72.78613,-0.226,0.642,20.00
72.79629,-0.226,0.642,20.00
72.81769,0.005,0.894,22.00
72.82798,-0.475,0.894,22.00
72.83813,-1.016,0.894,22.00
72.84957,-1.016,1.031,23.50
72.85998,-0.939,1.031,23.50
72.87031,-0.939,1.181,23.50
72.88167,-0.939,1.330,24.50
72.89200,-0.569,1.330,24.50
72.90233,-0.417,1.431,24.50
72.91348,-0.417,1.431,25.00
72.92371,-0.417,1.431,25.00
72.93387,-0.442,1.469,25.00
72.94539,-0.566,1.429,25.50
72.95559,-0.566,1.429,25.50
72.96576,-0.715,1.324,25.50
72.99484,-0.715,1.324,25.50
73.00518,-0.923,1.107,25.50
73.02523,-0.950,1.107,26.00
73.03541,-0.950,1.106,26.00
73.04559,-0.953,1.222,26.00
73.05965,-0.953,1.478,26.00
73.07196,-0.938,1.478,26.00
73.09307,-0.903,1.904,26.00
73.10325,-0.873,2.669,26.00
73.11353,-0.873,3.673,26.00
73.12404,-0.872,3.673,26.00
73.13501,-0.872,3.673,26.00
73.14523,-0.894,4.817,26.00
73.15546,-0.894,4.817,26.00
73.16568,-0.894,4.817,26.00
73.17584,-0.916,6.329,26.00
73.20170,-0.933,7.948,26.00
73.21230,-0.942,9.931,26.00
73.23738,-0.942,12.296,26.00
73.24756,-0.937,14.989,26.00
73.26640,-0.923,17.901,26.00
73.27660,-0.900,17.901,26.00
73.29761,-0.871,20.841,26.00
73.30801,-0.871,23.789,26.00
73.31816,-0.871,23.789,26.00
73.32968,-0.836,27.084,26.00
73.33985,-0.789,29.906,26.00
73.35015,-0.789,29.906,26.00
73.36188,-0.740,32.697,26.00
73.37201,-0.740,32.697,26.00
73.38226,-0.702,35.311,26.00
73.39380,-0.702,35.311,26.00
73.40412,-0.673,35.311,26.00
73.41455,-0.649,37.809,26.00
73.44300,-0.632,42.424,26.00
73.45419,-0.632,44.643,26.00
73.47560,-0.619,44.643,26.00
73.48597,-0.612,46.999,26.00
73.50591,-0.612,46.999,26.00
73.51626,-0.614,48.874,26.00
73.52715,-0.614,50.495,0.00
73.53737,-0.614,50.495,0.00
73.54782,-0.619,51.893,0.00
73.55797,-0.621,53.076,0.00
73.56869,-0.621,53.076,0.00
73.57885,-0.627,53.986,0.00
73.58900,-0.627,53.986,0.00
73.59927,-0.634,54.764,0.00
73.61109,-0.634,54.764,0.00
73.62125,-0.634,55.359,0.00
73.63212,-0.641,55.359,0.00
73.64248,-0.641,55.821,0.00
73.65369,-0.644,55.821,0.00
73.66413,-0.646,56.118,0.00
73.67445,-0.646,56.118,0.00
73.68461,-0.652,56.290,0.00
73.69498,-0.652,56.290,0.00
73.70513,-0.660,56.407,0.00
73.71529,-0.661,56.407,0.00
73.72544,-0.661,56.445,0.00
73.73573,-0.660,56.445,0.00
73.74602,-0.660,56.435,0.00
73.75758,-0.659,56.419,0.00
73.76775,-0.659,56.419,0.00
73.77791,-0.666,56.387,0.00
73.78807,-0.666,56.387,0.00
73.79824,-0.666,56.266,0.00
73.80840,-0.684,56.266,0.00
73.81888,-0.684,56.005,0.00
73.82919,-0.711,56.005,0.00
73.83977,-0.711,56.005,0.00
73.85008,-0.741,55.502,0.00
73.86025,-0.741,55.502,0.00
73.87041,-0.766,55.502,0.00
73.88121,-0.788,53.775,0.00
73.89138,-0.788,53.775,0.00
73.90223,-0.803,52.793,0.00
73.91242,-0.803,52.793,0.00
73.92259,-0.807,51.679,0.00
73.93284,-0.807,51.679,0.00
73.94301,-0.806,50.453,0.00
73.95488,-0.806,50.453,0.00
73.96505,-0.801,49.012,0.00
73.97593,-0.801,49.012,0.00
73.98609,-0.798,47.775,0.00
73.99691,-0.794,46.610,0.00
74.00707,-0.794,46.610,0.00
74.01723,-0.794,46.610,0.00
74.02750,-0.785,45.419,0.00
74.03851,-0.771,44.122,0.00
74.04867,-0.771,44.122,0.00
74.05938,-0.757,42.803,0.00
74.06954,-0.757,42.803,0.00
74.08000,-0.739,41.522,0.00
74.09016,-0.739,41.522,0.00
74.10032,-0.717,40.225,0.00
74.11048,-0.717,40.225,0.00
74.12065,-0.690,38.832,0.00
74.13142,-0.690,38.832,0.00
74.14158,-0.666,37.215,0.00
74.15174,-0.666,37.215,0.00
74.16207,-0.645,35.774,0.00
74.17223,-0.645,35.774,0.00
74.18239,-0.625,34.270,0.00
74.19334,-0.625,34.270,0.00
74.20365,-0.605,32.667,0.00
74.21382,-0.605,32.667,0.00
74.22416,-0.592,31.035,0.00
74.23432,-0.592,29.366,0.00
74.24448,-0.587,29.366,0.00
74.25465,-0.587,29.366,0.00
74.26481,-0.593,27.696,0.00
74.27496,-0.609,26.033,0.00
74.28511,-0.609,26.033,0.00
74.29549,-0.609,26.033,0.00
74.30575,-0.637,24.203,0.00
74.31590,-0.668,22.579,0.00
74.32614,-0.668,22.579,0.00
74.33630,-0.668,22.579,0.00
74.34646,-0.668,22.579,0.00
74.35666,-0.668,22.579,0.00
74.36707,-0.740,20.980,0.00
74.37722,-0.770,18.008,0.00
74.38738,-0.770,18.008,0.00
74.39754,-0.794,16.540,0.00
74.40769,-0.794,16.540,0.00
74.41787,-0.794,16.540,0.00
74.42802,-0.816,15.094,0.00
74.43818,-0.831,13.727,0.00
74.44833,-0.831,13.727,0.00
74.45850,-0.837,12.297,0.00
74.46876,-0.837,12.297,0.00
74.47903,-0.842,11.120,0.00
74.48926,-0.842,11.120,0.00
74.49942,-0.853,10.007,0.00
74.50976,-0.853,10.007,0.00
74.51996,-0.855,9.009,0.00
74.53067,-0.855,9.009,0.00
74.54091,-0.841,8.119,0.00
74.55284,-0.841,8.119,0.00
74.56322,-0.814,7.231,0.00
74.57342,-0.814,7.231,0.00
74.58359,-0.778,6.349,0.00
74.59375,-0.778,6.349,0.00
74.60389,-0.778,6.349,0.00
74.61405,-0.745,5.605,0.00
74.62431,-0.710,4.877,0.00
74.63446,-0.710,4.877,0.00
74.64460,-0.678,4.280,0.00
74.65482,-0.662,3.735,0.00
74.66495,-0.662,3.735,0.00
74.67536,-0.649,3.207,0.00
74.68550,-0.649,3.207,0.00
74.69564,-0.636,3.207,0.00
74.70579,-0.636,2.719,0.00
74.71594,-0.629,2.719,0.00
74.72627,-0.629,2.390,0.00
74.73660,-0.629,2.390,0.00
74.74765,-0.629,2.390,0.00
74.75781,-0.624,2.142,0.00
74.76797,-0.616,1.989,0.00
74.77812,-0.590,1.976,0.00
74.78828,-0.590,1.976,0.00
74.79844,-0.563,2.020,0.00
74.80860,-0.563,2.020,0.00
74.81876,-0.542,2.085,0.00
74.82905,-0.542,2.085,0.00
74.83921,-0.526,2.167,0.00
74.85020,-0.526,2.167,0.00
74.86027,-0.508,2.294,0.00
74.87131,-0.508,2.294,0.00
74.88156,-0.507,2.443,0.00
74.89176,-0.507,2.443,0.00
74.90201,-0.499,2.550,0.00
74.91234,-0.499,2.550,0.00
74.92258,-0.485,2.664,0.00
74.93286,-0.485,2.664,0.00
74.94319,-0.479,2.817,0.00
74.95459,-0.479,2.817,0.00
74.96487,-0.470,2.958,0.00
74.97556,-0.458,2.958,0.00
74.98588,-0.458,3.070,0.00
74.99604,-0.458,3.151,0.00
75.00620,-0.456,3.151,0.00
75.01637,-0.456,3.208,0.00
75.02652,-0.456,3.208,0.00
75.04352,-0.456,3.208,0.00
75.05379,-0.456,3.245,0.00
75.07346,-0.456,3.257,0.00
75.08410,-0.365,3.227,0.00
75.09616,-0.365,3.227,0.00
75.11218,-0.302,3.125,0.00
75.12235,-0.302,2.999,0.00
75.13274,-0.179,2.999,0.00
75.14300,-0.179,2.999,0.00
75.15904,0.363,2.881,0.00
75.17500,0.363,2.881,0.00
75.18698,0.363,2.881,0.00
75.20466,0.893,2.791,0.00
75.22307,1.563,2.713,0.00
75.24648,1.563,2.713,0.00
75.26330,2.445,2.623,0.00
75.27994,5.013,2.522,0.00
75.29948,5.013,2.522,0.00
75.31592,6.518,2.550,0.00
75.33265,9.614,2.662,0.00
75.34950,10.964,2.713,0.00
75.36620,12.233,2.741,0.00
75.38873,13.532,2.738,0.00
75.40422,13.532,2.728,0.00
75.42321,14.881,2.720,0.00
75.43507,16.270,2.720,0.00
75.45183,17.631,2.714,0.00
75.46911,17.631,2.714,0.00
75.48026,18.875,2.714,0.00
75.49188,19.948,2.720,0.00
75.50763,19.948,2.720,0.00
75.51878,20.881,2.751,0.00
75.52924,20.881,2.751,0.00
75.54829,22.439,2.775,0.00
75.55909,22.439,2.775,0.00
75.57464,23.064,2.777,0.00
75.59011,23.592,2.760,0.00
75.60170,24.060,2.742,0.00
75.61746,24.060,2.742,0.00
75.63482,24.451,2.738,0.00
75.65188,24.651,2.746,0.00
75.66291,24.651,2.746,0.00
75.67353,24.651,2.769,0.00
75.68904,24.297,2.799,0.00
75.70017,24.297,2.840,0.00
75.71681,23.871,2.840,0.00
75.74533,22.855,2.894,0.00
75.75618,22.855,2.966,0.00
75.77466,22.855,3.049,0.00
75.78595,21.922,3.137,0.00
75.79615,21.922,3.137,0.00
75.80701,21.380,3.210,0.00
75.82054,21.380,3.278,0.00
75.83078,21.380,3.278,0.00
75.84213,20.826,3.338,0.00
75.85837,20.324,3.338,0.00
75.86856,19.858,3.338,0.00
75.88022,19.432,3.426,0.00
75.89162,19.432,3.426,0.00
75.90368,19.053,3.449,0.00
75.92146,19.053,3.449,0.00
75.93925,18.756,3.465,0.00
75.95512,18.531,3.465,0.00
75.96571,18.531,3.448,0.00
75.97993,18.242,3.406,0.00
75.99101,18.242,3.406,0.00
76.00192,18.242,3.406,0.00
76.02235,18.329,3.406,0.00
76.03505,18.483,3.275,0.00
76.09391,18.483,3.042,0.00
76.10438,19.027,2.956,0.00
76.17161,19.027,2.731,0.00
76.18176,18.905,2.663,0.00
76.19192,0.374,-0.115,0.00
76.20226,0.313,-0.183,0.00
76.21258,0.313,-0.183,0.00
76.22283,0.233,-0.272,0.00
76.23331,0.233,-0.272,0.00
76.24357,0.120,-0.371,0.00
76.25373,0.120,-0.371,0.00
76.26390,-0.018,-0.482,0.00
76.27516,-0.018,-0.482,0.00
76.28532,-0.143,-0.574,0.00
76.29548,-0.261,-0.647,0.00
76.30567,-0.261,-0.647,0.00
76.31637,-0.386,-0.699,0.00
76.32653,-0.386,-0.699,0.00
76.33668,-0.386,-0.699,0.00
76.34686,-0.513,-0.731,0.00
76.35702,-0.643,-0.744,0.00
76.36718,-0.643,-0.744,0.00
76.37733,-0.771,-0.745,0.00
76.38753,-0.771,-0.745,0.00
76.39772,-0.887,-0.740,0.00
76.40789,-0.887,-0.740,0.00
76.41806,-0.984,-0.733,0.00
76.42821,-0.984,-0.733,0.00
76.43837,-0.984,-0.733,0.00
76.44852,-1.082,-0.733,0.00
76.45877,-1.082,-0.733,0.00
76.46911,-1.184,-0.735,0.00
76.47948,-1.184,-0.735,0.00
76.49001,-1.278,-0.732,0.00
76.50044,-1.352,-0.727,0.00
76.51085,-1.352,-0.727,0.00
76.52102,-1.383,-0.717,0.00
76.53118,-1.383,-0.717,0.00
76.54149,-1.366,-0.717,0.00
76.55238,-1.366,-0.712,0.00
76.56262,-1.332,-0.707,0.00
76.57296,-1.332,-0.707,0.00
76.58334,-1.316,-0.705,0.00
76.59349,-1.316,-0.706,0.00
76.60365,-1.311,-0.706,0.00
76.61444,-1.311,-0.706,0.00
76.62460,-1.339,-0.712,0.00
76.63521,-1.339,-0.712,0.00
76.64572,-1.424,-0.720,0.00
76.65594,-1.424,-0.720,0.00
76.66610,-1.542,-0.729,0.00
76.67625,-1.542,-0.729,0.00
76.68643,-1.711,-0.729,0.00
76.69659,-1.910,-0.740,0.00
76.70693,-1.910,-0.749,0.00
76.71719,-2.129,-0.756,0.00
76.72736,-2.129,-0.756,0.00
76.73782,-2.129,-0.756,0.00
76.74800,-2.375,-0.767,0.00
76.75815,-2.375,-0.771,0.00
76.76831,-2.624,-0.771,0.00
76.77861,-2.624,-0.766,0.00
76.79064,-2.876,-0.766,0.00
76.80076,-3.125,-0.756,0.00
76.81091,-3.125,-0.756,0.00
76.82107,-3.364,-0.756,0.00
76.83142,-3.364,-0.742,0.00
76.84158,-3.583,-0.729,0.00
76.85173,-3.583,-0.729,0.00
76.86189,-3.798,-0.715,0.00
76.87237,-3.798,-0.715,0.00
76.88252,-4.007,-0.696,0.00
76.89267,-4.007,-0.696,0.00
76.90284,-4.200,-0.673,0.00
76.91300,-4.200,-0.673,0.00
76.92316,-4.383,-0.645,0.00
76.93342,-4.383,-0.645,0.00
76.94363,-4.577,-0.612,0.00
76.95379,-4.577,-0.612,0.00
76.96399,-4.768,-0.573,0.00
76.97422,-4.928,-0.525,0.00
76.98439,-4.928,-0.525,0.00
76.99487,-4.928,-0.525,0.00
77.00503,-5.067,-0.477,0.00
77.01519,-5.195,-0.430,0.00
77.02559,-5.195,-0.430,0.00
77.03575,-5.287,-0.394,0.00
77.04591,-5.287,-0.394,0.00
77.05630,-5.287,-0.394,0.00
77.06645,-5.362,-0.358,0.00
77.07660,-5.427,-0.326,0.00
77.08688,-5.427,-0.326,0.00
77.09704,-5.427,-0.326,0.00
77.10724,-5.478,-0.295,0.00
77.11740,-5.478,-0.266,0.00
77.12757,-5.527,-0.266,0.00
77.13773,-5.573,-0.238,0.00
77.14788,-5.573,-0.238,0.00
77.15810,-5.573,-0.238,0.00
77.16834,-5.621,-0.207,0.00
77.17850,-5.674,-0.176,0.00
77.18868,-5.674,-0.176,0.00
77.19885,-5.674,-0.176,0.00
77.20901,-5.728,-0.147,0.00
77.21942,-5.728,-0.147,0.00
77.22968,-5.776,-0.118,0.00
77.23984,-5.821,-0.088,0.00
77.25079,-5.821,-0.088,0.00
77.26097,-5.834,-0.063,0.00
77.27329,-5.834,-0.063,0.00
77.28358,-5.836,-0.041,0.00
77.29395,-5.836,-0.041,0.00
77.30411,-5.844,-0.017,0.00
77.31428,-5.844,-0.017,0.00
77.32442,-5.842,0.004,0.00
77.33464,-5.842,0.004,0.00
77.34537,-5.827,0.029,0.00
77.35555,-5.827,0.048,0.00
77.36572,-5.793,0.048,0.00
77.37595,-5.745,0.074,0.00
77.38611,-5.745,0.074,0.00
77.39627,-5.687,0.103,0.00
77.40643,-5.687,0.103,0.00
77.41674,-5.640,0.128,0.00
77.42695,-5.640,0.128,0.00
77.43713,-5.613,0.128,0.00
77.44729,-5.613,0.147,0.00
77.45773,-5.599,0.147,0.00
77.46818,-5.599,0.165,0.00
77.47834,-5.591,0.183,0.00
77.48850,-5.591,0.183,0.00
77.49866,-5.591,0.183,0.00
77.50892,-5.595,0.197,0.00
77.51916,-5.625,0.209,0.00
77.52933,-5.625,0.209,0.00
77.53949,-5.676,0.221,0.00
77.54974,-5.676,0.221,0.00
77.55999,-5.676,0.221,0.00
77.57015,-5.733,0.237,0.00
77.58031,-5.733,0.252,0.00
77.59081,-5.731,0.252,0.00
77.60099,-5.731,0.252,0.00
77.61115,-5.437,0.272,0.00
77.62131,-4.955,0.297,0.00
77.63162,-4.955,0.297,0.00
77.64178,-4.318,0.328,0.00
77.65195,-3.582,0.328,0.00
77.66210,-3.582,0.359,0.00
77.67240,-3.582,0.359,0.00
77.68246,-2.328,0.398,0.00
77.69263,-2.328,0.398,0.00
77.70280,-2.328,0.441,0.00
77.71322,-0.632,0.489,0.00
77.72350,1.434,0.489,0.00
77.73432,1.434,0.489,0.00
77.74471,3.804,0.528,0.00
77.75487,3.804,0.528,0.00
77.76504,6.405,0.561,0.00
77.77521,6.405,0.561,0.00
77.78545,9.156,0.593,0.00
77.79582,11.815,0.629,0.00
77.80959,11.815,0.629,0.00
77.81977,14.200,0.629,0.00
77.83001,14.200,0.661,0.00
77.84199,16.117,0.692,10.50
77.85418,16.117,0.692,10.50
77.86433,17.520,0.731,10.50
77.87450,18.397,0.777,10.50
77.88466,18.397,0.777,10.50
77.89487,18.809,0.809,10.50
77.92160,18.828,0.809,10.50
77.93264,18.828,0.822,10.50
77.95508,17.500,0.742,10.50
77.96525,17.500,0.742,10.50
77.98882,17.500,0.742,10.50
77.99899,15.986,0.644,10.50
78.01792,11.939,0.360,10.50
78.02811,11.939,0.360,10.50
78.03827,9.296,0.360,10.50
78.04963,9.296,0.181,11.00
78.05980,9.296,0.181,11.00
78.07010,6.363,0.023,11.00
78.08196,3.019,-0.146,11.00
78.09477,3.019,-0.146,11.00
78.10491,-0.625,-0.278,11.00
78.11506,-3.777,-0.464,11.50
78.12523,-3.777,-0.464,11.50
78.13572,-6.504,-0.596,11.50
78.14598,-6.504,-0.596,12.00
78.15678,-9.090,-0.596,12.00
78.16696,-9.090,-0.668,12.00
78.19412,-9.090,-0.668,13.00
78.20448,-13.621,-0.549,13.00
78.22527,-13.621,-0.549,14.00
78.23543,-15.458,-0.454,14.00
78.25945,-15.458,-0.454,16.00
78.26971,-17.070,-0.369,16.00
78.28938,-19.107,-0.220,18.00
78.29988,-19.544,-0.135,18.00
78.31029,-19.544,-0.135,18.00
78.32198,-19.618,-0.031,20.50
78.33268,-19.602,0.075,20.50
78.34317,-19.602,0.075,20.50
78.35398,-19.517,0.173,22.50
78.36526,-19.517,0.173,22.50
78.37580,-19.368,0.254,22.50
78.38605,-19.368,0.254,23.50
78.39619,-19.241,0.327,23.50
78.40648,-19.241,0.327,23.50
78.41757,-19.241,0.327,24.50
78.42791,-19.200,0.390,24.50
78.43830,-19.212,0.413,24.50
78.46522,-19.212,0.413,25.00
78.47559,-19.231,0.385,25.00
78.49744,-19.277,0.343,25.50
78.50762,-19.302,0.350,25.50
78.53127,-19.287,0.402,25.50
78.54142,-19.257,0.516,25.50
78.56179,-19.233,0.516,26.00
78.57248,-19.233,0.741,26.00
78.59341,-19.215,1.099,26.00
78.60366,-19.200,1.612,26.00
78.61382,-19.200,1.612,26.00
78.62589,-19.205,2.243,26.00
78.63609,-19.241,2.924,26.00
78.64643,-19.241,2.924,26.00
78.65792,-19.241,2.924,26.00
78.66808,-19.283,3.693,26.00
78.67851,-19.283,4.813,26.00
78.68974,-19.319,4.813,26.00
78.70007,-19.319,6.001,26.00
78.71053,-19.347,6.001,26.00
78.72187,-19.358,7.289,26.00
78.73303,-19.358,7.289,26.00
78.74332,-19.359,8.719,26.00
78.76912,-19.359,8.719,26.00
78.77931,-19.350,10.291,26.00
78.80140,-19.350,12.174,26.00
78.81159,-19.347,14.381,26.00
78.83457,-19.358,16.957,26.00
78.84472,-19.372,19.958,26.00
78.86512,-19.372,19.958,26.00
78.87564,-19.386,22.667,26.00
78.88607,-19.391,25.507,26.00
78.90162,-19.391,28.374,26.00
78.91367,-19.384,28.374,26.00
78.92958,-19.368,31.172,26.00
78.94032,-19.350,33.838,26.00
78.95157,-19.350,33.838,26.00
78.96177,-19.330,36.258,26.00
78.97212,-19.330,36.258,26.00
78.98227,-19.311,38.573,26.00
78.99461,-19.311,40.903,26.00
79.00482,-19.293,40.903,26.00
79.01519,-19.293,40.903,26.00
79.02587,-19.279,42.827,26.00
79.03609,-19.267,42.827,26.00
79.04625,-19.267,44.692,26.00
79.05640,-19.255,44.692,0.00
79.06754,-19.255,46.361,0.00
79.07771,-19.255,46.361,0.00
79.08787,-19.242,47.800,0.00
79.09803,-19.227,48.969,0.00
79.10820,-19.227,48.969,0.00
79.11836,-19.208,50.025,0.00
79.12869,-19.208,50.025,0.00
79.13884,-19.208,50.944,0.00
79.14903,-19.179,50.944,0.00
79.15920,-19.143,51.749,0.00
79.16936,-19.143,51.749,0.00
79.17952,-19.110,52.538,0.00
79.18968,-19.110,52.538,0.00
79.19984,-19.080,52.538,0.00
79.21001,-19.080,53.113,0.00
79.22016,-19.050,53.622,0.00
79.23031,-19.050,53.622,0.00
79.24047,-19.023,54.057,0.00
79.25062,-19.023,54.057,0.00
79.26079,-19.001,54.374,0.00
79.27094,-19.001,54.374,0.00
79.28110,-18.986,54.624,0.00
79.29130,-18.986,54.624,0.00
79.30155,-18.986,54.624,0.00
79.31171,-18.985,54.794,0.00
79.32187,-18.985,54.884,0.00
79.33209,-18.999,54.884,0.00
79.34234,-19.026,54.876,0.00
79.35250,-19.026,54.876,0.00
79.36265,-19.068,54.711,0.00
79.37285,-19.068,54.711,0.00
79.38302,-19.113,54.357,0.00
79.39318,-19.113,54.357,0.00
79.40333,-19.148,53.740,0.00
79.41389,-19.148,53.740,0.00
79.42403,-19.174,52.886,0.00
79.43418,-19.174,52.886,0.00
79.44434,-19.193,52.886,0.00
79.45462,-19.193,51.937,0.00
79.46477,-19.209,50.943,0.00
79.47553,-19.209,50.943,0.00
79.48568,-19.230,49.892,0.00
79.49583,-19.246,48.658,0.00
79.50596,-19.246,48.658,0.00
79.51615,-19.246,48.658,0.00
79.52648,-19.258,47.530,0.00
79.53676,-19.271,46.421,0.00
79.54691,-19.271,46.421,0.00
79.55724,-19.271,45.320,0.00
79.56738,-19.280,45.320,0.00
79.57754,-19.289,44.268,0.00
79.58769,-19.289,44.268,0.00
79.59785,-19.294,43.154,0.00
79.60801,-19.294,43.154,0.00
79.61817,-19.294,41.940,0.00
79.62833,-19.299,41.940,0.00
79.63848,-19.299,40.727,0.00
79.64924,-19.309,40.727,0.00
79.65971,-19.309,40.727,0.00
79.67026,-19.319,39.326,0.00
79.68049,-19.323,37.991,0.00
79.69163,-19.323,37.991,0.00
79.70179,-19.330,36.562,0.00
79.71213,-19.330,36.562,0.00
79.72283,-19.338,35.069,0.00
79.73328,-19.338,35.069,0.00
79.74344,-19.348,33.531,0.00
79.75415,-19.348,33.531,0.00
79.76435,-19.348,31.894,0.00
79.77450,-19.361,31.894,0.00
79.78466,-19.376,30.135,0.00
79.79482,-19.376,30.135,0.00
79.80497,-19.395,28.319,0.00
79.81512,-19.395,28.319,0.00
79.82541,-19.416,26.203,0.00
79.83557,-19.436,24.254,0.00
79.84572,-19.436,24.254,0.00
79.85590,-19.436,24.254,0.00
79.86606,-19.454,22.300,0.00
79.87645,-19.469,20.375,0.00
79.88705,-19.469,20.375,0.00
79.89721,-19.469,18.447,0.00
79.90753,-19.478,18.447,0.00
79.91765,-19.482,18.447,0.00
79.92780,-19.482,16.497,0.00
79.93795,-19.484,16.497,0.00
79.94812,-19.484,14.614,0.00
79.95832,-19.486,12.848,0.00
79.96848,-19.486,12.848,0.00
79.97863,-19.486,12.848,0.00
79.98887,-19.486,10.970,0.00
79.99902,-19.484,9.353,0.00
80.00918,-19.484,9.353,0.00
80.01935,-19.484,9.353,0.00
80.02967,-19.480,7.750,0.00
80.03983,-19.483,6.206,0.00
80.05004,-19.483,6.206,0.00
80.06086,-19.494,4.775,0.00
80.07117,-19.494,4.775,0.00
80.08123,-19.503,3.482,0.00
80.09165,-19.503,3.482,0.00
80.10160,-19.512,2.268,0.00
80.11185,-19.512,2.268,0.00
80.12209,-19.523,1.085,0.00
80.13240,-19.523,1.085,0.00
80.14281,-19.535,-0.135,0.00
80.15302,-19.535,-0.135,0.00
80.16347,-19.547,-0.135,0.00
80.17366,-19.547,-1.112,0.00
80.18381,-19.547,-1.112,0.00
80.19397,-19.547,-1.112,0.00
80.20413,-19.547,-1.112,0.00
80.21430,-19.547,-1.112,0.00
80.22458,-19.547,-1.112,0.00
80.23528,-19.561,-1.963,0.00
80.24545,-19.574,-3.254,0.00
80.25561,-19.594,-3.712,0.00
80.26579,-19.596,-4.124,0.00
80.27595,-19.596,-4.124,0.00
80.28611,-19.588,-4.488,0.00
80.29644,-19.588,-4.488,0.00
80.30650,-19.570,-4.817,0.00
80.31710,-19.570,-4.817,0.00
80.32726,-19.536,-5.076,0.00
80.33743,-19.494,-5.200,0.00
80.34760,-19.494,-5.200,0.00
80.35789,-19.455,-5.302,0.00
80.36805,-19.455,-5.302,0.00
80.37821,-19.455,-5.363,0.00
80.38837,-19.417,-5.363,0.00
80.39984,-19.417,-5.363,0.00
80.40999,-19.385,-5.285,0.00
80.42015,-19.360,-5.187,0.00
80.43026,-19.360,-5.187,0.00
80.44051,-19.337,-5.043,0.00
80.45148,-19.337,-5.043,0.00
80.46164,-19.320,-4.835,0.00
80.47204,-19.320,-4.835,0.00
80.48245,-19.312,-4.583,0.00
80.49282,-19.312,-4.278,0.00
80.50297,-19.302,-4.278,0.00
80.51318,-19.302,-4.278,0.00
80.52342,-19.288,-3.990,0.00
80.53357,-19.276,-3.691,0.00
80.54372,-19.276,-3.691,0.00
80.55433,-19.276,-3.691,0.00
80.56583,-19.265,-3.402,0.00
80.57955,-19.256,-3.402,0.00
80.58998,-19.256,-3.126,0.00
80.60137,-19.256,-2.881,0.00
80.61396,-19.234,-2.646,0.00
80.62449,-19.234,-2.646,0.00
80.63540,-19.234,-2.646,0.00
80.64592,-19.234,-2.472,0.00
80.65650,-19.221,-2.472,0.00
80.66687,-19.221,-2.340,0.00
80.67809,-19.221,-2.340,0.00
80.68866,-19.221,-2.250,0.00
80.69954,-19.207,-2.195,0.00
80.71888,-19.207,-2.195,0.00
80.72980,-19.194,-2.165,0.00
80.74051,-19.194,-2.165,0.00
80.75075,-19.177,-2.165,0.00
80.76115,-19.177,-2.145,0.00
80.77369,-19.152,-2.146,0.00
80.78958,-19.112,-2.146,0.00
80.79983,-19.058,-2.146,0.00
80.81026,-19.058,-2.155,0.00
80.82610,-19.000,-2.158,0.00
80.83697,-19.000,-2.158,0.00
80.84739,-18.929,-2.158,0.00
80.85900,-18.929,-2.141,0.00
80.89577,-18.862,-2.125,0.00
80.92606,-18.710,-2.099,0.00
80.93699,-18.617,-2.099,0.00
80.94836,-18.522,-2.065,0.00
80.97687,-18.442,-2.013,0.00
80.99327,-18.362,-2.013,0.00
81.00399,-18.362,-1.872,0.00
81.01992,-18.284,-1.872,0.00
81.03237,-18.202,-1.786,0.00
81.04896,-18.152,-1.683,0.00
81.06078,-18.119,-1.566,0.00
81.07146,-18.119,-1.566,0.00
81.08172,-18.093,-1.566,0.00
81.09714,-18.093,-1.566,0.00
81.12456,-18.060,-1.167,0.00
81.13575,-18.060,-1.167,0.00
81.15167,-18.053,-1.065,0.00
81.16219,-18.085,-0.970,0.00
81.17444,-18.085,-0.970,0.00
81.19058,-18.097,-0.876,0.00
81.20099,-18.090,-0.779,0.00
81.21278,-18.090,-0.779,0.00
81.23142,-18.089,-0.684,0.00
81.24301,-18.089,-0.684,0.00
81.27977,-18.071,-0.576,0.00
81.30220,-18.061,-0.564,0.00
81.32722,-18.046,-0.654,0.00
81.33737,-18.046,-0.714,0.00
81.34776,-18.031,-0.714,0.00
81.35798,-18.031,-0.714,0.00
81.37963,-18.020,-0.724,0.00
81.39202,-18.018,-0.724,0.00
81.40770,-18.027,-0.692,0.00
81.42342,-18.027,-0.664,0.00
81.43412,-18.043,-0.664,0.00
81.44970,-18.062,-0.633,0.00
81.46619,-18.062,-0.633,0.00
81.48223,-18.080,-0.573,0.00
81.49328,-18.080,-0.573,0.00
81.50371,-18.080,-0.530,0.00
81.51412,-18.068,-0.530,0.00
81.52729,-18.038,-0.468,0.00
81.53754,-18.038,-0.468,0.00
81.55297,-17.997,-0.396,0.00
81.56472,-17.997,-0.396,0.00
81.61705,-17.949,-0.224,0.00
81.68115,-17.809,-0.180,0.00
81.69311,0.445,-0.180,0.00
81.70350,0.463,1.394,0.00
81.71381,0.463,1.394,0.00
81.72387,0.472,1.402,0.00
81.73406,0.469,1.413,0.00
81.74437,0.469,1.413,0.00
81.75451,0.469,1.413,0.00
81.76468,0.458,1.427,0.00
81.77484,0.458,1.427,0.00
81.78500,0.441,1.446,0.00
81.79533,0.441,1.446,0.00
81.80542,0.422,1.477,0.00
81.81558,0.403,1.529,0.00
81.82578,0.403,1.529,0.00
81.83593,0.403,1.599,0.00
81.84607,0.388,1.599,0.00
81.85622,0.388,1.599,0.00
81.86637,0.372,1.672,0.00
81.87654,0.359,1.741,0.00
81.88683,0.359,1.741,0.00
81.89717,0.359,1.741,0.00
81.90735,0.344,1.807,0.00
81.91752,0.329,1.873,0.00
81.92768,0.329,1.873,0.00
81.93802,0.319,1.873,0.00
81.94828,0.319,1.922,0.00
81.95843,0.311,1.922,0.00
81.96859,0.311,1.958,0.00
81.97880,0.304,1.986,0.00
81.98896,0.304,1.986,0.00
81.99918,0.304,1.986,0.00
82.00952,0.296,2.006,0.00
82.01961,0.288,2.012,0.00
82.02977,0.288,2.012,0.00
82.03991,0.288,2.007,0.00
82.05017,0.279,2.007,0.00
82.06041,0.279,2.007,0.00
82.07067,0.274,1.998,0.00
82.08084,0.275,1.989,0.00
82.09102,0.275,1.989,0.00
82.10122,0.277,1.979,0.00
82.11148,0.277,1.979,0.00
82.12164,0.282,1.969,0.00
82.13180,0.282,1.969,0.00
82.14200,0.282,1.961,0.00
82.15234,0.282,1.961,0.00
82.16260,0.289,1.951,0.00
82.17276,0.289,1.951,0.00
82.18293,0.302,1.943,0.00
82.19344,0.315,1.938,0.00
82.20360,0.315,1.938,0.00
82.21448,0.315,1.938,0.00
82.22489,0.323,1.940,0.00
82.23505,0.323,1.946,0.00
82.24523,0.332,1.946,0.00
82.25560,0.332,1.950,0.00
82.26578,0.348,1.950,0.00
82.27596,0.364,1.950,0.00
82.28611,0.364,1.952,0.00
82.29624,0.364,1.952,0.00
82.30640,0.376,1.947,0.00
82.31655,0.386,1.947,0.00
82.32684,0.386,1.934,0.00
82.33707,0.390,1.925,0.00
82.34724,0.390,1.925,0.00
82.35739,0.390,1.917,0.00
82.36753,0.387,1.917,0.00
82.37770,0.387,1.917,0.00
82.38785,0.386,1.910,0.00
82.39801,0.384,1.901,0.00
82.40817,0.384,1.901,0.00
82.41832,0.384,1.901,0.00
82.42859,0.380,1.898,0.00
82.43875,0.374,1.896,0.00
82.44950,0.374,1.896,0.00
82.46147,0.364,1.893,0.00
82.47295,0.364,1.893,0.00
82.48311,0.356,1.895,0.00
82.49362,0.356,1.895,0.00
82.50377,0.345,1.898,0.00
82.51410,0.345,1.897,0.00
82.52432,0.331,1.897,0.00
82.53475,0.331,1.892,0.00
82.54528,0.310,1.892,0.00
82.55543,0.287,1.892,0.00
82.56560,0.287,1.881,0.00
82.57576,0.263,1.868,0.00
82.58594,0.263,1.868,0.00
82.59616,0.239,1.854,0.00
82.60632,0.239,1.854,0.00
82.61647,0.214,1.839,0.00
82.62660,0.214,1.839,0.00
82.63758,0.214,1.839,0.00
82.64774,0.185,1.827,0.00
82.65791,0.151,1.811,0.00
82.66806,0.151,1.811,0.00
82.67837,0.122,1.792,0.00
82.68862,0.122,1.792,0.00
82.69895,0.091,1.772,0.00
82.71024,0.091,1.772,0.00
82.72057,0.091,1.752,0.00
82.73080,0.060,1.752,0.00
82.74107,0.035,1.725,0.00
82.75130,0.035,1.725,0.00
82.76172,0.012,1.700,0.00
82.77188,0.012,1.700,0.00
82.78204,-0.004,1.673,0.00
82.79247,-0.004,1.673,0.00
82.80255,-0.019,1.650,0.00
82.81284,-0.019,1.623,0.00
82.82308,-0.028,1.623,0.00
82.83323,-0.028,1.623,0.00
82.84339,-0.040,1.593,0.00
82.85392,-0.040,1.593,0.00
82.86418,-0.060,1.563,0.00
82.87452,-0.060,1.531,0.00
82.88494,-0.089,1.531,0.00
82.89514,-0.089,1.531,0.00
82.90535,-0.120,1.501,0.00
82.91550,-0.120,1.501,0.00
82.92570,-0.153,1.475,0.00
82.93586,-0.153,1.475,0.00
82.94600,-0.185,1.450,0.00
82.95615,-0.185,1.450,0.00
82.96630,-0.214,1.425,0.00
82.97645,-0.240,1.397,0.00
82.98661,-0.240,1.397,0.00
82.99676,-0.240,1.368,0.00
83.00693,-0.261,1.368,0.00
83.01708,-0.261,1.346,0.00
83.02724,-0.278,1.346,0.00
83.03739,-0.278,1.329,0.00
83.04761,-0.286,1.329,0.00
83.05776,-0.291,1.329,0.00
83.06791,-0.291,1.310,0.00
83.07895,-0.293,1.295,0.00
83.08911,-0.293,1.295,0.00
83.09940,-0.293,1.295,0.00
83.10962,-0.293,1.277,0.00
83.11987,-0.291,1.258,0.00
83.13036,-0.291,1.258,0.00
83.14071,-0.290,1.258,0.00
83.15097,-0.290,1.244,0.00
83.16113,-0.300,1.233,0.00
83.17164,-0.300,1.233,0.00
83.18194,-0.300,1.233,0.00
83.19228,-0.324,1.219,0.00
83.20255,-0.365,1.199,0.00
83.21270,-0.365,1.199,0.00
83.22286,-0.389,1.181,0.00
83.23379,-0.389,1.181,0.00
83.24406,-0.445,1.175,0.00
83.25485,-0.445,1.175,0.00
83.26519,-0.460,1.176,0.00
83.27534,-0.263,1.191,0.00
83.28549,-0.263,1.191,0.00
83.29564,0.015,1.214,0.00
83.30586,0.015,1.214,0.00
83.31603,0.337,1.214,0.00
83.32617,0.337,1.240,0.00
83.33634,0.728,1.240,0.00
83.34650,0.728,1.269,0.00
83.35760,0.728,1.269,0.00
83.36779,1.218,1.304,0.00
83.37796,2.005,1.304,0.00
83.38830,2.005,1.341,0.00
83.39866,2.005,1.341,0.00
83.40896,2.992,1.370,0.00
83.41923,2.992,1.370,0.00
83.42980,4.289,1.390,0.00
83.43999,4.289,1.390,0.00
83.45021,5.988,1.403,0.00
83.46107,8.045,1.407,0.00
83.47146,8.045,1.407,0.00
83.49045,10.292,1.404,0.00
83.50074,12.749,1.406,0.00
83.51269,12.749,1.406,0.00
83.52278,15.355,1.411,10.50
83.53302,15.355,1.411,10.50
83.54321,15.355,1.413,10.50
83.56908,18.092,1.413,10.50
83.57926,20.743,1.443,10.50
83.60146,23.001,1.467,10.50
83.61293,24.709,1.467,10.50
83.63301,24.709,1.467,10.50
83.64329,25.884,1.492,10.50
83.65344,26.775,1.525,10.50
83.66614,27.266,1.561,10.50
83.67631,27.266,1.606,10.50
83.68649,27.099,1.606,10.50
83.69715,27.099,1.606,10.50
83.70754,26.538,1.658,10.50
83.71769,26.538,1.658,10.50
83.72914,25.632,1.692,10.50
83.73932,25.632,1.692,10.50
83.74950,24.192,1.699,10.50
83.76116,22.204,1.672,11.00
83.77138,22.204,1.672,11.00
83.78307,22.204,1.670,11.00
83.80899,19.955,1.670,11.00
83.81937,14.418,1.529,11.00
83.84190,11.606,1.364,12.00
83.85252,11.606,1.364,12.00
83.87303,8.828,1.198,12.50
83.88328,6.101,1.081,12.50
83.90569,6.101,1.081,14.00
83.91587,6.101,1.081,14.00
83.92604,3.678,1.010,14.00
83.93781,1.655,1.010,16.00
83.94814,0.066,1.117,16.00
83.95848,-1.051,1.117,16.00
83.96963,-1.051,1.257,18.00
83.98002,-1.381,1.422,18.00
83.99054,-1.381,1.422,18.00
84.00151,-1.348,1.422,20.50
84.01167,-1.382,1.604,20.50
84.02206,-1.382,1.821,20.50
84.04998,-1.382,2.020,22.50
84.06016,-1.243,2.020,22.50
84.08201,-0.801,2.330,23.50
84.09259,-0.801,2.330,23.50
84.11354,-0.536,2.398,24.50
84.12408,-0.477,2.432,24.50
84.14590,-0.505,2.419,25.00
84.15617,-0.505,2.419,25.00
84.16657,-0.556,2.385,25.00
84.18140,-0.556,2.385,25.50
84.19169,-0.615,2.385,25.50
84.20906,-0.650,2.257,25.50
84.21926,-0.650,2.257,25.50
84.22948,-0.650,2.257,25.50
84.24179,-0.662,2.184,26.00
84.25334,-0.662,2.184,26.00
84.26358,-0.675,2.239,26.00
84.27373,-0.675,2.366,26.00
84.28393,-0.707,2.366,26.00
84.29409,-0.707,2.366,26.00
84.30517,-0.757,2.662,26.00
84.31535,-0.757,2.662,26.00
84.32551,-0.803,3.065,26.00
84.35361,-0.822,3.065,26.00
84.36411,-0.843,4.420,26.00
84.38562,-0.848,4.420,26.00
84.39601,-0.846,5.437,26.00
84.41743,-0.846,6.643,26.00
84.42763,-0.846,6.643,26.00
84.44929,-0.846,6.643,26.00
84.45948,-0.823,9.201,26.00
84.46971,-0.802,10.828,26.00
84.48184,-0.785,12.782,26.00
84.49205,-0.785,12.782,26.00
84.50221,-0.782,15.080,26.00
84.51342,-0.782,15.080,26.00
84.52384,-0.782,15.080,26.00
84.53403,-0.782,15.080,26.00
84.54562,-0.782,20.631,26.00
84.55580,-0.785,20.631,26.00
84.56609,-0.785,23.392,26.00
84.57725,-0.785,23.392,26.00
84.58757,-0.769,26.129,26.00
84.59771,-0.769,26.129,26.00
84.62506,-0.746,28.841,26.00
84.63528,-0.732,31.493,26.00
84.65720,-0.719,34.329,26.00
84.66737,-0.709,36.935,26.00
84.68910,-0.709,36.935,26.00
84.69929,-0.704,39.634,26.00
84.72105,-0.700,41.939,26.00
84.73123,-0.699,44.202,26.00
84.74231,-0.707,46.261,0.00
84.75262,-0.707,46.261,0.00
84.76413,-0.719,48.097,0.00
84.77429,-0.719,48.097,0.00
84.78445,-0.727,49.718,0.00
84.79499,-0.727,49.718,0.00
84.80514,-0.733,51.130,0.00
84.81529,-0.733,52.320,0.00
84.82545,-0.736,52.320,0.00
84.83561,-0.736,52.320,0.00
84.84578,-0.730,53.464,0.00
84.85619,-0.730,53.464,0.00
84.86694,-0.719,54.272,0.00
84.87731,-0.719,54.909,0.00
84.88768,-0.702,54.909,0.00
84.89809,-0.687,55.431,0.00
84.90842,-0.687,55.431,0.00
84.91962,-0.663,55.766,0.00
84.92998,-0.663,55.766,0.00
84.94033,-0.663,55.992,0.00
84.95105,-0.645,55.992,0.00
84.96086,-0.632,56.120,0.00
84.97105,-0.632,56.120,0.00
84.98143,-0.632,56.189,0.00
84.99177,-0.627,56.189,0.00
85.00216,-0.634,56.242,0.00
85.01243,-0.634,56.242,0.00
85.02259,-0.661,56.214,0.00
85.03284,-0.661,56.214,0.00
85.04312,-0.661,56.214,0.00
85.05345,-0.702,56.076,0.00
85.06359,-0.750,55.778,0.00
85.07372,-0.750,55.778,0.00
85.08387,-0.750,55.219,0.00
85.09412,-0.794,54.435,0.00
85.10429,-0.828,54.435,0.00
85.11446,-0.828,54.435,0.00
85.12461,-0.848,53.580,0.00
85.13493,-0.848,53.580,0.00
85.14509,-0.865,52.664,0.00
85.15524,-0.883,52.664,0.00
85.16549,-0.883,51.529,0.00
85.17565,-0.883,51.529,0.00
85.18595,-0.905,50.471,0.00
85.19611,-0.905,50.471,0.00
85.20626,-0.924,49.444,0.00
85.21661,-0.942,49.444,0.00
85.22703,-0.942,48.487,0.00
85.23720,-0.942,48.487,0.00
85.24750,-0.951,47.547,0.00
85.25781,-0.951,46.488,0.00
85.26799,-0.951,46.488,0.00
85.27815,-0.951,46.488,0.00
85.28831,-0.946,45.328,0.00
85.29847,-0.946,44.093,0.00
85.30882,-0.938,44.093,0.00
85.31900,-0.938,42.583,0.00
85.32923,-0.928,42.583,0.00
85.33939,-0.928,42.583,0.00
85.34955,-0.918,41.133,0.00
85.35971,-0.911,39.663,0.00
85.36986,-0.911,39.663,0.00
85.38002,-0.913,38.210,0.00
85.39027,-0.913,38.210,0.00
85.40123,-0.918,36.704,0.00
85.41139,-0.918,36.704,0.00
85.42156,-0.927,35.117,0.00
85.43171,-0.927,35.117,0.00
85.44187,-0.941,33.443,0.00
85.45203,-0.941,33.443,0.00
85.46218,-0.958,31.706,0.00
85.47236,-0.958,31.706,0.00
85.48250,-0.962,29.705,0.00
85.49386,-0.962,29.705,0.00
85.50405,-0.956,27.893,0.00
85.51434,-0.947,27.893,0.00
85.52450,-0.947,26.026,0.00
85.53611,-0.947,26.026,0.00
85.54630,-0.937,24.116,0.00
85.55646,-0.934,24.116,0.00
85.56662,-0.934,22.205,0.00
85.57678,-0.933,20.314,0.00
85.58693,-0.933,20.314,0.00
85.59712,-0.933,20.314,0.00
85.60758,-0.938,18.485,0.00
85.61775,-0.951,16.696,0.00
85.62861,-0.951,16.696,0.00
85.63874,-0.956,14.751,0.00
85.64890,-0.956,14.751,0.00
85.65906,-0.956,14.751,0.00
85.66922,-0.952,13.050,0.00
85.67939,-0.951,11.381,0.00
85.68954,-0.951,11.381,0.00
85.69969,-0.950,9.833,0.00
85.70990,-0.950,9.833,0.00
85.72018,-0.947,8.401,0.00
85.73122,-0.947,8.401,0.00
85.74184,-0.946,7.029,0.00
85.75215,-0.946,7.029,0.00
85.76235,-0.945,5.683,0.00
85.77388,-0.945,5.683,0.00
85.78408,-0.946,4.507,0.00
85.79425,-0.941,3.343,0.00
85.80440,-0.941,3.343,0.00
85.81457,-0.941,3.343,0.00
85.82486,-0.931,2.156,0.00
85.83517,-0.907,1.158,0.00
85.84553,-0.907,1.158,0.00
85.85587,-0.907,1.158,0.00
85.86618,-0.874,0.292,0.00
85.87650,-0.839,-0.316,0.00
85.88683,-0.839,-0.316,0.00
85.89679,-0.839,-0.316,0.00
85.90694,-0.839,-0.316,0.00
85.91710,-0.839,-0.316,0.00
85.92725,-0.798,-0.777,0.00
85.93784,-0.753,-1.054,0.00
85.94800,-0.699,-1.100,0.00
85.95821,-0.699,-1.100,0.00
85.96843,-0.641,-1.073,0.00
85.97896,-0.579,-1.013,0.00
85.98925,-0.579,-1.013,0.00
85.99956,-0.522,-0.913,0.00
86.00989,-0.522,-0.913,0.00
86.02006,-0.522,-0.832,0.00
86.03022,-0.470,-0.832,0.00
86.04037,-0.416,-0.743,0.00
86.05052,-0.416,-0.743,0.00
86.06130,-0.364,-0.598,0.00
86.07212,-0.364,-0.598,0.00
86.08231,-0.315,-0.443,0.00
86.09251,-0.315,-0.443,0.00
86.10281,-0.276,-0.290,0.00
86.11307,-0.276,-0.141,0.00
86.12339,-0.261,-0.141,0.00
86.13408,-0.261,0.063,0.00
86.14424,-0.235,0.063,0.00
86.15446,-0.235,0.063,0.00
86.16462,-0.215,0.302,0.00
86.17639,-0.215,0.302,0.00
86.18656,-0.206,0.604,0.00
86.19704,-0.205,0.938,0.00
86.20720,-0.205,0.938,0.00
86.21737,-0.212,1.261,0.00
86.22751,-0.212,1.261,0.00
86.23786,-0.219,1.590,0.00
86.25054,-0.219,1.590,0.00
86.26642,-0.219,1.910,0.00
86.27694,-0.219,2.190,0.00
86.29757,-0.236,2.190,0.00
86.30885,-0.236,2.442,0.00
86.31945,-0.250,2.620,0.00
86.33015,-0.273,2.620,0.00
86.34687,-0.304,2.758,0.00
86.35726,-0.304,2.758,0.00
86.36921,-0.304,2.861,0.00
86.38157,-0.343,2.956,0.00
86.39734,-0.440,2.956,0.00
86.40796,-0.440,3.033,0.00
86.42386,-0.440,3.092,0.00
86.43438,-0.440,3.092,0.00
86.47009,-0.606,3.148,0.00
86.49976,-0.702,3.072,0.00
86.51499,-0.702,2.975,0.00
86.53633,-0.794,2.881,0.00
86.54650,-0.794,2.881,0.00
86.55861,-0.835,2.799,0.00
86.57430,-0.835,2.799,0.00
86.58476,-0.867,2.799,0.00
86.59742,-0.867,2.707,0.00
86.61089,-0.894,2.598,0.00
86.62201,-0.919,2.481,0.00
86.63236,-0.919,2.481,0.00
86.64294,-0.941,2.481,0.00
86.65377,-0.941,2.380,0.00
86.66959,-0.962,2.277,0.00
86.68173,-0.962,2.277,0.00
86.69226,-0.981,2.277,0.00
86.71598,-1.000,1.974,0.00
86.73277,-1.039,1.974,0.00
86.74784,-1.039,1.877,0.00
86.76357,-1.052,1.877,0.00
86.77381,-1.052,1.777,0.00
86.79368,-1.067,1.661,0.00
86.80584,-1.083,1.557,0.00
86.82174,-1.096,1.557,0.00
86.83570,-1.096,1.272,0.00
86.85690,-1.105,1.081,0.00
86.86728,-1.105,1.081,0.00
86.87786,-1.102,1.081,0.00
86.88847,-1.102,0.890,0.00
86.89895,-1.102,0.890,0.00
86.90933,-1.102,0.717,0.00
86.91958,-1.096,0.717,0.00
86.92974,-1.088,0.717,0.00
86.94072,-1.075,0.554,0.00
86.95228,-1.075,0.369,0.00
86.96338,-1.064,0.217,0.00
86.97418,-1.064,0.217,0.00
86.99006,-1.051,0.093,0.00
87.00094,-1.039,0.014,0.00
87.01118,-1.039,0.014,0.00
87.02300,-1.039,0.014,0.00
87.03388,-1.027,-0.028,0.00
87.04437,-1.015,-0.028,0.00
87.05519,-1.015,-0.028,0.00
87.06550,-1.005,0.002,0.00
87.07575,-1.005,0.002,0.00
87.08611,-0.997,0.002,0.00
87.09650,-0.997,0.080,0.00
87.10695,-0.985,0.080,0.00
87.11733,-0.985,0.425,0.00
87.12833,-0.979,0.425,0.00
87.13931,-0.973,0.630,0.00
87.14969,-0.973,0.630,0.00
87.16107,-0.973,0.630,0.00
87.17194,-0.973,0.834,0.00
87.18787,-0.978,1.032,0.00
87.19835,-0.978,1.032,0.00
87.20921,-0.989,1.220,0.00
87.21935,-0.989,1.220,0.00
87.23036,-1.003,1.385,0.00
87.24063,-1.003,1.526,0.00
87.29412,-1.018,1.743,0.00
87.30446,-1.071,1.824,0.00
87.35505,-1.071,1.824,0.00
87.36526,-1.123,1.985,0.00
87.37542,-0.152,0.432,0.00
87.38558,-0.152,0.432,0.00
87.39574,-0.152,0.432,0.00
87.40590,-0.159,0.436,0.00
87.41614,-0.159,0.436,0.00
87.42633,-0.160,0.388,0.00
87.43651,-0.160,0.388,0.00
87.44667,-0.159,0.309,0.00
87.45687,-0.155,0.309,0.00
87.46734,-0.155,0.205,0.00
87.47769,-0.146,0.098,0.00
87.48799,-0.146,0.098,0.00
87.49832,-0.136,0.098,0.00
87.50864,-0.136,-0.008,0.00
87.51912,-0.123,-0.119,0.00
87.52928,-0.123,-0.119,0.00
87.53945,-0.123,-0.230,0.00
87.54960,-0.112,-0.230,0.00
87.55977,-0.101,-0.324,0.00
87.56993,-0.101,-0.324,0.00
87.58010,-0.092,-0.404,0.00
87.59026,-0.092,-0.404,0.00
87.60041,-0.078,-0.404,0.00
87.61139,-0.078,-0.484,0.00
87.62155,-0.063,-0.547,0.00
87.63171,-0.063,-0.547,0.00
87.64187,-0.046,-0.547,0.00
87.65203,-0.046,-0.600,0.00
87.66218,-0.046,-0.600,0.00
87.67254,-0.046,-0.600,0.00
87.68283,-0.046,-0.600,0.00
87.69299,-0.046,-0.600,0.00
87.70507,-0.046,-0.600,0.00
87.71525,-0.030,-0.653,0.00
87.72685,0.002,-0.673,0.00
87.73704,0.016,-0.689,0.00
87.74724,0.029,-0.699,0.00
87.75811,0.041,-0.698,0.00
87.76827,0.041,-0.698,0.00
87.77843,0.051,-0.695,0.00
87.78859,0.051,-0.695,0.00
87.79885,0.051,-0.695,0.00
87.80968,0.061,-0.698,0.00
87.81985,0.071,-0.695,0.00
87.83006,0.071,-0.695,0.00
87.84021,0.080,-0.676,0.00
87.85035,0.080,-0.676,0.00
87.86053,0.082,-0.655,0.00
87.87081,0.082,-0.655,0.00
87.88110,0.078,-0.635,0.00
87.89124,0.078,-0.635,0.00
87.90140,0.068,-0.608,0.00
87.91187,0.068,-0.608,0.00
87.92215,0.059,-0.568,0.00
87.93232,0.042,-0.568,0.00
87.94263,0.042,-0.529,0.00
87.95306,0.018,-0.529,0.00
87.96341,0.018,-0.496,0.00
87.97375,0.018,-0.496,0.00
87.98407,-0.002,-0.467,0.00
87.99421,-0.002,-0.467,0.00
88.00438,-0.023,-0.439,0.00
88.01464,-0.023,-0.409,0.00
88.02480,-0.043,-0.409,0.00
88.03497,-0.060,-0.376,0.00
88.04513,-0.060,-0.376,0.00
88.05529,-0.073,-0.346,0.00
88.06550,-0.073,-0.346,0.00
88.07605,-0.085,-0.316,0.00
88.08587,-0.085,-0.316,0.00
88.09603,-0.085,-0.316,0.00
88.10618,-0.097,-0.300,0.00
88.11695,-0.111,-0.300,0.00
88.12711,-0.111,-0.291,0.00
88.13726,-0.125,-0.288,0.00
88.14742,-0.125,-0.288,0.00
88.15767,-0.137,-0.300,0.00
88.16787,-0.137,-0.300,0.00
88.17802,-0.145,-0.321,0.00
88.18817,-0.145,-0.321,0.00
88.19832,-0.150,-0.350,0.00
88.20849,-0.150,-0.350,0.00
88.21864,-0.149,-0.386,0.00
88.22880,-0.149,-0.386,0.00
88.23896,-0.144,-0.437,0.00
88.24912,-0.144,-0.437,0.00
88.25932,-0.135,-0.480,0.00
88.27272,-0.135,-0.480,0.00
88.28292,-0.124,-0.519,0.00
88.29308,-0.124,-0.519,0.00
88.30326,-0.111,-0.557,0.00
88.31351,-0.111,-0.557,0.00
88.32400,-0.111,-0.557,0.00
88.33416,-0.098,-0.592,0.00
88.34432,-0.084,-0.623,0.00
88.35461,-0.084,-0.623,0.00
88.36477,-0.069,-0.653,0.00
88.37492,-0.069,-0.680,0.00
88.38508,-0.049,-0.680,0.00
88.39536,-0.049,-0.680,0.00
88.40551,-0.025,-0.699,0.00
88.41594,-0.025,-0.699,0.00
88.42621,0.002,-0.709,0.00
88.43656,0.027,-0.712,0.00
88.44704,0.027,-0.712,0.00
88.45720,0.051,-0.705,0.00
88.46735,0.051,-0.705,0.00
88.47751,0.064,-0.686,0.00
88.48767,0.064,-0.686,0.00
88.49786,0.075,-0.661,0.00
88.50801,0.075,-0.661,0.00
88.51837,0.069,-0.631,0.00
88.52852,0.069,-0.631,0.00
88.53878,0.119,-0.597,0.00
88.54899,0.119,-0.597,0.00
88.56029,0.321,-0.555,0.00
88.57045,0.321,-0.555,0.00
88.58061,0.652,-0.512,0.00
88.59096,0.652,-0.512,0.00
88.60111,1.184,-0.466,0.00
88.61173,1.184,-0.466,0.00
88.62190,2.072,-0.416,0.00
88.63439,2.072,-0.416,0.00
88.64455,3.311,-0.359,0.00
88.65489,3.311,-0.359,0.00
88.66505,3.311,-0.359,0.00
88.67554,4.621,-0.299,0.00
88.68570,6.460,-0.240,0.00
88.69591,8.647,-0.240,0.00
88.70607,8.647,-0.182,0.00
88.71622,8.647,-0.182,0.00
88.73948,13.839,-0.055,0.00
88.75035,13.839,-0.055,0.00
88.76934,13.839,0.007,10.50
88.78090,16.640,0.069,10.50
88.79104,19.430,0.069,10.50
88.80208,19.430,0.069,10.50
88.81244,22.026,0.126,10.50
88.82282,24.330,0.175,10.50
88.83388,24.330,0.175,10.50
88.84423,26.271,0.218,10.50
88.85481,27.768,0.251,10.50
88.86515,27.768,0.251,10.50
88.87539,27.768,0.251,10.50
88.88585,28.709,0.276,10.50
88.91450,28.709,0.308,10.50
88.92473,29.225,0.308,10.50
88.94560,29.092,0.315,10.50
88.95584,29.092,0.317,10.50
88.97928,28.203,0.306,10.50
88.98958,28.203,0.306,10.50
89.00980,26.896,0.274,11.00
89.02013,25.122,0.275,11.00
89.04177,22.953,0.210,11.00
89.05216,22.953,0.210,11.00
89.06267,20.777,0.123,11.00
89.07388,20.777,0.123,11.50
89.08405,18.304,-0.014,11.50
89.09425,18.304,-0.014,11.50
89.10545,18.304,-0.113,12.50
89.11585,15.778,-0.182,12.50
89.12613,13.172,-0.182,12.50
89.13886,13.172,-0.182,14.00
89.14902,10.378,-0.214,14.00
89.15917,7.587,-0.207,14.00
89.18496,7.587,-0.207,15.50
89.19516,5.000,-0.165,15.50
89.21710,2.712,-0.083,18.00
89.22728,0.753,0.048,18.00
89.24951,0.753,0.189,20.50
89.25984,-0.486,0.344,20.50
89.28097,-0.486,0.344,22.50
89.29115,-0.388,0.495,22.50
89.31357,-0.197,0.804,24.00
89.32388,-0.321,0.804,24.00
89.33426,-0.321,0.941,24.00
89.34577,-0.511,0.941,25.00
89.35685,-0.424,1.080,25.00
89.36714,-0.424,1.080,25.00
89.37730,-0.128,1.080,25.50
89.38770,-0.128,1.205,25.50
89.39804,0.186,1.299,25.50
89.41005,0.186,1.299,26.00
89.42040,0.290,1.368,26.00
89.43162,0.290,1.368,26.00
89.44178,0.282,1.415,26.00
89.45197,0.282,1.415,26.00
89.46230,0.268,1.446,26.00
89.47400,0.209,1.446,26.50
89.48419,0.209,1.479,26.50
89.49435,0.140,1.479,26.50
89.52202,0.111,1.536,26.50
89.53217,0.111,1.536,26.50
89.55305,0.111,1.536,26.50
89.56323,0.124,1.984,26.50
89.58576,0.111,2.454,26.50
89.59592,0.111,3.078,26.50
89.61740,0.100,3.078,26.50
89.62758,0.096,3.885,26.50
89.63774,0.096,3.885,26.50
89.64946,0.093,4.795,26.50
89.65964,0.081,5.819,26.50
89.67187,0.081,5.819,26.50
89.68204,0.060,7.101,26.50
89.69258,0.040,7.101,26.50
89.70275,0.040,8.885,26.50
89.71376,0.040,8.885,26.50
89.72411,0.025,10.763,26.50
89.73441,0.025,10.763,26.50
89.74593,0.025,10.763,26.50
89.75612,0.009,14.990,26.50
89.76645,-0.011,14.990,26.50
89.77713,-0.011,14.990,26.50
89.78728,-0.021,17.471,26.50
89.79744,-0.028,20.008,26.50
89.80759,-0.028,20.008,26.50
89.82575,-0.028,22.555,26.50
89.83591,0.014,25.150,26.50
89.85759,0.042,25.150,26.50
89.86793,0.042,28.074,26.50
89.89010,0.069,30.568,26.50
89.90029,0.083,32.944,26.50
89.92140,0.080,32.944,26.50
89.93166,0.080,35.180,26.50
89.94192,0.074,37.371,26.50
89.95529,0.074,37.371,26.50
89.96544,0.077,39.512,26.50
89.97559,0.077,39.512,26.50
89.98573,0.086,41.565,0.00
89.99589,0.090,41.565,0.00
90.00665,0.090,43.453,0.00
90.01703,0.084,45.388,0.00
90.02773,0.084,45.388,0.00
90.03797,0.084,46.968,0.00
90.04814,0.070,46.968,0.00
90.05831,0.070,46.968,0.00
90.06862,0.053,48.362,0.00
90.07880,0.039,49.583,0.00
90.08901,0.039,49.583,0.00
90.09916,0.028,50.656,0.00
90.10936,0.028,50.656,0.00
90.11953,0.024,51.537,0.00
90.12992,0.024,51.537,0.00
90.14094,0.034,52.306,0.00
90.15110,0.034,52.306,0.00
90.16129,0.059,52.922,0.00
90.17202,0.059,52.922,0.00
90.18218,0.097,53.468,0.00
90.19234,0.097,53.468,0.00
90.20292,0.122,53.880,0.00
90.21310,0.122,53.880,0.00
90.22326,0.133,54.171,0.00
90.23342,0.132,54.433,0.00
90.24358,0.132,54.433,0.00
90.25392,0.132,54.433,0.00
90.26433,0.117,54.599,0.00
90.27450,0.117,54.573,0.00
90.28467,0.096,54.573,0.00
90.29519,0.096,54.573,0.00
90.30559,0.076,54.385,0.00
90.31594,0.067,54.003,0.00
90.32627,0.067,54.003,0.00
90.33761,0.064,53.408,0.00
90.34776,0.064,53.408,0.00
90.35792,0.064,52.788,0.00
90.36809,0.063,52.788,0.00
90.37832,0.052,52.099,0.00
90.38854,0.052,52.099,0.00
90.39899,0.025,51.365,0.00
90.40921,0.025,51.365,0.00
90.41964,0.025,51.365,0.00
90.43029,-0.013,50.638,0.00
90.44070,-0.053,49.934,0.00
90.45086,-0.053,49.934,0.00
90.46102,-0.090,49.218,0.00
90.47213,-0.090,49.218,0.00
90.48255,-0.107,48.402,0.00
90.49270,-0.107,48.402,0.00
90.50286,-0.116,47.389,0.00
90.51312,-0.116,47.389,0.00
90.52328,-0.121,46.412,0.00
90.53349,-0.121,46.412,0.00
90.54366,-0.123,45.314,0.00
90.55383,-0.126,45.314,0.00
90.56398,-0.126,44.051,0.00
90.57415,-0.132,42.806,0.00
90.58442,-0.132,42.806,0.00
90.59458,-0.132,41.582,0.00
90.60488,-0.141,41.582,0.00
90.61503,-0.141,40.341,0.00
90.62519,-0.153,40.341,0.00
90.63663,-0.153,40.341,0.00
90.64680,-0.163,39.057,0.00
90.65697,-0.171,37.576,0.00
90.66713,-0.171,37.576,0.00
90.67729,-0.173,36.163,0.00
90.68768,-0.173,36.163,0.00
90.69785,-0.178,34.664,0.00
90.70801,-0.178,34.664,0.00
90.71820,-0.183,33.085,0.00
90.72835,-0.183,33.085,0.00
90.73862,-0.181,33.085,0.00
90.74977,-0.181,31.427,0.00
90.76013,-0.168,29.673,0.00
90.77040,-0.168,29.673,0.00
90.78082,-0.156,27.803,0.00
90.79102,-0.156,27.803,0.00
90.80132,-0.148,25.848,0.00
90.81149,-0.148,25.848,0.00
90.82169,-0.139,23.610,0.00
90.83186,-0.139,23.610,0.00
90.84207,-0.139,21.598,0.00
90.85222,-0.139,21.598,0.00
90.86238,-0.139,21.598,0.00
90.87254,-0.139,21.598,0.00
90.88280,-0.139,21.598,0.00
90.89295,-0.137,17.651,0.00
90.90332,-0.136,15.785,0.00
90.91410,-0.136,15.785,0.00
90.92441,-0.132,13.985,0.00
90.93478,-0.122,12.236,0.00
90.94495,-0.122,12.236,0.00
90.95520,-0.122,12.236,0.00
90.96537,-0.113,12.236,0.00
90.97552,-0.113,10.582,0.00
90.98577,-0.105,8.993,0.00
90.99593,-0.098,8.993,0.00
91.00608,-0.098,7.245,0.00
91.01647,-0.094,7.245,0.00
91.02692,-0.094,5.782,0.00
91.03731,-0.097,4.405,0.00
91.04748,-0.097,4.405,0.00
91.05764,-0.105,3.271,0.00
91.06780,-0.105,3.271,0.00
91.07812,-0.107,2.310,0.00
91.08832,-0.107,2.310,0.00
91.09851,-0.095,1.499,0.00
91.10876,-0.095,1.499,0.00
91.11885,-0.095,1.499,0.00
91.12901,-0.070,0.722,0.00
91.13918,-0.070,0.722,0.00
91.14934,-0.070,0.722,0.00
91.15950,-0.070,0.722,0.00
91.16983,-0.070,0.722,0.00
91.18000,-0.070,0.722,0.00
91.19029,-0.070,0.722,0.00
91.20054,-0.013,-0.319,0.00
91.21164,0.014,-0.771,0.00
91.22181,0.100,-1.137,0.00
91.23200,0.152,-1.259,0.00
91.24217,0.152,-1.291,0.00
91.25233,0.152,-1.291,0.00
91.26288,0.204,-1.350,0.00
91.27308,0.204,-1.350,0.00
91.28333,0.204,-1.350,0.00
91.29405,0.265,-1.350,0.00
91.30420,0.265,-1.479,0.00
91.31466,0.331,-1.479,0.00
91.32493,0.395,-1.414,0.00
91.33510,0.395,-1.414,0.00
91.34526,0.452,-1.353,0.00
91.35544,0.452,-1.353,0.00
91.36561,0.487,-1.251,0.00
91.37577,0.503,-1.113,0.00
91.38592,0.503,-1.113,0.00
91.39608,0.508,-0.946,0.00
91.40624,0.508,-0.946,0.00
91.41640,0.506,-0.751,0.00
91.42654,0.506,-0.751,0.00
91.43671,0.506,-0.534,0.00
91.44710,0.497,-0.534,0.00
91.46003,0.497,-0.534,0.00
91.46997,0.476,-0.313,0.00
91.48013,0.476,-0.082,0.00
91.49121,0.450,-0.082,0.00
91.53537,0.404,0.104,0.00
91.54922,0.404,0.104,0.00
91.56199,0.381,0.399,0.00
91.57289,0.381,0.481,0.00
91.58923,0.349,0.481,0.00
91.59940,0.343,0.481,0.00
91.60962,0.343,0.556,0.00
91.62110,0.343,0.556,0.00
91.64892,0.351,0.558,0.00
91.65969,0.351,0.548,0.00
91.67753,0.368,0.544,0.00
91.68857,0.368,0.544,0.00
91.70515,0.379,0.540,0.00
91.71561,0.379,0.528,0.00
91.72607,0.395,0.528,0.00
91.73654,0.395,0.528,0.00
91.74707,0.395,0.528,0.00
91.75816,0.395,0.503,0.00
91.76869,0.414,0.469,0.00
91.77916,0.436,0.430,0.00
91.79548,0.454,0.430,0.00
91.81235,0.471,0.386,0.00
91.82422,0.471,0.386,0.00
91.83536,0.498,0.350,0.00
91.84724,0.498,0.324,0.00
91.85770,0.498,0.313,0.00
91.87290,0.507,0.313,0.00
91.88911,0.513,0.312,0.00
91.90493,0.513,0.319,0.00
91.92094,0.519,0.330,0.00
91.93685,0.541,0.330,0.00
91.94729,0.541,0.353,0.00
91.95926,0.541,0.389,0.00
91.98226,0.561,0.389,0.00
91.99271,0.569,0.430,0.00
92.00332,0.569,0.472,0.00
92.01933,0.578,0.472,0.00
92.04002,0.578,0.517,0.00
92.05338,0.587,0.565,0.00
92.06379,0.587,0.565,0.00
92.07460,0.587,0.612,0.00
92.09173,0.583,0.612,0.00
92.10280,0.583,0.652,0.00
92.11346,0.581,0.748,0.00
92.12921,0.585,0.748,0.00
92.13985,0.595,0.748,0.00
92.15044,0.595,0.796,0.00
92.16286,0.595,0.839,0.00
92.17447,0.605,0.839,0.00
92.18929,0.605,0.877,0.00
92.20430,0.605,0.910,0.00
92.22003,0.623,0.936,0.00
92.23399,0.623,0.936,0.00
92.25018,0.654,0.952,0.00
92.27173,0.673,0.952,0.00
92.28221,0.691,0.957,0.00
92.29375,0.713,0.957,0.00
92.30501,0.713,0.950,0.00
92.31590,0.713,0.950,0.00
92.33207,0.737,0.942,0.00
92.34228,0.737,0.942,0.00
92.35518,0.737,0.937,0.00
92.36686,0.782,0.937,0.00
92.37702,0.782,0.937,0.00
92.38770,0.782,0.941,0.00
92.40342,0.822,0.941,0.00
92.41401,0.822,0.941,0.00
92.42449,0.839,0.947,0.00
92.43512,0.839,0.955,0.00
92.44655,0.839,0.966,0.00
92.45727,0.859,0.982,0.00
92.46766,0.859,0.982,0.00
92.47916,0.868,0.982,0.00
92.53864,0.868,1.096,0.00
92.60023,0.897,1.096,0.00
92.61078,0.931,0.671,0.00
92.62148,0.371,0.671,0.00
92.63163,0.381,0.718,0.00
92.64178,0.381,0.718,0.00
92.65199,0.391,0.754,0.00
92.66216,0.402,0.780,0.00
92.67359,0.402,0.780,0.00
92.68376,0.411,0.804,0.00
92.69393,0.411,0.804,0.00
92.70410,0.423,0.825,0.00
92.71426,0.423,0.825,0.00
92.72444,0.423,0.825,0.00
92.73462,0.437,0.838,0.00
92.74478,0.446,0.847,0.00
92.75495,0.446,0.847,0.00
92.76510,0.453,0.860,0.00
92.77526,0.459,0.875,0.00
92.78541,0.459,0.875,0.00
92.79581,0.462,0.888,0.00
92.80611,0.462,0.888,0.00
92.81627,0.462,0.888,0.00
92.82642,0.464,0.902,0.00
92.83659,0.469,0.916,0.00
92.84687,0.469,0.916,0.00
92.85799,0.469,0.916,0.00
92.86820,0.474,0.931,0.00
92.87836,0.482,0.945,0.00
92.88851,0.482,0.945,0.00
92.89876,0.492,0.960,0.00
92.90882,0.492,0.960,0.00
92.91930,0.499,0.974,0.00
92.92947,0.499,0.974,0.00
92.93971,0.508,0.981,0.00
92.95008,0.508,0.981,0.00
92.96043,0.508,0.981,0.00
92.97091,0.518,0.991,0.00
92.98087,0.527,1.003,0.00
92.99113,0.527,1.003,0.00
93.00142,0.535,1.009,0.00
93.01331,0.535,1.009,0.00
93.02350,0.543,1.011,0.00
93.03366,0.543,1.011,0.00
93.04381,0.551,1.014,0.00
93.05396,0.551,1.014,0.00
93.06412,0.556,1.015,0.00
93.07465,0.554,1.015,0.00
93.08527,0.554,1.016,0.00
93.09546,0.554,1.016,0.00
93.10562,0.549,1.018,0.00
93.11576,0.549,1.025,0.00
93.12591,0.541,1.025,0.00
93.13637,0.528,1.030,0.00
93.14700,0.528,1.030,0.00
93.15733,0.517,1.036,0.00
93.16788,0.517,1.036,0.00
93.17805,0.517,1.036,0.00
93.18834,0.508,1.046,0.00
93.19859,0.505,1.059,0.00
93.20886,0.505,1.059,0.00
93.21904,0.507,1.078,0.00
93.22929,0.507,1.078,0.00
93.24005,0.511,1.104,0.00
93.25186,0.511,1.104,0.00
93.26196,0.514,1.135,0.00
93.27219,0.514,1.135,0.00
93.28234,0.514,1.165,0.00
93.29367,0.514,1.165,0.00
93.30382,0.508,1.188,0.00
93.31398,0.508,1.188,0.00
93.32424,0.501,1.206,0.00
93.33440,0.495,1.206,0.00
93.34455,0.495,1.220,0.00
93.35477,0.495,1.220,0.00
93.36493,0.489,1.230,0.00
93.37509,0.489,1.230,0.00
93.38533,0.481,1.233,0.00
93.39551,0.481,1.233,0.00
93.40577,0.470,1.236,0.00
93.41593,0.454,1.244,0.00
93.42609,0.454,1.244,0.00
93.43624,0.454,1.251,0.00
93.44639,0.441,1.251,0.00
93.45661,0.425,1.251,0.00
93.46688,0.425,1.257,0.00
93.47703,0.425,1.257,0.00
93.48720,0.408,1.261,0.00
93.49736,0.395,1.263,0.00
93.50750,0.395,1.263,0.00
93.51768,0.385,1.265,0.00
93.52783,0.385,1.265,0.00
93.53798,0.379,1.266,0.00
93.54814,0.379,1.266,0.00
93.55835,0.372,1.268,0.00
93.56882,0.372,1.268,0.00
93.57921,0.372,1.268,0.00
93.58946,0.367,1.268,0.00
93.59984,0.367,1.266,0.00
93.61023,0.367,1.266,0.00
93.62071,0.365,1.262,0.00
93.63088,0.365,1.262,0.00
93.64111,0.365,1.262,0.00
93.65127,0.364,1.254,0.00
93.66144,0.365,1.241,0.00
93.67160,0.365,1.241,0.00
93.68177,0.369,1.220,0.00
93.69193,0.369,1.190,0.00
93.70209,0.372,1.190,0.00
93.71346,0.372,1.190,0.00
93.72489,0.374,1.149,0.00
93.73504,0.374,1.149,0.00
93.74520,0.373,1.099,0.00
93.75537,0.373,1.037,0.00
93.76552,0.369,1.037,0.00
93.77568,0.358,0.985,0.00
93.78584,0.358,0.985,0.00
93.79600,0.349,0.941,0.00
93.80616,0.349,0.941,0.00
93.81731,0.349,0.941,0.00
93.82746,0.334,0.902,0.00
93.83761,0.334,0.872,0.00
93.84783,0.315,0.872,0.00
93.85829,0.298,0.852,0.00
93.86844,0.298,0.852,0.00
93.87859,0.285,0.852,0.00
93.88883,0.285,0.842,0.00
93.89899,0.274,0.838,0.00
93.90919,0.274,0.838,0.00
93.91935,0.263,0.836,0.00
93.92957,0.263,0.836,0.00
93.93973,0.249,0.840,0.00
93.94989,0.249,0.840,0.00
93.96004,0.238,0.843,0.00
93.97114,0.238,0.843,0.00
93.98116,0.230,0.853,0.00
93.99131,0.230,0.853,0.00
94.00147,0.227,0.862,0.00
94.01161,0.227,0.862,0.00
94.02177,0.228,0.867,0.00
94.03198,0.228,0.867,0.00
94.04214,0.226,0.877,0.00
94.05229,0.226,0.877,0.00
94.06286,0.222,0.886,0.00
94.07304,0.222,0.881,0.00
94.08342,0.211,0.881,0.00
94.09431,0.211,0.873,0.00
94.10461,0.194,0.873,0.00
94.11530,0.178,0.862,0.00
94.12570,0.178,0.862,0.00
94.13585,0.178,0.862,0.00
94.14602,0.163,0.844,0.00
94.15618,0.153,0.823,0.00
94.16651,0.153,0.823,0.00
94.17666,0.145,0.804,0.00
94.18685,0.145,0.804,0.00
94.19713,0.139,0.789,0.00
94.20728,0.139,0.789,0.00
94.21744,0.135,0.777,0.00
94.22760,0.135,0.777,0.00
94.23776,0.132,0.768,0.00
94.24792,0.132,0.768,0.00
94.25807,0.132,0.760,0.00
94.26844,0.129,0.760,0.00
94.27889,0.127,0.752,0.00
94.28943,0.127,0.752,0.00
94.29955,0.127,0.752,0.00
94.30969,0.126,0.743,0.00
94.31985,0.127,0.737,0.00
94.33000,0.127,0.737,0.00
94.34017,0.130,0.731,0.00
94.35053,0.130,0.731,0.00
94.36052,0.133,0.731,0.00
94.37085,0.133,0.722,0.00
94.38114,0.137,0.715,0.00
94.39129,0.137,0.715,0.00
94.40143,0.142,0.715,0.00
94.41165,0.142,0.711,0.00
94.42181,0.148,0.709,0.00
94.43201,0.148,0.709,0.00
94.44216,0.156,0.709,0.00
94.45240,0.156,0.709,0.00
94.46257,0.156,0.710,0.00
94.47272,0.161,0.710,0.00
94.48287,0.168,0.711,0.00
94.49382,0.168,0.711,0.00
94.50397,0.179,0.715,0.00
94.51425,0.179,0.721,0.00
94.52456,0.191,0.721,0.00
94.53481,0.191,0.721,0.00
94.54495,0.203,0.726,0.00
94.55527,0.203,0.726,0.00
94.56533,0.215,0.735,0.00
94.57571,0.233,0.735,0.00
94.58587,0.233,0.748,0.00
94.59692,0.233,0.748,0.00
94.60710,0.253,0.761,0.00
94.61725,0.276,0.775,0.00
94.62740,0.276,0.775,0.00
94.63771,0.276,0.787,0.00
94.64803,0.302,0.787,0.00
94.65836,0.302,0.802,0.00
94.66924,0.335,0.802,0.00
94.67963,0.372,0.820,0.00
94.68992,0.372,0.820,0.00
94.70012,0.372,0.820,0.00
94.71041,0.372,0.820,0.00
94.72067,0.474,0.836,0.00
94.73094,0.474,0.836,0.00
94.74128,0.538,0.853,0.00
94.75147,0.538,0.853,0.00
94.76174,0.616,0.881,0.00
94.77212,0.616,0.881,0.00
94.78230,0.688,0.900,0.00
94.79255,0.688,0.900,0.00
94.80281,0.731,0.915,0.00
94.81298,0.731,0.915,0.00
94.82333,0.737,0.934,0.00
94.83538,0.737,0.934,0.00
94.84573,0.707,0.955,0.00
94.85605,0.653,0.975,0.00
94.86637,0.653,0.975,0.00
94.87653,0.581,0.989,0.00
94.88679,0.581,0.989,0.00
94.89703,0.497,0.987,0.00
94.90738,0.497,0.987,0.00
94.91770,0.401,0.945,0.00
94.92804,0.401,0.945,0.00
94.93896,0.401,0.945,0.00
94.94913,0.296,0.909,0.00
94.95945,0.193,0.894,0.00
94.96962,0.193,0.894,0.00
94.97980,0.104,0.896,0.00
94.99040,0.104,0.896,0.00
95.00057,0.034,0.890,0.00
95.01115,0.034,0.890,0.00
95.02131,-0.020,0.898,0.00
95.03186,-0.020,0.898,0.00
95.04201,-0.056,0.904,0.00
95.05220,-0.056,0.904,0.00
95.06235,-0.078,0.889,0.00
95.07256,-0.078,0.889,0.00
95.08280,-0.083,0.850,0.00
95.09296,-0.088,0.812,0.00
95.10317,-0.088,0.812,0.00
95.11366,-0.095,0.777,0.00
95.12382,-0.095,0.777,0.00
95.13449,-0.095,0.777,0.00
95.14472,-0.092,0.736,0.00
95.15487,-0.092,0.736,0.00
95.16503,-0.080,0.684,0.00
95.17519,-0.080,0.684,0.00
95.18540,-0.105,0.611,0.00
95.19556,-0.125,0.516,0.00
95.20572,-0.125,0.516,0.00
95.21588,-0.125,0.516,0.00
95.22603,-0.188,0.403,0.00
95.23623,0.374,0.261,0.00
95.24639,0.374,0.261,0.00
95.25655,0.374,0.261,0.00
95.26695,1.109,0.128,0.00
95.27710,1.109,0.128,0.00
95.28727,2.077,0.006,0.00
95.29743,3.853,-0.099,0.00
95.30759,3.853,-0.099,0.00
95.31781,5.322,-0.195,0.00
95.32798,5.322,-0.195,0.00
95.33895,7.193,-0.278,0.00
95.34910,7.193,-0.278,0.00
95.35927,9.504,-0.340,0.00
95.36965,9.504,-0.340,0.00
95.37981,12.163,-0.340,0.00
95.39577,12.163,-0.422,0.00
95.40595,14.930,-0.422,0.00
95.41638,14.930,-0.424,0.00
95.42657,17.556,-0.424,10.50
95.43853,19.959,-0.404,10.50
95.44878,19.959,-0.404,10.50
95.45957,21.976,-0.358,10.50
95.47048,21.976,-0.358,10.50
95.48224,23.490,-0.286,10.50
95.50500,23.490,-0.286,10.50
95.51518,24.438,-0.208,10.50
95.53709,24.438,-0.043,10.50
95.54743,25.484,-0.043,10.50
95.56987,25.847,0.039,10.50
95.58011,25.931,0.068,10.50
95.60130,25.931,0.050,10.50
95.61160,25.441,0.050,10.50
95.62188,25.441,0.022,10.50
95.63627,22.384,-0.025,10.50
95.64663,22.384,-0.025,10.50
95.65706,22.384,-0.025,10.50
95.66779,20.095,-0.111,11.00
95.67794,17.732,-0.205,11.00
95.68810,17.732,-0.205,11.00
95.69837,15.291,-0.304,11.00
95.70868,15.291,-0.304,11.00
95.71885,12.685,-0.369,11.00
95.74530,10.039,-0.369,12.00
95.75614,10.039,-0.490,12.00
95.77752,7.696,-0.640,12.50
95.78782,5.393,-0.803,12.50
95.81210,3.187,-0.906,14.00
95.82225,1.342,-0.969,14.00
95.84125,1.342,-0.969,16.00
95.85226,-0.179,-0.969,16.00
95.87275,-0.868,-0.969,18.50
95.88293,-1.069,-0.798,18.50
95.89309,-1.069,-0.798,18.50
95.90525,-1.010,-0.661,20.50
95.91625,-1.010,-0.661,20.50
95.92661,-1.052,-0.522,20.50
95.93756,-1.027,-0.368,22.50
95.94786,-1.027,-0.368,22.50
95.95818,-0.624,-0.206,22.50
95.97044,-0.624,-0.206,24.00
95.98060,-0.220,-0.064,24.00
95.99130,-0.220,-0.064,24.00
96.00138,-0.109,0.067,25.00
96.01302,-0.109,0.067,25.00
96.02332,-0.189,0.173,25.00
96.04876,-0.189,0.173,25.50
96.05896,-0.471,0.383,25.50
96.08136,-0.559,0.383,26.00
96.09170,-0.559,0.426,26.00
96.11314,-0.622,0.456,26.50
96.12341,-0.648,0.472,26.50
96.13363,-0.648,0.472,26.50
96.14576,-0.669,0.458,26.50
96.15592,-0.669,0.464,26.50
96.16663,-0.708,0.464,26.50
96.17761,-0.735,0.471,26.50
96.18777,-0.735,0.471,26.50
96.19823,-0.735,0.471,26.50
96.20882,-0.735,0.471,26.50
96.21900,-0.743,0.517,26.50
96.22919,-0.741,0.651,26.50
96.24090,-0.741,0.651,26.50
96.25114,-0.741,0.651,26.50
96.26133,-0.741,0.651,26.50
96.28879,-0.743,0.846,26.50
96.29899,-0.744,1.676,26.50
96.32106,-0.747,2.340,26.50
96.33124,-0.747,2.340,26.50
96.35420,-0.722,3.196,26.50
96.36440,-0.703,5.188,26.50
96.38491,-0.703,5.188,26.50
96.39509,-0.691,6.655,26.50
96.40525,-0.684,6.655,26.50
96.41787,-0.696,6.655,26.50
96.42804,-0.696,10.079,26.50
96.43820,-0.713,12.257,26.50
96.44979,-0.713,12.257,26.50
96.46025,-0.730,14.524,26.50
96.47052,-0.730,14.524,26.50
96.48140,-0.741,16.646,26.50
96.49159,-0.741,16.646,26.50
96.50197,-0.746,19.329,26.50
96.51417,-0.742,19.329,26.50
96.52436,-0.742,22.122,26.50
96.53478,-0.742,22.122,26.50
96.54623,-0.728,25.349,26.50
96.55662,-0.711,28.246,26.50
96.56712,-0.711,28.246,26.50
96.59511,-0.676,28.246,26.50
96.60545,-0.676,33.678,26.50
96.62553,-0.662,33.678,26.50
96.63618,-0.652,36.118,26.50
96.64636,-0.652,38.446,0.00
96.65652,-0.652,38.446,0.00
96.66684,-0.648,40.647,0.00
96.67700,-0.639,42.753,0.00
96.68738,-0.639,42.753,0.00
96.69792,-0.627,44.949,0.00
96.70808,-0.627,44.949,0.00
96.71893,-0.617,46.713,0.00
96.72908,-0.617,46.713,0.00
96.73923,-0.609,48.339,0.00
96.74942,-0.609,48.339,0.00
96.75959,-0.603,49.787,0.00
96.76975,-0.603,49.787,0.00
96.77991,-0.602,51.058,0.00
96.79051,-0.602,51.058,0.00
96.80077,-0.598,52.106,0.00
96.81092,-0.598,52.106,0.00
96.82108,-0.590,52.954,0.00
96.83126,-0.579,52.954,0.00
96.84142,-0.579,53.647,0.00
96.85158,-0.579,53.647,0.00
96.86174,-0.574,54.209,0.00
96.87251,-0.574,54.209,0.00
96.88263,-0.578,54.568,0.00
96.89279,-0.578,54.751,0.00
96.90303,-0.594,54.751,0.00
96.91319,-0.594,54.751,0.00
96.92335,-0.627,54.829,0.00
96.93350,-0.627,54.829,0.00
96.94387,-0.667,54.852,0.00
96.95403,-0.706,54.852,0.00
96.96418,-0.706,54.810,0.00
96.97434,-0.726,54.810,0.00
96.98450,-0.726,54.670,0.00
96.99515,-0.726,54.670,0.00
97.00553,-0.734,54.402,0.00
97.01596,-0.734,54.402,0.00
97.02612,-0.741,53.923,0.00
97.03628,-0.751,53.364,0.00
97.04645,-0.751,53.364,0.00
97.05661,-0.751,52.684,0.00
97.06688,-0.772,52.684,0.00
97.07705,-0.772,51.905,0.00
97.08721,-0.798,51.905,0.00
97.09737,-0.803,51.026,0.00
97.10753,-0.803,51.026,0.00
97.11983,-0.803,51.026,0.00
97.13008,-0.820,50.059,0.00
97.14025,-0.860,48.962,0.00
97.15040,-0.860,48.962,0.00
97.16056,-0.902,47.762,0.00
97.17135,-0.902,47.762,0.00
97.18151,-0.937,46.401,0.00
97.19168,-0.937,46.401,0.00
97.20183,-0.937,45.129,0.00
97.21198,-0.956,45.129,0.00
97.22217,-0.956,43.680,0.00
97.23287,-0.961,42.071,0.00
97.24303,-0.954,42.071,0.00
97.25319,-0.954,42.071,0.00
97.26334,-0.954,42.071,0.00
97.27350,-0.927,42.071,0.00
97.28365,-0.927,40.463,0.00
97.29381,-0.928,38.967,0.00
97.30397,-0.928,38.967,0.00
97.31413,-0.928,37.512,0.00
97.32428,-0.928,37.512,0.00
97.33443,-0.926,36.049,0.00
97.34467,-0.926,36.049,0.00
97.35522,-0.922,34.432,0.00
97.36580,-0.922,34.432,0.00
97.37595,-0.922,33.033,0.00
97.38614,-0.917,33.033,0.00
97.39646,-0.917,33.033,0.00
97.40693,-0.912,31.525,0.00
97.41724,-0.914,29.825,0.00
97.42755,-0.914,29.825,0.00
97.43788,-0.919,27.959,0.00
97.44826,-0.919,27.959,0.00
97.45862,-0.921,25.975,0.00
97.46890,-0.921,25.975,0.00
97.47921,-0.918,23.926,0.00
97.48959,-0.918,23.926,0.00
97.49973,-0.915,21.887,0.00
97.50988,-0.915,21.887,0.00
97.52004,-0.915,19.893,0.00
97.53044,-0.915,19.893,0.00
97.54079,-0.914,17.758,0.00
97.55111,-0.914,17.758,0.00
97.56155,-0.914,15.961,0.00
97.57209,-0.914,15.961,0.00
97.58225,-0.911,14.208,0.00
97.59277,-0.911,14.208,0.00
97.60324,-0.905,12.551,0.00
97.61338,-0.905,12.551,0.00
97.62370,-0.895,10.984,0.00
97.63432,-0.898,10.984,0.00
97.64449,-0.898,9.485,0.00
97.65464,-0.898,9.485,0.00
97.66628,-0.913,8.027,0.00
97.67655,-0.913,8.027,0.00
97.68695,-0.913,8.027,0.00
97.69930,-0.913,8.027,0.00
97.70946,-0.942,6.617,0.00
97.71961,-0.950,5.200,0.00
97.72977,-0.950,5.200,0.00
97.73993,-0.951,4.156,0.00
97.75009,-0.951,4.156,0.00
97.76024,-0.947,3.147,0.00
97.77039,-0.947,3.147,0.00
97.78054,-0.939,3.147,0.00
97.79079,-0.939,2.311,0.00
97.80119,-0.930,1.647,0.00
97.81146,-0.930,1.647,0.00
97.82181,-0.918,1.129,0.00
97.83197,-0.918,1.129,0.00
97.84212,-0.907,0.729,0.00
97.85228,-0.907,0.729,0.00
97.86244,-0.896,0.442,0.00
97.87289,-0.896,0.442,0.00
97.88306,-0.887,0.273,0.00
97.89375,-0.887,0.273,0.00
97.90402,-0.874,0.210,0.00
97.91418,-0.874,0.210,0.00
97.92434,-0.859,0.198,0.00
97.93450,-0.859,0.198,0.00
97.94465,-0.842,0.203,0.00
97.95485,-0.842,0.203,0.00
97.96501,-0.819,0.213,0.00
97.97518,-0.819,0.213,0.00
97.98536,-0.791,0.191,0.00
97.99561,-0.762,0.191,0.00
98.00601,-0.762,0.140,0.00
98.01617,-0.731,0.140,0.00
98.02632,-0.731,0.075,0.00
98.03648,-0.731,0.075,0.00
98.04663,-0.699,0.028,0.00
98.05700,-0.668,0.023,0.00
98.06736,-0.668,0.023,0.00
98.07768,-0.668,0.023,0.00
98.08799,-0.639,0.092,0.00
98.09834,-0.612,0.212,0.00
98.10870,-0.612,0.212,0.00
98.11918,-0.585,0.368,0.00
98.12953,-0.585,0.368,0.00
98.13996,-0.564,0.503,0.00
98.15557,-0.564,0.503,0.00
98.16578,-0.550,0.602,0.00
98.17813,-0.550,0.697,0.00
98.19401,-0.547,0.697,0.00
98.21361,-0.553,0.789,0.00
98.23163,-0.566,0.843,0.00
98.24179,-0.566,0.843,0.00
98.25511,-0.586,0.843,0.00
98.26718,-0.610,0.937,0.00
98.28302,-0.632,1.005,0.00
98.29329,-0.632,1.005,0.00
98.31336,-0.661,1.089,0.00
98.32532,-0.681,1.179,0.00
98.34184,-0.702,1.179,0.00
98.35608,-0.712,1.269,0.00
98.37904,-0.712,1.389,0.00
98.38956,-0.721,1.389,0.00
98.39997,-0.733,1.438,0.00
98.41052,-0.733,1.438,0.00
98.42106,-0.738,1.438,0.00
98.43684,-0.738,1.477,0.00
98.45153,-0.738,1.477,0.00
98.46168,-0.742,1.522,0.00
98.47570,-0.754,1.522,0.00
98.49638,-0.754,1.551,0.00
98.51558,-0.760,1.580,0.00
98.54833,-0.776,1.553,0.00
98.56301,-0.784,1.553,0.00
98.59229,-0.785,1.483,0.00
98.60307,-0.783,1.453,0.00
98.61382,-0.783,1.453,0.00
98.62422,-0.777,1.453,0.00
98.63501,-0.777,1.417,0.00
98.64536,-0.771,1.388,0.00
98.65636,-0.771,1.388,0.00
98.66655,-0.771,1.359,0.00
98.67693,-0.760,1.359,0.00
98.68709,-0.760,1.336,0.00
98.69742,-0.752,1.318,0.00
98.70758,-0.752,1.318,0.00
98.71864,-0.743,1.299,0.00
98.72882,-0.743,1.299,0.00
98.73895,-0.743,1.299,0.00
98.74984,-0.732,1.280,0.00
98.76022,-0.722,1.280,0.00
98.77100,-0.722,1.264,0.00
98.78128,-0.712,1.264,0.00
98.79169,-0.712,1.249,0.00
98.80225,-0.712,1.249,0.00
98.81321,-0.698,1.229,0.00
98.82391,-0.698,1.205,0.00
98.83411,-0.692,1.205,0.00
98.84450,-0.692,1.185,0.00
98.85519,-0.692,1.185,0.00
98.86561,-0.692,1.169,0.00
98.87601,-0.687,1.169,0.00
98.88645,-0.687,1.144,0.00
98.89667,-0.687,1.144,0.00
98.90752,-0.687,1.121,0.00
98.91793,-0.684,1.121,0.00
98.92845,-0.684,1.105,0.00
98.93893,-0.682,1.105,0.00
98.94955,-0.682,1.101,0.00
98.95972,-0.682,1.101,0.00
98.97058,-0.681,1.101,0.00
98.98129,-0.678,1.112,0.00
98.99166,-0.678,1.112,0.00
99.00198,-0.678,1.124,0.00
99.01238,-0.672,1.124,0.00
99.02317,-0.665,1.136,0.00
99.03352,-0.659,1.146,0.00
99.04367,-0.659,1.146,0.00
99.05421,-0.659,1.146,0.00
99.06446,-0.659,1.163,0.00
99.07488,-0.649,1.163,0.00
99.08527,-0.649,1.178,0.00
99.09655,-0.620,1.192,0.00
99.10693,-0.620,1.192,0.00
99.11717,-0.620,1.200,0.00
99.12753,-0.605,1.200,0.00
99.13792,-0.605,1.213,0.00
99.14862,-0.590,1.213,0.00
99.19890,-0.560,1.232,0.00
99.20913,-0.548,1.239,0.00
99.26035,-0.521,1.273,0.00
99.27064,-0.521,1.273,0.00
99.28081,0.177,0.087,0.00
99.29097,0.177,0.087,0.00
99.30113,0.179,0.104,0.00
99.31129,0.179,0.104,0.00
99.32144,0.178,0.127,0.00
99.33160,0.178,0.127,0.00
99.34177,0.175,0.153,0.00
99.35193,0.175,0.153,0.00
99.36209,0.172,0.181,0.00
99.37225,0.172,0.181,0.00
99.38240,0.171,0.215,0.00
99.39255,0.171,0.215,0.00
99.40307,0.171,0.215,0.00
99.41340,0.169,0.316,0.00
99.42366,0.164,0.316,0.00
99.43423,0.158,0.316,0.00
99.44506,0.158,0.368,0.00
99.45535,0.158,0.368,0.00
99.46587,0.152,0.426,0.00
99.47627,0.148,0.426,0.00
99.48658,0.148,0.487,0.00
99.49691,0.143,0.549,0.00
99.50713,0.143,0.549,0.00
99.51728,0.143,0.549,0.00
99.52745,0.137,0.593,0.00
99.53763,0.130,0.634,0.00
99.54780,0.130,0.634,0.00
99.55812,0.130,0.634,0.00
99.56824,0.122,0.671,0.00
99.57858,0.113,0.703,0.00
99.58894,0.113,0.703,0.00
99.59929,0.105,0.729,0.00
99.60951,0.105,0.729,0.00
99.62002,0.099,0.754,0.00
99.63032,0.099,0.754,0.00
99.64099,0.097,0.777,0.00
99.65118,0.097,0.777,0.00
99.66164,0.097,0.801,0.00
99.67193,0.097,0.801,0.00
99.68231,0.098,0.815,0.00
99.69247,0.098,0.825,0.00
99.70262,0.098,0.825,0.00
99.71280,0.098,0.825,0.00
99.72297,0.097,0.832,0.00
99.73312,0.097,0.832,0.00
99.74343,0.095,0.838,0.00
99.75359,0.095,0.838,0.00
99.76390,0.093,0.843,0.00
99.77465,0.093,0.843,0.00
99.78452,0.089,0.845,0.00
99.79481,0.089,0.845,0.00
99.80493,0.086,0.843,0.00
99.81514,0.086,0.843,0.00
99.82570,0.085,0.840,0.00
99.83604,0.084,0.835,0.00
99.84631,0.084,0.835,0.00
99.85677,0.084,0.835,0.00
99.86721,0.081,0.831,0.00
99.87747,0.081,0.831,0.00
99.88764,0.080,0.822,0.00
99.89789,0.079,0.813,0.00
99.90820,0.079,0.813,0.00
99.91854,0.078,0.807,0.00
99.92884,0.078,0.807,0.00
99.93916,0.075,0.802,0.00
99.94948,0.075,0.802,0.00
99.95982,0.075,0.800,0.00
99.97014,0.073,0.800,0.00
99.98045,0.074,0.798,0.00
99.99084,0.074,0.798,0.00
100.00108,0.078,0.793,0.00
100.01139,0.078,0.793,0.00
100.02174,0.082,0.789,0.00
100.03207,0.082,0.789,0.00
100.04236,0.087,0.790,0.00
100.05276,0.087,0.790,0.00
100.06342,0.090,0.794,0.00
100.07358,0.090,0.794,0.00
100.08373,0.093,0.798,0.00
100.09389,0.093,0.798,0.00
100.10422,0.099,0.809,0.00
100.11438,0.106,0.809,0.00
100.12455,0.106,0.820,0.00
100.13491,0.106,0.820,0.00
100.14513,0.114,0.824,0.00
100.15548,0.114,0.824,0.00
100.16564,0.122,0.825,0.00
100.17581,0.122,0.826,0.00
100.18596,0.130,0.826,0.00
100.19613,0.138,0.819,0.00
100.20630,0.138,0.819,0.00
100.21645,0.138,0.813,0.00
100.22662,0.147,0.813,0.00
100.23677,0.147,0.813,0.00
100.24692,0.155,0.808,0.00
100.25711,0.161,0.806,0.00
100.26738,0.161,0.806,0.00
100.27776,0.168,0.806,0.00
100.28791,0.168,0.807,0.00
100.29809,0.168,0.807,0.00
100.30825,0.169,0.818,0.00
100.31841,0.169,0.818,0.00
100.32878,0.169,0.828,0.00
100.33898,0.168,0.839,0.00
100.34924,0.168,0.839,0.00
100.35941,0.166,0.849,0.00
100.36967,0.166,0.849,0.00
100.37975,0.166,0.864,0.00
100.38991,0.166,0.864,0.00
100.40007,0.165,0.876,0.00
100.41024,0.165,0.876,0.00
100.42040,0.160,0.889,0.00
100.43055,0.160,0.889,0.00
100.44072,0.156,0.900,0.00
100.45101,0.156,0.900,0.00
100.46107,0.155,0.913,0.00
100.47128,0.155,0.913,0.00
100.48145,0.152,0.920,0.00
100.49273,0.152,0.920,0.00
100.50318,0.155,0.927,0.00
100.51342,0.155,0.927,0.00
100.52358,0.155,0.934,0.00
100.53374,0.162,0.934,0.00
100.54392,0.162,0.938,0.00
100.55503,0.162,0.938,0.00
100.56521,0.163,0.943,0.00
100.57558,0.148,0.943,0.00
100.58601,0.148,0.945,0.00
100.59643,0.148,0.945,0.00
100.60658,0.130,0.937,0.00
100.61744,0.101,0.930,0.00
100.62779,0.101,0.930,0.00
100.64048,0.101,0.930,0.00
100.65191,0.072,0.922,0.00
100.66244,0.044,0.908,0.00
100.67265,0.044,0.908,0.00
100.68281,0.021,0.893,0.00
100.69297,0.021,0.866,0.00
100.70318,-0.001,0.866,0.00
100.71407,-0.001,0.825,0.00
100.72449,-0.027,0.825,0.00
100.73464,-0.050,0.825,0.00
100.74481,-0.050,0.779,0.00
100.75499,-0.050,0.779,0.00
100.76514,-0.071,0.712,0.00
100.77534,-0.087,0.712,0.00
100.78550,-0.087,0.622,0.00
100.79565,-0.105,0.557,0.00
100.80580,-0.105,0.557,0.00
100.81598,-0.105,0.518,0.00
100.82613,-0.122,0.518,0.00
100.83630,-0.138,0.491,0.00
100.84649,-0.138,0.491,0.00
100.85682,-0.150,0.459,0.00
100.86714,-0.150,0.459,0.00
100.87815,-0.150,0.416,0.00
100.88838,-0.153,0.416,0.00
100.89853,-0.153,0.416,0.00
100.90875,-0.153,0.416,0.00
100.91890,-0.153,0.416,0.00
100.92905,-0.153,0.416,0.00
100.93921,-0.153,0.363,0.00
100.94939,-0.153,0.363,0.00
100.95957,-0.152,0.227,0.00
100.97000,-0.151,0.164,0.00
100.98032,-0.154,0.164,0.00
100.99065,-0.154,0.164,0.00
101.00082,-0.159,0.090,0.00
101.01111,-0.172,0.011,0.00
101.02120,-0.183,-0.062,0.00
101.03145,-0.183,-0.062,0.00
101.04162,-0.201,-0.119,0.00
101.05190,-0.201,-0.119,0.00
101.06197,-0.222,-0.161,0.00
101.07213,-0.222,-0.161,0.00
101.08228,-0.229,-0.189,0.00
101.09255,-0.229,-0.189,0.00
101.10275,-0.224,-0.224,0.00
101.11283,-0.224,-0.224,0.00
101.12299,-0.183,-0.256,0.00
101.13367,-0.183,-0.256,0.00
101.14375,0.101,-0.284,0.00
101.15395,0.474,-0.297,0.00
101.16411,0.474,-0.297,0.00
101.17436,1.015,-0.305,0.00
101.18477,1.015,-0.305,0.00
101.19492,1.874,-0.318,0.00
101.20506,1.874,-0.318,0.00
101.21584,1.874,-0.318,0.00
101.22599,2.979,-0.341,0.00
101.23616,4.217,-0.380,0.00
101.24646,4.217,-0.380,0.00
101.25662,4.217,-0.380,0.00
101.26688,6.009,-0.415,0.00
101.27704,8.352,-0.453,0.00
101.28719,8.352,-0.453,0.00
101.29856,11.196,-0.453,0.00
101.31601,11.196,-0.453,0.00
101.32612,14.328,-0.527,0.00
101.34603,17.539,-0.553,10.50
101.35620,17.539,-0.553,10.50
101.36655,20.382,-0.571,10.50
101.37745,22.851,-0.582,10.50
101.38773,22.851,-0.582,10.50
101.39851,24.946,-0.590,10.50
101.40944,24.946,-0.590,10.50
101.41965,26.600,-0.590,10.50
101.42990,26.600,-0.591,10.50
101.44139,27.672,-0.582,10.50
101.45156,27.672,-0.582,10.50
101.46174,28.423,-0.582,10.50
101.47343,29.160,-0.559,10.50
101.48379,29.160,-0.559,10.50
101.49458,29.160,-0.559,10.50
101.52161,29.875,-0.527,10.50
101.53179,30.394,-0.527,10.50
101.55461,30.327,-0.517,10.50
101.56468,29.517,-0.493,10.50
101.58487,29.517,-0.493,11.00
101.59522,27.980,-0.452,11.00
101.60531,25.827,-0.398,11.00
101.61745,25.827,-0.398,11.00
101.62759,23.291,-0.370,11.00
101.63776,23.291,-0.370,11.00
101.64993,20.733,-0.357,11.50
101.66110,20.733,-0.357,11.50
101.67129,20.733,-0.357,11.50
101.68168,15.177,-0.386,12.50
101.69251,15.177,-0.386,12.50
101.70267,12.436,-0.477,12.50
101.71331,12.436,-0.477,14.00
101.72361,9.773,-0.583,14.00
101.73376,9.773,-0.583,14.00
101.74479,7.238,-0.729,16.00
101.75494,7.238,-0.842,16.00
101.76510,5.035,-0.842,16.00
101.79316,5.035,-0.864,18.50
101.80340,1.396,-0.864,18.50
101.82534,0.241,-0.864,21.00
101.83659,-0.133,-0.730,21.00
101.84707,-0.133,-0.730,21.00
101.86104,-0.280,-0.608,23.00
101.87125,-0.280,-0.608,23.00
101.88909,-0.329,-0.462,24.50
101.89927,-0.329,-0.319,24.50
101.90959,-0.329,-0.319,24.50
101.92136,-0.200,-0.151,25.50
101.93203,-0.200,-0.151,25.50
101.94221,0.088,0.002,25.50
101.95496,0.088,0.002,26.50
101.96512,0.529,0.131,26.50
101.97527,0.885,0.267,26.50
101.98545,0.885,0.267,26.50
101.99580,1.110,0.397,26.50
102.00639,1.110,0.397,26.50
102.03267,1.110,0.397,27.00
102.04290,1.200,0.611,27.00
102.06506,1.099,0.611,27.00
102.07525,0.975,0.685,27.00
102.09927,0.869,0.740,27.00
102.10958,0.869,0.763,27.00
102.13037,0.800,0.838,27.00
102.14070,0.756,0.932,27.00
102.15159,0.756,0.932,27.00
102.16187,0.688,1.106,27.00
102.17203,0.688,1.106,27.00
102.18235,0.617,1.370,27.00
102.19676,0.617,1.775,27.00
102.20713,0.555,1.775,27.00
102.21741,0.531,2.289,27.00
102.22759,0.531,2.289,27.00
102.23775,0.538,2.289,27.00
102.24789,0.538,3.043,27.00
102.25832,0.538,3.891,27.00
102.26866,0.564,3.891,27.00
102.27889,0.564,3.891,27.00
102.30465,0.588,4.809,27.00
102.31485,0.602,5.852,27.00
102.34010,0.547,6.977,27.00
102.35024,0.547,8.225,27.00
102.37113,0.499,9.614,27.00
102.38145,0.435,11.192,27.00
102.40065,0.435,11.192,27.00
102.41083,0.367,13.380,27.00
102.42099,0.367,13.380,27.00
102.43364,0.233,15.541,27.00
102.44380,0.233,17.543,27.00
102.45396,0.233,17.543,27.00
102.46494,0.167,20.161,27.00
102.47527,0.167,22.758,27.00
102.48560,0.108,22.758,27.00
102.49711,0.061,22.758,27.00
102.50742,0.061,25.408,27.00
102.51776,0.029,25.408,27.00
102.52959,0.029,27.979,27.00
102.53975,0.017,27.979,27.00
102.55245,0.017,30.479,27.00
102.56303,0.027,32.857,0.00
102.57323,0.027,32.857,0.00
102.58337,0.043,35.394,0.00
102.59352,0.059,35.394,0.00
102.60392,0.059,37.531,0.00
102.61411,0.059,37.531,0.00
102.62472,0.072,39.496,0.00
102.63528,0.072,39.496,0.00
102.64560,0.079,41.300,0.00
102.65576,0.079,42.993,0.00
102.66592,0.081,42.993,0.00
102.67609,0.078,44.549,0.00
102.68624,0.078,44.549,0.00
102.69639,0.074,45.995,0.00
102.70663,0.074,45.995,0.00
102.71698,0.067,47.289,0.00
102.72731,0.067,47.289,0.00
102.73763,0.068,48.601,0.00
102.74796,0.068,48.601,0.00
102.75827,0.070,49.646,0.00
102.76865,0.070,49.646,0.00
102.77900,0.067,50.553,0.00
102.78923,0.067,50.553,0.00
102.79939,0.059,51.363,0.00
102.80973,0.059,51.363,0.00
102.81993,0.043,52.044,0.00
102.83027,0.043,52.044,0.00
102.84043,0.017,52.578,0.00
102.85096,0.017,52.578,0.00
102.86110,-0.007,53.027,0.00
102.87294,-0.007,53.027,0.00
102.88311,-0.021,53.391,0.00
102.89328,-0.021,53.391,0.00
102.90344,-0.028,53.703,0.00
102.91361,-0.028,53.848,0.00
102.92377,-0.032,53.848,0.00
102.93393,-0.027,53.852,0.00
102.94409,-0.027,53.852,0.00
102.95425,-0.027,53.852,0.00
102.96459,-0.014,53.694,0.00
102.97476,0.015,53.345,0.00
102.98496,0.015,53.345,0.00
102.99514,0.054,52.862,0.00
103.00551,0.054,52.862,0.00
103.01568,0.099,52.279,0.00
103.02591,0.099,52.279,0.00
103.03606,0.099,52.279,0.00
103.04622,0.148,51.643,0.00
103.05650,0.148,51.643,0.00
103.06667,0.197,50.877,0.00
103.07683,0.246,50.176,0.00
103.08698,0.246,50.176,0.00
103.09714,0.291,49.463,0.00
103.10729,0.291,49.463,0.00
103.11746,0.335,48.703,0.00
103.12761,0.335,48.703,0.00
103.13777,0.379,47.874,0.00
103.14792,0.379,47.874,0.00
103.15836,0.379,47.874,0.00
103.16851,0.423,46.958,0.00
103.17878,0.463,45.936,0.00
103.18902,0.463,45.936,0.00
103.19934,0.494,44.769,0.00
103.20968,0.494,44.769,0.00
103.21997,0.511,43.345,0.00
103.23028,0.511,43.345,0.00
103.24061,0.515,42.121,0.00
103.25086,0.515,42.121,0.00
103.26150,0.519,42.121,0.00
103.27169,0.519,41.004,0.00
103.28194,0.514,39.921,0.00
103.29211,0.514,39.921,0.00
103.30228,0.514,39.921,0.00
103.31243,0.514,39.921,0.00
103.32259,0.475,38.900,0.00
103.33308,0.475,38.900,0.00
103.34345,0.439,37.930,0.00
103.35360,0.439,37.930,0.00
103.36376,0.402,37.930,0.00
103.37391,0.359,36.938,0.00
103.38408,0.359,35.862,0.00
103.39424,0.359,35.862,0.00
103.40442,0.319,34.518,0.00
103.41459,0.319,33.196,0.00
103.42486,0.269,33.196,0.00
103.43502,0.211,31.735,0.00
103.44518,0.211,31.735,0.00
103.45540,0.154,31.735,0.00
103.46556,0.154,30.148,0.00
103.47571,0.154,28.453,0.00
103.48585,0.100,28.453,0.00
103.49600,0.100,28.453,0.00
103.50621,0.100,28.453,0.00
103.51686,0.062,24.782,0.00
103.52721,0.037,24.782,0.00
103.53756,0.018,22.938,0.00
103.54789,0.018,22.938,0.00
103.55828,-0.002,20.885,0.00
103.56865,-0.002,20.885,0.00
103.57968,-0.002,20.885,0.00
103.58987,-0.018,19.056,0.00
103.60003,-0.026,17.217,0.00
103.61020,-0.026,17.217,0.00
103.62035,-0.037,15.404,0.00
103.63092,-0.037,15.404,0.00
103.64108,-0.051,13.622,0.00
103.65142,-0.051,13.622,0.00
103.66158,-0.072,11.875,0.00
103.67290,-0.072,11.875,0.00
103.68319,-0.097,10.204,0.00
103.69382,-0.097,10.204,0.00
103.70398,-0.119,8.643,0.00
103.71414,-0.138,8.643,0.00
103.72449,-0.138,6.938,0.00
103.73481,-0.138,6.938,0.00
103.74495,-0.151,5.369,0.00
103.75525,-0.163,5.369,0.00
103.76562,-0.163,3.786,0.00
103.77578,-0.171,3.786,0.00
103.78592,-0.171,2.313,0.00
103.79618,-0.171,2.313,0.00
103.80663,-0.169,0.930,0.00
103.81679,-0.165,-0.513,0.00
103.82694,-0.165,-0.513,0.00
103.83709,-0.165,-0.513,0.00
103.84725,-0.163,-1.892,0.00
103.85741,-0.163,-1.892,0.00
103.86757,-0.170,-3.190,0.00
103.87793,-0.170,-4.393,0.00
103.88851,-0.181,-4.393,0.00
103.89867,-0.187,-5.252,0.00
103.90894,-0.187,-5.252,0.00
103.91960,-0.189,-5.962,0.00
103.92986,-0.189,-5.962,0.00
103.94037,-0.192,-6.399,0.00
103.95066,-0.192,-6.399,0.00
103.96116,-0.189,-6.669,0.00
103.97130,-0.189,-6.669,0.00
103.98166,-0.183,-6.754,0.00
103.99199,-0.183,-6.754,0.00
104.00216,-0.181,-6.650,0.00
104.01261,-0.181,-6.650,0.00
104.02286,-0.179,-6.501,0.00
104.03302,-0.179,-6.501,0.00
104.04317,-0.174,-6.331,0.00
104.05341,-0.174,-6.331,0.00
104.06357,-0.167,-6.216,0.00
104.07690,-0.167,-6.216,0.00
104.08770,-0.167,-6.095,0.00
104.09967,-0.145,-5.945,0.00
104.12127,-0.145,-5.945,0.00
104.14288,-0.108,-5.604,0.00
104.16960,-0.108,-5.340,0.00
104.18892,-0.064,-5.008,0.00
104.20438,-0.044,-4.572,0.00
104.21572,-0.044,-4.572,0.00
104.22627,-0.044,-4.572,0.00
104.23805,-0.026,-3.760,0.00
104.25386,-0.012,-3.760,0.00
104.26451,-0.012,-3.760,0.00
104.27636,-0.000,-3.395,0.00
104.29425,0.007,-3.090,0.00
104.30582,0.007,-2.855,0.00
104.32300,0.007,-2.855,0.00
104.34100,0.005,-2.686,0.00
104.35428,-0.001,-2.561,0.00
104.37216,-0.011,-2.471,0.00
104.38246,-0.021,-2.390,0.00
104.39276,-0.021,-2.390,0.00
104.40302,-0.034,-2.390,0.00
104.41333,-0.034,-2.286,0.00
104.42422,-0.048,-2.286,0.00
104.43500,-0.059,-2.049,0.00
104.44550,-0.059,-2.049,0.00
104.45804,-0.070,-2.049,0.00
104.47265,-0.080,-2.049,0.00
104.49011,-0.080,-1.819,0.00
104.50046,-0.090,-1.719,0.00
104.51568,-0.090,-1.719,0.00
104.52662,-0.100,-1.625,0.00
104.53703,-0.112,-1.625,0.00
104.54774,-0.112,-1.530,0.00
104.55792,-0.112,-1.530,0.00
104.56820,-0.112,-1.530,0.00
104.58389,-0.141,-1.403,0.00
104.60022,-0.158,-1.357,0.00
104.61589,-0.158,-1.357,0.00
104.63304,-0.175,-1.318,0.00
104.65009,-0.192,-1.318,0.00
104.66031,-0.192,-1.318,0.00
104.67084,-0.192,-1.328,0.00
104.68208,-0.222,-1.350,0.00
104.69352,-0.222,-1.350,0.00
104.70921,-0.233,-1.387,0.00
104.72119,-0.242,-1.425,0.00
104.73154,-0.242,-1.425,0.00
104.74380,-0.248,-1.465,0.00
104.76177,-0.248,-1.497,0.00
104.77366,-0.250,-1.497,0.00
104.79653,-0.250,-1.540,0.00
104.80687,-0.250,-1.540,0.00
104.81733,-0.250,-1.560,0.00
104.82780,-0.248,-1.560,0.00
104.84012,-0.248,-1.560,0.00
104.85045,-0.243,-1.560,0.00
104.86175,-0.243,-1.608,0.00
104.87315,-0.236,-1.608,0.00
104.88388,-0.236,-1.635,0.00
104.89478,-0.236,-1.661,0.00
104.90542,-0.220,-1.661,0.00
104.92136,-0.213,-1.687,0.00
104.93312,-0.213,-1.687,0.00
104.94351,-0.213,-1.687,0.00
104.95400,-0.213,-1.687,0.00
104.96682,-0.201,-1.706,0.00
104.97727,-0.201,-1.706,0.00
104.98915,-0.194,-1.723,0.00
105.00014,-0.189,-1.723,0.00
105.01109,-0.189,-1.733,0.00
105.02701,-0.183,-1.738,0.00
105.03731,-0.183,-1.738,0.00
105.04815,-0.183,-1.738,0.00
105.05832,-0.175,-1.738,0.00
105.06874,-0.175,-1.754,0.00
105.12236,-0.167,-1.757,0.00
105.13266,-0.152,-1.757,0.00
105.18703,-0.144,-1.694,0.00
105.19769,0.019,-1.654,0.00
105.20785,0.019,0.068,0.00
105.21802,0.028,0.096,0.00
105.22818,0.028,0.096,0.00
105.23838,0.028,0.096,0.00
105.24853,0.038,0.125,0.00
105.25878,0.038,0.125,0.00
105.27201,0.047,0.155,0.00
105.28220,0.060,0.186,0.00
105.29252,0.060,0.186,0.00
105.30266,0.073,0.224,0.00
105.31283,0.073,0.224,0.00
105.32299,0.086,0.272,0.00
105.33325,0.086,0.272,0.00
105.34340,0.099,0.328,0.00
105.35355,0.099,0.328,0.00
105.36370,0.109,0.399,0.00
105.37404,0.121,0.467,0.00
105.38434,0.121,0.467,0.00
105.39484,0.131,0.467,0.00
105.40516,0.131,0.534,0.00
105.41541,0.131,0.534,0.00
105.42557,0.140,0.589,0.00
105.43572,0.158,0.637,0.00
105.44588,0.158,0.637,0.00
105.45605,0.183,0.637,0.00
105.46635,0.183,0.682,0.00
105.47653,0.183,0.682,0.00
105.48700,0.210,0.725,0.00
105.49714,0.210,0.725,0.00
105.50731,0.237,0.768,0.00
105.51777,0.237,0.768,0.00
105.52793,0.262,0.808,0.00
105.53808,0.262,0.808,0.00
105.54978,0.262,0.808,0.00
105.55994,0.316,0.838,0.00
105.57040,0.316,0.838,0.00
105.58056,0.335,0.869,0.00
105.59087,0.335,0.869,0.00
105.60102,0.351,0.902,0.00
105.61118,0.351,0.902,0.00
105.62134,0.362,0.935,0.00
105.63159,0.362,0.935,0.00
105.64246,0.370,0.966,0.00
105.65262,0.370,0.966,0.00
105.66278,0.382,0.998,0.00
105.67359,0.393,0.998,0.00
105.68374,0.393,1.034,0.00
105.69389,0.393,1.034,0.00
105.70403,0.402,1.080,0.00
105.71498,0.402,1.080,0.00
105.72521,0.408,1.116,0.00
105.73560,0.408,1.154,0.00
105.74574,0.413,1.154,0.00
105.75590,0.413,1.154,0.00
105.76604,0.413,1.194,0.00
105.77620,0.413,1.194,0.00
105.78641,0.410,1.232,0.00
105.79657,0.402,1.232,0.00
105.80690,0.402,1.275,0.00
105.81709,0.402,1.275,0.00
105.82725,0.392,1.324,0.00
105.83793,0.382,1.376,0.00
105.84809,0.382,1.376,0.00
105.85825,0.375,1.376,0.00
105.86841,0.375,1.441,0.00
105.87858,0.364,1.499,0.00
105.88882,0.364,1.499,0.00
105.89898,0.347,1.499,0.00
105.90998,0.347,1.558,0.00
105.92046,0.335,1.558,0.00
105.93161,0.335,1.615,0.00
105.94182,0.325,1.662,0.00
105.95198,0.325,1.662,0.00
105.96213,0.325,1.662,0.00
105.97229,0.325,1.701,0.00
105.98249,0.289,1.701,0.00
105.99452,0.266,1.734,0.00
106.00484,0.266,1.734,0.00
106.01498,0.266,1.764,0.00
106.02537,0.243,1.764,0.00
106.03556,0.243,1.764,0.00
106.04571,0.222,1.783,0.00
106.05594,0.222,1.783,0.00
106.06613,0.204,1.802,0.00
106.07628,0.189,1.813,0.00
106.08645,0.189,1.813,0.00
106.09661,0.180,1.820,0.00
106.10684,0.180,1.820,0.00
106.11703,0.173,1.820,0.00
106.12718,0.173,1.820,0.00
106.13734,0.167,1.819,0.00
106.14749,0.167,1.819,0.00
106.15826,0.167,1.812,0.00
106.16844,0.167,1.812,0.00
106.17861,0.171,1.797,0.00
106.18877,0.171,1.797,0.00
106.19894,0.176,1.777,0.00
106.20910,0.176,1.777,0.00
106.21926,0.180,1.751,0.00
106.22942,0.180,1.751,0.00
106.23957,0.182,1.726,0.00
106.25109,0.182,1.726,0.00
106.26124,0.187,1.699,0.00
106.27150,0.194,1.699,0.00
106.28181,0.194,1.672,0.00
106.29214,0.194,1.672,0.00
106.30242,0.201,1.642,0.00
106.31277,0.201,1.642,0.00
106.32310,0.206,1.615,0.00
106.33342,0.214,1.615,0.00
106.34375,0.214,1.589,0.00
106.35410,0.224,1.562,0.00
106.36436,0.224,1.562,0.00
106.37466,0.233,1.526,0.00
106.38501,0.233,1.526,0.00
106.39537,0.242,1.491,0.00
106.40580,0.242,1.491,0.00
106.41622,0.242,1.491,0.00
106.42637,0.253,1.454,0.00
106.43651,0.253,1.416,0.00
106.44666,0.258,1.416,0.00
106.45682,0.261,1.380,0.00
106.46707,0.261,1.380,0.00
106.47728,0.267,1.348,0.00
106.48758,0.267,1.348,0.00
106.49791,0.276,1.323,0.00
106.50821,0.276,1.323,0.00
106.51856,0.287,1.311,0.00
106.52888,0.287,1.311,0.00
106.53917,0.300,1.309,0.00
106.54948,0.300,1.309,0.00
106.55978,0.316,1.313,0.00
106.57007,0.316,1.313,0.00
106.58081,0.329,1.328,0.00
106.59126,0.329,1.328,0.00
106.60163,0.343,1.351,0.00
106.61179,0.343,1.351,0.00
106.62198,0.353,1.371,0.00
106.63211,0.353,1.371,0.00
106.64228,0.359,1.389,0.00
106.65243,0.359,1.389,0.00
106.66259,0.364,1.397,0.00
106.67275,0.364,1.397,0.00
106.68291,0.372,1.397,0.00
106.69325,0.372,1.397,0.00
106.70351,0.383,1.400,0.00
106.71431,0.383,1.400,0.00
106.72450,0.394,1.408,0.00
106.73465,0.394,1.408,0.00
106.74481,0.405,1.419,0.00
106.75496,0.405,1.419,0.00
106.76512,0.417,1.432,0.00
106.77528,0.430,1.451,0.00
106.78544,0.430,1.451,0.00
106.79559,0.439,1.467,0.00
106.80575,0.439,1.467,0.00
106.81595,0.448,1.483,0.00
106.82611,0.448,1.483,0.00
106.83631,0.448,1.483,0.00
106.84647,0.455,1.504,0.00
106.85687,0.454,1.534,0.00
106.86705,0.454,1.534,0.00
106.87757,0.449,1.564,0.00
106.88773,0.449,1.564,0.00
106.89789,0.445,1.598,0.00
106.90808,0.445,1.598,0.00
106.91823,0.442,1.635,0.00
106.92848,0.442,1.635,0.00
106.93891,0.441,1.669,0.00
106.94948,0.441,1.669,0.00
106.95963,0.439,1.700,0.00
106.96985,0.439,1.700,0.00
106.98008,0.438,1.732,0.00
106.99040,0.438,1.732,0.00
107.00056,0.437,1.755,0.00
107.01166,0.437,1.755,0.00
107.02182,0.430,1.773,0.00
107.03375,0.430,1.773,0.00
107.04391,0.421,1.789,0.00
107.05407,0.421,1.803,0.00
107.06423,0.409,1.803,0.00
107.07440,0.395,1.820,0.00
107.08455,0.395,1.820,0.00
107.09524,0.395,1.820,0.00
107.10540,0.382,1.841,0.00
107.11556,0.369,1.865,0.00
107.12571,0.369,1.865,0.00
107.13588,0.360,1.886,0.00
107.14604,0.360,1.886,0.00
107.15619,0.352,1.907,0.00
107.16634,0.352,1.907,0.00
107.17650,0.346,1.923,0.00
107.18665,0.346,1.923,0.00
107.19681,0.339,1.938,0.00
107.20706,0.339,1.938,0.00
107.21733,0.330,1.956,0.00
107.22759,0.330,1.956,0.00
107.23796,0.318,1.970,0.00
107.24840,0.318,1.970,0.00
107.25858,0.307,1.978,0.00
107.26881,0.307,1.978,0.00
107.27898,0.296,1.982,0.00
107.28913,0.296,1.982,0.00
107.29954,0.285,1.980,0.00
107.31066,0.285,1.980,0.00
107.32083,0.276,1.975,0.00
107.33099,0.276,1.975,0.00
107.34114,0.270,1.970,0.00
107.35143,0.270,1.970,0.00
107.36157,0.265,1.965,0.00
107.37175,0.265,1.965,0.00
107.38192,0.259,1.955,0.00
107.39207,0.259,1.955,0.00
107.40223,0.259,1.955,0.00
107.41239,0.259,1.955,0.00
107.42261,0.243,1.943,0.00
107.43287,0.243,1.943,0.00
107.44303,0.238,1.927,0.00
107.45529,0.238,1.927,0.00
107.46547,0.233,1.908,0.00
107.47559,0.230,1.884,0.00
107.48573,0.230,1.884,0.00
107.49588,0.227,1.862,0.00
107.50604,0.227,1.862,0.00
107.51619,0.227,1.862,0.00
107.52635,0.232,1.836,0.00
107.53654,0.232,1.836,0.00
107.54921,0.239,1.813,0.00
107.55935,0.239,1.813,0.00
107.56951,0.243,1.793,0.00
107.57966,0.250,1.771,0.00
107.58989,0.250,1.771,0.00
107.60014,0.250,1.771,0.00
107.61125,0.259,1.748,0.00
107.62133,0.263,1.725,0.00
107.63159,0.263,1.725,0.00
107.64165,0.268,1.700,0.00
107.65181,0.268,1.700,0.00
107.66213,0.268,1.700,0.00
107.67245,0.266,1.671,0.00
107.68304,0.260,1.640,0.00
107.69332,0.260,1.640,0.00
107.70355,0.256,1.607,0.00
107.71386,0.257,1.580,0.00
107.72402,0.257,1.580,0.00
107.73438,0.257,1.580,0.00
107.74444,0.263,1.556,0.00
107.75526,0.263,1.556,0.00
107.76541,0.264,1.533,0.00
107.77557,0.264,1.503,0.00
107.78573,0.262,1.503,0.00
107.79660,0.262,1.503,0.00
107.80675,0.260,1.447,0.00
107.81691,0.260,1.447,0.00
107.82706,0.251,1.359,0.00
107.83720,0.251,1.244,0.00
107.84736,0.236,1.244,0.00
107.85775,0.212,1.083,0.00
107.86811,0.212,1.083,0.00
107.87853,0.181,0.919,0.00
107.89028,0.181,0.919,0.00
107.90086,0.102,0.736,0.00
107.91101,0.102,0.736,0.00
107.92155,0.114,0.532,0.00
107.93190,0.114,0.319,0.00
107.94207,0.645,0.319,0.00
107.95222,0.645,0.319,0.00
107.96237,1.504,0.115,0.00
107.97264,1.504,0.115,0.00
107.98281,3.127,-0.071,0.00
107.99354,3.127,-0.071,0.00
108.00361,5.532,-0.241,0.00
108.01381,7.991,-0.241,0.00
108.02397,7.991,-0.409,0.00
108.03422,11.357,-0.409,0.00
108.04871,11.357,-0.409,0.00
108.05891,15.085,-0.627,0.00
108.06908,15.085,-0.627,0.00
108.08341,15.085,-0.627,10.50
108.09412,18.985,-0.666,10.50
108.10427,22.550,-0.644,10.50
108.11464,22.550,-0.644,10.50
108.12502,25.687,-0.590,10.50
108.13520,28.138,-0.540,10.50
108.14538,28.138,-0.540,10.50
108.15592,29.877,-0.508,10.50
108.16608,29.877,-0.508,10.50
108.19349,30.926,-0.476,10.50
108.20375,31.514,-0.455,10.50
108.22554,31.948,-0.424,10.50
108.23564,31.948,-0.424,10.50
108.25768,33.032,-0.343,10.50
108.26784,33.032,-0.343,10.50
108.27817,32.617,-0.343,10.50
108.29123,32.617,-0.307,10.50
108.30148,31.068,-0.286,10.50
108.31166,28.513,-0.286,10.50
108.32181,28.513,-0.274,11.00
108.33197,28.513,-0.274,11.00
108.34212,25.198,-0.274,11.00
108.35318,25.198,-0.238,11.00
108.36350,21.579,-0.189,11.00
108.37449,21.579,-0.189,11.00
108.38563,18.157,-0.143,11.50
108.39579,14.942,-0.143,11.50
108.40596,14.942,-0.111,11.50
108.41613,14.942,-0.111,11.50
108.43380,8.369,-0.152,12.50
108.44396,8.369,-0.152,12.50
108.46506,5.002,-0.152,14.00
108.47527,5.002,-0.325,14.00
108.49750,0.010,-0.487,16.50
108.50766,0.010,-0.487,16.50
108.52946,0.167,-0.596,19.00
108.53980,1.047,-0.738,19.00
108.55113,1.047,-0.738,19.00
108.56142,1.239,-0.897,21.50
108.57322,1.239,-0.897,21.50
108.58340,1.239,-0.897,21.50
108.59421,1.037,-1.177,24.00
108.60452,0.527,-1.177,24.00
108.61476,-0.020,-1.177,24.00
108.62487,-0.020,-1.240,25.50
108.63522,-0.120,-1.240,25.50
108.64556,-0.120,-1.244,25.50
108.67655,0.719,-1.135,26.50
108.68688,0.719,-0.962,26.50
108.70473,0.719,-0.962,27.00
108.71492,0.916,-0.494,27.00
108.72508,0.916,-0.494,27.00
108.73753,0.850,-0.494,27.00
108.74787,0.850,-0.254,27.00
108.75800,0.737,-0.012,27.00
108.77011,0.737,-0.012,27.50
108.78031,0.637,0.228,27.50
108.79086,0.637,0.228,27.50
108.80149,0.603,0.468,27.50
108.81326,0.603,0.757,27.50
108.82348,0.623,0.757,27.50
108.83500,0.623,0.757,27.50
108.84517,0.695,1.002,27.50
108.85541,0.746,1.228,27.50
108.86556,0.746,1.228,27.50
108.87572,0.746,1.409,27.50
108.88611,0.755,1.409,27.50
108.91421,0.625,1.666,27.50
108.92438,0.625,1.666,27.50
108.94517,0.562,1.666,27.50
108.95541,0.509,1.886,27.50
108.97753,0.509,2.045,27.50
108.98769,0.462,2.045,27.50
108.99799,0.462,2.363,27.50
109.00932,0.405,2.363,27.50
109.01948,0.345,2.765,27.50
109.02982,0.345,2.765,27.50
109.04084,0.345,3.339,27.50
109.05134,0.279,3.339,27.50
109.06170,0.234,4.090,27.50
109.07520,0.234,4.090,27.50
109.08537,0.213,5.168,27.50
109.09553,0.213,6.427,27.50
109.12070,0.228,6.427,27.50
109.13087,0.288,7.747,27.50
109.15306,0.368,7.747,27.50
109.16324,0.368,11.333,27.50
109.18486,0.368,11.333,27.50
109.19504,0.386,16.014,27.50
109.21696,0.369,16.014,27.50
109.22731,0.369,18.874,27.50
109.24917,0.369,18.874,27.50
109.25937,0.312,25.312,27.50
109.26953,0.312,25.312,27.50
109.28248,0.312,28.781,27.50
109.29267,0.297,28.781,27.50
109.30292,0.284,32.654,27.50
109.31323,0.284,32.654,0.00
109.32333,0.267,35.872,0.00
109.33348,0.267,35.872,0.00
109.34365,0.246,38.853,0.00
109.35381,0.246,38.853,0.00
109.36398,0.224,41.509,0.00
109.37414,0.200,43.920,0.00
109.38462,0.200,43.920,0.00
109.39504,0.200,43.920,0.00
109.40527,0.200,43.920,0.00
109.41543,0.147,47.948,0.00
109.42558,0.147,47.948,0.00
109.43574,0.147,47.948,0.00
109.44590,0.127,49.658,0.00
109.45605,0.112,51.174,0.00
109.46620,0.112,51.174,0.00
109.47637,0.106,51.174,0.00
109.48694,0.106,52.721,0.00
109.49753,0.106,52.721,0.00
109.50768,0.108,53.945,0.00
109.51784,0.115,55.053,0.00
109.52799,0.115,55.053,0.00
109.53819,0.119,56.066,0.00
109.54853,0.119,56.066,0.00
109.55896,0.116,56.899,0.00
109.56918,0.116,56.899,0.00
109.57950,0.104,57.586,0.00
109.58983,0.104,57.586,0.00
109.59998,0.091,58.108,0.00
109.61015,0.091,58.108,0.00
109.62032,0.065,58.554,0.00
109.63048,0.065,58.554,0.00
109.64065,0.045,58.938,0.00
109.65125,0.045,58.938,0.00
109.66141,0.016,59.140,0.00
109.67302,0.016,59.140,0.00
109.68318,0.001,59.233,0.00
109.69334,0.001,59.233,0.00
109.70349,-0.030,59.262,0.00
109.71480,-0.030,59.262,0.00
109.72505,-0.070,59.274,0.00
109.73522,-0.107,59.236,0.00
109.74538,-0.107,59.236,0.00
109.75554,-0.139,59.171,0.00
109.76569,-0.139,59.171,0.00
109.77587,-0.139,58.992,0.00
109.78602,-0.159,58.992,0.00
109.79642,-0.159,58.628,0.00
109.80690,-0.156,58.628,0.00
109.81709,-0.147,58.096,0.00
109.82770,-0.147,58.096,0.00
109.83806,-0.147,57.271,0.00
109.84839,-0.144,57.271,0.00
109.85886,-0.144,56.222,0.00
109.86929,-0.143,56.222,0.00
109.87945,-0.143,55.072,0.00
109.88978,-0.143,55.072,0.00
109.90088,-0.148,53.830,0.00
109.91128,-0.148,53.830,0.00
109.92170,-0.148,53.830,0.00
109.93221,-0.149,52.407,0.00
109.94238,-0.148,50.843,0.00
109.95265,-0.148,50.843,0.00
109.96283,-0.148,50.843,0.00
109.97318,-0.148,49.053,0.00
109.98336,-0.151,47.557,0.00
109.99352,-0.151,47.557,0.00
110.00368,-0.153,46.089,0.00
110.01384,-0.153,46.089,0.00
110.02422,-0.152,44.622,0.00
110.03460,-0.143,44.622,0.00
110.04476,-0.143,43.195,0.00
110.05492,-0.143,43.195,0.00
110.06518,-0.130,41.832,0.00
110.07532,-0.113,40.486,0.00
110.08554,-0.113,40.486,0.00
110.09573,-0.113,40.486,0.00
110.10589,-0.093,39.110,0.00
110.11612,-0.093,39.110,0.00
110.12628,-0.073,37.593,0.00
110.13643,-0.052,36.185,0.00
110.14658,-0.052,36.185,0.00
110.15685,-0.030,36.185,0.00
110.16700,-0.030,34.637,0.00
110.17716,-0.006,34.637,0.00
110.18731,-0.006,32.992,0.00
110.19769,0.019,32.992,0.00
110.20786,0.019,31.232,0.00
110.21802,0.019,31.232,0.00
110.22824,0.044,29.380,0.00
110.23841,0.065,27.435,0.00
110.24860,0.065,27.435,0.00
110.25885,0.065,25.374,0.00
110.26900,0.084,25.374,0.00
110.27996,0.102,22.974,0.00
110.29012,0.102,22.974,0.00
110.30027,0.102,22.974,0.00
110.31043,0.114,20.834,0.00
110.32060,0.127,18.763,0.00
110.33076,0.127,18.763,0.00
110.34092,0.139,16.703,0.00
110.35107,0.139,16.703,0.00
110.36124,0.152,14.660,0.00
110.37142,0.152,14.660,0.00
110.38163,0.162,12.647,0.00
110.39179,0.168,10.699,0.00
110.40195,0.168,10.699,0.00
110.41336,0.173,8.916,0.00
110.42364,0.173,8.916,0.00
110.43403,0.176,7.038,0.00
110.44439,0.176,7.038,0.00
110.45456,0.181,7.038,0.00
110.46472,0.181,5.477,0.00
110.47491,0.181,5.477,0.00
110.48516,0.196,4.105,0.00
110.49533,0.196,4.105,0.00
110.50550,0.214,2.938,0.00
110.51566,0.214,2.938,0.00
110.52582,0.242,1.908,0.00
110.53601,0.242,1.908,0.00
110.54617,0.273,1.139,0.00
110.55633,0.300,0.566,0.00
110.56648,0.300,0.566,0.00
110.57665,0.322,-0.116,0.00
110.58694,0.322,-0.116,0.00
110.59710,0.341,-0.912,0.00
110.60725,0.341,-0.912,0.00
110.61741,0.341,-1.390,0.00
110.62756,0.355,-1.390,0.00
110.63776,0.355,-1.390,0.00
110.64793,0.365,-1.792,0.00
110.65808,0.377,-2.056,0.00
110.66824,0.377,-2.056,0.00
110.67841,0.377,-2.056,0.00
110.68857,0.390,-2.178,0.00
110.69889,0.401,-2.174,0.00
110.70906,0.401,-2.174,0.00
110.71943,0.416,-2.098,0.00
110.72958,0.416,-2.098,0.00
110.73976,0.416,-1.972,0.00
110.74993,0.436,-1.972,0.00
110.76013,0.458,-1.782,0.00
110.77032,0.458,-1.782,0.00
110.78076,0.479,-1.782,0.00
110.79180,0.479,-1.576,0.00
110.80198,0.494,-1.376,0.00
110.81213,0.494,-1.376,0.00
110.82483,0.502,-1.181,0.00
110.84054,0.505,-1.181,0.00
110.85622,0.505,-0.975,0.00
110.86716,0.505,-0.975,0.00
110.87893,0.499,-0.561,0.00
110.88916,0.499,-0.561,0.00
110.90593,0.491,-0.359,0.00
110.93198,0.487,-0.174,0.00
110.94731,0.487,-0.174,0.00
110.95928,0.478,-0.122,0.00
110.96995,0.478,-0.122,0.00
110.98567,0.471,-0.177,0.00
110.99948,0.471,-0.177,0.00
111.01594,0.471,-0.177,0.00
111.02614,0.471,-0.177,0.00
111.05139,0.459,-0.185,0.00
111.06722,0.461,-0.132,0.00
111.08489,0.463,-0.059,0.00
111.09546,0.462,0.025,0.00
111.10565,0.462,0.025,0.00
111.11581,0.462,0.025,0.00
111.12747,0.462,0.073,0.00
111.13780,0.462,0.073,0.00
111.15456,0.467,0.085,0.00
111.17290,0.469,0.076,0.00
111.19014,0.470,0.062,0.00
111.20608,0.471,0.050,0.00
111.21639,0.471,0.048,0.00
111.22684,0.470,0.048,0.00
111.23959,0.469,0.067,0.00
111.24997,0.469,0.067,0.00
111.26943,0.467,0.107,0.00
111.28063,0.463,0.152,0.00
111.29180,0.463,0.152,0.00
111.30196,0.456,0.204,0.00
111.31236,0.456,0.204,0.00
111.33165,0.447,0.258,0.00
111.34317,0.447,0.315,0.00
111.35487,0.439,0.315,0.00
111.36588,0.427,0.379,0.00
111.37930,0.427,0.379,0.00
111.39138,0.413,0.443,0.00
111.40705,0.413,0.517,0.00
111.43097,0.401,0.610,0.00
111.44631,0.401,0.610,0.00
111.45803,0.387,0.695,0.00
111.46911,0.369,0.773,0.00
111.47973,0.369,0.851,0.00
111.49277,0.348,0.851,0.00
111.50751,0.332,0.921,0.00
111.52360,0.322,0.981,0.00
111.56218,0.308,1.032,0.00
111.57575,0.308,1.079,0.00
111.59419,0.307,1.124,0.00
111.61224,0.310,1.164,0.00
111.62797,0.314,1.200,0.00
111.63956,0.314,1.200,0.00
111.65083,0.323,1.229,0.00
111.68129,0.346,1.278,0.00
111.69530,0.346,1.278,0.00
111.71982,0.355,1.311,0.00
111.73516,0.355,1.311,0.00
111.74653,0.377,1.324,0.00
111.75677,0.377,1.324,0.00
111.76807,0.389,1.335,0.00
111.78724,0.397,1.339,0.00
111.79788,0.397,1.339,0.00
111.80854,0.397,1.339,0.00
111.87252,0.491,1.314,0.00
111.93594,0.534,1.259,0.00
111.94639,0.089,1.084,0.00
111.95655,0.089,1.084,0.00
111.96679,0.090,1.068,0.00
111.97697,0.081,1.052,0.00
111.98711,0.081,1.052,0.00
111.99727,0.068,1.041,0.00
112.00809,0.068,1.041,0.00
112.01852,0.056,1.031,0.00
112.03005,0.056,1.031,0.00
112.04031,0.050,1.020,0.00
112.05050,0.050,1.020,0.00
112.06066,0.059,1.003,0.00
112.07178,0.059,1.003,0.00
112.08196,0.072,0.982,0.00
112.09219,0.072,0.982,0.00
112.10254,0.087,0.955,0.00
112.11286,0.102,0.955,0.00
112.12304,0.102,0.940,0.00
112.13325,0.102,0.931,0.00
112.14351,0.125,0.931,0.00
112.15366,0.125,0.927,0.00
112.16381,0.156,0.927,0.00
112.17415,0.156,0.930,0.00
112.18429,0.187,0.930,0.00
112.19445,0.187,0.930,0.00
112.20461,0.216,0.933,0.00
112.21482,0.246,0.933,0.00
112.22497,0.246,0.932,0.00
112.23512,0.283,0.932,0.00
112.24528,0.283,0.935,0.00
112.25544,0.316,0.935,0.00
112.26558,0.316,0.944,0.00
112.27575,0.316,0.951,0.00
112.28613,0.330,0.951,0.00
112.29634,0.330,0.964,0.00
112.30651,0.336,0.964,0.00
112.31670,0.329,0.985,0.00
112.32697,0.329,0.985,0.00
112.33716,0.309,1.006,0.00
112.34732,0.309,1.006,0.00
112.35748,0.276,1.030,0.00
112.36775,0.276,1.030,0.00
112.37813,0.256,1.057,0.00
112.38827,0.256,1.057,0.00
112.39842,0.247,1.081,0.00
112.40857,0.247,1.081,0.00
112.41882,0.247,1.081,0.00
112.42903,0.232,1.102,0.00
112.43919,0.208,1.117,0.00
112.44934,0.208,1.117,0.00
112.45949,0.192,1.132,0.00
112.46980,0.192,1.132,0.00
112.48025,0.186,1.145,0.00
112.49252,0.184,1.145,0.00
112.50278,0.184,1.154,0.00
112.51308,0.184,1.154,0.00
112.52363,0.193,1.162,0.00
112.53440,0.193,1.162,0.00
112.54458,0.204,1.181,0.00
112.55505,0.204,1.181,0.00
112.56521,0.205,1.209,0.00
112.57537,0.196,1.209,0.00
112.58553,0.196,1.252,0.00
112.59570,0.196,1.294,0.00
112.60586,0.183,1.294,0.00
112.61601,0.175,1.339,0.00
112.62618,0.175,1.339,0.00
112.63647,0.175,1.388,0.00
112.64698,0.176,1.388,0.00
112.65714,0.188,1.444,0.00
112.66730,0.188,1.444,0.00
112.67746,0.209,1.500,0.00
112.68762,0.209,1.500,0.00
112.69794,0.232,1.553,0.00
112.70874,0.232,1.553,0.00
112.71900,0.252,1.583,0.00
112.72932,0.252,1.583,0.00
112.73946,0.269,1.582,0.00
112.74962,0.269,1.582,0.00
112.75974,0.282,1.586,0.00
112.77097,0.282,1.586,0.00
112.78129,0.289,1.588,0.00
112.79144,0.289,1.588,0.00
112.80159,0.292,1.572,0.00
112.81174,0.292,1.572,0.00
112.82191,0.297,1.551,0.00
112.83212,0.297,1.551,0.00
112.84319,0.300,1.552,0.00
112.85334,0.300,1.536,0.00
112.86349,0.299,1.536,0.00
112.87368,0.299,1.536,0.00
112.88383,0.296,1.490,0.00
112.89400,0.296,1.490,0.00
112.90415,0.295,1.456,0.00
112.91437,0.295,1.456,0.00
112.92451,0.293,1.454,0.00
112.93465,0.290,1.467,0.00
112.94496,0.290,1.467,0.00
112.95512,0.290,1.479,0.00
112.96528,0.281,1.479,0.00
112.97543,0.281,1.495,0.00
112.98557,0.270,1.495,0.00
112.99572,0.270,1.506,0.00
113.00588,0.257,1.506,0.00
113.01604,0.242,1.506,0.00
113.02618,0.242,1.513,0.00
113.03633,0.227,1.529,0.00
113.04648,0.227,1.529,0.00
113.05664,0.212,1.553,0.00
113.06688,0.212,1.553,0.00
113.07704,0.197,1.588,0.00
113.08741,0.197,1.588,0.00
113.09820,0.185,1.629,0.00
113.10870,0.185,1.629,0.00
113.11898,0.176,1.674,0.00
113.12922,0.176,1.674,0.00
113.13938,0.170,1.719,0.00
113.14956,0.170,1.719,0.00
113.15972,0.164,1.765,0.00
113.17005,0.164,1.765,0.00
113.18023,0.160,1.805,0.00
113.19053,0.160,1.805,0.00
113.20092,0.159,1.839,0.00
113.21220,0.159,1.839,0.00
113.22235,0.160,1.864,0.00
113.23262,0.160,1.864,0.00
113.24279,0.163,1.879,0.00
113.25313,0.163,1.879,0.00
113.26318,0.168,1.876,0.00
113.27356,0.174,1.871,0.00
113.28389,0.174,1.871,0.00
113.29443,0.174,1.871,0.00
113.30477,0.178,1.867,0.00
113.31493,0.182,1.867,0.00
113.32509,0.182,1.864,0.00
113.33539,0.182,1.864,0.00
113.34555,0.187,1.860,0.00
113.35571,0.195,1.860,0.00
113.36604,0.195,1.858,0.00
113.37626,0.204,1.849,0.00
113.38679,0.204,1.849,0.00
113.39695,0.214,1.849,0.00
113.40711,0.214,1.830,0.00
113.41727,0.246,1.812,0.00
113.42743,0.246,1.812,0.00
113.43759,0.246,1.812,0.00
113.44775,0.299,1.789,0.00
113.45793,0.352,1.766,0.00
113.46828,0.352,1.766,0.00
113.47844,0.377,1.766,0.00
113.48861,0.377,1.745,0.00
113.49879,0.398,1.724,0.00
113.50917,0.398,1.724,0.00
113.51931,0.422,1.704,0.00
113.52946,0.422,1.704,0.00
113.53971,0.437,1.685,0.00
113.55006,0.437,1.685,0.00
113.56041,0.386,1.663,0.00
113.57094,0.386,1.663,0.00
113.58103,0.288,1.648,0.00
113.59119,0.288,1.648,0.00
113.60135,0.387,1.635,0.00
113.61156,0.387,1.635,0.00
113.62244,1.697,1.629,0.00
113.63260,1.697,1.627,0.00
113.64284,2.859,1.627,0.00
113.65301,4.117,1.627,0.00
113.66316,4.117,1.626,0.00
113.67335,4.117,1.626,0.00
113.68350,5.569,1.629,0.00
113.69366,5.569,1.629,0.00
113.70382,7.614,1.636,0.00
113.71398,7.614,1.636,0.00
113.72960,10.363,1.643,0.00
113.73976,13.334,1.650,0.00
113.75044,13.334,1.650,0.00
113.76091,17.162,1.650,10.50
113.77257,21.093,1.661,10.50
113.78275,21.093,1.677,10.50
113.79368,21.093,1.677,10.50
113.80383,24.854,1.693,10.50
113.81429,24.854,1.693,10.50
113.82445,28.340,1.713,10.50
113.84116,31.396,1.739,10.50
113.85155,31.396,1.739,10.50
113.87547,35.670,1.793,10.50
113.88582,35.670,1.793,10.50
113.90530,36.741,1.817,10.50
113.91559,37.227,1.835,10.50
113.92589,37.227,1.835,10.50
113.94085,37.227,1.835,10.50
113.95108,37.233,1.854,10.50
113.96928,37.184,1.880,10.50
113.97964,37.039,1.907,10.50
113.99189,37.039,1.940,10.50
114.00206,36.511,1.940,11.00
114.01385,36.511,1.940,11.00
114.02414,35.264,1.981,11.00
114.03430,33.219,2.036,11.00
114.04447,33.219,2.036,11.00
114.05587,30.558,2.099,11.00
114.06604,30.558,2.099,11.50
114.07619,27.518,2.177,11.50
114.08635,27.518,2.177,11.50
114.11299,27.518,2.255,12.50
114.12334,20.864,2.316,12.50
114.14497,17.679,2.316,14.00
114.15572,14.296,2.344,14.00
114.17725,14.296,2.352,16.00
114.18744,10.751,2.352,16.00
114.20881,7.282,2.338,19.00
114.21898,4.204,2.286,19.00
114.22917,4.204,2.286,19.00
114.24123,1.575,2.243,21.50
114.25410,1.575,2.243,21.50
114.26426,-0.067,2.171,21.50
114.27464,-0.067,2.171,24.00
114.28486,-0.630,2.050,24.00
114.29502,-0.630,2.050,24.00
114.30516,-0.566,1.876,25.50
114.31531,-0.478,1.723,25.50
114.32569,-0.478,1.723,25.50
114.35271,-0.478,1.603,26.50
114.36322,-0.657,1.499,26.50
114.38519,-0.498,1.433,27.50
114.39562,-0.056,1.418,27.50
114.41688,0.353,1.418,27.50
114.42722,0.353,1.475,27.50
114.44872,0.574,1.578,28.00
114.45904,0.617,1.708,28.00
114.46937,0.617,1.708,28.00
114.48072,0.632,1.708,28.00
114.49111,0.632,1.836,28.00
114.50125,0.632,1.966,28.00
114.51356,0.663,1.966,28.00
114.52406,0.772,2.104,28.00
114.53459,0.963,2.262,28.00
114.54517,0.963,2.262,28.00
114.55549,1.210,2.386,28.00
114.56582,1.210,2.386,28.00
114.57716,1.473,2.508,28.00
114.58755,1.473,2.508,28.00
114.59802,1.680,2.650,28.00
114.60913,1.680,2.650,28.00
114.61946,1.749,2.650,28.00
114.62963,1.749,2.825,28.00
114.65733,1.686,3.183,28.00
114.66761,1.686,3.183,28.00
114.68925,1.638,3.183,28.00
114.69952,1.579,3.338,28.00
114.72170,1.524,3.441,28.00
114.73204,1.524,3.441,28.00
114.75526,1.374,3.867,28.00
114.76565,1.374,3.867,28.00
114.78507,1.374,4.314,28.00
114.79543,1.226,4.988,28.00
114.80571,1.062,4.988,28.00
114.81771,0.914,5.924,28.00
114.82804,0.914,5.924,28.00
114.83864,0.782,7.101,28.00
114.85106,0.782,7.101,28.00
114.86122,0.682,8.780,28.00
114.87365,0.682,8.780,28.00
114.88381,0.624,10.449,28.00
114.89439,0.624,10.449,28.00
114.90459,0.579,12.337,28.00
114.92884,0.579,14.513,28.00
114.93927,0.588,16.832,28.00
114.96094,0.588,19.662,28.00
114.97228,0.657,19.662,28.00
114.98247,0.726,22.605,0.00
114.99286,0.726,22.605,0.00
115.00301,0.778,25.649,0.00
115.01316,0.778,29.272,0.00
115.02330,0.813,29.272,0.00
115.03350,0.813,32.468,0.00
115.04384,0.852,32.468,0.00
115.05431,0.852,32.468,0.00
115.06448,0.882,35.625,0.00
115.07464,0.882,35.625,0.00
115.08497,0.897,38.756,0.00
115.09541,0.911,38.756,0.00
115.10557,0.911,41.628,0.00
115.11573,0.916,44.203,0.00
115.12589,0.916,44.203,0.00
115.13642,0.916,44.203,0.00
115.14658,0.916,46.493,0.00
115.15686,0.918,48.561,0.00
115.16702,0.918,48.561,0.00
115.17747,0.930,50.619,0.00
115.18763,0.930,50.619,0.00
115.19842,0.933,52.285,0.00
115.20859,0.933,52.285,0.00
115.21891,0.919,53.785,0.00
115.22908,0.919,53.785,0.00
115.23933,0.919,55.073,0.00
115.24949,0.889,55.073,0.00
115.25964,0.889,55.073,0.00
115.26982,0.841,56.185,0.00
115.27996,0.777,57.144,0.00
115.29011,0.777,57.144,0.00
115.30028,0.707,57.985,0.00
115.31043,0.707,57.985,0.00
115.32059,0.642,58.691,0.00
115.33084,0.642,58.691,0.00
115.34099,0.588,59.284,0.00
115.35116,0.588,59.284,0.00
115.36132,0.547,59.654,0.00
115.37148,0.547,59.654,0.00
115.38164,0.493,59.920,0.00
115.39180,0.493,59.920,0.00
115.40196,0.424,60.116,0.00
115.41220,0.356,60.206,0.00
115.42250,0.356,60.206,0.00
115.43278,0.356,60.206,0.00
115.44315,0.282,60.215,0.00
115.45354,0.282,60.215,0.00
115.46417,0.207,60.177,0.00
115.47433,0.207,60.177,0.00
115.48475,0.139,60.089,0.00
115.49500,0.139,60.089,0.00
115.50516,0.102,59.856,0.00
115.51531,0.102,59.856,0.00
115.52548,0.090,59.509,0.00
115.53564,0.090,59.509,0.00
115.54581,0.088,58.978,0.00
115.55597,0.087,58.249,0.00
115.56613,0.087,58.249,0.00
115.57629,0.080,57.387,0.00
115.58644,0.080,57.387,0.00
115.59660,0.072,56.480,0.00
115.60681,0.072,56.480,0.00
115.61730,0.072,56.480,0.00
115.62778,0.074,55.459,0.00
115.63916,0.074,55.459,0.00
115.64936,0.081,54.305,0.00
115.65952,0.081,54.305,0.00
115.66977,0.091,52.852,0.00
115.68001,0.107,51.499,0.00
115.69023,0.107,51.499,0.00
115.70056,0.117,50.194,0.00
115.71104,0.117,50.194,0.00
115.72120,0.137,48.933,0.00
115.73140,0.137,48.933,0.00
115.74157,0.171,47.579,0.00
115.75173,0.171,47.579,0.00
115.76189,0.187,46.108,0.00
115.77226,0.199,44.647,0.00
115.78241,0.199,44.647,0.00
115.79384,0.199,44.647,0.00
115.80411,0.208,43.274,0.00
115.81427,0.208,41.773,0.00
115.82442,0.213,41.773,0.00
115.83457,0.213,40.438,0.00
115.84523,0.216,40.438,0.00
115.85540,0.216,40.438,0.00
115.86556,0.220,39.132,0.00
115.87585,0.237,37.897,0.00
115.88601,0.237,37.897,0.00
115.89616,0.267,36.649,0.00
115.90631,0.267,36.649,0.00
115.91670,0.306,35.331,0.00
115.92705,0.306,35.331,0.00
115.93742,0.350,33.979,0.00
115.94775,0.350,33.979,0.00
115.95792,0.401,33.979,0.00
115.96815,0.401,32.550,0.00
115.97831,0.452,30.759,0.00
115.98847,0.452,30.759,0.00
115.99866,0.452,30.759,0.00
116.00886,0.495,28.976,0.00
116.01900,0.525,27.073,0.00
116.02916,0.525,27.073,0.00
116.03949,0.549,25.107,0.00
116.05017,0.549,25.107,0.00
116.06084,0.572,23.076,0.00
116.07120,0.572,23.076,0.00
116.08140,0.597,21.005,0.00
116.09157,0.597,21.005,0.00
116.10183,0.629,18.962,0.00
116.11199,0.629,18.962,0.00
116.12216,0.654,16.960,0.00
116.13232,0.654,16.960,0.00
116.14249,0.675,15.037,0.00
116.15264,0.675,15.037,0.00
116.16290,0.690,12.990,0.00
116.17303,0.690,12.990,0.00
116.18319,0.702,11.301,0.00
116.19338,0.702,11.301,0.00
116.20354,0.713,9.699,0.00
116.21370,0.739,8.197,0.00
116.22424,0.739,8.197,0.00
116.23454,0.739,8.197,0.00
116.24470,0.786,6.810,0.00
116.25488,0.786,6.810,0.00
116.26504,0.836,5.636,0.00
116.27520,0.886,4.687,0.00
116.28536,0.886,4.687,0.00
116.29552,0.910,3.975,0.00
116.30571,0.910,3.975,0.00
116.31589,0.910,3.975,0.00
116.32605,0.911,3.317,0.00
116.33621,0.901,2.625,0.00
116.34636,0.901,2.625,0.00
116.35652,0.901,2.625,0.00
116.36679,0.878,1.948,0.00
116.37695,0.851,1.314,0.00
116.38730,0.851,1.314,0.00
116.39770,0.851,1.314,0.00
116.40806,0.829,0.782,0.00
116.41832,0.820,0.353,0.00
116.42870,0.820,0.353,0.00
116.43889,0.814,0.044,0.00
116.44915,0.814,0.044,0.00
116.45960,0.814,0.044,0.00
116.46983,0.812,-0.128,0.00
116.47999,0.810,-0.146,0.00
116.49124,0.810,-0.146,0.00
116.50187,0.803,-0.146,0.00
116.51224,0.803,-0.039,0.00
116.52771,0.795,0.134,0.00
116.53818,0.788,0.134,0.00
116.56023,0.788,0.346,0.00
116.57126,0.784,0.588,0.00
116.59508,0.784,0.842,0.00
116.61297,0.757,0.842,0.00
116.62373,0.757,1.372,0.00
116.64241,0.757,1.372,0.00
116.65337,0.757,1.670,0.00
116.66913,0.718,1.935,0.00
116.68456,0.713,2.181,0.00
116.69575,0.713,2.181,0.00
116.71122,0.706,2.410,0.00
116.72740,0.706,2.410,0.00
116.73823,0.694,2.410,0.00
116.75142,0.687,2.720,0.00
116.76772,0.678,2.720,0.00
116.77832,0.678,2.720,0.00
116.79013,0.666,2.720,0.00
116.80567,0.658,2.742,0.00
116.82366,0.658,2.749,0.00
116.83474,0.658,2.779,0.00
116.85101,0.658,2.833,0.00
116.86256,0.648,2.833,0.00
116.89711,0.636,3.024,0.00
116.90763,0.636,3.024,0.00
116.92486,0.611,3.140,0.00
116.94027,0.604,3.231,0.00
116.96136,0.604,3.231,0.00
116.97218,0.600,3.231,0.00
116.98787,0.598,3.227,0.00
117.00427,0.598,3.227,0.00
117.01492,0.601,3.227,0.00
117.03273,0.602,3.122,0.00
117.04614,0.601,3.065,0.00
117.06324,0.606,3.065,0.00
117.08249,0.606,2.971,0.00
117.10502,0.601,2.934,0.00
117.12253,0.592,2.899,0.00
117.13280,0.592,2.899,0.00
117.14707,0.584,2.899,0.00
117.15798,0.569,2.874,0.00
117.17043,0.569,2.874,0.00
117.21039,0.548,2.831,0.00
117.22551,0.548,2.824,0.00
117.23696,0.548,2.824,0.00
117.25418,0.474,2.823,0.00
117.26980,0.452,2.829,0.00
