time,contralateral_sh_el_deg,sh_el_deg,stim_curr
0.00168,-1.468,1.298,0.00
0.01187,-1.468,1.298,0.00
0.02203,-1.448,1.296,0.00
0.03218,-1.448,1.290,0.00
0.04246,-1.448,1.290,0.00
0.05272,-1.436,1.280,0.00
0.06283,-1.421,1.270,0.00
0.07299,-1.407,1.263,0.00
0.08335,-1.407,1.263,0.00
0.09389,-1.391,1.261,0.00
0.10410,-1.391,1.261,0.00
0.11426,-1.376,1.260,0.00
0.12443,-1.360,1.255,0.00
0.13458,-1.360,1.255,0.00
0.14475,-1.345,1.252,0.00
0.15491,-1.345,1.252,0.00
0.16521,-1.335,1.253,0.00
0.17566,-1.335,1.253,0.00
0.18589,-1.331,1.256,0.00
0.19632,-1.331,1.256,0.00
0.20678,-1.328,1.263,0.00
0.21729,-1.328,1.263,0.00
0.22747,-1.325,1.274,0.00
0.23781,-1.325,1.274,0.00
0.24820,-1.324,1.282,0.00
0.26072,-1.324,1.282,0.00
0.27088,-1.322,1.288,0.00
0.28105,-1.322,1.288,0.00
0.29121,-1.323,1.291,0.00
0.30139,-1.323,1.291,0.00
0.31156,-1.325,1.296,0.00
0.32173,-1.325,1.296,0.00
0.33198,-1.328,1.304,0.00
0.34217,-1.328,1.304,0.00
0.35233,-1.328,1.304,0.00
0.36577,-1.328,1.314,0.00
0.37599,-1.326,1.324,0.00
0.38616,-1.326,1.324,0.00
0.39632,-1.330,1.331,0.00
0.40648,-1.334,1.335,0.00
0.41673,-1.334,1.335,0.00
0.42688,-1.334,1.338,0.00
0.43705,-1.334,1.338,0.00
0.44726,-1.332,1.344,0.00
0.45744,-1.332,1.344,0.00
0.46760,-1.325,1.350,0.00
0.47782,-1.325,1.350,0.00
0.48797,-1.318,1.355,0.00
0.49829,-1.318,1.355,0.00
0.50845,-1.312,1.357,0.00
0.51861,-1.312,1.357,0.00
0.52876,-1.309,1.355,0.00
0.53892,-1.309,1.355,0.00
0.54911,-1.311,1.351,0.00
0.55942,-1.311,1.351,0.00
0.56974,-1.316,1.349,0.00
0.58015,-1.316,1.349,0.00
0.59062,-1.321,1.345,0.00
0.60094,-1.321,1.345,0.00
0.61118,-1.327,1.345,0.00
0.62163,-1.327,1.345,0.00
0.63194,-1.332,1.342,0.00
0.64229,-1.332,1.342,0.00
0.65258,-1.335,1.341,0.00
0.66289,-1.335,1.341,0.00
0.67332,-1.342,1.336,0.00
0.68365,-1.342,1.336,0.00
0.69399,-1.351,1.328,0.00
0.70444,-1.356,1.323,0.00
0.71497,-1.356,1.323,0.00
0.72527,-1.359,1.324,0.00
0.73607,-1.359,1.324,0.00
0.74669,-1.359,1.324,0.00
0.75693,-1.358,1.328,0.00
0.76709,-1.352,1.331,0.00
0.77725,-1.352,1.331,0.00
0.78741,-1.348,1.327,0.00
0.79758,-1.348,1.327,0.00
0.80778,-1.348,1.324,0.00
0.81829,-1.344,1.324,0.00
0.82853,-1.337,1.321,0.00
0.83876,-1.337,1.321,0.00
0.84893,-1.326,1.321,0.00
0.85909,-1.326,1.321,0.00
0.86925,-1.309,1.323,0.00
0.87947,-1.309,1.323,0.00
0.88963,-1.292,1.324,0.00
0.89979,-1.292,1.324,0.00
0.90995,-1.283,1.326,0.00
0.92012,-1.283,1.326,0.00
0.93154,-1.279,1.330,0.00
0.94169,-1.279,1.330,0.00
0.95185,-1.279,1.334,0.00
0.96201,-1.279,1.334,0.00
0.97218,-1.279,1.339,0.00
0.98247,-1.279,1.339,0.00
0.99279,-1.282,1.345,0.00
1.00327,-1.282,1.345,0.00
1.01345,-1.285,1.350,0.00
1.02360,-1.287,1.353,0.00
1.03377,-1.287,1.353,0.00
1.04393,-1.291,1.356,0.00
1.05418,-1.291,1.356,0.00
1.06441,-1.304,1.357,0.00
1.07473,-1.304,1.357,0.00
1.08504,-1.304,1.361,0.00
1.09539,-1.316,1.361,0.00
1.10585,-1.322,1.365,0.00
1.11616,-1.322,1.365,0.00
1.12686,-1.328,1.370,0.00
1.13725,-1.328,1.370,0.00
1.14741,-1.338,1.370,0.00
1.15757,-1.338,1.377,0.00
1.16776,-1.349,1.384,0.00
1.17791,-1.349,1.384,0.00
1.18807,-1.359,1.394,0.00
1.19823,-1.359,1.394,0.00
1.20840,-1.360,1.403,0.00
1.21898,-1.360,1.403,0.00
1.22935,-1.359,1.414,0.00
1.23954,-1.359,1.414,0.00
1.24999,-1.365,1.425,0.00
1.26017,-1.365,1.425,0.00
1.27045,-1.368,1.434,0.00
1.28061,-1.368,1.434,0.00
1.29078,-1.365,1.438,0.00
1.30095,-1.365,1.438,0.00
1.31121,-1.367,1.437,0.00
1.32148,-1.367,1.441,0.00
1.33169,-1.375,1.441,0.00
1.34215,-1.375,1.439,0.00
1.35263,-1.381,1.439,0.00
1.36278,-1.386,1.439,0.00
1.37294,-1.386,1.440,0.00
1.38324,-1.390,1.440,0.00
1.39340,-1.390,1.439,0.00
1.40355,-1.390,1.439,0.00
1.41376,-1.396,1.439,0.00
1.42394,-1.402,1.433,0.00
1.43410,-1.402,1.433,0.00
1.44426,-1.409,1.424,0.00
1.45441,-1.409,1.424,0.00
1.46458,-1.416,1.419,0.00
1.47473,-1.416,1.419,0.00
1.48489,-1.419,1.421,0.00
1.49508,-1.419,1.421,0.00
1.50520,-1.419,1.421,0.00
1.51536,-1.419,1.425,0.00
1.52596,-1.426,1.424,0.00
1.53633,-1.426,1.424,0.00
1.54649,-1.433,1.418,0.00
1.55665,-1.433,1.418,0.00
1.56681,-1.433,1.418,0.00
1.57697,-1.439,1.411,0.00
1.58712,-1.441,1.407,0.00
1.59731,-1.441,1.407,0.00
1.60756,-1.442,1.406,0.00
1.61782,-1.442,1.406,0.00
1.62810,-1.440,1.406,0.00
1.63825,-1.440,1.406,0.00
1.64841,-1.433,1.405,0.00
1.65855,-1.433,1.405,0.00
1.66872,-1.422,1.406,0.00
1.67888,-1.419,1.406,0.00
1.68902,-1.419,1.407,0.00
1.69976,-1.419,1.407,0.00
1.70993,-1.424,1.408,0.00
1.72008,-1.424,1.408,0.00
1.73048,-1.434,1.411,0.00
1.74152,-1.434,1.411,0.00
1.75174,-1.440,1.415,0.00
1.76190,-1.440,1.419,0.00
1.77206,-1.443,1.419,0.00
1.78221,-1.443,1.422,0.00
1.79242,-1.449,1.422,0.00
1.80259,-1.454,1.424,0.00
1.81279,-1.454,1.424,0.00
1.82358,-1.454,1.426,0.00
1.83373,-1.466,1.426,0.00
1.84390,-1.466,1.430,0.00
1.85482,-1.480,1.430,0.00
1.86511,-1.480,1.437,0.00
1.87559,-1.497,1.437,0.00
1.88574,-1.513,1.437,0.00
1.89590,-1.513,1.447,0.00
1.90606,-1.529,1.451,0.00
1.91649,-1.529,1.451,0.00
1.92685,-1.546,1.451,0.00
1.93711,-1.546,1.455,0.00
1.94729,-1.556,1.459,0.00
1.95754,-1.556,1.459,0.00
1.96770,-1.563,1.465,0.00
1.97801,-1.563,1.465,0.00
1.98817,-1.567,1.469,0.00
1.99881,-1.567,1.469,0.00
2.00907,-1.555,1.473,0.00
2.01933,-1.555,1.473,0.00
2.02951,-1.544,1.476,0.00
2.03974,-1.544,1.476,0.00
2.04988,-1.539,1.474,0.00
2.06004,-1.539,1.470,0.00
2.07019,-1.539,1.470,0.00
2.08034,-1.539,1.466,0.00
2.09053,-1.540,1.466,0.00
2.10064,-1.536,1.466,0.00
2.11107,-1.536,1.463,0.00
2.12123,-1.533,1.463,0.00
2.13140,-1.533,1.457,0.00
2.14154,-1.538,1.457,0.00
2.15194,-1.538,1.452,0.00
2.16222,-1.550,1.452,0.00
2.17265,-1.550,1.448,0.00
2.18285,-1.566,1.445,0.00
2.19316,-1.566,1.445,0.00
2.20333,-1.566,1.437,0.00
2.21348,-1.578,1.437,0.00
2.22362,-1.578,1.431,0.00
2.23378,-1.583,1.431,0.00
2.24394,-1.584,1.429,0.00
2.25409,-1.584,1.429,0.00
2.26437,-1.588,1.431,0.00
2.27452,-1.588,1.431,0.00
2.28722,-1.597,1.433,0.00
2.29742,-1.597,1.433,0.00
2.30859,-1.602,1.432,0.00
2.31994,-1.602,1.432,0.00
2.33048,-1.604,1.429,0.00
2.34065,-1.604,1.429,0.00
2.35092,-1.605,1.425,0.00
2.36107,-1.605,1.425,0.00
2.37137,-1.603,1.422,0.00
2.38164,-1.597,1.422,0.00
2.39373,-1.597,1.422,0.00
2.40393,-1.592,1.422,0.00
2.41419,-1.592,1.425,0.00
2.42441,-1.592,1.425,0.00
2.43461,-1.592,1.425,0.00
2.44530,-1.597,1.425,0.00
2.45565,-1.597,1.424,0.00
2.46581,-1.601,1.425,0.00
2.47597,-1.601,1.425,0.00
2.48613,-1.603,1.426,0.00
2.49630,-1.603,1.426,0.00
2.50671,-1.609,1.427,0.00
2.51720,-1.609,1.427,0.00
2.52763,-1.621,1.431,0.00
2.53800,-1.621,1.431,0.00
2.54832,-1.634,1.433,0.00
2.55942,-1.634,1.433,0.00
2.56959,-1.640,1.431,0.00
2.57975,-1.640,1.431,0.00
2.58991,-1.641,1.427,0.00
2.60027,-1.641,1.427,0.00
2.61051,-1.641,1.423,0.00
2.62105,-1.641,1.423,0.00
2.63177,-1.645,1.421,0.00
2.64190,-1.645,1.418,0.00
2.65247,-1.647,1.418,0.00
2.66263,-1.647,1.414,0.00
2.67331,-1.650,1.414,0.00
2.68388,-1.657,1.408,0.00
2.69418,-1.657,1.408,0.00
2.70437,-1.658,1.403,0.00
2.71470,-1.658,1.403,0.00
2.72485,-1.650,1.400,0.00
2.73503,-1.650,1.400,0.00
2.74518,-1.618,1.398,0.00
2.75534,-1.618,1.398,0.00
2.76627,-1.567,1.398,0.00
2.77643,-1.567,1.398,0.00
2.78680,-1.520,1.398,0.00
2.79697,-1.520,1.398,0.00
2.80739,-1.476,1.399,0.00
2.81755,-1.476,1.399,0.00
2.82772,-1.434,1.400,0.00
2.83823,-1.434,1.400,0.00
2.84879,-1.413,1.401,0.00
2.85895,-1.413,1.401,0.00
2.86938,-1.414,1.400,0.00
2.87984,-1.438,1.400,0.00
2.88999,-1.438,1.400,0.00
2.90137,-1.438,1.400,0.00
2.91155,-1.472,1.402,0.00
2.92172,-1.472,1.402,0.00
2.93188,-1.497,1.399,0.00
2.94204,-1.497,1.398,0.00
2.95254,-1.526,1.398,0.00
2.96260,-1.526,1.395,0.00
2.97278,-1.573,1.395,0.00
2.98294,-1.573,1.391,0.00
2.99430,-1.619,1.391,0.00
3.00436,-1.651,1.381,0.00
3.01451,-1.651,1.381,0.00
3.02466,-1.680,1.364,0.00
3.03481,-1.680,1.364,0.00
3.04498,-1.710,1.345,0.00
3.05513,-1.710,1.345,0.00
3.06529,-1.735,1.321,0.00
3.07545,-1.735,1.321,0.00
3.08560,-1.763,1.301,0.00
3.09575,-1.763,1.301,0.00
3.10590,-1.781,1.280,0.00
3.11606,-1.781,1.280,0.00
3.12620,-1.789,1.256,0.00
3.13635,-1.789,1.256,0.00
3.14648,-1.790,1.231,0.00
3.15674,-1.790,1.231,0.00
3.16690,-1.793,1.208,0.00
3.17706,-1.793,1.208,0.00
3.18723,-1.793,1.182,0.00
3.19747,-1.793,1.182,0.00
3.20755,-1.789,1.160,0.00
3.21771,-1.789,1.160,0.00
3.22787,-1.785,1.140,0.00
3.23803,-1.785,1.140,0.00
3.24822,-1.791,1.117,0.00
3.25902,-1.791,1.117,0.00
3.26920,-1.803,1.099,0.00
3.27947,-1.803,1.099,0.00
3.28961,-1.821,1.086,0.00
3.29977,-1.821,1.086,0.00
3.30993,-1.839,1.073,0.00
3.32009,-1.839,1.073,0.00
3.33249,-1.854,1.062,0.00
3.34320,-1.861,1.062,0.00
3.35337,-1.861,1.046,0.00
3.36353,-1.861,1.046,0.00
3.37369,-1.859,1.032,0.00
3.38385,-1.850,1.032,0.00
3.39403,-1.850,1.017,0.00
3.40419,-1.850,1.017,0.00
3.41442,-1.847,1.017,0.00
3.42468,-1.844,0.991,0.00
3.43486,-1.844,0.991,0.00
3.44503,-1.841,0.982,0.00
3.45519,-1.841,0.982,0.00
3.46579,-1.836,0.971,0.00
3.47595,-1.836,0.971,0.00
3.48612,-1.829,0.961,0.00
3.49628,-1.829,0.961,0.00
3.50646,-1.819,0.953,0.00
3.51662,-1.819,0.953,0.00
3.52678,-1.814,0.945,0.00
3.53694,-1.814,0.945,0.00
3.54716,-1.817,0.940,0.00
3.55865,-1.817,0.940,0.00
3.56880,-1.818,0.939,0.00
3.57931,-1.818,0.939,0.00
3.58955,-1.813,0.941,0.00
3.59971,-1.813,0.941,0.00
3.60987,-1.803,0.945,0.00
3.62011,-1.803,0.945,0.00
3.63027,-1.799,0.950,0.00
3.64043,-1.799,0.950,0.00
3.65060,-1.802,0.955,0.00
3.66075,-1.802,0.955,0.00
3.67091,-1.802,0.960,0.00
3.68118,-1.802,0.965,0.00
3.69135,-1.805,0.965,0.00
3.70151,-1.805,0.965,0.00
3.71166,-1.805,0.970,0.00
3.72181,-1.805,0.970,0.00
3.73273,-1.797,0.972,0.00
3.74309,-1.792,0.975,0.00
3.75330,-1.792,0.975,0.00
3.76344,-1.793,0.977,0.00
3.77361,-1.793,0.977,0.00
3.78413,-1.802,0.983,0.00
3.79429,-1.802,0.983,0.00
3.80527,-1.812,0.986,0.00
3.81543,-1.812,0.986,0.00
3.82585,-1.820,0.984,0.00
3.83606,-1.820,0.984,0.00
3.84623,-1.826,0.983,0.00
3.85640,-1.826,0.983,0.00
3.86783,-1.834,0.984,0.00
3.87885,-1.834,0.984,0.00
3.88900,-1.844,0.985,0.00
3.89922,-1.844,0.985,0.00
3.90938,-1.854,0.985,0.00
3.91954,-1.854,0.985,0.00
3.92970,-1.863,0.985,0.00
3.93986,-1.863,0.985,0.00
3.95003,-1.874,0.988,0.00
3.96019,-1.874,0.988,0.00
3.97050,-1.887,0.992,0.00
3.98065,-1.887,0.992,0.00
3.99081,-1.896,0.995,0.00
4.00097,-1.896,0.995,0.00
4.01130,-1.897,0.996,0.00
4.02146,-1.897,0.996,0.00
4.03162,-1.902,0.995,0.00
4.04204,-1.902,0.995,0.00
4.05238,-1.902,0.995,0.00
4.06299,-1.901,0.990,0.00
4.07345,-1.902,0.985,0.00
4.08361,-1.902,0.981,0.00
4.09376,-1.908,0.981,0.00
4.10392,-1.908,0.977,0.00
4.11459,-1.912,0.977,0.00
4.12473,-1.911,0.973,0.00
4.13494,-1.911,0.973,0.00
4.14510,-1.909,0.973,0.00
4.15525,-1.909,0.965,0.00
4.16540,-1.905,0.954,0.00
4.17555,-1.905,0.954,0.00
4.18569,-1.903,0.945,0.00
4.19584,-1.903,0.945,0.00
4.20599,-1.898,0.933,0.00
4.21614,-1.898,0.933,0.00
4.22629,-1.897,0.925,0.00
4.23650,-1.897,0.925,0.00
4.24666,-1.898,0.915,0.00
4.25686,-1.898,0.915,0.00
4.26700,-1.900,0.908,0.00
4.27930,-1.900,0.908,0.00
4.28950,-1.895,0.904,0.00
4.29971,-1.895,0.904,0.00
4.30987,-1.894,0.899,0.00
4.32004,-1.893,0.899,0.00
4.33060,-1.893,0.893,0.00
4.34078,-1.893,0.893,0.00
4.35115,-1.886,0.890,0.00
4.36130,-1.886,0.890,0.00
4.37146,-1.880,0.889,0.00
4.38163,-1.880,0.891,0.00
4.39180,-1.868,0.891,0.00
4.40212,-1.868,0.893,0.00
4.41308,-1.853,0.893,0.00
4.42333,-1.853,0.892,0.00
4.43362,-1.848,0.892,0.00
4.44377,-1.845,0.888,0.00
4.45415,-1.845,0.888,0.00
4.46453,-1.844,0.885,0.00
4.47468,-1.844,0.885,0.00
4.48526,-1.846,0.885,0.00
4.49543,-1.846,0.885,0.00
4.50559,-1.846,0.882,0.00
4.51576,-1.845,0.882,0.00
4.52706,-1.847,0.884,0.00
4.53722,-1.847,0.884,0.00
4.54743,-1.851,0.886,0.00
4.55759,-1.851,0.886,0.00
4.56800,-1.851,0.891,0.00
4.57858,-1.851,0.891,0.00
4.58874,-1.853,0.894,0.00
4.59949,-1.853,0.894,0.00
4.60965,-1.854,0.897,0.00
4.61980,-1.854,0.897,0.00
4.63010,-1.857,0.903,0.00
4.64069,-1.857,0.903,0.00
4.65085,-1.861,0.913,0.00
4.66101,-1.861,0.922,0.00
4.67116,-1.879,0.922,0.00
4.68176,-1.879,0.922,0.00
4.69192,-1.907,0.930,0.00
4.70210,-1.934,0.935,0.00
4.71276,-1.934,0.935,0.00
4.72292,-1.934,0.935,0.00
4.73308,-1.950,0.938,0.00
4.74419,-1.950,0.938,0.00
4.75443,-1.964,0.946,0.00
4.76460,-1.982,0.953,0.00
4.77476,-1.982,0.953,0.00
4.78493,-1.999,0.963,0.00
4.79563,-1.999,0.963,0.00
4.80579,-2.009,0.969,0.00
4.81594,-2.009,0.969,0.00
4.82787,-2.012,0.973,0.00
4.83809,-2.012,0.973,0.00
4.84829,-2.010,0.978,0.00
4.85845,-2.010,0.978,0.00
4.86861,-2.006,0.984,0.00
4.88004,-2.006,0.984,0.00
4.89020,-2.000,0.989,0.00
4.90089,-2.000,0.989,0.00
4.91111,-1.998,0.991,0.00
4.92128,-1.998,0.991,0.00
4.93160,-1.993,0.993,0.00
4.94170,-1.993,0.993,0.00
4.95189,-1.990,0.995,0.00
4.96219,-1.991,0.999,0.00
4.97334,-1.991,0.999,0.00
4.98350,-1.991,0.999,0.00
4.99379,-1.991,1.005,0.00
5.00395,-1.991,1.005,0.00
5.01422,-1.991,1.014,0.00
5.02450,-1.991,1.014,0.00
5.03467,-1.991,1.024,0.00
5.04483,-1.991,1.040,0.00
5.05500,-1.990,1.040,0.00
5.06516,-1.991,1.058,0.00
5.07532,-1.991,1.058,0.00
5.08549,-1.983,1.074,0.00
5.09565,-1.983,1.074,0.00
5.10581,-1.972,1.086,0.00
5.11601,-1.972,1.086,0.00
5.12623,-1.972,1.086,0.00
5.13648,-1.959,1.096,0.00
5.14663,-1.942,1.102,0.00
5.15679,-1.942,1.102,0.00
5.16709,-1.927,1.105,0.00
5.17725,-1.927,1.105,0.00
5.18742,-1.910,1.105,0.00
5.19764,-1.910,1.105,0.00
5.20780,-1.885,1.103,0.00
5.21811,-1.885,1.103,0.00
5.22920,-1.860,1.100,0.00
5.23973,-1.860,1.100,0.00
5.24987,-1.839,1.093,0.00
5.26003,-1.839,1.093,0.00
5.27023,-1.822,1.086,0.00
5.28043,-1.820,1.086,0.00
5.29151,-1.820,1.081,0.00
5.30170,-1.818,1.081,0.00
5.31208,-1.818,1.076,0.00
5.32224,-1.818,1.076,0.00
5.33367,-1.818,1.074,0.00
5.34426,-1.823,1.070,0.00
5.35523,-1.823,1.070,0.00
5.36549,-1.823,1.064,0.00
5.37565,-1.829,1.064,0.00
5.38595,-1.835,1.068,0.00
5.39606,-1.835,1.068,0.00
5.40622,-1.838,1.079,0.00
5.41647,-1.838,1.079,0.00
5.42710,-1.847,1.098,0.00
5.43735,-1.847,1.098,0.00
5.44758,-1.855,1.115,0.00
5.45783,-1.855,1.115,0.00
5.46789,-1.857,1.129,0.00
5.47848,-1.857,1.129,0.00
5.48862,-1.856,1.140,0.00
5.49996,-1.856,1.140,0.00
5.51015,-1.853,1.151,0.00
5.52031,-1.853,1.151,0.00
5.53058,-1.846,1.165,0.00
5.54075,-1.839,1.165,0.00
5.55095,-1.839,1.175,0.00
5.56131,-1.832,1.175,0.00
5.57158,-1.832,1.179,0.00
5.58192,-1.832,1.180,0.00
5.59212,-1.827,1.180,0.00
5.60228,-1.827,1.180,0.00
5.61262,-1.820,1.179,0.00
5.62334,-1.820,1.179,0.00
5.63348,-1.812,1.178,0.00
5.64364,-1.804,1.179,0.00
5.65387,-1.804,1.179,0.00
5.66401,-1.801,1.181,0.00
5.67416,-1.801,1.181,0.00
5.68431,-1.797,1.182,0.00
5.69450,-1.797,1.182,0.00
5.70471,-1.790,1.183,0.00
5.71501,-1.790,1.183,0.00
5.72586,-1.790,1.182,0.00
5.73620,-1.782,1.182,0.00
5.74679,-1.779,1.184,0.00
5.75694,-1.779,1.184,0.00
5.76719,-1.783,1.186,0.00
5.77750,-1.783,1.186,0.00
5.78766,-1.783,1.186,0.00
5.79790,-1.783,1.193,0.00
5.80805,-1.775,1.201,0.00
5.81820,-1.775,1.201,0.00
5.82836,-1.760,1.209,0.00
5.83871,-1.760,1.209,0.00
5.84905,-1.750,1.216,0.00
5.85936,-1.750,1.216,0.00
5.86981,-1.747,1.223,0.00
5.88005,-1.747,1.223,0.00
5.89024,-1.740,1.230,0.00
5.90067,-1.740,1.230,0.00
5.91087,-1.733,1.239,0.00
5.92115,-1.733,1.239,0.00
5.93131,-1.732,1.249,0.00
5.94336,-1.732,1.249,0.00
5.95356,-1.730,1.257,0.00
5.96371,-1.732,1.257,0.00
5.97391,-1.732,1.265,0.00
5.98406,-1.735,1.272,0.00
5.99505,-1.735,1.272,0.00
6.00524,-1.735,1.279,0.00
6.01540,-1.736,1.279,0.00
6.02558,-1.743,1.286,0.00
6.03574,-1.743,1.286,0.00
6.04589,-1.754,1.287,0.00
6.05605,-1.754,1.287,0.00
6.06620,-1.764,1.288,0.00
6.07647,-1.764,1.288,0.00
6.08670,-1.773,1.297,0.00
6.09685,-1.773,1.297,0.00
6.10700,-1.778,1.309,0.00
6.11716,-1.778,1.309,0.00
6.12755,-1.781,1.318,0.00
6.13782,-1.781,1.318,0.00
6.14824,-1.791,1.322,0.00
6.15961,-1.791,1.322,0.00
6.16977,-1.802,1.324,0.00
6.17993,-1.802,1.324,0.00
6.19008,-1.807,1.328,0.00
6.20034,-1.807,1.328,0.00
6.21048,-1.815,1.331,0.00
6.22064,-1.815,1.331,0.00
6.23080,-1.824,1.337,0.00
6.24099,-1.824,1.337,0.00
6.25300,-1.831,1.338,0.00
6.26317,-1.835,1.336,0.00
6.27385,-1.835,1.336,0.00
6.28403,-1.835,1.335,0.00
6.29468,-1.841,1.335,0.00
6.30488,-1.841,1.329,0.00
6.31503,-1.846,1.329,0.00
6.32517,-1.847,1.327,0.00
6.33544,-1.847,1.327,0.00
6.34559,-1.858,1.328,0.00
6.35574,-1.858,1.328,0.00
6.36590,-1.868,1.328,0.00
6.37605,-1.868,1.328,0.00
6.38620,-1.874,1.328,0.00
6.39638,-1.874,1.324,0.00
6.40679,-1.874,1.318,0.00
6.41695,-1.874,1.318,0.00
6.42749,-1.883,1.309,0.00
6.43793,-1.883,1.309,0.00
6.44812,-1.888,1.301,0.00
6.45895,-1.888,1.301,0.00
6.46905,-1.891,1.295,0.00
6.47936,-1.891,1.295,0.00
6.48969,-1.886,1.295,0.00
6.50107,-1.886,1.295,0.00
6.51137,-1.874,1.294,0.00
6.52142,-1.874,1.294,0.00
6.53279,-1.867,1.293,0.00
6.54296,-1.865,1.293,0.00
6.55311,-1.865,1.289,0.00
6.56334,-1.862,1.286,0.00
6.57349,-1.862,1.286,0.00
6.58365,-1.860,1.284,0.00
6.59381,-1.860,1.284,0.00
6.60416,-1.863,1.286,0.00
6.61440,-1.863,1.286,0.00
6.62449,-1.863,1.286,0.00
6.63482,-1.859,1.284,0.00
6.64500,-1.859,1.284,0.00
6.65521,-1.853,1.284,0.00
6.66563,-1.853,1.285,0.00
6.67621,-1.853,1.285,0.00
6.68645,-1.851,1.288,0.00
6.69687,-1.851,1.288,0.00
6.70703,-1.851,1.288,0.00
6.71719,-1.851,1.288,0.00
6.72738,-1.855,1.285,0.00
6.73759,-1.855,1.285,0.00
6.74774,-1.860,1.285,0.00
6.75790,-1.860,1.285,0.00
6.76810,-1.864,1.291,0.00
6.77840,-1.864,1.291,0.00
6.78855,-1.864,1.296,0.00
6.79965,-1.864,1.296,0.00
6.80981,-1.860,1.301,0.00
6.82091,-1.860,1.301,0.00
6.83111,-1.860,1.299,0.00
6.84127,-1.860,1.299,0.00
6.85143,-1.863,1.298,0.00
6.86206,-1.863,1.298,0.00
6.87223,-1.865,1.300,0.00
6.88248,-1.868,1.303,0.00
6.89262,-1.868,1.303,0.00
6.90279,-1.867,1.309,0.00
6.91298,-1.867,1.309,0.00
6.92316,-1.867,1.309,0.00
6.93356,-1.867,1.311,0.00
6.94405,-1.872,1.311,0.00
6.95447,-1.872,1.316,0.00
6.96498,-1.877,1.316,0.00
6.97515,-1.877,1.316,0.00
6.98532,-1.880,1.316,0.00
6.99547,-1.880,1.316,0.00
7.00568,-1.891,1.318,0.00
7.01584,-1.891,1.318,0.00
7.02661,-1.906,1.319,0.00
7.03685,-1.906,1.319,0.00
7.04703,-1.920,1.319,0.00
7.05724,-1.920,1.319,0.00
7.06744,-1.924,1.317,0.00
7.07759,-1.924,1.317,0.00
7.08781,-1.931,1.309,0.00
7.09814,-1.931,1.309,0.00
7.10839,-1.950,1.304,0.00
7.11861,-1.950,1.304,0.00
7.12876,-1.963,1.301,0.00
7.13987,-1.963,1.301,0.00
7.15003,-1.970,1.299,0.00
7.16064,-1.970,1.299,0.00
7.17082,-1.972,1.298,0.00
7.18098,-1.972,1.296,0.00
7.19120,-1.970,1.296,0.00
7.20136,-1.970,1.294,0.00
7.21170,-1.973,1.294,0.00
7.22187,-1.973,1.291,0.00
7.23211,-1.973,1.291,0.00
7.24224,-1.971,1.291,0.00
7.25263,-1.971,1.288,0.00
7.26268,-1.971,1.285,0.00
7.27283,-1.971,1.285,0.00
7.28299,-1.977,1.286,0.00
7.29313,-1.977,1.286,0.00
7.30329,-1.984,1.284,0.00
7.31344,-1.984,1.284,0.00
7.32360,-1.993,1.284,0.00
7.33376,-1.993,1.284,0.00
7.34403,-2.000,1.282,0.00
7.35418,-2.000,1.282,0.00
7.36435,-2.000,1.281,0.00
7.37452,-2.010,1.281,0.00
7.38470,-2.022,1.278,0.00
7.39493,-2.022,1.278,0.00
7.40522,-2.031,1.274,0.00
7.41554,-2.031,1.274,0.00
7.42589,-2.035,1.272,0.00
7.43631,-2.035,1.272,0.00
7.44668,-2.039,1.271,0.00
7.45683,-2.039,1.271,0.00
7.46698,-2.041,1.272,0.00
7.47717,-2.041,1.272,0.00
7.48743,-2.042,1.269,0.00
7.49774,-2.042,1.269,0.00
7.50791,-2.035,1.261,0.00
7.51806,-2.035,1.261,0.00
7.52822,-2.023,1.251,0.00
7.53839,-2.023,1.251,0.00
7.54865,-2.006,1.242,0.00
7.55885,-2.006,1.242,0.00
7.56901,-1.988,1.235,0.00
7.57924,-1.988,1.235,0.00
7.58939,-1.967,1.231,0.00
7.59977,-1.967,1.231,0.00
7.60977,-1.951,1.223,0.00
7.61994,-1.951,1.223,0.00
7.63011,-1.932,1.214,0.00
7.64027,-1.932,1.206,0.00
7.65056,-1.908,1.206,0.00
7.66080,-1.908,1.206,0.00
7.67181,-1.888,1.200,0.00
7.68198,-1.888,1.200,0.00
7.69211,-1.878,1.198,0.00
7.70227,-1.872,1.198,0.00
7.71247,-1.872,1.198,0.00
7.72264,-1.855,1.198,0.00
7.73279,-1.855,1.197,0.00
7.74308,-1.827,1.197,0.00
7.75364,-1.827,1.193,0.00
7.76389,-1.805,1.189,0.00
7.77479,-1.805,1.189,0.00
7.78493,-1.806,1.187,0.00
7.79508,-1.806,1.187,0.00
7.80525,-1.816,1.187,0.00
7.81549,-1.816,1.187,0.00
7.82611,-1.814,1.190,0.00
7.83631,-1.814,1.190,0.00
7.84649,-1.814,1.195,0.00
7.85664,-1.814,1.195,0.00
7.86683,-1.817,1.203,0.00
7.87709,-1.817,1.203,0.00
7.88725,-1.804,1.212,0.00
7.89778,-1.804,1.212,0.00
7.90786,-1.776,1.223,0.00
7.91812,-1.776,1.223,0.00
7.92831,-1.765,1.237,0.00
7.93848,-1.765,1.237,0.00
7.94904,-1.804,1.253,0.00
7.95919,-1.804,1.253,0.00
7.96934,-1.875,1.269,0.00
7.97972,-1.875,1.269,0.00
7.98988,-1.947,1.278,0.00
8.00014,-1.947,1.278,0.00
8.01043,-2.028,1.293,0.00
8.02056,-2.028,1.293,0.00
8.03090,-2.111,1.310,0.00
8.04141,-2.111,1.310,0.00
8.05157,-2.170,1.335,0.00
8.06172,-2.213,1.351,0.00
8.07189,-2.213,1.351,0.00
8.08205,-2.260,1.351,0.00
8.09297,-2.260,1.361,0.00
8.10321,-2.323,1.361,0.00
8.11373,-2.323,1.375,0.00
8.12388,-2.391,1.375,0.00
8.13467,-2.391,1.391,0.00
8.14482,-2.448,1.398,0.00
8.15543,-2.448,1.398,0.00
8.16559,-2.491,1.397,0.00
8.17575,-2.491,1.397,0.00
8.18598,-2.520,1.389,0.00
8.19633,-2.520,1.389,0.00
8.20648,-2.539,1.383,0.00
8.21666,-2.539,1.383,0.00
8.22682,-2.540,1.371,0.00
8.23699,-2.540,1.371,0.00
8.24715,-2.530,1.351,0.00
8.25731,-2.530,1.351,0.00
8.26756,-2.518,1.327,0.00
8.27772,-2.518,1.327,0.00
8.28788,-2.504,1.293,0.00
8.29809,-2.504,1.293,0.00
8.30853,-2.490,1.251,0.00
8.31875,-2.490,1.251,0.00
8.32891,-2.480,1.205,0.00
8.33906,-2.480,1.205,0.00
8.34924,-2.472,1.155,0.00
8.35939,-2.472,1.155,0.00
8.36974,-2.472,1.155,0.00
8.37989,-2.472,1.103,0.00
8.39004,-2.481,1.054,0.00
8.40020,-2.481,1.054,0.00
8.41046,-2.492,1.016,0.00
8.42061,-2.492,1.016,0.00
8.43086,-2.496,0.984,0.00
8.44111,-2.493,0.984,0.00
8.45135,-2.493,0.950,0.00
8.46152,-2.492,0.950,0.00
8.47172,-2.492,0.924,0.00
8.48196,-2.496,0.904,0.00
8.49213,-2.496,0.904,0.00
8.50260,-2.510,0.889,0.00
8.51281,-2.510,0.889,0.00
8.52330,-2.519,0.889,0.00
8.53360,-2.519,0.889,0.00
8.54377,-2.519,0.894,0.00
8.55443,-2.513,0.894,0.00
8.56444,-2.513,0.901,0.00
8.57459,-2.507,0.901,0.00
8.58473,-2.507,0.905,0.00
8.59632,-2.496,0.905,0.00
8.60649,-2.496,0.905,0.00
8.61668,-2.496,0.905,0.00
8.62684,-2.496,0.905,0.00
8.63710,-2.496,0.905,0.00
8.64726,-2.464,0.911,0.00
8.65745,-2.452,0.913,0.00
8.66770,-2.453,0.911,0.00
8.67786,-2.453,0.911,0.00
8.68802,-2.467,0.909,0.00
8.69851,-2.467,0.909,0.00
8.70865,-2.484,0.898,0.00
8.71895,-2.484,0.898,0.00
8.72903,-2.502,0.891,0.00
8.73921,-2.502,0.891,0.00
8.74936,-2.517,0.879,0.00
8.75952,-2.517,0.879,0.00
8.76973,-2.528,0.866,0.00
8.77989,-2.528,0.851,0.00
8.79028,-2.543,0.851,0.00
8.80077,-2.543,0.834,0.00
8.81388,-2.554,0.834,0.00
8.82420,-2.560,0.823,0.00
8.83468,-2.560,0.823,0.00
8.84490,-2.559,0.819,0.00
8.85519,-2.559,0.819,0.00
8.86537,-2.559,0.816,0.00
8.87553,-2.557,0.816,0.00
8.88568,-2.548,0.812,0.00
8.89584,-2.548,0.812,0.00
8.90600,-2.533,0.806,0.00
8.91615,-2.533,0.806,0.00
8.92640,-2.510,0.800,0.00
8.93646,-2.510,0.800,0.00
8.94661,-2.482,0.797,0.00
8.95684,-2.482,0.797,0.00
8.96753,-2.455,0.795,0.00
8.97773,-2.455,0.795,0.00
8.98790,-2.427,0.794,0.00
8.99879,-2.427,0.794,0.00
9.00928,-2.405,0.791,0.00
9.01987,-2.405,0.791,0.00
9.03076,-2.386,0.790,0.00
9.04093,-2.386,0.788,0.00
9.05116,-2.373,0.788,0.00
9.06132,-2.373,0.788,0.00
9.07150,-2.366,0.789,0.00
9.08171,-2.366,0.789,0.00
9.09218,-2.361,0.794,0.00
9.10262,-2.361,0.794,0.00
9.11307,-2.362,0.805,0.00
9.12332,-2.362,0.805,0.00
9.13348,-2.362,0.805,0.00
9.14369,-2.362,0.805,0.00
9.15411,-2.362,0.805,0.00
9.16429,-2.362,0.805,0.00
9.17444,-2.362,0.805,0.00
9.18459,-2.362,0.805,0.00
9.19476,-2.362,0.805,0.00
9.20527,-2.362,0.805,0.00
9.21543,-2.374,0.819,0.00
9.22559,-2.379,0.847,0.00
9.23574,-2.403,0.865,0.00
9.24589,-2.419,0.900,0.00
9.25624,-2.428,0.919,0.00
9.26707,-2.428,0.919,0.00
9.27722,-2.428,0.919,0.00
9.28749,-2.428,0.919,0.00
9.29774,-2.428,0.919,0.00
9.30797,-2.428,0.919,0.00
9.31813,-2.428,0.919,0.00
9.32829,-2.428,0.919,0.00
9.33849,-2.428,0.919,0.00
9.34867,-2.431,0.938,0.00
9.35889,-2.432,0.967,0.00
9.36914,-2.453,0.978,0.00
9.37930,-2.462,0.989,0.00
9.38946,-2.477,0.998,0.00
9.39963,-2.493,1.003,0.00
9.40977,-2.493,1.003,0.00
9.42012,-2.493,1.003,0.00
9.43052,-2.493,1.003,0.00
9.44094,-2.493,1.003,0.00
9.45126,-2.493,1.003,0.00
9.46161,-2.493,1.003,0.00
9.47252,-2.515,1.003,0.00
9.48270,-2.544,1.003,0.00
9.49424,-2.569,1.002,0.00
9.50510,-2.596,0.999,0.00
9.51543,-2.660,0.991,0.00
9.52576,-2.660,0.991,0.00
9.53593,-2.660,0.991,0.00
9.54608,-2.660,0.991,0.00
9.55625,-2.660,0.991,0.00
9.56642,-2.660,0.991,0.00
9.57657,-2.660,0.991,0.00
9.58673,-2.660,0.991,0.00
9.59777,-2.660,0.991,0.00
9.60793,-2.660,0.986,0.00
9.61815,-2.642,0.976,0.00
9.62831,-2.615,0.964,0.00
9.63853,-2.488,0.949,0.00
9.64868,-2.418,0.921,0.00
9.65884,-2.418,0.921,0.00
9.66909,-2.418,0.921,0.00
9.67940,-2.418,0.921,0.00
9.68997,-2.418,0.921,0.00
9.70013,-2.418,0.921,0.00
9.71049,-2.418,0.921,0.00
9.72084,-2.418,0.921,0.00
9.73232,-2.418,0.921,0.00
9.74259,-2.418,0.911,0.00
9.75284,-2.282,0.900,0.00
9.76299,-2.237,0.882,0.00
9.77318,-2.198,0.877,0.00
9.78334,-2.189,0.874,0.00
9.79349,-2.189,0.874,0.00
9.80365,-2.189,0.874,0.00
9.81380,-2.189,0.874,0.00
9.82407,-2.189,0.874,0.00
9.83423,-2.189,0.874,0.00
9.84439,-2.189,0.874,0.00
9.85468,-2.189,0.874,0.00
9.86485,-2.189,0.874,0.00
9.87502,-2.184,0.872,0.00
9.88516,-2.172,0.862,0.00
9.89532,-2.154,0.874,0.00
9.90563,-2.153,0.893,0.00
9.91579,-2.162,0.908,0.00
9.92595,-2.162,0.908,0.00
9.93610,-2.162,0.908,0.00
9.94625,-2.162,0.908,0.00
9.95641,-2.162,0.908,0.00
9.96668,-2.162,0.908,0.00
9.97703,-2.162,0.908,0.00
9.98719,-2.162,0.908,0.00
9.99739,-2.162,0.908,0.00
10.00756,-2.164,0.924,0.00
10.01772,-2.159,0.947,0.00
10.02788,-2.132,0.961,0.00
10.03804,-2.101,0.981,0.00
10.04828,-2.094,0.960,0.00
10.05852,-2.094,0.960,0.00
10.06875,-2.094,0.960,0.00
10.07908,-2.094,0.960,0.00
10.08940,-2.094,0.960,0.00
10.09970,-2.094,0.960,0.00
10.11001,-2.094,0.960,0.00
10.12017,-2.094,0.960,0.00
10.13056,-2.094,0.960,0.00
10.14080,-2.082,0.923,0.00
10.15105,-2.082,0.880,0.00
10.16121,-2.084,0.801,0.00
10.17137,-2.096,0.762,0.00
10.18151,-2.105,0.722,0.00
10.19175,-2.105,0.722,0.00
10.20191,-2.105,0.722,0.00
10.21206,-2.105,0.722,0.00
10.22222,-2.105,0.722,0.00
10.23237,-2.105,0.722,0.00
10.24252,-2.105,0.722,0.00
10.25267,-2.105,0.722,0.00
10.26283,-2.105,0.722,0.00
10.27298,-2.109,0.687,0.00
10.28313,-2.105,0.628,0.00
10.29348,-2.102,0.607,0.00
10.30366,-2.103,0.595,0.00
10.31384,-2.102,0.585,0.00
10.32403,-2.098,0.571,0.00
10.33424,-2.098,0.571,0.00
10.34440,-2.098,0.571,0.00
10.35455,-2.098,0.571,0.00
10.36471,-2.098,0.571,0.00
10.37488,-2.098,0.531,0.00
10.38517,-2.113,0.514,0.00
10.39533,-2.113,0.514,0.00
10.40610,-2.121,0.506,0.00
10.41631,-2.121,0.506,0.00
10.42649,-2.121,0.506,0.00
10.43665,-2.121,0.506,0.00
10.44680,-2.121,0.506,0.00
10.45698,-2.121,0.506,0.00
10.46714,-2.121,0.506,0.00
10.47757,-2.121,0.506,0.00
10.48774,-2.145,0.500,0.00
10.49790,-2.168,0.496,0.00
10.50805,-2.187,0.490,0.00
10.51840,-2.204,0.485,0.00
10.52848,-2.217,0.480,0.00
10.53864,-2.217,0.480,0.00
10.54887,-2.217,0.480,0.00
10.55920,-2.217,0.480,0.00
10.56951,-2.217,0.480,0.00
10.57966,-2.217,0.480,0.00
10.58999,-2.217,0.480,0.00
10.60014,-2.217,0.480,0.00
10.61030,-2.217,0.480,0.00
10.62047,-2.217,0.480,0.00
10.63062,-2.217,0.480,0.00
10.64078,-2.217,0.480,0.00
10.65099,-2.230,0.480,0.00
10.66252,-2.238,0.460,0.00
10.67318,-2.235,0.448,0.00
10.68334,-2.229,0.426,0.00
10.69349,-2.228,0.413,0.00
10.70367,-2.221,0.394,0.00
10.71382,-2.221,0.394,0.00
10.72398,-2.221,0.394,0.00
10.73413,-2.221,0.394,0.00
10.74429,-2.221,0.394,0.00
10.75465,-2.221,0.394,0.00
10.76487,-2.221,0.394,0.00
10.77519,-2.221,0.394,0.00
10.78548,-2.221,0.394,0.00
10.79587,-2.221,0.394,0.00
10.80623,-2.221,0.394,0.00
10.81656,-2.221,0.394,0.00
10.82772,-2.221,0.394,0.00
10.83794,-2.204,0.387,0.00
10.84824,-2.154,0.382,0.00
10.85841,-2.149,0.379,0.00
10.86857,-2.125,0.376,0.00
10.87877,-2.125,0.376,0.00
10.88893,-2.125,0.376,0.00
10.89910,-2.125,0.376,0.00
10.90927,-2.125,0.376,0.00
10.91943,-2.125,0.376,0.00
10.92959,-2.125,0.376,0.00
10.93975,-2.125,0.376,0.00
10.94991,-2.125,0.376,0.00
10.96005,-2.125,0.376,0.00
10.97021,-2.125,0.376,0.00
10.98035,-2.125,0.376,0.00
10.99056,-2.125,0.376,0.00
11.00067,-2.125,0.376,0.00
11.01252,-2.125,0.376,0.00
11.02268,-2.123,0.378,0.00
11.03296,-2.113,0.384,0.00
11.04313,-2.117,0.390,0.00
11.05329,-2.118,0.400,0.00
11.06345,-2.124,0.420,0.00
11.07361,-2.134,0.435,0.00
11.08376,-2.146,0.455,0.00
11.09394,-2.163,0.474,0.00
11.10455,-2.163,0.474,0.00
11.11466,-2.180,0.489,0.00
11.12487,-2.190,0.505,0.00
11.13513,-2.201,0.512,0.00
11.14552,-2.209,0.520,0.00
11.15575,-2.209,0.520,0.00
11.16593,-2.210,0.528,0.00
11.17611,-2.210,0.528,0.00
11.18642,-2.209,0.530,0.00
11.19661,-2.209,0.530,0.00
11.20677,-2.210,0.530,0.00
11.21697,-2.210,0.530,0.00
11.22740,-2.201,0.532,0.00
11.23777,-2.201,0.532,0.00
11.24794,-2.156,0.534,0.00
11.25815,-2.156,0.534,0.00
11.26832,-2.100,0.535,0.00
11.27854,-2.100,0.535,0.00
11.28903,-2.097,0.531,0.00
11.29918,-2.097,0.531,0.00
11.30934,-2.097,0.531,0.00
11.31956,-2.097,0.531,0.00
11.32972,-2.207,0.526,0.00
11.33988,-2.207,0.526,0.00
11.35003,-2.153,0.522,0.00
11.36019,-2.153,0.522,0.00
11.37054,-2.091,0.521,0.00
11.38120,-2.091,0.521,0.00
11.39149,-2.060,0.520,0.00
11.40185,-2.020,0.518,0.00
11.41198,-2.020,0.518,0.00
11.42245,-1.970,0.514,0.00
11.43396,-1.970,0.514,0.00
11.44416,-1.979,0.514,0.00
11.45438,-1.979,0.511,0.00
11.46454,-2.052,0.509,0.00
11.47470,-2.052,0.509,0.00
11.48486,-2.084,0.511,0.00
11.49505,-2.084,0.511,0.00
11.50519,-2.117,0.518,0.00
11.51552,-2.117,0.518,0.00
11.52567,-2.149,0.527,0.00
11.53600,-2.149,0.527,0.00
11.54645,-2.169,0.536,0.00
11.55681,-2.169,0.536,0.00
11.56716,-2.188,0.556,0.00
11.57773,-2.188,0.556,0.00
11.58792,-2.216,0.575,0.00
11.59821,-2.216,0.575,0.00
11.60846,-2.258,0.580,0.00
11.61873,-2.258,0.580,0.00
11.62889,-2.288,0.569,0.00
11.63927,-2.288,0.569,0.00
11.64961,-2.315,0.545,0.00
11.65977,-2.315,0.545,0.00
11.66995,-2.316,0.513,0.00
11.68011,-2.316,0.513,0.00
11.69027,-2.297,0.469,0.00
11.70055,-2.297,0.469,0.00
11.71077,-2.271,0.416,0.00
11.72092,-2.256,0.416,0.00
11.73107,-2.256,0.363,0.00
11.74163,-2.256,0.363,0.00
11.75187,-2.249,0.324,0.00
11.76222,-2.249,0.324,0.00
11.77255,-2.249,0.324,0.00
11.78285,-2.249,0.324,0.00
11.79315,-2.248,0.300,0.00
11.80347,-2.248,0.300,0.00
11.81366,-2.248,0.279,0.00
11.82381,-2.255,0.279,0.00
11.83398,-2.255,0.279,0.00
11.84415,-2.233,0.261,0.00
11.85439,-2.214,0.270,0.00
11.86446,-2.207,0.270,0.00
11.87480,-2.207,0.279,0.00
11.88527,-2.207,0.283,0.00
11.89564,-2.207,0.283,0.00
11.90607,-2.205,0.288,0.00
11.91630,-2.205,0.288,0.00
11.92668,-2.204,0.302,0.00
11.93688,-2.204,0.302,0.00
11.94712,-2.202,0.323,0.00
11.95728,-2.202,0.323,0.00
11.96764,-2.200,0.345,0.00
11.97780,-2.200,0.345,0.00
11.98796,-2.200,0.345,0.00
11.99811,-2.200,0.345,0.00
12.00830,-2.200,0.345,0.00
12.01860,-2.200,0.345,0.00
12.02875,-2.197,0.355,0.00
12.03894,-2.189,0.360,0.00
12.04910,-2.185,0.364,0.00
12.05926,-2.185,0.364,0.00
12.06996,-2.185,0.364,0.00
12.08010,-2.198,0.362,0.00
12.09027,-2.198,0.362,0.00
12.10044,-2.198,0.362,0.00
12.11059,-2.220,0.358,0.00
12.12077,-2.220,0.355,0.00
12.13092,-2.243,0.355,0.00
12.14124,-2.243,0.355,0.00
12.15140,-2.259,0.349,0.00
12.16156,-2.268,0.340,0.00
12.17174,-2.261,0.331,0.00
12.18187,-2.261,0.331,0.00
12.19203,-2.261,0.331,0.00
12.20229,-2.261,0.331,0.00
12.21244,-2.226,0.317,0.00
12.22260,-2.226,0.317,0.00
12.23276,-2.211,0.319,0.00
12.24292,-2.211,0.319,0.00
12.25311,-2.211,0.319,0.00
12.26326,-2.205,0.329,0.00
12.27398,-2.205,0.329,0.00
12.28413,-2.202,0.345,0.00
12.29428,-2.202,0.345,0.00
12.30444,-2.206,0.365,0.00
12.31480,-2.206,0.365,0.00
12.32517,-2.206,0.384,0.00
12.33551,-2.215,0.384,0.00
12.34617,-2.215,0.384,0.00
12.35652,-2.224,0.407,0.00
12.36668,-2.238,0.429,0.00
12.37683,-2.238,0.455,0.00
12.38758,-2.238,0.455,0.00
12.39777,-2.250,0.481,0.00
12.40792,-2.250,0.481,0.00
12.41828,-2.257,0.507,0.00
12.42845,-2.257,0.507,0.00
12.43909,-2.257,0.507,0.00
12.44927,-2.257,0.507,0.00
12.46026,-2.257,0.507,0.00
12.47053,-2.269,0.526,0.00
12.48069,-2.269,0.526,0.00
12.49084,-2.269,0.526,0.00
12.50104,-2.269,0.526,0.00
12.51119,-2.269,0.526,0.00
12.52148,-2.269,0.526,0.00
12.53165,-2.269,0.526,0.00
12.54179,-2.269,0.526,0.00
12.55211,-2.269,0.526,0.00
12.56227,-2.282,0.556,0.00
12.57245,-2.314,0.566,0.00
12.58267,-2.324,0.578,0.00
12.59283,-2.320,0.580,0.00
12.60303,-2.314,0.580,0.00
12.61350,-2.310,0.576,0.00
12.62410,-2.302,0.565,0.00
12.63450,-2.298,0.556,0.00
12.64475,-2.298,0.549,0.00
12.65505,-2.298,0.549,0.00
12.66538,-2.303,0.544,0.00
12.67571,-2.303,0.544,0.00
12.68606,-2.308,0.544,0.00
12.69698,-2.308,0.544,0.00
12.70714,-2.315,0.544,0.00
12.71735,-2.315,0.544,0.00
12.72753,-2.321,0.545,0.00
12.73774,-2.321,0.545,0.00
12.74794,-2.325,0.548,0.00
12.75810,-2.325,0.548,0.00
12.76826,-2.320,0.553,0.00
12.77850,-2.320,0.553,0.00
12.78900,-2.311,0.562,0.00
12.79937,-2.306,0.562,0.00
12.80952,-2.306,0.561,0.00
12.81977,-2.306,0.561,0.00
12.83020,-2.306,0.554,0.00
12.84052,-2.306,0.554,0.00
12.85082,-2.310,0.551,0.00
12.86099,-2.310,0.551,0.00
12.87122,-2.313,0.544,0.00
12.88138,-2.313,0.529,0.00
12.89158,-2.313,0.529,0.00
12.90175,-2.313,0.501,0.00
12.91289,-2.309,0.501,0.00
12.92309,-2.309,0.501,0.00
12.93324,-2.302,0.473,0.00
12.94340,-2.302,0.473,0.00
12.95357,-2.295,0.459,0.00
12.96382,-2.287,0.467,0.00
12.97400,-2.287,0.467,0.00
12.98415,-2.281,0.467,0.00
12.99430,-2.281,0.497,0.00
13.00445,-2.280,0.539,0.00
13.01490,-2.280,0.539,0.00
13.02503,-2.280,0.578,0.00
13.03519,-2.280,0.578,0.00
13.04535,-2.280,0.607,0.00
13.05550,-2.272,0.607,0.00
13.06596,-2.208,0.622,0.00
13.07612,-2.208,0.622,0.00
13.08627,-2.042,0.630,0.00
13.09668,-2.042,0.630,0.00
13.10702,-1.682,0.639,0.00
13.11735,-1.682,0.639,0.00
13.12751,-0.995,0.646,0.00
13.13859,-0.995,0.646,0.00
13.14891,0.002,0.652,0.00
13.15983,0.002,0.652,0.00
13.16998,1.879,0.655,0.00
13.18014,4.445,0.655,0.00
13.19054,4.445,0.659,0.00
13.20072,4.445,0.659,0.00
13.21101,6.435,0.664,0.00
13.22117,6.435,0.668,0.00
13.23133,7.750,0.668,0.00
13.24150,7.750,0.669,0.00
13.25166,8.760,0.669,0.00
13.26183,8.760,0.663,0.00
13.27664,10.118,0.663,0.00
13.28720,11.807,0.652,0.00
13.29795,11.807,0.652,0.00
13.30816,13.567,0.646,11.00
13.31889,13.567,0.646,11.00
13.32921,15.107,0.645,11.00
13.35610,16.420,0.643,11.50
13.36626,17.750,0.646,11.50
13.38835,17.750,0.646,11.50
13.39884,19.145,0.649,11.50
13.41959,20.464,0.665,11.50
13.43166,21.571,0.685,11.50
13.45663,22.434,0.685,11.50
13.46681,23.090,0.664,11.50
13.48374,23.090,0.612,11.50
13.49408,23.593,0.612,11.50
13.50462,23.974,0.537,11.50
13.51585,23.974,0.537,11.50
13.52603,24.192,0.454,11.50
13.53615,24.192,0.454,11.50
13.54796,24.162,0.372,11.50
13.55826,24.162,0.372,11.50
13.56857,23.852,0.298,11.50
13.58086,23.301,0.220,11.50
13.59115,23.301,0.220,11.50
13.60157,22.609,0.118,11.50
13.61229,22.609,0.118,11.50
13.62269,21.818,0.118,11.50
13.63358,21.818,0.045,11.50
13.64378,21.818,0.045,11.50
13.65397,20.895,-0.032,11.50
13.66430,20.895,-0.056,11.50
13.69191,18.732,-0.056,12.00
13.70292,17.570,-0.077,12.00
13.72324,17.570,-0.116,12.00
13.73342,16.320,-0.159,12.00
13.75723,14.992,-0.215,12.00
13.76741,13.653,-0.235,12.00
13.78802,12.345,-0.222,12.00
13.79825,12.345,-0.222,12.00
13.80843,11.008,-0.210,12.00
13.81983,11.008,-0.210,12.00
13.83005,9.570,-0.207,12.00
13.84043,9.570,-0.207,12.00
13.85273,9.570,-0.225,12.50
13.86291,8.073,-0.214,12.50
13.87306,6.571,-0.214,12.50
13.88443,5.119,-0.214,12.50
13.89459,5.119,-0.198,12.50
13.90474,3.767,-0.137,12.50
13.91568,3.767,-0.137,12.50
13.92601,3.767,-0.137,12.50
13.93619,2.496,-0.031,12.50
13.96395,-0.153,0.170,13.00
13.97438,-0.153,0.170,13.00
13.99575,-0.153,0.257,13.00
14.00594,-1.923,0.341,13.00
14.02823,-2.639,0.444,13.00
14.03993,-2.639,0.444,13.00
14.05977,-3.248,0.544,13.50
14.06999,-3.792,0.640,13.50
14.09242,-4.544,0.640,13.50
14.10271,-5.398,0.726,13.50
14.11285,-5.398,0.796,13.50
14.12394,-6.210,0.870,13.50
14.13443,-6.210,0.870,13.50
14.14497,-6.909,0.950,13.50
14.15619,-6.909,0.950,14.00
14.16643,-7.427,1.042,14.00
14.17658,-7.427,1.042,14.00
14.18813,-7.773,1.140,14.00
14.19902,-7.773,1.140,14.00
14.20917,-7.933,1.251,14.00
14.23634,-7.934,1.251,14.00
14.24651,-7.843,1.475,14.00
14.26911,-7.710,1.571,14.50
14.28095,-7.710,1.571,14.50
14.30003,-7.592,1.788,14.50
14.31019,-7.505,1.788,14.50
14.33197,-7.505,1.788,15.00
14.34249,-7.441,2.011,15.00
14.36429,-7.364,2.123,15.00
14.37461,-7.364,2.123,15.00
14.38516,-7.372,2.246,15.00
14.39601,-7.372,2.246,15.00
14.40623,-7.430,2.450,15.00
14.41664,-7.430,2.450,15.00
14.42801,-7.513,2.647,15.50
14.43817,-7.513,2.647,15.50
14.44833,-7.579,2.857,15.50
14.45962,-7.579,3.073,15.50
14.46979,-7.606,3.073,15.50
14.47997,-7.606,3.073,15.50
14.49115,-7.609,3.313,15.50
14.50133,-7.604,3.584,15.50
14.51149,-7.604,3.584,15.50
14.53996,-7.553,3.584,16.00
14.55246,-7.553,4.089,16.00
14.57282,-7.497,4.383,16.00
14.58314,-7.444,4.664,16.00
14.60486,-7.444,4.664,16.00
14.61503,-7.405,4.946,16.00
14.63580,-7.388,5.209,16.00
14.64618,-7.377,5.467,16.00
14.65640,-7.377,5.467,16.00
14.66796,-7.368,5.714,16.50
14.67994,-7.368,5.714,16.50
14.69011,-7.356,5.973,16.50
14.70048,-7.356,5.973,16.50
14.71071,-7.324,6.220,16.50
14.72087,-7.324,6.220,16.50
14.73113,-7.266,6.466,16.50
14.74132,-7.266,6.466,16.50
14.75154,-7.197,6.670,16.50
14.76346,-7.197,6.875,16.50
14.77379,-7.142,6.875,16.50
14.78396,-7.105,7.111,16.50
14.79625,-7.105,7.111,16.50
14.80645,-7.078,7.348,16.50
14.81666,-7.078,7.348,16.50
14.84406,-7.051,7.825,17.00
14.85470,-7.051,7.825,17.00
14.87519,-7.051,7.825,17.00
14.88532,-7.026,8.362,17.00
14.90820,-7.019,8.679,17.00
14.91868,-7.019,8.679,17.00
14.92888,-7.019,9.025,17.00
14.94078,-7.019,9.025,17.00
14.95109,-7.018,9.412,17.00
14.96126,-7.019,9.824,17.00
14.97252,-7.019,9.824,17.00
14.98273,-7.019,10.261,17.00
14.99306,-7.022,10.261,17.00
15.00381,-7.022,10.671,17.00
15.01402,-7.021,10.671,17.00
15.02418,-7.010,10.993,17.00
15.03569,-7.010,10.993,17.00
15.04585,-7.003,11.285,17.00
15.05601,-7.003,11.285,17.00
15.06755,-7.010,11.555,17.00
15.07784,-7.010,11.555,17.00
15.08800,-7.013,11.744,17.00
15.09830,-7.013,11.744,17.00
15.11554,-7.013,11.744,17.00
15.12571,-6.993,12.180,17.00
15.14726,-6.993,12.180,17.00
15.15745,-6.991,12.369,17.00
15.18300,-6.998,12.555,17.00
15.19317,-7.007,12.777,17.00
15.21121,-7.008,13.008,17.00
15.22138,-7.008,13.008,17.00
15.23154,-7.003,13.283,17.00
15.24389,-6.988,13.529,17.00
15.25636,-6.988,13.529,17.00
15.26671,-6.973,13.773,17.00
15.27698,-6.973,13.773,17.00
15.28713,-6.966,13.994,17.00
15.29729,-6.966,13.994,17.00
15.30770,-6.964,13.994,17.00
15.31904,-6.964,14.193,17.00
15.32923,-6.961,14.387,17.00
15.34317,-6.961,14.387,17.00
15.35337,-6.956,14.573,17.00
15.36353,-6.952,14.573,17.00
15.38819,-6.941,14.955,17.00
15.39925,-6.941,14.955,17.00
15.42113,-6.891,15.227,17.00
15.43169,-6.891,15.227,17.00
15.45176,-6.891,15.340,17.00
15.46193,-6.876,15.450,17.00
15.47226,-6.882,15.450,17.00
15.48381,-6.887,15.556,17.00
15.49421,-6.887,15.556,17.00
15.50453,-6.882,15.663,17.00
15.51525,-6.882,15.663,0.00
15.52543,-6.882,15.766,0.00
15.53576,-6.878,15.766,0.00
15.54608,-6.883,15.866,0.00
15.55639,-6.883,15.866,0.00
15.56654,-6.883,15.866,0.00
15.57670,-6.879,15.950,0.00
15.58686,-6.872,16.018,0.00
15.59702,-6.872,16.018,0.00
15.60772,-6.885,16.087,0.00
15.61795,-6.885,16.087,0.00
15.62812,-6.936,16.161,0.00
15.63844,-6.936,16.161,0.00
15.64859,-6.998,16.213,0.00
15.65961,-6.998,16.213,0.00
15.66978,-7.046,16.254,0.00
15.68100,-7.046,16.254,0.00
15.69114,-7.083,16.282,0.00
15.70130,-7.121,16.282,0.00
15.71146,-7.121,16.324,0.00
15.72168,-7.160,16.324,0.00
15.73192,-7.160,16.346,0.00
15.74208,-7.160,16.346,0.00
15.75224,-7.201,16.368,0.00
15.76282,-7.201,16.386,0.00
15.77411,-7.262,16.386,0.00
15.78429,-7.262,16.401,0.00
15.79449,-7.350,16.401,0.00
15.80464,-7.350,16.433,0.00
15.81493,-7.457,16.433,0.00
15.82524,-7.568,16.473,0.00
15.83538,-7.568,16.473,0.00
15.84553,-7.657,16.473,0.00
15.85568,-7.657,16.526,0.00
15.86585,-7.714,16.531,0.00
15.87600,-7.714,16.531,0.00
15.88616,-7.740,16.449,0.00
15.89632,-7.740,16.449,0.00
15.90648,-7.750,16.308,0.00
15.91667,-7.750,16.308,0.00
15.92682,-7.744,16.164,0.00
15.93698,-7.744,16.164,0.00
15.94715,-7.744,16.013,0.00
15.95731,-7.744,16.013,0.00
15.96746,-7.746,15.808,0.00
15.97763,-7.746,15.808,0.00
15.98779,-7.737,15.537,0.00
15.99801,-7.737,15.537,0.00
16.00827,-7.720,15.196,0.00
16.01892,-7.720,15.196,0.00
16.02908,-7.714,14.710,0.00
16.03983,-7.714,14.710,0.00
16.04999,-7.722,14.160,0.00
16.06016,-7.722,14.160,0.00
16.07050,-7.711,13.500,0.00
16.08075,-7.711,13.500,0.00
16.09100,-7.665,12.712,0.00
16.10133,-7.610,11.778,0.00
16.11212,-7.610,11.778,0.00
16.12229,-7.570,10.764,0.00
16.13359,-7.570,10.764,0.00
16.14408,-7.535,9.694,0.00
16.15463,-7.535,9.694,0.00
16.16603,-7.502,8.617,0.00
16.17623,-7.502,8.617,0.00
16.18658,-7.465,7.479,0.00
16.19705,-7.465,7.479,0.00
16.20788,-7.418,6.645,0.00
16.21849,-7.418,6.645,0.00
16.22847,-7.360,5.935,0.00
16.23876,-7.360,5.935,0.00
16.24892,-7.284,5.409,0.00
16.25930,-7.284,5.409,0.00
16.26938,-7.214,4.972,0.00
16.27954,-7.214,4.680,0.00
16.28970,-7.129,4.680,0.00
16.29991,-7.129,4.680,0.00
16.31018,-7.067,4.385,0.00
16.32033,-7.031,4.385,0.00
16.33056,-7.031,4.176,0.00
16.34072,-6.983,4.176,0.00
16.35129,-6.983,3.964,0.00
16.36149,-6.936,3.964,0.00
16.37165,-6.936,3.664,0.00
16.38181,-6.936,3.276,0.00
16.39205,-6.935,3.276,0.00
16.40229,-6.935,2.901,0.00
16.41246,-6.945,2.901,0.00
16.42265,-6.945,2.528,0.00
16.43293,-6.941,2.528,0.00
16.44311,-6.941,2.070,0.00
16.45327,-6.926,2.070,0.00
16.46343,-6.926,1.640,0.00
16.47381,-6.917,1.640,0.00
16.48417,-6.897,1.198,0.00
16.49443,-6.897,1.198,0.00
16.50460,-6.853,0.746,0.00
16.51476,-6.853,0.746,0.00
16.52535,-6.778,0.198,0.00
16.53551,-6.778,0.198,0.00
16.54567,-6.712,-0.149,0.00
16.55583,-6.712,-0.149,0.00
16.56600,-6.672,-0.323,0.00
16.57616,-6.672,-0.323,0.00
16.58656,-6.679,-0.285,0.00
16.59689,-6.679,-0.285,0.00
16.60725,-6.712,-0.008,0.00
16.61752,-6.712,-0.008,0.00
16.62771,-6.753,0.476,0.00
16.63786,-6.753,0.476,0.00
16.64803,-6.795,1.020,0.00
16.65819,-6.795,1.020,0.00
16.66835,-6.849,1.604,0.00
16.67863,-6.849,1.604,0.00
16.68880,-6.896,2.159,0.00
16.69902,-6.896,2.159,0.00
16.70918,-6.909,2.526,0.00
16.71997,-6.909,2.526,0.00
16.73012,-6.902,2.798,0.00
16.74098,-6.902,2.798,0.00
16.75123,-6.909,3.044,0.00
16.76145,-6.909,3.044,0.00
16.77173,-6.947,3.270,0.00
16.78182,-6.947,3.270,0.00
16.79196,-7.003,3.353,0.00
16.80211,-7.054,3.376,0.00
16.81227,-7.054,3.376,0.00
16.82251,-7.095,3.317,0.00
16.83288,-7.095,3.317,0.00
16.84321,-7.127,3.214,0.00
16.85350,-7.127,3.214,0.00
16.86367,-7.150,3.214,0.00
16.87382,-7.150,3.100,0.00
16.88398,-7.164,2.955,0.00
16.89413,-7.164,2.955,0.00
16.90443,-7.182,2.755,0.00
16.91478,-7.182,2.755,0.00
16.92527,-7.213,2.509,0.00
16.93564,-7.213,2.509,0.00
16.94580,-7.251,2.243,0.00
16.95596,-7.251,2.243,0.00
16.96611,-7.278,1.989,0.00
16.97631,-7.278,1.989,0.00
16.98677,-7.300,1.769,0.00
16.99698,-7.300,1.769,0.00
17.00715,-7.337,1.542,0.00
17.01756,-7.337,1.542,0.00
17.02867,-7.386,1.340,0.00
17.04062,-7.386,1.340,0.00
17.05660,-7.386,1.340,0.00
17.07118,-7.489,1.146,0.00
17.08251,-7.489,1.146,0.00
17.09557,-7.527,1.146,0.00
17.10679,-7.562,0.798,0.00
17.11702,-7.562,0.653,0.00
17.12834,-7.589,0.653,0.00
17.13980,-7.598,0.653,0.00
17.15661,-7.598,0.368,0.00
17.16817,-7.597,0.368,0.00
17.17852,-7.597,0.157,0.00
17.20093,-7.594,0.032,0.00
17.23427,-7.604,-0.252,0.00
17.25020,-7.604,-0.362,0.00
17.26771,-7.637,-0.474,0.00
17.28853,-7.637,-0.474,0.00
17.32680,-7.643,-0.746,0.00
17.33763,-7.645,-0.746,0.00
17.35013,-7.637,-0.800,0.00
17.36078,-7.637,-0.800,0.00
17.38803,-7.602,-0.872,0.00
17.39878,-7.602,-0.872,0.00
17.41008,-7.589,-0.872,0.00
17.42030,-7.589,-0.894,0.00
17.43101,-7.589,-0.894,0.00
17.45702,-7.591,-0.917,0.00
17.47316,-7.595,-0.925,0.00
17.48406,-7.595,-0.925,0.00
17.51678,-7.600,-0.923,0.00
17.53309,-7.594,-0.917,0.00
17.54439,-7.594,-0.917,0.00
17.56360,-7.603,-0.917,0.00
17.58053,-7.603,-0.904,0.00
17.59948,-7.633,-0.878,0.00
17.60969,-7.633,-0.878,0.00
17.62129,-7.633,-0.854,0.00
17.63702,-7.642,-0.854,0.00
17.64810,-7.642,-0.836,0.00
17.65879,-7.642,-0.811,0.00
17.66962,-7.641,-0.811,0.00
17.69048,-7.632,-0.811,0.00
17.71505,-7.610,-0.772,0.00
17.72575,-7.610,-0.772,0.00
17.74812,-7.574,-0.778,0.00
17.75893,-7.529,-0.778,0.00
17.77119,-7.500,-0.778,0.00
17.78152,-7.500,-0.778,0.00
17.79529,-7.496,-0.812,0.00
17.80550,-7.496,-0.812,0.00
17.81744,-7.498,-0.833,0.00
17.82887,-7.485,-0.833,0.00
17.84019,-7.485,-0.833,0.00
17.85149,-7.454,-0.857,0.00
17.86190,-7.422,-0.857,0.00
17.88386,-7.422,-0.929,0.00
17.90154,-7.398,-0.929,0.00
17.91857,-7.376,-0.957,0.00
17.93495,-7.365,-0.986,0.00
17.94601,-7.365,-1.017,0.00
17.95987,-7.360,-1.017,0.00
17.97318,-7.349,-1.050,0.00
17.98907,-7.324,-1.087,0.00
18.01052,-7.289,-1.087,0.00
18.02160,-7.289,-1.087,0.00
18.09212,-7.289,-1.127,0.00
18.10247,-7.120,-1.136,0.00
18.17656,-6.967,-1.102,0.00
18.18674,-6.929,-1.084,0.00
18.19776,0.665,-1.084,0.00
18.20795,0.701,-0.254,0.00
18.21810,0.701,-0.254,0.00
18.22837,0.701,-0.254,0.00
18.23876,0.701,-0.254,0.00
18.24895,0.701,-0.236,0.00
18.25913,0.795,-0.223,0.00
18.26939,0.836,-0.212,0.00
18.27955,0.836,-0.197,0.00
18.28990,0.864,-0.197,0.00
18.30006,0.864,-0.197,0.00
18.31025,0.882,-0.186,0.00
18.32046,0.882,-0.186,0.00
18.33061,0.918,-0.181,0.00
18.34077,0.918,-0.181,0.00
18.35109,0.957,-0.172,0.00
18.36122,0.957,-0.172,0.00
18.37146,0.983,-0.165,0.00
18.38162,0.998,-0.158,0.00
18.39195,0.998,-0.158,0.00
18.40242,0.998,-0.158,0.00
18.41313,1.011,-0.154,0.00
18.42346,1.024,-0.149,0.00
18.43362,1.024,-0.149,0.00
18.44378,1.024,-0.149,0.00
18.45394,1.038,-0.138,0.00
18.46409,1.053,-0.127,0.00
18.47521,1.053,-0.127,0.00
18.48542,1.053,-0.127,0.00
18.49571,1.057,-0.119,0.00
18.50586,1.052,-0.110,0.00
18.51602,1.052,-0.110,0.00
18.52618,1.041,-0.103,0.00
18.53650,1.041,-0.103,0.00
18.54665,1.034,-0.099,0.00
18.55681,1.034,-0.099,0.00
18.56697,1.038,-0.096,0.00
18.57722,1.038,-0.096,0.00
18.58745,1.047,-0.099,0.00
18.59771,1.047,-0.099,0.00
18.60788,1.049,-0.106,0.00
18.61818,1.049,-0.106,0.00
18.62823,1.048,-0.117,0.00
18.63846,1.048,-0.117,0.00
18.64861,1.056,-0.133,0.00
18.65933,1.056,-0.133,0.00
18.66949,1.076,-0.149,0.00
18.67964,1.076,-0.164,0.00
18.68979,1.103,-0.164,0.00
18.69995,1.103,-0.164,0.00
18.71021,1.134,-0.179,0.00
18.72054,1.134,-0.179,0.00
18.73084,1.169,-0.194,0.00
18.74109,1.213,-0.194,0.00
18.75124,1.213,-0.209,0.00
18.76146,1.256,-0.209,0.00
18.77172,1.256,-0.224,0.00
18.78195,1.256,-0.236,0.00
18.79216,1.299,-0.236,0.00
18.80242,1.299,-0.244,0.00
18.81271,1.340,-0.244,0.00
18.82287,1.340,-0.249,0.00
18.83304,1.382,-0.249,0.00
18.84319,1.424,-0.254,0.00
18.85334,1.424,-0.254,0.00
18.86358,1.445,-0.254,0.00
18.87384,1.445,-0.256,0.00
18.88400,1.465,-0.261,0.00
18.89420,1.465,-0.261,0.00
18.90441,1.487,-0.261,0.00
18.91456,1.487,-0.258,0.00
18.92471,1.508,-0.258,0.00
18.93486,1.508,-0.257,0.00
18.94501,1.519,-0.257,0.00
18.95517,1.519,-0.257,0.00
18.96532,1.530,-0.258,0.00
18.97548,1.530,-0.258,0.00
18.98564,1.543,-0.263,0.00
18.99580,1.543,-0.263,0.00
19.00596,1.554,-0.265,0.00
19.01612,1.554,-0.265,0.00
19.02627,1.548,-0.269,0.00
19.03653,1.548,-0.269,0.00
19.04669,1.535,-0.280,0.00
19.05687,1.535,-0.280,0.00
19.06711,1.522,-0.287,0.00
19.07733,1.522,-0.287,0.00
19.08757,1.507,-0.294,0.00
19.09830,1.507,-0.294,0.00
19.10859,1.492,-0.309,0.00
19.11893,1.492,-0.309,0.00
19.13057,1.484,-0.323,0.00
19.14077,1.484,-0.323,0.00
19.15096,1.478,-0.340,0.00
19.16110,1.469,-0.340,0.00
19.17172,1.469,-0.356,0.00
19.18196,1.460,-0.356,0.00
19.19241,1.460,-0.372,0.00
19.20250,1.460,-0.390,0.00
19.21302,1.457,-0.390,0.00
19.22321,1.457,-0.406,0.00
19.23336,1.457,-0.406,0.00
19.24371,1.459,-0.421,0.00
19.25386,1.459,-0.421,0.00
19.26403,1.451,-0.421,0.00
19.27418,1.451,-0.439,0.00
19.28435,1.451,-0.452,0.00
19.29456,1.446,-0.452,0.00
19.30472,1.448,-0.465,0.00
19.31488,1.448,-0.465,0.00
19.32599,1.456,-0.475,0.00
19.33618,1.456,-0.475,0.00
19.34652,1.465,-0.485,0.00
19.35668,1.465,-0.485,0.00
19.36684,1.468,-0.496,0.00
19.37709,1.468,-0.496,0.00
19.38725,1.465,-0.507,0.00
19.39739,1.465,-0.507,0.00
19.40754,1.467,-0.514,0.00
19.41821,1.467,-0.514,0.00
19.42835,1.474,-0.522,0.00
19.43851,1.474,-0.522,0.00
19.44882,1.476,-0.527,0.00
19.45897,1.476,-0.527,0.00
19.46966,1.466,-0.531,0.00
19.47982,1.466,-0.531,0.00
19.48998,1.460,-0.535,0.00
19.50068,1.460,-0.535,0.00
19.51124,1.473,-0.539,0.00
19.52140,1.473,-0.539,0.00
19.53170,1.498,-0.542,0.00
19.54250,1.498,-0.542,0.00
19.55282,1.512,-0.546,0.00
19.56298,1.511,-0.547,0.00
19.57313,1.511,-0.547,0.00
19.58329,1.511,-0.547,0.00
19.59345,1.511,-0.547,0.00
19.60361,1.510,-0.549,0.00
19.61414,1.513,-0.550,0.00
19.62460,1.515,-0.552,0.00
19.63476,1.515,-0.552,0.00
19.64493,1.515,-0.554,0.00
19.65510,1.519,-0.554,0.00
19.66525,1.524,-0.556,0.00
19.67541,1.524,-0.556,0.00
19.68564,1.524,-0.556,0.00
19.69592,1.524,-0.556,0.00
19.70640,1.524,-0.556,0.00
19.71671,1.524,-0.556,0.00
19.72702,1.524,-0.556,0.00
19.73742,1.524,-0.556,0.00
19.74782,1.524,-0.556,0.00
19.75880,1.529,-0.554,0.00
19.76896,1.530,-0.552,0.00
19.77932,1.534,-0.551,0.00
19.78966,1.594,-0.550,0.00
19.79981,1.594,-0.545,0.00
19.80997,1.594,-0.545,0.00
19.82021,1.594,-0.545,0.00
19.83059,1.594,-0.545,0.00
19.84078,1.594,-0.545,0.00
19.85097,1.594,-0.545,0.00
19.86115,1.594,-0.545,0.00
19.87129,1.594,-0.545,0.00
19.88271,1.594,-0.545,0.00
19.89293,1.896,-0.534,0.00
19.90309,2.164,-0.529,0.00
19.91340,3.231,-0.523,0.00
19.92362,3.926,-0.517,0.00
19.93394,4.646,-0.512,0.00
19.94433,4.646,-0.506,0.00
19.95476,4.646,-0.506,0.00
19.96512,4.646,-0.506,0.00
19.97546,4.646,-0.506,0.00
19.98577,4.646,-0.506,0.00
19.99610,4.646,-0.506,0.00
20.00665,4.646,-0.506,0.00
20.01688,4.646,-0.506,0.00
20.02765,5.811,-0.500,0.00
20.03812,6.654,-0.485,0.00
20.04829,7.755,-0.479,0.00
20.05845,8.863,-0.471,0.00
20.06861,9.874,-0.463,0.00
20.08079,10.933,-0.455,0.00
20.09256,12.171,-0.455,0.00
20.10274,13.517,-0.447,0.00
20.11316,13.517,-0.441,0.00
20.12373,13.517,-0.441,11.00
20.13399,13.517,-0.441,11.00
20.14441,16.409,-0.438,11.00
20.15540,16.409,-0.444,11.00
20.16559,17.903,-0.439,11.00
20.17574,17.903,-0.439,11.00
20.18795,19.430,-0.457,11.00
20.19894,21.024,-0.457,11.00
20.20912,21.024,-0.474,11.00
20.23561,22.638,-0.474,11.00
20.24595,24.237,-0.532,11.00
20.26767,25.830,-0.532,11.00
20.27818,25.830,-0.563,11.00
20.30068,27.350,-0.600,11.00
20.31084,28.765,-0.642,11.00
20.33141,28.765,-0.642,11.00
20.34158,31.350,-0.690,11.00
20.35178,31.350,-0.737,11.00
20.36392,32.534,-0.772,11.00
20.37453,32.534,-0.772,11.00
20.38483,33.488,-0.802,11.00
20.39580,33.488,-0.802,11.00
20.40619,34.087,-0.830,11.00
20.41653,34.087,-0.830,11.00
20.42906,34.367,-0.849,11.00
20.43921,34.367,-0.849,11.00
20.44937,34.443,-0.890,11.00
20.45959,34.443,-0.890,11.00
20.46984,34.360,-1.002,11.00
20.48096,34.360,-1.002,11.00
20.49153,34.027,-1.120,11.50
20.50168,34.027,-1.120,11.50
20.51184,33.364,-1.259,11.50
20.54197,31.254,-1.407,11.50
20.55296,31.254,-1.535,11.50
20.57150,31.254,-1.706,11.50
20.58186,28.702,-1.894,11.50
20.60393,27.260,-2.082,11.50
20.61421,27.260,-2.082,11.50
20.63901,25.584,-2.268,11.50
20.64919,23.785,-2.445,11.50
20.66814,21.905,-2.595,12.00
20.67928,19.937,-2.595,12.00
20.69907,19.937,-2.702,12.00
20.70953,17.913,-2.794,12.00
20.71975,17.913,-2.794,12.00
20.73256,15.878,-2.853,12.50
20.74274,13.993,-2.853,12.50
20.75306,13.993,-2.901,12.50
20.78028,12.390,-2.918,12.50
20.79048,11.010,-2.918,12.50
20.81165,9.687,-2.918,13.00
20.82200,8.464,-2.893,13.00
20.84338,8.464,-2.855,13.50
20.85354,7.258,-2.800,13.50
20.86370,6.346,-2.800,13.50
20.87561,6.346,-2.733,14.00
20.88578,5.691,-2.650,14.00
20.89600,5.691,-2.650,14.00
20.90762,4.981,-2.650,14.50
20.91860,4.981,-2.554,14.50
20.92878,4.288,-2.483,14.50
20.94041,4.288,-2.483,15.00
20.95090,3.651,-2.410,15.00
20.96133,3.651,-2.340,15.00
20.97186,2.997,-2.340,15.50
20.98250,2.997,-2.265,15.50
20.99275,2.532,-2.265,15.50
21.01969,2.267,-2.265,16.50
21.03004,2.201,-2.168,16.50
21.05209,2.299,-2.133,17.00
21.06382,2.470,-2.133,17.00
21.08309,2.470,-2.133,18.00
21.09328,2.550,-2.153,18.00
21.11600,2.543,-2.198,18.50
21.12617,2.472,-2.259,18.50
21.13635,2.472,-2.259,18.50
21.14848,2.387,-2.323,19.50
21.15951,2.387,-2.323,19.50
21.16966,2.392,-2.389,19.50
21.18025,2.417,-2.430,20.00
21.19046,2.417,-2.430,20.00
21.20062,2.417,-2.430,20.00
21.21187,2.384,-2.464,20.50
21.22218,2.335,-2.487,20.50
21.23263,2.335,-2.487,20.50
21.24374,2.335,-2.474,21.00
21.25449,2.305,-2.474,21.00
21.26476,2.290,-2.429,21.00
21.29106,2.290,-2.429,21.50
21.30151,2.312,-2.366,21.50
21.32388,2.317,-2.144,22.00
21.33407,2.317,-2.144,22.00
21.35518,2.317,-2.144,22.00
21.36534,2.200,-1.966,22.00
21.38809,2.134,-1.712,22.50
21.39890,2.134,-1.304,22.50
21.41949,2.108,-0.858,22.50
21.42982,2.137,-0.351,22.50
21.44013,2.177,-0.351,22.50
21.45159,2.177,0.199,22.50
21.46196,2.177,0.199,22.50
21.47240,2.177,0.776,22.50
21.48367,2.160,0.776,23.00
21.49402,2.160,1.369,23.00
21.50452,2.171,1.990,23.00
21.51551,2.171,1.990,23.00
21.52584,2.216,2.625,23.00
21.53600,2.216,2.625,23.00
21.54865,2.245,3.365,23.00
21.55976,2.245,3.365,23.00
21.56994,2.246,4.043,23.00
21.59597,2.218,4.718,23.00
21.60614,2.189,5.401,23.00
21.62817,2.189,6.076,23.00
21.63861,2.183,6.076,23.00
21.66098,2.191,6.759,23.50
21.67114,2.191,7.442,23.50
21.68130,2.191,7.442,23.50
21.69181,2.194,8.129,23.50
21.70219,2.196,8.897,23.50
21.71244,2.196,8.897,23.50
21.72514,2.196,9.567,23.50
21.73533,2.179,9.567,23.50
21.74688,2.134,10.230,23.50
21.75703,2.134,10.230,23.50
21.76719,2.095,10.870,23.50
21.77743,2.095,10.870,23.50
21.78783,2.080,11.473,23.50
21.79819,2.080,11.473,23.50
21.80835,2.093,12.039,23.50
21.83561,2.118,12.039,23.50
21.84578,2.134,13.122,23.50
21.87081,2.134,13.780,23.50
21.88087,2.140,14.483,23.50
21.90017,2.130,14.483,23.50
21.91016,2.121,15.309,23.50
21.93313,2.114,15.309,23.50
21.94330,2.102,16.153,23.50
21.95346,2.102,17.001,23.50
21.96362,2.088,17.001,23.50
21.97381,2.088,17.671,23.50
21.98399,2.085,18.169,23.50
21.99605,2.085,18.169,23.50
22.00621,2.108,18.543,23.50
22.01668,2.108,18.543,23.50
22.02793,2.152,18.892,23.50
22.03933,2.152,18.892,23.50
22.04972,2.196,19.280,23.50
22.05992,2.196,19.630,23.50
22.07028,2.226,19.630,23.50
22.08045,2.226,19.630,23.50
22.09325,2.239,19.991,23.50
22.10341,2.253,20.347,23.50
22.11381,2.253,20.347,23.50
22.14105,2.253,20.347,23.50
22.15124,2.293,21.116,23.50
22.17102,2.293,21.116,23.50
22.18120,2.325,21.847,23.50
22.20355,2.347,22.192,23.50
22.21373,2.365,22.192,23.50
22.23549,2.379,22.192,23.50
22.24581,2.399,22.776,23.50
22.25670,2.399,22.776,23.50
22.26755,2.399,23.065,23.50
22.27787,2.403,23.065,23.50
22.28809,2.380,23.357,23.50
22.29849,2.380,23.357,0.00
22.30871,2.363,23.619,0.00
22.32007,2.363,23.619,0.00
22.33112,2.372,23.883,0.00
22.34119,2.372,23.883,0.00
22.35146,2.390,24.141,0.00
22.36190,2.390,24.141,0.00
22.37215,2.403,24.407,0.00
22.38269,2.377,24.671,0.00
22.39290,2.377,24.671,0.00
22.40324,2.258,24.671,0.00
22.41338,2.258,24.959,0.00
22.42354,2.067,25.307,0.00
22.43370,2.067,25.307,0.00
22.44386,1.902,25.694,0.00
22.45416,1.902,25.694,0.00
22.46431,1.863,26.089,0.00
22.47469,1.863,26.089,0.00
22.48484,1.888,26.527,0.00
22.49501,1.888,26.527,0.00
22.50517,1.888,26.527,0.00
22.51533,1.910,26.894,0.00
22.52602,1.918,27.287,0.00
22.53617,1.918,27.287,0.00
22.54727,1.940,27.552,0.00
22.55747,1.940,27.552,0.00
22.56764,1.957,27.800,0.00
22.57780,1.957,27.800,0.00
22.58800,1.923,28.081,0.00
22.59821,1.923,28.081,0.00
22.60837,1.862,28.282,0.00
22.61946,1.862,28.282,0.00
22.62963,1.819,28.474,0.00
22.63990,1.819,28.474,0.00
22.65012,1.796,28.611,0.00
22.66028,1.787,28.611,0.00
22.67072,1.787,28.597,0.00
22.68096,1.787,28.597,0.00
22.69143,1.793,28.415,0.00
22.70160,1.801,28.195,0.00
22.71244,1.801,28.195,0.00
22.72298,1.801,28.195,0.00
22.73377,1.791,27.945,0.00
22.74392,1.766,27.672,0.00
22.75407,1.766,27.672,0.00
22.76427,1.742,27.377,0.00
22.77483,1.742,27.377,0.00
22.78498,1.729,27.106,0.00
22.79514,1.729,27.106,0.00
22.80531,1.714,26.901,0.00
22.81548,1.714,26.901,0.00
22.82564,1.708,26.742,0.00
22.83596,1.708,26.742,0.00
22.84611,1.708,26.742,0.00
22.85627,1.739,26.563,0.00
22.86644,1.781,26.432,0.00
22.87659,1.781,26.432,0.00
22.88695,1.788,26.309,0.00
22.89752,1.788,26.309,0.00
22.90760,1.748,26.197,0.00
22.91854,1.748,26.197,0.00
22.92894,1.707,26.117,0.00
22.93922,1.707,26.117,0.00
22.94936,1.693,26.069,0.00
22.95950,1.693,26.069,0.00
22.96965,1.682,26.033,0.00
22.97981,1.682,26.033,0.00
22.98996,1.655,25.997,0.00
23.00026,1.655,25.997,0.00
23.01053,1.631,25.955,0.00
23.02070,1.631,25.955,0.00
23.03085,1.625,25.904,0.00
23.04168,1.625,25.904,0.00
23.05183,1.634,25.833,0.00
23.06199,1.634,25.833,0.00
23.07216,1.634,25.833,0.00
23.08253,1.634,25.833,0.00
23.09269,1.702,25.613,0.00
23.10286,1.702,25.613,0.00
23.11301,1.772,25.461,0.00
23.12337,1.856,25.461,0.00
23.13374,1.856,25.270,0.00
23.14395,1.946,24.989,0.00
23.15410,1.946,24.989,0.00
23.16426,2.069,24.521,0.00
23.17448,2.069,24.521,0.00
23.18466,2.186,23.973,0.00
23.19494,2.186,23.973,0.00
23.20510,2.296,23.346,0.00
23.21526,2.296,23.346,0.00
23.22579,2.411,22.610,0.00
23.23595,2.411,22.610,0.00
23.24628,2.505,21.720,0.00
23.25648,2.505,21.720,0.00
23.26664,2.646,20.671,0.00
23.27679,2.646,20.671,0.00
23.28696,2.867,19.514,0.00
23.29728,2.867,19.514,0.00
23.30743,3.124,18.260,0.00
23.31760,3.124,18.260,0.00
23.32802,3.393,16.779,0.00
23.33863,3.393,16.779,0.00
23.34880,3.645,15.401,0.00
23.35895,3.645,15.401,0.00
23.36911,3.848,14.006,0.00
23.37928,3.848,14.006,0.00
23.38944,3.848,14.006,0.00
23.39959,3.848,14.006,0.00
23.40975,4.088,12.608,0.00
23.41991,4.088,12.608,0.00
23.43014,4.088,12.608,0.00
23.44035,4.216,11.260,0.00
23.45052,4.342,9.914,0.00
23.46068,4.342,9.914,0.00
23.47085,4.456,8.632,0.00
23.48107,4.456,8.632,0.00
23.49123,4.525,7.528,0.00
23.50139,4.525,7.528,0.00
23.51161,4.551,6.487,0.00
23.52317,4.551,6.487,0.00
23.53337,4.516,5.289,0.00
23.54353,4.463,4.272,0.00
23.55368,4.463,4.272,0.00
23.56398,4.404,3.237,0.00
23.57455,4.404,3.237,0.00
23.58471,4.362,2.148,0.00
23.59507,4.362,2.148,0.00
23.60542,4.311,0.983,0.00
23.61559,4.311,0.983,0.00
23.62646,4.236,-0.036,0.00
23.63665,4.236,-0.036,0.00
23.64680,4.169,-0.729,0.00
23.65696,4.169,-0.729,0.00
23.66735,4.081,-0.940,0.00
23.67750,4.081,-0.940,0.00
23.68792,3.997,-0.484,0.00
23.69846,3.997,-0.484,0.00
23.70847,3.933,1.544,0.00
23.71868,3.933,1.544,0.00
23.72885,3.868,2.800,0.00
23.73957,3.868,2.800,0.00
23.74976,3.791,3.993,0.00
23.76086,3.791,3.993,0.00
23.77100,3.712,5.037,0.00
23.78118,3.712,5.037,0.00
23.79145,3.632,5.847,0.00
23.80465,3.632,5.847,0.00
23.81665,3.547,6.383,0.00
23.82738,3.452,6.804,0.00
23.83756,3.452,6.804,0.00
23.84850,3.355,7.035,0.00
23.85866,3.355,7.035,0.00
23.86903,3.355,7.101,0.00
23.87942,3.131,7.101,0.00
23.89012,3.131,7.108,0.00
23.90050,3.131,7.108,0.00
23.91099,3.027,7.076,0.00
23.92508,3.027,7.027,0.00
23.93552,2.906,7.027,0.00
23.94601,2.810,7.027,0.00
23.97188,2.743,6.918,0.00
23.98301,2.743,6.483,0.00
23.99517,2.694,6.483,0.00
24.00595,2.665,6.254,0.00
24.01972,2.665,6.254,0.00
24.04017,2.646,6.010,0.00
24.05597,2.614,5.725,0.00
24.06725,2.614,5.725,0.00
24.07767,2.614,5.725,0.00
24.09393,2.572,5.105,0.00
24.10417,2.572,5.105,0.00
24.12011,2.552,4.769,0.00
24.13583,2.516,4.421,0.00
24.14630,2.516,4.025,0.00
24.15729,2.485,4.025,0.00
24.16771,2.459,4.025,0.00
24.18343,2.438,3.671,0.00
24.19925,2.438,3.281,0.00
24.20966,2.438,2.860,0.00
24.22029,2.419,2.860,0.00
24.23305,2.405,2.430,0.00
24.24871,2.403,2.017,0.00
24.26462,2.401,1.712,0.00
24.27518,2.401,1.712,0.00
24.28683,2.387,1.478,0.00
24.29741,2.387,1.478,0.00
24.30900,2.368,1.300,0.00
24.31943,2.368,1.124,0.00
24.33072,2.373,1.124,0.00
24.34656,2.373,0.943,0.00
24.35748,2.396,0.943,0.00
24.37022,2.396,0.772,0.00
24.39246,2.449,0.640,0.00
24.40659,2.473,0.640,0.00
24.41679,2.473,0.547,0.00
24.42757,2.473,0.547,0.00
24.45028,2.473,0.493,0.00
24.46179,2.478,0.459,0.00
24.48049,2.478,0.459,0.00
24.49203,2.478,0.473,0.00
24.50296,2.487,0.498,0.00
24.51333,2.496,0.498,0.00
24.52381,2.496,0.498,0.00
24.53447,2.496,0.498,0.00
24.54604,2.508,0.566,0.00
24.55619,2.508,0.566,0.00
24.57695,2.515,0.566,0.00
24.59227,2.515,0.607,0.00
24.60804,2.507,0.647,0.00
24.62969,2.507,0.734,0.00
24.64512,2.493,0.734,0.00
24.65614,2.480,0.734,0.00
24.66662,2.480,0.791,0.00
24.68605,2.480,0.816,0.00
24.69632,2.479,0.816,0.00
24.70690,2.479,0.833,0.00
24.72277,2.470,0.833,0.00
24.73314,2.474,0.833,0.00
24.74387,2.474,0.841,0.00
24.75452,2.481,0.841,0.00
24.77022,2.477,0.840,0.00
24.78667,2.477,0.840,0.00
24.84681,2.461,0.830,0.00
24.85728,2.468,0.779,0.00
24.90823,2.468,0.779,0.00
24.91898,2.482,0.735,0.00
24.92912,0.020,-0.759,0.00
24.93927,0.020,-0.759,0.00
24.94941,0.051,-0.774,0.00
24.95967,0.051,-0.774,0.00
24.96983,0.075,-0.788,0.00
24.97999,0.075,-0.788,0.00
24.99014,0.075,-0.788,0.00
25.00028,0.091,-0.797,0.00
25.01048,0.100,-0.806,0.00
25.02066,0.100,-0.806,0.00
25.03081,0.107,-0.811,0.00
25.04104,0.107,-0.811,0.00
25.05125,0.120,-0.814,0.00
25.06141,0.120,-0.813,0.00
25.07167,0.122,-0.813,0.00
25.08183,0.122,-0.813,0.00
25.09199,0.122,-0.813,0.00
25.10256,0.108,-0.809,0.00
25.11278,0.110,-0.801,0.00
25.12316,0.130,-0.794,0.00
25.13370,0.130,-0.794,0.00
25.14386,0.137,-0.789,0.00
25.15454,0.137,-0.789,0.00
25.16492,0.111,-0.783,0.00
25.17523,0.111,-0.783,0.00
25.18543,0.067,-0.780,0.00
25.19558,0.067,-0.780,0.00
25.20573,0.046,-0.776,0.00
25.21588,0.046,-0.776,0.00
25.22607,0.031,-0.775,0.00
25.23616,0.031,-0.775,0.00
25.24640,0.031,-0.775,0.00
25.25656,0.031,-0.775,0.00
25.26672,-0.003,-0.776,0.00
25.27696,-0.034,-0.772,0.00
25.28722,-0.040,-0.767,0.00
25.29742,-0.040,-0.767,0.00
25.30852,-0.044,-0.763,0.00
25.31906,-0.044,-0.763,0.00
25.32905,-0.062,-0.765,0.00
25.33919,-0.062,-0.765,0.00
25.34935,-0.062,-0.765,0.00
25.35994,-0.062,-0.765,0.00
25.37009,-0.100,-0.779,0.00
25.38023,-0.100,-0.779,0.00
25.39060,-0.100,-0.787,0.00
25.40076,-0.103,-0.787,0.00
25.41104,-0.103,-0.794,0.00
25.42127,-0.103,-0.794,0.00
25.43143,-0.110,-0.804,0.00
25.44208,-0.110,-0.804,0.00
25.45270,-0.113,-0.815,0.00
25.46288,-0.115,-0.817,0.00
25.47307,-0.115,-0.817,0.00
25.48361,-0.117,-0.822,0.00
25.49393,-0.117,-0.822,0.00
25.50451,-0.126,-0.826,0.00
25.51466,-0.126,-0.826,0.00
25.52490,-0.136,-0.830,0.00
25.53581,-0.136,-0.830,0.00
25.54672,-0.150,-0.837,0.00
25.55691,-0.150,-0.837,0.00
25.56721,-0.168,-0.840,0.00
25.57756,-0.168,-0.840,0.00
25.58790,-0.193,-0.846,0.00
25.59859,-0.193,-0.846,0.00
25.60901,-0.214,-0.854,0.00
25.61934,-0.214,-0.854,0.00
25.62949,-0.221,-0.864,0.00
25.63965,-0.221,-0.864,0.00
25.64984,-0.233,-0.876,0.00
25.66004,-0.233,-0.876,0.00
25.67020,-0.242,-0.890,0.00
25.68051,-0.257,-0.890,0.00
25.69067,-0.257,-0.905,0.00
25.70082,-0.257,-0.905,0.00
25.71185,-0.257,-0.905,0.00
25.72209,-0.292,-0.941,0.00
25.73264,-0.292,-0.941,0.00
25.74343,-0.292,-0.941,0.00
25.75447,-0.295,-0.962,0.00
25.76464,-0.300,-0.991,0.00
25.77480,-0.300,-0.991,0.00
25.78495,-0.319,-1.019,0.00
25.79516,-0.319,-1.019,0.00
25.80548,-0.333,-1.047,0.00
25.81560,-0.333,-1.047,0.00
25.82576,-0.330,-1.073,0.00
25.83603,-0.330,-1.073,0.00
25.84617,-0.324,-1.099,0.00
25.85634,-0.324,-1.099,0.00
25.86652,-0.324,-1.128,0.00
25.87682,-0.324,-1.128,0.00
25.88763,-0.332,-1.156,0.00
25.89778,-0.332,-1.156,0.00
25.90794,-0.334,-1.181,0.00
25.91869,-0.334,-1.181,0.00
25.92885,-0.326,-1.204,0.00
25.93918,-0.326,-1.221,0.00
25.94933,-0.322,-1.221,0.00
25.95948,-0.322,-1.221,0.00
25.96977,-0.324,-1.231,0.00
25.97993,-0.324,-1.231,0.00
25.99008,-0.320,-1.239,0.00
26.00022,-0.320,-1.239,0.00
26.01057,-0.319,-1.244,0.00
26.02074,-0.319,-1.244,0.00
26.03106,-0.319,-1.246,0.00
26.04120,-0.322,-1.248,0.00
26.05137,-0.322,-1.248,0.00
26.06162,-0.332,-1.248,0.00
26.07180,-0.332,-1.249,0.00
26.08196,-0.338,-1.249,0.00
26.09225,-0.338,-1.249,0.00
26.10250,-0.343,-1.243,0.00
26.11320,-0.343,-1.243,0.00
26.12335,-0.345,-1.238,0.00
26.13363,-0.345,-1.238,0.00
26.14378,-0.345,-1.240,0.00
26.15394,-0.342,-1.240,0.00
26.16410,-0.342,-1.243,0.00
26.17426,-0.341,-1.243,0.00
26.18442,-0.346,-1.246,0.00
26.19457,-0.346,-1.246,0.00
26.20472,-0.349,-1.248,0.00
26.21530,-0.349,-1.248,0.00
26.22550,-0.341,-1.252,0.00
26.23565,-0.341,-1.252,0.00
26.24583,-0.299,-1.261,0.00
26.25598,-0.299,-1.261,0.00
26.26614,-0.299,-1.261,0.00
26.27643,-0.299,-1.261,0.00
26.28659,-0.195,-1.268,0.00
26.29683,0.016,-1.274,0.00
26.30706,0.414,-1.280,0.00
26.31729,0.414,-1.280,0.00
26.32752,0.912,-1.288,0.00
26.33772,0.912,-1.288,0.00
26.34786,1.294,-1.292,0.00
26.35809,1.294,-1.292,0.00
26.36825,1.596,-1.294,0.00
26.37855,1.596,-1.294,0.00
26.38869,1.797,-1.293,0.00
26.39888,1.797,-1.293,0.00
26.40908,2.418,-1.291,0.00
26.42125,2.418,-1.287,0.00
26.43141,3.652,-1.287,0.00
26.44157,3.652,-1.284,0.00
26.45173,5.927,-1.284,0.00
26.46189,5.927,-1.284,0.00
26.47210,7.632,-1.283,0.00
26.48225,8.930,-1.283,0.00
26.49298,8.930,-1.281,0.00
26.50314,8.930,-1.277,0.00
26.52764,11.671,-1.269,0.00
26.53960,11.671,-1.269,0.00
26.55587,13.664,-1.259,11.00
26.56651,15.608,-1.255,11.00
26.58798,17.362,-1.249,11.00
26.59982,17.362,-1.249,11.00
26.61918,19.083,-1.243,11.00
26.62935,19.083,-1.243,11.00
26.63950,19.083,-1.243,11.00
26.65131,20.889,-1.243,11.00
26.66172,22.698,-1.250,11.00
26.67192,24.434,-1.262,11.00
26.68337,26.032,-1.262,11.00
26.69360,26.032,-1.279,11.00
26.70398,27.390,-1.279,11.00
26.71593,27.390,-1.299,11.00
26.72612,28.514,-1.325,11.00
26.73652,28.514,-1.325,11.00
26.74746,28.514,-1.325,11.00
26.75778,28.514,-1.325,11.00
26.76784,30.058,-1.357,11.00
26.78010,30.058,-1.357,11.00
26.79045,30.448,-1.375,11.00
26.80077,30.448,-1.375,11.00
26.82781,30.757,-1.395,11.00
26.83814,30.757,-1.395,11.00
26.86169,30.623,-1.411,11.00
26.87188,30.097,-1.423,11.00
26.89093,30.097,-1.423,11.00
26.90135,29.231,-1.454,11.00
26.92344,28.167,-1.590,11.00
26.93388,26.961,-1.741,11.00
26.95892,26.961,-1.741,11.50
26.96909,24.073,-2.099,11.50
26.98735,24.073,-2.262,11.50
26.99764,22.530,-2.262,11.50
27.00797,20.835,-2.444,11.50
27.01921,20.835,-2.444,11.50
27.02957,18.973,-2.643,11.50
27.03991,17.060,-2.643,11.50
27.05170,17.060,-2.828,11.50
27.06268,17.060,-3.023,11.50
27.07309,15.225,-3.023,11.50
27.08340,13.468,-3.216,12.00
27.09369,13.468,-3.216,12.00
27.10406,11.756,-3.362,12.00
27.13272,10.186,-3.474,12.00
27.14298,8.743,-3.544,12.00
27.16320,8.743,-3.544,12.00
27.17335,7.388,-3.584,12.00
27.19521,6.155,-3.595,12.50
27.20553,5.116,-3.593,12.50
27.21570,5.116,-3.593,12.50
27.22747,5.116,-3.593,13.00
27.23782,4.677,-3.570,13.00
27.24798,4.120,-3.522,13.00
27.26122,4.120,-3.522,13.50
27.27141,3.484,-3.464,13.50
27.28156,3.484,-3.464,13.50
27.29199,2.959,-3.387,14.00
27.30223,2.749,-3.313,14.00
27.31264,2.749,-3.313,14.00
27.32357,2.749,-3.251,14.50
27.33383,2.337,-3.251,14.50
27.34444,2.337,-3.200,14.50
27.37568,1.958,-3.167,15.00
27.38590,2.017,-3.134,15.00
27.40388,2.240,-3.117,16.00
27.41408,2.240,-3.117,16.00
27.43638,2.646,-3.113,16.50
27.44654,2.955,-3.126,16.50
27.45672,2.955,-3.126,16.50
27.46798,3.050,-3.167,17.50
27.47821,3.050,-3.167,17.50
27.48838,3.031,-3.214,17.50
27.50307,3.031,-3.280,18.50
27.51344,2.962,-3.280,18.50
27.52407,2.962,-3.349,18.50
27.53423,2.919,-3.349,19.50
27.54441,2.929,-3.428,19.50
27.55456,2.929,-3.428,19.50
27.56473,2.957,-3.518,20.00
27.57489,2.957,-3.518,20.00
27.58504,2.916,-3.601,20.00
27.61421,2.796,-3.696,20.50
27.62445,2.692,-3.696,20.50
27.64562,2.654,-3.771,21.50
27.65579,2.654,-3.840,21.50
27.67609,2.638,-3.899,22.00
27.68653,2.606,-3.957,22.00
27.70778,2.563,-4.025,22.50
27.71819,2.563,-4.025,22.50
27.72863,2.556,-4.096,22.50
27.73954,2.556,-4.096,23.00
27.74971,2.596,-4.209,23.00
27.76062,2.596,-4.209,23.00
27.77186,2.662,-4.209,23.00
27.78201,2.662,-4.461,23.00
27.79216,2.743,-4.461,23.00
27.80312,2.743,-4.461,23.50
27.81329,2.835,-4.610,23.50
27.82367,2.908,-4.610,23.50
27.85109,2.908,-4.770,23.50
27.86146,2.965,-4.890,23.50
27.88335,3.089,-5.012,24.00
27.89363,3.089,-5.122,24.00
27.91594,3.126,-5.189,24.00
27.92642,3.149,-5.219,24.00
27.94702,3.149,-5.219,24.00
27.95720,3.184,-5.200,24.00
27.96736,3.212,-5.116,24.00
27.97895,3.212,-5.116,24.00
27.98912,3.222,-4.967,24.00
27.99928,3.222,-4.967,24.00
28.01175,3.227,-4.746,24.00
28.02212,3.242,-4.458,24.00
28.03262,3.242,-4.458,24.00
28.04502,3.254,-4.105,24.50
28.05563,3.254,-4.105,24.50
28.06594,3.267,-3.629,24.50
28.07916,3.267,-3.629,24.50
28.08956,3.263,-3.144,24.50
28.09971,3.263,-3.144,24.50
28.10987,3.247,-2.631,24.50
28.12006,3.247,-2.631,24.50
28.13029,3.234,-2.118,24.50
28.15498,3.234,-2.118,24.50
28.16516,3.213,-1.127,24.50
28.18789,3.220,-0.639,24.50
28.19845,3.220,-0.639,24.50
28.21895,3.240,-0.168,24.50
28.22911,3.271,0.339,24.50
28.25679,3.299,0.773,24.50
28.26747,3.354,1.196,24.50
28.28703,3.423,1.599,24.50
28.29733,3.423,1.599,24.50
28.31485,3.469,1.986,24.50
28.32507,3.498,2.372,24.50
28.33524,3.498,2.372,24.50
28.34744,3.503,2.372,24.50
28.35771,3.503,2.751,24.50
28.36787,3.459,3.105,24.50
28.38132,3.459,3.105,24.50
28.39392,3.398,3.482,24.50
28.40407,3.358,3.482,24.50
28.41422,3.358,3.802,24.50
28.42449,3.358,3.802,24.50
28.43464,3.352,4.122,24.50
28.46173,3.353,4.437,24.50
28.47190,3.344,4.739,24.50
28.49270,3.331,5.058,24.50
28.50287,3.322,5.058,24.50
28.52292,3.322,5.379,24.50
28.53311,3.299,5.776,24.50
28.55522,3.299,5.776,24.50
28.56540,3.251,7.015,24.50
28.59002,3.251,7.015,24.50
28.60019,3.256,7.701,24.50
28.61892,3.261,8.417,24.50
28.62920,3.243,9.043,24.50
28.63941,3.243,9.043,24.50
28.65097,3.243,9.043,24.50
28.66125,3.237,9.570,24.50
28.67141,3.237,9.570,24.50
28.68429,3.237,9.939,24.50
28.69484,3.231,10.283,24.50
28.70500,3.231,10.706,24.50
28.71582,3.236,10.706,24.50
28.72613,3.236,10.706,24.50
28.73633,3.236,10.706,24.50
28.74648,3.255,11.123,0.00
28.75662,3.268,11.584,0.00
28.76678,3.263,12.085,0.00
28.77704,3.263,12.085,0.00
28.78720,3.238,12.616,0.00
28.79736,3.238,12.616,0.00
28.80751,3.206,13.163,0.00
28.81767,3.206,13.163,0.00
28.82782,3.178,13.736,0.00
28.83799,3.178,13.736,0.00
28.84828,3.116,14.335,0.00
28.85857,3.116,14.335,0.00
28.86874,2.903,15.049,0.00
28.87906,2.903,15.659,0.00
28.88921,2.596,15.659,0.00
28.89937,2.596,15.659,0.00
28.90953,2.358,16.236,0.00
28.91968,2.358,16.236,0.00
28.92984,2.302,16.826,0.00
28.94009,2.302,16.826,0.00
28.95064,2.327,17.408,0.00
28.96081,2.327,17.408,0.00
28.97097,2.334,17.995,0.00
28.98173,2.334,17.995,0.00
28.99252,2.325,18.598,0.00
29.00268,2.325,19.219,0.00
29.01283,2.249,19.219,0.00
29.02298,2.123,19.957,0.00
29.03377,2.123,19.957,0.00
29.04380,1.983,20.657,0.00
29.05397,1.983,20.657,0.00
29.06413,1.858,20.657,0.00
29.07429,1.858,21.351,0.00
29.08444,1.712,22.000,0.00
29.09463,1.712,22.000,0.00
29.10486,1.529,22.644,0.00
29.11520,1.529,22.644,0.00
29.12552,1.355,23.141,0.00
29.13572,1.355,23.141,0.00
29.14588,1.223,23.400,0.00
29.15604,1.223,23.400,0.00
29.16622,1.157,23.445,0.00
29.17651,1.157,23.445,0.00
29.18667,1.148,23.390,0.00
29.19683,1.148,23.390,0.00
29.20699,1.190,23.200,0.00
29.21726,1.190,23.200,0.00
29.22791,1.251,22.941,0.00
29.23816,1.251,22.941,0.00
29.24833,1.312,22.614,0.00
29.25863,1.312,22.614,0.00
29.26880,1.398,22.269,0.00
29.27935,1.398,22.269,0.00
29.28958,1.473,21.896,0.00
29.30127,1.473,21.896,0.00
29.31247,1.495,21.450,0.00
29.32265,1.509,20.942,0.00
29.33317,1.509,20.942,0.00
29.34334,1.540,20.344,0.00
29.35370,1.540,20.344,0.00
29.36406,1.612,19.517,0.00
29.37445,1.612,19.517,0.00
29.38461,1.707,18.624,0.00
29.39478,1.707,18.624,0.00
29.40494,1.826,17.583,0.00
29.41526,1.826,17.583,0.00
29.42559,1.974,16.419,0.00
29.43602,1.974,16.419,0.00
29.44652,1.974,15.177,0.00
29.45679,2.149,15.177,0.00
29.46696,2.342,13.924,0.00
29.47723,2.342,13.924,0.00
29.48750,2.474,12.631,0.00
29.49766,2.474,12.631,0.00
29.50781,2.576,11.293,0.00
29.51805,2.576,11.293,0.00
29.52858,2.696,9.779,0.00
29.53877,2.696,9.779,0.00
29.54893,2.696,9.779,0.00
29.55910,2.696,8.496,0.00
29.56926,3.041,8.496,0.00
29.57952,3.041,7.243,0.00
29.58959,3.204,5.963,0.00
29.59975,3.204,5.963,0.00
29.60991,3.333,4.686,0.00
29.62020,3.333,4.686,0.00
29.63038,3.438,3.453,0.00
29.64064,3.499,3.453,0.00
29.65086,3.499,2.150,0.00
29.66103,3.499,0.816,0.00
29.67119,3.530,0.816,0.00
29.68187,3.530,0.816,0.00
29.69203,3.544,-0.689,0.00
29.70228,3.542,-1.975,0.00
29.71270,3.542,-1.975,0.00
29.72286,3.502,-3.120,0.00
29.73319,3.502,-3.120,0.00
29.74335,3.465,-3.973,0.00
29.75369,3.465,-3.973,0.00
29.76384,3.455,-3.973,0.00
29.77402,3.455,-4.361,0.00
29.78508,3.479,-4.224,0.00
29.79538,3.479,-4.224,0.00
29.80617,3.540,-3.643,0.00
29.81655,3.540,-3.643,0.00
29.82683,3.588,-2.786,0.00
29.83714,3.588,-2.786,0.00
29.84746,3.594,-1.678,0.00
29.85781,3.594,-1.678,0.00
29.86812,3.597,-0.711,0.00
29.87867,3.597,-0.711,0.00
29.88888,3.560,0.128,0.00
29.89921,3.560,0.128,0.00
29.90952,3.472,0.821,0.00
29.91983,3.472,0.821,0.00
29.93027,3.397,1.329,0.00
29.94057,3.397,1.677,0.00
29.95107,3.340,1.677,0.00
29.96124,3.340,1.677,0.00
29.97149,3.231,1.889,0.00
29.98184,3.231,1.889,0.00
29.99214,3.092,2.000,0.00
30.00242,3.092,2.000,0.00
30.01263,2.929,2.154,0.00
30.02278,2.929,2.154,0.00
30.03294,2.773,2.245,0.00
30.04310,2.664,2.252,0.00
30.05343,2.664,2.252,0.00
30.06371,2.587,2.252,0.00
30.07405,2.587,2.146,0.00
30.08437,2.522,1.983,0.00
30.09471,2.522,1.983,0.00
30.10566,2.469,1.799,0.00
30.11582,2.469,1.799,0.00
30.12604,2.469,1.591,0.00
30.13650,2.431,1.591,0.00
30.14717,2.424,1.360,0.00
30.15747,2.424,1.360,0.00
30.16765,2.415,1.103,0.00
30.17781,2.415,1.103,0.00
30.18797,2.390,0.897,0.00
30.19989,2.390,0.897,0.00
30.21007,2.364,0.715,0.00
30.22023,2.364,0.715,0.00
30.23047,2.356,0.598,0.00
30.24065,2.356,0.598,0.00
30.25152,2.343,0.543,0.00
30.26484,2.343,0.543,0.00
30.27584,2.332,0.503,0.00
30.28709,2.337,0.444,0.00
30.29741,2.337,0.444,0.00
30.30916,2.381,0.361,0.00
30.32640,2.381,0.263,0.00
30.33689,2.462,0.263,0.00
30.34848,2.547,0.135,0.00
30.36028,2.547,0.135,0.00
30.37616,2.629,0.011,0.00
30.38693,2.629,-0.127,0.00
30.40272,2.693,-0.284,0.00
30.41875,2.737,-0.284,0.00
30.42980,2.737,-0.466,0.00
30.44578,2.765,-0.632,0.00
30.46168,2.787,-0.632,0.00
30.47808,2.797,-0.632,0.00
30.49047,2.797,-0.792,0.00
30.50621,2.781,-1.079,0.00
30.52208,2.741,-1.079,0.00
30.53276,2.726,-1.079,0.00
30.54364,2.717,-1.297,0.00
30.55499,2.717,-1.297,0.00
30.57506,2.700,-1.392,0.00
30.58550,2.683,-1.493,0.00
30.59576,2.683,-1.493,0.00
30.60616,2.683,-1.493,0.00
30.62216,2.686,-1.561,0.00
30.63889,2.701,-1.620,0.00
30.66193,2.717,-1.684,0.00
30.67289,2.717,-1.684,0.00
30.68904,2.719,-1.739,0.00
30.70008,2.719,-1.739,0.00
30.71686,2.697,-1.744,0.00
30.74039,2.701,-1.716,0.00
30.75148,2.701,-1.689,0.00
30.77060,2.740,-1.660,0.00
30.78965,2.739,-1.634,0.00
30.81124,2.739,-1.634,0.00
30.82849,2.758,-1.594,0.00
30.84800,2.773,-1.573,0.00
30.86382,2.773,-1.573,0.00
30.87494,2.794,-1.552,0.00
30.88510,2.794,-1.552,0.00
30.90087,2.818,-1.528,0.00
30.91138,2.818,-1.504,0.00
30.92160,2.818,-1.504,0.00
30.93949,2.806,-1.484,0.00
30.95040,2.806,-1.475,0.00
30.96138,2.682,-1.472,0.00
30.97524,2.682,-1.472,0.00
30.99088,2.682,-1.472,0.00
31.00642,2.589,-1.466,0.00
31.02038,2.589,-1.466,0.00
31.03175,2.474,-1.466,0.00
31.04968,2.460,-1.473,0.00
31.06260,2.444,-1.484,0.00
31.07862,2.444,-1.484,0.00
31.09529,2.421,-1.495,0.00
31.11085,2.386,-1.506,0.00
31.12257,2.347,-1.525,0.00
31.14662,2.303,-1.543,0.00
31.15981,2.303,-1.543,0.00
31.18066,2.254,-1.554,0.00
31.20132,2.195,-1.565,0.00
31.21726,2.195,-1.577,0.00
31.22840,2.160,-1.592,0.00
31.23883,2.160,-1.592,0.00
31.24899,2.160,-1.605,0.00
31.25941,2.088,-1.605,0.00
31.32203,2.088,-1.616,0.00
31.33228,2.050,-1.657,0.00
31.40325,2.050,-1.711,0.00
31.41357,1.995,-1.711,0.00
31.42442,-0.687,-0.237,0.00
31.43465,-0.687,-0.237,0.00
31.44481,-0.642,-0.252,0.00
31.45496,-0.642,-0.252,0.00
31.46512,-0.601,-0.269,0.00
31.47528,-0.601,-0.269,0.00
31.48543,-0.595,-0.285,0.00
31.49561,-0.595,-0.285,0.00
31.50577,-0.618,-0.299,0.00
31.51593,-0.618,-0.299,0.00
31.52612,-0.634,-0.315,0.00
31.53629,-0.634,-0.315,0.00
31.54661,-0.620,-0.329,0.00
31.55676,-0.620,-0.329,0.00
31.56693,-0.600,-0.336,0.00
31.57709,-0.600,-0.336,0.00
31.58733,-0.585,-0.339,0.00
31.59748,-0.585,-0.339,0.00
31.60763,-0.581,-0.342,0.00
31.61779,-0.581,-0.342,0.00
31.62818,-0.574,-0.347,0.00
31.63850,-0.574,-0.347,0.00
31.64866,-0.571,-0.342,0.00
31.65916,-0.571,-0.342,0.00
31.66932,-0.577,-0.337,0.00
31.67953,-0.577,-0.337,0.00
31.68969,-0.586,-0.331,0.00
31.69995,-0.586,-0.331,0.00
31.71012,-0.594,-0.322,0.00
31.72130,-0.594,-0.322,0.00
31.73146,-0.614,-0.314,0.00
31.74168,-0.614,-0.314,0.00
31.75199,-0.614,-0.314,0.00
31.76215,-0.639,-0.302,0.00
31.77232,-0.655,-0.288,0.00
31.78249,-0.655,-0.288,0.00
31.79265,-0.664,-0.279,0.00
31.80280,-0.664,-0.279,0.00
31.81452,-0.664,-0.279,0.00
31.82467,-0.674,-0.275,0.00
31.83482,-0.674,-0.275,0.00
31.84497,-0.660,-0.276,0.00
31.85512,-0.660,-0.276,0.00
31.86527,-0.630,-0.277,0.00
31.87541,-0.630,-0.277,0.00
31.88555,-0.607,-0.278,0.00
31.89587,-0.607,-0.278,0.00
31.90603,-0.602,-0.278,0.00
31.91618,-0.602,-0.280,0.00
31.92643,-0.586,-0.285,0.00
31.93657,-0.586,-0.285,0.00
31.94690,-0.552,-0.291,0.00
31.95927,-0.552,-0.291,0.00
31.96945,-0.509,-0.293,0.00
31.97960,-0.509,-0.293,0.00
31.98974,-0.467,-0.291,0.00
31.99993,-0.467,-0.291,0.00
32.01009,-0.442,-0.286,0.00
32.02025,-0.442,-0.286,0.00
32.03048,-0.426,-0.283,0.00
32.04066,-0.401,-0.283,0.00
32.05156,-0.401,-0.280,0.00
32.06171,-0.367,-0.280,0.00
32.07265,-0.367,-0.275,0.00
32.08280,-0.345,-0.275,0.00
32.09293,-0.345,-0.267,0.00
32.10324,-0.345,-0.267,0.00
32.11480,-0.345,-0.267,0.00
32.12487,-0.318,-0.258,0.00
32.13503,-0.318,-0.250,0.00
32.14511,-0.295,-0.241,0.00
32.15541,-0.295,-0.241,0.00
32.16576,-0.224,-0.232,0.00
32.17592,-0.224,-0.232,0.00
32.18607,-0.126,-0.224,0.00
32.19622,-0.126,-0.224,0.00
32.20637,0.002,-0.219,0.00
32.21653,0.002,-0.219,0.00
32.22678,0.186,-0.216,0.00
32.23711,0.186,-0.216,0.00
32.24725,0.394,-0.210,0.00
32.25847,0.394,-0.210,0.00
32.26866,0.608,-0.204,0.00
32.27971,0.608,-0.204,0.00
32.28987,0.842,-0.206,0.00
32.30020,1.105,-0.206,0.00
32.31138,1.105,-0.208,0.00
32.32154,1.105,-0.208,0.00
32.33181,1.330,-0.212,0.00
32.34187,1.330,-0.212,0.00
32.35208,1.563,-0.221,0.00
32.36251,1.563,-0.221,0.00
32.37277,1.882,-0.229,0.00
32.38294,2.303,-0.238,0.00
32.39309,2.303,-0.238,0.00
32.40325,2.691,-0.246,0.00
32.41341,2.691,-0.246,0.00
32.42364,2.988,-0.256,0.00
32.43378,2.988,-0.256,0.00
32.44394,3.221,-0.256,0.00
32.45469,3.221,-0.267,0.00
32.46485,3.435,-0.279,0.00
32.47500,3.435,-0.279,0.00
32.48516,3.692,-0.292,0.00
32.49555,3.692,-0.292,0.00
32.50592,4.060,-0.308,0.00
32.51641,4.060,-0.308,0.00
32.52656,4.530,-0.324,0.00
32.53678,4.530,-0.324,0.00
32.54710,5.106,-0.339,0.00
32.55723,5.106,-0.339,0.00
32.56744,5.800,-0.359,0.00
32.57760,5.800,-0.359,0.00
32.58777,6.618,-0.380,0.00
32.59814,6.618,-0.380,0.00
32.60830,7.536,-0.409,0.00
32.61958,7.536,-0.409,0.00
32.62975,8.557,-0.438,0.00
32.63991,9.653,-0.438,0.00
32.65006,9.653,-0.466,0.00
32.66046,10.822,-0.466,0.00
32.67061,10.822,-0.492,0.00
32.68114,10.822,-0.492,0.00
32.69131,12.038,-0.519,0.00
32.70273,12.038,-0.549,11.00
32.71310,13.333,-0.549,11.00
32.72338,13.333,-0.578,11.00
32.74772,16.137,-0.606,11.00
32.75793,16.137,-0.606,11.00
32.77967,18.923,-0.661,11.00
32.78999,18.923,-0.661,11.00
32.81083,18.923,-0.661,11.00
32.82105,20.182,-0.686,11.00
32.84324,21.304,-0.730,11.00
32.85373,22.295,-0.730,11.00
32.87545,22.295,-0.757,11.00
32.88565,24.189,-0.785,11.00
32.89586,24.189,-0.785,11.00
32.90769,25.089,-0.812,11.00
32.91870,25.089,-0.812,11.00
32.92886,25.792,-0.837,11.00
32.94189,26.250,-0.863,11.00
32.95212,26.250,-0.863,11.00
32.96227,26.250,-0.863,11.00
32.97246,26.501,-0.891,11.00
32.98273,26.587,-0.912,11.00
32.99291,26.587,-0.912,11.00
33.00315,26.587,-0.923,11.00
33.01344,26.489,-0.923,11.00
33.02391,26.489,-0.923,11.00
33.05120,26.489,-0.923,11.00
33.06125,25.653,-0.979,11.00
33.08498,24.965,-1.141,11.00
33.09518,24.176,-1.293,11.00
33.11512,24.176,-1.293,11.50
33.12536,23.341,-1.453,11.50
33.14747,21.519,-1.453,11.50
33.15787,21.519,-1.591,11.50
33.18208,20.432,-1.716,11.50
33.19223,19.166,-1.863,11.50
33.21092,17.818,-2.010,11.50
33.22110,17.818,-2.010,11.50
33.23126,17.818,-2.010,11.50
33.24536,17.818,-2.156,12.00
33.25554,15.201,-2.156,12.00
33.26569,13.873,-2.411,12.00
33.27584,13.873,-2.411,12.00
33.28601,12.530,-2.522,12.00
33.29638,12.530,-2.522,12.00
33.30766,11.238,-2.606,12.00
33.31783,11.238,-2.606,12.00
33.32801,10.002,-2.665,12.00
33.35519,10.002,-2.705,12.50
33.36536,7.635,-2.724,12.50
33.38745,7.635,-2.724,13.00
33.39825,7.635,-2.716,13.00
33.41991,5.877,-2.687,13.50
33.43069,4.965,-2.634,13.50
33.45112,4.965,-2.634,14.00
33.46130,4.099,-2.561,14.00
33.47145,3.474,-2.495,14.00
33.48376,3.474,-2.495,14.50
33.49482,3.474,-2.495,14.50
33.50498,2.853,-2.436,14.50
33.51514,2.853,-2.436,15.00
33.52531,1.841,-2.349,15.00
33.53565,1.841,-2.349,15.00
33.54807,1.437,-2.349,16.00
33.55988,1.437,-2.320,16.00
33.57005,1.102,-2.295,16.00
33.58415,1.102,-2.295,16.50
33.59442,0.858,-2.281,16.50
33.60465,0.353,-2.285,16.50
33.61480,0.353,-2.285,17.50
33.62496,0.138,-2.298,17.50
33.63512,0.138,-2.298,17.50
33.65978,0.018,-2.333,18.50
33.66995,-0.129,-2.381,18.50
33.69216,-0.256,-2.441,19.00
33.70239,-0.095,-2.507,19.00
33.72278,-0.095,-2.507,20.00
33.73303,-0.096,-2.591,20.00
33.75478,-0.096,-2.591,20.50
33.76495,-0.261,-2.684,20.50
33.77511,-0.109,-2.802,20.50
33.78738,-0.109,-2.802,21.50
33.79801,-0.109,-2.802,21.50
33.80838,-0.109,-2.915,21.50
33.82018,0.167,-3.016,22.00
33.83052,0.246,-3.105,22.00
33.84067,0.246,-3.105,22.00
33.85118,0.246,-3.105,22.50
33.86155,0.359,-3.105,22.50
33.87171,0.482,-3.254,22.50
33.88355,0.652,-3.321,22.50
33.89376,0.652,-3.321,22.50
33.90407,0.652,-3.390,22.50
33.91533,0.834,-3.390,23.00
33.92550,1.025,-3.484,23.00
33.93566,1.025,-3.484,23.00
33.96337,1.312,-3.571,23.50
33.97355,1.312,-3.646,23.50
33.99539,1.312,-3.710,23.50
34.00557,1.477,-3.757,23.50
34.02807,1.477,-3.781,24.00
34.04146,1.561,-3.781,24.00
34.05950,1.611,-3.782,24.00
34.06989,1.661,-3.758,24.00
34.08016,1.661,-3.758,24.00
34.09128,1.734,-3.758,24.00
34.10150,1.844,-3.699,24.00
34.11184,1.844,-3.624,24.00
34.12310,1.844,-3.624,24.00
34.13328,1.844,-3.624,24.00
34.14416,1.961,-3.516,24.00
34.15528,2.059,-3.389,24.00
34.16597,2.140,-3.238,24.00
34.17627,2.140,-3.238,24.00
34.18772,2.250,-3.055,24.50
34.19916,2.382,-3.055,24.50
34.20933,2.382,-2.839,24.50
34.23567,2.492,-2.839,24.50
34.24627,2.565,-2.170,24.50
34.26723,2.565,-2.170,24.50
34.27778,2.600,-1.794,24.50
34.29990,2.606,-1.405,24.50
34.31140,2.590,-1.026,24.50
34.33191,2.590,-1.026,24.50
34.34228,2.575,-0.668,24.50
34.35252,2.585,-0.316,24.50
34.36373,2.585,0.047,24.50
34.37418,2.601,0.047,24.50
34.38463,2.609,0.408,24.50
34.39516,2.609,0.408,24.50
34.40539,2.578,0.408,24.50
34.41556,2.578,0.783,24.50
34.42766,2.587,1.088,24.50
34.43805,2.587,1.088,24.50
34.44838,2.558,1.369,24.50
34.46072,2.582,1.630,24.50
34.47175,2.582,1.630,24.50
34.48189,2.647,1.879,24.50
34.49380,2.647,1.879,24.50
34.50396,2.707,2.104,24.50
34.51411,2.707,2.104,24.50
34.54112,2.717,2.314,24.50
34.55139,2.685,2.521,24.50
34.57134,2.685,2.521,24.50
34.58179,2.604,2.766,24.50
34.60375,2.576,3.182,24.50
34.61413,2.576,3.182,24.50
34.63487,2.576,3.182,24.50
34.64539,2.612,3.571,24.50
34.66763,2.751,3.760,24.50
34.67782,2.751,3.760,24.50
34.68797,2.807,3.948,24.50
34.69954,2.807,3.948,24.50
34.70972,2.886,4.125,24.50
34.72023,2.886,4.313,24.50
34.73450,2.859,4.313,24.50
34.74466,2.804,4.604,24.50
34.75507,2.804,4.604,24.50
34.76525,2.794,5.085,24.50
34.77540,2.794,5.085,24.50
34.78556,2.778,5.085,24.50
34.79651,2.778,5.768,24.50
34.80671,2.765,6.555,24.50
34.81694,2.765,6.555,24.50
34.82722,2.734,7.313,24.50
34.83743,2.734,7.313,24.50
34.84760,2.711,7.890,24.50
34.85795,2.711,7.890,24.50
34.87597,2.711,8.289,24.50
34.88626,2.723,8.508,24.50
34.89642,2.723,8.508,0.00
34.90659,2.723,8.508,0.00
34.91684,2.770,8.720,0.00
34.92708,2.798,8.952,0.00
34.93739,2.798,8.952,0.00
34.94744,2.830,9.254,0.00
34.95767,2.830,9.254,0.00
34.96783,2.868,9.629,0.00
34.97799,2.868,9.629,0.00
34.98834,2.865,10.036,0.00
34.99861,2.865,10.036,0.00
35.00879,2.752,10.471,0.00
35.01916,2.752,10.471,0.00
35.02945,2.458,10.918,0.00
35.03987,2.095,10.918,0.00
35.05004,2.095,11.338,0.00
35.06020,2.095,11.338,0.00
35.07038,1.797,11.803,0.00
35.08064,1.797,12.213,0.00
35.09090,1.639,12.213,0.00
35.10122,1.639,12.213,0.00
35.11201,1.507,12.621,0.00
35.12217,1.353,13.025,0.00
35.13232,1.353,13.025,0.00
35.14249,1.203,13.406,0.00
35.15270,1.203,13.406,0.00
35.16301,1.203,13.406,0.00
35.17320,1.099,13.406,0.00
35.18336,1.093,13.813,0.00
35.19353,1.093,14.219,0.00
35.20369,1.093,14.612,0.00
35.21388,1.152,14.612,0.00
35.22404,1.187,15.048,0.00
35.23420,1.187,15.048,0.00
35.24436,1.163,15.399,0.00
35.25458,1.163,15.399,0.00
35.26474,1.110,15.749,0.00
35.27490,1.110,15.749,0.00
35.28508,1.035,16.030,0.00
35.29526,1.035,16.030,0.00
35.30541,0.918,16.117,0.00
35.31560,0.918,16.117,0.00
35.32601,0.918,16.117,0.00
35.33617,0.918,16.117,0.00
35.34642,0.781,15.947,0.00
35.35646,0.661,15.557,0.00
35.36662,0.597,15.025,0.00
35.37697,0.597,15.025,0.00
35.38705,0.581,14.269,0.00
35.39735,0.581,14.269,0.00
35.40742,0.586,13.408,0.00
35.41757,0.586,13.408,0.00
35.42773,0.599,12.440,0.00
35.43855,0.599,12.440,0.00
35.44869,0.626,11.507,0.00
35.45894,0.626,11.507,0.00
35.46911,0.653,10.593,0.00
35.47927,0.638,10.593,0.00
35.48980,0.638,9.826,0.00
35.50000,0.638,9.826,0.00
35.51018,0.565,9.228,0.00
35.52033,0.565,8.719,0.00
35.53061,0.475,8.719,0.00
35.54077,0.475,8.199,0.00
35.55099,0.391,8.199,0.00
35.56127,0.391,7.816,0.00
35.57148,0.288,7.816,0.00
35.58168,0.288,7.816,0.00
35.59184,0.092,7.514,0.00
35.60246,0.092,7.514,0.00
35.61263,-0.123,7.262,0.00
35.62280,-0.239,7.262,0.00
35.63304,-0.239,7.055,0.00
35.64320,-0.239,7.055,0.00
35.65336,-0.288,6.909,0.00
35.66352,-0.316,6.909,0.00
35.67368,-0.316,6.826,0.00
35.68384,-0.218,6.784,0.00
35.69448,-0.218,6.784,0.00
35.70464,-0.089,6.727,0.00
35.71524,-0.089,6.727,0.00
35.72541,0.022,6.648,0.00
35.73557,0.022,6.648,0.00
35.74574,0.138,6.648,0.00
35.75590,0.138,6.526,0.00
35.76736,0.248,6.304,0.00
35.77661,0.248,6.304,0.00
35.78678,0.359,6.029,0.00
35.79741,0.359,6.029,0.00
35.80766,0.461,5.741,0.00
35.81919,0.461,5.741,0.00
35.82933,0.624,5.434,0.00
35.83948,0.624,5.434,0.00
35.84964,0.881,5.089,0.00
35.86020,0.881,5.089,0.00
35.87050,1.167,4.611,0.00
35.88118,1.167,4.611,0.00
35.89194,1.446,4.098,0.00
35.90205,1.733,4.098,0.00
35.91340,1.733,3.520,0.00
35.92357,1.996,3.520,0.00
35.93372,1.996,2.920,0.00
35.94396,2.194,2.337,0.00
35.95509,2.194,2.337,0.00
35.96524,2.333,1.775,0.00
35.97572,2.333,1.775,0.00
35.98588,2.466,1.276,0.00
35.99604,2.466,1.276,0.00
36.00619,2.466,1.276,0.00
36.01636,2.466,1.276,0.00
36.02654,2.712,0.449,0.00
36.03680,2.712,0.449,0.00
36.04703,2.883,0.100,0.00
36.05770,2.883,0.100,0.00
36.06790,3.104,-0.141,0.00
36.07807,3.104,-0.141,0.00
36.08824,3.300,-0.332,0.00
36.10016,3.300,-0.332,0.00
36.11039,3.442,-0.458,0.00
36.12055,3.442,-0.458,0.00
36.13077,3.539,-0.515,0.00
36.14100,3.539,-0.515,0.00
36.15117,3.539,-0.515,0.00
36.16139,3.539,-0.515,0.00
36.17154,3.604,-0.494,0.00
36.18170,3.627,-0.392,0.00
36.19186,3.596,-0.230,0.00
36.20202,3.596,-0.230,0.00
36.21218,3.563,-0.023,0.00
36.22446,3.549,0.238,0.00
36.23486,3.549,0.238,0.00
36.24503,3.549,0.238,0.00
36.25519,3.509,0.534,0.00
36.26535,3.431,0.884,0.00
36.27551,3.431,0.884,0.00
36.28566,3.431,1.363,0.00
36.29589,3.357,1.363,0.00
36.30606,3.323,1.956,0.00
36.31622,3.323,1.956,0.00
36.32793,3.287,2.715,0.00
36.33817,3.287,2.715,0.00
36.34833,3.253,3.584,0.00
36.35856,3.253,3.584,0.00
36.36873,3.204,4.699,0.00
36.37889,3.204,4.699,0.00
36.38905,3.123,5.707,0.00
36.40456,3.123,5.707,0.00
36.41811,3.123,5.707,0.00
36.43373,3.025,6.655,0.00
36.45060,2.800,8.210,0.00
36.46748,2.641,8.806,0.00
36.48161,2.641,8.806,0.00
36.49621,2.457,9.252,0.00
36.50793,2.263,9.504,0.00
36.52537,2.027,9.618,0.00
36.55622,1.777,9.655,0.00
36.57895,1.522,9.631,0.00
36.59749,1.267,9.578,0.00
36.62968,0.638,9.474,0.00
36.64142,0.638,9.319,0.00
36.65211,0.223,9.319,0.00
36.66827,-0.184,9.319,0.00
36.67965,-0.563,9.173,0.00
36.69127,-0.563,9.022,0.00
36.70587,-0.563,9.022,0.00
36.71687,-0.885,8.809,0.00
36.72726,-1.111,8.809,0.00
36.74100,-1.111,8.809,0.00
36.75724,-1.260,8.296,0.00
36.76758,-1.340,8.296,0.00
36.78480,-1.374,7.636,0.00
36.79583,-1.374,7.636,0.00
36.80802,-1.404,7.636,0.00
36.82383,-1.404,6.899,0.00
36.84144,-1.451,6.899,0.00
36.85779,-1.515,6.538,0.00
36.88290,-1.603,6.538,0.00
36.89901,-1.701,5.800,0.00
36.91113,-1.701,5.462,0.00
36.92196,-1.756,5.462,0.00
36.93985,-1.882,5.136,0.00
36.95407,-1.875,5.136,0.00
36.96539,-1.729,4.472,0.00
36.98924,-1.729,4.252,0.00
37.00112,-1.720,4.252,0.00
37.01211,-1.720,4.094,0.00
37.02259,-1.720,4.094,0.00
37.03403,-1.599,3.954,0.00
37.05005,-1.531,3.845,0.00
37.06248,-1.466,3.809,0.00
37.07359,-1.466,3.809,0.00
37.08376,-1.403,3.809,0.00
37.10463,-1.403,3.764,0.00
37.13194,-1.295,3.696,0.00
37.15339,-1.241,3.609,0.00
37.16478,-1.212,3.529,0.00
37.17515,-1.212,3.529,0.00
37.18563,-1.198,3.529,0.00
37.19599,-1.198,3.529,0.00
37.20718,-1.184,3.447,0.00
37.21762,-1.184,3.355,0.00
37.22844,-1.184,3.236,0.00
37.23914,-1.177,3.236,0.00
37.25048,-1.177,3.103,0.00
37.26245,-1.177,3.103,0.00
37.27627,-1.177,2.955,0.00
37.28826,-1.201,2.816,0.00
37.32109,-1.201,2.710,0.00
37.33325,-1.171,2.650,0.00
37.34370,-1.167,2.619,0.00
37.35462,-1.167,2.619,0.00
37.37460,-1.172,2.601,0.00
37.39701,-1.172,2.601,0.00
37.45577,-1.172,2.598,0.00
37.46713,-1.199,2.653,0.00
37.50730,-1.226,2.653,0.00
37.51751,-0.046,-3.048,0.00
37.52766,-0.046,-3.048,0.00
37.53781,-0.046,-3.048,0.00
37.54798,-0.046,-3.048,0.00
37.55814,-0.046,-3.048,0.00
37.56829,-0.046,-3.048,0.00
37.57867,-0.053,-3.048,0.00
37.58883,-0.058,-3.070,0.00
37.59903,-0.063,-3.087,0.00
37.60954,-0.070,-3.099,0.00
37.61970,-0.084,-3.117,0.00
37.62985,-0.084,-3.117,0.00
37.64001,-0.084,-3.117,0.00
37.65016,-0.084,-3.117,0.00
37.66052,-0.084,-3.117,0.00
37.67097,-0.084,-3.117,0.00
37.68114,-0.084,-3.117,0.00
37.69129,-0.084,-3.117,0.00
37.70145,-0.084,-3.117,0.00
37.71299,-0.102,-3.151,0.00
37.72314,-0.170,-3.215,0.00
37.73330,-0.211,-3.254,0.00
37.74348,-0.243,-3.296,0.00
37.75363,-0.286,-3.405,0.00
37.76380,-0.286,-3.405,0.00
37.77396,-0.286,-3.405,0.00
37.78412,-0.286,-3.405,0.00
37.79457,-0.286,-3.405,0.00
37.80473,-0.286,-3.405,0.00
37.81489,-0.286,-3.405,0.00
37.82505,-0.286,-3.405,0.00
37.83520,-0.286,-3.405,0.00
37.84535,-0.316,-3.527,0.00
37.85550,-0.316,-3.527,0.00
37.86567,-0.303,-3.637,0.00
37.87582,-0.303,-3.701,0.00
37.88598,-0.315,-3.745,0.00
37.89613,-0.315,-3.745,0.00
37.90628,-0.315,-3.745,0.00
37.91644,-0.315,-3.745,0.00
37.92660,-0.315,-3.745,0.00
37.93676,-0.315,-3.745,0.00
37.94703,-0.315,-3.745,0.00
37.95719,-0.315,-3.745,0.00
37.96757,-0.315,-3.745,0.00
37.97777,-0.272,-3.812,0.00
37.98832,-0.251,-3.866,0.00
37.99850,-0.180,-3.866,0.00
38.00873,-0.146,-3.916,0.00
38.01890,-0.146,-3.916,0.00
38.02908,-0.146,-3.916,0.00
38.03924,-0.146,-3.916,0.00
38.04939,-0.146,-3.916,0.00
38.05966,-0.146,-3.916,0.00
38.06981,-0.146,-3.916,0.00
38.07997,-0.146,-3.916,0.00
38.09013,-0.146,-3.916,0.00
38.10033,-0.146,-3.916,0.00
38.11060,-0.110,-3.941,0.00
38.12076,-0.079,-3.960,0.00
38.13100,-0.020,-3.985,0.00
38.14116,0.015,-3.993,0.00
38.15132,0.045,-4.003,0.00
38.16147,0.069,-4.009,0.00
38.17164,0.069,-4.009,0.00
38.18179,0.069,-4.009,0.00
38.19195,0.069,-4.009,0.00
38.20210,0.069,-4.009,0.00
38.21244,0.069,-4.009,0.00
38.22278,0.069,-4.009,0.00
38.23316,0.069,-4.009,0.00
38.24334,0.069,-4.009,0.00
38.25350,0.069,-4.009,0.00
38.26366,0.089,-4.007,0.00
38.27382,0.121,-4.004,0.00
38.28404,0.201,-4.008,0.00
38.29424,0.233,-4.006,0.00
38.30445,0.253,-4.000,0.00
38.31462,0.253,-4.000,0.00
38.32478,0.253,-4.000,0.00
38.33494,0.253,-4.000,0.00
38.34511,0.253,-4.000,0.00
38.35526,0.253,-4.000,0.00
38.36545,0.253,-4.000,0.00
38.37561,0.253,-4.000,0.00
38.38577,0.278,-4.006,0.00
38.39594,0.277,-4.011,0.00
38.40609,0.302,-4.016,0.00
38.41625,0.317,-4.028,0.00
38.42651,0.317,-4.028,0.00
38.43667,0.317,-4.028,0.00
38.44687,0.317,-4.028,0.00
38.45702,0.317,-4.028,0.00
38.46733,0.317,-4.028,0.00
38.47749,0.317,-4.028,0.00
38.48764,0.317,-4.028,0.00
38.49780,0.317,-4.028,0.00
38.50954,0.317,-4.028,0.00
38.51985,0.340,-4.044,0.00
38.53000,0.365,-4.051,0.00
38.54094,0.386,-4.057,0.00
38.55113,0.406,-4.067,0.00
38.56129,0.465,-4.098,0.00
38.57150,0.465,-4.098,0.00
38.58185,0.465,-4.098,0.00
38.59223,0.465,-4.098,0.00
38.60240,0.465,-4.098,0.00
38.61257,0.465,-4.098,0.00
38.62275,0.465,-4.098,0.00
38.63288,0.465,-4.098,0.00
38.64303,0.465,-4.098,0.00
38.65317,0.465,-4.098,0.00
38.66332,0.465,-4.098,0.00
38.67494,0.465,-4.098,0.00
38.68416,0.465,-4.111,0.00
38.69447,0.558,-4.128,0.00
38.70446,0.598,-4.168,0.00
38.71473,0.750,-4.188,0.00
38.72502,0.891,-4.205,0.00
38.73660,1.196,-4.226,0.00
38.74688,1.719,-4.249,0.00
38.75714,2.526,-4.273,0.00
38.76737,3.934,-4.304,0.00
38.77752,5.938,-4.342,0.00
38.78767,5.938,-4.342,0.00
38.79782,5.938,-4.342,0.00
38.80798,5.938,-4.342,0.00
38.81858,5.938,-4.342,0.00
38.82874,5.938,-4.342,0.00
38.83890,5.938,-4.342,0.00
38.84908,10.418,-4.429,0.00
38.86188,10.418,-4.429,0.00
38.87208,11.221,-4.468,0.00
38.88225,12.214,-4.502,0.00
38.89241,12.214,-4.502,11.00
38.90257,12.214,-4.502,11.00
38.91274,12.214,-4.502,11.00
38.92341,12.214,-4.502,11.00
38.93358,12.214,-4.502,11.00
38.94394,12.214,-4.502,11.00
38.95426,12.214,-4.502,11.00
38.97171,12.214,-4.502,11.00
38.98191,12.214,-4.502,11.00
39.00547,13.232,-4.534,11.00
39.01561,14.173,-4.564,11.00
39.03596,15.152,-4.628,11.00
39.04628,18.246,-4.653,11.00
39.06778,19.696,-4.653,11.00
39.07797,19.696,-4.657,11.00
39.08828,19.696,-4.657,11.00
39.09919,19.696,-4.657,11.00
39.10937,19.696,-4.657,11.00
39.11971,19.696,-4.657,11.00
39.13151,19.696,-4.657,11.00
39.14184,19.696,-4.657,11.00
39.15208,19.696,-4.657,11.00
39.16355,19.696,-4.657,11.00
39.17390,20.198,-4.652,11.00
39.18487,21.391,-4.646,11.00
39.19567,21.391,-4.636,11.00
39.20586,22.234,-4.628,11.00
39.21602,21.963,-4.642,11.00
39.22692,21.664,-4.677,11.00
39.23707,21.664,-4.677,11.00
39.24724,21.664,-4.677,11.00
39.25739,21.664,-4.677,11.00
39.27490,21.664,-4.677,11.00
39.28508,21.664,-4.677,11.00
39.30676,21.664,-4.677,11.50
39.31696,21.664,-4.677,11.50
39.33932,21.664,-4.677,11.50
39.35146,21.274,-4.701,11.50
39.37284,19.069,-4.804,11.50
39.38280,18.119,-4.851,11.50
39.39296,17.207,-4.910,11.50
39.40321,17.207,-5.436,11.50
39.41339,14.396,-5.745,11.50
39.42370,14.396,-5.745,11.50
39.43563,14.396,-5.745,12.00
39.44579,14.396,-5.745,12.00
39.45600,14.396,-5.745,12.00
39.46744,14.396,-5.745,12.00
39.47779,14.396,-5.745,12.00
39.48828,14.396,-5.745,12.00
39.49952,14.396,-5.745,12.00
39.50967,13.345,-5.745,12.00
39.51994,12.252,-6.293,12.00
39.53153,9.862,-6.500,12.50
39.54299,7.444,-6.880,12.50
39.55315,6.428,-7.221,12.50
39.57873,5.545,-7.346,13.00
39.58892,5.545,-7.346,13.00
39.61153,5.545,-7.346,13.50
39.62184,5.545,-7.346,13.50
39.64323,5.545,-7.346,14.00
39.65356,5.545,-7.346,14.00
39.66411,5.545,-7.346,14.00
39.67587,4.739,-7.440,14.50
39.68815,3.797,-7.519,14.50
39.69828,3.430,-7.560,14.50
39.70885,3.134,-7.560,15.00
39.71904,3.054,-7.461,15.00
39.72919,3.043,-7.395,15.00
39.73954,3.043,-7.395,16.00
39.74990,3.043,-7.395,16.00
39.76027,3.043,-7.395,16.00
39.77119,3.043,-7.395,16.50
39.78150,3.043,-7.395,16.50
39.79170,3.043,-7.395,16.50
39.81926,3.043,-7.395,17.50
39.82945,3.043,-7.395,17.50
39.85393,3.007,-7.395,18.50
39.86415,3.100,-7.223,18.50
39.88306,3.167,-7.184,19.00
39.89343,3.456,-7.133,19.00
39.91606,3.502,-7.148,20.00
39.92623,3.502,-7.148,20.00
39.94777,3.502,-7.148,20.50
39.95802,3.502,-7.148,20.50
39.96836,3.502,-7.148,20.50
39.97922,3.502,-7.148,21.50
39.98954,3.502,-7.148,21.50
40.00006,3.502,-7.148,21.50
40.01234,3.502,-7.148,22.00
40.02253,3.537,-7.211,22.00
40.03268,3.796,-7.248,22.00
40.04342,3.875,-7.348,22.50
40.05378,3.886,-7.522,22.50
40.06404,3.844,-7.522,22.50
40.07516,3.844,-7.644,23.00
40.08533,3.844,-7.644,23.00
40.09571,3.844,-7.644,23.00
40.10772,3.844,-7.644,23.00
40.11805,3.844,-7.644,23.00
40.12848,3.844,-7.644,23.00
40.15488,3.844,-7.644,23.50
40.16504,3.844,-7.644,23.50
40.18719,3.844,-7.644,23.50
40.19778,3.821,-7.773,23.50
40.21883,3.799,-7.909,24.00
40.22901,3.589,-8.468,24.00
40.25167,3.457,-8.746,24.00
40.26183,3.457,-8.746,24.00
40.28355,3.457,-8.746,24.00
40.29373,3.457,-8.746,24.00
40.30428,3.457,-8.746,24.00
40.31513,3.457,-8.746,24.00
40.32535,3.457,-8.746,24.00
40.33569,3.457,-8.746,24.00
40.34827,3.457,-8.746,24.00
40.35889,3.439,-8.788,24.00
40.36906,3.446,-8.814,24.00
40.37924,3.446,-8.799,24.50
40.38942,3.504,-8.660,24.50
40.39958,3.556,-8.560,24.50
40.41062,3.600,-8.337,24.50
40.42079,3.640,-8.337,24.50
40.43096,3.640,-8.337,24.50
40.45966,3.640,-8.337,24.50
40.47011,3.640,-8.337,24.50
40.49072,3.640,-8.337,24.50
40.50090,3.640,-8.337,24.50
40.52442,3.681,-8.337,24.50
40.53465,3.716,-8.073,24.50
40.55474,3.736,-7.910,24.50
40.56653,3.817,-7.132,24.50
40.58837,3.834,-6.232,24.50
40.59877,3.834,-6.232,24.50
40.60914,3.834,-6.232,24.50
40.61959,3.834,-6.232,24.50
40.62974,3.834,-6.232,24.50
40.63997,3.834,-6.232,24.50
40.65117,3.834,-6.232,24.50
40.66150,3.834,-6.232,24.50
40.67189,3.834,-6.232,24.50
40.68322,3.834,-6.232,24.50
40.69355,3.834,-6.232,24.50
40.70398,3.834,-6.232,24.50
40.71705,3.834,-5.896,24.50
40.72741,3.828,-5.896,24.50
40.73750,3.813,-5.268,24.50
40.76268,3.787,-5.000,24.50
40.77287,3.712,-4.177,24.50
40.79484,3.682,-3.927,24.50
40.80503,3.682,-3.927,24.50
40.82674,3.682,-3.927,24.50
40.83692,3.682,-3.927,24.50
40.85942,3.682,-3.927,24.50
40.86976,3.682,-3.927,24.50
40.88168,3.682,-3.927,24.50
40.89285,3.674,-3.429,24.50
40.90427,3.657,-3.196,24.50
40.91447,3.579,-2.784,24.50
40.92463,3.586,-2.606,24.50
40.93478,3.608,-2.428,24.50
40.94528,3.622,-2.259,24.50
40.95567,3.622,-2.259,24.50
40.96604,3.622,-2.259,24.50
40.97646,3.622,-2.259,24.50
41.00325,3.622,-2.259,24.50
41.01429,3.622,-2.259,24.50
41.03478,3.622,-2.259,24.50
41.04560,3.630,-1.824,24.50
41.06722,3.630,-1.484,24.50
41.07740,3.533,-1.390,24.50
41.08756,3.564,-1.310,0.00
41.09772,3.586,-1.231,0.00
41.10788,3.586,-1.231,0.00
41.11802,3.586,-1.231,0.00
41.12818,3.586,-1.231,0.00
41.13842,3.586,-1.231,0.00
41.14860,3.586,-1.231,0.00
41.15879,3.586,-1.231,0.00
41.16897,3.586,-1.231,0.00
41.17914,3.586,-1.231,0.00
41.18929,3.586,-1.231,0.00
41.19949,3.588,-1.164,0.00
41.20965,3.577,-1.108,0.00
41.21981,3.556,-1.056,0.00
41.22997,3.534,-1.011,0.00
41.24013,3.437,-0.887,0.00
41.25029,3.271,-0.713,0.00
41.26140,3.015,0.003,0.00
41.27188,2.537,0.535,0.00
41.28203,2.537,1.081,0.00
41.29218,2.486,1.081,0.00
41.30265,2.486,1.488,0.00
41.31300,2.497,1.488,0.00
41.32338,2.504,1.622,0.00
41.33382,2.504,1.622,0.00
41.34398,2.504,1.622,0.00
41.35414,2.463,1.635,0.00
41.36430,2.375,1.635,0.00
41.37456,2.375,1.669,0.00
41.38471,2.249,2.072,0.00
41.39494,2.249,2.072,0.00
41.40527,2.086,1.727,0.00
41.41561,2.086,1.727,0.00
41.42599,1.913,1.825,0.00
41.43621,1.913,1.825,0.00
41.44649,1.777,1.944,0.00
41.45672,1.777,1.944,0.00
41.46704,1.665,2.236,0.00
41.47738,1.665,2.236,0.00
41.48770,1.573,2.391,0.00
41.49830,1.573,2.391,0.00
41.50854,1.485,2.557,0.00
41.51900,1.485,2.557,0.00
41.52926,1.450,2.697,0.00
41.53956,1.450,2.823,0.00
41.55008,1.498,2.823,0.00
41.56055,1.498,2.823,0.00
41.57119,1.617,2.869,0.00
41.58148,1.617,2.869,0.00
41.59188,1.742,2.770,0.00
41.60224,1.742,2.514,0.00
41.61257,1.891,2.514,0.00
41.62294,1.891,2.092,0.00
41.63330,2.083,2.092,0.00
41.64346,2.271,1.711,0.00
41.65362,2.271,1.711,0.00
41.66377,2.271,1.711,0.00
41.67394,2.406,1.368,0.00
41.68415,2.504,1.047,0.00
41.69442,2.504,1.047,0.00
41.70467,2.592,0.784,0.00
41.71500,2.592,0.784,0.00
41.72516,2.700,0.557,0.00
41.73532,2.700,0.557,0.00
41.74548,2.836,0.330,0.00
41.75564,2.836,0.330,0.00
41.76618,2.976,0.053,0.00
41.77668,2.976,0.053,0.00
41.78690,3.124,-0.316,0.00
41.79722,3.124,-0.316,0.00
41.80737,3.274,-0.882,0.00
41.81758,3.274,-0.882,0.00
41.82782,3.410,-1.506,0.00
41.83862,3.410,-1.506,0.00
41.84878,3.546,-2.224,0.00
41.85969,3.546,-2.224,0.00
41.86985,3.637,-2.975,0.00
41.88000,3.661,-2.975,0.00
41.89024,3.661,-3.722,0.00
41.90045,3.651,-3.722,0.00
41.91151,3.651,-4.399,0.00
41.92181,3.623,-4.399,0.00
41.93239,3.623,-4.957,0.00
41.94268,3.590,-4.957,0.00
41.95283,3.590,-5.367,0.00
41.96299,3.590,-5.726,0.00
41.97315,3.544,-5.726,0.00
41.98332,3.470,-5.891,0.00
41.99354,3.470,-5.891,0.00
42.00373,3.368,-6.049,0.00
42.01389,3.368,-6.049,0.00
42.02405,3.368,-6.049,0.00
42.03421,3.280,-6.173,0.00
42.04487,3.236,-6.204,0.00
42.05504,3.236,-6.204,0.00
42.06519,3.202,-6.299,0.00
42.07535,3.202,-6.299,0.00
42.08550,3.138,-6.196,0.00
42.09566,3.138,-6.196,0.00
42.10583,3.087,-6.013,0.00
42.11599,3.087,-6.013,0.00
42.12615,3.053,-5.808,0.00
42.13641,3.053,-5.808,0.00
42.14657,3.025,-5.524,0.00
42.15678,3.025,-5.524,0.00
42.16712,3.006,-4.908,0.00
42.17739,3.006,-4.908,0.00
42.18755,2.983,-3.983,0.00
42.19779,2.983,-3.983,0.00
42.20838,2.919,-2.853,0.00
42.21854,2.919,-2.853,0.00
42.22870,2.823,-1.697,0.00
42.23954,2.823,-1.697,0.00
42.24969,2.706,-0.610,0.00
42.26024,2.706,-0.610,0.00
42.27052,2.594,0.400,0.00
42.28076,2.487,1.368,0.00
42.29171,2.487,1.368,0.00
42.30187,2.382,2.018,0.00
42.31246,2.382,2.018,0.00
42.32262,2.304,2.018,0.00
42.33298,2.304,2.447,0.00
42.34314,2.275,2.686,0.00
42.35343,2.275,2.686,0.00
42.36359,2.275,2.813,0.00
42.37406,2.265,2.813,0.00
42.38441,2.268,2.885,0.00
42.39478,2.268,2.885,0.00
42.40515,2.279,2.923,0.00
42.41532,2.279,2.923,0.00
42.42547,2.300,2.929,0.00
42.43562,2.300,2.929,0.00
42.44577,2.318,2.922,0.00
42.45593,2.318,2.922,0.00
42.46610,2.288,2.857,0.00
42.47652,2.288,2.857,0.00
42.48670,2.208,2.665,0.00
42.49697,2.208,2.665,0.00
42.50714,2.109,2.387,0.00
42.51741,2.109,2.387,0.00
42.52757,2.014,2.083,0.00
42.53784,2.014,2.083,0.00
42.54820,1.909,1.781,0.00
42.55879,1.909,1.781,0.00
42.56882,1.801,1.470,0.00
42.57936,1.801,1.470,0.00
42.58972,1.724,1.156,0.00
42.60011,1.724,1.156,0.00
42.61054,1.681,0.810,0.00
42.62071,1.660,0.810,0.00
42.63147,1.660,0.516,0.00
42.64163,1.640,0.516,0.00
42.65204,1.640,0.258,0.00
42.66249,1.625,0.007,0.00
42.67291,1.625,0.007,0.00
42.68308,1.627,-0.235,0.00
42.69343,1.627,-0.235,0.00
42.70369,1.618,-0.478,0.00
42.71395,1.618,-0.478,0.00
42.72409,1.589,-0.769,0.00
42.73426,1.589,-0.769,0.00
42.74442,1.571,-1.083,0.00
42.75458,1.571,-1.083,0.00
42.76485,1.569,-1.416,0.00
42.77499,1.569,-1.416,0.00
42.78515,1.567,-1.672,0.00
42.79531,1.567,-1.672,0.00
42.80546,1.567,-1.672,0.00
42.81562,1.563,-1.885,0.00
42.82579,1.583,-2.075,0.00
42.83596,1.583,-2.075,0.00
42.84612,1.630,-2.136,0.00
42.85628,1.630,-2.136,0.00
42.86661,1.676,-2.166,0.00
42.87717,1.676,-2.166,0.00
42.88741,1.706,-2.215,0.00
42.89806,1.706,-2.215,0.00
42.90832,1.719,-2.292,0.00
42.91863,1.719,-2.292,0.00
42.92880,1.716,-2.392,0.00
42.93897,1.716,-2.392,0.00
42.95808,1.701,-2.483,0.00
42.96976,1.676,-2.483,0.00
42.98011,1.676,-2.546,0.00
42.99063,1.676,-2.546,0.00
43.01263,1.645,-2.640,0.00
43.03476,1.639,-2.684,0.00
43.05212,1.635,-2.732,0.00
43.06867,1.635,-2.732,0.00
43.08667,1.642,-2.797,0.00
43.10946,1.655,-2.790,0.00
43.11979,1.681,-2.790,0.00
43.13547,1.681,-2.780,0.00
43.15128,1.634,-2.775,0.00
43.16700,1.610,-2.775,0.00
43.19473,1.610,-2.759,0.00
43.21297,1.588,-2.726,0.00
43.22903,1.548,-2.713,0.00
43.24758,1.548,-2.713,0.00
43.25875,1.528,-2.696,0.00
43.27176,1.548,-2.679,0.00
43.29522,1.568,-2.672,0.00
43.31179,1.496,-2.671,0.00
43.32641,1.496,-2.671,0.00
43.34824,1.468,-2.666,0.00
43.36797,1.459,-2.666,0.00
43.40355,1.443,-2.681,0.00
43.43430,1.434,-2.703,0.00
43.44945,1.434,-2.714,0.00
43.46540,1.422,-2.728,0.00
43.47736,1.416,-2.728,0.00
43.51352,1.415,-2.749,0.00
43.53766,1.444,-2.755,0.00
43.55369,1.473,-2.762,0.00
43.56757,1.478,-2.773,0.00
43.57789,1.478,-2.773,0.00
43.59934,1.472,-2.784,0.00
43.61930,1.479,-2.790,0.00
43.62969,1.479,-2.790,0.00
43.64289,1.501,-2.790,0.00
43.66689,1.525,-2.787,0.00
43.67754,1.525,-2.787,0.00
43.68818,1.579,-2.784,0.00
43.69919,1.579,-2.780,0.00
43.70998,1.595,-2.780,0.00
43.72051,1.595,-2.780,0.00
43.73200,1.605,-2.778,0.00
43.74211,1.605,-2.778,0.00
43.75923,1.623,-2.773,0.00
43.76941,1.649,-2.773,0.00
43.78088,1.671,-2.772,0.00
43.79126,1.671,-2.772,0.00
43.80162,1.694,-2.778,0.00
43.81901,1.694,-2.784,0.00
43.83089,1.721,-2.784,0.00
43.84704,1.741,-2.793,0.00
43.85751,1.741,-2.793,0.00
43.87584,1.748,-2.793,0.00
43.88731,1.751,-2.816,0.00
43.89922,1.752,-2.816,0.00
43.90937,1.752,-2.816,0.00
43.92521,1.752,-2.820,0.00
43.93593,1.752,-2.820,0.00
43.98807,1.752,-2.842,0.00
44.04204,1.742,-2.856,0.00
44.05233,1.703,-2.856,0.00
44.06293,0.107,-0.106,0.00
44.07331,0.092,-0.106,0.00
44.08346,0.090,-0.106,0.00
44.09362,0.090,-0.115,0.00
44.10377,0.097,-0.122,0.00
44.11393,0.097,-0.122,0.00
44.12476,0.096,-0.129,0.00
44.13492,0.096,-0.129,0.00
44.14515,0.087,-0.133,0.00
44.15539,0.087,-0.133,0.00
44.16581,0.100,-0.138,0.00
44.17596,0.100,-0.138,0.00
44.18611,0.100,-0.143,0.00
44.19635,0.128,-0.143,0.00
44.20651,0.145,-0.144,0.00
44.21675,0.145,-0.144,0.00
44.22707,0.147,-0.148,0.00
44.23731,0.147,-0.148,0.00
44.24754,0.150,-0.154,0.00
44.25879,0.150,-0.154,0.00
44.26897,0.168,-0.160,0.00
44.27912,0.168,-0.160,0.00
44.28940,0.189,-0.165,0.00
44.29969,0.202,-0.166,0.00
44.30985,0.202,-0.166,0.00
44.32017,0.202,-0.166,0.00
44.33042,0.210,-0.167,0.00
44.34057,0.210,-0.167,0.00
44.35102,0.215,-0.171,0.00
44.36092,0.215,-0.171,0.00
44.37114,0.223,-0.178,0.00
44.38130,0.241,-0.178,0.00
44.39145,0.241,-0.186,0.00
44.40160,0.241,-0.186,0.00
44.41327,0.260,-0.193,0.00
44.42367,0.277,-0.200,0.00
44.43383,0.277,-0.200,0.00
44.44401,0.293,-0.207,0.00
44.45416,0.293,-0.207,0.00
44.46450,0.308,-0.216,0.00
44.47466,0.308,-0.216,0.00
44.48482,0.329,-0.219,0.00
44.49498,0.329,-0.219,0.00
44.50578,0.357,-0.225,0.00
44.51605,0.357,-0.225,0.00
44.52620,0.379,-0.234,0.00
44.53640,0.379,-0.234,0.00
44.54657,0.393,-0.240,0.00
44.55748,0.393,-0.240,0.00
44.56769,0.407,-0.240,0.00
44.57789,0.407,-0.240,0.00
44.58804,0.428,-0.239,0.00
44.59904,0.428,-0.239,0.00
44.60919,0.452,-0.243,0.00
44.62109,0.452,-0.249,0.00
44.63129,0.479,-0.249,0.00
44.64145,0.479,-0.249,0.00
44.65162,0.505,-0.253,0.00
44.66188,0.531,-0.253,0.00
44.67209,0.531,-0.258,0.00
44.68224,0.557,-0.265,0.00
44.69243,0.557,-0.265,0.00
44.70275,0.583,-0.274,0.00
44.71296,0.583,-0.274,0.00
44.72321,0.583,-0.286,0.00
44.73336,0.606,-0.286,0.00
44.74352,0.606,-0.298,0.00
44.75382,0.631,-0.298,0.00
44.76398,0.659,-0.312,0.00
44.77414,0.659,-0.312,0.00
44.78430,0.686,-0.326,0.00
44.79468,0.686,-0.326,0.00
44.80483,0.707,-0.342,0.00
44.81509,0.707,-0.342,0.00
44.82524,0.749,-0.360,0.00
44.83540,0.749,-0.360,0.00
44.84561,0.826,-0.378,0.00
44.85576,0.826,-0.378,0.00
44.86603,0.904,-0.394,0.00
44.87625,0.904,-0.394,0.00
44.88689,0.904,-0.394,0.00
44.89679,0.970,-0.411,0.00
44.90701,1.021,-0.428,0.00
44.91724,1.021,-0.428,0.00
44.92747,1.064,-0.444,0.00
44.93936,1.064,-0.444,0.00
44.94951,1.104,-0.462,0.00
44.95992,1.104,-0.462,0.00
44.97007,1.130,-0.479,0.00
44.98022,1.130,-0.479,0.00
44.99038,1.180,-0.495,0.00
45.00075,1.180,-0.495,0.00
45.01135,1.270,-0.512,0.00
45.02151,1.270,-0.512,0.00
45.03171,1.442,-0.523,0.00
45.04188,1.442,-0.523,0.00
45.05219,1.894,-0.534,0.00
45.06244,2.623,-0.544,0.00
45.07295,2.623,-0.544,0.00
45.08335,3.861,-0.554,0.00
45.09382,3.861,-0.554,0.00
45.10422,5.027,-0.560,0.00
45.11438,5.027,-0.560,0.00
45.12456,6.052,-0.560,0.00
45.13478,6.052,-0.567,0.00
45.14499,6.052,-0.567,0.00
45.15514,7.271,-0.572,0.00
45.16529,8.563,-0.573,0.00
45.17546,8.563,-0.573,0.00
45.18564,10.176,-0.573,0.00
45.19643,10.176,-0.573,0.00
45.20684,11.905,-0.576,0.00
45.21759,11.905,-0.576,0.00
45.22775,13.782,-0.578,11.00
45.23804,13.782,-0.578,11.00
45.24849,15.703,-0.574,11.00
45.26011,17.554,-0.574,11.00
45.27054,17.554,-0.571,11.00
45.28089,19.335,-0.571,11.00
45.30802,21.093,-0.582,11.00
45.31828,21.093,-0.582,11.00
45.33860,21.093,-0.582,11.00
45.34898,24.403,-0.594,11.00
45.37185,26.037,-0.604,11.00
45.38202,27.612,-0.616,11.00
45.40398,27.612,-0.624,11.00
45.41429,28.976,-0.624,11.00
45.43584,29.920,-0.636,11.00
45.44629,30.332,-0.647,11.00
45.45648,30.332,-0.647,11.00
45.46700,30.254,-0.647,11.00
45.47877,30.254,-0.660,11.00
45.48904,29.865,-0.674,11.00
45.50252,29.865,-0.674,11.00
45.51270,29.428,-0.693,11.00
45.52285,29.167,-0.716,11.00
45.53314,29.167,-0.716,11.00
45.54330,29.067,-0.740,11.00
45.55346,29.067,-0.740,11.00
45.56361,29.067,-0.740,11.00
45.57394,29.067,-0.740,11.00
45.58651,29.067,-0.769,11.00
45.61060,28.882,-0.769,11.00
45.62077,27.966,-0.863,11.00
45.64304,27.426,-0.974,11.50
45.65326,26.859,-0.974,11.50
45.67483,26.213,-1.062,11.50
45.68509,25.422,-1.336,11.50
45.70805,24.511,-1.615,11.50
45.71825,24.511,-1.615,11.50
45.74139,23.562,-1.966,11.50
45.75157,22.607,-2.327,11.50
45.77160,21.578,-2.646,12.00
45.78184,20.358,-2.646,12.00
45.79228,20.358,-2.938,12.00
45.80348,18.933,-3.206,12.00
45.81471,18.933,-3.206,12.00
45.82498,17.439,-3.451,12.00
45.83514,17.439,-3.451,12.00
45.84529,16.006,-3.690,12.00
45.85629,16.006,-3.690,12.00
45.86747,14.644,-3.904,12.50
45.87797,14.644,-3.904,12.50
45.88839,13.270,-4.042,12.50
45.91593,13.270,-4.042,13.00
45.92618,10.404,-4.170,13.00
45.94814,10.404,-4.170,13.50
45.95856,10.404,-4.170,13.50
45.98097,10.404,-4.170,14.00
45.99112,10.404,-4.170,14.00
46.01292,6.627,-4.151,14.50
46.02308,6.627,-4.151,14.50
46.03518,5.698,-4.094,14.50
46.04538,5.698,-4.094,15.00
46.05554,4.906,-4.017,15.00
46.06569,4.227,-3.939,15.00
46.09058,4.227,-3.939,16.00
46.10077,3.137,-3.839,16.00
46.12273,2.656,-3.798,17.00
46.13352,2.524,-3.765,17.00
46.15493,2.336,-3.744,17.50
46.16524,2.123,-3.731,17.50
46.18745,2.123,-3.730,18.50
46.19797,1.815,-3.730,18.50
46.22209,1.519,-3.737,19.00
46.23228,1.438,-3.756,19.00
46.25072,1.438,-3.756,20.00
46.26091,1.529,-3.799,20.00
46.27112,1.685,-3.859,20.00
46.28303,1.685,-3.859,20.50
46.29321,1.771,-3.923,20.50
46.30342,1.771,-3.923,20.50
46.32041,1.826,-4.006,21.50
46.33079,1.915,-4.089,21.50
46.34096,1.915,-4.089,21.50
46.35159,2.031,-4.192,22.00
46.36175,2.031,-4.192,22.00
46.37218,2.084,-4.331,22.00
46.38224,2.084,-4.331,22.50
46.39249,2.192,-4.477,22.50
46.40268,2.313,-4.627,22.50
46.42745,2.442,-4.780,23.00
46.43794,2.442,-4.780,23.00
46.46330,2.700,-5.129,23.00
46.47394,2.700,-5.129,23.00
46.49174,2.700,-5.293,23.50
46.50190,2.870,-5.460,23.50
46.52359,3.136,-5.635,23.50
46.53379,3.136,-5.635,23.50
46.54403,3.214,-5.635,23.50
46.55568,3.214,-5.814,24.00
46.56585,3.278,-5.995,24.00
46.57603,3.278,-5.995,24.00
46.58723,3.278,-6.182,24.00
46.59812,3.300,-6.182,24.00
46.60857,3.289,-6.367,24.00
46.61917,3.289,-6.367,24.00
46.62949,3.290,-6.535,24.00
46.64077,3.290,-6.535,24.00
46.67005,3.390,-6.851,24.00
46.68311,3.390,-6.851,24.00
46.69873,3.390,-6.851,24.00
46.70891,3.470,-7.104,24.00
46.73314,3.470,-7.104,24.50
46.74332,3.487,-7.197,24.50
46.76526,3.532,-7.296,24.50
46.77561,3.532,-7.296,24.50
46.79458,3.561,-7.292,24.50
46.80476,3.598,-7.242,24.50
46.82758,3.640,-7.137,24.50
46.83812,3.640,-7.137,24.50
46.84828,3.683,-6.949,24.50
46.85946,3.683,-6.949,24.50
46.86963,3.728,-6.729,24.50
46.88010,3.728,-6.729,24.50
46.89079,3.774,-6.449,24.50
46.90097,3.774,-6.449,24.50
46.91111,3.820,-6.115,24.50
46.92283,3.820,-6.115,24.50
46.93300,3.874,-5.763,24.50
46.94316,3.874,-5.763,24.50
46.95334,3.929,-5.425,24.50
46.97091,3.929,-5.425,24.50
46.98128,3.981,-5.080,24.50
47.00297,4.024,-4.320,24.50
47.01330,4.069,-4.320,24.50
47.03461,4.069,-4.320,24.50
47.04480,4.116,-3.973,24.50
47.05499,4.116,-3.647,24.50
47.06728,4.122,-3.335,24.50
47.07751,4.122,-3.335,24.50
47.08767,4.130,-3.019,24.50
47.09955,4.130,-3.019,24.50
47.11009,4.151,-2.696,24.50
47.12027,4.151,-2.696,24.50
47.13174,4.170,-2.357,24.50
47.14250,4.170,-2.357,24.50
47.15265,4.170,-2.357,24.50
47.17918,4.170,-2.017,24.50
47.18964,4.218,-2.017,24.50
47.21144,4.280,-1.601,24.50
47.22209,4.280,-1.601,24.50
47.24252,4.280,-1.601,24.50
47.25271,4.280,-1.601,24.50
47.27469,4.280,-1.601,24.50
47.28514,4.280,-1.601,24.50
47.30740,4.280,-1.223,24.50
47.31945,4.488,-0.841,24.50
47.34138,4.499,0.229,24.50
47.35154,4.622,0.938,24.50
47.36172,4.622,0.938,24.50
47.37188,4.622,0.938,24.50
47.38202,4.622,0.938,24.50
47.39234,4.622,0.938,24.50
47.40261,4.622,0.938,0.00
47.41291,4.622,0.938,0.00
47.42325,4.622,0.938,0.00
47.43355,4.622,0.938,0.00
47.44375,4.622,0.938,0.00
47.45391,4.758,1.709,0.00
47.46408,4.831,2.088,0.00
47.47423,4.871,2.822,0.00
47.48440,4.922,3.187,0.00
47.49455,4.956,3.544,0.00
47.50469,4.956,3.544,0.00
47.51493,4.956,3.544,0.00
47.52508,4.956,3.544,0.00
47.53525,4.956,3.544,0.00
47.54541,4.956,3.544,0.00
47.55558,4.956,3.544,0.00
47.56595,4.956,3.544,0.00
47.57612,4.923,3.896,0.00
47.58627,4.818,4.226,0.00
47.59643,4.680,4.591,0.00
47.60673,4.608,4.942,0.00
47.61706,4.693,5.997,0.00
47.62739,4.693,5.997,0.00
47.63756,4.693,5.997,0.00
47.64774,4.693,5.997,0.00
47.65791,4.693,5.997,0.00
47.66830,4.693,5.997,0.00
47.67868,4.693,5.997,0.00
47.68903,4.693,5.997,0.00
47.69944,4.693,5.997,0.00
47.70973,4.824,6.719,0.00
47.72007,4.863,8.341,0.00
47.73051,4.841,10.083,0.00
47.74066,4.820,10.938,0.00
47.75082,4.780,11.420,0.00
47.76098,4.780,11.420,0.00
47.77113,4.780,11.420,0.00
47.78131,4.780,11.420,0.00
47.79147,4.780,11.420,0.00
47.80163,4.780,11.420,0.00
47.81179,4.780,11.420,0.00
47.82195,4.780,11.420,0.00
47.83219,4.780,11.420,0.00
47.84246,4.627,12.534,0.00
47.85260,4.560,13.109,0.00
47.86276,4.514,13.745,0.00
47.87310,4.478,14.866,0.00
47.88353,4.457,14.866,0.00
47.89389,4.457,14.866,0.00
47.90406,4.457,14.866,0.00
47.91421,4.457,14.866,0.00
47.92512,4.457,14.866,0.00
47.93542,4.457,14.866,0.00
47.94574,4.457,14.866,0.00
47.95641,4.457,14.866,0.00
47.96676,4.435,15.404,0.00
47.97717,4.387,15.791,0.00
47.98732,4.321,15.946,0.00
47.99759,4.271,15.896,0.00
48.00775,4.234,15.470,0.00
48.01790,4.194,15.106,0.00
48.02806,4.194,15.106,0.00
48.03821,4.194,15.106,0.00
48.04836,4.194,15.106,0.00
48.05852,4.194,15.106,0.00
48.06866,4.194,15.106,0.00
48.07881,4.194,15.106,0.00
48.08896,4.194,15.106,0.00
48.09911,4.194,15.106,0.00
48.10928,4.194,15.106,0.00
48.12019,4.169,14.684,0.00
48.13082,4.239,14.300,0.00
48.14106,4.495,13.979,0.00
48.15121,4.672,13.677,0.00
48.16141,4.842,13.096,0.00
48.17173,4.982,12.787,0.00
48.18206,4.982,12.787,0.00
48.19239,4.982,12.787,0.00
48.20272,4.982,12.787,0.00
48.21305,4.982,12.787,0.00
48.22341,4.982,12.787,0.00
48.23476,4.982,12.787,0.00
48.24613,5.084,12.477,0.00
48.25639,5.261,12.143,0.00
48.26654,5.309,11.543,0.00
48.27673,5.466,11.205,0.00
48.28712,5.466,10.737,0.00
48.29744,5.466,10.737,0.00
48.30793,5.466,10.737,0.00
48.31844,5.466,10.737,0.00
48.32858,5.466,10.737,0.00
48.33875,5.466,10.737,0.00
48.34893,5.466,10.737,0.00
48.35908,5.466,10.737,0.00
48.36924,5.466,10.737,0.00
48.37993,5.561,10.076,0.00
48.39009,5.655,9.092,0.00
48.40025,5.929,6.652,0.00
48.41063,6.037,5.241,0.00
48.42084,6.067,3.770,0.00
48.43113,5.996,2.235,0.00
48.44139,5.733,0.699,0.00
48.45155,5.733,-0.808,0.00
48.46171,5.733,-0.808,0.00
48.47194,5.569,-2.368,0.00
48.48210,5.416,-3.593,0.00
48.49226,5.416,-3.593,0.00
48.50244,5.290,-3.593,0.00
48.51260,5.290,-4.552,0.00
48.52277,5.290,-5.167,0.00
48.53304,5.152,-5.167,0.00
48.54331,5.152,-5.453,0.00
48.55359,4.977,-5.453,0.00
48.56375,4.977,-5.453,0.00
48.57402,4.772,-5.649,0.00
48.58434,4.772,-5.649,0.00
48.59449,4.772,-5.649,0.00
48.60465,4.772,-5.649,0.00
48.61481,4.283,-4.916,0.00
48.62496,4.009,-4.163,0.00
48.63511,4.009,-4.163,0.00
48.64526,3.725,-3.120,0.00
48.65539,3.725,-3.120,0.00
48.66574,3.476,-2.119,0.00
48.67602,3.476,-2.119,0.00
48.68615,3.269,-1.090,0.00
48.69630,3.269,-1.090,0.00
48.70654,3.073,-0.001,0.00
48.71670,3.073,-0.001,0.00
48.72686,2.867,1.902,0.00
48.73702,2.867,1.902,0.00
48.74718,2.616,2.643,0.00
48.75737,2.616,2.643,0.00
48.76753,2.378,3.258,0.00
48.77776,2.378,3.258,0.00
48.78800,2.101,3.764,0.00
48.79848,2.101,3.764,0.00
48.80862,1.881,4.069,0.00
48.81890,1.881,4.069,0.00
48.82896,1.741,4.213,0.00
48.83923,1.741,4.213,0.00
48.84939,1.623,4.251,0.00
48.85956,1.623,4.251,0.00
48.86981,1.535,4.120,0.00
48.87996,1.535,4.120,0.00
48.89011,1.508,3.933,0.00
48.90036,1.508,3.933,0.00
48.91095,1.504,3.729,0.00
48.92109,1.504,3.729,0.00
48.93192,1.504,3.508,0.00
48.94221,1.506,3.508,0.00
48.95237,1.506,3.262,0.00
48.96312,1.514,3.262,0.00
48.97328,1.514,3.000,0.00
48.98352,1.522,3.000,0.00
48.99365,1.522,2.713,0.00
49.00435,1.511,2.353,0.00
49.01473,1.511,2.353,0.00
49.02490,1.491,1.970,0.00
49.03505,1.491,1.970,0.00
49.04521,1.478,1.586,0.00
49.05537,1.478,1.586,0.00
49.06574,1.486,1.208,0.00
49.07590,1.486,1.208,0.00
49.08615,1.520,0.837,0.00
49.09636,1.520,0.837,0.00
49.11467,1.588,0.369,0.00
49.13089,1.672,-0.037,0.00
49.14129,1.672,-0.037,0.00
49.15949,1.744,-0.667,0.00
49.17049,1.789,-0.667,0.00
49.18150,1.789,-0.910,0.00
49.19937,1.805,-0.910,0.00
49.21577,1.805,-0.910,0.00
49.23456,1.816,-1.139,0.00
49.25098,1.836,-1.139,0.00
49.26290,1.836,-1.699,0.00
49.28123,1.842,-1.699,0.00
49.29737,1.842,-1.830,0.00
49.31279,1.842,-1.970,0.00
49.32366,1.842,-1.970,0.00
49.33640,1.842,-2.059,0.00
49.34746,1.842,-2.059,0.00
49.36294,1.839,-2.191,0.00
49.37357,1.839,-2.218,0.00
49.39179,1.766,-2.185,0.00
49.40964,1.735,-2.174,0.00
49.42074,1.735,-2.193,0.00
49.43794,1.734,-2.193,0.00
49.45481,1.727,-2.192,0.00
49.49482,1.649,-2.176,0.00
49.51383,1.649,-2.144,0.00
49.52529,1.637,-2.132,0.00
49.54579,1.637,-2.132,0.00
49.56028,1.650,-2.132,0.00
49.57114,1.650,-2.096,0.00
49.58756,1.650,-2.096,0.00
49.59976,1.633,-2.062,0.00
49.61523,1.633,-2.026,0.00
49.62609,1.633,-2.026,0.00
49.63761,1.633,-1.997,0.00
49.65376,1.622,-1.968,0.00
49.66440,1.622,-1.968,0.00
49.67540,1.622,-1.935,0.00
49.69532,1.613,-1.903,0.00
49.71219,1.613,-1.877,0.00
49.72781,1.597,-1.877,0.00
49.75075,1.588,-1.819,0.00
49.76147,1.588,-1.819,0.00
49.77326,1.588,-1.800,0.00
49.78966,1.567,-1.800,0.00
49.80510,1.567,-1.787,0.00
49.82257,1.567,-1.787,0.00
49.83355,1.567,-1.776,0.00
49.85102,1.498,-1.763,0.00
49.86163,1.498,-1.763,0.00
49.87256,1.478,-1.760,0.00
49.88373,1.478,-1.760,0.00
49.89417,1.478,-1.772,0.00
49.91261,1.447,-1.787,0.00
49.92472,1.427,-1.787,0.00
49.93540,1.427,-1.802,0.00
49.94569,1.427,-1.802,0.00
49.95841,1.397,-1.819,0.00
49.97499,1.397,-1.838,0.00
49.98568,1.397,-1.838,0.00
49.99952,1.397,-1.859,0.00
50.01871,1.339,-1.881,0.00
50.03472,1.339,-1.881,0.00
50.05024,1.333,-1.899,0.00
50.06132,1.333,-1.947,0.00
50.07786,1.331,-1.947,0.00
50.08933,1.331,-1.969,0.00
50.10128,1.331,-1.969,0.00
50.15366,1.362,-1.969,0.00
50.21486,1.486,-2.002,0.00
50.22562,1.486,-2.014,0.00
50.23581,-0.121,-0.131,0.00
50.24596,-0.114,-0.128,0.00
50.25625,-0.114,-0.128,0.00
50.26652,-0.103,-0.126,0.00
50.27668,-0.103,-0.126,0.00
50.28685,-0.090,-0.121,0.00
50.29701,-0.090,-0.121,0.00
50.30727,-0.083,-0.117,0.00
50.31762,-0.083,-0.117,0.00
50.32779,-0.072,-0.116,0.00
50.33801,-0.072,-0.116,0.00
50.34834,-0.070,-0.118,0.00
50.35850,-0.070,-0.118,0.00
50.36866,-0.085,-0.121,0.00
50.37917,-0.085,-0.121,0.00
50.38933,-0.107,-0.124,0.00
50.39966,-0.107,-0.126,0.00
50.41021,-0.122,-0.126,0.00
50.42038,-0.136,-0.126,0.00
50.43077,-0.136,-0.127,0.00
50.44110,-0.136,-0.127,0.00
50.45157,-0.163,-0.125,0.00
50.46183,-0.163,-0.125,0.00
50.47214,-0.193,-0.122,0.00
50.48241,-0.193,-0.122,0.00
50.49256,-0.219,-0.116,0.00
50.50287,-0.261,-0.109,0.00
50.51303,-0.261,-0.109,0.00
50.52318,-0.261,-0.109,0.00
50.53334,-0.302,-0.101,0.00
50.54350,-0.351,-0.092,0.00
50.55406,-0.351,-0.092,0.00
50.56423,-0.391,-0.082,0.00
50.57438,-0.391,-0.082,0.00
50.58528,-0.425,-0.065,0.00
50.59544,-0.425,-0.065,0.00
50.60559,-0.453,-0.054,0.00
50.61574,-0.453,-0.054,0.00
50.62595,-0.453,-0.054,0.00
50.63610,-0.471,-0.045,0.00
50.64648,-0.484,-0.036,0.00
50.65657,-0.484,-0.036,0.00
50.66672,-0.491,-0.027,0.00
50.67698,-0.491,-0.027,0.00
50.68735,-0.494,-0.017,0.00
50.69752,-0.494,-0.017,0.00
50.70766,-0.491,-0.009,0.00
50.71782,-0.491,-0.009,0.00
50.72813,-0.470,-0.005,0.00
50.73858,-0.424,-0.003,0.00
50.74874,-0.424,-0.003,0.00
50.75894,-0.424,-0.003,0.00
50.76932,-0.374,-0.006,0.00
50.77948,-0.338,-0.014,0.00
50.78964,-0.338,-0.014,0.00
50.79997,-0.338,-0.014,0.00
50.81016,-0.301,-0.024,0.00
50.82032,-0.250,-0.024,0.00
50.83060,-0.250,-0.029,0.00
50.84086,-0.250,-0.029,0.00
50.85123,-0.205,-0.037,0.00
50.86190,-0.181,-0.037,0.00
50.87206,-0.181,-0.045,0.00
50.88221,-0.181,-0.052,0.00
50.89235,-0.159,-0.052,0.00
50.90251,-0.159,-0.063,0.00
50.91266,-0.120,-0.063,0.00
50.92282,-0.073,-0.076,0.00
50.93310,-0.073,-0.076,0.00
50.94328,-0.051,-0.088,0.00
50.95344,-0.051,-0.088,0.00
50.96361,-0.041,-0.112,0.00
50.97378,-0.041,-0.112,0.00
50.98394,-0.032,-0.117,0.00
50.99409,-0.032,-0.117,0.00
51.00424,-0.023,-0.124,0.00
51.01441,-0.023,-0.124,0.00
51.02457,-0.019,-0.132,0.00
51.03473,-0.019,-0.132,0.00
51.04490,-0.021,-0.142,0.00
51.05506,-0.021,-0.142,0.00
51.06523,-0.034,-0.153,0.00
51.07543,-0.034,-0.153,0.00
51.08562,-0.045,-0.159,0.00
51.09588,-0.045,-0.159,0.00
51.10604,-0.054,-0.161,0.00
51.11621,-0.054,-0.161,0.00
51.12639,-0.061,-0.162,0.00
51.13657,-0.061,-0.162,0.00
51.14673,-0.071,-0.154,0.00
51.15695,-0.071,-0.154,0.00
51.16722,-0.089,-0.143,0.00
51.17753,-0.089,-0.143,0.00
51.18769,-0.105,-0.134,0.00
51.19785,-0.105,-0.134,0.00
51.20816,-0.112,-0.116,0.00
51.21847,-0.112,-0.116,0.00
51.22866,-0.111,-0.103,0.00
51.23881,-0.111,-0.103,0.00
51.24897,-0.111,-0.103,0.00
51.25913,-0.111,-0.103,0.00
51.26972,-0.111,-0.103,0.00
51.27988,-0.155,-0.075,0.00
51.29005,-0.155,-0.075,0.00
51.30032,-0.155,-0.075,0.00
51.31065,-0.155,-0.075,0.00
51.32076,-0.184,-0.075,0.00
51.33092,-0.184,-0.065,0.00
51.34198,-0.184,-0.065,0.00
51.35232,-0.199,-0.055,0.00
51.36274,-0.199,-0.055,0.00
51.37306,-0.199,-0.055,0.00
51.38339,-0.199,-0.055,0.00
51.39373,-0.199,-0.047,0.00
51.40422,-0.203,-0.046,0.00
51.41445,-0.178,-0.046,0.00
51.42461,-0.068,-0.046,0.00
51.43481,-0.008,-0.059,0.00
51.44498,0.108,-0.067,0.00
51.45519,0.108,-0.067,0.00
51.46534,0.339,-0.074,0.00
51.47550,0.339,-0.074,0.00
51.48660,0.887,-0.082,0.00
51.49676,0.887,-0.082,0.00
51.50748,1.857,-0.091,0.00
51.51769,1.857,-0.091,0.00
51.52789,3.092,-0.101,0.00
51.53808,3.092,-0.101,0.00
51.54827,4.346,-0.109,0.00
51.55844,4.346,-0.109,0.00
51.56860,5.282,-0.115,0.00
51.57876,5.282,-0.115,0.00
51.58900,6.049,-0.117,0.00
51.59916,6.049,-0.117,0.00
51.60931,6.836,-0.110,0.00
51.61988,6.836,-0.110,0.00
51.63069,7.706,-0.099,0.00
51.64116,7.706,-0.099,0.00
51.65152,8.609,-0.083,0.00
51.66187,8.609,-0.083,0.00
51.67212,9.416,-0.070,0.00
51.68228,9.416,-0.070,0.00
51.70687,10.114,-0.052,0.00
51.71706,10.887,-0.025,0.00
51.74171,10.887,-0.025,11.00
51.75224,13.179,0.008,11.00
51.77183,13.179,0.008,11.00
51.78202,14.495,0.019,11.00
51.80355,16.979,0.008,11.00
51.81386,16.979,0.008,11.00
51.83497,17.841,-0.012,11.00
51.84529,17.841,-0.041,11.00
51.85560,18.339,-0.041,11.00
51.86737,18.885,-0.069,11.00
51.87753,18.885,-0.069,11.00
51.88770,19.714,-0.087,11.00
51.90158,19.714,-0.087,11.00
51.91175,19.714,-0.087,11.00
51.92191,19.714,-0.087,11.00
51.93489,19.714,-0.087,11.00
51.94503,19.714,-0.087,11.00
51.95520,21.519,-0.111,11.00
51.96548,21.519,-0.111,11.00
51.97584,22.225,-0.135,11.00
51.98610,22.628,-0.135,11.00
51.99626,22.628,-0.156,11.00
52.00648,22.628,-0.156,11.00
52.01664,22.628,-0.156,11.00
52.04309,22.883,-0.156,11.00
52.05328,23.004,-0.221,11.00
52.07522,22.489,-0.243,11.00
52.08573,21.673,-0.243,11.00
52.10929,20.597,-0.265,11.00
52.12029,20.597,-0.265,11.00
52.14101,19.419,-0.283,11.50
52.15208,18.224,-0.302,11.50
52.17309,16.989,-0.364,11.50
52.18364,15.659,-0.601,11.50
52.19404,15.659,-0.601,11.50
52.20529,14.242,-0.777,11.50
52.21545,14.242,-0.777,11.50
52.22572,14.242,-0.777,11.50
52.23595,14.242,-0.777,11.50
52.24765,12.807,-0.985,11.50
52.25781,11.408,-1.146,11.50
52.26821,10.093,-1.280,12.00
52.27845,10.093,-1.280,12.00
52.28860,8.937,-1.416,12.00
52.31452,8.937,-1.416,12.00
52.32471,7.049,-1.687,12.00
52.34692,6.246,-1.687,12.00
52.35710,6.246,-1.850,12.00
52.38041,5.431,-1.977,12.50
52.39062,4.569,-2.101,12.50
52.40077,3.755,-2.196,12.50
52.41265,3.755,-2.196,13.00
52.42297,3.173,-2.253,13.00
52.43340,3.173,-2.253,13.00
52.44393,3.173,-2.253,13.50
52.45415,2.905,-2.272,13.50
52.46432,2.715,-2.253,13.50
52.47450,2.715,-2.253,14.00
52.48470,2.715,-2.215,14.00
52.49486,2.419,-2.215,14.00
52.50816,1.938,-2.215,14.50
52.51845,1.938,-2.164,14.50
52.52862,1.543,-2.106,14.50
52.53877,1.543,-2.106,14.50
52.55554,1.177,-2.040,15.00
52.56595,0.809,-1.968,15.00
52.58785,0.413,-1.906,16.00
52.59866,0.413,-1.906,16.00
52.60882,0.151,-1.853,16.00
52.62150,0.151,-1.853,17.00
52.63191,0.098,-1.814,17.00
52.64211,0.092,-1.789,17.00
52.65227,0.092,-1.789,17.50
52.66242,0.116,-1.776,17.50
52.67267,0.116,-1.776,17.50
52.68314,0.144,-1.777,18.50
52.69348,0.144,-1.777,18.50
52.70370,0.152,-1.777,18.50
52.71492,0.152,-1.775,19.50
52.72510,0.152,-1.793,19.50
52.73531,0.219,-1.793,19.50
52.76459,0.296,-1.818,20.00
52.77477,0.327,-1.848,20.00
52.79507,0.327,-1.848,21.00
52.80523,0.265,-1.917,21.00
52.82806,0.263,-1.951,21.50
52.83888,0.263,-1.951,21.50
52.85945,0.304,-2.023,22.00
52.86961,0.304,-2.023,22.00
52.87996,0.340,-2.023,22.00
52.89172,0.340,-2.058,22.50
52.90192,0.340,-2.097,22.50
52.91397,0.378,-2.097,22.50
52.92504,0.397,-2.097,23.00
52.93524,0.397,-2.141,23.00
52.94552,0.428,-2.178,23.00
52.95573,0.428,-2.178,23.00
52.96587,0.472,-2.220,23.00
52.97811,0.472,-2.220,23.00
52.98832,0.527,-2.246,23.50
52.99895,0.527,-2.246,23.50
53.00910,0.592,-2.256,23.50
53.03461,0.592,-2.256,23.50
53.04480,0.636,-2.346,23.50
53.06723,0.653,-2.442,24.00
53.07740,0.653,-2.442,24.00
53.09853,0.653,-2.442,24.00
53.10870,0.677,-2.568,24.00
53.13144,0.677,-2.749,24.00
53.14187,0.654,-2.962,24.00
53.15230,0.644,-2.962,24.00
53.16345,0.658,-3.199,24.00
53.17389,0.658,-3.199,24.00
53.18420,0.658,-3.199,24.00
53.19529,0.682,-3.446,24.00
53.20581,0.699,-3.665,24.00
53.21595,0.699,-3.665,24.00
53.22703,0.699,-3.883,24.50
53.23736,0.701,-3.883,24.50
53.24753,0.702,-4.078,24.50
53.25986,0.718,-4.078,24.50
53.27011,0.718,-4.262,24.50
53.28048,0.718,-4.262,24.50
53.30731,0.770,-4.577,24.50
53.31746,0.770,-4.577,24.50
53.34055,0.789,-4.672,24.50
53.35074,0.807,-4.728,24.50
53.37085,0.807,-4.763,24.50
53.38119,0.827,-4.760,24.50
53.39138,0.847,-4.760,24.50
53.40337,0.874,-4.732,24.50
53.41352,0.874,-4.732,24.50
53.42374,0.887,-4.732,24.50
53.43531,0.887,-4.677,24.50
53.44566,0.903,-4.586,24.50
53.45671,0.903,-4.586,24.50
53.48374,0.994,-4.355,24.50
53.49410,0.994,-4.355,24.50
53.51453,0.994,-4.355,24.50
53.52471,1.129,-4.017,24.50
53.54765,1.129,-3.844,24.50
53.55803,1.183,-3.844,24.50
53.57861,1.241,-3.666,24.50
53.58928,1.307,-3.483,24.50
53.61145,1.307,-3.483,24.50
53.62173,1.360,-3.287,24.50
53.63210,1.363,-3.077,24.50
53.64590,1.359,-2.861,24.50
53.65611,1.359,-2.861,24.50
53.67709,1.375,-2.603,24.50
53.68748,1.399,-2.373,24.50
53.69781,1.399,-2.373,24.50
53.70797,1.401,-2.144,24.50
53.71820,1.401,-2.144,24.50
53.72864,1.390,-1.905,24.50
53.73886,1.390,-1.905,24.50
53.74934,1.382,-1.657,24.50
53.75963,1.382,-1.657,24.50
53.77108,1.382,-1.657,24.50
53.78158,1.382,-1.657,24.50
53.79200,1.459,-1.185,24.50
53.82045,1.486,-1.185,24.50
53.83134,1.488,-0.698,24.50
53.85163,1.470,-0.467,24.50
53.86179,1.419,-0.231,24.50
53.88301,1.342,-0.231,24.50
53.89332,1.342,0.010,24.50
53.90467,1.298,0.010,0.00
53.91501,1.298,0.258,0.00
53.92540,1.331,0.510,0.00
53.93556,1.331,0.510,0.00
53.94596,1.402,0.771,0.00
53.95625,1.402,0.771,0.00
53.96642,1.485,1.003,0.00
53.97658,1.485,1.003,0.00
53.98673,1.578,1.248,0.00
53.99689,1.578,1.248,0.00
54.00705,1.604,1.453,0.00
54.01725,1.604,1.453,0.00
54.02743,1.499,1.629,0.00
54.03770,1.499,1.629,0.00
54.04793,1.253,1.790,0.00
54.05884,1.253,1.790,0.00
54.06899,0.992,1.955,0.00
54.07924,0.992,1.955,0.00
54.08947,0.883,2.131,0.00
54.09975,0.883,2.131,0.00
54.11001,0.949,2.323,0.00
54.12054,0.949,2.323,0.00
54.13132,1.063,2.534,0.00
54.14156,1.101,2.534,0.00
54.15178,1.101,2.831,0.00
54.16204,1.032,3.157,0.00
54.17227,1.032,3.157,0.00
54.18243,1.032,3.549,0.00
54.19259,0.945,3.549,0.00
54.20292,0.945,3.994,0.00
54.21305,0.906,3.994,0.00
54.22342,0.906,4.478,0.00
54.23374,0.881,4.478,0.00
54.24390,0.837,4.979,0.00
54.25406,0.837,4.979,0.00
54.26425,0.765,4.979,0.00
54.27457,0.765,5.442,0.00
54.28482,0.691,5.812,0.00
54.29498,0.691,5.812,0.00
54.30530,0.623,6.133,0.00
54.31548,0.623,6.133,0.00
54.32564,0.574,6.512,0.00
54.33580,0.574,6.512,0.00
54.34595,0.541,6.858,0.00
54.35611,0.541,6.858,0.00
54.36625,0.540,7.238,0.00
54.37646,0.540,7.238,0.00
54.38661,0.553,7.652,0.00
54.39677,0.553,7.652,0.00
54.40712,0.558,8.073,0.00
54.41747,0.558,8.073,0.00
54.42756,0.541,8.413,0.00
54.43772,0.541,8.413,0.00
54.44786,0.510,8.540,0.00
54.45816,0.510,8.540,0.00
54.46834,0.478,8.457,0.00
54.47865,0.478,8.457,0.00
54.48881,0.461,8.202,0.00
54.50115,0.461,8.202,0.00
54.51131,0.444,7.869,0.00
54.52147,0.414,7.869,0.00
54.53163,0.414,7.394,0.00
54.54179,0.398,7.394,0.00
54.55194,0.398,6.908,0.00
54.56210,0.415,6.908,0.00
54.57228,0.415,6.528,0.00
54.58248,0.415,6.528,0.00
54.59264,0.441,6.278,0.00
54.60279,0.441,6.125,0.00
54.61293,0.438,6.125,0.00
54.62309,0.438,6.125,0.00
54.63325,0.420,6.018,0.00
54.64341,0.426,5.915,0.00
54.65357,0.426,5.915,0.00
54.66373,0.448,5.821,0.00
54.67492,0.448,5.821,0.00
54.68508,0.448,5.821,0.00
54.69565,0.448,5.821,0.00
54.70583,0.449,5.731,0.00
54.71600,0.432,5.655,0.00
54.72619,0.423,5.616,0.00
54.73634,0.423,5.616,0.00
54.74652,0.423,5.615,0.00
54.75668,0.434,5.615,0.00
54.76685,0.459,5.632,0.00
54.77717,0.459,5.632,0.00
54.78749,0.459,5.632,0.00
54.79813,0.459,5.632,0.00
54.80841,0.531,5.664,0.00
54.81866,0.531,5.664,0.00
54.82882,0.577,5.682,0.00
54.83897,0.577,5.682,0.00
54.84922,0.604,5.702,0.00
54.85966,0.604,5.702,0.00
54.86986,0.592,5.722,0.00
54.88058,0.564,5.736,0.00
54.89074,0.564,5.736,0.00
54.90136,0.564,5.736,0.00
54.91172,0.553,5.736,0.00
54.92187,0.582,5.718,0.00
54.93220,0.582,5.718,0.00
54.94268,0.642,5.697,0.00
54.95300,0.642,5.697,0.00
54.96316,0.701,5.682,0.00
54.97331,0.701,5.682,0.00
54.98348,0.720,5.682,0.00
54.99371,0.720,5.678,0.00
55.00387,0.709,5.669,0.00
55.01403,0.709,5.669,0.00
55.02418,0.705,5.657,0.00
55.03430,0.705,5.657,0.00
55.04446,0.705,5.657,0.00
55.05467,0.705,5.657,0.00
55.06484,0.738,5.616,0.00
55.07569,0.738,5.616,0.00
55.08586,0.762,5.590,0.00
55.09606,0.762,5.590,0.00
55.10623,0.773,5.574,0.00
55.11699,0.773,5.574,0.00
55.12717,0.781,5.573,0.00
55.13829,0.781,5.573,0.00
55.14847,0.799,5.582,0.00
55.15864,0.799,5.594,0.00
55.16881,0.821,5.594,0.00
55.17897,0.821,5.594,0.00
55.18913,0.836,5.594,0.00
55.19928,0.836,5.595,0.00
55.21118,0.836,5.595,0.00
55.22162,0.836,5.595,0.00
55.23188,0.836,5.595,0.00
55.24206,0.840,5.585,0.00
55.25222,0.840,5.585,0.00
55.26239,0.840,5.585,0.00
55.27255,0.856,5.555,0.00
55.28271,0.880,5.533,0.00
55.29288,0.880,5.533,0.00
55.30304,0.880,5.533,0.00
55.31328,0.880,5.533,0.00
55.32366,0.912,5.505,0.00
55.33394,0.912,5.505,0.00
55.34419,0.923,5.479,0.00
55.35442,0.923,5.479,0.00
55.36479,0.907,5.451,0.00
55.37500,0.907,5.451,0.00
55.38518,0.910,5.419,0.00
55.39555,0.929,5.382,0.00
55.40590,0.954,5.302,0.00
55.41637,0.954,5.302,0.00
55.42676,0.942,5.265,0.00
55.43693,0.942,5.265,0.00
55.44711,0.942,5.265,0.00
55.45726,0.942,5.265,0.00
55.46742,0.942,5.265,0.00
55.47757,0.923,5.235,0.00
55.48773,0.904,5.217,0.00
55.49794,0.904,5.217,0.00
55.50810,0.904,5.217,0.00
55.51826,0.904,5.217,0.00
55.53580,0.904,5.217,0.00
55.54680,0.904,5.217,0.00
55.55823,0.904,5.217,0.00
55.58124,0.906,5.185,0.00
55.60749,0.906,5.157,0.00
55.61963,0.835,5.145,0.00
55.63072,0.812,5.145,0.00
55.64102,0.812,5.139,0.00
55.65170,0.812,5.139,0.00
55.66284,0.812,5.139,0.00
55.67321,0.812,5.139,0.00
55.69932,0.780,5.131,0.00
55.73619,0.749,5.138,0.00
55.75192,0.736,5.138,0.00
55.76562,0.740,5.141,0.00
55.77580,0.740,5.141,0.00
55.78902,0.752,5.141,0.00
55.79960,0.752,5.144,0.00
55.81042,0.752,5.144,0.00
55.82774,0.748,5.132,0.00
55.84031,0.755,5.121,0.00
55.85074,0.755,5.121,0.00
55.86160,0.764,5.121,0.00
55.87260,0.764,5.107,0.00
55.88324,0.764,5.092,0.00
55.89517,0.771,5.092,0.00
55.90613,0.771,5.092,0.00
55.91657,0.771,5.077,0.00
55.92819,0.771,5.077,0.00
55.94496,0.767,5.046,0.00
55.95614,0.770,5.030,0.00
55.96699,0.770,5.030,0.00
55.97804,0.770,5.018,0.00
55.99013,0.781,5.007,0.00
56.00056,0.796,4.999,0.00
56.02302,0.811,4.996,0.00
56.03339,0.811,4.996,0.00
56.04946,0.834,4.995,0.00
56.05981,0.858,4.994,0.00
56.07065,0.858,4.994,0.00
56.08085,0.878,4.994,0.00
56.09098,0.878,4.998,0.00
56.10315,0.878,4.998,0.00
56.11430,0.898,5.008,0.00
56.12529,0.898,5.011,0.00
56.13569,0.899,5.011,0.00
56.14599,0.903,5.012,0.00
56.16191,0.916,5.016,0.00
56.17263,0.916,5.016,0.00
56.18322,0.914,5.025,0.00
56.19357,0.914,5.025,0.00
56.20383,0.901,5.025,0.00
56.21423,0.901,5.035,0.00
56.22569,0.901,5.035,0.00
56.23671,0.901,5.040,0.00
56.24768,0.900,5.040,0.00
56.26557,0.883,5.048,0.00
56.27575,0.883,5.048,0.00
56.28645,0.883,5.052,0.00
56.29684,0.858,5.052,0.00
56.30758,0.841,5.054,0.00
56.31776,0.841,5.054,0.00
56.32841,0.841,5.060,0.00
56.33905,0.801,5.060,0.00
56.34971,0.801,5.068,0.00
56.36064,0.801,5.068,0.00
56.37098,0.801,5.068,0.00
56.38137,0.801,5.068,0.00
56.39182,0.689,5.068,0.00
56.40260,0.689,5.078,0.00
56.41352,0.642,5.087,0.00
56.42399,0.642,5.087,0.00
56.43447,0.642,5.097,0.00
56.44660,0.606,5.097,0.00
56.45752,0.575,5.102,0.00
56.47395,0.550,5.103,0.00
56.48415,0.550,5.102,0.00
56.49516,0.536,5.102,0.00
56.50532,0.536,5.103,0.00
56.51572,0.528,5.103,0.00
56.52610,0.528,5.106,0.00
56.58559,0.590,5.097,0.00
56.59593,0.590,5.097,0.00
56.65797,0.631,5.090,0.00
56.66817,0.746,5.037,0.00
56.68121,0.746,5.037,0.00
56.69145,0.026,-0.073,0.00
56.70153,0.026,-0.073,0.00
56.71169,0.100,-0.116,0.00
56.72186,0.168,-0.188,0.00
56.73206,0.168,-0.188,0.00
56.74222,0.168,-0.307,0.00
56.75248,0.256,-0.307,0.00
56.76263,0.343,-0.465,0.00
56.77278,0.343,-0.465,0.00
56.78294,0.420,-0.465,0.00
56.79310,0.420,-0.650,0.00
56.80326,0.482,-0.895,0.00
56.81341,0.482,-0.895,0.00
56.82357,0.541,-1.196,0.00
56.83372,0.541,-1.196,0.00
56.84449,0.612,-1.535,0.00
56.85486,0.612,-1.535,0.00
56.86523,0.715,-1.925,0.00
56.87565,0.715,-1.925,0.00
56.88603,0.798,-2.377,0.00
56.89640,0.798,-2.377,0.00
56.90676,0.858,-2.968,0.00
56.91690,0.858,-2.968,0.00
56.92717,0.915,-3.558,0.00
56.93739,0.915,-3.558,0.00
56.94755,0.963,-4.205,0.00
56.95777,0.963,-4.205,0.00
56.96799,0.992,-4.872,0.00
56.97818,0.992,-4.872,0.00
56.98833,1.008,-5.573,0.00
56.99849,1.008,-5.573,0.00
57.00866,1.008,-5.573,0.00
57.01880,1.000,-6.311,0.00
57.02900,0.971,-7.047,0.00
57.03916,0.869,-7.682,0.00
57.04941,0.869,-7.682,0.00
57.05989,0.720,-8.159,0.00
57.07014,0.720,-8.159,0.00
57.08033,0.720,-8.159,0.00
57.09267,0.603,-8.488,0.00
57.10282,0.603,-8.496,0.00
57.11298,0.516,-8.496,0.00
57.12315,0.390,-8.349,0.00
57.13331,0.390,-8.349,0.00
57.14347,0.209,-8.012,0.00
57.15365,0.209,-8.012,0.00
57.16380,0.049,-7.585,0.00
57.17399,0.049,-7.585,0.00
57.18473,-0.125,-7.104,0.00
57.19489,-0.125,-7.104,0.00
57.20504,-0.268,-6.686,0.00
57.21518,-0.268,-6.686,0.00
57.22546,-0.368,-6.238,0.00
57.23598,-0.368,-6.238,0.00
57.24614,-0.506,-5.701,0.00
57.25634,-0.506,-5.701,0.00
57.26667,-0.635,-5.154,0.00
57.27744,-0.635,-5.154,0.00
57.28760,-0.694,-4.628,0.00
57.29777,-0.694,-4.628,0.00
57.30793,-0.781,-4.119,0.00
57.31875,-0.781,-4.119,0.00
57.32890,-0.810,-3.521,0.00
57.33913,-0.810,-3.521,0.00
57.34930,-0.849,-2.680,0.00
57.35957,-0.849,-2.680,0.00
57.36973,-0.860,-1.647,0.00
57.38003,-0.860,-1.647,0.00
57.39023,-0.902,-0.496,0.00
57.40045,-0.902,0.806,0.00
57.41148,-0.959,0.806,0.00
57.42164,-0.959,1.920,0.00
57.43245,-1.023,1.920,0.00
57.44261,-1.076,2.885,0.00
57.45277,-1.076,2.885,0.00
57.46293,-1.110,3.602,0.00
57.47332,-1.110,3.602,0.00
57.48371,-1.132,4.098,0.00
57.49409,-1.132,4.098,0.00
57.50445,-1.169,4.434,0.00
57.51489,-1.169,4.434,0.00
57.52501,-1.188,4.593,0.00
57.53517,-1.188,4.593,0.00
57.54535,-1.164,4.616,0.00
57.55550,-1.164,4.616,0.00
57.56589,-1.139,4.540,0.00
57.57606,-1.139,4.540,0.00
57.58639,-1.121,4.416,0.00
57.59646,-1.121,4.416,0.00
57.60662,-1.107,4.289,0.00
57.61678,-1.107,4.289,0.00
57.62694,-1.101,4.167,0.00
57.63710,-1.101,4.167,0.00
57.64726,-1.099,4.046,0.00
57.65742,-1.099,4.046,0.00
57.66758,-1.109,3.889,0.00
57.67823,-1.109,3.889,0.00
57.68838,-1.118,3.669,0.00
57.69936,-1.118,3.669,0.00
57.70954,-1.122,3.378,0.00
57.71968,-1.122,3.378,0.00
57.73006,-1.122,3.378,0.00
57.74023,-1.122,3.378,0.00
57.75038,-1.118,2.982,0.00
57.76054,-1.118,2.982,0.00
57.77089,-1.104,2.604,0.00
57.78117,-1.104,2.604,0.00
57.79134,-1.085,2.240,0.00
57.80160,-1.085,2.240,0.00
57.81179,-1.067,1.965,0.00
57.82205,-1.067,1.965,0.00
57.83225,-1.055,1.790,0.00
57.84242,-1.049,1.734,0.00
57.85256,-1.049,1.734,0.00
57.86271,-1.049,1.650,0.00
57.87286,-1.041,1.650,0.00
57.88301,-1.041,1.541,0.00
57.89317,-1.030,1.541,0.00
57.90332,-1.025,1.431,0.00
57.91347,-1.025,1.431,0.00
57.92374,-1.014,1.366,0.00
57.93400,-1.014,1.366,0.00
57.94432,-0.992,1.307,0.00
57.95450,-0.992,1.307,0.00
57.96480,-0.964,1.307,0.00
57.97511,-0.964,1.247,0.00
57.98543,-0.936,1.209,0.00
57.99573,-0.936,1.209,0.00
58.00589,-0.902,1.186,0.00
58.01605,-0.902,1.186,0.00
58.02624,-0.902,1.169,0.00
58.03642,-0.882,1.169,0.00
58.04657,-0.854,1.162,0.00
58.05687,-0.854,1.162,0.00
58.06702,-0.825,1.159,0.00
58.07718,-0.825,1.159,0.00
58.08734,-0.792,1.152,0.00
58.09775,-0.792,1.152,0.00
58.10789,-0.749,1.146,0.00
58.11849,-0.749,1.146,0.00
58.12905,-0.696,1.144,0.00
58.13920,-0.696,1.144,0.00
58.14942,-0.596,1.143,0.00
58.15981,-0.596,1.143,0.00
58.17011,-0.507,1.141,0.00
58.18027,-0.507,1.141,0.00
58.19054,-0.432,1.152,0.00
58.20081,-0.432,1.152,0.00
58.21124,-0.314,1.150,0.00
58.22145,-0.122,1.150,0.00
58.23159,-0.122,1.145,0.00
58.24201,0.073,1.144,0.00
58.25231,0.073,1.144,0.00
58.26256,0.073,1.141,0.00
58.27275,0.277,1.141,0.00
58.28292,0.551,1.140,0.00
58.29307,0.551,1.140,0.00
58.30323,0.988,1.142,0.00
58.31338,0.988,1.142,0.00
58.32355,1.556,1.143,0.00
58.33375,1.556,1.143,0.00
58.34393,2.513,1.142,0.00
58.35408,2.513,1.142,0.00
58.36424,2.513,1.139,0.00
58.37442,3.535,1.139,0.00
58.38457,4.550,1.138,0.00
58.39471,4.550,1.138,0.00
58.40486,5.757,1.141,0.00
58.41501,5.757,1.141,0.00
58.42538,7.121,1.146,0.00
58.43556,7.121,1.146,0.00
58.44570,8.497,1.149,0.00
58.45596,8.497,1.149,0.00
58.46642,9.983,1.137,0.00
58.47700,9.983,1.137,0.00
58.49309,11.370,1.119,0.00
58.50349,12.529,1.102,0.00
58.51517,12.529,1.102,0.00
58.52535,13.572,1.075,11.00
58.53551,13.572,1.075,11.00
58.54567,14.646,1.028,11.00
58.57044,14.646,1.028,11.00
58.58062,17.005,0.965,11.00
58.60349,18.194,0.769,11.00
58.61365,18.194,0.769,11.00
58.63543,19.213,0.653,11.00
58.64575,20.083,0.547,11.00
58.66792,20.875,0.462,11.00
58.67827,20.875,0.462,11.00
58.69890,21.428,0.391,11.00
58.70937,21.462,0.308,11.00
58.71977,21.462,0.231,11.00
58.73193,21.110,0.231,11.00
58.74213,20.637,0.231,11.00
58.75260,20.637,0.165,11.00
58.76282,20.637,0.165,11.00
58.77302,19.825,0.110,11.00
58.78318,19.825,0.110,11.00
58.79479,18.551,0.063,11.00
58.80523,18.551,0.014,11.00
58.81577,17.174,0.014,11.00
58.82733,15.981,-0.044,11.00
58.83770,15.981,-0.044,11.00
58.84865,14.994,-0.099,11.00
58.85966,14.994,-0.099,11.00
58.86981,14.116,-0.144,11.00
58.88006,13.324,-0.165,11.00
58.90646,13.324,-0.165,11.00
58.91679,12.780,-0.173,11.00
58.93840,12.780,-0.163,11.50
58.94882,11.784,-0.138,11.50
58.97283,10.996,-0.113,11.50
58.98299,10.996,-0.170,11.50
59.00321,10.125,-0.415,11.50
59.01540,9.310,-0.415,11.50
59.03495,8.579,-0.415,11.50
59.04519,7.916,-0.985,11.50
59.05535,7.916,-0.985,11.50
59.06690,7.232,-1.242,12.00
59.07866,7.232,-1.242,12.00
59.08885,6.461,-1.485,12.00
59.09971,6.461,-1.485,12.00
59.11000,5.704,-1.730,12.00
59.12035,5.206,-1.730,12.00
59.13086,5.206,-1.954,12.00
59.14117,5.206,-1.954,12.00
59.15134,5.023,-2.139,12.00
59.17879,5.023,-2.304,12.50
59.18913,4.803,-2.452,12.50
59.21110,4.803,-2.575,13.00
59.22191,4.679,-2.688,13.00
59.24347,4.543,-2.773,13.50
59.25364,4.543,-2.773,13.50
59.26379,4.387,-2.773,13.50
59.27507,4.387,-2.820,14.00
59.28590,4.183,-2.832,14.00
59.29620,4.183,-2.832,14.00
59.30687,3.940,-2.832,14.50
59.31719,3.940,-2.843,14.50
59.32770,3.714,-2.857,14.50
59.33961,3.714,-2.857,15.00
59.35133,3.503,-2.861,15.00
59.36142,3.503,-2.861,15.00
59.37175,3.292,-2.872,16.00
59.38191,3.292,-2.888,16.00
59.39215,3.107,-2.888,16.00
59.41919,2.972,-2.888,16.50
59.42946,2.880,-2.903,16.50
59.45178,2.799,-2.899,17.50
59.46194,2.727,-2.898,17.50
59.48230,2.727,-2.898,18.50
59.49260,2.704,-2.900,18.50
59.51527,2.711,-2.898,19.00
59.52559,2.718,-2.893,19.00
59.54833,2.718,-2.893,20.00
59.55929,2.727,-2.893,20.00
59.57896,2.756,-2.902,20.50
59.58911,2.805,-2.913,20.50
59.59927,2.805,-2.913,20.50
59.61126,2.868,-2.929,21.50
59.62141,2.932,-2.952,21.50
59.63181,2.932,-2.952,21.50
59.64312,2.932,-2.987,22.00
59.65343,2.987,-2.987,22.00
59.66376,2.987,-3.043,22.00
59.67442,3.031,-3.043,22.50
59.68463,3.073,-3.096,22.50
59.69480,3.073,-3.096,22.50
59.70496,3.114,-3.164,22.50
59.72539,3.114,-3.164,23.00
59.73558,3.147,-3.244,23.00
59.75456,3.147,-3.244,23.00
59.76491,3.169,-3.464,23.00
59.78748,3.174,-3.611,23.50
59.79849,3.174,-3.611,23.50
59.81838,3.171,-3.778,23.50
59.82855,3.161,-3.974,23.50
59.83878,3.161,-3.974,23.50
59.85113,3.157,-4.227,24.00
59.86138,3.161,-4.227,24.00
59.87287,3.161,-4.487,24.00
59.88367,3.174,-4.761,24.00
59.89383,3.174,-4.761,24.00
59.90422,3.184,-5.057,24.00
59.91514,3.184,-5.057,24.00
59.92532,3.194,-5.360,24.00
59.93556,3.194,-5.360,24.00
59.94705,3.211,-5.683,24.00
59.95895,3.211,-6.019,24.00
59.96912,3.245,-6.019,24.00
59.99450,3.245,-6.019,24.00
60.00468,3.275,-6.763,24.00
60.02704,3.260,-6.763,24.50
60.03745,3.260,-7.147,24.50
60.05931,3.276,-7.950,24.50
60.06964,3.276,-7.950,24.50
60.07998,3.296,-8.361,24.50
60.09116,3.296,-8.361,24.50
60.10142,3.296,-8.754,24.50
60.11175,3.312,-8.754,24.50
60.12428,3.312,-8.754,24.50
60.13440,3.342,-9.113,24.50
60.14467,3.383,-9.440,24.50
60.15821,3.383,-9.440,24.50
60.16839,3.434,-9.745,24.50
60.17861,3.434,-9.745,24.50
60.18895,3.487,-9.939,24.50
60.19912,3.487,-9.939,24.50
60.20933,3.487,-9.939,24.50
60.21949,3.487,-9.939,24.50
60.22967,3.487,-9.939,24.50
60.23995,3.487,-10.059,24.50
60.26686,3.574,-10.059,24.50
60.27720,3.585,-10.070,24.50
60.29913,3.578,-9.847,24.50
60.30946,3.577,-9.688,24.50
60.33082,3.595,-9.688,24.50
60.34119,3.616,-9.473,24.50
60.36384,3.628,-9.026,24.50
60.37400,3.628,-9.026,24.50
60.38450,3.627,-8.778,24.50
60.39476,3.627,-8.778,24.50
60.40509,3.631,-8.535,24.50
60.41542,3.631,-8.535,24.50
60.42721,3.636,-8.279,24.50
60.43752,3.636,-8.279,24.50
60.44769,3.643,-8.019,24.50
60.45943,3.643,-8.019,24.50
60.46973,3.640,-7.762,24.50
60.47991,3.630,-7.471,24.50
60.49122,3.630,-7.471,24.50
60.50156,3.631,-7.212,24.50
60.51218,3.631,-7.212,24.50
60.54009,3.646,-6.943,24.50
60.55029,3.661,-6.662,24.50
60.57060,3.661,-6.662,24.50
60.58079,3.691,-6.362,24.50
60.60558,3.747,-6.029,24.50
60.61586,3.818,-5.686,24.50
60.63451,3.818,-5.338,24.50
60.64540,3.888,-4.965,24.50
60.66709,3.903,-4.965,24.50
60.67900,3.903,-4.278,24.50
60.70188,3.948,-3.892,24.50
60.71209,3.948,-3.892,24.50
60.72224,3.973,-3.892,24.50
60.73252,3.973,-3.496,0.00
60.74278,3.973,-3.496,0.00
60.75309,4.009,-3.082,0.00
60.76342,4.009,-2.656,0.00
60.77358,4.066,-2.656,0.00
60.78393,4.066,-2.232,0.00
60.79441,4.142,-2.232,0.00
60.80462,4.210,-1.725,0.00
60.81478,4.210,-1.725,0.00
60.82493,4.225,-1.263,0.00
60.83509,4.225,-1.263,0.00
60.84538,4.145,-0.806,0.00
60.85554,4.145,-0.806,0.00
60.86572,4.145,-0.806,0.00
60.87588,3.992,-0.333,0.00
60.88605,3.992,-0.333,0.00
60.89621,3.859,0.152,0.00
60.90646,3.794,0.643,0.00
60.91663,3.794,0.643,0.00
60.92679,3.754,1.141,0.00
60.93694,3.754,1.141,0.00
60.94711,3.721,1.617,0.00
60.95756,3.721,1.617,0.00
60.96775,3.713,2.140,0.00
60.97808,3.713,2.140,0.00
60.98840,3.724,2.646,0.00
60.99896,3.724,2.646,0.00
61.00923,3.734,3.217,0.00
61.01955,3.734,3.217,0.00
61.03029,3.726,3.850,0.00
61.04054,3.726,4.520,0.00
61.05092,3.676,4.520,0.00
61.06109,3.676,5.243,0.00
61.07174,3.583,5.243,0.00
61.08180,3.477,5.930,0.00
61.09235,3.477,5.930,0.00
61.10253,3.396,5.930,0.00
61.11269,3.396,6.558,0.00
61.12285,3.335,6.558,0.00
61.13301,3.335,7.224,0.00
61.14319,3.303,7.224,0.00
61.15335,3.303,7.795,0.00
61.16353,3.303,7.795,0.00
61.17368,3.307,8.340,0.00
61.18384,3.345,8.896,0.00
61.19399,3.345,8.896,0.00
61.20415,3.395,8.896,0.00
61.21442,3.395,9.441,0.00
61.22458,3.430,9.924,0.00
61.23473,3.430,9.924,0.00
61.24489,3.438,10.254,0.00
61.25505,3.438,10.254,0.00
61.26521,3.416,10.365,0.00
61.27560,3.416,10.365,0.00
61.28591,3.378,10.273,0.00
61.29610,3.378,10.273,0.00
61.30685,3.346,10.003,0.00
61.31739,3.346,10.003,0.00
61.32773,3.329,9.598,0.00
61.33806,3.329,9.598,0.00
61.34833,3.316,9.078,0.00
61.35861,3.316,9.078,0.00
61.36875,3.311,8.584,0.00
61.37908,3.311,8.584,0.00
61.38925,3.310,8.185,0.00
61.39941,3.315,8.185,0.00
61.40957,3.315,7.847,0.00
61.41985,3.315,7.847,0.00
61.43000,3.320,7.534,0.00
61.44022,3.320,7.534,0.00
61.45128,3.313,7.246,0.00
61.46144,3.313,7.246,0.00
61.47168,3.295,6.929,0.00
61.48185,3.295,6.929,0.00
61.49201,3.265,6.643,0.00
61.50229,3.265,6.643,0.00
61.51256,3.228,6.420,0.00
61.52271,3.228,6.420,0.00
61.53287,3.180,6.261,0.00
61.54303,3.124,6.151,0.00
61.55319,3.124,6.151,0.00
61.56335,3.061,6.151,0.00
61.57353,3.061,6.076,0.00
61.58369,3.004,6.024,0.00
61.59387,3.004,6.024,0.00
61.60404,3.004,5.975,0.00
61.61419,2.959,5.975,0.00
61.62433,2.906,5.935,0.00
61.63447,2.906,5.935,0.00
61.64466,2.866,5.924,0.00
61.65481,2.866,5.924,0.00
61.66496,2.842,5.931,0.00
61.67511,2.842,5.931,0.00
61.68528,2.803,5.941,0.00
61.69545,2.803,5.941,0.00
61.70574,2.750,5.952,0.00
61.71607,2.750,5.952,0.00
61.72620,2.734,5.970,0.00
61.73641,2.734,5.970,0.00
61.74659,2.747,5.986,0.00
61.75685,2.747,5.986,0.00
61.76710,2.756,5.990,0.00
61.77726,2.756,5.990,0.00
61.78740,2.749,5.986,0.00
61.79854,2.749,5.986,0.00
61.80868,2.757,5.988,0.00
61.81884,2.757,5.988,0.00
61.82898,2.784,5.990,0.00
61.83925,2.784,5.988,0.00
61.84940,2.796,5.988,0.00
61.86042,2.796,5.981,0.00
61.87067,2.779,5.981,0.00
61.88127,2.779,5.981,0.00
61.89147,2.753,5.959,0.00
61.90160,2.753,5.959,0.00
61.91186,2.753,5.959,0.00
61.92211,2.730,5.916,0.00
61.93231,2.729,5.857,0.00
61.94247,2.756,5.763,0.00
61.95270,2.756,5.763,0.00
61.96285,2.769,5.636,0.00
61.97312,2.769,5.636,0.00
61.98356,2.775,5.457,0.00
61.99389,2.775,5.457,0.00
62.00424,2.775,5.457,0.00
62.01479,2.775,5.457,0.00
62.02513,2.800,4.944,0.00
62.03552,2.800,4.944,0.00
62.04597,2.845,4.575,0.00
62.05619,2.845,4.575,0.00
62.06666,2.914,4.099,0.00
62.07689,2.914,4.099,0.00
62.08713,2.992,3.509,0.00
62.09735,2.992,3.509,0.00
62.10760,3.062,2.711,0.00
62.11777,3.062,2.711,0.00
62.12801,3.105,1.883,0.00
62.13824,3.105,1.883,0.00
62.14856,3.135,0.963,0.00
62.15874,3.135,0.963,0.00
62.16892,3.184,-0.011,0.00
62.17919,3.184,-0.011,0.00
62.18946,3.219,-1.025,0.00
62.19961,3.219,-1.025,0.00
62.20977,3.234,-2.069,0.00
62.21995,3.234,-2.069,0.00
62.23021,3.252,-3.134,0.00
62.24038,3.269,-4.194,0.00
62.25068,3.269,-4.194,0.00
62.26126,3.272,-4.194,0.00
62.27154,3.272,-5.345,0.00
62.28202,3.262,-5.345,0.00
62.29263,3.262,-6.262,0.00
62.30280,3.253,-6.262,0.00
62.31321,3.253,-7.072,0.00
62.32356,3.244,-7.723,0.00
62.33381,3.244,-7.723,0.00
62.34424,3.215,-8.194,0.00
62.35464,3.215,-8.194,0.00
62.36549,3.151,-8.459,0.00
62.37579,3.151,-8.459,0.00
62.38601,3.052,-8.519,0.00
62.39623,3.052,-8.519,0.00
62.40648,3.052,-8.441,0.00
62.41664,2.944,-8.441,0.00
62.42679,2.810,-8.234,0.00
62.43696,2.810,-8.234,0.00
62.44711,2.651,-7.997,0.00
62.45780,2.651,-7.997,0.00
62.46811,2.488,-7.695,0.00
62.47865,2.488,-7.695,0.00
62.48883,2.338,-7.364,0.00
62.49925,2.338,-7.364,0.00
62.50975,2.211,-7.011,0.00
62.52113,2.211,-7.011,0.00
62.53645,2.113,-6.651,0.00
62.55260,2.024,-6.651,0.00
62.57146,1.930,-5.912,0.00
62.58880,1.828,-5.432,0.00
62.60050,1.828,-5.432,0.00
62.61143,1.731,-4.660,0.00
62.62302,1.638,-4.660,0.00
62.63387,1.638,-3.788,0.00
62.64743,1.638,-3.788,0.00
62.66460,1.542,-2.800,0.00
62.67572,1.433,-1.792,0.00
62.69553,1.321,-0.779,0.00
62.70596,1.321,0.155,0.00
62.71652,1.203,0.155,0.00
62.73220,1.077,0.981,0.00
62.74298,0.947,0.981,0.00
62.75424,0.947,0.981,0.00
62.76564,0.821,1.662,0.00
62.77606,0.821,2.196,0.00
62.78686,0.718,2.426,0.00
62.79715,0.718,2.426,0.00
62.80751,0.668,2.426,0.00
62.81790,0.668,2.485,0.00
62.82827,0.641,2.485,0.00
62.83871,0.641,2.453,0.00
62.84912,0.610,2.453,0.00
62.85934,0.610,2.411,0.00
62.87106,0.576,2.411,0.00
62.89288,0.542,2.411,0.00
62.92693,0.510,2.149,0.00
62.93876,0.490,2.149,0.00
62.95419,0.479,2.005,0.00
62.97156,0.478,1.826,0.00
62.98769,0.478,1.577,0.00
62.99912,0.487,1.577,0.00
63.01930,0.534,1.243,0.00
63.03716,0.571,0.850,0.00
63.05398,0.587,0.396,0.00
63.08088,0.612,0.396,0.00
63.10423,0.654,-0.500,0.00
63.11485,0.654,-0.500,0.00
63.12592,0.689,-0.500,0.00
63.13625,0.689,-0.814,0.00
63.14732,0.712,-0.814,0.00
63.16391,0.712,-1.081,0.00
63.17458,0.712,-1.081,0.00
63.18551,0.712,-1.197,0.00
63.19582,0.730,-1.282,0.00
63.21281,0.730,-1.282,0.00
63.24007,0.722,-1.358,0.00
63.26351,0.719,-1.522,0.00
63.27509,0.731,-1.522,0.00
63.28792,0.731,-1.560,0.00
63.30408,0.737,-1.560,0.00
63.32586,0.737,-1.560,0.00
63.33650,0.737,-1.560,0.00
63.34731,0.737,-1.560,0.00
63.35795,0.737,-1.560,0.00
63.37165,0.737,-1.560,0.00
63.38964,0.737,-1.560,0.00
63.40501,0.737,-1.560,0.00
63.41580,0.737,-1.560,0.00
63.43209,0.737,-1.560,0.00
63.44783,0.737,-1.560,0.00
63.45840,0.737,-1.560,0.00
63.47925,0.737,-1.560,0.00
63.49051,0.737,-1.560,0.00
63.50643,0.737,-1.560,0.00
63.51960,0.671,-1.575,0.00
63.53897,0.690,-1.571,0.00
63.59289,0.690,-1.580,0.00
63.60309,0.686,-1.580,0.00
63.66713,0.752,-1.580,0.00
63.67731,0.767,-1.626,0.00
63.68750,0.035,-0.358,0.00
63.69769,0.037,-0.366,0.00
63.70786,0.037,-0.366,0.00
63.71803,0.037,-0.366,0.00
63.72818,0.037,-0.366,0.00
63.73845,0.037,-0.366,0.00
63.74860,0.037,-0.366,0.00
63.75879,0.037,-0.366,0.00
63.76910,0.037,-0.366,0.00
63.77926,0.066,-0.366,0.00
63.78942,0.113,-0.378,0.00
63.79958,0.158,-0.384,0.00
63.80974,0.154,-0.390,0.00
63.81990,0.157,-0.387,0.00
63.83008,0.157,-0.387,0.00
63.84024,0.157,-0.387,0.00
63.85039,0.157,-0.387,0.00
63.86054,0.157,-0.387,0.00
63.87069,0.157,-0.387,0.00
63.88083,0.157,-0.387,0.00
63.89098,0.157,-0.387,0.00
63.90112,0.157,-0.387,0.00
63.91126,0.157,-0.383,0.00
63.92147,0.218,-0.385,0.00
63.93173,0.246,-0.389,0.00
63.94202,0.267,-0.470,0.00
63.95233,0.281,-0.478,0.00
63.96277,0.274,-0.480,0.00
63.97314,0.274,-0.480,0.00
63.98346,0.274,-0.480,0.00
63.99379,0.274,-0.480,0.00
64.00412,0.274,-0.480,0.00
64.01454,0.274,-0.480,0.00
64.02475,0.274,-0.480,0.00
64.03509,0.274,-0.480,0.00
64.04665,0.274,-0.480,0.00
64.05707,0.243,-0.472,0.00
64.06741,0.247,-0.467,0.00
64.07791,0.247,-0.450,0.00
64.08807,0.239,-0.441,0.00
64.09855,0.228,-0.436,0.00
64.10887,0.228,-0.436,0.00
64.11919,0.228,-0.436,0.00
64.12958,0.228,-0.436,0.00
64.13995,0.228,-0.436,0.00
64.15012,0.228,-0.436,0.00
64.16027,0.228,-0.436,0.00
64.17063,0.228,-0.436,0.00
64.18079,0.228,-0.436,0.00
64.19107,0.183,-0.427,0.00
64.20213,0.163,-0.426,0.00
64.21228,0.150,-0.429,0.00
64.22332,0.139,-0.451,0.00
64.23348,0.140,-0.460,0.00
64.24368,0.140,-0.460,0.00
64.25400,0.140,-0.460,0.00
64.26410,0.140,-0.460,0.00
64.27449,0.140,-0.460,0.00
64.28470,0.140,-0.460,0.00
64.29489,0.140,-0.460,0.00
64.30505,0.140,-0.460,0.00
64.31617,0.140,-0.460,0.00
64.32643,0.142,-0.465,0.00
64.33661,0.154,-0.478,0.00
64.34676,0.147,-0.499,0.00
64.35693,0.130,-0.511,0.00
64.36709,0.130,-0.511,0.00
64.37725,0.130,-0.511,0.00
64.38740,0.130,-0.511,0.00
64.39756,0.130,-0.511,0.00
64.40772,0.130,-0.511,0.00
64.41788,0.130,-0.511,0.00
64.42803,0.130,-0.511,0.00
64.43819,0.130,-0.511,0.00
64.44856,0.130,-0.511,0.00
64.45877,0.116,-0.523,0.00
64.46893,0.106,-0.546,0.00
64.47910,0.103,-0.553,0.00
64.48925,0.089,-0.564,0.00
64.49943,0.078,-0.567,0.00
64.50959,0.078,-0.567,0.00
64.51974,0.078,-0.567,0.00
64.52990,0.078,-0.567,0.00
64.54109,0.078,-0.567,0.00
64.55130,0.068,-0.572,0.00
64.56140,0.057,-0.576,0.00
64.57174,0.043,-0.576,0.00
64.58190,0.039,-0.574,0.00
64.59211,0.039,-0.574,0.00
64.60252,0.039,-0.574,0.00
64.61289,0.039,-0.574,0.00
64.62321,0.039,-0.574,0.00
64.63506,0.039,-0.578,0.00
64.64522,0.041,-0.579,0.00
64.65538,0.045,-0.577,0.00
64.66567,0.052,-0.573,0.00
64.67583,0.052,-0.573,0.00
64.68599,0.052,-0.573,0.00
64.69638,0.052,-0.573,0.00
64.70673,0.052,-0.573,0.00
64.71694,0.052,-0.573,0.00
64.72709,0.052,-0.573,0.00
64.73724,0.052,-0.573,0.00
64.74740,0.052,-0.573,0.00
64.75756,0.052,-0.573,0.00
64.76772,0.052,-0.573,0.00
64.77789,0.052,-0.573,0.00
64.78805,0.052,-0.573,0.00
64.79968,0.052,-0.573,0.00
64.80983,0.066,-0.575,0.00
64.81999,0.102,-0.582,0.00
64.83109,0.112,-0.592,0.00
64.84127,0.120,-0.595,0.00
64.85141,0.122,-0.602,0.00
64.86157,0.125,-0.609,0.00
64.87172,0.125,-0.609,0.00
64.88191,0.125,-0.609,0.00
64.89231,0.125,-0.609,0.00
64.90272,0.125,-0.609,0.00
64.91306,0.125,-0.609,0.00
64.92338,0.125,-0.609,0.00
64.93372,0.125,-0.609,0.00
64.94390,0.125,-0.609,0.00
64.95408,0.125,-0.609,0.00
64.96439,0.125,-0.609,0.00
64.97456,0.138,-0.620,0.00
64.98614,0.158,-0.625,0.00
64.99640,0.233,-0.627,0.00
65.00663,0.284,-0.627,0.00
65.01680,0.286,-0.630,0.00
65.02744,0.201,-0.642,0.00
65.03760,0.201,-0.642,0.00
65.04775,0.201,-0.642,0.00
65.05791,0.201,-0.642,0.00
65.06806,0.201,-0.642,0.00
65.07822,0.201,-0.642,0.00
65.08838,0.201,-0.642,0.00
65.09854,0.201,-0.642,0.00
65.10871,0.201,-0.642,0.00
65.11887,0.201,-0.642,0.00
65.12904,0.201,-0.642,0.00
65.13920,0.201,-0.649,0.00
65.14949,0.157,-0.651,0.00
65.15957,0.181,-0.658,0.00
65.16980,0.265,-0.663,0.00
65.17997,0.334,-0.666,0.00
65.19013,0.359,-0.664,0.00
65.20028,0.427,-0.663,0.00
65.21045,0.427,-0.663,0.00
65.22056,0.427,-0.663,0.00
65.23074,0.427,-0.663,0.00
65.24090,0.427,-0.663,0.00
65.25107,0.427,-0.663,0.00
65.26123,0.427,-0.663,0.00
65.27140,0.427,-0.663,0.00
65.28155,0.427,-0.663,0.00
65.29269,0.427,-0.663,0.00
65.30375,0.427,-0.663,0.00
65.31406,0.576,-0.658,0.00
65.32421,0.576,-0.660,0.00
65.33453,0.643,-0.676,0.00
65.34469,0.681,-0.684,0.00
65.35485,0.699,-0.715,0.00
65.36513,0.692,-0.724,0.00
65.37531,0.683,-0.730,0.00
65.38550,0.683,-0.730,0.00
65.39568,0.683,-0.730,0.00
65.40584,0.683,-0.730,0.00
65.41599,0.683,-0.730,0.00
65.42616,0.683,-0.730,0.00
65.43645,0.683,-0.730,0.00
65.44692,0.683,-0.730,0.00
65.45709,0.683,-0.730,0.00
65.46747,0.683,-0.730,0.00
65.47761,0.713,-0.725,0.00
65.48777,0.832,-0.716,0.00
65.49809,1.116,-0.696,0.00
65.50825,1.119,-0.686,0.00
65.51843,1.051,-0.661,0.00
65.52884,0.905,-0.646,0.00
65.53899,0.905,-0.646,0.00
65.54916,0.905,-0.646,0.00
65.55932,0.905,-0.646,0.00
65.56949,0.905,-0.646,0.00
65.57965,0.905,-0.646,0.00
65.58982,0.905,-0.646,0.00
65.59998,0.905,-0.646,0.00
65.61015,0.905,-0.646,0.00
65.62031,0.905,-0.646,0.00
65.63049,0.905,-0.646,0.00
65.64064,0.905,-0.646,0.00
65.65092,0.803,-0.631,0.00
65.66109,0.658,-0.630,0.00
65.67124,0.596,-0.631,0.00
65.68146,0.651,-0.622,0.00
65.69162,0.645,-0.625,0.00
65.70178,0.645,-0.634,0.00
65.71195,0.645,-0.634,0.00
65.72213,0.645,-0.634,0.00
65.73229,0.645,-0.634,0.00
65.74250,0.645,-0.634,0.00
65.75266,0.645,-0.634,0.00
65.76282,0.645,-0.634,0.00
65.77298,0.645,-0.634,0.00
65.78314,0.645,-0.634,0.00
65.79347,0.645,-0.634,0.00
65.80363,0.645,-0.634,0.00
65.81380,0.588,-0.643,0.00
65.82396,0.542,-0.653,0.00
65.83412,0.511,-0.684,0.00
65.84424,0.524,-0.702,0.00
65.85457,0.547,-0.714,0.00
65.86473,0.589,-0.737,0.00
65.87490,0.589,-0.737,0.00
65.88520,0.589,-0.737,0.00
65.89551,0.589,-0.737,0.00
65.90584,0.589,-0.737,0.00
65.91617,0.589,-0.737,0.00
65.92670,0.589,-0.737,0.00
65.93686,0.589,-0.737,0.00
65.94725,0.589,-0.737,0.00
65.95758,0.589,-0.737,0.00
65.96790,0.589,-0.737,0.00
65.97850,0.589,-0.737,0.00
65.98905,0.580,-0.750,0.00
65.99921,0.557,-0.767,0.00
66.00950,0.558,-0.782,0.00
66.01996,0.537,-0.786,0.00
66.03028,0.536,-0.788,0.00
66.04045,0.536,-0.791,0.00
66.05062,0.536,-0.792,0.00
66.06085,0.536,-0.792,0.00
66.07128,0.536,-0.792,0.00
66.08143,0.536,-0.792,0.00
66.09158,0.536,-0.792,0.00
66.10255,0.536,-0.792,0.00
66.11288,0.536,-0.792,0.00
66.12325,0.536,-0.792,0.00
66.13360,0.536,-0.792,0.00
66.14443,0.536,-0.792,0.00
66.15464,0.524,-0.787,0.00
66.16484,0.522,-0.773,0.00
66.17500,0.534,-0.759,0.00
66.18522,0.543,-0.754,0.00
66.19539,0.557,-0.745,0.00
66.20554,0.576,-0.742,0.00
66.21570,0.576,-0.742,0.00
66.22587,0.576,-0.742,0.00
66.23602,0.576,-0.742,0.00
66.24616,0.576,-0.742,0.00
66.25630,0.576,-0.742,0.00
66.26646,0.576,-0.742,0.00
66.27661,0.576,-0.742,0.00
66.28688,0.576,-0.742,0.00
66.29716,0.576,-0.742,0.00
66.30865,0.576,-0.742,0.00
66.31891,0.576,-0.742,0.00
66.32913,0.576,-0.742,0.00
66.33927,0.589,-0.734,0.00
66.34943,0.606,-0.732,0.00
66.35965,0.617,-0.733,0.00
66.37063,0.639,-0.739,0.00
66.38079,0.655,-0.743,0.00
66.39095,0.655,-0.743,0.00
66.40111,0.655,-0.743,0.00
66.41126,0.655,-0.743,0.00
66.42142,0.655,-0.743,0.00
66.43157,0.655,-0.743,0.00
66.44172,0.655,-0.743,0.00
66.45188,0.655,-0.743,0.00
66.46203,0.655,-0.743,0.00
66.47219,0.655,-0.743,0.00
66.48373,0.655,-0.743,0.00
66.49400,0.669,-0.745,0.00
66.50420,0.676,-0.744,0.00
66.51436,0.673,-0.746,0.00
66.52451,0.685,-0.744,0.00
66.53466,0.707,-0.744,0.00
66.54484,0.709,-0.745,0.00
66.55515,0.694,-0.742,0.00
66.56545,0.694,-0.742,0.00
66.57558,0.694,-0.742,0.00
66.58576,0.694,-0.742,0.00
66.59609,0.694,-0.742,0.00
66.60651,0.694,-0.742,0.00
66.61704,0.694,-0.742,0.00
66.62734,0.694,-0.742,0.00
66.63770,0.694,-0.742,0.00
66.64819,0.694,-0.742,0.00
66.66006,0.684,-0.740,0.00
66.67027,0.696,-0.732,0.00
66.68215,0.711,-0.719,0.00
66.69230,0.719,-0.714,0.00
66.70261,0.734,-0.712,0.00
66.71276,0.747,-0.706,0.00
66.72290,0.747,-0.706,0.00
66.73306,0.747,-0.706,0.00
66.74321,0.747,-0.706,0.00
66.75336,0.747,-0.706,0.00
66.76351,0.747,-0.706,0.00
66.77366,0.747,-0.706,0.00
66.78381,0.747,-0.706,0.00
66.79403,0.747,-0.706,0.00
66.80418,0.747,-0.706,0.00
66.81442,0.747,-0.706,0.00
66.82464,0.761,-0.706,0.00
66.83687,0.786,-0.695,0.00
66.84703,0.878,-0.693,0.00
66.85719,0.899,-0.679,0.00
66.86735,0.899,-0.663,0.00
66.87872,0.877,-0.627,0.00
66.88888,0.877,-0.614,0.00
66.89903,0.877,-0.614,0.00
66.90932,0.877,-0.614,0.00
66.91947,0.877,-0.614,0.00
66.92962,0.877,-0.614,0.00
66.93984,0.877,-0.614,0.00
66.95014,0.877,-0.614,0.00
66.96044,0.877,-0.614,0.00
66.97073,0.877,-0.614,0.00
66.98114,0.877,-0.614,0.00
66.99146,0.895,-0.601,0.00
67.00160,0.892,-0.576,0.00
67.01176,0.858,-0.568,0.00
67.02193,0.803,-0.562,0.00
67.03207,0.810,-0.541,0.00
67.04223,0.810,-0.541,0.00
67.05247,0.810,-0.541,0.00
67.06263,0.810,-0.541,0.00
67.07279,0.810,-0.541,0.00
67.08293,0.810,-0.541,0.00
67.09308,0.810,-0.541,0.00
67.10323,0.810,-0.541,0.00
67.11481,0.810,-0.541,0.00
67.12500,0.810,-0.541,0.00
67.13516,0.810,-0.541,0.00
67.14532,0.810,-0.541,0.00
67.15548,0.810,-0.541,0.00
67.16564,0.810,-0.541,0.00
67.17609,0.810,-0.541,0.00
67.18624,1.085,-0.531,0.00
67.19753,1.234,-0.524,0.00
67.20770,1.297,-0.521,0.00
67.21786,1.380,-0.514,0.00
67.22802,1.363,-0.490,0.00
67.23818,1.313,-0.474,0.00
67.24846,1.252,-0.448,0.00
67.25862,1.169,-0.414,0.00
67.26878,1.036,-0.382,0.00
67.27962,1.036,-0.382,0.00
67.28982,0.870,-0.359,0.00
67.29999,0.870,-0.356,0.00
67.31015,0.771,-0.356,0.00
67.32033,0.771,-0.371,0.00
67.33255,0.750,-0.371,0.00
67.34287,0.814,-0.402,0.00
67.35323,0.814,-0.402,0.00
67.36338,0.814,-0.451,0.00
67.37359,0.865,-0.451,0.00
67.38376,0.865,-0.451,0.00
67.39427,0.865,-0.451,0.00
67.40442,0.865,-0.451,0.00
67.41458,0.865,-0.451,0.00
67.42484,0.865,-0.451,0.00
67.43501,0.865,-0.451,0.00
67.44516,0.865,-0.519,0.00
67.45555,0.887,-0.519,0.00
67.46620,0.936,-0.702,0.00
67.47691,1.087,-0.868,0.00
67.48698,1.012,-0.910,0.00
67.49713,1.012,-0.910,0.00
67.50729,0.978,-0.887,0.00
67.51901,0.978,-0.887,0.00
67.52916,0.960,-0.837,0.00
67.53932,0.960,-0.837,0.00
67.54947,0.962,-0.753,0.00
67.55961,0.976,-0.635,0.00
67.56993,0.976,-0.635,0.00
67.58028,0.983,-0.505,0.00
67.59100,0.983,-0.505,0.00
67.60140,0.967,-0.383,0.00
67.61306,0.967,-0.383,0.00
67.62334,0.944,-0.267,0.00
67.63352,0.944,-0.267,0.00
67.64370,0.957,-0.183,0.00
67.65385,0.957,-0.183,0.00
67.66401,0.978,-0.115,0.00
67.67420,0.978,-0.115,0.00
67.68432,0.960,-0.082,0.00
67.69452,0.960,-0.082,0.00
67.70467,0.900,-0.087,0.00
67.71481,0.900,-0.087,0.00
67.72500,0.867,-0.129,0.00
67.73521,0.867,-0.129,0.00
67.74537,0.892,-0.208,0.00
67.75556,0.892,-0.208,0.00
67.76572,0.905,-0.314,0.00
67.77588,0.905,-0.314,0.00
67.78625,0.929,-0.452,0.00
67.79694,0.929,-0.452,0.00
67.80731,0.993,-0.568,0.00
67.81942,0.993,-0.568,0.00
67.82960,1.045,-0.665,0.00
67.83975,1.045,-0.759,0.00
67.84999,1.043,-0.759,0.00
67.86012,1.043,-0.858,0.00
67.87067,0.984,-0.858,0.00
67.88100,0.926,-0.931,0.00
67.89149,0.926,-0.931,0.00
67.90183,0.901,-0.943,0.00
67.91265,0.901,-0.943,0.00
67.92279,0.896,-0.908,0.00
67.93308,0.896,-0.908,0.00
67.94325,0.905,-0.849,0.00
67.95372,0.905,-0.849,0.00
67.96388,0.930,-0.782,0.00
67.97422,0.930,-0.782,0.00
67.98447,1.004,-0.710,0.00
67.99506,1.004,-0.710,0.00
68.00523,1.064,-0.644,0.00
68.01544,1.064,-0.644,0.00
68.02560,1.122,-0.587,0.00
68.03591,1.122,-0.587,0.00
68.04643,1.185,-0.545,0.00
68.05674,1.185,-0.545,0.00
68.06707,1.221,-0.511,0.00
68.07737,1.221,-0.511,0.00
68.08755,1.246,-0.490,0.00
68.09855,1.246,-0.490,0.00
68.10877,1.242,-0.491,0.00
68.11894,1.242,-0.491,0.00
68.12911,1.170,-0.515,0.00
68.13927,1.170,-0.538,0.00
68.14943,1.089,-0.538,0.00
68.15961,1.089,-0.556,0.00
68.16977,1.064,-0.556,0.00
68.17996,1.064,-0.556,0.00
68.19093,1.061,-0.569,0.00
68.20392,1.007,-0.576,0.00
68.21414,1.007,-0.576,0.00
68.22432,0.863,-0.576,0.00
68.23448,0.863,-0.576,0.00
68.24465,0.754,-0.553,0.00
68.25481,0.754,-0.553,0.00
68.26498,0.754,-0.553,0.00
68.27513,0.717,-0.521,0.00
68.28590,0.715,-0.500,0.00
68.29822,0.734,-0.500,0.00
68.30849,0.734,-0.517,0.00
68.31917,0.734,-0.517,0.00
68.32933,0.761,-0.588,0.00
68.34045,0.761,-0.588,0.00
68.35108,0.799,-0.708,0.00
68.36125,0.799,-0.843,0.00
68.37141,0.838,-0.843,0.00
68.38173,0.838,-0.974,0.00
68.39190,0.830,-0.974,0.00
68.40205,0.790,-0.974,0.00
68.41220,0.790,-1.081,0.00
68.42260,0.752,-1.081,0.00
68.43276,0.752,-1.121,0.00
68.44291,0.699,-1.121,0.00
68.45319,0.699,-1.059,0.00
68.46334,0.634,-0.962,0.00
68.47351,0.634,-0.962,0.00
68.48368,0.574,-0.834,0.00
68.49384,0.574,-0.834,0.00
68.50441,0.609,-0.705,0.00
68.51481,0.609,-0.705,0.00
68.52518,0.673,-0.594,0.00
68.53552,0.673,-0.594,0.00
68.54661,0.634,-0.516,0.00
68.55789,0.634,-0.516,0.00
68.56800,0.623,-0.490,0.00
68.57823,0.623,-0.490,0.00
68.58857,0.718,-0.519,0.00
68.59869,0.718,-0.519,0.00
68.60892,0.875,-0.602,0.00
68.61912,0.875,-0.602,0.00
68.62928,0.871,-0.702,0.00
68.63944,0.871,-0.702,0.00
68.64960,0.667,-0.819,0.00
68.65976,0.667,-0.819,0.00
68.67051,0.355,-0.919,0.00
68.68087,0.355,-0.919,0.00
68.69121,0.134,-0.998,0.00
68.70168,-0.036,-0.998,0.00
68.71207,-0.036,-1.044,0.00
68.72243,-0.223,-1.057,0.00
68.73272,-0.223,-1.057,0.00
68.74288,-0.223,-1.043,0.00
68.75303,-0.214,-1.043,0.00
68.76317,-0.214,-0.995,0.00
68.77422,0.180,-0.995,0.00
68.78445,0.180,-0.995,0.00
68.79530,0.858,-0.931,0.00
68.80601,1.626,-0.857,0.00
68.81638,1.626,-0.857,0.00
68.82653,2.398,-0.805,0.00
68.83667,2.398,-0.805,0.00
68.84690,2.877,-0.803,0.00
68.85749,2.877,-0.803,0.00
68.86889,3.016,-0.855,0.00
68.87911,3.016,-0.855,0.00
68.88930,2.812,-0.941,0.00
68.89946,2.812,-1.025,0.00
68.90960,2.444,-1.025,0.00
68.91983,2.444,-1.025,0.00
68.93008,2.000,-1.110,0.00
68.94054,2.000,-1.110,0.00
68.95076,1.658,-1.162,0.00
68.96092,1.455,-1.132,0.00
68.97110,1.455,-1.132,0.00
68.98144,1.429,-1.045,0.00
68.99227,1.429,-1.045,0.00
69.00284,1.557,-0.950,0.00
69.01316,1.557,-0.950,0.00
69.02344,1.700,-0.850,0.00
69.03359,1.700,-0.850,0.00
69.04376,1.774,-0.760,0.00
69.05392,1.774,-0.760,0.00
69.06409,1.768,-0.719,0.00
69.07424,1.768,-0.719,0.00
69.08441,1.712,-0.762,0.00
69.09467,1.712,-0.762,0.00
69.10481,1.645,-0.867,0.00
69.11496,1.645,-0.867,0.00
69.12512,1.519,-0.992,0.00
69.13527,1.519,-0.992,0.00
69.14554,1.519,-0.992,0.00
69.15592,1.519,-0.992,0.00
69.16621,1.519,-0.992,0.00
69.17649,1.519,-0.992,0.00
69.18691,1.381,-1.094,0.00
69.19726,1.008,-1.161,0.00
69.20766,1.008,-1.161,0.00
69.21781,1.008,-1.161,0.00
69.22795,1.008,-1.161,0.00
69.23811,1.008,-1.161,0.00
69.24827,0.901,-1.136,0.00
69.25847,0.901,-1.136,0.00
69.26863,0.901,-1.136,0.00
69.27879,0.748,-1.120,0.00
69.28937,0.748,-1.120,0.00
69.29958,0.564,-1.123,0.00
69.30992,0.564,-1.123,0.00
69.32009,0.281,-1.118,0.00
69.33028,0.281,-1.118,0.00
69.34045,-0.115,-1.105,0.00
69.35060,-0.115,-1.105,0.00
69.36076,-0.537,-1.097,0.00
69.37092,-0.537,-1.097,0.00
69.38149,-0.537,-1.097,0.00
69.39173,-0.686,-1.089,0.00
69.40193,-0.593,-1.080,0.00
69.41248,-0.502,-1.077,0.00
69.42311,-0.502,-1.077,0.00
69.43334,-0.476,-1.075,0.00
69.44486,-0.476,-1.075,0.00
69.45501,-0.359,-1.072,0.00
69.46518,-0.359,-1.072,0.00
69.47530,-0.119,-1.071,0.00
69.48546,-0.119,-1.071,0.00
69.49562,-0.005,-1.072,0.00
69.50577,-0.005,-1.072,0.00
69.51593,-0.005,-1.072,0.00
69.52618,-0.005,-1.072,0.00
69.53654,-0.005,-1.072,0.00
69.54687,-0.005,-1.072,0.00
69.55710,-0.005,-1.072,0.00
69.56729,-0.114,-1.070,0.00
69.57747,-0.114,-1.070,0.00
69.58763,-0.114,-1.070,0.00
69.59778,-0.114,-1.070,0.00
69.60794,-0.114,-1.070,0.00
69.61809,-0.114,-1.070,0.00
69.62824,-0.114,-1.070,0.00
69.63842,-0.114,-1.070,0.00
69.64857,-0.114,-1.070,0.00
69.65872,-0.114,-1.070,0.00
69.66897,-0.114,-1.070,0.00
69.67919,-0.114,-1.070,0.00
69.68935,-0.114,-1.070,0.00
69.69950,-0.114,-1.070,0.00
69.70966,-0.114,-1.070,0.00
69.71981,-0.114,-1.070,0.00
69.73043,-0.114,-1.070,0.00
69.74057,-0.282,-1.069,0.00
69.75073,-0.282,-1.069,0.00
69.76092,-0.282,-1.069,0.00
69.77110,-0.282,-1.069,0.00
69.78126,-0.282,-1.069,0.00
69.79142,-0.282,-1.069,0.00
69.80157,-0.282,-1.069,0.00
69.81173,-0.282,-1.069,0.00
69.82215,-0.282,-1.069,0.00
69.83230,-0.282,-1.069,0.00
69.84249,-0.282,-1.069,0.00
69.85265,-0.282,-1.069,0.00
69.86280,-0.282,-1.069,0.00
69.87296,-0.282,-1.069,0.00
69.88313,-0.282,-1.069,0.00
69.89334,-0.282,-1.069,0.00
69.90351,-0.282,-1.069,0.00
69.91367,-0.319,-1.075,0.00
69.92388,-0.319,-1.075,0.00
69.93401,-0.319,-1.075,0.00
69.94416,-0.319,-1.075,0.00
69.95441,-0.319,-1.075,0.00
69.96456,-0.319,-1.075,0.00
69.97472,-0.319,-1.075,0.00
69.98487,-0.319,-1.075,0.00
69.99502,-0.319,-1.075,0.00
70.00544,-0.319,-1.075,0.00
70.01560,-0.319,-1.075,0.00
70.02577,-0.319,-1.075,0.00
70.03638,-0.319,-1.075,0.00
70.04680,-0.319,-1.075,0.00
70.05699,-0.319,-1.075,0.00
70.06727,-0.319,-1.075,0.00
70.07744,-0.319,-1.075,0.00
70.08760,-0.319,-1.075,0.00
70.09776,-0.319,-1.075,0.00
70.10793,-0.319,-1.075,0.00
70.11808,-0.319,-1.075,0.00
70.12823,-0.319,-1.075,0.00
70.13994,-0.319,-1.075,0.00
70.15011,-0.328,-1.077,0.00
70.16050,-0.328,-1.077,0.00
70.17082,-0.328,-1.077,0.00
70.18115,-0.328,-1.077,0.00
70.19138,-0.328,-1.077,0.00
70.20184,-0.328,-1.077,0.00
70.21200,-0.328,-1.077,0.00
70.22215,-0.328,-1.077,0.00
70.23235,-0.328,-1.077,0.00
70.24252,-0.328,-1.077,0.00
70.25268,-0.328,-1.077,0.00
70.26328,-0.328,-1.077,0.00
70.27343,-0.440,-1.089,0.00
70.28359,-0.440,-1.089,0.00
70.29375,-0.440,-1.089,0.00
70.30390,-0.440,-1.089,0.00
70.31404,-0.440,-1.089,0.00
70.32432,-0.440,-1.089,0.00
70.33454,-0.440,-1.089,0.00
70.34470,-0.440,-1.089,0.00
70.35497,-0.440,-1.089,0.00
70.36512,-0.440,-1.089,0.00
70.37529,-0.440,-1.089,0.00
70.38543,-0.440,-1.089,0.00
70.39559,-0.440,-1.089,0.00
70.40575,-0.440,-1.089,0.00
70.41591,-0.440,-1.089,0.00
70.42607,-0.440,-1.089,0.00
70.43623,-0.440,-1.089,0.00
70.44646,-0.440,-1.089,0.00
70.45660,-0.604,-1.118,0.00
70.46679,-0.604,-1.118,0.00
70.47714,-0.604,-1.118,0.00
70.48730,-0.604,-1.118,0.00
70.49746,-0.604,-1.118,0.00
70.50788,-0.604,-1.118,0.00
70.51815,-0.587,-1.148,0.00
70.52858,-0.097,-1.170,0.00
70.53874,0.160,-1.180,0.00
70.54935,0.282,-1.183,0.00
70.55951,0.221,-1.186,0.00
70.56966,-0.199,-1.185,0.00
70.57985,-0.415,-1.186,0.00
70.59029,-0.484,-1.220,0.00
70.60045,-0.565,-1.258,0.00
70.61063,-0.533,-1.341,0.00
70.62078,-0.368,-1.376,0.00
70.63092,-0.150,-1.406,0.00
70.64110,-0.174,-1.466,0.00
70.65169,-0.356,-1.624,0.00
70.66254,-0.466,-1.706,0.00
70.67270,-0.646,-1.679,0.00
70.68286,-0.655,-1.510,0.00
70.69301,-0.658,-1.073,0.00
70.70318,-0.812,-0.921,0.00
70.71333,-0.923,-0.845,0.00
70.72350,-1.001,-0.911,0.00
70.73365,-1.142,-0.981,0.00
70.74382,-1.270,-1.049,0.00
70.75396,-1.473,-0.992,0.00
70.76424,-1.516,-0.857,0.00
70.77473,-1.569,-0.840,0.00
70.78505,-1.810,-0.878,0.00
70.79566,-1.908,-1.073,0.00
70.80800,-1.983,-1.152,0.00
70.82014,-1.977,-1.192,0.00
70.83129,-2.003,-1.217,0.00
70.84145,-2.019,-1.228,0.00
70.85166,-2.042,-1.245,0.00
70.86213,-2.061,-1.286,0.00
70.87235,-2.033,-1.316,0.00
70.88250,-1.997,-1.338,0.00
70.89272,-2.008,-1.358,0.00
70.90288,-1.989,-1.358,0.00
70.91305,-1.957,-1.333,0.00
70.92333,-1.941,-1.316,0.00
70.93350,-1.947,-1.312,0.00
70.94367,-1.996,-1.336,0.00
70.95417,-1.984,-1.357,0.00
70.96434,-1.988,-1.416,0.00
70.97450,-2.000,-1.525,0.00
70.98469,-1.992,-1.589,0.00
70.99501,-1.956,-1.446,0.00
71.00535,-1.950,-1.483,0.00
71.01615,-1.999,-1.604,0.00
71.02647,-2.049,-1.616,0.00
71.03676,-2.016,-1.598,0.00
71.04710,-1.917,-1.587,0.00
71.05755,-1.917,-1.587,0.00
71.06782,-1.882,-1.587,0.00
71.07800,-1.882,-1.587,0.00
71.08815,-1.874,-1.592,0.00
71.09840,-1.874,-1.592,0.00
71.10856,-1.886,-1.601,0.00
71.11880,-1.886,-1.601,0.00
71.12888,-1.889,-1.608,0.00
71.13921,-1.889,-1.615,0.00
71.14953,-1.874,-1.615,0.00
71.15986,-1.874,-1.615,0.00
71.17012,-1.841,-1.621,0.00
71.18030,-1.841,-1.621,0.00
71.19056,-1.843,-1.628,0.00
71.20082,-1.866,-1.628,0.00
71.21098,-1.866,-1.639,0.00
71.22114,-1.858,-1.639,0.00
71.23204,-1.858,-1.645,0.00
71.24241,-1.856,-1.645,0.00
71.25269,-1.856,-1.654,0.00
71.26295,-1.835,-1.664,0.00
71.27343,-1.835,-1.664,0.00
71.28359,-1.766,-1.676,0.00
71.29373,-1.766,-1.676,0.00
71.30405,-1.720,-1.687,0.00
71.31442,-1.720,-1.687,0.00
71.32491,-1.720,-1.694,0.00
71.33509,-1.702,-1.694,0.00
71.34525,-1.684,-1.693,0.00
71.35545,-1.684,-1.693,0.00
71.36563,-1.677,-1.699,0.00
71.37648,-1.677,-1.699,0.00
71.38666,-1.659,-1.723,0.00
71.39734,-1.659,-1.723,0.00
71.40751,-1.613,-1.755,0.00
71.41767,-1.613,-1.755,0.00
71.42782,-1.613,-1.784,0.00
71.43801,-1.566,-1.800,0.00
71.44833,-1.539,-1.800,0.00
71.45883,-1.539,-1.800,0.00
71.46899,-1.517,-1.800,0.00
71.47914,-1.499,-1.800,0.00
71.48930,-1.499,-1.793,0.00
71.49946,-1.499,-1.793,0.00
71.50962,-1.512,-1.793,0.00
71.51977,-1.512,-1.793,0.00
71.52992,-1.546,-1.800,0.00
71.54008,-1.546,-1.798,0.00
71.55025,-1.562,-1.798,0.00
71.56040,-1.562,-1.798,0.00
71.57080,-1.573,-1.793,0.00
71.58097,-1.597,-1.798,0.00
71.59128,-1.597,-1.798,0.00
71.60164,-1.597,-1.798,0.00
71.61187,-1.633,-1.815,0.00
71.62203,-1.692,-1.841,0.00
71.63222,-1.692,-1.841,0.00
71.64248,-1.767,-1.879,0.00
71.65264,-1.767,-1.879,0.00
71.66280,-1.822,-1.931,0.00
71.67403,-1.822,-1.931,0.00
71.68420,-1.822,-2.011,0.00
71.69442,-1.860,-2.011,0.00
71.70466,-1.904,-2.113,0.00
71.71482,-1.904,-2.113,0.00
71.72498,-1.947,-2.241,0.00
71.73514,-1.947,-2.241,0.00
71.74534,-1.981,-2.369,0.00
71.75560,-1.981,-2.369,0.00
71.76576,-2.009,-2.484,0.00
71.77615,-2.009,-2.484,0.00
71.78629,-2.037,-2.575,0.00
71.79646,-2.037,-2.575,0.00
71.80662,-2.086,-2.626,0.00
71.81677,-2.086,-2.626,0.00
71.82706,-2.147,-2.637,0.00
71.83726,-2.147,-2.637,0.00
71.84741,-2.198,-2.618,0.00
71.85756,-2.198,-2.618,0.00
71.86772,-2.251,-2.577,0.00
71.87788,-2.251,-2.577,0.00
71.88818,-2.328,-2.522,0.00
71.89901,-2.328,-2.522,0.00
71.90934,-2.407,-2.462,0.00
71.91965,-2.407,-2.462,0.00
71.92982,-2.462,-2.399,0.00
71.93997,-2.462,-2.399,0.00
71.95019,-2.507,-2.336,0.00
71.96035,-2.550,-2.336,0.00
71.97050,-2.550,-2.266,0.00
71.98078,-2.550,-2.266,0.00
71.99151,-2.550,-2.266,0.00
72.00168,-2.550,-2.266,0.00
72.01184,-2.550,-2.266,0.00
72.02198,-2.550,-2.266,0.00
72.03239,-2.550,-2.266,0.00
72.04340,-2.550,-2.266,0.00
72.05356,-2.589,-2.188,0.00
72.06372,-2.638,-2.043,0.00
72.07404,-2.690,-1.998,0.00
72.08431,-2.737,-1.948,0.00
72.09477,-2.764,-1.948,0.00
72.10497,-2.779,-1.948,0.00
72.11515,-2.779,-1.933,0.00
72.12537,-2.794,-1.927,0.00
72.13554,-2.794,-1.927,0.00
72.14592,-2.816,-1.928,0.00
72.15627,-2.816,-1.928,0.00
72.16668,-2.826,-1.927,0.00
72.17691,-2.826,-1.927,0.00
72.18723,-2.828,-1.925,0.00
72.19746,-2.828,-1.925,0.00
72.20762,-2.807,-1.930,0.00
72.21778,-2.807,-1.930,0.00
72.22796,-2.754,-1.936,0.00
72.23817,-2.754,-1.936,0.00
72.24833,-2.754,-1.936,0.00
72.25848,-2.680,-1.942,0.00
72.26867,-2.620,-1.951,0.00
72.27883,-2.620,-1.951,0.00
72.28899,-2.560,-1.963,0.00
72.29915,-2.560,-1.975,0.00
72.30931,-2.486,-1.975,0.00
72.32050,-2.486,-1.975,0.00
72.33066,-2.396,-1.987,0.00
72.34084,-2.396,-1.987,0.00
72.35155,-2.261,-2.001,0.00
72.36173,-2.261,-2.001,0.00
72.37251,-2.076,-2.013,0.00
72.38267,-1.823,-2.024,0.00
72.39283,-1.823,-2.024,0.00
72.40299,-1.491,-2.031,0.00
72.41363,-1.491,-2.031,0.00
72.42379,-0.955,-2.031,0.00
72.43403,-0.955,-2.041,0.00
72.44422,-0.134,-2.051,0.00
72.45438,-0.134,-2.051,0.00
72.46453,-0.134,-2.058,0.00
72.47469,1.427,-2.058,0.00
72.48486,2.743,-2.062,0.00
72.49501,2.743,-2.062,0.00
72.50516,3.856,-2.069,0.00
72.51551,3.856,-2.069,0.00
72.52586,5.060,-2.080,0.00
72.53762,5.060,-2.080,0.00
72.54780,6.436,-2.091,0.00
72.55796,6.436,-2.091,0.00
72.56810,7.561,-2.103,0.00
72.57845,7.561,-2.103,0.00
72.58862,8.733,-2.116,0.00
72.59880,8.733,-2.116,0.00
72.60896,9.914,-2.130,0.00
72.61929,9.914,-2.130,0.00
72.63427,11.107,-2.143,0.00
72.64477,12.233,-2.154,0.00
72.65494,12.233,-2.154,0.00
72.66732,13.334,-2.171,11.00
72.67990,13.334,-2.171,11.00
72.69006,14.458,-2.188,11.00
72.71413,14.458,-2.188,11.00
72.72431,15.610,-2.204,11.00
72.74652,16.734,-2.215,11.00
72.75670,17.840,-2.224,11.00
72.77961,18.842,-2.230,11.00
72.78988,19.668,-2.235,11.00
72.81008,19.668,-2.235,11.00
72.82041,20.291,-2.234,11.00
72.83061,20.699,-2.231,11.00
72.84306,20.966,-2.232,11.00
72.85321,20.966,-2.232,11.00
72.86350,20.982,-2.233,11.00
72.87464,20.982,-2.233,11.00
72.88483,20.496,-2.233,11.00
72.89499,20.496,-2.233,11.00
72.90688,19.562,-2.232,11.00
72.91715,19.562,-2.232,11.00
72.92764,18.581,-2.228,11.00
72.94053,17.665,-2.228,11.00
72.95096,17.665,-2.217,11.00
72.96111,16.443,-2.206,11.00
72.98679,16.443,-2.206,11.00
72.99697,14.706,-2.192,11.00
73.01979,11.624,-2.123,11.00
73.03000,11.624,-2.123,11.00
73.05023,11.624,-2.123,11.00
73.06041,10.798,-2.075,11.00
73.08436,8.308,-1.970,11.50
73.09451,8.308,-1.970,11.50
73.11408,6.768,-1.905,11.50
73.12426,6.768,-1.905,11.50
73.13448,6.768,-1.905,11.50
73.14611,6.768,-1.905,11.50
73.15630,5.120,-1.884,11.50
73.16648,4.642,-2.064,11.50
73.17808,4.642,-2.064,11.50
73.18827,4.101,-2.262,11.50
73.19860,4.101,-2.262,11.50
73.21039,3.532,-2.496,12.00
73.22049,3.532,-2.496,12.00
73.23065,3.003,-2.700,12.00
73.24228,2.494,-2.700,12.00
73.25246,2.494,-2.872,12.00
73.26262,2.004,-2.872,12.00
73.27279,2.004,-3.035,12.00
73.29140,1.599,-3.200,12.00
73.30156,1.273,-3.350,12.00
73.32211,1.273,-3.350,12.50
73.33246,0.970,-3.516,12.50
73.35482,0.559,-3.658,13.00
73.36526,0.559,-3.788,13.00
73.38711,-0.340,-3.894,13.50
73.39726,-0.340,-3.894,13.50
73.40743,-0.870,-3.991,13.50
73.41951,-0.870,-3.991,14.00
73.42968,-1.366,-4.065,14.00
73.43984,-1.366,-4.065,14.00
73.45196,-1.661,-4.118,14.50
73.46211,-1.903,-4.118,14.50
73.47228,-1.903,-4.157,14.50
73.48296,-1.903,-4.157,15.00
73.49311,-2.173,-4.157,15.00
73.50327,-2.173,-4.226,15.00
73.51460,-2.356,-4.226,16.00
73.52483,-2.352,-4.249,16.00
73.53521,-2.352,-4.249,16.00
73.56323,-2.320,-4.264,16.50
73.57358,-2.320,-4.264,16.50
73.59502,-2.451,-4.267,17.50
73.60526,-2.624,-4.278,17.50
73.62784,-2.784,-4.287,18.50
73.63820,-2.877,-4.287,18.50
73.65823,-2.877,-4.294,19.00
73.66846,-2.934,-4.312,19.00
73.67921,-2.934,-4.312,19.00
73.69097,-3.026,-4.344,20.00
73.70134,-3.108,-4.401,20.00
73.71172,-3.108,-4.401,20.00
73.72309,-3.140,-4.401,20.50
73.73323,-3.140,-4.463,20.50
73.74344,-3.168,-4.530,20.50
73.75463,-3.168,-4.530,21.50
73.76484,-3.201,-4.609,21.50
73.77499,-3.201,-4.609,21.50
73.80331,-3.214,-4.857,22.00
73.81348,-3.214,-4.857,22.00
73.83493,-3.187,-5.063,22.50
73.84540,-3.133,-5.296,22.50
73.86614,-3.133,-5.296,23.00
73.87641,-3.058,-5.550,23.00
73.88657,-2.975,-5.818,23.00
73.89882,-2.975,-5.818,23.00
73.90914,-2.959,-6.096,23.00
73.91950,-2.882,-6.387,23.00
73.93024,-2.882,-6.387,23.50
73.94042,-2.882,-6.387,23.50
73.95061,-2.776,-6.695,23.50
73.96353,-2.776,-6.695,23.50
73.97368,-2.712,-7.043,23.50
73.98383,-2.648,-7.456,23.50
73.99502,-2.648,-7.456,24.00
74.00536,-2.562,-7.835,24.00
74.01565,-2.562,-7.835,24.00
74.02658,-2.482,-8.211,24.00
74.03795,-2.482,-8.211,24.00
74.04850,-2.384,-8.556,24.00
74.07502,-2.302,-8.848,24.00
74.08517,-2.302,-9.074,24.00
74.10693,-2.123,-9.223,24.00
74.11900,-2.123,-9.223,24.00
74.13874,-2.065,-9.275,24.00
74.14902,-2.021,-9.206,24.00
74.15920,-2.021,-9.206,24.00
74.17105,-1.979,-9.033,24.50
74.18151,-1.979,-9.033,24.50
74.19181,-1.894,-8.747,24.50
74.20211,-1.894,-8.747,24.50
74.21234,-1.806,-8.348,24.50
74.22251,-1.806,-8.348,24.50
74.23519,-1.736,-7.861,24.50
74.24537,-1.689,-7.290,24.50
74.25563,-1.689,-7.290,24.50
74.26668,-1.689,-7.290,24.50
74.27687,-1.689,-7.290,24.50
74.28718,-1.689,-7.290,24.50
74.31508,-1.689,-6.013,24.50
74.32545,-1.520,-5.232,24.50
74.34700,-1.520,-5.232,24.50
74.35721,-1.438,-4.504,24.50
74.37907,-1.438,-4.504,24.50
74.38938,-1.319,-3.758,24.50
74.41097,-1.213,-3.021,24.50
74.42165,-1.081,-1.559,24.50
74.44283,-0.964,-1.559,24.50
74.45316,-0.964,-0.136,24.50
74.46333,-0.941,0.631,24.50
74.47464,-0.941,0.631,24.50
74.48483,-0.860,1.307,24.50
74.49502,-0.860,1.307,24.50
74.50701,-0.753,1.969,24.50
74.51765,-0.753,1.969,24.50
74.52781,-0.683,2.592,24.50
74.55402,-0.683,2.592,24.50
74.56437,-0.642,3.828,24.50
74.58696,-0.640,4.422,24.50
74.59866,-0.640,4.998,24.50
74.61964,-0.700,4.998,24.50
74.63001,-0.769,5.613,24.50
74.65004,-0.769,5.613,24.50
74.66029,-0.811,6.162,24.50
74.67047,-0.811,6.162,24.50
74.68303,-0.811,6.162,24.50
74.69320,-0.811,6.162,24.50
74.70400,-0.811,6.736,24.50
74.71568,-0.832,6.736,24.50
74.72584,-0.859,7.941,24.50
74.73602,-0.859,7.941,24.50
74.76288,-0.890,7.941,24.50
74.77316,-0.936,9.111,24.50
74.79473,-0.973,9.111,24.50
74.80492,-0.973,9.657,24.50
74.82682,-0.973,9.657,24.50
74.83710,-1.002,10.758,24.50
74.84736,-1.002,10.758,0.00
74.85764,-1.052,11.249,0.00
74.86788,-1.167,12.184,0.00
74.87810,-1.167,12.184,0.00
74.88853,-1.233,12.576,0.00
74.89870,-1.233,12.968,0.00
74.90886,-1.270,12.968,0.00
74.92014,-1.270,12.968,0.00
74.93072,-1.296,13.514,0.00
74.94096,-1.358,14.231,0.00
74.95161,-1.358,14.231,0.00
74.96187,-1.484,15.057,0.00
74.97260,-1.484,15.057,0.00
74.98284,-1.645,15.842,0.00
74.99305,-1.645,15.842,0.00
75.00320,-1.765,15.842,0.00
75.01336,-1.765,16.501,0.00
75.02352,-1.806,17.012,0.00
75.03369,-1.806,17.012,0.00
75.04385,-1.802,17.385,0.00
75.05401,-1.802,17.385,0.00
75.06417,-1.765,17.741,0.00
75.07454,-1.765,17.741,0.00
75.08470,-1.708,18.099,0.00
75.09487,-1.708,18.099,0.00
75.10503,-1.664,18.567,0.00
75.11520,-1.664,18.567,0.00
75.12537,-1.649,19.014,0.00
75.13553,-1.649,19.014,0.00
75.14569,-1.668,19.494,0.00
75.15617,-1.668,19.494,0.00
75.16655,-1.710,19.906,0.00
75.17682,-1.710,19.906,0.00
75.18701,-1.757,20.215,0.00
75.19738,-1.757,20.215,0.00
75.20772,-1.781,20.501,0.00
75.21795,-1.781,20.501,0.00
75.22805,-1.773,20.787,0.00
75.23878,-1.773,20.787,0.00
75.24893,-1.745,21.059,0.00
75.25986,-1.745,21.059,0.00
75.27009,-1.705,21.324,0.00
75.28024,-1.705,21.602,0.00
75.29051,-1.663,21.602,0.00
75.30067,-1.646,21.837,0.00
75.31087,-1.646,21.837,0.00
75.32101,-1.657,21.837,0.00
75.33201,-1.657,22.044,0.00
75.34223,-1.657,22.044,0.00
75.35242,-1.673,22.222,0.00
75.36258,-1.673,22.222,0.00
75.37274,-1.695,22.322,0.00
75.38290,-1.738,22.264,0.00
75.39306,-1.738,22.264,0.00
75.40322,-1.801,22.264,0.00
75.41337,-1.801,22.076,0.00
75.42353,-1.870,21.878,0.00
75.43369,-1.870,21.878,0.00
75.44385,-1.870,21.878,0.00
75.45401,-1.870,21.878,0.00
75.46423,-1.870,21.878,0.00
75.47476,-1.870,21.878,0.00
75.48492,-1.966,21.679,0.00
75.49507,-1.966,21.679,0.00
75.50523,-2.107,21.469,0.00
75.51539,-2.216,21.059,0.00
75.52555,-2.367,20.871,0.00
75.53575,-2.367,20.871,0.00
75.54592,-2.451,20.706,0.00
75.55630,-2.451,20.706,0.00
75.56646,-2.494,20.570,0.00
75.57665,-2.494,20.570,0.00
75.58688,-2.516,20.460,0.00
75.59785,-2.516,20.460,0.00
75.60800,-2.559,20.358,0.00
75.61816,-2.559,20.358,0.00
75.62837,-2.559,20.358,0.00
75.63856,-2.559,20.298,0.00
75.64872,-2.394,20.253,0.00
75.65893,-2.394,20.253,0.00
75.66922,-2.236,20.216,0.00
75.67946,-2.236,20.216,0.00
75.68981,-2.050,20.186,0.00
75.69998,-2.050,20.186,0.00
75.71154,-1.854,20.152,0.00
75.72194,-1.854,20.152,0.00
75.73220,-1.707,20.097,0.00
75.74253,-1.707,20.018,0.00
75.75338,-1.579,20.018,0.00
75.76354,-1.427,19.905,0.00
75.77369,-1.427,19.905,0.00
75.78403,-1.210,19.768,0.00
75.79445,-1.210,19.768,0.00
75.80467,-0.972,19.565,0.00
75.81502,-0.972,19.565,0.00
75.82533,-0.767,19.272,0.00
75.83551,-0.767,19.272,0.00
75.84567,-0.634,18.879,0.00
75.85583,-0.634,18.879,0.00
75.86600,-0.511,18.354,0.00
75.87652,-0.511,18.354,0.00
75.88694,-0.334,17.668,0.00
75.89744,-0.334,17.668,0.00
75.90762,-0.148,16.765,0.00
75.91795,-0.148,16.765,0.00
75.92828,-0.054,15.560,0.00
75.93877,-0.054,15.560,0.00
75.94916,0.013,14.269,0.00
75.95932,0.013,14.269,0.00
75.96950,0.113,12.766,0.00
75.97966,0.113,11.124,0.00
75.99022,0.219,11.124,0.00
76.00047,0.219,9.360,0.00
76.01071,0.321,9.360,0.00
76.02130,0.321,9.360,0.00
76.03149,0.418,7.439,0.00
76.04165,0.467,7.439,0.00
76.05193,0.467,5.435,0.00
76.06210,0.479,3.338,0.00
76.07226,0.479,3.338,0.00
76.08283,0.466,1.120,0.00
76.09299,0.466,1.120,0.00
76.10316,0.466,1.120,0.00
76.11332,0.404,-0.562,0.00
76.12348,0.404,-0.562,0.00
76.13366,0.291,-1.929,0.00
76.14392,0.291,-2.970,0.00
76.15408,0.126,-2.970,0.00
76.16423,-0.052,-3.649,0.00
76.17439,-0.052,-3.649,0.00
76.18456,-0.228,-4.087,0.00
76.19471,-0.228,-4.087,0.00
76.20486,-0.395,-4.453,0.00
76.21500,-0.395,-4.453,0.00
76.22516,-0.622,-4.789,0.00
76.23575,-0.622,-4.789,0.00
76.24611,-0.806,-5.120,0.00
76.25626,-0.806,-5.120,0.00
76.26673,-0.987,-5.300,0.00
76.27694,-0.987,-5.300,0.00
76.28729,-1.183,-5.315,0.00
76.29770,-1.183,-5.315,0.00
76.30808,-1.351,-4.963,0.00
76.31822,-1.351,-4.963,0.00
76.32848,-1.503,-4.306,0.00
76.33941,-1.503,-4.306,0.00
76.34962,-1.641,-3.390,0.00
76.36561,-1.641,-2.338,0.00
76.38106,-1.775,-2.338,0.00
76.40416,-1.899,-1.192,0.00
76.41773,-2.020,0.177,0.00
76.42901,-2.137,1.372,0.00
76.43985,-2.238,1.372,0.00
76.45654,-2.238,2.471,0.00
76.46720,-2.238,2.471,0.00
76.47850,-2.412,2.471,0.00
76.49544,-2.412,4.214,0.00
76.50769,-2.412,4.214,0.00
76.51948,-2.486,4.851,0.00
76.53074,-2.553,5.332,0.00
76.54189,-2.553,5.628,0.00
76.55663,-2.617,5.628,0.00
76.57349,-2.660,5.726,0.00
76.58448,-2.660,5.570,0.00
76.59488,-2.658,5.570,0.00
76.60528,-2.658,5.254,0.00
76.61658,-2.626,5.254,0.00
76.62713,-2.597,5.254,0.00
76.63781,-2.597,4.887,0.00
76.64811,-2.567,4.887,0.00
76.65865,-2.567,4.568,0.00
76.67477,-2.540,4.295,0.00
76.69118,-2.518,4.006,0.00
76.70153,-2.510,3.709,0.00
76.71277,-2.510,3.709,0.00
76.72296,-2.510,3.372,0.00
76.73605,-2.505,3.372,0.00
76.74651,-2.487,3.372,0.00
76.75690,-2.487,2.942,0.00
76.76719,-2.444,2.942,0.00
76.77847,-2.444,2.533,0.00
76.78872,-2.393,2.533,0.00
76.79910,-2.393,1.802,0.00
76.80946,-2.355,1.802,0.00
76.81987,-2.355,1.479,0.00
76.83028,-2.349,1.479,0.00
76.84072,-2.349,1.479,0.00
76.85112,-2.358,1.479,0.00
76.86155,-2.358,0.830,0.00
76.87206,-2.367,0.830,0.00
76.88826,-2.374,0.590,0.00
76.90428,-2.374,0.590,0.00
76.91473,-2.374,0.590,0.00
76.92492,-2.436,0.590,0.00
76.93603,-2.436,0.145,0.00
76.94651,-2.493,0.145,0.00
76.95717,-2.493,-0.028,0.00
76.96745,-2.554,-0.028,0.00
76.97788,-2.554,-0.191,0.00
76.99399,-2.616,-0.336,0.00
77.01051,-2.685,-0.470,0.00
77.02077,-2.757,-0.470,0.00
77.03204,-2.757,-0.589,0.00
77.04298,-2.757,-0.696,0.00
77.05342,-2.823,-0.696,0.00
77.06386,-2.878,-0.696,0.00
77.07463,-2.878,-0.784,0.00
77.08558,-2.878,-0.784,0.00
77.10190,-3.041,-0.830,0.00
77.11849,-3.041,-0.830,0.00
77.13517,-3.137,-0.832,0.00
77.14616,-3.137,-0.840,0.00
77.15660,-3.216,-0.840,0.00
77.16708,-3.216,-0.857,0.00
77.17744,-3.288,-0.857,0.00
77.18784,-3.288,-0.873,0.00
77.19826,-3.365,-0.873,0.00
77.21308,-3.432,-0.886,0.00
77.22427,-3.481,-0.888,0.00
77.23482,-3.481,-0.888,0.00
77.24570,-3.481,-0.891,0.00
77.25610,-3.522,-0.891,0.00
77.26668,-3.522,-0.902,0.00
77.27734,-3.550,-0.902,0.00
77.28766,-3.550,-0.931,0.00
77.29802,-3.608,-0.931,0.00
77.31397,-3.608,-0.973,0.00
77.32415,-3.646,-0.973,0.00
77.33494,-3.646,-1.022,0.00
77.34513,-3.660,-1.022,0.00
77.40882,-3.658,-1.344,0.00
77.41897,-3.658,-1.344,0.00
77.48405,-3.637,-1.794,0.00
77.49454,-3.637,-1.794,0.00
77.50536,-1.070,-1.971,0.00
77.51554,-1.038,-2.096,0.00
77.52570,-1.010,-2.213,0.00
77.53604,-1.010,-2.213,0.00
77.54647,-0.965,-2.329,0.00
77.55962,-0.965,-2.411,0.00
77.56977,-0.924,-2.411,0.00
77.58012,-0.924,-2.411,0.00
77.59028,-0.911,-2.472,0.00
77.60043,-0.911,-2.514,0.00
77.61058,-0.901,-2.514,0.00
77.62111,-0.893,-2.514,0.00
77.63127,-0.893,-2.549,0.00
77.64143,-0.892,-2.549,0.00
77.65159,-0.892,-2.593,0.00
77.66183,-0.892,-2.593,0.00
77.67198,-0.890,-2.638,0.00
77.68213,-0.890,-2.690,0.00
77.69234,-0.878,-2.690,0.00
77.70252,-0.878,-2.690,0.00
77.71267,-0.863,-2.742,0.00
77.72292,-0.863,-2.786,0.00
77.73325,-0.865,-2.786,0.00
77.74363,-0.865,-2.826,0.00
77.75400,-0.877,-2.826,0.00
77.76442,-0.876,-2.864,0.00
77.77457,-0.876,-2.864,0.00
77.78518,-0.860,-2.896,0.00
77.79534,-0.860,-2.896,0.00
77.80550,-0.847,-2.924,0.00
77.81589,-0.847,-2.924,0.00
77.82608,-0.836,-2.952,0.00
77.83623,-0.836,-2.952,0.00
77.84649,-0.825,-2.973,0.00
77.85665,-0.825,-2.973,0.00
77.86682,-0.819,-2.993,0.00
77.87712,-0.819,-2.993,0.00
77.88732,-0.817,-3.010,0.00
77.89792,-0.817,-3.010,0.00
77.90818,-0.820,-3.026,0.00
77.91861,-0.820,-3.026,0.00
77.92879,-0.825,-3.041,0.00
77.93928,-0.825,-3.041,0.00
77.94964,-0.825,-3.041,0.00
77.96022,-0.825,-3.041,0.00
77.97055,-0.817,-3.051,0.00
77.98071,-0.799,-3.051,0.00
77.99091,-0.799,-3.053,0.00
78.00137,-0.804,-3.053,0.00
78.01176,-0.804,-3.058,0.00
78.02188,-0.804,-3.058,0.00
78.03273,-0.804,-3.060,0.00
78.04290,-0.800,-3.061,0.00
78.05305,-0.800,-3.061,0.00
78.06348,-0.799,-3.064,0.00
78.07386,-0.799,-3.064,0.00
78.08420,-0.809,-3.068,0.00
78.09467,-0.809,-3.068,0.00
78.10484,-0.809,-3.067,0.00
78.11500,-0.832,-3.067,0.00
78.12515,-0.855,-3.067,0.00
78.13530,-0.855,-3.067,0.00
78.14546,-0.872,-3.068,0.00
78.15571,-0.872,-3.068,0.00
78.16593,-0.895,-3.074,0.00
78.17617,-0.895,-3.074,0.00
78.18639,-0.914,-3.075,0.00
78.19684,-0.914,-3.075,0.00
78.20721,-0.930,-3.077,0.00
78.21758,-0.930,-3.077,0.00
78.22776,-0.958,-3.080,0.00
78.23801,-0.958,-3.080,0.00
78.24817,-0.988,-3.082,0.00
78.25863,-0.988,-3.085,0.00
78.26879,-0.995,-3.085,0.00
78.27894,-0.995,-3.085,0.00
78.28911,-0.985,-3.088,0.00
78.29927,-0.985,-3.088,0.00
78.30951,-0.967,-3.089,0.00
78.32030,-0.967,-3.089,0.00
78.33045,-0.979,-3.090,0.00
78.34077,-1.011,-3.090,0.00
78.35200,-1.011,-3.090,0.00
78.36210,-1.028,-3.089,0.00
78.37235,-1.028,-3.089,0.00
78.38269,-1.031,-3.086,0.00
78.39304,-1.031,-3.086,0.00
78.40321,-1.034,-3.086,0.00
78.41352,-1.034,-3.082,0.00
78.42367,-1.042,-3.082,0.00
78.43445,-1.042,-3.081,0.00
78.44474,-1.053,-3.079,0.00
78.45500,-1.053,-3.079,0.00
78.46531,-1.077,-3.078,0.00
78.47556,-1.077,-3.078,0.00
78.48580,-1.103,-3.076,0.00
78.49626,-1.103,-3.076,0.00
78.50703,-1.130,-3.077,0.00
78.51751,-1.130,-3.077,0.00
78.52789,-1.147,-3.076,0.00
78.53987,-1.147,-3.074,0.00
78.55018,-1.144,-3.074,0.00
78.56054,-1.127,-3.072,0.00
78.57270,-1.127,-3.072,0.00
78.58287,-1.127,-3.072,0.00
78.59304,-1.100,-3.068,0.00
78.60321,-1.100,-3.068,0.00
78.61341,-1.024,-3.066,0.00
78.62359,-0.866,-3.066,0.00
78.63380,-0.866,-3.061,0.00
78.64396,-0.593,-3.055,0.00
78.65412,-0.593,-3.055,0.00
78.66454,-0.179,-3.050,0.00
78.67470,-0.179,-3.050,0.00
78.68486,0.310,-3.050,0.00
78.69501,0.310,-3.050,0.00
78.70516,0.889,-3.045,0.00
78.71534,0.889,-3.045,0.00
78.72549,1.640,-3.033,0.00
78.73570,1.640,-3.033,0.00
78.74583,3.016,-3.029,0.00
78.75599,3.016,-3.029,0.00
78.76620,4.972,-3.026,0.00
78.77651,4.972,-3.026,0.00
78.78667,6.495,-3.022,0.00
78.79715,6.495,-3.022,0.00
78.80731,6.495,-3.022,0.00
78.81752,7.609,-3.016,0.00
78.82795,8.672,-3.012,0.00
78.83821,8.672,-3.012,0.00
78.84855,9.942,-3.007,0.00
78.85903,9.942,-3.007,0.00
78.87395,11.251,-3.004,0.00
78.88412,12.502,-3.003,0.00
78.89428,12.502,-3.003,0.00
78.90703,13.622,-3.008,11.00
78.91720,13.622,-3.008,11.00
78.92739,14.680,-3.016,11.00
78.95398,14.680,-3.016,11.00
78.96456,17.355,-3.028,11.00
78.97472,17.355,-3.028,11.00
78.98488,18.783,-3.036,11.00
78.99504,18.783,-3.036,11.00
79.01949,18.783,-3.047,11.00
79.02967,21.049,-3.047,11.00
79.05125,21.049,-3.052,11.00
79.06142,22.086,-3.053,11.00
79.08280,23.578,-3.052,11.00
79.09308,23.578,-3.052,11.00
79.10324,23.982,-3.052,11.00
79.11895,24.048,-3.042,11.00
79.12915,24.048,-3.042,11.00
79.14607,24.048,-3.042,11.00
79.15626,23.541,-3.033,11.00
79.16654,22.450,-3.017,11.00
79.17876,22.450,-3.017,11.00
79.18892,21.127,-2.998,11.00
79.20117,19.857,-2.975,11.00
79.21215,19.857,-2.975,11.00
79.22242,18.509,-2.947,11.00
79.23257,18.509,-2.947,11.00
79.25856,18.509,-2.911,11.00
79.26875,15.399,-2.858,11.00
79.29091,15.399,-2.858,11.00
79.30110,14.253,-2.795,11.00
79.32561,13.659,-2.646,11.50
79.33658,13.267,-2.646,11.50
79.35486,12.615,-2.573,11.50
79.36503,11.583,-2.499,11.50
79.37520,11.583,-2.499,11.50
79.38604,11.583,-2.499,11.50
79.39628,10.403,-2.470,11.50
79.40658,9.318,-2.562,11.50
79.41904,9.318,-2.562,11.50
79.42923,8.361,-2.680,11.50
79.43949,8.361,-2.814,11.50
79.45133,7.372,-2.814,12.00
79.46150,7.372,-2.814,12.00
79.47225,6.345,-2.916,12.00
79.48266,5.481,-2.994,12.00
79.49298,5.481,-2.994,12.00
79.50330,5.481,-3.096,12.00
79.53242,4.408,-3.211,12.50
79.54257,4.021,-3.315,12.50
79.56194,4.021,-3.315,12.50
79.57226,3.757,-3.405,12.50
79.59551,3.593,-3.476,13.00
79.60567,3.390,-3.540,13.00
79.62597,3.390,-3.540,13.50
79.63627,3.079,-3.594,13.50
79.64645,2.728,-3.631,13.50
79.65874,2.728,-3.631,14.00
79.66893,2.494,-3.673,14.00
79.67908,2.287,-3.673,14.00
79.69106,2.287,-3.712,14.50
79.70126,2.287,-3.741,14.50
79.71148,2.087,-3.741,14.50
79.72256,1.865,-3.741,15.50
79.73308,1.865,-3.761,15.50
79.74357,1.633,-3.781,15.50
79.75505,1.633,-3.781,16.00
79.76523,1.254,-3.807,16.00
79.77540,1.254,-3.807,16.00
79.78677,1.254,-3.807,17.00
79.79696,1.254,-3.807,17.00
79.80711,1.254,-3.807,17.00
79.83398,1.254,-3.807,17.50
79.84413,1.131,-3.844,17.50
79.86655,1.058,-4.011,18.50
79.87678,1.206,-4.059,18.50
79.90090,1.251,-4.104,19.50
79.91116,1.220,-4.145,19.50
79.93188,1.189,-4.179,20.00
79.94214,1.187,-4.222,20.00
79.96219,1.187,-4.222,21.00
79.97236,1.253,-4.273,21.00
79.98268,1.325,-4.273,21.00
79.99488,1.325,-4.325,21.50
80.00509,1.385,-4.381,21.50
80.01544,1.385,-4.381,21.50
80.02668,1.385,-4.381,22.00
80.03685,1.387,-4.437,22.00
80.04700,1.423,-4.482,22.00
80.05845,1.423,-4.482,22.50
80.06878,1.506,-4.516,22.50
80.07917,1.603,-4.516,22.50
80.09255,1.603,-4.551,23.00
80.10271,1.681,-4.585,23.00
80.11290,1.681,-4.585,23.00
80.13863,1.743,-4.615,23.00
80.14901,1.821,-4.658,23.00
80.17090,1.883,-4.705,23.50
80.18105,1.883,-4.757,23.50
80.20274,1.939,-4.831,23.50
80.21294,1.939,-4.831,23.50
80.23426,1.939,-4.939,24.00
80.24466,1.967,-5.076,24.00
80.25498,1.967,-5.076,24.00
80.26663,1.967,-5.241,24.00
80.27963,1.999,-5.241,24.00
80.29919,1.999,-5.454,24.00
80.30942,1.996,-5.454,24.00
80.31975,1.996,-5.454,24.00
80.33530,1.999,-6.013,24.00
80.34545,2.001,-6.303,24.00
80.35562,2.001,-6.303,24.00
80.36611,2.013,-6.612,24.00
80.37634,2.013,-6.612,24.00
80.38650,2.015,-6.941,24.00
80.39686,2.015,-6.941,24.50
80.40702,2.013,-7.258,24.50
80.41771,2.013,-7.258,24.50
80.44207,1.993,-7.571,24.50
80.45245,1.957,-7.898,24.50
80.47394,1.957,-7.898,24.50
80.48414,1.921,-8.274,24.50
80.50687,1.891,-8.601,24.50
80.51716,1.885,-8.898,24.50
80.53899,1.889,-9.157,24.50
80.54932,1.902,-9.346,24.50
80.55961,1.906,-9.454,24.50
80.57094,1.906,-9.454,24.50
80.58110,1.905,-9.454,24.50
80.59134,1.905,-9.469,24.50
80.60288,1.905,-9.378,24.50
80.61396,1.906,-9.378,24.50
80.62433,1.909,-9.187,24.50
80.63474,1.909,-9.187,24.50
80.64511,1.911,-8.877,24.50
80.65535,1.911,-8.877,24.50
80.66623,1.892,-8.525,24.50
80.67774,1.892,-8.525,24.50
80.68802,1.850,-8.108,24.50
80.69900,1.850,-8.108,24.50
80.70920,1.799,-7.662,24.50
80.71951,1.799,-7.662,24.50
80.74612,1.770,-7.183,24.50
80.75635,1.770,-7.183,24.50
80.77985,1.715,-6.157,24.50
80.79020,1.746,-5.625,24.50
80.81230,1.739,-5.625,24.50
80.82253,1.744,-4.520,24.50
80.84212,1.744,-4.520,24.50
80.85232,1.773,-4.015,24.50
80.86252,1.773,-4.015,24.50
80.87424,1.818,-3.525,24.50
80.88461,1.844,-3.058,24.50
80.89502,1.844,-3.058,24.50
80.90683,1.848,-2.585,24.50
80.91730,1.848,-2.585,24.50
80.92756,1.898,-2.108,24.50
80.93877,1.898,-2.108,24.50
80.94895,1.975,-1.631,24.50
80.95922,1.975,-1.631,24.50
80.97095,2.048,-1.095,24.50
80.98199,2.099,-1.095,24.50
80.99218,2.099,-0.641,24.50
81.00242,2.137,-0.214,24.50
81.01276,2.137,-0.214,24.50
81.02293,2.137,0.214,24.50
81.03311,2.185,0.214,24.50
81.05141,2.218,0.645,24.50
81.06161,2.252,1.084,24.50
81.08273,2.301,1.534,24.50
81.09297,2.301,1.534,24.50
81.10333,2.360,1.534,0.00
81.11394,2.360,1.997,0.00
81.12428,2.437,1.997,0.00
81.13462,2.437,2.505,0.00
81.14478,2.523,2.943,0.00
81.15494,2.523,2.943,0.00
81.16511,2.586,3.405,0.00
81.17526,2.586,3.405,0.00
81.18557,2.638,3.862,0.00
81.19616,2.638,3.862,0.00
81.20675,2.641,4.302,0.00
81.21699,2.641,4.302,0.00
81.22716,2.516,4.754,0.00
81.23734,2.516,4.754,0.00
81.24765,2.306,5.211,0.00
81.25861,2.306,5.211,0.00
81.26896,2.155,5.655,0.00
81.27913,2.155,5.655,0.00
81.28929,2.100,6.131,0.00
81.29968,2.100,6.131,0.00
81.30996,2.097,6.513,0.00
81.32013,2.133,6.513,0.00
81.33050,2.133,6.873,0.00
81.34088,2.133,7.360,0.00
81.35126,2.195,7.360,0.00
81.36143,2.195,7.360,0.00
81.37170,2.254,7.955,0.00
81.38187,2.254,7.955,0.00
81.39204,2.299,8.639,0.00
81.40220,2.330,9.364,0.00
81.41246,2.330,9.364,0.00
81.42261,2.337,10.063,0.00
81.43278,2.337,10.063,0.00
81.44301,2.311,10.769,0.00
81.45319,2.311,10.769,0.00
81.46335,2.311,11.291,0.00
81.47482,2.290,11.291,0.00
81.48500,2.290,11.746,0.00
81.49556,2.291,11.746,0.00
81.50572,2.280,12.156,0.00
81.51598,2.280,12.156,0.00
81.52614,2.281,12.579,0.00
81.53629,2.281,12.579,0.00
81.54721,2.313,13.011,0.00
81.55767,2.313,13.011,0.00
81.56786,2.361,13.439,0.00
81.57819,2.361,13.439,0.00
81.58867,2.401,13.863,0.00
81.59883,2.401,13.863,0.00
81.60899,2.397,14.306,0.00
81.61927,2.397,14.306,0.00
81.62944,2.338,14.623,0.00
81.63963,2.338,14.623,0.00
81.64991,2.247,14.767,0.00
81.66040,2.247,14.767,0.00
81.67069,2.176,14.738,0.00
81.68160,2.176,14.738,0.00
81.69189,2.153,14.630,0.00
81.70207,2.130,14.471,0.00
81.71223,2.130,14.471,0.00
81.72240,2.118,14.218,0.00
81.73267,2.118,14.218,0.00
81.74302,2.153,13.916,0.00
81.75353,2.153,13.916,0.00
81.76376,2.245,13.629,0.00
81.77392,2.245,13.629,0.00
81.78415,2.438,13.431,0.00
81.79439,2.438,13.431,0.00
81.80471,2.694,13.261,0.00
81.81487,2.694,13.261,0.00
81.82503,2.915,13.126,0.00
81.83531,2.915,13.126,0.00
81.84547,3.112,12.995,0.00
81.85566,3.112,12.995,0.00
81.86583,3.357,12.870,0.00
81.87617,3.357,12.870,0.00
81.88644,3.643,12.782,0.00
81.89672,3.643,12.782,0.00
81.90707,3.902,12.742,0.00
81.91737,3.902,12.742,0.00
81.92753,4.066,12.721,0.00
81.93859,4.066,12.721,0.00
81.94874,4.227,12.707,0.00
81.96023,4.227,12.707,0.00
81.97068,4.403,12.704,0.00
81.98113,4.559,12.678,0.00
81.99148,4.559,12.678,0.00
82.00163,4.684,12.678,0.00
82.01179,4.684,12.597,0.00
82.02195,4.684,12.434,0.00
82.03227,4.830,12.434,0.00
82.04262,4.830,12.434,0.00
82.05276,4.999,12.113,0.00
82.06302,4.999,12.113,0.00
82.07318,5.133,11.583,0.00
82.08336,5.133,11.583,0.00
82.09357,5.133,11.583,0.00
82.10371,5.246,10.723,0.00
82.11386,5.335,9.724,0.00
82.12411,5.335,9.724,0.00
82.13486,5.335,9.724,0.00
82.14519,5.335,9.724,0.00
82.15638,5.335,8.503,0.00
82.16658,5.522,5.565,0.00
82.17751,5.596,5.565,0.00
82.18770,5.636,4.023,0.00
82.19789,5.636,4.023,0.00
82.20805,5.654,2.547,0.00
82.21961,5.654,2.547,0.00
82.22979,5.667,1.256,0.00
82.23996,5.667,1.256,0.00
82.25012,5.651,0.224,0.00
82.26028,5.651,-0.515,0.00
82.27050,5.594,-0.515,0.00
82.28074,5.594,-0.899,0.00
82.29169,5.513,-0.899,0.00
82.30187,5.400,-1.198,0.00
82.31228,5.400,-1.198,0.00
82.32245,5.400,-1.198,0.00
82.33281,5.253,-1.435,0.00
82.34296,5.120,-1.591,0.00
82.35312,5.120,-1.591,0.00
82.36330,5.005,-1.591,0.00
82.37363,5.005,-1.739,0.00
82.38381,5.005,-1.828,0.00
82.39409,4.861,-1.828,0.00
82.40425,4.663,-1.978,0.00
82.41448,4.663,-1.978,0.00
82.42465,4.431,-2.099,0.00
82.43482,4.431,-2.099,0.00
82.44498,4.175,-2.200,0.00
82.45515,4.175,-2.200,0.00
82.46530,3.932,-2.275,0.00
82.47557,3.932,-2.275,0.00
82.48573,3.678,-2.277,0.00
82.49589,3.678,-2.277,0.00
82.50604,3.446,-2.264,0.00
82.51638,3.446,-2.264,0.00
82.52654,3.250,-2.167,0.00
82.53693,3.250,-2.167,0.00
82.54971,3.081,-1.983,0.00
82.55987,3.081,-1.983,0.00
82.57003,2.940,-1.648,0.00
82.58033,2.940,-1.648,0.00
82.59051,2.795,-1.072,0.00
82.60068,2.795,-1.072,0.00
82.61085,2.658,-0.423,0.00
82.62122,2.658,-0.423,0.00
82.63154,2.522,0.376,0.00
82.64870,2.415,1.341,0.00
82.66653,2.301,2.377,0.00
82.69254,2.140,3.333,0.00
82.71071,1.982,4.125,0.00
82.72086,1.863,4.125,0.00
82.73202,1.863,4.756,0.00
82.74748,1.758,5.249,0.00
82.75827,1.758,5.249,0.00
82.77421,1.653,5.513,0.00
82.80262,1.576,5.539,0.00
82.81305,1.516,5.539,0.00
82.82698,1.516,5.426,0.00
82.83763,1.476,5.426,0.00
82.85306,1.441,5.426,0.00
82.87065,1.401,4.777,0.00
82.88608,1.401,4.777,0.00
82.89739,1.347,4.428,0.00
82.90789,1.347,4.428,0.00
82.91897,1.265,4.428,0.00
82.93515,1.265,3.619,0.00
82.94705,1.169,3.619,0.00
82.96354,1.089,3.277,0.00
82.97925,1.089,2.895,0.00
82.99664,1.035,2.482,0.00
83.00685,1.035,2.482,0.00
83.01780,1.038,2.482,0.00
83.03526,1.049,1.634,0.00
83.05096,1.049,1.634,0.00
83.06675,1.049,0.692,0.00
83.07746,1.110,0.692,0.00
83.08833,1.110,0.692,0.00
83.11537,1.127,-0.057,0.00
83.13405,1.105,-0.416,0.00
83.14588,1.107,-0.796,0.00
83.15777,1.107,-0.796,0.00
83.17349,1.125,-1.157,0.00
83.18417,1.141,-1.157,0.00
83.20023,1.141,-1.490,0.00
83.22256,1.161,-1.834,0.00
83.23587,1.189,-2.234,0.00
83.24839,1.189,-2.234,0.00
83.25997,1.199,-2.234,0.00
83.27219,1.200,-2.813,0.00
83.28363,1.200,-2.813,0.00
83.29952,1.198,-3.168,0.00
83.30992,1.181,-3.168,0.00
83.32130,1.137,-3.168,0.00
83.33780,1.137,-3.272,0.00
83.34803,1.137,-3.272,0.00
83.35995,1.137,-3.277,0.00
83.37576,1.042,-3.270,0.00
83.38757,1.022,-3.288,0.00
83.40326,1.022,-3.316,0.00
83.41907,1.000,-3.316,0.00
83.44108,0.964,-3.328,0.00
83.46007,0.903,-3.316,0.00
83.47048,0.845,-3.316,0.00
83.49088,0.803,-3.316,0.00
83.50834,0.771,-3.273,0.00
83.53394,0.771,-3.208,0.00
83.54536,0.692,-3.208,0.00
83.55585,0.692,-3.185,0.00
83.57389,0.647,-3.168,0.00
83.59135,0.607,-3.158,0.00
83.60464,0.578,-3.158,0.00
83.62094,0.578,-3.143,0.00
83.63344,0.557,-3.131,0.00
83.67939,0.557,-3.131,0.00
83.68960,0.465,-3.143,0.00
83.73618,0.465,-3.150,0.00
83.74859,-0.692,-2.009,0.00
83.75904,-0.692,-2.009,0.00
83.76919,-0.702,-2.032,0.00
83.78002,-0.702,-2.032,0.00
83.79040,-0.748,-2.051,0.00
83.80078,-0.803,-2.064,0.00
83.81123,-0.803,-2.064,0.00
83.82163,-0.846,-2.083,0.00
83.83179,-0.846,-2.083,0.00
83.84197,-0.846,-2.106,0.00
83.85226,-0.894,-2.106,0.00
83.86470,-0.952,-2.131,0.00
83.87486,-0.952,-2.131,0.00
83.88593,-1.000,-2.152,0.00
83.89618,-1.000,-2.152,0.00
83.90648,-1.032,-2.170,0.00
83.91672,-1.032,-2.170,0.00
83.92688,-1.054,-2.185,0.00
83.93703,-1.054,-2.185,0.00
83.94728,-1.082,-2.202,0.00
83.95750,-1.082,-2.202,0.00
83.96766,-1.106,-2.216,0.00
83.97918,-1.106,-2.216,0.00
83.99001,-1.123,-2.232,0.00
84.00028,-1.141,-2.249,0.00
84.01078,-1.141,-2.249,0.00
84.02106,-1.147,-2.261,0.00
84.03152,-1.147,-2.261,0.00
84.04184,-1.185,-2.281,0.00
84.05211,-1.185,-2.281,0.00
84.06265,-1.284,-2.294,0.00
84.07292,-1.284,-2.294,0.00
84.08352,-1.284,-2.305,0.00
84.09368,-1.284,-2.305,0.00
84.10411,-1.302,-2.319,0.00
84.11426,-1.302,-2.319,0.00
84.12442,-1.371,-2.336,0.00
84.13457,-1.371,-2.336,0.00
84.14535,-1.371,-2.336,0.00
84.15566,-1.362,-2.347,0.00
84.16592,-1.353,-2.350,0.00
84.17658,-1.353,-2.350,0.00
84.18674,-1.363,-2.352,0.00
84.19705,-1.363,-2.352,0.00
84.20723,-1.370,-2.359,0.00
84.21755,-1.370,-2.359,0.00
84.22785,-1.383,-2.361,0.00
84.23800,-1.383,-2.361,0.00
84.24815,-1.404,-2.363,0.00
84.25854,-1.404,-2.363,0.00
84.26864,-1.423,-2.364,0.00
84.27956,-1.443,-2.359,0.00
84.29051,-1.443,-2.359,0.00
84.30083,-1.443,-2.353,0.00
84.31227,-1.452,-2.353,0.00
84.32245,-1.452,-2.342,0.00
84.33260,-1.453,-2.342,0.00
84.34367,-1.453,-2.342,0.00
84.35382,-1.443,-2.334,0.00
84.36401,-1.416,-2.334,0.00
84.37448,-1.416,-2.324,0.00
84.38464,-1.381,-2.315,0.00
84.39480,-1.381,-2.315,0.00
84.40497,-1.357,-2.307,0.00
84.41516,-1.357,-2.307,0.00
84.42535,-1.355,-2.304,0.00
84.43550,-1.355,-2.304,0.00
84.44567,-1.361,-2.303,0.00
84.45582,-1.361,-2.303,0.00
84.46599,-1.359,-2.301,0.00
84.47632,-1.359,-2.301,0.00
84.48666,-1.355,-2.301,0.00
84.49690,-1.355,-2.301,0.00
84.50717,-1.358,-2.307,0.00
84.51737,-1.358,-2.307,0.00
84.52760,-1.371,-2.317,0.00
84.53786,-1.371,-2.317,0.00
84.54802,-1.389,-2.327,0.00
84.55818,-1.389,-2.327,0.00
84.56843,-1.423,-2.341,0.00
84.57867,-1.423,-2.354,0.00
84.59217,-1.470,-2.354,0.00
84.60241,-1.514,-2.363,0.00
84.61257,-1.514,-2.363,0.00
84.62278,-1.546,-2.375,0.00
84.63310,-1.546,-2.375,0.00
84.64345,-1.571,-2.388,0.00
84.65371,-1.571,-2.388,0.00
84.66388,-1.602,-2.402,0.00
84.67404,-1.602,-2.402,0.00
84.68420,-1.602,-2.412,0.00
84.69444,-1.625,-2.412,0.00
84.70459,-1.663,-2.423,0.00
84.71476,-1.663,-2.423,0.00
84.72492,-1.691,-2.428,0.00
84.73507,-1.691,-2.428,0.00
84.74523,-1.707,-2.430,0.00
84.75547,-1.707,-2.430,0.00
84.76563,-1.732,-2.435,0.00
84.77581,-1.732,-2.435,0.00
84.78597,-1.758,-2.443,0.00
84.79611,-1.758,-2.443,0.00
84.80626,-1.764,-2.449,0.00
84.81645,-1.764,-2.449,0.00
84.82661,-1.750,-2.451,0.00
84.83726,-1.750,-2.451,0.00
84.84743,-1.787,-2.452,0.00
84.85769,-1.787,-2.452,0.00
84.86802,-1.793,-2.457,0.00
84.87862,-1.793,-2.457,0.00
84.88924,-1.814,-2.460,0.00
84.89955,-1.814,-2.460,0.00
84.90981,-1.888,-2.461,0.00
84.92004,-1.888,-2.461,0.00
84.93017,-1.921,-2.463,0.00
84.94083,-1.921,-2.463,0.00
84.95098,-1.950,-2.465,0.00
84.96125,-1.950,-2.465,0.00
84.97169,-1.951,-2.470,0.00
84.98184,-1.951,-2.472,0.00
84.99201,-1.913,-2.472,0.00
85.00228,-1.867,-2.472,0.00
85.01237,-1.867,-2.475,0.00
85.02256,-1.837,-2.480,0.00
85.03285,-1.837,-2.480,0.00
85.04301,-1.837,-2.483,0.00
85.05316,-1.743,-2.483,0.00
85.06333,-1.579,-2.485,0.00
85.07349,-1.579,-2.485,0.00
85.08365,-1.348,-2.488,0.00
85.09403,-1.348,-2.488,0.00
85.10418,-0.988,-2.488,0.00
85.11443,-0.988,-2.490,0.00
85.12459,-0.593,-2.489,0.00
85.13475,-0.593,-2.489,0.00
85.14489,-0.593,-2.489,0.00
85.15505,-0.593,-2.489,0.00
85.16567,-0.593,-2.489,0.00
85.17581,-0.207,-2.493,0.00
85.18596,0.436,-2.495,0.00
85.19612,1.360,-2.495,0.00
85.20630,2.885,-2.497,0.00
85.21643,2.885,-2.497,0.00
85.22660,4.136,-2.499,0.00
85.23711,4.136,-2.499,0.00
85.24732,5.530,-2.501,0.00
85.25751,5.530,-2.501,0.00
85.26767,7.379,-2.503,0.00
85.27788,7.379,-2.503,0.00
85.28812,9.614,-2.506,0.00
85.29827,9.614,-2.506,0.00
85.30916,11.751,-2.512,0.00
85.32228,11.751,-2.512,0.00
85.33268,13.562,-2.520,0.00
85.34295,14.938,-2.529,0.00
85.35495,14.938,-2.529,11.00
85.36524,16.295,-2.535,11.00
85.37556,16.295,-2.535,11.00
85.38690,17.512,-2.545,11.00
85.39707,17.512,-2.545,11.00
85.40723,18.673,-2.552,11.00
85.41893,18.673,-2.552,11.00
85.42965,19.761,-2.558,11.00
85.43998,19.761,-2.558,11.00
85.45488,20.728,-2.568,11.00
85.46504,21.539,-2.579,11.00
85.47520,21.539,-2.579,11.00
85.49933,22.165,-2.586,11.00
85.50949,22.440,-2.588,11.00
85.51966,22.440,-2.588,11.00
85.53069,22.440,-2.588,11.00
85.54097,22.002,-2.593,11.00
85.55120,22.002,-2.593,11.00
85.56217,21.264,-2.593,11.00
85.57237,21.264,-2.594,11.00
85.58262,20.007,-2.590,11.00
85.59415,20.007,-2.590,11.00
85.60449,18.440,-2.591,11.00
85.61482,18.440,-2.591,11.00
85.62606,16.968,-2.597,11.00
85.63638,16.968,-2.597,11.00
85.64671,15.884,-2.606,11.00
85.67425,15.235,-2.606,11.00
85.68443,14.792,-2.620,11.00
85.70649,14.792,-2.618,11.00
85.71666,14.125,-2.618,11.00
85.73850,13.164,-2.599,11.00
85.74867,11.973,-2.599,11.00
85.77063,11.973,-2.599,11.50
85.78080,10.768,-2.590,11.50
85.80358,9.775,-2.547,11.50
85.81383,8.875,-2.547,11.50
85.82399,7.913,-2.504,11.50
85.83499,7.913,-2.504,11.50
85.84548,6.919,-2.462,11.50
85.85576,6.919,-2.462,11.50
85.86732,5.901,-2.462,11.50
85.87757,5.901,-2.516,11.50
85.88771,4.905,-2.605,11.50
85.90032,4.905,-2.605,12.00
85.91054,4.031,-2.756,12.00
85.92069,3.413,-2.937,12.00
85.94915,3.089,-3.140,12.00
85.95932,3.089,-3.140,12.00
85.97874,3.089,-3.140,12.50
85.98883,2.579,-3.569,12.50
86.01082,2.295,-3.771,12.50
86.02102,2.295,-3.771,12.50
86.04665,1.865,-4.007,13.00
86.05692,1.865,-4.007,13.00
86.07429,1.629,-4.079,13.50
86.08455,1.401,-4.129,13.50
86.09470,1.401,-4.129,13.50
86.10620,1.401,-4.164,14.00
86.11730,1.156,-4.164,14.00
86.12747,0.932,-4.174,14.00
86.13930,0.764,-4.174,14.50
86.14949,0.764,-4.174,14.50
86.16001,0.764,-4.174,14.50
86.17070,0.627,-4.174,15.50
86.18111,0.627,-4.190,15.50
86.19136,0.459,-4.190,15.50
86.20298,0.318,-4.219,16.00
86.21313,0.318,-4.219,16.00
86.22368,0.261,-4.219,16.00
86.23526,0.261,-4.255,17.00
86.24558,0.272,-4.291,17.00
86.25784,0.272,-4.291,17.00
86.28322,0.302,-4.321,17.50
86.29342,0.302,-4.321,17.50
86.31383,0.302,-4.336,18.50
86.32401,0.410,-4.329,18.50
86.34940,0.410,-4.329,19.50
86.35959,0.480,-4.339,19.50
86.37797,0.534,-4.362,20.00
86.38815,0.564,-4.390,20.00
86.39876,0.564,-4.390,20.00
86.41099,0.524,-4.432,21.00
86.42118,0.524,-4.432,21.00
86.43138,0.508,-4.475,21.00
86.44550,0.508,-4.475,21.50
86.45568,0.495,-4.517,21.50
86.46584,0.519,-4.548,21.50
86.47605,0.519,-4.548,22.00
86.48621,0.559,-4.586,22.00
86.49641,0.559,-4.586,22.00
86.50673,0.588,-4.623,22.50
86.51715,0.588,-4.623,22.50
86.52755,0.625,-4.646,22.50
86.55408,0.625,-4.646,23.00
86.56427,0.680,-4.668,23.00
86.58675,0.816,-4.682,23.00
86.59725,0.816,-4.699,23.00
86.61825,0.895,-4.728,23.50
86.62846,0.951,-4.761,23.50
86.65112,0.951,-4.761,23.50
86.66122,0.963,-4.789,23.50
86.68286,0.998,-4.872,24.00
86.69319,0.998,-4.872,24.00
86.70336,1.044,-4.933,24.00
86.71547,1.044,-4.933,24.00
86.72562,1.078,-5.021,24.00
86.73580,1.078,-5.021,24.00
86.74605,1.078,-5.021,24.00
86.75622,1.096,-5.146,24.00
86.76639,1.127,-5.146,24.00
86.77852,1.127,-5.304,24.00
86.78854,1.157,-5.507,24.00
86.79882,1.157,-5.507,24.00
86.81050,1.158,-5.732,24.00
86.82063,1.158,-6.001,24.00
86.83092,1.152,-6.001,24.00
86.85855,1.152,-6.001,24.50
86.86874,1.172,-6.506,24.50
86.89025,1.172,-6.781,24.50
86.90056,1.180,-7.053,24.50
86.92285,1.193,-7.344,24.50
86.93302,1.237,-7.344,24.50
86.95481,1.296,-7.594,24.50
86.96513,1.360,-7.815,24.50
86.97548,1.360,-7.815,24.50
86.98588,1.360,-7.815,24.50
86.99604,1.360,-7.815,24.50
87.00620,1.432,-8.019,24.50
87.02084,1.504,-8.136,24.50
87.03106,1.584,-8.205,24.50
87.04122,1.584,-8.202,24.50
87.05170,1.668,-8.202,24.50
87.06186,1.668,-8.202,24.50
87.07345,1.745,-8.140,24.50
87.08360,1.804,-8.012,24.50
87.09375,1.804,-8.012,24.50
87.10391,1.859,-7.824,24.50
87.13076,1.908,-7.824,24.50
87.14092,1.951,-7.570,24.50
87.16266,1.989,-6.914,24.50
87.17281,1.989,-6.914,24.50
87.19427,1.989,-6.575,24.50
87.20455,2.023,-6.575,24.50
87.22657,2.046,-5.851,24.50
87.23810,2.046,-5.851,24.50
87.25828,2.078,-5.496,24.50
87.26845,2.111,-5.149,24.50
87.27866,2.111,-5.149,24.50
87.29022,2.111,-4.809,24.50
87.30064,2.132,-4.809,24.50
87.31168,2.132,-4.809,24.50
87.32353,2.132,-4.114,24.50
87.33381,2.150,-4.114,24.50
87.34414,2.154,-3.805,24.50
87.35429,2.154,-3.805,24.50
87.36447,2.154,-3.805,24.50
87.37463,2.178,-3.492,24.50
87.38597,2.178,-3.179,24.50
87.39616,2.221,-3.179,24.50
87.40642,2.221,-3.179,24.50
87.43544,2.294,-2.534,24.50
87.44560,2.319,-2.200,24.50
87.46611,2.319,-2.200,24.50
87.47629,2.332,-1.809,24.50
87.50055,2.332,-1.809,24.50
87.51099,2.328,-1.466,24.50
87.52136,2.328,-1.466,0.00
87.53167,2.357,-1.134,0.00
87.54198,2.357,-1.134,0.00
87.55221,2.402,-0.813,0.00
87.56239,2.464,-0.500,0.00
87.57255,2.464,-0.500,0.00
87.58299,2.538,-0.178,0.00
87.59315,2.538,-0.178,0.00
87.60331,2.538,0.141,0.00
87.61348,2.600,0.141,0.00
87.62397,2.600,0.472,0.00
87.63427,2.613,0.472,0.00
87.64464,2.552,0.861,0.00
87.65528,2.552,0.861,0.00
87.66559,2.552,0.861,0.00
87.67705,2.552,1.205,0.00
87.68720,2.297,1.551,0.00
87.69751,2.297,1.551,0.00
87.70800,2.208,1.904,0.00
87.71816,2.208,1.904,0.00
87.72832,2.145,2.284,0.00
87.73855,2.145,2.284,0.00
87.74872,2.129,2.676,0.00
87.75887,2.129,2.676,0.00
87.76903,2.134,3.052,0.00
87.77918,2.134,3.052,0.00
87.78934,2.150,3.443,0.00
87.79953,2.150,3.443,0.00
87.80986,2.178,3.842,0.00
87.82002,2.178,3.842,0.00
87.83017,2.178,4.336,0.00
87.84033,2.178,4.336,0.00
87.85056,2.178,4.336,0.00
87.86076,2.139,4.875,0.00
87.87098,2.084,5.481,0.00
87.88115,2.084,5.481,0.00
87.89130,2.026,6.131,0.00
87.90149,1.949,6.756,0.00
87.91187,1.949,6.756,0.00
87.92207,1.845,7.355,0.00
87.93232,1.845,7.355,0.00
87.94251,1.845,7.355,0.00
87.95281,1.710,7.937,0.00
87.96297,1.590,8.422,0.00
87.97313,1.590,8.422,0.00
87.98330,1.590,8.422,0.00
87.99346,1.590,8.422,0.00
88.00362,1.590,8.422,0.00
88.01379,1.590,8.422,0.00
88.02406,1.590,8.422,0.00
88.03445,1.356,9.503,0.00
88.04461,1.186,10.064,0.00
88.05496,1.013,10.640,0.00
88.06513,0.878,11.207,0.00
88.07531,0.878,11.207,0.00
88.08543,0.810,11.723,0.00
88.09559,0.810,11.723,0.00
88.10576,0.763,12.110,0.00
88.11592,0.763,12.110,0.00
88.12608,0.783,12.315,0.00
88.13625,0.783,12.315,0.00
88.14641,0.862,12.336,0.00
88.15739,0.862,12.336,0.00
88.16756,0.923,12.230,0.00
88.17771,0.923,12.230,0.00
88.18787,0.983,11.995,0.00
88.19803,0.983,11.995,0.00
88.20909,1.115,11.633,0.00
88.21956,1.271,11.633,0.00
88.22978,1.271,11.223,0.00
88.23993,1.271,11.223,0.00
88.25009,1.377,10.837,0.00
88.26025,1.377,10.837,0.00
88.27047,1.474,10.512,0.00
88.28067,1.598,10.217,0.00
88.29086,1.598,10.217,0.00
88.30113,1.598,9.899,0.00
88.31145,1.710,9.899,0.00
88.32175,1.710,9.899,0.00
88.33252,1.710,9.899,0.00
88.34414,1.996,9.414,0.00
88.35442,1.996,9.414,0.00
88.36451,2.170,9.212,0.00
88.37469,2.170,9.212,0.00
88.38485,2.299,9.017,0.00
88.39500,2.299,9.017,0.00
88.40516,2.457,8.793,0.00
88.41532,2.457,8.793,0.00
88.42547,2.457,8.793,0.00
88.43563,2.457,8.793,0.00
88.44579,2.842,8.099,0.00
88.45596,2.842,8.099,0.00
88.46621,3.044,7.507,0.00
88.47640,3.044,7.507,0.00
88.48656,3.268,6.823,0.00
88.49677,3.268,6.823,0.00
88.50703,3.466,5.967,0.00
88.51736,3.466,5.967,0.00
88.52760,3.580,4.925,0.00
88.53820,3.580,4.925,0.00
88.54835,3.569,3.699,0.00
88.55889,3.483,2.343,0.00
88.56911,3.483,2.343,0.00
88.57932,3.483,2.343,0.00
88.58948,3.352,0.932,0.00
88.59964,3.352,0.932,0.00
88.60980,3.207,-0.461,0.00
88.61996,3.207,-0.461,0.00
88.63011,3.207,-0.461,0.00
88.64027,3.207,-0.461,0.00
88.65042,2.833,-3.185,0.00
88.66058,2.833,-3.185,0.00
88.67080,2.622,-4.229,0.00
88.68089,2.622,-4.229,0.00
88.69109,2.472,-5.012,0.00
88.70124,2.341,-5.575,0.00
88.71140,2.341,-5.575,0.00
88.72157,2.341,-5.575,0.00
88.73174,2.151,-5.917,0.00
88.74190,2.151,-5.917,0.00
88.75206,1.912,-5.913,0.00
88.76222,1.715,-5.614,0.00
88.77247,1.715,-5.614,0.00
88.78263,1.715,-5.614,0.00
88.79284,1.715,-5.614,0.00
88.80300,1.451,-4.383,0.00
88.81314,1.451,-4.383,0.00
88.82332,1.302,-2.997,0.00
88.83385,1.302,-2.997,0.00
88.84411,1.130,-1.179,0.00
88.85449,1.130,-1.179,0.00
88.86481,1.012,0.904,0.00
88.87513,1.012,0.904,0.00
88.88546,1.012,0.904,0.00
88.89587,0.902,3.060,0.00
88.90607,0.787,5.071,0.00
88.91623,0.787,5.071,0.00
88.92668,0.665,6.918,0.00
88.93708,0.665,6.918,0.00
88.94735,0.561,8.570,0.00
88.95766,0.561,8.570,0.00
88.96806,0.494,10.043,0.00
88.97854,0.494,10.043,0.00
88.98871,0.430,10.985,0.00
88.99887,0.430,10.985,0.00
89.00903,0.378,11.550,0.00
89.01941,0.378,11.550,0.00
89.02961,0.313,11.798,0.00
89.03977,0.233,11.798,0.00
89.05007,0.233,11.770,0.00
89.06040,0.171,11.770,0.00
89.07124,0.171,11.576,0.00
89.08157,0.144,11.576,0.00
89.09205,0.144,11.249,0.00
89.10240,0.121,11.249,0.00
89.11270,0.121,10.765,0.00
89.12308,0.075,10.291,0.00
89.13343,0.075,10.291,0.00
89.14358,0.075,9.847,0.00
89.15384,0.006,9.847,0.00
89.16400,-0.051,9.433,0.00
89.17416,-0.051,9.433,0.00
89.18433,-0.077,9.008,0.00
89.19453,-0.077,9.008,0.00
89.20551,-0.094,8.508,0.00
89.21567,-0.094,8.508,0.00
89.22588,-0.124,7.901,0.00
89.23904,-0.124,7.901,0.00
89.24940,-0.155,7.901,0.00
89.26110,-0.182,6.624,0.00
89.27290,-0.182,6.624,0.00
89.28336,-0.196,6.624,0.00
89.29503,-0.196,5.879,0.00
89.30549,-0.190,5.879,0.00
89.31746,-0.163,4.551,0.00
89.32763,-0.163,4.551,0.00
89.34338,-0.163,4.551,0.00
89.35357,-0.163,4.551,0.00
89.36943,-0.103,4.551,0.00
89.38290,-0.103,3.394,0.00
89.39891,-0.064,3.394,0.00
89.40937,-0.064,3.394,0.00
89.42015,-0.013,2.820,0.00
89.43108,0.022,2.240,0.00
89.44171,0.022,1.196,0.00
89.45844,0.034,1.196,0.00
89.47352,0.055,0.794,0.00
89.49053,0.080,0.794,0.00
89.50134,0.104,0.418,0.00
89.51241,0.104,0.112,0.00
89.52304,0.138,0.112,0.00
89.53396,0.138,-0.102,0.00
89.54544,0.157,-0.314,0.00
89.55602,0.157,-0.314,0.00
89.57526,0.181,-0.487,0.00
89.58549,0.181,-0.596,0.00
89.59691,0.260,-0.596,0.00
89.61509,0.327,-0.682,0.00
89.62753,0.396,-0.768,0.00
89.64467,0.396,-0.877,0.00
89.66013,0.450,-0.877,0.00
89.67682,0.460,-0.971,0.00
89.68932,0.460,-0.971,0.00
89.70959,0.462,-1.035,0.00
89.72129,0.503,-1.025,0.00
89.73261,0.503,-1.025,0.00
89.75207,0.534,-1.017,0.00
89.76243,0.534,-1.003,0.00
89.77346,0.520,-1.003,0.00
89.78399,0.520,-1.003,0.00
89.79562,0.476,-0.986,0.00
89.80799,0.476,-0.986,0.00
89.82456,0.455,-0.958,0.00
89.85373,0.450,-0.937,0.00
89.86712,0.450,-0.937,0.00
89.88133,0.452,-0.909,0.00
89.89423,0.453,-0.877,0.00
89.90454,0.479,-0.853,0.00
89.91485,0.479,-0.853,0.00
89.93460,0.524,-0.839,0.00
89.94560,0.524,-0.830,0.00
89.95601,0.553,-0.830,0.00
89.96697,0.567,-0.823,0.00
89.97746,0.567,-0.823,0.00
89.98766,0.567,-0.816,0.00
89.99826,0.590,-0.816,0.00
90.00858,0.590,-0.809,0.00
90.01986,0.623,-0.812,0.00
90.03110,0.643,-0.812,0.00
90.04206,0.660,-0.812,0.00
90.05229,0.660,-0.818,0.00
90.06263,0.660,-0.818,0.00
90.07286,0.660,-0.818,0.00
90.08325,0.660,-0.834,0.00
90.09391,0.694,-0.834,0.00
90.10498,0.729,-0.834,0.00
90.12101,0.751,-0.860,0.00
90.13180,0.751,-0.860,0.00
90.14216,0.751,-0.860,0.00
90.15334,0.748,-0.879,0.00
90.16470,0.748,-0.879,0.00
90.17558,0.738,-0.898,0.00
90.18674,0.722,-0.910,0.00
90.19853,0.708,-0.922,0.00
90.20893,0.708,-0.922,0.00
90.21981,0.708,-0.922,0.00
90.27403,0.696,-0.937,0.00
90.28421,0.711,-0.967,0.00
90.35754,0.617,-0.993,0.00
90.36799,0.593,-1.003,0.00
90.37852,0.139,-0.188,0.00
90.38871,0.139,-0.188,0.00
90.39907,0.130,-0.195,0.00
90.40926,0.129,-0.200,0.00
90.41983,0.129,-0.200,0.00
90.43010,0.117,-0.205,0.00
90.44025,0.117,-0.205,0.00
90.45054,0.107,-0.211,0.00
90.46087,0.107,-0.211,0.00
90.47122,0.096,-0.212,0.00
90.48127,0.087,-0.213,0.00
90.49152,0.087,-0.213,0.00
90.50185,0.079,-0.213,0.00
90.51276,0.079,-0.213,0.00
90.52350,0.079,-0.213,0.00
90.53516,0.079,-0.213,0.00
90.54539,0.072,-0.213,0.00
90.55555,0.072,-0.213,0.00
90.56584,0.085,-0.211,0.00
90.57650,0.085,-0.211,0.00
90.58674,0.085,-0.210,0.00
90.59685,0.098,-0.210,0.00
90.60701,0.106,-0.212,0.00
90.61723,0.106,-0.212,0.00
90.62740,0.118,-0.216,0.00
90.63804,0.118,-0.216,0.00
90.64820,0.145,-0.221,0.00
90.66038,0.168,-0.229,0.00
90.67071,0.168,-0.229,0.00
90.68089,0.168,-0.229,0.00
90.69115,0.172,-0.239,0.00
90.70133,0.172,-0.239,0.00
90.71158,0.184,-0.248,0.00
90.72174,0.184,-0.259,0.00
90.73190,0.198,-0.259,0.00
90.74208,0.220,-0.271,0.00
90.75224,0.220,-0.271,0.00
90.76241,0.220,-0.284,0.00
90.77256,0.257,-0.284,0.00
90.78272,0.276,-0.292,0.00
90.79291,0.276,-0.292,0.00
90.80306,0.254,-0.292,0.00
90.81322,0.254,-0.299,0.00
90.82346,0.205,-0.306,0.00
90.83361,0.205,-0.306,0.00
90.84376,0.157,-0.307,0.00
90.85395,0.157,-0.307,0.00
90.86410,0.136,-0.306,0.00
90.87427,0.136,-0.306,0.00
90.88466,0.116,-0.308,0.00
90.89499,0.116,-0.308,0.00
90.90532,0.089,-0.314,0.00
90.91661,0.089,-0.314,0.00
90.92686,0.053,-0.316,0.00
90.93702,0.053,-0.316,0.00
90.94718,0.003,-0.317,0.00
90.95738,0.003,-0.317,0.00
90.96762,-0.038,-0.318,0.00
90.97797,-0.038,-0.318,0.00
90.98831,-0.081,-0.323,0.00
90.99911,-0.081,-0.323,0.00
91.00938,-0.104,-0.328,0.00
91.01975,-0.126,-0.328,0.00
91.03009,-0.126,-0.333,0.00
91.04043,-0.150,-0.333,0.00
91.05109,-0.150,-0.339,0.00
91.06148,-0.178,-0.351,0.00
91.07162,-0.178,-0.351,0.00
91.08178,-0.178,-0.363,0.00
91.09199,-0.214,-0.363,0.00
91.10227,-0.214,-0.375,0.00
91.11258,-0.240,-0.375,0.00
91.12268,-0.247,-0.387,0.00
91.13282,-0.247,-0.387,0.00
91.14302,-0.270,-0.396,0.00
91.15338,-0.270,-0.396,0.00
91.16369,-0.299,-0.405,0.00
91.17404,-0.299,-0.405,0.00
91.18431,-0.299,-0.405,0.00
91.19470,-0.299,-0.405,0.00
91.20503,-0.299,-0.411,0.00
91.21534,-0.278,-0.416,0.00
91.22569,-0.268,-0.418,0.00
91.23724,-0.268,-0.418,0.00
91.24731,-0.269,-0.413,0.00
91.25803,-0.269,-0.413,0.00
91.26848,-0.273,-0.402,0.00
91.27879,-0.271,-0.402,0.00
91.29111,-0.271,-0.391,0.00
91.30127,-0.265,-0.379,0.00
91.31177,-0.265,-0.379,0.00
91.32194,-0.243,-0.371,0.00
91.33209,-0.243,-0.371,0.00
91.34225,-0.221,-0.371,0.00
91.35300,-0.221,-0.367,0.00
91.36316,-0.186,-0.367,0.00
91.37331,-0.186,-0.370,0.00
91.38346,-0.186,-0.379,0.00
91.39362,-0.166,-0.379,0.00
91.40378,-0.158,-0.387,0.00
91.41392,-0.158,-0.387,0.00
91.42424,-0.164,-0.396,0.00
91.43448,-0.164,-0.396,0.00
91.44464,-0.151,-0.407,0.00
91.45481,-0.151,-0.407,0.00
91.46497,-0.114,-0.421,0.00
91.47513,-0.114,-0.421,0.00
91.48532,-0.025,-0.435,0.00
91.49547,-0.025,-0.435,0.00
91.50563,0.080,-0.448,0.00
91.51583,0.080,-0.448,0.00
91.52600,0.137,-0.456,0.00
91.53642,0.137,-0.456,0.00
91.54658,0.183,-0.457,0.00
91.55705,0.183,-0.457,0.00
91.56721,0.281,-0.453,0.00
91.57784,0.281,-0.453,0.00
91.58816,0.527,-0.442,0.00
91.59939,0.527,-0.442,0.00
91.60960,0.907,-0.427,0.00
91.62007,0.907,-0.427,0.00
91.63110,1.479,-0.411,0.00
91.64186,1.479,-0.411,0.00
91.65278,2.265,-0.393,0.00
91.66302,3.119,-0.365,0.00
91.67318,3.119,-0.365,0.00
91.68334,3.978,-0.332,0.00
91.69349,3.978,-0.332,0.00
91.70364,4.946,-0.332,0.00
91.71393,4.946,-0.308,0.00
91.72410,4.946,-0.308,0.00
91.73445,6.040,-0.291,0.00
91.74462,6.040,-0.291,0.00
91.75478,6.968,-0.277,0.00
91.76508,7.706,-0.272,0.00
91.77525,7.706,-0.272,0.00
91.78563,8.527,-0.275,0.00
91.79719,8.527,-0.275,0.00
91.80736,9.433,-0.281,0.00
91.81827,9.433,-0.281,0.00
91.83696,10.279,-0.286,0.00
91.84728,11.085,-0.292,0.00
91.85744,11.085,-0.292,0.00
91.88170,12.009,-0.308,11.00
91.89188,13.140,-0.324,11.00
91.91446,13.140,-0.339,11.00
91.92473,15.481,-0.350,11.00
91.94669,16.589,-0.359,11.00
91.95707,16.589,-0.359,11.00
91.97871,17.721,-0.368,11.00
91.98910,18.912,-0.375,11.00
92.00145,18.912,-0.375,11.00
92.01167,20.049,-0.382,11.00
92.02182,20.049,-0.382,11.00
92.03197,21.039,-0.390,11.00
92.04241,21.856,-0.390,11.00
92.05260,21.856,-0.403,11.00
92.06275,22.504,-0.416,11.00
92.07389,22.504,-0.416,11.00
92.08407,22.504,-0.416,11.00
92.09424,22.987,-0.427,11.00
92.12278,23.526,-0.459,11.00
92.13295,23.526,-0.459,11.00
92.15375,23.526,-0.459,11.00
92.16392,23.174,-0.510,11.00
92.18671,22.320,-0.545,11.00
92.19692,22.320,-0.545,11.00
92.20731,21.112,-0.589,11.00
92.21868,21.112,-0.589,11.00
92.22882,19.692,-0.635,11.00
92.23923,19.692,-0.635,11.00
92.25049,18.032,-0.635,11.50
92.26078,18.032,-0.678,11.50
92.27107,18.032,-0.678,11.50
92.28188,16.138,-0.678,11.50
92.29348,14.168,-0.731,11.50
92.30385,14.168,-0.731,11.50
92.32975,12.481,-0.756,11.50
92.33994,11.298,-0.770,11.50
92.36609,10.434,-0.787,11.50
92.37626,9.552,-0.803,11.50
92.39557,8.406,-0.860,11.50
92.40596,6.967,-1.049,11.50
92.42592,6.967,-1.049,12.00
92.43623,5.133,-1.235,12.00
92.44648,3.284,-1.468,12.00
92.45886,3.284,-1.468,12.00
92.46917,2.224,-1.670,12.00
92.47933,2.224,-1.670,12.00
92.49073,1.021,-1.856,12.50
92.50134,1.021,-1.856,12.50
92.51162,-0.048,-2.005,12.50
92.52450,-0.420,-2.114,12.50
92.53467,-0.420,-2.114,12.50
92.54556,-0.262,-2.185,12.50
92.55573,-0.262,-2.185,13.00
92.56588,-0.029,-2.261,13.00
92.57621,-0.029,-2.261,13.00
92.60273,0.176,-2.261,13.50
92.61391,0.176,-2.364,13.50
92.63460,0.240,-2.385,14.00
92.64486,0.233,-2.391,14.00
92.66616,0.186,-2.391,15.00
92.67646,0.186,-2.373,15.00
92.68663,0.186,-2.373,15.00
92.69993,0.112,-2.280,15.50
92.71021,0.112,-2.280,15.50
92.72052,-0.130,-2.223,15.50
92.73092,-0.130,-2.223,16.00
92.74107,-0.686,-2.167,16.00
92.75129,-0.686,-2.167,16.00
92.76276,-0.686,-2.167,17.00
92.77288,-1.249,-2.110,17.00
92.78308,-1.570,-2.110,17.00
92.79441,-1.570,-2.067,18.00
92.80455,-1.631,-2.032,18.00
92.81472,-1.631,-2.032,18.00
92.82488,-1.705,-2.008,18.00
92.84193,-1.705,-2.008,18.50
92.85211,-1.692,-2.011,18.50
92.87450,-1.505,-2.031,19.50
92.88479,-1.417,-2.067,19.50
92.90661,-1.380,-2.112,20.50
92.91678,-1.380,-2.112,20.50
92.92696,-1.380,-2.112,20.50
92.93850,-1.380,-2.112,21.00
92.94865,-1.380,-2.156,21.00
92.95881,-1.419,-2.195,21.00
92.97027,-1.461,-2.238,21.50
92.98058,-1.461,-2.238,21.50
92.99177,-1.461,-2.302,21.50
93.00250,-1.461,-2.302,22.00
93.01274,-1.492,-2.372,22.00
93.02293,-1.492,-2.372,22.00
93.03415,-1.609,-2.441,22.50
93.04438,-1.727,-2.441,22.50
93.05479,-1.727,-2.525,22.50
93.06718,-1.751,-2.625,23.00
93.07793,-1.751,-2.625,23.00
93.08811,-1.719,-2.738,23.00
93.11419,-1.719,-2.861,23.50
93.12450,-1.728,-2.981,23.50
93.14730,-1.728,-3.082,23.50
93.15918,-1.715,-3.082,23.50
93.17875,-1.688,-3.172,23.50
93.18903,-1.626,-3.239,23.50
93.21024,-1.626,-3.310,24.00
93.22192,-1.550,-3.310,24.00
93.24208,-1.492,-3.485,24.00
93.25239,-1.460,-3.485,24.00
93.26302,-1.420,-3.609,24.00
93.27703,-1.420,-3.609,24.00
93.28731,-1.375,-3.735,24.00
93.29757,-1.375,-3.735,24.00
93.30774,-1.359,-3.850,24.00
93.31848,-1.359,-3.850,24.00
93.32863,-1.376,-3.990,24.00
93.33878,-1.395,-4.126,24.50
93.34906,-1.395,-4.126,24.50
93.35942,-1.395,-4.126,24.50
93.37024,-1.400,-4.281,24.50
93.38044,-1.400,-4.281,24.50
93.39061,-1.384,-4.446,24.50
93.42130,-1.384,-4.627,24.50
93.43148,-1.361,-4.813,24.50
93.45041,-1.361,-5.026,24.50
93.46058,-1.363,-5.258,24.50
93.48217,-1.355,-5.258,24.50
93.49253,-1.313,-5.481,24.50
93.51455,-1.264,-5.768,24.50
93.52477,-1.248,-5.768,24.50
93.53505,-1.248,-6.042,24.50
93.54625,-1.248,-6.042,24.50
93.55663,-1.248,-6.042,24.50
93.56822,-1.255,-6.321,24.50
93.57957,-1.255,-6.578,24.50
93.58972,-1.231,-6.792,24.50
93.60001,-1.177,-6.985,24.50
93.61016,-1.177,-6.985,24.50
93.62075,-1.177,-7.149,24.50
93.63113,-1.107,-7.149,24.50
93.64257,-1.107,-7.149,24.50
93.65274,-1.107,-7.149,24.50
93.66343,-1.107,-7.149,24.50
93.67460,-1.107,-7.149,24.50
93.68512,-1.039,-7.406,24.50
93.69539,-0.964,-7.439,24.50
93.70622,-0.926,-7.394,24.50
93.71656,-0.926,-7.394,24.50
93.72673,-0.894,-7.268,24.50
93.73700,-0.894,-7.268,24.50
93.75446,-0.894,-7.066,24.50
93.76463,-0.896,-6.789,24.50
93.78751,-0.928,-6.449,24.50
93.80045,-0.928,-6.449,24.50
93.82040,-0.941,-6.047,24.50
93.83076,-0.941,-5.518,24.50
93.85003,-0.941,-5.518,24.50
93.86021,-0.953,-4.988,24.50
93.87051,-0.974,-4.415,24.50
93.88419,-1.015,-3.783,24.50
93.89450,-1.015,-3.783,24.50
93.90467,-1.015,-3.783,24.50
93.91485,-1.015,-3.783,24.50
93.92501,-1.015,-3.783,24.50
93.93517,-1.015,-3.783,24.50
93.94592,-1.086,-3.098,24.50
93.95619,-1.048,-1.606,24.50
93.96657,-1.037,-0.853,24.50
93.99448,-1.045,-0.056,24.50
94.00478,-1.045,-0.056,24.50
94.02696,-1.084,0.602,24.50
94.03915,-1.068,1.202,24.50
94.04932,-1.029,1.781,0.00
94.05949,-1.029,1.781,0.00
94.06965,-1.029,1.781,0.00
94.08019,-0.976,2.311,0.00
94.09171,-0.911,2.791,0.00
94.10211,-0.850,3.241,0.00
94.11233,-0.850,3.241,0.00
94.12250,-0.850,3.241,0.00
94.13266,-0.850,3.241,0.00
94.14282,-0.850,3.241,0.00
94.15305,-0.850,3.241,0.00
94.16321,-0.841,3.690,0.00
94.17337,-0.943,4.722,0.00
94.18354,-1.075,5.216,0.00
94.19370,-1.075,5.216,0.00
94.20401,-1.228,5.695,0.00
94.21417,-1.228,5.695,0.00
94.22433,-1.277,6.177,0.00
94.23451,-1.277,6.177,0.00
94.24482,-1.230,6.676,0.00
94.25516,-1.230,6.676,0.00
94.26558,-1.230,6.676,0.00
94.27620,-1.230,6.676,0.00
94.28645,-1.176,7.173,0.00
94.29672,-1.162,7.660,0.00
94.30688,-1.160,8.212,0.00
94.31740,-1.160,8.212,0.00
94.32978,-1.190,8.722,0.00
94.33994,-1.190,8.722,0.00
94.35009,-1.245,9.272,0.00
94.36022,-1.245,9.844,0.00
94.37039,-1.302,9.844,0.00
94.38065,-1.362,9.844,0.00
94.39089,-1.362,10.405,0.00
94.40117,-1.436,10.405,0.00
94.41148,-1.436,10.960,0.00
94.42155,-1.503,12.014,0.00
94.43175,-1.503,12.014,0.00
94.44246,-1.520,12.014,0.00
94.45281,-1.520,12.577,0.00
94.46315,-1.513,13.075,0.00
94.47353,-1.513,13.075,0.00
94.48369,-1.530,13.670,0.00
94.49385,-1.530,13.670,0.00
94.50402,-1.530,13.670,0.00
94.51418,-1.582,14.423,0.00
94.52433,-1.670,15.194,0.00
94.53449,-1.670,15.194,0.00
94.54465,-1.770,16.061,0.00
94.55501,-1.770,16.061,0.00
94.56536,-1.921,16.853,0.00
94.57577,-1.921,16.853,0.00
94.58603,-2.037,17.498,0.00
94.59640,-2.037,17.498,0.00
94.60679,-2.037,17.909,0.00
94.61955,-2.093,17.909,0.00
94.62989,-2.058,18.039,0.00
94.64004,-2.058,18.055,0.00
94.65088,-1.975,18.055,0.00
94.66111,-1.975,18.055,0.00
94.67183,-1.843,18.016,0.00
94.68208,-1.843,17.964,0.00
94.69223,-1.739,17.964,0.00
94.70250,-1.739,17.879,0.00
94.71275,-1.681,17.879,0.00
94.72310,-1.681,17.879,0.00
94.73341,-1.571,17.759,0.00
94.74356,-1.412,17.759,0.00
94.75372,-1.412,17.615,0.00
94.76388,-1.254,17.458,0.00
94.77405,-1.254,17.458,0.00
94.78421,-1.106,17.271,0.00
94.79446,-1.106,17.271,0.00
94.80464,-0.936,17.125,0.00
94.81504,-0.936,17.125,0.00
94.82539,-0.936,17.125,0.00
94.83586,-0.936,17.125,0.00
94.84604,-0.780,16.999,0.00
94.85620,-0.601,16.861,0.00
94.86638,-0.372,16.699,0.00
94.87658,-0.372,16.699,0.00
94.88696,-0.215,16.513,0.00
94.89723,-0.215,16.513,0.00
94.90740,-0.058,16.284,0.00
94.91756,-0.058,16.284,0.00
94.92773,0.106,15.973,0.00
94.93848,0.106,15.973,0.00
94.94868,0.258,15.471,0.00
94.95886,0.258,15.471,0.00
94.96922,0.467,14.865,0.00
94.97940,0.467,14.865,0.00
94.98956,0.717,14.110,0.00
94.99973,0.717,14.110,0.00
95.01075,0.954,13.205,0.00
95.02099,0.954,13.205,0.00
95.03118,1.151,12.212,0.00
95.04134,1.151,12.212,0.00
95.05150,1.358,11.144,0.00
95.06165,1.558,10.014,0.00
95.07196,1.558,10.014,0.00
95.08250,1.728,8.828,0.00
95.09321,1.728,8.828,0.00
95.10355,1.865,7.427,0.00
95.11402,1.865,7.427,0.00
95.12427,1.951,6.154,0.00
95.13468,1.951,6.154,0.00
95.14484,1.976,4.862,0.00
95.15520,1.976,4.862,0.00
95.16556,1.966,3.558,0.00
95.17597,1.966,3.558,0.00
95.18650,1.966,3.558,0.00
95.19681,1.915,2.126,0.00
95.20697,1.854,0.648,0.00
95.21778,1.854,0.648,0.00
95.22794,1.821,-0.799,0.00
95.23979,1.793,-0.799,0.00
95.24995,1.793,-2.083,0.00
95.26011,1.793,-3.557,0.00
95.27030,1.770,-3.557,0.00
95.28046,1.770,-4.713,0.00
95.29088,1.739,-4.713,0.00
95.30106,1.739,-4.713,0.00
95.31202,1.700,-5.690,0.00
95.32240,1.643,-6.383,0.00
95.33268,1.643,-6.383,0.00
95.34285,1.643,-6.383,0.00
95.35306,1.545,-6.632,0.00
95.36402,1.545,-6.632,0.00
95.37441,1.401,-6.332,0.00
95.38511,1.209,-5.591,0.00
95.39533,1.209,-5.591,0.00
95.40549,1.004,-4.572,0.00
95.41570,1.004,-4.572,0.00
95.42607,0.803,-3.218,0.00
95.43634,0.803,-3.218,0.00
95.44654,0.581,-1.944,0.00
95.45675,0.581,-1.944,0.00
95.46690,0.374,-0.684,0.00
95.47768,0.374,-0.684,0.00
95.48783,0.212,0.499,0.00
95.49829,0.212,0.499,0.00
95.50847,0.074,1.592,0.00
95.51863,0.074,1.592,0.00
95.52878,-0.058,2.561,0.00
95.53900,-0.058,2.561,0.00
95.54934,-0.195,3.339,0.00
95.56971,-0.195,3.339,0.00
95.58163,-0.195,4.217,0.00
95.59267,-0.195,4.217,0.00
95.60928,-0.624,4.349,0.00
95.62486,-0.624,4.349,0.00
95.63635,-0.746,4.388,0.00
95.64818,-0.746,4.388,0.00
95.66045,-0.858,4.388,0.00
95.67209,-0.858,4.487,0.00
95.68286,-0.936,4.486,0.00
95.69368,-1.008,4.486,0.00
95.70965,-1.008,4.438,0.00
95.72507,-1.022,4.438,0.00
95.74694,-1.018,4.317,0.00
95.76166,-1.018,4.317,0.00
95.77480,-0.985,3.849,0.00
95.79212,-0.950,3.492,0.00
95.81109,-0.898,3.077,0.00
95.83276,-0.835,2.603,0.00
95.85073,-0.835,2.603,0.00
95.86617,-0.745,2.100,0.00
95.88309,-0.602,1.161,0.00
95.89884,-0.602,1.161,0.00
95.92281,-0.471,0.313,0.00
95.93347,-0.471,0.313,0.00
95.95004,-0.471,0.313,0.00
95.96166,-0.421,0.313,0.00
95.97323,-0.378,-0.381,0.00
95.98864,-0.378,-0.381,0.00
96.00512,-0.347,-0.722,0.00
96.01658,-0.309,-0.952,0.00
96.03204,-0.263,-0.952,0.00
96.05016,-0.259,-1.217,0.00
96.06068,-0.259,-1.217,0.00
96.07109,-0.280,-1.217,0.00
96.08598,-0.280,-1.332,0.00
96.09927,-0.303,-1.431,0.00
96.11621,-0.303,-1.431,0.00
96.12842,-0.420,-1.548,0.00
96.13947,-0.420,-1.548,0.00
96.15049,-0.564,-1.557,0.00
96.16136,-0.564,-1.557,0.00
96.17286,-0.743,-1.548,0.00
96.18577,-0.743,-1.540,0.00
96.19729,-0.911,-1.540,0.00
96.20796,-0.911,-1.540,0.00
96.21859,-1.028,-1.535,0.00
96.23094,-1.120,-1.528,0.00
96.24127,-1.120,-1.528,0.00
96.25212,-1.188,-1.508,0.00
96.27234,-1.188,-1.480,0.00
96.28819,-1.274,-1.456,0.00
96.29997,-1.337,-1.456,0.00
96.31545,-1.337,-1.456,0.00
96.33217,-1.415,-1.450,0.00
96.34988,-1.470,-1.440,0.00
96.36697,-1.470,-1.440,0.00
96.37990,-1.509,-1.436,0.00
96.40250,-1.509,-1.436,0.00
96.43005,-1.559,-1.428,0.00
96.44459,-1.559,-1.428,0.00
96.45568,-1.594,-1.428,0.00
96.47228,-1.619,-1.417,0.00
96.48912,-1.619,-1.417,0.00
96.51615,-1.619,-1.417,0.00
96.52697,-1.619,-1.417,0.00
96.55266,-1.619,-1.417,0.00
96.63673,-1.419,-1.517,0.00
96.64689,-1.401,-1.507,0.00
96.73188,-1.401,-1.507,0.00
96.74209,-1.353,-1.472,0.00
96.75285,-1.366,-1.483,0.00
96.76311,-0.488,-0.282,0.00
96.77327,-0.488,-0.282,0.00
96.78359,-0.509,-0.282,0.00
96.79383,-0.509,-0.296,0.00
96.80434,-0.527,-0.296,0.00
96.81450,-0.527,-0.306,0.00
96.82466,-0.536,-0.317,0.00
96.83480,-0.536,-0.317,0.00
96.84496,-0.556,-0.316,0.00
96.85511,-0.556,-0.316,0.00
96.86609,-0.575,-0.300,0.00
96.87657,-0.575,-0.300,0.00
96.88682,-0.586,-0.308,0.00
96.89760,-0.586,-0.308,0.00
96.90777,-0.595,-0.293,0.00
96.91793,-0.595,-0.293,0.00
96.92809,-0.607,-0.284,0.00
96.93824,-0.607,-0.284,0.00
96.94839,-0.613,-0.269,0.00
96.95854,-0.613,-0.269,0.00
96.96870,-0.616,-0.254,0.00
96.97886,-0.619,-0.254,0.00
96.98906,-0.619,-0.244,0.00
96.99930,-0.619,-0.244,0.00
97.00950,-0.624,-0.239,0.00
97.01965,-0.624,-0.239,0.00
97.02986,-0.627,-0.230,0.00
97.04001,-0.627,-0.222,0.00
97.05017,-0.630,-0.222,0.00
97.06037,-0.630,-0.222,0.00
97.07055,-0.641,-0.215,0.00
97.08077,-0.641,-0.215,0.00
97.09100,-0.656,-0.211,0.00
97.10119,-0.667,-0.209,0.00
97.11140,-0.667,-0.209,0.00
97.12156,-0.681,-0.213,0.00
97.13170,-0.681,-0.213,0.00
97.14187,-0.711,-0.221,0.00
97.15202,-0.711,-0.221,0.00
97.16285,-0.749,-0.230,0.00
97.17301,-0.749,-0.230,0.00
97.18338,-0.766,-0.237,0.00
97.19355,-0.766,-0.237,0.00
97.20389,-0.766,-0.241,0.00
97.21422,-0.766,-0.241,0.00
97.22453,-0.766,-0.241,0.00
97.23484,-0.766,-0.241,0.00
97.24522,-0.766,-0.248,0.00
97.25607,-0.799,-0.248,0.00
97.26623,-0.818,-0.255,0.00
97.27638,-0.818,-0.255,0.00
97.28655,-0.825,-0.262,0.00
97.29670,-0.825,-0.262,0.00
97.30688,-0.840,-0.268,0.00
97.31703,-0.840,-0.268,0.00
97.32719,-0.856,-0.276,0.00
97.33747,-0.856,-0.276,0.00
97.34763,-0.851,-0.282,0.00
97.35804,-0.851,-0.282,0.00
97.36820,-0.843,-0.286,0.00
97.37846,-0.843,-0.286,0.00
97.38862,-0.843,-0.286,0.00
97.39878,-0.843,-0.286,0.00
97.40894,-0.843,-0.286,0.00
97.41920,-0.843,-0.286,0.00
97.42941,-0.844,-0.288,0.00
97.43957,-0.848,-0.290,0.00
97.44973,-0.868,-0.295,0.00
97.45989,-0.868,-0.295,0.00
97.47041,-0.873,-0.300,0.00
97.48069,-0.873,-0.300,0.00
97.49179,-0.876,-0.304,0.00
97.50198,-0.880,-0.308,0.00
97.51230,-0.880,-0.308,0.00
97.52252,-0.880,-0.308,0.00
97.53288,-0.886,-0.316,0.00
97.54310,-0.886,-0.316,0.00
97.55359,-0.886,-0.316,0.00
97.56383,-0.896,-0.331,0.00
97.57398,-0.911,-0.331,0.00
97.58414,-0.923,-0.342,0.00
97.59449,-0.923,-0.342,0.00
97.60488,-0.926,-0.342,0.00
97.61503,-0.926,-0.355,0.00
97.62561,-0.918,-0.365,0.00
97.63578,-0.918,-0.365,0.00
97.64594,-0.913,-0.371,0.00
97.65715,-0.913,-0.371,0.00
97.66730,-0.909,-0.376,0.00
97.67768,-0.909,-0.376,0.00
97.68784,-0.906,-0.387,0.00
97.69873,-0.906,-0.387,0.00
97.70896,-0.906,-0.396,0.00
97.71979,-0.906,-0.396,0.00
97.72995,-0.909,-0.400,0.00
97.74014,-0.914,-0.400,0.00
97.75151,-0.914,-0.403,0.00
97.76166,-0.923,-0.403,0.00
97.77182,-0.923,-0.410,0.00
97.78198,-0.931,-0.410,0.00
97.79214,-0.931,-0.419,0.00
97.80250,-0.931,-0.419,0.00
97.81285,-0.932,-0.426,0.00
97.82319,-0.924,-0.426,0.00
97.83356,-0.924,-0.431,0.00
97.84391,-0.909,-0.437,0.00
97.85449,-0.909,-0.437,0.00
97.86478,-0.909,-0.437,0.00
97.87494,-0.886,-0.445,0.00
97.88510,-0.845,-0.448,0.00
97.89522,-0.845,-0.448,0.00
97.90537,-0.775,-0.452,0.00
97.91552,-0.775,-0.452,0.00
97.92568,-0.642,-0.458,0.00
97.93594,-0.642,-0.458,0.00
97.94617,-0.384,-0.463,0.00
97.95632,-0.384,-0.463,0.00
97.96666,-0.044,-0.469,0.00
97.97704,-0.044,-0.469,0.00
97.98746,0.338,-0.475,0.00
97.99819,0.338,-0.475,0.00
98.00833,0.781,-0.482,0.00
98.01848,0.781,-0.482,0.00
98.02864,1.382,-0.493,0.00
98.03901,1.382,-0.493,0.00
98.04942,2.136,-0.502,0.00
98.05971,2.136,-0.502,0.00
98.06998,3.316,-0.507,0.00
98.08023,3.316,-0.507,0.00
98.09062,4.710,-0.510,0.00
98.10078,6.019,-0.513,0.00
98.11099,6.019,-0.513,0.00
98.12115,7.187,-0.519,0.00
98.13346,7.187,-0.519,0.00
98.14360,7.187,-0.519,0.00
98.15375,8.558,-0.526,0.00
98.16476,9.904,-0.531,0.00
98.17492,9.904,-0.531,0.00
98.18523,11.267,-0.536,0.00
98.20229,12.603,-0.536,0.00
98.21258,12.603,-0.540,0.00
98.23463,13.829,-0.545,11.00
98.24482,14.989,-0.551,11.00
98.25497,14.989,-0.551,11.00
98.26654,16.230,-0.559,11.00
98.27698,16.230,-0.559,11.00
98.28742,17.658,-0.567,11.00
98.29770,17.658,-0.567,11.00
98.30788,17.658,-0.567,11.00
98.31804,17.658,-0.567,11.00
98.33064,19.223,-0.573,11.00
98.34121,22.026,-0.572,11.00
98.35152,22.026,-0.573,11.00
98.36216,22.026,-0.574,11.00
98.37279,23.116,-0.574,11.00
98.38307,23.116,-0.575,11.00
98.41046,24.946,-0.578,11.00
98.42063,25.446,-0.579,11.00
98.44322,25.446,-0.579,11.00
98.45340,25.716,-0.591,11.00
98.47577,26.009,-0.617,11.00
98.48594,26.047,-0.645,11.00
98.50567,26.047,-0.645,11.00
98.51586,25.314,-0.675,11.00
98.52614,23.855,-0.701,11.00
98.54020,23.855,-0.701,11.00
98.55154,22.243,-0.725,11.00
98.57000,22.243,-0.758,11.00
98.58027,20.877,-0.792,11.00
98.59060,19.737,-0.792,11.00
98.60207,18.580,-0.792,11.00
98.61277,18.580,-0.822,11.00
98.62303,17.316,-0.847,11.00
98.63426,17.316,-0.847,11.50
98.64445,16.168,-0.868,11.50
98.65460,16.168,-0.868,11.50
98.66574,16.168,-0.868,11.50
98.67595,16.168,-0.868,11.50
98.68645,15.219,-0.891,11.50
98.71470,14.340,-0.907,11.50
98.72486,14.340,-0.907,11.50
98.74787,13.404,-0.907,11.50
98.75804,12.424,-0.919,11.50
98.77773,11.383,-1.140,12.00
98.78791,9.295,-1.547,12.00
98.79808,9.295,-1.547,12.00
98.81193,8.399,-1.770,12.00
98.82212,7.576,-2.036,12.00
98.84217,6.799,-2.036,12.00
98.85266,6.799,-2.233,12.00
98.86283,6.799,-2.414,12.00
98.87589,6.074,-2.414,12.50
98.88608,5.427,-2.547,12.50
98.89624,5.427,-2.547,12.50
98.90672,4.884,-2.641,13.00
98.91769,4.884,-2.641,13.00
98.92787,4.472,-2.692,13.00
98.93801,4.472,-2.692,13.50
98.94825,4.159,-2.709,13.50
98.95848,4.159,-2.709,13.50
98.98571,3.851,-2.703,14.00
98.99588,3.518,-2.690,14.00
99.01811,3.518,-2.662,14.50
99.02860,2.984,-2.618,14.50
99.05088,2.719,-2.618,15.00
99.06115,2.719,-2.562,15.00
99.08160,2.719,-2.562,16.00
99.09181,2.305,-2.501,16.00
99.10197,1.972,-2.453,16.00
99.11374,1.972,-2.453,16.50
99.12392,1.817,-2.419,16.50
99.13408,1.817,-2.419,16.50
99.14593,1.708,-2.407,17.50
99.15624,1.692,-2.407,17.50
99.16661,1.737,-2.440,17.50
99.17996,1.737,-2.480,18.50
99.19014,1.754,-2.480,18.50
99.20030,1.754,-2.480,18.50
99.21110,1.742,-2.521,19.00
99.22126,1.742,-2.521,19.00
99.23145,1.798,-2.571,19.00
99.24206,1.892,-2.623,20.00
99.25292,1.892,-2.623,20.00
99.26311,1.957,-2.673,20.00
99.29053,1.984,-2.673,20.50
99.30111,1.989,-2.734,20.50
99.32204,1.989,-2.790,21.50
99.33226,1.989,-2.855,21.50
99.35466,1.987,-2.911,22.00
99.36488,1.996,-2.955,22.00
99.38712,2.034,-2.996,22.50
99.39851,2.034,-2.996,22.50
99.41868,2.085,-3.044,23.00
99.42886,2.157,-3.099,23.00
99.43919,2.211,-3.164,23.00
99.45110,2.211,-3.164,23.00
99.46133,2.211,-3.228,23.00
99.47150,2.260,-3.228,23.00
99.48182,2.260,-3.228,23.50
99.49242,2.281,-3.308,23.50
99.50259,2.280,-3.308,23.50
99.51425,2.280,-3.378,23.50
99.52442,2.271,-3.446,23.50
99.53477,2.271,-3.446,23.50
99.54599,2.271,-3.506,24.00
99.55632,2.271,-3.506,24.00
99.56709,2.268,-3.581,24.00
99.59369,2.268,-3.581,24.00
99.60391,2.259,-3.678,24.00
99.63116,2.278,-3.936,24.00
99.64157,2.344,-4.120,24.00
99.65995,2.427,-4.120,24.00
99.67021,2.498,-4.322,24.00
99.69028,2.498,-4.322,24.00
99.70047,2.553,-4.543,24.00
99.71059,2.612,-4.762,24.00
99.72186,2.672,-4.762,24.50
99.73224,2.672,-4.974,24.50
99.74263,2.672,-4.974,24.50
99.75453,2.672,-4.974,24.50
99.76483,2.686,-5.202,24.50
99.77500,2.686,-5.384,24.50
99.78651,2.661,-5.578,24.50
99.79670,2.661,-5.578,24.50
99.80696,2.651,-5.770,24.50
99.82122,2.642,-5.882,24.50
99.83143,2.642,-5.882,24.50
99.84167,2.642,-5.912,24.50
99.86665,2.637,-5.835,24.50
99.87702,2.645,-5.835,24.50
99.90082,2.645,-5.835,24.50
99.91253,2.616,-5.204,24.50
99.93064,2.599,-4.652,24.50
99.94100,2.599,-4.652,24.50
99.95243,2.594,-4.002,24.50
99.96406,2.594,-4.002,24.50
99.97422,2.591,-3.191,24.50
99.98447,2.573,-2.397,24.50
99.99462,2.573,-2.397,24.50
100.00478,2.558,-1.556,24.50
100.01494,2.558,-1.556,24.50
100.02649,2.572,-0.671,24.50
100.03664,2.572,-0.671,24.50
100.04697,2.572,-0.671,24.50
100.07474,2.572,-0.671,24.50
100.08483,2.684,1.129,24.50
100.10588,2.684,1.999,24.50
100.11656,2.732,1.999,24.50
100.13820,2.777,2.855,24.50
100.14851,2.820,3.804,24.50
100.16981,2.820,3.804,24.50
100.18005,2.864,4.609,24.50
100.19090,2.908,5.389,24.50
100.20261,2.968,6.175,24.50
100.21280,2.968,6.175,24.50
100.22313,3.057,6.175,24.50
100.23409,3.057,6.967,24.50
100.24428,3.165,7.781,24.50
100.25465,3.165,7.781,24.50
100.26604,3.279,8.565,24.50
100.27622,3.279,8.565,24.50
100.28676,3.365,9.322,24.50
100.29965,3.365,9.322,24.50
100.30858,3.413,10.041,24.50
100.32013,3.413,10.041,24.50
100.34597,3.415,10.810,24.50
100.35630,3.396,11.506,24.50
100.38148,3.396,11.506,24.50
100.39189,3.432,12.881,24.50
100.40228,3.432,12.881,0.00
100.41243,3.473,13.537,0.00
100.42259,3.491,14.142,0.00
100.43274,3.491,14.142,0.00
100.44291,3.518,14.681,0.00
100.45319,3.518,14.681,0.00
100.46354,3.570,15.166,0.00
100.47400,3.570,15.166,0.00
100.48428,3.619,15.671,0.00
100.49486,3.619,15.671,0.00
100.50506,3.594,16.101,0.00
100.51523,3.594,16.101,0.00
100.52540,3.473,16.101,0.00
100.53563,3.473,16.512,0.00
100.54603,3.304,16.888,0.00
100.55641,3.304,16.888,0.00
100.56661,3.173,17.213,0.00
100.57696,3.173,17.213,0.00
100.58715,3.139,17.504,0.00
100.59728,3.139,17.504,0.00
100.60744,3.175,17.985,0.00
100.61760,3.175,17.985,0.00
100.62776,3.226,18.227,0.00
100.63794,3.226,18.227,0.00
100.64810,3.262,18.412,0.00
100.65826,3.262,18.412,0.00
100.66842,3.269,18.802,0.00
100.67857,3.272,19.355,0.00
100.68872,3.272,19.355,0.00
100.69887,3.260,20.019,0.00
100.70914,3.260,20.019,0.00
100.71945,3.209,20.652,0.00
100.72975,3.209,20.652,0.00
100.74066,3.209,20.652,0.00
100.75178,3.149,21.134,0.00
100.76195,3.098,21.458,0.00
100.77235,3.098,21.458,0.00
100.78252,3.073,21.683,0.00
100.79340,3.073,21.683,0.00
100.80356,3.081,21.891,0.00
100.81405,3.081,21.891,0.00
100.82443,3.104,22.102,0.00
100.83463,3.104,22.102,0.00
100.84479,3.132,22.322,0.00
100.85496,3.132,22.322,0.00
100.86513,3.159,22.558,0.00
100.87532,3.159,22.558,0.00
100.88548,3.181,22.791,0.00
100.89566,3.181,22.791,0.00
100.90644,3.193,23.014,0.00
100.91672,3.193,23.014,0.00
100.92687,3.188,23.213,0.00
100.93703,3.188,23.213,0.00
100.94721,3.170,23.345,0.00
100.95758,3.170,23.345,0.00
100.96786,3.149,23.330,0.00
100.97811,3.149,23.330,0.00
100.98837,3.146,23.278,0.00
100.99939,3.146,23.278,0.00
101.00957,3.168,23.149,0.00
101.01981,3.168,23.149,0.00
101.02997,3.201,22.940,0.00
101.04012,3.201,22.694,0.00
101.05027,3.229,22.694,0.00
101.06043,3.229,22.464,0.00
101.07078,3.248,22.464,0.00
101.08113,3.258,22.464,0.00
101.09142,3.258,22.255,0.00
101.10173,3.261,22.255,0.00
101.11193,3.261,22.053,0.00
101.12208,3.257,22.053,0.00
101.13246,3.257,21.910,0.00
101.14277,3.227,21.910,0.00
101.15312,3.227,21.775,0.00
101.16347,3.168,21.632,0.00
101.17379,3.168,21.632,0.00
101.18414,3.095,21.479,0.00
101.19493,3.095,21.479,0.00
101.20509,3.095,21.309,0.00
101.21525,2.972,21.309,0.00
101.22542,2.820,21.120,0.00
101.23558,2.820,21.120,0.00
101.24574,2.660,20.941,0.00
101.25590,2.660,20.941,0.00
101.26606,2.514,20.764,0.00
101.27636,2.514,20.764,0.00
101.28669,2.417,20.611,0.00
101.29758,2.417,20.611,0.00
101.30871,2.379,20.469,0.00
101.31886,2.379,20.469,0.00
101.32913,2.391,20.342,0.00
101.33936,2.438,20.342,0.00
101.34955,2.438,20.221,0.00
101.36213,2.518,20.221,0.00
101.37239,2.518,20.105,0.00
101.38263,2.685,20.105,0.00
101.39286,2.685,19.998,0.00
101.40510,2.998,19.894,0.00
101.41526,2.998,19.894,0.00
101.42640,3.422,19.787,0.00
101.43681,3.422,19.787,0.00
101.44707,3.768,19.698,0.00
101.45723,3.768,19.698,0.00
101.46739,4.121,19.614,0.00
101.47765,4.121,19.614,0.00
101.48781,4.558,19.536,0.00
101.49813,4.558,19.536,0.00
101.50833,5.012,19.464,0.00
101.51872,5.012,19.464,0.00
101.52882,5.385,19.397,0.00
101.53964,5.385,19.397,0.00
101.54939,5.663,19.322,0.00
101.55955,5.663,19.322,0.00
101.56971,5.953,19.218,0.00
101.58044,5.953,19.218,0.00
101.59071,6.242,19.052,0.00
101.60079,6.498,18.823,0.00
101.61093,6.498,18.823,0.00
101.62110,6.498,18.823,0.00
101.63130,6.744,18.479,0.00
101.64146,6.744,17.992,0.00
101.65161,7.038,17.992,0.00
101.66213,7.038,17.992,0.00
101.67231,7.302,17.313,0.00
101.68247,7.493,16.428,0.00
101.69263,7.493,16.428,0.00
101.70278,7.652,15.328,0.00
101.71295,7.652,15.328,0.00
101.72311,7.790,14.051,0.00
101.73331,7.790,14.051,0.00
101.74348,7.807,12.635,0.00
101.75363,7.807,12.635,0.00
101.76378,7.807,10.809,0.00
101.77393,7.687,10.809,0.00
101.78408,7.549,9.110,0.00
101.79453,7.549,9.110,0.00
101.80468,7.372,7.310,0.00
101.81511,7.372,7.310,0.00
101.82553,7.172,5.526,0.00
101.83589,7.172,5.526,0.00
101.84624,6.948,3.914,0.00
101.85691,6.948,3.914,0.00
101.86722,6.686,2.499,0.00
101.87754,6.686,2.499,0.00
101.88787,6.418,1.305,0.00
101.89818,6.418,1.305,0.00
101.91210,6.121,1.305,0.00
101.92302,6.121,-1.008,0.00
101.93342,5.804,-1.008,0.00
101.94355,5.804,-1.008,0.00
101.95451,5.472,-1.955,0.00
101.96483,5.109,-1.955,0.00
101.97527,5.109,-2.555,0.00
101.98560,4.728,-2.555,0.00
102.00153,4.335,-1.781,0.00
102.01173,4.335,-1.781,0.00
102.02210,3.900,-1.781,0.00
102.03309,3.900,-0.411,0.00
102.04411,3.439,1.297,0.00
102.05526,3.439,1.297,0.00
102.06613,3.439,1.297,0.00
102.07705,2.999,3.236,0.00
102.08743,2.599,5.534,0.00
102.09778,2.599,5.534,0.00
102.10808,2.207,5.534,0.00
102.11842,2.207,7.525,0.00
102.12860,1.809,9.315,0.00
102.13907,1.809,9.315,0.00
102.14956,1.404,10.831,0.00
102.15994,1.125,12.012,0.00
102.17011,1.125,12.012,0.00
102.18053,0.981,12.012,0.00
102.19096,0.981,12.832,0.00
102.20137,0.981,12.832,0.00
102.21150,0.981,12.832,0.00
102.22276,0.887,13.293,0.00
102.23372,0.794,13.512,0.00
102.24458,0.707,13.551,0.00
102.25478,0.707,13.551,0.00
102.26508,0.707,13.551,0.00
102.27613,0.676,13.348,0.00
102.28663,0.676,13.026,0.00
102.29696,0.713,13.026,0.00
102.30738,0.713,12.623,0.00
102.31775,0.769,12.623,0.00
102.32803,0.769,12.623,0.00
102.33896,0.813,12.166,0.00
102.34942,0.813,11.674,0.00
102.35980,0.856,11.674,0.00
102.37018,0.856,11.159,0.00
102.38118,0.856,11.159,0.00
102.39205,0.920,11.159,0.00
102.40277,0.920,10.618,0.00
102.41336,0.920,10.618,0.00
102.42364,0.920,9.395,0.00
102.43393,1.085,9.395,0.00
102.44431,1.177,8.780,0.00
102.45528,1.177,8.780,0.00
102.46590,1.177,8.112,0.00
102.47642,1.247,8.112,0.00
102.48729,1.299,8.112,0.00
102.49873,1.299,7.377,0.00
102.50892,1.299,7.377,0.00
102.51915,1.345,6.619,0.00
102.53536,1.397,5.861,0.00
102.54578,1.456,5.861,0.00
102.55729,1.456,5.090,0.00
102.56871,1.456,5.090,0.00
102.57988,1.522,4.192,0.00
102.59030,1.588,4.192,0.00
102.60046,1.588,2.565,0.00
102.61117,1.634,2.565,0.00
102.62250,1.664,1.833,0.00
102.63288,1.664,1.833,0.00
102.64895,1.689,1.194,0.00
102.65969,1.689,1.194,0.00
102.66987,1.689,1.194,0.00
102.68027,1.689,0.581,0.00
102.69167,1.706,0.581,0.00
102.70266,1.732,0.020,0.00
102.71371,1.732,-0.409,0.00
102.72478,1.732,-0.746,0.00
102.73553,1.720,-0.746,0.00
102.74601,1.720,-0.975,0.00
102.75673,1.695,-0.975,0.00
102.76695,1.695,-0.975,0.00
102.77732,1.695,-0.975,0.00
102.78771,1.695,-1.136,0.00
102.79811,1.643,-1.136,0.00
102.80854,1.643,-1.183,0.00
102.81893,1.605,-1.183,0.00
102.82974,1.558,-1.155,0.00
102.84010,1.558,-1.155,0.00
102.85054,1.558,-1.077,0.00
102.86099,1.512,-1.077,0.00
102.87134,1.470,-0.993,0.00
102.88150,1.407,-0.993,0.00
102.89252,1.407,-0.924,0.00
102.90301,1.407,-0.844,0.00
102.96641,1.322,-0.557,0.00
102.97669,1.105,-0.557,0.00
103.04322,1.105,-0.235,0.00
103.05350,0.878,-0.235,0.00
103.06383,-0.745,-4.354,0.00
103.07400,-0.745,-4.354,0.00
103.08416,-0.816,-4.278,0.00
103.09441,-0.816,-4.278,0.00
103.10456,-0.863,-4.220,0.00
103.11474,-0.863,-4.220,0.00
103.12489,-0.897,-4.182,0.00
103.13505,-0.897,-4.182,0.00
103.14520,-0.941,-4.165,0.00
103.15536,-0.941,-4.165,0.00
103.16561,-0.993,-4.165,0.00
103.17591,-0.993,-4.163,0.00
103.18624,-1.037,-4.163,0.00
103.19662,-1.037,-4.163,0.00
103.20697,-1.072,-4.168,0.00
103.21712,-1.072,-4.168,0.00
103.22728,-1.095,-4.186,0.00
103.23743,-1.095,-4.186,0.00
103.24760,-1.112,-4.212,0.00
103.25775,-1.112,-4.212,0.00
103.26790,-1.148,-4.277,0.00
103.27826,-1.148,-4.277,0.00
103.28843,-1.200,-4.318,0.00
103.29859,-1.200,-4.318,0.00
103.30900,-1.248,-4.358,0.00
103.31936,-1.248,-4.358,0.00
103.32970,-1.296,-4.404,0.00
103.33988,-1.296,-4.404,0.00
103.35004,-1.365,-4.457,0.00
103.36023,-1.365,-4.457,0.00
103.37039,-1.434,-4.506,0.00
103.38054,-1.434,-4.506,0.00
103.39070,-1.513,-4.552,0.00
103.40086,-1.513,-4.552,0.00
103.41102,-1.588,-4.590,0.00
103.42125,-1.588,-4.590,0.00
103.43145,-1.688,-4.629,0.00
103.44162,-1.688,-4.657,0.00
103.45176,-1.736,-4.657,0.00
103.46192,-1.805,-4.684,0.00
103.47241,-1.805,-4.684,0.00
103.48257,-1.870,-4.702,0.00
103.49273,-1.870,-4.702,0.00
103.50368,-1.906,-4.715,0.00
103.51385,-1.906,-4.715,0.00
103.52406,-1.941,-4.734,0.00
103.53423,-1.941,-4.734,0.00
103.54439,-1.981,-4.769,0.00
103.55455,-1.981,-4.769,0.00
103.56471,-2.015,-4.792,0.00
103.57486,-2.015,-4.792,0.00
103.58616,-2.047,-4.811,0.00
103.59664,-2.047,-4.811,0.00
103.60663,-2.067,-4.835,0.00
103.61688,-2.067,-4.835,0.00
103.62721,-2.084,-4.851,0.00
103.63778,-2.084,-4.851,0.00
103.64793,-2.101,-4.869,0.00
103.65809,-2.101,-4.869,0.00
103.66823,-2.134,-4.892,0.00
103.67857,-2.134,-4.892,0.00
103.68872,-2.177,-4.915,0.00
103.69917,-2.177,-4.915,0.00
103.70933,-2.197,-4.944,0.00
103.72069,-2.197,-4.944,0.00
103.73084,-2.185,-4.972,0.00
103.74101,-2.168,-4.997,0.00
103.75116,-2.168,-4.997,0.00
103.76143,-2.167,-5.018,0.00
103.77196,-2.167,-5.018,0.00
103.78227,-2.175,-5.035,0.00
103.79259,-2.175,-5.035,0.00
103.80288,-2.159,-5.043,0.00
103.81303,-2.159,-5.043,0.00
103.82319,-2.144,-5.048,0.00
103.83335,-2.144,-5.048,0.00
103.84351,-2.156,-5.048,0.00
103.85372,-2.156,-5.048,0.00
103.86409,-2.174,-5.043,0.00
103.87426,-2.174,-5.043,0.00
103.88458,-2.181,-5.038,0.00
103.89474,-2.181,-5.038,0.00
103.90490,-2.201,-5.031,0.00
103.91508,-2.201,-5.031,0.00
103.92524,-2.230,-5.030,0.00
103.93540,-2.230,-5.030,0.00
103.94555,-2.261,-5.032,0.00
103.95705,-2.261,-5.032,0.00
103.96720,-2.284,-5.035,0.00
103.97736,-2.284,-5.035,0.00
103.98822,-2.281,-5.039,0.00
103.99870,-2.281,-5.039,0.00
104.00885,-2.325,-5.045,0.00
104.01904,-2.325,-5.045,0.00
104.02999,-2.384,-5.051,0.00
104.04015,-2.384,-5.055,0.00
104.05043,-2.428,-5.055,0.00
104.06058,-2.465,-5.060,0.00
104.07073,-2.465,-5.060,0.00
104.08088,-2.500,-5.064,0.00
104.09123,-2.500,-5.064,0.00
104.10157,-2.533,-5.072,0.00
104.11230,-2.533,-5.072,0.00
104.12275,-2.551,-5.088,0.00
104.13294,-2.551,-5.088,0.00
104.14317,-2.564,-5.106,0.00
104.15336,-2.564,-5.106,0.00
104.16365,-2.583,-5.120,0.00
104.17483,-2.583,-5.120,0.00
104.18500,-2.593,-5.120,0.00
104.19640,-2.593,-5.129,0.00
104.20658,-2.604,-5.139,0.00
104.21673,-2.604,-5.139,0.00
104.22688,-2.627,-5.151,0.00
104.23708,-2.627,-5.151,0.00
104.24726,-2.645,-5.163,0.00
104.25746,-2.645,-5.163,0.00
104.26783,-2.660,-5.171,0.00
104.27818,-2.680,-5.171,0.00
104.28851,-2.680,-5.174,0.00
104.29883,-2.707,-5.174,0.00
104.30917,-2.707,-5.177,0.00
104.31946,-2.733,-5.177,0.00
104.32978,-2.733,-5.181,0.00
104.34008,-2.733,-5.180,0.00
104.35023,-2.766,-5.180,0.00
104.36040,-2.766,-5.180,0.00
104.37058,-2.766,-5.180,0.00
104.38074,-2.766,-5.180,0.00
104.39121,-2.801,-5.180,0.00
104.40136,-2.831,-5.182,0.00
104.41152,-2.860,-5.181,0.00
104.42171,-2.909,-5.181,0.00
104.43236,-2.909,-5.180,0.00
104.44274,-2.956,-5.180,0.00
104.45308,-2.956,-5.182,0.00
104.46358,-2.990,-5.185,0.00
104.47375,-2.990,-5.185,0.00
104.48389,-2.990,-5.185,0.00
104.49406,-3.025,-5.189,0.00
104.50422,-3.069,-5.195,0.00
104.51447,-3.069,-5.195,0.00
104.52525,-3.112,-5.205,0.00
104.53546,-3.112,-5.205,0.00
104.54567,-3.118,-5.216,0.00
104.55586,-3.118,-5.216,0.00
104.56602,-3.078,-5.226,0.00
104.57717,-3.078,-5.226,0.00
104.58735,-3.021,-5.231,0.00
104.59818,-3.021,-5.231,0.00
104.60833,-2.986,-5.229,0.00
104.61858,-2.986,-5.229,0.00
104.62875,-2.987,-5.223,0.00
104.63960,-2.987,-5.223,0.00
104.64975,-2.977,-5.218,0.00
104.65990,-2.977,-5.218,0.00
104.67007,-2.930,-5.215,0.00
104.68027,-2.877,-5.209,0.00
104.69056,-2.877,-5.209,0.00
104.70110,-2.877,-5.209,0.00
104.71241,-2.827,-5.204,0.00
104.72256,-2.733,-5.195,0.00
104.73272,-2.733,-5.195,0.00
104.74287,-2.733,-5.191,0.00
104.75329,-2.658,-5.191,0.00
104.76360,-2.587,-5.189,0.00
104.77392,-2.587,-5.189,0.00
104.78423,-2.340,-5.189,0.00
104.79440,-2.340,-5.189,0.00
104.80598,-2.105,-5.194,0.00
104.81618,-2.105,-5.194,0.00
104.82643,-1.279,-5.195,0.00
104.83711,-1.279,-5.195,0.00
104.84727,1.119,-5.197,0.00
104.85786,1.119,-5.197,0.00
104.86855,2.808,-5.206,0.00
104.87883,2.808,-5.221,0.00
104.88899,4.094,-5.221,0.00
104.89917,4.094,-5.238,0.00
104.90931,5.629,-5.238,0.00
104.92150,5.629,-5.238,0.00
104.93212,7.623,-5.253,0.00
104.94252,9.771,-5.266,0.00
104.95273,9.771,-5.266,0.00
104.96307,9.771,-5.266,0.00
104.97467,9.771,-5.283,0.00
104.98714,11.761,-5.299,0.00
104.99736,13.347,-5.299,0.00
105.00751,14.424,-5.313,0.00
105.03459,15.276,-5.321,11.00
105.04475,16.219,-5.329,11.00
105.06622,16.219,-5.329,11.00
105.07651,17.315,-5.329,11.00
105.09821,18.462,-5.347,11.00
105.10849,19.514,-5.360,11.00
105.13158,20.407,-5.380,11.00
105.14180,21.201,-5.402,11.00
105.15196,21.201,-5.402,11.00
105.16247,21.901,-5.429,11.00
105.17272,21.901,-5.429,11.00
105.18290,22.434,-5.454,11.00
105.19410,22.434,-5.454,11.00
105.20427,22.699,-5.481,11.00
105.21462,22.699,-5.481,11.00
105.22642,22.494,-5.502,11.00
105.23657,22.494,-5.502,11.00
105.24685,21.774,-5.509,11.00
105.25794,21.774,-5.509,11.00
105.26839,20.721,-5.514,11.00
105.27927,20.721,-5.514,11.00
105.30565,19.458,-5.525,11.00
105.31581,17.920,-5.538,11.00
105.33960,16.112,-5.538,11.00
105.34978,14.479,-5.546,11.00
105.36960,14.479,-5.546,11.00
105.37978,13.238,-5.541,11.00
105.38994,12.043,-5.533,11.00
105.40159,12.043,-5.533,11.00
105.41178,10.694,-5.523,11.00
105.42193,10.694,-5.523,11.00
105.43358,10.694,-5.523,11.50
105.44460,9.333,-5.518,11.50
105.45476,8.373,-5.513,11.50
105.46585,8.373,-5.507,11.50
105.47604,7.523,-5.507,11.50
105.48622,6.616,-5.504,11.50
105.49841,6.616,-5.504,11.50
105.50848,5.520,-5.497,11.50
105.51885,5.520,-5.497,11.50
105.52998,4.423,-5.557,11.50
105.54015,3.558,-5.557,11.50
105.55040,3.558,-5.656,11.50
105.57867,2.863,-5.955,12.00
105.58887,2.144,-5.955,12.00
105.60997,1.307,-5.955,12.00
105.62034,1.307,-6.149,12.00
105.64388,0.452,-6.340,12.50
105.65407,-0.346,-6.548,12.50
105.67420,-1.100,-6.703,12.50
105.68458,-1.691,-6.857,12.50
105.69490,-1.691,-6.857,12.50
105.70621,-1.862,-6.857,13.00
105.71635,-1.862,-7.014,13.00
105.72651,-2.042,-7.157,13.00
105.73912,-2.042,-7.157,13.50
105.74958,-2.434,-7.282,13.50
105.75975,-2.919,-7.282,13.50
105.77097,-2.919,-7.396,14.00
105.78112,-3.598,-7.478,14.00
105.79144,-3.598,-7.478,14.00
105.80183,-3.598,-7.478,14.50
105.81294,-3.598,-7.478,14.50
105.82332,-4.228,-7.478,14.50
105.85190,-4.228,-7.534,15.00
105.86259,-4.160,-7.525,15.00
105.88179,-4.051,-7.525,16.00
105.89196,-4.051,-7.493,16.00
105.91382,-4.051,-7.493,17.00
105.92401,-4.016,-7.493,17.00
105.94658,-4.303,-7.451,17.50
105.95715,-4.303,-7.451,17.50
105.97761,-4.492,-7.446,18.50
105.98781,-4.653,-7.444,18.50
105.99797,-4.653,-7.424,18.50
106.01197,-4.785,-7.424,19.50
106.02219,-4.911,-7.424,19.50
106.03235,-4.911,-7.406,19.50
106.04250,-5.046,-7.388,20.00
106.05283,-5.046,-7.388,20.00
106.06300,-5.046,-7.380,20.00
106.07407,-5.165,-7.380,21.00
106.08438,-5.244,-7.377,21.00
106.09534,-5.244,-7.377,21.00
106.12242,-5.356,-7.390,21.50
106.13275,-5.356,-7.390,21.50
106.15454,-5.357,-7.387,22.00
106.16484,-5.308,-7.379,22.00
106.18696,-5.233,-7.375,22.50
106.19816,-5.233,-7.375,22.50
106.21840,-5.158,-7.369,23.00
106.22870,-5.081,-7.354,23.00
106.23932,-5.022,-7.356,23.00
106.25042,-5.022,-7.356,23.00
106.26057,-4.987,-7.364,23.00
106.27150,-4.987,-7.364,23.00
106.28252,-4.969,-7.360,23.50
106.29268,-4.969,-7.360,23.50
106.30285,-4.962,-7.371,23.50
106.31473,-4.962,-7.371,23.50
106.32490,-4.937,-7.365,23.50
106.33505,-4.937,-7.365,23.50
106.36261,-4.916,-7.347,24.00
106.37302,-4.891,-7.334,24.00
106.39353,-4.867,-7.328,24.00
106.40371,-4.846,-7.337,24.00
106.42604,-4.846,-7.337,24.00
106.43623,-4.830,-7.378,24.00
106.45915,-4.812,-7.464,24.00
106.46933,-4.790,-7.594,24.00
106.48985,-4.766,-7.594,24.00
106.50014,-4.745,-7.771,24.00
106.51162,-4.745,-7.959,24.00
106.52199,-4.735,-7.959,24.50
106.53256,-4.735,-8.100,24.50
106.54270,-4.735,-8.100,24.50
106.55405,-4.735,-8.100,24.50
106.56422,-4.722,-8.269,24.50
106.57443,-4.695,-8.409,24.50
106.58923,-4.669,-8.409,24.50
106.59941,-4.670,-8.527,24.50
106.60971,-4.670,-8.585,24.50
106.61998,-4.670,-8.585,24.50
106.63019,-4.684,-8.577,24.50
106.64037,-4.684,-8.516,24.50
106.66585,-4.672,-8.516,24.50
106.67618,-4.672,-8.374,24.50
106.69885,-4.663,-7.930,24.50
106.70904,-4.663,-7.930,24.50
106.72949,-4.663,-7.930,24.50
106.73984,-4.663,-7.930,24.50
106.75006,-4.663,-7.930,24.50
106.76225,-4.663,-7.930,24.50
106.77250,-4.663,-7.624,24.50
106.78298,-4.611,-7.274,24.50
106.79455,-4.591,-6.507,24.50
106.80472,-4.591,-6.507,24.50
106.81488,-4.591,-6.507,24.50
106.82709,-4.587,-6.063,24.50
106.83743,-4.590,-5.659,24.50
106.84760,-4.590,-5.261,24.50
106.87455,-4.600,-4.880,24.50
106.88472,-4.609,-4.511,24.50
106.90718,-4.599,-4.140,24.50
106.91827,-4.599,-4.140,24.50
106.93941,-4.607,-3.767,24.50
106.94959,-4.607,-3.389,24.50
106.96947,-4.606,-3.389,24.50
106.97964,-4.595,-2.952,24.50
106.98980,-4.544,-2.554,24.50
107.00262,-4.544,-2.140,24.50
107.01281,-4.476,-2.140,24.50
107.02296,-4.476,-1.726,24.50
107.03554,-4.420,-1.726,24.50
107.04587,-4.420,-1.726,24.50
107.05674,-4.420,-1.726,24.50
107.06690,-4.394,-1.324,24.50
107.07704,-4.394,-1.324,24.50
107.08718,-4.394,-1.324,24.50
107.09807,-4.394,-1.324,24.50
107.10841,-4.394,-1.324,24.50
107.11862,-4.394,-1.324,24.50
107.14559,-4.394,-1.324,24.50
107.15576,-4.394,-1.324,24.50
107.17759,-4.394,-1.324,24.50
107.18787,-4.394,-1.324,24.50
107.19804,-4.394,-1.324,0.00
107.20828,-4.394,-1.324,0.00
107.21844,-4.394,-1.324,0.00
107.22859,-4.394,-1.324,0.00
107.23876,-4.394,-1.324,0.00
107.24892,-4.394,-1.324,0.00
107.25917,-4.394,-1.324,0.00
107.26933,-4.394,-1.324,0.00
107.27948,-4.394,-1.324,0.00
107.28964,-4.394,-1.324,0.00
107.29983,-4.394,-1.324,0.00
107.30999,-4.394,-1.324,0.00
107.32016,-4.394,-1.324,0.00
107.33079,-4.394,-1.324,0.00
107.34113,-4.394,-1.324,0.00
107.35130,-4.394,-1.324,0.00
107.36146,-4.394,-1.324,0.00
107.37161,-4.394,-1.324,0.00
107.38195,-4.394,-1.324,0.00
107.39229,-4.394,-1.324,0.00
107.40294,-4.394,-1.324,0.00
107.41311,-4.394,-1.324,0.00
107.42341,-4.394,-1.324,0.00
107.43375,-4.394,-1.324,0.00
107.44411,-4.394,-1.324,0.00
107.45457,-4.394,-1.324,0.00
107.46483,-4.394,-1.324,0.00
107.47517,-4.394,-1.324,0.00
107.48552,-4.394,-1.324,0.00
107.49572,-4.394,-1.324,0.00
107.50589,-4.394,-1.324,0.00
107.51604,-4.394,-1.324,0.00
107.52622,-4.394,-1.324,0.00
107.53648,-4.394,-1.324,0.00
107.54663,-4.394,-1.324,0.00
107.55679,-4.394,-1.324,0.00
107.56695,-4.394,-1.324,0.00
107.57711,-4.394,-1.324,0.00
107.58727,-4.394,-1.324,0.00
107.59742,-4.394,-1.324,0.00
107.60758,-4.394,-1.324,0.00
107.61774,-4.394,-1.324,0.00
107.62790,-4.394,-1.324,0.00
107.63806,-4.394,-1.324,0.00
107.64822,-4.394,-1.324,0.00
107.65846,-4.394,-1.324,0.00
107.66862,-4.394,-1.324,0.00
107.67877,-4.394,-1.324,0.00
107.68893,-4.394,-1.324,0.00
107.69909,-4.394,-1.324,0.00
107.70931,-4.394,-1.324,0.00
107.71947,-4.394,-1.324,0.00
107.72973,-4.394,-1.324,0.00
107.74001,-4.394,-1.324,0.00
107.75040,-4.394,-1.324,0.00
107.76250,-4.394,-1.324,0.00
107.78948,-4.394,-1.324,0.00
107.80085,-4.394,-1.324,0.00
107.81101,-4.394,-1.324,0.00
107.82116,-4.394,-1.324,0.00
107.83132,-4.394,-1.324,0.00
107.84148,-4.394,-1.324,0.00
107.85164,-4.394,-1.324,0.00
107.86179,-4.394,-1.324,0.00
107.87195,-4.394,-1.324,0.00
107.88211,-4.394,-1.324,0.00
107.89226,-4.394,-1.324,0.00
107.90264,-4.394,-1.324,0.00
107.91286,-4.394,-1.324,0.00
107.92525,-4.394,-1.324,0.00
107.93562,-4.394,-1.324,0.00
107.94593,-4.394,-1.324,0.00
107.95624,-4.394,-1.324,0.00
107.96653,-4.394,-1.324,0.00
107.97669,-4.394,-1.324,0.00
107.98685,-4.394,-1.324,0.00
107.99701,-4.394,-1.324,0.00
108.00716,-4.394,-1.324,0.00
108.01732,-4.394,-1.324,0.00
108.02748,-4.394,-1.324,0.00
108.03764,-4.394,-1.324,0.00
108.04780,-4.394,-1.324,0.00
108.05796,-4.394,-1.324,0.00
108.06813,-4.394,-1.324,0.00
108.07845,-4.394,-1.324,0.00
108.08865,-4.394,-1.324,0.00
108.09883,-4.394,-1.324,0.00
108.10902,-4.394,-1.324,0.00
108.11940,-4.394,-1.324,0.00
108.12958,-4.394,-1.324,0.00
108.13976,-4.394,-1.324,0.00
108.15021,-4.394,-1.324,0.00
108.16060,-4.394,-1.324,0.00
108.17097,-4.394,-1.324,0.00
108.18136,-4.394,-1.324,0.00
108.19188,-4.394,-1.324,0.00
108.20209,-4.394,-1.324,0.00
108.21280,-4.394,-1.324,0.00
108.22300,-4.394,-1.324,0.00
108.23366,-4.394,-1.324,0.00
108.24388,-4.394,-1.324,0.00
108.25418,-4.394,-1.324,0.00
108.26437,-4.394,-1.324,0.00
108.27456,-4.394,-1.324,0.00
108.28474,-4.394,-1.324,0.00
108.29492,-4.394,-1.324,0.00
108.30509,-4.394,-1.324,0.00
108.31526,-4.394,-1.324,0.00
108.32562,-4.394,-1.324,0.00
108.33599,-4.394,-1.324,0.00
108.34619,-4.394,-1.324,0.00
108.35638,-4.394,-1.324,0.00
108.36728,-4.394,-1.324,0.00
108.37749,-4.394,-1.324,0.00
108.38771,-4.394,-1.324,0.00
108.39884,-4.394,-1.324,0.00
108.40902,-4.394,-1.324,0.00
108.41929,-4.394,-1.324,0.00
108.42947,-4.394,-1.324,0.00
108.43966,-4.394,-1.324,0.00
108.45027,-4.394,-1.324,0.00
108.46123,-4.394,-1.324,0.00
108.47146,-4.394,-1.324,0.00
108.48179,-4.394,-1.324,0.00
108.49284,-4.394,-1.324,0.00
108.50435,-4.394,-1.324,0.00
108.51480,-4.394,-1.324,0.00
108.52601,-4.394,-1.324,0.00
108.53652,-4.394,-1.324,0.00
108.54706,-4.394,-1.324,0.00
108.55754,-4.394,-1.324,0.00
108.56787,-4.394,-1.324,0.00
108.57865,-4.394,-1.324,0.00
108.58890,-4.394,-1.324,0.00
108.59927,-4.394,-1.324,0.00
108.61042,-4.394,-1.324,0.00
108.62062,-4.394,-1.324,0.00
108.63081,-4.394,-1.324,0.00
108.64131,-4.394,-1.324,0.00
108.65152,-4.394,-1.324,0.00
108.66171,-4.394,-1.324,0.00
108.67217,-4.394,-1.324,0.00
108.68259,-4.394,-1.324,0.00
108.69277,-4.394,-1.324,0.00
108.70695,-4.394,-1.324,0.00
108.71769,-4.394,-1.324,0.00
108.73362,-4.394,-1.324,0.00
108.74994,-4.394,-1.324,0.00
108.78011,-4.394,-1.324,0.00
108.79291,-4.394,-1.324,0.00
108.80875,-4.394,-1.324,0.00
108.82333,-4.394,-1.324,0.00
108.83375,-4.394,-1.324,0.00
108.84446,-4.394,-1.324,0.00
108.85974,-4.394,-1.324,0.00
108.87109,-4.394,-1.324,0.00
108.89011,-4.394,-1.324,0.00
108.90391,-4.394,-1.324,0.00
108.91528,-4.394,-1.324,0.00
108.93205,-4.394,-1.324,0.00
108.94733,-4.394,-1.324,0.00
108.95830,-4.394,-1.324,0.00
108.97792,-4.394,-1.324,0.00
108.99235,-4.394,-1.324,0.00
109.00562,-4.394,-1.324,0.00
109.01624,-4.394,-1.324,0.00
109.03115,-4.394,-1.324,0.00
109.04700,-4.394,-1.324,0.00
109.06328,-4.394,-1.324,0.00
109.07369,-4.394,-1.324,0.00
109.08988,-4.394,-1.324,0.00
109.10341,-4.394,-1.324,0.00
109.11394,-4.394,-1.324,0.00
109.12415,-4.394,-1.324,0.00
109.15118,-4.394,-1.324,0.00
109.16315,-4.394,-1.324,0.00
109.17762,-4.394,-1.324,0.00
109.19084,-4.394,-1.324,0.00
109.20434,-4.394,-1.324,0.00
109.22478,-4.394,-1.324,0.00
109.23579,-4.394,-1.324,0.00
109.25037,-4.394,-1.324,0.00
109.26155,-4.394,-1.324,0.00
109.27725,-4.394,-1.324,0.00
109.28776,-4.394,-1.324,0.00
109.29868,-4.394,-1.324,0.00
109.31746,-4.394,-1.324,0.00
109.33975,-4.394,-1.324,0.00
109.44560,-4.394,-1.324,0.00
109.45658,-4.394,-1.324,0.00
109.46767,-4.394,-1.324,0.00
109.49101,-4.394,-1.324,0.00
109.50444,-4.394,-1.324,0.00
109.51988,-4.394,-1.324,0.00
109.53641,-4.394,-1.324,0.00
109.54861,-4.394,-1.324,0.00
109.55951,-4.394,-1.324,0.00
109.57698,-4.394,-1.324,0.00
109.59249,-4.394,-1.324,0.00
109.61699,-4.394,-1.324,0.00
109.62767,-4.394,-1.324,0.00
109.64435,-4.394,-1.324,0.00
109.66335,-4.394,-1.324,0.00
109.68203,-4.394,-1.324,0.00
109.69244,-4.394,-1.324,0.00
109.74977,-4.394,-1.324,0.00
109.80957,-4.394,-1.324,0.00
109.82448,0.000,-1.324,0.00
109.83481,0.000,0.000,0.00
109.84513,0.000,0.000,0.00
109.85546,0.000,0.000,0.00
109.86578,0.000,0.000,0.00
109.87611,0.000,0.000,0.00
109.88650,0.000,0.000,0.00
109.89671,0.000,0.000,0.00
109.90717,0.000,0.000,0.00
109.91756,0.000,0.000,0.00
109.92789,0.000,0.000,0.00
109.93886,0.000,0.000,0.00
109.94922,0.000,0.000,0.00
109.95943,0.000,0.000,0.00
109.96961,0.000,0.000,0.00
109.97977,0.000,0.000,0.00
109.99008,0.000,0.000,0.00
110.00088,0.000,0.000,0.00
110.01109,0.000,0.000,0.00
110.02128,0.000,0.000,0.00
110.03143,0.000,0.000,0.00
110.04172,0.000,0.000,0.00
110.05208,0.000,0.000,0.00
110.06249,0.000,0.000,0.00
110.07286,0.000,0.000,0.00
110.08318,0.000,0.000,0.00
110.09352,0.000,0.000,0.00
110.10383,0.000,0.000,0.00
110.11416,0.000,0.000,0.00
110.12435,0.000,0.000,0.00
110.13452,0.000,0.000,0.00
110.14468,0.000,0.000,0.00
110.15484,0.000,0.000,0.00
110.16501,0.000,0.000,0.00
110.17516,0.000,0.000,0.00
110.18532,0.000,0.000,0.00
110.19549,0.000,0.000,0.00
110.20565,0.000,0.000,0.00
110.21582,0.000,0.000,0.00
110.22599,0.000,0.000,0.00
110.23615,0.000,0.000,0.00
110.24641,0.000,0.000,0.00
110.25658,0.000,0.000,0.00
110.26674,0.000,0.000,0.00
110.27691,0.000,0.000,0.00
110.28707,0.000,0.000,0.00
110.29728,0.000,0.000,0.00
110.30762,0.000,0.000,0.00
110.31779,0.000,0.000,0.00
110.32798,0.000,0.000,0.00
110.33828,0.000,0.000,0.00
110.34843,0.000,0.000,0.00
110.35894,0.000,0.000,0.00
110.36926,0.000,0.000,0.00
110.37971,0.000,0.000,0.00
110.39001,0.000,0.000,0.00
110.40032,0.000,0.000,0.00
110.41070,0.000,0.000,0.00
110.42102,0.000,0.000,0.00
110.43135,0.000,0.000,0.00
110.44171,0.000,0.000,0.00
110.45204,0.000,0.000,0.00
110.46238,0.000,0.000,0.00
110.47261,0.000,0.000,0.00
110.48301,0.000,0.000,0.00
110.49337,0.000,0.000,0.00
110.50412,0.000,0.000,0.00
110.51441,0.000,0.000,0.00
110.52471,0.000,0.000,0.00
110.53506,0.000,0.000,0.00
110.54541,0.000,0.000,0.00
110.55578,0.000,0.000,0.00
110.56594,0.000,0.000,0.00
110.57630,0.000,0.000,0.00
110.58654,0.000,0.000,0.00
110.59674,0.000,0.000,0.00
110.60690,0.000,0.000,0.00
110.61705,0.000,0.000,0.00
110.62721,0.000,0.000,0.00
110.63736,0.000,0.000,0.00
110.64762,0.000,0.000,0.00
110.65794,0.000,0.000,0.00
110.66810,0.000,0.000,0.00
110.67825,0.000,0.000,0.00
110.68855,0.000,0.000,0.00
110.69874,0.000,0.000,0.00
110.70894,0.000,0.000,0.00
110.71909,0.000,0.000,0.00
110.72924,0.000,0.000,0.00
110.73944,0.000,0.000,0.00
110.74964,0.000,0.000,0.00
110.75995,0.000,0.000,0.00
110.77011,0.000,0.000,0.00
110.78026,0.000,0.000,0.00
110.79056,0.000,0.000,0.00
110.80070,0.000,0.000,0.00
110.81151,0.000,0.000,0.00
110.82166,0.000,0.000,0.00
110.83185,0.000,0.000,0.00
110.84422,0.000,0.000,0.00
110.85449,0.000,0.000,0.00
110.86463,0.000,0.000,0.00
110.87481,0.000,0.000,0.00
110.88496,0.000,0.000,0.00
110.89512,0.000,0.000,0.00
110.90528,0.000,0.000,0.00
110.91542,0.000,0.000,0.00
110.92558,0.000,0.000,0.00
110.93573,0.000,0.000,0.00
110.94598,0.000,0.000,0.00
110.95629,0.000,0.000,0.00
110.96644,0.000,0.000,0.00
110.97659,0.000,0.000,0.00
110.98674,0.000,0.000,0.00
110.99687,0.000,0.000,0.00
111.00703,0.000,0.000,0.00
111.01729,0.000,0.000,0.00
111.02745,0.000,0.000,0.00
111.03760,0.000,0.000,0.00
111.04775,0.000,0.000,0.00
111.05791,0.000,0.000,0.00
111.06807,0.000,0.000,0.00
111.07830,0.000,0.000,0.00
111.08863,0.000,0.000,0.00
111.09894,0.000,0.000,0.00
111.10926,0.000,0.000,0.00
111.12178,0.000,0.000,0.00
111.13199,0.000,0.000,0.00
111.14216,0.000,0.000,0.00
111.15236,0.000,0.000,0.00
111.16258,0.000,0.000,0.00
111.17274,0.000,0.000,0.00
111.18290,0.000,0.000,0.00
111.19304,0.000,0.000,0.00
111.20319,0.000,0.000,0.00
111.21335,0.000,0.000,0.00
111.22351,0.000,0.000,0.00
111.23371,0.000,0.000,0.00
111.24387,0.000,0.000,0.00
111.25403,0.000,0.000,0.00
111.26418,0.000,0.000,0.00
111.27442,0.000,0.000,0.00
111.28457,0.000,0.000,0.00
111.29490,0.000,0.000,0.00
111.30504,0.000,0.000,0.00
111.31519,0.000,0.000,0.00
111.32535,0.000,0.000,0.00
111.33550,0.000,0.000,0.00
111.34565,0.000,0.000,0.00
111.35595,0.000,0.000,0.00
111.36627,0.000,0.000,0.00
111.37641,0.000,0.000,0.00
111.38739,0.000,0.000,0.00
111.39826,0.000,0.000,0.00
111.40855,0.000,0.000,0.00
111.41881,0.000,0.000,0.00
111.42896,0.000,0.000,0.00
111.43910,0.000,0.000,0.00
111.44924,0.000,0.000,0.00
111.45939,0.000,0.000,0.00
111.46953,0.000,0.000,0.00
111.47968,0.000,0.000,0.00
111.48984,0.000,0.000,0.00
111.50000,0.000,0.000,0.00
111.51016,0.000,0.000,0.00
111.52032,0.000,0.000,0.00
111.53049,0.000,0.000,0.00
111.54066,0.000,0.000,0.00
111.55082,0.000,0.000,0.00
111.56099,0.000,0.000,0.00
111.57131,0.000,0.000,0.00
111.58147,0.000,0.000,0.00
111.59163,0.000,0.000,0.00
111.60178,0.000,0.000,0.00
111.61194,0.000,0.000,0.00
111.62208,0.000,0.000,0.00
111.63247,0.000,0.000,0.00
111.64264,0.000,0.000,0.00
111.65296,0.000,0.000,0.00
111.66319,0.000,0.000,0.00
111.67335,0.000,0.000,0.00
111.68364,0.000,0.000,0.00
111.69390,0.000,0.000,0.00
111.70419,0.000,0.000,0.00
111.71442,0.000,0.000,0.00
111.72458,0.000,0.000,0.00
111.73474,0.000,0.000,0.00
111.74510,0.000,0.000,0.00
111.75544,0.000,0.000,0.00
111.76602,0.000,0.000,0.00
111.77627,0.000,0.000,0.00
111.78643,0.000,0.000,0.00
111.79658,0.000,0.000,0.00
111.80674,0.000,0.000,0.00
111.81690,0.000,0.000,0.00
111.82707,0.000,0.000,0.00
111.83724,0.000,0.000,0.00
111.84741,0.000,0.000,0.00
111.85757,0.000,0.000,0.00
111.86774,0.000,0.000,0.00
111.87790,0.000,0.000,0.00
111.88805,0.000,0.000,0.00
111.89821,0.000,0.000,0.00
111.90837,0.000,0.000,0.00
111.91853,0.000,0.000,0.00
111.92870,0.000,0.000,0.00
111.93888,0.000,0.000,0.00
111.94904,0.000,0.000,0.00
111.95919,0.000,0.000,0.00
111.96934,0.000,0.000,0.00
111.97950,0.000,0.000,0.00
111.98973,0.000,0.000,0.00
112.00005,0.000,0.000,0.00
112.01050,0.000,0.000,0.00
112.02074,0.000,0.000,0.00
112.03106,0.000,0.000,0.00
112.04151,0.000,0.000,0.00
112.05169,0.000,0.000,0.00
112.06184,0.000,0.000,0.00
112.07199,0.000,0.000,0.00
112.08214,0.000,0.000,0.00
112.09232,0.000,0.000,0.00
112.10261,0.000,0.000,0.00
112.11285,0.000,0.000,0.00
112.12340,0.000,0.000,0.00
112.13370,0.000,0.000,0.00
112.14423,0.000,0.000,0.00
112.15462,0.000,0.000,0.00
112.16480,0.000,0.000,0.00
112.17522,0.000,0.000,0.00
112.18575,0.000,0.000,0.00
112.19608,0.000,0.000,0.00
112.20655,0.000,0.000,0.00
112.21682,0.000,0.000,0.00
112.22717,0.000,0.000,0.00
112.23749,0.000,0.000,0.00
112.24779,0.000,0.000,0.00
112.25812,0.000,0.000,0.00
112.26844,0.000,0.000,0.00
112.27871,0.000,0.000,0.00
112.28884,0.000,0.000,0.00
112.29935,0.000,0.000,0.00
112.30951,0.000,0.000,0.00
112.31993,0.000,0.000,0.00
112.33023,0.000,0.000,0.00
112.34060,0.000,0.000,0.00
112.35093,0.000,0.000,0.00
112.36131,0.000,0.000,0.00
112.37164,0.000,0.000,0.00
112.38258,0.000,0.000,0.00
112.39274,0.000,0.000,0.00
112.40289,0.000,0.000,0.00
112.41305,0.000,0.000,0.00
112.42322,0.000,0.000,0.00
112.43339,0.000,0.000,0.00
112.44356,0.000,0.000,0.00
112.45372,0.000,0.000,0.00
112.46388,0.000,0.000,0.00
112.47404,0.000,0.000,0.00
112.48431,0.000,0.000,0.00
112.49475,0.000,0.000,0.00
112.50493,0.000,0.000,0.00
112.51509,0.000,0.000,0.00
112.52526,0.000,0.000,0.00
112.53542,0.000,0.000,0.00
112.54558,0.000,0.000,0.00
112.55574,0.000,0.000,0.00
112.56591,0.000,0.000,0.00
112.57607,0.000,0.000,0.00
112.58624,0.000,0.000,0.00
112.59640,0.000,0.000,0.00
112.60655,0.000,0.000,0.00
112.61673,0.000,0.000,0.00
112.62687,0.000,0.000,0.00
112.63703,0.000,0.000,0.00
112.64720,0.000,0.000,0.00
112.65752,0.000,0.000,0.00
112.66789,0.000,0.000,0.00
112.67805,0.000,0.000,0.00
112.68828,0.000,0.000,0.00
112.69844,0.000,0.000,0.00
112.70861,0.000,0.000,0.00
112.71876,0.000,0.000,0.00
112.72892,0.000,0.000,0.00
112.73907,0.000,0.000,0.00
112.74922,0.000,0.000,0.00
112.75937,0.000,0.000,0.00
112.76952,0.000,0.000,0.00
112.77968,0.000,0.000,0.00
112.78997,0.000,0.000,0.00
112.80038,0.000,0.000,0.00
112.81056,0.000,0.000,0.00
112.82083,0.000,0.000,0.00
112.83099,0.000,0.000,0.00
112.84120,0.000,0.000,0.00
112.85136,0.000,0.000,0.00
112.86152,0.000,0.000,0.00
112.87166,0.000,0.000,0.00
112.88181,0.000,0.000,0.00
112.89202,0.000,0.000,0.00
112.90218,0.000,0.000,0.00
112.91232,0.000,0.000,0.00
112.92247,0.000,0.000,0.00
112.93262,0.000,0.000,0.00
112.94292,0.000,0.000,0.00
112.95325,0.000,0.000,0.00
112.96360,0.000,0.000,0.00
112.97396,0.000,0.000,0.00
112.98435,0.000,0.000,0.00
112.99467,0.000,0.000,0.00
113.00502,0.000,0.000,0.00
113.01534,0.000,0.000,0.00
113.02568,0.000,0.000,0.00
113.03606,0.000,0.000,0.00
113.04651,0.000,0.000,0.00
113.05685,0.000,0.000,0.00
113.06719,0.000,0.000,0.00
113.07753,0.000,0.000,0.00
113.08794,0.000,0.000,0.00
113.09810,0.000,0.000,0.00
113.10827,0.000,0.000,0.00
113.11843,0.000,0.000,0.00
113.12859,0.000,0.000,0.00
113.13874,0.000,0.000,0.00
113.14889,0.000,0.000,0.00
113.15905,0.000,0.000,0.00
113.16936,0.000,0.000,0.00
113.17965,0.000,0.000,0.00
113.18999,0.000,0.000,0.00
113.20015,0.000,0.000,0.00
113.21041,0.000,0.000,0.00
113.22059,0.000,0.000,0.00
113.23076,0.000,0.000,0.00
113.24097,0.000,0.000,0.00
113.25119,0.000,0.000,0.00
113.26135,0.000,0.000,0.00
113.27156,0.000,0.000,0.00
113.28172,0.000,0.000,0.00
113.29187,0.000,0.000,0.00
113.30204,0.000,0.000,0.00
113.31218,0.000,0.000,0.00
113.32242,0.000,0.000,0.00
113.33264,0.000,0.000,0.00
113.34316,0.000,0.000,0.00
113.35388,0.000,0.000,0.00
113.36408,0.000,0.000,0.00
113.37454,0.000,0.000,0.00
113.38470,0.000,0.000,0.00
113.39487,0.000,0.000,0.00
113.40503,0.000,0.000,0.00
113.41519,0.000,0.000,0.00
113.42670,0.000,0.000,0.00
113.43706,0.000,0.000,0.00
113.44721,0.000,0.000,0.00
113.45791,0.000,0.000,0.00
113.46810,0.000,0.000,0.00
113.47826,0.000,0.000,0.00
113.48851,0.000,0.000,0.00
113.49874,0.000,0.000,0.00
113.50891,0.000,0.000,0.00
113.51910,0.000,0.000,0.00
113.52924,0.000,0.000,0.00
113.53948,0.000,0.000,0.00
113.54971,0.000,0.000,0.00
113.55996,0.000,0.000,0.00
113.57013,0.000,0.000,0.00
113.58048,0.000,0.000,0.00
113.59069,0.000,0.000,0.00
113.60098,0.000,0.000,0.00
113.61113,0.000,0.000,0.00
113.62128,0.000,0.000,0.00
113.63150,0.000,0.000,0.00
113.64165,0.000,0.000,0.00
113.65181,0.000,0.000,0.00
113.66196,0.000,0.000,0.00
113.67220,0.000,0.000,0.00
113.68241,0.000,0.000,0.00
113.69284,0.000,0.000,0.00
113.70301,0.000,0.000,0.00
113.71330,0.000,0.000,0.00
113.72356,0.000,0.000,0.00
113.73404,0.000,0.000,0.00
113.74452,0.000,0.000,0.00
113.75468,0.000,0.000,0.00
113.76503,0.000,0.000,0.00
113.77553,0.000,0.000,0.00
113.78585,0.000,0.000,0.00
113.79669,0.000,0.000,0.00
113.80711,0.000,0.000,0.00
113.81752,0.000,0.000,0.00
113.82789,0.000,0.000,0.00
113.83856,0.000,0.000,0.00
113.84881,0.000,0.000,0.00
113.85913,0.000,0.000,0.00
113.86939,0.000,0.000,0.00
113.87958,0.000,0.000,0.00
113.88981,0.000,0.000,0.00
113.90096,0.000,0.000,0.00
113.91115,0.000,0.000,0.00
113.92131,0.000,0.000,0.00
113.93149,0.000,0.000,0.00
113.94165,0.000,0.000,0.00
113.95178,0.000,0.000,0.00
113.96201,0.000,0.000,0.00
113.97227,0.000,0.000,0.00
113.98245,0.000,0.000,0.00
113.99276,0.000,0.000,0.00
114.00292,0.000,0.000,0.00
114.01307,0.000,0.000,0.00
114.02330,0.000,0.000,0.00
114.03411,0.000,0.000,0.00
114.04427,0.000,0.000,0.00
114.05464,0.000,0.000,0.00
114.06536,0.000,0.000,0.00
114.07565,0.000,0.000,0.00
114.08589,0.000,0.000,0.00
114.09630,0.000,0.000,0.00
114.10648,0.000,0.000,0.00
114.11663,0.000,0.000,0.00
114.12679,0.000,0.000,0.00
114.13697,0.000,0.000,0.00
114.14712,0.000,0.000,0.00
114.15728,0.000,0.000,0.00
114.16757,0.000,0.000,0.00
114.17774,0.000,0.000,0.00
114.18790,0.000,0.000,0.00
114.19804,0.000,0.000,0.00
114.20820,0.000,0.000,0.00
114.21845,0.000,0.000,0.00
114.22860,0.000,0.000,0.00
114.23880,0.000,0.000,0.00
114.24894,0.000,0.000,0.00
114.25929,0.000,0.000,0.00
114.26961,0.000,0.000,0.00
114.27992,0.000,0.000,0.00
114.29024,0.000,0.000,0.00
114.30049,0.000,0.000,0.00
114.31066,0.000,0.000,0.00
114.32089,0.000,0.000,0.00
114.33222,0.000,0.000,0.00
114.34241,0.000,0.000,0.00
114.35256,0.000,0.000,0.00
114.36271,0.000,0.000,0.00
114.37285,0.000,0.000,0.00
114.38299,0.000,0.000,0.00
114.39315,0.000,0.000,0.00
114.40331,0.000,0.000,0.00
114.41345,0.000,0.000,0.00
114.42359,0.000,0.000,0.00
114.43373,0.000,0.000,0.00
114.44424,0.000,0.000,0.00
114.45509,0.000,0.000,0.00
114.46523,0.000,0.000,0.00
114.47539,0.000,0.000,0.00
114.48554,0.000,0.000,0.00
114.49570,0.000,0.000,0.00
114.50586,0.000,0.000,0.00
114.51668,0.000,0.000,0.00
114.52733,0.000,0.000,0.00
114.53753,0.000,0.000,0.00
114.54787,0.000,0.000,0.00
114.55845,0.000,0.000,0.00
114.56860,0.000,0.000,0.00
114.57919,0.000,0.000,0.00
114.58937,0.000,0.000,0.00
114.59970,0.000,0.000,0.00
114.61004,0.000,0.000,0.00
114.62054,0.000,0.000,0.00
114.63087,0.000,0.000,0.00
114.64121,0.000,0.000,0.00
114.65140,0.000,0.000,0.00
114.66156,0.000,0.000,0.00
114.67172,0.000,0.000,0.00
114.68190,0.000,0.000,0.00
114.69260,0.000,0.000,0.00
114.70268,0.000,0.000,0.00
114.71283,0.000,0.000,0.00
114.72299,0.000,0.000,0.00
114.73316,0.000,0.000,0.00
114.74331,0.000,0.000,0.00
114.75346,0.000,0.000,0.00
114.76366,0.000,0.000,0.00
114.77389,0.000,0.000,0.00
114.78405,0.000,0.000,0.00
114.79450,0.000,0.000,0.00
114.80441,0.000,0.000,0.00
114.81493,0.000,0.000,0.00
114.82548,0.000,0.000,0.00
114.83600,0.000,0.000,0.00
114.84617,0.000,0.000,0.00
114.85656,0.000,0.000,0.00
114.86688,0.000,0.000,0.00
114.87741,0.000,0.000,0.00
114.88768,0.000,0.000,0.00
114.89784,0.000,0.000,0.00
114.90799,0.000,0.000,0.00
114.91819,0.000,0.000,0.00
114.92834,0.000,0.000,0.00
114.93856,0.000,0.000,0.00
114.94888,0.000,0.000,0.00
114.95903,0.000,0.000,0.00
114.96919,0.000,0.000,0.00
114.97946,0.000,0.000,0.00
114.98986,0.000,0.000,0.00
115.00009,0.000,0.000,0.00
115.01029,0.000,0.000,0.00
115.02043,0.000,0.000,0.00
115.03058,0.000,0.000,0.00
115.04074,0.000,0.000,0.00
115.05090,0.000,0.000,0.00
115.06106,0.000,0.000,0.00
115.07122,0.000,0.000,0.00
115.08141,0.000,0.000,0.00
115.09161,0.000,0.000,0.00
115.10176,0.000,0.000,0.00
115.11193,0.000,0.000,0.00
115.12208,0.000,0.000,0.00
115.13241,0.000,0.000,0.00
115.14274,0.000,0.000,0.00
115.15306,0.000,0.000,0.00
115.16366,0.000,0.000,0.00
115.17390,0.000,0.000,0.00
115.18407,0.000,0.000,0.00
115.19942,0.000,0.000,0.00
115.20992,0.000,0.000,0.00
115.22018,0.000,0.000,0.00
115.23044,0.000,0.000,0.00
115.24064,0.000,0.000,0.00
115.25081,0.000,0.000,0.00
115.26096,0.000,0.000,0.00
115.27112,0.000,0.000,0.00
115.28177,0.000,0.000,0.00
115.29200,0.000,0.000,0.00
115.30257,0.000,0.000,0.00
115.31273,0.000,0.000,0.00
115.32288,0.000,0.000,0.00
115.33304,0.000,0.000,0.00
115.34320,0.000,0.000,0.00
115.35340,0.000,0.000,0.00
115.36356,0.000,0.000,0.00
115.37372,0.000,0.000,0.00
115.38401,0.000,0.000,0.00
115.39522,0.000,0.000,0.00
115.40537,0.000,0.000,0.00
115.41580,0.000,0.000,0.00
115.42596,0.000,0.000,0.00
115.43611,0.000,0.000,0.00
115.44627,0.000,0.000,0.00
115.45643,0.000,0.000,0.00
115.46659,0.000,0.000,0.00
115.47683,0.000,0.000,0.00
115.48725,0.000,0.000,0.00
115.49825,0.000,0.000,0.00
115.50860,0.000,0.000,0.00
115.51946,0.000,0.000,0.00
115.52964,0.000,0.000,0.00
115.53979,0.000,0.000,0.00
115.55018,0.000,0.000,0.00
115.56055,0.000,0.000,0.00
115.57071,0.000,0.000,0.00
115.58087,0.000,0.000,0.00
115.59103,0.000,0.000,0.00
115.60119,0.000,0.000,0.00
115.61151,0.000,0.000,0.00
115.62167,0.000,0.000,0.00
115.63182,0.000,0.000,0.00
115.64198,0.000,0.000,0.00
115.65213,0.000,0.000,0.00
115.66229,0.000,0.000,0.00
115.67247,0.000,0.000,0.00
115.68264,0.000,0.000,0.00
115.69292,0.000,0.000,0.00
115.70308,0.000,0.000,0.00
115.71323,0.000,0.000,0.00
115.72342,0.000,0.000,0.00
115.73406,0.000,0.000,0.00
115.74423,0.000,0.000,0.00
115.75444,0.000,0.000,0.00
115.76462,0.000,0.000,0.00
115.77479,0.000,0.000,0.00
115.78494,0.000,0.000,0.00
115.79527,0.000,0.000,0.00
115.80556,0.000,0.000,0.00
115.81594,0.000,0.000,0.00
115.82609,0.000,0.000,0.00
115.83627,0.000,0.000,0.00
115.84648,0.000,0.000,0.00
115.85663,0.000,0.000,0.00
115.86678,0.000,0.000,0.00
115.87693,0.000,0.000,0.00
115.88709,0.000,0.000,0.00
115.89724,0.000,0.000,0.00
115.90739,0.000,0.000,0.00
115.91760,0.000,0.000,0.00
115.92777,0.000,0.000,0.00
115.93792,0.000,0.000,0.00
115.94807,0.000,0.000,0.00
115.95829,0.000,0.000,0.00
115.96845,0.000,0.000,0.00
115.97860,0.000,0.000,0.00
115.98876,0.000,0.000,0.00
115.99914,0.000,0.000,0.00
116.00950,0.000,0.000,0.00
116.01967,0.000,0.000,0.00
116.02983,0.000,0.000,0.00
116.03999,0.000,0.000,0.00
116.05016,0.000,0.000,0.00
116.06061,0.000,0.000,0.00
116.07083,0.000,0.000,0.00
116.08099,0.000,0.000,0.00
116.09117,0.000,0.000,0.00
116.10135,0.000,0.000,0.00
116.11151,0.000,0.000,0.00
116.12167,0.000,0.000,0.00
116.13186,0.000,0.000,0.00
116.14201,0.000,0.000,0.00
116.15226,0.000,0.000,0.00
116.16243,0.000,0.000,0.00
116.17264,0.000,0.000,0.00
116.18299,0.000,0.000,0.00
116.19359,0.000,0.000,0.00
116.20398,0.000,0.000,0.00
116.21417,0.000,0.000,0.00
116.22433,0.000,0.000,0.00
116.23473,0.000,0.000,0.00
116.24505,0.000,0.000,0.00
116.25539,0.000,0.000,0.00
116.26572,0.000,0.000,0.00
116.27603,0.000,0.000,0.00
116.28645,0.000,0.000,0.00
116.29655,0.000,0.000,0.00
116.30671,0.000,0.000,0.00
116.31687,0.000,0.000,0.00
116.32724,0.000,0.000,0.00
116.33740,0.000,0.000,0.00
116.34756,0.000,0.000,0.00
116.35772,0.000,0.000,0.00
116.36788,0.000,0.000,0.00
116.37803,0.000,0.000,0.00
116.38826,0.000,0.000,0.00
116.39902,0.000,0.000,0.00
116.40980,0.000,0.000,0.00
116.42003,0.000,0.000,0.00
116.43022,0.000,0.000,0.00
116.44039,0.000,0.000,0.00
116.45054,0.000,0.000,0.00
116.46074,0.000,0.000,0.00
116.47089,0.000,0.000,0.00
116.48152,0.000,0.000,0.00
116.49167,0.000,0.000,0.00
116.50193,0.000,0.000,0.00
116.51225,0.000,0.000,0.00
116.52245,0.000,0.000,0.00
116.53263,0.000,0.000,0.00
116.54280,0.000,0.000,0.00
116.55295,0.000,0.000,0.00
116.56313,0.000,0.000,0.00
116.57353,0.000,0.000,0.00
116.58375,0.000,0.000,0.00
116.59389,0.000,0.000,0.00
116.60404,0.000,0.000,0.00
116.61421,0.000,0.000,0.00
116.62436,0.000,0.000,0.00
116.63452,0.000,0.000,0.00
116.64469,0.000,0.000,0.00
116.65485,0.000,0.000,0.00
116.66549,0.000,0.000,0.00
116.67569,0.000,0.000,0.00
116.68594,0.000,0.000,0.00
116.69611,0.000,0.000,0.00
116.70627,0.000,0.000,0.00
116.71663,0.000,0.000,0.00
116.72703,0.000,0.000,0.00
116.73719,0.000,0.000,0.00
116.74737,0.000,0.000,0.00
116.75756,0.000,0.000,0.00
116.76776,0.000,0.000,0.00
116.77792,0.000,0.000,0.00
116.78807,0.000,0.000,0.00
116.79823,0.000,0.000,0.00
116.80847,0.000,0.000,0.00
116.81862,0.000,0.000,0.00
116.82886,0.000,0.000,0.00
116.83930,0.000,0.000,0.00
116.84951,0.000,0.000,0.00
116.85967,0.000,0.000,0.00
116.86994,0.000,0.000,0.00
116.88005,0.000,0.000,0.00
116.89022,0.000,0.000,0.00
116.90048,0.000,0.000,0.00
116.91138,0.000,0.000,0.00
116.92168,0.000,0.000,0.00
116.93270,0.000,0.000,0.00
116.94287,0.000,0.000,0.00
116.95305,0.000,0.000,0.00
116.96320,0.000,0.000,0.00
116.97342,0.000,0.000,0.00
116.98371,0.000,0.000,0.00
116.99403,0.000,0.000,0.00
117.00440,0.000,0.000,0.00
117.01478,0.000,0.000,0.00
117.02512,0.000,0.000,0.00
117.03528,0.000,0.000,0.00
117.04545,0.000,0.000,0.00
117.05561,0.000,0.000,0.00
117.06578,0.000,0.000,0.00
117.07604,0.000,0.000,0.00
117.08647,0.000,0.000,0.00
117.09662,0.000,0.000,0.00
117.10678,0.000,0.000,0.00
117.11693,0.000,0.000,0.00
117.12708,0.000,0.000,0.00
117.13726,0.000,0.000,0.00
117.14740,0.000,0.000,0.00
117.15755,0.000,0.000,0.00
117.16769,0.000,0.000,0.00
117.17900,0.000,0.000,0.00
117.18937,0.000,0.000,0.00
117.19953,0.000,0.000,0.00
117.20993,0.000,0.000,0.00
117.22005,0.000,0.000,0.00
117.23026,0.000,0.000,0.00
117.24077,0.000,0.000,0.00
117.25109,0.000,0.000,0.00
117.26134,0.000,0.000,0.00
117.27151,0.000,0.000,0.00
117.28166,0.000,0.000,0.00
117.29182,0.000,0.000,0.00
117.30198,0.000,0.000,0.00
117.31233,0.000,0.000,0.00
117.32256,0.000,0.000,0.00
117.33273,0.000,0.000,0.00
117.34305,0.000,0.000,0.00
117.35338,0.000,0.000,0.00
117.36373,0.000,0.000,0.00
117.37407,0.000,0.000,0.00
117.38441,0.000,0.000,0.00
117.39532,0.000,0.000,0.00
117.40548,0.000,0.000,0.00
117.41686,0.000,0.000,0.00
117.42702,0.000,0.000,0.00
117.43720,0.000,0.000,0.00
117.44742,0.000,0.000,0.00
117.45766,0.000,0.000,0.00
117.46789,0.000,0.000,0.00
117.47805,0.000,0.000,0.00
117.48829,0.000,0.000,0.00
117.49866,0.000,0.000,0.00
117.50871,0.000,0.000,0.00
117.52038,0.000,0.000,0.00
117.53067,0.000,0.000,0.00
117.54096,0.000,0.000,0.00
117.55113,0.000,0.000,0.00
117.56137,0.000,0.000,0.00
117.57164,0.000,0.000,0.00
117.58172,0.000,0.000,0.00
117.59218,0.000,0.000,0.00
117.60265,0.000,0.000,0.00
117.61293,0.000,0.000,0.00
117.62313,0.000,0.000,0.00
117.63329,0.000,0.000,0.00
117.64344,0.000,0.000,0.00
117.65365,0.000,0.000,0.00
117.66381,0.000,0.000,0.00
117.67395,0.000,0.000,0.00
117.68417,0.000,0.000,0.00
117.69441,0.000,0.000,0.00
117.70456,0.000,0.000,0.00
117.71471,0.000,0.000,0.00
117.72488,0.000,0.000,0.00
117.73544,0.000,0.000,0.00
117.74565,0.000,0.000,0.00
117.75583,0.000,0.000,0.00
117.76601,0.000,0.000,0.00
117.77617,0.000,0.000,0.00
117.78642,0.000,0.000,0.00
117.79658,0.000,0.000,0.00
117.80673,0.000,0.000,0.00
117.81706,0.000,0.000,0.00
117.82742,0.000,0.000,0.00
117.83758,0.000,0.000,0.00
117.84772,0.000,0.000,0.00
117.85787,0.000,0.000,0.00
117.86811,0.000,0.000,0.00
117.87941,0.000,0.000,0.00
117.88955,0.000,0.000,0.00
117.89997,0.000,0.000,0.00
117.91060,0.000,0.000,0.00
117.92101,0.000,0.000,0.00
117.93396,0.000,0.000,0.00
117.94429,0.000,0.000,0.00
117.95473,0.000,0.000,0.00
117.96498,0.000,0.000,0.00
117.97520,0.000,0.000,0.00
117.98534,0.000,0.000,0.00
117.99550,0.000,0.000,0.00
118.00651,0.000,0.000,0.00
118.01667,0.000,0.000,0.00
118.02683,0.000,0.000,0.00
118.03699,0.000,0.000,0.00
118.04716,0.000,0.000,0.00
118.05735,0.000,0.000,0.00
118.06751,0.000,0.000,0.00
118.07808,0.000,0.000,0.00
118.08840,0.000,0.000,0.00
118.09989,0.000,0.000,0.00
118.11012,0.000,0.000,0.00
118.12044,0.000,0.000,0.00
118.13103,0.000,0.000,0.00
118.14142,0.000,0.000,0.00
118.15201,0.000,0.000,0.00
118.16268,0.000,0.000,0.00
118.17294,0.000,0.000,0.00
118.18329,0.000,0.000,0.00
118.19357,0.000,0.000,0.00
118.20392,0.000,0.000,0.00
118.21425,0.000,0.000,0.00
118.22459,0.000,0.000,0.00
118.23496,0.000,0.000,0.00
118.24557,0.000,0.000,0.00
118.25607,0.000,0.000,0.00
118.26623,0.000,0.000,0.00
118.27653,0.000,0.000,0.00
118.28670,0.000,0.000,0.00
118.29688,0.000,0.000,0.00
118.30715,0.000,0.000,0.00
118.31744,0.000,0.000,0.00
118.32761,0.000,0.000,0.00
118.33777,0.000,0.000,0.00
118.34793,0.000,0.000,0.00
118.35820,0.000,0.000,0.00
118.36855,0.000,0.000,0.00
118.37872,0.000,0.000,0.00
118.38898,0.000,0.000,0.00
118.39922,0.000,0.000,0.00
118.40950,0.000,0.000,0.00
118.41990,0.000,0.000,0.00
118.43153,0.000,0.000,0.00
118.44167,0.000,0.000,0.00
118.45181,0.000,0.000,0.00
118.46197,0.000,0.000,0.00
118.47220,0.000,0.000,0.00
118.48242,0.000,0.000,0.00
118.49281,0.000,0.000,0.00
118.50300,0.000,0.000,0.00
118.51333,0.000,0.000,0.00
118.52362,0.000,0.000,0.00
118.53394,0.000,0.000,0.00
118.54438,0.000,0.000,0.00
118.55453,0.000,0.000,0.00
118.56468,0.000,0.000,0.00
118.57484,0.000,0.000,0.00
118.58506,0.000,0.000,0.00
118.59522,0.000,0.000,0.00
118.60539,0.000,0.000,0.00
118.61560,0.000,0.000,0.00
118.62579,0.000,0.000,0.00
118.63617,0.000,0.000,0.00
118.64656,0.000,0.000,0.00
118.65682,0.000,0.000,0.00
118.66707,0.000,0.000,0.00
118.67732,0.000,0.000,0.00
118.68755,0.000,0.000,0.00
118.69770,0.000,0.000,0.00
118.70786,0.000,0.000,0.00
118.71823,0.000,0.000,0.00
118.72850,0.000,0.000,0.00
118.73865,0.000,0.000,0.00
118.74881,0.000,0.000,0.00
118.75901,0.000,0.000,0.00
118.76918,0.000,0.000,0.00
118.77935,0.000,0.000,0.00
118.78964,0.000,0.000,0.00
118.79990,0.000,0.000,0.00
118.81013,0.000,0.000,0.00
118.82029,0.000,0.000,0.00
118.83063,0.000,0.000,0.00
118.84121,0.000,0.000,0.00
118.85141,0.000,0.000,0.00
118.86157,0.000,0.000,0.00
118.87173,0.000,0.000,0.00
118.88205,0.000,0.000,0.00
118.89225,0.000,0.000,0.00
118.90247,0.000,0.000,0.00
118.91264,0.000,0.000,0.00
118.92279,0.000,0.000,0.00
118.93296,0.000,0.000,0.00
118.94329,0.000,0.000,0.00
118.95368,0.000,0.000,0.00
118.96401,0.000,0.000,0.00
118.97425,0.000,0.000,0.00
118.98441,0.000,0.000,0.00
118.99462,0.000,0.000,0.00
119.00482,0.000,0.000,0.00
119.01520,0.000,0.000,0.00
119.02538,0.000,0.000,0.00
119.03553,0.000,0.000,0.00
119.04569,0.000,0.000,0.00
119.05615,0.000,0.000,0.00
119.06648,0.000,0.000,0.00
119.07680,0.000,0.000,0.00
119.08696,0.000,0.000,0.00
119.09713,0.000,0.000,0.00
119.10729,0.000,0.000,0.00
119.11795,0.000,0.000,0.00
119.12814,0.000,0.000,0.00
119.13830,0.000,0.000,0.00
119.14846,0.000,0.000,0.00
119.15954,0.000,0.000,0.00
119.16974,0.000,0.000,0.00
119.17990,0.000,0.000,0.00
119.19052,0.000,0.000,0.00
119.20069,0.000,0.000,0.00
119.21133,0.000,0.000,0.00
119.22149,0.000,0.000,0.00
119.23204,0.000,0.000,0.00
119.24220,0.000,0.000,0.00
119.25242,0.000,0.000,0.00
119.26266,0.000,0.000,0.00
119.27282,0.000,0.000,0.00
119.28314,0.000,0.000,0.00
119.29330,0.000,0.000,0.00
119.30346,0.000,0.000,0.00
119.31374,0.000,0.000,0.00
119.32399,0.000,0.000,0.00
119.33415,0.000,0.000,0.00
119.34439,0.000,0.000,0.00
119.35454,0.000,0.000,0.00
119.36469,0.000,0.000,0.00
119.37484,0.000,0.000,0.00
119.38505,0.000,0.000,0.00
119.39526,0.000,0.000,0.00
119.40542,0.000,0.000,0.00
119.41600,0.000,0.000,0.00
119.42645,0.000,0.000,0.00
119.43670,0.000,0.000,0.00
119.44676,0.000,0.000,0.00
119.45690,0.000,0.000,0.00
119.46710,0.000,0.000,0.00
119.47732,0.000,0.000,0.00
119.48757,0.000,0.000,0.00
119.49798,0.000,0.000,0.00
119.50811,0.000,0.000,0.00
119.51827,0.000,0.000,0.00
119.52850,0.000,0.000,0.00
119.53880,0.000,0.000,0.00
119.54932,0.000,0.000,0.00
119.55958,0.000,0.000,0.00
119.56992,0.000,0.000,0.00
119.58072,0.000,0.000,0.00
119.59095,0.000,0.000,0.00
119.60111,0.000,0.000,0.00
119.61150,0.000,0.000,0.00
119.62183,0.000,0.000,0.00
119.63238,0.000,0.000,0.00
119.64247,0.000,0.000,0.00
119.65273,0.000,0.000,0.00
119.66289,0.000,0.000,0.00
119.67306,0.000,0.000,0.00
119.68333,0.000,0.000,0.00
119.69366,0.000,0.000,0.00
119.70401,0.000,0.000,0.00
119.71439,0.000,0.000,0.00
119.72456,0.000,0.000,0.00
119.73471,0.000,0.000,0.00
119.74487,0.000,0.000,0.00
119.75502,0.000,0.000,0.00
119.76518,0.000,0.000,0.00
119.77533,0.000,0.000,0.00
119.78550,0.000,0.000,0.00
119.79566,0.000,0.000,0.00
119.80610,0.000,0.000,0.00
119.81667,0.000,0.000,0.00
119.82711,0.000,0.000,0.00
119.83778,0.000,0.000,0.00
119.84803,0.000,0.000,0.00
119.85852,0.000,0.000,0.00
119.86868,0.000,0.000,0.00
119.87899,0.000,0.000,0.00
119.88914,0.000,0.000,0.00
119.89927,0.000,0.000,0.00
119.90954,0.000,0.000,0.00
119.91974,0.000,0.000,0.00
119.92991,0.000,0.000,0.00
119.94012,0.000,0.000,0.00
119.95028,0.000,0.000,0.00
119.96046,0.000,0.000,0.00
119.97089,0.000,0.000,0.00
119.98115,0.000,0.000,0.00
119.99154,0.000,0.000,0.00
120.00172,0.000,0.000,0.00
120.01188,0.000,0.000,0.00
120.02204,0.000,0.000,0.00
120.03219,0.000,0.000,0.00
120.04243,0.000,0.000,0.00
120.05263,0.000,0.000,0.00
120.06286,0.000,0.000,0.00
120.07307,0.000,0.000,0.00
120.08327,0.000,0.000,0.00
120.09342,0.000,0.000,0.00
120.10358,0.000,0.000,0.00
120.11374,0.000,0.000,0.00
120.12402,0.000,0.000,0.00
120.13456,0.000,0.000,0.00
120.14472,0.000,0.000,0.00
120.15489,0.000,0.000,0.00
120.16510,0.000,0.000,0.00
120.17530,0.000,0.000,0.00
120.18545,0.000,0.000,0.00
120.19672,0.000,0.000,0.00
120.20709,0.000,0.000,0.00
120.21750,0.000,0.000,0.00
120.22790,0.000,0.000,0.00
120.23804,0.000,0.000,0.00
120.24819,0.000,0.000,0.00
120.25843,0.000,0.000,0.00
120.26860,0.000,0.000,0.00
120.27875,0.000,0.000,0.00
120.28891,0.000,0.000,0.00
120.29939,0.000,0.000,0.00
120.30954,0.000,0.000,0.00
120.32011,0.000,0.000,0.00
120.33085,0.000,0.000,0.00
120.34093,0.000,0.000,0.00
120.35123,0.000,0.000,0.00
120.36153,0.000,0.000,0.00
120.37193,0.000,0.000,0.00
120.38208,0.000,0.000,0.00
120.39224,0.000,0.000,0.00
120.40240,0.000,0.000,0.00
120.41255,0.000,0.000,0.00
120.42270,0.000,0.000,0.00
120.43288,0.000,0.000,0.00
120.44335,0.000,0.000,0.00
120.45372,0.000,0.000,0.00
120.46387,0.000,0.000,0.00
120.47401,0.000,0.000,0.00
120.48416,0.000,0.000,0.00
120.49441,0.000,0.000,0.00
120.50465,0.000,0.000,0.00
120.51473,0.000,0.000,0.00
120.52488,0.000,0.000,0.00
120.53513,0.000,0.000,0.00
120.54537,0.000,0.000,0.00
120.55586,0.000,0.000,0.00
120.56603,0.000,0.000,0.00
120.57621,0.000,0.000,0.00
120.58649,0.000,0.000,0.00
120.59695,0.000,0.000,0.00
120.60711,0.000,0.000,0.00
120.61731,0.000,0.000,0.00
120.62816,0.000,0.000,0.00
120.63841,0.000,0.000,0.00
120.64856,0.000,0.000,0.00
120.65872,0.000,0.000,0.00
120.66889,0.000,0.000,0.00
120.67906,0.000,0.000,0.00
120.68923,0.000,0.000,0.00
120.69950,0.000,0.000,0.00
120.70977,0.000,0.000,0.00
120.71994,0.000,0.000,0.00
120.73011,0.000,0.000,0.00
120.74077,0.000,0.000,0.00
120.75100,0.000,0.000,0.00
120.76153,0.000,0.000,0.00
120.77165,0.000,0.000,0.00
120.78190,0.000,0.000,0.00
120.79206,0.000,0.000,0.00
120.80222,0.000,0.000,0.00
120.81238,0.000,0.000,0.00
120.82255,0.000,0.000,0.00
120.83280,0.000,0.000,0.00
120.84296,0.000,0.000,0.00
120.85331,0.000,0.000,0.00
120.86366,0.000,0.000,0.00
120.87403,0.000,0.000,0.00
120.88422,0.000,0.000,0.00
120.89460,0.000,0.000,0.00
120.90476,0.000,0.000,0.00
120.91493,0.000,0.000,0.00
120.92509,0.000,0.000,0.00
120.93562,0.000,0.000,0.00
120.94594,0.000,0.000,0.00
120.95624,0.000,0.000,0.00
120.96644,0.000,0.000,0.00
120.97667,0.000,0.000,0.00
120.98683,0.000,0.000,0.00
120.99699,0.000,0.000,0.00
121.00714,0.000,0.000,0.00
121.01743,0.000,0.000,0.00
121.02769,0.000,0.000,0.00
121.03794,0.000,0.000,0.00
121.04810,0.000,0.000,0.00
121.05826,0.000,0.000,0.00
121.06841,0.000,0.000,0.00
121.07864,0.000,0.000,0.00
121.08880,0.000,0.000,0.00
121.09897,0.000,0.000,0.00
121.10916,0.000,0.000,0.00
121.11933,0.000,0.000,0.00
121.12948,0.000,0.000,0.00
121.13965,0.000,0.000,0.00
121.14981,0.000,0.000,0.00
121.16005,0.000,0.000,0.00
121.17023,0.000,0.000,0.00
121.18075,0.000,0.000,0.00
121.19099,0.000,0.000,0.00
121.20129,0.000,0.000,0.00
121.21146,0.000,0.000,0.00
121.22162,0.000,0.000,0.00
121.23180,0.000,0.000,0.00
121.24198,0.000,0.000,0.00
121.25289,0.000,0.000,0.00
121.26305,0.000,0.000,0.00
121.27338,0.000,0.000,0.00
121.28373,0.000,0.000,0.00
121.29404,0.000,0.000,0.00
121.30449,0.000,0.000,0.00
121.31465,0.000,0.000,0.00
121.32482,0.000,0.000,0.00
121.33498,0.000,0.000,0.00
121.34514,0.000,0.000,0.00
121.35769,0.000,0.000,0.00
121.36809,0.000,0.000,0.00
121.37824,0.000,0.000,0.00
121.38858,0.000,0.000,0.00
121.39879,0.000,0.000,0.00
121.40903,0.000,0.000,0.00
121.41920,0.000,0.000,0.00
121.42935,0.000,0.000,0.00
121.43951,0.000,0.000,0.00
121.44976,0.000,0.000,0.00
121.45999,0.000,0.000,0.00
121.47023,0.000,0.000,0.00
121.48062,0.000,0.000,0.00
121.49117,0.000,0.000,0.00
121.50153,0.000,0.000,0.00
121.51204,0.000,0.000,0.00
121.52239,0.000,0.000,0.00
121.53295,0.000,0.000,0.00
121.54329,0.000,0.000,0.00
121.55357,0.000,0.000,0.00
121.56373,0.000,0.000,0.00
121.57389,0.000,0.000,0.00
121.58405,0.000,0.000,0.00
121.59420,0.000,0.000,0.00
121.60436,0.000,0.000,0.00
121.61451,0.000,0.000,0.00
121.62479,0.000,0.000,0.00
121.63494,0.000,0.000,0.00
121.64520,0.000,0.000,0.00
121.65526,0.000,0.000,0.00
121.66542,0.000,0.000,0.00
121.67558,0.000,0.000,0.00
121.68575,0.000,0.000,0.00
121.69596,0.000,0.000,0.00
121.70641,0.000,0.000,0.00
121.71660,0.000,0.000,0.00
121.72677,0.000,0.000,0.00
121.73756,0.000,0.000,0.00
121.74771,0.000,0.000,0.00
121.75786,0.000,0.000,0.00
121.76800,0.000,0.000,0.00
121.77815,0.000,0.000,0.00
121.78844,0.000,0.000,0.00
121.79873,0.000,0.000,0.00
121.80908,0.000,0.000,0.00
121.82024,0.000,0.000,0.00
121.83041,0.000,0.000,0.00
121.84061,0.000,0.000,0.00
121.85101,0.000,0.000,0.00
121.86142,0.000,0.000,0.00
121.87157,0.000,0.000,0.00
121.88172,0.000,0.000,0.00
121.89192,0.000,0.000,0.00
121.90209,0.000,0.000,0.00
121.91224,0.000,0.000,0.00
121.92252,0.000,0.000,0.00
121.93287,0.000,0.000,0.00
121.94316,0.000,0.000,0.00
121.95383,0.000,0.000,0.00
121.96429,0.000,0.000,0.00
121.97446,0.000,0.000,0.00
121.98472,0.000,0.000,0.00
121.99485,0.000,0.000,0.00
122.00493,0.000,0.000,0.00
122.01508,0.000,0.000,0.00
122.02531,0.000,0.000,0.00
122.03587,0.000,0.000,0.00
122.04603,0.000,0.000,0.00
122.05664,0.000,0.000,0.00
122.06681,0.000,0.000,0.00
122.07711,0.000,0.000,0.00
122.08727,0.000,0.000,0.00
122.09767,0.000,0.000,0.00
122.10782,0.000,0.000,0.00
122.11798,0.000,0.000,0.00
122.12814,0.000,0.000,0.00
122.13830,0.000,0.000,0.00
122.14846,0.000,0.000,0.00
122.15872,0.000,0.000,0.00
122.16909,0.000,0.000,0.00
122.17936,0.000,0.000,0.00
122.18950,0.000,0.000,0.00
122.19964,0.000,0.000,0.00
122.20979,0.000,0.000,0.00
122.22000,0.000,0.000,0.00
122.23025,0.000,0.000,0.00
122.24041,0.000,0.000,0.00
122.25057,0.000,0.000,0.00
122.26074,0.000,0.000,0.00
122.27101,0.000,0.000,0.00
122.28133,0.000,0.000,0.00
122.29178,0.000,0.000,0.00
122.30198,0.000,0.000,0.00
122.31231,0.000,0.000,0.00
122.32264,0.000,0.000,0.00
122.33299,0.000,0.000,0.00
122.34332,0.000,0.000,0.00
122.35356,0.000,0.000,0.00
122.36371,0.000,0.000,0.00
122.37392,0.000,0.000,0.00
122.38414,0.000,0.000,0.00
122.39466,0.000,0.000,0.00
122.40482,0.000,0.000,0.00
122.41498,0.000,0.000,0.00
122.42512,0.000,0.000,0.00
122.43528,0.000,0.000,0.00
122.44546,0.000,0.000,0.00
122.45584,0.000,0.000,0.00
122.46600,0.000,0.000,0.00
122.47615,0.000,0.000,0.00
122.48657,0.000,0.000,0.00
122.49746,0.000,0.000,0.00
122.50763,0.000,0.000,0.00
122.51778,0.000,0.000,0.00
122.52793,0.000,0.000,0.00
122.53809,0.000,0.000,0.00
122.54824,0.000,0.000,0.00
122.55839,0.000,0.000,0.00
122.56855,0.000,0.000,0.00
122.57870,0.000,0.000,0.00
122.58887,0.000,0.000,0.00
122.59922,0.000,0.000,0.00
122.60959,0.000,0.000,0.00
122.61995,0.000,0.000,0.00
122.63047,0.000,0.000,0.00
122.64095,0.000,0.000,0.00
122.65236,0.000,0.000,0.00
122.66251,0.000,0.000,0.00
122.67268,0.000,0.000,0.00
122.68284,0.000,0.000,0.00
122.69300,0.000,0.000,0.00
122.70328,0.000,0.000,0.00
122.71347,0.000,0.000,0.00
122.72362,0.000,0.000,0.00
122.73378,0.000,0.000,0.00
122.74394,0.000,0.000,0.00
122.75410,0.000,0.000,0.00
122.76425,0.000,0.000,0.00
122.77460,0.000,0.000,0.00
122.78473,0.000,0.000,0.00
122.79488,0.000,0.000,0.00
122.80502,0.000,0.000,0.00
122.81520,0.000,0.000,0.00
122.82536,0.000,0.000,0.00
122.83551,0.000,0.000,0.00
122.84566,0.000,0.000,0.00
122.85591,0.000,0.000,0.00
122.86611,0.000,0.000,0.00
122.87626,0.000,0.000,0.00
122.88647,0.000,0.000,0.00
122.89663,0.000,0.000,0.00
122.90680,0.000,0.000,0.00
122.91697,0.000,0.000,0.00
122.92714,0.000,0.000,0.00
122.93730,0.000,0.000,0.00
122.94746,0.000,0.000,0.00
122.95771,0.000,0.000,0.00
122.96786,0.000,0.000,0.00
122.97802,0.000,0.000,0.00
122.98823,0.000,0.000,0.00
122.99838,0.000,0.000,0.00
123.00853,0.000,0.000,0.00
123.01868,0.000,0.000,0.00
123.02882,0.000,0.000,0.00
123.03957,0.000,0.000,0.00
123.05101,0.000,0.000,0.00
123.06119,0.000,0.000,0.00
123.07186,0.000,0.000,0.00
123.08201,0.000,0.000,0.00
123.09216,0.000,0.000,0.00
123.10242,0.000,0.000,0.00
123.11314,0.000,0.000,0.00
123.12348,0.000,0.000,0.00
123.13367,0.000,0.000,0.00
123.14383,0.000,0.000,0.00
123.15398,0.000,0.000,0.00
123.16414,0.000,0.000,0.00
123.17430,0.000,0.000,0.00
123.18503,0.000,0.000,0.00
123.19523,0.000,0.000,0.00
123.20551,0.000,0.000,0.00
123.21572,0.000,0.000,0.00
123.22588,0.000,0.000,0.00
123.23614,0.000,0.000,0.00
123.24629,0.000,0.000,0.00
123.25700,0.000,0.000,0.00
123.26720,0.000,0.000,0.00
123.27776,0.000,0.000,0.00
123.28792,0.000,0.000,0.00
123.29808,0.000,0.000,0.00
123.30882,0.000,0.000,0.00
123.31898,0.000,0.000,0.00
123.32914,0.000,0.000,0.00
123.33931,0.000,0.000,0.00
123.34996,0.000,0.000,0.00
123.36012,0.000,0.000,0.00
123.37101,0.000,0.000,0.00
123.38123,0.000,0.000,0.00
123.39139,0.000,0.000,0.00
123.40162,0.000,0.000,0.00
123.41193,0.000,0.000,0.00
123.42316,0.000,0.000,0.00
123.43334,0.000,0.000,0.00
123.44349,0.000,0.000,0.00
123.45364,0.000,0.000,0.00
123.46378,0.000,0.000,0.00
123.47396,0.000,0.000,0.00
123.48430,0.000,0.000,0.00
123.49465,0.000,0.000,0.00
123.50498,0.000,0.000,0.00
123.51533,0.000,0.000,0.00
123.52543,0.000,0.000,0.00
123.53559,0.000,0.000,0.00
123.54573,0.000,0.000,0.00
123.55616,0.000,0.000,0.00
123.56640,0.000,0.000,0.00
123.57646,0.000,0.000,0.00
123.58761,0.000,0.000,0.00
123.59781,0.000,0.000,0.00
123.60795,0.000,0.000,0.00
123.61823,0.000,0.000,0.00
123.62857,0.000,0.000,0.00
123.63922,0.000,0.000,0.00
123.64958,0.000,0.000,0.00
123.65997,0.000,0.000,0.00
123.67054,0.000,0.000,0.00
123.68069,0.000,0.000,0.00
123.69151,0.000,0.000,0.00
123.70174,0.000,0.000,0.00
123.71207,0.000,0.000,0.00
123.72257,0.000,0.000,0.00
123.73288,0.000,0.000,0.00
123.74323,0.000,0.000,0.00
123.75355,0.000,0.000,0.00
123.76396,0.000,0.000,0.00
123.77449,0.000,0.000,0.00
123.78503,0.000,0.000,0.00
123.79520,0.000,0.000,0.00
123.80539,0.000,0.000,0.00
123.81555,0.000,0.000,0.00
123.82575,0.000,0.000,0.00
123.83595,0.000,0.000,0.00
123.84620,0.000,0.000,0.00
123.85638,0.000,0.000,0.00
123.86651,0.000,0.000,0.00
123.87667,0.000,0.000,0.00
123.88683,0.000,0.000,0.00
123.89699,0.000,0.000,0.00
123.90725,0.000,0.000,0.00
123.91794,0.000,0.000,0.00
123.92840,0.000,0.000,0.00
123.93979,0.000,0.000,0.00
123.95000,0.000,0.000,0.00
123.96020,0.000,0.000,0.00
123.97176,0.000,0.000,0.00
123.98186,0.000,0.000,0.00
123.99231,0.000,0.000,0.00
124.00273,0.000,0.000,0.00
124.01309,0.000,0.000,0.00
124.02345,0.000,0.000,0.00
124.03379,0.000,0.000,0.00
124.04412,0.000,0.000,0.00
124.05441,0.000,0.000,0.00
124.06467,0.000,0.000,0.00
124.07503,0.000,0.000,0.00
124.08515,0.000,0.000,0.00
124.09532,0.000,0.000,0.00
124.10593,0.000,0.000,0.00
124.11609,0.000,0.000,0.00
124.12625,0.000,0.000,0.00
124.13654,0.000,0.000,0.00
124.14679,0.000,0.000,0.00
124.15705,0.000,0.000,0.00
124.16729,0.000,0.000,0.00
124.17749,0.000,0.000,0.00
124.18767,0.000,0.000,0.00
124.19783,0.000,0.000,0.00
124.20804,0.000,0.000,0.00
124.21876,0.000,0.000,0.00
124.22892,0.000,0.000,0.00
124.23913,0.000,0.000,0.00
124.24929,0.000,0.000,0.00
124.25945,0.000,0.000,0.00
124.26987,0.000,0.000,0.00
124.28003,0.000,0.000,0.00
124.29019,0.000,0.000,0.00
124.30269,0.000,0.000,0.00
124.31291,0.000,0.000,0.00
124.32300,0.000,0.000,0.00
124.33316,0.000,0.000,0.00
124.34332,0.000,0.000,0.00
124.35351,0.000,0.000,0.00
124.36410,0.000,0.000,0.00
124.37427,0.000,0.000,0.00
124.38443,0.000,0.000,0.00
124.39459,0.000,0.000,0.00
124.40475,0.000,0.000,0.00
124.41490,0.000,0.000,0.00
124.42512,0.000,0.000,0.00
124.43539,0.000,0.000,0.00
124.44554,0.000,0.000,0.00
124.45570,0.000,0.000,0.00
124.46585,0.000,0.000,0.00
124.47635,0.000,0.000,0.00
124.48667,0.000,0.000,0.00
124.49693,0.000,0.000,0.00
124.50729,0.000,0.000,0.00
124.51748,0.000,0.000,0.00
124.52763,0.000,0.000,0.00
124.53789,0.000,0.000,0.00
124.54805,0.000,0.000,0.00
124.55821,0.000,0.000,0.00
124.56847,0.000,0.000,0.00
124.57863,0.000,0.000,0.00
124.58883,0.000,0.000,0.00
124.59898,0.000,0.000,0.00
124.60914,0.000,0.000,0.00
124.61936,0.000,0.000,0.00
124.62957,0.000,0.000,0.00
124.63982,0.000,0.000,0.00
124.65003,0.000,0.000,0.00
124.66030,0.000,0.000,0.00
124.67054,0.000,0.000,0.00
124.68097,0.000,0.000,0.00
124.69116,0.000,0.000,0.00
124.70136,0.000,0.000,0.00
124.71253,0.000,0.000,0.00
124.72293,0.000,0.000,0.00
124.73311,0.000,0.000,0.00
124.74329,0.000,0.000,0.00
124.75346,0.000,0.000,0.00
124.76362,0.000,0.000,0.00
124.77382,0.000,0.000,0.00
124.78398,0.000,0.000,0.00
124.79415,0.000,0.000,0.00
124.80431,0.000,0.000,0.00
124.81514,0.000,0.000,0.00
124.82530,0.000,0.000,0.00
124.83625,0.000,0.000,0.00
124.84642,0.000,0.000,0.00
124.85742,0.000,0.000,0.00
124.86761,0.000,0.000,0.00
124.87782,0.000,0.000,0.00
124.88798,0.000,0.000,0.00
124.89813,0.000,0.000,0.00
124.90827,0.000,0.000,0.00
124.91855,0.000,0.000,0.00
124.92874,0.000,0.000,0.00
124.93893,0.000,0.000,0.00
124.94909,0.000,0.000,0.00
124.95929,0.000,0.000,0.00
124.96976,0.000,0.000,0.00
124.98009,0.000,0.000,0.00
124.99121,0.000,0.000,0.00
125.00136,0.000,0.000,0.00
125.01152,0.000,0.000,0.00
125.02168,0.000,0.000,0.00
125.03234,0.000,0.000,0.00
125.04255,0.000,0.000,0.00
125.05345,0.000,0.000,0.00
125.06382,0.000,0.000,0.00
125.07398,0.000,0.000,0.00
125.08414,0.000,0.000,0.00
125.09450,0.000,0.000,0.00
125.10466,0.000,0.000,0.00
125.11507,0.000,0.000,0.00
125.12523,0.000,0.000,0.00
125.13548,0.000,0.000,0.00
125.14572,0.000,0.000,0.00
125.15587,0.000,0.000,0.00
125.16603,0.000,0.000,0.00
125.17619,0.000,0.000,0.00
125.18643,0.000,0.000,0.00
125.19669,0.000,0.000,0.00
125.20694,0.000,0.000,0.00
125.21710,0.000,0.000,0.00
125.22725,0.000,0.000,0.00
125.23752,0.000,0.000,0.00
125.24769,0.000,0.000,0.00
125.25840,0.000,0.000,0.00
125.26846,0.000,0.000,0.00
125.27869,0.000,0.000,0.00
125.28891,0.000,0.000,0.00
125.29928,0.000,0.000,0.00
125.30960,0.000,0.000,0.00
125.32003,0.000,0.000,0.00
125.33046,0.000,0.000,0.00
125.34069,0.000,0.000,0.00
125.35146,0.000,0.000,0.00
125.36161,0.000,0.000,0.00
125.37181,0.000,0.000,0.00
125.38216,0.000,0.000,0.00
125.39232,0.000,0.000,0.00
125.40248,0.000,0.000,0.00
125.41270,0.000,0.000,0.00
125.42285,0.000,0.000,0.00
125.43304,0.000,0.000,0.00
125.44344,0.000,0.000,0.00
125.45389,0.000,0.000,0.00
125.46426,0.000,0.000,0.00
125.47478,0.000,0.000,0.00
125.48508,0.000,0.000,0.00
125.49543,0.000,0.000,0.00
125.50574,0.000,0.000,0.00
125.51608,0.000,0.000,0.00
125.52656,0.000,0.000,0.00
125.53710,0.000,0.000,0.00
125.54727,0.000,0.000,0.00
125.55769,0.000,0.000,0.00
125.56789,0.000,0.000,0.00
125.57806,0.000,0.000,0.00
125.58821,0.000,0.000,0.00
125.59844,0.000,0.000,0.00
125.60860,0.000,0.000,0.00
125.61875,0.000,0.000,0.00
125.62891,0.000,0.000,0.00
125.63915,0.000,0.000,0.00
125.64939,0.000,0.000,0.00
125.65956,0.000,0.000,0.00
125.66971,0.000,0.000,0.00
125.67987,0.000,0.000,0.00
125.69002,0.000,0.000,0.00
125.70018,0.000,0.000,0.00
125.71047,0.000,0.000,0.00
125.72077,0.000,0.000,0.00
125.73110,0.000,0.000,0.00
125.74126,0.000,0.000,0.00
125.75141,0.000,0.000,0.00
125.76163,0.000,0.000,0.00
125.77181,0.000,0.000,0.00
125.78210,0.000,0.000,0.00
125.79241,0.000,0.000,0.00
125.80255,0.000,0.000,0.00
125.81274,0.000,0.000,0.00
125.82290,0.000,0.000,0.00
125.83305,0.000,0.000,0.00
125.84321,0.000,0.000,0.00
125.85337,0.000,0.000,0.00
125.86362,0.000,0.000,0.00
125.87377,0.000,0.000,0.00
125.88393,0.000,0.000,0.00
125.89409,0.000,0.000,0.00
125.90425,0.000,0.000,0.00
125.91462,0.000,0.000,0.00
125.92478,0.000,0.000,0.00
125.93539,0.000,0.000,0.00
125.94564,0.000,0.000,0.00
125.95593,0.000,0.000,0.00
125.96609,0.000,0.000,0.00
125.97627,0.000,0.000,0.00
125.98666,0.000,0.000,0.00
125.99696,0.000,0.000,0.00
126.00734,0.000,0.000,0.00
126.01775,0.000,0.000,0.00
126.02806,0.000,0.000,0.00
126.03838,0.000,0.000,0.00
126.04865,0.000,0.000,0.00
126.05884,0.000,0.000,0.00
126.06926,0.000,0.000,0.00
126.07990,0.000,0.000,0.00
126.09006,0.000,0.000,0.00
126.10022,0.000,0.000,0.00
126.11058,0.000,0.000,0.00
126.12074,0.000,0.000,0.00
126.13090,0.000,0.000,0.00
126.14106,0.000,0.000,0.00
126.15120,0.000,0.000,0.00
126.16135,0.000,0.000,0.00
126.17150,0.000,0.000,0.00
126.18166,0.000,0.000,0.00
126.19221,0.000,0.000,0.00
126.20239,0.000,0.000,0.00
126.21305,0.000,0.000,0.00
126.22339,0.000,0.000,0.00
126.23394,0.000,0.000,0.00
126.24408,0.000,0.000,0.00
126.25479,0.000,0.000,0.00
126.26496,0.000,0.000,0.00
126.27664,0.000,0.000,0.00
126.28693,0.000,0.000,0.00
126.29724,0.000,0.000,0.00
126.30753,0.000,0.000,0.00
126.31827,0.000,0.000,0.00
126.32852,0.000,0.000,0.00
126.33906,0.000,0.000,0.00
126.34923,0.000,0.000,0.00
126.35953,0.000,0.000,0.00
126.36996,0.000,0.000,0.00
126.38023,0.000,0.000,0.00
126.39064,0.000,0.000,0.00
126.40090,0.000,0.000,0.00
126.41128,0.000,0.000,0.00
126.42161,0.000,0.000,0.00
126.43186,0.000,0.000,0.00
126.44304,0.000,0.000,0.00
126.45324,0.000,0.000,0.00
126.46339,0.000,0.000,0.00
126.47354,0.000,0.000,0.00
126.48368,0.000,0.000,0.00
126.49384,0.000,0.000,0.00
126.50399,0.000,0.000,0.00
126.51453,0.000,0.000,0.00
126.52471,0.000,0.000,0.00
126.53484,0.000,0.000,0.00
126.54501,0.000,0.000,0.00
126.55517,0.000,0.000,0.00
126.56534,0.000,0.000,0.00
126.57555,0.000,0.000,0.00
126.58571,0.000,0.000,0.00
126.59587,0.000,0.000,0.00
126.60602,0.000,0.000,0.00
126.61618,0.000,0.000,0.00
126.62643,0.000,0.000,0.00
126.63659,0.000,0.000,0.00
126.64682,0.000,0.000,0.00
126.65697,0.000,0.000,0.00
126.66712,0.000,0.000,0.00
126.67728,0.000,0.000,0.00
126.68744,0.000,0.000,0.00
126.69759,0.000,0.000,0.00
126.70775,0.000,0.000,0.00
126.71791,0.000,0.000,0.00
126.72806,0.000,0.000,0.00
126.73826,0.000,0.000,0.00
126.74845,0.000,0.000,0.00
126.75889,0.000,0.000,0.00
126.76903,0.000,0.000,0.00
126.77933,0.000,0.000,0.00
126.78949,0.000,0.000,0.00
126.79966,0.000,0.000,0.00
126.80981,0.000,0.000,0.00
126.81997,0.000,0.000,0.00
126.83018,0.000,0.000,0.00
126.84034,0.000,0.000,0.00
126.85054,0.000,0.000,0.00
126.86072,0.000,0.000,0.00
126.87088,0.000,0.000,0.00
126.88104,0.000,0.000,0.00
126.89189,0.000,0.000,0.00
126.90206,0.000,0.000,0.00
126.91234,0.000,0.000,0.00
126.92265,0.000,0.000,0.00
126.93290,0.000,0.000,0.00
126.94306,0.000,0.000,0.00
126.95322,0.000,0.000,0.00
126.96338,0.000,0.000,0.00
126.97354,0.000,0.000,0.00
126.98371,0.000,0.000,0.00
126.99401,0.000,0.000,0.00
127.00432,0.000,0.000,0.00
127.01474,0.000,0.000,0.00
127.02489,0.000,0.000,0.00
127.03540,0.000,0.000,0.00
127.04563,0.000,0.000,0.00
127.05629,0.000,0.000,0.00
127.06614,0.000,0.000,0.00
127.07648,0.000,0.000,0.00
127.08656,0.000,0.000,0.00
127.09715,0.000,0.000,0.00
127.10730,0.000,0.000,0.00
127.11746,0.000,0.000,0.00
127.12771,0.000,0.000,0.00
127.13786,0.000,0.000,0.00
127.14802,0.000,0.000,0.00
127.15826,0.000,0.000,0.00
127.16842,0.000,0.000,0.00
127.17874,0.000,0.000,0.00
127.18921,0.000,0.000,0.00
127.19951,0.000,0.000,0.00
127.20965,0.000,0.000,0.00
127.21981,0.000,0.000,0.00
127.22999,0.000,0.000,0.00
127.24014,0.000,0.000,0.00
127.25050,0.000,0.000,0.00
127.26053,0.000,0.000,0.00
127.27086,0.000,0.000,0.00
127.28180,0.000,0.000,0.00
127.29197,0.000,0.000,0.00
127.30213,0.000,0.000,0.00
127.31228,0.000,0.000,0.00
127.32246,0.000,0.000,0.00
127.33266,0.000,0.000,0.00
127.34281,0.000,0.000,0.00
127.35295,0.000,0.000,0.00
127.36312,0.000,0.000,0.00
127.37418,0.000,0.000,0.00
127.38432,0.000,0.000,0.00
127.39447,0.000,0.000,0.00
127.40462,0.000,0.000,0.00
127.41476,0.000,0.000,0.00
127.42491,0.000,0.000,0.00
127.43519,0.000,0.000,0.00
127.44534,0.000,0.000,0.00
127.45563,0.000,0.000,0.00
127.46577,0.000,0.000,0.00
127.47596,0.000,0.000,0.00
127.48621,0.000,0.000,0.00
127.49639,0.000,0.000,0.00
127.50655,0.000,0.000,0.00
127.51681,0.000,0.000,0.00
127.52705,0.000,0.000,0.00
127.53727,0.000,0.000,0.00
127.54745,0.000,0.000,0.00
127.55760,0.000,0.000,0.00
127.56775,0.000,0.000,0.00
127.57790,0.000,0.000,0.00
127.58804,0.000,0.000,0.00
127.59861,0.000,0.000,0.00
127.61071,0.000,0.000,0.00
127.62072,0.000,0.000,0.00
127.63102,0.000,0.000,0.00
127.64118,0.000,0.000,0.00
127.65143,0.000,0.000,0.00
127.66159,0.000,0.000,0.00
127.67304,0.000,0.000,0.00
127.68321,0.000,0.000,0.00
127.69335,0.000,0.000,0.00
127.70350,0.000,0.000,0.00
127.71365,0.000,0.000,0.00
127.72379,0.000,0.000,0.00
127.73395,0.000,0.000,0.00
127.74410,0.000,0.000,0.00
127.75426,0.000,0.000,0.00
127.76441,0.000,0.000,0.00
127.77456,0.000,0.000,0.00
127.78472,0.000,0.000,0.00
127.79494,0.000,0.000,0.00
127.80511,0.000,0.000,0.00
127.81527,0.000,0.000,0.00
127.82540,0.000,0.000,0.00
127.83556,0.000,0.000,0.00
127.84582,0.000,0.000,0.00
127.85618,0.000,0.000,0.00
127.86656,0.000,0.000,0.00
127.87697,0.000,0.000,0.00
127.88732,0.000,0.000,0.00
127.89767,0.000,0.000,0.00
127.90802,0.000,0.000,0.00
127.91838,0.000,0.000,0.00
127.92878,0.000,0.000,0.00
127.93914,0.000,0.000,0.00
127.94950,0.000,0.000,0.00
127.96004,0.000,0.000,0.00
127.97026,0.000,0.000,0.00
127.98054,0.000,0.000,0.00
127.99107,0.000,0.000,0.00
128.00124,0.000,0.000,0.00
128.01153,0.000,0.000,0.00
128.02180,0.000,0.000,0.00
128.03260,0.000,0.000,0.00
128.04280,0.000,0.000,0.00
128.05310,0.000,0.000,0.00
128.06345,0.000,0.000,0.00
128.07381,0.000,0.000,0.00
128.08413,0.000,0.000,0.00
128.09453,0.000,0.000,0.00
128.10488,0.000,0.000,0.00
128.11545,0.000,0.000,0.00
128.12562,0.000,0.000,0.00
128.13607,0.000,0.000,0.00
128.14644,0.000,0.000,0.00
128.15659,0.000,0.000,0.00
128.16675,0.000,0.000,0.00
128.17691,0.000,0.000,0.00
128.18706,0.000,0.000,0.00
128.19722,0.000,0.000,0.00
128.20740,0.000,0.000,0.00
128.21753,0.000,0.000,0.00
128.22769,0.000,0.000,0.00
128.23787,0.000,0.000,0.00
128.24804,0.000,0.000,0.00
128.25860,0.000,0.000,0.00
128.26875,0.000,0.000,0.00
128.27891,0.000,0.000,0.00
128.28907,0.000,0.000,0.00
128.29929,0.000,0.000,0.00
128.30952,0.000,0.000,0.00
128.32068,0.000,0.000,0.00
128.33084,0.000,0.000,0.00
128.34101,0.000,0.000,0.00
128.35117,0.000,0.000,0.00
128.36133,0.000,0.000,0.00
128.37162,0.000,0.000,0.00
128.38196,0.000,0.000,0.00
128.39229,0.000,0.000,0.00
128.40292,0.000,0.000,0.00
128.41309,0.000,0.000,0.00
128.42345,0.000,0.000,0.00
128.43378,0.000,0.000,0.00
128.44413,0.000,0.000,0.00
128.45468,0.000,0.000,0.00
128.46481,0.000,0.000,0.00
128.47508,0.000,0.000,0.00
128.48551,0.000,0.000,0.00
128.49576,0.000,0.000,0.00
128.50601,0.000,0.000,0.00
128.51616,0.000,0.000,0.00
128.52642,0.000,0.000,0.00
128.53745,0.000,0.000,0.00
128.54760,0.000,0.000,0.00
128.55776,0.000,0.000,0.00
128.56791,0.000,0.000,0.00
128.57806,0.000,0.000,0.00
128.58818,0.000,0.000,0.00
128.59838,0.000,0.000,0.00
128.60992,0.000,0.000,0.00
128.62011,0.000,0.000,0.00
128.63071,0.000,0.000,0.00
128.64077,0.000,0.000,0.00
128.65103,0.000,0.000,0.00
128.66128,0.000,0.000,0.00
128.67146,0.000,0.000,0.00
128.68162,0.000,0.000,0.00
128.69177,0.000,0.000,0.00
128.70274,0.000,0.000,0.00
128.71302,0.000,0.000,0.00
128.72329,0.000,0.000,0.00
128.73345,0.000,0.000,0.00
128.74360,0.000,0.000,0.00
128.75402,0.000,0.000,0.00
128.76424,0.000,0.000,0.00
128.77447,0.000,0.000,0.00
128.78463,0.000,0.000,0.00
128.79478,0.000,0.000,0.00
128.80499,0.000,0.000,0.00
128.81519,0.000,0.000,0.00
128.82550,0.000,0.000,0.00
128.83596,0.000,0.000,0.00
128.84613,0.000,0.000,0.00
128.85629,0.000,0.000,0.00
128.86646,0.000,0.000,0.00
128.87673,0.000,0.000,0.00
128.88688,0.000,0.000,0.00
128.89702,0.000,0.000,0.00
128.90717,0.000,0.000,0.00
128.91742,0.000,0.000,0.00
128.92765,0.000,0.000,0.00
128.93780,0.000,0.000,0.00
128.94804,0.000,0.000,0.00
128.95817,0.000,0.000,0.00
128.96832,0.000,0.000,0.00
128.97846,0.000,0.000,0.00
128.98862,0.000,0.000,0.00
128.99876,0.000,0.000,0.00
129.00892,0.000,0.000,0.00
129.01912,0.000,0.000,0.00
129.02936,0.000,0.000,0.00
129.03953,0.000,0.000,0.00
129.04969,0.000,0.000,0.00
129.05997,0.000,0.000,0.00
129.07014,0.000,0.000,0.00
129.08161,0.000,0.000,0.00
129.09193,0.000,0.000,0.00
129.10209,0.000,0.000,0.00
129.11226,0.000,0.000,0.00
129.12244,0.000,0.000,0.00
129.13259,0.000,0.000,0.00
129.14274,0.000,0.000,0.00
129.15299,0.000,0.000,0.00
129.16316,0.000,0.000,0.00
129.17342,0.000,0.000,0.00
129.18357,0.000,0.000,0.00
129.19372,0.000,0.000,0.00
129.20422,0.000,0.000,0.00
129.21455,0.000,0.000,0.00
129.22464,0.000,0.000,0.00
129.23498,0.000,0.000,0.00
129.24567,0.000,0.000,0.00
129.25593,0.000,0.000,0.00
129.26607,0.000,0.000,0.00
129.27634,0.000,0.000,0.00
129.28660,0.000,0.000,0.00
129.29698,0.000,0.000,0.00
129.30714,0.000,0.000,0.00
129.31753,0.000,0.000,0.00
129.32769,0.000,0.000,0.00
129.33784,0.000,0.000,0.00
129.34798,0.000,0.000,0.00
129.35813,0.000,0.000,0.00
129.36837,0.000,0.000,0.00
129.37861,0.000,0.000,0.00
129.38876,0.000,0.000,0.00
129.39892,0.000,0.000,0.00
129.40908,0.000,0.000,0.00
129.41946,0.000,0.000,0.00
129.42993,0.000,0.000,0.00
129.44025,0.000,0.000,0.00
129.45082,0.000,0.000,0.00
129.46110,0.000,0.000,0.00
129.47156,0.000,0.000,0.00
129.48184,0.000,0.000,0.00
129.49206,0.000,0.000,0.00
129.50249,0.000,0.000,0.00
129.51281,0.000,0.000,0.00
129.52296,0.000,0.000,0.00
129.53312,0.000,0.000,0.00
129.54326,0.000,0.000,0.00
129.55341,0.000,0.000,0.00
129.56356,0.000,0.000,0.00
129.57372,0.000,0.000,0.00
129.58398,0.000,0.000,0.00
129.59413,0.000,0.000,0.00
129.60429,0.000,0.000,0.00
129.61447,0.000,0.000,0.00
129.62464,0.000,0.000,0.00
129.63492,0.000,0.000,0.00
129.64525,0.000,0.000,0.00
129.65569,0.000,0.000,0.00
129.66595,0.000,0.000,0.00
129.67634,0.000,0.000,0.00
129.68683,0.000,0.000,0.00
129.69727,0.000,0.000,0.00
129.70757,0.000,0.000,0.00
129.71794,0.000,0.000,0.00
129.72833,0.000,0.000,0.00
129.73848,0.000,0.000,0.00
129.74870,0.000,0.000,0.00
129.75899,0.000,0.000,0.00
129.77088,0.000,0.000,0.00
129.78118,0.000,0.000,0.00
129.79141,0.000,0.000,0.00
129.80174,0.000,0.000,0.00
129.81244,0.000,0.000,0.00
129.82275,0.000,0.000,0.00
129.83315,0.000,0.000,0.00
129.84347,0.000,0.000,0.00
129.85379,0.000,0.000,0.00
129.86405,0.000,0.000,0.00
129.87420,0.000,0.000,0.00
129.88436,0.000,0.000,0.00
129.89453,0.000,0.000,0.00
129.90468,0.000,0.000,0.00
129.91485,0.000,0.000,0.00
129.92516,0.000,0.000,0.00
129.93543,0.000,0.000,0.00
129.94560,0.000,0.000,0.00
129.95575,0.000,0.000,0.00
129.96591,0.000,0.000,0.00
129.97618,0.000,0.000,0.00
129.98642,0.000,0.000,0.00
129.99658,0.000,0.000,0.00
130.00674,0.000,0.000,0.00
130.01689,0.000,0.000,0.00
130.02703,0.000,0.000,0.00
130.03781,0.000,0.000,0.00
130.04797,0.000,0.000,0.00
130.05813,0.000,0.000,0.00
130.06827,0.000,0.000,0.00
130.08004,0.000,0.000,0.00
130.09047,0.000,0.000,0.00
130.10071,0.000,0.000,0.00
130.11094,0.000,0.000,0.00
130.12110,0.000,0.000,0.00
130.13135,0.000,0.000,0.00
130.14152,0.000,0.000,0.00
130.15177,0.000,0.000,0.00
130.16241,0.000,0.000,0.00
130.17258,0.000,0.000,0.00
130.18312,0.000,0.000,0.00
130.19337,0.000,0.000,0.00
130.20375,0.000,0.000,0.00
130.21407,0.000,0.000,0.00
130.22433,0.000,0.000,0.00
130.23457,0.000,0.000,0.00
130.24474,0.000,0.000,0.00
130.25493,0.000,0.000,0.00
130.26527,0.000,0.000,0.00
130.27545,0.000,0.000,0.00
130.28561,0.000,0.000,0.00
130.29577,0.000,0.000,0.00
130.30592,0.000,0.000,0.00
130.31616,0.000,0.000,0.00
130.32641,0.000,0.000,0.00
130.33665,0.000,0.000,0.00
130.34689,0.000,0.000,0.00
130.35705,0.000,0.000,0.00
130.36721,0.000,0.000,0.00
130.37742,0.000,0.000,0.00
130.38758,0.000,0.000,0.00
130.39774,0.000,0.000,0.00
130.40790,0.000,0.000,0.00
130.41805,0.000,0.000,0.00
130.42821,0.000,0.000,0.00
130.43842,0.000,0.000,0.00
130.44861,0.000,0.000,0.00
130.45883,0.000,0.000,0.00
130.46902,0.000,0.000,0.00
130.47940,0.000,0.000,0.00
130.48974,0.000,0.000,0.00
130.50010,0.000,0.000,0.00
130.51045,0.000,0.000,0.00
130.52083,0.000,0.000,0.00
130.53107,0.000,0.000,0.00
130.54143,0.000,0.000,0.00
130.55158,0.000,0.000,0.00
130.56191,0.000,0.000,0.00
130.57194,0.000,0.000,0.00
130.58228,0.000,0.000,0.00
130.59270,0.000,0.000,0.00
130.60330,0.000,0.000,0.00
130.61346,0.000,0.000,0.00
130.62386,0.000,0.000,0.00
130.63399,0.000,0.000,0.00
130.64418,0.000,0.000,0.00
130.65445,0.000,0.000,0.00
130.66464,0.000,0.000,0.00
130.67478,0.000,0.000,0.00
130.68498,0.000,0.000,0.00
130.69513,0.000,0.000,0.00
130.70530,0.000,0.000,0.00
130.71563,0.000,0.000,0.00
130.72596,0.000,0.000,0.00
130.73612,0.000,0.000,0.00
130.74629,0.000,0.000,0.00
130.75651,0.000,0.000,0.00
130.76666,0.000,0.000,0.00
130.77683,0.000,0.000,0.00
130.78698,0.000,0.000,0.00
130.79712,0.000,0.000,0.00
130.80727,0.000,0.000,0.00
130.81746,0.000,0.000,0.00
130.82762,0.000,0.000,0.00
130.83784,0.000,0.000,0.00
130.84834,0.000,0.000,0.00
130.85910,0.000,0.000,0.00
130.86938,0.000,0.000,0.00
130.87959,0.000,0.000,0.00
130.88974,0.000,0.000,0.00
130.89990,0.000,0.000,0.00
130.91014,0.000,0.000,0.00
130.92037,0.000,0.000,0.00
130.93051,0.000,0.000,0.00
130.94068,0.000,0.000,0.00
130.95101,0.000,0.000,0.00
130.96111,0.000,0.000,0.00
130.97126,0.000,0.000,0.00
130.98141,0.000,0.000,0.00
130.99156,0.000,0.000,0.00
131.00174,0.000,0.000,0.00
131.01190,0.000,0.000,0.00
131.02204,0.000,0.000,0.00
131.03221,0.000,0.000,0.00
131.04248,0.000,0.000,0.00
131.05269,0.000,0.000,0.00
131.06284,0.000,0.000,0.00
131.07299,0.000,0.000,0.00
131.08314,0.000,0.000,0.00
131.09341,0.000,0.000,0.00
131.10362,0.000,0.000,0.00
131.11442,0.000,0.000,0.00
131.12459,0.000,0.000,0.00
131.13488,0.000,0.000,0.00
131.14503,0.000,0.000,0.00
131.15519,0.000,0.000,0.00
131.16534,0.000,0.000,0.00
131.17561,0.000,0.000,0.00
131.18576,0.000,0.000,0.00
131.19591,0.000,0.000,0.00
131.20618,0.000,0.000,0.00
131.21640,0.000,0.000,0.00
131.22656,0.000,0.000,0.00
131.23682,0.000,0.000,0.00
131.24713,0.000,0.000,0.00
131.25755,0.000,0.000,0.00
131.26841,0.000,0.000,0.00
131.27992,0.000,0.000,0.00
131.29016,0.000,0.000,0.00
131.30047,0.000,0.000,0.00
131.31103,0.000,0.000,0.00
131.32120,0.000,0.000,0.00
131.33272,0.000,0.000,0.00
131.34341,0.000,0.000,0.00
131.35481,0.000,0.000,0.00
131.36539,0.000,0.000,0.00
131.37566,0.000,0.000,0.00
131.38599,0.000,0.000,0.00
131.39727,0.000,0.000,0.00
131.40741,0.000,0.000,0.00
131.41766,0.000,0.000,0.00
131.42781,0.000,0.000,0.00
131.43889,0.000,0.000,0.00
131.44904,0.000,0.000,0.00
131.45961,0.000,0.000,0.00
131.46995,0.000,0.000,0.00
131.48010,0.000,0.000,0.00
131.49051,0.000,0.000,0.00
131.50051,0.000,0.000,0.00
131.51057,0.000,0.000,0.00
131.52083,0.000,0.000,0.00
131.53106,0.000,0.000,0.00
131.54121,0.000,0.000,0.00
131.55219,0.000,0.000,0.00
131.56242,0.000,0.000,0.00
131.57291,0.000,0.000,0.00
131.58317,0.000,0.000,0.00
131.59333,0.000,0.000,0.00
131.60347,0.000,0.000,0.00
131.61379,0.000,0.000,0.00
131.62399,0.000,0.000,0.00
131.63448,0.000,0.000,0.00
131.64444,0.000,0.000,0.00
131.65459,0.000,0.000,0.00
131.66475,0.000,0.000,0.00
131.67493,0.000,0.000,0.00
131.68508,0.000,0.000,0.00
131.69544,0.000,0.000,0.00
131.70586,0.000,0.000,0.00
131.71602,0.000,0.000,0.00
131.72617,0.000,0.000,0.00
131.73633,0.000,0.000,0.00
131.74659,0.000,0.000,0.00
131.75675,0.000,0.000,0.00
131.76691,0.000,0.000,0.00
131.77707,0.000,0.000,0.00
131.78723,0.000,0.000,0.00
131.79742,0.000,0.000,0.00
131.80766,0.000,0.000,0.00
131.81859,0.000,0.000,0.00
131.82874,0.000,0.000,0.00
131.83889,0.000,0.000,0.00
131.84913,0.000,0.000,0.00
131.85983,0.000,0.000,0.00
131.86998,0.000,0.000,0.00
131.88026,0.000,0.000,0.00
131.89070,0.000,0.000,0.00
131.90085,0.000,0.000,0.00
131.91101,0.000,0.000,0.00
131.92117,0.000,0.000,0.00
131.93138,0.000,0.000,0.00
131.94153,0.000,0.000,0.00
131.95172,0.000,0.000,0.00
131.96221,0.000,0.000,0.00
131.97239,0.000,0.000,0.00
131.98257,0.000,0.000,0.00
131.99272,0.000,0.000,0.00
132.00287,0.000,0.000,0.00
132.01303,0.000,0.000,0.00
132.02319,0.000,0.000,0.00
132.03338,0.000,0.000,0.00
132.04406,0.000,0.000,0.00
132.05421,0.000,0.000,0.00
132.06435,0.000,0.000,0.00
132.07450,0.000,0.000,0.00
132.08465,0.000,0.000,0.00
132.09480,0.000,0.000,0.00
132.10495,0.000,0.000,0.00
132.11510,0.000,0.000,0.00
132.12531,0.000,0.000,0.00
132.13555,0.000,0.000,0.00
132.14571,0.000,0.000,0.00
132.15591,0.000,0.000,0.00
132.16607,0.000,0.000,0.00
132.17636,0.000,0.000,0.00
132.18652,0.000,0.000,0.00
132.19666,0.000,0.000,0.00
132.20680,0.000,0.000,0.00
132.21752,0.000,0.000,0.00
132.22769,0.000,0.000,0.00
132.23782,0.000,0.000,0.00
132.24796,0.000,0.000,0.00
132.25815,0.000,0.000,0.00
132.26846,0.000,0.000,0.00
132.27862,0.000,0.000,0.00
132.28878,0.000,0.000,0.00
132.29905,0.000,0.000,0.00
132.30921,0.000,0.000,0.00
132.31952,0.000,0.000,0.00
132.33088,0.000,0.000,0.00
132.34105,0.000,0.000,0.00
132.35127,0.000,0.000,0.00
132.36189,0.000,0.000,0.00
132.37224,0.000,0.000,0.00
132.38293,0.000,0.000,0.00
132.39321,0.000,0.000,0.00
132.40341,0.000,0.000,0.00
132.41383,0.000,0.000,0.00
132.42406,0.000,0.000,0.00
132.43478,0.000,0.000,0.00
132.44480,0.000,0.000,0.00
132.45496,0.000,0.000,0.00
132.46512,0.000,0.000,0.00
132.47546,0.000,0.000,0.00
132.48562,0.000,0.000,0.00
132.49675,0.000,0.000,0.00
132.50690,0.000,0.000,0.00
132.51768,0.000,0.000,0.00
132.52784,0.000,0.000,0.00
132.53812,0.000,0.000,0.00
132.54826,0.000,0.000,0.00
132.55842,0.000,0.000,0.00
132.56856,0.000,0.000,0.00
132.57872,0.000,0.000,0.00
132.58887,0.000,0.000,0.00
132.59902,0.000,0.000,0.00
132.60928,0.000,0.000,0.00
132.61943,0.000,0.000,0.00
132.62960,0.000,0.000,0.00
132.63998,0.000,0.000,0.00
132.65224,0.000,0.000,0.00
132.66247,0.000,0.000,0.00
132.67305,0.000,0.000,0.00
132.68321,0.000,0.000,0.00
132.69353,0.000,0.000,0.00
132.70367,0.000,0.000,0.00
132.71390,0.000,0.000,0.00
132.72404,0.000,0.000,0.00
132.73497,0.000,0.000,0.00
132.74513,0.000,0.000,0.00
132.75529,0.000,0.000,0.00
132.76545,0.000,0.000,0.00
132.77561,0.000,0.000,0.00
132.78577,0.000,0.000,0.00
132.79600,0.000,0.000,0.00
132.80617,0.000,0.000,0.00
132.81634,0.000,0.000,0.00
132.82651,0.000,0.000,0.00
132.83672,0.000,0.000,0.00
132.84691,0.000,0.000,0.00
132.85705,0.000,0.000,0.00
132.86720,0.000,0.000,0.00
132.87736,0.000,0.000,0.00
132.88752,0.000,0.000,0.00
132.89772,0.000,0.000,0.00
132.90788,0.000,0.000,0.00
132.91818,0.000,0.000,0.00
132.92833,0.000,0.000,0.00
132.93851,0.000,0.000,0.00
132.94866,0.000,0.000,0.00
132.95942,0.000,0.000,0.00
132.96965,0.000,0.000,0.00
132.97987,0.000,0.000,0.00
132.99003,0.000,0.000,0.00
133.00021,0.000,0.000,0.00
133.01046,0.000,0.000,0.00
133.02061,0.000,0.000,0.00
133.03076,0.000,0.000,0.00
133.04092,0.000,0.000,0.00
133.05117,0.000,0.000,0.00
133.06139,0.000,0.000,0.00
133.07159,0.000,0.000,0.00
133.08176,0.000,0.000,0.00
133.09207,0.000,0.000,0.00
133.10223,0.000,0.000,0.00
133.11255,0.000,0.000,0.00
133.12263,0.000,0.000,0.00
133.13294,0.000,0.000,0.00
133.14309,0.000,0.000,0.00
133.15324,0.000,0.000,0.00
133.16347,0.000,0.000,0.00
133.17363,0.000,0.000,0.00
133.18379,0.000,0.000,0.00
133.19394,0.000,0.000,0.00
133.20424,0.000,0.000,0.00
133.21440,0.000,0.000,0.00
133.22459,0.000,0.000,0.00
133.23475,0.000,0.000,0.00
133.24492,0.000,0.000,0.00
133.25510,0.000,0.000,0.00
133.26541,0.000,0.000,0.00
133.27557,0.000,0.000,0.00
133.28573,0.000,0.000,0.00
133.29586,0.000,0.000,0.00
133.30601,0.000,0.000,0.00
133.31617,0.000,0.000,0.00
133.32630,0.000,0.000,0.00
133.33645,0.000,0.000,0.00
133.34680,0.000,0.000,0.00
133.35694,0.000,0.000,0.00
133.36710,0.000,0.000,0.00
133.37743,0.000,0.000,0.00
133.38776,0.000,0.000,0.00
133.39793,0.000,0.000,0.00
133.41163,0.000,0.000,0.00
133.42216,0.000,0.000,0.00
133.43239,0.000,0.000,0.00
133.44254,0.000,0.000,0.00
133.45281,0.000,0.000,0.00
133.46306,0.000,0.000,0.00
133.47321,0.000,0.000,0.00
133.48336,0.000,0.000,0.00
133.49383,0.000,0.000,0.00
133.50400,0.000,0.000,0.00
133.51423,0.000,0.000,0.00
133.52438,0.000,0.000,0.00
133.53473,0.000,0.000,0.00
133.54516,0.000,0.000,0.00
133.55532,0.000,0.000,0.00
133.56564,0.000,0.000,0.00
133.57618,0.000,0.000,0.00
133.58664,0.000,0.000,0.00
133.59942,0.000,0.000,0.00
133.60979,0.000,0.000,0.00
133.61995,0.000,0.000,0.00
133.63024,0.000,0.000,0.00
133.64039,0.000,0.000,0.00
133.65053,0.000,0.000,0.00
133.66083,0.000,0.000,0.00
133.67099,0.000,0.000,0.00
133.68114,0.000,0.000,0.00
133.69143,0.000,0.000,0.00
133.70151,0.000,0.000,0.00
133.71167,0.000,0.000,0.00
133.72182,0.000,0.000,0.00
133.73202,0.000,0.000,0.00
133.74218,0.000,0.000,0.00
133.75235,0.000,0.000,0.00
133.76276,0.000,0.000,0.00
133.77320,0.000,0.000,0.00
133.78350,0.000,0.000,0.00
133.79380,0.000,0.000,0.00
133.80414,0.000,0.000,0.00
133.81501,0.000,0.000,0.00
133.82517,0.000,0.000,0.00
133.83562,0.000,0.000,0.00
133.84593,0.000,0.000,0.00
133.85639,0.000,0.000,0.00
133.86653,0.000,0.000,0.00
133.87671,0.000,0.000,0.00
133.88687,0.000,0.000,0.00
133.89708,0.000,0.000,0.00
133.90729,0.000,0.000,0.00
133.91743,0.000,0.000,0.00
133.92759,0.000,0.000,0.00
133.93774,0.000,0.000,0.00
133.94790,0.000,0.000,0.00
133.95805,0.000,0.000,0.00
133.96828,0.000,0.000,0.00
133.97853,0.000,0.000,0.00
133.98869,0.000,0.000,0.00
133.99886,0.000,0.000,0.00
134.00902,0.000,0.000,0.00
134.01923,0.000,0.000,0.00
134.02934,0.000,0.000,0.00
134.03950,0.000,0.000,0.00
134.04965,0.000,0.000,0.00
134.05980,0.000,0.000,0.00
134.06996,0.000,0.000,0.00
134.08074,0.000,0.000,0.00
134.09098,0.000,0.000,0.00
134.10135,0.000,0.000,0.00
134.11171,0.000,0.000,0.00
134.12196,0.000,0.000,0.00
134.13266,0.000,0.000,0.00
134.14324,0.000,0.000,0.00
134.15353,0.000,0.000,0.00
134.16388,0.000,0.000,0.00
134.17406,0.000,0.000,0.00
134.18431,0.000,0.000,0.00
134.19449,0.000,0.000,0.00
134.20466,0.000,0.000,0.00
134.21482,0.000,0.000,0.00
134.22526,0.000,0.000,0.00
134.23542,0.000,0.000,0.00
134.24558,0.000,0.000,0.00
134.25574,0.000,0.000,0.00
134.26608,0.000,0.000,0.00
134.27622,0.000,0.000,0.00
134.28646,0.000,0.000,0.00
134.29662,0.000,0.000,0.00
134.30678,0.000,0.000,0.00
134.31694,0.000,0.000,0.00
134.32710,0.000,0.000,0.00
134.33745,0.000,0.000,0.00
134.34791,0.000,0.000,0.00
134.35824,0.000,0.000,0.00
134.36858,0.000,0.000,0.00
134.37893,0.000,0.000,0.00
134.38936,0.000,0.000,0.00
134.39981,0.000,0.000,0.00
134.40998,0.000,0.000,0.00
134.42033,0.000,0.000,0.00
134.43065,0.000,0.000,0.00
134.44092,0.000,0.000,0.00
134.45167,0.000,0.000,0.00
134.46207,0.000,0.000,0.00
134.47222,0.000,0.000,0.00
134.48239,0.000,0.000,0.00
134.49270,0.000,0.000,0.00
134.50286,0.000,0.000,0.00
134.51301,0.000,0.000,0.00
134.52318,0.000,0.000,0.00
134.53335,0.000,0.000,0.00
134.54349,0.000,0.000,0.00
134.55365,0.000,0.000,0.00
134.56380,0.000,0.000,0.00
134.57394,0.000,0.000,0.00
134.58409,0.000,0.000,0.00
134.59424,0.000,0.000,0.00
134.60439,0.000,0.000,0.00
134.61455,0.000,0.000,0.00
134.62509,0.000,0.000,0.00
134.63586,0.000,0.000,0.00
134.64622,0.000,0.000,0.00
134.65638,0.000,0.000,0.00
134.66653,0.000,0.000,0.00
134.67675,0.000,0.000,0.00
134.68700,0.000,0.000,0.00
134.69714,0.000,0.000,0.00
134.70753,0.000,0.000,0.00
134.71806,0.000,0.000,0.00
134.72827,0.000,0.000,0.00
134.73845,0.000,0.000,0.00
134.74860,0.000,0.000,0.00
134.75945,0.000,0.000,0.00
134.76960,0.000,0.000,0.00
134.77975,0.000,0.000,0.00
134.79017,0.000,0.000,0.00
134.80052,0.000,0.000,0.00
134.81188,0.000,0.000,0.00
134.82208,0.000,0.000,0.00
134.83263,0.000,0.000,0.00
134.84279,0.000,0.000,0.00
134.85294,0.000,0.000,0.00
134.86321,0.000,0.000,0.00
134.87348,0.000,0.000,0.00
134.88367,0.000,0.000,0.00
134.89384,0.000,0.000,0.00
134.90403,0.000,0.000,0.00
134.91451,0.000,0.000,0.00
134.92467,0.000,0.000,0.00
134.93482,0.000,0.000,0.00
134.94497,0.000,0.000,0.00
134.95512,0.000,0.000,0.00
134.96528,0.000,0.000,0.00
134.97543,0.000,0.000,0.00
134.98559,0.000,0.000,0.00
134.99597,0.000,0.000,0.00
135.00614,0.000,0.000,0.00
135.01630,0.000,0.000,0.00
135.02656,0.000,0.000,0.00
135.03664,0.000,0.000,0.00
135.04679,0.000,0.000,0.00
135.05711,0.000,0.000,0.00
135.06726,0.000,0.000,0.00
135.07776,0.000,0.000,0.00
135.08791,0.000,0.000,0.00
135.09807,0.000,0.000,0.00
135.10823,0.000,0.000,0.00
135.11857,0.000,0.000,0.00
135.12880,0.000,0.000,0.00
135.13895,0.000,0.000,0.00
135.14918,0.000,0.000,0.00
135.15934,0.000,0.000,0.00
135.16950,0.000,0.000,0.00
135.17985,0.000,0.000,0.00
135.19020,0.000,0.000,0.00
135.20038,0.000,0.000,0.00
135.21063,0.000,0.000,0.00
135.22119,0.000,0.000,0.00
135.23138,0.000,0.000,0.00
135.24153,0.000,0.000,0.00
135.25186,0.000,0.000,0.00
135.26202,0.000,0.000,0.00
135.27234,0.000,0.000,0.00
135.28261,0.000,0.000,0.00
135.29282,0.000,0.000,0.00
135.30321,0.000,0.000,0.00
135.31356,0.000,0.000,0.00
135.32415,0.000,0.000,0.00
135.33481,0.000,0.000,0.00
135.34553,0.000,0.000,0.00
135.35569,0.000,0.000,0.00
135.36585,0.000,0.000,0.00
135.37601,0.000,0.000,0.00
135.38619,0.000,0.000,0.00
135.39675,0.000,0.000,0.00
135.40700,0.000,0.000,0.00
135.41715,0.000,0.000,0.00
135.42732,0.000,0.000,0.00
135.43771,0.000,0.000,0.00
135.44808,0.000,0.000,0.00
135.45956,0.000,0.000,0.00
135.47028,0.000,0.000,0.00
135.48050,0.000,0.000,0.00
135.49070,0.000,0.000,0.00
135.50098,0.000,0.000,0.00
135.51120,0.000,0.000,0.00
135.52136,0.000,0.000,0.00
135.53157,0.000,0.000,0.00
135.54178,0.000,0.000,0.00
135.55195,0.000,0.000,0.00
135.56212,0.000,0.000,0.00
135.57228,0.000,0.000,0.00
135.58248,0.000,0.000,0.00
135.59272,0.000,0.000,0.00
135.60289,0.000,0.000,0.00
135.61310,0.000,0.000,0.00
135.62326,0.000,0.000,0.00
135.63348,0.000,0.000,0.00
135.64364,0.000,0.000,0.00
135.65380,0.000,0.000,0.00
135.66397,0.000,0.000,0.00
135.67501,0.000,0.000,0.00
135.68517,0.000,0.000,0.00
135.69537,0.000,0.000,0.00
135.70554,0.000,0.000,0.00
135.71599,0.000,0.000,0.00
135.72642,0.000,0.000,0.00
135.73733,0.000,0.000,0.00
135.74750,0.000,0.000,0.00
135.75765,0.000,0.000,0.00
135.76783,0.000,0.000,0.00
135.77799,0.000,0.000,0.00
135.78933,0.000,0.000,0.00
135.79964,0.000,0.000,0.00
135.81120,0.000,0.000,0.00
135.82135,0.000,0.000,0.00
135.83154,0.000,0.000,0.00
135.84197,0.000,0.000,0.00
135.85230,0.000,0.000,0.00
135.86270,0.000,0.000,0.00
135.87293,0.000,0.000,0.00
135.88336,0.000,0.000,0.00
135.89376,0.000,0.000,0.00
135.90464,0.000,0.000,0.00
135.91498,0.000,0.000,0.00
135.92521,0.000,0.000,0.00
135.93538,0.000,0.000,0.00
135.94553,0.000,0.000,0.00
135.95569,0.000,0.000,0.00
135.96584,0.000,0.000,0.00
135.97601,0.000,0.000,0.00
135.98617,0.000,0.000,0.00
135.99637,0.000,0.000,0.00
136.00703,0.000,0.000,0.00
136.01899,0.000,0.000,0.00
136.02931,0.000,0.000,0.00
136.04021,0.000,0.000,0.00
136.05040,0.000,0.000,0.00
136.06056,0.000,0.000,0.00
136.07071,0.000,0.000,0.00
136.08087,0.000,0.000,0.00
136.09120,0.000,0.000,0.00
136.10214,0.000,0.000,0.00
136.11305,0.000,0.000,0.00
136.12325,0.000,0.000,0.00
136.13347,0.000,0.000,0.00
136.14362,0.000,0.000,0.00
136.15378,0.000,0.000,0.00
136.16398,0.000,0.000,0.00
136.17413,0.000,0.000,0.00
136.18434,0.000,0.000,0.00
136.19450,0.000,0.000,0.00
136.20466,0.000,0.000,0.00
136.21486,0.000,0.000,0.00
136.22501,0.000,0.000,0.00
136.23517,0.000,0.000,0.00
136.24532,0.000,0.000,0.00
136.25548,0.000,0.000,0.00
136.26586,0.000,0.000,0.00
136.27604,0.000,0.000,0.00
136.28650,0.000,0.000,0.00
136.29650,0.000,0.000,0.00
136.30665,0.000,0.000,0.00
136.31687,0.000,0.000,0.00
136.32703,0.000,0.000,0.00
136.33803,0.000,0.000,0.00
136.34820,0.000,0.000,0.00
136.35846,0.000,0.000,0.00
136.36862,0.000,0.000,0.00
136.37877,0.000,0.000,0.00
136.38892,0.000,0.000,0.00
136.39910,0.000,0.000,0.00
136.40941,0.000,0.000,0.00
136.41961,0.000,0.000,0.00
136.43001,0.000,0.000,0.00
136.44019,0.000,0.000,0.00
136.45253,0.000,0.000,0.00
136.46323,0.000,0.000,0.00
136.47341,0.000,0.000,0.00
136.48370,0.000,0.000,0.00
136.49386,0.000,0.000,0.00
136.50402,0.000,0.000,0.00
136.51417,0.000,0.000,0.00
136.52443,0.000,0.000,0.00
136.53464,0.000,0.000,0.00
136.54482,0.000,0.000,0.00
136.55498,0.000,0.000,0.00
136.56514,0.000,0.000,0.00
136.57659,0.000,0.000,0.00
136.58689,0.000,0.000,0.00
136.59721,0.000,0.000,0.00
136.60737,0.000,0.000,0.00
136.61800,0.000,0.000,0.00
136.62814,0.000,0.000,0.00
136.63847,0.000,0.000,0.00
136.64863,0.000,0.000,0.00
136.65878,0.000,0.000,0.00
136.66892,0.000,0.000,0.00
136.67906,0.000,0.000,0.00
136.68926,0.000,0.000,0.00
136.69957,0.000,0.000,0.00
136.70963,0.000,0.000,0.00
136.71996,0.000,0.000,0.00
136.73017,0.000,0.000,0.00
136.74032,0.000,0.000,0.00
136.75051,0.000,0.000,0.00
136.76071,0.000,0.000,0.00
136.77086,0.000,0.000,0.00
136.78106,0.000,0.000,0.00
136.79126,0.000,0.000,0.00
136.80150,0.000,0.000,0.00
136.81179,0.000,0.000,0.00
136.82195,0.000,0.000,0.00
136.83218,0.000,0.000,0.00
136.84244,0.000,0.000,0.00
136.85273,0.000,0.000,0.00
136.86277,0.000,0.000,0.00
136.87293,0.000,0.000,0.00
136.88332,0.000,0.000,0.00
136.89396,0.000,0.000,0.00
136.90411,0.000,0.000,0.00
136.91429,0.000,0.000,0.00
136.92444,0.000,0.000,0.00
136.93461,0.000,0.000,0.00
136.94486,0.000,0.000,0.00
136.95509,0.000,0.000,0.00
136.96553,0.000,0.000,0.00
136.97567,0.000,0.000,0.00
136.98583,0.000,0.000,0.00
136.99598,0.000,0.000,0.00
137.00616,0.000,0.000,0.00
137.01632,0.000,0.000,0.00
137.02655,0.000,0.000,0.00
137.03691,0.000,0.000,0.00
137.04690,0.000,0.000,0.00
137.05712,0.000,0.000,0.00
137.06728,0.000,0.000,0.00
137.07758,0.000,0.000,0.00
137.08773,0.000,0.000,0.00
137.09887,0.000,0.000,0.00
137.10904,0.000,0.000,0.00
137.11920,0.000,0.000,0.00
137.12935,0.000,0.000,0.00
137.13951,0.000,0.000,0.00
137.14988,0.000,0.000,0.00
137.16003,0.000,0.000,0.00
137.17019,0.000,0.000,0.00
137.18035,0.000,0.000,0.00
137.19051,0.000,0.000,0.00
137.20067,0.000,0.000,0.00
137.21084,0.000,0.000,0.00
137.22121,0.000,0.000,0.00
137.23144,0.000,0.000,0.00
137.24169,0.000,0.000,0.00
137.25183,0.000,0.000,0.00
137.26198,0.000,0.000,0.00
137.27214,0.000,0.000,0.00
137.28229,0.000,0.000,0.00
137.29360,0.000,0.000,0.00
137.30387,0.000,0.000,0.00
137.31411,0.000,0.000,0.00
137.32464,0.000,0.000,0.00
137.33476,0.000,0.000,0.00
137.34491,0.000,0.000,0.00
137.35505,0.000,0.000,0.00
137.36520,0.000,0.000,0.00
137.37533,0.000,0.000,0.00
137.38546,0.000,0.000,0.00
137.39586,0.000,0.000,0.00
137.40611,0.000,0.000,0.00
137.41618,0.000,0.000,0.00
137.42643,0.000,0.000,0.00
137.43659,0.000,0.000,0.00
137.44674,0.000,0.000,0.00
137.45694,0.000,0.000,0.00
137.46713,0.000,0.000,0.00
137.47747,0.000,0.000,0.00
137.48745,0.000,0.000,0.00
137.49770,0.000,0.000,0.00
137.50794,0.000,0.000,0.00
137.51853,0.000,0.000,0.00
137.52868,0.000,0.000,0.00
137.53896,0.000,0.000,0.00
137.54941,0.000,0.000,0.00
137.55957,0.000,0.000,0.00
137.56996,0.000,0.000,0.00
137.58053,0.000,0.000,0.00
137.59068,0.000,0.000,0.00
137.60089,0.000,0.000,0.00
137.61115,0.000,0.000,0.00
137.62139,0.000,0.000,0.00
137.63220,0.000,0.000,0.00
137.64276,0.000,0.000,0.00
137.65303,0.000,0.000,0.00
137.66319,0.000,0.000,0.00
137.67335,0.000,0.000,0.00
137.68352,0.000,0.000,0.00
137.69368,0.000,0.000,0.00
137.70384,0.000,0.000,0.00
137.71399,0.000,0.000,0.00
137.72415,0.000,0.000,0.00
137.73441,0.000,0.000,0.00
137.74447,0.000,0.000,0.00
137.75494,0.000,0.000,0.00
137.76559,0.000,0.000,0.00
137.77698,0.000,0.000,0.00
137.78716,0.000,0.000,0.00
137.79743,0.000,0.000,0.00
137.80769,0.000,0.000,0.00
137.81789,0.000,0.000,0.00
137.82815,0.000,0.000,0.00
137.83830,0.000,0.000,0.00
137.84845,0.000,0.000,0.00
137.85865,0.000,0.000,0.00
137.86887,0.000,0.000,0.00
137.88002,0.000,0.000,0.00
137.89050,0.000,0.000,0.00
137.90119,0.000,0.000,0.00
137.91158,0.000,0.000,0.00
137.92173,0.000,0.000,0.00
137.93189,0.000,0.000,0.00
137.94206,0.000,0.000,0.00
137.95248,0.000,0.000,0.00
137.96288,0.000,0.000,0.00
137.97335,0.000,0.000,0.00
137.98406,0.000,0.000,0.00
137.99422,0.000,0.000,0.00
138.00451,0.000,0.000,0.00
138.01501,0.000,0.000,0.00
138.02526,0.000,0.000,0.00
138.03542,0.000,0.000,0.00
138.04558,0.000,0.000,0.00
138.05586,0.000,0.000,0.00
138.06602,0.000,0.000,0.00
138.07617,0.000,0.000,0.00
138.08644,0.000,0.000,0.00
138.09668,0.000,0.000,0.00
138.10684,0.000,0.000,0.00
138.11701,0.000,0.000,0.00
138.12783,0.000,0.000,0.00
138.13801,0.000,0.000,0.00
138.14816,0.000,0.000,0.00
138.15854,0.000,0.000,0.00
138.16887,0.000,0.000,0.00
138.17918,0.000,0.000,0.00
138.18945,0.000,0.000,0.00
138.19955,0.000,0.000,0.00
138.20979,0.000,0.000,0.00
138.21995,0.000,0.000,0.00
138.23021,0.000,0.000,0.00
138.24036,0.000,0.000,0.00
138.25065,0.000,0.000,0.00
138.26225,0.000,0.000,0.00
138.27329,0.000,0.000,0.00
138.28346,0.000,0.000,0.00
138.29362,0.000,0.000,0.00
138.30377,0.000,0.000,0.00
138.31409,0.000,0.000,0.00
138.32445,0.000,0.000,0.00
138.33460,0.000,0.000,0.00
138.34476,0.000,0.000,0.00
138.35490,0.000,0.000,0.00
138.36509,0.000,0.000,0.00
138.37536,0.000,0.000,0.00
138.38552,0.000,0.000,0.00
138.39568,0.000,0.000,0.00
138.40584,0.000,0.000,0.00
138.41603,0.000,0.000,0.00
138.42640,0.000,0.000,0.00
138.43660,0.000,0.000,0.00
138.44693,0.000,0.000,0.00
138.45724,0.000,0.000,0.00
138.46740,0.000,0.000,0.00
138.47760,0.000,0.000,0.00
138.48775,0.000,0.000,0.00
138.49826,0.000,0.000,0.00
138.50898,0.000,0.000,0.00
138.52030,0.000,0.000,0.00
138.53081,0.000,0.000,0.00
138.54098,0.000,0.000,0.00
138.55204,0.000,0.000,0.00
138.56221,0.000,0.000,0.00
138.57235,0.000,0.000,0.00
138.58262,0.000,0.000,0.00
138.59283,0.000,0.000,0.00
138.60318,0.000,0.000,0.00
138.61360,0.000,0.000,0.00
138.62393,0.000,0.000,0.00
138.63441,0.000,0.000,0.00
138.64458,0.000,0.000,0.00
138.65494,0.000,0.000,0.00
138.66528,0.000,0.000,0.00
138.67569,0.000,0.000,0.00
138.68604,0.000,0.000,0.00
138.69637,0.000,0.000,0.00
138.70693,0.000,0.000,0.00
138.71731,0.000,0.000,0.00
138.72753,0.000,0.000,0.00
138.73769,0.000,0.000,0.00
138.74785,0.000,0.000,0.00
138.75829,0.000,0.000,0.00
138.76845,0.000,0.000,0.00
138.77859,0.000,0.000,0.00
138.78899,0.000,0.000,0.00
138.79935,0.000,0.000,0.00
138.80968,0.000,0.000,0.00
138.82000,0.000,0.000,0.00
138.83064,0.000,0.000,0.00
138.84082,0.000,0.000,0.00
138.85099,0.000,0.000,0.00
138.86122,0.000,0.000,0.00
138.87139,0.000,0.000,0.00
138.88154,0.000,0.000,0.00
138.89224,0.000,0.000,0.00
138.90240,0.000,0.000,0.00
138.91261,0.000,0.000,0.00
138.92292,0.000,0.000,0.00
138.93308,0.000,0.000,0.00
138.94326,0.000,0.000,0.00
138.95340,0.000,0.000,0.00
138.96369,0.000,0.000,0.00
138.97405,0.000,0.000,0.00
138.98433,0.000,0.000,0.00
138.99472,0.000,0.000,0.00
139.00507,0.000,0.000,0.00
139.01527,0.000,0.000,0.00
139.02543,0.000,0.000,0.00
139.03580,0.000,0.000,0.00
139.04626,0.000,0.000,0.00
139.05642,0.000,0.000,0.00
139.06658,0.000,0.000,0.00
139.07704,0.000,0.000,0.00
139.08721,0.000,0.000,0.00
139.09742,0.000,0.000,0.00
139.10760,0.000,0.000,0.00
139.11783,0.000,0.000,0.00
139.12799,0.000,0.000,0.00
139.13815,0.000,0.000,0.00
139.14831,0.000,0.000,0.00
139.15975,0.000,0.000,0.00
139.17021,0.000,0.000,0.00
139.18037,0.000,0.000,0.00
139.19100,0.000,0.000,0.00
139.20116,0.000,0.000,0.00
139.21134,0.000,0.000,0.00
139.22150,0.000,0.000,0.00
139.23169,0.000,0.000,0.00
139.24220,0.000,0.000,0.00
139.25279,0.000,0.000,0.00
139.26298,0.000,0.000,0.00
139.27314,0.000,0.000,0.00
139.28330,0.000,0.000,0.00
139.29346,0.000,0.000,0.00
139.30415,0.000,0.000,0.00
139.31443,0.000,0.000,0.00
139.32448,0.000,0.000,0.00
139.33508,0.000,0.000,0.00
139.34515,0.000,0.000,0.00
139.35546,0.000,0.000,0.00
139.36593,0.000,0.000,0.00
139.37609,0.000,0.000,0.00
139.38625,0.000,0.000,0.00
139.39643,0.000,0.000,0.00
139.40668,0.000,0.000,0.00
139.41692,0.000,0.000,0.00
139.42707,0.000,0.000,0.00
139.43723,0.000,0.000,0.00
139.44739,0.000,0.000,0.00
139.45758,0.000,0.000,0.00
139.46775,0.000,0.000,0.00
139.47810,0.000,0.000,0.00
139.48825,0.000,0.000,0.00
139.49888,0.000,0.000,0.00
139.50904,0.000,0.000,0.00
139.52154,0.000,0.000,0.00
139.53170,0.000,0.000,0.00
139.54187,0.000,0.000,0.00
139.55277,0.000,0.000,0.00
139.56293,0.000,0.000,0.00
139.57308,0.000,0.000,0.00
139.58343,0.000,0.000,0.00
139.59364,0.000,0.000,0.00
139.60379,0.000,0.000,0.00
139.61400,0.000,0.000,0.00
139.62416,0.000,0.000,0.00
139.63461,0.000,0.000,0.00
139.64490,0.000,0.000,0.00
139.65525,0.000,0.000,0.00
139.66555,0.000,0.000,0.00
139.67572,0.000,0.000,0.00
139.68590,0.000,0.000,0.00
139.69605,0.000,0.000,0.00
139.70621,0.000,0.000,0.00
139.71638,0.000,0.000,0.00
139.72655,0.000,0.000,0.00
139.73675,0.000,0.000,0.00
139.74690,0.000,0.000,0.00
139.75706,0.000,0.000,0.00
139.76722,0.000,0.000,0.00
139.77736,0.000,0.000,0.00
139.78752,0.000,0.000,0.00
139.79767,0.000,0.000,0.00
139.80791,0.000,0.000,0.00
139.81812,0.000,0.000,0.00
139.82835,0.000,0.000,0.00
139.83865,0.000,0.000,0.00
139.84880,0.000,0.000,0.00
139.85924,0.000,0.000,0.00
139.86942,0.000,0.000,0.00
139.87956,0.000,0.000,0.00
139.88971,0.000,0.000,0.00
139.89985,0.000,0.000,0.00
139.91001,0.000,0.000,0.00
139.92037,0.000,0.000,0.00
139.93053,0.000,0.000,0.00
139.94078,0.000,0.000,0.00
139.95097,0.000,0.000,0.00
139.96125,0.000,0.000,0.00
139.97152,0.000,0.000,0.00
139.98157,0.000,0.000,0.00
139.99173,0.000,0.000,0.00
140.00200,0.000,0.000,0.00
140.01244,0.000,0.000,0.00
140.02252,0.000,0.000,0.00
140.03266,0.000,0.000,0.00
