t,v_battery,kp_m1,kd_m1,p_des_m1,v_des_m1,t_des_m1,p_cur_m1,v_cur_m1,t_cur_m1,kp_m2,kd_m2,p_des_m2,v_des_m2,t_des_m2,p_cur_m2,v_cur_m2,t_cur_m2,sh_el,sh_el_dot,sh_hr,el_fe,el_fe_dot,sh_force_des,el_force_des,force_cur,trigger,gravity_support_shoulder,gravity_support_elbow
0.02169,0.00,0.00,0.00,0.000,0.000,0.000,0.000,0.000,0.000,0.00,0.00,0.000,0.000,0.000,2.206,-0.011,0.077,0.281,0.003,0.000,0.000,0.000,5.000,5.000,0.000,0.000,0.15,0.00
0.03458,0.00,0.00,0.00,0.000,0.000,0.000,0.000,0.000,0.000,0.00,0.00,0.000,0.000,0.000,2.206,-0.011,0.077,0.282,0.003,0.000,0.000,0.000,5.000,5.000,0.000,0.000,0.15,0.00
0.04474,0.00,0.00,0.00,0.000,0.000,0.000,0.000,0.000,0.000,0.00,0.00,0.000,0.000,0.000,2.206,-0.011,0.077,0.282,0.002,0.000,0.000,0.000,5.000,5.000,0.000,0.000,0.15,0.00
0.05491,0.00,0.00,0.00,0.000,0.000,0.000,0.000,0.000,0.000,0.00,0.00,0.000,0.000,0.000,2.206,-0.011,0.077,0.282,0.002,0.000,0.000,0.000,5.000,5.000,0.000,0.000,0.15,0.00
0.06677,0.00,0.00,0.00,0.000,0.000,0.000,0.000,0.000,0.000,0.00,0.00,0.000,0.000,0.000,2.206,-0.011,0.077,0.282,0.001,0.000,0.000,0.000,5.000,5.000,0.000,0.000,0.15,0.00
0.07807,0.00,0.00,0.00,0.000,0.000,0.000,0.000,0.000,0.000,0.00,0.00,0.000,0.000,0.000,2.206,-0.011,0.077,0.282,0.002,0.000,0.000,0.000,5.000,5.000,0.000,0.000,0.15,0.00
0.08978,0.00,0.00,0.00,0.000,0.000,0.000,0.000,0.000,0.000,0.00,0.00,0.000,0.000,0.000,2.206,-0.011,0.077,0.282,0.001,0.000,0.000,0.000,5.000,5.000,0.000,0.000,0.15,0.00
0.09998,0.00,0.00,0.00,0.000,0.000,0.000,0.000,0.000,0.000,0.00,0.00,0.000,0.000,0.000,2.206,0.033,0.077,0.282,0.002,0.000,0.000,0.000,5.000,5.000,0.000,0.000,0.15,0.00
0.11045,0.00,0.00,0.00,0.000,0.000,0.000,0.000,0.000,0.000,0.00,0.00,0.000,0.000,0.000,2.206,0.033,0.077,0.282,0.001,0.000,0.000,0.000,5.000,5.000,0.000,0.000,0.15,0.00
0.12266,0.00,0.00,0.00,0.000,0.000,0.000,0.000,0.000,0.000,0.00,0.00,0.000,0.000,0.000,2.206,0.033,0.077,0.282,0.001,0.000,0.000,0.000,5.000,5.000,0.000,0.000,0.15,0.00
0.13292,0.00,0.00,0.00,0.000,0.000,0.000,0.000,0.000,0.000,0.00,0.00,0.000,0.000,0.000,2.206,0.033,0.077,0.282,0.001,0.000,0.000,0.000,5.000,5.000,0.000,0.000,0.15,0.00
0.14327,0.00,0.00,0.00,0.000,0.000,0.000,0.000,0.000,0.000,0.00,0.00,0.000,0.000,0.000,2.206,0.033,0.077,0.282,0.002,0.000,0.000,0.000,5.000,5.000,0.000,0.000,0.15,0.00
0.15344,0.00,0.00,0.00,0.000,0.000,0.000,0.000,0.000,0.000,0.00,0.00,0.000,0.000,0.000,2.206,0.033,0.077,0.282,0.002,0.000,0.000,0.000,5.000,5.000,0.000,0.000,0.15,0.00
0.16361,0.00,0.00,0.00,0.000,0.000,0.000,0.000,0.000,0.000,0.00,0.00,0.000,0.000,0.000,2.206,0.033,0.077,0.282,0.001,0.000,0.000,0.000,5.000,5.000,0.000,0.000,0.15,0.00
0.17380,0.00,0.00,0.00,0.000,0.000,0.000,0.000,0.000,0.000,0.00,0.00,0.000,0.000,0.000,2.206,0.033,0.077,0.282,0.001,0.000,0.000,0.000,5.000,5.000,0.000,0.000,0.15,0.00
0.18396,0.00,0.00,0.00,0.000,0.000,0.000,0.000,0.000,0.000,0.00,0.00,0.000,0.000,0.000,2.206,0.033,0.077,0.282,0.003,0.000,0.000,0.000,5.000,5.000,0.000,0.000,0.15,0.00
0.19427,0.00,0.00,0.00,0.000,0.000,0.000,0.000,0.000,0.000,0.00,0.00,0.000,0.000,0.000,2.206,0.033,0.077,0.282,0.002,0.000,0.000,0.000,5.000,5.000,0.000,0.000,0.15,0.00
0.20470,0.00,0.00,0.00,0.000,0.000,0.000,0.000,0.000,0.000,0.00,0.00,0.000,0.000,0.000,2.206,0.033,0.077,0.282,0.001,0.000,0.000,0.000,5.000,5.000,0.000,0.000,0.15,0.00
0.21501,0.00,0.00,0.00,0.000,0.000,0.000,0.000,0.000,0.000,0.00,0.00,0.000,0.000,0.000,2.206,0.033,0.077,0.282,0.000,0.000,0.000,0.000,5.000,5.000,0.000,0.000,0.15,0.00
0.22597,0.00,0.00,0.00,0.000,0.000,0.000,0.000,0.000,0.000,0.00,0.00,0.000,0.000,0.000,2.206,0.033,0.077,0.282,0.000,0.000,0.000,0.000,5.000,5.000,0.000,0.000,0.15,0.00
0.23613,0.00,0.00,0.00,0.000,0.000,0.000,0.000,0.000,0.000,0.00,0.00,0.000,0.000,0.000,2.206,0.033,0.077,0.282,0.000,0.000,0.000,0.000,5.000,5.000,0.000,0.000,0.15,0.00
0.24630,0.00,0.00,0.00,0.000,0.000,0.000,0.000,0.000,0.000,0.00,0.00,0.000,0.000,0.000,2.206,0.033,0.077,0.282,0.004,0.000,0.000,0.000,5.000,5.000,0.000,0.000,0.15,0.00
0.25646,0.00,0.00,0.00,0.000,0.000,0.000,0.000,0.000,0.000,0.00,0.00,0.000,0.000,0.000,2.206,0.033,0.077,0.282,0.006,0.000,0.000,0.000,5.000,5.000,0.000,0.000,0.15,0.00
0.26663,0.00,0.00,0.00,0.000,0.000,0.000,0.000,0.000,0.000,0.00,0.00,0.000,0.000,0.000,2.206,0.033,0.077,0.282,0.004,0.000,0.000,0.000,5.000,5.000,0.000,0.000,0.15,0.00
0.27685,0.00,0.00,0.00,0.000,0.000,0.000,0.000,0.000,0.000,0.00,0.00,0.000,0.000,0.000,2.206,0.033,0.077,0.282,0.003,0.000,0.000,0.000,5.000,5.000,0.000,0.000,0.15,0.00
0.28718,0.00,0.00,0.00,0.000,0.000,0.000,0.000,0.000,0.000,0.00,0.00,0.000,0.000,0.000,2.206,0.033,0.077,0.282,0.002,0.000,0.000,0.000,5.000,5.000,0.000,0.000,0.15,0.00
0.29952,0.00,0.00,0.00,0.000,0.000,0.000,0.000,0.000,0.000,0.00,0.00,0.000,0.000,0.000,2.206,0.033,0.077,0.282,0.001,0.000,0.000,0.000,5.000,5.000,0.000,0.000,0.15,0.00
0.31205,0.00,0.00,0.00,0.000,0.000,0.000,0.000,0.000,0.000,0.00,0.00,0.000,0.000,0.000,2.206,0.033,0.077,0.282,0.001,0.000,0.000,0.000,5.000,5.000,0.000,0.000,0.15,0.00
0.32224,0.00,0.00,0.00,0.000,0.000,0.000,0.000,0.000,0.000,0.00,0.00,0.000,0.000,0.000,2.206,0.033,0.077,0.282,0.006,0.000,0.000,0.000,5.000,5.000,0.000,0.000,0.15,0.00
0.33242,0.00,0.00,0.00,0.000,0.000,0.000,0.000,0.000,0.000,0.00,0.00,0.000,0.000,0.000,2.206,0.033,0.077,0.282,0.008,0.000,0.000,0.000,5.000,5.000,0.000,0.000,0.15,0.00
0.34262,0.00,0.00,0.00,0.000,0.000,0.000,0.000,0.000,0.000,0.00,0.00,0.000,0.000,0.000,2.206,0.033,0.077,0.282,0.005,0.000,0.000,0.000,5.000,5.000,0.000,0.000,0.15,0.00
0.35279,0.00,0.00,0.00,0.000,0.000,0.000,0.000,0.000,0.000,0.00,0.00,0.000,0.000,0.000,2.206,0.033,0.077,0.282,0.007,0.000,0.000,0.000,5.000,5.000,0.000,0.000,0.15,0.00
0.36296,0.00,0.00,0.00,0.000,0.000,0.000,0.000,0.000,0.000,0.00,0.00,0.000,0.000,0.000,2.206,0.033,0.077,0.282,0.008,0.000,0.000,0.000,5.000,5.000,0.000,0.000,0.15,0.00
0.37352,0.00,0.00,0.00,0.000,0.000,0.000,0.000,0.000,0.000,0.00,0.00,0.000,0.000,0.000,2.206,0.033,0.077,0.282,0.005,0.000,0.000,0.000,5.000,5.000,0.000,0.000,0.15,0.00
0.38402,0.00,0.00,0.00,0.000,0.000,0.000,0.000,0.000,0.000,0.00,0.00,0.000,0.000,0.000,2.206,0.033,0.077,0.282,0.004,0.000,0.000,0.000,5.000,5.000,0.000,0.000,0.15,0.00
0.39418,0.00,0.00,0.00,0.000,0.000,0.000,0.000,0.000,0.000,0.00,0.00,0.000,0.000,0.000,2.206,0.033,0.077,0.282,0.006,0.000,0.000,0.000,5.000,5.000,0.000,0.000,0.15,0.00
0.40434,0.00,0.00,0.00,0.000,0.000,0.000,0.000,0.000,0.000,0.00,0.00,0.000,0.000,0.000,2.206,0.033,0.077,0.282,0.004,0.000,0.000,0.000,5.000,5.000,0.000,0.000,0.15,0.00
0.41477,0.00,0.00,0.00,0.000,0.000,0.000,0.000,0.000,0.000,0.00,0.00,0.000,0.000,0.000,2.206,0.033,0.077,0.282,0.003,0.000,0.000,0.000,5.000,5.000,0.000,0.000,0.15,0.00
0.42493,0.00,0.00,0.00,0.000,0.000,0.000,0.000,0.000,0.000,0.00,0.00,0.000,0.000,0.000,2.206,0.033,0.077,0.282,0.001,0.000,0.000,0.000,5.000,5.000,0.000,0.000,0.15,0.00
0.43510,0.00,0.00,0.00,0.000,0.000,0.000,0.000,0.000,0.000,0.00,0.00,0.000,0.000,0.000,2.206,0.033,0.077,0.282,0.001,0.000,0.000,0.000,5.000,5.000,0.000,0.000,0.15,0.00
0.44526,0.00,0.00,0.00,0.000,0.000,0.000,0.000,0.000,0.000,0.00,0.00,0.000,0.000,0.000,2.206,0.033,0.077,0.282,0.000,0.000,0.000,0.000,5.000,5.000,0.000,0.000,0.15,0.00
0.45558,0.00,0.00,0.00,0.000,0.000,0.000,0.000,0.000,0.000,0.00,0.00,0.000,0.000,0.000,2.206,0.033,0.077,0.282,-0.001,0.000,0.000,0.000,5.000,5.000,0.000,0.000,0.15,0.00
0.46575,0.00,0.00,0.00,0.000,0.000,0.000,0.000,0.000,0.000,0.00,0.00,0.000,0.000,0.000,2.206,0.033,0.077,0.282,-0.001,0.000,0.000,0.000,5.000,5.000,0.000,0.000,0.15,0.00
0.47591,0.00,0.00,0.00,0.000,0.000,0.000,0.000,0.000,0.000,0.00,0.00,0.000,0.000,0.000,2.206,0.033,0.077,0.282,-0.002,0.000,0.000,0.000,5.000,5.000,0.000,0.000,0.15,0.00
0.48606,0.00,0.00,0.00,0.000,0.000,0.000,0.000,0.000,0.000,0.00,0.00,0.000,0.000,0.000,2.206,0.033,0.077,0.282,-0.001,0.000,0.000,0.000,5.000,5.000,0.000,0.000,0.15,0.00
0.49623,0.00,0.00,0.00,0.000,0.000,0.000,0.000,0.000,0.000,0.00,0.00,0.000,0.000,0.000,2.206,0.033,0.077,0.282,-0.001,0.000,0.000,0.000,5.000,5.000,0.000,0.000,0.15,0.00
0.50640,0.00,0.00,0.00,0.000,0.000,0.000,0.000,0.000,0.000,0.00,0.00,0.000,0.000,0.000,2.206,0.033,0.077,0.282,-0.003,0.000,0.000,0.000,5.000,5.000,0.000,0.000,0.15,0.00
0.51823,0.00,0.00,0.00,0.000,0.000,0.000,0.000,0.000,0.000,0.00,0.00,0.000,0.000,0.000,2.206,0.033,0.077,0.282,-0.002,0.000,0.000,0.000,5.000,5.000,0.000,0.000,0.15,0.00
0.52845,0.00,0.00,0.00,0.000,0.000,0.000,0.000,0.000,0.000,0.00,0.00,0.000,0.000,0.000,2.206,0.033,0.077,0.282,-0.002,0.000,0.000,0.000,5.000,5.000,0.000,0.000,0.15,0.00
0.53862,0.00,0.00,0.00,0.000,0.000,0.000,0.000,0.000,0.000,0.00,0.00,0.000,0.000,0.000,2.206,0.033,0.077,0.282,-0.003,0.000,0.000,0.000,5.000,5.000,0.000,0.000,0.15,0.00
0.54889,0.00,0.00,0.00,0.000,0.000,0.000,0.000,0.000,0.000,0.00,0.00,0.000,0.000,0.000,2.206,0.033,0.077,0.282,-0.002,0.000,0.000,0.000,5.000,5.000,0.000,0.000,0.15,0.00
0.55905,0.00,0.00,0.00,0.000,0.000,0.000,0.000,0.000,0.000,0.00,0.00,0.000,0.000,0.000,2.206,0.033,0.077,0.282,-0.001,0.000,0.000,0.000,5.000,5.000,0.000,0.000,0.15,0.00
0.58070,0.00,0.00,0.00,0.000,0.000,0.000,0.000,0.000,0.000,0.00,0.00,0.000,0.000,0.000,2.206,0.033,0.077,0.282,0.000,0.000,0.000,0.000,5.000,5.000,0.000,0.000,0.15,0.00
0.59543,0.00,0.00,0.00,0.000,0.000,0.000,0.000,0.000,0.000,0.00,0.00,0.000,0.000,0.000,2.206,0.033,0.077,0.282,0.000,0.000,0.000,0.000,5.000,5.000,0.000,0.000,0.15,0.00
0.60561,0.00,0.00,0.00,0.000,0.000,0.000,0.000,0.000,0.000,0.00,0.00,0.000,0.000,0.000,2.206,0.033,0.077,0.282,0.000,0.000,0.000,0.000,5.000,5.000,0.000,0.000,0.15,0.00
0.61579,0.00,0.00,0.00,0.000,0.000,0.000,0.000,0.000,0.000,0.00,0.00,0.000,0.000,0.000,2.206,0.033,0.077,0.282,0.000,0.000,0.000,0.000,5.000,5.000,0.000,0.000,0.15,0.00
0.62599,0.00,0.00,0.00,0.000,0.000,0.000,0.000,0.000,0.000,0.00,0.00,0.000,0.000,0.000,2.206,0.033,0.077,0.282,0.000,0.000,0.000,0.000,5.000,5.000,0.000,0.000,0.15,0.00
0.63616,0.00,0.00,0.00,0.000,0.000,0.000,0.000,0.000,0.000,0.00,0.00,0.000,0.000,0.000,2.206,0.033,0.077,0.282,0.000,0.000,0.000,0.000,5.000,5.000,0.000,0.000,0.15,0.00
0.64637,0.00,0.00,0.00,0.000,0.000,0.000,0.000,0.000,0.000,0.00,0.00,0.000,0.000,0.000,2.206,0.033,0.077,0.282,0.000,0.000,0.000,0.000,5.000,5.000,0.000,0.000,0.15,0.00
0.65663,0.00,0.00,0.00,0.000,0.000,0.000,0.000,0.000,0.000,0.00,0.00,0.000,0.000,0.000,2.206,0.033,0.077,0.282,0.000,0.000,0.000,0.000,5.000,5.000,0.000,0.000,0.15,0.00
0.67230,0.00,0.00,0.00,0.000,0.000,0.000,0.000,0.000,0.000,0.00,0.00,0.000,0.000,0.000,2.206,0.033,0.077,0.282,-0.001,0.000,0.000,0.000,5.000,5.000,0.000,0.000,0.15,0.00
0.68251,0.00,0.00,0.00,0.000,0.000,0.000,0.000,0.000,0.000,0.00,0.00,0.000,0.000,0.000,2.206,0.033,0.077,0.282,-0.002,0.000,0.000,0.000,5.000,5.000,0.000,0.000,0.15,0.00
0.69267,0.00,0.00,0.00,0.000,0.000,0.000,0.000,0.000,0.000,0.00,0.00,0.000,0.000,0.000,2.206,0.033,0.077,0.282,-0.001,0.000,0.000,0.000,5.000,5.000,0.000,0.000,0.15,0.00
0.70546,0.00,0.00,0.00,0.000,0.000,0.000,0.000,0.000,0.000,0.00,0.00,0.000,0.000,0.000,2.206,0.033,0.077,0.282,-0.001,0.000,0.000,0.000,5.000,5.000,0.000,0.000,0.15,0.00
0.71592,0.00,0.00,0.00,0.000,0.000,0.000,0.000,0.000,0.000,0.00,0.00,0.000,0.000,0.000,2.206,0.033,0.077,0.282,-0.002,0.000,0.000,0.000,5.000,5.000,0.000,0.000,0.15,0.00
0.72609,0.00,0.00,0.00,0.000,0.000,0.000,0.000,0.000,0.000,0.00,0.00,0.000,0.000,0.000,2.206,0.033,0.077,0.282,-0.002,0.000,0.000,0.000,5.000,5.000,0.000,0.000,0.15,0.00
0.73796,0.00,0.00,0.00,0.000,0.000,0.000,0.000,0.000,0.000,0.00,0.00,0.000,0.000,0.000,2.206,0.033,0.077,0.282,-0.001,0.000,0.000,0.000,5.000,5.000,0.000,0.000,0.15,0.00
0.74822,0.00,0.00,0.00,0.000,0.000,0.000,0.000,0.000,0.000,0.00,0.00,0.000,0.000,0.000,2.206,0.033,0.077,0.282,-0.001,0.000,0.000,0.000,5.000,5.000,0.000,0.000,0.15,0.00
0.75861,0.00,0.00,0.00,0.000,0.000,0.000,0.000,0.000,0.000,0.00,0.00,0.000,0.000,0.000,2.206,0.033,0.077,0.282,-0.002,0.000,0.000,0.000,5.000,5.000,0.000,0.000,0.15,0.00
0.76893,0.00,0.00,0.00,0.000,0.000,0.000,0.000,0.000,0.000,0.00,0.00,0.000,0.000,0.000,2.206,0.033,0.077,0.282,-0.001,0.000,0.000,0.000,5.000,5.000,0.000,0.000,0.15,0.00
0.77909,0.00,0.00,0.00,0.000,0.000,0.000,0.000,0.000,0.000,0.00,0.00,0.000,0.000,0.000,2.206,0.033,0.077,0.282,-0.001,0.000,0.000,0.000,5.000,5.000,0.000,0.000,0.15,0.00
0.78925,0.00,0.00,0.00,0.000,0.000,0.000,0.000,0.000,0.000,0.00,0.00,0.000,0.000,0.000,2.206,0.033,0.077,0.282,-0.002,0.000,0.000,0.000,5.000,5.000,0.000,0.000,0.15,0.00
0.79940,0.00,0.00,0.00,0.000,0.000,0.000,0.000,0.000,0.000,0.00,0.00,0.000,0.000,0.000,2.206,0.033,0.077,0.282,-0.001,0.000,0.000,0.000,5.000,5.000,0.000,0.000,0.15,0.00
0.80957,0.00,0.00,0.00,0.000,0.000,0.000,0.000,0.000,0.000,0.00,0.00,0.000,0.000,0.000,2.206,0.033,0.077,0.282,-0.000,0.000,0.000,0.000,5.000,5.000,0.000,0.000,0.15,0.00
0.83371,0.00,0.00,0.00,0.000,0.000,0.000,0.000,0.000,0.000,0.00,0.00,0.000,0.000,0.000,2.206,0.033,0.077,0.282,-0.000,0.000,0.000,0.000,5.000,5.000,0.000,0.000,0.15,0.00
0.84849,0.00,0.00,0.00,0.000,0.000,0.000,0.000,0.000,0.000,0.00,0.00,0.000,0.000,0.000,2.206,0.033,0.077,0.282,0.003,0.000,0.000,0.000,5.000,5.000,0.000,0.000,0.15,0.00
0.85925,0.00,0.00,0.00,0.000,0.000,0.000,0.000,0.000,0.000,0.00,0.00,0.000,0.000,0.000,2.206,0.033,0.077,0.283,0.011,0.000,0.000,0.000,5.000,5.000,0.000,0.000,0.15,0.00
0.86985,0.00,0.00,0.00,0.000,0.000,0.000,0.000,0.000,0.000,0.00,0.00,0.000,0.000,0.000,2.206,0.033,0.077,0.283,0.009,0.000,0.000,0.000,5.000,5.000,0.000,0.000,0.15,0.00
0.88003,0.00,0.00,0.00,0.000,0.000,0.000,0.000,0.000,0.000,0.00,0.00,0.000,0.000,0.000,2.206,0.033,0.077,0.283,0.006,0.000,0.000,0.000,5.000,5.000,0.000,0.000,0.15,0.00
0.89205,0.00,0.00,0.00,0.000,0.000,0.000,0.000,0.000,0.000,0.00,0.00,0.000,0.000,0.000,2.206,0.033,0.077,0.283,0.005,0.000,0.000,0.000,5.000,5.000,0.000,0.000,0.15,0.00
0.90226,0.00,0.00,0.00,0.000,0.000,0.000,0.000,0.000,0.000,0.00,0.00,0.000,0.000,0.000,2.206,0.033,0.077,0.283,0.004,0.000,0.000,0.000,5.000,5.000,0.000,0.000,0.15,0.00
0.91242,0.00,0.00,0.00,0.000,0.000,0.000,0.000,0.000,0.000,0.00,0.00,0.000,0.000,0.000,2.206,0.033,0.077,0.283,0.003,0.000,0.000,0.000,5.000,5.000,0.000,0.000,0.15,0.00
0.92450,0.00,0.00,0.00,0.000,0.000,0.000,0.000,0.000,0.000,0.00,0.00,0.000,0.000,0.000,2.206,0.033,0.077,0.283,0.002,0.000,0.000,0.000,5.000,5.000,0.000,0.000,0.15,0.00
0.93470,0.00,0.00,0.00,0.000,0.000,0.000,0.000,0.000,0.000,0.00,0.00,0.000,0.000,0.000,2.206,0.033,0.077,0.283,0.001,0.000,0.000,0.000,5.000,5.000,0.000,0.000,0.15,0.00
0.94502,0.00,0.00,0.00,0.000,0.000,0.000,0.000,0.000,0.000,0.00,0.00,0.000,0.000,0.000,2.206,0.033,0.077,0.283,-0.003,0.000,0.000,0.000,5.000,5.000,0.000,0.000,0.15,0.00
0.95533,0.00,0.00,0.00,0.000,0.000,0.000,0.000,0.000,0.000,0.00,0.00,0.000,0.000,0.000,2.206,0.033,0.077,0.283,-0.002,0.000,0.000,0.000,5.000,5.000,0.000,0.000,0.15,0.00
0.96551,0.00,0.00,0.00,0.000,0.000,0.000,0.000,0.000,0.000,0.00,0.00,0.000,0.000,0.000,2.206,0.033,0.077,0.282,-0.002,0.000,0.000,0.000,5.000,5.000,0.000,0.000,0.15,0.00
0.97568,0.00,0.00,0.00,0.000,0.000,0.000,0.000,0.000,0.000,0.00,0.00,0.000,0.000,0.000,2.206,0.033,0.077,0.282,-0.002,0.000,0.000,0.000,5.000,5.000,0.000,0.000,0.15,0.00
0.98584,0.00,0.00,0.00,0.000,0.000,0.000,0.000,0.000,0.000,0.00,0.00,0.000,0.000,0.000,2.206,0.033,0.077,0.282,-0.001,0.000,0.000,0.000,5.000,5.000,0.000,0.000,0.15,0.00
0.99602,0.00,0.00,0.00,0.000,0.000,0.000,0.000,0.000,0.000,0.00,0.00,0.000,0.000,0.000,2.206,0.033,0.077,0.283,0.001,0.000,0.000,0.000,5.000,5.000,0.000,0.000,0.15,0.00
1.00617,0.00,0.00,0.00,0.000,0.000,0.000,0.000,0.000,0.000,0.00,0.00,0.000,0.000,0.000,2.206,0.033,0.077,0.283,0.000,0.000,0.000,0.000,5.000,5.000,0.000,0.000,0.15,0.00
1.01633,0.00,0.00,0.00,0.000,0.000,0.000,0.000,0.000,0.000,0.00,0.00,0.000,0.000,0.000,2.206,0.033,0.077,0.283,0.008,0.000,0.000,0.000,5.000,5.000,0.000,0.000,0.15,0.00
1.02657,0.00,0.00,0.00,0.000,0.000,0.000,0.000,0.000,0.000,0.00,0.00,0.000,0.000,0.000,2.206,0.033,0.077,0.283,0.006,0.000,0.000,0.000,5.000,5.000,0.000,0.000,0.15,0.00
1.03686,0.00,0.00,0.00,0.000,0.000,0.000,0.000,0.000,0.000,0.00,0.00,0.000,0.000,0.000,2.206,0.033,0.077,0.283,0.004,0.000,0.000,0.000,5.000,5.000,0.000,0.000,0.15,0.00
1.04702,0.00,0.00,0.00,0.000,0.000,0.000,0.000,0.000,0.000,0.00,0.00,0.000,0.000,0.000,2.206,0.033,0.077,0.283,0.007,0.000,0.000,0.000,5.000,5.000,0.000,0.000,0.15,0.00
1.05813,0.00,0.00,0.00,0.000,0.000,0.000,0.000,0.000,0.000,0.00,0.00,0.000,0.000,0.000,2.206,0.033,0.077,0.283,0.005,0.000,0.000,0.000,5.000,5.000,0.000,0.000,0.15,0.00
1.06821,0.00,0.00,0.00,0.000,0.000,0.000,0.000,0.000,0.000,0.00,0.00,0.000,0.000,0.000,2.206,0.033,0.077,0.283,0.005,0.000,0.000,0.000,5.000,5.000,0.000,0.000,0.15,0.00
1.07837,0.00,0.00,0.00,0.000,0.000,0.000,0.000,0.000,0.000,0.00,0.00,0.000,0.000,0.000,2.206,0.033,0.077,0.283,0.005,0.000,0.000,0.000,5.000,5.000,0.000,0.000,0.15,0.00
1.08940,0.00,0.00,0.00,0.000,0.000,0.000,0.000,0.000,0.000,0.00,0.00,0.000,0.000,0.000,2.206,0.033,0.077,0.283,0.004,0.000,0.000,0.000,5.000,5.000,0.000,0.000,0.15,0.00
1.09968,0.00,0.00,0.00,0.000,0.000,0.000,0.000,0.000,0.000,0.00,0.00,0.000,0.000,0.000,2.206,0.099,-0.004,0.283,0.002,0.000,0.000,0.000,5.000,5.000,0.000,0.000,0.15,0.00
1.10984,0.00,0.00,0.00,0.000,0.000,0.000,0.000,0.000,0.000,0.00,0.00,0.000,0.000,0.000,2.206,0.099,-0.004,0.283,0.004,0.000,0.000,0.000,5.000,5.000,0.000,0.000,0.15,0.00
1.12166,0.00,0.00,0.00,0.000,0.000,0.000,0.000,0.000,0.000,0.00,0.00,0.000,0.000,0.000,2.206,0.099,-0.004,0.283,0.005,0.000,0.000,0.000,5.000,5.000,0.000,0.000,0.15,0.00
1.13201,0.00,0.00,0.00,0.000,0.000,0.000,0.000,0.000,0.000,0.00,0.00,0.000,0.000,0.000,2.206,0.099,-0.004,0.283,0.006,0.000,0.000,0.000,5.000,5.000,0.000,0.000,0.15,0.00
1.14387,0.00,0.00,0.00,0.000,0.000,0.000,0.000,0.000,0.000,0.00,0.00,0.000,0.000,0.000,2.206,0.099,-0.004,0.283,0.004,0.000,0.000,0.000,5.000,5.000,0.000,0.000,0.15,0.00
1.15418,0.00,0.00,0.00,0.000,0.000,0.000,0.000,0.000,0.000,0.00,0.00,0.000,0.000,0.000,2.206,0.099,-0.004,0.283,0.006,0.000,0.000,0.000,5.000,5.000,0.000,0.000,0.15,0.00
1.16504,0.00,0.00,0.00,0.000,0.000,0.000,0.000,0.000,0.000,0.00,0.00,0.000,0.000,0.000,2.206,0.099,-0.004,0.283,0.004,0.000,0.000,0.000,5.000,5.000,0.000,0.000,0.15,0.00
1.17614,0.00,0.00,0.00,0.000,0.000,0.000,0.000,0.000,0.000,0.00,0.00,0.000,0.000,0.000,2.206,0.099,-0.004,0.283,0.003,0.000,0.000,0.000,5.000,5.000,0.000,0.000,0.15,0.00
1.18765,0.00,0.00,0.00,0.000,0.000,0.000,0.000,0.000,0.000,0.00,0.00,0.000,0.000,0.000,2.206,0.099,-0.004,0.283,0.002,0.000,0.000,0.000,5.000,5.000,0.000,0.000,0.15,0.00
1.19910,0.00,0.00,0.00,0.000,0.000,0.000,0.000,0.000,0.000,0.00,0.00,0.000,0.000,0.000,2.206,0.099,-0.004,0.283,0.001,0.000,0.000,0.000,5.000,5.000,0.000,0.000,0.15,0.00
1.21038,0.00,0.00,0.00,0.000,0.000,0.000,0.000,0.000,0.000,0.00,0.00,0.000,0.000,0.000,2.206,0.099,-0.004,0.283,0.004,0.000,0.000,0.000,5.000,5.000,0.000,0.000,0.15,0.00
1.22074,0.00,0.00,0.00,0.000,0.000,0.000,0.000,0.000,0.000,0.00,0.00,0.000,0.000,0.000,2.206,0.099,-0.004,0.283,0.003,0.000,0.000,0.000,5.000,5.000,0.000,0.000,0.15,0.00
1.23228,0.00,0.00,0.00,0.000,0.000,0.000,0.000,0.000,0.000,0.00,0.00,0.000,0.000,0.000,2.206,0.099,-0.004,0.283,0.002,0.000,0.000,0.000,5.000,5.000,0.000,0.000,0.15,0.00
1.24246,0.00,0.00,0.00,0.000,0.000,0.000,0.000,0.000,0.000,0.00,0.00,0.000,0.000,0.000,2.206,0.099,-0.004,0.284,0.009,0.000,0.000,0.000,5.000,5.000,0.000,0.000,0.15,0.00
1.25280,0.00,0.00,0.00,0.000,0.000,0.000,0.000,0.000,0.000,0.00,0.00,0.000,0.000,0.000,2.206,0.099,-0.004,0.284,0.006,0.000,0.000,0.000,5.000,5.000,0.000,0.000,0.15,0.00
1.26626,0.00,0.00,0.00,0.000,0.000,0.000,0.000,0.000,0.000,0.00,0.00,0.000,0.000,0.000,2.206,0.099,-0.004,0.284,0.006,0.000,0.000,0.000,5.000,5.000,0.000,0.000,0.15,0.00
1.27679,0.00,0.00,0.00,0.000,0.000,0.000,0.000,0.000,0.000,0.00,0.00,0.000,0.000,0.000,2.206,0.099,-0.004,0.284,0.006,0.000,0.000,0.000,5.000,5.000,0.000,0.000,0.15,0.00
1.28729,0.00,0.00,0.00,0.000,0.000,0.000,0.000,0.000,0.000,0.00,0.00,0.000,0.000,0.000,2.206,0.099,-0.004,0.284,0.004,0.000,0.000,0.000,5.000,5.000,0.000,0.000,0.15,0.00
1.29746,0.00,0.00,0.00,0.000,0.000,0.000,0.000,0.000,0.000,0.00,0.00,0.000,0.000,0.000,2.206,0.099,-0.004,0.284,0.006,0.000,0.000,0.000,5.000,5.000,0.000,0.000,0.15,0.00
1.30813,0.00,0.00,0.00,0.000,0.000,0.000,0.000,0.000,0.000,0.00,0.00,0.000,0.000,0.000,2.206,0.099,-0.004,0.284,0.007,0.000,0.000,0.000,5.000,5.000,0.000,0.000,0.15,0.00
1.31832,0.00,0.00,0.00,0.000,0.000,0.000,0.000,0.000,0.000,0.00,0.00,0.000,0.000,0.000,2.206,0.099,-0.004,0.284,0.005,0.000,0.000,0.000,5.000,5.000,0.000,0.000,0.15,0.00
1.32848,0.00,0.00,0.00,0.000,0.000,0.000,0.000,0.000,0.000,0.00,0.00,0.000,0.000,0.000,2.206,0.099,-0.004,0.284,0.005,0.000,0.000,0.000,5.000,5.000,0.000,0.000,0.15,0.00
1.33935,0.00,0.00,0.00,0.000,0.000,0.000,0.000,0.000,0.000,0.00,0.00,0.000,0.000,0.000,2.206,0.099,-0.004,0.284,0.003,0.000,0.000,0.000,5.000,5.000,0.000,0.000,0.15,0.00
1.34949,0.00,0.00,0.00,0.000,0.000,0.000,0.000,0.000,0.000,0.00,0.00,0.000,0.000,0.000,2.206,0.099,-0.004,0.284,0.003,0.000,0.000,0.000,5.000,5.000,0.000,0.000,0.15,0.00
1.35964,0.00,0.00,0.00,0.000,0.000,0.000,0.000,0.000,0.000,0.00,0.00,0.000,0.000,0.000,2.206,0.099,-0.004,0.284,0.002,0.000,0.000,0.000,5.000,5.000,0.000,0.000,0.15,0.00
1.37026,0.00,0.00,0.00,0.000,0.000,0.000,0.000,0.000,0.000,0.00,0.00,0.000,0.000,0.000,2.206,0.099,-0.004,0.284,0.001,0.000,0.000,0.000,5.000,5.000,0.000,0.000,0.15,0.00
1.38048,0.00,0.00,0.00,0.000,0.000,0.000,0.000,0.000,0.000,0.00,0.00,0.000,0.000,0.000,2.206,0.099,-0.004,0.284,0.005,0.000,0.000,0.000,5.000,5.000,0.000,0.000,0.15,0.00
1.39076,0.00,0.00,0.00,0.000,0.000,0.000,0.000,0.000,0.000,0.00,0.00,0.000,0.000,0.000,2.206,0.099,-0.004,0.284,0.003,0.000,0.000,0.000,5.000,5.000,0.000,0.000,0.15,0.00
1.40240,0.00,0.00,0.00,0.000,0.000,0.000,0.000,0.000,0.000,0.00,0.00,0.000,0.000,0.000,2.206,0.099,-0.004,0.284,0.002,0.000,0.000,0.000,5.000,5.000,0.000,0.000,0.15,0.00
1.41330,0.00,0.00,0.00,0.000,0.000,0.000,0.000,0.000,0.000,0.00,0.00,0.000,0.000,0.000,2.206,0.099,-0.004,0.284,0.005,0.000,0.000,0.000,5.000,5.000,0.000,0.000,0.15,0.00
1.42356,0.00,0.00,0.00,0.000,0.000,0.000,0.000,0.000,0.000,0.00,0.00,0.000,0.000,0.000,2.206,0.099,-0.004,0.284,0.007,0.000,0.000,0.000,5.000,5.000,0.000,0.000,0.15,0.00
1.43648,0.00,0.00,0.00,0.000,0.000,0.000,0.000,0.000,0.000,0.00,0.00,0.000,0.000,0.000,2.206,0.099,-0.004,0.284,0.010,0.000,0.000,0.000,5.000,5.000,0.000,0.000,0.15,0.00
1.44683,0.00,0.00,0.00,0.000,0.000,0.000,0.000,0.000,0.000,0.00,0.00,0.000,0.000,0.000,2.206,0.099,-0.004,0.284,0.010,0.000,0.000,0.000,5.000,5.000,0.000,0.000,0.15,0.00
1.45705,0.00,0.00,0.00,0.000,0.000,0.000,0.000,0.000,0.000,0.00,0.00,0.000,0.000,0.000,2.206,0.099,-0.004,0.285,0.010,0.000,0.000,0.000,5.000,5.000,0.000,0.000,0.15,0.00
1.46775,0.00,0.00,0.00,0.000,0.000,0.000,0.000,0.000,0.000,0.00,0.00,0.000,0.000,0.000,2.206,0.099,-0.004,0.285,0.010,0.000,0.000,0.000,5.000,5.000,0.000,0.000,0.15,0.00
1.47791,0.00,0.00,0.00,0.000,0.000,0.000,0.000,0.000,0.000,0.00,0.00,0.000,0.000,0.000,2.206,0.099,-0.004,0.285,0.007,0.000,0.000,0.000,5.000,5.000,0.000,0.000,0.15,0.00
1.48885,0.00,0.00,0.00,0.000,0.000,0.000,0.000,0.000,0.000,0.00,0.00,0.000,0.000,0.000,2.206,0.099,-0.004,0.285,0.005,0.000,0.000,0.000,5.000,5.000,0.000,0.000,0.15,0.00
1.49919,0.00,0.00,0.00,0.000,0.000,0.000,0.000,0.000,0.000,0.00,0.00,0.000,0.000,0.000,2.206,0.099,-0.004,0.285,0.003,0.000,0.000,0.000,5.000,5.000,0.000,0.000,0.15,0.00
1.51393,0.00,0.00,0.00,0.000,0.000,0.000,0.000,0.000,0.000,0.00,0.00,0.000,0.000,0.000,2.206,0.099,-0.004,0.285,0.002,0.000,0.000,0.000,5.000,5.000,0.000,0.000,0.15,0.00
1.52409,0.00,0.00,0.00,0.000,0.000,0.000,0.000,0.000,0.000,0.00,0.00,0.000,0.000,0.000,2.206,0.099,-0.004,0.285,0.004,0.000,0.000,0.000,5.000,5.000,0.000,0.000,0.15,0.00
1.53426,0.00,0.00,0.00,0.000,0.000,0.000,0.000,0.000,0.000,0.00,0.00,0.000,0.000,0.000,2.206,0.099,-0.004,0.285,0.006,0.000,0.000,0.000,5.000,5.000,0.000,0.000,0.15,0.00
1.54449,0.00,0.00,0.00,0.000,0.000,0.000,0.000,0.000,0.000,0.00,0.00,0.000,0.000,0.000,2.206,0.099,-0.004,0.285,0.009,0.000,0.000,0.000,5.000,5.000,0.000,0.000,0.15,0.00
1.55465,0.00,0.00,0.00,0.000,0.000,0.000,0.000,0.000,0.000,0.00,0.00,0.000,0.000,0.000,2.206,0.099,-0.004,0.285,0.010,0.000,0.000,0.000,5.000,5.000,0.000,0.000,0.15,0.00
1.56480,0.00,0.00,0.00,0.000,0.000,0.000,0.000,0.000,0.000,0.00,0.00,0.000,0.000,0.000,2.206,0.099,-0.004,0.285,0.007,0.000,0.000,0.000,5.000,5.000,0.000,0.000,0.15,0.00
1.57497,0.00,0.00,0.00,0.000,0.000,0.000,0.000,0.000,0.000,0.00,0.00,0.000,0.000,0.000,2.206,0.099,-0.004,0.285,0.011,0.000,0.000,0.000,5.000,5.000,0.000,0.000,0.15,0.00
1.58543,0.00,0.00,0.00,0.000,0.000,0.000,0.000,0.000,0.000,0.00,0.00,0.000,0.000,0.000,2.206,0.099,-0.004,0.285,0.007,0.000,0.000,0.000,5.000,5.000,0.000,0.000,0.15,0.00
1.59559,0.00,0.00,0.00,0.000,0.000,0.000,0.000,0.000,0.000,0.00,0.00,0.000,0.000,0.000,2.206,0.099,-0.004,0.285,0.009,0.000,0.000,0.000,5.000,5.000,0.000,0.000,0.15,0.00
1.60576,0.00,0.00,0.00,0.000,0.000,0.000,0.000,0.000,0.000,0.00,0.00,0.000,0.000,0.000,2.206,0.099,-0.004,0.285,0.006,0.000,0.000,0.000,5.000,5.000,0.000,0.000,0.15,0.00
1.61691,0.00,0.00,0.00,0.000,0.000,0.000,0.000,0.000,0.000,0.00,0.00,0.000,0.000,0.000,2.206,0.099,-0.004,0.285,0.004,0.000,0.000,0.000,5.000,5.000,0.000,0.000,0.15,0.00
1.62774,0.00,0.00,0.00,0.000,0.000,0.000,0.000,0.000,0.000,0.00,0.00,0.000,0.000,0.000,2.206,0.099,-0.004,0.285,0.003,0.000,0.000,0.000,5.000,5.000,0.000,0.000,0.15,0.00
1.63792,0.00,0.00,0.00,0.000,0.000,0.000,0.000,0.000,0.000,0.00,0.00,0.000,0.000,0.000,2.206,0.099,-0.004,0.286,0.006,0.000,0.000,0.000,5.000,5.000,0.000,0.000,0.15,0.00
1.64820,0.00,0.00,0.00,0.000,0.000,0.000,0.000,0.000,0.000,0.00,0.00,0.000,0.000,0.000,2.206,0.099,-0.004,0.286,0.004,0.000,0.000,0.000,5.000,5.000,0.000,0.000,0.15,0.00
1.66004,0.00,0.00,0.00,0.000,0.000,0.000,0.000,0.000,0.000,0.00,0.00,0.000,0.000,0.000,2.206,0.099,-0.004,0.286,0.002,0.000,0.000,0.000,5.000,5.000,0.000,0.000,0.15,0.00
1.67183,0.00,0.00,0.00,0.000,0.000,0.000,0.000,0.000,0.000,0.00,0.00,0.000,0.000,0.000,2.206,0.099,-0.004,0.286,0.012,0.000,0.000,0.000,5.000,5.000,0.000,0.000,0.15,0.00
1.68213,0.00,0.00,0.00,0.000,0.000,0.000,0.000,0.000,0.000,0.00,0.00,0.000,0.000,0.000,2.206,0.099,-0.004,0.286,0.008,0.000,0.000,0.000,5.000,5.000,0.000,0.000,0.15,0.00
1.69360,0.00,0.00,0.00,0.000,0.000,0.000,0.000,0.000,0.000,0.00,0.00,0.000,0.000,0.000,2.206,0.099,-0.004,0.286,0.005,0.000,0.000,0.000,5.000,5.000,0.000,0.000,0.15,0.00
1.70377,0.00,0.00,0.00,0.000,0.000,0.000,0.000,0.000,0.000,0.00,0.00,0.000,0.000,0.000,2.206,0.099,-0.004,0.286,0.006,0.000,0.000,0.000,5.000,5.000,0.000,0.000,0.15,0.00
1.71695,0.00,0.00,0.00,0.000,0.000,0.000,0.000,0.000,0.000,0.00,0.00,0.000,0.000,0.000,2.206,0.099,-0.004,0.286,0.004,0.000,0.000,0.000,5.000,5.000,0.000,0.000,0.15,0.00
1.72887,0.00,0.00,0.00,0.000,0.000,0.000,0.000,0.000,0.000,0.00,0.00,0.000,0.000,0.000,2.206,0.099,-0.004,0.286,0.005,0.000,0.000,0.000,5.000,5.000,0.000,0.000,0.15,0.00
1.74309,0.00,0.00,0.00,0.000,0.000,0.000,0.000,0.000,0.000,0.00,0.00,0.000,0.000,0.000,2.206,0.099,-0.004,0.286,0.003,0.000,0.000,0.000,5.000,5.000,0.000,0.000,0.15,0.00
1.75329,0.00,0.00,0.00,0.000,0.000,0.000,0.000,0.000,0.000,0.00,0.00,0.000,0.000,0.000,2.206,0.099,-0.004,0.286,0.005,0.000,0.000,0.000,5.000,5.000,0.000,0.000,0.15,0.00
1.76344,0.00,0.00,0.00,0.000,0.000,0.000,0.000,0.000,0.000,0.00,0.00,0.000,0.000,0.000,2.206,0.099,-0.004,0.286,0.003,0.000,0.000,0.000,5.000,5.000,0.000,0.000,0.15,0.00
1.77369,0.00,0.00,0.00,0.000,0.000,0.000,0.000,0.000,0.000,0.00,0.00,0.000,0.000,0.000,2.206,0.099,-0.004,0.286,0.010,0.000,0.000,0.000,5.000,5.000,0.000,0.000,0.15,0.00
1.78531,0.00,0.00,0.00,0.000,0.000,0.000,0.000,0.000,0.000,0.00,0.00,0.000,0.000,0.000,2.206,0.099,-0.004,0.286,0.007,0.000,0.000,0.000,5.000,5.000,0.000,0.000,0.15,0.00
1.79701,0.00,0.00,0.00,0.000,0.000,0.000,0.000,0.000,0.000,0.00,0.00,0.000,0.000,0.000,2.206,0.099,-0.004,0.286,0.009,0.000,0.000,0.000,5.000,5.000,0.000,0.000,0.15,0.00
1.80975,0.00,0.00,0.00,0.000,0.000,0.000,0.000,0.000,0.000,0.00,0.00,0.000,0.000,0.000,2.206,0.099,-0.004,0.286,0.006,0.000,0.000,0.000,5.000,5.000,0.000,0.000,0.15,0.00
1.82024,0.00,0.00,0.00,0.000,0.000,0.000,0.000,0.000,0.000,0.00,0.00,0.000,0.000,0.000,2.206,0.099,-0.004,0.286,0.006,0.000,0.000,0.000,5.000,5.000,0.000,0.000,0.15,0.00
1.83089,0.00,0.00,0.00,0.000,0.000,0.000,0.000,0.000,0.000,0.00,0.00,0.000,0.000,0.000,2.206,0.099,-0.004,0.286,-0.001,0.000,0.000,0.000,5.000,5.000,0.000,0.000,0.15,0.00
1.84112,0.00,0.00,0.00,0.000,0.000,0.000,0.000,0.000,0.000,0.00,0.00,0.000,0.000,0.000,2.206,0.099,-0.004,0.286,-0.006,0.000,0.000,0.000,5.000,5.000,0.000,0.000,0.15,0.00
1.85127,0.00,0.00,0.00,0.000,0.000,0.000,0.000,0.000,0.000,0.00,0.00,0.000,0.000,0.000,2.206,0.099,-0.004,0.286,-0.010,0.000,0.000,0.000,5.000,5.000,0.000,0.000,0.15,0.00
1.86142,0.00,0.00,0.00,0.000,0.000,0.000,0.000,0.000,0.000,0.00,0.00,0.000,0.000,0.000,2.206,0.099,-0.004,0.286,-0.008,0.000,0.000,0.000,5.000,5.000,0.000,0.000,0.15,0.00
1.87160,0.00,0.00,0.00,0.000,0.000,0.000,0.000,0.000,0.000,0.00,0.00,0.000,0.000,0.000,2.206,0.099,-0.004,0.286,-0.010,0.000,0.000,0.000,5.000,5.000,0.000,0.000,0.15,0.00
1.88175,0.00,0.00,0.00,0.000,0.000,0.000,0.000,0.000,0.000,0.00,0.00,0.000,0.000,0.000,2.206,0.099,-0.004,0.286,-0.008,0.000,0.000,0.000,5.000,5.000,0.000,0.000,0.15,0.00
1.89201,0.00,0.00,0.00,0.000,0.000,0.000,0.000,0.000,0.000,0.00,0.00,0.000,0.000,0.000,2.206,0.099,-0.004,0.286,-0.003,0.000,0.000,0.000,5.000,5.000,0.000,0.000,0.15,0.00
1.90218,0.00,0.00,0.00,0.000,0.000,0.000,0.000,0.000,0.000,0.00,0.00,0.000,0.000,0.000,2.206,0.099,-0.004,0.286,-0.002,0.000,0.000,0.000,5.000,5.000,0.000,0.000,0.15,0.00
1.91240,0.00,0.00,0.00,0.000,0.000,0.000,0.000,0.000,0.000,0.00,0.00,0.000,0.000,0.000,2.206,0.099,-0.004,0.286,-0.002,0.000,0.000,0.000,5.000,5.000,0.000,0.000,0.15,0.00
1.92347,0.00,0.00,0.00,0.000,0.000,0.000,0.000,0.000,0.000,0.00,0.00,0.000,0.000,0.000,2.206,0.099,-0.004,0.286,-0.001,0.000,0.000,0.000,5.000,5.000,0.000,0.000,0.15,0.00
1.93399,0.00,0.00,0.00,0.000,0.000,0.000,0.000,0.000,0.000,0.00,0.00,0.000,0.000,0.000,2.206,0.099,-0.004,0.286,-0.013,0.000,0.000,0.000,5.000,5.000,0.000,0.000,0.15,0.00
1.94495,0.00,0.00,0.00,0.000,0.000,0.000,0.000,0.000,0.000,0.00,0.00,0.000,0.000,0.000,2.206,0.099,-0.004,0.285,-0.020,0.000,0.000,0.000,5.000,5.000,0.000,0.000,0.15,0.00
1.95566,0.00,0.00,0.00,0.000,0.000,0.000,0.000,0.000,0.000,0.00,0.00,0.000,0.000,0.000,2.206,0.099,-0.004,0.285,-0.014,0.000,0.000,0.000,5.000,5.000,0.000,0.000,0.15,0.00
1.96585,0.00,0.00,0.00,0.000,0.000,0.000,0.000,0.000,0.000,0.00,0.00,0.000,0.000,0.000,2.206,0.099,-0.004,0.285,-0.016,0.000,0.000,0.000,5.000,5.000,0.000,0.000,0.15,0.00
1.97688,0.00,0.00,0.00,0.000,0.000,0.000,0.000,0.000,0.000,0.00,0.00,0.000,0.000,0.000,2.206,0.099,-0.004,0.285,-0.012,0.000,0.000,0.000,5.000,5.000,0.000,0.000,0.15,0.00
1.98707,0.00,0.00,0.00,0.000,0.000,0.000,0.000,0.000,0.000,0.00,0.00,0.000,0.000,0.000,2.206,0.099,-0.004,0.285,-0.015,0.000,0.000,0.000,5.000,5.000,0.000,0.000,0.15,0.00
1.99722,0.00,0.00,0.00,0.000,0.000,0.000,0.000,0.000,0.000,0.00,0.00,0.000,0.000,0.000,2.206,0.099,-0.004,0.285,-0.010,0.000,0.000,0.000,5.000,5.000,0.000,0.000,0.15,0.00
2.00817,0.00,0.00,0.00,0.000,0.000,0.000,0.000,0.000,0.000,0.00,0.00,0.000,0.000,0.000,2.206,0.099,-0.004,0.285,-0.013,0.000,0.000,0.000,5.000,5.000,0.000,0.000,0.15,0.00
2.01848,0.00,0.00,0.00,0.000,0.000,0.000,0.000,0.000,0.000,0.00,0.00,0.000,0.000,0.000,2.206,0.099,-0.004,0.285,-0.009,0.000,0.000,0.000,5.000,5.000,0.000,0.000,0.15,0.00
2.03033,0.00,0.00,0.00,0.000,0.000,0.000,0.000,0.000,0.000,0.00,0.00,0.000,0.000,0.000,2.206,0.099,-0.004,0.285,-0.011,0.000,0.000,0.000,5.000,5.000,0.000,0.000,0.15,0.00
2.04088,0.00,0.00,0.00,0.000,0.000,0.000,0.000,0.000,0.000,0.00,0.00,0.000,0.000,0.000,2.206,0.099,-0.004,0.285,-0.008,0.000,0.000,0.000,5.000,5.000,0.000,0.000,0.15,0.00
2.05272,0.00,0.00,0.00,0.000,0.000,0.000,0.000,0.000,0.000,0.00,0.00,0.000,0.000,0.000,2.206,0.099,-0.004,0.284,-0.010,0.000,0.000,0.000,5.000,5.000,0.000,0.000,0.15,0.00
2.06373,0.00,0.00,0.00,0.000,0.000,0.000,0.000,0.000,0.000,0.00,0.00,0.000,0.000,0.000,2.206,0.099,-0.004,0.284,-0.014,0.000,0.000,0.000,5.000,5.000,0.000,0.000,0.15,0.00
2.07389,0.00,0.00,0.00,0.000,0.000,0.000,0.000,0.000,0.000,0.00,0.00,0.000,0.000,0.000,2.206,0.099,-0.004,0.284,-0.009,0.000,0.000,0.000,5.000,5.000,0.000,0.000,0.15,0.00
2.08564,0.00,0.00,0.00,0.000,0.000,0.000,0.000,0.000,0.000,0.00,0.00,0.000,0.000,0.000,2.206,0.099,-0.004,0.284,-0.006,0.000,0.000,0.000,5.000,5.000,0.000,0.000,0.15,0.00
2.09639,0.00,0.00,0.00,0.000,0.000,0.000,0.000,0.000,0.000,0.00,0.00,0.000,0.000,0.000,2.206,0.099,-0.004,0.284,-0.011,0.000,0.000,0.000,5.000,5.000,0.000,0.000,0.15,0.00
2.10978,0.00,0.00,0.00,0.000,0.000,0.000,0.000,0.000,0.000,0.00,0.00,0.000,0.000,0.000,2.206,0.099,-0.004,0.284,-0.007,0.000,0.000,0.000,5.000,5.000,0.000,0.000,0.15,0.00
2.12412,0.00,0.00,0.00,0.000,0.000,0.000,0.000,0.000,0.000,0.00,0.00,0.000,0.000,0.000,-0.001,-0.033,-0.004,0.284,-0.011,0.000,0.000,0.000,5.000,5.000,0.000,0.000,0.15,0.00
2.13835,0.00,0.00,0.00,0.000,0.000,0.000,0.000,0.000,0.000,0.00,0.00,0.000,0.000,0.000,-0.001,-0.011,-0.004,0.284,-0.016,0.000,0.000,0.000,5.000,5.000,0.000,0.000,0.15,0.00
2.14861,0.00,0.00,0.00,0.000,0.000,0.000,0.000,0.000,0.000,0.00,0.00,0.000,0.000,0.000,-0.001,-0.011,-0.004,0.283,-0.020,0.000,0.000,0.000,5.000,5.000,0.000,0.000,0.15,0.00
2.15884,0.00,0.00,0.00,0.000,0.000,0.000,0.000,0.000,0.000,0.00,0.00,0.000,0.000,0.000,-0.001,-0.011,-0.004,0.283,-0.014,0.000,0.000,0.000,5.000,5.000,0.000,0.000,0.15,0.00
2.16909,0.00,0.00,0.00,0.000,0.000,0.000,0.000,0.000,0.000,0.00,0.00,0.000,0.000,0.000,-0.001,-0.011,-0.004,0.283,-0.020,0.000,0.000,0.000,5.000,5.000,0.000,0.000,0.15,0.00
2.18147,0.00,0.00,0.00,0.000,0.000,0.000,0.000,0.000,0.000,0.00,0.00,0.000,0.000,0.000,-0.001,-0.011,-0.004,0.283,-0.014,0.000,0.000,0.000,5.000,5.000,0.000,0.000,0.15,0.00
2.19177,0.00,0.00,0.00,0.000,0.000,0.000,0.000,0.000,0.000,0.00,0.00,0.000,0.000,0.000,-0.001,-0.011,-0.004,0.283,-0.009,0.000,0.000,0.000,5.000,5.000,0.000,0.000,0.15,0.00
2.20237,0.00,0.00,0.00,0.000,0.000,0.000,0.000,0.000,0.000,0.00,0.00,0.000,0.000,0.000,-0.001,-0.011,-0.004,0.283,-0.012,0.000,0.000,0.000,5.000,5.000,0.000,0.000,0.15,0.00
2.21269,0.00,0.00,0.00,0.000,0.000,0.000,0.000,0.000,0.000,0.00,0.00,0.000,0.000,0.000,-0.001,-0.011,-0.004,0.283,-0.015,0.000,0.000,0.000,5.000,5.000,0.000,0.000,0.15,0.00
2.22412,0.00,0.00,0.00,0.000,0.000,0.000,0.000,0.000,0.000,0.00,0.00,0.000,0.000,0.000,-0.001,-0.011,-0.004,0.283,-0.010,0.000,0.000,0.000,5.000,5.000,0.000,0.000,0.15,0.00
2.23543,0.00,0.00,0.00,0.000,0.000,0.000,0.000,0.000,0.000,0.00,0.00,0.000,0.000,0.000,-0.001,-0.011,-0.004,0.282,-0.019,0.000,0.000,0.000,5.000,5.000,0.000,0.000,0.15,0.00
2.24707,0.00,0.00,0.00,0.000,0.000,0.000,0.000,0.000,0.000,0.00,0.00,0.000,0.000,0.000,-0.001,-0.011,-0.004,0.282,-0.022,0.000,0.000,0.000,5.000,5.000,0.000,0.000,0.15,0.00
2.26040,0.00,0.00,0.00,0.000,0.000,0.000,0.000,0.000,0.000,0.00,0.00,0.000,0.000,0.000,-0.001,-0.011,-0.004,0.282,-0.015,0.000,0.000,0.000,5.000,5.000,0.000,0.000,0.15,0.00
2.27058,0.00,0.00,0.00,0.000,0.000,0.000,0.000,0.000,0.000,0.00,0.00,0.000,0.000,0.000,-0.001,-0.011,-0.004,0.282,-0.017,0.000,0.000,0.000,5.000,5.000,0.000,0.000,0.15,0.00
2.28288,0.00,0.00,0.00,0.000,0.000,0.000,0.000,0.000,0.000,0.00,0.00,0.000,0.000,0.000,-0.001,-0.011,-0.004,0.282,-0.011,0.000,0.000,0.000,5.000,5.000,0.000,0.000,0.15,0.00
2.29322,0.00,0.00,0.00,0.000,0.000,0.000,0.000,0.000,0.000,0.00,0.00,0.000,0.000,0.000,-0.001,-0.011,-0.004,0.282,-0.010,0.000,0.000,0.000,5.000,5.000,0.000,0.000,0.15,0.00
2.30356,0.00,0.00,0.00,0.000,0.000,0.000,0.000,0.000,0.000,0.00,0.00,0.000,0.000,0.000,-0.001,-0.011,-0.004,0.282,-0.007,0.000,0.000,0.000,5.000,5.000,0.000,0.000,0.15,0.00
2.31372,0.00,0.00,0.00,0.000,0.000,0.000,0.000,0.000,0.000,0.00,0.00,0.000,0.000,0.000,-0.001,-0.011,-0.004,0.282,-0.008,0.000,0.000,0.000,5.000,5.000,0.000,0.000,0.15,0.00
2.32688,0.00,0.00,0.00,0.000,0.000,0.000,0.000,0.000,0.000,0.00,0.00,0.000,0.000,0.000,-0.001,-0.011,-0.004,0.282,-0.005,0.000,0.000,0.000,5.000,5.000,0.000,0.000,0.15,0.00
2.33799,0.00,0.00,0.00,0.000,0.000,0.000,0.000,0.000,0.000,0.00,0.00,0.000,0.000,0.000,-0.001,-0.011,-0.004,0.281,-0.012,0.000,0.000,0.000,5.000,5.000,0.000,0.000,0.15,0.00
2.34993,0.00,0.00,0.00,0.000,0.000,0.000,0.000,0.000,0.000,0.00,0.00,0.000,0.000,0.000,-0.001,-0.011,-0.004,0.281,-0.024,0.000,0.000,0.000,5.000,5.000,0.000,0.000,0.15,0.00
2.36242,0.00,0.00,0.00,0.000,0.000,0.000,0.000,0.000,0.000,0.00,0.00,0.000,0.000,0.000,-0.001,-0.011,-0.004,0.281,-0.017,0.000,0.000,0.000,5.000,5.000,0.000,0.000,0.15,0.00
2.37287,0.00,0.00,0.00,0.000,0.000,0.000,0.000,0.000,0.000,0.00,0.00,0.000,0.000,0.000,-0.001,-0.011,-0.004,0.280,-0.028,0.000,0.000,0.000,5.000,5.000,0.000,0.000,0.15,0.00
2.38310,0.00,0.00,0.00,0.000,0.000,0.000,0.000,0.000,0.000,0.00,0.00,0.000,0.000,0.000,-0.001,-0.011,-0.004,0.280,-0.019,0.000,0.000,0.000,5.000,5.000,0.000,0.000,0.15,0.00
2.39335,0.00,0.00,0.00,0.000,0.000,0.000,0.000,0.000,0.000,0.00,0.00,0.000,0.000,0.000,-0.001,-0.011,-0.004,0.280,-0.034,0.000,0.000,0.000,5.000,5.000,0.000,0.000,0.15,0.00
2.40515,0.00,0.00,0.00,0.000,0.000,0.000,0.000,0.000,0.000,0.00,0.00,0.000,0.000,0.000,-0.001,-0.011,-0.004,0.280,-0.024,0.000,0.000,0.000,5.000,5.000,0.000,0.000,0.15,0.00
2.41531,0.00,0.00,0.00,0.000,0.000,0.000,0.000,0.000,0.000,0.00,0.00,0.000,0.000,0.000,-0.001,-0.011,-0.004,0.279,-0.043,0.000,0.000,0.000,5.000,5.000,0.000,0.000,0.15,0.00
2.42616,0.00,0.00,0.00,0.000,0.000,0.000,0.000,0.000,0.000,0.00,0.00,0.000,0.000,0.000,-0.001,-0.011,-0.004,0.279,-0.030,0.000,0.000,0.000,5.000,5.000,0.000,0.000,0.15,0.00
2.43700,0.00,0.00,0.00,0.000,0.000,0.000,0.000,0.000,0.000,0.00,0.00,0.000,0.000,0.000,-0.001,-0.011,-0.004,0.279,-0.034,0.000,0.000,0.000,5.000,5.000,0.000,0.000,0.15,0.00
2.44900,0.00,0.00,0.00,0.000,0.000,0.000,0.000,0.000,0.000,0.00,0.00,0.000,0.000,0.000,-0.001,-0.011,-0.004,0.279,-0.024,0.000,0.000,0.000,5.000,5.000,0.000,0.000,0.15,0.00
2.46212,0.00,0.00,0.00,0.000,0.000,0.000,0.000,0.000,0.000,0.00,0.00,0.000,0.000,0.000,-0.001,-0.011,-0.004,0.279,-0.016,0.000,0.000,0.000,5.000,5.000,0.000,0.000,0.15,0.00
2.47231,0.00,0.00,0.00,0.000,0.000,0.000,0.000,0.000,0.000,0.00,0.00,0.000,0.000,0.000,-0.001,-0.011,-0.004,0.279,-0.005,0.000,0.000,0.000,5.000,5.000,0.000,0.000,0.15,0.00
2.48362,0.00,0.00,0.00,0.000,0.000,0.000,0.000,0.000,0.000,0.00,0.00,0.000,0.000,0.000,-0.001,-0.011,-0.004,0.279,-0.002,0.000,0.000,0.000,5.000,5.000,0.000,0.000,0.15,0.00
2.49378,0.00,0.00,0.00,0.000,0.000,0.000,0.000,0.000,0.000,0.00,0.00,0.000,0.000,0.000,-0.001,-0.011,-0.004,0.279,-0.000,0.000,0.000,0.000,5.000,5.000,0.000,0.000,0.15,0.00
2.50526,0.00,0.00,0.00,0.000,0.000,0.000,0.000,0.000,0.000,0.00,0.00,0.000,0.000,0.000,-0.001,-0.011,-0.004,0.279,0.001,0.000,0.000,0.000,5.000,5.000,0.000,0.000,0.15,0.00
2.51549,0.00,0.00,0.00,0.000,0.000,0.000,0.000,0.000,0.000,0.00,0.00,0.000,0.000,0.000,-0.001,-0.011,-0.004,0.279,-0.005,0.000,0.000,0.000,5.000,5.000,0.000,0.000,0.15,0.00
2.52557,0.00,0.00,0.00,0.000,0.000,0.000,0.000,0.000,0.000,0.00,0.00,0.000,0.000,0.000,-0.001,-0.011,-0.004,0.279,-0.003,0.000,0.000,0.000,5.000,5.000,0.000,0.000,0.15,0.00
2.53572,0.00,0.00,0.00,0.000,0.000,0.000,0.000,0.000,0.000,0.00,0.00,0.000,0.000,0.000,-0.001,-0.011,-0.004,0.279,-0.001,0.000,0.000,0.000,5.000,5.000,0.000,0.000,0.15,0.00
2.54654,0.00,0.00,0.00,0.000,0.000,0.000,0.000,0.000,0.000,0.00,0.00,0.000,0.000,0.000,-0.001,-0.011,-0.004,0.279,0.000,0.000,0.000,0.000,5.000,5.000,0.000,0.000,0.15,0.00
2.55732,0.00,0.00,0.00,0.000,0.000,0.000,0.000,0.000,0.000,0.00,0.00,0.000,0.000,0.000,-0.001,-0.011,-0.004,0.278,-0.009,0.000,0.000,0.000,5.000,5.000,0.000,0.000,0.15,0.00
2.57013,0.00,0.00,0.00,0.000,0.000,0.000,0.000,0.000,0.000,0.00,0.00,0.000,0.000,0.000,-0.001,-0.011,-0.004,0.278,-0.010,0.000,0.000,0.000,5.000,5.000,0.000,0.000,0.15,0.00
2.58187,0.00,0.00,0.00,0.000,0.000,0.000,0.000,0.000,0.000,0.00,0.00,0.000,0.000,0.000,-0.001,-0.011,-0.004,0.278,-0.006,0.000,0.000,0.000,5.000,5.000,0.000,0.000,0.15,0.00
2.59212,0.00,0.00,0.00,0.000,0.000,0.000,0.000,0.000,0.000,0.00,0.00,0.000,0.000,0.000,-0.001,-0.011,-0.004,0.279,0.013,0.000,0.000,0.000,5.000,5.000,0.000,0.000,0.15,0.00
2.60308,0.00,0.00,0.00,0.000,0.000,0.000,0.000,0.000,0.000,0.00,0.00,0.000,0.000,0.000,-0.001,-0.011,-0.004,0.279,0.010,0.000,0.000,0.000,5.000,5.000,0.000,0.000,0.15,0.00
2.61394,0.00,0.00,0.00,0.000,0.000,0.000,0.000,0.000,0.000,0.00,0.00,0.000,0.000,0.000,-0.001,-0.011,-0.004,0.279,0.030,0.000,0.000,0.000,5.000,5.000,0.000,0.000,0.15,0.00
2.62493,0.00,0.00,0.00,0.000,0.000,0.000,0.000,0.000,0.000,0.00,0.00,0.000,0.000,0.000,-0.001,-0.011,-0.004,0.279,0.022,0.000,0.000,0.000,5.000,5.000,0.000,0.000,0.15,0.00
2.63615,0.00,0.00,0.00,0.000,0.000,0.000,0.000,0.000,0.000,0.00,0.00,0.000,0.000,0.000,-0.001,-0.011,-0.004,0.279,0.016,0.000,0.000,0.000,5.000,5.000,0.000,0.000,0.15,0.00
2.64710,0.00,0.00,0.00,0.000,0.000,0.000,0.000,0.000,0.000,0.00,0.00,0.000,0.000,0.000,-0.001,-0.011,-0.004,0.279,0.012,0.000,0.000,0.000,5.000,5.000,0.000,0.000,0.15,0.00
2.66102,0.00,0.00,0.00,0.000,0.000,0.000,0.000,0.000,0.000,0.00,0.00,0.000,0.000,0.000,-0.001,-0.011,-0.004,0.280,0.034,0.000,0.000,0.000,5.000,5.000,0.000,0.000,0.15,0.00
2.67127,0.00,0.00,0.00,0.000,0.000,0.000,0.000,0.000,0.000,0.00,0.00,0.000,0.000,0.000,-0.001,-0.011,-0.004,0.280,0.039,0.000,0.000,0.000,5.000,5.000,0.000,0.000,0.15,0.00
2.68149,0.00,0.00,0.00,0.000,0.000,0.000,0.000,0.000,0.000,0.00,0.00,0.000,0.000,0.000,-0.001,-0.011,-0.004,0.281,0.043,0.000,0.000,0.000,5.000,5.000,0.000,0.000,0.15,0.00
2.69168,0.00,0.00,0.00,0.000,0.000,0.000,0.000,0.000,0.000,0.00,0.00,0.000,0.000,0.000,-0.001,-0.011,-0.004,0.281,0.042,0.000,0.000,0.000,5.000,5.000,0.000,0.000,0.15,0.00
2.70329,0.00,0.00,0.00,0.000,0.000,0.000,0.000,0.000,0.000,0.00,0.00,0.000,0.000,0.000,-0.001,-0.011,-0.004,0.281,0.029,0.000,0.000,0.000,5.000,5.000,0.000,0.000,0.15,0.00
2.71350,0.00,0.00,0.00,0.000,0.000,0.000,0.000,0.000,0.000,0.00,0.00,0.000,0.000,0.000,-0.001,-0.011,-0.004,0.281,0.027,0.000,0.000,0.000,5.000,5.000,0.000,0.000,0.15,0.00
2.72383,0.00,0.00,0.00,0.000,0.000,0.000,0.000,0.000,0.000,0.00,0.00,0.000,0.000,0.000,-0.001,-0.011,-0.004,0.281,0.019,0.000,0.000,0.000,5.000,5.000,0.000,0.000,0.15,0.00
2.73404,0.00,0.00,0.00,0.000,0.000,0.000,0.000,0.000,0.000,0.00,0.00,0.000,0.000,0.000,-0.001,-0.011,-0.004,0.281,0.013,0.000,0.000,0.000,5.000,5.000,0.000,0.000,0.15,0.00
2.74429,0.00,0.00,0.00,0.000,0.000,0.000,0.000,0.000,0.000,0.00,0.00,0.000,0.000,0.000,-0.001,-0.011,-0.004,0.281,0.008,0.000,0.000,0.000,5.000,5.000,0.000,0.000,0.15,0.00
2.75461,0.00,0.00,0.00,0.000,0.000,0.000,0.000,0.000,0.000,0.00,0.00,0.000,0.000,0.000,-0.001,-0.011,-0.004,0.281,0.005,0.000,0.000,0.000,5.000,5.000,0.000,0.000,0.15,0.00
2.76492,0.00,0.00,0.00,0.000,0.000,0.000,0.000,0.000,0.000,0.00,0.00,0.000,0.000,0.000,-0.001,-0.011,-0.004,0.281,0.003,0.000,0.000,0.000,5.000,5.000,0.000,0.000,0.15,0.00
2.77522,0.00,0.00,0.00,0.000,0.000,0.000,0.000,0.000,0.000,0.00,0.00,0.000,0.000,0.000,-0.001,-0.011,-0.004,0.281,0.001,0.000,0.000,0.000,5.000,5.000,0.000,0.000,0.15,0.00
2.78553,0.00,0.00,0.00,0.000,0.000,0.000,0.000,0.000,0.000,0.00,0.00,0.000,0.000,0.000,-0.001,-0.011,-0.004,0.281,0.000,0.000,0.000,0.000,5.000,5.000,0.000,0.000,0.15,0.00
2.79586,0.00,0.00,0.00,0.000,0.000,0.000,0.000,0.000,0.000,0.00,0.00,0.000,0.000,0.000,-0.001,-0.011,-0.004,0.281,-0.001,0.000,0.000,0.000,5.000,5.000,0.000,0.000,0.15,0.00
2.80689,0.00,0.00,0.00,0.000,0.000,0.000,0.000,0.000,0.000,0.00,0.00,0.000,0.000,0.000,-0.001,-0.011,-0.004,0.281,0.002,0.000,0.000,0.000,5.000,5.000,0.000,0.000,0.15,0.00
2.81713,0.00,0.00,0.00,0.000,0.000,0.000,0.000,0.000,0.000,0.00,0.00,0.000,0.000,0.000,-0.001,-0.011,-0.004,0.282,0.004,0.000,0.000,0.000,5.000,5.000,0.000,0.000,0.15,0.00
2.83040,0.00,0.00,0.00,0.000,0.000,0.000,0.000,0.000,0.000,0.00,0.00,0.000,0.000,0.000,-0.001,-0.011,-0.004,0.282,0.001,0.000,0.000,0.000,5.000,5.000,0.000,0.000,0.15,0.00
2.84339,0.00,0.00,0.00,0.000,0.000,0.000,0.000,0.000,0.000,0.00,0.00,0.000,0.000,0.000,-0.001,-0.011,-0.004,0.282,-0.000,0.000,0.000,0.000,5.000,5.000,0.000,0.000,0.15,0.00
2.85364,0.00,0.00,0.00,0.000,0.000,0.000,0.000,0.000,0.000,0.00,0.00,0.000,0.000,0.000,-0.001,-0.011,-0.004,0.282,0.000,0.000,0.000,0.000,5.000,5.000,0.000,0.000,0.15,0.00
2.86656,0.00,0.00,0.00,0.000,0.000,0.000,0.000,0.000,0.000,0.00,0.00,0.000,0.000,0.000,-0.001,-0.011,-0.004,0.282,0.000,0.000,0.000,0.000,5.000,5.000,0.000,0.000,0.15,0.00
2.87674,0.00,0.00,0.00,0.000,0.000,0.000,0.000,0.000,0.000,0.00,0.00,0.000,0.000,0.000,-0.001,-0.011,-0.004,0.282,0.007,0.000,0.000,0.000,5.000,5.000,0.000,0.000,0.15,0.00
2.88700,0.00,0.00,0.00,0.000,0.000,0.000,0.000,0.000,0.000,0.00,0.00,0.000,0.000,0.000,-0.001,-0.011,-0.004,0.282,0.001,0.000,0.000,0.000,5.000,5.000,0.000,0.000,0.15,0.00
2.89748,0.00,0.00,0.00,0.000,0.000,0.000,0.000,0.000,0.000,0.00,0.00,0.000,0.000,0.000,-0.001,-0.011,-0.004,0.282,0.000,0.000,0.000,0.000,5.000,5.000,0.000,0.000,0.15,0.00
2.90779,0.00,0.00,0.00,0.000,0.000,0.000,0.000,0.000,0.000,0.00,0.00,0.000,0.000,0.000,-0.001,-0.011,-0.004,0.282,-0.004,0.000,0.000,0.000,5.000,5.000,0.000,0.000,0.15,0.00
2.92029,0.00,0.00,0.00,0.000,0.000,0.000,0.000,0.000,0.000,0.00,0.00,0.000,0.000,0.000,-0.001,-0.011,-0.004,0.282,-0.003,0.000,0.000,0.000,5.000,5.000,0.000,0.000,0.15,0.00
2.93049,0.00,0.00,0.00,0.000,0.000,0.000,0.000,0.000,0.000,0.00,0.00,0.000,0.000,0.000,-0.001,-0.011,-0.004,0.282,-0.003,0.000,0.000,0.000,5.000,5.000,0.000,0.000,0.15,0.00
2.94072,0.00,0.00,0.00,0.000,0.000,0.000,0.000,0.000,0.000,0.00,0.00,0.000,0.000,0.000,-0.001,-0.011,-0.004,0.282,-0.002,0.000,0.000,0.000,5.000,5.000,0.000,0.000,0.15,0.00
2.95348,0.00,0.00,0.00,0.000,0.000,0.000,0.000,0.000,0.000,0.00,0.00,0.000,0.000,0.000,-0.001,-0.011,-0.004,0.282,0.003,0.000,0.000,0.000,5.000,5.000,0.000,0.000,0.15,0.00
2.96450,0.00,0.00,0.00,0.000,0.000,0.000,0.000,0.000,0.000,0.00,0.00,0.000,0.000,0.000,-0.001,-0.011,-0.004,0.282,0.008,0.000,0.000,0.000,5.000,5.000,0.000,0.000,0.15,0.00
2.97476,0.00,0.00,0.00,0.000,0.000,0.000,0.000,0.000,0.000,0.00,0.00,0.000,0.000,0.000,-0.001,-0.011,-0.004,0.282,0.005,0.000,0.000,0.000,5.000,5.000,0.000,0.000,0.15,0.00
2.98601,0.00,0.00,0.00,0.000,0.000,0.000,0.000,0.000,0.000,0.00,0.00,0.000,0.000,0.000,-0.001,-0.011,-0.004,0.282,0.004,0.000,0.000,0.000,5.000,5.000,0.000,0.000,0.15,0.00
2.99968,0.00,0.00,0.00,0.000,0.000,0.000,0.000,0.000,0.000,0.00,0.00,0.000,0.000,0.000,-0.001,-0.011,-0.004,0.282,0.007,0.000,0.000,0.000,5.000,5.000,0.000,0.000,0.15,0.00
3.00983,0.00,0.00,0.00,0.000,0.000,0.000,0.000,0.000,0.000,0.00,0.00,0.000,0.000,0.000,-0.001,-0.011,-0.004,0.282,0.008,0.000,0.000,0.000,5.000,5.000,0.000,0.000,0.15,0.00
3.02145,0.00,0.00,0.00,0.000,0.000,0.000,0.000,0.000,0.000,0.00,0.00,0.000,0.000,0.000,-0.001,-0.011,-0.004,0.282,0.005,0.000,0.000,0.000,5.000,5.000,0.000,0.000,0.15,0.00
3.03185,0.00,0.00,0.00,0.000,0.000,0.000,0.000,0.000,0.000,0.00,0.00,0.000,0.000,0.000,-0.001,-0.011,-0.004,0.282,0.004,0.000,0.000,0.000,5.000,5.000,0.000,0.000,0.15,0.00
3.04411,0.00,0.00,0.00,0.000,0.000,0.000,0.000,0.000,0.000,0.00,0.00,0.000,0.000,0.000,-0.001,-0.011,-0.004,0.282,0.006,0.000,0.000,0.000,5.000,5.000,0.000,0.000,0.15,0.00
3.05595,0.00,0.00,0.00,0.000,0.000,0.000,0.000,0.000,0.000,0.00,0.00,0.000,0.000,0.000,-0.001,-0.011,-0.004,0.282,0.004,0.000,0.000,0.000,5.000,5.000,0.000,0.000,0.15,0.00
3.06820,0.00,0.00,0.00,0.000,0.000,0.000,0.000,0.000,0.000,0.00,0.00,0.000,0.000,0.000,-0.001,-0.011,-0.004,0.282,0.006,0.000,0.000,0.000,5.000,5.000,0.000,0.000,0.15,0.00
3.07912,0.00,0.00,0.00,0.000,0.000,0.000,0.000,0.000,0.000,0.00,0.00,0.000,0.000,0.000,-0.001,-0.011,-0.004,0.282,0.000,0.000,0.000,0.000,5.000,5.000,0.000,0.000,0.15,0.00
3.09127,0.00,0.00,0.00,0.000,0.000,0.000,0.000,0.000,0.000,0.00,0.00,0.000,0.000,0.000,-0.001,-0.011,-0.004,0.282,-0.008,0.000,0.000,0.000,5.000,5.000,0.000,0.000,0.15,0.00
3.10381,0.00,0.00,0.00,0.000,0.000,0.000,0.000,0.000,0.000,0.00,0.00,0.000,0.000,0.000,-0.001,-0.011,-0.004,0.282,-0.006,0.000,0.000,0.000,5.000,5.000,0.000,0.000,0.15,0.00
3.11413,0.00,0.00,0.00,0.000,0.000,0.000,0.000,0.000,0.000,0.00,0.00,0.000,0.000,0.000,-0.001,-0.011,-0.004,0.282,-0.004,0.000,0.000,0.000,5.000,5.000,0.000,0.000,0.15,0.00
3.12655,0.00,0.00,0.00,0.000,0.000,0.000,0.000,0.000,0.000,0.00,0.00,0.000,0.000,0.000,-0.001,-0.011,-0.004,0.282,-0.003,0.000,0.000,0.000,5.000,5.000,0.000,0.000,0.15,0.00
3.13896,0.00,0.00,0.00,0.000,0.000,0.000,0.000,0.000,0.000,0.00,0.00,0.000,0.000,0.000,-0.001,0.077,-0.004,0.282,-0.002,0.000,0.000,0.000,5.000,5.000,0.000,0.000,0.15,0.00
3.14956,0.00,0.00,0.00,0.000,0.000,0.000,0.000,0.000,0.000,0.00,0.00,0.000,0.000,0.000,-0.001,0.077,-0.004,0.282,-0.006,0.000,0.000,0.000,5.000,5.000,0.000,0.000,0.15,0.00
3.16186,0.00,0.00,0.00,0.000,0.000,0.000,0.000,0.000,0.000,0.00,0.00,0.000,0.000,0.000,-0.001,0.077,-0.004,0.282,-0.004,0.000,0.000,0.000,5.000,5.000,0.000,0.000,0.15,0.00
3.17274,0.00,0.00,0.00,0.000,0.000,0.000,0.000,0.000,0.000,0.00,0.00,0.000,0.000,0.000,-0.001,0.077,-0.004,0.282,-0.010,0.000,0.000,0.000,5.000,5.000,0.000,0.000,0.15,0.00
3.18409,0.00,0.00,0.00,0.000,0.000,0.000,0.000,0.000,0.000,0.00,0.00,0.000,0.000,0.000,-0.001,0.077,-0.004,0.282,-0.007,0.000,0.000,0.000,5.000,5.000,0.000,0.000,0.15,0.00
3.19698,0.00,0.00,0.00,0.000,0.000,0.000,0.000,0.000,0.000,0.00,0.00,0.000,0.000,0.000,-0.001,0.077,-0.004,0.282,-0.008,0.000,0.000,0.000,5.000,5.000,0.000,0.000,0.15,0.00
3.20827,0.00,0.00,0.00,0.000,0.000,0.000,0.000,0.000,0.000,0.00,0.00,0.000,0.000,0.000,-0.001,0.077,-0.004,0.282,-0.005,0.000,0.000,0.000,5.000,5.000,0.000,0.000,0.15,0.00
3.21876,0.00,0.00,0.00,0.000,0.000,0.000,0.000,0.000,0.000,0.00,0.00,0.000,0.000,0.000,-0.001,0.077,-0.004,0.282,-0.004,0.000,0.000,0.000,5.000,5.000,0.000,0.000,0.15,0.00
3.23030,0.00,0.00,0.00,0.000,0.000,0.000,0.000,0.000,0.000,0.00,0.00,0.000,0.000,0.000,-0.001,0.077,-0.004,0.282,-0.000,0.000,0.000,0.000,5.000,5.000,0.000,0.000,0.15,0.00
3.24265,0.00,0.00,0.00,0.000,0.000,0.000,0.000,0.000,0.000,0.00,0.00,0.000,0.000,0.000,-0.001,0.077,-0.004,0.282,0.000,0.000,0.000,0.000,5.000,5.000,0.000,0.000,0.15,0.00
3.25351,0.00,0.00,0.00,0.000,0.000,0.000,0.000,0.000,0.000,0.00,0.00,0.000,0.000,0.000,-0.001,0.077,-0.004,0.282,0.002,0.000,0.000,0.000,5.000,5.000,0.000,0.000,0.15,0.00
3.26489,0.00,0.00,0.00,0.000,0.000,0.000,0.000,0.000,0.000,0.00,0.00,0.000,0.000,0.000,-0.001,0.077,-0.004,0.282,0.002,0.000,0.000,0.000,5.000,5.000,0.000,0.000,0.15,0.00
3.27575,0.00,0.00,0.00,0.000,0.000,0.000,0.000,0.000,0.000,0.00,0.00,0.000,0.000,0.000,-0.001,0.077,-0.004,0.282,0.001,0.000,0.000,0.000,5.000,5.000,0.000,0.000,0.15,0.00
3.28858,0.00,0.00,0.00,0.000,0.000,0.000,0.000,0.000,0.000,0.00,0.00,0.000,0.000,0.000,-0.001,0.077,-0.004,0.282,0.002,0.000,0.000,0.000,5.000,5.000,0.000,0.000,0.15,0.00
3.29875,0.00,0.00,0.00,0.000,0.000,0.000,0.000,0.000,0.000,0.00,0.00,0.000,0.000,0.000,-0.001,0.077,-0.004,0.282,-0.001,0.000,0.000,0.000,5.000,5.000,0.000,0.000,0.15,0.00
3.30987,0.00,0.00,0.00,0.000,0.000,0.000,0.000,0.000,0.000,0.00,0.00,0.000,0.000,0.000,-0.001,0.077,-0.004,0.282,-0.003,0.000,0.000,0.000,5.000,5.000,0.000,0.000,0.15,0.00
3.32204,0.00,0.00,0.00,0.000,0.000,0.000,0.000,0.000,0.000,0.00,0.00,0.000,0.000,0.000,-0.001,0.077,-0.004,0.282,-0.002,0.000,0.000,0.000,5.000,5.000,0.000,0.000,0.15,0.00
3.33242,0.00,0.00,0.00,0.000,0.000,0.000,0.000,0.000,0.000,0.00,0.00,0.000,0.000,0.000,-0.001,0.077,-0.004,0.282,-0.002,0.000,0.000,0.000,5.000,5.000,0.000,0.000,0.15,0.00
3.34340,0.00,0.00,0.00,0.000,0.000,0.000,0.000,0.000,0.000,0.00,0.00,0.000,0.000,0.000,-0.001,0.077,-0.004,0.282,-0.002,0.000,0.000,0.000,5.000,5.000,0.000,0.000,0.15,0.00
3.35401,0.00,0.00,0.00,0.000,0.000,0.000,0.000,0.000,0.000,0.00,0.00,0.000,0.000,0.000,-0.001,0.077,-0.004,0.282,0.005,0.000,0.000,0.000,5.000,5.000,0.000,0.000,0.15,0.00
3.36557,0.00,0.00,0.00,0.000,0.000,0.000,0.000,0.000,0.000,0.00,0.00,0.000,0.000,0.000,-0.001,0.077,-0.004,0.282,0.004,0.000,0.000,0.000,5.000,5.000,0.000,0.000,0.15,0.00
3.37596,0.00,0.00,0.00,0.000,0.000,0.000,0.000,0.000,0.000,0.00,0.00,0.000,0.000,0.000,-0.001,0.077,-0.004,0.282,0.012,0.000,0.000,0.000,5.000,5.000,0.000,0.000,0.15,0.00
3.38775,0.00,0.00,0.00,0.000,0.000,0.000,0.000,0.000,0.000,0.00,0.00,0.000,0.000,0.000,-0.001,0.077,-0.004,0.282,0.012,0.000,0.000,0.000,5.000,5.000,0.000,0.000,0.15,0.00
3.39846,0.00,0.00,0.00,0.000,0.000,0.000,0.000,0.000,0.000,0.00,0.00,0.000,0.000,0.000,-0.001,0.077,-0.004,0.282,0.008,0.000,0.000,0.000,5.000,5.000,0.000,0.000,0.15,0.00
3.41032,0.00,0.00,0.00,0.000,0.000,0.000,0.000,0.000,0.000,0.00,0.00,0.000,0.000,0.000,-0.001,0.077,-0.004,0.282,-0.006,0.000,0.000,0.000,5.000,5.000,0.000,0.000,0.15,0.00
3.42058,0.00,0.00,0.00,0.000,0.000,0.000,0.000,0.000,0.000,0.00,0.00,0.000,0.000,0.000,-0.001,0.077,-0.004,0.282,-0.004,0.000,0.000,0.000,5.000,5.000,0.000,0.000,0.15,0.00
3.43141,0.00,0.00,0.00,0.000,0.000,0.000,0.000,0.000,0.000,0.00,0.00,0.000,0.000,0.000,-0.001,0.077,-0.004,0.281,-0.018,0.000,0.000,0.000,5.000,5.000,0.000,0.000,0.15,0.00
3.44169,0.00,0.00,0.00,0.000,0.000,0.000,0.000,0.000,0.000,0.00,0.00,0.000,0.000,0.000,-0.001,0.077,-0.004,0.281,-0.013,0.000,0.000,0.000,5.000,5.000,0.000,0.000,0.15,0.00
3.45501,0.00,0.00,0.00,0.000,0.000,0.000,0.000,0.000,0.000,0.00,0.00,0.000,0.000,0.000,-0.001,0.077,-0.004,0.281,-0.013,0.000,0.000,0.000,5.000,5.000,0.000,0.000,0.15,0.00
3.46534,0.00,0.00,0.00,0.000,0.000,0.000,0.000,0.000,0.000,0.00,0.00,0.000,0.000,0.000,-0.001,0.077,-0.004,0.281,-0.010,0.000,0.000,0.000,5.000,5.000,0.000,0.000,0.15,0.00
3.47554,0.00,0.00,0.00,0.000,0.000,0.000,0.000,0.000,0.000,0.00,0.00,0.000,0.000,0.000,-0.001,0.077,-0.004,0.282,0.004,0.000,0.000,0.000,5.000,5.000,0.000,0.000,0.15,0.00
3.48570,0.00,0.00,0.00,0.000,0.000,0.000,0.000,0.000,0.000,0.00,0.00,0.000,0.000,0.000,-0.001,0.077,-0.004,0.282,0.016,0.000,0.000,0.000,5.000,5.000,0.000,0.000,0.15,0.00
3.49711,0.00,0.00,0.00,0.000,0.000,0.000,0.000,0.000,0.000,0.00,0.00,0.000,0.000,0.000,-0.001,0.077,-0.004,0.282,0.012,0.000,0.000,0.000,5.000,5.000,0.000,0.000,0.15,0.00
3.50731,0.00,0.00,0.00,0.000,0.000,0.000,0.000,0.000,0.000,0.00,0.00,0.000,0.000,0.000,-0.001,0.077,-0.004,0.282,0.018,0.000,0.000,0.000,5.000,5.000,0.000,0.000,0.15,0.00
3.51750,0.00,0.00,0.00,0.000,0.000,0.000,0.000,0.000,0.000,0.00,0.00,0.000,0.000,0.000,-0.001,0.077,-0.004,0.282,0.013,0.000,0.000,0.000,5.000,5.000,0.000,0.000,0.15,0.00
3.52841,0.00,0.00,0.00,0.000,0.000,0.000,0.000,0.000,0.000,0.00,0.00,0.000,0.000,0.000,-0.001,0.077,-0.004,0.282,0.013,0.000,0.000,0.000,5.000,5.000,0.000,0.000,0.15,0.00
3.53876,0.00,0.00,0.00,0.000,0.000,0.000,0.000,0.000,0.000,0.00,0.00,0.000,0.000,0.000,-0.001,0.077,-0.004,0.282,0.009,0.000,0.000,0.000,5.000,5.000,0.000,0.000,0.15,0.00
3.55075,0.00,0.00,0.00,0.000,0.000,0.000,0.000,0.000,0.000,0.00,0.00,0.000,0.000,0.000,-0.001,0.077,-0.004,0.282,0.006,0.000,0.000,0.000,5.000,5.000,0.000,0.000,0.15,0.00
3.56160,0.00,0.00,0.00,0.000,0.000,0.000,0.000,0.000,0.000,0.00,0.00,0.000,0.000,0.000,-0.001,0.077,-0.004,0.282,0.001,0.000,0.000,0.000,5.000,5.000,0.000,0.000,0.15,0.00
3.57249,0.00,0.00,0.00,0.000,0.000,0.000,0.000,0.000,0.000,0.00,0.00,0.000,0.000,0.000,-0.001,0.077,-0.004,0.282,0.000,0.000,0.000,0.000,5.000,5.000,0.000,0.000,0.15,0.00
3.58349,0.00,0.00,0.00,0.000,0.000,0.000,0.000,0.000,0.000,0.00,0.00,0.000,0.000,0.000,-0.001,0.077,-0.004,0.282,-0.000,0.000,0.000,0.000,5.000,5.000,0.000,0.000,0.15,0.00
3.59534,0.00,0.00,0.00,0.000,0.000,0.000,0.000,0.000,0.000,0.00,0.00,0.000,0.000,0.000,-0.001,0.077,-0.004,0.282,-0.006,0.000,0.000,0.000,5.000,5.000,0.000,0.000,0.15,0.00
3.60622,0.00,0.00,0.00,0.000,0.000,0.000,0.000,0.000,0.000,0.00,0.00,0.000,0.000,0.000,-0.001,0.077,-0.004,0.282,-0.011,0.000,0.000,0.000,5.000,5.000,0.000,0.000,0.15,0.00
3.61738,0.00,0.00,0.00,0.000,0.000,0.000,0.000,0.000,0.000,0.00,0.00,0.000,0.000,0.000,-0.001,0.077,-0.004,0.282,-0.008,0.000,0.000,0.000,5.000,5.000,0.000,0.000,0.15,0.00
3.62882,0.00,0.00,0.00,0.000,0.000,0.000,0.000,0.000,0.000,0.00,0.00,0.000,0.000,0.000,-0.001,0.077,-0.004,0.282,0.001,0.000,0.000,0.000,5.000,5.000,0.000,0.000,0.15,0.00
3.63900,0.00,0.00,0.00,0.000,0.000,0.000,0.000,0.000,0.000,0.00,0.00,0.000,0.000,0.000,-0.001,0.077,-0.004,0.282,0.000,0.000,0.000,0.000,5.000,5.000,0.000,0.000,0.15,0.00
3.64915,0.00,0.00,0.00,0.000,0.000,0.000,0.000,0.000,0.000,0.00,0.00,0.000,0.000,0.000,-0.001,0.077,-0.004,0.282,0.000,0.000,0.000,0.000,5.000,5.000,0.000,0.000,0.15,0.00
3.66423,0.00,0.00,0.00,0.000,0.000,0.000,0.000,0.000,0.000,0.00,0.00,0.000,0.000,0.000,-0.001,0.077,-0.004,0.282,0.000,0.000,0.000,0.000,5.000,5.000,0.000,0.000,0.15,0.00
3.67452,0.00,0.00,0.00,0.000,0.000,0.000,0.000,0.000,0.000,0.00,0.00,0.000,0.000,0.000,-0.001,0.077,-0.004,0.282,0.010,0.000,0.000,0.000,5.000,5.000,0.000,0.000,0.15,0.00
3.68486,0.00,0.00,0.00,0.000,0.000,0.000,0.000,0.000,0.000,0.00,0.00,0.000,0.000,0.000,-0.001,0.077,-0.004,0.283,0.015,0.000,0.000,0.000,5.000,5.000,0.000,0.000,0.15,0.00
3.69530,0.00,0.00,0.00,0.000,0.000,0.000,0.000,0.000,0.000,0.00,0.00,0.000,0.000,0.000,-0.001,0.077,-0.004,0.283,0.010,0.000,0.000,0.000,5.000,5.000,0.000,0.000,0.15,0.00
3.70696,0.00,0.00,0.00,0.000,0.000,0.000,0.000,0.000,0.000,0.00,0.00,0.000,0.000,0.000,-0.001,0.077,-0.004,0.282,0.000,0.000,0.000,0.000,5.000,5.000,0.000,0.000,0.15,0.00
3.71825,0.00,0.00,0.00,0.000,0.000,0.000,0.000,0.000,0.000,0.00,0.00,0.000,0.000,0.000,-0.001,0.077,-0.004,0.282,-0.000,0.000,0.000,0.000,5.000,5.000,0.000,0.000,0.15,0.00
3.72864,0.00,0.00,0.00,0.000,0.000,0.000,0.000,0.000,0.000,0.00,0.00,0.000,0.000,0.000,-0.001,0.077,-0.004,0.282,-0.000,0.000,0.000,0.000,5.000,5.000,0.000,0.000,0.15,0.00
3.74164,0.00,0.00,0.00,0.000,0.000,0.000,0.000,0.000,0.000,0.00,0.00,0.000,0.000,0.000,-0.001,0.077,-0.004,0.282,0.002,0.000,0.000,0.000,5.000,5.000,0.000,0.000,0.15,0.00
3.75179,0.00,0.00,0.00,0.000,0.000,0.000,0.000,0.000,0.000,0.00,0.00,0.000,0.000,0.000,-0.001,0.077,-0.004,0.282,0.002,0.000,0.000,0.000,5.000,5.000,0.000,0.000,0.15,0.00
3.76388,0.00,0.00,0.00,0.000,0.000,0.000,0.000,0.000,0.000,0.00,0.00,0.000,0.000,0.000,-0.001,0.077,-0.004,0.282,0.001,0.000,0.000,0.000,5.000,5.000,0.000,0.000,0.15,0.00
3.77691,0.00,0.00,0.00,0.000,0.000,0.000,0.000,0.000,0.000,0.00,0.00,0.000,0.000,0.000,-0.001,0.077,-0.004,0.283,0.021,0.000,0.000,0.000,5.000,5.000,0.000,0.000,0.15,0.00
3.78705,0.00,0.00,0.00,0.000,0.000,0.000,0.000,0.000,0.000,0.00,0.00,0.000,0.000,0.000,-0.001,0.077,-0.004,0.283,0.015,0.000,0.000,0.000,5.000,5.000,0.000,0.000,0.15,0.00
3.79967,0.00,0.00,0.00,0.000,0.000,0.000,0.000,0.000,0.000,0.00,0.00,0.000,0.000,0.000,-0.001,0.077,-0.004,0.284,0.031,0.000,0.000,0.000,5.000,5.000,0.000,0.000,0.15,0.00
3.80984,0.00,0.00,0.00,0.000,0.000,0.000,0.000,0.000,0.000,0.00,0.00,0.000,0.000,0.000,-0.001,0.077,-0.004,0.284,0.040,0.000,0.000,0.000,5.000,5.000,0.000,0.000,0.15,0.00
3.82004,0.00,0.00,0.00,0.000,0.000,0.000,0.000,0.000,0.000,0.00,0.00,0.000,0.000,0.000,-0.001,0.077,-0.004,0.284,0.028,0.000,0.000,0.000,5.000,5.000,0.000,0.000,0.15,0.00
3.83062,0.00,0.00,0.00,0.000,0.000,0.000,0.000,0.000,0.000,0.00,0.00,0.000,0.000,0.000,-0.001,0.077,-0.004,0.284,0.028,0.000,0.000,0.000,5.000,5.000,0.000,0.000,0.15,0.00
3.84113,0.00,0.00,0.00,0.000,0.000,0.000,0.000,0.000,0.000,0.00,0.00,0.000,0.000,0.000,-0.001,0.077,-0.004,0.284,0.019,0.000,0.000,0.000,5.000,5.000,0.000,0.000,0.15,0.00
3.85167,0.00,0.00,0.00,0.000,0.000,0.000,0.000,0.000,0.000,0.00,0.00,0.000,0.000,0.000,-0.001,0.077,-0.004,0.284,0.013,0.000,0.000,0.000,5.000,5.000,0.000,0.000,0.15,0.00
3.86765,0.00,0.00,0.00,0.000,0.000,0.000,0.000,0.000,0.000,0.00,0.00,0.000,0.000,0.000,-0.001,0.077,-0.004,0.284,0.013,0.000,0.000,0.000,5.000,5.000,0.000,0.000,0.15,0.00
3.87796,0.00,0.00,0.00,0.000,0.000,0.000,0.000,0.000,0.000,0.00,0.00,0.000,0.000,0.000,-0.001,0.077,-0.004,0.284,0.006,0.000,0.000,0.000,5.000,5.000,0.000,0.000,0.15,0.00
3.88811,0.00,0.00,0.00,0.000,0.000,0.000,0.000,0.000,0.000,0.00,0.00,0.000,0.000,0.000,-0.001,0.077,-0.004,0.284,0.004,0.000,0.000,0.000,5.000,5.000,0.000,0.000,0.15,0.00
3.89827,0.00,0.00,0.00,0.000,0.000,0.000,0.000,0.000,0.000,0.00,0.00,0.000,0.000,0.000,-0.001,0.077,-0.004,0.285,0.005,0.000,0.000,0.000,5.000,5.000,0.000,0.000,0.15,0.00
3.90847,0.00,0.00,0.00,0.000,0.000,0.000,0.000,0.000,0.000,0.00,0.00,0.000,0.000,0.000,-0.001,0.077,-0.004,0.285,0.003,0.000,0.000,0.000,5.000,5.000,0.000,0.000,0.15,0.00
3.92289,0.00,0.00,0.00,0.000,0.000,0.000,0.000,0.000,0.000,0.00,0.00,0.000,0.000,0.000,-0.001,0.077,-0.004,0.285,0.004,0.000,0.000,0.000,5.000,5.000,0.000,0.000,0.15,0.00
3.93304,0.00,0.00,0.00,0.000,0.000,0.000,0.000,0.000,0.000,0.00,0.00,0.000,0.000,0.000,-0.001,0.077,-0.004,0.285,0.002,0.000,0.000,0.000,5.000,5.000,0.000,0.000,0.15,0.00
3.94376,0.00,0.00,0.00,0.000,0.000,0.000,0.000,0.000,0.000,0.00,0.00,0.000,0.000,0.000,-0.001,0.077,-0.004,0.285,0.001,0.000,0.000,0.000,5.000,5.000,0.000,0.000,0.15,0.00
3.95391,0.00,0.00,0.00,0.000,0.000,0.000,0.000,0.000,0.000,0.00,0.00,0.000,0.000,0.000,-0.001,0.077,-0.004,0.284,-0.005,0.000,0.000,0.000,5.000,5.000,0.000,0.000,0.15,0.00
3.96516,0.00,0.00,0.00,0.000,0.000,0.000,0.000,0.000,0.000,0.00,0.00,0.000,0.000,0.000,-0.001,0.077,-0.004,0.284,-0.004,0.000,0.000,0.000,5.000,5.000,0.000,0.000,0.15,0.00
3.97812,0.00,0.00,0.00,0.000,0.000,0.000,0.000,0.000,0.000,0.00,0.00,0.000,0.000,0.000,-0.001,0.077,-0.004,0.284,-0.003,0.000,0.000,0.000,5.000,5.000,0.000,0.000,0.15,0.00
3.98877,0.00,0.00,0.00,0.000,0.000,0.000,0.000,0.000,0.000,0.00,0.00,0.000,0.000,0.000,-0.001,0.077,-0.004,0.285,0.003,0.000,0.000,0.000,5.000,5.000,0.000,0.000,0.15,0.00
3.99963,0.00,0.00,0.00,0.000,0.000,0.000,0.000,0.000,0.000,0.00,0.00,0.000,0.000,0.000,-0.001,0.077,-0.004,0.285,0.002,0.000,0.000,0.000,5.000,5.000,0.000,0.000,0.15,0.00
4.01068,0.00,0.00,0.00,0.000,0.000,0.000,0.000,0.000,0.000,0.00,0.00,0.000,0.000,0.000,-0.001,0.077,-0.004,0.285,0.004,0.000,0.000,0.000,5.000,5.000,0.000,0.000,0.15,0.00
4.02127,0.00,0.00,0.00,0.000,0.000,0.000,0.000,0.000,0.000,0.00,0.00,0.000,0.000,0.000,-0.001,0.077,-0.004,0.285,0.002,0.000,0.000,0.000,5.000,5.000,0.000,0.000,0.15,0.00
4.03268,0.00,0.00,0.00,0.000,0.000,0.000,0.000,0.000,0.000,0.00,0.00,0.000,0.000,0.000,-0.001,0.077,-0.004,0.285,0.007,0.000,0.000,0.000,5.000,5.000,0.000,0.000,0.15,0.00
4.04533,0.00,0.00,0.00,0.000,0.000,0.000,0.000,0.000,0.000,0.00,0.00,0.000,0.000,0.000,-0.001,0.077,-0.004,0.285,0.005,0.000,0.000,0.000,5.000,5.000,0.000,0.000,0.15,0.00
4.05624,0.00,0.00,0.00,0.000,0.000,0.000,0.000,0.000,0.000,0.00,0.00,0.000,0.000,0.000,-0.001,0.077,-0.004,0.285,0.012,0.000,0.000,0.000,5.000,5.000,0.000,0.000,0.15,0.00
4.07100,0.00,0.00,0.00,0.000,0.000,0.000,0.000,0.000,0.000,0.00,0.00,0.000,0.000,0.000,-0.001,0.077,-0.004,0.286,0.021,0.000,0.000,0.000,5.000,5.000,0.000,0.000,0.15,0.00
4.08352,0.00,0.00,0.00,0.000,0.000,0.000,0.000,0.000,0.000,0.00,0.00,0.000,0.000,0.000,-0.001,0.077,-0.004,0.286,0.015,0.000,0.000,0.000,5.000,5.000,0.000,0.000,0.15,0.00
4.09537,0.00,0.00,0.00,0.000,0.000,0.000,0.000,0.000,0.000,0.00,0.00,0.000,0.000,0.000,-0.001,0.077,-0.004,0.286,0.018,0.000,0.000,0.000,5.000,5.000,0.000,0.000,0.15,0.00
4.10553,0.00,0.00,0.00,0.000,0.000,0.000,0.000,0.000,0.000,0.00,0.00,0.000,0.000,0.000,-0.001,0.077,-0.004,0.286,0.025,0.000,0.000,0.000,5.000,5.000,0.000,0.000,0.15,0.00
4.11668,0.00,0.00,0.00,0.000,0.000,0.000,0.000,0.000,0.000,0.00,0.00,0.000,0.000,0.000,-0.001,0.077,-0.004,0.286,0.018,0.000,0.000,0.000,5.000,5.000,0.000,0.000,0.15,0.00
4.12682,0.00,0.00,0.00,0.000,0.000,0.000,0.000,0.000,0.000,0.00,0.00,0.000,0.000,0.000,-0.001,0.077,-0.004,0.286,0.024,0.000,0.000,0.000,5.000,5.000,0.000,0.000,0.15,0.00
4.13697,0.00,0.00,0.00,0.000,0.000,0.000,0.000,0.000,0.000,0.00,0.00,0.000,0.000,0.000,-0.004,0.011,-0.004,0.286,0.017,0.000,0.000,0.000,5.000,5.000,0.000,0.000,0.15,0.00
4.14988,0.00,0.00,0.00,0.000,0.000,0.000,0.000,0.000,0.000,0.00,0.00,0.000,0.000,0.000,-0.004,-0.187,0.055,0.286,0.011,0.000,0.000,0.000,5.000,5.000,0.000,0.000,0.15,0.00
4.16231,0.00,0.00,0.00,0.000,0.000,0.000,0.000,0.000,0.000,0.00,2.50,0.000,0.500,0.000,-0.004,-0.187,0.055,0.287,0.015,0.000,0.000,0.000,5.000,5.000,0.000,0.000,0.15,0.00
4.17435,0.00,0.00,0.00,0.000,0.000,0.000,0.000,0.000,0.000,0.00,2.50,0.000,0.500,0.000,-0.008,-0.407,0.048,0.287,0.019,0.000,0.000,0.000,5.000,5.000,0.000,0.000,0.15,0.00
4.18936,0.00,0.00,0.00,0.000,0.000,0.000,0.000,0.000,0.000,0.00,2.50,0.000,0.500,0.000,0.002,0.385,-0.011,0.287,0.023,0.000,0.000,0.000,5.000,5.000,0.000,0.000,0.15,0.00
4.20310,0.00,0.00,0.00,0.000,0.000,0.000,0.000,0.000,0.000,0.00,2.50,0.000,0.500,0.000,0.006,0.626,0.114,0.287,0.016,0.000,0.000,0.000,5.000,5.000,0.000,0.000,0.15,0.00
4.21628,0.00,0.00,0.00,0.000,0.000,0.000,0.000,0.000,0.000,0.00,2.50,0.000,0.500,0.000,0.010,0.516,0.084,0.287,0.010,0.000,0.000,0.000,5.000,5.000,0.000,0.000,0.15,0.00
4.23040,0.00,0.00,0.00,0.000,0.000,0.000,0.000,0.000,0.000,0.00,2.50,0.000,0.500,0.000,0.016,0.560,0.077,0.287,0.011,0.000,0.000,0.000,5.000,5.000,0.000,0.000,0.15,0.00
4.24411,0.00,0.00,0.00,0.000,0.000,0.000,0.000,0.000,0.000,0.00,2.50,0.000,0.500,0.000,0.022,0.429,0.070,0.287,0.004,0.000,0.000,0.000,5.000,5.000,0.000,0.000,0.15,0.00
4.25729,0.00,0.00,0.00,0.000,0.000,0.000,0.000,0.000,0.000,0.00,2.50,0.000,0.500,0.000,0.027,0.319,0.084,0.287,-0.002,0.000,0.000,0.000,5.000,5.000,0.000,0.000,0.15,0.00
4.27153,0.00,0.00,0.00,0.000,0.000,0.000,0.000,0.000,0.000,0.00,2.50,0.000,0.500,0.000,0.033,0.231,0.216,0.287,-0.003,0.000,0.000,0.000,5.000,5.000,0.000,0.000,0.15,0.00
4.28475,0.00,0.00,0.00,0.000,0.000,0.000,0.000,0.000,0.000,0.00,2.50,0.000,0.500,0.000,0.038,0.363,0.333,0.287,-0.002,0.000,0.000,0.000,5.000,5.000,0.000,0.000,0.15,0.00
4.29606,0.00,0.00,0.00,0.000,0.000,0.000,0.000,0.000,0.000,0.00,2.50,0.000,0.500,0.000,0.044,0.407,0.370,0.287,-0.002,0.000,0.000,0.000,5.000,5.000,0.000,0.000,0.15,0.00
4.30642,0.00,0.00,0.00,0.000,0.000,0.000,0.000,0.000,0.000,0.00,2.50,0.000,0.500,0.000,0.047,0.275,0.370,0.287,-0.003,0.000,0.000,0.000,5.000,5.000,0.000,0.000,0.15,0.00
4.31664,0.00,0.00,0.00,0.000,0.000,0.000,0.000,0.000,0.000,0.00,2.50,0.000,0.500,0.000,0.047,0.275,0.370,0.287,-0.005,0.000,0.000,0.000,5.000,5.000,0.000,0.000,0.15,0.00
4.32682,0.00,0.00,0.00,0.000,0.000,0.000,0.000,0.000,0.000,0.00,2.50,0.000,0.500,0.000,0.054,0.231,0.480,0.287,-0.004,0.000,0.000,0.000,5.000,5.000,0.000,0.000,0.15,0.00
4.33805,0.00,0.00,0.00,0.000,0.000,0.000,0.000,0.000,0.000,0.00,2.50,0.000,0.500,0.000,0.057,0.275,0.429,0.287,-0.005,0.000,0.000,0.000,5.000,5.000,0.000,0.000,0.15,0.00
4.35098,0.00,0.00,0.00,0.000,0.000,0.000,0.000,0.000,0.000,0.00,2.50,0.000,0.500,0.000,0.061,0.209,0.436,0.287,-0.004,0.000,0.000,0.000,5.000,5.000,0.000,0.000,0.15,0.00
4.36302,0.00,0.00,0.00,0.000,0.000,0.000,0.000,0.000,0.000,0.00,2.50,0.000,0.500,0.000,0.064,0.209,0.458,0.287,-0.005,0.000,0.000,0.000,5.000,5.000,0.000,0.000,0.15,0.00
4.37321,0.00,0.00,0.00,0.000,0.000,0.000,0.000,0.000,0.000,0.00,2.50,0.000,0.500,0.000,0.064,0.209,0.458,0.287,-0.005,0.000,0.000,0.000,5.000,5.000,0.000,0.000,0.15,0.00
4.38337,0.00,0.00,0.00,0.000,0.000,0.000,0.000,0.000,0.000,0.00,2.50,0.000,0.500,0.000,0.071,0.275,0.429,0.287,-0.005,0.000,0.000,0.000,5.000,5.000,0.000,0.000,0.15,0.00
4.39487,0.00,0.00,0.00,0.000,0.000,0.000,0.000,0.000,0.000,0.00,2.50,0.000,0.500,0.000,0.071,0.275,0.429,0.287,-0.011,0.000,0.000,0.000,5.000,5.000,0.000,0.000,0.15,0.00
4.40858,0.00,0.00,0.00,0.000,0.000,0.000,0.000,0.000,0.000,0.00,2.50,0.000,0.500,0.000,0.075,0.253,0.407,0.287,-0.014,0.000,0.000,0.000,5.000,5.000,0.000,0.000,0.15,0.00
4.42802,0.00,0.00,0.00,0.000,0.000,0.000,0.000,0.000,0.000,0.00,2.50,0.000,0.500,0.000,0.083,0.363,0.282,0.287,-0.014,0.000,0.000,0.000,5.000,5.000,0.000,0.000,0.15,0.00
4.43818,0.00,0.00,0.00,0.000,0.000,0.000,0.000,0.000,0.000,0.00,2.50,0.000,0.500,0.000,0.088,0.319,0.253,0.286,-0.018,0.000,0.000,0.000,5.000,5.000,0.000,0.000,0.15,0.00
4.45052,0.00,0.00,0.00,0.000,0.000,0.000,0.000,0.000,0.000,0.00,2.50,0.000,0.500,0.000,0.093,0.275,0.253,0.286,-0.013,0.000,0.000,0.000,5.000,5.000,0.000,0.000,0.15,0.00
4.46203,0.00,0.00,0.00,0.000,0.000,0.000,0.000,0.000,0.000,0.00,0.00,0.000,0.500,0.000,0.097,0.319,0.238,0.286,-0.014,0.000,0.000,0.000,5.000,5.000,0.000,0.000,0.15,0.00
4.47393,0.00,0.00,0.00,0.000,0.000,0.000,0.000,0.000,0.000,0.00,0.00,0.000,0.000,0.178,0.101,0.363,0.289,0.286,-0.014,0.000,0.000,0.000,5.000,5.000,0.000,1.000,0.15,0.00
4.48577,0.00,0.00,0.00,0.000,0.000,0.000,0.000,0.000,0.000,0.00,0.00,0.000,0.000,0.179,0.107,0.341,0.311,0.286,-0.011,0.000,0.000,0.000,5.000,5.000,0.000,1.000,0.15,0.00
4.49688,0.00,0.00,0.00,0.000,0.000,0.000,0.000,0.000,0.000,0.00,0.00,0.000,0.000,0.179,0.109,-0.033,0.275,0.286,-0.013,0.000,0.000,0.000,5.000,5.000,0.000,1.000,0.15,0.00
4.50843,0.00,0.00,0.00,0.000,0.000,0.000,0.000,0.000,0.000,0.00,0.00,0.000,0.000,0.180,0.108,-0.055,0.179,0.286,-0.009,0.000,0.000,0.000,5.000,5.000,0.000,1.000,0.15,0.00
4.51875,0.00,0.00,0.00,0.000,0.000,0.000,0.000,0.000,0.000,0.00,0.00,0.000,0.000,0.180,0.108,-0.011,0.165,0.286,-0.000,0.000,0.000,0.000,5.000,5.000,0.000,1.000,0.15,0.00
4.52894,0.00,0.00,0.00,0.000,0.000,0.000,0.000,0.000,0.000,0.00,0.00,0.000,0.000,0.182,0.108,0.055,0.165,0.286,0.000,0.000,0.000,0.000,5.000,5.000,0.000,1.000,0.15,0.00
4.53956,0.00,0.00,0.00,0.000,0.000,0.000,0.000,0.000,0.000,0.00,0.00,0.000,0.000,0.182,0.108,0.055,0.165,0.286,0.001,0.000,0.000,0.000,5.000,5.000,0.000,1.000,0.15,0.00
4.55177,0.00,0.00,0.00,0.000,0.000,0.000,0.000,0.000,0.000,0.00,0.00,0.000,0.000,0.182,0.108,0.055,0.194,0.286,0.009,0.000,0.000,0.000,5.000,5.000,0.000,1.000,0.15,0.00
4.56380,0.00,0.00,0.00,0.000,0.000,0.000,0.000,0.000,0.000,0.00,0.00,0.000,0.000,0.185,0.108,0.055,0.194,0.287,0.015,0.000,0.000,0.000,5.000,5.000,0.000,1.000,0.15,0.00
4.57414,0.00,0.00,0.00,0.000,0.000,0.000,0.000,0.000,0.000,0.00,0.00,0.000,0.000,0.186,0.108,-0.011,0.172,0.287,0.015,0.000,0.000,0.000,5.000,5.000,0.000,1.000,0.15,0.00
4.58597,0.00,0.00,0.00,0.000,0.000,0.000,0.000,0.000,0.000,0.00,0.00,0.000,0.000,0.186,0.108,-0.011,0.172,0.287,0.011,0.000,0.000,0.000,5.000,5.000,0.000,1.000,0.15,0.00
4.59719,0.00,0.00,0.00,0.000,0.000,0.000,0.000,0.000,0.000,0.00,0.00,0.000,0.000,0.185,0.108,0.011,0.179,0.287,0.007,0.000,0.000,0.000,5.000,5.000,0.000,1.000,0.15,0.00
4.61042,0.00,0.00,0.00,0.000,0.000,0.000,0.000,0.000,0.000,0.00,0.00,0.000,0.000,0.184,0.108,0.011,0.179,0.287,0.005,0.000,0.000,0.000,5.000,5.000,0.000,1.000,0.15,0.00
4.62111,0.00,0.00,0.00,0.000,0.000,0.000,0.000,0.000,0.000,0.00,0.00,0.000,0.000,0.184,0.108,-0.033,0.179,0.287,0.004,0.000,0.000,0.000,5.000,5.000,0.000,1.000,0.15,0.00
4.63125,0.00,0.00,0.00,0.000,0.000,0.000,0.000,0.000,0.000,0.00,0.00,0.000,0.000,0.183,0.108,0.011,0.179,0.287,0.004,0.000,0.000,0.000,5.000,5.000,0.000,1.000,0.15,0.00
4.64141,0.00,0.00,0.00,0.000,0.000,0.000,0.000,0.000,0.000,0.00,0.00,0.000,0.000,0.186,0.108,0.011,0.179,0.287,0.012,0.000,0.000,0.000,5.000,5.000,0.000,1.000,0.15,0.00
4.65162,0.00,0.00,0.00,0.000,0.000,0.000,0.000,0.000,0.000,0.00,0.00,0.000,0.000,0.186,0.108,-0.077,0.179,0.287,0.009,0.000,0.000,0.000,5.000,5.000,0.000,1.000,0.15,0.00
4.66507,0.00,0.00,0.00,0.000,0.000,0.000,0.000,0.000,0.000,0.00,0.00,0.000,0.000,0.185,0.108,0.033,0.179,0.287,0.018,0.000,0.000,0.000,5.000,5.000,0.000,1.000,0.15,0.00
4.68044,0.00,0.00,0.00,0.000,0.000,0.000,0.000,0.000,0.000,0.00,0.00,0.000,0.000,0.187,0.108,-0.055,0.179,0.287,0.018,0.000,0.000,0.000,5.000,5.000,0.000,1.000,0.15,0.00
4.69064,0.00,0.00,0.00,0.000,0.000,0.000,0.000,0.000,0.000,0.00,0.00,0.000,0.000,0.187,0.108,-0.077,0.187,0.287,0.010,0.000,0.000,0.000,5.000,5.000,0.000,1.000,0.15,0.00
4.70254,0.00,0.00,0.00,0.000,0.000,0.000,0.000,0.000,0.000,0.00,0.00,0.000,0.000,0.185,0.108,0.033,0.172,0.287,0.007,0.000,0.000,0.000,5.000,5.000,0.000,1.000,0.15,0.00
4.71316,0.00,0.00,0.00,0.000,0.000,0.000,0.000,0.000,0.000,0.00,0.00,0.000,0.000,0.184,0.108,-0.099,0.165,0.287,0.007,0.000,0.000,0.000,5.000,5.000,0.000,1.000,0.15,0.00
4.72419,0.00,0.00,0.00,0.000,0.000,0.000,0.000,0.000,0.000,0.00,0.00,0.000,0.000,0.184,0.108,-0.099,0.165,0.287,-0.002,0.000,0.000,0.000,5.000,5.000,0.000,1.000,0.15,0.00
4.73487,0.00,0.00,0.00,0.000,0.000,0.000,0.000,0.000,0.000,0.00,0.00,0.000,0.000,0.182,0.108,-0.055,0.172,0.287,-0.005,0.000,0.000,0.000,5.000,5.000,0.000,1.000,0.15,0.00
4.74983,0.00,0.00,0.00,0.000,0.000,0.000,0.000,0.000,0.000,0.00,0.00,0.000,0.000,0.181,0.108,0.055,0.172,0.287,-0.004,0.000,0.000,0.000,5.000,5.000,0.000,1.000,0.15,0.00
4.76574,0.00,0.00,0.00,0.000,0.000,0.000,0.000,0.000,0.000,0.00,0.00,0.000,0.000,0.181,0.108,-0.011,0.158,0.287,-0.004,0.000,0.000,0.000,5.000,5.000,0.000,1.000,0.15,0.00
4.77599,0.00,0.00,0.00,0.000,0.000,0.000,0.000,0.000,0.000,0.00,0.00,0.000,0.000,0.181,0.108,-0.011,0.179,0.287,-0.012,0.000,0.000,0.000,5.000,5.000,0.000,1.000,0.15,0.00
4.78768,0.00,0.00,0.00,0.000,0.000,0.000,0.000,0.000,0.000,0.00,0.00,0.000,0.000,0.179,0.108,-0.011,0.179,0.286,-0.018,0.000,0.000,0.000,5.000,5.000,0.000,1.000,0.15,0.00
4.79822,0.00,0.00,0.00,0.000,0.000,0.000,0.000,0.000,0.000,0.00,0.00,0.000,0.000,0.177,0.108,-0.011,0.165,0.286,-0.013,0.000,0.000,0.000,5.000,5.000,0.000,1.000,0.15,0.00
4.81125,0.00,0.00,0.00,0.000,0.000,0.000,0.000,0.000,0.000,0.00,0.00,0.000,0.000,0.179,0.108,-0.033,0.179,0.286,-0.009,0.000,0.000,0.000,5.000,5.000,0.000,1.000,0.15,0.00
4.82156,0.00,0.00,0.00,0.000,0.000,0.000,0.000,0.000,0.000,0.00,0.00,0.000,0.000,0.180,0.108,0.011,0.165,0.286,-0.009,0.000,0.000,0.000,5.000,5.000,0.000,1.000,0.15,0.00
4.83170,0.00,0.00,0.00,0.000,0.000,0.000,0.000,0.000,0.000,0.00,0.00,0.000,0.000,0.177,0.108,0.011,0.165,0.286,-0.019,0.000,0.000,0.000,5.000,5.000,0.000,1.000,0.15,0.00
4.84326,0.00,0.00,0.00,0.000,0.000,0.000,0.000,0.000,0.000,0.00,0.00,0.000,0.000,0.177,0.108,0.077,0.172,0.286,-0.019,0.000,0.000,0.000,5.000,5.000,0.000,1.000,0.15,0.00
4.85342,0.00,0.00,0.00,0.000,0.000,0.000,0.000,0.000,0.000,0.00,0.00,0.000,0.000,0.173,0.108,0.077,0.172,0.285,-0.033,0.000,0.000,0.000,5.000,5.000,0.000,1.000,0.15,0.00
4.86647,0.00,0.00,0.00,0.000,0.000,0.000,0.000,0.000,0.000,0.00,0.00,0.000,0.000,0.176,0.108,-0.011,0.172,0.285,-0.023,0.000,0.000,0.000,5.000,5.000,0.000,1.000,0.15,0.00
4.87891,0.00,0.00,0.00,0.000,0.000,0.000,0.000,0.000,0.000,0.00,0.00,0.000,0.000,0.176,0.108,-0.077,0.172,0.285,-0.023,0.000,0.000,0.000,5.000,5.000,0.000,1.000,0.15,0.00
4.88922,0.00,0.00,0.00,0.000,0.000,0.000,0.000,0.000,0.000,0.00,0.00,0.000,0.000,0.176,0.108,-0.077,0.172,0.285,-0.023,0.000,0.000,0.000,5.000,5.000,0.000,1.000,0.15,0.00
4.90077,0.00,0.00,0.00,0.000,0.000,0.000,0.000,0.000,0.000,0.00,0.00,0.000,0.000,0.176,0.108,-0.033,0.165,0.285,-0.015,0.000,0.000,0.000,5.000,5.000,0.000,1.000,0.15,0.00
4.91314,0.00,0.00,0.00,0.000,0.000,0.000,0.000,0.000,0.000,0.00,0.00,0.000,0.000,0.178,0.108,0.033,0.172,0.285,-0.017,0.000,0.000,0.000,5.000,5.000,0.000,1.000,0.15,0.00
4.92636,0.00,0.00,0.00,0.000,0.000,0.000,0.000,0.000,0.000,0.00,0.00,0.000,0.000,0.178,0.108,0.033,0.165,0.285,-0.011,0.000,0.000,0.000,5.000,5.000,0.000,1.000,0.15,0.00
4.93901,0.00,0.00,0.00,0.000,0.000,0.000,0.000,0.000,0.000,0.00,0.00,0.000,0.000,0.179,0.108,-0.033,0.172,0.285,-0.011,0.000,0.000,0.000,5.000,5.000,0.000,1.000,0.15,0.00
4.94931,0.00,0.00,0.00,0.000,0.000,0.000,0.000,0.000,0.000,0.00,0.00,0.000,0.000,0.179,0.108,-0.011,0.172,0.285,-0.014,0.000,0.000,0.000,5.000,5.000,0.000,1.000,0.15,0.00
4.95985,0.00,0.00,0.00,0.000,0.000,0.000,0.000,0.000,0.000,0.00,0.00,0.000,0.000,0.178,0.108,-0.011,0.172,0.285,-0.015,0.000,0.000,0.000,5.000,5.000,0.000,1.000,0.15,0.00
4.97002,0.00,0.00,0.00,0.000,0.000,0.000,0.000,0.000,0.000,0.00,0.00,0.000,0.000,0.178,0.108,0.033,0.179,0.285,-0.015,0.000,0.000,0.000,5.000,5.000,0.000,1.000,0.15,0.00
4.98075,0.00,0.00,0.00,0.000,0.000,0.000,0.000,0.000,0.000,0.00,0.00,0.000,0.000,0.178,0.108,-0.121,0.165,0.285,-0.014,0.000,0.000,0.000,5.000,5.000,0.000,1.000,0.15,0.00
4.99482,0.00,0.00,0.00,0.000,0.000,0.000,0.000,0.000,0.000,0.00,0.00,0.000,0.000,0.178,0.108,0.011,0.165,0.284,-0.015,0.000,0.000,0.000,5.000,5.000,0.000,1.000,0.15,0.00
5.00832,0.00,0.00,0.00,0.000,0.000,0.000,0.000,0.000,0.000,0.00,0.00,0.000,0.000,0.178,0.108,-0.055,0.172,0.284,-0.010,0.000,0.000,0.000,5.000,5.000,0.000,1.000,0.15,0.00
5.01849,0.00,0.00,0.00,0.000,0.000,0.000,0.000,0.000,0.000,0.00,0.00,0.000,0.000,0.179,0.108,0.033,0.158,0.284,-0.010,0.000,0.000,0.000,5.000,5.000,0.000,1.000,0.15,0.00
5.02958,0.00,0.00,0.00,0.000,0.000,0.000,0.000,0.000,0.000,0.00,0.00,0.000,0.000,0.179,0.108,0.033,0.158,0.284,-0.010,0.000,0.000,0.000,5.000,5.000,0.000,1.000,0.15,0.00
5.04669,0.00,0.00,0.00,0.000,0.000,0.000,0.000,0.000,0.000,0.00,0.00,0.000,0.000,0.179,0.108,0.055,0.179,0.284,-0.007,0.000,0.000,0.000,5.000,5.000,0.000,1.000,0.15,0.00
5.05814,0.00,0.00,0.00,0.000,0.000,0.000,0.000,0.000,0.000,0.00,0.00,0.000,0.000,0.183,0.108,-0.033,0.172,0.284,0.001,0.000,0.000,0.000,5.000,5.000,0.000,1.000,0.15,0.00
5.07188,0.00,0.00,0.00,0.000,0.000,0.000,0.000,0.000,0.000,0.00,0.00,0.000,0.000,0.184,0.108,-0.011,0.165,0.284,0.005,0.000,0.000,0.000,5.000,5.000,0.000,1.000,0.15,0.00
5.08225,0.00,0.00,0.00,0.000,0.000,0.000,0.000,0.000,0.000,0.00,0.00,0.000,0.000,0.183,0.108,-0.055,0.165,0.284,0.004,0.000,0.000,0.000,5.000,5.000,0.000,1.000,0.15,0.00
5.09743,0.00,0.00,0.00,0.000,0.000,0.000,0.000,0.000,0.000,0.00,0.00,0.000,0.000,0.184,0.108,-0.011,0.165,0.285,0.007,0.000,0.000,0.000,5.000,5.000,0.000,1.000,0.15,0.00
5.11154,0.00,0.00,0.00,0.000,0.000,0.000,0.000,0.000,0.000,0.00,0.00,0.000,0.000,0.184,0.108,0.011,0.172,0.285,0.006,0.000,0.000,0.000,5.000,5.000,0.000,1.000,0.15,0.00
5.12291,0.00,0.00,0.00,0.000,0.000,0.000,0.000,0.000,0.000,0.00,0.00,0.000,0.000,0.184,0.108,-0.011,0.165,0.285,0.006,0.000,0.000,0.000,5.000,5.000,0.000,1.000,0.15,0.00
5.13576,0.00,0.00,0.00,0.000,0.000,0.000,0.000,0.000,0.000,0.00,0.00,0.000,0.000,0.186,0.108,-0.011,0.165,0.285,0.014,0.000,0.000,0.000,5.000,5.000,0.000,1.000,0.15,0.00
5.14607,0.00,0.00,0.00,0.000,0.000,0.000,0.000,0.000,0.000,0.00,0.00,0.000,0.000,0.185,0.108,-0.121,0.179,0.285,0.010,0.000,0.000,0.000,5.000,5.000,0.000,1.000,0.15,0.00
5.15989,0.00,0.00,0.00,0.000,0.000,0.000,0.000,0.000,0.000,0.00,0.00,0.000,0.000,0.185,0.108,-0.011,0.179,0.285,0.010,0.000,0.000,0.000,5.000,5.000,0.000,1.000,0.15,0.00
5.17041,0.00,0.00,0.00,0.000,0.000,0.000,0.000,0.000,0.000,0.00,0.00,0.000,0.000,0.184,0.108,-0.077,0.187,0.285,0.007,0.000,0.000,0.000,5.000,5.000,0.000,1.000,0.15,0.00
5.18230,0.00,0.00,0.00,0.000,0.000,0.000,0.000,0.000,0.000,0.00,0.00,0.000,0.000,0.184,0.108,0.033,0.179,0.285,0.008,0.000,0.000,0.000,5.000,5.000,0.000,1.000,0.15,0.00
5.19377,0.00,0.00,0.00,0.000,0.000,0.000,0.000,0.000,0.000,0.00,0.00,0.000,0.000,0.184,0.108,0.011,0.165,0.285,0.008,0.000,0.000,0.000,5.000,5.000,0.000,1.000,0.15,0.00
5.20737,0.00,0.00,0.00,0.000,0.000,0.000,0.000,0.000,0.000,0.00,0.00,0.000,0.000,0.184,0.108,0.011,0.165,0.285,0.006,0.000,0.000,0.000,5.000,5.000,0.000,1.000,0.15,0.00
5.21754,0.00,0.00,0.00,0.000,0.000,0.000,0.000,0.000,0.000,0.00,0.00,0.000,0.000,0.183,0.108,-0.033,0.172,0.285,0.003,0.000,0.000,0.000,5.000,5.000,0.000,1.000,0.15,0.00
5.23111,0.00,0.00,0.00,0.000,0.000,0.000,0.000,0.000,0.000,0.00,0.00,0.000,0.000,0.183,0.108,0.011,0.179,0.285,0.002,0.000,0.000,0.000,5.000,5.000,0.000,1.000,0.15,0.00
5.24381,0.00,0.00,0.00,0.000,0.000,0.000,0.000,0.000,0.000,0.00,0.00,0.000,0.000,0.183,0.108,-0.033,0.172,0.285,0.001,0.000,0.000,0.000,5.000,5.000,0.000,1.000,0.15,0.00
5.25546,0.00,0.00,0.00,0.000,0.000,0.000,0.000,0.000,0.000,0.00,0.00,0.000,0.000,0.183,0.108,-0.055,0.172,0.285,0.005,0.000,0.000,0.000,5.000,5.000,0.000,1.000,0.15,0.00
5.26936,0.00,0.00,0.00,0.000,0.000,0.000,0.000,0.000,0.000,0.00,0.00,0.000,0.000,0.184,0.108,0.011,0.172,0.285,0.010,0.000,0.000,0.000,5.000,5.000,0.000,1.000,0.15,0.00
5.28235,0.00,0.00,0.00,0.000,0.000,0.000,0.000,0.000,0.000,0.00,0.00,0.000,0.000,0.185,0.108,-0.055,0.165,0.285,0.007,0.000,0.000,0.000,5.000,5.000,0.000,1.000,0.15,0.00
5.29687,0.00,0.00,0.00,0.000,0.000,0.000,0.000,0.000,0.000,0.00,0.00,0.000,0.000,0.184,0.108,-0.033,0.179,0.285,0.005,0.000,0.000,0.000,5.000,5.000,0.000,1.000,0.15,0.00
5.31060,0.00,0.00,0.00,0.000,0.000,0.000,0.000,0.000,0.000,0.00,0.00,0.000,0.000,0.184,0.108,0.099,0.179,0.285,0.003,0.000,0.000,0.000,5.000,5.000,0.000,1.000,0.15,0.00
5.32080,0.00,0.00,0.00,0.000,0.000,0.000,0.000,0.000,0.000,0.00,0.00,0.000,0.000,0.183,0.108,0.099,0.172,0.285,0.003,0.000,0.000,0.000,5.000,5.000,0.000,1.000,0.15,0.00
5.33176,0.00,0.00,0.00,0.000,0.000,0.000,0.000,0.000,0.000,0.00,0.00,0.000,0.000,0.183,0.108,0.099,0.172,0.285,0.005,0.000,0.000,0.000,5.000,5.000,0.000,1.000,0.15,0.00
5.34325,0.00,0.00,0.00,0.000,0.000,0.000,0.000,0.000,0.000,0.00,0.00,0.000,0.000,0.184,0.108,0.011,0.179,0.285,0.004,0.000,0.000,0.000,5.000,5.000,0.000,1.000,0.15,0.00
5.35343,0.00,0.00,0.00,0.000,0.000,0.000,0.000,0.000,0.000,0.00,0.00,0.000,0.000,0.183,0.108,-0.033,0.165,0.285,0.004,0.000,0.000,0.000,5.000,5.000,0.000,1.000,0.15,0.00
5.36359,0.00,0.00,0.00,0.000,0.000,0.000,0.000,0.000,0.000,0.00,0.00,0.000,0.000,0.183,0.108,-0.033,0.165,0.285,0.002,0.000,0.000,0.000,5.000,5.000,0.000,1.000,0.15,0.00
5.37683,0.00,0.00,0.00,0.000,0.000,0.000,0.000,0.000,0.000,0.00,0.00,0.000,0.000,0.183,0.108,-0.055,0.179,0.285,0.004,0.000,0.000,0.000,5.000,5.000,0.000,1.000,0.15,0.00
5.39285,0.00,0.00,0.00,0.000,0.000,0.000,0.000,0.000,0.000,0.00,0.00,0.000,0.000,0.183,0.108,-0.033,0.179,0.286,0.007,0.000,0.000,0.000,5.000,5.000,0.000,1.000,0.15,0.00
5.40302,0.00,0.00,0.00,0.000,0.000,0.000,0.000,0.000,0.000,0.00,0.00,0.000,0.000,0.184,0.108,-0.055,0.179,0.286,0.007,0.000,0.000,0.000,5.000,5.000,0.000,1.000,0.15,0.00
5.41317,0.00,0.00,0.00,0.000,0.000,0.000,0.000,0.000,0.000,0.00,0.00,0.000,0.000,0.184,0.108,-0.055,0.179,0.286,0.010,0.000,0.000,0.000,5.000,5.000,0.000,1.000,0.15,0.00
5.42546,0.00,0.00,0.00,0.000,0.000,0.000,0.000,0.000,0.000,0.00,0.00,0.000,0.000,0.185,0.108,0.011,0.179,0.286,0.007,0.000,0.000,0.000,5.000,5.000,0.000,1.000,0.15,0.00
5.43571,0.00,0.00,0.00,0.000,0.000,0.000,0.000,0.000,0.000,0.00,0.00,0.000,0.000,0.184,0.108,0.011,0.179,0.286,0.009,0.000,0.000,0.000,5.000,5.000,0.000,1.000,0.15,0.00
5.44660,0.00,0.00,0.00,0.000,0.000,0.000,0.000,0.000,0.000,0.00,0.00,0.000,0.000,0.185,0.108,0.011,0.165,0.286,0.006,0.000,0.000,0.000,5.000,5.000,0.000,1.000,0.15,0.00
5.45692,0.00,0.00,0.00,0.000,0.000,0.000,0.000,0.000,0.000,0.00,0.00,0.000,0.000,0.184,0.108,0.033,0.179,0.286,0.000,0.000,0.000,0.000,5.000,5.000,0.000,1.000,0.15,0.00
5.47005,0.00,0.00,0.00,0.000,0.000,0.000,0.000,0.000,0.000,0.00,0.00,0.000,0.000,0.182,0.108,-0.011,0.172,0.286,-0.006,0.000,0.000,0.000,5.000,5.000,0.000,1.000,0.15,0.00
5.48381,0.00,0.00,0.00,0.000,0.000,0.000,0.000,0.000,0.000,0.00,0.00,0.000,0.000,0.181,0.108,-0.055,0.179,0.286,-0.004,0.000,0.000,0.000,5.000,5.000,0.000,1.000,0.15,0.00
5.49981,0.00,0.00,0.00,0.000,0.000,0.000,0.000,0.000,0.000,0.00,0.00,0.000,0.000,0.181,0.108,-0.077,0.179,0.286,-0.004,0.000,0.000,0.000,5.000,5.000,0.000,1.000,0.15,0.00
5.51293,0.00,0.00,0.00,0.000,0.000,0.000,0.000,0.000,0.000,0.00,0.00,0.000,0.000,0.181,0.108,-0.077,0.179,0.285,-0.014,0.000,0.000,0.000,5.000,5.000,0.000,1.000,0.15,0.00
5.52313,0.00,0.00,0.00,0.000,0.000,0.000,0.000,0.000,0.000,0.00,0.00,0.000,0.000,0.178,0.108,0.011,0.172,0.285,-0.014,0.000,0.000,0.000,5.000,5.000,0.000,1.000,0.15,0.00
5.53754,0.00,0.00,0.00,0.000,0.000,0.000,0.000,0.000,0.000,0.00,0.00,0.000,0.000,0.179,0.108,0.033,0.172,0.285,-0.011,0.000,0.000,0.000,5.000,5.000,0.000,1.000,0.15,0.00
5.54872,0.00,0.00,0.00,0.000,0.000,0.000,0.000,0.000,0.000,0.00,0.00,0.000,0.000,0.180,0.108,-0.011,0.179,0.285,-0.007,0.000,0.000,0.000,5.000,5.000,0.000,1.000,0.15,0.00
5.56031,0.00,0.00,0.00,0.000,0.000,0.000,0.000,0.000,0.000,0.00,0.00,0.000,0.000,0.180,0.108,-0.055,0.165,0.285,-0.007,0.000,0.000,0.000,5.000,5.000,0.000,1.000,0.15,0.00
5.57290,0.00,0.00,0.00,0.000,0.000,0.000,0.000,0.000,0.000,0.00,0.00,0.000,0.000,0.180,0.108,-0.011,0.179,0.285,-0.012,0.000,0.000,0.000,5.000,5.000,0.000,1.000,0.15,0.00
5.58749,0.00,0.00,0.00,0.000,0.000,0.000,0.000,0.000,0.000,0.00,0.00,0.000,0.000,0.179,0.108,0.033,0.172,0.285,-0.021,0.000,0.000,0.000,5.000,5.000,0.000,1.000,0.15,0.00
5.59955,0.00,0.00,0.00,0.000,0.000,0.000,0.000,0.000,0.000,0.00,0.00,0.000,0.000,0.177,0.108,-0.055,0.172,0.285,-0.021,0.000,0.000,0.000,5.000,5.000,0.000,1.000,0.15,0.00
5.60987,0.00,0.00,0.00,0.000,0.000,0.000,0.000,0.000,0.000,0.00,0.00,0.000,0.000,0.177,0.108,-0.033,0.172,0.284,-0.022,0.000,0.000,0.000,5.000,5.000,0.000,1.000,0.15,0.00
5.62088,0.00,0.00,0.00,0.000,0.000,0.000,0.000,0.000,0.000,0.00,0.00,0.000,0.000,0.176,0.108,-0.033,0.172,0.284,-0.016,0.000,0.000,0.000,5.000,5.000,0.000,1.000,0.15,0.00
5.63123,0.00,0.00,0.00,0.000,0.000,0.000,0.000,0.000,0.000,0.00,0.00,0.000,0.000,0.178,0.108,0.033,0.179,0.284,-0.016,0.000,0.000,0.000,5.000,5.000,0.000,1.000,0.15,0.00
5.64272,0.00,0.00,0.00,0.000,0.000,0.000,0.000,0.000,0.000,0.00,0.00,0.000,0.000,0.179,0.108,0.033,0.179,0.284,-0.010,0.000,0.000,0.000,5.000,5.000,0.000,1.000,0.15,0.00
5.65868,0.00,0.00,0.00,0.000,0.000,0.000,0.000,0.000,0.000,0.00,0.00,0.000,0.000,0.179,0.108,0.011,0.150,0.284,-0.010,0.000,0.000,0.000,5.000,5.000,0.000,1.000,0.15,0.00
5.66885,0.00,0.00,0.00,0.000,0.000,0.000,0.000,0.000,0.000,0.00,0.00,0.000,0.000,0.179,0.108,0.033,0.172,0.285,0.021,0.000,0.000,0.000,5.000,5.000,0.000,1.000,0.15,0.00
5.67919,0.00,0.00,0.00,0.000,0.000,0.000,0.000,0.000,0.000,0.00,0.00,0.000,0.000,0.188,0.108,0.011,0.165,0.285,0.016,0.000,0.000,0.000,5.000,5.000,0.000,1.000,0.15,0.00
5.68919,0.00,0.00,0.00,0.000,0.000,0.000,0.000,0.000,0.000,0.00,0.00,0.000,0.000,0.187,0.108,0.033,0.172,0.285,0.011,0.000,0.000,0.000,5.000,5.000,0.000,1.000,0.15,0.00
5.69943,0.00,0.00,0.00,0.000,0.000,0.000,0.000,0.000,0.000,0.00,0.00,0.000,0.000,0.186,0.108,-0.011,0.179,0.285,0.008,0.000,0.000,0.000,5.000,5.000,0.000,1.000,0.15,0.00
5.70968,0.00,0.00,0.00,0.000,0.000,0.000,0.000,0.000,0.000,0.00,0.00,0.000,0.000,0.185,0.108,-0.121,0.187,0.285,-0.002,0.000,0.000,0.000,5.000,5.000,0.000,1.000,0.15,0.00
5.71989,0.00,0.00,0.00,0.000,0.000,0.000,0.000,0.000,0.000,0.00,0.00,0.000,0.000,0.182,0.108,0.055,0.172,0.285,-0.002,0.000,0.000,0.000,5.000,5.000,0.000,1.000,0.15,0.00
5.73020,0.00,0.00,0.00,0.000,0.000,0.000,0.000,0.000,0.000,0.00,0.00,0.000,0.000,0.182,0.108,-0.011,0.172,0.285,-0.009,0.000,0.000,0.000,5.000,5.000,0.000,1.000,0.15,0.00
5.74049,0.00,0.00,0.00,0.000,0.000,0.000,0.000,0.000,0.000,0.00,0.00,0.000,0.000,0.180,0.108,-0.011,0.179,0.285,-0.006,0.000,0.000,0.000,5.000,5.000,0.000,1.000,0.15,0.00
5.75085,0.00,0.00,0.00,0.000,0.000,0.000,0.000,0.000,0.000,0.00,0.00,0.000,0.000,0.181,0.108,-0.077,0.187,0.285,-0.012,0.000,0.000,0.000,5.000,5.000,0.000,1.000,0.15,0.00
5.76118,0.00,0.00,0.00,0.000,0.000,0.000,0.000,0.000,0.000,0.00,0.00,0.000,0.000,0.179,0.108,-0.099,0.165,0.285,-0.009,0.000,0.000,0.000,5.000,5.000,0.000,1.000,0.15,0.00
5.77138,0.00,0.00,0.00,0.000,0.000,0.000,0.000,0.000,0.000,0.00,0.00,0.000,0.000,0.180,0.108,0.011,0.172,0.284,-0.014,0.000,0.000,0.000,5.000,5.000,0.000,1.000,0.15,0.00
5.78248,0.00,0.00,0.00,0.000,0.000,0.000,0.000,0.000,0.000,0.00,0.00,0.000,0.000,0.178,0.108,-0.011,0.172,0.284,-0.010,0.000,0.000,0.000,5.000,5.000,0.000,1.000,0.15,0.00
5.79279,0.00,0.00,0.00,0.000,0.000,0.000,0.000,0.000,0.000,0.00,0.00,0.000,0.000,0.179,0.108,-0.011,0.179,0.284,-0.017,0.000,0.000,0.000,5.000,5.000,0.000,1.000,0.15,0.00
5.80399,0.00,0.00,0.00,0.000,0.000,0.000,0.000,0.000,0.000,0.00,0.00,0.000,0.000,0.178,0.108,-0.077,0.158,0.284,-0.012,0.000,0.000,0.000,5.000,5.000,0.000,1.000,0.15,0.00
5.81414,0.00,0.00,0.00,0.000,0.000,0.000,0.000,0.000,0.000,0.00,0.00,0.000,0.000,0.179,0.108,0.099,0.165,0.284,-0.012,0.000,0.000,0.000,5.000,5.000,0.000,1.000,0.15,0.00
5.82431,0.00,0.00,0.00,0.000,0.000,0.000,0.000,0.000,0.000,0.00,0.00,0.000,0.000,0.179,0.108,0.011,0.150,0.284,-0.008,0.000,0.000,0.000,5.000,5.000,0.000,1.000,0.15,0.00
5.83453,0.00,0.00,0.00,0.000,0.000,0.000,0.000,0.000,0.000,0.00,0.00,0.000,0.000,0.180,0.108,0.011,0.165,0.284,-0.011,0.000,0.000,0.000,5.000,5.000,0.000,1.000,0.15,0.00
5.84535,0.00,0.00,0.00,0.000,0.000,0.000,0.000,0.000,0.000,0.00,0.00,0.000,0.000,0.179,0.108,-0.077,0.179,0.284,-0.015,0.000,0.000,0.000,5.000,5.000,0.000,1.000,0.15,0.00
5.86041,0.00,0.00,0.00,0.000,0.000,0.000,0.000,0.000,0.000,0.00,0.00,0.000,0.000,0.179,0.108,0.011,0.172,0.284,-0.010,0.000,0.000,0.000,5.000,5.000,0.000,1.000,0.15,0.00
5.87080,0.00,0.00,0.00,0.000,0.000,0.000,0.000,0.000,0.000,0.00,0.00,0.000,0.000,0.179,0.108,-0.011,0.165,0.283,-0.013,0.000,0.000,0.000,5.000,5.000,0.000,1.000,0.15,0.00
5.88172,0.00,0.00,0.00,0.000,0.000,0.000,0.000,0.000,0.000,0.00,0.00,0.000,0.000,0.180,0.108,-0.055,0.165,0.283,-0.009,0.000,0.000,0.000,5.000,5.000,0.000,1.000,0.15,0.00
5.89320,0.00,0.00,0.00,0.000,0.000,0.000,0.000,0.000,0.000,0.00,0.00,0.000,0.000,0.181,0.108,-0.011,0.172,0.283,-0.003,0.000,0.000,0.000,5.000,5.000,0.000,1.000,0.15,0.00
5.90514,0.00,0.00,0.00,0.000,0.000,0.000,0.000,0.000,0.000,0.00,0.00,0.000,0.000,0.182,0.108,0.077,0.179,0.283,-0.002,0.000,0.000,0.000,5.000,5.000,0.000,1.000,0.15,0.00
5.91529,0.00,0.00,0.00,0.000,0.000,0.000,0.000,0.000,0.000,0.00,0.00,0.000,0.000,0.185,0.108,-0.011,0.179,0.284,0.010,0.000,0.000,0.000,5.000,5.000,0.000,1.000,0.15,0.00
5.92554,0.00,0.00,0.00,0.000,0.000,0.000,0.000,0.000,0.000,0.00,0.00,0.000,0.000,0.184,0.108,0.011,0.165,0.284,0.007,0.000,0.000,0.000,5.000,5.000,0.000,1.000,0.15,0.00
5.93592,0.00,0.00,0.00,0.000,0.000,0.000,0.000,0.000,0.000,0.00,0.00,0.000,0.000,0.187,0.108,-0.055,0.179,0.284,0.017,0.000,0.000,0.000,5.000,5.000,0.000,1.000,0.15,0.00
5.94702,0.00,0.00,0.00,0.000,0.000,0.000,0.000,0.000,0.000,0.00,0.00,0.000,0.000,0.186,0.108,-0.011,0.179,0.284,0.012,0.000,0.000,0.000,5.000,5.000,0.000,1.000,0.15,0.00
5.95717,0.00,0.00,0.00,0.000,0.000,0.000,0.000,0.000,0.000,0.00,0.00,0.000,0.000,0.187,0.108,-0.077,0.187,0.284,0.018,0.000,0.000,0.000,5.000,5.000,0.000,1.000,0.15,0.00
5.96926,0.00,0.00,0.00,0.000,0.000,0.000,0.000,0.000,0.000,0.00,0.00,0.000,0.000,0.186,0.108,-0.011,0.187,0.284,0.013,0.000,0.000,0.000,5.000,5.000,0.000,1.000,0.15,0.00
5.97965,0.00,0.00,0.00,0.000,0.000,0.000,0.000,0.000,0.000,0.00,0.00,0.000,0.000,0.187,0.108,-0.011,0.187,0.285,0.017,0.000,0.000,0.000,5.000,5.000,0.000,1.000,0.15,0.00
5.99053,0.00,0.00,0.00,0.000,0.000,0.000,0.000,0.000,0.000,0.00,0.00,0.000,0.000,0.186,0.108,-0.011,0.172,0.285,0.013,0.000,0.000,0.000,5.000,5.000,0.000,1.000,0.15,0.00
6.00145,0.00,0.00,0.00,0.000,0.000,0.000,0.000,0.000,0.000,0.00,0.00,0.000,0.000,0.185,0.108,-0.033,0.179,0.285,0.009,0.000,0.000,0.000,5.000,5.000,0.000,1.000,0.15,0.00
6.01231,0.00,0.00,0.00,0.000,0.000,0.000,0.000,0.000,0.000,0.00,0.00,0.000,0.000,0.184,0.108,0.033,0.179,0.285,0.006,0.000,0.000,0.000,5.000,5.000,0.000,1.000,0.15,0.00
6.02560,0.00,0.00,0.00,0.000,0.000,0.000,0.000,0.000,0.000,0.00,0.00,0.000,0.000,0.183,0.108,0.033,0.179,0.285,0.004,0.000,0.000,0.000,5.000,5.000,0.000,1.000,0.15,0.00
6.03582,0.00,0.00,0.00,0.000,0.000,0.000,0.000,0.000,0.000,0.00,0.00,0.000,0.000,0.183,0.108,-0.011,0.172,0.285,0.003,0.000,0.000,0.000,5.000,5.000,0.000,1.000,0.15,0.00
6.04599,0.00,0.00,0.00,0.000,0.000,0.000,0.000,0.000,0.000,0.00,0.00,0.000,0.000,0.182,0.108,0.033,0.165,0.285,-0.001,0.000,0.000,0.000,5.000,5.000,0.000,1.000,0.15,0.00
6.05614,0.00,0.00,0.00,0.000,0.000,0.000,0.000,0.000,0.000,0.00,0.00,0.000,0.000,0.181,0.108,0.033,0.172,0.284,-0.003,0.000,0.000,0.000,5.000,5.000,0.000,1.000,0.15,0.00
6.06637,0.00,0.00,0.00,0.000,0.000,0.000,0.000,0.000,0.000,0.00,0.00,0.000,0.000,0.182,0.108,-0.033,0.172,0.284,-0.003,0.000,0.000,0.000,5.000,5.000,0.000,1.000,0.15,0.00
6.07971,0.00,0.00,0.00,0.000,0.000,0.000,0.000,0.000,0.000,0.00,0.00,0.000,0.000,0.182,0.108,0.033,0.187,0.284,-0.001,0.000,0.000,0.000,5.000,5.000,0.000,1.000,0.15,0.00
6.08989,0.00,0.00,0.00,0.000,0.000,0.000,0.000,0.000,0.000,0.00,0.00,0.000,0.000,0.182,0.108,-0.011,0.179,0.285,0.001,0.000,0.000,0.000,5.000,5.000,0.000,1.000,0.15,0.00
6.10068,0.00,0.00,0.00,0.000,0.000,0.000,0.000,0.000,0.000,0.00,0.00,0.000,0.000,0.182,0.108,-0.099,0.165,0.285,0.000,0.000,0.000,0.000,5.000,5.000,0.000,1.000,0.15,0.00
6.11734,0.00,0.00,0.00,0.000,0.000,0.000,0.000,0.000,0.000,0.00,0.00,0.000,0.000,0.182,0.108,-0.055,0.172,0.285,-0.000,0.000,0.000,0.000,5.000,5.000,0.000,1.000,0.15,0.00
6.12755,0.00,0.00,0.00,0.000,0.000,0.000,0.000,0.000,0.000,0.00,0.00,0.000,0.000,0.182,0.108,-0.033,0.179,0.285,0.000,0.000,0.000,0.000,5.000,5.000,0.000,1.000,0.15,0.00
6.14000,0.00,0.00,0.00,0.000,0.000,0.000,0.000,0.000,0.000,0.00,0.00,0.000,0.000,0.182,0.108,0.011,0.194,0.285,0.000,0.000,0.000,0.000,5.000,5.000,0.000,1.000,0.15,0.00
6.15024,0.00,0.00,0.00,0.000,0.000,0.000,0.000,0.000,0.000,0.00,0.00,0.000,0.000,0.182,0.108,0.143,0.172,0.285,0.000,0.000,0.000,0.000,5.000,5.000,0.000,1.000,0.15,0.00
6.16104,0.00,0.00,0.00,0.000,0.000,0.000,0.000,0.000,0.000,0.00,0.00,0.000,0.000,0.182,0.108,0.011,0.179,0.285,-0.001,0.000,0.000,0.000,5.000,5.000,0.000,1.000,0.15,0.00
6.17121,0.00,0.00,0.00,0.000,0.000,0.000,0.000,0.000,0.000,0.00,0.00,0.000,0.000,0.182,0.108,-0.055,0.172,0.285,0.004,0.000,0.000,0.000,5.000,5.000,0.000,1.000,0.15,0.00
6.18358,0.00,0.00,0.00,0.000,0.000,0.000,0.000,0.000,0.000,0.00,0.00,0.000,0.000,0.183,0.108,0.077,0.172,0.285,0.003,0.000,0.000,0.000,5.000,5.000,0.000,1.000,0.15,0.00
6.19373,0.00,0.00,0.00,0.000,0.000,0.000,0.000,0.000,0.000,0.00,0.00,0.000,0.000,0.183,0.108,-0.033,0.187,0.285,0.015,0.000,0.000,0.000,5.000,5.000,0.000,1.000,0.15,0.00
6.20389,0.00,0.00,0.00,0.000,0.000,0.000,0.000,0.000,0.000,0.00,0.00,0.000,0.000,0.187,0.108,-0.055,0.165,0.285,0.011,0.000,0.000,0.000,5.000,5.000,0.000,1.000,0.15,0.00
6.21404,0.00,0.00,0.00,0.000,0.000,0.000,0.000,0.000,0.000,0.00,0.00,0.000,0.000,0.185,0.108,0.011,0.179,0.285,0.023,0.000,0.000,0.000,5.000,5.000,0.000,1.000,0.15,0.00
6.22938,0.00,0.00,0.00,0.000,0.000,0.000,0.000,0.000,0.000,0.00,0.00,0.000,0.000,0.187,0.108,0.055,0.179,0.285,0.016,0.000,0.000,0.000,5.000,5.000,0.000,1.000,0.15,0.00
6.23970,0.00,0.00,0.00,0.000,0.000,0.000,0.000,0.000,0.000,0.00,0.00,0.000,0.000,0.191,0.108,-0.011,0.187,0.286,0.030,0.000,0.000,0.000,5.000,5.000,0.000,1.000,0.15,0.00
6.25050,0.00,0.00,0.00,0.000,0.000,0.000,0.000,0.000,0.000,0.00,0.00,0.000,0.000,0.188,0.108,-0.077,0.179,0.286,0.022,0.000,0.000,0.000,5.000,5.000,0.000,1.000,0.15,0.00
6.26221,0.00,0.00,0.00,0.000,0.000,0.000,0.000,0.000,0.000,0.00,0.00,0.000,0.000,0.191,0.108,0.055,0.179,0.287,0.032,0.000,0.000,0.000,5.000,5.000,0.000,1.000,0.15,0.00
6.27274,0.00,0.00,0.00,0.000,0.000,0.000,0.000,0.000,0.000,0.00,0.00,0.000,0.000,0.193,0.108,-0.077,0.179,0.287,0.037,0.000,0.000,0.000,5.000,5.000,0.000,1.000,0.15,0.00
6.28445,0.00,0.00,0.00,0.000,0.000,0.000,0.000,0.000,0.000,0.00,0.00,0.000,0.000,0.190,0.108,0.011,0.187,0.287,0.026,0.000,0.000,0.000,5.000,5.000,0.000,1.000,0.15,0.00
6.29493,0.00,0.00,0.00,0.000,0.000,0.000,0.000,0.000,0.000,0.00,0.00,0.000,0.000,0.190,0.108,-0.077,0.194,0.287,0.028,0.000,0.000,0.000,5.000,5.000,0.000,1.000,0.15,0.00
6.30541,0.00,0.00,0.00,0.000,0.000,0.000,0.000,0.000,0.000,0.00,0.00,0.000,0.000,0.188,0.108,0.011,0.187,0.287,0.019,0.000,0.000,0.000,5.000,5.000,0.000,1.000,0.15,0.00
6.31752,0.00,0.00,0.00,0.000,0.000,0.000,0.000,0.000,0.000,0.00,0.00,0.000,0.000,0.186,0.108,0.033,0.194,0.287,0.013,0.000,0.000,0.000,5.000,5.000,0.000,1.000,0.15,0.00
6.32800,0.00,0.00,0.00,0.000,0.000,0.000,0.000,0.000,0.000,0.00,0.00,0.000,0.000,0.185,0.108,-0.011,0.187,0.287,0.010,0.000,0.000,0.000,5.000,5.000,0.000,1.000,0.15,0.00
6.33823,0.00,0.00,0.00,0.000,0.000,0.000,0.000,0.000,0.000,0.00,0.00,0.000,0.000,0.186,0.108,-0.011,0.172,0.287,0.013,0.000,0.000,0.000,5.000,5.000,0.000,1.000,0.15,0.00
6.34943,0.00,0.00,0.00,0.000,0.000,0.000,0.000,0.000,0.000,0.00,0.00,0.000,0.000,0.185,0.108,0.055,0.187,0.287,0.008,0.000,0.000,0.000,5.000,5.000,0.000,1.000,0.15,0.00
6.36156,0.00,0.00,0.00,0.000,0.000,0.000,0.000,0.000,0.000,0.00,0.00,0.000,0.000,0.189,0.108,-0.033,0.194,0.288,0.022,0.000,0.000,0.000,5.000,5.000,0.000,1.000,0.15,0.00
6.37177,0.00,0.00,0.00,0.000,0.000,0.000,0.000,0.000,0.000,0.00,0.00,0.000,0.000,0.192,0.108,-0.055,0.187,0.289,0.033,0.000,0.000,0.000,5.000,5.000,0.000,1.000,0.15,0.00
6.38361,0.00,0.00,0.00,0.000,0.000,0.000,0.000,0.000,0.000,0.00,0.00,0.000,0.000,0.189,0.108,-0.011,0.194,0.289,0.023,0.000,0.000,0.000,5.000,5.000,0.000,1.000,0.15,0.00
6.39407,0.00,0.00,0.00,0.000,0.000,0.000,0.000,0.000,0.000,0.00,0.00,0.000,0.000,0.189,0.108,-0.033,0.179,0.289,0.022,0.000,0.000,0.000,5.000,5.000,0.000,1.000,0.15,0.00
6.40435,0.00,0.00,0.00,0.000,0.000,0.000,0.000,0.000,0.000,0.00,0.00,0.000,0.000,0.186,0.108,-0.033,0.179,0.289,0.015,0.000,0.000,0.000,5.000,5.000,0.000,1.000,0.15,0.00
6.41523,0.00,0.00,0.00,0.000,0.000,0.000,0.000,0.000,0.000,0.00,0.00,0.000,0.000,0.183,0.108,-0.055,0.172,0.289,0.004,0.000,0.000,0.000,5.000,5.000,0.000,1.000,0.15,0.00
6.42684,0.00,0.00,0.00,0.000,0.000,0.000,0.000,0.000,0.000,0.00,0.00,0.000,0.000,0.183,0.108,-0.055,0.172,0.289,0.002,0.000,0.000,0.000,5.000,5.000,0.000,1.000,0.15,0.00
6.44254,0.00,0.00,0.00,0.000,0.000,0.000,0.000,0.000,0.000,0.00,0.00,0.000,0.000,0.182,0.108,-0.033,0.179,0.288,-0.002,0.000,0.000,0.000,5.000,5.000,0.000,1.000,0.15,0.00
6.45277,0.00,0.00,0.00,0.000,0.000,0.000,0.000,0.000,0.000,0.00,0.00,0.000,0.000,0.182,0.108,0.099,0.179,0.288,-0.003,0.000,0.000,0.000,5.000,5.000,0.000,1.000,0.15,0.00
6.46311,0.00,0.00,0.00,0.000,0.000,0.000,0.000,0.000,0.000,0.00,0.00,0.000,0.000,0.181,0.108,-0.055,0.194,0.288,-0.003,0.000,0.000,0.000,5.000,5.000,0.000,1.000,0.15,0.00
6.47461,0.00,0.00,0.00,0.000,0.000,0.000,0.000,0.000,0.000,0.00,0.00,0.000,0.000,0.181,0.108,-0.033,0.179,0.289,0.005,0.000,0.000,0.000,5.000,5.000,0.000,1.000,0.15,0.00
6.48481,0.00,0.00,0.00,0.000,0.000,0.000,0.000,0.000,0.000,0.00,0.00,0.000,0.000,0.184,0.108,0.077,0.172,0.289,0.003,0.000,0.000,0.000,5.000,5.000,0.000,1.000,0.15,0.00
6.49500,0.00,0.00,0.00,0.000,0.000,0.000,0.000,0.000,0.000,0.00,0.00,0.000,0.000,0.183,0.108,0.077,0.172,0.289,0.011,0.000,0.000,0.000,5.000,5.000,0.000,1.000,0.15,0.00
6.50731,0.00,0.00,0.00,0.000,0.000,0.000,0.000,0.000,0.000,0.00,0.00,0.000,0.000,0.185,0.108,-0.011,0.187,0.289,0.007,0.000,0.000,0.000,5.000,5.000,0.000,1.000,0.15,0.00
6.52101,0.00,0.00,0.00,0.000,0.000,0.000,0.000,0.000,0.000,0.00,0.00,0.000,0.000,0.184,0.108,-0.033,0.172,0.289,0.006,0.000,0.000,0.000,5.000,5.000,0.000,1.000,0.15,0.00
6.53115,0.00,0.00,0.00,0.000,0.000,0.000,0.000,0.000,0.000,0.00,0.00,0.000,0.000,0.184,0.108,-0.011,0.172,0.289,0.005,0.000,0.000,0.000,5.000,5.000,0.000,1.000,0.15,0.00
6.54251,0.00,0.00,0.00,0.000,0.000,0.000,0.000,0.000,0.000,0.00,0.00,0.000,0.000,0.184,0.108,0.011,0.179,0.289,0.003,0.000,0.000,0.000,5.000,5.000,0.000,1.000,0.15,0.00
6.55270,0.00,0.00,0.00,0.000,0.000,0.000,0.000,0.000,0.000,0.00,0.00,0.000,0.000,0.183,0.108,0.011,0.179,0.289,0.008,0.000,0.000,0.000,5.000,5.000,0.000,1.000,0.15,0.00
6.56287,0.00,0.00,0.00,0.000,0.000,0.000,0.000,0.000,0.000,0.00,0.00,0.000,0.000,0.185,0.108,0.055,0.165,0.289,0.010,0.000,0.000,0.000,5.000,5.000,0.000,1.000,0.15,0.00
6.57302,0.00,0.00,0.00,0.000,0.000,0.000,0.000,0.000,0.000,0.00,0.00,0.000,0.000,0.185,0.108,0.055,0.187,0.289,0.007,0.000,0.000,0.000,5.000,5.000,0.000,1.000,0.15,0.00
6.58550,0.00,0.00,0.00,0.000,0.000,0.000,0.000,0.000,0.000,0.00,0.00,0.000,0.000,0.184,0.108,0.099,0.187,0.289,0.004,0.000,0.000,0.000,5.000,5.000,0.000,1.000,0.15,0.00
6.59735,0.00,0.00,0.00,0.000,0.000,0.000,0.000,0.000,0.000,0.00,0.00,0.000,0.000,0.184,0.108,-0.011,0.179,0.289,0.002,0.000,0.000,0.000,5.000,5.000,0.000,1.000,0.15,0.00
6.60761,0.00,0.00,0.00,0.000,0.000,0.000,0.000,0.000,0.000,0.00,0.00,0.000,0.000,0.183,0.108,-0.011,0.172,0.289,0.001,0.000,0.000,0.000,5.000,5.000,0.000,1.000,0.15,0.00
6.61821,0.00,0.00,0.00,0.000,0.000,0.000,0.000,0.000,0.000,0.00,0.00,0.000,0.000,0.183,0.108,0.033,0.172,0.289,0.001,0.000,0.000,0.000,5.000,5.000,0.000,1.000,0.15,0.00
6.62838,0.00,0.00,0.00,0.000,0.000,0.000,0.000,0.000,0.000,0.00,0.00,0.000,0.000,0.183,0.108,-0.011,0.179,0.289,0.001,0.000,0.000,0.000,5.000,5.000,0.000,1.000,0.15,0.00
6.64020,0.00,0.00,0.00,0.000,0.000,0.000,0.000,0.000,0.000,0.00,0.00,0.000,0.000,0.182,0.108,0.011,0.172,0.290,0.010,0.000,0.000,0.000,5.000,5.000,0.000,1.000,0.15,0.00
6.65053,0.00,0.00,0.00,0.000,0.000,0.000,0.000,0.000,0.000,0.00,0.00,0.000,0.000,0.185,0.108,0.033,0.172,0.290,0.007,0.000,0.000,0.000,5.000,5.000,0.000,1.000,0.15,0.00
6.66091,0.00,0.00,0.00,0.000,0.000,0.000,0.000,0.000,0.000,0.00,0.00,0.000,0.000,0.184,0.108,0.033,0.172,0.290,0.007,0.000,0.000,0.000,5.000,5.000,0.000,1.000,0.15,0.00
6.67114,0.00,0.00,0.00,0.000,0.000,0.000,0.000,0.000,0.000,0.00,0.00,0.000,0.000,0.184,0.108,-0.033,0.172,0.290,-0.001,0.000,0.000,0.000,5.000,5.000,0.000,1.000,0.15,0.00
6.68192,0.00,0.00,0.00,0.000,0.000,0.000,0.000,0.000,0.000,0.00,0.00,0.000,0.000,0.182,0.108,-0.055,0.179,0.290,-0.001,0.000,0.000,0.000,5.000,5.000,0.000,1.000,0.15,0.00
6.69217,0.00,0.00,0.00,0.000,0.000,0.000,0.000,0.000,0.000,0.00,0.00,0.000,0.000,0.182,0.108,0.011,0.179,0.289,-0.010,0.000,0.000,0.000,5.000,5.000,0.000,1.000,0.15,0.00
6.70390,0.00,0.00,0.00,0.000,0.000,0.000,0.000,0.000,0.000,0.00,0.00,0.000,0.000,0.179,0.108,-0.011,0.179,0.289,-0.014,0.000,0.000,0.000,5.000,5.000,0.000,1.000,0.15,0.00
6.72274,0.00,0.00,0.00,0.000,0.000,0.000,0.000,0.000,0.000,0.00,0.00,0.000,0.000,0.180,0.108,-0.033,0.179,0.289,-0.010,0.000,0.000,0.000,5.000,5.000,0.000,1.000,0.15,0.00
6.73958,0.00,0.00,0.00,0.000,0.000,0.000,0.000,0.000,0.000,0.00,0.00,0.000,0.000,0.178,0.108,-0.077,0.165,0.289,-0.011,0.000,0.000,0.000,5.000,5.000,0.000,1.000,0.15,0.00
6.75172,0.00,0.00,0.00,0.000,0.000,0.000,0.000,0.000,0.000,0.00,0.00,0.000,0.000,0.179,0.108,-0.033,0.172,0.289,-0.017,0.000,0.000,0.000,5.000,5.000,0.000,1.000,0.15,0.00
6.76232,0.00,0.00,0.00,0.000,0.000,0.000,0.000,0.000,0.000,0.00,0.00,0.000,0.000,0.178,0.108,-0.011,0.179,0.289,-0.012,0.000,0.000,0.000,5.000,5.000,0.000,1.000,0.15,0.00
6.77248,0.00,0.00,0.00,0.000,0.000,0.000,0.000,0.000,0.000,0.00,0.00,0.000,0.000,0.179,0.108,-0.055,0.179,0.289,-0.010,0.000,0.000,0.000,5.000,5.000,0.000,1.000,0.15,0.00
6.78544,0.00,0.00,0.00,0.000,0.000,0.000,0.000,0.000,0.000,0.00,0.00,0.000,0.000,0.180,0.108,0.011,0.172,0.289,-0.007,0.000,0.000,0.000,5.000,5.000,0.000,1.000,0.15,0.00
6.79560,0.00,0.00,0.00,0.000,0.000,0.000,0.000,0.000,0.000,0.00,0.00,0.000,0.000,0.180,0.108,0.011,0.172,0.289,-0.002,0.000,0.000,0.000,5.000,5.000,0.000,1.000,0.15,0.00
6.80576,0.00,0.00,0.00,0.000,0.000,0.000,0.000,0.000,0.000,0.00,0.00,0.000,0.000,0.182,0.108,0.011,0.172,0.289,-0.001,0.000,0.000,0.000,5.000,5.000,0.000,1.000,0.15,0.00
6.81591,0.00,0.00,0.00,0.000,0.000,0.000,0.000,0.000,0.000,0.00,0.00,0.000,0.000,0.182,0.108,-0.033,0.187,0.289,-0.001,0.000,0.000,0.000,5.000,5.000,0.000,1.000,0.15,0.00
6.82633,0.00,0.00,0.00,0.000,0.000,0.000,0.000,0.000,0.000,0.00,0.00,0.000,0.000,0.182,0.108,-0.011,0.165,0.289,-0.000,0.000,0.000,0.000,5.000,5.000,0.000,1.000,0.15,0.00
6.84039,0.00,0.00,0.00,0.000,0.000,0.000,0.000,0.000,0.000,0.00,0.00,0.000,0.000,0.182,0.108,-0.011,0.165,0.289,-0.000,0.000,0.000,0.000,5.000,5.000,0.000,1.000,0.15,0.00
6.85485,0.00,0.00,0.00,0.000,0.000,0.000,0.000,0.000,0.000,0.00,0.00,0.000,0.000,0.172,0.108,-0.033,0.172,0.288,-0.037,0.000,0.000,0.000,5.000,5.000,0.000,1.000,0.15,0.00
6.86626,0.00,0.00,0.00,0.000,0.000,0.000,0.000,0.000,0.000,0.00,0.00,0.000,0.000,0.175,0.108,-0.055,0.165,0.288,-0.027,0.000,0.000,0.000,5.000,5.000,0.000,1.000,0.15,0.00
6.87648,0.00,0.00,0.00,0.000,0.000,0.000,0.000,0.000,0.000,0.00,0.00,0.000,0.000,0.175,0.108,-0.099,0.165,0.287,-0.027,0.000,0.000,0.000,5.000,5.000,0.000,1.000,0.15,0.00
6.88663,0.00,0.00,0.00,0.000,0.000,0.000,0.000,0.000,0.000,0.00,0.00,0.000,0.000,0.177,0.108,-0.011,0.172,0.287,-0.019,0.000,0.000,0.000,5.000,5.000,0.000,1.000,0.15,0.00
6.89712,0.00,0.00,0.00,0.000,0.000,0.000,0.000,0.000,0.000,0.00,0.00,0.000,0.000,0.176,0.108,-0.055,0.158,0.287,-0.023,0.000,0.000,0.000,5.000,5.000,0.000,1.000,0.15,0.00
6.90738,0.00,0.00,0.00,0.000,0.000,0.000,0.000,0.000,0.000,0.00,0.00,0.000,0.000,0.178,0.108,0.033,0.172,0.287,-0.016,0.000,0.000,0.000,5.000,5.000,0.000,1.000,0.15,0.00
6.91770,0.00,0.00,0.00,0.000,0.000,0.000,0.000,0.000,0.000,0.00,0.00,0.000,0.000,0.176,0.108,-0.077,0.187,0.287,-0.025,0.000,0.000,0.000,5.000,5.000,0.000,1.000,0.15,0.00
6.93033,0.00,0.00,0.00,0.000,0.000,0.000,0.000,0.000,0.000,0.00,0.00,0.000,0.000,0.178,0.108,-0.011,0.172,0.287,-0.017,0.000,0.000,0.000,5.000,5.000,0.000,1.000,0.15,0.00
6.94170,0.00,0.00,0.00,0.000,0.000,0.000,0.000,0.000,0.000,0.00,0.00,0.000,0.000,0.179,0.108,-0.055,0.158,0.287,-0.011,0.000,0.000,0.000,5.000,5.000,0.000,1.000,0.15,0.00
6.95352,0.00,0.00,0.00,0.000,0.000,0.000,0.000,0.000,0.000,0.00,0.00,0.000,0.000,0.177,0.108,0.033,0.165,0.286,-0.020,0.000,0.000,0.000,5.000,5.000,0.000,1.000,0.15,0.00
6.96375,0.00,0.00,0.00,0.000,0.000,0.000,0.000,0.000,0.000,0.00,0.00,0.000,0.000,0.179,0.108,-0.011,0.158,0.286,-0.011,0.000,0.000,0.000,5.000,5.000,0.000,1.000,0.15,0.00
6.97600,0.00,0.00,0.00,0.000,0.000,0.000,0.000,0.000,0.000,0.00,0.00,0.000,0.000,0.180,0.108,0.099,0.165,0.286,-0.007,0.000,0.000,0.000,5.000,5.000,0.000,1.000,0.15,0.00
6.98617,0.00,0.00,0.00,0.000,0.000,0.000,0.000,0.000,0.000,0.00,0.00,0.000,0.000,0.184,0.108,-0.077,0.165,0.287,0.005,0.000,0.000,0.000,5.000,5.000,0.000,1.000,0.15,0.00
6.99681,0.00,0.00,0.00,0.000,0.000,0.000,0.000,0.000,0.000,0.00,0.00,0.000,0.000,0.184,0.108,0.011,0.172,0.287,0.005,0.000,0.000,0.000,5.000,5.000,0.000,1.000,0.15,0.00
7.00877,0.00,0.00,0.00,0.000,0.000,0.000,0.000,0.000,0.000,0.00,0.00,0.000,0.000,0.183,0.108,-0.077,0.187,0.287,0.004,0.000,0.000,0.000,5.000,5.000,0.000,1.000,0.15,0.00
7.02031,0.00,0.00,0.00,0.000,0.000,0.000,0.000,0.000,0.000,0.00,0.00,0.000,0.000,0.183,0.108,-0.033,0.179,0.287,0.004,0.000,0.000,0.000,5.000,5.000,0.000,1.000,0.15,0.00
7.03062,0.00,0.00,0.00,0.000,0.000,0.000,0.000,0.000,0.000,0.00,0.00,0.000,0.000,0.184,0.108,0.033,0.172,0.287,0.006,0.000,0.000,0.000,5.000,5.000,0.000,1.000,0.15,0.00
7.04337,0.00,0.00,0.00,0.000,0.000,0.000,0.000,0.000,0.000,0.00,0.00,0.000,0.000,0.184,0.108,-0.033,0.172,0.287,0.005,0.000,0.000,0.000,5.000,5.000,0.000,1.000,0.15,0.00
7.05352,0.00,0.00,0.00,0.000,0.000,0.000,0.000,0.000,0.000,0.00,0.00,0.000,0.000,0.183,0.108,0.011,0.187,0.287,0.004,0.000,0.000,0.000,5.000,5.000,0.000,1.000,0.15,0.00
7.06370,0.00,0.00,0.00,0.000,0.000,0.000,0.000,0.000,0.000,0.00,0.00,0.000,0.000,0.183,0.108,0.055,0.172,0.287,0.003,0.000,0.000,0.000,5.000,5.000,0.000,1.000,0.15,0.00
7.07431,0.00,0.00,0.00,0.000,0.000,0.000,0.000,0.000,0.000,0.00,0.00,0.000,0.000,0.181,0.108,-0.033,0.165,0.286,-0.005,0.000,0.000,0.000,5.000,5.000,0.000,1.000,0.15,0.00
7.08556,0.00,0.00,0.00,0.000,0.000,0.000,0.000,0.000,0.000,0.00,0.00,0.000,0.000,0.181,0.108,-0.033,0.172,0.286,-0.003,0.000,0.000,0.000,5.000,5.000,0.000,1.000,0.15,0.00
7.09577,0.00,0.00,0.00,0.000,0.000,0.000,0.000,0.000,0.000,0.00,0.00,0.000,0.000,0.177,0.108,0.011,0.158,0.286,-0.021,0.000,0.000,0.000,5.000,5.000,0.000,1.000,0.15,0.00
7.10706,0.00,0.00,0.00,0.000,0.000,0.000,0.000,0.000,0.000,0.00,0.00,0.000,0.000,0.178,0.108,0.055,0.187,0.286,-0.015,0.000,0.000,0.000,5.000,5.000,0.000,1.000,0.15,0.00
7.11721,0.00,0.00,0.00,0.000,0.000,0.000,0.000,0.000,0.000,0.00,0.00,0.000,0.000,0.176,0.108,-0.055,0.150,0.286,-0.024,0.000,0.000,0.000,5.000,5.000,0.000,1.000,0.15,0.00
7.12742,0.00,0.00,0.00,0.000,0.000,0.000,0.000,0.000,0.000,0.00,0.00,0.000,0.000,0.178,0.108,-0.033,0.187,0.286,-0.017,0.000,0.000,0.000,5.000,5.000,0.000,1.000,0.15,0.00
7.13843,0.00,0.00,0.00,0.000,0.000,0.000,0.000,0.000,0.000,0.00,0.00,0.000,0.000,0.179,0.108,0.033,0.158,0.286,-0.012,0.000,0.000,0.000,5.000,5.000,0.000,1.000,0.15,0.00
7.14920,0.00,0.00,0.00,0.000,0.000,0.000,0.000,0.000,0.000,0.00,0.00,0.000,0.000,0.179,0.108,-0.011,0.172,0.285,-0.012,0.000,0.000,0.000,5.000,5.000,0.000,1.000,0.15,0.00
7.15941,0.00,0.00,0.00,0.000,0.000,0.000,0.000,0.000,0.000,0.00,0.00,0.000,0.000,0.177,0.108,-0.011,0.179,0.285,-0.020,0.000,0.000,0.000,5.000,5.000,0.000,1.000,0.15,0.00
7.17206,0.00,0.00,0.00,0.000,0.000,0.000,0.000,0.000,0.000,0.00,0.00,0.000,0.000,0.178,0.108,-0.011,0.165,0.285,-0.014,0.000,0.000,0.000,5.000,5.000,0.000,1.000,0.15,0.00
7.18431,0.00,0.00,0.00,0.000,0.000,0.000,0.000,0.000,0.000,0.00,0.00,0.000,0.000,0.178,0.108,-0.077,0.172,0.285,-0.014,0.000,0.000,0.000,5.000,5.000,0.000,1.000,0.15,0.00
7.19452,0.00,0.00,0.00,0.000,0.000,0.000,0.000,0.000,0.000,0.00,0.00,0.000,0.000,0.173,0.108,-0.099,0.165,0.284,-0.036,0.000,0.000,0.000,5.000,5.000,0.000,1.000,0.15,0.00
7.20775,0.00,0.00,0.00,0.000,0.000,0.000,0.000,0.000,0.000,0.00,0.00,0.000,0.000,0.175,0.108,-0.033,0.172,0.284,-0.025,0.000,0.000,0.000,5.000,5.000,0.000,1.000,0.15,0.00
7.21796,0.00,0.00,0.00,0.000,0.000,0.000,0.000,0.000,0.000,0.00,0.00,0.000,0.000,0.177,0.108,-0.055,0.172,0.284,-0.020,0.000,0.000,0.000,5.000,5.000,0.000,1.000,0.15,0.00
7.22830,0.00,0.00,0.00,0.000,0.000,0.000,0.000,0.000,0.000,0.00,0.00,0.000,0.000,0.179,0.108,-0.033,0.158,0.284,-0.014,0.000,0.000,0.000,5.000,5.000,0.000,1.000,0.15,0.00
7.23864,0.00,0.00,0.00,0.000,0.000,0.000,0.000,0.000,0.000,0.00,0.00,0.000,0.000,0.180,0.108,0.055,0.172,0.284,-0.009,0.000,0.000,0.000,5.000,5.000,0.000,1.000,0.15,0.00
7.24917,0.00,0.00,0.00,0.000,0.000,0.000,0.000,0.000,0.000,0.00,0.00,0.000,0.000,0.180,0.108,-0.033,0.165,0.284,-0.010,0.000,0.000,0.000,5.000,5.000,0.000,1.000,0.15,0.00
7.26047,0.00,0.00,0.00,0.000,0.000,0.000,0.000,0.000,0.000,0.00,0.00,0.000,0.000,0.178,0.108,-0.033,0.165,0.284,-0.014,0.000,0.000,0.000,5.000,5.000,0.000,1.000,0.15,0.00
7.27321,0.00,0.00,0.00,0.000,0.000,0.000,0.000,0.000,0.000,0.00,0.00,0.000,0.000,0.178,0.108,-0.033,0.187,0.284,-0.017,0.000,0.000,0.000,5.000,5.000,0.000,1.000,0.15,0.00
7.28340,0.00,0.00,0.00,0.000,0.000,0.000,0.000,0.000,0.000,0.00,0.00,0.000,0.000,0.179,0.108,-0.055,0.172,0.284,-0.011,0.000,0.000,0.000,5.000,5.000,0.000,1.000,0.15,0.00
7.29366,0.00,0.00,0.00,0.000,0.000,0.000,0.000,0.000,0.000,0.00,0.00,0.000,0.000,0.179,0.108,0.033,0.172,0.284,-0.011,0.000,0.000,0.000,5.000,5.000,0.000,1.000,0.15,0.00
7.30404,0.00,0.00,0.00,0.000,0.000,0.000,0.000,0.000,0.000,0.00,0.00,0.000,0.000,0.180,0.108,0.011,0.179,0.284,-0.007,0.000,0.000,0.000,5.000,5.000,0.000,1.000,0.15,0.00
7.31437,0.00,0.00,0.00,0.000,0.000,0.000,0.000,0.000,0.000,0.00,0.00,0.000,0.000,0.181,0.108,-0.077,0.172,0.284,-0.005,0.000,0.000,0.000,5.000,5.000,0.000,1.000,0.15,0.00
7.32469,0.00,0.00,0.00,0.000,0.000,0.000,0.000,0.000,0.000,0.00,0.00,0.000,0.000,0.182,0.108,-0.033,0.172,0.284,-0.003,0.000,0.000,0.000,5.000,5.000,0.000,1.000,0.15,0.00
7.33489,0.00,0.00,0.00,0.000,0.000,0.000,0.000,0.000,0.000,0.00,0.00,0.000,0.000,0.182,0.108,-0.055,0.165,0.284,-0.001,0.000,0.000,0.000,5.000,5.000,0.000,1.000,0.15,0.00
7.34674,0.00,0.00,0.00,0.000,0.000,0.000,0.000,0.000,0.000,0.00,0.00,0.000,0.000,0.182,0.108,0.055,0.165,0.284,-0.000,0.000,0.000,0.000,5.000,5.000,0.000,1.000,0.15,0.00
7.35706,0.00,0.00,0.00,0.000,0.000,0.000,0.000,0.000,0.000,0.00,0.00,0.000,0.000,0.181,0.108,0.055,0.165,0.283,-0.003,0.000,0.000,0.000,5.000,5.000,0.000,1.000,0.15,0.00
7.36777,0.00,0.00,0.00,0.000,0.000,0.000,0.000,0.000,0.000,0.00,0.00,0.000,0.000,0.181,0.108,0.011,0.179,0.283,-0.004,0.000,0.000,0.000,5.000,5.000,0.000,1.000,0.15,0.00
7.37803,0.00,0.00,0.00,0.000,0.000,0.000,0.000,0.000,0.000,0.00,0.00,0.000,0.000,0.182,0.108,0.033,0.172,0.283,-0.001,0.000,0.000,0.000,5.000,5.000,0.000,1.000,0.15,0.00
7.38863,0.00,0.00,0.00,0.000,0.000,0.000,0.000,0.000,0.000,0.00,0.00,0.000,0.000,0.182,0.108,0.011,0.187,0.283,0.003,0.000,0.000,0.000,5.000,5.000,0.000,1.000,0.15,0.00
7.40380,0.00,0.00,0.00,0.000,0.000,0.000,0.000,0.000,0.000,0.00,0.00,0.000,0.000,0.183,0.108,-0.011,0.165,0.283,0.002,0.000,0.000,0.000,5.000,5.000,0.000,1.000,0.15,0.00
7.41403,0.00,0.00,0.00,0.000,0.000,0.000,0.000,0.000,0.000,0.00,0.00,0.000,0.000,0.180,0.108,-0.011,0.165,0.283,-0.007,0.000,0.000,0.000,5.000,5.000,0.000,1.000,0.15,0.00
7.42421,0.00,0.00,0.00,0.000,0.000,0.000,0.000,0.000,0.000,0.00,0.00,0.000,0.000,0.181,0.108,0.077,0.165,0.283,-0.005,0.000,0.000,0.000,5.000,5.000,0.000,1.000,0.15,0.00
7.43436,0.00,0.00,0.00,0.000,0.000,0.000,0.000,0.000,0.000,0.00,0.00,0.000,0.000,0.181,0.108,-0.011,0.172,0.283,-0.003,0.000,0.000,0.000,5.000,5.000,0.000,1.000,0.15,0.00
7.44526,0.00,0.00,0.00,0.000,0.000,0.000,0.000,0.000,0.000,0.00,0.00,0.000,0.000,0.181,0.108,-0.011,0.172,0.283,-0.002,0.000,0.000,0.000,5.000,5.000,0.000,1.000,0.15,0.00
7.45666,0.00,0.00,0.00,0.000,0.000,0.000,0.000,0.000,0.000,0.00,0.00,0.000,0.000,0.182,0.108,-0.011,0.172,0.283,0.006,0.000,0.000,0.000,5.000,5.000,0.000,1.000,0.15,0.00
7.46820,0.00,0.00,0.00,0.000,0.000,0.000,0.000,0.000,0.000,0.00,0.00,0.000,0.000,0.184,0.108,0.011,0.172,0.283,0.005,0.000,0.000,0.000,5.000,5.000,0.000,1.000,0.15,0.00
7.48739,0.00,0.00,0.00,0.000,0.000,0.000,0.000,0.000,0.000,0.00,0.00,0.000,0.000,0.183,0.108,0.011,0.172,0.284,0.008,0.000,0.000,0.000,5.000,5.000,0.000,1.000,0.15,0.00
7.50448,0.00,0.00,0.00,0.000,0.000,0.000,0.000,0.000,0.000,0.00,0.00,0.000,0.000,0.183,0.108,0.077,0.179,0.283,0.002,0.000,0.000,0.000,5.000,5.000,0.000,1.000,0.15,0.00
7.51463,0.00,0.00,0.00,0.000,0.000,0.000,0.000,0.000,0.000,0.00,0.00,0.000,0.000,0.184,0.108,0.099,0.179,0.283,0.005,0.000,0.000,0.000,5.000,5.000,0.000,1.000,0.15,0.00
7.52561,0.00,0.00,0.00,0.000,0.000,0.000,0.000,0.000,0.000,0.00,0.00,0.000,0.000,0.183,0.108,0.099,0.187,0.283,0.004,0.000,0.000,0.000,5.000,5.000,0.000,1.000,0.15,0.00
7.53579,0.00,0.00,0.00,0.000,0.000,0.000,0.000,0.000,0.000,0.00,0.00,0.000,0.000,0.185,0.108,-0.055,0.172,0.284,0.009,0.000,0.000,0.000,5.000,5.000,0.000,1.000,0.15,0.00
7.54606,0.00,0.00,0.00,0.000,0.000,0.000,0.000,0.000,0.000,0.00,0.00,0.000,0.000,0.184,0.108,-0.055,0.179,0.284,0.007,0.000,0.000,0.000,5.000,5.000,0.000,1.000,0.15,0.00
7.55889,0.00,0.00,0.00,0.000,0.000,0.000,0.000,0.000,0.000,0.00,0.00,0.000,0.000,0.182,0.108,0.011,0.172,0.284,0.001,0.000,0.000,0.000,5.000,5.000,0.000,1.000,0.15,0.00
7.56906,0.00,0.00,0.00,0.000,0.000,0.000,0.000,0.000,0.000,0.00,0.00,0.000,0.000,0.182,0.108,-0.033,0.179,0.284,0.000,0.000,0.000,0.000,5.000,5.000,0.000,1.000,0.15,0.00
7.58011,0.00,0.00,0.00,0.000,0.000,0.000,0.000,0.000,0.000,0.00,0.00,0.000,0.000,0.182,0.108,-0.033,0.179,0.283,-0.003,0.000,0.000,0.000,5.000,5.000,0.000,1.000,0.15,0.00
7.59026,0.00,0.00,0.00,0.000,0.000,0.000,0.000,0.000,0.000,0.00,0.00,0.000,0.000,0.181,0.108,-0.033,0.172,0.283,-0.003,0.000,0.000,0.000,5.000,5.000,0.000,1.000,0.15,0.00
7.60143,0.00,0.00,0.00,0.000,0.000,0.000,0.000,0.000,0.000,0.00,0.00,0.000,0.000,0.182,0.108,-0.099,0.179,0.283,-0.002,0.000,0.000,0.000,5.000,5.000,0.000,1.000,0.15,0.00
7.61281,0.00,0.00,0.00,0.000,0.000,0.000,0.000,0.000,0.000,0.00,0.00,0.000,0.000,0.182,0.108,-0.033,0.187,0.283,-0.002,0.000,0.000,0.000,5.000,5.000,0.000,1.000,0.15,0.00
7.62320,0.00,0.00,0.00,0.000,0.000,0.000,0.000,0.000,0.000,0.00,0.00,0.000,0.000,0.183,0.108,-0.033,0.179,0.284,0.002,0.000,0.000,0.000,5.000,5.000,0.000,1.000,0.15,0.00
7.63336,0.00,0.00,0.00,0.000,0.000,0.000,0.000,0.000,0.000,0.00,0.00,0.000,0.000,0.185,0.108,-0.033,0.179,0.284,0.009,0.000,0.000,0.000,5.000,5.000,0.000,1.000,0.15,0.00
7.64372,0.00,0.00,0.00,0.000,0.000,0.000,0.000,0.000,0.000,0.00,0.00,0.000,0.000,0.184,0.108,0.011,0.172,0.284,0.007,0.000,0.000,0.000,5.000,5.000,0.000,1.000,0.15,0.00
7.65390,0.00,0.00,0.00,0.000,0.000,0.000,0.000,0.000,0.000,0.00,0.00,0.000,0.000,0.183,0.108,0.099,0.165,0.284,0.002,0.000,0.000,0.000,5.000,5.000,0.000,1.000,0.15,0.00
7.66405,0.00,0.00,0.00,0.000,0.000,0.000,0.000,0.000,0.000,0.00,0.00,0.000,0.000,0.183,0.108,-0.077,0.187,0.284,0.001,0.000,0.000,0.000,5.000,5.000,0.000,1.000,0.15,0.00
7.67501,0.00,0.00,0.00,0.000,0.000,0.000,0.000,0.000,0.000,0.00,0.00,0.000,0.000,0.183,0.108,0.011,0.165,0.284,0.001,0.000,0.000,0.000,5.000,5.000,0.000,1.000,0.15,0.00
7.68704,0.00,0.00,0.00,0.000,0.000,0.000,0.000,0.000,0.000,0.00,0.00,0.000,0.000,0.181,0.108,-0.033,0.187,0.283,-0.005,0.000,0.000,0.000,5.000,5.000,0.000,1.000,0.15,0.00
7.70082,0.00,0.00,0.00,0.000,0.000,0.000,0.000,0.000,0.000,0.00,0.00,0.000,0.000,0.180,0.108,-0.033,0.187,0.283,-0.009,0.000,0.000,0.000,5.000,5.000,0.000,1.000,0.15,0.00
7.71104,0.00,0.00,0.00,0.000,0.000,0.000,0.000,0.000,0.000,0.00,0.00,0.000,0.000,0.179,0.108,0.011,0.179,0.283,-0.011,0.000,0.000,0.000,5.000,5.000,0.000,1.000,0.15,0.00
7.72126,0.00,0.00,0.00,0.000,0.000,0.000,0.000,0.000,0.000,0.00,0.00,0.000,0.000,0.180,0.108,0.011,0.172,0.283,-0.008,0.000,0.000,0.000,5.000,5.000,0.000,1.000,0.15,0.00
7.73140,0.00,0.00,0.00,0.000,0.000,0.000,0.000,0.000,0.000,0.00,0.00,0.000,0.000,0.179,0.108,-0.033,0.172,0.283,-0.011,0.000,0.000,0.000,5.000,5.000,0.000,1.000,0.15,0.00
7.74157,0.00,0.00,0.00,0.000,0.000,0.000,0.000,0.000,0.000,0.00,0.00,0.000,0.000,0.180,0.108,-0.011,0.172,0.283,-0.008,0.000,0.000,0.000,5.000,5.000,0.000,1.000,0.15,0.00
7.75364,0.00,0.00,0.00,0.000,0.000,0.000,0.000,0.000,0.000,0.00,0.00,0.000,0.000,0.181,0.108,-0.011,0.172,0.283,-0.005,0.000,0.000,0.000,5.000,5.000,0.000,1.000,0.15,0.00
7.76581,0.00,0.00,0.00,0.000,0.000,0.000,0.000,0.000,0.000,0.00,0.00,0.000,0.000,0.182,0.108,-0.033,0.172,0.283,-0.002,0.000,0.000,0.000,5.000,5.000,0.000,1.000,0.15,0.00
7.77816,0.00,0.00,0.00,0.000,0.000,0.000,0.000,0.000,0.000,0.00,0.00,0.000,0.000,0.182,0.108,-0.033,0.172,0.283,-0.001,0.000,0.000,0.000,5.000,5.000,0.000,1.000,0.15,0.00
7.79109,0.00,0.00,0.00,0.000,0.000,0.000,0.000,0.000,0.000,0.00,0.00,0.000,0.000,0.184,0.108,0.033,0.165,0.283,0.006,0.000,0.000,0.000,5.000,5.000,0.000,1.000,0.15,0.00
7.80199,0.00,0.00,0.00,0.000,0.000,0.000,0.000,0.000,0.000,0.00,0.00,0.000,0.000,0.184,0.108,-0.121,0.187,0.283,0.005,0.000,0.000,0.000,5.000,5.000,0.000,1.000,0.15,0.00
7.81227,0.00,0.00,0.00,0.000,0.000,0.000,0.000,0.000,0.000,0.00,0.00,0.000,0.000,0.186,0.108,-0.121,0.187,0.284,0.012,0.000,0.000,0.000,5.000,5.000,0.000,1.000,0.15,0.00
7.82326,0.00,0.00,0.00,0.000,0.000,0.000,0.000,0.000,0.000,0.00,0.00,0.000,0.000,0.185,0.108,0.033,0.172,0.284,0.009,0.000,0.000,0.000,5.000,5.000,0.000,1.000,0.15,0.00
7.83386,0.00,0.00,0.00,0.000,0.000,0.000,0.000,0.000,0.000,0.00,0.00,0.000,0.000,0.186,0.108,-0.033,0.172,0.284,0.013,0.000,0.000,0.000,5.000,5.000,0.000,1.000,0.15,0.00
7.84511,0.00,0.00,0.00,0.000,0.000,0.000,0.000,0.000,0.000,0.00,0.00,0.000,0.000,0.186,0.108,0.055,0.179,0.284,0.014,0.000,0.000,0.000,5.000,5.000,0.000,1.000,0.15,0.00
7.85534,0.00,0.00,0.00,0.000,0.000,0.000,0.000,0.000,0.000,0.00,0.00,0.000,0.000,0.185,0.108,-0.011,0.179,0.284,0.010,0.000,0.000,0.000,5.000,5.000,0.000,1.000,0.15,0.00
7.86637,0.00,0.00,0.00,0.000,0.000,0.000,0.000,0.000,0.000,0.00,0.00,0.000,0.000,0.184,0.108,0.011,0.165,0.284,0.007,0.000,0.000,0.000,5.000,5.000,0.000,1.000,0.15,0.00
7.87686,0.00,0.00,0.00,0.000,0.000,0.000,0.000,0.000,0.000,0.00,0.00,0.000,0.000,0.184,0.108,-0.011,0.179,0.284,0.007,0.000,0.000,0.000,5.000,5.000,0.000,1.000,0.15,0.00
7.88702,0.00,0.00,0.00,0.000,0.000,0.000,0.000,0.000,0.000,0.00,0.00,0.000,0.000,0.184,0.108,0.033,0.179,0.284,0.005,0.000,0.000,0.000,5.000,5.000,0.000,1.000,0.15,0.00
7.89737,0.00,0.00,0.00,0.000,0.000,0.000,0.000,0.000,0.000,0.00,0.00,0.000,0.000,0.182,0.108,0.011,0.179,0.284,-0.001,0.000,0.000,0.000,5.000,5.000,0.000,1.000,0.15,0.00
7.90754,0.00,0.00,0.00,0.000,0.000,0.000,0.000,0.000,0.000,0.00,0.00,0.000,0.000,0.182,0.108,0.033,0.179,0.284,-0.001,0.000,0.000,0.000,5.000,5.000,0.000,1.000,0.15,0.00
7.91783,0.00,0.00,0.00,0.000,0.000,0.000,0.000,0.000,0.000,0.00,0.00,0.000,0.000,0.181,0.108,-0.011,0.179,0.284,-0.004,0.000,0.000,0.000,5.000,5.000,0.000,1.000,0.15,0.00
7.92800,0.00,0.00,0.00,0.000,0.000,0.000,0.000,0.000,0.000,0.00,0.00,0.000,0.000,0.181,0.108,0.011,0.165,0.284,-0.003,0.000,0.000,0.000,5.000,5.000,0.000,1.000,0.15,0.00
7.93830,0.00,0.00,0.00,0.000,0.000,0.000,0.000,0.000,0.000,0.00,0.00,0.000,0.000,0.182,0.108,0.077,0.179,0.284,0.001,0.000,0.000,0.000,5.000,5.000,0.000,1.000,0.15,0.00
7.95005,0.00,0.00,0.00,0.000,0.000,0.000,0.000,0.000,0.000,0.00,0.00,0.000,0.000,0.182,0.108,-0.055,0.172,0.284,0.000,0.000,0.000,0.000,5.000,5.000,0.000,1.000,0.15,0.00
7.96340,0.00,0.00,0.00,0.000,0.000,0.000,0.000,0.000,0.000,0.00,0.00,0.000,0.000,0.182,0.108,-0.011,0.172,0.284,0.000,0.000,0.000,0.000,5.000,5.000,0.000,1.000,0.15,0.00
7.97358,0.00,0.00,0.00,0.000,0.000,0.000,0.000,0.000,0.000,0.00,0.00,0.000,0.000,0.186,0.108,-0.011,0.172,0.284,0.013,0.000,0.000,0.000,5.000,5.000,0.000,1.000,0.15,0.00
7.98373,0.00,0.00,0.00,0.000,0.000,0.000,0.000,0.000,0.000,0.00,0.00,0.000,0.000,0.186,0.108,-0.099,0.187,0.284,0.012,0.000,0.000,0.000,5.000,5.000,0.000,1.000,0.15,0.00
7.99398,0.00,0.00,0.00,0.000,0.000,0.000,0.000,0.000,0.000,0.00,0.00,0.000,0.000,0.181,0.108,-0.099,0.187,0.284,-0.003,0.000,0.000,0.000,5.000,5.000,0.000,1.000,0.15,0.00
8.00518,0.00,0.00,0.00,0.000,0.000,0.000,0.000,0.000,0.000,0.00,0.00,0.000,0.000,0.182,0.108,-0.033,0.187,0.284,-0.003,0.000,0.000,0.000,5.000,5.000,0.000,1.000,0.15,0.00
8.01646,0.00,0.00,0.00,0.000,0.000,0.000,0.000,0.000,0.000,0.00,0.00,0.000,0.000,0.181,0.108,0.011,0.165,0.284,-0.005,0.000,0.000,0.000,5.000,5.000,0.000,1.000,0.15,0.00
8.02720,0.00,0.00,0.00,0.000,0.000,0.000,0.000,0.000,0.000,0.00,0.00,0.000,0.000,0.181,0.108,-0.033,0.165,0.284,-0.004,0.000,0.000,0.000,5.000,5.000,0.000,1.000,0.15,0.00
8.04150,0.00,0.00,0.00,0.000,0.000,0.000,0.000,0.000,0.000,0.00,0.00,0.000,0.000,0.183,0.108,0.055,0.172,0.284,0.001,0.000,0.000,0.000,5.000,5.000,0.000,1.000,0.15,0.00
8.05176,0.00,0.00,0.00,0.000,0.000,0.000,0.000,0.000,0.000,0.00,0.00,0.000,0.000,0.184,0.108,-0.055,0.187,0.284,0.006,0.000,0.000,0.000,5.000,5.000,0.000,1.000,0.15,0.00
8.06192,0.00,0.00,0.00,0.000,0.000,0.000,0.000,0.000,0.000,0.00,0.00,0.000,0.000,0.184,0.108,-0.055,0.187,0.284,0.004,0.000,0.000,0.000,5.000,5.000,0.000,1.000,0.15,0.00
8.07318,0.00,0.00,0.00,0.000,0.000,0.000,0.000,0.000,0.000,0.00,0.00,0.000,0.000,0.184,0.108,-0.055,0.187,0.284,0.004,0.000,0.000,0.000,5.000,5.000,0.000,1.000,0.15,0.00
8.08798,0.00,0.00,0.00,0.000,0.000,0.000,0.000,0.000,0.000,0.00,0.00,0.000,0.000,0.184,0.108,0.011,0.165,0.284,0.001,0.000,0.000,0.000,5.000,5.000,0.000,1.000,0.15,0.00
8.09863,0.00,0.00,0.00,0.000,0.000,0.000,0.000,0.000,0.000,0.00,0.00,0.000,0.000,0.183,0.108,0.011,0.165,0.284,-0.010,0.000,0.000,0.000,5.000,5.000,0.000,1.000,0.15,0.00
8.10882,0.00,0.00,0.00,0.000,0.000,0.000,0.000,0.000,0.000,0.00,0.00,0.000,0.000,0.179,0.108,0.033,0.179,0.284,-0.008,0.000,0.000,0.000,5.000,5.000,0.000,1.000,0.15,0.00
8.12173,0.00,0.00,0.00,0.000,0.000,0.000,0.000,0.000,0.000,0.00,0.00,0.000,0.000,0.180,0.108,0.055,0.165,0.283,-0.017,0.000,0.000,0.000,5.000,5.000,0.000,1.000,0.15,0.00
8.13215,0.00,0.00,0.00,0.000,0.000,0.000,0.000,0.000,0.000,0.00,0.00,0.000,0.000,0.178,0.108,0.055,0.179,0.283,-0.017,0.000,0.000,0.000,5.000,5.000,0.000,1.000,0.15,0.00
8.14232,0.00,0.00,0.00,0.000,0.000,0.000,0.000,0.000,0.000,0.00,0.00,0.000,0.000,0.178,0.108,-0.077,0.172,0.283,-0.012,0.000,0.000,0.000,5.000,5.000,0.000,1.000,0.15,0.00
8.15283,0.00,0.00,0.00,0.000,0.000,0.000,0.000,0.000,0.000,0.00,0.00,0.000,0.000,0.179,0.108,-0.077,0.165,0.283,-0.009,0.000,0.000,0.000,5.000,5.000,0.000,1.000,0.15,0.00
8.16347,0.00,0.00,0.00,0.000,0.000,0.000,0.000,0.000,0.000,0.00,0.00,0.000,0.000,0.180,0.108,-0.011,0.172,0.283,-0.006,0.000,0.000,0.000,5.000,5.000,0.000,1.000,0.15,0.00
8.17377,0.00,0.00,0.00,0.000,0.000,0.000,0.000,0.000,0.000,0.00,0.00,0.000,0.000,0.181,0.108,0.033,0.179,0.283,-0.004,0.000,0.000,0.000,5.000,5.000,0.000,1.000,0.15,0.00
8.18727,0.00,0.00,0.00,0.000,0.000,0.000,0.000,0.000,0.000,0.00,0.00,0.000,0.000,0.181,0.108,-0.077,0.187,0.283,-0.003,0.000,0.000,0.000,5.000,5.000,0.000,1.000,0.15,0.00
8.19746,0.00,0.00,0.00,0.000,0.000,0.000,0.000,0.000,0.000,0.00,0.00,0.000,0.000,0.182,0.108,-0.077,0.187,0.283,-0.001,0.000,0.000,0.000,5.000,5.000,0.000,1.000,0.15,0.00
8.20767,0.00,0.00,0.00,0.000,0.000,0.000,0.000,0.000,0.000,0.00,0.00,0.000,0.000,0.182,0.108,0.077,0.179,0.283,0.006,0.000,0.000,0.000,5.000,5.000,0.000,1.000,0.15,0.00
8.22021,0.00,0.00,0.00,0.000,0.000,0.000,0.000,0.000,0.000,0.00,0.00,0.000,0.000,0.184,0.108,-0.055,0.179,0.283,0.004,0.000,0.000,0.000,5.000,5.000,0.000,1.000,0.15,0.00
8.23081,0.00,0.00,0.00,0.000,0.000,0.000,0.000,0.000,0.000,0.00,0.00,0.000,0.000,0.183,0.108,-0.033,0.179,0.283,0.003,0.000,0.000,0.000,5.000,5.000,0.000,1.000,0.15,0.00
8.24226,0.00,0.00,0.00,0.000,0.000,0.000,0.000,0.000,0.000,0.00,0.00,0.000,0.000,0.183,0.108,-0.077,0.150,0.283,-0.002,0.000,0.000,0.000,5.000,5.000,0.000,1.000,0.15,0.00
8.25267,0.00,0.00,0.00,0.000,0.000,0.000,0.000,0.000,0.000,0.00,0.00,0.000,0.000,0.182,0.108,-0.055,0.172,0.283,-0.001,0.000,0.000,0.000,5.000,5.000,0.000,1.000,0.15,0.00
8.26285,0.00,0.00,0.00,0.000,0.000,0.000,0.000,0.000,0.000,0.00,0.00,0.000,0.000,0.182,0.108,0.011,0.165,0.283,0.003,0.000,0.000,0.000,5.000,5.000,0.000,1.000,0.15,0.00
8.27516,0.00,0.00,0.00,0.000,0.000,0.000,0.000,0.000,0.000,0.00,0.00,0.000,0.000,0.183,0.108,0.011,0.165,0.283,0.002,0.000,0.000,0.000,5.000,5.000,0.000,1.000,0.15,0.00
8.28569,0.00,0.00,0.00,0.000,0.000,0.000,0.000,0.000,0.000,0.00,0.00,0.000,0.000,0.183,0.108,0.077,0.172,0.283,-0.003,0.000,0.000,0.000,5.000,5.000,0.000,1.000,0.15,0.00
8.29923,0.00,0.00,0.00,0.000,0.000,0.000,0.000,0.000,0.000,0.00,0.00,0.000,0.000,0.182,0.108,-0.011,0.179,0.283,-0.023,0.000,0.000,0.000,5.000,5.000,0.000,1.000,0.15,0.00
8.30951,0.00,0.00,0.00,0.000,0.000,0.000,0.000,0.000,0.000,0.00,0.00,0.000,0.000,0.176,0.108,-0.055,0.179,0.283,-0.021,0.000,0.000,0.000,5.000,5.000,0.000,1.000,0.15,0.00
8.32021,0.00,0.00,0.00,0.000,0.000,0.000,0.000,0.000,0.000,0.00,0.00,0.000,0.000,0.177,0.108,-0.077,0.165,0.282,-0.020,0.000,0.000,0.000,5.000,5.000,0.000,1.000,0.15,0.00
8.33050,0.00,0.00,0.00,0.000,0.000,0.000,0.000,0.000,0.000,0.00,0.00,0.000,0.000,0.177,0.108,-0.055,0.172,0.283,-0.011,0.000,0.000,0.000,5.000,5.000,0.000,1.000,0.15,0.00
8.34084,0.00,0.00,0.00,0.000,0.000,0.000,0.000,0.000,0.000,0.00,0.00,0.000,0.000,0.179,0.108,-0.055,0.172,0.283,-0.008,0.000,0.000,0.000,5.000,5.000,0.000,1.000,0.15,0.00
8.35103,0.00,0.00,0.00,0.000,0.000,0.000,0.000,0.000,0.000,0.00,0.00,0.000,0.000,0.180,0.108,-0.033,0.179,0.283,-0.004,0.000,0.000,0.000,5.000,5.000,0.000,1.000,0.15,0.00
8.36137,0.00,0.00,0.00,0.000,0.000,0.000,0.000,0.000,0.000,0.00,0.00,0.000,0.000,0.181,0.108,-0.033,0.187,0.283,-0.003,0.000,0.000,0.000,5.000,5.000,0.000,1.000,0.15,0.00
8.37403,0.00,0.00,0.00,0.000,0.000,0.000,0.000,0.000,0.000,0.00,0.00,0.000,0.000,0.182,0.108,0.033,0.179,0.283,-0.001,0.000,0.000,0.000,5.000,5.000,0.000,1.000,0.15,0.00
8.38427,0.00,0.00,0.00,0.000,0.000,0.000,0.000,0.000,0.000,0.00,0.00,0.000,0.000,0.182,0.108,-0.033,0.165,0.283,0.000,0.000,0.000,0.000,5.000,5.000,0.000,1.000,0.15,0.00
8.39459,0.00,0.00,0.00,0.000,0.000,0.000,0.000,0.000,0.000,0.00,0.00,0.000,0.000,0.182,0.108,-0.033,0.165,0.283,0.000,0.000,0.000,0.000,5.000,5.000,0.000,1.000,0.15,0.00
8.40551,0.00,0.00,0.00,0.000,0.000,0.000,0.000,0.000,0.000,0.00,0.00,0.000,0.000,0.182,0.108,-0.099,0.172,0.283,0.012,0.000,0.000,0.000,5.000,5.000,0.000,1.000,0.15,0.00
8.41629,0.00,0.00,0.00,0.000,0.000,0.000,0.000,0.000,0.000,0.00,0.00,0.000,0.000,0.186,0.108,-0.033,0.179,0.283,0.028,0.000,0.000,0.000,5.000,5.000,0.000,1.000,0.15,0.00
8.42872,0.00,0.00,0.00,0.000,0.000,0.000,0.000,0.000,0.000,0.00,0.00,0.000,0.000,0.190,0.108,-0.033,0.172,0.283,0.021,0.000,0.000,0.000,5.000,5.000,0.000,1.000,0.15,0.00
8.43899,0.00,0.00,0.00,0.000,0.000,0.000,0.000,0.000,0.000,0.00,0.00,0.000,0.000,0.188,0.108,-0.055,0.201,0.284,0.026,0.000,0.000,0.000,5.000,5.000,0.000,1.000,0.15,0.00
8.44915,0.00,0.00,0.00,0.000,0.000,0.000,0.000,0.000,0.000,0.00,0.00,0.000,0.000,0.190,0.108,-0.011,0.179,0.284,0.027,0.000,0.000,0.000,5.000,5.000,0.000,1.000,0.15,0.00
8.45936,0.00,0.00,0.00,0.000,0.000,0.000,0.000,0.000,0.000,0.00,0.00,0.000,0.000,0.190,0.108,-0.033,0.179,0.284,0.019,0.000,0.000,0.000,5.000,5.000,0.000,1.000,0.15,0.00
8.47201,0.00,0.00,0.00,0.000,0.000,0.000,0.000,0.000,0.000,0.00,0.00,0.000,0.000,0.188,0.108,-0.033,0.179,0.284,0.019,0.000,0.000,0.000,5.000,5.000,0.000,1.000,0.15,0.00
8.48380,0.00,0.00,0.00,0.000,0.000,0.000,0.000,0.000,0.000,0.00,0.00,0.000,0.000,0.186,0.108,-0.055,0.187,0.284,0.011,0.000,0.000,0.000,5.000,5.000,0.000,1.000,0.15,0.00
8.50259,0.00,0.00,0.00,0.000,0.000,0.000,0.000,0.000,0.000,0.00,0.00,0.000,0.000,0.184,0.108,0.011,0.179,0.284,0.007,0.000,0.000,0.000,5.000,5.000,0.000,1.000,0.15,0.00
8.51719,0.00,0.00,0.00,0.000,0.000,0.000,0.000,0.000,0.000,0.00,0.00,0.000,0.000,0.186,0.108,-0.099,0.179,0.284,0.014,0.000,0.000,0.000,5.000,5.000,0.000,1.000,0.15,0.00
8.52744,0.00,0.00,0.00,0.000,0.000,0.000,0.000,0.000,0.000,0.00,0.00,0.000,0.000,0.185,0.108,-0.099,0.179,0.284,0.009,0.000,0.000,0.000,5.000,5.000,0.000,1.000,0.15,0.00
8.53992,0.00,0.00,0.00,0.000,0.000,0.000,0.000,0.000,0.000,0.00,0.00,0.000,0.000,0.186,0.108,-0.033,0.165,0.285,0.014,0.000,0.000,0.000,5.000,5.000,0.000,1.000,0.15,0.00
8.55069,0.00,0.00,0.00,0.000,0.000,0.000,0.000,0.000,0.000,0.00,0.00,0.000,0.000,0.185,0.108,-0.077,0.172,0.285,0.010,0.000,0.000,0.000,5.000,5.000,0.000,1.000,0.15,0.00
8.56226,0.00,0.00,0.00,0.000,0.000,0.000,0.000,0.000,0.000,0.00,0.00,0.000,0.000,0.185,0.108,0.033,0.179,0.285,0.010,0.000,0.000,0.000,5.000,5.000,0.000,1.000,0.15,0.00
8.57244,0.00,0.00,0.00,0.000,0.000,0.000,0.000,0.000,0.000,0.00,0.00,0.000,0.000,0.185,0.108,0.011,0.187,0.285,0.008,0.000,0.000,0.000,5.000,5.000,0.000,1.000,0.15,0.00
8.58357,0.00,0.00,0.00,0.000,0.000,0.000,0.000,0.000,0.000,0.00,0.00,0.000,0.000,0.184,0.108,-0.099,0.187,0.285,0.006,0.000,0.000,0.000,5.000,5.000,0.000,1.000,0.15,0.00
8.59957,0.00,0.00,0.00,0.000,0.000,0.000,0.000,0.000,0.000,0.00,0.00,0.000,0.000,0.183,0.108,-0.055,0.179,0.285,0.001,0.000,0.000,0.000,5.000,5.000,0.000,1.000,0.15,0.00
8.60983,0.00,0.00,0.00,0.000,0.000,0.000,0.000,0.000,0.000,0.00,0.00,0.000,0.000,0.183,0.108,-0.121,0.187,0.285,0.009,0.000,0.000,0.000,5.000,5.000,0.000,1.000,0.15,0.00
8.62639,0.00,0.00,0.00,0.000,0.000,0.000,0.000,0.000,0.000,0.00,0.00,0.000,0.000,0.184,0.108,-0.077,0.165,0.285,0.006,0.000,0.000,0.000,5.000,5.000,0.000,1.000,0.15,0.00
8.64107,0.00,0.00,0.00,0.000,0.000,0.000,0.000,0.000,0.000,0.00,0.00,0.000,0.000,0.184,0.108,-0.077,0.165,0.285,0.006,0.000,0.000,0.000,5.000,5.000,0.000,1.000,0.15,0.00
8.65223,0.00,0.00,0.00,0.000,0.000,0.000,0.000,0.000,0.000,0.00,0.00,0.000,0.000,0.187,0.108,-0.033,0.165,0.285,0.017,0.000,0.000,0.000,5.000,5.000,0.000,1.000,0.15,0.00
8.66246,0.00,0.00,0.00,0.000,0.000,0.000,0.000,0.000,0.000,0.00,0.00,0.000,0.000,0.188,0.108,0.077,0.165,0.286,0.019,0.000,0.000,0.000,5.000,5.000,0.000,1.000,0.15,0.00
8.67310,0.00,0.00,0.00,0.000,0.000,0.000,0.000,0.000,0.000,0.00,0.00,0.000,0.000,0.190,0.108,-0.077,0.194,0.286,0.029,0.000,0.000,0.000,5.000,5.000,0.000,1.000,0.15,0.00
8.68326,0.00,0.00,0.00,0.000,0.000,0.000,0.000,0.000,0.000,0.00,0.00,0.000,0.000,0.188,0.108,-0.033,0.179,0.286,0.020,0.000,0.000,0.000,5.000,5.000,0.000,1.000,0.15,0.00
8.69388,0.00,0.00,0.00,0.000,0.000,0.000,0.000,0.000,0.000,0.00,0.00,0.000,0.000,0.190,0.108,0.055,0.172,0.287,0.027,0.000,0.000,0.000,5.000,5.000,0.000,1.000,0.15,0.00
8.70404,0.00,0.00,0.00,0.000,0.000,0.000,0.000,0.000,0.000,0.00,0.00,0.000,0.000,0.188,0.108,-0.033,0.194,0.287,0.019,0.000,0.000,0.000,5.000,5.000,0.000,1.000,0.15,0.00
8.71420,0.00,0.00,0.00,0.000,0.000,0.000,0.000,0.000,0.000,0.00,0.00,0.000,0.000,0.191,0.108,0.033,0.187,0.287,0.031,0.000,0.000,0.000,5.000,5.000,0.000,1.000,0.15,0.00
8.72436,0.00,0.00,0.00,0.000,0.000,0.000,0.000,0.000,0.000,0.00,0.00,0.000,0.000,0.188,0.108,-0.011,0.194,0.287,0.021,0.000,0.000,0.000,5.000,5.000,0.000,1.000,0.15,0.00
8.73534,0.00,0.00,0.00,0.000,0.000,0.000,0.000,0.000,0.000,0.00,0.00,0.000,0.000,0.192,0.108,-0.121,0.179,0.288,0.033,0.000,0.000,0.000,5.000,5.000,0.000,1.000,0.15,0.00
8.74548,0.00,0.00,0.00,0.000,0.000,0.000,0.000,0.000,0.000,0.00,0.00,0.000,0.000,0.189,0.108,-0.055,0.179,0.288,0.023,0.000,0.000,0.000,5.000,5.000,0.000,1.000,0.15,0.00
8.75564,0.00,0.00,0.00,0.000,0.000,0.000,0.000,0.000,0.000,0.00,0.00,0.000,0.000,0.188,0.108,0.055,0.172,0.288,0.021,0.000,0.000,0.000,5.000,5.000,0.000,1.000,0.15,0.00
8.76579,0.00,0.00,0.00,0.000,0.000,0.000,0.000,0.000,0.000,0.00,0.00,0.000,0.000,0.186,0.108,-0.077,0.179,0.288,0.014,0.000,0.000,0.000,5.000,5.000,0.000,1.000,0.15,0.00
8.77664,0.00,0.00,0.00,0.000,0.000,0.000,0.000,0.000,0.000,0.00,0.00,0.000,0.000,0.185,0.108,-0.011,0.194,0.288,0.009,0.000,0.000,0.000,5.000,5.000,0.000,1.000,0.15,0.00
8.78778,0.00,0.00,0.00,0.000,0.000,0.000,0.000,0.000,0.000,0.00,0.00,0.000,0.000,0.183,0.108,-0.077,0.172,0.288,0.002,0.000,0.000,0.000,5.000,5.000,0.000,1.000,0.15,0.00
8.79799,0.00,0.00,0.00,0.000,0.000,0.000,0.000,0.000,0.000,0.00,0.00,0.000,0.000,0.183,0.108,0.011,0.172,0.288,0.000,0.000,0.000,0.000,5.000,5.000,0.000,1.000,0.15,0.00
8.80822,0.00,0.00,0.00,0.000,0.000,0.000,0.000,0.000,0.000,0.00,0.00,0.000,0.000,0.182,0.108,-0.011,0.187,0.288,-0.007,0.000,0.000,0.000,5.000,5.000,0.000,1.000,0.15,0.00
8.81853,0.00,0.00,0.00,0.000,0.000,0.000,0.000,0.000,0.000,0.00,0.00,0.000,0.000,0.180,0.108,-0.011,0.172,0.288,-0.006,0.000,0.000,0.000,5.000,5.000,0.000,1.000,0.15,0.00
8.82989,0.00,0.00,0.00,0.000,0.000,0.000,0.000,0.000,0.000,0.00,0.00,0.000,0.000,0.181,0.108,-0.011,0.172,0.287,-0.012,0.000,0.000,0.000,5.000,5.000,0.000,1.000,0.15,0.00
8.84036,0.00,0.00,0.00,0.000,0.000,0.000,0.000,0.000,0.000,0.00,0.00,0.000,0.000,0.179,0.108,0.033,0.172,0.287,-0.009,0.000,0.000,0.000,5.000,5.000,0.000,1.000,0.15,0.00
8.85063,0.00,0.00,0.00,0.000,0.000,0.000,0.000,0.000,0.000,0.00,0.00,0.000,0.000,0.180,0.108,0.033,0.165,0.287,-0.007,0.000,0.000,0.000,5.000,5.000,0.000,1.000,0.15,0.00
8.86267,0.00,0.00,0.00,0.000,0.000,0.000,0.000,0.000,0.000,0.00,0.00,0.000,0.000,0.180,0.108,0.011,0.194,0.287,-0.010,0.000,0.000,0.000,5.000,5.000,0.000,1.000,0.15,0.00
8.87284,0.00,0.00,0.00,0.000,0.000,0.000,0.000,0.000,0.000,0.00,0.00,0.000,0.000,0.179,0.108,-0.011,0.187,0.287,-0.005,0.000,0.000,0.000,5.000,5.000,0.000,1.000,0.15,0.00
8.88326,0.00,0.00,0.00,0.000,0.000,0.000,0.000,0.000,0.000,0.00,0.00,0.000,0.000,0.181,0.108,-0.011,0.165,0.287,-0.010,0.000,0.000,0.000,5.000,5.000,0.000,1.000,0.15,0.00
8.89405,0.00,0.00,0.00,0.000,0.000,0.000,0.000,0.000,0.000,0.00,0.00,0.000,0.000,0.180,0.108,-0.011,0.179,0.287,-0.007,0.000,0.000,0.000,5.000,5.000,0.000,1.000,0.15,0.00
8.90809,0.00,0.00,0.00,0.000,0.000,0.000,0.000,0.000,0.000,0.00,0.00,0.000,0.000,0.177,0.108,-0.011,0.179,0.287,-0.018,0.000,0.000,0.000,5.000,5.000,0.000,1.000,0.15,0.00
8.91854,0.00,0.00,0.00,0.000,0.000,0.000,0.000,0.000,0.000,0.00,0.00,0.000,0.000,0.179,0.108,-0.121,0.179,0.287,-0.013,0.000,0.000,0.000,5.000,5.000,0.000,1.000,0.15,0.00
8.93084,0.00,0.00,0.00,0.000,0.000,0.000,0.000,0.000,0.000,0.00,0.00,0.000,0.000,0.178,0.108,-0.011,0.165,0.287,-0.014,0.000,0.000,0.000,5.000,5.000,0.000,1.000,0.15,0.00
8.94103,0.00,0.00,0.00,0.000,0.000,0.000,0.000,0.000,0.000,0.00,0.00,0.000,0.000,0.180,0.108,-0.077,0.179,0.287,-0.010,0.000,0.000,0.000,5.000,5.000,0.000,1.000,0.15,0.00
8.95119,0.00,0.00,0.00,0.000,0.000,0.000,0.000,0.000,0.000,0.00,0.00,0.000,0.000,0.181,0.108,-0.055,0.165,0.287,-0.005,0.000,0.000,0.000,5.000,5.000,0.000,1.000,0.15,0.00
8.96199,0.00,0.00,0.00,0.000,0.000,0.000,0.000,0.000,0.000,0.00,0.00,0.000,0.000,0.181,0.108,-0.011,0.165,0.287,-0.003,0.000,0.000,0.000,5.000,5.000,0.000,1.000,0.15,0.00
8.97215,0.00,0.00,0.00,0.000,0.000,0.000,0.000,0.000,0.000,0.00,0.00,0.000,0.000,0.180,0.108,-0.011,0.187,0.287,-0.007,0.000,0.000,0.000,5.000,5.000,0.000,1.000,0.15,0.00
8.98462,0.00,0.00,0.00,0.000,0.000,0.000,0.000,0.000,0.000,0.00,0.00,0.000,0.000,0.181,0.108,0.011,0.172,0.287,-0.005,0.000,0.000,0.000,5.000,5.000,0.000,1.000,0.15,0.00
8.99814,0.00,0.00,0.00,0.000,0.000,0.000,0.000,0.000,0.000,0.00,0.00,0.000,0.000,0.178,0.108,0.011,0.172,0.286,-0.017,0.000,0.000,0.000,5.000,5.000,0.000,1.000,0.15,0.00
9.00833,0.00,0.00,0.00,0.000,0.000,0.000,0.000,0.000,0.000,0.00,0.00,0.000,0.000,0.175,0.108,0.011,0.179,0.286,-0.027,0.000,0.000,0.000,5.000,5.000,0.000,1.000,0.15,0.00
9.01990,0.00,0.00,0.00,0.000,0.000,0.000,0.000,0.000,0.000,0.00,0.00,0.000,0.000,0.177,0.108,-0.033,0.165,0.286,-0.019,0.000,0.000,0.000,5.000,5.000,0.000,1.000,0.15,0.00
9.03007,0.00,0.00,0.00,0.000,0.000,0.000,0.000,0.000,0.000,0.00,0.00,0.000,0.000,0.175,0.108,-0.033,0.179,0.285,-0.028,0.000,0.000,0.000,5.000,5.000,0.000,1.000,0.15,0.00
9.04022,0.00,0.00,0.00,0.000,0.000,0.000,0.000,0.000,0.000,0.00,0.00,0.000,0.000,0.177,0.108,-0.011,0.158,0.285,-0.020,0.000,0.000,0.000,5.000,5.000,0.000,1.000,0.15,0.00
9.05131,0.00,0.00,0.00,0.000,0.000,0.000,0.000,0.000,0.000,0.00,0.00,0.000,0.000,0.178,0.108,-0.011,0.165,0.285,-0.014,0.000,0.000,0.000,5.000,5.000,0.000,1.000,0.15,0.00
9.06207,0.00,0.00,0.00,0.000,0.000,0.000,0.000,0.000,0.000,0.00,0.00,0.000,0.000,0.175,0.108,-0.055,0.179,0.285,-0.026,0.000,0.000,0.000,5.000,5.000,0.000,1.000,0.15,0.00
9.07224,0.00,0.00,0.00,0.000,0.000,0.000,0.000,0.000,0.000,0.00,0.00,0.000,0.000,0.173,0.108,0.011,0.165,0.284,-0.036,0.000,0.000,0.000,5.000,5.000,0.000,1.000,0.15,0.00
9.08239,0.00,0.00,0.00,0.000,0.000,0.000,0.000,0.000,0.000,0.00,0.00,0.000,0.000,0.175,0.108,0.099,0.165,0.284,-0.025,0.000,0.000,0.000,5.000,5.000,0.000,1.000,0.15,0.00
9.09325,0.00,0.00,0.00,0.000,0.000,0.000,0.000,0.000,0.000,0.00,0.00,0.000,0.000,0.178,0.108,0.011,0.172,0.284,-0.017,0.000,0.000,0.000,5.000,5.000,0.000,1.000,0.15,0.00
9.10341,0.00,0.00,0.00,0.000,0.000,0.000,0.000,0.000,0.000,0.00,0.00,0.000,0.000,0.174,0.108,-0.077,0.165,0.284,-0.030,0.000,0.000,0.000,5.000,5.000,0.000,1.000,0.15,0.00
9.11356,0.00,0.00,0.00,0.000,0.000,0.000,0.000,0.000,0.000,0.00,0.00,0.000,0.000,0.177,0.108,-0.099,0.172,0.284,-0.021,0.000,0.000,0.000,5.000,5.000,0.000,1.000,0.15,0.00
9.12509,0.00,0.00,0.00,0.000,0.000,0.000,0.000,0.000,0.000,0.00,0.00,0.000,0.000,0.174,0.108,-0.033,0.165,0.283,-0.029,0.000,0.000,0.000,5.000,5.000,0.000,1.000,0.15,0.00
9.13524,0.00,0.00,0.00,0.000,0.000,0.000,0.000,0.000,0.000,0.00,0.00,0.000,0.000,0.172,0.108,-0.055,0.158,0.283,-0.038,0.000,0.000,0.000,5.000,5.000,0.000,1.000,0.15,0.00
9.14563,0.00,0.00,0.00,0.000,0.000,0.000,0.000,0.000,0.000,0.00,0.00,0.000,0.000,0.175,0.108,-0.011,0.172,0.283,-0.026,0.000,0.000,0.000,5.000,5.000,0.000,1.000,0.15,0.00
9.15604,0.00,0.00,0.00,0.000,0.000,0.000,0.000,0.000,0.000,0.00,0.00,0.000,0.000,0.170,0.108,0.011,0.165,0.282,-0.045,0.000,0.000,0.000,5.000,5.000,0.000,1.000,0.15,0.00
9.16788,0.00,0.00,0.00,0.000,0.000,0.000,0.000,0.000,0.000,0.00,0.00,0.000,0.000,0.174,0.108,-0.011,0.158,0.282,-0.031,0.000,0.000,0.000,5.000,5.000,0.000,1.000,0.15,0.00
9.17805,0.00,0.00,0.00,0.000,0.000,0.000,0.000,0.000,0.000,0.00,0.00,0.000,0.000,0.169,0.108,-0.033,0.150,0.281,-0.048,0.000,0.000,0.000,5.000,5.000,0.000,1.000,0.15,0.00
9.18841,0.00,0.00,0.00,0.000,0.000,0.000,0.000,0.000,0.000,0.00,0.00,0.000,0.000,0.173,0.108,0.055,0.165,0.281,-0.033,0.000,0.000,0.000,5.000,5.000,0.000,1.000,0.15,0.00
9.19872,0.00,0.00,0.00,0.000,0.000,0.000,0.000,0.000,0.000,0.00,0.00,0.000,0.000,0.170,0.108,-0.011,0.150,0.281,-0.046,0.000,0.000,0.000,5.000,5.000,0.000,1.000,0.15,0.00
9.20923,0.00,0.00,0.00,0.000,0.000,0.000,0.000,0.000,0.000,0.00,0.00,0.000,0.000,0.174,0.108,-0.033,0.172,0.281,-0.032,0.000,0.000,0.000,5.000,5.000,0.000,1.000,0.15,0.00
9.22186,0.00,0.00,0.00,0.000,0.000,0.000,0.000,0.000,0.000,0.00,0.00,0.000,0.000,0.176,0.108,0.077,0.172,0.281,-0.021,0.000,0.000,0.000,5.000,5.000,0.000,1.000,0.15,0.00
9.23282,0.00,0.00,0.00,0.000,0.000,0.000,0.000,0.000,0.000,0.00,0.00,0.000,0.000,0.173,0.108,0.011,0.172,0.280,-0.035,0.000,0.000,0.000,5.000,5.000,0.000,1.000,0.15,0.00
9.24303,0.00,0.00,0.00,0.000,0.000,0.000,0.000,0.000,0.000,0.00,0.00,0.000,0.000,0.176,0.108,0.011,0.158,0.280,-0.024,0.000,0.000,0.000,5.000,5.000,0.000,1.000,0.15,0.00
9.25344,0.00,0.00,0.00,0.000,0.000,0.000,0.000,0.000,0.000,0.00,0.00,0.000,0.000,0.178,0.108,0.011,0.165,0.280,-0.015,0.000,0.000,0.000,5.000,5.000,0.000,1.000,0.15,0.00
9.26391,0.00,0.00,0.00,0.000,0.000,0.000,0.000,0.000,0.000,0.00,0.00,0.000,0.000,0.180,0.108,0.011,0.165,0.280,-0.008,0.000,0.000,0.000,5.000,5.000,0.000,1.000,0.15,0.00
9.27685,0.00,0.00,0.00,0.000,0.000,0.000,0.000,0.000,0.000,0.00,0.00,0.000,0.000,0.183,0.108,-0.077,0.179,0.280,0.002,0.000,0.000,0.000,5.000,5.000,0.000,1.000,0.15,0.00
9.29151,0.00,0.00,0.00,0.000,0.000,0.000,0.000,0.000,0.000,0.00,0.00,0.000,0.000,0.183,0.108,0.011,0.187,0.280,0.003,0.000,0.000,0.000,5.000,5.000,0.000,1.000,0.15,0.00
9.30211,0.00,0.00,0.00,0.000,0.000,0.000,0.000,0.000,0.000,0.00,0.00,0.000,0.000,0.183,0.108,0.055,0.172,0.280,0.003,0.000,0.000,0.000,5.000,5.000,0.000,1.000,0.15,0.00
9.31245,0.00,0.00,0.00,0.000,0.000,0.000,0.000,0.000,0.000,0.00,0.00,0.000,0.000,0.187,0.108,0.055,0.179,0.281,0.017,0.000,0.000,0.000,5.000,5.000,0.000,1.000,0.15,0.00
9.32361,0.00,0.00,0.00,0.000,0.000,0.000,0.000,0.000,0.000,0.00,0.00,0.000,0.000,0.186,0.108,-0.011,0.165,0.281,0.013,0.000,0.000,0.000,5.000,5.000,0.000,1.000,0.15,0.00
9.33404,0.00,0.00,0.00,0.000,0.000,0.000,0.000,0.000,0.000,0.00,0.00,0.000,0.000,0.184,0.108,0.011,0.172,0.280,0.005,0.000,0.000,0.000,5.000,5.000,0.000,1.000,0.15,0.00
9.34475,0.00,0.00,0.00,0.000,0.000,0.000,0.000,0.000,0.000,0.00,0.00,0.000,0.000,0.184,0.108,-0.011,0.179,0.280,0.004,0.000,0.000,0.000,5.000,5.000,0.000,1.000,0.15,0.00
9.35502,0.00,0.00,0.00,0.000,0.000,0.000,0.000,0.000,0.000,0.00,0.00,0.000,0.000,0.184,0.108,0.055,0.172,0.280,0.005,0.000,0.000,0.000,5.000,5.000,0.000,1.000,0.15,0.00
9.36651,0.00,0.00,0.00,0.000,0.000,0.000,0.000,0.000,0.000,0.00,0.00,0.000,0.000,0.184,0.108,-0.077,0.179,0.280,0.004,0.000,0.000,0.000,5.000,5.000,0.000,1.000,0.15,0.00
9.37675,0.00,0.00,0.00,0.000,0.000,0.000,0.000,0.000,0.000,0.00,0.00,0.000,0.000,0.184,0.108,-0.077,0.179,0.281,0.008,0.000,0.000,0.000,5.000,5.000,0.000,1.000,0.15,0.00
9.38830,0.00,0.00,0.00,0.000,0.000,0.000,0.000,0.000,0.000,0.00,0.00,0.000,0.000,0.184,0.108,-0.055,0.187,0.281,0.006,0.000,0.000,0.000,5.000,5.000,0.000,1.000,0.15,0.00
9.39906,0.00,0.00,0.00,0.000,0.000,0.000,0.000,0.000,0.000,0.00,0.00,0.000,0.000,0.184,0.108,-0.055,0.187,0.281,0.005,0.000,0.000,0.000,5.000,5.000,0.000,1.000,0.15,0.00
9.40933,0.00,0.00,0.00,0.000,0.000,0.000,0.000,0.000,0.000,0.00,0.00,0.000,0.000,0.175,0.108,0.033,0.187,0.280,-0.027,0.000,0.000,0.000,5.000,5.000,0.000,1.000,0.15,0.00
9.41954,0.00,0.00,0.00,0.000,0.000,0.000,0.000,0.000,0.000,0.00,0.00,0.000,0.000,0.177,0.108,-0.055,0.172,0.280,-0.019,0.000,0.000,0.000,5.000,5.000,0.000,1.000,0.15,0.00
9.43113,0.00,0.00,0.00,0.000,0.000,0.000,0.000,0.000,0.000,0.00,0.00,0.000,0.000,0.179,0.108,0.077,0.172,0.280,-0.013,0.000,0.000,0.000,5.000,5.000,0.000,1.000,0.15,0.00
9.44267,0.00,0.00,0.00,0.000,0.000,0.000,0.000,0.000,0.000,0.00,0.00,0.000,0.000,0.174,0.108,-0.077,0.172,0.279,-0.032,0.000,0.000,0.000,5.000,5.000,0.000,1.000,0.15,0.00
9.45340,0.00,0.00,0.00,0.000,0.000,0.000,0.000,0.000,0.000,0.00,0.00,0.000,0.000,0.172,0.108,-0.033,0.187,0.278,-0.039,0.000,0.000,0.000,5.000,5.000,0.000,1.000,0.15,0.00
9.46480,0.00,0.00,0.00,0.000,0.000,0.000,0.000,0.000,0.000,0.00,0.00,0.000,0.000,0.175,0.108,-0.033,0.158,0.278,-0.028,0.000,0.000,0.000,5.000,5.000,0.000,1.000,0.15,0.00
9.47556,0.00,0.00,0.00,0.000,0.000,0.000,0.000,0.000,0.000,0.00,0.00,0.000,0.000,0.176,0.108,0.121,0.172,0.278,-0.025,0.000,0.000,0.000,5.000,5.000,0.000,1.000,0.15,0.00
9.48577,0.00,0.00,0.00,0.000,0.000,0.000,0.000,0.000,0.000,0.00,0.00,0.000,0.000,0.178,0.108,0.121,0.172,0.278,-0.017,0.000,0.000,0.000,5.000,5.000,0.000,1.000,0.15,0.00
9.49954,0.00,0.00,0.00,0.000,0.000,0.000,0.000,0.000,0.000,0.00,0.00,0.000,0.000,0.179,0.108,-0.055,0.187,0.278,-0.011,0.000,0.000,0.000,5.000,5.000,0.000,1.000,0.15,0.00
9.51041,0.00,0.00,0.00,0.000,0.000,0.000,0.000,0.000,0.000,0.00,0.00,0.000,0.000,0.182,0.108,-0.011,0.158,0.278,-0.002,0.000,0.000,0.000,5.000,5.000,0.000,1.000,0.15,0.00
9.52256,0.00,0.00,0.00,0.000,0.000,0.000,0.000,0.000,0.000,0.00,0.00,0.000,0.000,0.182,0.108,0.033,0.172,0.278,-0.000,0.000,0.000,0.000,5.000,5.000,0.000,1.000,0.15,0.00
9.53283,0.00,0.00,0.00,0.000,0.000,0.000,0.000,0.000,0.000,0.00,0.00,0.000,0.000,0.182,0.108,-0.077,0.194,0.278,-0.001,0.000,0.000,0.000,5.000,5.000,0.000,1.000,0.15,0.00
9.54376,0.00,0.00,0.00,0.000,0.000,0.000,0.000,0.000,0.000,0.00,0.00,0.000,0.000,0.182,0.108,0.033,0.179,0.278,0.000,0.000,0.000,0.000,5.000,5.000,0.000,1.000,0.15,0.00
9.55406,0.00,0.00,0.00,0.000,0.000,0.000,0.000,0.000,0.000,0.00,0.00,0.000,0.000,0.180,0.108,-0.099,0.172,0.278,-0.007,0.000,0.000,0.000,5.000,5.000,0.000,1.000,0.15,0.00
9.56479,0.00,0.00,0.00,0.000,0.000,0.000,0.000,0.000,0.000,0.00,0.00,0.000,0.000,0.181,0.108,0.055,0.187,0.278,-0.005,0.000,0.000,0.000,5.000,5.000,0.000,1.000,0.15,0.00
9.58169,0.00,0.00,0.00,0.000,0.000,0.000,0.000,0.000,0.000,0.00,0.00,0.000,0.000,0.178,0.108,0.011,0.179,0.278,-0.011,0.000,0.000,0.000,5.000,5.000,0.000,1.000,0.15,0.00
9.59207,0.00,0.00,0.00,0.000,0.000,0.000,0.000,0.000,0.000,0.00,0.00,0.000,0.000,0.179,0.108,-0.011,0.187,0.277,-0.022,0.000,0.000,0.000,5.000,5.000,0.000,1.000,0.15,0.00
9.60427,0.00,0.00,0.00,0.000,0.000,0.000,0.000,0.000,0.000,0.00,0.00,0.000,0.000,0.176,0.108,0.033,0.165,0.277,-0.015,0.000,0.000,0.000,5.000,5.000,0.000,1.000,0.15,0.00
9.61444,0.00,0.00,0.00,0.000,0.000,0.000,0.000,0.000,0.000,0.00,0.00,0.000,0.000,0.178,0.108,-0.099,0.172,0.277,-0.007,0.000,0.000,0.000,5.000,5.000,0.000,1.000,0.15,0.00
9.62467,0.00,0.00,0.00,0.000,0.000,0.000,0.000,0.000,0.000,0.00,0.00,0.000,0.000,0.180,0.108,-0.099,0.172,0.278,0.003,0.000,0.000,0.000,5.000,5.000,0.000,1.000,0.15,0.00
9.63541,0.00,0.00,0.00,0.000,0.000,0.000,0.000,0.000,0.000,0.00,0.00,0.000,0.000,0.183,0.108,-0.033,0.172,0.278,0.003,0.000,0.000,0.000,5.000,5.000,0.000,1.000,0.15,0.00
9.64675,0.00,0.00,0.00,0.000,0.000,0.000,0.000,0.000,0.000,0.00,0.00,0.000,0.000,0.183,0.108,-0.055,0.179,0.278,0.002,0.000,0.000,0.000,5.000,5.000,0.000,1.000,0.15,0.00
9.65707,0.00,0.00,0.00,0.000,0.000,0.000,0.000,0.000,0.000,0.00,0.00,0.000,0.000,0.183,0.108,0.011,0.172,0.278,0.002,0.000,0.000,0.000,5.000,5.000,0.000,1.000,0.15,0.00
9.66722,0.00,0.00,0.00,0.000,0.000,0.000,0.000,0.000,0.000,0.00,0.00,0.000,0.000,0.183,0.108,0.055,0.172,0.277,-0.005,0.000,0.000,0.000,5.000,5.000,0.000,1.000,0.15,0.00
9.67737,0.00,0.00,0.00,0.000,0.000,0.000,0.000,0.000,0.000,0.00,0.00,0.000,0.000,0.181,0.108,0.011,0.172,0.277,-0.003,0.000,0.000,0.000,5.000,5.000,0.000,1.000,0.15,0.00
9.68769,0.00,0.00,0.00,0.000,0.000,0.000,0.000,0.000,0.000,0.00,0.00,0.000,0.000,0.182,0.108,-0.011,0.187,0.277,-0.002,0.000,0.000,0.000,5.000,5.000,0.000,1.000,0.15,0.00
9.69803,0.00,0.00,0.00,0.000,0.000,0.000,0.000,0.000,0.000,0.00,0.00,0.000,0.000,0.182,0.108,-0.121,0.187,0.277,-0.001,0.000,0.000,0.000,5.000,5.000,0.000,1.000,0.15,0.00
9.70843,0.00,0.00,0.00,0.000,0.000,0.000,0.000,0.000,0.000,0.00,0.00,0.000,0.000,0.182,0.108,-0.121,0.187,0.277,-0.007,0.000,0.000,0.000,5.000,5.000,0.000,1.000,0.15,0.00
9.72128,0.00,0.00,0.00,0.000,0.000,0.000,0.000,0.000,0.000,0.00,0.00,0.000,0.000,0.180,0.108,-0.055,0.179,0.277,-0.013,0.000,0.000,0.000,5.000,5.000,0.000,1.000,0.15,0.00
9.73144,0.00,0.00,0.00,0.000,0.000,0.000,0.000,0.000,0.000,0.00,0.00,0.000,0.000,0.179,0.108,0.099,0.179,0.277,-0.007,0.000,0.000,0.000,5.000,5.000,0.000,1.000,0.15,0.00
9.74160,0.00,0.00,0.00,0.000,0.000,0.000,0.000,0.000,0.000,0.00,0.00,0.000,0.000,0.180,0.108,-0.033,0.179,0.277,-0.004,0.000,0.000,0.000,5.000,5.000,0.000,1.000,0.15,0.00
9.75533,0.00,0.00,0.00,0.000,0.000,0.000,0.000,0.000,0.000,0.00,0.00,0.000,0.000,0.182,0.108,-0.011,0.172,0.277,-0.003,0.000,0.000,0.000,5.000,5.000,0.000,1.000,0.15,0.00
9.76875,0.00,0.00,0.00,0.000,0.000,0.000,0.000,0.000,0.000,0.00,0.00,0.000,0.000,0.182,0.108,0.033,0.158,0.277,-0.001,0.000,0.000,0.000,5.000,5.000,0.000,1.000,0.15,0.00
9.77898,0.00,0.00,0.00,0.000,0.000,0.000,0.000,0.000,0.000,0.00,0.00,0.000,0.000,0.182,0.108,-0.011,0.187,0.277,0.001,0.000,0.000,0.000,5.000,5.000,0.000,1.000,0.15,0.00
9.78916,0.00,0.00,0.00,0.000,0.000,0.000,0.000,0.000,0.000,0.00,0.00,0.000,0.000,0.183,0.108,0.011,0.172,0.277,0.001,0.000,0.000,0.000,5.000,5.000,0.000,1.000,0.15,0.00
9.79931,0.00,0.00,0.00,0.000,0.000,0.000,0.000,0.000,0.000,0.00,0.00,0.000,0.000,0.184,0.108,0.055,0.179,0.277,0.005,0.000,0.000,0.000,5.000,5.000,0.000,1.000,0.15,0.00
9.80948,0.00,0.00,0.00,0.000,0.000,0.000,0.000,0.000,0.000,0.00,0.00,0.000,0.000,0.183,0.108,0.055,0.165,0.277,0.004,0.000,0.000,0.000,5.000,5.000,0.000,1.000,0.15,0.00
9.81963,0.00,0.00,0.00,0.000,0.000,0.000,0.000,0.000,0.000,0.00,0.00,0.000,0.000,0.183,0.108,-0.011,0.165,0.277,0.003,0.000,0.000,0.000,5.000,5.000,0.000,1.000,0.15,0.00
9.82979,0.00,0.00,0.00,0.000,0.000,0.000,0.000,0.000,0.000,0.00,0.00,0.000,0.000,0.183,0.108,-0.099,0.179,0.277,0.002,0.000,0.000,0.000,5.000,5.000,0.000,1.000,0.15,0.00
9.84304,0.00,0.00,0.00,0.000,0.000,0.000,0.000,0.000,0.000,0.00,0.00,0.000,0.000,0.183,0.108,-0.011,0.179,0.277,0.002,0.000,0.000,0.000,5.000,5.000,0.000,1.000,0.15,0.00
9.85343,0.00,0.00,0.00,0.000,0.000,0.000,0.000,0.000,0.000,0.00,0.00,0.000,0.000,0.183,0.108,0.033,0.172,0.277,0.001,0.000,0.000,0.000,5.000,5.000,0.000,1.000,0.15,0.00
9.86360,0.00,0.00,0.00,0.000,0.000,0.000,0.000,0.000,0.000,0.00,0.00,0.000,0.000,0.183,0.108,0.011,0.165,0.277,0.001,0.000,0.000,0.000,5.000,5.000,0.000,1.000,0.15,0.00
9.87376,0.00,0.00,0.00,0.000,0.000,0.000,0.000,0.000,0.000,0.00,0.00,0.000,0.000,0.183,0.108,0.011,0.179,0.277,0.001,0.000,0.000,0.000,5.000,5.000,0.000,1.000,0.15,0.00
9.88391,0.00,0.00,0.00,0.000,0.000,0.000,0.000,0.000,0.000,0.00,0.00,0.000,0.000,0.183,0.108,0.033,0.187,0.277,0.001,0.000,0.000,0.000,5.000,5.000,0.000,1.000,0.15,0.00
9.89406,0.00,0.00,0.00,0.000,0.000,0.000,0.000,0.000,0.000,0.00,0.00,0.000,0.000,0.182,0.108,0.099,0.179,0.277,0.001,0.000,0.000,0.000,5.000,5.000,0.000,1.000,0.15,0.00
9.90434,0.00,0.00,0.00,0.000,0.000,0.000,0.000,0.000,0.000,0.00,0.00,0.000,0.000,0.182,0.108,0.011,0.179,0.277,0.001,0.000,0.000,0.000,5.000,5.000,0.000,1.000,0.15,0.00
9.91488,0.00,0.00,0.00,0.000,0.000,0.000,0.000,0.000,0.000,0.00,0.00,0.000,0.000,0.182,0.108,0.033,0.194,0.277,0.001,0.000,0.000,0.000,5.000,5.000,0.000,1.000,0.15,0.00
9.92520,0.00,0.00,0.00,0.000,0.000,0.000,0.000,0.000,0.000,0.00,0.00,0.000,0.000,0.182,0.108,0.077,0.179,0.277,0.000,0.000,0.000,0.000,5.000,5.000,0.000,1.000,0.15,0.00
9.93897,0.00,0.00,0.00,0.000,0.000,0.000,0.000,0.000,0.000,0.00,0.00,0.000,0.000,0.182,0.108,-0.165,0.172,0.277,0.000,0.000,0.000,0.000,5.000,5.000,0.000,1.000,0.15,0.00
9.94913,0.00,0.00,0.00,0.000,0.000,0.000,0.000,0.000,0.000,0.00,0.00,0.000,0.000,0.183,0.108,0.011,0.179,0.277,0.001,0.000,0.000,0.000,5.000,5.000,0.000,1.000,0.15,0.00
9.95993,0.00,0.00,0.00,0.000,0.000,0.000,0.000,0.000,0.000,0.00,0.00,0.000,0.000,0.183,0.108,-0.055,0.187,0.277,0.001,0.000,0.000,0.000,5.000,5.000,0.000,1.000,0.15,0.00
9.97009,0.00,0.00,0.00,0.000,0.000,0.000,0.000,0.000,0.000,0.00,0.00,0.000,0.000,0.181,0.108,-0.055,0.179,0.277,-0.003,0.000,0.000,0.000,5.000,5.000,0.000,1.000,0.15,0.00
9.98024,0.00,0.00,0.00,0.000,0.000,0.000,0.000,0.000,0.000,0.00,0.00,0.000,0.000,0.180,0.108,0.011,0.179,0.277,-0.007,0.000,0.000,0.000,5.000,5.000,0.000,1.000,0.15,0.00
9.99041,0.00,0.00,0.00,0.000,0.000,0.000,0.000,0.000,0.000,0.00,0.00,0.000,0.000,0.181,0.108,0.033,0.179,0.277,-0.005,0.000,0.000,0.000,5.000,5.000,0.000,1.000,0.15,0.00
10.00062,0.00,0.00,0.00,0.000,0.000,0.000,0.000,0.000,0.000,0.00,0.00,0.000,0.000,0.181,0.108,-0.077,0.179,0.277,-0.003,0.000,0.000,0.000,5.000,5.000,0.000,1.000,0.15,0.00
10.01246,0.00,0.00,0.00,0.000,0.000,0.000,0.000,0.000,0.000,0.00,0.00,0.000,0.000,0.182,0.108,0.077,0.179,0.277,-0.002,0.000,0.000,0.000,5.000,5.000,0.000,1.000,0.15,0.00
10.02264,0.00,0.00,0.00,0.000,0.000,0.000,0.000,0.000,0.000,0.00,0.00,0.000,0.000,0.181,0.108,0.033,0.172,0.277,-0.005,0.000,0.000,0.000,5.000,5.000,0.000,1.000,0.15,0.00
10.03325,0.00,0.00,0.00,0.000,0.000,0.000,0.000,0.000,0.000,0.00,0.00,0.000,0.000,0.181,0.108,0.033,0.172,0.277,-0.003,0.000,0.000,0.000,5.000,5.000,0.000,1.000,0.15,0.00
10.04344,0.00,0.00,0.00,0.000,0.000,0.000,0.000,0.000,0.000,0.00,0.00,0.000,0.000,0.182,0.108,-0.055,0.179,0.277,-0.002,0.000,0.000,0.000,5.000,5.000,0.000,1.000,0.15,0.00
10.05359,0.00,0.00,0.00,0.000,0.000,0.000,0.000,0.000,0.000,0.00,0.00,0.000,0.000,0.181,0.108,-0.011,0.172,0.277,-0.006,0.000,0.000,0.000,5.000,5.000,0.000,1.000,0.15,0.00
10.06596,0.00,0.00,0.00,0.000,0.000,0.000,0.000,0.000,0.000,0.00,0.00,0.000,0.000,0.181,0.108,-0.033,0.179,0.277,-0.004,0.000,0.000,0.000,5.000,5.000,0.000,1.000,0.15,0.00
10.07614,0.00,0.00,0.00,0.000,0.000,0.000,0.000,0.000,0.000,0.00,0.00,0.000,0.000,0.181,0.108,0.055,0.172,0.277,-0.003,0.000,0.000,0.000,5.000,5.000,0.000,1.000,0.15,0.00
10.08708,0.00,0.00,0.00,0.000,0.000,0.000,0.000,0.000,0.000,0.00,0.00,0.000,0.000,0.182,0.108,0.055,0.172,0.277,-0.002,0.000,0.000,0.000,5.000,5.000,0.000,1.000,0.15,0.00
10.09727,0.00,0.00,0.00,0.000,0.000,0.000,0.000,0.000,0.000,0.00,0.00,0.000,0.000,0.180,0.108,-0.011,0.172,0.277,-0.007,0.000,0.000,0.000,5.000,5.000,0.000,1.000,0.15,0.00
10.10742,0.00,0.00,0.00,0.000,0.000,0.000,0.000,0.000,0.000,0.00,0.00,0.000,0.000,0.181,0.108,0.011,0.172,0.277,-0.005,0.000,0.000,0.000,5.000,5.000,0.000,1.000,0.15,0.00
10.11758,0.00,0.00,0.00,0.000,0.000,0.000,0.000,0.000,0.000,0.00,0.00,0.000,0.000,0.181,0.108,-0.077,0.165,0.277,-0.003,0.000,0.000,0.000,5.000,5.000,0.000,1.000,0.15,0.00
10.12773,0.00,0.00,0.00,0.000,0.000,0.000,0.000,0.000,0.000,0.00,0.00,0.000,0.000,0.182,0.108,-0.033,0.165,0.277,-0.002,0.000,0.000,0.000,5.000,5.000,0.000,1.000,0.15,0.00
10.13831,0.00,0.00,0.00,0.000,0.000,0.000,0.000,0.000,0.000,0.00,0.00,0.000,0.000,0.182,0.108,-0.055,0.179,0.277,-0.001,0.000,0.000,0.000,5.000,5.000,0.000,1.000,0.15,0.00
10.14846,0.00,0.00,0.00,0.000,0.000,0.000,0.000,0.000,0.000,0.00,0.00,0.000,0.000,0.182,0.108,0.011,0.179,0.277,-0.005,0.000,0.000,0.000,5.000,5.000,0.000,1.000,0.15,0.00
10.15861,0.00,0.00,0.00,0.000,0.000,0.000,0.000,0.000,0.000,0.00,0.00,0.000,0.000,0.181,0.108,0.011,0.179,0.276,-0.008,0.000,0.000,0.000,5.000,5.000,0.000,1.000,0.15,0.00
10.17284,0.00,0.00,0.00,0.000,0.000,0.000,0.000,0.000,0.000,0.00,0.00,0.000,0.000,0.181,0.108,-0.055,0.179,0.276,-0.005,0.000,0.000,0.000,5.000,5.000,0.000,1.000,0.15,0.00
10.18345,0.00,0.00,0.00,0.000,0.000,0.000,0.000,0.000,0.000,0.00,0.00,0.000,0.000,0.181,0.108,-0.011,0.179,0.276,-0.004,0.000,0.000,0.000,5.000,5.000,0.000,1.000,0.15,0.00
10.19467,0.00,0.00,0.00,0.000,0.000,0.000,0.000,0.000,0.000,0.00,0.00,0.000,0.000,0.182,0.108,-0.055,0.179,0.276,-0.002,0.000,0.000,0.000,5.000,5.000,0.000,1.000,0.15,0.00
10.20482,0.00,0.00,0.00,0.000,0.000,0.000,0.000,0.000,0.000,0.00,0.00,0.000,0.000,0.184,0.108,-0.011,0.194,0.277,0.005,0.000,0.000,0.000,5.000,5.000,0.000,1.000,0.15,0.00
10.21582,0.00,0.00,0.00,0.000,0.000,0.000,0.000,0.000,0.000,0.00,0.00,0.000,0.000,0.183,0.108,0.033,0.187,0.277,0.004,0.000,0.000,0.000,5.000,5.000,0.000,1.000,0.15,0.00
10.22602,0.00,0.00,0.00,0.000,0.000,0.000,0.000,0.000,0.000,0.00,0.00,0.000,0.000,0.192,0.108,-0.055,0.165,0.277,0.034,0.000,0.000,0.000,5.000,5.000,0.000,1.000,0.15,0.00
10.23618,0.00,0.00,0.00,0.000,0.000,0.000,0.000,0.000,0.000,0.00,0.00,0.000,0.000,0.190,0.108,0.011,0.179,0.277,0.025,0.000,0.000,0.000,5.000,5.000,0.000,1.000,0.15,0.00
10.24633,0.00,0.00,0.00,0.000,0.000,0.000,0.000,0.000,0.000,0.00,0.00,0.000,0.000,0.190,0.108,-0.033,0.172,0.277,0.018,0.000,0.000,0.000,5.000,5.000,0.000,1.000,0.15,0.00
10.25734,0.00,0.00,0.00,0.000,0.000,0.000,0.000,0.000,0.000,0.00,0.00,0.000,0.000,0.187,0.108,-0.055,0.172,0.277,-0.012,0.000,0.000,0.000,5.000,5.000,0.000,1.000,0.15,0.00
10.27073,0.00,0.00,0.00,0.000,0.000,0.000,0.000,0.000,0.000,0.00,0.00,0.000,0.000,0.179,0.108,0.011,0.194,0.277,0.003,0.000,0.000,0.000,5.000,5.000,0.000,1.000,0.15,0.00
10.28299,0.00,0.00,0.00,0.000,0.000,0.000,0.000,0.000,0.000,0.00,0.00,0.000,0.000,0.183,0.108,0.011,0.165,0.277,0.012,0.000,0.000,0.000,5.000,5.000,0.000,1.000,0.15,0.00
10.29326,0.00,0.00,0.00,0.000,0.000,0.000,0.000,0.000,0.000,0.00,0.00,0.000,0.000,0.186,0.108,0.011,0.165,0.278,0.012,0.000,0.000,0.000,5.000,5.000,0.000,1.000,0.15,0.00
10.30409,0.00,0.00,0.00,0.000,0.000,0.000,0.000,0.000,0.000,0.00,0.00,0.000,0.000,0.186,0.108,0.033,0.165,0.278,0.025,0.000,0.000,0.000,5.000,5.000,0.000,1.000,0.15,0.00
10.31501,0.00,0.00,0.00,0.000,0.000,0.000,0.000,0.000,0.000,0.00,0.00,0.000,0.000,0.189,0.108,0.055,0.187,0.278,0.018,0.000,0.000,0.000,5.000,5.000,0.000,1.000,0.15,0.00
10.32589,0.00,0.00,0.00,0.000,0.000,0.000,0.000,0.000,0.000,0.00,0.00,0.000,0.000,0.187,0.108,0.011,0.179,0.278,0.013,0.000,0.000,0.000,5.000,5.000,0.000,1.000,0.15,0.00
10.33964,0.00,0.00,0.00,0.000,0.000,0.000,0.000,0.000,0.000,0.00,0.00,0.000,0.000,0.186,0.108,-0.055,0.179,0.278,0.001,0.000,0.000,0.000,5.000,5.000,0.000,1.000,0.15,0.00
10.34983,0.00,0.00,0.00,0.000,0.000,0.000,0.000,0.000,0.000,0.00,0.00,0.000,0.000,0.183,0.108,-0.055,0.179,0.278,0.001,0.000,0.000,0.000,5.000,5.000,0.000,1.000,0.15,0.00
10.36001,0.00,0.00,0.00,0.000,0.000,0.000,0.000,0.000,0.000,0.00,0.00,0.000,0.000,0.181,0.108,0.033,0.187,0.278,-0.006,0.000,0.000,0.000,5.000,5.000,0.000,1.000,0.15,0.00
10.37018,0.00,0.00,0.00,0.000,0.000,0.000,0.000,0.000,0.000,0.00,0.00,0.000,0.000,0.181,0.108,0.011,0.179,0.278,-0.005,0.000,0.000,0.000,5.000,5.000,0.000,1.000,0.15,0.00
10.38034,0.00,0.00,0.00,0.000,0.000,0.000,0.000,0.000,0.000,0.00,0.00,0.000,0.000,0.181,0.108,0.011,0.179,0.278,-0.004,0.000,0.000,0.000,5.000,5.000,0.000,1.000,0.15,0.00
10.39051,0.00,0.00,0.00,0.000,0.000,0.000,0.000,0.000,0.000,0.00,0.00,0.000,0.000,0.181,0.108,0.033,0.179,0.278,-0.003,0.000,0.000,0.000,5.000,5.000,0.000,1.000,0.15,0.00
10.40067,0.00,0.00,0.00,0.000,0.000,0.000,0.000,0.000,0.000,0.00,0.00,0.000,0.000,0.182,0.108,-0.033,0.165,0.278,-0.002,0.000,0.000,0.000,5.000,5.000,0.000,1.000,0.15,0.00
10.41093,0.00,0.00,0.00,0.000,0.000,0.000,0.000,0.000,0.000,0.00,0.00,0.000,0.000,0.182,0.108,0.055,0.187,0.278,-0.002,0.000,0.000,0.000,5.000,5.000,0.000,1.000,0.15,0.00
10.42109,0.00,0.00,0.00,0.000,0.000,0.000,0.000,0.000,0.000,0.00,0.00,0.000,0.000,0.183,0.108,0.011,0.201,0.278,0.003,0.000,0.000,0.000,5.000,5.000,0.000,1.000,0.15,0.00
10.43124,0.00,0.00,0.00,0.000,0.000,0.000,0.000,0.000,0.000,0.00,0.00,0.000,0.000,0.183,0.108,-0.033,0.158,0.278,0.002,0.000,0.000,0.000,5.000,5.000,0.000,1.000,0.15,0.00
10.44140,0.00,0.00,0.00,0.000,0.000,0.000,0.000,0.000,0.000,0.00,0.00,0.000,0.000,0.183,0.108,-0.033,0.172,0.278,0.001,0.000,0.000,0.000,5.000,5.000,0.000,1.000,0.15,0.00
10.45155,0.00,0.00,0.00,0.000,0.000,0.000,0.000,0.000,0.000,0.00,0.00,0.000,0.000,0.182,0.108,-0.055,0.187,0.278,0.001,0.000,0.000,0.000,5.000,5.000,0.000,1.000,0.15,0.00
10.46170,0.00,0.00,0.00,0.000,0.000,0.000,0.000,0.000,0.000,0.00,0.00,0.000,0.000,0.182,0.108,-0.099,0.179,0.278,0.000,0.000,0.000,0.000,5.000,5.000,0.000,1.000,0.15,0.00
10.47184,0.00,0.00,0.00,0.000,0.000,0.000,0.000,0.000,0.000,0.00,0.00,0.000,0.000,0.182,0.108,0.011,0.165,0.278,0.000,0.000,0.000,0.000,5.000,5.000,0.000,1.000,0.15,0.00
10.48199,0.00,0.00,0.00,0.000,0.000,0.000,0.000,0.000,0.000,0.00,0.00,0.000,0.000,0.182,0.108,-0.055,0.172,0.278,-0.000,0.000,0.000,0.000,5.000,5.000,0.000,1.000,0.15,0.00
10.49215,0.00,0.00,0.00,0.000,0.000,0.000,0.000,0.000,0.000,0.00,0.00,0.000,0.000,0.182,0.108,-0.011,0.165,0.278,-0.000,0.000,0.000,0.000,5.000,5.000,0.000,1.000,0.15,0.00
10.50230,0.00,0.00,0.00,0.000,0.000,0.000,0.000,0.000,0.000,0.00,0.00,0.000,0.000,0.182,0.108,0.033,0.179,0.278,-0.000,0.000,0.000,0.000,5.000,5.000,0.000,1.000,0.15,0.00
10.51245,0.00,0.00,0.00,0.000,0.000,0.000,0.000,0.000,0.000,0.00,0.00,0.000,0.000,0.182,0.108,0.033,0.165,0.278,-0.000,0.000,0.000,0.000,5.000,5.000,0.000,1.000,0.15,0.00
10.52279,0.00,0.00,0.00,0.000,0.000,0.000,0.000,0.000,0.000,0.00,0.00,0.000,0.000,0.182,0.108,-0.011,0.194,0.278,-0.000,0.000,0.000,0.000,5.000,5.000,0.000,1.000,0.15,0.00
10.53297,0.00,0.00,0.00,0.000,0.000,0.000,0.000,0.000,0.000,0.00,0.00,0.000,0.000,0.182,0.108,0.077,0.187,0.278,-0.000,0.000,0.000,0.000,5.000,5.000,0.000,1.000,0.15,0.00
10.54313,0.00,0.00,0.00,0.000,0.000,0.000,0.000,0.000,0.000,0.00,0.00,0.000,0.000,0.182,0.108,-0.011,0.172,0.278,-0.000,0.000,0.000,0.000,5.000,5.000,0.000,1.000,0.15,0.00
10.55329,0.00,0.00,0.00,0.000,0.000,0.000,0.000,0.000,0.000,0.00,0.00,0.000,0.000,0.182,0.108,-0.033,0.165,0.278,-0.000,0.000,0.000,0.000,5.000,5.000,0.000,1.000,0.15,0.00
10.56345,0.00,0.00,0.00,0.000,0.000,0.000,0.000,0.000,0.000,0.00,0.00,0.000,0.000,0.182,0.108,0.033,0.179,0.278,-0.000,0.000,0.000,0.000,5.000,5.000,0.000,1.000,0.15,0.00
10.57495,0.00,0.00,0.00,0.000,0.000,0.000,0.000,0.000,0.000,0.00,0.00,0.000,0.000,0.184,0.108,0.077,0.179,0.278,0.007,0.000,0.000,0.000,5.000,5.000,0.000,1.000,0.15,0.00
10.58743,0.00,0.00,0.00,0.000,0.000,0.000,0.000,0.000,0.000,0.00,0.00,0.000,0.000,0.186,0.108,-0.077,0.172,0.278,0.013,0.000,0.000,0.000,5.000,5.000,0.000,1.000,0.15,0.00
10.59862,0.00,0.00,0.00,0.000,0.000,0.000,0.000,0.000,0.000,0.00,0.00,0.000,0.000,0.188,0.108,0.055,0.172,0.278,0.021,0.000,0.000,0.000,5.000,5.000,0.000,1.000,0.15,0.00
10.60890,0.00,0.00,0.00,0.000,0.000,0.000,0.000,0.000,0.000,0.00,0.00,0.000,0.000,0.187,0.108,0.055,0.172,0.279,0.018,0.000,0.000,0.000,5.000,5.000,0.000,1.000,0.15,0.00
10.61939,0.00,0.00,0.00,0.000,0.000,0.000,0.000,0.000,0.000,0.00,0.00,0.000,0.000,0.186,0.108,-0.077,0.187,0.279,0.013,0.000,0.000,0.000,5.000,5.000,0.000,1.000,0.15,0.00
10.63097,0.00,0.00,0.00,0.000,0.000,0.000,0.000,0.000,0.000,0.00,0.00,0.000,0.000,0.185,0.108,0.011,0.187,0.279,0.009,0.000,0.000,0.000,5.000,5.000,0.000,1.000,0.15,0.00
10.64255,0.00,0.00,0.00,0.000,0.000,0.000,0.000,0.000,0.000,0.00,0.00,0.000,0.000,0.183,0.108,-0.055,0.179,0.278,0.001,0.000,0.000,0.000,5.000,5.000,0.000,1.000,0.15,0.00
10.65350,0.00,0.00,0.00,0.000,0.000,0.000,0.000,0.000,0.000,0.00,0.00,0.000,0.000,0.181,0.108,0.055,0.179,0.278,-0.004,0.000,0.000,0.000,5.000,5.000,0.000,1.000,0.15,0.00
10.66659,0.00,0.00,0.00,0.000,0.000,0.000,0.000,0.000,0.000,0.00,0.00,0.000,0.000,0.180,0.108,-0.055,0.172,0.278,-0.008,0.000,0.000,0.000,5.000,5.000,0.000,1.000,0.15,0.00
10.68271,0.00,0.00,0.00,0.000,0.000,0.000,0.000,0.000,0.000,0.00,0.00,0.000,0.000,0.179,0.108,-0.055,0.179,0.278,-0.012,0.000,0.000,0.000,5.000,5.000,0.000,1.000,0.15,0.00
10.69739,0.00,0.00,0.00,0.000,0.000,0.000,0.000,0.000,0.000,0.00,0.00,0.000,0.000,0.179,0.108,-0.011,0.187,0.278,-0.015,0.000,0.000,0.000,5.000,5.000,0.000,1.000,0.15,0.00
10.70758,0.00,0.00,0.00,0.000,0.000,0.000,0.000,0.000,0.000,0.00,0.00,0.000,0.000,0.178,0.108,-0.011,0.187,0.278,-0.011,0.000,0.000,0.000,5.000,5.000,0.000,1.000,0.15,0.00
10.71773,0.00,0.00,0.00,0.000,0.000,0.000,0.000,0.000,0.000,0.00,0.00,0.000,0.000,0.179,0.108,-0.187,0.172,0.278,-0.007,0.000,0.000,0.000,5.000,5.000,0.000,1.000,0.15,0.00
10.72798,0.00,0.00,0.00,0.000,0.000,0.000,0.000,0.000,0.000,0.00,0.00,0.000,0.000,0.180,0.108,-0.055,0.179,0.278,-0.001,0.000,0.000,0.000,5.000,5.000,0.000,1.000,0.15,0.00
10.73825,0.00,0.00,0.00,0.000,0.000,0.000,0.000,0.000,0.000,0.00,0.00,0.000,0.000,0.182,0.108,-0.033,0.179,0.278,-0.000,0.000,0.000,0.000,5.000,5.000,0.000,1.000,0.15,0.00
10.74937,0.00,0.00,0.00,0.000,0.000,0.000,0.000,0.000,0.000,0.00,0.00,0.000,0.000,0.182,0.108,-0.011,0.179,0.278,0.017,0.000,0.000,0.000,5.000,5.000,0.000,1.000,0.15,0.00
10.75952,0.00,0.00,0.00,0.000,0.000,0.000,0.000,0.000,0.000,0.00,0.00,0.000,0.000,0.187,0.108,0.033,0.172,0.279,0.019,0.000,0.000,0.000,5.000,5.000,0.000,1.000,0.15,0.00
10.76967,0.00,0.00,0.00,0.000,0.000,0.000,0.000,0.000,0.000,0.00,0.00,0.000,0.000,0.188,0.108,-0.055,0.179,0.278,0.012,0.000,0.000,0.000,5.000,5.000,0.000,1.000,0.15,0.00
10.78029,0.00,0.00,0.00,0.000,0.000,0.000,0.000,0.000,0.000,0.00,0.00,0.000,0.000,0.186,0.108,0.055,0.187,0.278,0.009,0.000,0.000,0.000,5.000,5.000,0.000,1.000,0.15,0.00
10.79446,0.00,0.00,0.00,0.000,0.000,0.000,0.000,0.000,0.000,0.00,0.00,0.000,0.000,0.183,0.108,-0.011,0.158,0.278,0.002,0.000,0.000,0.000,5.000,5.000,0.000,1.000,0.15,0.00
10.80494,0.00,0.00,0.00,0.000,0.000,0.000,0.000,0.000,0.000,0.00,0.00,0.000,0.000,0.183,0.108,-0.033,0.179,0.278,0.001,0.000,0.000,0.000,5.000,5.000,0.000,1.000,0.15,0.00
10.81562,0.00,0.00,0.00,0.000,0.000,0.000,0.000,0.000,0.000,0.00,0.00,0.000,0.000,0.182,0.108,0.077,0.172,0.278,0.001,0.000,0.000,0.000,5.000,5.000,0.000,1.000,0.15,0.00
10.82577,0.00,0.00,0.00,0.000,0.000,0.000,0.000,0.000,0.000,0.00,0.00,0.000,0.000,0.182,0.108,-0.033,0.179,0.278,0.000,0.000,0.000,0.000,5.000,5.000,0.000,1.000,0.15,0.00
10.83762,0.00,0.00,0.00,0.000,0.000,0.000,0.000,0.000,0.000,0.00,0.00,0.000,0.000,0.182,0.108,-0.011,0.165,0.278,0.000,0.000,0.000,0.000,5.000,5.000,0.000,1.000,0.15,0.00
10.84800,0.00,0.00,0.00,0.000,0.000,0.000,0.000,0.000,0.000,0.00,0.00,0.000,0.000,0.182,0.108,0.033,0.165,0.278,0.000,0.000,0.000,0.000,5.000,5.000,0.000,1.000,0.15,0.00
10.85824,0.00,0.00,0.00,0.000,0.000,0.000,0.000,0.000,0.000,0.00,0.00,0.000,0.000,0.182,0.108,0.033,0.172,0.278,-0.000,0.000,0.000,0.000,5.000,5.000,0.000,1.000,0.15,0.00
10.86898,0.00,0.00,0.00,0.000,0.000,0.000,0.000,0.000,0.000,0.00,0.00,0.000,0.000,0.185,0.108,-0.033,0.172,0.279,0.010,0.000,0.000,0.000,5.000,5.000,0.000,1.000,0.15,0.00
10.89231,0.00,0.00,0.00,0.000,0.000,0.000,0.000,0.000,0.000,0.00,0.00,0.000,0.000,0.188,0.108,0.011,0.187,0.279,0.013,0.000,0.000,0.000,5.000,5.000,0.000,1.000,0.15,0.00
10.90449,0.00,0.00,0.00,0.000,0.000,0.000,0.000,0.000,0.000,0.00,0.00,0.000,0.000,0.186,0.108,-0.011,0.179,0.278,-0.010,0.000,0.000,0.000,5.000,5.000,0.000,1.000,0.15,0.00
10.91465,0.00,0.00,0.00,0.000,0.000,0.000,0.000,0.000,0.000,0.00,0.00,0.000,0.000,0.180,0.108,-0.099,0.172,0.278,-0.018,0.000,0.000,0.000,5.000,5.000,0.000,1.000,0.15,0.00
10.92583,0.00,0.00,0.00,0.000,0.000,0.000,0.000,0.000,0.000,0.00,0.00,0.000,0.000,0.177,0.108,0.033,0.172,0.278,-0.013,0.000,0.000,0.000,5.000,5.000,0.000,1.000,0.15,0.00
10.93669,0.00,0.00,0.00,0.000,0.000,0.000,0.000,0.000,0.000,0.00,0.00,0.000,0.000,0.179,0.108,0.011,0.172,0.278,-0.010,0.000,0.000,0.000,5.000,5.000,0.000,1.000,0.15,0.00
10.94810,0.00,0.00,0.00,0.000,0.000,0.000,0.000,0.000,0.000,0.00,0.00,0.000,0.000,0.180,0.108,-0.011,0.172,0.278,-0.007,0.000,0.000,0.000,5.000,5.000,0.000,1.000,0.15,0.00
10.95829,0.00,0.00,0.00,0.000,0.000,0.000,0.000,0.000,0.000,0.00,0.00,0.000,0.000,0.180,0.108,-0.011,0.172,0.278,-0.003,0.000,0.000,0.000,5.000,5.000,0.000,1.000,0.15,0.00
10.97208,0.00,0.00,0.00,0.000,0.000,0.000,0.000,0.000,0.000,0.00,0.00,0.000,0.000,0.181,0.108,0.011,0.187,0.278,0.002,0.000,0.000,0.000,5.000,5.000,0.000,1.000,0.15,0.00
10.98235,0.00,0.00,0.00,0.000,0.000,0.000,0.000,0.000,0.000,0.00,0.00,0.000,0.000,0.183,0.108,0.011,0.187,0.278,-0.005,0.000,0.000,0.000,5.000,5.000,0.000,1.000,0.15,0.00
10.99479,0.00,0.00,0.00,0.000,0.000,0.000,0.000,0.000,0.000,0.00,0.00,0.000,0.000,0.181,0.108,-0.011,0.179,0.278,-0.004,0.000,0.000,0.000,5.000,5.000,0.000,1.000,0.15,0.00
11.01048,0.00,0.00,0.00,0.000,0.000,0.000,0.000,0.000,0.000,0.00,0.00,0.000,0.000,0.184,0.108,-0.011,0.179,0.278,0.007,0.000,0.000,0.000,5.000,5.000,0.000,1.000,0.15,0.00
11.02080,0.00,0.00,0.00,0.000,0.000,0.000,0.000,0.000,0.000,0.00,0.00,0.000,0.000,0.184,0.108,0.033,0.187,0.278,0.005,0.000,0.000,0.000,5.000,5.000,0.000,1.000,0.15,0.00
11.03391,0.00,0.00,0.00,0.000,0.000,0.000,0.000,0.000,0.000,0.00,0.00,0.000,0.000,0.183,0.108,0.033,0.187,0.278,0.004,0.000,0.000,0.000,5.000,5.000,0.000,1.000,0.15,0.00
11.05191,0.00,0.00,0.00,0.000,0.000,0.000,0.000,0.000,0.000,0.00,0.00,0.000,0.000,0.183,0.108,0.033,0.187,0.278,0.003,0.000,0.000,0.000,5.000,5.000,0.000,1.000,0.15,0.00
11.06248,0.00,0.00,0.00,0.000,0.000,0.000,0.000,0.000,0.000,0.00,0.00,0.000,0.000,0.183,0.108,0.055,0.179,0.278,0.002,0.000,0.000,0.000,5.000,5.000,0.000,1.000,0.15,0.00
11.07264,0.00,0.00,0.00,0.000,0.000,0.000,0.000,0.000,0.000,0.00,0.00,0.000,0.000,0.189,0.108,0.011,0.179,0.279,0.023,0.000,0.000,0.000,5.000,5.000,0.000,1.000,0.15,0.00
11.08720,0.00,0.00,0.00,0.000,0.000,0.000,0.000,0.000,0.000,0.00,0.00,0.000,0.000,0.187,0.108,0.011,0.172,0.279,0.026,0.000,0.000,0.000,5.000,5.000,0.000,1.000,0.15,0.00
11.09757,0.00,0.00,0.00,0.000,0.000,0.000,0.000,0.000,0.000,0.00,0.00,0.000,0.000,0.190,0.108,0.099,0.187,0.279,0.018,0.000,0.000,0.000,5.000,5.000,0.000,1.000,0.15,0.00
11.10999,0.00,0.00,0.00,0.000,0.000,0.000,0.000,0.000,0.000,0.00,0.00,0.000,0.000,0.187,0.108,0.099,0.187,0.280,0.024,0.000,0.000,0.000,5.000,5.000,0.000,1.000,0.15,0.00
11.12369,0.00,0.00,0.00,0.000,0.000,0.000,0.000,0.000,0.000,0.00,0.00,0.000,0.000,0.189,0.108,-0.033,0.187,0.280,0.017,0.000,0.000,0.000,5.000,5.000,0.000,1.000,0.15,0.00
11.14229,0.00,0.00,0.00,0.000,0.000,0.000,0.000,0.000,0.000,0.00,0.00,0.000,0.000,0.186,0.108,-0.077,0.179,0.280,0.012,0.000,0.000,0.000,5.000,5.000,0.000,1.000,0.15,0.00
11.15243,0.00,0.00,0.00,0.000,0.000,0.000,0.000,0.000,0.000,0.00,0.00,0.000,0.000,0.186,0.108,0.033,0.187,0.280,0.012,0.000,0.000,0.000,5.000,5.000,0.000,1.000,0.15,0.00
11.16265,0.00,0.00,0.00,0.000,0.000,0.000,0.000,0.000,0.000,0.00,0.00,0.000,0.000,0.186,0.108,0.033,0.187,0.280,0.013,0.000,0.000,0.000,5.000,5.000,0.000,1.000,0.15,0.00
11.17369,0.00,0.00,0.00,0.000,0.000,0.000,0.000,0.000,0.000,0.00,0.00,0.000,0.000,0.187,0.108,-0.055,0.187,0.280,0.015,0.000,0.000,0.000,5.000,5.000,0.000,1.000,0.15,0.00
11.18419,0.00,0.00,0.00,0.000,0.000,0.000,0.000,0.000,0.000,0.00,0.00,0.000,0.000,0.185,0.108,-0.055,0.187,0.280,0.010,0.000,0.000,0.000,5.000,5.000,0.000,1.000,0.15,0.00
11.19453,0.00,0.00,0.00,0.000,0.000,0.000,0.000,0.000,0.000,0.00,0.00,0.000,0.000,0.187,0.108,-0.055,0.172,0.280,0.016,0.000,0.000,0.000,5.000,5.000,0.000,1.000,0.15,0.00
11.20545,0.00,0.00,0.00,0.000,0.000,0.000,0.000,0.000,0.000,0.00,0.00,0.000,0.000,0.185,0.108,0.011,0.187,0.280,0.011,0.000,0.000,0.000,5.000,5.000,0.000,1.000,0.15,0.00
11.21608,0.00,0.00,0.00,0.000,0.000,0.000,0.000,0.000,0.000,0.00,0.00,0.000,0.000,0.184,0.108,0.033,0.187,0.280,0.007,0.000,0.000,0.000,5.000,5.000,0.000,1.000,0.15,0.00
11.22668,0.00,0.00,0.00,0.000,0.000,0.000,0.000,0.000,0.000,0.00,0.00,0.000,0.000,0.185,0.108,-0.055,0.172,0.281,0.010,0.000,0.000,0.000,5.000,5.000,0.000,1.000,0.15,0.00
11.23881,0.00,0.00,0.00,0.000,0.000,0.000,0.000,0.000,0.000,0.00,0.00,0.000,0.000,0.184,0.108,-0.055,0.172,0.281,0.007,0.000,0.000,0.000,5.000,5.000,0.000,1.000,0.15,0.00
11.24897,0.00,0.00,0.00,0.000,0.000,0.000,0.000,0.000,0.000,0.00,0.00,0.000,0.000,0.183,0.108,-0.011,0.172,0.281,0.002,0.000,0.000,0.000,5.000,5.000,0.000,1.000,0.15,0.00
11.26085,0.00,0.00,0.00,0.000,0.000,0.000,0.000,0.000,0.000,0.00,0.00,0.000,0.000,0.182,0.108,-0.033,0.172,0.281,-0.001,0.000,0.000,0.000,5.000,5.000,0.000,1.000,0.15,0.00
11.27117,0.00,0.00,0.00,0.000,0.000,0.000,0.000,0.000,0.000,0.00,0.00,0.000,0.000,0.185,0.108,-0.055,0.172,0.281,0.009,0.000,0.000,0.000,5.000,5.000,0.000,1.000,0.15,0.00
11.28221,0.00,0.00,0.00,0.000,0.000,0.000,0.000,0.000,0.000,0.00,0.00,0.000,0.000,0.184,0.108,-0.055,0.179,0.281,0.006,0.000,0.000,0.000,5.000,5.000,0.000,1.000,0.15,0.00
11.29235,0.00,0.00,0.00,0.000,0.000,0.000,0.000,0.000,0.000,0.00,0.00,0.000,0.000,0.185,0.108,-0.055,0.179,0.281,0.010,0.000,0.000,0.000,5.000,5.000,0.000,1.000,0.15,0.00
11.30257,0.00,0.00,0.00,0.000,0.000,0.000,0.000,0.000,0.000,0.00,0.00,0.000,0.000,0.184,0.108,-0.033,0.187,0.281,0.006,0.000,0.000,0.000,5.000,5.000,0.000,1.000,0.15,0.00
11.31302,0.00,0.00,0.00,0.000,0.000,0.000,0.000,0.000,0.000,0.00,0.00,0.000,0.000,0.185,0.108,-0.011,0.194,0.281,0.009,0.000,0.000,0.000,5.000,5.000,0.000,1.000,0.15,0.00
11.32373,0.00,0.00,0.00,0.000,0.000,0.000,0.000,0.000,0.000,0.00,0.00,0.000,0.000,0.184,0.108,0.011,0.179,0.281,0.006,0.000,0.000,0.000,5.000,5.000,0.000,1.000,0.15,0.00
11.33456,0.00,0.00,0.00,0.000,0.000,0.000,0.000,0.000,0.000,0.00,0.00,0.000,0.000,0.187,0.108,-0.011,0.158,0.282,0.017,0.000,0.000,0.000,5.000,5.000,0.000,1.000,0.15,0.00
11.34474,0.00,0.00,0.00,0.000,0.000,0.000,0.000,0.000,0.000,0.00,0.00,0.000,0.000,0.187,0.108,0.011,0.165,0.282,0.012,0.000,0.000,0.000,5.000,5.000,0.000,1.000,0.15,0.00
11.35489,0.00,0.00,0.00,0.000,0.000,0.000,0.000,0.000,0.000,0.00,0.00,0.000,0.000,0.186,0.108,0.011,0.165,0.282,0.037,0.000,0.000,0.000,5.000,5.000,0.000,1.000,0.15,0.00
11.36535,0.00,0.00,0.00,0.000,0.000,0.000,0.000,0.000,0.000,0.00,0.00,0.000,0.000,0.193,0.108,0.011,0.187,0.282,0.026,0.000,0.000,0.000,5.000,5.000,0.000,1.000,0.15,0.00
11.37697,0.00,0.00,0.00,0.000,0.000,0.000,0.000,0.000,0.000,0.00,0.00,0.000,0.000,0.190,0.108,0.011,0.187,0.283,0.038,0.000,0.000,0.000,5.000,5.000,0.000,1.000,0.15,0.00
11.38715,0.00,0.00,0.00,0.000,0.000,0.000,0.000,0.000,0.000,0.00,0.00,0.000,0.000,0.193,0.108,-0.033,0.172,0.283,0.037,0.000,0.000,0.000,5.000,5.000,0.000,1.000,0.15,0.00
11.39754,0.00,0.00,0.00,0.000,0.000,0.000,0.000,0.000,0.000,0.00,0.00,0.000,0.000,0.193,0.108,0.011,0.187,0.283,0.026,0.000,0.000,0.000,5.000,5.000,0.000,1.000,0.15,0.00
11.40770,0.00,0.00,0.00,0.000,0.000,0.000,0.000,0.000,0.000,0.00,0.00,0.000,0.000,0.190,0.108,-0.011,0.187,0.284,0.031,0.000,0.000,0.000,5.000,5.000,0.000,1.000,0.15,0.00
11.41937,0.00,0.00,0.00,0.000,0.000,0.000,0.000,0.000,0.000,0.00,0.00,0.000,0.000,0.191,0.108,0.033,0.187,0.284,0.021,0.000,0.000,0.000,5.000,5.000,0.000,1.000,0.15,0.00
11.42966,0.00,0.00,0.00,0.000,0.000,0.000,0.000,0.000,0.000,0.00,0.00,0.000,0.000,0.188,0.108,0.033,0.179,0.284,0.026,0.000,0.000,0.000,5.000,5.000,0.000,1.000,0.15,0.00
11.44016,0.00,0.00,0.00,0.000,0.000,0.000,0.000,0.000,0.000,0.00,0.00,0.000,0.000,0.190,0.108,0.055,0.179,0.284,0.018,0.000,0.000,0.000,5.000,5.000,0.000,1.000,0.15,0.00
11.45038,0.00,0.00,0.00,0.000,0.000,0.000,0.000,0.000,0.000,0.00,0.00,0.000,0.000,0.187,0.108,0.055,0.179,0.284,0.014,0.000,0.000,0.000,5.000,5.000,0.000,1.000,0.15,0.00
11.46224,0.00,0.00,0.00,0.000,0.000,0.000,0.000,0.000,0.000,0.00,0.00,0.000,0.000,0.186,0.108,-0.099,0.172,0.284,0.009,0.000,0.000,0.000,5.000,5.000,0.000,1.000,0.15,0.00
11.47357,0.00,0.00,0.00,0.000,0.000,0.000,0.000,0.000,0.000,0.00,0.00,0.000,0.000,0.185,0.108,0.033,0.194,0.284,0.004,0.000,0.000,0.000,5.000,5.000,0.000,1.000,0.15,0.00
11.48406,0.00,0.00,0.00,0.000,0.000,0.000,0.000,0.000,0.000,0.00,0.00,0.000,0.000,0.183,0.108,0.033,0.194,0.284,0.001,0.000,0.000,0.000,5.000,5.000,0.000,1.000,0.15,0.00
11.49484,0.00,0.00,0.00,0.000,0.000,0.000,0.000,0.000,0.000,0.00,0.00,0.000,0.000,0.183,0.108,0.033,0.194,0.284,-0.000,0.000,0.000,0.000,5.000,5.000,0.000,1.000,0.15,0.00
11.51061,0.00,0.00,0.00,0.000,0.000,0.000,0.000,0.000,0.000,0.00,0.00,0.000,0.000,0.182,0.108,-0.011,0.179,0.284,-0.001,0.000,0.000,0.000,5.000,5.000,0.000,1.000,0.15,0.00
11.52139,0.00,0.00,0.00,0.000,0.000,0.000,0.000,0.000,0.000,0.00,0.00,0.000,0.000,0.182,0.108,-0.055,0.179,0.284,-0.002,0.000,0.000,0.000,5.000,5.000,0.000,1.000,0.15,0.00
11.53195,0.00,0.00,0.00,0.000,0.000,0.000,0.000,0.000,0.000,0.00,0.00,0.000,0.000,0.181,0.108,-0.033,0.165,0.284,-0.006,0.000,0.000,0.000,5.000,5.000,0.000,1.000,0.15,0.00
11.54239,0.00,0.00,0.00,0.000,0.000,0.000,0.000,0.000,0.000,0.00,0.00,0.000,0.000,0.181,0.108,-0.055,0.179,0.284,-0.005,0.000,0.000,0.000,5.000,5.000,0.000,1.000,0.15,0.00
11.55339,0.00,0.00,0.00,0.000,0.000,0.000,0.000,0.000,0.000,0.00,0.00,0.000,0.000,0.181,0.108,0.011,0.179,0.284,-0.005,0.000,0.000,0.000,5.000,5.000,0.000,1.000,0.15,0.00
11.56484,0.00,0.00,0.00,0.000,0.000,0.000,0.000,0.000,0.000,0.00,0.00,0.000,0.000,0.180,0.108,0.011,0.172,0.284,-0.007,0.000,0.000,0.000,5.000,5.000,0.000,1.000,0.15,0.00
11.57500,0.00,0.00,0.00,0.000,0.000,0.000,0.000,0.000,0.000,0.00,0.00,0.000,0.000,0.179,0.108,-0.033,0.172,0.284,-0.012,0.000,0.000,0.000,5.000,5.000,0.000,1.000,0.15,0.00
11.58529,0.00,0.00,0.00,0.000,0.000,0.000,0.000,0.000,0.000,0.00,0.00,0.000,0.000,0.180,0.108,0.011,0.172,0.284,-0.009,0.000,0.000,0.000,5.000,5.000,0.000,1.000,0.15,0.00
11.59544,0.00,0.00,0.00,0.000,0.000,0.000,0.000,0.000,0.000,0.00,0.00,0.000,0.000,0.177,0.108,0.011,0.165,0.283,-0.018,0.000,0.000,0.000,5.000,5.000,0.000,1.000,0.15,0.00
11.60566,0.00,0.00,0.00,0.000,0.000,0.000,0.000,0.000,0.000,0.00,0.00,0.000,0.000,0.179,0.108,-0.099,0.165,0.283,-0.013,0.000,0.000,0.000,5.000,5.000,0.000,1.000,0.15,0.00
11.61584,0.00,0.00,0.00,0.000,0.000,0.000,0.000,0.000,0.000,0.00,0.00,0.000,0.000,0.178,0.108,-0.077,0.165,0.283,-0.015,0.000,0.000,0.000,5.000,5.000,0.000,1.000,0.15,0.00
11.62657,0.00,0.00,0.00,0.000,0.000,0.000,0.000,0.000,0.000,0.00,0.00,0.000,0.000,0.178,0.108,-0.033,0.165,0.283,-0.015,0.000,0.000,0.000,5.000,5.000,0.000,1.000,0.15,0.00
11.63710,0.00,0.00,0.00,0.000,0.000,0.000,0.000,0.000,0.000,0.00,0.00,0.000,0.000,0.179,0.108,-0.033,0.165,0.283,-0.007,0.000,0.000,0.000,5.000,5.000,0.000,1.000,0.15,0.00
11.64933,0.00,0.00,0.00,0.000,0.000,0.000,0.000,0.000,0.000,0.00,0.00,0.000,0.000,0.180,0.108,-0.055,0.165,0.283,-0.007,0.000,0.000,0.000,5.000,5.000,0.000,1.000,0.15,0.00
11.66048,0.00,0.00,0.00,0.000,0.000,0.000,0.000,0.000,0.000,0.00,0.00,0.000,0.000,0.180,0.108,-0.055,0.165,0.283,-0.005,0.000,0.000,0.000,5.000,5.000,0.000,1.000,0.15,0.00
11.67214,0.00,0.00,0.00,0.000,0.000,0.000,0.000,0.000,0.000,0.00,0.00,0.000,0.000,0.181,0.108,-0.055,0.172,0.283,-0.009,0.000,0.000,0.000,5.000,5.000,0.000,1.000,0.15,0.00
11.68231,0.00,0.00,0.00,0.000,0.000,0.000,0.000,0.000,0.000,0.00,0.00,0.000,0.000,0.180,0.108,-0.011,0.179,0.283,-0.006,0.000,0.000,0.000,5.000,5.000,0.000,1.000,0.15,0.00
11.69248,0.00,0.00,0.00,0.000,0.000,0.000,0.000,0.000,0.000,0.00,0.00,0.000,0.000,0.181,0.108,0.011,0.179,0.283,-0.012,0.000,0.000,0.000,5.000,5.000,0.000,1.000,0.15,0.00
11.70313,0.00,0.00,0.00,0.000,0.000,0.000,0.000,0.000,0.000,0.00,0.00,0.000,0.000,0.179,0.108,0.055,0.187,0.283,-0.009,0.000,0.000,0.000,5.000,5.000,0.000,1.000,0.15,0.00
11.71331,0.00,0.00,0.00,0.000,0.000,0.000,0.000,0.000,0.000,0.00,0.00,0.000,0.000,0.180,0.108,-0.033,0.165,0.283,-0.013,0.000,0.000,0.000,5.000,5.000,0.000,1.000,0.15,0.00
11.72573,0.00,0.00,0.00,0.000,0.000,0.000,0.000,0.000,0.000,0.00,0.00,0.000,0.000,0.179,0.108,-0.077,0.179,0.283,-0.009,0.000,0.000,0.000,5.000,5.000,0.000,1.000,0.15,0.00
11.73590,0.00,0.00,0.00,0.000,0.000,0.000,0.000,0.000,0.000,0.00,0.00,0.000,0.000,0.180,0.108,0.121,0.165,0.282,-0.015,0.000,0.000,0.000,5.000,5.000,0.000,1.000,0.15,0.00
11.74606,0.00,0.00,0.00,0.000,0.000,0.000,0.000,0.000,0.000,0.00,0.00,0.000,0.000,0.178,0.108,0.011,0.172,0.282,-0.010,0.000,0.000,0.000,5.000,5.000,0.000,1.000,0.15,0.00
11.75838,0.00,0.00,0.00,0.000,0.000,0.000,0.000,0.000,0.000,0.00,0.00,0.000,0.000,0.179,0.108,0.099,0.165,0.282,-0.007,0.000,0.000,0.000,5.000,5.000,0.000,1.000,0.15,0.00
11.77380,0.00,0.00,0.00,0.000,0.000,0.000,0.000,0.000,0.000,0.00,0.00,0.000,0.000,0.180,0.108,-0.099,0.172,0.282,-0.011,0.000,0.000,0.000,5.000,5.000,0.000,1.000,0.15,0.00
11.78429,0.00,0.00,0.00,0.000,0.000,0.000,0.000,0.000,0.000,0.00,0.00,0.000,0.000,0.179,0.108,-0.033,0.179,0.282,-0.006,0.000,0.000,0.000,5.000,5.000,0.000,1.000,0.15,0.00
11.79581,0.00,0.00,0.00,0.000,0.000,0.000,0.000,0.000,0.000,0.00,0.00,0.000,0.000,0.181,0.108,-0.099,0.172,0.282,-0.004,0.000,0.000,0.000,5.000,5.000,0.000,1.000,0.15,0.00
11.80655,0.00,0.00,0.00,0.000,0.000,0.000,0.000,0.000,0.000,0.00,0.00,0.000,0.000,0.181,0.108,0.033,0.172,0.282,-0.004,0.000,0.000,0.000,5.000,5.000,0.000,1.000,0.15,0.00
11.81669,0.00,0.00,0.00,0.000,0.000,0.000,0.000,0.000,0.000,0.00,0.00,0.000,0.000,0.181,0.108,0.011,0.187,0.282,-0.003,0.000,0.000,0.000,5.000,5.000,0.000,1.000,0.15,0.00
11.82776,0.00,0.00,0.00,0.000,0.000,0.000,0.000,0.000,0.000,0.00,0.00,0.000,0.000,0.182,0.108,0.011,0.179,0.282,-0.002,0.000,0.000,0.000,5.000,5.000,0.000,1.000,0.15,0.00
11.83838,0.00,0.00,0.00,0.000,0.000,0.000,0.000,0.000,0.000,0.00,0.00,0.000,0.000,0.182,0.108,-0.055,0.187,0.282,-0.001,0.000,0.000,0.000,5.000,5.000,0.000,1.000,0.15,0.00
11.84939,0.00,0.00,0.00,0.000,0.000,0.000,0.000,0.000,0.000,0.00,0.00,0.000,0.000,0.182,0.108,0.011,0.187,0.282,-0.006,0.000,0.000,0.000,5.000,5.000,0.000,1.000,0.15,0.00
11.86004,0.00,0.00,0.00,0.000,0.000,0.000,0.000,0.000,0.000,0.00,0.00,0.000,0.000,0.181,0.108,-0.033,0.172,0.282,-0.004,0.000,0.000,0.000,5.000,5.000,0.000,1.000,0.15,0.00
11.87022,0.00,0.00,0.00,0.000,0.000,0.000,0.000,0.000,0.000,0.00,0.00,0.000,0.000,0.181,0.108,0.011,0.179,0.282,-0.002,0.000,0.000,0.000,5.000,5.000,0.000,1.000,0.15,0.00
11.88102,0.00,0.00,0.00,0.000,0.000,0.000,0.000,0.000,0.000,0.00,0.00,0.000,0.000,0.182,0.108,0.011,0.179,0.282,-0.012,0.000,0.000,0.000,5.000,5.000,0.000,1.000,0.15,0.00
11.89149,0.00,0.00,0.00,0.000,0.000,0.000,0.000,0.000,0.000,0.00,0.00,0.000,0.000,0.179,0.108,0.077,0.179,0.281,-0.018,0.000,0.000,0.000,5.000,5.000,0.000,1.000,0.15,0.00
11.90170,0.00,0.00,0.00,0.000,0.000,0.000,0.000,0.000,0.000,0.00,0.00,0.000,0.000,0.177,0.108,-0.055,0.165,0.281,-0.012,0.000,0.000,0.000,5.000,5.000,0.000,1.000,0.15,0.00
11.91280,0.00,0.00,0.00,0.000,0.000,0.000,0.000,0.000,0.000,0.00,0.00,0.000,0.000,0.179,0.108,-0.011,0.165,0.281,-0.023,0.000,0.000,0.000,5.000,5.000,0.000,1.000,0.15,0.00
11.92355,0.00,0.00,0.00,0.000,0.000,0.000,0.000,0.000,0.000,0.00,0.00,0.000,0.000,0.176,0.108,-0.033,0.165,0.281,-0.016,0.000,0.000,0.000,5.000,5.000,0.000,1.000,0.15,0.00
11.93428,0.00,0.00,0.00,0.000,0.000,0.000,0.000,0.000,0.000,0.00,0.00,0.000,0.000,0.178,0.108,-0.033,0.165,0.281,-0.024,0.000,0.000,0.000,5.000,5.000,0.000,1.000,0.15,0.00
11.94445,0.00,0.00,0.00,0.000,0.000,0.000,0.000,0.000,0.000,0.00,0.00,0.000,0.000,0.176,0.108,0.055,0.165,0.281,-0.017,0.000,0.000,0.000,5.000,5.000,0.000,1.000,0.15,0.00
11.95607,0.00,0.00,0.00,0.000,0.000,0.000,0.000,0.000,0.000,0.00,0.00,0.000,0.000,0.178,0.108,0.033,0.158,0.280,-0.017,0.000,0.000,0.000,5.000,5.000,0.000,1.000,0.15,0.00
11.96907,0.00,0.00,0.00,0.000,0.000,0.000,0.000,0.000,0.000,0.00,0.00,0.000,0.000,0.178,0.108,0.033,0.165,0.280,-0.012,0.000,0.000,0.000,5.000,5.000,0.000,1.000,0.15,0.00
11.97992,0.00,0.00,0.00,0.000,0.000,0.000,0.000,0.000,0.000,0.00,0.00,0.000,0.000,0.179,0.108,0.033,0.165,0.280,-0.009,0.000,0.000,0.000,5.000,5.000,0.000,1.000,0.15,0.00
11.99312,0.00,0.00,0.00,0.000,0.000,0.000,0.000,0.000,0.000,0.00,0.00,0.000,0.000,0.180,0.108,0.055,0.165,0.280,-0.002,0.000,0.000,0.000,5.000,5.000,0.000,1.000,0.15,0.00
12.00353,0.00,0.00,0.00,0.000,0.000,0.000,0.000,0.000,0.000,0.00,0.00,0.000,0.000,0.182,0.108,-0.055,0.172,0.280,-0.001,0.000,0.000,0.000,5.000,5.000,0.000,1.000,0.15,0.00
12.01367,0.00,0.00,0.00,0.000,0.000,0.000,0.000,0.000,0.000,0.00,0.00,0.000,0.000,0.182,0.108,0.011,0.179,0.280,-0.003,0.000,0.000,0.000,5.000,5.000,0.000,1.000,0.15,0.00
12.02407,0.00,0.00,0.00,0.000,0.000,0.000,0.000,0.000,0.000,0.00,0.00,0.000,0.000,0.181,0.108,0.011,0.179,0.280,-0.002,0.000,0.000,0.000,5.000,5.000,0.000,1.000,0.15,0.00
12.03528,0.00,0.00,0.00,0.000,0.000,0.000,0.000,0.000,0.000,0.00,0.00,0.000,0.000,0.182,0.108,0.011,0.165,0.280,-0.013,0.000,0.000,0.000,5.000,5.000,0.000,1.000,0.15,0.00
12.04547,0.00,0.00,0.00,0.000,0.000,0.000,0.000,0.000,0.000,0.00,0.00,0.000,0.000,0.179,0.108,-0.055,0.158,0.280,-0.009,0.000,0.000,0.000,5.000,5.000,0.000,1.000,0.15,0.00
12.05562,0.00,0.00,0.00,0.000,0.000,0.000,0.000,0.000,0.000,0.00,0.00,0.000,0.000,0.180,0.108,-0.121,0.179,0.280,-0.006,0.000,0.000,0.000,5.000,5.000,0.000,1.000,0.15,0.00
12.06840,0.00,0.00,0.00,0.000,0.000,0.000,0.000,0.000,0.000,0.00,0.00,0.000,0.000,0.181,0.108,0.033,0.187,0.279,-0.023,0.000,0.000,0.000,5.000,5.000,0.000,1.000,0.15,0.00
12.08242,0.00,0.00,0.00,0.000,0.000,0.000,0.000,0.000,0.000,0.00,0.00,0.000,0.000,0.173,0.108,0.011,0.179,0.279,-0.035,0.000,0.000,0.000,5.000,5.000,0.000,1.000,0.15,0.00
12.09328,0.00,0.00,0.00,0.000,0.000,0.000,0.000,0.000,0.000,0.00,0.00,0.000,0.000,0.174,0.108,-0.055,0.165,0.279,-0.032,0.000,0.000,0.000,5.000,5.000,0.000,1.000,0.15,0.00
12.10352,0.00,0.00,0.00,0.000,0.000,0.000,0.000,0.000,0.000,0.00,0.00,0.000,0.000,0.176,0.108,-0.011,0.172,0.279,-0.022,0.000,0.000,0.000,5.000,5.000,0.000,1.000,0.15,0.00
12.11434,0.00,0.00,0.00,0.000,0.000,0.000,0.000,0.000,0.000,0.00,0.00,0.000,0.000,0.176,0.108,0.033,0.158,0.278,-0.024,0.000,0.000,0.000,5.000,5.000,0.000,1.000,0.15,0.00
12.12514,0.00,0.00,0.00,0.000,0.000,0.000,0.000,0.000,0.000,0.00,0.00,0.000,0.000,0.178,0.108,-0.077,0.172,0.278,-0.016,0.000,0.000,0.000,5.000,5.000,0.000,1.000,0.15,0.00
12.13536,0.00,0.00,0.00,0.000,0.000,0.000,0.000,0.000,0.000,0.00,0.00,0.000,0.000,0.180,0.108,-0.011,0.165,0.279,-0.008,0.000,0.000,0.000,5.000,5.000,0.000,1.000,0.15,0.00
12.14675,0.00,0.00,0.00,0.000,0.000,0.000,0.000,0.000,0.000,0.00,0.00,0.000,0.000,0.183,0.108,0.011,0.165,0.279,0.003,0.000,0.000,0.000,5.000,5.000,0.000,1.000,0.15,0.00
12.15782,0.00,0.00,0.00,0.000,0.000,0.000,0.000,0.000,0.000,0.00,0.00,0.000,0.000,0.183,0.108,0.055,0.172,0.279,0.003,0.000,0.000,0.000,5.000,5.000,0.000,1.000,0.15,0.00
12.17137,0.00,0.00,0.00,0.000,0.000,0.000,0.000,0.000,0.000,0.00,0.00,0.000,0.000,0.183,0.108,0.055,0.172,0.279,0.007,0.000,0.000,0.000,5.000,5.000,0.000,1.000,0.15,0.00
12.18157,0.00,0.00,0.00,0.000,0.000,0.000,0.000,0.000,0.000,0.00,0.00,0.000,0.000,0.184,0.108,0.011,0.179,0.279,0.006,0.000,0.000,0.000,5.000,5.000,0.000,1.000,0.15,0.00
12.19241,0.00,0.00,0.00,0.000,0.000,0.000,0.000,0.000,0.000,0.00,0.00,0.000,0.000,0.184,0.108,0.011,0.179,0.279,-0.003,0.000,0.000,0.000,5.000,5.000,0.000,1.000,0.15,0.00
12.20510,0.00,0.00,0.00,0.000,0.000,0.000,0.000,0.000,0.000,0.00,0.00,0.000,0.000,0.181,0.108,0.011,0.187,0.279,-0.002,0.000,0.000,0.000,5.000,5.000,0.000,1.000,0.15,0.00
12.21584,0.00,0.00,0.00,0.000,0.000,0.000,0.000,0.000,0.000,0.00,0.00,0.000,0.000,0.182,0.108,0.033,0.179,0.278,-0.013,0.000,0.000,0.000,5.000,5.000,0.000,1.000,0.15,0.00
12.23059,0.00,0.00,0.00,0.000,0.000,0.000,0.000,0.000,0.000,0.00,0.00,0.000,0.000,0.180,0.108,0.011,0.179,0.278,-0.009,0.000,0.000,0.000,5.000,5.000,0.000,1.000,0.15,0.00
12.24301,0.00,0.00,0.00,0.000,0.000,0.000,0.000,0.000,0.000,0.00,0.00,0.000,0.000,0.179,0.108,0.011,0.165,0.278,-0.010,0.000,0.000,0.000,5.000,5.000,0.000,1.000,0.15,0.00
12.25421,0.00,0.00,0.00,0.000,0.000,0.000,0.000,0.000,0.000,0.00,0.00,0.000,0.000,0.182,0.108,-0.011,0.187,0.278,-0.001,0.000,0.000,0.000,5.000,5.000,0.000,1.000,0.15,0.00
12.26485,0.00,0.00,0.00,0.000,0.000,0.000,0.000,0.000,0.000,0.00,0.00,0.000,0.000,0.182,0.108,-0.011,0.150,0.278,-0.000,0.000,0.000,0.000,5.000,5.000,0.000,1.000,0.15,0.00
12.27501,0.00,0.00,0.00,0.000,0.000,0.000,0.000,0.000,0.000,0.00,0.00,0.000,0.000,0.183,0.108,0.011,0.187,0.278,0.004,0.000,0.000,0.000,5.000,5.000,0.000,1.000,0.15,0.00
12.28597,0.00,0.00,0.00,0.000,0.000,0.000,0.000,0.000,0.000,0.00,0.00,0.000,0.000,0.183,0.108,0.011,0.172,0.278,0.003,0.000,0.000,0.000,5.000,5.000,0.000,1.000,0.15,0.00
12.29623,0.00,0.00,0.00,0.000,0.000,0.000,0.000,0.000,0.000,0.00,0.00,0.000,0.000,0.185,0.108,0.033,0.172,0.279,0.011,0.000,0.000,0.000,5.000,5.000,0.000,1.000,0.15,0.00
12.30703,0.00,0.00,0.00,0.000,0.000,0.000,0.000,0.000,0.000,0.00,0.00,0.000,0.000,0.185,0.108,-0.099,0.172,0.279,0.008,0.000,0.000,0.000,5.000,5.000,0.000,1.000,0.15,0.00
12.31719,0.00,0.00,0.00,0.000,0.000,0.000,0.000,0.000,0.000,0.00,0.00,0.000,0.000,0.186,0.108,0.033,0.172,0.279,0.013,0.000,0.000,0.000,5.000,5.000,0.000,1.000,0.15,0.00
12.32762,0.00,0.00,0.00,0.000,0.000,0.000,0.000,0.000,0.000,0.00,0.00,0.000,0.000,0.185,0.108,-0.033,0.172,0.279,0.009,0.000,0.000,0.000,5.000,5.000,0.000,1.000,0.15,0.00
12.34044,0.00,0.00,0.00,0.000,0.000,0.000,0.000,0.000,0.000,0.00,0.00,0.000,0.000,0.187,0.108,-0.033,0.172,0.279,0.018,0.000,0.000,0.000,5.000,5.000,0.000,1.000,0.15,0.00
12.35208,0.00,0.00,0.00,0.000,0.000,0.000,0.000,0.000,0.000,0.00,0.00,0.000,0.000,0.186,0.108,-0.055,0.187,0.279,0.013,0.000,0.000,0.000,5.000,5.000,0.000,1.000,0.15,0.00
12.36255,0.00,0.00,0.00,0.000,0.000,0.000,0.000,0.000,0.000,0.00,0.00,0.000,0.000,0.185,0.108,-0.055,0.187,0.279,0.009,0.000,0.000,0.000,5.000,5.000,0.000,1.000,0.15,0.00
12.37281,0.00,0.00,0.00,0.000,0.000,0.000,0.000,0.000,0.000,0.00,0.00,0.000,0.000,0.193,0.108,-0.055,0.172,0.280,0.036,0.000,0.000,0.000,5.000,5.000,0.000,1.000,0.15,0.00
12.38666,0.00,0.00,0.00,0.000,0.000,0.000,0.000,0.000,0.000,0.00,0.00,0.000,0.000,0.190,0.108,-0.055,0.172,0.280,0.026,0.000,0.000,0.000,5.000,5.000,0.000,1.000,0.15,0.00
12.40130,0.00,0.00,0.00,0.000,0.000,0.000,0.000,0.000,0.000,0.00,0.00,0.000,0.000,0.195,0.108,-0.011,0.187,0.281,0.043,0.000,0.000,0.000,5.000,5.000,0.000,1.000,0.15,0.00
12.41235,0.00,0.00,0.00,0.000,0.000,0.000,0.000,0.000,0.000,0.00,0.00,0.000,0.000,0.198,0.108,0.055,0.187,0.281,0.053,0.000,0.000,0.000,5.000,5.000,0.000,1.000,0.15,0.00
12.42250,0.00,0.00,0.00,0.000,0.000,0.000,0.000,0.000,0.000,0.00,0.00,0.000,0.000,0.193,0.108,-0.011,0.194,0.281,0.038,0.000,0.000,0.000,5.000,5.000,0.000,1.000,0.15,0.00
12.43279,0.00,0.00,0.00,0.000,0.000,0.000,0.000,0.000,0.000,0.00,0.00,0.000,0.000,0.194,0.108,-0.011,0.194,0.282,0.041,0.000,0.000,0.000,5.000,5.000,0.000,1.000,0.15,0.00
12.44294,0.00,0.00,0.00,0.000,0.000,0.000,0.000,0.000,0.000,0.00,0.00,0.000,0.000,0.190,0.108,-0.033,0.179,0.282,0.029,0.000,0.000,0.000,5.000,5.000,0.000,1.000,0.15,0.00
12.45356,0.00,0.00,0.00,0.000,0.000,0.000,0.000,0.000,0.000,0.00,0.00,0.000,0.000,0.188,0.108,-0.011,0.172,0.282,0.020,0.000,0.000,0.000,5.000,5.000,0.000,1.000,0.15,0.00
12.46404,0.00,0.00,0.00,0.000,0.000,0.000,0.000,0.000,0.000,0.00,0.00,0.000,0.000,0.186,0.108,-0.055,0.201,0.282,0.013,0.000,0.000,0.000,5.000,5.000,0.000,1.000,0.15,0.00
12.47632,0.00,0.00,0.00,0.000,0.000,0.000,0.000,0.000,0.000,0.00,0.00,0.000,0.000,0.185,0.108,-0.055,0.201,0.282,0.008,0.000,0.000,0.000,5.000,5.000,0.000,1.000,0.15,0.00
12.48906,0.00,0.00,0.00,0.000,0.000,0.000,0.000,0.000,0.000,0.00,0.00,0.000,0.000,0.184,0.108,-0.055,0.201,0.282,0.005,0.000,0.000,0.000,5.000,5.000,0.000,1.000,0.15,0.00
12.50106,0.00,0.00,0.00,0.000,0.000,0.000,0.000,0.000,0.000,0.00,0.00,0.000,0.000,0.184,0.108,0.033,0.172,0.282,0.006,0.000,0.000,0.000,5.000,5.000,0.000,1.000,0.15,0.00
12.51135,0.00,0.00,0.00,0.000,0.000,0.000,0.000,0.000,0.000,0.00,0.00,0.000,0.000,0.184,0.108,0.055,0.179,0.282,0.007,0.000,0.000,0.000,5.000,5.000,0.000,1.000,0.15,0.00
12.52759,0.00,0.00,0.00,0.000,0.000,0.000,0.000,0.000,0.000,0.00,0.00,0.000,0.000,0.183,0.108,0.011,0.158,0.282,0.007,0.000,0.000,0.000,5.000,5.000,0.000,1.000,0.15,0.00
12.53780,0.00,0.00,0.00,0.000,0.000,0.000,0.000,0.000,0.000,0.00,0.00,0.000,0.000,0.184,0.108,-0.055,0.179,0.282,0.004,0.000,0.000,0.000,5.000,5.000,0.000,1.000,0.15,0.00
12.54835,0.00,0.00,0.00,0.000,0.000,0.000,0.000,0.000,0.000,0.00,0.00,0.000,0.000,0.183,0.108,-0.077,0.172,0.282,0.004,0.000,0.000,0.000,5.000,5.000,0.000,1.000,0.15,0.00
12.56160,0.00,0.00,0.00,0.000,0.000,0.000,0.000,0.000,0.000,0.00,0.00,0.000,0.000,0.183,0.108,-0.099,0.187,0.282,0.002,0.000,0.000,0.000,5.000,5.000,0.000,1.000,0.15,0.00
12.57464,0.00,0.00,0.00,0.000,0.000,0.000,0.000,0.000,0.000,0.00,0.00,0.000,0.000,0.183,0.108,-0.099,0.187,0.282,0.001,0.000,0.000,0.000,5.000,5.000,0.000,1.000,0.15,0.00
12.58497,0.00,0.00,0.00,0.000,0.000,0.000,0.000,0.000,0.000,0.00,0.00,0.000,0.000,0.179,0.108,-0.033,0.179,0.282,-0.012,0.000,0.000,0.000,5.000,5.000,0.000,1.000,0.15,0.00
12.59583,0.00,0.00,0.00,0.000,0.000,0.000,0.000,0.000,0.000,0.00,0.00,0.000,0.000,0.176,0.108,-0.033,0.165,0.282,-0.022,0.000,0.000,0.000,5.000,5.000,0.000,1.000,0.15,0.00
12.60613,0.00,0.00,0.00,0.000,0.000,0.000,0.000,0.000,0.000,0.00,0.00,0.000,0.000,0.178,0.108,-0.011,0.172,0.282,-0.016,0.000,0.000,0.000,5.000,5.000,0.000,1.000,0.15,0.00
12.61718,0.00,0.00,0.00,0.000,0.000,0.000,0.000,0.000,0.000,0.00,0.00,0.000,0.000,0.176,0.108,-0.077,0.172,0.281,-0.022,0.000,0.000,0.000,5.000,5.000,0.000,1.000,0.15,0.00
12.62752,0.00,0.00,0.00,0.000,0.000,0.000,0.000,0.000,0.000,0.00,0.00,0.000,0.000,0.178,0.108,0.033,0.165,0.281,-0.016,0.000,0.000,0.000,5.000,5.000,0.000,1.000,0.15,0.00
12.63854,0.00,0.00,0.00,0.000,0.000,0.000,0.000,0.000,0.000,0.00,0.00,0.000,0.000,0.177,0.108,0.033,0.165,0.281,-0.020,0.000,0.000,0.000,5.000,5.000,0.000,1.000,0.15,0.00
12.64870,0.00,0.00,0.00,0.000,0.000,0.000,0.000,0.000,0.000,0.00,0.00,0.000,0.000,0.178,0.108,0.011,0.172,0.281,-0.014,0.000,0.000,0.000,5.000,5.000,0.000,1.000,0.15,0.00
12.65956,0.00,0.00,0.00,0.000,0.000,0.000,0.000,0.000,0.000,0.00,0.00,0.000,0.000,0.178,0.108,0.011,0.172,0.281,-0.014,0.000,0.000,0.000,5.000,5.000,0.000,1.000,0.15,0.00
12.66974,0.00,0.00,0.00,0.000,0.000,0.000,0.000,0.000,0.000,0.00,0.00,0.000,0.000,0.180,0.108,0.011,0.172,0.281,-0.010,0.000,0.000,0.000,5.000,5.000,0.000,1.000,0.15,0.00
12.68099,0.00,0.00,0.00,0.000,0.000,0.000,0.000,0.000,0.000,0.00,0.00,0.000,0.000,0.180,0.108,-0.055,0.165,0.281,-0.010,0.000,0.000,0.000,5.000,5.000,0.000,1.000,0.15,0.00
12.69301,0.00,0.00,0.00,0.000,0.000,0.000,0.000,0.000,0.000,0.00,0.00,0.000,0.000,0.178,0.108,-0.011,0.179,0.281,-0.016,0.000,0.000,0.000,5.000,5.000,0.000,1.000,0.15,0.00
12.70318,0.00,0.00,0.00,0.000,0.000,0.000,0.000,0.000,0.000,0.00,0.00,0.000,0.000,0.179,0.108,-0.011,0.179,0.281,-0.011,0.000,0.000,0.000,5.000,5.000,0.000,1.000,0.15,0.00
12.71336,0.00,0.00,0.00,0.000,0.000,0.000,0.000,0.000,0.000,0.00,0.00,0.000,0.000,0.174,0.108,0.033,0.187,0.280,-0.031,0.000,0.000,0.000,5.000,5.000,0.000,1.000,0.15,0.00
12.72363,0.00,0.00,0.00,0.000,0.000,0.000,0.000,0.000,0.000,0.00,0.00,0.000,0.000,0.176,0.108,0.011,0.158,0.280,-0.023,0.000,0.000,0.000,5.000,5.000,0.000,1.000,0.15,0.00
12.73680,0.00,0.00,0.00,0.000,0.000,0.000,0.000,0.000,0.000,0.00,0.00,0.000,0.000,0.172,0.108,0.077,0.172,0.279,-0.039,0.000,0.000,0.000,5.000,5.000,0.000,1.000,0.15,0.00
12.74719,0.00,0.00,0.00,0.000,0.000,0.000,0.000,0.000,0.000,0.00,0.00,0.000,0.000,0.170,0.108,-0.033,0.165,0.279,-0.044,0.000,0.000,0.000,5.000,5.000,0.000,1.000,0.15,0.00
12.75749,0.00,0.00,0.00,0.000,0.000,0.000,0.000,0.000,0.000,0.00,0.00,0.000,0.000,0.174,0.108,0.055,0.143,0.279,-0.031,0.000,0.000,0.000,5.000,5.000,0.000,1.000,0.15,0.00
12.76815,0.00,0.00,0.00,0.000,0.000,0.000,0.000,0.000,0.000,0.00,0.00,0.000,0.000,0.176,0.108,0.055,0.143,0.279,-0.022,0.000,0.000,0.000,5.000,5.000,0.000,1.000,0.15,0.00
12.78000,0.00,0.00,0.00,0.000,0.000,0.000,0.000,0.000,0.000,0.00,0.00,0.000,0.000,0.176,0.108,0.077,0.165,0.278,-0.022,0.000,0.000,0.000,5.000,5.000,0.000,1.000,0.15,0.00
12.79193,0.00,0.00,0.00,0.000,0.000,0.000,0.000,0.000,0.000,0.00,0.00,0.000,0.000,0.178,0.108,-0.055,0.172,0.278,-0.016,0.000,0.000,0.000,5.000,5.000,0.000,1.000,0.15,0.00
12.80210,0.00,0.00,0.00,0.000,0.000,0.000,0.000,0.000,0.000,0.00,0.00,0.000,0.000,0.178,0.108,-0.077,0.158,0.278,-0.011,0.000,0.000,0.000,5.000,5.000,0.000,1.000,0.15,0.00
12.81344,0.00,0.00,0.00,0.000,0.000,0.000,0.000,0.000,0.000,0.00,0.00,0.000,0.000,0.179,0.108,0.011,0.172,0.278,-0.006,0.000,0.000,0.000,5.000,5.000,0.000,1.000,0.15,0.00
12.82361,0.00,0.00,0.00,0.000,0.000,0.000,0.000,0.000,0.000,0.00,0.00,0.000,0.000,0.181,0.108,0.033,0.179,0.278,-0.001,0.000,0.000,0.000,5.000,5.000,0.000,1.000,0.15,0.00
12.83407,0.00,0.00,0.00,0.000,0.000,0.000,0.000,0.000,0.000,0.00,0.00,0.000,0.000,0.182,0.108,0.033,0.179,0.278,0.000,0.000,0.000,0.000,5.000,5.000,0.000,1.000,0.15,0.00
12.84625,0.00,0.00,0.00,0.000,0.000,0.000,0.000,0.000,0.000,0.00,0.00,0.000,0.000,0.182,0.108,0.011,0.179,0.278,0.001,0.000,0.000,0.000,5.000,5.000,0.000,1.000,0.15,0.00
12.85664,0.00,0.00,0.00,0.000,0.000,0.000,0.000,0.000,0.000,0.00,0.00,0.000,0.000,0.183,0.108,0.011,0.179,0.279,0.009,0.000,0.000,0.000,5.000,5.000,0.000,1.000,0.15,0.00
12.86681,0.00,0.00,0.00,0.000,0.000,0.000,0.000,0.000,0.000,0.00,0.00,0.000,0.000,0.185,0.108,-0.033,0.165,0.279,0.007,0.000,0.000,0.000,5.000,5.000,0.000,1.000,0.15,0.00
12.87696,0.00,0.00,0.00,0.000,0.000,0.000,0.000,0.000,0.000,0.00,0.00,0.000,0.000,0.184,0.108,0.099,0.187,0.279,0.006,0.000,0.000,0.000,5.000,5.000,0.000,1.000,0.15,0.00
12.88732,0.00,0.00,0.00,0.000,0.000,0.000,0.000,0.000,0.000,0.00,0.00,0.000,0.000,0.184,0.108,0.099,0.187,0.279,0.006,0.000,0.000,0.000,5.000,5.000,0.000,1.000,0.15,0.00
12.89787,0.00,0.00,0.00,0.000,0.000,0.000,0.000,0.000,0.000,0.00,0.00,0.000,0.000,0.187,0.108,0.099,0.187,0.279,0.017,0.000,0.000,0.000,5.000,5.000,0.000,1.000,0.15,0.00
12.90810,0.00,0.00,0.00,0.000,0.000,0.000,0.000,0.000,0.000,0.00,0.00,0.000,0.000,0.191,0.108,-0.055,0.194,0.280,0.030,0.000,0.000,0.000,5.000,5.000,0.000,1.000,0.15,0.00
12.91870,0.00,0.00,0.00,0.000,0.000,0.000,0.000,0.000,0.000,0.00,0.00,0.000,0.000,0.189,0.108,-0.055,0.194,0.280,0.022,0.000,0.000,0.000,5.000,5.000,0.000,1.000,0.15,0.00
12.92881,0.00,0.00,0.00,0.000,0.000,0.000,0.000,0.000,0.000,0.00,0.00,0.000,0.000,0.188,0.108,-0.033,0.172,0.280,0.021,0.000,0.000,0.000,5.000,5.000,0.000,1.000,0.15,0.00
12.94039,0.00,0.00,0.00,0.000,0.000,0.000,0.000,0.000,0.000,0.00,0.00,0.000,0.000,0.187,0.108,0.011,0.179,0.280,0.015,0.000,0.000,0.000,5.000,5.000,0.000,1.000,0.15,0.00
12.95077,0.00,0.00,0.00,0.000,0.000,0.000,0.000,0.000,0.000,0.00,0.00,0.000,0.000,0.185,0.108,0.011,0.179,0.280,0.011,0.000,0.000,0.000,5.000,5.000,0.000,1.000,0.15,0.00
12.96095,0.00,0.00,0.00,0.000,0.000,0.000,0.000,0.000,0.000,0.00,0.00,0.000,0.000,0.186,0.108,-0.011,0.172,0.280,0.014,0.000,0.000,0.000,5.000,5.000,0.000,1.000,0.15,0.00
12.97110,0.00,0.00,0.00,0.000,0.000,0.000,0.000,0.000,0.000,0.00,0.00,0.000,0.000,0.185,0.108,0.055,0.172,0.280,0.010,0.000,0.000,0.000,5.000,5.000,0.000,1.000,0.15,0.00
12.98766,0.00,0.00,0.00,0.000,0.000,0.000,0.000,0.000,0.000,0.00,0.00,0.000,0.000,0.186,0.108,0.011,0.187,0.280,0.009,0.000,0.000,0.000,5.000,5.000,0.000,1.000,0.15,0.00
12.99959,0.00,0.00,0.00,0.000,0.000,0.000,0.000,0.000,0.000,0.00,0.00,0.000,0.000,0.185,0.108,-0.011,0.165,0.280,0.009,0.000,0.000,0.000,5.000,5.000,0.000,1.000,0.15,0.00
13.00994,0.00,0.00,0.00,0.000,0.000,0.000,0.000,0.000,0.000,0.00,0.00,0.000,0.000,0.185,0.108,0.011,0.158,0.280,0.007,0.000,0.000,0.000,5.000,5.000,0.000,1.000,0.15,0.00
13.02014,0.00,0.00,0.00,0.000,0.000,0.000,0.000,0.000,0.000,0.00,0.00,0.000,0.000,0.184,0.108,-0.033,0.172,0.280,0.005,0.000,0.000,0.000,5.000,5.000,0.000,1.000,0.15,0.00
13.03405,0.00,0.00,0.00,0.000,0.000,0.000,0.000,0.000,0.000,0.00,0.00,0.000,0.000,0.183,0.108,0.033,0.172,0.280,0.003,0.000,0.000,0.000,5.000,5.000,0.000,1.000,0.15,0.00
13.04483,0.00,0.00,0.00,0.000,0.000,0.000,0.000,0.000,0.000,0.00,0.00,0.000,0.000,0.183,0.108,0.011,0.172,0.280,0.001,0.000,0.000,0.000,5.000,5.000,0.000,1.000,0.15,0.00
13.05839,0.00,0.00,0.00,0.000,0.000,0.000,0.000,0.000,0.000,0.00,0.00,0.000,0.000,0.183,0.108,-0.033,0.165,0.280,0.004,0.000,0.000,0.000,5.000,5.000,0.000,1.000,0.15,0.00
13.06861,0.00,0.00,0.00,0.000,0.000,0.000,0.000,0.000,0.000,0.00,0.00,0.000,0.000,0.185,0.108,-0.033,0.165,0.280,0.011,0.000,0.000,0.000,5.000,5.000,0.000,1.000,0.15,0.00
13.07983,0.00,0.00,0.00,0.000,0.000,0.000,0.000,0.000,0.000,0.00,0.00,0.000,0.000,0.184,0.108,0.011,0.179,0.280,0.007,0.000,0.000,0.000,5.000,5.000,0.000,1.000,0.15,0.00
13.09010,0.00,0.00,0.00,0.000,0.000,0.000,0.000,0.000,0.000,0.00,0.00,0.000,0.000,0.186,0.108,0.011,0.179,0.281,0.012,0.000,0.000,0.000,5.000,5.000,0.000,1.000,0.15,0.00
13.10026,0.00,0.00,0.00,0.000,0.000,0.000,0.000,0.000,0.000,0.00,0.00,0.000,0.000,0.185,0.108,-0.099,0.172,0.281,0.008,0.000,0.000,0.000,5.000,5.000,0.000,1.000,0.15,0.00
13.11129,0.00,0.00,0.00,0.000,0.000,0.000,0.000,0.000,0.000,0.00,0.00,0.000,0.000,0.183,0.108,0.055,0.172,0.281,0.004,0.000,0.000,0.000,5.000,5.000,0.000,1.000,0.15,0.00
13.12185,0.00,0.00,0.00,0.000,0.000,0.000,0.000,0.000,0.000,0.00,0.00,0.000,0.000,0.183,0.108,-0.099,0.187,0.281,0.002,0.000,0.000,0.000,5.000,5.000,0.000,1.000,0.15,0.00
13.13287,0.00,0.00,0.00,0.000,0.000,0.000,0.000,0.000,0.000,0.00,0.00,0.000,0.000,0.182,0.108,-0.033,0.179,0.281,-0.001,0.000,0.000,0.000,5.000,5.000,0.000,1.000,0.15,0.00
13.14422,0.00,0.00,0.00,0.000,0.000,0.000,0.000,0.000,0.000,0.00,0.00,0.000,0.000,0.182,0.108,-0.099,0.179,0.281,-0.001,0.000,0.000,0.000,5.000,5.000,0.000,1.000,0.15,0.00
13.15447,0.00,0.00,0.00,0.000,0.000,0.000,0.000,0.000,0.000,0.00,0.00,0.000,0.000,0.182,0.108,0.077,0.179,0.281,-0.001,0.000,0.000,0.000,5.000,5.000,0.000,1.000,0.15,0.00
13.16501,0.00,0.00,0.00,0.000,0.000,0.000,0.000,0.000,0.000,0.00,0.00,0.000,0.000,0.182,0.108,-0.011,0.179,0.281,-0.001,0.000,0.000,0.000,5.000,5.000,0.000,1.000,0.15,0.00
13.17516,0.00,0.00,0.00,0.000,0.000,0.000,0.000,0.000,0.000,0.00,0.00,0.000,0.000,0.182,0.108,0.077,0.187,0.281,0.000,0.000,0.000,0.000,5.000,5.000,0.000,1.000,0.15,0.00
13.18647,0.00,0.00,0.00,0.000,0.000,0.000,0.000,0.000,0.000,0.00,0.00,0.000,0.000,0.182,0.108,0.055,0.179,0.281,0.000,0.000,0.000,0.000,5.000,5.000,0.000,1.000,0.15,0.00
13.19770,0.00,0.00,0.00,0.000,0.000,0.000,0.000,0.000,0.000,0.00,0.00,0.000,0.000,0.182,0.108,0.011,0.172,0.281,0.000,0.000,0.000,0.000,5.000,5.000,0.000,1.000,0.15,0.00
13.20787,0.00,0.00,0.00,0.000,0.000,0.000,0.000,0.000,0.000,0.00,0.00,0.000,0.000,0.182,0.108,-0.011,0.187,0.281,-0.000,0.000,0.000,0.000,5.000,5.000,0.000,1.000,0.15,0.00
13.22118,0.00,0.00,0.00,0.000,0.000,0.000,0.000,0.000,0.000,0.00,0.00,0.000,0.000,0.182,0.108,-0.011,0.187,0.281,-0.000,0.000,0.000,0.000,5.000,5.000,0.000,1.000,0.15,0.00
13.23186,0.00,0.00,0.00,0.000,0.000,0.000,0.000,0.000,0.000,0.00,0.00,0.000,0.000,0.182,0.108,0.055,0.179,0.281,-0.001,0.000,0.000,0.000,5.000,5.000,0.000,1.000,0.15,0.00
13.24213,0.00,0.00,0.00,0.000,0.000,0.000,0.000,0.000,0.000,0.00,0.00,0.000,0.000,0.182,0.108,-0.099,0.179,0.281,-0.001,0.000,0.000,0.000,5.000,5.000,0.000,1.000,0.15,0.00
13.25228,0.00,0.00,0.00,0.000,0.000,0.000,0.000,0.000,0.000,0.00,0.00,0.000,0.000,0.182,0.108,-0.055,0.165,0.281,0.000,0.000,0.000,0.000,5.000,5.000,0.000,1.000,0.15,0.00
13.26248,0.00,0.00,0.00,0.000,0.000,0.000,0.000,0.000,0.000,0.00,0.00,0.000,0.000,0.182,0.108,-0.099,0.179,0.281,0.000,0.000,0.000,0.000,5.000,5.000,0.000,1.000,0.15,0.00
13.27264,0.00,0.00,0.00,0.000,0.000,0.000,0.000,0.000,0.000,0.00,0.00,0.000,0.000,0.182,0.108,-0.011,0.179,0.281,-0.000,0.000,0.000,0.000,5.000,5.000,0.000,1.000,0.15,0.00
13.28686,0.00,0.00,0.00,0.000,0.000,0.000,0.000,0.000,0.000,0.00,0.00,0.000,0.000,0.182,0.108,-0.033,0.179,0.281,-0.000,0.000,0.000,0.000,5.000,5.000,0.000,1.000,0.15,0.00
13.29706,0.00,0.00,0.00,0.000,0.000,0.000,0.000,0.000,0.000,0.00,0.00,0.000,0.000,0.182,0.108,-0.033,0.179,0.281,0.001,0.000,0.000,0.000,5.000,5.000,0.000,1.000,0.15,0.00
13.30729,0.00,0.00,0.00,0.000,0.000,0.000,0.000,0.000,0.000,0.00,0.00,0.000,0.000,0.184,0.108,0.077,0.179,0.281,0.005,0.000,0.000,0.000,5.000,5.000,0.000,1.000,0.15,0.00
13.31772,0.00,0.00,0.00,0.000,0.000,0.000,0.000,0.000,0.000,0.00,0.00,0.000,0.000,0.185,0.108,0.033,0.172,0.281,0.011,0.000,0.000,0.000,5.000,5.000,0.000,1.000,0.15,0.00
13.32790,0.00,0.00,0.00,0.000,0.000,0.000,0.000,0.000,0.000,0.00,0.00,0.000,0.000,0.185,0.108,-0.055,0.179,0.281,0.008,0.000,0.000,0.000,5.000,5.000,0.000,1.000,0.15,0.00
13.33929,0.00,0.00,0.00,0.000,0.000,0.000,0.000,0.000,0.000,0.00,0.00,0.000,0.000,0.185,0.108,-0.121,0.187,0.281,0.011,0.000,0.000,0.000,5.000,5.000,0.000,1.000,0.15,0.00
13.34945,0.00,0.00,0.00,0.000,0.000,0.000,0.000,0.000,0.000,0.00,0.00,0.000,0.000,0.183,0.108,0.011,0.172,0.281,0.004,0.000,0.000,0.000,5.000,5.000,0.000,1.000,0.15,0.00
13.36070,0.00,0.00,0.00,0.000,0.000,0.000,0.000,0.000,0.000,0.00,0.00,0.000,0.000,0.183,0.108,-0.011,0.179,0.281,0.003,0.000,0.000,0.000,5.000,5.000,0.000,1.000,0.15,0.00
13.37086,0.00,0.00,0.00,0.000,0.000,0.000,0.000,0.000,0.000,0.00,0.00,0.000,0.000,0.180,0.108,-0.011,0.172,0.281,-0.009,0.000,0.000,0.000,5.000,5.000,0.000,1.000,0.15,0.00
13.38701,0.00,0.00,0.00,0.000,0.000,0.000,0.000,0.000,0.000,0.00,0.00,0.000,0.000,0.180,0.108,-0.033,0.165,0.281,-0.005,0.000,0.000,0.000,5.000,5.000,0.000,1.000,0.15,0.00
13.39836,0.00,0.00,0.00,0.000,0.000,0.000,0.000,0.000,0.000,0.00,0.00,0.000,0.000,0.181,0.108,-0.033,0.165,0.281,-0.011,0.000,0.000,0.000,5.000,5.000,0.000,1.000,0.15,0.00
13.40931,0.00,0.00,0.00,0.000,0.000,0.000,0.000,0.000,0.000,0.00,0.00,0.000,0.000,0.179,0.108,0.033,0.179,0.280,-0.012,0.000,0.000,0.000,5.000,5.000,0.000,1.000,0.15,0.00
13.42110,0.00,0.00,0.00,0.000,0.000,0.000,0.000,0.000,0.000,0.00,0.00,0.000,0.000,0.179,0.108,-0.011,0.172,0.280,-0.009,0.000,0.000,0.000,5.000,5.000,0.000,1.000,0.15,0.00
13.43127,0.00,0.00,0.00,0.000,0.000,0.000,0.000,0.000,0.000,0.00,0.00,0.000,0.000,0.180,0.108,-0.077,0.158,0.280,-0.006,0.000,0.000,0.000,5.000,5.000,0.000,1.000,0.15,0.00
13.44151,0.00,0.00,0.00,0.000,0.000,0.000,0.000,0.000,0.000,0.00,0.00,0.000,0.000,0.181,0.108,-0.077,0.158,0.280,-0.005,0.000,0.000,0.000,5.000,5.000,0.000,1.000,0.15,0.00
13.45173,0.00,0.00,0.00,0.000,0.000,0.000,0.000,0.000,0.000,0.00,0.00,0.000,0.000,0.181,0.108,0.077,0.172,0.281,-0.000,0.000,0.000,0.000,5.000,5.000,0.000,1.000,0.15,0.00
13.46520,0.00,0.00,0.00,0.000,0.000,0.000,0.000,0.000,0.000,0.00,0.00,0.000,0.000,0.182,0.108,-0.011,0.187,0.281,-0.000,0.000,0.000,0.000,5.000,5.000,0.000,1.000,0.15,0.00
13.47601,0.00,0.00,0.00,0.000,0.000,0.000,0.000,0.000,0.000,0.00,0.00,0.000,0.000,0.184,0.108,0.055,0.172,0.281,0.005,0.000,0.000,0.000,5.000,5.000,0.000,1.000,0.15,0.00
13.48721,0.00,0.00,0.00,0.000,0.000,0.000,0.000,0.000,0.000,0.00,0.00,0.000,0.000,0.183,0.108,-0.055,0.172,0.281,0.003,0.000,0.000,0.000,5.000,5.000,0.000,1.000,0.15,0.00
13.49745,0.00,0.00,0.00,0.000,0.000,0.000,0.000,0.000,0.000,0.00,0.00,0.000,0.000,0.185,0.108,0.033,0.179,0.281,0.009,0.000,0.000,0.000,5.000,5.000,0.000,1.000,0.15,0.00
13.50778,0.00,0.00,0.00,0.000,0.000,0.000,0.000,0.000,0.000,0.00,0.00,0.000,0.000,0.184,0.108,0.011,0.179,0.281,0.007,0.000,0.000,0.000,5.000,5.000,0.000,1.000,0.15,0.00
13.51863,0.00,0.00,0.00,0.000,0.000,0.000,0.000,0.000,0.000,0.00,0.00,0.000,0.000,0.186,0.108,-0.077,0.172,0.281,0.013,0.000,0.000,0.000,5.000,5.000,0.000,1.000,0.15,0.00
13.53085,0.00,0.00,0.00,0.000,0.000,0.000,0.000,0.000,0.000,0.00,0.00,0.000,0.000,0.185,0.108,-0.077,0.172,0.281,0.010,0.000,0.000,0.000,5.000,5.000,0.000,1.000,0.15,0.00
13.54178,0.00,0.00,0.00,0.000,0.000,0.000,0.000,0.000,0.000,0.00,0.00,0.000,0.000,0.185,0.108,0.099,0.172,0.281,0.016,0.000,0.000,0.000,5.000,5.000,0.000,1.000,0.15,0.00
13.55218,0.00,0.00,0.00,0.000,0.000,0.000,0.000,0.000,0.000,0.00,0.00,0.000,0.000,0.187,0.108,-0.077,0.172,0.282,0.019,0.000,0.000,0.000,5.000,5.000,0.000,1.000,0.15,0.00
13.56239,0.00,0.00,0.00,0.000,0.000,0.000,0.000,0.000,0.000,0.00,0.00,0.000,0.000,0.188,0.108,-0.077,0.172,0.282,0.014,0.000,0.000,0.000,5.000,5.000,0.000,1.000,0.15,0.00
13.57268,0.00,0.00,0.00,0.000,0.000,0.000,0.000,0.000,0.000,0.00,0.00,0.000,0.000,0.186,0.108,0.011,0.194,0.282,0.019,0.000,0.000,0.000,5.000,5.000,0.000,1.000,0.15,0.00
13.58566,0.00,0.00,0.00,0.000,0.000,0.000,0.000,0.000,0.000,0.00,0.00,0.000,0.000,0.188,0.108,0.055,0.187,0.282,0.019,0.000,0.000,0.000,5.000,5.000,0.000,1.000,0.15,0.00
13.59596,0.00,0.00,0.00,0.000,0.000,0.000,0.000,0.000,0.000,0.00,0.00,0.000,0.000,0.188,0.108,0.055,0.187,0.282,0.019,0.000,0.000,0.000,5.000,5.000,0.000,1.000,0.15,0.00
13.60665,0.00,0.00,0.00,0.000,0.000,0.000,0.000,0.000,0.000,0.00,0.00,0.000,0.000,0.188,0.108,0.011,0.172,0.282,0.014,0.000,0.000,0.000,5.000,5.000,0.000,1.000,0.15,0.00
13.62262,0.00,0.00,0.00,0.000,0.000,0.000,0.000,0.000,0.000,0.00,0.00,0.000,0.000,0.188,0.108,-0.077,0.187,0.282,0.019,0.000,0.000,0.000,5.000,5.000,0.000,1.000,0.15,0.00
13.63301,0.00,0.00,0.00,0.000,0.000,0.000,0.000,0.000,0.000,0.00,0.00,0.000,0.000,0.188,0.108,-0.033,0.187,0.283,0.019,0.000,0.000,0.000,5.000,5.000,0.000,1.000,0.15,0.00
13.64299,0.00,0.00,0.00,0.000,0.000,0.000,0.000,0.000,0.000,0.00,0.00,0.000,0.000,0.186,0.108,0.055,0.187,0.283,0.013,0.000,0.000,0.000,5.000,5.000,0.000,1.000,0.15,0.00
13.65476,0.00,0.00,0.00,0.000,0.000,0.000,0.000,0.000,0.000,0.00,0.00,0.000,0.000,0.185,0.108,0.055,0.187,0.283,0.009,0.000,0.000,0.000,5.000,5.000,0.000,1.000,0.15,0.00
13.66496,0.00,0.00,0.00,0.000,0.000,0.000,0.000,0.000,0.000,0.00,0.00,0.000,0.000,0.184,0.108,-0.033,0.179,0.283,0.007,0.000,0.000,0.000,5.000,5.000,0.000,1.000,0.15,0.00
13.67517,0.00,0.00,0.00,0.000,0.000,0.000,0.000,0.000,0.000,0.00,0.00,0.000,0.000,0.184,0.108,-0.033,0.179,0.283,0.007,0.000,0.000,0.000,5.000,5.000,0.000,1.000,0.15,0.00
13.68532,0.00,0.00,0.00,0.000,0.000,0.000,0.000,0.000,0.000,0.00,0.00,0.000,0.000,0.184,0.108,0.033,0.158,0.283,0.005,0.000,0.000,0.000,5.000,5.000,0.000,1.000,0.15,0.00
13.69858,0.00,0.00,0.00,0.000,0.000,0.000,0.000,0.000,0.000,0.00,0.00,0.000,0.000,0.183,0.108,0.055,0.172,0.283,0.003,0.000,0.000,0.000,5.000,5.000,0.000,1.000,0.15,0.00
13.70936,0.00,0.00,0.00,0.000,0.000,0.000,0.000,0.000,0.000,0.00,0.00,0.000,0.000,0.185,0.108,0.033,0.165,0.283,0.011,0.000,0.000,0.000,5.000,5.000,0.000,1.000,0.15,0.00
13.71957,0.00,0.00,0.00,0.000,0.000,0.000,0.000,0.000,0.000,0.00,0.00,0.000,0.000,0.187,0.108,-0.033,0.187,0.283,0.018,0.000,0.000,0.000,5.000,5.000,0.000,1.000,0.15,0.00
13.72972,0.00,0.00,0.00,0.000,0.000,0.000,0.000,0.000,0.000,0.00,0.00,0.000,0.000,0.186,0.108,-0.033,0.165,0.283,0.013,0.000,0.000,0.000,5.000,5.000,0.000,1.000,0.15,0.00
13.74189,0.00,0.00,0.00,0.000,0.000,0.000,0.000,0.000,0.000,0.00,0.00,0.000,0.000,0.187,0.108,-0.011,0.187,0.284,0.017,0.000,0.000,0.000,5.000,5.000,0.000,1.000,0.15,0.00
13.75208,0.00,0.00,0.00,0.000,0.000,0.000,0.000,0.000,0.000,0.00,0.00,0.000,0.000,0.188,0.108,-0.033,0.179,0.284,0.018,0.000,0.000,0.000,5.000,5.000,0.000,1.000,0.15,0.00
13.76378,0.00,0.00,0.00,0.000,0.000,0.000,0.000,0.000,0.000,0.00,0.00,0.000,0.000,0.186,0.108,-0.121,0.194,0.284,0.013,0.000,0.000,0.000,5.000,5.000,0.000,1.000,0.15,0.00
13.77395,0.00,0.00,0.00,0.000,0.000,0.000,0.000,0.000,0.000,0.00,0.00,0.000,0.000,0.185,0.108,-0.033,0.187,0.284,0.008,0.000,0.000,0.000,5.000,5.000,0.000,1.000,0.15,0.00
13.78622,0.00,0.00,0.00,0.000,0.000,0.000,0.000,0.000,0.000,0.00,0.00,0.000,0.000,0.185,0.108,0.055,0.172,0.284,0.011,0.000,0.000,0.000,5.000,5.000,0.000,1.000,0.15,0.00
13.79793,0.00,0.00,0.00,0.000,0.000,0.000,0.000,0.000,0.000,0.00,0.00,0.000,0.000,0.186,0.108,0.033,0.179,0.284,0.014,0.000,0.000,0.000,5.000,5.000,0.000,1.000,0.15,0.00
13.80818,0.00,0.00,0.00,0.000,0.000,0.000,0.000,0.000,0.000,0.00,0.00,0.000,0.000,0.185,0.108,0.011,0.165,0.284,0.009,0.000,0.000,0.000,5.000,5.000,0.000,1.000,0.15,0.00
13.81837,0.00,0.00,0.00,0.000,0.000,0.000,0.000,0.000,0.000,0.00,0.00,0.000,0.000,0.186,0.108,-0.033,0.172,0.284,0.012,0.000,0.000,0.000,5.000,5.000,0.000,1.000,0.15,0.00
13.82923,0.00,0.00,0.00,0.000,0.000,0.000,0.000,0.000,0.000,0.00,0.00,0.000,0.000,0.185,0.108,-0.121,0.179,0.284,0.011,0.000,0.000,0.000,5.000,5.000,0.000,1.000,0.15,0.00
13.83938,0.00,0.00,0.00,0.000,0.000,0.000,0.000,0.000,0.000,0.00,0.00,0.000,0.000,0.184,0.108,0.011,0.172,0.284,0.007,0.000,0.000,0.000,5.000,5.000,0.000,1.000,0.15,0.00
13.84951,0.00,0.00,0.00,0.000,0.000,0.000,0.000,0.000,0.000,0.00,0.00,0.000,0.000,0.184,0.108,-0.033,0.179,0.284,0.007,0.000,0.000,0.000,5.000,5.000,0.000,1.000,0.15,0.00
13.86045,0.00,0.00,0.00,0.000,0.000,0.000,0.000,0.000,0.000,0.00,0.00,0.000,0.000,0.183,0.108,0.011,0.172,0.284,0.004,0.000,0.000,0.000,5.000,5.000,0.000,1.000,0.15,0.00
13.87103,0.00,0.00,0.00,0.000,0.000,0.000,0.000,0.000,0.000,0.00,0.00,0.000,0.000,0.183,0.108,-0.011,0.172,0.284,0.002,0.000,0.000,0.000,5.000,5.000,0.000,1.000,0.15,0.00
13.88205,0.00,0.00,0.00,0.000,0.000,0.000,0.000,0.000,0.000,0.00,0.00,0.000,0.000,0.183,0.108,-0.055,0.172,0.285,0.003,0.000,0.000,0.000,5.000,5.000,0.000,1.000,0.15,0.00
13.89300,0.00,0.00,0.00,0.000,0.000,0.000,0.000,0.000,0.000,0.00,0.00,0.000,0.000,0.183,0.108,-0.033,0.172,0.285,0.002,0.000,0.000,0.000,5.000,5.000,0.000,1.000,0.15,0.00
13.90524,0.00,0.00,0.00,0.000,0.000,0.000,0.000,0.000,0.000,0.00,0.00,0.000,0.000,0.182,0.108,-0.033,0.187,0.285,0.001,0.000,0.000,0.000,5.000,5.000,0.000,1.000,0.15,0.00
13.91578,0.00,0.00,0.00,0.000,0.000,0.000,0.000,0.000,0.000,0.00,0.00,0.000,0.000,0.185,0.108,-0.033,0.172,0.285,0.008,0.000,0.000,0.000,5.000,5.000,0.000,1.000,0.15,0.00
13.92702,0.00,0.00,0.00,0.000,0.000,0.000,0.000,0.000,0.000,0.00,0.00,0.000,0.000,0.184,0.108,0.055,0.172,0.285,0.005,0.000,0.000,0.000,5.000,5.000,0.000,1.000,0.15,0.00
13.93799,0.00,0.00,0.00,0.000,0.000,0.000,0.000,0.000,0.000,0.00,0.00,0.000,0.000,0.184,0.108,0.077,0.179,0.285,0.004,0.000,0.000,0.000,5.000,5.000,0.000,1.000,0.15,0.00
13.94873,0.00,0.00,0.00,0.000,0.000,0.000,0.000,0.000,0.000,0.00,0.00,0.000,0.000,0.183,0.108,0.011,0.172,0.285,0.003,0.000,0.000,0.000,5.000,5.000,0.000,1.000,0.15,0.00
13.95899,0.00,0.00,0.00,0.000,0.000,0.000,0.000,0.000,0.000,0.00,0.00,0.000,0.000,0.183,0.108,0.011,0.172,0.285,0.001,0.000,0.000,0.000,5.000,5.000,0.000,1.000,0.15,0.00
13.97070,0.00,0.00,0.00,0.000,0.000,0.000,0.000,0.000,0.000,0.00,0.00,0.000,0.000,0.182,0.108,-0.033,0.172,0.285,0.000,0.000,0.000,0.000,5.000,5.000,0.000,1.000,0.15,0.00
13.98126,0.00,0.00,0.00,0.000,0.000,0.000,0.000,0.000,0.000,0.00,0.00,0.000,0.000,0.181,0.108,0.055,0.172,0.285,-0.005,0.000,0.000,0.000,5.000,5.000,0.000,1.000,0.15,0.00
13.99142,0.00,0.00,0.00,0.000,0.000,0.000,0.000,0.000,0.000,0.00,0.00,0.000,0.000,0.181,0.108,-0.055,0.172,0.285,-0.004,0.000,0.000,0.000,5.000,5.000,0.000,1.000,0.15,0.00
14.00295,0.00,0.00,0.00,0.000,0.000,0.000,0.000,0.000,0.000,0.00,0.00,0.000,0.000,0.181,0.108,-0.033,0.172,0.285,-0.003,0.000,0.000,0.000,5.000,5.000,0.000,1.000,0.15,0.00
14.01525,0.00,0.00,0.00,0.000,0.000,0.000,0.000,0.000,0.000,0.00,0.00,0.000,0.000,0.181,0.108,-0.099,0.172,0.285,-0.005,0.000,0.000,0.000,5.000,5.000,0.000,1.000,0.15,0.00
14.02622,0.00,0.00,0.00,0.000,0.000,0.000,0.000,0.000,0.000,0.00,0.00,0.000,0.000,0.181,0.108,-0.055,0.172,0.285,-0.006,0.000,0.000,0.000,5.000,5.000,0.000,1.000,0.15,0.00
14.03646,0.00,0.00,0.00,0.000,0.000,0.000,0.000,0.000,0.000,0.00,0.00,0.000,0.000,0.180,0.108,-0.011,0.179,0.284,-0.009,0.000,0.000,0.000,5.000,5.000,0.000,1.000,0.15,0.00
14.04781,0.00,0.00,0.00,0.000,0.000,0.000,0.000,0.000,0.000,0.00,0.00,0.000,0.000,0.181,0.108,-0.077,0.172,0.284,-0.006,0.000,0.000,0.000,5.000,5.000,0.000,1.000,0.15,0.00
14.05798,0.00,0.00,0.00,0.000,0.000,0.000,0.000,0.000,0.000,0.00,0.00,0.000,0.000,0.180,0.108,0.011,0.179,0.284,-0.007,0.000,0.000,0.000,5.000,5.000,0.000,1.000,0.15,0.00
14.06848,0.00,0.00,0.00,0.000,0.000,0.000,0.000,0.000,0.000,0.00,0.00,0.000,0.000,0.181,0.108,-0.121,0.187,0.284,-0.005,0.000,0.000,0.000,5.000,5.000,0.000,1.000,0.15,0.00
14.08047,0.00,0.00,0.00,0.000,0.000,0.000,0.000,0.000,0.000,0.00,0.00,0.000,0.000,0.181,0.108,-0.033,0.187,0.284,-0.004,0.000,0.000,0.000,5.000,5.000,0.000,1.000,0.15,0.00
14.09070,0.00,0.00,0.00,0.000,0.000,0.000,0.000,0.000,0.000,0.00,0.00,0.000,0.000,0.181,0.108,-0.099,0.172,0.284,-0.004,0.000,0.000,0.000,5.000,5.000,0.000,1.000,0.15,0.00
14.10151,0.00,0.00,0.00,0.000,0.000,0.000,0.000,0.000,0.000,0.00,0.00,0.000,0.000,0.181,0.108,-0.033,0.179,0.284,-0.003,0.000,0.000,0.000,5.000,5.000,0.000,1.000,0.15,0.00
14.11178,0.00,0.00,0.00,0.000,0.000,0.000,0.000,0.000,0.000,0.00,0.00,0.000,0.000,0.180,0.108,0.011,0.179,0.284,-0.008,0.000,0.000,0.000,5.000,5.000,0.000,1.000,0.15,0.00
14.12268,0.00,0.00,0.00,0.000,0.000,0.000,0.000,0.000,0.000,0.00,0.00,0.000,0.000,0.181,0.108,0.033,0.179,0.284,-0.005,0.000,0.000,0.000,5.000,5.000,0.000,1.000,0.15,0.00
14.13393,0.00,0.00,0.00,0.000,0.000,0.000,0.000,0.000,0.000,0.00,0.00,0.000,0.000,0.179,0.108,-0.055,0.179,0.284,-0.011,0.000,0.000,0.000,5.000,5.000,0.000,1.000,0.15,0.00
14.14514,0.00,0.00,0.00,0.000,0.000,0.000,0.000,0.000,0.000,0.00,0.00,0.000,0.000,0.178,0.108,0.121,0.172,0.284,-0.015,0.000,0.000,0.000,5.000,5.000,0.000,1.000,0.15,0.00
14.15946,0.00,0.00,0.00,0.000,0.000,0.000,0.000,0.000,0.000,0.00,0.00,0.000,0.000,0.179,0.108,-0.011,0.165,0.284,-0.010,0.000,0.000,0.000,5.000,5.000,0.000,1.000,0.15,0.00
14.16968,0.00,0.00,0.00,0.000,0.000,0.000,0.000,0.000,0.000,0.00,0.00,0.000,0.000,0.179,0.108,-0.011,0.172,0.284,-0.013,0.000,0.000,0.000,5.000,5.000,0.000,1.000,0.15,0.00
14.18045,0.00,0.00,0.00,0.000,0.000,0.000,0.000,0.000,0.000,0.00,0.00,0.000,0.000,0.180,0.108,0.011,0.165,0.284,-0.009,0.000,0.000,0.000,5.000,5.000,0.000,1.000,0.15,0.00
14.19062,0.00,0.00,0.00,0.000,0.000,0.000,0.000,0.000,0.000,0.00,0.00,0.000,0.000,0.180,0.108,0.011,0.165,0.283,-0.010,0.000,0.000,0.000,5.000,5.000,0.000,1.000,0.15,0.00
14.20140,0.00,0.00,0.00,0.000,0.000,0.000,0.000,0.000,0.000,0.00,0.00,0.000,0.000,0.180,0.108,-0.055,0.179,0.283,-0.007,0.000,0.000,0.000,5.000,5.000,0.000,1.000,0.15,0.00
14.21163,0.00,0.00,0.00,0.000,0.000,0.000,0.000,0.000,0.000,0.00,0.00,0.000,0.000,0.179,0.108,-0.011,0.158,0.283,-0.010,0.000,0.000,0.000,5.000,5.000,0.000,1.000,0.15,0.00
14.22197,0.00,0.00,0.00,0.000,0.000,0.000,0.000,0.000,0.000,0.00,0.00,0.000,0.000,0.180,0.108,-0.011,0.158,0.283,-0.007,0.000,0.000,0.000,5.000,5.000,0.000,1.000,0.15,0.00
14.23213,0.00,0.00,0.00,0.000,0.000,0.000,0.000,0.000,0.000,0.00,0.00,0.000,0.000,0.179,0.108,-0.011,0.187,0.283,-0.013,0.000,0.000,0.000,5.000,5.000,0.000,1.000,0.15,0.00
14.24317,0.00,0.00,0.00,0.000,0.000,0.000,0.000,0.000,0.000,0.00,0.00,0.000,0.000,0.180,0.108,-0.077,0.194,0.283,-0.009,0.000,0.000,0.000,5.000,5.000,0.000,1.000,0.15,0.00
14.25567,0.00,0.00,0.00,0.000,0.000,0.000,0.000,0.000,0.000,0.00,0.00,0.000,0.000,0.178,0.108,-0.099,0.158,0.283,-0.015,0.000,0.000,0.000,5.000,5.000,0.000,1.000,0.15,0.00
14.26679,0.00,0.00,0.00,0.000,0.000,0.000,0.000,0.000,0.000,0.00,0.00,0.000,0.000,0.179,0.108,0.011,0.179,0.283,-0.010,0.000,0.000,0.000,5.000,5.000,0.000,1.000,0.15,0.00
14.27696,0.00,0.00,0.00,0.000,0.000,0.000,0.000,0.000,0.000,0.00,0.00,0.000,0.000,0.178,0.108,0.011,0.172,0.283,-0.016,0.000,0.000,0.000,5.000,5.000,0.000,1.000,0.15,0.00
14.28826,0.00,0.00,0.00,0.000,0.000,0.000,0.000,0.000,0.000,0.00,0.00,0.000,0.000,0.179,0.108,-0.011,0.165,0.283,-0.011,0.000,0.000,0.000,5.000,5.000,0.000,1.000,0.15,0.00
14.29845,0.00,0.00,0.00,0.000,0.000,0.000,0.000,0.000,0.000,0.00,0.00,0.000,0.000,0.178,0.108,-0.121,0.165,0.282,-0.016,0.000,0.000,0.000,5.000,5.000,0.000,1.000,0.15,0.00
14.30936,0.00,0.00,0.00,0.000,0.000,0.000,0.000,0.000,0.000,0.00,0.00,0.000,0.000,0.177,0.108,-0.011,0.165,0.282,-0.018,0.000,0.000,0.000,5.000,5.000,0.000,1.000,0.15,0.00
14.31965,0.00,0.00,0.00,0.000,0.000,0.000,0.000,0.000,0.000,0.00,0.00,0.000,0.000,0.179,0.108,-0.011,0.179,0.282,-0.013,0.000,0.000,0.000,5.000,5.000,0.000,1.000,0.15,0.00
14.33109,0.00,0.00,0.00,0.000,0.000,0.000,0.000,0.000,0.000,0.00,0.00,0.000,0.000,0.180,0.108,0.033,0.179,0.282,-0.008,0.000,0.000,0.000,5.000,5.000,0.000,1.000,0.15,0.00
14.34280,0.00,0.00,0.00,0.000,0.000,0.000,0.000,0.000,0.000,0.00,0.00,0.000,0.000,0.179,0.108,0.077,0.172,0.282,-0.013,0.000,0.000,0.000,5.000,5.000,0.000,1.000,0.15,0.00
14.35445,0.00,0.00,0.00,0.000,0.000,0.000,0.000,0.000,0.000,0.00,0.00,0.000,0.000,0.178,0.108,-0.011,0.179,0.282,-0.014,0.000,0.000,0.000,5.000,5.000,0.000,1.000,0.15,0.00
14.36473,0.00,0.00,0.00,0.000,0.000,0.000,0.000,0.000,0.000,0.00,0.00,0.000,0.000,0.180,0.108,0.033,0.172,0.282,-0.010,0.000,0.000,0.000,5.000,5.000,0.000,1.000,0.15,0.00
14.37497,0.00,0.00,0.00,0.000,0.000,0.000,0.000,0.000,0.000,0.00,0.00,0.000,0.000,0.178,0.108,0.055,0.172,0.281,-0.014,0.000,0.000,0.000,5.000,5.000,0.000,1.000,0.15,0.00
14.38557,0.00,0.00,0.00,0.000,0.000,0.000,0.000,0.000,0.000,0.00,0.00,0.000,0.000,0.180,0.108,0.077,0.172,0.281,-0.010,0.000,0.000,0.000,5.000,5.000,0.000,1.000,0.15,0.00
14.39571,0.00,0.00,0.00,0.000,0.000,0.000,0.000,0.000,0.000,0.00,0.00,0.000,0.000,0.178,0.108,0.077,0.172,0.281,-0.014,0.000,0.000,0.000,5.000,5.000,0.000,1.000,0.15,0.00
14.40586,0.00,0.00,0.00,0.000,0.000,0.000,0.000,0.000,0.000,0.00,0.00,0.000,0.000,0.180,0.108,-0.011,0.165,0.281,-0.009,0.000,0.000,0.000,5.000,5.000,0.000,1.000,0.15,0.00
14.41611,0.00,0.00,0.00,0.000,0.000,0.000,0.000,0.000,0.000,0.00,0.00,0.000,0.000,0.181,0.108,-0.011,0.165,0.281,-0.006,0.000,0.000,0.000,5.000,5.000,0.000,1.000,0.15,0.00
14.42749,0.00,0.00,0.00,0.000,0.000,0.000,0.000,0.000,0.000,0.00,0.00,0.000,0.000,0.179,0.108,-0.011,0.172,0.281,-0.011,0.000,0.000,0.000,5.000,5.000,0.000,1.000,0.15,0.00
14.43774,0.00,0.00,0.00,0.000,0.000,0.000,0.000,0.000,0.000,0.00,0.00,0.000,0.000,0.179,0.108,-0.011,0.179,0.281,-0.012,0.000,0.000,0.000,5.000,5.000,0.000,1.000,0.15,0.00
14.44799,0.00,0.00,0.00,0.000,0.000,0.000,0.000,0.000,0.000,0.00,0.00,0.000,0.000,0.180,0.108,0.033,0.179,0.281,-0.010,0.000,0.000,0.000,5.000,5.000,0.000,1.000,0.15,0.00
14.45822,0.00,0.00,0.00,0.000,0.000,0.000,0.000,0.000,0.000,0.00,0.00,0.000,0.000,0.180,0.108,-0.055,0.172,0.281,-0.007,0.000,0.000,0.000,5.000,5.000,0.000,1.000,0.15,0.00
14.46893,0.00,0.00,0.00,0.000,0.000,0.000,0.000,0.000,0.000,0.00,0.00,0.000,0.000,0.181,0.108,-0.077,0.172,0.281,-0.004,0.000,0.000,0.000,5.000,5.000,0.000,1.000,0.15,0.00
14.48009,0.00,0.00,0.00,0.000,0.000,0.000,0.000,0.000,0.000,0.00,0.00,0.000,0.000,0.181,0.108,-0.011,0.172,0.281,-0.004,0.000,0.000,0.000,5.000,5.000,0.000,1.000,0.15,0.00
14.49047,0.00,0.00,0.00,0.000,0.000,0.000,0.000,0.000,0.000,0.00,0.00,0.000,0.000,0.181,0.108,0.033,0.187,0.281,-0.003,0.000,0.000,0.000,5.000,5.000,0.000,1.000,0.15,0.00
14.50073,0.00,0.00,0.00,0.000,0.000,0.000,0.000,0.000,0.000,0.00,0.00,0.000,0.000,0.182,0.108,-0.055,0.165,0.281,-0.002,0.000,0.000,0.000,5.000,5.000,0.000,1.000,0.15,0.00
14.51455,0.00,0.00,0.00,0.000,0.000,0.000,0.000,0.000,0.000,0.00,0.00,0.000,0.000,0.182,0.108,-0.011,0.165,0.281,-0.001,0.000,0.000,0.000,5.000,5.000,0.000,1.000,0.15,0.00
14.52504,0.00,0.00,0.00,0.000,0.000,0.000,0.000,0.000,0.000,0.00,0.00,0.000,0.000,0.181,0.108,-0.011,0.165,0.281,-0.004,0.000,0.000,0.000,5.000,5.000,0.000,1.000,0.15,0.00
14.53523,0.00,0.00,0.00,0.000,0.000,0.000,0.000,0.000,0.000,0.00,0.00,0.000,0.000,0.182,0.108,-0.099,0.165,0.281,-0.003,0.000,0.000,0.000,5.000,5.000,0.000,1.000,0.15,0.00
14.54669,0.00,0.00,0.00,0.000,0.000,0.000,0.000,0.000,0.000,0.00,0.00,0.000,0.000,0.182,0.108,-0.033,0.179,0.281,-0.002,0.000,0.000,0.000,5.000,5.000,0.000,1.000,0.15,0.00
14.55706,0.00,0.00,0.00,0.000,0.000,0.000,0.000,0.000,0.000,0.00,0.00,0.000,0.000,0.181,0.108,0.033,0.179,0.280,-0.005,0.000,0.000,0.000,5.000,5.000,0.000,1.000,0.15,0.00
14.56739,0.00,0.00,0.00,0.000,0.000,0.000,0.000,0.000,0.000,0.00,0.00,0.000,0.000,0.181,0.108,-0.033,0.179,0.280,-0.003,0.000,0.000,0.000,5.000,5.000,0.000,1.000,0.15,0.00
14.57761,0.00,0.00,0.00,0.000,0.000,0.000,0.000,0.000,0.000,0.00,0.00,0.000,0.000,0.181,0.108,-0.143,0.165,0.280,-0.004,0.000,0.000,0.000,5.000,5.000,0.000,1.000,0.15,0.00
14.58829,0.00,0.00,0.00,0.000,0.000,0.000,0.000,0.000,0.000,0.00,0.00,0.000,0.000,0.182,0.108,0.011,0.179,0.280,-0.002,0.000,0.000,0.000,5.000,5.000,0.000,1.000,0.15,0.00
14.59888,0.00,0.00,0.00,0.000,0.000,0.000,0.000,0.000,0.000,0.00,0.00,0.000,0.000,0.182,0.108,0.055,0.165,0.280,-0.001,0.000,0.000,0.000,5.000,5.000,0.000,1.000,0.15,0.00
14.61383,0.00,0.00,0.00,0.000,0.000,0.000,0.000,0.000,0.000,0.00,0.00,0.000,0.000,0.182,0.108,0.055,0.165,0.280,-0.000,0.000,0.000,0.000,5.000,5.000,0.000,1.000,0.15,0.00
14.62491,0.00,0.00,0.00,0.000,0.000,0.000,0.000,0.000,0.000,0.00,0.00,0.000,0.000,0.182,0.108,-0.055,0.179,0.281,0.004,0.000,0.000,0.000,5.000,5.000,0.000,1.000,0.15,0.00
14.63518,0.00,0.00,0.00,0.000,0.000,0.000,0.000,0.000,0.000,0.00,0.00,0.000,0.000,0.183,0.108,0.077,0.172,0.281,0.003,0.000,0.000,0.000,5.000,5.000,0.000,1.000,0.15,0.00
14.64573,0.00,0.00,0.00,0.000,0.000,0.000,0.000,0.000,0.000,0.00,0.00,0.000,0.000,0.183,0.108,0.033,0.179,0.281,0.004,0.000,0.000,0.000,5.000,5.000,0.000,1.000,0.15,0.00
14.65591,0.00,0.00,0.00,0.000,0.000,0.000,0.000,0.000,0.000,0.00,0.00,0.000,0.000,0.183,0.108,-0.055,0.179,0.281,0.003,0.000,0.000,0.000,5.000,5.000,0.000,1.000,0.15,0.00
14.66638,0.00,0.00,0.00,0.000,0.000,0.000,0.000,0.000,0.000,0.00,0.00,0.000,0.000,0.183,0.108,0.011,0.172,0.281,0.002,0.000,0.000,0.000,5.000,5.000,0.000,1.000,0.15,0.00
14.67751,0.00,0.00,0.00,0.000,0.000,0.000,0.000,0.000,0.000,0.00,0.00,0.000,0.000,0.183,0.108,-0.121,0.194,0.281,0.002,0.000,0.000,0.000,5.000,5.000,0.000,1.000,0.15,0.00
14.68804,0.00,0.00,0.00,0.000,0.000,0.000,0.000,0.000,0.000,0.00,0.00,0.000,0.000,0.183,0.108,0.099,0.165,0.281,0.001,0.000,0.000,0.000,5.000,5.000,0.000,1.000,0.15,0.00
14.69858,0.00,0.00,0.00,0.000,0.000,0.000,0.000,0.000,0.000,0.00,0.00,0.000,0.000,0.183,0.108,-0.011,0.187,0.281,0.001,0.000,0.000,0.000,5.000,5.000,0.000,1.000,0.15,0.00
14.71031,0.00,0.00,0.00,0.000,0.000,0.000,0.000,0.000,0.000,0.00,0.00,0.000,0.000,0.183,0.108,0.011,0.172,0.281,0.001,0.000,0.000,0.000,5.000,5.000,0.000,1.000,0.15,0.00
14.72235,0.00,0.00,0.00,0.000,0.000,0.000,0.000,0.000,0.000,0.00,0.00,0.000,0.000,0.183,0.108,-0.011,0.172,0.281,0.002,0.000,0.000,0.000,5.000,5.000,0.000,1.000,0.15,0.00
14.73273,0.00,0.00,0.00,0.000,0.000,0.000,0.000,0.000,0.000,0.00,0.00,0.000,0.000,0.183,0.108,0.033,0.194,0.281,0.005,0.000,0.000,0.000,5.000,5.000,0.000,1.000,0.15,0.00
14.74405,0.00,0.00,0.00,0.000,0.000,0.000,0.000,0.000,0.000,0.00,0.00,0.000,0.000,0.184,0.108,0.033,0.194,0.281,0.004,0.000,0.000,0.000,5.000,5.000,0.000,1.000,0.15,0.00
14.75449,0.00,0.00,0.00,0.000,0.000,0.000,0.000,0.000,0.000,0.00,0.00,0.000,0.000,0.183,0.108,0.055,0.172,0.281,0.005,0.000,0.000,0.000,5.000,5.000,0.000,1.000,0.15,0.00
14.76575,0.00,0.00,0.00,0.000,0.000,0.000,0.000,0.000,0.000,0.00,0.00,0.000,0.000,0.184,0.108,-0.033,0.179,0.281,0.003,0.000,0.000,0.000,5.000,5.000,0.000,1.000,0.15,0.00
14.77635,0.00,0.00,0.00,0.000,0.000,0.000,0.000,0.000,0.000,0.00,0.00,0.000,0.000,0.183,0.108,-0.055,0.165,0.281,0.003,0.000,0.000,0.000,5.000,5.000,0.000,1.000,0.15,0.00
14.78758,0.00,0.00,0.00,0.000,0.000,0.000,0.000,0.000,0.000,0.00,0.00,0.000,0.000,0.183,0.108,0.033,0.187,0.281,0.002,0.000,0.000,0.000,5.000,5.000,0.000,1.000,0.15,0.00
14.79989,0.00,0.00,0.00,0.000,0.000,0.000,0.000,0.000,0.000,0.00,0.00,0.000,0.000,0.183,0.108,-0.077,0.172,0.281,0.001,0.000,0.000,0.000,5.000,5.000,0.000,1.000,0.15,0.00
14.81006,0.00,0.00,0.00,0.000,0.000,0.000,0.000,0.000,0.000,0.00,0.00,0.000,0.000,0.183,0.108,0.077,0.172,0.281,-0.002,0.000,0.000,0.000,5.000,5.000,0.000,1.000,0.15,0.00
14.82089,0.00,0.00,0.00,0.000,0.000,0.000,0.000,0.000,0.000,0.00,0.00,0.000,0.000,0.182,0.108,-0.077,0.179,0.281,-0.002,0.000,0.000,0.000,5.000,5.000,0.000,1.000,0.15,0.00
14.83300,0.00,0.00,0.00,0.000,0.000,0.000,0.000,0.000,0.000,0.00,0.00,0.000,0.000,0.182,0.108,-0.011,0.179,0.281,-0.007,0.000,0.000,0.000,5.000,5.000,0.000,1.000,0.15,0.00
14.84319,0.00,0.00,0.00,0.000,0.000,0.000,0.000,0.000,0.000,0.00,0.00,0.000,0.000,0.180,0.108,-0.011,0.179,0.281,-0.005,0.000,0.000,0.000,5.000,5.000,0.000,1.000,0.15,0.00
14.85335,0.00,0.00,0.00,0.000,0.000,0.000,0.000,0.000,0.000,0.00,0.00,0.000,0.000,0.181,0.108,0.033,0.179,0.280,-0.013,0.000,0.000,0.000,5.000,5.000,0.000,1.000,0.15,0.00
14.86354,0.00,0.00,0.00,0.000,0.000,0.000,0.000,0.000,0.000,0.00,0.00,0.000,0.000,0.179,0.108,-0.077,0.179,0.280,-0.009,0.000,0.000,0.000,5.000,5.000,0.000,1.000,0.15,0.00
14.87377,0.00,0.00,0.00,0.000,0.000,0.000,0.000,0.000,0.000,0.00,0.00,0.000,0.000,0.180,0.108,0.033,0.165,0.280,-0.016,0.000,0.000,0.000,5.000,5.000,0.000,1.000,0.15,0.00
14.88393,0.00,0.00,0.00,0.000,0.000,0.000,0.000,0.000,0.000,0.00,0.00,0.000,0.000,0.178,0.108,-0.055,0.194,0.280,-0.011,0.000,0.000,0.000,5.000,5.000,0.000,1.000,0.15,0.00
14.89429,0.00,0.00,0.00,0.000,0.000,0.000,0.000,0.000,0.000,0.00,0.00,0.000,0.000,0.179,0.108,0.033,0.179,0.280,-0.018,0.000,0.000,0.000,5.000,5.000,0.000,1.000,0.15,0.00
14.90501,0.00,0.00,0.00,0.000,0.000,0.000,0.000,0.000,0.000,0.00,0.00,0.000,0.000,0.177,0.108,0.033,0.179,0.279,-0.023,0.000,0.000,0.000,5.000,5.000,0.000,1.000,0.15,0.00
14.91520,0.00,0.00,0.00,0.000,0.000,0.000,0.000,0.000,0.000,0.00,0.00,0.000,0.000,0.176,0.108,-0.055,0.172,0.279,-0.016,0.000,0.000,0.000,5.000,5.000,0.000,1.000,0.15,0.00
14.92847,0.00,0.00,0.00,0.000,0.000,0.000,0.000,0.000,0.000,0.00,0.00,0.000,0.000,0.178,0.108,-0.055,0.172,0.279,-0.016,0.000,0.000,0.000,5.000,5.000,0.000,1.000,0.15,0.00
14.93865,0.00,0.00,0.00,0.000,0.000,0.000,0.000,0.000,0.000,0.00,0.00,0.000,0.000,0.178,0.108,-0.055,0.158,0.279,-0.016,0.000,0.000,0.000,5.000,5.000,0.000,1.000,0.15,0.00
14.95095,0.00,0.00,0.00,0.000,0.000,0.000,0.000,0.000,0.000,0.00,0.00,0.000,0.000,0.179,0.108,-0.055,0.165,0.279,-0.011,0.000,0.000,0.000,5.000,5.000,0.000,1.000,0.15,0.00
14.96773,0.00,0.00,0.00,0.000,0.000,0.000,0.000,0.000,0.000,0.00,0.00,0.000,0.000,0.174,0.108,0.077,0.165,0.279,-0.021,0.000,0.000,0.000,5.000,5.000,0.000,1.000,0.15,0.00
14.97863,0.00,0.00,0.00,0.000,0.000,0.000,0.000,0.000,0.000,0.00,0.00,0.000,0.000,0.177,0.108,0.077,0.165,0.279,-0.021,0.000,0.000,0.000,5.000,5.000,0.000,1.000,0.15,0.00
14.98877,0.00,0.00,0.00,0.000,0.000,0.000,0.000,0.000,0.000,0.00,0.00,0.000,0.000,0.177,0.108,0.033,0.158,0.278,-0.019,0.000,0.000,0.000,5.000,5.000,0.000,1.000,0.15,0.00
15.00176,0.00,0.00,0.00,0.000,0.000,0.000,0.000,0.000,0.000,0.00,0.00,0.000,0.000,0.174,0.108,0.011,0.172,0.278,-0.029,0.000,0.000,0.000,5.000,5.000,0.000,1.000,0.15,0.00
15.01194,0.00,0.00,0.00,0.000,0.000,0.000,0.000,0.000,0.000,0.00,0.00,0.000,0.000,0.174,0.108,0.011,0.172,0.278,-0.031,0.000,0.000,0.000,5.000,5.000,0.000,1.000,0.15,0.00
15.02381,0.00,0.00,0.00,0.000,0.000,0.000,0.000,0.000,0.000,0.00,0.00,0.000,0.000,0.176,0.108,-0.011,0.172,0.278,-0.022,0.000,0.000,0.000,5.000,5.000,0.000,1.000,0.15,0.00
15.03407,0.00,0.00,0.00,0.000,0.000,0.000,0.000,0.000,0.000,0.00,0.00,0.000,0.000,0.177,0.108,0.011,0.172,0.277,-0.019,0.000,0.000,0.000,5.000,5.000,0.000,1.000,0.15,0.00
15.04422,0.00,0.00,0.00,0.000,0.000,0.000,0.000,0.000,0.000,0.00,0.00,0.000,0.000,0.179,0.108,0.011,0.172,0.277,-0.013,0.000,0.000,0.000,5.000,5.000,0.000,1.000,0.15,0.00
15.05496,0.00,0.00,0.00,0.000,0.000,0.000,0.000,0.000,0.000,0.00,0.00,0.000,0.000,0.181,0.108,-0.077,0.172,0.278,-0.006,0.000,0.000,0.000,5.000,5.000,0.000,1.000,0.15,0.00
15.06528,0.00,0.00,0.00,0.000,0.000,0.000,0.000,0.000,0.000,0.00,0.00,0.000,0.000,0.181,0.108,0.011,0.172,0.278,-0.003,0.000,0.000,0.000,5.000,5.000,0.000,1.000,0.15,0.00
15.07808,0.00,0.00,0.00,0.000,0.000,0.000,0.000,0.000,0.000,0.00,0.00,0.000,0.000,0.182,0.108,0.011,0.172,0.278,-0.002,0.000,0.000,0.000,5.000,5.000,0.000,1.000,0.15,0.00
15.08836,0.00,0.00,0.00,0.000,0.000,0.000,0.000,0.000,0.000,0.00,0.00,0.000,0.000,0.188,0.108,-0.033,0.179,0.278,0.019,0.000,0.000,0.000,5.000,5.000,0.000,1.000,0.15,0.00
15.09921,0.00,0.00,0.00,0.000,0.000,0.000,0.000,0.000,0.000,0.00,0.00,0.000,0.000,0.186,0.108,-0.077,0.172,0.278,0.015,0.000,0.000,0.000,5.000,5.000,0.000,1.000,0.15,0.00
15.10938,0.00,0.00,0.00,0.000,0.000,0.000,0.000,0.000,0.000,0.00,0.00,0.000,0.000,0.190,0.108,-0.011,0.172,0.278,0.025,0.000,0.000,0.000,5.000,5.000,0.000,1.000,0.15,0.00
15.12028,0.00,0.00,0.00,0.000,0.000,0.000,0.000,0.000,0.000,0.00,0.00,0.000,0.000,0.188,0.108,0.033,0.187,0.278,0.019,0.000,0.000,0.000,5.000,5.000,0.000,1.000,0.15,0.00
15.13113,0.00,0.00,0.00,0.000,0.000,0.000,0.000,0.000,0.000,0.00,0.00,0.000,0.000,0.186,0.108,-0.011,0.172,0.278,0.014,0.000,0.000,0.000,5.000,5.000,0.000,1.000,0.15,0.00
15.14323,0.00,0.00,0.00,0.000,0.000,0.000,0.000,0.000,0.000,0.00,0.00,0.000,0.000,0.189,0.108,-0.011,0.187,0.279,0.024,0.000,0.000,0.000,5.000,5.000,0.000,1.000,0.15,0.00
15.15343,0.00,0.00,0.00,0.000,0.000,0.000,0.000,0.000,0.000,0.00,0.00,0.000,0.000,0.191,0.108,-0.033,0.165,0.279,0.031,0.000,0.000,0.000,5.000,5.000,0.000,1.000,0.15,0.00
15.16683,0.00,0.00,0.00,0.000,0.000,0.000,0.000,0.000,0.000,0.00,0.00,0.000,0.000,0.189,0.108,-0.077,0.179,0.279,0.022,0.000,0.000,0.000,5.000,5.000,0.000,1.000,0.15,0.00
15.17698,0.00,0.00,0.00,0.000,0.000,0.000,0.000,0.000,0.000,0.00,0.00,0.000,0.000,0.189,0.108,-0.099,0.172,0.280,0.024,0.000,0.000,0.000,5.000,5.000,0.000,1.000,0.15,0.00
15.18741,0.00,0.00,0.00,0.000,0.000,0.000,0.000,0.000,0.000,0.00,0.00,0.000,0.000,0.187,0.108,-0.011,0.187,0.280,0.017,0.000,0.000,0.000,5.000,5.000,0.000,1.000,0.15,0.00
15.19965,0.00,0.00,0.00,0.000,0.000,0.000,0.000,0.000,0.000,0.00,0.00,0.000,0.000,0.187,0.108,-0.011,0.187,0.280,0.017,0.000,0.000,0.000,5.000,5.000,0.000,1.000,0.15,0.00
15.20982,0.00,0.00,0.00,0.000,0.000,0.000,0.000,0.000,0.000,0.00,0.00,0.000,0.000,0.188,0.108,-0.033,0.187,0.280,0.020,0.000,0.000,0.000,5.000,5.000,0.000,1.000,0.15,0.00
15.21998,0.00,0.00,0.00,0.000,0.000,0.000,0.000,0.000,0.000,0.00,0.00,0.000,0.000,0.186,0.108,0.099,0.179,0.280,0.014,0.000,0.000,0.000,5.000,5.000,0.000,1.000,0.15,0.00
15.23049,0.00,0.00,0.00,0.000,0.000,0.000,0.000,0.000,0.000,0.00,0.00,0.000,0.000,0.185,0.108,0.055,0.179,0.280,0.010,0.000,0.000,0.000,5.000,5.000,0.000,1.000,0.15,0.00
15.24223,0.00,0.00,0.00,0.000,0.000,0.000,0.000,0.000,0.000,0.00,0.00,0.000,0.000,0.187,0.108,0.033,0.165,0.280,0.016,0.000,0.000,0.000,5.000,5.000,0.000,1.000,0.15,0.00
15.25470,0.00,0.00,0.00,0.000,0.000,0.000,0.000,0.000,0.000,0.00,0.00,0.000,0.000,0.188,0.108,0.033,0.165,0.280,0.022,0.000,0.000,0.000,5.000,5.000,0.000,1.000,0.15,0.00
15.26700,0.00,0.00,0.00,0.000,0.000,0.000,0.000,0.000,0.000,0.00,0.00,0.000,0.000,0.187,0.108,0.077,0.187,0.280,0.015,0.000,0.000,0.000,5.000,5.000,0.000,1.000,0.15,0.00
15.27813,0.00,0.00,0.00,0.000,0.000,0.000,0.000,0.000,0.000,0.00,0.00,0.000,0.000,0.189,0.108,0.099,0.179,0.281,0.023,0.000,0.000,0.000,5.000,5.000,0.000,1.000,0.15,0.00
15.28832,0.00,0.00,0.00,0.000,0.000,0.000,0.000,0.000,0.000,0.00,0.00,0.000,0.000,0.191,0.108,0.011,0.179,0.281,0.031,0.000,0.000,0.000,5.000,5.000,0.000,1.000,0.15,0.00
15.29877,0.00,0.00,0.00,0.000,0.000,0.000,0.000,0.000,0.000,0.00,0.00,0.000,0.000,0.188,0.108,-0.033,0.179,0.281,0.022,0.000,0.000,0.000,5.000,5.000,0.000,1.000,0.15,0.00
15.30893,0.00,0.00,0.00,0.000,0.000,0.000,0.000,0.000,0.000,0.00,0.00,0.000,0.000,0.186,0.108,-0.033,0.187,0.281,0.015,0.000,0.000,0.000,5.000,5.000,0.000,1.000,0.15,0.00
15.31913,0.00,0.00,0.00,0.000,0.000,0.000,0.000,0.000,0.000,0.00,0.00,0.000,0.000,0.190,0.108,-0.077,0.172,0.282,0.028,0.000,0.000,0.000,5.000,5.000,0.000,1.000,0.15,0.00
15.34032,0.00,0.00,0.00,0.000,0.000,0.000,0.000,0.000,0.000,0.00,0.00,0.000,0.000,0.188,0.108,0.011,0.187,0.282,0.030,0.000,0.000,0.000,5.000,5.000,0.000,1.000,0.15,0.00
15.35050,0.00,0.00,0.00,0.000,0.000,0.000,0.000,0.000,0.000,0.00,0.00,0.000,0.000,0.191,0.108,0.011,0.187,0.283,0.039,0.000,0.000,0.000,5.000,5.000,0.000,1.000,0.15,0.00
15.36066,0.00,0.00,0.00,0.000,0.000,0.000,0.000,0.000,0.000,0.00,0.00,0.000,0.000,0.193,0.108,-0.033,0.201,0.283,0.027,0.000,0.000,0.000,5.000,5.000,0.000,1.000,0.15,0.00
15.37081,0.00,0.00,0.00,0.000,0.000,0.000,0.000,0.000,0.000,0.00,0.00,0.000,0.000,0.190,0.108,0.011,0.187,0.283,0.032,0.000,0.000,0.000,5.000,5.000,0.000,1.000,0.15,0.00
15.38113,0.00,0.00,0.00,0.000,0.000,0.000,0.000,0.000,0.000,0.00,0.00,0.000,0.000,0.191,0.108,-0.077,0.165,0.283,0.022,0.000,0.000,0.000,5.000,5.000,0.000,1.000,0.15,0.00
15.39131,0.00,0.00,0.00,0.000,0.000,0.000,0.000,0.000,0.000,0.00,0.00,0.000,0.000,0.188,0.108,-0.077,0.165,0.284,0.024,0.000,0.000,0.000,5.000,5.000,0.000,1.000,0.15,0.00
15.40150,0.00,0.00,0.00,0.000,0.000,0.000,0.000,0.000,0.000,0.00,0.00,0.000,0.000,0.189,0.108,-0.011,0.179,0.284,0.021,0.000,0.000,0.000,5.000,5.000,0.000,1.000,0.15,0.00
15.41166,0.00,0.00,0.00,0.000,0.000,0.000,0.000,0.000,0.000,0.00,0.00,0.000,0.000,0.188,0.108,0.011,0.172,0.284,0.014,0.000,0.000,0.000,5.000,5.000,0.000,1.000,0.15,0.00
15.42201,0.00,0.00,0.00,0.000,0.000,0.000,0.000,0.000,0.000,0.00,0.00,0.000,0.000,0.186,0.108,-0.011,0.179,0.284,0.008,0.000,0.000,0.000,5.000,5.000,0.000,1.000,0.15,0.00
15.43293,0.00,0.00,0.00,0.000,0.000,0.000,0.000,0.000,0.000,0.00,0.00,0.000,0.000,0.185,0.108,-0.077,0.172,0.284,0.005,0.000,0.000,0.000,5.000,5.000,0.000,1.000,0.15,0.00
15.44322,0.00,0.00,0.00,0.000,0.000,0.000,0.000,0.000,0.000,0.00,0.00,0.000,0.000,0.184,0.108,-0.011,0.172,0.284,0.005,0.000,0.000,0.000,5.000,5.000,0.000,1.000,0.15,0.00
15.45878,0.00,0.00,0.00,0.000,0.000,0.000,0.000,0.000,0.000,0.00,0.00,0.000,0.000,0.184,0.108,-0.077,0.165,0.284,0.002,0.000,0.000,0.000,5.000,5.000,0.000,1.000,0.15,0.00
15.46924,0.00,0.00,0.00,0.000,0.000,0.000,0.000,0.000,0.000,0.00,0.00,0.000,0.000,0.184,0.108,-0.077,0.165,0.284,0.008,0.000,0.000,0.000,5.000,5.000,0.000,1.000,0.15,0.00
15.48174,0.00,0.00,0.00,0.000,0.000,0.000,0.000,0.000,0.000,0.00,0.00,0.000,0.000,0.184,0.108,-0.077,0.165,0.284,0.004,0.000,0.000,0.000,5.000,5.000,0.000,1.000,0.15,0.00
15.49326,0.00,0.00,0.00,0.000,0.000,0.000,0.000,0.000,0.000,0.00,0.00,0.000,0.000,0.184,0.108,-0.033,0.172,0.284,0.004,0.000,0.000,0.000,5.000,5.000,0.000,1.000,0.15,0.00
15.50465,0.00,0.00,0.00,0.000,0.000,0.000,0.000,0.000,0.000,0.00,0.00,0.000,0.000,0.183,0.108,0.011,0.187,0.284,0.002,0.000,0.000,0.000,5.000,5.000,0.000,1.000,0.15,0.00
15.51870,0.00,0.00,0.00,0.000,0.000,0.000,0.000,0.000,0.000,0.00,0.00,0.000,0.000,0.182,0.108,0.011,0.187,0.284,0.001,0.000,0.000,0.000,5.000,5.000,0.000,1.000,0.15,0.00
15.53137,0.00,0.00,0.00,0.000,0.000,0.000,0.000,0.000,0.000,0.00,0.00,0.000,0.000,0.182,0.108,-0.033,0.179,0.284,-0.000,0.000,0.000,0.000,5.000,5.000,0.000,1.000,0.15,0.00
15.54227,0.00,0.00,0.00,0.000,0.000,0.000,0.000,0.000,0.000,0.00,0.00,0.000,0.000,0.182,0.108,-0.055,0.187,0.284,-0.002,0.000,0.000,0.000,5.000,5.000,0.000,1.000,0.15,0.00
15.55537,0.00,0.00,0.00,0.000,0.000,0.000,0.000,0.000,0.000,0.00,0.00,0.000,0.000,0.182,0.108,0.099,0.172,0.284,-0.002,0.000,0.000,0.000,5.000,5.000,0.000,1.000,0.15,0.00
15.56702,0.00,0.00,0.00,0.000,0.000,0.000,0.000,0.000,0.000,0.00,0.00,0.000,0.000,0.180,0.108,-0.011,0.179,0.284,-0.009,0.000,0.000,0.000,5.000,5.000,0.000,1.000,0.15,0.00
15.57758,0.00,0.00,0.00,0.000,0.000,0.000,0.000,0.000,0.000,0.00,0.00,0.000,0.000,0.178,0.108,-0.011,0.172,0.284,-0.015,0.000,0.000,0.000,5.000,5.000,0.000,1.000,0.15,0.00
15.58776,0.00,0.00,0.00,0.000,0.000,0.000,0.000,0.000,0.000,0.00,0.00,0.000,0.000,0.177,0.108,-0.011,0.172,0.283,-0.021,0.000,0.000,0.000,5.000,5.000,0.000,1.000,0.15,0.00
15.60024,0.00,0.00,0.00,0.000,0.000,0.000,0.000,0.000,0.000,0.00,0.00,0.000,0.000,0.178,0.108,0.055,0.158,0.283,-0.015,0.000,0.000,0.000,5.000,5.000,0.000,1.000,0.15,0.00
15.61234,0.00,0.00,0.00,0.000,0.000,0.000,0.000,0.000,0.000,0.00,0.00,0.000,0.000,0.179,0.108,0.055,0.158,0.283,-0.011,0.000,0.000,0.000,5.000,5.000,0.000,1.000,0.15,0.00
15.62281,0.00,0.00,0.00,0.000,0.000,0.000,0.000,0.000,0.000,0.00,0.00,0.000,0.000,0.178,0.108,0.011,0.179,0.283,-0.016,0.000,0.000,0.000,5.000,5.000,0.000,1.000,0.15,0.00
15.63636,0.00,0.00,0.00,0.000,0.000,0.000,0.000,0.000,0.000,0.00,0.00,0.000,0.000,0.179,0.108,0.011,0.179,0.283,-0.012,0.000,0.000,0.000,5.000,5.000,0.000,1.000,0.15,0.00
15.64755,0.00,0.00,0.00,0.000,0.000,0.000,0.000,0.000,0.000,0.00,0.00,0.000,0.000,0.178,0.108,0.099,0.172,0.283,-0.017,0.000,0.000,0.000,5.000,5.000,0.000,1.000,0.15,0.00
15.65898,0.00,0.00,0.00,0.000,0.000,0.000,0.000,0.000,0.000,0.00,0.00,0.000,0.000,0.178,0.108,-0.033,0.172,0.283,-0.021,0.000,0.000,0.000,5.000,5.000,0.000,1.000,0.15,0.00
15.66929,0.00,0.00,0.00,0.000,0.000,0.000,0.000,0.000,0.000,0.00,0.00,0.000,0.000,0.176,0.108,0.011,0.172,0.282,-0.024,0.000,0.000,0.000,5.000,5.000,0.000,1.000,0.15,0.00
15.67948,0.00,0.00,0.00,0.000,0.000,0.000,0.000,0.000,0.000,0.00,0.00,0.000,0.000,0.176,0.108,0.055,0.165,0.282,-0.017,0.000,0.000,0.000,5.000,5.000,0.000,1.000,0.15,0.00
15.69082,0.00,0.00,0.00,0.000,0.000,0.000,0.000,0.000,0.000,0.00,0.00,0.000,0.000,0.178,0.108,0.055,0.165,0.282,-0.019,0.000,0.000,0.000,5.000,5.000,0.000,1.000,0.15,0.00
15.70100,0.00,0.00,0.00,0.000,0.000,0.000,0.000,0.000,0.000,0.00,0.00,0.000,0.000,0.177,0.108,-0.077,0.172,0.282,-0.013,0.000,0.000,0.000,5.000,5.000,0.000,1.000,0.15,0.00
15.71138,0.00,0.00,0.00,0.000,0.000,0.000,0.000,0.000,0.000,0.00,0.00,0.000,0.000,0.179,0.108,-0.011,0.172,0.282,-0.016,0.000,0.000,0.000,5.000,5.000,0.000,1.000,0.15,0.00
15.72171,0.00,0.00,0.00,0.000,0.000,0.000,0.000,0.000,0.000,0.00,0.00,0.000,0.000,0.178,0.108,-0.011,0.172,0.282,-0.011,0.000,0.000,0.000,5.000,5.000,0.000,1.000,0.15,0.00
15.73188,0.00,0.00,0.00,0.000,0.000,0.000,0.000,0.000,0.000,0.00,0.00,0.000,0.000,0.179,0.108,-0.055,0.165,0.282,-0.011,0.000,0.000,0.000,5.000,5.000,0.000,1.000,0.15,0.00
15.74609,0.00,0.00,0.00,0.000,0.000,0.000,0.000,0.000,0.000,0.00,0.00,0.000,0.000,0.180,0.108,-0.011,0.172,0.282,-0.008,0.000,0.000,0.000,5.000,5.000,0.000,1.000,0.15,0.00
15.75958,0.00,0.00,0.00,0.000,0.000,0.000,0.000,0.000,0.000,0.00,0.00,0.000,0.000,0.180,0.108,-0.099,0.165,0.282,-0.008,0.000,0.000,0.000,5.000,5.000,0.000,1.000,0.15,0.00
15.77431,0.00,0.00,0.00,0.000,0.000,0.000,0.000,0.000,0.000,0.00,0.00,0.000,0.000,0.180,0.108,-0.055,0.172,0.282,-0.008,0.000,0.000,0.000,5.000,5.000,0.000,1.000,0.15,0.00
15.78474,0.00,0.00,0.00,0.000,0.000,0.000,0.000,0.000,0.000,0.00,0.00,0.000,0.000,0.181,0.108,-0.011,0.179,0.282,-0.006,0.000,0.000,0.000,5.000,5.000,0.000,1.000,0.15,0.00
15.79518,0.00,0.00,0.00,0.000,0.000,0.000,0.000,0.000,0.000,0.00,0.00,0.000,0.000,0.181,0.108,-0.011,0.179,0.282,-0.005,0.000,0.000,0.000,5.000,5.000,0.000,1.000,0.15,0.00
15.80924,0.00,0.00,0.00,0.000,0.000,0.000,0.000,0.000,0.000,0.00,0.00,0.000,0.000,0.181,0.108,-0.121,0.179,0.282,-0.003,0.000,0.000,0.000,5.000,5.000,0.000,1.000,0.15,0.00
15.82145,0.00,0.00,0.00,0.000,0.000,0.000,0.000,0.000,0.000,0.00,0.00,0.000,0.000,0.181,0.108,0.033,0.194,0.281,-0.004,0.000,0.000,0.000,5.000,5.000,0.000,1.000,0.15,0.00
15.83162,0.00,0.00,0.00,0.000,0.000,0.000,0.000,0.000,0.000,0.00,0.00,0.000,0.000,0.181,0.108,0.011,0.179,0.281,-0.006,0.000,0.000,0.000,5.000,5.000,0.000,1.000,0.15,0.00
15.84408,0.00,0.00,0.00,0.000,0.000,0.000,0.000,0.000,0.000,0.00,0.00,0.000,0.000,0.181,0.108,0.011,0.179,0.281,-0.004,0.000,0.000,0.000,5.000,5.000,0.000,1.000,0.15,0.00
15.85426,0.00,0.00,0.00,0.000,0.000,0.000,0.000,0.000,0.000,0.00,0.00,0.000,0.000,0.181,0.108,0.011,0.179,0.281,-0.008,0.000,0.000,0.000,5.000,5.000,0.000,1.000,0.15,0.00
15.87051,0.00,0.00,0.00,0.000,0.000,0.000,0.000,0.000,0.000,0.00,0.00,0.000,0.000,0.179,0.108,-0.077,0.172,0.281,-0.011,0.000,0.000,0.000,5.000,5.000,0.000,1.000,0.15,0.00
15.88199,0.00,0.00,0.00,0.000,0.000,0.000,0.000,0.000,0.000,0.00,0.00,0.000,0.000,0.180,0.108,-0.099,0.187,0.281,-0.007,0.000,0.000,0.000,5.000,5.000,0.000,1.000,0.15,0.00
15.89216,0.00,0.00,0.00,0.000,0.000,0.000,0.000,0.000,0.000,0.00,0.00,0.000,0.000,0.180,0.108,0.033,0.150,0.281,-0.010,0.000,0.000,0.000,5.000,5.000,0.000,1.000,0.15,0.00
15.90285,0.00,0.00,0.00,0.000,0.000,0.000,0.000,0.000,0.000,0.00,0.00,0.000,0.000,0.180,0.108,-0.077,0.179,0.281,-0.007,0.000,0.000,0.000,5.000,5.000,0.000,1.000,0.15,0.00
15.91315,0.00,0.00,0.00,0.000,0.000,0.000,0.000,0.000,0.000,0.00,0.00,0.000,0.000,0.180,0.108,-0.011,0.172,0.281,-0.008,0.000,0.000,0.000,5.000,5.000,0.000,1.000,0.15,0.00
15.92329,0.00,0.00,0.00,0.000,0.000,0.000,0.000,0.000,0.000,0.00,0.00,0.000,0.000,0.181,0.108,-0.011,0.172,0.281,-0.005,0.000,0.000,0.000,5.000,5.000,0.000,1.000,0.15,0.00
15.93358,0.00,0.00,0.00,0.000,0.000,0.000,0.000,0.000,0.000,0.00,0.00,0.000,0.000,0.181,0.108,-0.033,0.187,0.281,-0.005,0.000,0.000,0.000,5.000,5.000,0.000,1.000,0.15,0.00
15.94375,0.00,0.00,0.00,0.000,0.000,0.000,0.000,0.000,0.000,0.00,0.00,0.000,0.000,0.181,0.108,-0.099,0.158,0.281,-0.003,0.000,0.000,0.000,5.000,5.000,0.000,1.000,0.15,0.00
15.95404,0.00,0.00,0.00,0.000,0.000,0.000,0.000,0.000,0.000,0.00,0.00,0.000,0.000,0.182,0.108,0.055,0.172,0.281,-0.002,0.000,0.000,0.000,5.000,5.000,0.000,1.000,0.15,0.00
15.96875,0.00,0.00,0.00,0.000,0.000,0.000,0.000,0.000,0.000,0.00,0.00,0.000,0.000,0.182,0.108,0.011,0.179,0.281,-0.001,0.000,0.000,0.000,5.000,5.000,0.000,1.000,0.15,0.00
15.98082,0.00,0.00,0.00,0.000,0.000,0.000,0.000,0.000,0.000,0.00,0.00,0.000,0.000,0.182,0.108,0.011,0.172,0.281,-0.001,0.000,0.000,0.000,5.000,5.000,0.000,1.000,0.15,0.00
15.99101,0.00,0.00,0.00,0.000,0.000,0.000,0.000,0.000,0.000,0.00,0.00,0.000,0.000,0.182,0.108,0.011,0.179,0.281,0.005,0.000,0.000,0.000,5.000,5.000,0.000,1.000,0.15,0.00
16.00414,0.00,0.00,0.00,0.000,0.000,0.000,0.000,0.000,0.000,0.00,0.00,0.000,0.000,0.184,0.108,-0.011,0.187,0.281,0.004,0.000,0.000,0.000,5.000,5.000,0.000,1.000,0.15,0.00
16.01440,0.00,0.00,0.00,0.000,0.000,0.000,0.000,0.000,0.000,0.00,0.00,0.000,0.000,0.183,0.108,-0.055,0.172,0.281,0.005,0.000,0.000,0.000,5.000,5.000,0.000,1.000,0.15,0.00
16.02457,0.00,0.00,0.00,0.000,0.000,0.000,0.000,0.000,0.000,0.00,0.00,0.000,0.000,0.184,0.108,-0.055,0.172,0.281,0.007,0.000,0.000,0.000,5.000,5.000,0.000,1.000,0.15,0.00
16.03472,0.00,0.00,0.00,0.000,0.000,0.000,0.000,0.000,0.000,0.00,0.00,0.000,0.000,0.184,0.108,-0.011,0.172,0.281,0.005,0.000,0.000,0.000,5.000,5.000,0.000,1.000,0.15,0.00
16.04658,0.00,0.00,0.00,0.000,0.000,0.000,0.000,0.000,0.000,0.00,0.00,0.000,0.000,0.184,0.108,0.011,0.187,0.281,0.004,0.000,0.000,0.000,5.000,5.000,0.000,1.000,0.15,0.00
16.05838,0.00,0.00,0.00,0.000,0.000,0.000,0.000,0.000,0.000,0.00,0.00,0.000,0.000,0.183,0.108,0.011,0.187,0.281,0.003,0.000,0.000,0.000,5.000,5.000,0.000,1.000,0.15,0.00
16.06909,0.00,0.00,0.00,0.000,0.000,0.000,0.000,0.000,0.000,0.00,0.00,0.000,0.000,0.183,0.108,-0.033,0.179,0.282,0.029,0.000,0.000,0.000,5.000,5.000,0.000,1.000,0.15,0.00
16.07997,0.00,0.00,0.00,0.000,0.000,0.000,0.000,0.000,0.000,0.00,0.00,0.000,0.000,0.191,0.108,0.011,0.172,0.282,0.021,0.000,0.000,0.000,5.000,5.000,0.000,1.000,0.15,0.00
16.09024,0.00,0.00,0.00,0.000,0.000,0.000,0.000,0.000,0.000,0.00,0.00,0.000,0.000,0.188,0.108,0.055,0.172,0.282,0.021,0.000,0.000,0.000,5.000,5.000,0.000,1.000,0.15,0.00
16.10086,0.00,0.00,0.00,0.000,0.000,0.000,0.000,0.000,0.000,0.00,0.00,0.000,0.000,0.189,0.108,-0.011,0.187,0.282,0.024,0.000,0.000,0.000,5.000,5.000,0.000,1.000,0.15,0.00
16.11101,0.00,0.00,0.00,0.000,0.000,0.000,0.000,0.000,0.000,0.00,0.00,0.000,0.000,0.188,0.108,0.033,0.179,0.282,0.021,0.000,0.000,0.000,5.000,5.000,0.000,1.000,0.15,0.00
16.12152,0.00,0.00,0.00,0.000,0.000,0.000,0.000,0.000,0.000,0.00,0.00,0.000,0.000,0.186,0.108,-0.011,0.194,0.282,0.015,0.000,0.000,0.000,5.000,5.000,0.000,1.000,0.15,0.00
16.13167,0.00,0.00,0.00,0.000,0.000,0.000,0.000,0.000,0.000,0.00,0.00,0.000,0.000,0.185,0.108,-0.011,0.194,0.282,0.010,0.000,0.000,0.000,5.000,5.000,0.000,1.000,0.15,0.00
16.14229,0.00,0.00,0.00,0.000,0.000,0.000,0.000,0.000,0.000,0.00,0.00,0.000,0.000,0.184,0.108,-0.055,0.179,0.282,0.007,0.000,0.000,0.000,5.000,5.000,0.000,1.000,0.15,0.00
16.15264,0.00,0.00,0.00,0.000,0.000,0.000,0.000,0.000,0.000,0.00,0.00,0.000,0.000,0.184,0.108,-0.011,0.187,0.282,0.004,0.000,0.000,0.000,5.000,5.000,0.000,1.000,0.15,0.00
16.16323,0.00,0.00,0.00,0.000,0.000,0.000,0.000,0.000,0.000,0.00,0.00,0.000,0.000,0.183,0.108,0.011,0.179,0.282,0.003,0.000,0.000,0.000,5.000,5.000,0.000,1.000,0.15,0.00
16.17340,0.00,0.00,0.00,0.000,0.000,0.000,0.000,0.000,0.000,0.00,0.00,0.000,0.000,0.183,0.108,0.011,0.179,0.282,0.004,0.000,0.000,0.000,5.000,5.000,0.000,1.000,0.15,0.00
16.18355,0.00,0.00,0.00,0.000,0.000,0.000,0.000,0.000,0.000,0.00,0.00,0.000,0.000,0.183,0.108,0.011,0.172,0.282,0.002,0.000,0.000,0.000,5.000,5.000,0.000,1.000,0.15,0.00
16.19370,0.00,0.00,0.00,0.000,0.000,0.000,0.000,0.000,0.000,0.00,0.00,0.000,0.000,0.184,0.108,0.055,0.172,0.282,0.007,0.000,0.000,0.000,5.000,5.000,0.000,1.000,0.15,0.00
16.20386,0.00,0.00,0.00,0.000,0.000,0.000,0.000,0.000,0.000,0.00,0.00,0.000,0.000,0.184,0.108,-0.033,0.179,0.282,0.004,0.000,0.000,0.000,5.000,5.000,0.000,1.000,0.15,0.00
16.21401,0.00,0.00,0.00,0.000,0.000,0.000,0.000,0.000,0.000,0.00,0.00,0.000,0.000,0.185,0.108,-0.033,0.179,0.283,0.008,0.000,0.000,0.000,5.000,5.000,0.000,1.000,0.15,0.00
16.22436,0.00,0.00,0.00,0.000,0.000,0.000,0.000,0.000,0.000,0.00,0.00,0.000,0.000,0.184,0.108,-0.099,0.179,0.283,0.006,0.000,0.000,0.000,5.000,5.000,0.000,1.000,0.15,0.00
16.23504,0.00,0.00,0.00,0.000,0.000,0.000,0.000,0.000,0.000,0.00,0.00,0.000,0.000,0.184,0.108,0.033,0.172,0.283,0.008,0.000,0.000,0.000,5.000,5.000,0.000,1.000,0.15,0.00
16.24532,0.00,0.00,0.00,0.000,0.000,0.000,0.000,0.000,0.000,0.00,0.00,0.000,0.000,0.184,0.108,-0.055,0.179,0.283,0.005,0.000,0.000,0.000,5.000,5.000,0.000,1.000,0.15,0.00
16.25612,0.00,0.00,0.00,0.000,0.000,0.000,0.000,0.000,0.000,0.00,0.00,0.000,0.000,0.183,0.108,-0.011,0.165,0.283,0.003,0.000,0.000,0.000,5.000,5.000,0.000,1.000,0.15,0.00
16.26651,0.00,0.00,0.00,0.000,0.000,0.000,0.000,0.000,0.000,0.00,0.00,0.000,0.000,0.183,0.108,-0.011,0.179,0.283,0.002,0.000,0.000,0.000,5.000,5.000,0.000,1.000,0.15,0.00
16.27677,0.00,0.00,0.00,0.000,0.000,0.000,0.000,0.000,0.000,0.00,0.00,0.000,0.000,0.183,0.108,0.011,0.165,0.283,0.001,0.000,0.000,0.000,5.000,5.000,0.000,1.000,0.15,0.00
16.28765,0.00,0.00,0.00,0.000,0.000,0.000,0.000,0.000,0.000,0.00,0.00,0.000,0.000,0.182,0.108,-0.033,0.165,0.283,0.000,0.000,0.000,0.000,5.000,5.000,0.000,1.000,0.15,0.00
16.30263,0.00,0.00,0.00,0.000,0.000,0.000,0.000,0.000,0.000,0.00,0.00,0.000,0.000,0.182,0.108,0.011,0.165,0.283,0.000,0.000,0.000,0.000,5.000,5.000,0.000,1.000,0.15,0.00
16.31395,0.00,0.00,0.00,0.000,0.000,0.000,0.000,0.000,0.000,0.00,0.00,0.000,0.000,0.185,0.108,-0.033,0.179,0.283,0.008,0.000,0.000,0.000,5.000,5.000,0.000,1.000,0.15,0.00
16.32410,0.00,0.00,0.00,0.000,0.000,0.000,0.000,0.000,0.000,0.00,0.00,0.000,0.000,0.186,0.108,-0.033,0.179,0.283,0.012,0.000,0.000,0.000,5.000,5.000,0.000,1.000,0.15,0.00
16.33424,0.00,0.00,0.00,0.000,0.000,0.000,0.000,0.000,0.000,0.00,0.00,0.000,0.000,0.185,0.108,-0.055,0.187,0.283,0.008,0.000,0.000,0.000,5.000,5.000,0.000,1.000,0.15,0.00
16.34440,0.00,0.00,0.00,0.000,0.000,0.000,0.000,0.000,0.000,0.00,0.00,0.000,0.000,0.184,0.108,-0.055,0.179,0.283,0.006,0.000,0.000,0.000,5.000,5.000,0.000,1.000,0.15,0.00
16.35463,0.00,0.00,0.00,0.000,0.000,0.000,0.000,0.000,0.000,0.00,0.00,0.000,0.000,0.183,0.108,-0.033,0.179,0.283,0.004,0.000,0.000,0.000,5.000,5.000,0.000,1.000,0.15,0.00
16.36479,0.00,0.00,0.00,0.000,0.000,0.000,0.000,0.000,0.000,0.00,0.00,0.000,0.000,0.183,0.108,-0.099,0.165,0.283,0.002,0.000,0.000,0.000,5.000,5.000,0.000,1.000,0.15,0.00
16.37789,0.00,0.00,0.00,0.000,0.000,0.000,0.000,0.000,0.000,0.00,0.00,0.000,0.000,0.183,0.108,0.033,0.179,0.283,0.001,0.000,0.000,0.000,5.000,5.000,0.000,1.000,0.15,0.00
16.38805,0.00,0.00,0.00,0.000,0.000,0.000,0.000,0.000,0.000,0.00,0.00,0.000,0.000,0.184,0.108,0.077,0.165,0.283,0.007,0.000,0.000,0.000,5.000,5.000,0.000,1.000,0.15,0.00
16.39840,0.00,0.00,0.00,0.000,0.000,0.000,0.000,0.000,0.000,0.00,0.00,0.000,0.000,0.184,0.108,0.077,0.165,0.283,0.005,0.000,0.000,0.000,5.000,5.000,0.000,1.000,0.15,0.00
16.40961,0.00,0.00,0.00,0.000,0.000,0.000,0.000,0.000,0.000,0.00,0.00,0.000,0.000,0.185,0.108,-0.055,0.172,0.283,0.009,0.000,0.000,0.000,5.000,5.000,0.000,1.000,0.15,0.00
16.42011,0.00,0.00,0.00,0.000,0.000,0.000,0.000,0.000,0.000,0.00,0.00,0.000,0.000,0.184,0.108,-0.033,0.179,0.283,0.006,0.000,0.000,0.000,5.000,5.000,0.000,1.000,0.15,0.00
16.43080,0.00,0.00,0.00,0.000,0.000,0.000,0.000,0.000,0.000,0.00,0.00,0.000,0.000,0.183,0.108,-0.011,0.179,0.283,0.004,0.000,0.000,0.000,5.000,5.000,0.000,1.000,0.15,0.00
16.44274,0.00,0.00,0.00,0.000,0.000,0.000,0.000,0.000,0.000,0.00,0.00,0.000,0.000,0.184,0.108,0.011,0.172,0.284,0.007,0.000,0.000,0.000,5.000,5.000,0.000,1.000,0.15,0.00
16.45637,0.00,0.00,0.00,0.000,0.000,0.000,0.000,0.000,0.000,0.00,0.00,0.000,0.000,0.184,0.108,0.055,0.179,0.284,0.004,0.000,0.000,0.000,5.000,5.000,0.000,1.000,0.15,0.00
16.46671,0.00,0.00,0.00,0.000,0.000,0.000,0.000,0.000,0.000,0.00,0.00,0.000,0.000,0.183,0.108,-0.011,0.172,0.284,0.004,0.000,0.000,0.000,5.000,5.000,0.000,1.000,0.15,0.00
16.47862,0.00,0.00,0.00,0.000,0.000,0.000,0.000,0.000,0.000,0.00,0.00,0.000,0.000,0.183,0.108,-0.077,0.172,0.284,0.002,0.000,0.000,0.000,5.000,5.000,0.000,1.000,0.15,0.00
16.48890,0.00,0.00,0.00,0.000,0.000,0.000,0.000,0.000,0.000,0.00,0.00,0.000,0.000,0.182,0.108,-0.077,0.172,0.284,0.000,0.000,0.000,0.000,5.000,5.000,0.000,1.000,0.15,0.00
16.50034,0.00,0.00,0.00,0.000,0.000,0.000,0.000,0.000,0.000,0.00,0.00,0.000,0.000,0.181,0.108,0.011,0.179,0.284,-0.003,0.000,0.000,0.000,5.000,5.000,0.000,1.000,0.15,0.00
16.51396,0.00,0.00,0.00,0.000,0.000,0.000,0.000,0.000,0.000,0.00,0.00,0.000,0.000,0.180,0.108,-0.033,0.179,0.283,-0.009,0.000,0.000,0.000,5.000,5.000,0.000,1.000,0.15,0.00
16.52629,0.00,0.00,0.00,0.000,0.000,0.000,0.000,0.000,0.000,0.00,0.00,0.000,0.000,0.179,0.108,-0.011,0.165,0.283,-0.011,0.000,0.000,0.000,5.000,5.000,0.000,1.000,0.15,0.00
16.53740,0.00,0.00,0.00,0.000,0.000,0.000,0.000,0.000,0.000,0.00,0.00,0.000,0.000,0.179,0.108,0.055,0.172,0.283,-0.012,0.000,0.000,0.000,5.000,5.000,0.000,1.000,0.15,0.00
16.54797,0.00,0.00,0.00,0.000,0.000,0.000,0.000,0.000,0.000,0.00,0.00,0.000,0.000,0.180,0.108,-0.077,0.172,0.283,-0.009,0.000,0.000,0.000,5.000,5.000,0.000,1.000,0.15,0.00
16.55849,0.00,0.00,0.00,0.000,0.000,0.000,0.000,0.000,0.000,0.00,0.00,0.000,0.000,0.181,0.108,-0.077,0.165,0.283,-0.006,0.000,0.000,0.000,5.000,5.000,0.000,1.000,0.15,0.00
16.56947,0.00,0.00,0.00,0.000,0.000,0.000,0.000,0.000,0.000,0.00,0.00,0.000,0.000,0.181,0.108,0.033,0.172,0.283,-0.005,0.000,0.000,0.000,5.000,5.000,0.000,1.000,0.15,0.00
16.58145,0.00,0.00,0.00,0.000,0.000,0.000,0.000,0.000,0.000,0.00,0.00,0.000,0.000,0.178,0.108,0.033,0.172,0.283,-0.014,0.000,0.000,0.000,5.000,5.000,0.000,1.000,0.15,0.00
16.59160,0.00,0.00,0.00,0.000,0.000,0.000,0.000,0.000,0.000,0.00,0.00,0.000,0.000,0.178,0.108,0.011,0.179,0.283,-0.016,0.000,0.000,0.000,5.000,5.000,0.000,1.000,0.15,0.00
16.60294,0.00,0.00,0.00,0.000,0.000,0.000,0.000,0.000,0.000,0.00,0.00,0.000,0.000,0.179,0.108,0.077,0.165,0.283,-0.012,0.000,0.000,0.000,5.000,5.000,0.000,1.000,0.15,0.00
16.61357,0.00,0.00,0.00,0.000,0.000,0.000,0.000,0.000,0.000,0.00,0.00,0.000,0.000,0.178,0.108,-0.055,0.165,0.282,-0.015,0.000,0.000,0.000,5.000,5.000,0.000,1.000,0.15,0.00
16.62373,0.00,0.00,0.00,0.000,0.000,0.000,0.000,0.000,0.000,0.00,0.00,0.000,0.000,0.179,0.108,0.011,0.172,0.282,-0.011,0.000,0.000,0.000,5.000,5.000,0.000,1.000,0.15,0.00
16.63402,0.00,0.00,0.00,0.000,0.000,0.000,0.000,0.000,0.000,0.00,0.00,0.000,0.000,0.180,0.108,-0.055,0.172,0.282,-0.008,0.000,0.000,0.000,5.000,5.000,0.000,1.000,0.15,0.00
16.64534,0.00,0.00,0.00,0.000,0.000,0.000,0.000,0.000,0.000,0.00,0.00,0.000,0.000,0.180,0.108,0.055,0.165,0.282,-0.009,0.000,0.000,0.000,5.000,5.000,0.000,1.000,0.15,0.00
16.65577,0.00,0.00,0.00,0.000,0.000,0.000,0.000,0.000,0.000,0.00,0.00,0.000,0.000,0.180,0.108,0.011,0.179,0.282,-0.007,0.000,0.000,0.000,5.000,5.000,0.000,1.000,0.15,0.00
16.66603,0.00,0.00,0.00,0.000,0.000,0.000,0.000,0.000,0.000,0.00,0.00,0.000,0.000,0.181,0.108,0.033,0.172,0.282,-0.005,0.000,0.000,0.000,5.000,5.000,0.000,1.000,0.15,0.00
16.67870,0.00,0.00,0.00,0.000,0.000,0.000,0.000,0.000,0.000,0.00,0.00,0.000,0.000,0.181,0.108,-0.011,0.172,0.282,-0.003,0.000,0.000,0.000,5.000,5.000,0.000,1.000,0.15,0.00
16.69391,0.00,0.00,0.00,0.000,0.000,0.000,0.000,0.000,0.000,0.00,0.00,0.000,0.000,0.182,0.108,-0.033,0.172,0.282,-0.001,0.000,0.000,0.000,5.000,5.000,0.000,1.000,0.15,0.00
16.70411,0.00,0.00,0.00,0.000,0.000,0.000,0.000,0.000,0.000,0.00,0.00,0.000,0.000,0.182,0.108,-0.033,0.179,0.282,-0.003,0.000,0.000,0.000,5.000,5.000,0.000,1.000,0.15,0.00
16.71447,0.00,0.00,0.00,0.000,0.000,0.000,0.000,0.000,0.000,0.00,0.00,0.000,0.000,0.181,0.108,-0.011,0.179,0.282,-0.004,0.000,0.000,0.000,5.000,5.000,0.000,1.000,0.15,0.00
16.72483,0.00,0.00,0.00,0.000,0.000,0.000,0.000,0.000,0.000,0.00,0.00,0.000,0.000,0.181,0.108,-0.077,0.172,0.282,-0.004,0.000,0.000,0.000,5.000,5.000,0.000,1.000,0.15,0.00
16.73497,0.00,0.00,0.00,0.000,0.000,0.000,0.000,0.000,0.000,0.00,0.00,0.000,0.000,0.181,0.108,0.011,0.179,0.282,-0.003,0.000,0.000,0.000,5.000,5.000,0.000,1.000,0.15,0.00
16.74605,0.00,0.00,0.00,0.000,0.000,0.000,0.000,0.000,0.000,0.00,0.00,0.000,0.000,0.181,0.108,-0.033,0.165,0.282,-0.002,0.000,0.000,0.000,5.000,5.000,0.000,1.000,0.15,0.00
16.75623,0.00,0.00,0.00,0.000,0.000,0.000,0.000,0.000,0.000,0.00,0.00,0.000,0.000,0.182,0.108,-0.077,0.187,0.282,-0.002,0.000,0.000,0.000,5.000,5.000,0.000,1.000,0.15,0.00
16.76646,0.00,0.00,0.00,0.000,0.000,0.000,0.000,0.000,0.000,0.00,0.00,0.000,0.000,0.182,0.108,-0.055,0.179,0.282,-0.002,0.000,0.000,0.000,5.000,5.000,0.000,1.000,0.15,0.00
16.77679,0.00,0.00,0.00,0.000,0.000,0.000,0.000,0.000,0.000,0.00,0.00,0.000,0.000,0.182,0.108,0.055,0.179,0.282,-0.001,0.000,0.000,0.000,5.000,5.000,0.000,1.000,0.15,0.00
16.78759,0.00,0.00,0.00,0.000,0.000,0.000,0.000,0.000,0.000,0.00,0.00,0.000,0.000,0.182,0.108,0.055,0.179,0.282,-0.001,0.000,0.000,0.000,5.000,5.000,0.000,1.000,0.15,0.00
16.79891,0.00,0.00,0.00,0.000,0.000,0.000,0.000,0.000,0.000,0.00,0.00,0.000,0.000,0.182,0.108,0.011,0.172,0.282,-0.004,0.000,0.000,0.000,5.000,5.000,0.000,1.000,0.15,0.00
16.81130,0.00,0.00,0.00,0.000,0.000,0.000,0.000,0.000,0.000,0.00,0.00,0.000,0.000,0.181,0.108,0.033,0.165,0.282,-0.006,0.000,0.000,0.000,5.000,5.000,0.000,1.000,0.15,0.00
16.82148,0.00,0.00,0.00,0.000,0.000,0.000,0.000,0.000,0.000,0.00,0.00,0.000,0.000,0.181,0.108,-0.011,0.172,0.282,-0.004,0.000,0.000,0.000,5.000,5.000,0.000,1.000,0.15,0.00
16.83172,0.00,0.00,0.00,0.000,0.000,0.000,0.000,0.000,0.000,0.00,0.00,0.000,0.000,0.181,0.108,-0.011,0.187,0.282,-0.001,0.000,0.000,0.000,5.000,5.000,0.000,1.000,0.15,0.00
16.84293,0.00,0.00,0.00,0.000,0.000,0.000,0.000,0.000,0.000,0.00,0.00,0.000,0.000,0.182,0.108,0.033,0.165,0.282,-0.000,0.000,0.000,0.000,5.000,5.000,0.000,1.000,0.15,0.00
16.85310,0.00,0.00,0.00,0.000,0.000,0.000,0.000,0.000,0.000,0.00,0.00,0.000,0.000,0.182,0.108,-0.055,0.179,0.282,0.003,0.000,0.000,0.000,5.000,5.000,0.000,1.000,0.15,0.00
16.86436,0.00,0.00,0.00,0.000,0.000,0.000,0.000,0.000,0.000,0.00,0.00,0.000,0.000,0.183,0.108,-0.055,0.179,0.282,0.002,0.000,0.000,0.000,5.000,5.000,0.000,1.000,0.15,0.00
16.87462,0.00,0.00,0.00,0.000,0.000,0.000,0.000,0.000,0.000,0.00,0.00,0.000,0.000,0.183,0.108,0.011,0.172,0.282,0.006,0.000,0.000,0.000,5.000,5.000,0.000,1.000,0.15,0.00
16.88583,0.00,0.00,0.00,0.000,0.000,0.000,0.000,0.000,0.000,0.00,0.00,0.000,0.000,0.184,0.108,0.011,0.172,0.282,0.004,0.000,0.000,0.000,5.000,5.000,0.000,1.000,0.15,0.00
16.90144,0.00,0.00,0.00,0.000,0.000,0.000,0.000,0.000,0.000,0.00,0.00,0.000,0.000,0.183,0.108,0.033,0.172,0.282,0.002,0.000,0.000,0.000,5.000,5.000,0.000,1.000,0.15,0.00
16.91482,0.00,0.00,0.00,0.000,0.000,0.000,0.000,0.000,0.000,0.00,0.00,0.000,0.000,0.182,0.108,0.055,0.179,0.282,0.001,0.000,0.000,0.000,5.000,5.000,0.000,1.000,0.15,0.00
16.92506,0.00,0.00,0.00,0.000,0.000,0.000,0.000,0.000,0.000,0.00,0.00,0.000,0.000,0.182,0.108,0.077,0.172,0.282,0.000,0.000,0.000,0.000,5.000,5.000,0.000,1.000,0.15,0.00
16.93522,0.00,0.00,0.00,0.000,0.000,0.000,0.000,0.000,0.000,0.00,0.00,0.000,0.000,0.181,0.108,-0.077,0.179,0.282,-0.003,0.000,0.000,0.000,5.000,5.000,0.000,1.000,0.15,0.00
16.94543,0.00,0.00,0.00,0.000,0.000,0.000,0.000,0.000,0.000,0.00,0.00,0.000,0.000,0.182,0.108,-0.077,0.179,0.282,-0.002,0.000,0.000,0.000,5.000,5.000,0.000,1.000,0.15,0.00
16.95553,0.00,0.00,0.00,0.000,0.000,0.000,0.000,0.000,0.000,0.00,0.00,0.000,0.000,0.182,0.108,-0.055,0.201,0.282,-0.002,0.000,0.000,0.000,5.000,5.000,0.000,1.000,0.15,0.00
16.96661,0.00,0.00,0.00,0.000,0.000,0.000,0.000,0.000,0.000,0.00,0.00,0.000,0.000,0.181,0.108,-0.033,0.187,0.282,-0.003,0.000,0.000,0.000,5.000,5.000,0.000,1.000,0.15,0.00
16.97706,0.00,0.00,0.00,0.000,0.000,0.000,0.000,0.000,0.000,0.00,0.00,0.000,0.000,0.183,0.108,-0.033,0.165,0.282,0.001,0.000,0.000,0.000,5.000,5.000,0.000,1.000,0.15,0.00
16.98722,0.00,0.00,0.00,0.000,0.000,0.000,0.000,0.000,0.000,0.00,0.00,0.000,0.000,0.183,0.108,-0.033,0.165,0.282,0.001,0.000,0.000,0.000,5.000,5.000,0.000,1.000,0.15,0.00
16.99749,0.00,0.00,0.00,0.000,0.000,0.000,0.000,0.000,0.000,0.00,0.00,0.000,0.000,0.184,0.108,-0.077,0.172,0.282,0.007,0.000,0.000,0.000,5.000,5.000,0.000,1.000,0.15,0.00
17.00765,0.00,0.00,0.00,0.000,0.000,0.000,0.000,0.000,0.000,0.00,0.00,0.000,0.000,0.184,0.108,-0.077,0.172,0.282,0.005,0.000,0.000,0.000,5.000,5.000,0.000,1.000,0.15,0.00
17.02137,0.00,0.00,0.00,0.000,0.000,0.000,0.000,0.000,0.000,0.00,0.00,0.000,0.000,0.183,0.108,-0.011,0.179,0.282,0.004,0.000,0.000,0.000,5.000,5.000,0.000,1.000,0.15,0.00
17.03152,0.00,0.00,0.00,0.000,0.000,0.000,0.000,0.000,0.000,0.00,0.00,0.000,0.000,0.183,0.108,0.055,0.179,0.282,0.004,0.000,0.000,0.000,5.000,5.000,0.000,1.000,0.15,0.00
17.04469,0.00,0.00,0.00,0.000,0.000,0.000,0.000,0.000,0.000,0.00,0.00,0.000,0.000,0.183,0.108,0.055,0.179,0.282,0.004,0.000,0.000,0.000,5.000,5.000,0.000,1.000,0.15,0.00
17.05590,0.00,0.00,0.00,0.000,0.000,0.000,0.000,0.000,0.000,0.00,0.00,0.000,0.000,0.182,0.108,0.055,0.179,0.282,0.000,0.000,0.000,0.000,5.000,5.000,0.000,1.000,0.15,0.00
17.06613,0.00,0.00,0.00,0.000,0.000,0.000,0.000,0.000,0.000,0.00,0.00,0.000,0.000,0.182,0.108,0.011,0.179,0.282,0.000,0.000,0.000,0.000,5.000,5.000,0.000,1.000,0.15,0.00
17.07815,0.00,0.00,0.00,0.000,0.000,0.000,0.000,0.000,0.000,0.00,0.00,0.000,0.000,0.182,0.108,-0.033,0.179,0.282,-0.000,0.000,0.000,0.000,5.000,5.000,0.000,1.000,0.15,0.00
17.08850,0.00,0.00,0.00,0.000,0.000,0.000,0.000,0.000,0.000,0.00,0.00,0.000,0.000,0.182,0.108,0.033,0.179,0.282,-0.002,0.000,0.000,0.000,5.000,5.000,0.000,1.000,0.15,0.00
17.10145,0.00,0.00,0.00,0.000,0.000,0.000,0.000,0.000,0.000,0.00,0.00,0.000,0.000,0.182,0.108,0.033,0.179,0.282,-0.002,0.000,0.000,0.000,5.000,5.000,0.000,1.000,0.15,0.00
17.11166,0.00,0.00,0.00,0.000,0.000,0.000,0.000,0.000,0.000,0.00,0.00,0.000,0.000,0.182,0.108,-0.055,0.179,0.282,-0.000,0.000,0.000,0.000,5.000,5.000,0.000,1.000,0.15,0.00
17.12509,0.00,0.00,0.00,0.000,0.000,0.000,0.000,0.000,0.000,0.00,0.00,0.000,0.000,0.182,0.108,0.011,0.172,0.282,-0.000,0.000,0.000,0.000,5.000,5.000,0.000,1.000,0.15,0.00
17.13526,0.00,0.00,0.00,0.000,0.000,0.000,0.000,0.000,0.000,0.00,0.00,0.000,0.000,0.183,0.108,0.033,0.179,0.282,0.004,0.000,0.000,0.000,5.000,5.000,0.000,1.000,0.15,0.00
17.14543,0.00,0.00,0.00,0.000,0.000,0.000,0.000,0.000,0.000,0.00,0.00,0.000,0.000,0.183,0.108,0.033,0.179,0.282,0.003,0.000,0.000,0.000,5.000,5.000,0.000,1.000,0.15,0.00
17.15562,0.00,0.00,0.00,0.000,0.000,0.000,0.000,0.000,0.000,0.00,0.00,0.000,0.000,0.184,0.108,-0.055,0.179,0.282,0.008,0.000,0.000,0.000,5.000,5.000,0.000,1.000,0.15,0.00
17.16841,0.00,0.00,0.00,0.000,0.000,0.000,0.000,0.000,0.000,0.00,0.00,0.000,0.000,0.184,0.108,-0.055,0.172,0.282,0.006,0.000,0.000,0.000,5.000,5.000,0.000,1.000,0.15,0.00
17.17971,0.00,0.00,0.00,0.000,0.000,0.000,0.000,0.000,0.000,0.00,0.00,0.000,0.000,0.184,0.108,0.011,0.179,0.282,0.004,0.000,0.000,0.000,5.000,5.000,0.000,1.000,0.15,0.00
17.19465,0.00,0.00,0.00,0.000,0.000,0.000,0.000,0.000,0.000,0.00,0.00,0.000,0.000,0.186,0.108,0.011,0.179,0.283,0.013,0.000,0.000,0.000,5.000,5.000,0.000,1.000,0.15,0.00
17.20651,0.00,0.00,0.00,0.000,0.000,0.000,0.000,0.000,0.000,0.00,0.00,0.000,0.000,0.185,0.108,-0.055,0.172,0.283,0.009,0.000,0.000,0.000,5.000,5.000,0.000,1.000,0.15,0.00
17.21685,0.00,0.00,0.00,0.000,0.000,0.000,0.000,0.000,0.000,0.00,0.00,0.000,0.000,0.185,0.108,-0.077,0.179,0.283,0.008,0.000,0.000,0.000,5.000,5.000,0.000,1.000,0.15,0.00
17.22717,0.00,0.00,0.00,0.000,0.000,0.000,0.000,0.000,0.000,0.00,0.00,0.000,0.000,0.184,0.108,-0.055,0.179,0.283,0.006,0.000,0.000,0.000,5.000,5.000,0.000,1.000,0.15,0.00
17.23795,0.00,0.00,0.00,0.000,0.000,0.000,0.000,0.000,0.000,0.00,0.00,0.000,0.000,0.183,0.108,0.011,0.172,0.283,0.002,0.000,0.000,0.000,5.000,5.000,0.000,1.000,0.15,0.00
17.24812,0.00,0.00,0.00,0.000,0.000,0.000,0.000,0.000,0.000,0.00,0.00,0.000,0.000,0.182,0.108,-0.033,0.179,0.283,-0.001,0.000,0.000,0.000,5.000,5.000,0.000,1.000,0.15,0.00
17.25850,0.00,0.00,0.00,0.000,0.000,0.000,0.000,0.000,0.000,0.00,0.00,0.000,0.000,0.182,0.108,-0.055,0.172,0.283,-0.001,0.000,0.000,0.000,5.000,5.000,0.000,1.000,0.15,0.00
17.26868,0.00,0.00,0.00,0.000,0.000,0.000,0.000,0.000,0.000,0.00,0.00,0.000,0.000,0.181,0.108,0.033,0.179,0.282,-0.004,0.000,0.000,0.000,5.000,5.000,0.000,1.000,0.15,0.00
17.27945,0.00,0.00,0.00,0.000,0.000,0.000,0.000,0.000,0.000,0.00,0.00,0.000,0.000,0.181,0.108,0.055,0.179,0.282,-0.003,0.000,0.000,0.000,5.000,5.000,0.000,1.000,0.15,0.00
17.29123,0.00,0.00,0.00,0.000,0.000,0.000,0.000,0.000,0.000,0.00,0.00,0.000,0.000,0.182,0.108,-0.033,0.179,0.282,-0.002,0.000,0.000,0.000,5.000,5.000,0.000,1.000,0.15,0.00
17.30776,0.00,0.00,0.00,0.000,0.000,0.000,0.000,0.000,0.000,0.00,0.00,0.000,0.000,0.181,0.108,0.077,0.179,0.282,-0.009,0.000,0.000,0.000,5.000,5.000,0.000,1.000,0.15,0.00
17.31828,0.00,0.00,0.00,0.000,0.000,0.000,0.000,0.000,0.000,0.00,0.00,0.000,0.000,0.180,0.108,0.011,0.179,0.282,-0.007,0.000,0.000,0.000,5.000,5.000,0.000,1.000,0.15,0.00
17.32867,0.00,0.00,0.00,0.000,0.000,0.000,0.000,0.000,0.000,0.00,0.00,0.000,0.000,0.180,0.108,0.033,0.172,0.282,-0.007,0.000,0.000,0.000,5.000,5.000,0.000,1.000,0.15,0.00
17.33919,0.00,0.00,0.00,0.000,0.000,0.000,0.000,0.000,0.000,0.00,0.00,0.000,0.000,0.180,0.108,0.055,0.172,0.282,-0.005,0.000,0.000,0.000,5.000,5.000,0.000,1.000,0.15,0.00
17.34960,0.00,0.00,0.00,0.000,0.000,0.000,0.000,0.000,0.000,0.00,0.00,0.000,0.000,0.181,0.108,0.011,0.158,0.282,-0.003,0.000,0.000,0.000,5.000,5.000,0.000,1.000,0.15,0.00
17.35981,0.00,0.00,0.00,0.000,0.000,0.000,0.000,0.000,0.000,0.00,0.00,0.000,0.000,0.181,0.108,0.011,0.158,0.282,-0.003,0.000,0.000,0.000,5.000,5.000,0.000,1.000,0.15,0.00
17.37081,0.00,0.00,0.00,0.000,0.000,0.000,0.000,0.000,0.000,0.00,0.00,0.000,0.000,0.181,0.108,-0.011,0.172,0.282,-0.003,0.000,0.000,0.000,5.000,5.000,0.000,1.000,0.15,0.00
17.38131,0.00,0.00,0.00,0.000,0.000,0.000,0.000,0.000,0.000,0.00,0.00,0.000,0.000,0.181,0.108,0.055,0.187,0.282,-0.002,0.000,0.000,0.000,5.000,5.000,0.000,1.000,0.15,0.00
17.39229,0.00,0.00,0.00,0.000,0.000,0.000,0.000,0.000,0.000,0.00,0.00,0.000,0.000,0.182,0.108,0.011,0.172,0.282,-0.003,0.000,0.000,0.000,5.000,5.000,0.000,1.000,0.15,0.00
17.40284,0.00,0.00,0.00,0.000,0.000,0.000,0.000,0.000,0.000,0.00,0.00,0.000,0.000,0.181,0.108,-0.077,0.172,0.282,-0.002,0.000,0.000,0.000,5.000,5.000,0.000,1.000,0.15,0.00
17.41454,0.00,0.00,0.00,0.000,0.000,0.000,0.000,0.000,0.000,0.00,0.00,0.000,0.000,0.182,0.108,-0.077,0.165,0.282,-0.003,0.000,0.000,0.000,5.000,5.000,0.000,1.000,0.15,0.00
17.42536,0.00,0.00,0.00,0.000,0.000,0.000,0.000,0.000,0.000,0.00,0.00,0.000,0.000,0.182,0.108,-0.011,0.172,0.282,-0.003,0.000,0.000,0.000,5.000,5.000,0.000,1.000,0.15,0.00
17.43559,0.00,0.00,0.00,0.000,0.000,0.000,0.000,0.000,0.000,0.00,0.00,0.000,0.000,0.182,0.108,-0.055,0.179,0.282,-0.002,0.000,0.000,0.000,5.000,5.000,0.000,1.000,0.15,0.00
17.44575,0.00,0.00,0.00,0.000,0.000,0.000,0.000,0.000,0.000,0.00,0.00,0.000,0.000,0.182,0.108,-0.055,0.172,0.282,-0.000,0.000,0.000,0.000,5.000,5.000,0.000,1.000,0.15,0.00
17.45613,0.00,0.00,0.00,0.000,0.000,0.000,0.000,0.000,0.000,0.00,0.00,0.000,0.000,0.182,0.108,-0.077,0.172,0.282,-0.000,0.000,0.000,0.000,5.000,5.000,0.000,1.000,0.15,0.00
17.46640,0.00,0.00,0.00,0.000,0.000,0.000,0.000,0.000,0.000,0.00,0.00,0.000,0.000,0.182,0.108,-0.077,0.165,0.282,0.003,0.000,0.000,0.000,5.000,5.000,0.000,1.000,0.15,0.00
17.47673,0.00,0.00,0.00,0.000,0.000,0.000,0.000,0.000,0.000,0.00,0.00,0.000,0.000,0.183,0.108,-0.077,0.179,0.282,0.002,0.000,0.000,0.000,5.000,5.000,0.000,1.000,0.15,0.00
17.48753,0.00,0.00,0.00,0.000,0.000,0.000,0.000,0.000,0.000,0.00,0.00,0.000,0.000,0.183,0.108,-0.011,0.172,0.282,0.002,0.000,0.000,0.000,5.000,5.000,0.000,1.000,0.15,0.00
17.49824,0.00,0.00,0.00,0.000,0.000,0.000,0.000,0.000,0.000,0.00,0.00,0.000,0.000,0.183,0.108,-0.011,0.179,0.282,0.003,0.000,0.000,0.000,5.000,5.000,0.000,1.000,0.15,0.00
17.51009,0.00,0.00,0.00,0.000,0.000,0.000,0.000,0.000,0.000,0.00,0.00,0.000,0.000,0.183,0.108,-0.055,0.172,0.282,0.002,0.000,0.000,0.000,5.000,5.000,0.000,1.000,0.15,0.00
17.52027,0.00,0.00,0.00,0.000,0.000,0.000,0.000,0.000,0.000,0.00,0.00,0.000,0.000,0.183,0.108,-0.077,0.179,0.282,0.002,0.000,0.000,0.000,5.000,5.000,0.000,1.000,0.15,0.00
17.53560,0.00,0.00,0.00,0.000,0.000,0.000,0.000,0.000,0.000,0.00,0.00,0.000,0.000,0.183,0.108,0.055,0.172,0.282,0.001,0.000,0.000,0.000,5.000,5.000,0.000,1.000,0.15,0.00
17.54644,0.00,0.00,0.00,0.000,0.000,0.000,0.000,0.000,0.000,0.00,0.00,0.000,0.000,0.183,0.108,-0.011,0.172,0.282,-0.005,0.000,0.000,0.000,5.000,5.000,0.000,1.000,0.15,0.00
17.55666,0.00,0.00,0.00,0.000,0.000,0.000,0.000,0.000,0.000,0.00,0.00,0.000,0.000,0.181,0.108,0.011,0.179,0.282,-0.004,0.000,0.000,0.000,5.000,5.000,0.000,1.000,0.15,0.00
17.56705,0.00,0.00,0.00,0.000,0.000,0.000,0.000,0.000,0.000,0.00,0.00,0.000,0.000,0.181,0.108,0.055,0.179,0.282,-0.003,0.000,0.000,0.000,5.000,5.000,0.000,1.000,0.15,0.00
17.57719,0.00,0.00,0.00,0.000,0.000,0.000,0.000,0.000,0.000,0.00,0.00,0.000,0.000,0.182,0.108,0.121,0.165,0.282,-0.005,0.000,0.000,0.000,5.000,5.000,0.000,1.000,0.15,0.00
17.58745,0.00,0.00,0.00,0.000,0.000,0.000,0.000,0.000,0.000,0.00,0.00,0.000,0.000,0.181,0.108,0.033,0.165,0.282,-0.004,0.000,0.000,0.000,5.000,5.000,0.000,1.000,0.15,0.00
17.60032,0.00,0.00,0.00,0.000,0.000,0.000,0.000,0.000,0.000,0.00,0.00,0.000,0.000,0.181,0.108,0.077,0.172,0.282,-0.007,0.000,0.000,0.000,5.000,5.000,0.000,1.000,0.15,0.00
17.61066,0.00,0.00,0.00,0.000,0.000,0.000,0.000,0.000,0.000,0.00,0.00,0.000,0.000,0.180,0.108,0.055,0.179,0.282,-0.005,0.000,0.000,0.000,5.000,5.000,0.000,1.000,0.15,0.00
17.62171,0.00,0.00,0.00,0.000,0.000,0.000,0.000,0.000,0.000,0.00,0.00,0.000,0.000,0.181,0.108,0.055,0.179,0.282,-0.006,0.000,0.000,0.000,5.000,5.000,0.000,1.000,0.15,0.00
17.63248,0.00,0.00,0.00,0.000,0.000,0.000,0.000,0.000,0.000,0.00,0.00,0.000,0.000,0.181,0.108,-0.077,0.172,0.282,-0.007,0.000,0.000,0.000,5.000,5.000,0.000,1.000,0.15,0.00
17.64339,0.00,0.00,0.00,0.000,0.000,0.000,0.000,0.000,0.000,0.00,0.00,0.000,0.000,0.180,0.108,-0.077,0.172,0.282,-0.005,0.000,0.000,0.000,5.000,5.000,0.000,1.000,0.15,0.00
17.65571,0.00,0.00,0.00,0.000,0.000,0.000,0.000,0.000,0.000,0.00,0.00,0.000,0.000,0.181,0.108,0.011,0.194,0.282,-0.004,0.000,0.000,0.000,5.000,5.000,0.000,1.000,0.15,0.00
17.66784,0.00,0.00,0.00,0.000,0.000,0.000,0.000,0.000,0.000,0.00,0.00,0.000,0.000,0.181,0.108,0.011,0.194,0.282,-0.003,0.000,0.000,0.000,5.000,5.000,0.000,1.000,0.15,0.00
17.68139,0.00,0.00,0.00,0.000,0.000,0.000,0.000,0.000,0.000,0.00,0.00,0.000,0.000,0.181,0.108,0.011,0.172,0.282,-0.002,0.000,0.000,0.000,5.000,5.000,0.000,1.000,0.15,0.00
17.69149,0.00,0.00,0.00,0.000,0.000,0.000,0.000,0.000,0.000,0.00,0.00,0.000,0.000,0.182,0.108,0.011,0.172,0.282,-0.001,0.000,0.000,0.000,5.000,5.000,0.000,1.000,0.15,0.00
17.70286,0.00,0.00,0.00,0.000,0.000,0.000,0.000,0.000,0.000,0.00,0.00,0.000,0.000,0.182,0.108,-0.033,0.165,0.282,-0.002,0.000,0.000,0.000,5.000,5.000,0.000,1.000,0.15,0.00
17.71728,0.00,0.00,0.00,0.000,0.000,0.000,0.000,0.000,0.000,0.00,0.00,0.000,0.000,0.182,0.108,-0.099,0.179,0.281,-0.003,0.000,0.000,0.000,5.000,5.000,0.000,1.000,0.15,0.00
17.72747,0.00,0.00,0.00,0.000,0.000,0.000,0.000,0.000,0.000,0.00,0.00,0.000,0.000,0.182,0.108,0.011,0.201,0.281,-0.002,0.000,0.000,0.000,5.000,5.000,0.000,1.000,0.15,0.00
17.73794,0.00,0.00,0.00,0.000,0.000,0.000,0.000,0.000,0.000,0.00,0.00,0.000,0.000,0.181,0.108,-0.055,0.172,0.281,-0.005,0.000,0.000,0.000,5.000,5.000,0.000,1.000,0.15,0.00
17.74949,0.00,0.00,0.00,0.000,0.000,0.000,0.000,0.000,0.000,0.00,0.00,0.000,0.000,0.181,0.108,0.055,0.179,0.281,-0.003,0.000,0.000,0.000,5.000,5.000,0.000,1.000,0.15,0.00
17.76012,0.00,0.00,0.00,0.000,0.000,0.000,0.000,0.000,0.000,0.00,0.00,0.000,0.000,0.181,0.108,0.055,0.179,0.281,-0.006,0.000,0.000,0.000,5.000,5.000,0.000,1.000,0.15,0.00
17.77110,0.00,0.00,0.00,0.000,0.000,0.000,0.000,0.000,0.000,0.00,0.00,0.000,0.000,0.181,0.108,-0.033,0.158,0.281,-0.004,0.000,0.000,0.000,5.000,5.000,0.000,1.000,0.15,0.00
17.78125,0.00,0.00,0.00,0.000,0.000,0.000,0.000,0.000,0.000,0.00,0.00,0.000,0.000,0.181,0.108,-0.077,0.172,0.281,-0.004,0.000,0.000,0.000,5.000,5.000,0.000,1.000,0.15,0.00
17.79995,0.00,0.00,0.00,0.000,0.000,0.000,0.000,0.000,0.000,0.00,0.00,0.000,0.000,0.182,0.108,0.011,0.179,0.281,-0.004,0.000,0.000,0.000,5.000,5.000,0.000,1.000,0.15,0.00
17.81015,0.00,0.00,0.00,0.000,0.000,0.000,0.000,0.000,0.000,0.00,0.00,0.000,0.000,0.181,0.108,0.033,0.187,0.281,-0.006,0.000,0.000,0.000,5.000,5.000,0.000,1.000,0.15,0.00
17.82151,0.00,0.00,0.00,0.000,0.000,0.000,0.000,0.000,0.000,0.00,0.00,0.000,0.000,0.181,0.108,0.011,0.172,0.281,-0.004,0.000,0.000,0.000,5.000,5.000,0.000,1.000,0.15,0.00
17.83170,0.00,0.00,0.00,0.000,0.000,0.000,0.000,0.000,0.000,0.00,0.00,0.000,0.000,0.181,0.108,0.011,0.172,0.281,-0.006,0.000,0.000,0.000,5.000,5.000,0.000,1.000,0.15,0.00
17.84202,0.00,0.00,0.00,0.000,0.000,0.000,0.000,0.000,0.000,0.00,0.00,0.000,0.000,0.181,0.108,-0.055,0.179,0.281,-0.006,0.000,0.000,0.000,5.000,5.000,0.000,1.000,0.15,0.00
17.85378,0.00,0.00,0.00,0.000,0.000,0.000,0.000,0.000,0.000,0.00,0.00,0.000,0.000,0.181,0.108,0.011,0.172,0.281,-0.004,0.000,0.000,0.000,5.000,5.000,0.000,1.000,0.15,0.00
17.86396,0.00,0.00,0.00,0.000,0.000,0.000,0.000,0.000,0.000,0.00,0.00,0.000,0.000,0.181,0.108,-0.011,0.187,0.281,-0.003,0.000,0.000,0.000,5.000,5.000,0.000,1.000,0.15,0.00
17.87489,0.00,0.00,0.00,0.000,0.000,0.000,0.000,0.000,0.000,0.00,0.00,0.000,0.000,0.182,0.108,-0.077,0.165,0.281,-0.002,0.000,0.000,0.000,5.000,5.000,0.000,1.000,0.15,0.00
17.88507,0.00,0.00,0.00,0.000,0.000,0.000,0.000,0.000,0.000,0.00,0.00,0.000,0.000,0.182,0.108,-0.077,0.172,0.281,-0.001,0.000,0.000,0.000,5.000,5.000,0.000,1.000,0.15,0.00
17.89523,0.00,0.00,0.00,0.000,0.000,0.000,0.000,0.000,0.000,0.00,0.00,0.000,0.000,0.182,0.108,-0.077,0.172,0.281,-0.000,0.000,0.000,0.000,5.000,5.000,0.000,1.000,0.15,0.00
17.90666,0.00,0.00,0.00,0.000,0.000,0.000,0.000,0.000,0.000,0.00,0.00,0.000,0.000,0.182,0.108,0.033,0.187,0.281,-0.001,0.000,0.000,0.000,5.000,5.000,0.000,1.000,0.15,0.00
17.91907,0.00,0.00,0.00,0.000,0.000,0.000,0.000,0.000,0.000,0.00,0.00,0.000,0.000,0.182,0.108,0.011,0.172,0.281,-0.000,0.000,0.000,0.000,5.000,5.000,0.000,1.000,0.15,0.00
17.92936,0.00,0.00,0.00,0.000,0.000,0.000,0.000,0.000,0.000,0.00,0.00,0.000,0.000,0.182,0.108,-0.011,0.172,0.281,0.001,0.000,0.000,0.000,5.000,5.000,0.000,1.000,0.15,0.00
17.94029,0.00,0.00,0.00,0.000,0.000,0.000,0.000,0.000,0.000,0.00,0.00,0.000,0.000,0.183,0.108,-0.033,0.165,0.281,0.001,0.000,0.000,0.000,5.000,5.000,0.000,1.000,0.15,0.00
17.95044,0.00,0.00,0.00,0.000,0.000,0.000,0.000,0.000,0.000,0.00,0.00,0.000,0.000,0.183,0.108,0.033,0.165,0.281,0.001,0.000,0.000,0.000,5.000,5.000,0.000,1.000,0.15,0.00
17.96067,0.00,0.00,0.00,0.000,0.000,0.000,0.000,0.000,0.000,0.00,0.00,0.000,0.000,0.183,0.108,-0.011,0.179,0.281,0.001,0.000,0.000,0.000,5.000,5.000,0.000,1.000,0.15,0.00
17.97086,0.00,0.00,0.00,0.000,0.000,0.000,0.000,0.000,0.000,0.00,0.00,0.000,0.000,0.183,0.108,0.099,0.172,0.281,0.001,0.000,0.000,0.000,5.000,5.000,0.000,1.000,0.15,0.00
17.98101,0.00,0.00,0.00,0.000,0.000,0.000,0.000,0.000,0.000,0.00,0.00,0.000,0.000,0.183,0.108,-0.055,0.179,0.281,0.000,0.000,0.000,0.000,5.000,5.000,0.000,1.000,0.15,0.00
17.99177,0.00,0.00,0.00,0.000,0.000,0.000,0.000,0.000,0.000,0.00,0.00,0.000,0.000,0.182,0.108,-0.055,0.179,0.281,0.000,0.000,0.000,0.000,5.000,5.000,0.000,1.000,0.15,0.00
18.00322,0.00,0.00,0.00,0.000,0.000,0.000,0.000,0.000,0.000,0.00,0.00,0.000,0.000,0.182,0.108,0.011,0.179,0.281,0.000,0.000,0.000,0.000,5.000,5.000,0.000,1.000,0.15,0.00
18.01832,0.00,0.00,0.00,0.000,0.000,0.000,0.000,0.000,0.000,0.00,0.00,0.000,0.000,0.183,0.108,0.011,0.194,0.281,0.003,0.000,0.000,0.000,5.000,5.000,0.000,1.000,0.15,0.00
18.02849,0.00,0.00,0.00,0.000,0.000,0.000,0.000,0.000,0.000,0.00,0.00,0.000,0.000,0.184,0.108,-0.033,0.158,0.281,0.006,0.000,0.000,0.000,5.000,5.000,0.000,1.000,0.15,0.00
18.04636,0.00,0.00,0.00,0.000,0.000,0.000,0.000,0.000,0.000,0.00,0.00,0.000,0.000,0.184,0.108,0.033,0.179,0.281,0.005,0.000,0.000,0.000,5.000,5.000,0.000,1.000,0.15,0.00
18.05944,0.00,0.00,0.00,0.000,0.000,0.000,0.000,0.000,0.000,0.00,0.00,0.000,0.000,0.185,0.108,-0.121,0.172,0.281,0.009,0.000,0.000,0.000,5.000,5.000,0.000,1.000,0.15,0.00
18.07160,0.00,0.00,0.00,0.000,0.000,0.000,0.000,0.000,0.000,0.00,0.00,0.000,0.000,0.186,0.108,0.011,0.172,0.281,0.012,0.000,0.000,0.000,5.000,5.000,0.000,1.000,0.15,0.00
18.08511,0.00,0.00,0.00,0.000,0.000,0.000,0.000,0.000,0.000,0.00,0.00,0.000,0.000,0.185,0.108,-0.033,0.172,0.281,0.009,0.000,0.000,0.000,5.000,5.000,0.000,1.000,0.15,0.00
18.09763,0.00,0.00,0.00,0.000,0.000,0.000,0.000,0.000,0.000,0.00,0.00,0.000,0.000,0.184,0.108,-0.033,0.172,0.281,0.006,0.000,0.000,0.000,5.000,5.000,0.000,1.000,0.15,0.00
18.11330,0.00,0.00,0.00,0.000,0.000,0.000,0.000,0.000,0.000,0.00,0.00,0.000,0.000,0.183,0.108,0.055,0.172,0.282,0.011,0.000,0.000,0.000,5.000,5.000,0.000,1.000,0.15,0.00
18.13283,0.00,0.00,0.00,0.000,0.000,0.000,0.000,0.000,0.000,0.00,0.00,0.000,0.000,0.187,0.108,-0.055,0.187,0.282,0.016,0.000,0.000,0.000,5.000,5.000,0.000,1.000,0.15,0.00
18.15492,0.00,0.00,0.00,0.000,0.000,0.000,0.000,0.000,0.000,0.00,0.00,0.000,0.000,0.187,0.108,-0.055,0.187,0.282,0.021,0.000,0.000,0.000,5.000,5.000,0.000,1.000,0.15,0.00
18.17031,0.00,0.00,0.00,0.000,0.000,0.000,0.000,0.000,0.000,0.00,0.00,0.000,0.000,0.188,0.108,0.011,0.179,0.282,0.021,0.000,0.000,0.000,5.000,5.000,0.000,1.000,0.15,0.00
18.19602,0.00,0.00,0.00,0.000,0.000,0.000,0.000,0.000,0.000,0.00,0.00,0.000,0.000,0.192,0.108,0.033,0.194,0.283,0.025,0.000,0.000,0.000,5.000,5.000,0.000,1.000,0.15,0.00
18.20644,0.00,0.00,0.00,0.000,0.000,0.000,0.000,0.000,0.000,0.00,0.00,0.000,0.000,0.189,0.108,-0.011,0.179,0.283,0.017,0.000,0.000,0.000,5.000,5.000,0.000,1.000,0.15,0.00
18.22198,0.00,0.00,0.00,0.000,0.000,0.000,0.000,0.000,0.000,0.00,0.00,0.000,0.000,0.187,0.108,-0.011,0.179,0.283,0.012,0.000,0.000,0.000,5.000,5.000,0.000,1.000,0.15,0.00
18.23356,0.00,0.00,0.00,0.000,0.000,0.000,0.000,0.000,0.000,0.00,0.00,0.000,0.000,0.186,0.108,0.011,0.194,0.284,0.057,0.000,0.000,0.000,5.000,5.000,0.000,1.000,0.15,0.00
18.24849,0.00,0.00,0.00,0.000,0.000,0.000,0.000,0.000,0.000,0.00,0.00,0.000,0.000,0.199,0.108,0.033,0.187,0.284,0.041,0.000,0.000,0.000,5.000,5.000,0.000,1.000,0.15,0.00
18.26877,0.00,0.00,0.00,0.000,0.000,0.000,0.000,0.000,0.000,0.00,0.00,0.000,0.000,0.193,0.108,-0.033,0.179,0.285,0.038,0.000,0.000,0.000,5.000,5.000,0.000,1.000,0.15,0.00
18.29077,0.00,0.00,0.00,0.000,0.000,0.000,0.000,0.000,0.000,0.00,0.00,0.000,0.000,0.191,0.108,-0.033,0.179,0.285,0.031,0.000,0.000,0.000,5.000,5.000,0.000,1.000,0.15,0.00
18.30955,0.00,0.00,0.00,0.000,0.000,0.000,0.000,0.000,0.000,0.00,0.00,0.000,0.000,0.186,0.108,0.011,0.179,0.285,0.009,0.000,0.000,0.000,5.000,5.000,0.000,1.000,0.15,0.00
18.32756,0.00,0.00,0.00,0.000,0.000,0.000,0.000,0.000,0.000,0.00,0.00,0.000,0.000,0.183,0.108,-0.077,0.165,0.285,0.003,0.000,0.000,0.000,5.000,5.000,0.000,1.000,0.15,0.00
18.34002,0.00,0.00,0.00,0.000,0.000,0.000,0.000,0.000,0.000,0.00,0.00,0.000,0.000,0.183,0.108,-0.077,0.165,0.285,0.001,0.000,0.000,0.000,5.000,5.000,0.000,1.000,0.15,0.00
18.35581,0.00,0.00,0.00,0.000,0.000,0.000,0.000,0.000,0.000,0.00,0.00,0.000,0.000,0.182,0.108,-0.077,0.165,0.285,-0.000,0.000,0.000,0.000,5.000,5.000,0.000,1.000,0.15,0.00
18.37166,0.00,0.00,0.00,0.000,0.000,0.000,0.000,0.000,0.000,0.00,0.00,0.000,0.000,0.183,0.108,-0.011,0.172,0.285,0.008,0.000,0.000,0.000,5.000,5.000,0.000,1.000,0.15,0.00
18.38330,0.00,0.00,0.00,0.000,0.000,0.000,0.000,0.000,0.000,0.00,0.00,0.000,0.000,0.185,0.108,-0.011,0.172,0.285,0.005,0.000,0.000,0.000,5.000,5.000,0.000,1.000,0.15,0.00
18.39351,0.00,0.00,0.00,0.000,0.000,0.000,0.000,0.000,0.000,0.00,0.00,0.000,0.000,0.184,0.108,-0.143,0.172,0.285,0.003,0.000,0.000,0.000,5.000,5.000,0.000,1.000,0.15,0.00
18.40876,0.00,0.00,0.00,0.000,0.000,0.000,0.000,0.000,0.000,0.00,0.00,0.000,0.000,0.183,0.108,0.099,0.179,0.285,0.004,0.000,0.000,0.000,5.000,5.000,0.000,1.000,0.15,0.00
18.42901,0.00,0.00,0.00,0.000,0.000,0.000,0.000,0.000,0.000,0.00,0.00,0.000,0.000,0.183,0.108,0.099,0.179,0.285,-0.006,0.000,0.000,0.000,5.000,5.000,0.000,1.000,0.15,0.00
18.44621,0.00,0.00,0.00,0.000,0.000,0.000,0.000,0.000,0.000,0.00,0.00,0.000,0.000,0.178,0.108,0.011,0.172,0.285,-0.016,0.000,0.000,0.000,5.000,5.000,0.000,1.000,0.15,0.00
18.45769,0.00,0.00,0.00,0.000,0.000,0.000,0.000,0.000,0.000,0.00,0.00,0.000,0.000,0.179,0.108,-0.033,0.179,0.285,-0.012,0.000,0.000,0.000,5.000,5.000,0.000,1.000,0.15,0.00
18.46915,0.00,0.00,0.00,0.000,0.000,0.000,0.000,0.000,0.000,0.00,0.00,0.000,0.000,0.179,0.108,-0.033,0.179,0.285,-0.012,0.000,0.000,0.000,5.000,5.000,0.000,1.000,0.15,0.00
18.48086,0.00,0.00,0.00,0.000,0.000,0.000,0.000,0.000,0.000,0.00,0.00,0.000,0.000,0.179,0.108,0.033,0.179,0.285,-0.012,0.000,0.000,0.000,5.000,5.000,0.000,1.000,0.15,0.00
18.49620,0.00,0.00,0.00,0.000,0.000,0.000,0.000,0.000,0.000,0.00,0.00,0.000,0.000,0.179,0.108,0.033,0.179,0.284,-0.019,0.000,0.000,0.000,5.000,5.000,0.000,1.000,0.15,0.00
18.51217,0.00,0.00,0.00,0.000,0.000,0.000,0.000,0.000,0.000,0.00,0.00,0.000,0.000,0.180,0.108,0.033,0.179,0.284,-0.008,0.000,0.000,0.000,5.000,5.000,0.000,1.000,0.15,0.00
18.52278,0.00,0.00,0.00,0.000,0.000,0.000,0.000,0.000,0.000,0.00,0.00,0.000,0.000,0.180,0.108,-0.011,0.179,0.293,0.284,0.000,0.000,0.000,5.000,5.000,0.000,1.000,0.15,0.00
18.53309,0.00,0.00,0.00,0.000,0.000,0.000,0.000,0.000,0.000,0.00,0.00,0.000,0.000,0.283,0.108,-0.011,0.179,0.293,0.284,0.000,0.000,0.000,5.000,5.000,0.000,1.000,0.15,0.00
18.55225,0.00,0.00,0.00,0.000,0.000,0.000,0.000,0.000,0.000,0.00,0.00,0.000,0.000,0.251,0.111,0.209,0.267,0.293,0.207,0.000,0.000,0.000,5.000,5.000,0.000,1.000,0.15,0.00
18.56705,0.00,0.00,0.00,0.000,0.000,0.000,0.000,0.000,0.000,0.00,0.00,0.000,0.000,0.251,0.111,0.209,0.267,0.293,0.207,0.000,0.000,0.000,5.000,5.000,0.000,1.000,0.15,0.00
18.57992,0.00,0.00,0.00,0.000,0.000,0.000,0.000,0.000,0.000,0.00,0.00,0.000,0.000,0.251,0.111,0.209,0.267,0.310,0.719,0.000,0.000,0.000,5.000,5.000,0.000,1.000,0.15,0.00
18.59613,0.00,0.00,0.00,0.000,0.000,0.000,0.000,0.000,0.000,0.00,0.00,0.000,0.000,0.329,0.111,0.209,0.267,0.310,0.719,0.000,0.000,0.000,5.000,5.000,0.000,1.000,0.15,0.00
18.61323,0.00,0.00,0.00,0.000,0.000,0.000,0.000,0.000,0.000,0.00,0.00,0.000,0.000,0.329,0.123,0.121,0.341,0.319,0.831,0.000,0.000,0.000,5.000,5.000,0.000,1.000,0.15,0.00
18.62732,0.00,0.00,0.00,0.000,0.000,0.000,0.000,0.000,0.000,0.00,0.00,0.000,0.000,0.318,0.123,0.121,0.341,0.338,0.974,0.000,0.000,0.000,5.002,5.000,0.000,1.000,0.15,0.00
18.64091,0.00,0.00,0.00,0.000,0.000,0.000,0.000,0.000,0.000,0.00,0.00,0.000,0.000,0.318,0.125,0.099,0.333,0.347,1.009,0.000,0.000,0.000,5.147,5.000,0.000,1.000,0.15,0.00
18.65425,0.00,0.00,0.00,0.000,0.000,0.000,0.000,0.000,0.000,0.00,0.00,0.000,0.000,0.327,0.125,-0.055,0.311,0.355,0.987,0.000,0.000,0.000,5.271,5.000,0.000,1.000,0.15,0.00
18.66443,0.00,0.00,0.00,0.000,0.000,0.000,0.000,0.000,0.000,0.00,0.00,0.000,0.000,0.335,0.125,-0.055,0.319,0.355,0.987,0.000,0.000,0.000,5.271,5.000,0.000,1.000,0.15,0.00
18.68678,0.00,0.00,0.00,0.000,0.000,0.000,0.000,0.000,0.000,0.00,0.00,0.000,0.000,0.335,0.125,-0.033,0.326,0.355,0.987,0.000,0.000,0.000,5.271,5.000,0.000,1.000,0.15,0.00
18.70367,0.00,0.00,0.00,0.000,0.000,0.000,0.000,0.000,0.000,0.00,0.00,0.000,0.000,0.335,0.125,0.055,0.333,0.362,0.945,0.000,0.000,0.000,5.385,5.000,0.000,1.000,0.15,0.00
18.71640,0.00,0.00,0.00,0.000,0.000,0.000,0.000,0.000,0.000,0.00,0.00,0.000,0.000,0.343,0.125,0.055,0.333,0.368,0.853,0.000,0.000,0.000,5.473,5.000,0.000,1.000,0.15,0.00
18.74141,0.00,0.00,0.00,0.000,0.000,0.000,0.000,0.000,0.000,0.00,0.00,0.000,0.000,0.373,0.125,-0.033,0.333,0.368,0.588,0.000,0.000,0.000,5.473,5.000,0.000,1.000,0.15,0.00
18.75316,0.00,0.00,0.00,0.000,0.000,0.000,0.000,0.000,0.000,0.00,0.00,0.000,0.000,0.379,0.125,-0.077,0.333,0.374,0.593,0.000,0.000,0.000,5.561,5.000,0.000,1.000,0.15,0.00
18.76862,0.00,0.00,0.00,0.000,0.000,0.000,0.000,0.000,0.000,0.00,0.00,0.000,0.000,0.379,0.126,-0.011,0.355,0.378,0.545,0.000,0.000,0.000,5.626,5.000,0.000,1.000,0.15,0.00
18.78666,0.00,0.00,0.00,0.000,0.000,0.000,0.000,0.000,0.000,0.00,0.00,0.000,0.000,0.407,0.126,-0.011,0.355,0.384,0.394,0.000,0.000,0.000,5.710,5.000,0.000,1.000,0.15,0.00
18.80707,0.00,0.00,0.00,0.000,0.000,0.000,0.000,0.000,0.000,0.00,0.00,0.000,0.000,0.388,0.130,0.209,0.385,0.384,0.394,0.000,0.000,0.000,5.710,5.000,0.000,1.000,0.15,0.00
18.82548,0.00,0.00,0.00,0.000,0.000,0.000,0.000,0.000,0.000,0.00,0.00,0.000,0.000,0.339,0.130,0.209,0.385,0.385,0.194,0.000,0.000,0.000,5.734,5.000,0.000,1.000,0.15,0.00
18.83866,0.00,0.00,0.00,0.000,0.000,0.000,0.000,0.000,0.000,0.00,0.00,0.000,0.000,0.282,0.133,-0.077,0.355,0.385,0.111,0.000,0.000,0.000,5.734,5.000,0.000,1.000,0.15,0.00
18.84998,0.00,0.00,0.00,0.000,0.000,0.000,0.000,0.000,0.000,0.00,0.00,0.000,0.000,0.248,0.133,-0.077,0.355,0.385,0.111,0.000,0.000,0.000,5.734,5.000,0.000,1.000,0.15,0.00
18.86396,0.00,0.00,0.00,0.000,0.000,0.000,0.000,0.000,0.000,0.00,0.00,0.000,0.000,0.263,0.132,-0.121,0.267,0.388,0.145,0.000,0.000,0.000,5.775,5.000,0.000,1.000,0.15,0.00
18.88987,0.00,0.00,0.00,0.000,0.000,0.000,0.000,0.000,0.000,0.00,0.00,0.000,0.000,0.263,0.132,0.055,0.253,0.388,0.145,0.000,0.000,0.000,5.775,5.000,0.000,1.000,0.15,0.00
18.90435,0.00,0.00,0.00,0.000,0.000,0.000,0.000,0.000,0.000,0.00,0.00,0.000,0.000,0.240,0.132,-0.077,0.260,0.388,0.086,0.000,0.000,0.000,5.778,5.000,0.000,1.000,0.15,0.00
18.92363,0.00,0.00,0.00,0.000,0.000,0.000,0.000,0.000,0.000,0.00,0.00,0.000,0.000,0.218,0.132,-0.011,0.231,0.388,0.022,0.000,0.000,0.000,5.771,5.000,0.000,1.000,0.15,0.00
18.93730,0.00,0.00,0.00,0.000,0.000,0.000,0.000,0.000,0.000,0.00,0.00,0.000,0.000,0.218,0.132,-0.011,0.231,0.389,0.027,0.000,0.000,0.000,5.786,5.000,0.000,1.000,0.15,0.00
18.95351,0.00,0.00,0.00,0.000,0.000,0.000,0.000,0.000,0.000,0.00,0.00,0.000,0.000,0.210,0.132,-0.011,0.231,0.389,-0.002,0.000,0.000,0.000,5.786,5.000,0.000,1.000,0.15,0.00
18.97450,0.00,0.00,0.00,0.000,0.000,0.000,0.000,0.000,0.000,0.00,0.00,0.000,0.000,0.210,0.131,-0.055,0.187,0.389,-0.002,0.000,0.000,0.000,5.786,5.000,0.000,1.000,0.15,0.00
18.99080,0.00,0.00,0.00,0.000,0.000,0.000,0.000,0.000,0.000,0.00,0.00,0.000,0.000,0.210,0.131,0.055,0.194,0.396,0.200,0.000,0.000,0.000,5.894,5.000,0.000,1.000,0.15,0.00
19.00710,0.00,0.00,0.00,0.000,0.000,0.000,0.000,0.000,0.000,0.00,0.00,0.000,0.000,0.292,0.131,-0.033,0.223,0.396,0.200,0.000,0.000,0.000,5.894,5.000,0.000,1.000,0.15,0.00
19.01789,0.00,0.00,0.00,0.000,0.000,0.000,0.000,0.000,0.000,0.00,0.00,0.000,0.000,0.292,0.131,-0.033,0.223,0.399,0.243,0.000,0.000,0.000,5.945,5.000,0.000,1.000,0.15,0.00
19.02815,0.00,0.00,0.00,0.000,0.000,0.000,0.000,0.000,0.000,0.00,0.00,0.000,0.000,0.346,0.131,-0.011,0.282,0.403,0.295,0.000,0.000,0.000,6.005,5.000,0.000,1.000,0.15,0.00
19.04165,0.00,0.00,0.00,0.000,0.000,0.000,0.000,0.000,0.000,0.00,0.00,0.000,0.000,0.378,0.131,-0.011,0.282,0.408,0.343,0.000,0.000,0.000,6.068,5.000,0.000,1.000,0.15,0.00
19.05284,0.00,0.00,0.00,0.000,0.000,0.000,0.000,0.000,0.000,0.00,0.00,0.000,0.000,0.378,0.132,0.033,0.333,0.412,0.360,0.000,0.000,0.000,6.124,5.000,0.000,1.000,0.15,0.00
19.06339,0.00,0.00,0.00,0.000,0.000,0.000,0.000,0.000,0.000,0.00,0.00,0.000,0.000,0.392,0.133,0.187,0.355,0.412,0.242,0.000,0.000,0.000,6.125,5.000,0.000,1.000,0.15,0.00
19.07394,0.00,0.00,0.00,0.000,0.000,0.000,0.000,0.000,0.000,0.00,0.00,0.000,0.000,0.325,0.134,0.033,0.385,0.412,0.157,0.000,0.000,0.000,6.125,5.000,0.000,1.000,0.15,0.00
19.08544,0.00,0.00,0.00,0.000,0.000,0.000,0.000,0.000,0.000,0.00,0.00,0.000,0.000,0.284,0.134,0.033,0.385,0.416,0.230,0.000,0.000,0.000,6.183,5.000,0.000,1.000,0.15,0.00
19.09678,0.00,0.00,0.00,0.000,0.000,0.000,0.000,0.000,0.000,0.00,0.00,0.000,0.000,0.321,0.135,0.011,0.304,0.419,0.270,0.000,0.000,0.000,6.235,5.000,0.000,1.000,0.15,0.00
19.10753,0.00,0.00,0.00,0.000,0.000,0.000,0.000,0.000,0.000,0.00,0.00,0.000,0.000,0.345,0.135,-0.055,0.304,0.419,0.178,0.000,0.000,0.000,6.235,5.000,0.000,1.000,0.15,0.00
19.12602,0.00,0.00,0.00,0.000,0.000,0.000,0.000,0.000,0.000,0.00,0.00,0.000,0.000,0.270,0.135,-0.033,0.333,0.419,0.112,0.000,0.000,0.000,6.235,5.000,0.000,1.000,0.15,0.00
19.13915,0.00,0.00,0.00,0.000,0.000,0.000,0.000,0.000,0.000,0.00,0.00,0.000,0.000,0.270,0.135,-0.033,0.333,0.423,0.191,0.000,0.000,0.000,6.289,5.000,0.000,1.000,0.15,0.00
19.15324,0.00,0.00,0.00,0.000,0.000,0.000,0.000,0.000,0.000,0.00,0.00,0.000,0.000,0.307,0.134,-0.055,0.282,0.430,0.361,0.000,0.000,0.000,6.390,5.000,0.000,1.000,0.15,0.00
19.16598,0.00,0.00,0.00,0.000,0.000,0.000,0.000,0.000,0.000,0.00,0.00,0.000,0.000,0.410,0.134,-0.121,0.260,0.430,0.246,0.000,0.000,0.000,6.391,5.000,0.000,1.000,0.15,0.00
19.17677,0.00,0.00,0.00,0.000,0.000,0.000,0.000,0.000,0.000,0.00,0.00,0.000,0.000,0.341,0.134,-0.121,0.260,0.430,0.161,0.000,0.000,0.000,6.391,5.000,0.000,1.000,0.15,0.00
19.19007,0.00,0.00,0.00,0.000,0.000,0.000,0.000,0.000,0.000,0.00,0.00,0.000,0.000,0.298,0.135,0.011,0.355,0.438,0.372,0.000,0.000,0.000,6.506,5.000,0.000,1.000,0.15,0.00
19.20724,0.00,0.00,0.00,0.000,0.000,0.000,0.000,0.000,0.000,0.00,0.00,0.000,0.000,0.352,0.135,-0.099,0.341,0.438,0.254,0.000,0.000,0.000,6.507,5.000,0.000,1.000,0.15,0.00
19.21821,0.00,0.00,0.00,0.000,0.000,0.000,0.000,0.000,0.000,0.00,0.00,0.000,0.000,0.379,0.136,0.011,0.414,0.441,0.296,0.000,0.000,0.000,6.561,5.000,0.000,1.000,0.15,0.00
19.22970,0.00,0.00,0.00,0.000,0.000,0.000,0.000,0.000,0.000,0.00,0.00,0.000,0.000,0.324,0.136,-0.033,0.363,0.441,0.198,0.000,0.000,0.000,6.561,5.000,0.000,1.000,0.15,0.00
19.24232,0.00,0.00,0.00,0.000,0.000,0.000,0.000,0.000,0.000,0.00,0.00,0.000,0.000,0.341,0.136,-0.055,0.385,0.444,0.226,0.000,0.000,0.000,6.603,5.000,0.000,1.000,0.15,0.00
19.25789,0.00,0.00,0.00,0.000,0.000,0.000,0.000,0.000,0.000,0.00,0.00,0.000,0.000,0.302,0.136,0.011,0.319,0.444,0.148,0.000,0.000,0.000,6.604,5.000,0.000,1.000,0.15,0.00
19.27394,0.00,0.00,0.00,0.000,0.000,0.000,0.000,0.000,0.000,0.00,0.00,0.000,0.000,0.381,0.136,0.077,0.319,0.450,0.288,0.000,0.000,0.000,6.686,5.000,0.000,1.000,0.15,0.00
19.28681,0.00,0.00,0.00,0.000,0.000,0.000,0.000,0.000,0.000,0.00,0.00,0.000,0.000,0.328,0.136,0.077,0.319,0.450,0.193,0.000,0.000,0.000,6.686,5.000,0.000,1.000,0.15,0.00
19.30243,0.00,0.00,0.00,0.000,0.000,0.000,0.000,0.000,0.000,0.00,0.00,0.000,0.000,0.294,0.136,0.011,0.363,0.450,0.123,0.000,0.000,0.000,6.686,5.000,0.000,1.000,0.15,0.00
19.31446,0.00,0.00,0.00,0.000,0.000,0.000,0.000,0.000,0.000,0.00,0.00,0.000,0.000,0.294,0.136,0.077,0.326,0.453,0.166,0.000,0.000,0.000,6.724,5.000,0.000,1.000,0.15,0.00
19.32564,0.00,0.00,0.00,0.000,0.000,0.000,0.000,0.000,0.000,0.00,0.00,0.000,0.000,0.316,0.136,0.077,0.326,0.456,0.204,0.000,0.000,0.000,6.765,5.000,0.000,1.000,0.15,0.00
19.33774,0.00,0.00,0.00,0.000,0.000,0.000,0.000,0.000,0.000,0.00,0.00,0.000,0.000,0.338,0.136,0.033,0.289,0.458,0.222,0.000,0.000,0.000,6.802,5.000,0.000,1.000,0.15,0.00
19.34922,0.00,0.00,0.00,0.000,0.000,0.000,0.000,0.000,0.000,0.00,0.00,0.000,0.000,0.349,0.136,0.033,0.297,0.458,0.146,0.000,0.000,0.000,6.803,5.000,0.000,1.000,0.15,0.00
19.36144,0.00,0.00,0.00,0.000,0.000,0.000,0.000,0.000,0.000,0.00,0.00,0.000,0.000,0.310,0.136,-0.011,0.326,0.462,0.208,0.000,0.000,0.000,6.850,5.000,0.000,1.000,0.15,0.00
19.37437,0.00,0.00,0.00,0.000,0.000,0.000,0.000,0.000,0.000,0.00,0.00,0.000,0.000,0.344,0.136,0.033,0.311,0.462,0.137,0.000,0.000,0.000,6.851,5.000,0.000,1.000,0.15,0.00
19.38505,0.00,0.00,0.00,0.000,0.000,0.000,0.000,0.000,0.000,0.00,0.00,0.000,0.000,0.308,0.136,-0.011,0.326,0.465,0.183,0.000,0.000,0.000,6.891,5.000,0.000,1.000,0.15,0.00
19.39787,0.00,0.00,0.00,0.000,0.000,0.000,0.000,0.000,0.000,0.00,0.00,0.000,0.000,0.333,0.136,-0.011,0.326,0.465,0.183,0.000,0.000,0.000,6.891,5.000,0.000,1.000,0.15,0.00
19.41027,0.00,0.00,0.00,0.000,0.000,0.000,0.000,0.000,0.000,0.00,0.00,0.000,0.000,0.333,0.136,-0.011,0.326,0.468,0.229,0.000,0.000,0.000,6.936,5.000,0.000,1.000,0.15,0.00
19.42062,0.00,0.00,0.00,0.000,0.000,0.000,0.000,0.000,0.000,0.00,0.00,0.000,0.000,0.360,0.136,-0.033,0.348,0.472,0.190,0.000,0.000,0.000,6.989,5.000,0.000,1.000,0.15,0.00
19.43332,0.00,0.00,0.00,0.000,0.000,0.000,0.000,0.000,0.000,0.00,0.00,0.000,0.000,0.342,0.136,0.011,0.355,0.476,0.257,0.000,0.000,0.000,7.043,5.000,0.000,1.000,0.15,0.00
19.44369,0.00,0.00,0.00,0.000,0.000,0.000,0.000,0.000,0.000,0.00,0.00,0.000,0.000,0.382,0.136,-0.011,0.348,0.476,0.172,0.000,0.000,0.000,7.043,5.000,0.000,1.000,0.15,0.00
19.45796,0.00,0.00,0.00,0.000,0.000,0.000,0.000,0.000,0.000,0.00,0.00,0.000,0.000,0.394,0.136,0.011,0.363,0.480,0.271,0.000,0.000,0.000,7.108,5.000,0.000,1.000,0.15,0.00
19.47310,0.00,0.00,0.00,0.000,0.000,0.000,0.000,0.000,0.000,0.00,0.00,0.000,0.000,0.437,0.136,-0.011,0.333,0.485,0.330,0.000,0.000,0.000,7.167,5.000,0.000,1.000,0.15,0.00
19.48559,0.00,0.00,0.00,0.000,0.000,0.000,0.000,0.000,0.000,0.00,0.00,0.000,0.000,0.369,0.136,0.033,0.377,0.485,0.224,0.000,0.000,0.000,7.167,5.000,0.000,1.000,0.15,0.00
19.50399,0.00,0.00,0.00,0.000,0.000,0.000,0.000,0.000,0.000,0.00,0.00,0.000,0.000,0.420,0.136,0.099,0.407,0.489,0.203,0.000,0.000,0.000,7.228,5.000,0.000,1.000,0.15,0.00
19.51437,0.00,0.00,0.00,0.000,0.000,0.000,0.000,0.000,0.000,0.00,0.00,0.000,0.000,0.360,0.137,0.033,0.407,0.494,0.308,0.000,0.000,0.000,7.298,5.000,0.000,1.000,0.15,0.00
19.52669,0.00,0.00,0.00,0.000,0.000,0.000,0.000,0.000,0.000,0.00,0.00,0.000,0.000,0.430,0.137,0.033,0.407,0.494,0.208,0.000,0.000,0.000,7.298,5.000,0.000,1.000,0.15,0.00
19.53736,0.00,0.00,0.00,0.000,0.000,0.000,0.000,0.000,0.000,0.00,0.00,0.000,0.000,0.367,0.137,0.011,0.370,0.499,0.302,0.000,0.000,0.000,7.363,5.000,0.000,1.000,0.15,0.00
19.54750,0.00,0.00,0.00,0.000,0.000,0.000,0.000,0.000,0.000,0.00,0.00,0.000,0.000,0.429,0.137,0.011,0.370,0.499,0.302,0.000,0.000,0.000,7.363,5.000,0.000,1.000,0.15,0.00
19.56075,0.00,0.00,0.00,0.000,0.000,0.000,0.000,0.000,0.000,0.00,0.00,0.000,0.000,0.429,0.137,-0.077,0.363,0.499,0.302,0.000,0.000,0.000,7.363,5.000,0.000,1.000,0.15,0.00
19.57153,0.00,0.00,0.00,0.000,0.000,0.000,0.000,0.000,0.000,0.00,0.00,0.000,0.000,0.415,0.138,-0.011,0.407,0.505,0.275,0.000,0.000,0.000,7.441,5.000,0.000,1.000,0.15,0.00
19.58169,0.00,0.00,0.00,0.000,0.000,0.000,0.000,0.000,0.000,0.00,0.00,0.000,0.000,0.415,0.138,0.033,0.421,0.511,0.387,0.000,0.000,0.000,7.519,5.000,0.000,1.000,0.15,0.00
19.59216,0.00,0.00,0.00,0.000,0.000,0.000,0.000,0.000,0.000,0.00,0.00,0.000,0.000,0.504,0.138,0.033,0.421,0.519,0.520,0.000,0.000,0.000,7.617,5.000,0.000,1.000,0.15,0.00
19.60444,0.00,0.00,0.00,0.000,0.000,0.000,0.000,0.000,0.000,0.00,0.00,0.000,0.000,0.533,0.144,0.451,0.414,0.519,0.520,0.000,0.000,0.000,7.617,5.000,0.000,1.000,0.15,0.00
19.61464,0.00,0.00,0.00,0.000,0.000,0.000,0.000,0.000,0.000,0.00,0.00,0.000,0.000,0.533,0.152,0.890,0.407,0.527,0.524,0.000,0.000,0.000,7.724,5.000,0.000,1.000,0.15,0.00
19.62623,0.00,0.00,0.00,0.000,0.000,0.000,0.000,0.000,0.000,0.00,0.00,0.000,0.000,0.540,0.167,1.615,0.333,0.527,0.361,0.000,0.000,0.000,7.725,5.000,0.000,1.000,0.15,0.00
19.64321,0.00,0.00,0.00,0.000,0.000,0.000,0.000,0.000,0.000,0.00,0.00,0.000,0.000,0.546,0.211,2.714,0.531,0.535,0.531,0.000,0.000,0.000,7.832,5.000,0.000,1.000,0.15,0.00
19.65366,0.00,0.00,0.00,0.000,0.000,0.000,0.000,0.000,0.000,0.00,0.00,0.000,0.000,0.525,0.211,2.714,0.531,0.545,0.702,0.000,0.000,0.000,7.956,5.000,0.000,1.000,0.15,0.00
19.66981,0.00,0.00,0.00,0.000,0.000,0.000,0.000,0.000,0.000,0.00,0.00,0.000,0.000,0.525,0.279,3.330,0.568,0.556,0.707,0.000,0.000,0.000,8.092,5.000,0.000,1.000,0.15,0.00
19.68043,0.00,0.00,0.00,0.000,0.000,0.000,0.000,0.000,0.000,0.00,0.00,0.000,0.000,0.534,0.291,3.352,0.568,0.556,0.488,0.000,0.000,0.000,8.093,5.000,0.000,1.000,0.15,0.00
19.69071,0.00,0.00,0.00,0.000,0.000,0.000,0.000,0.000,0.000,0.00,0.00,0.000,0.000,0.574,0.366,3.637,0.597,0.567,0.676,0.000,0.000,0.000,8.215,5.000,0.000,1.000,0.15,0.00
19.70172,0.00,0.00,0.00,0.000,0.000,0.000,0.000,0.000,0.000,0.00,0.00,0.000,0.000,0.546,0.366,3.637,0.597,0.567,0.464,0.000,0.000,0.000,8.216,5.000,0.000,1.000,0.15,0.00
19.71421,0.00,0.00,0.00,0.000,0.000,0.000,0.000,0.000,0.000,0.00,0.00,0.000,0.000,0.590,0.408,3.615,0.509,0.577,0.645,0.000,0.000,0.000,8.332,5.000,0.000,1.000,0.15,0.00
19.72864,0.00,0.00,0.00,0.000,0.000,0.000,0.000,0.000,0.000,0.00,0.00,0.000,0.000,0.558,0.408,3.615,0.509,0.577,0.440,0.000,0.000,0.000,8.333,5.000,0.000,1.000,0.15,0.00
19.74480,0.00,0.00,0.00,0.000,0.000,0.000,0.000,0.000,0.000,0.00,0.00,0.000,0.000,0.604,0.488,3.440,0.575,0.577,0.440,0.000,0.000,0.000,8.333,5.000,0.000,1.000,0.15,0.00
19.75518,0.00,0.00,0.00,0.000,0.000,0.000,0.000,0.000,0.000,0.00,0.00,0.000,0.000,0.604,0.570,2.780,0.626,0.596,0.660,0.000,0.000,0.000,8.554,5.000,0.000,1.000,0.15,0.00
19.76958,0.00,0.00,0.00,0.000,0.000,0.000,0.000,0.000,0.000,0.00,0.00,0.000,0.000,0.571,0.609,2.077,0.604,0.606,0.785,0.000,0.000,0.000,8.664,5.000,0.000,1.000,0.15,0.00
19.78229,0.00,0.00,0.00,0.000,0.000,0.000,0.000,0.000,0.000,0.00,0.00,0.000,0.000,0.563,0.632,2.143,0.560,0.606,0.536,0.000,0.000,0.000,8.665,5.000,0.000,1.000,0.15,0.00
19.80339,0.00,0.00,0.00,0.000,0.000,0.000,0.000,0.000,0.000,0.00,0.00,0.000,0.000,0.572,0.632,2.143,0.560,0.619,0.786,0.000,0.000,0.000,8.801,5.000,0.000,1.000,0.15,0.00
19.81482,0.00,0.00,0.00,0.000,0.000,0.000,0.000,0.000,0.000,0.00,0.00,0.000,0.000,0.568,0.676,0.824,0.648,0.632,0.999,0.000,0.000,0.000,8.943,5.000,0.000,1.000,0.15,0.00
19.82769,0.00,0.00,0.00,0.000,0.000,0.000,0.000,0.000,0.000,0.00,0.00,0.000,0.000,0.593,0.687,0.692,0.568,0.632,0.688,0.000,0.000,0.000,8.945,5.000,0.000,1.000,0.15,0.00
19.84695,0.00,0.00,0.00,0.000,0.000,0.000,0.000,0.000,0.000,0.00,0.00,0.000,0.000,0.579,0.687,0.692,0.568,0.647,0.981,0.000,0.000,0.000,9.099,5.000,0.000,1.000,0.15,0.00
19.86392,0.00,0.00,0.00,0.000,0.000,0.000,0.000,0.000,0.000,0.00,0.00,0.000,0.000,0.583,0.709,1.110,0.568,0.665,0.874,0.000,0.000,0.000,9.269,5.000,0.000,1.000,0.15,0.00
19.87748,0.00,0.00,0.00,0.000,0.000,0.000,0.000,0.000,0.000,0.00,0.00,0.000,0.000,0.595,0.736,0.341,0.656,0.681,1.124,0.000,0.000,0.000,9.415,5.000,0.000,1.000,0.15,0.00
19.89248,0.00,0.00,0.00,0.000,0.000,0.000,0.000,0.000,0.000,0.00,0.00,0.000,0.000,0.594,0.736,0.341,0.656,0.695,1.264,0.000,0.000,0.000,9.545,5.000,0.000,1.000,0.15,0.00
19.90684,0.00,0.00,0.00,0.000,0.000,0.000,0.000,0.000,0.000,0.00,0.00,0.000,0.000,0.600,0.737,-0.011,0.568,0.695,1.264,0.000,0.000,0.000,9.545,5.000,0.000,1.000,0.15,0.00
19.91756,0.00,0.00,0.00,0.000,0.000,0.000,0.000,0.000,0.000,0.00,0.00,0.000,0.000,0.613,0.737,-0.077,0.590,0.708,1.020,0.000,0.000,0.000,9.658,5.000,0.000,1.000,0.15,0.00
19.93013,0.00,0.00,0.00,0.000,0.000,0.000,0.000,0.000,0.000,0.00,0.00,0.000,0.000,0.613,0.737,0.055,0.612,0.720,1.112,0.000,0.000,0.000,9.761,5.000,0.000,1.000,0.15,0.00
19.94128,0.00,0.00,0.00,0.000,0.000,0.000,0.000,0.000,0.000,0.00,0.00,0.000,0.000,0.617,0.737,-0.011,0.612,0.720,0.754,0.000,0.000,0.000,9.762,5.000,0.000,1.000,0.15,0.00
19.96134,0.00,0.00,0.00,0.000,0.000,0.000,0.000,0.000,0.000,0.00,0.00,0.000,0.000,0.638,0.737,-0.011,0.612,0.720,0.754,0.000,0.000,0.000,9.762,5.000,0.000,1.000,0.15,0.00
19.97348,0.00,0.00,0.00,0.000,0.000,0.000,0.000,0.000,0.000,0.00,0.00,0.000,0.000,0.644,0.737,0.033,0.604,0.736,0.776,0.000,0.000,0.000,9.890,5.000,0.000,1.000,0.15,0.00
19.98544,0.00,0.00,0.00,0.000,0.000,0.000,0.000,0.000,0.000,0.00,0.00,0.000,0.000,0.695,0.737,-0.033,0.619,0.736,0.510,0.000,0.000,0.000,9.890,5.000,0.000,1.000,0.15,0.00
19.99730,0.00,0.00,0.00,0.000,0.000,0.000,0.000,0.000,0.000,0.00,0.00,0.000,0.000,0.689,0.737,-0.033,0.619,0.743,0.546,0.000,0.000,0.000,9.942,5.000,0.000,1.000,0.15,0.00
20.00748,0.00,0.00,0.00,0.000,0.000,0.000,0.000,0.000,0.000,0.00,0.00,0.000,0.000,0.662,0.738,0.121,0.670,0.753,0.700,0.000,0.000,0.000,10.020,5.000,0.000,1.000,0.15,0.00
20.01857,0.00,0.00,0.00,0.000,0.000,0.000,0.000,0.000,0.000,0.00,0.00,0.000,0.000,0.662,0.740,0.165,0.656,0.753,0.458,0.000,0.000,0.000,10.020,5.000,0.000,1.000,0.15,0.00
20.02874,0.00,0.00,0.00,0.000,0.000,0.000,0.000,0.000,0.000,0.00,0.00,0.000,0.000,0.721,0.740,0.165,0.656,0.762,0.577,0.000,0.000,0.000,10.083,5.000,0.000,1.000,0.15,0.00
20.04169,0.00,0.00,0.00,0.000,0.000,0.000,0.000,0.000,0.000,0.00,0.00,0.000,0.000,0.690,0.748,0.429,0.656,0.762,0.371,0.000,0.000,0.000,10.084,5.000,0.000,1.000,0.15,0.00
20.05184,0.00,0.00,0.00,0.000,0.000,0.000,0.000,0.000,0.000,0.00,0.00,0.000,0.000,0.659,0.756,0.824,0.568,0.771,0.520,0.000,0.000,0.000,10.146,5.000,0.000,1.000,0.15,0.00
20.06220,0.00,0.00,0.00,0.000,0.000,0.000,0.000,0.000,0.000,0.00,0.00,0.000,0.000,0.710,0.769,1.308,0.524,0.771,0.333,0.000,0.000,0.000,10.146,5.000,0.000,1.000,0.15,0.00
20.07235,0.00,0.00,0.00,0.000,0.000,0.000,0.000,0.000,0.000,0.00,0.00,0.000,0.000,0.622,0.785,1.857,0.582,0.778,0.453,0.000,0.000,0.000,10.198,5.000,0.000,1.000,0.15,0.00
20.08330,0.00,0.00,0.00,0.000,0.000,0.000,0.000,0.000,0.000,0.00,0.00,0.000,0.000,0.736,0.809,2.077,0.707,0.785,0.511,0.000,0.000,0.000,10.242,5.000,0.000,1.000,0.15,0.00
20.09350,0.00,0.00,0.00,0.000,0.000,0.000,0.000,0.000,0.000,0.00,0.00,0.000,0.000,0.720,0.828,1.901,0.663,0.785,0.329,0.000,0.000,0.000,10.243,5.000,0.000,1.000,0.15,0.00
20.10439,0.00,0.00,0.00,0.000,0.000,0.000,0.000,0.000,0.000,0.00,0.00,0.000,0.000,0.624,0.828,1.901,0.663,0.785,0.197,0.000,0.000,0.000,10.243,5.000,0.000,1.000,0.15,0.00
20.11802,0.00,0.00,0.00,0.000,0.000,0.000,0.000,0.000,0.000,0.00,0.00,0.000,0.000,0.506,0.888,2.297,0.736,0.789,0.244,0.000,0.000,0.000,10.270,5.000,0.000,1.000,0.15,0.00
20.12985,0.00,0.00,0.00,0.000,0.000,0.000,0.000,0.000,0.000,0.00,0.00,0.000,0.000,0.546,0.906,1.747,0.590,0.789,0.141,0.000,0.000,0.000,10.270,5.000,0.000,1.000,0.15,0.00
20.14010,0.00,0.00,0.00,0.000,0.000,0.000,0.000,0.000,0.000,0.00,0.00,0.000,0.000,0.465,0.924,1.396,0.560,0.789,0.070,0.000,0.000,0.000,10.271,5.000,0.000,1.000,0.15,0.00
20.15199,0.00,0.00,0.00,0.000,0.000,0.000,0.000,0.000,0.000,0.00,0.00,0.000,0.000,0.417,0.924,1.396,0.560,0.789,0.070,0.000,0.000,0.000,10.271,5.000,0.000,1.000,0.15,0.00
20.17186,0.00,0.00,0.00,0.000,0.000,0.000,0.000,0.000,0.000,0.00,0.00,0.000,0.000,0.385,0.941,-0.033,0.590,0.789,0.018,0.000,0.000,0.000,10.271,5.000,0.000,1.000,0.15,0.00
20.18552,0.00,0.00,0.00,0.000,0.000,0.000,0.000,0.000,0.000,0.00,0.00,0.000,0.000,0.206,0.938,-0.209,0.399,0.766,-0.750,0.000,0.000,0.000,10.115,5.000,0.000,1.000,0.15,0.00
20.19612,0.00,0.00,0.00,0.000,0.000,0.000,0.000,0.000,0.000,0.00,0.00,0.000,0.000,0.210,0.937,-0.011,0.355,0.753,-1.036,0.000,0.000,0.000,10.015,5.000,0.000,1.000,0.15,0.00
20.20694,0.00,0.00,0.00,0.000,0.000,0.000,0.000,0.000,0.000,0.00,0.00,0.000,0.000,0.210,0.936,-0.121,0.253,0.753,-0.768,0.000,0.000,0.000,10.014,5.000,0.000,1.000,0.15,0.00
20.22361,0.00,0.00,0.00,0.000,0.000,0.000,0.000,0.000,0.000,0.00,0.00,0.000,0.000,0.205,0.933,-0.341,0.187,0.746,-0.811,0.000,0.000,0.000,9.960,5.000,0.000,1.000,0.15,0.00
20.23828,0.00,0.00,0.00,0.000,0.000,0.000,0.000,0.000,0.000,0.00,0.00,0.000,0.000,0.201,0.933,-0.341,0.187,0.742,-0.721,0.000,0.000,0.000,9.931,5.000,0.000,1.000,0.15,0.00
20.24978,0.00,0.00,0.00,0.000,0.000,0.000,0.000,0.000,0.000,0.00,0.00,0.000,0.000,0.196,0.931,0.011,0.172,0.739,-0.633,0.000,0.000,0.000,9.906,5.000,0.000,1.000,0.15,0.00
20.26186,0.00,0.00,0.00,0.000,0.000,0.000,0.000,0.000,0.000,0.00,0.00,0.000,0.000,0.196,0.931,-0.055,0.179,0.739,-0.633,0.000,0.000,0.000,9.906,5.000,0.000,1.000,0.15,0.00
20.27380,0.00,0.00,0.00,0.000,0.000,0.000,0.000,0.000,0.000,0.00,0.00,0.000,0.000,0.196,0.931,-0.055,0.201,0.738,-0.353,0.000,0.000,0.000,9.900,5.000,0.000,1.000,0.15,0.00
20.28540,0.00,0.00,0.00,0.000,0.000,0.000,0.000,0.000,0.000,0.00,0.00,0.000,0.000,0.208,0.931,-0.077,0.179,0.738,-0.249,0.000,0.000,0.000,9.900,5.000,0.000,1.000,0.15,0.00
20.29930,0.00,0.00,0.00,0.000,0.000,0.000,0.000,0.000,0.000,0.00,0.00,0.000,0.000,0.246,0.931,-0.077,0.194,0.738,-0.173,0.000,0.000,0.000,9.900,5.000,0.000,1.000,0.15,0.00
20.31168,0.00,0.00,0.00,0.000,0.000,0.000,0.000,0.000,0.000,0.00,0.00,0.000,0.000,0.277,0.931,-0.033,0.253,0.737,-0.140,0.000,0.000,0.000,9.895,5.000,0.000,1.000,0.15,0.00
20.32297,0.00,0.00,0.00,0.000,0.000,0.000,0.000,0.000,0.000,0.00,0.00,0.000,0.000,0.291,0.931,-0.055,0.267,0.730,-0.324,0.000,0.000,0.000,9.842,5.000,0.000,1.000,0.15,0.00
20.33394,0.00,0.00,0.00,0.000,0.000,0.000,0.000,0.000,0.000,0.00,0.00,0.000,0.000,0.217,0.931,-0.055,0.275,0.730,-0.228,0.000,0.000,0.000,9.842,5.000,0.000,1.000,0.15,0.00
20.34519,0.00,0.00,0.00,0.000,0.000,0.000,0.000,0.000,0.000,0.00,0.00,0.000,0.000,0.253,0.931,0.011,0.223,0.730,-0.155,0.000,0.000,0.000,9.842,5.000,0.000,1.000,0.15,0.00
20.35597,0.00,0.00,0.00,0.000,0.000,0.000,0.000,0.000,0.000,0.00,0.00,0.000,0.000,0.283,0.931,-0.033,0.238,0.724,-0.316,0.000,0.000,0.000,9.792,5.000,0.000,1.000,0.15,0.00
20.36799,0.00,0.00,0.00,0.000,0.000,0.000,0.000,0.000,0.000,0.00,0.00,0.000,0.000,0.218,0.931,0.011,0.282,0.717,-0.470,0.000,0.000,0.000,9.732,5.000,0.000,1.000,0.15,0.00
20.37813,0.00,0.00,0.00,0.000,0.000,0.000,0.000,0.000,0.000,0.00,0.00,0.000,0.000,0.181,0.931,-0.077,0.216,0.717,-0.331,0.000,0.000,0.000,9.731,5.000,0.000,1.000,0.15,0.00
20.38830,0.00,0.00,0.00,0.000,0.000,0.000,0.000,0.000,0.000,0.00,0.00,0.000,0.000,0.212,0.931,-0.077,0.216,0.717,-0.226,0.000,0.000,0.000,9.731,5.000,0.000,1.000,0.15,0.00
20.39979,0.00,0.00,0.00,0.000,0.000,0.000,0.000,0.000,0.000,0.00,0.00,0.000,0.000,0.250,0.931,-0.077,0.216,0.717,-0.226,0.000,0.000,0.000,9.731,5.000,0.000,1.000,0.15,0.00
20.41010,0.00,0.00,0.00,0.000,0.000,0.000,0.000,0.000,0.000,0.00,0.00,0.000,0.000,0.250,0.931,0.011,0.194,0.704,-0.469,0.000,0.000,0.000,9.624,5.000,0.000,1.000,0.15,0.00
20.42077,0.00,0.00,0.00,0.000,0.000,0.000,0.000,0.000,0.000,0.00,0.00,0.000,0.000,0.179,0.931,0.033,0.223,0.704,-0.326,0.000,0.000,0.000,9.624,5.000,0.000,1.000,0.15,0.00
20.43246,0.00,0.00,0.00,0.000,0.000,0.000,0.000,0.000,0.000,0.00,0.00,0.000,0.000,0.211,0.931,-0.055,0.253,0.704,-0.220,0.000,0.000,0.000,9.624,5.000,0.000,1.000,0.15,0.00
20.44263,0.00,0.00,0.00,0.000,0.000,0.000,0.000,0.000,0.000,0.00,0.00,0.000,0.000,0.250,0.931,0.055,0.172,0.698,-0.338,0.000,0.000,0.000,9.575,5.000,0.000,1.000,0.15,0.00
20.45408,0.00,0.00,0.00,0.000,0.000,0.000,0.000,0.000,0.000,0.00,0.00,0.000,0.000,0.206,0.931,0.055,0.172,0.694,-0.384,0.000,0.000,0.000,9.535,5.000,0.000,1.000,0.15,0.00
20.46519,0.00,0.00,0.00,0.000,0.000,0.000,0.000,0.000,0.000,0.00,0.00,0.000,0.000,0.190,0.931,0.011,0.223,0.694,-0.262,0.000,0.000,0.000,9.535,5.000,0.000,1.000,0.15,0.00
20.47901,0.00,0.00,0.00,0.000,0.000,0.000,0.000,0.000,0.000,0.00,0.00,0.000,0.000,0.232,0.931,-0.011,0.194,0.691,-0.263,0.000,0.000,0.000,9.512,5.000,0.000,1.000,0.15,0.00
20.49491,0.00,0.00,0.00,0.000,0.000,0.000,0.000,0.000,0.000,0.00,0.00,0.000,0.000,0.231,0.931,0.033,0.223,0.691,-0.263,0.000,0.000,0.000,9.512,5.000,0.000,1.000,0.15,0.00
20.51852,0.00,0.00,0.00,0.000,0.000,0.000,0.000,0.000,0.000,0.00,0.00,0.000,0.000,0.266,0.931,0.033,0.231,0.686,-0.193,0.000,0.000,0.000,9.467,5.000,0.000,1.000,0.15,0.00
20.52868,0.00,0.00,0.00,0.000,0.000,0.000,0.000,0.000,0.000,0.00,0.00,0.000,0.000,0.257,0.931,0.055,0.260,0.683,-0.236,0.000,0.000,0.000,9.437,5.000,0.000,1.000,0.15,0.00
20.53920,0.00,0.00,0.00,0.000,0.000,0.000,0.000,0.000,0.000,0.00,0.00,0.000,0.000,0.239,0.931,0.055,0.260,0.683,-0.236,0.000,0.000,0.000,9.437,5.000,0.000,1.000,0.15,0.00
20.55124,0.00,0.00,0.00,0.000,0.000,0.000,0.000,0.000,0.000,0.00,0.00,0.000,0.000,0.271,0.931,0.011,0.245,0.683,-0.156,0.000,0.000,0.000,9.437,5.000,0.000,1.000,0.15,0.00
20.56274,0.00,0.00,0.00,0.000,0.000,0.000,0.000,0.000,0.000,0.00,0.00,0.000,0.000,0.271,0.931,-0.033,0.267,0.678,-0.260,0.000,0.000,0.000,9.393,5.000,0.000,1.000,0.15,0.00
20.57329,0.00,0.00,0.00,0.000,0.000,0.000,0.000,0.000,0.000,0.00,0.00,0.000,0.000,0.229,0.931,-0.033,0.267,0.673,-0.277,0.000,0.000,0.000,9.347,5.000,0.000,1.000,0.15,0.00
20.58429,0.00,0.00,0.00,0.000,0.000,0.000,0.000,0.000,0.000,0.00,0.00,0.000,0.000,0.222,0.931,0.033,0.223,0.673,-0.186,0.000,0.000,0.000,9.347,5.000,0.000,1.000,0.15,0.00
20.59458,0.00,0.00,0.00,0.000,0.000,0.000,0.000,0.000,0.000,0.00,0.00,0.000,0.000,0.256,0.931,0.033,0.223,0.668,-0.283,0.000,0.000,0.000,9.302,5.000,0.000,1.000,0.15,0.00
20.60663,0.00,0.00,0.00,0.000,0.000,0.000,0.000,0.000,0.000,0.00,0.00,0.000,0.000,0.219,0.931,0.055,0.260,0.668,-0.190,0.000,0.000,0.000,9.302,5.000,0.000,1.000,0.15,0.00
20.61681,0.00,0.00,0.00,0.000,0.000,0.000,0.000,0.000,0.000,0.00,0.00,0.000,0.000,0.253,0.931,0.033,0.209,0.664,-0.284,0.000,0.000,0.000,9.257,5.000,0.000,1.000,0.15,0.00
20.63296,0.00,0.00,0.00,0.000,0.000,0.000,0.000,0.000,0.000,0.00,0.00,0.000,0.000,0.217,0.931,-0.033,0.245,0.664,-0.191,0.000,0.000,0.000,9.257,5.000,0.000,1.000,0.15,0.00
20.64436,0.00,0.00,0.00,0.000,0.000,0.000,0.000,0.000,0.000,0.00,0.00,0.000,0.000,0.252,0.931,-0.033,0.245,0.658,-0.304,0.000,0.000,0.000,9.206,5.000,0.000,1.000,0.15,0.00
20.65622,0.00,0.00,0.00,0.000,0.000,0.000,0.000,0.000,0.000,0.00,0.00,0.000,0.000,0.209,0.931,0.077,0.238,0.652,-0.418,0.000,0.000,0.000,9.145,5.000,0.000,1.000,0.15,0.00
20.67168,0.00,0.00,0.00,0.000,0.000,0.000,0.000,0.000,0.000,0.00,0.00,0.000,0.000,0.214,0.931,0.077,0.238,0.652,-0.287,0.000,0.000,0.000,9.145,5.000,0.000,1.000,0.15,0.00
20.68545,0.00,0.00,0.00,0.000,0.000,0.000,0.000,0.000,0.000,0.00,0.00,0.000,0.000,0.191,0.931,0.033,0.209,0.647,-0.354,0.000,0.000,0.000,9.097,5.000,0.000,1.000,0.15,0.00
20.69650,0.00,0.00,0.00,0.000,0.000,0.000,0.000,0.000,0.000,0.00,0.00,0.000,0.000,0.187,0.931,0.033,0.209,0.644,-0.364,0.000,0.000,0.000,9.061,5.000,0.000,1.000,0.15,0.00
20.70716,0.00,0.00,0.00,0.000,0.000,0.000,0.000,0.000,0.000,0.00,0.00,0.000,0.000,0.226,0.931,-0.011,0.179,0.644,-0.246,0.000,0.000,0.000,9.061,5.000,0.000,1.000,0.15,0.00
20.71769,0.00,0.00,0.00,0.000,0.000,0.000,0.000,0.000,0.000,0.00,0.00,0.000,0.000,0.214,0.931,0.011,0.179,0.640,-0.278,0.000,0.000,0.000,9.026,5.000,0.000,1.000,0.15,0.00
20.72822,0.00,0.00,0.00,0.000,0.000,0.000,0.000,0.000,0.000,0.00,0.00,0.000,0.000,0.248,0.931,-0.033,0.209,0.640,-0.184,0.000,0.000,0.000,9.026,5.000,0.000,1.000,0.15,0.00
20.74181,0.00,0.00,0.00,0.000,0.000,0.000,0.000,0.000,0.000,0.00,0.00,0.000,0.000,0.230,0.931,0.055,0.209,0.637,-0.230,0.000,0.000,0.000,8.992,5.000,0.000,1.000,0.15,0.00
20.75678,0.00,0.00,0.00,0.000,0.000,0.000,0.000,0.000,0.000,0.00,0.00,0.000,0.000,0.223,0.931,-0.077,0.253,0.634,-0.247,0.000,0.000,0.000,8.962,5.000,0.000,1.000,0.15,0.00
20.76994,0.00,0.00,0.00,0.000,0.000,0.000,0.000,0.000,0.000,0.00,0.00,0.000,0.000,0.223,0.931,-0.055,0.216,0.634,-0.162,0.000,0.000,0.000,8.962,5.000,0.000,1.000,0.15,0.00
20.78221,0.00,0.00,0.00,0.000,0.000,0.000,0.000,0.000,0.000,0.00,0.00,0.000,0.000,0.255,0.931,-0.011,0.223,0.631,-0.191,0.000,0.000,0.000,8.935,5.000,0.000,1.000,0.15,0.00
20.79350,0.00,0.00,0.00,0.000,0.000,0.000,0.000,0.000,0.000,0.00,0.00,0.000,0.000,0.243,0.931,0.033,0.216,0.629,-0.217,0.000,0.000,0.000,8.906,5.000,0.000,1.000,0.15,0.00
20.80807,0.00,0.00,0.00,0.000,0.000,0.000,0.000,0.000,0.000,0.00,0.00,0.000,0.000,0.262,0.931,-0.033,0.238,0.629,-0.141,0.000,0.000,0.000,8.906,5.000,0.000,1.000,0.15,0.00
20.82140,0.00,0.00,0.00,0.000,0.000,0.000,0.000,0.000,0.000,0.00,0.00,0.000,0.000,0.245,0.931,-0.033,0.238,0.626,-0.182,0.000,0.000,0.000,8.877,5.000,0.000,1.000,0.15,0.00
